date,model_ret,model_equity,model_rebalanced,model_cost,model_traded,naive_ret,naive_equity,naive_rebalanced,naive_cost,naive_traded
2015-01-02,0.00152984,100.1530,1,0.042056,200.000000,0.00000000,100.0000,0,0.000000,0.000000
2015-01-05,-0.01082270,99.0707,1,0.036890,240.583400,0.00264532,100.2645,1,0.030678,200.000000
2015-01-06,-0.01252745,97.8180,1,0.026305,159.984400,0.00844747,101.1093,0,0.000000,0.000000
2015-01-07,-0.00062856,97.7551,1,0.041746,239.818740,0.00377312,101.4866,1,0.054938,277.881956
2015-01-08,-0.00177565,97.5775,1,0.036395,203.465770,0.00694799,102.1814,0,0.000000,0.000000
2015-01-09,-0.00190216,97.3873,1,0.037806,224.141210,0.00466151,102.6475,0,0.000000,0.000000
2015-01-12,-0.00538714,96.8486,1,0.034794,220.058670,0.00944889,103.5924,1,0.032891,245.620763
2015-01-13,0.00925509,97.7741,1,0.030011,160.833360,0.00890589,104.4830,1,0.044391,260.819140
2015-01-14,-0.00400155,97.3740,1,0.020785,161.609020,0.00629021,105.1120,1,0.036039,241.261900
2015-01-15,0.00735221,98.1092,1,0.025249,162.760490,0.00871963,105.9840,1,0.046707,301.677900
2015-01-16,0.00183214,98.2924,1,0.022616,161.062530,-0.00049348,105.9347,1,0.040628,279.754950
2015-01-20,-0.00242023,98.0504,1,0.011673,123.104070,0.01088070,107.0227,0,0.000000,0.000000
2015-01-21,-0.00600976,97.4494,1,0.029786,200.398070,-0.00274564,106.7482,1,0.029324,243.646038
2015-01-22,0.00326625,97.7760,1,0.030355,221.615850,-0.01114100,105.6341,1,0.031720,261.803720
2015-01-23,-0.00501513,97.2745,1,0.041223,242.214360,-0.00152932,105.4811,0,0.000000,0.000000
2015-01-26,-0.00166922,97.1076,1,0.029132,181.018770,-0.00081012,105.4001,1,0.041352,301.527565
2015-01-27,0.00353506,97.4611,1,0.022664,183.148150,-0.00361717,105.0384,0,0.000000,0.000000
2015-01-28,0.00498444,97.9595,1,0.023826,160.831390,-0.00180149,104.8583,1,0.050569,361.561775
2015-01-29,0.00453117,98.4127,1,0.021643,142.249210,0.00907414,105.7657,0,0.000000,0.000000
2015-01-30,-0.01491298,96.9214,1,0.035428,221.596860,-0.00598953,105.1667,1,0.041773,341.017549
2015-02-02,0.00274229,97.1956,1,0.031421,217.712970,0.00174922,105.3416,0,0.000000,0.000000
2015-02-03,0.00188323,97.3839,1,0.033607,222.858110,0.01095936,106.4376,1,0.043934,298.447597
2015-02-04,0.00074550,97.4585,1,0.025050,163.335890,-0.00409789,106.0278,1,0.041049,303.100890
2015-02-05,0.00368768,97.8272,1,0.036032,180.892940,-0.01214449,104.8133,1,0.037189,319.605560
2015-02-06,0.00157627,97.9849,1,0.030493,202.394220,0.01066483,105.8798,0,0.000000,0.000000
2015-02-09,-0.00048816,97.9360,1,0.039286,200.958620,0.00588575,106.4684,1,0.053155,303.288245
2015-02-10,0.00674461,98.6105,1,0.038469,220.982970,-0.00557277,105.9111,1,0.043327,299.756550
2015-02-11,0.01299242,99.9098,1,0.031418,182.560950,0.00911752,106.8229,0,0.000000,0.000000
2015-02-12,0.00076881,99.9866,1,0.030579,219.255420,0.00646314,107.4692,1,0.038426,262.300159
2015-02-13,0.00372481,100.3591,1,0.032579,162.585260,0.01059480,108.5287,0,0.000000,0.000000
2015-02-17,0.00356293,100.7154,1,0.024677,181.371880,-0.00121705,108.4070,1,0.038645,284.367697
2015-02-18,0.01479008,102.1944,1,0.024372,101.474030,-0.00656857,107.7501,1,0.050987,339.778700
2015-02-19,0.00277911,102.4723,1,0.038059,201.226900,-0.00584054,107.1660,1,0.056934,321.206250
2015-02-20,0.00131143,102.6035,1,0.032427,180.671190,0.00764820,107.9309,1,0.056160,359.551960
2015-02-23,-0.00032397,102.5711,1,0.037337,221.840550,-0.01094511,106.8364,0,0.000000,0.000000
2015-02-24,0.01453029,104.0241,1,0.014011,140.973020,-0.00771728,106.0646,1,0.051518,362.996687
2015-02-25,-0.00686798,103.3373,1,0.026048,161.475940,-0.01461830,104.6028,1,0.050510,340.300570
2015-02-26,0.01156257,104.4936,1,0.035823,240.266410,-0.00316748,104.2860,1,0.061328,340.840920
2015-02-27,-0.00010239,104.4833,1,0.035709,240.605600,-0.00647222,103.6388,1,0.038592,320.121900
2015-03-02,-0.00891079,103.5922,1,0.020209,121.315210,-0.00495875,103.1430,1,0.056285,321.151970
2015-03-03,0.00049971,103.6422,1,0.026649,160.666210,-0.00608848,102.5341,1,0.053658,301.694390
2015-03-04,0.00445751,104.0880,1,0.034359,220.261680,-0.00753324,101.7808,1,0.044154,320.295410
2015-03-05,-0.00144696,103.9433,1,0.024126,180.741290,-0.00956408,100.8244,0,0.000000,0.000000
2015-03-06,-0.00862502,103.0808,1,0.034972,221.598790,0.00312910,101.1373,1,0.049100,340.246540
2015-03-09,-0.00459391,102.6214,1,0.033871,258.380750,0.00144383,101.2817,0,0.000000,0.000000
2015-03-10,0.01269792,103.8912,1,0.041828,260.635480,-0.00344976,100.9367,1,0.044766,300.298405
2015-03-11,-0.00573173,103.3180,1,0.015293,121.271640,0.01015597,101.9523,0,0.000000,0.000000
2015-03-12,-0.00772276,102.5457,1,0.021926,121.191340,-0.00002203,101.9501,1,0.042263,280.041609
2015-03-13,0.00018600,102.5643,1,0.019290,142.504110,0.00429318,102.3794,0,0.000000,0.000000
2015-03-16,-0.00423539,102.1408,1,0.030419,180.162770,-0.00358613,102.0208,1,0.042003,301.657909
2015-03-17,-0.00543498,101.5973,1,0.036418,202.302480,0.00627867,102.6487,0,0.000000,0.000000
2015-03-18,0.00888963,102.4862,1,0.027007,160.915560,-0.00758864,101.8898,1,0.042224,262.191022
2015-03-19,0.00044699,102.5309,1,0.028551,203.068170,0.00820332,102.7101,0,0.000000,0.000000
2015-03-20,0.00575871,103.1068,1,0.019039,181.619730,-0.00750351,101.9598,1,0.040761,262.417980
2015-03-23,-0.00029154,103.0777,1,0.030344,241.464210,0.00003813,101.9636,0,0.000000,0.000000
2015-03-24,0.00428930,103.5066,1,0.024570,160.998910,-0.00186034,101.7776,1,0.031244,280.555053
2015-03-25,0.00582506,104.0891,1,0.025314,180.804160,0.01026556,102.8041,1,0.045494,299.648450
2015-03-26,-0.00279655,103.8094,1,0.033155,278.596460,-0.00752095,102.0520,0,0.000000,0.000000
2015-03-27,-0.00248413,103.5610,1,0.032043,219.842440,-0.00644732,101.4073,1,0.051252,357.053642
2015-03-30,-0.00081455,103.4796,1,0.023335,161.855230,-0.00277231,101.1300,1,0.046201,302.181600
2015-03-31,-0.00023298,103.4563,1,0.024428,142.326900,0.00126756,101.2568,0,0.000000,0.000000
2015-04-01,0.00838896,104.2952,1,0.020804,140.779510,0.00325908,101.5827,1,0.043402,282.266107
2015-04-02,-0.00310060,103.9851,1,0.014790,140.319600,0.00023129,101.6058,1,0.037151,300.019370
2015-04-06,0.00467307,104.4524,1,0.020803,181.853530,0.00862557,102.4684,1,0.036963,281.164220
2015-04-07,0.00700378,105.1528,1,0.024162,162.025870,-0.00576677,101.8917,1,0.042537,262.038420
2015-04-08,-0.00094049,105.0587,1,0.045499,279.363480,0.00031384,101.9231,1,0.052016,319.697540
2015-04-09,0.01744118,106.8029,1,0.036582,220.890190,0.00669778,102.5929,1,0.046642,281.789480
2015-04-10,0.00909984,107.7128,1,0.033116,202.185140,0.00067957,102.6608,1,0.038563,282.343820
2015-04-13,0.00810189,108.5230,1,0.034671,241.805300,0.00177061,102.8379,1,0.042249,301.130440
2015-04-14,-0.00453698,108.0693,1,0.014998,101.591300,-0.00314186,102.5237,0,0.000000,0.000000
2015-04-15,-0.00874354,107.1950,1,0.021804,181.755900,0.00700619,103.2243,1,0.041511,320.085046
2015-04-16,0.00416801,107.6118,1,0.020939,201.386910,-0.00554298,102.6700,1,0.037578,261.789450
2015-04-17,0.00612827,108.2246,1,0.022843,180.586080,-0.00120552,102.5495,1,0.041652,299.608120
2015-04-20,-0.00354913,107.8697,1,0.032993,180.301290,-0.00228736,102.3207,0,0.000000,0.000000
2015-04-21,0.00552102,108.4218,1,0.027188,201.410320,0.00831833,103.1526,0,0.000000,0.000000
2015-04-22,-0.00462610,107.9592,1,0.022400,181.797890,-0.00839711,102.3129,1,0.029371,260.933393
2015-04-23,-0.00329651,107.6295,1,0.018091,160.937730,0.00066328,102.3792,1,0.045522,319.806600
2015-04-24,-0.00077626,107.5519,1,0.028106,160.856120,-0.00747652,101.6315,1,0.051452,300.784310
2015-04-27,-0.00069822,107.4821,1,0.037272,201.130080,-0.00707350,100.9242,1,0.056830,359.723700
2015-04-28,0.00369318,107.8514,1,0.024742,220.246050,0.00129085,101.0533,1,0.046125,359.018560
2015-04-29,-0.03461749,104.3897,1,0.035259,201.016980,0.00976818,102.0301,0,0.000000,0.000000
2015-04-30,0.00248395,104.6381,1,0.031685,178.992890,-0.00433137,101.5970,1,0.046597,280.986848
2015-05-01,0.00291118,104.9292,1,0.018002,141.219140,0.00193536,101.7905,1,0.043584,319.625820
2015-05-04,0.00368098,105.2973,1,0.038012,201.963120,-0.00822787,100.9677,0,0.000000,0.000000
2015-05-05,-0.00478788,104.8185,1,0.028278,181.078330,0.00386601,101.3543,0,0.000000,0.000000
2015-05-06,-0.00598808,104.2197,1,0.032368,201.160810,-0.00175588,101.1787,0,0.000000,0.000000
2015-05-07,0.00339072,104.5587,1,0.019388,141.383820,0.00858775,102.0375,1,0.036365,301.217091
2015-05-08,0.00400174,104.9589,1,0.017736,122.147480,0.00446713,102.4842,1,0.032907,261.556740
2015-05-11,0.00108680,105.0676,1,0.032250,203.096690,-0.00136503,102.3477,0,0.000000,0.000000
2015-05-12,-0.00268804,104.7988,1,0.025354,160.182030,0.00197795,102.5455,1,0.041805,281.478376
2015-05-13,-0.01264381,103.5344,1,0.019601,141.073550,-0.00585851,101.9597,1,0.041051,280.645980
2015-05-14,-0.00027600,103.5068,1,0.033450,238.746160,-0.00153263,101.8064,1,0.038523,300.497140
2015-05-15,-0.00293701,103.2131,1,0.029071,202.791370,-0.00973984,100.8324,0,0.000000,0.000000
2015-05-18,0.00193197,103.4063,1,0.017573,121.423710,-0.00418491,100.4139,1,0.061081,362.732584
2015-05-19,-0.00064181,103.3421,1,0.033041,181.018130,0.00606485,101.0204,1,0.054815,340.904810
2015-05-20,0.00622095,103.9642,1,0.019015,141.032120,0.00258882,101.2793,1,0.032098,260.965700
2015-05-21,0.00198781,104.1630,1,0.024609,140.424630,-0.00456675,100.8226,1,0.051695,320.348400
2015-05-22,0.00082517,104.2455,1,0.028843,180.352830,-0.00033571,100.7890,1,0.055001,340.279340
2015-05-26,0.00301462,104.5470,1,0.026838,199.768200,0.00135601,100.9246,1,0.036749,280.199530
2015-05-27,0.00184233,104.7312,1,0.019707,100.455140,0.00028489,100.9531,0,0.000000,0.000000
2015-05-28,-0.00146858,104.5844,1,0.019628,161.455360,0.00183388,101.1365,0,0.000000,0.000000
2015-05-29,-0.00335107,104.2493,1,0.024277,160.148050,0.00310358,101.4469,1,0.038682,260.912523
2015-06-01,-0.00345929,103.9033,1,0.026069,219.073890,0.00193929,101.6408,1,0.043581,280.620400
2015-06-02,0.00457829,104.3612,1,0.035861,220.352840,-0.00866320,100.7745,1,0.046920,320.669130
2015-06-03,0.00467076,104.8282,1,0.031814,200.406250,0.02060691,102.8352,1,0.039869,300.078600
2015-06-04,-0.00556478,104.2718,1,0.028068,201.281210,0.00277526,103.1127,1,0.027664,161.830100
2015-06-05,-0.00178779,104.0930,1,0.047049,239.657670,0.01586129,104.6988,0,0.000000,0.000000
2015-06-08,-0.00046101,104.0469,1,0.027241,160.905650,-0.00412650,104.2862,1,0.027150,181.567323
2015-06-09,-0.00338659,103.7082,1,0.024959,161.293520,0.00593402,104.8796,0,0.000000,0.000000
2015-06-10,-0.00102881,103.6053,1,0.032331,220.217420,-0.00802504,104.0771,1,0.033784,239.933166
2015-06-11,0.00397115,104.0024,1,0.028255,181.945630,-0.00845049,103.2320,0,0.000000,0.000000
2015-06-12,-0.00004532,103.9979,1,0.031702,180.774690,-0.00623417,102.6086,1,0.053937,362.197248
2015-06-15,-0.00357248,103.6407,1,0.029308,199.836750,0.00212463,102.8211,1,0.061777,359.493860
2015-06-16,-0.00437542,103.2031,1,0.016602,160.173760,0.00193048,103.0141,1,0.044532,280.209040
2015-06-17,0.00613479,103.8166,1,0.022771,161.249440,-0.00002094,103.0120,0,0.000000,0.000000
2015-06-18,0.00354048,104.1707,1,0.023622,141.294110,0.00702167,103.7142,1,0.053023,341.855039
2015-06-19,-0.00366594,103.8041,1,0.022984,182.187190,-0.00888507,102.8257,0,0.000000,0.000000
2015-06-22,-0.00287573,103.5165,1,0.030383,219.850990,0.00084387,102.9101,1,0.044443,361.260286
2015-06-23,0.00229678,103.7462,1,0.031522,141.121490,0.00627981,103.5381,1,0.047199,301.542510
2015-06-24,-0.01381123,102.3650,1,0.028633,200.452880,0.00650779,104.1888,1,0.035641,240.404120
2015-06-25,0.00014341,102.3794,1,0.036129,220.325110,-0.00363371,103.8255,0,0.000000,0.000000
2015-06-26,-0.00928326,101.4511,1,0.028366,200.598010,0.00624891,104.4504,1,0.061989,358.797231
2015-06-29,-0.00765690,100.6854,1,0.014880,121.868620,0.00043976,104.4943,1,0.035054,261.601840
2015-06-30,0.00535766,101.2211,1,0.021814,160.863110,-0.00228939,104.2654,0,0.000000,0.000000
2015-07-01,-0.00583445,100.6377,1,0.033505,221.033100,-0.00281744,103.9836,1,0.038504,279.390211
2015-07-02,0.00174716,100.8124,1,0.023514,162.521020,-0.00223679,103.7600,1,0.045499,341.948600
2015-07-06,-0.00253916,100.5585,1,0.023056,181.176610,0.00092010,103.8520,1,0.047270,360.674720
2015-07-07,-0.00942811,99.6157,1,0.021691,160.777980,0.00969100,104.8211,1,0.050430,339.783860
2015-07-08,-0.00468889,99.1468,1,0.035519,222.878420,0.00516566,105.3376,0,0.000000,0.000000
2015-07-09,0.00171393,99.3182,1,0.031017,160.946310,0.00466000,105.8036,0,0.000000,0.000000
2015-07-10,0.00066346,99.3845,1,0.042404,260.872050,0.00067220,105.8709,1,0.035470,241.533252
2015-07-13,0.00334341,99.7189,1,0.033209,201.831610,0.01020386,106.8912,0,0.000000,0.000000
2015-07-14,0.00721573,100.4404,1,0.025257,161.973750,-0.00071425,106.8198,0,0.000000,0.000000
2015-07-15,0.00387438,100.8279,1,0.038822,200.693210,-0.00855870,105.9640,1,0.054490,344.138811
2015-07-16,-0.00975964,99.8519,1,0.027184,180.456940,0.01568103,107.5321,1,0.061207,339.335660
2015-07-17,-0.00799098,99.0528,1,0.037458,220.996180,0.00471951,108.0040,1,0.024619,182.226770
2015-07-20,-0.00605010,98.4478,1,0.033240,238.800400,0.00664562,108.6686,0,0.000000,0.000000
2015-07-21,-0.00432472,98.0153,1,0.032562,220.739490,-0.00173234,108.4953,1,0.046124,260.518791
2015-07-22,-0.00657928,97.3574,1,0.016338,121.115090,0.00130960,108.6263,1,0.044870,339.801030
2015-07-23,0.00854329,98.2117,1,0.031821,161.887930,-0.01310145,107.3161,1,0.052415,300.904310
2015-07-24,0.00084538,98.2963,1,0.035382,160.729850,-0.01452740,105.8634,1,0.079320,399.932750
2015-07-27,0.00316831,98.6131,1,0.038529,219.593260,0.00311541,106.1749,1,0.064999,377.964640
2015-07-28,0.00841753,99.4549,1,0.039137,220.389560,0.00174819,106.3498,1,0.053921,320.453740
2015-07-29,-0.00297916,99.1569,1,0.037186,221.577510,0.00252452,106.6022,0,0.000000,0.000000
2015-07-30,0.00035933,99.1929,1,0.027397,142.736230,-0.00425901,106.1763,0,0.000000,0.000000
2015-07-31,0.00335472,99.5283,1,0.030328,182.524310,0.00784186,106.9605,1,0.055614,343.874642
2015-08-03,-0.00036735,99.4916,1,0.042275,220.811520,0.00063103,107.0236,1,0.038187,221.458400
2015-08-04,0.01113746,100.6054,1,0.026814,161.291180,-0.00333331,106.6903,1,0.048811,280.531850
2015-08-05,0.00154574,100.7599,1,0.033066,261.114600,-0.00334920,106.3554,1,0.040850,320.813820
2015-08-06,0.00265740,101.0257,1,0.038970,240.631320,-0.01310695,105.0447,1,0.054855,361.214990
2015-08-07,0.00245258,101.2709,1,0.023312,181.512710,0.00021982,105.0666,1,0.052498,319.663580
2015-08-10,0.00191467,101.4624,1,0.022803,161.116990,-0.01504283,103.5624,1,0.040753,320.401880
2015-08-11,-0.00371939,101.0905,1,0.029229,203.118270,-0.01478029,102.0843,1,0.046449,362.543590
2015-08-12,0.01041831,102.1323,1,0.023359,141.050650,0.00071350,102.1557,1,0.049910,359.259840
2015-08-13,0.01057646,103.1899,1,0.035254,201.990270,-0.00249048,101.9066,1,0.040688,302.396740
2015-08-14,0.00127407,103.3173,1,0.038453,200.930660,0.00221291,102.1279,1,0.045289,300.239540
2015-08-17,-0.01031113,102.2862,1,0.029413,181.110780,-0.00179521,101.9484,1,0.041051,281.644500
2015-08-18,-0.00539839,101.7464,1,0.028509,141.960680,-0.00584169,101.3642,0,0.000000,0.000000
2015-08-19,0.00186286,101.9327,1,0.026284,160.567050,-0.00635534,100.7287,1,0.054564,361.642557
2015-08-20,-0.01078074,100.8546,1,0.027024,180.321390,0.02471205,103.1999,1,0.051015,338.966510
2015-08-21,-0.00041398,100.8132,1,0.022128,141.694570,0.01452630,104.6525,0,0.000000,0.000000
2015-08-24,-0.00413969,100.3992,1,0.025909,122.381210,0.00629376,105.2819,0,0.000000,0.000000
2015-08-25,0.00799810,101.1990,1,0.020130,142.735380,-0.01192363,104.0896,0,0.000000,0.000000
2015-08-26,-0.01602048,99.5970,1,0.039248,260.220040,-0.00359619,103.7299,0,0.000000,0.000000
2015-08-27,0.01067850,100.6648,1,0.051100,245.698840,-0.01507499,102.2224,0,0.000000,0.000000
2015-08-28,-0.01366096,99.2988,1,0.035836,225.758750,-0.01244153,100.9783,0,0.000000,0.000000
2015-08-31,-0.00409373,98.8894,1,0.034213,202.649400,0.00299345,101.2776,1,0.062275,335.552299
2015-09-01,0.00338733,99.2281,1,0.030957,200.012840,-0.00429071,100.8486,1,0.043321,279.916800
2015-09-02,0.00590675,99.8188,1,0.034005,200.528330,-0.00323253,100.5253,0,0.000000,0.000000
2015-09-03,0.00502514,100.3213,1,0.065446,282.954920,0.00788273,101.3136,0,0.000000,0.000000
2015-09-04,-0.00077985,100.2433,1,0.034315,202.123940,-0.00051369,101.2622,0,0.000000,0.000000
2015-09-08,-0.01329839,98.9135,1,0.037959,180.544950,0.00060096,101.3223,0,0.000000,0.000000
2015-09-09,-0.00522920,98.3906,1,0.037180,205.332980,-0.00763398,100.5589,0,0.000000,0.000000
2015-09-10,-0.00850906,97.5397,1,0.030126,218.720080,-0.00338738,100.2202,0,0.000000,0.000000
2015-09-11,-0.01380846,96.1588,1,0.029806,221.043480,0.01958311,102.1785,1,0.051889,339.271178
2015-09-14,0.00092692,96.2515,1,0.030758,181.604980,-0.00305548,101.8729,1,0.033518,242.557860
2015-09-15,0.00911558,97.1631,1,0.032812,160.401910,0.00617140,102.4901,1,0.067070,359.826930
2015-09-16,0.01186281,98.3493,1,0.027469,202.431310,0.00828051,103.3181,0,0.000000,0.000000
2015-09-17,0.00442287,98.7916,1,0.030173,202.741650,0.00082035,103.4002,0,0.000000,0.000000
2015-09-18,0.00684961,99.4766,1,0.032199,241.291800,0.01996218,105.3964,1,0.052932,304.251251
2015-09-21,0.01846840,101.3234,1,0.022830,182.570860,-0.00156467,105.2399,0,0.000000,0.000000
2015-09-22,0.00211214,101.5346,1,0.042186,201.529890,0.00399230,105.6391,1,0.051020,319.632248
2015-09-23,-0.00237565,101.2971,1,0.033715,180.869040,0.01585375,107.2245,0,0.000000,0.000000
2015-09-24,0.00046915,101.3440,1,0.028115,219.481270,0.00330228,107.5547,1,0.035252,261.215983
2015-09-25,-0.00149438,101.1946,1,0.042288,240.871070,0.00938101,108.4928,1,0.037199,300.602100
2015-09-28,0.00710329,101.9049,1,0.021011,121.731710,0.02064309,110.5571,1,0.047671,321.040300
2015-09-29,-0.01031432,100.8734,1,0.025632,180.274960,-0.00686682,109.8705,0,0.000000,0.000000
2015-09-30,-0.00562119,100.3113,1,0.042099,221.958560,0.01462696,111.3332,1,0.060894,338.474481
2015-10-01,-0.01491077,98.8203,1,0.045097,224.895780,0.01722633,113.0558,0,0.000000,0.000000
2015-10-02,0.01245317,100.0656,1,0.046693,220.548000,-0.01355578,111.7002,1,0.044938,266.537456
2015-10-05,0.00877791,100.9434,1,0.045159,226.365470,-0.00318456,111.3818,0,0.000000,0.000000
2015-10-06,-0.00490025,100.4533,1,0.026625,164.778370,-0.00779160,110.6026,0,0.000000,0.000000
2015-10-07,0.00001882,100.4552,1,0.023898,181.568120,0.01281355,111.8840,1,0.065355,329.170229
2015-10-08,-0.00223679,100.2315,1,0.033769,203.545200,0.01966798,113.8508,0,0.000000,0.000000
2015-10-09,-0.00469473,99.7621,1,0.019143,143.756570,0.00059994,113.9107,0,0.000000,0.000000
2015-10-12,0.00810112,100.5722,1,0.025208,160.462450,0.00249735,114.1605,1,0.056645,346.132839
2015-10-13,-0.00076836,100.4953,1,0.033086,201.771040,-0.00217196,113.9433,1,0.045186,321.306500
2015-10-14,-0.01205570,99.2898,1,0.029120,179.982090,0.00146790,114.0901,0,0.000000,0.000000
2015-10-15,0.00597024,99.8868,1,0.035756,220.747630,0.01794308,115.8844,1,0.041682,278.673684
2015-10-16,0.00355642,100.2424,1,0.043548,263.853700,-0.01752226,114.1322,0,0.000000,0.000000
2015-10-19,-0.00416124,99.8263,1,0.030444,121.265930,0.01156240,115.2884,1,0.056800,363.445287
2015-10-20,0.00812953,100.6393,1,0.018767,142.108880,-0.00651187,114.6372,1,0.035677,281.943120
2015-10-21,0.00660024,101.2993,1,0.027096,161.106560,0.00556475,115.1937,1,0.058105,320.614030
2015-10-22,0.00200286,101.4996,1,0.032164,140.846740,-0.00299227,114.8945,1,0.042447,240.466720
2015-10-23,-0.00328705,101.1709,1,0.048215,244.035930,-0.00679353,114.2151,0,0.000000,0.000000
2015-10-26,0.01017156,102.1880,1,0.028994,221.500010,-0.00602312,113.6128,1,0.057162,345.383578
2015-10-27,0.00468695,102.6567,1,0.033215,161.346550,0.01529220,115.1420,1,0.062370,340.405990
2015-10-28,-0.01960816,100.6959,1,0.021176,141.633910,-0.00927448,114.2146,1,0.048128,281.178690
2015-10-29,-0.01378935,99.3170,1,0.025805,183.856180,0.00529570,114.7441,1,0.052270,323.412200
2015-10-30,0.01327797,100.6448,1,0.023063,180.845330,-0.00733520,114.0106,1,0.046250,300.583360
2015-11-02,-0.01562007,99.0828,1,0.032647,201.616080,-0.00684469,113.3261,1,0.047919,320.006810
2015-11-03,-0.01349075,97.7337,1,0.019805,142.904840,0.01013208,114.3394,0,0.000000,0.000000
2015-11-04,0.00103022,97.8367,1,0.021048,141.666110,-0.01357971,112.9814,1,0.040891,264.150417
2015-11-05,-0.01709237,96.1275,1,0.034477,200.847010,0.00181469,113.1629,1,0.055491,379.346120
2015-11-06,-0.02009709,94.1178,1,0.033439,222.520260,-0.00183643,112.9792,1,0.045423,300.617060
2015-11-09,-0.02193460,91.9243,1,0.037180,182.396450,-0.03489904,109.4893,1,0.050814,340.846020
2015-11-10,-0.00164780,91.7595,1,0.043610,260.181800,-0.00843961,108.6453,0,0.000000,0.000000
2015-11-11,-0.00939899,90.8196,1,0.037529,221.745590,0.02018880,110.6642,1,0.050230,341.474760
2015-11-12,-0.00098135,90.7215,1,0.027495,162.456150,0.00265406,110.9296,1,0.037554,262.250570
2015-11-13,-0.00854859,89.8666,1,0.028349,199.464720,0.00511802,111.4414,0,0.000000,0.000000
2015-11-16,-0.00025689,89.8409,1,0.033969,239.768950,-0.00006409,111.4350,1,0.046779,279.643452
2015-11-17,-0.01425819,88.4151,1,0.049299,303.001340,0.00739722,112.1747,0,0.000000,0.000000
2015-11-18,0.00907047,89.3222,1,0.022903,141.535700,-0.00205725,111.9690,1,0.047025,262.100573
2015-11-19,0.00182807,89.5050,1,0.033173,264.020090,0.00333587,112.3026,0,0.000000,0.000000
2015-11-20,0.00485226,89.9902,1,0.019874,160.541580,0.00016386,112.3190,1,0.049254,323.411169
2015-11-23,-0.00263764,89.7264,1,0.038554,221.736400,-0.01313417,111.0056,1,0.044157,320.790160
2015-11-24,-0.00351810,89.3746,1,0.028730,161.304030,-0.00115562,110.8900,1,0.041972,342.692180
2015-11-25,-0.00974598,88.4000,1,0.027158,162.248920,-0.00528717,110.3613,1,0.046937,301.352910
2015-11-27,0.00272937,88.6730,1,0.027853,141.118920,0.00505994,110.8673,1,0.046806,281.277980
2015-11-30,0.00001413,88.6744,1,0.036597,160.874710,-0.01480931,109.3864,0,0.000000,0.000000
2015-12-01,0.00244032,88.9184,1,0.026688,180.055830,0.00522660,109.9090,1,0.052080,379.430487
2015-12-02,0.00181248,89.0997,1,0.028292,221.904120,-0.00513736,109.3953,1,0.036036,262.514500
2015-12-03,-0.00225383,88.8743,1,0.020213,142.045760,-0.00350295,109.0450,0,0.000000,0.000000
2015-12-04,0.00947908,89.8222,1,0.035992,219.432050,0.00388200,109.4332,0,0.000000,0.000000
2015-12-07,-0.00806979,89.0152,1,0.043819,202.364440,-0.00283455,109.1497,0,0.000000,0.000000
2015-12-08,-0.00236991,88.7782,1,0.022941,121.466900,0.01124201,110.2739,1,0.048799,337.934186
2015-12-09,0.00134185,88.9124,1,0.017885,120.596250,-0.01631517,108.6424,1,0.035527,281.352860
2015-12-10,0.01165313,90.0777,1,0.030707,162.150490,-0.01360869,107.2815,1,0.048979,340.563610
2015-12-11,-0.00431592,89.6461,1,0.042262,221.323280,-0.00941914,106.3396,1,0.054044,340.312070
2015-12-14,-0.01342171,88.3039,1,0.047241,279.960990,-0.00317082,106.0226,1,0.051742,339.135130
2015-12-15,0.00891849,89.1958,1,0.044651,221.525950,-0.00306618,105.7159,1,0.046358,301.182760
2015-12-16,0.00163700,89.3595,1,0.050470,283.110580,0.00016407,105.7323,0,0.000000,0.000000
2015-12-17,0.00298974,89.6585,1,0.048336,203.672890,0.00142118,105.8745,0,0.000000,0.000000
2015-12-18,0.00693876,90.3523,1,0.031474,181.313490,0.01485966,107.3604,0,0.000000,0.000000
2015-12-21,-0.00645558,89.7068,1,0.035198,180.373350,0.00430031,107.7905,0,0.000000,0.000000
2015-12-22,-0.00498732,89.2081,1,0.033012,221.375080,0.00655381,108.4458,1,0.037779,282.435030
2015-12-23,0.00969641,90.1777,1,0.042559,201.613940,-0.01398896,107.0469,0,0.000000,0.000000
2015-12-24,-0.00399580,89.7781,1,0.023750,162.640220,0.00588177,107.6351,0,0.000000,0.000000
2015-12-28,0.00278530,90.0566,1,0.038250,159.969930,-0.00337227,107.2979,1,0.062657,284.721881
2015-12-29,0.00014014,90.0707,1,0.037086,160.917980,-0.00445750,106.8521,1,0.063410,320.847150
2015-12-30,-0.00252849,89.8178,1,0.042449,202.044720,0.00122981,106.9751,0,0.000000,0.000000
2015-12-31,-0.00132164,89.6856,1,0.032144,140.021320,-0.00668702,106.3064,0,0.000000,0.000000
2016-01-04,-0.00971041,88.7146,1,0.033271,239.522300,-0.01300862,105.0056,0,0.000000,0.000000
2016-01-05,0.00324667,89.0393,0,0.000000,0.000000,0.00819539,105.8251,0,0.000000,0.000000
2016-01-06,0.01701951,90.7412,0,0.000000,0.000000,0.01663225,107.4883,1,0.051595,278.494155
2016-01-07,-0.00283903,90.4573,1,0.040323,202.608648,0.00816589,108.3049,0,0.000000,0.000000
2016-01-08,-0.00101888,90.3554,1,0.038248,239.715880,-0.00720896,107.5840,0,0.000000,0.000000
2016-01-11,-0.00115715,90.2397,1,0.048715,278.897220,-0.00316489,107.2675,1,0.055109,353.626329
2016-01-12,-0.00319634,89.9201,1,0.043234,260.230880,0.00562751,107.8303,1,0.048039,299.720780
2016-01-13,0.00448478,90.3686,1,0.057522,280.600120,0.00361155,108.1914,1,0.044465,261.706610
2016-01-14,-0.00457241,89.9113,1,0.037051,200.986880,0.00627076,108.8185,0,0.000000,0.000000
2016-01-15,0.02324587,92.2359,1,0.056973,282.667290,-0.03403266,105.4152,1,0.058406,319.248634
2016-01-19,-0.00068206,92.1677,1,0.037246,182.245900,-0.01015515,104.3997,0,0.000000,0.000000
2016-01-20,-0.00296701,91.8710,0,0.000000,0.000000,-0.01062474,103.3373,1,0.047294,318.510362
2016-01-21,-0.00933139,90.9379,1,0.025419,141.170160,0.00942046,104.2793,1,0.061184,340.089620
2016-01-22,-0.00482924,90.4549,1,0.031624,182.708640,0.00752369,105.0317,1,0.049161,282.471290
2016-01-25,0.01467435,91.9224,0,0.000000,0.000000,-0.01631600,103.4001,0,0.000000,0.000000
2016-01-26,-0.00440553,91.4818,1,0.036653,221.702708,-0.00413494,102.9866,1,0.064324,381.382560
2016-01-27,0.00195282,91.6771,0,0.000000,0.000000,-0.01237346,101.7492,0,0.000000,0.000000
2016-01-28,-0.00783079,90.8940,1,0.025069,141.711932,0.01874337,103.6236,1,0.070583,381.280323
2016-01-29,0.00212939,91.1070,0,0.000000,0.000000,-0.00170172,103.4534,1,0.048182,263.529120
2016-02-01,0.01304962,92.4119,0,0.000000,0.000000,-0.00954864,102.4985,0,0.000000,0.000000
2016-02-02,0.02624900,95.0368,0,0.000000,0.000000,0.00904680,103.4032,1,0.065380,367.939149
2016-02-03,-0.02391412,92.6454,0,0.000000,0.000000,-0.00021740,103.3815,0,0.000000,0.000000
2016-02-04,0.00130423,92.7758,0,0.000000,0.000000,0.00280911,103.6624,1,0.068569,319.368853
2016-02-05,0.00014536,92.7904,0,0.000000,0.000000,-0.00461279,103.2011,1,0.046499,261.742200
2016-02-08,0.00599522,93.3899,0,0.000000,0.000000,0.03845808,107.0469,1,0.046252,319.555960
2016-02-09,0.00505103,93.8950,0,0.000000,0.000000,0.00369794,107.4167,1,0.018426,162.870220
2016-02-10,0.00026339,93.9213,1,0.043241,260.742887,0.00411258,107.8280,1,0.038542,302.780720
2016-02-11,0.00627847,94.5492,1,0.049593,220.848040,0.00443034,108.2710,1,0.050156,262.237080
2016-02-12,0.00823135,95.3723,1,0.045565,161.074820,-0.00709928,107.5611,0,0.000000,0.000000
2016-02-16,-0.00112221,95.2601,0,0.000000,0.000000,-0.00055644,107.5054,0,0.000000,0.000000
2016-02-17,-0.01146545,94.1136,0,0.000000,0.000000,0.00195939,107.7014,0,0.000000,0.000000
2016-02-18,0.01526098,95.6397,0,0.000000,0.000000,0.00136966,107.8383,0,0.000000,0.000000
2016-02-19,-0.00011293,95.6284,1,0.037963,236.567779,0.00479602,108.3179,1,0.048818,328.943156
2016-02-22,-0.01905220,93.7231,1,0.032700,141.552650,-0.01619939,106.6980,1,0.057259,301.139400
2016-02-23,0.00142148,93.8653,1,0.030742,203.992300,-0.00057649,106.6403,0,0.000000,0.000000
2016-02-24,-0.00251860,93.6134,0,0.000000,0.000000,-0.00222929,106.4174,1,0.057659,322.724341
2016-02-25,0.00450349,94.0638,0,0.000000,0.000000,-0.00987455,105.4300,1,0.054835,343.018250
2016-02-26,-0.01760134,92.3036,0,0.000000,0.000000,-0.00341265,105.0887,0,0.000000,0.000000
2016-02-29,0.00022833,92.3265,0,0.000000,0.000000,-0.01424115,103.6646,1,0.058365,342.747998
2016-03-01,-0.00653334,91.6731,0,0.000000,0.000000,-0.01899577,101.7650,1,0.058287,378.481290
2016-03-02,0.00305416,91.9786,1,0.035114,225.739909,-0.01003365,100.7616,0,0.000000,0.000000
2016-03-03,-0.00691578,91.2870,0,0.000000,0.000000,0.01164430,101.9261,1,0.055530,346.825325
2016-03-04,0.00586628,91.8736,0,0.000000,0.000000,0.00716403,102.6425,0,0.000000,0.000000
2016-03-07,-0.01646050,90.2276,1,0.041160,265.815768,0.00908857,103.5513,1,0.042853,284.149919
2016-03-08,0.01445232,91.6728,1,0.020068,181.107210,-0.01278211,102.2731,1,0.037271,302.311690
2016-03-09,0.00082800,91.7556,1,0.028040,181.731740,0.01061909,103.3350,1,0.052301,318.253740
2016-03-10,-0.00355838,91.3997,1,0.038338,260.688720,-0.00799138,102.5359,1,0.038628,301.759770
2016-03-11,0.00047412,91.4472,1,0.032738,180.457720,-0.00786596,101.7493,1,0.061446,321.252290
2016-03-14,0.00120379,91.5675,1,0.031361,204.038150,0.00151630,101.9009,0,0.000000,0.000000
2016-03-15,0.01269410,92.8369,1,0.032000,220.225020,0.01635105,103.5360,1,0.039345,263.204531
2016-03-16,-0.00690341,92.1466,1,0.033691,180.608010,-0.00351939,103.1841,1,0.045039,221.345950
2016-03-17,0.00725097,92.8717,1,0.056383,261.474970,-0.00187462,102.9966,0,0.000000,0.000000
2016-03-18,0.00357704,93.2294,0,0.000000,0.000000,-0.01508772,101.4879,0,0.000000,0.000000
2016-03-21,0.01287221,94.5166,1,0.040809,222.277906,0.00347672,101.8355,1,0.058988,364.839754
2016-03-22,-0.00298080,94.2185,0,0.000000,0.000000,-0.00147961,101.6876,1,0.046571,300.796400
2016-03-23,0.01559859,95.7784,1,0.034851,240.898758,-0.00785544,100.9020,1,0.037934,280.907070
2016-03-24,-0.01200516,94.5779,1,0.034046,221.192470,-0.01121849,99.7802,1,0.044039,319.170450
2016-03-28,0.00537031,95.1149,1,0.039139,180.952810,-0.00912333,98.8678,1,0.057973,361.079750
2016-03-29,-0.00652760,94.4622,1,0.034060,220.841730,-0.00010217,98.8576,1,0.047527,360.466800
2016-03-30,0.00810643,95.2728,1,0.026997,203.058400,-0.00138995,98.7186,0,0.000000,0.000000
2016-03-31,-0.00581152,94.6917,1,0.034092,240.355520,-0.01546235,97.1724,1,0.045375,322.345346
2016-04-01,0.01111871,95.8035,1,0.031639,200.936660,-0.01184160,95.9882,1,0.052690,340.601760
2016-04-04,0.00000742,95.8043,1,0.026998,201.173890,0.00019780,96.0080,1,0.053310,360.643410
2016-04-05,-0.00494773,95.3095,1,0.036043,219.844920,-0.00608837,95.3992,1,0.036517,279.807690
2016-04-06,0.00023629,95.3331,1,0.039191,200.444490,0.00026241,95.4254,0,0.000000,0.000000
2016-04-07,-0.00173034,95.1601,1,0.043334,223.964720,-0.01298957,94.1265,0,0.000000,0.000000
2016-04-08,0.00315601,95.4757,0,0.000000,0.000000,-0.00789704,93.3368,0,0.000000,0.000000
2016-04-11,0.00338737,95.8144,0,0.000000,0.000000,0.00452700,93.7895,1,0.049050,341.252541
2016-04-12,-0.00832221,94.9822,1,0.058991,299.100047,0.00241072,94.0305,1,0.046548,240.509630
2016-04-13,-0.00379836,94.6024,0,0.000000,0.000000,0.00466181,94.4967,1,0.044269,302.460980
2016-04-14,-0.00315394,94.2870,0,0.000000,0.000000,0.01127370,95.6241,1,0.036280,322.310730
2016-04-15,0.00016210,94.3032,1,0.032630,205.103586,-0.00174179,95.4499,1,0.030539,240.886650
2016-04-18,-0.00556453,93.7467,1,0.031163,201.332500,-0.00378587,95.0713,1,0.035297,321.580520
2016-04-19,-0.00563630,93.1831,1,0.025190,201.382710,0.00376057,95.4474,0,0.000000,0.000000
2016-04-20,-0.00457123,92.7260,1,0.010783,81.581460,-0.00543463,94.9039,1,0.027543,262.400952
2016-04-21,-0.00408867,92.3171,0,0.000000,0.000000,0.01103007,96.0069,1,0.046673,360.429220
2016-04-22,0.00139549,92.4567,1,0.038591,220.097232,-0.00316726,95.6902,1,0.044626,319.313720
2016-04-25,0.00441515,92.8982,0,0.000000,0.000000,-0.01085243,94.6049,1,0.039753,341.397240
2016-04-26,0.00017198,92.9154,1,0.030312,241.466475,-0.01233183,93.3718,1,0.051973,380.162070
2016-04-27,-0.00724171,92.1912,0,0.000000,0.000000,0.01565607,94.9374,1,0.046783,361.879630
2016-04-28,0.01916224,94.1074,1,0.037716,222.638849,-0.01823940,93.1134,1,0.056260,301.939710
2016-04-29,-0.00256430,93.8510,1,0.020890,181.705600,0.01082031,94.1955,1,0.053689,359.741020
2016-05-02,0.00780653,94.6317,1,0.033057,220.146340,-0.00785168,93.4103,1,0.040238,240.705660
2016-05-03,-0.00688809,93.9428,1,0.041599,243.462990,-0.00168801,93.2415,0,0.000000,0.000000
2016-05-04,0.01643838,95.5867,1,0.030412,239.251790,0.01018811,94.2603,0,0.000000,0.000000
2016-05-05,0.00080118,95.6668,1,0.022122,202.284510,-0.00720264,93.5400,1,0.041894,281.789877
2016-05-06,-0.00268242,95.3986,1,0.029572,200.757960,-0.00002863,93.5372,1,0.045233,321.684670
2016-05-09,0.00717090,96.1156,1,0.024660,181.167850,-0.00549780,92.9874,1,0.041110,281.338390
2016-05-10,-0.00709602,95.4060,1,0.031632,201.490250,-0.01340726,91.6467,1,0.043966,321.932470
2016-05-11,0.00223882,95.6299,1,0.042248,262.828670,-0.01874054,89.7726,0,0.000000,0.000000
2016-05-12,0.00235233,95.8652,1,0.025697,199.844610,0.00225174,89.9978,0,0.000000,0.000000
2016-05-13,0.00282220,96.1474,1,0.041150,241.386930,-0.00187548,89.8102,1,0.049468,323.480751
2016-05-16,0.00325529,96.4729,1,0.033701,239.636730,0.00932453,90.7427,1,0.044877,319.561660
2016-05-17,0.00374763,96.8477,1,0.029847,202.251610,0.00582192,91.3249,1,0.035778,262.768750
2016-05-18,-0.00877448,95.9702,1,0.031448,200.043770,0.01111933,92.4368,0,0.000000,0.000000
2016-05-19,0.00331253,96.3015,0,0.000000,0.000000,-0.01004130,91.4327,1,0.043610,299.195729
2016-05-20,0.00222750,96.5242,1,0.024010,201.692380,-0.00769674,90.6630,1,0.057234,380.145680
2016-05-23,-0.00356495,96.1677,0,0.000000,0.000000,-0.00346655,90.3164,1,0.044015,341.408540
2016-05-24,0.01176738,97.3445,0,0.000000,0.000000,0.01270220,91.5866,1,0.042810,320.589940
2016-05-25,-0.00652378,96.6921,1,0.051838,286.768100,0.01400144,92.9867,0,0.000000,0.000000
2016-05-26,0.00728865,97.4210,0,0.000000,0.000000,-0.01347630,91.6391,1,0.039000,245.403532
2016-05-27,-0.00309688,97.1113,1,0.034698,221.994914,-0.00976900,90.6622,1,0.053810,380.276770
2016-05-31,0.01131862,98.2431,1,0.029678,222.401850,-0.00447913,90.2143,1,0.060353,401.530290
2016-06-01,-0.00222231,98.0209,1,0.020411,140.928020,-0.00440268,89.7740,1,0.048948,359.748960
2016-06-02,-0.00654246,97.3667,1,0.032706,220.851560,0.00051737,89.8258,1,0.048543,360.694200
2016-06-03,0.01461515,98.8282,1,0.026395,161.423540,-0.00253116,89.5726,0,0.000000,0.000000
2016-06-06,-0.00803142,98.0250,1,0.026162,181.686210,0.00180298,89.7529,1,0.055112,321.004329
2016-06-07,-0.00149469,97.8756,0,0.000000,0.000000,0.00422993,90.1759,1,0.040307,281.755450
2016-06-08,0.00275229,98.1508,1,0.021451,161.348612,-0.00894711,89.2812,1,0.039601,281.127180
2016-06-09,0.00889651,99.0404,1,0.025629,200.993320,-0.00391717,88.8895,1,0.045887,320.483830
2016-06-10,0.00361183,99.4016,1,0.011817,122.178560,0.01468916,90.3584,1,0.034274,300.018150
2016-06-13,0.00270295,99.6719,1,0.028435,180.379780,0.00193309,90.5517,1,0.026531,180.990630
2016-06-14,-0.00689254,98.9827,1,0.022474,180.346470,-0.00085837,90.4659,0,0.000000,0.000000
2016-06-15,0.00359263,99.3419,1,0.027477,181.075800,-0.00805310,89.6606,1,0.033590,300.048735
2016-06-16,0.00962241,100.3042,1,0.025569,200.675540,-0.00359176,89.3014,1,0.048936,380.026760
2016-06-17,-0.00484292,99.8199,1,0.036202,221.555450,-0.00689389,88.6120,1,0.047699,360.799440
2016-06-20,0.00363637,100.1835,1,0.030113,200.906050,-0.00608798,88.0032,1,0.048358,380.822950
2016-06-21,0.00219132,100.4026,1,0.026128,241.767410,-0.00255590,87.7476,1,0.046740,361.425460
2016-06-22,0.00015273,100.4179,1,0.026587,220.509840,-0.00548203,87.1994,1,0.037893,320.784710
2016-06-23,-0.00149723,100.2682,1,0.016653,140.654460,-0.00092626,87.1068,1,0.042936,320.418290
2016-06-24,0.00675993,100.9442,0,0.000000,0.000000,0.00467107,87.5739,0,0.000000,0.000000
2016-06-27,0.00522426,101.4666,0,0.000000,0.000000,0.00315804,87.8897,0,0.000000,0.000000
2016-06-28,-0.00924463,100.5421,0,0.000000,0.000000,-0.03309293,84.5804,1,0.035753,319.279267
2016-06-29,0.00342739,100.8849,1,0.032491,239.488335,-0.02274735,82.3057,0,0.000000,0.000000
2016-06-30,0.00243305,101.1282,1,0.031425,224.447210,0.01301961,83.6076,0,0.000000,0.000000
2016-07-01,-0.00211202,100.9170,0,0.000000,0.000000,-0.01323078,82.2846,0,0.000000,0.000000
2016-07-05,0.00290862,101.2079,1,0.042058,243.980039,-0.02306288,79.9783,1,0.048248,369.564563
2016-07-06,-0.00702568,100.5053,0,0.000000,0.000000,-0.01212228,78.7660,1,0.045408,379.064840
2016-07-07,-0.00144360,100.3609,1,0.030950,220.718469,0.00424783,79.1908,1,0.058147,400.764120
2016-07-08,0.00455469,100.8164,1,0.034761,200.384630,0.00952251,80.1431,1,0.033299,280.699050
2016-07-11,-0.00292411,100.5240,1,0.022531,204.200490,-0.00057276,80.0858,0,0.000000,0.000000
2016-07-12,-0.01282681,99.2413,1,0.021401,161.187560,0.01694084,81.7799,1,0.038756,324.670183
2016-07-13,-0.00031929,99.2094,1,0.013739,102.448740,-0.01423566,80.3563,1,0.029736,242.245740
2016-07-14,-0.00091808,99.1176,1,0.023458,179.920770,-0.00326181,80.0301,1,0.052511,400.031530
2016-07-15,0.00459441,99.5770,1,0.022649,160.900450,-0.00327944,79.7022,1,0.046184,320.194530
2016-07-18,-0.00293130,99.2839,1,0.020870,161.080170,-0.00182864,79.5193,1,0.040684,320.236420
2016-07-19,0.01211384,100.4953,1,0.023496,180.497220,-0.00606348,78.9130,1,0.047488,340.139520
2016-07-20,-0.00344626,100.1506,1,0.026166,200.428160,-0.00233898,78.6791,1,0.043218,340.068740
2016-07-21,-0.00865165,99.2855,1,0.032115,221.362160,0.00387295,79.0664,1,0.033035,281.533940
2016-07-22,0.00410807,99.6963,1,0.021063,179.372290,0.00616453,79.6828,1,0.026867,260.368210
2016-07-25,-0.00669008,99.0273,1,0.022728,181.767790,0.00820878,80.5037,0,0.000000,0.000000
2016-07-26,-0.01048309,97.9790,1,0.029039,200.526180,-0.01199658,79.3041,1,0.037598,282.192056
2016-07-27,-0.00206067,97.7729,1,0.027887,241.974970,0.00584235,79.8883,1,0.041275,360.692380
2016-07-28,-0.01505981,96.2669,1,0.017591,140.734360,-0.00050548,79.8377,1,0.044958,299.458250
2016-07-29,0.00513597,96.7805,1,0.029203,239.544150,-0.00093285,79.7445,1,0.041605,321.398690
2016-08-01,-0.00589835,96.1907,1,0.028515,222.194780,-0.00756423,78.9880,1,0.031343,281.100800
2016-08-02,0.00390275,96.5810,1,0.018465,160.394660,0.00050198,79.0382,1,0.050802,319.694800
2016-08-03,-0.00506249,96.0747,1,0.027159,199.838660,-0.01691946,77.3463,0,0.000000,0.000000
2016-08-04,0.00340504,96.4152,1,0.027826,201.269250,-0.00777994,76.5683,1,0.059924,379.104816
2016-08-05,-0.00145711,96.2695,1,0.034121,259.129670,-0.00499205,76.0691,1,0.042695,340.071070
2016-08-08,-0.00018581,96.2509,1,0.026271,240.816690,-0.00403979,75.6651,1,0.045859,360.817950
2016-08-09,-0.00902754,95.3482,0,0.000000,0.000000,-0.00098176,75.5669,1,0.050296,340.452820
2016-08-10,-0.00462053,94.8861,0,0.000000,0.000000,0.01089911,76.6568,1,0.035039,300.537420
2016-08-11,-0.00047143,94.8390,0,0.000000,0.000000,-0.00398182,76.2587,1,0.032392,241.597210
2016-08-12,-0.00056548,94.7824,1,0.037468,282.187484,-0.00110278,76.1484,1,0.040068,341.336370
2016-08-15,-0.01168145,93.6143,1,0.024455,199.953940,-0.02055179,74.0932,1,0.035839,320.422570
2016-08-16,-0.00340988,93.2733,1,0.032508,220.242690,0.00877722,74.9709,1,0.051298,381.048300
2016-08-17,0.00526103,93.7994,1,0.014677,120.495620,-0.00484277,74.4866,0,0.000000,0.000000
2016-08-18,-0.00819944,92.9794,1,0.033044,241.054580,0.00679219,75.1659,1,0.044991,339.469025
2016-08-19,0.00149612,93.1291,1,0.022408,201.941900,-0.01323579,73.8423,0,0.000000,0.000000
2016-08-22,0.01387069,94.5161,1,0.022531,160.412020,-0.00323149,73.5191,1,0.047669,382.277723
2016-08-23,-0.00025493,94.4906,1,0.024633,162.030880,-0.00679470,72.8397,1,0.044450,320.319240
2016-08-24,-0.00171548,94.3191,1,0.024218,160.945860,-0.00225224,72.6144,1,0.040284,299.841960
2016-08-25,0.00422194,94.7413,1,0.027286,199.481650,0.00003634,72.6181,1,0.046936,339.927660
2016-08-26,-0.01354678,93.3866,1,0.024948,201.073320,0.00274376,72.8925,1,0.032734,280.459090
2016-08-29,0.00786183,94.1728,1,0.025307,201.556430,-0.00943666,71.9488,1,0.043516,320.257910
2016-08-30,-0.00236144,93.9366,1,0.029764,221.067510,0.00212216,72.1610,0,0.000000,0.000000
2016-08-31,-0.00114565,93.8221,1,0.025325,199.810960,-0.00154710,72.0063,1,0.029940,260.397856
2016-09-01,0.00224626,94.0467,1,0.018864,160.685920,-0.00652089,71.3542,1,0.038329,340.846070
2016-09-02,0.00556597,94.6033,1,0.023933,220.808750,0.00045646,71.3999,1,0.034094,321.122160
2016-09-06,0.00109140,94.7124,1,0.028060,221.685050,0.00535175,71.9350,0,0.000000,0.000000
2016-09-07,-0.01137898,93.5745,1,0.023228,221.761160,-0.00185007,71.7500,1,0.033527,302.321861
2016-09-08,-0.01330886,92.2437,1,0.015266,182.493950,0.01053619,72.8036,1,0.038331,340.929860
2016-09-09,-0.01212372,91.0313,0,0.000000,0.000000,0.00760521,73.5642,1,0.037439,319.791910
2016-09-12,0.00049194,91.0805,1,0.027566,256.098194,0.00346367,73.9105,0,0.000000,0.000000
2016-09-13,0.00072869,91.1533,1,0.038181,283.332540,0.00268013,74.1785,0,0.000000,0.000000
2016-09-14,-0.00400611,90.7527,1,0.025101,218.982650,0.00402592,74.5811,0,0.000000,0.000000
2016-09-15,0.00265858,91.0186,1,0.027932,240.617990,-0.00716705,73.8644,1,0.034385,278.627539
2016-09-16,0.00816125,91.8347,1,0.024335,202.203770,0.00431946,74.2964,0,0.000000,0.000000
2016-09-19,0.00892195,92.7269,0,0.000000,0.000000,0.00396632,74.6930,1,0.036148,302.493151
2016-09-20,0.00066514,92.7934,0,0.000000,0.000000,0.00257659,74.9507,1,0.035731,321.565880
2016-09-21,-0.00717147,92.0763,1,0.034887,260.535247,-0.00012239,74.9384,1,0.031449,300.156650
2016-09-22,0.00387654,92.4639,0,0.000000,0.000000,0.00245952,75.1844,0,0.000000,0.000000
2016-09-23,-0.00705885,91.7580,1,0.036065,266.414681,0.00075529,75.2599,0,0.000000,0.000000
2016-09-26,0.00041377,91.7994,1,0.021573,199.875280,0.00978692,76.2386,1,0.027478,303.887579
2016-09-27,0.00501238,92.3007,1,0.020972,160.510950,-0.01385213,74.8534,1,0.039313,279.856790
2016-09-28,0.00243304,92.5440,1,0.031796,221.007730,-0.00231645,74.6217,1,0.046165,360.108080
2016-09-29,-0.00005868,92.5381,1,0.026408,202.390860,0.00278686,74.9004,1,0.036484,321.728620
2016-09-30,-0.01774793,90.7633,1,0.028093,180.400620,-0.00020704,74.8797,0,0.000000,0.000000
2016-10-03,0.01416271,92.1796,0,0.000000,0.000000,0.00302081,75.1818,1,0.034189,300.184352
2016-10-04,0.01552791,93.7324,1,0.023379,200.058568,0.00714203,75.8960,1,0.025597,241.087570
2016-10-05,-0.00564550,93.1678,1,0.024190,180.303650,0.01978556,77.8746,0,0.000000,0.000000
2016-10-06,-0.00013154,93.1547,1,0.035214,241.828960,0.00203192,78.0778,1,0.025508,202.601595
2016-10-07,0.00466091,93.6207,1,0.022369,180.929640,-0.01111942,76.9658,1,0.037922,301.041800
2016-10-10,-0.00202152,93.4186,1,0.021232,180.788320,-0.00540402,76.4254,1,0.042562,358.691340
2016-10-11,-0.00438056,92.9805,1,0.028826,201.459080,-0.00559082,75.8663,0,0.000000,0.000000
2016-10-12,-0.00223526,92.7570,1,0.020336,200.090990,-0.00487489,75.3788,0,0.000000,0.000000
2016-10-13,-0.00475503,92.2815,1,0.032333,201.969690,0.01861811,77.2406,1,0.047719,360.567122
2016-10-14,-0.00144897,92.1366,1,0.023947,180.294230,-0.00619799,76.6209,1,0.027969,221.113190
2016-10-17,-0.00261818,91.8748,1,0.023648,180.107070,0.00109503,76.7304,1,0.049767,359.901430
2016-10-18,-0.00243827,91.6310,1,0.021657,180.079950,-0.00041601,76.6888,1,0.039111,300.151230
2016-10-19,0.00059763,91.6907,0,0.000000,0.000000,-0.00702963,75.9858,0,0.000000,0.000000
2016-10-20,0.00180733,91.8715,0,0.000000,0.000000,0.00123527,76.1093,1,0.036793,362.535625
2016-10-21,0.00300094,92.1716,0,0.000000,0.000000,0.00388613,76.4979,1,0.043227,319.615500
2016-10-24,0.00383750,92.5553,0,0.000000,0.000000,0.00095035,76.5930,1,0.030225,260.460620
2016-10-25,0.00148641,92.7039,1,0.042709,282.379143,-0.01439909,75.1531,1,0.036319,300.885920
2016-10-26,0.00500204,93.2042,1,0.024046,200.018750,-0.00454337,74.6987,1,0.031867,298.777350
2016-10-27,-0.01648860,91.5553,0,0.000000,0.000000,0.01367135,76.0659,1,0.038975,300.010830
2016-10-28,0.00535563,92.0909,1,0.028647,238.922497,-0.00932552,75.1333,1,0.028542,261.225110
2016-10-31,0.00284765,92.3756,1,0.029505,222.006550,0.00427412,75.5607,1,0.051108,321.820350
2016-11-01,-0.01156418,91.2192,0,0.000000,0.000000,-0.00922312,74.6384,1,0.036272,262.199940
2016-11-02,-0.00846382,90.3728,0,0.000000,0.000000,-0.00658445,73.9800,1,0.047655,359.461700
2016-11-03,0.00360218,90.7330,0,0.000000,0.000000,0.01799312,75.7793,1,0.043058,319.223510
2016-11-04,-0.00419489,90.3135,1,0.034929,221.557859,-0.00326538,75.4527,1,0.035688,241.707590
2016-11-07,-0.00430482,89.8831,0,0.000000,0.000000,0.01216346,76.6691,1,0.033444,321.505470
2016-11-08,0.00640869,90.5239,1,0.032121,265.211681,-0.01429037,75.2400,0,0.000000,0.000000
2016-11-09,-0.00007791,90.5161,1,0.026661,220.555190,-0.02619216,72.6208,1,0.046496,365.517566
2016-11-10,0.00094544,90.6107,1,0.030136,224.015930,0.03906086,76.5269,1,0.050424,381.449400
2016-11-11,0.00570395,91.1811,0,0.000000,0.000000,0.01167096,77.6940,1,0.024674,242.580450
2016-11-14,-0.01100726,90.0804,1,0.042236,280.055740,0.02499756,80.1938,1,0.025884,261.791530
2016-11-15,0.01159356,91.2397,0,0.000000,0.000000,-0.00969503,79.2243,1,0.032173,224.667600
2016-11-16,0.00904514,92.1442,1,0.031496,266.009800,0.00301202,79.5255,1,0.042588,342.410370
2016-11-17,-0.01310036,90.8342,1,0.024956,201.597870,-0.01064149,78.4613,1,0.040209,280.877570
2016-11-18,0.00566817,91.4010,1,0.022623,221.359820,-0.00116536,78.3448,1,0.047356,341.494980
2016-11-21,0.00796837,92.1978,1,0.022173,140.694920,-0.01703687,76.6411,1,0.043477,319.680840
2016-11-22,-0.00075521,92.1223,0,0.000000,0.000000,-0.00437092,76.2040,1,0.040442,281.272450
2016-11-23,-0.00212716,91.9096,1,0.033846,244.580282,-0.00725007,75.4790,1,0.038577,341.941490
2016-11-25,0.00583220,92.4928,1,0.029750,240.268090,-0.01050969,74.4280,1,0.039609,360.281230
2016-11-28,-0.00359354,92.1335,1,0.044014,241.528850,-0.02333490,72.0945,0,0.000000,0.000000
2016-11-29,0.00866649,93.0001,1,0.006961,82.140000,0.00635340,72.7299,1,0.047630,381.985876
2016-11-30,-0.01413785,91.5863,1,0.030995,261.533890,-0.03712168,69.0177,1,0.033338,261.247790
2016-12-01,0.00004461,91.5908,1,0.023879,239.475630,0.01857533,70.8752,1,0.046887,379.806430
2016-12-02,-0.00138038,91.4528,0,0.000000,0.000000,-0.01039948,69.8353,1,0.033098,220.895760
2016-12-05,0.00026497,91.4793,1,0.022103,179.727551,-0.00152060,69.6832,1,0.047950,381.068090
2016-12-06,-0.00600784,90.8785,1,0.021304,202.059780,0.00160054,69.8433,1,0.038076,322.296210
2016-12-07,-0.00126047,90.7524,1,0.028597,221.243140,-0.00787603,69.0557,1,0.039453,321.717070
2016-12-08,0.00144869,90.8973,0,0.000000,0.000000,-0.00831151,68.2245,0,0.000000,0.000000
2016-12-09,-0.00851513,90.0458,1,0.039213,224.833180,-0.00498463,67.7261,1,0.048623,343.427050
2016-12-12,0.00010194,90.0560,1,0.013376,140.415120,0.01258372,68.9844,1,0.038798,340.735880
2016-12-13,-0.00484526,89.5715,0,0.000000,0.000000,-0.00431066,68.5534,1,0.023636,201.664530
2016-12-14,0.00754719,90.3262,1,0.023811,201.056683,-0.00099923,68.4534,1,0.037853,340.470850
2016-12-15,-0.00397186,89.9290,1,0.025346,179.688950,0.01183220,69.6367,1,0.051710,319.133310
2016-12-16,-0.00395474,89.5335,0,0.000000,0.000000,-0.01157132,68.4795,1,0.017642,202.441130
2016-12-19,0.00111967,89.6455,1,0.031853,240.011943,0.00168818,68.6484,1,0.043252,379.890050
2016-12-20,-0.00178947,89.4665,1,0.019887,180.638120,0.00170004,68.8184,1,0.030016,261.001870
2016-12-21,-0.00795350,88.6712,1,0.027390,240.608780,-0.00891109,67.9272,1,0.038729,320.958940
2016-12-22,-0.00254256,88.4169,1,0.018946,200.092780,-0.00177447,67.7498,1,0.031887,280.422760
2016-12-23,0.00431942,88.8489,1,0.022888,219.741550,-0.00045509,67.7043,1,0.041149,340.322280
2016-12-27,-0.00087105,88.7618,0,0.000000,0.000000,0.00004023,67.7083,1,0.027397,321.152320
2016-12-28,-0.00517828,88.2439,1,0.038998,300.458834,0.00137035,67.8453,1,0.039895,340.818080
2016-12-29,0.00737495,88.9814,1,0.016735,160.227750,-0.00229251,67.6161,0,0.000000,0.000000
2016-12-30,-0.00989942,87.9915,1,0.043422,300.873850,-0.00285126,67.3310,1,0.042306,339.591395
2017-01-03,0.00599567,88.5911,1,0.024343,220.499200,-0.00912363,66.4186,1,0.041063,359.907100
2017-01-04,0.00991271,89.5823,1,0.034909,241.912750,0.00524195,66.9428,1,0.044205,341.587080
2017-01-05,-0.00144201,89.4381,1,0.030131,202.255680,0.00149037,67.0918,0,0.000000,0.000000
2017-01-06,0.00304825,89.7430,1,0.014465,160.808090,-0.00039297,67.0525,1,0.038217,322.211303
2017-01-09,0.01397931,91.1409,1,0.016719,141.824450,0.00521447,67.5740,1,0.045553,321.655920
2017-01-10,0.01103482,92.2444,1,0.027618,221.181750,0.01092202,68.6662,1,0.045788,320.210680
2017-01-11,0.00314887,92.5593,1,0.028363,201.563680,-0.01158753,67.5074,1,0.031213,261.597870
2017-01-12,-0.00007802,92.5514,1,0.027112,221.342070,-0.00202316,67.3051,1,0.043416,360.664300
2017-01-13,0.00011885,92.5633,1,0.023465,200.787330,-0.00267429,67.0377,1,0.040649,300.412540
2017-01-17,0.00211085,92.7744,1,0.025065,201.238510,-0.01285346,65.7523,1,0.046406,340.780160
2017-01-18,0.00004273,92.7787,1,0.024377,181.642030,-0.00946170,64.8062,1,0.043720,360.233920
2017-01-19,-0.00291248,92.4874,1,0.028748,221.573470,0.00015956,64.8221,1,0.049304,381.069750
2017-01-20,-0.00051214,92.4362,1,0.017784,161.125000,0.00240301,65.0624,0,0.000000,0.000000
2017-01-23,-0.00479157,91.9571,1,0.030307,241.080430,-0.00461998,64.6004,1,0.035228,300.275504
2017-01-24,-0.00202837,91.7542,1,0.009447,100.694830,-0.00174442,64.4260,1,0.035552,300.242870
2017-01-25,-0.00679156,91.0751,1,0.021836,202.014730,-0.00010750,64.4152,0,0.000000,0.000000
2017-01-26,0.00451686,91.5268,1,0.014264,142.417400,-0.00863045,63.5522,1,0.036025,304.398630
2017-01-27,-0.00657864,90.8689,1,0.027764,240.462210,-0.00438504,63.1137,1,0.038734,360.005460
2017-01-30,-0.00491326,90.3776,1,0.030706,221.344320,-0.00435772,62.6779,1,0.046302,340.594650
2017-01-31,0.00692782,91.0704,1,0.038318,278.513160,-0.00372093,62.3058,0,0.000000,0.000000
2017-02-01,0.01268208,92.3386,1,0.028342,220.922120,0.00557852,62.8637,1,0.035788,319.497881
2017-02-02,0.00742415,93.0810,1,0.024335,201.614190,-0.01373728,61.4900,1,0.041078,280.671280
2017-02-03,0.02185567,95.2665,1,0.028663,241.486550,0.01350137,62.8401,1,0.042553,360.930870
2017-02-06,0.00523533,95.7901,1,0.026547,223.425670,-0.00671619,62.1685,0,0.000000,0.000000
2017-02-07,-0.00539559,95.2505,1,0.022179,140.559720,0.00121931,62.2904,1,0.035099,318.944216
2017-02-08,-0.00600457,94.6501,1,0.023767,181.111280,-0.01482586,60.8078,1,0.038536,321.537950
2017-02-09,0.01197073,95.8471,1,0.026847,201.904370,-0.00202944,60.6049,1,0.045874,342.702930
2017-02-10,0.00524249,96.3714,1,0.025831,182.704380,-0.00422601,60.1823,1,0.043961,342.154230
2017-02-13,-0.00075498,96.2959,1,0.029598,221.081980,-0.00152264,60.0300,1,0.042524,340.665460
2017-02-14,0.00307165,96.6031,1,0.019085,200.722600,-0.00516986,59.5130,1,0.041826,340.552300
2017-02-15,-0.00493552,96.1095,1,0.021052,200.573130,-0.00416737,59.0963,1,0.032117,320.765780
2017-02-16,0.00313497,96.4230,1,0.024173,221.880180,-0.00794557,58.3017,1,0.038597,361.339640
2017-02-17,0.00874901,97.2979,1,0.020279,221.061890,0.01959059,60.2608,1,0.035651,360.488580
2017-02-21,0.00529931,97.8278,1,0.023529,241.157040,-0.01249230,59.0116,1,0.030770,242.414150
2017-02-22,-0.00233980,97.5938,1,0.020660,201.616360,0.00188522,59.2001,0,0.000000,0.000000
2017-02-23,-0.00385003,97.2088,1,0.020403,199.947720,0.00778260,59.9783,1,0.032340,320.753787
2017-02-24,0.00929679,98.1385,1,0.030781,220.953080,0.00066387,60.0447,1,0.046913,301.036880
2017-02-27,0.01171274,99.3098,1,0.025476,222.248240,-0.00676023,59.3687,1,0.039553,281.966460
2017-02-28,0.00128833,99.4386,1,0.019757,141.766470,-0.01191709,58.1770,1,0.049219,320.833350
2017-03-01,-0.00090751,99.3479,1,0.029461,182.053090,-0.01061693,57.1153,1,0.046933,359.838870
2017-03-02,0.00275561,99.6234,1,0.026449,202.970850,0.01203426,58.3187,0,0.000000,0.000000
2017-03-03,0.00820109,100.4436,1,0.031381,219.789850,0.00082233,58.4010,1,0.026607,241.741053
2017-03-06,0.00036812,100.4804,1,0.038328,280.968650,-0.00602518,57.7984,1,0.039508,320.671140
2017-03-07,0.00640839,101.1212,1,0.029531,239.609680,0.00407773,58.2062,0,0.000000,0.000000
2017-03-08,-0.01282210,99.8390,1,0.017960,180.875470,0.00150124,58.3563,1,0.034386,319.724440
2017-03-09,-0.00093941,99.7451,1,0.023101,221.179810,0.00200802,58.5571,1,0.031578,280.987310
2017-03-10,-0.00850957,98.8941,1,0.021467,200.728960,0.01640783,60.1979,1,0.033787,280.499360
2017-03-13,0.00008626,98.9027,1,0.026264,242.074510,-0.00012153,60.1858,1,0.028673,242.497670
2017-03-14,-0.00063936,98.8388,1,0.026366,240.689630,-0.00158020,60.0277,1,0.045960,340.259440
2017-03-15,0.00799639,99.6384,1,0.022871,200.256690,-0.00124306,59.9034,1,0.038796,359.648080
2017-03-16,0.00995852,100.6343,1,0.035698,263.239450,0.00306567,60.2100,0,0.000000,0.000000
2017-03-17,-0.00548112,100.0862,1,0.022982,239.807350,0.00360561,60.5706,1,0.031499,302.874449
2017-03-20,-0.00045690,100.0405,1,0.014260,161.350130,-0.00389002,60.1816,1,0.037232,281.039400
2017-03-21,-0.01058504,98.9820,1,0.025674,200.404710,-0.00051093,60.1305,1,0.045923,320.288070
2017-03-22,0.00223358,99.2053,1,0.033112,238.795810,-0.00168384,59.9621,1,0.045964,339.769330
2017-03-23,0.00319698,99.5250,1,0.019962,221.504930,-0.00294277,59.6678,1,0.040887,340.891740
2017-03-24,0.00297074,99.8221,1,0.018586,200.192640,0.00060997,59.7288,1,0.038353,340.328550
2017-03-27,-0.00557050,99.2650,1,0.022960,200.684260,0.00137423,59.8662,1,0.035007,320.414170
2017-03-28,-0.00295750,98.9693,1,0.017560,180.861570,-0.01341688,58.5245,1,0.038688,320.101770
2017-03-29,-0.00695478,98.2738,1,0.032168,222.834730,0.00593493,59.1180,1,0.047697,362.379740
2017-03-30,0.00414468,98.6883,1,0.015192,141.163970,-0.00460264,58.6578,1,0.041524,321.193030
2017-03-31,0.00458595,99.1469,1,0.018435,160.637780,-0.00002036,58.6557,1,0.043966,340.259540
2017-04-03,-0.00851438,98.2954,1,0.026698,201.123370,-0.00352885,58.3029,1,0.047325,340.777850
2017-04-04,0.00407494,98.7029,1,0.018376,180.619140,0.00566505,58.8694,1,0.040775,340.410700
2017-04-05,0.00371024,99.0740,1,0.027786,181.197970,0.00106917,58.9763,1,0.032963,241.304540
2017-04-06,0.00417389,99.4914,1,0.025561,180.855770,-0.00121568,58.8547,1,0.040128,319.725300
2017-04-07,0.00058249,99.5496,1,0.030271,220.917850,-0.00420050,58.4347,1,0.041870,360.922320
2017-04-10,-0.00151827,99.3978,1,0.028087,240.510440,-0.00656484,57.7782,1,0.037324,339.985840
2017-04-11,-0.00138664,99.2591,1,0.028034,280.296360,0.00081842,57.8600,1,0.032678,300.486560
2017-04-12,-0.00414422,98.8447,1,0.026792,240.364450,-0.00718556,57.1415,1,0.030776,280.525800
2017-04-13,0.00818466,99.6632,1,0.032044,259.696750,0.00551857,57.6933,1,0.043533,359.487080
2017-04-17,-0.00996404,98.6668,1,0.036224,279.760410,-0.01481284,56.2120,0,0.000000,0.000000
2017-04-18,-0.01087106,97.5796,1,0.022796,221.317540,0.00630889,56.8429,0,0.000000,0.000000
2017-04-19,-0.00023444,97.5562,1,0.020814,180.666050,0.00059263,56.9022,1,0.036427,280.516698
2017-04-20,-0.00626487,96.9297,1,0.018647,141.338970,0.00126694,57.0289,1,0.034836,320.201070
2017-04-21,-0.00120949,96.8088,1,0.024839,180.932360,-0.00556025,56.4729,1,0.028445,260.869870
2017-04-24,-0.00078331,96.7304,1,0.021811,140.674570,-0.00275678,56.1972,1,0.047558,340.166420
2017-04-25,-0.00048352,96.6821,1,0.022062,161.974240,0.00273537,56.4707,0,0.000000,0.000000
2017-04-26,0.00174506,96.8566,1,0.022844,161.510670,-0.00212890,56.2578,1,0.040760,302.626791
2017-04-27,-0.00201767,96.6548,1,0.027787,141.608670,0.00871432,57.1293,1,0.060838,341.045110
2017-04-28,-0.01050221,95.6046,1,0.032491,199.609400,-0.01190969,55.9383,1,0.045319,321.579770
2017-05-01,0.00005017,95.6096,1,0.036723,239.773330,0.00316255,56.2545,1,0.042715,359.182890
2017-05-02,-0.00614610,94.9950,1,0.009170,121.260680,0.00222733,56.4773,1,0.032697,281.001870
2017-05-03,-0.00030189,94.9648,1,0.013469,141.046840,0.00090907,56.5682,1,0.035593,320.619250
2017-05-04,0.00656923,95.6217,1,0.031277,220.435060,-0.01128684,55.4395,1,0.043134,319.733520
2017-05-05,0.00914585,96.5363,1,0.019795,202.066640,-0.01367332,54.0722,1,0.035622,361.361030
2017-05-08,-0.00752317,95.7840,1,0.033377,241.272140,0.01038498,55.1107,1,0.052842,380.999970
2017-05-09,0.00087742,95.8718,1,0.021248,161.446440,-0.00650427,54.4602,1,0.030247,260.768080
2017-05-10,0.00261096,96.1328,1,0.018294,161.023850,0.00071851,54.5321,1,0.029679,301.032860
2017-05-11,-0.00672622,95.4602,1,0.018692,180.695610,-0.00169314,54.3628,1,0.029954,300.791570
2017-05-12,0.00305809,95.7660,1,0.010951,120.533350,0.00293498,54.6563,1,0.035822,299.873700
2017-05-15,0.00893310,96.6593,1,0.023330,160.611040,-0.00487515,54.1688,1,0.029295,260.570140
2017-05-16,-0.00311389,96.3480,1,0.028539,201.387280,0.00096751,54.2655,0,0.000000,0.000000
2017-05-17,0.01624707,97.9727,1,0.017723,141.234210,-0.02597864,51.6676,1,0.039854,321.514597
2017-05-18,0.00395111,98.3678,1,0.020269,200.361830,0.00458846,52.1265,1,0.044864,378.088950
2017-05-19,-0.00422622,97.9452,1,0.028802,220.829580,0.01739974,53.8665,1,0.043896,341.631750
2017-05-22,-0.00363889,97.5813,1,0.023619,181.825540,0.00586994,54.4535,0,0.000000,0.000000
2017-05-23,0.00900610,98.4819,1,0.012950,122.097430,-0.00503090,53.9504,0,0.000000,0.000000
2017-05-24,0.00564246,99.0461,1,0.017944,181.317640,-0.00251810,53.6986,1,0.034540,305.142366
2017-05-25,-0.00473771,98.5723,1,0.027511,220.756750,0.00736211,54.4348,1,0.033899,300.791150
2017-05-26,0.01732890,100.3052,1,0.028550,160.961580,-0.02344977,52.0898,1,0.042887,301.682370
2017-05-30,-0.00337336,99.9679,1,0.018026,162.560160,0.00461594,52.5514,1,0.036766,361.738730
2017-05-31,-0.00958889,99.0090,1,0.009799,101.149170,0.01064417,53.6158,1,0.028633,260.515140
2017-06-01,0.00008003,99.0170,1,0.013317,161.415970,-0.00005635,53.6102,1,0.019465,201.634290
2017-06-02,-0.00284072,98.7329,1,0.024172,202.143480,0.00615547,54.2257,0,0.000000,0.000000
2017-06-05,-0.00498606,98.2343,1,0.024826,240.816520,0.00118381,54.3441,1,0.033529,303.055164
2017-06-06,0.00107053,98.3414,1,0.021467,201.388000,-0.00254156,54.0899,1,0.029466,300.279010
2017-06-07,-0.00321857,98.0195,1,0.011887,120.317320,-0.01009515,53.0804,1,0.037365,320.041690
2017-06-08,0.00250401,98.2699,1,0.022979,161.250930,-0.00767688,52.3127,1,0.039458,300.037270
2017-06-09,0.01905809,100.1757,1,0.028071,201.098520,0.00247966,52.5607,1,0.044854,380.809530
2017-06-12,0.00554376,100.7301,1,0.012844,102.664220,0.00593522,53.1542,1,0.034208,300.972180
2017-06-13,-0.00055189,100.6749,1,0.019849,200.883000,-0.00261029,52.8932,1,0.032829,281.071630
2017-06-14,0.00640269,101.3152,1,0.028551,242.030580,-0.00304314,52.5889,0,0.000000,0.000000
2017-06-15,-0.01090488,100.2247,1,0.015078,120.733840,0.01364585,53.9535,1,0.038925,381.448756
2017-06-16,-0.00039066,100.1856,1,0.019786,139.850870,0.01433455,55.3869,1,0.034585,261.731270
2017-06-19,0.00463381,100.6490,1,0.019239,202.058900,-0.00005800,55.3811,1,0.030550,281.592380
2017-06-20,0.00562560,101.2116,1,0.018110,201.539700,0.00163732,55.5449,1,0.028038,281.886830
2017-06-21,0.00346695,101.5583,1,0.014915,140.601410,0.00890064,56.4349,1,0.029226,259.854470
2017-06-22,0.00650613,102.2089,1,0.014547,161.046750,0.00546729,56.9816,1,0.032141,320.981250
2017-06-23,-0.00086415,102.1225,1,0.030735,220.556560,0.00143163,57.1248,1,0.028337,280.353170
2017-06-26,0.00630622,102.7531,1,0.024928,241.494740,-0.01151601,55.9732,1,0.025961,281.955480
2017-06-27,0.00374121,103.1272,1,0.015509,160.340270,0.01356429,57.3296,1,0.049191,400.180320
2017-06-28,-0.00808941,102.3183,1,0.024371,220.627290,-0.01505525,55.8241,0,0.000000,0.000000
2017-06-29,0.00262233,102.5805,1,0.028087,241.885510,-0.00889785,54.9343,1,0.051515,399.126468
2017-06-30,-0.00203190,102.3773,1,0.022750,200.192840,0.00499771,55.4341,0,0.000000,0.000000
2017-07-03,0.00054414,102.4317,1,0.025776,220.926240,-0.00206501,55.2276,1,0.029911,259.027819
2017-07-05,0.00513972,102.9457,1,0.032288,201.575010,-0.02317749,52.9098,1,0.058759,321.017410
2017-07-06,0.00348114,103.2938,1,0.019356,221.211460,0.00896863,53.8067,1,0.038677,399.995550
2017-07-07,0.01379113,104.6729,1,0.029997,278.979690,0.01450357,55.2571,0,0.000000,0.000000
2017-07-10,0.00899075,105.5720,1,0.033235,301.651810,0.00374475,55.6315,1,0.018285,181.453833
2017-07-11,0.00043308,105.6153,1,0.028862,221.248510,0.00479642,56.1112,1,0.037698,301.628840
2017-07-12,0.00289375,105.9047,1,0.021465,240.415530,-0.00035067,56.0761,1,0.028197,260.763720
2017-07-13,0.00621840,106.5265,1,0.028280,241.397460,-0.00326100,55.7500,0,0.000000,0.000000
2017-07-14,0.00200068,106.7266,1,0.028002,200.904240,-0.00098616,55.6514,1,0.038496,361.678141
2017-07-17,0.00340015,107.0666,1,0.020305,161.609190,0.00024234,55.6756,1,0.037086,340.745260
2017-07-18,0.00390308,107.4569,1,0.024952,221.318380,-0.00686226,54.9894,1,0.024306,261.266880
2017-07-19,0.00113758,107.5707,1,0.017422,160.246680,-0.00682693,54.3067,1,0.032433,340.378440
2017-07-20,0.00499930,108.0706,1,0.024360,201.847700,-0.00066157,54.2406,0,0.000000,0.000000
2017-07-21,0.00305285,108.3759,1,0.025745,220.779230,-0.00208923,54.0316,1,0.035193,302.197304
2017-07-24,0.00324074,108.7000,1,0.018236,160.871610,0.00149296,54.1809,1,0.030024,320.879790
2017-07-25,-0.00888190,107.8118,1,0.023570,160.577450,-0.00712402,53.4685,1,0.040952,321.235860
2017-07-26,-0.00072935,107.7388,1,0.021435,201.338180,-0.00966583,52.5019,1,0.028303,300.838710
2017-07-27,-0.00128363,107.6105,1,0.017253,181.182500,-0.01123829,51.3781,1,0.043439,360.535480
2017-07-28,-0.01186893,106.4236,1,0.016173,180.565590,-0.02097937,49.2802,1,0.039617,359.519610
2017-07-31,0.00759373,107.1830,1,0.029347,202.592740,-0.00502811,48.7774,1,0.049131,341.276600
2017-08-01,0.00261129,107.4441,1,0.026891,181.238380,0.00418527,49.1959,1,0.048463,340.432320
2017-08-02,0.00556145,108.0002,1,0.020125,181.343420,-0.00061658,49.1342,1,0.028988,301.515770
2017-08-03,-0.01105954,106.8943,1,0.029394,199.880850,0.00656345,49.7906,1,0.033045,280.324950
2017-08-04,0.00008434,106.9027,1,0.026336,260.288240,-0.00055782,49.7348,1,0.036132,341.715510
2017-08-07,-0.00874000,106.0287,1,0.014110,181.802430,-0.00141429,49.5934,1,0.035719,321.501010
2017-08-08,0.00645913,106.6746,1,0.017297,142.617150,-0.01012559,48.5808,1,0.035709,261.290350
2017-08-09,0.00144776,106.8194,1,0.023904,200.068510,0.00217696,48.7985,1,0.037944,338.751730
2017-08-10,-0.00066445,106.7530,1,0.030495,240.414040,-0.00053751,48.7448,1,0.037041,300.087660
2017-08-11,-0.00156273,106.5967,1,0.025513,239.844290,-0.00720781,48.0240,1,0.036791,319.489510
2017-08-14,-0.00762677,105.8340,1,0.029507,261.665720,-0.00327391,47.6966,1,0.036661,320.751970
2017-08-15,-0.01186825,104.6472,1,0.022215,181.772570,0.00078312,47.7749,0,0.000000,0.000000
2017-08-16,0.00801146,105.4483,1,0.016514,160.049550,0.00087535,47.8624,1,0.036355,322.257717
2017-08-17,0.00789470,106.2378,1,0.016240,101.586500,0.00061424,47.9239,1,0.038956,320.794110
2017-08-18,-0.00987161,105.2506,1,0.024011,220.457390,-0.00012845,47.9110,0,0.000000,0.000000
2017-08-21,-0.00678173,104.5725,1,0.031123,260.484810,-0.00411592,47.4994,1,0.038402,337.607637
2017-08-22,0.00088428,104.6609,1,0.023922,220.929790,-0.00439508,47.0599,1,0.038308,340.689650
2017-08-23,0.00133366,104.7943,1,0.024094,141.415370,-0.00114694,46.9452,1,0.044724,381.597300
2017-08-24,0.00656162,105.4504,1,0.018018,161.231040,0.01874414,48.8196,1,0.032456,340.230090
2017-08-25,0.00830781,106.2812,1,0.030829,200.773260,0.00126520,48.9462,1,0.027210,261.909090
2017-08-28,-0.00094994,106.1862,1,0.026344,181.293910,-0.00168650,48.7775,1,0.028320,261.609730
2017-08-29,-0.00187709,105.9985,1,0.017539,200.859890,-0.00081016,48.6965,1,0.030226,260.652510
2017-08-30,0.00600893,106.5994,1,0.020537,240.065230,0.01345242,50.0417,1,0.031748,299.478650
2017-08-31,-0.00212884,106.3865,1,0.021944,202.197950,0.00922623,50.9644,1,0.036217,302.296330
2017-09-01,0.00652315,107.0388,1,0.024625,201.791260,-0.00705447,50.2589,1,0.039427,321.554180
2017-09-05,-0.00518205,106.5206,1,0.021305,200.944660,-0.00930893,49.3280,1,0.035573,320.863800
2017-09-06,-0.00396547,106.1241,1,0.021527,240.987220,0.00309489,49.6375,1,0.038131,359.981900
2017-09-07,-0.01083608,105.0405,1,0.018638,181.487800,-0.00082023,49.5555,1,0.030423,301.379160
2017-09-08,-0.00194493,104.8460,1,0.019303,181.153690,-0.00262271,49.2932,1,0.031331,301.890380
2017-09-11,-0.00111763,104.7342,1,0.019983,181.942790,-0.00220954,49.0723,1,0.036324,301.588160
2017-09-12,0.00166722,104.9009,1,0.020378,202.153280,-0.00520415,48.5518,0,0.000000,0.000000
2017-09-13,0.00284706,105.1856,1,0.024284,181.013200,0.00792103,49.3439,1,0.041787,342.284466
2017-09-14,-0.00487470,104.6982,1,0.016930,161.065530,-0.00786795,48.5571,1,0.034095,300.801730
2017-09-15,0.00118706,104.8169,1,0.017804,180.071500,-0.00478873,48.0783,1,0.031593,359.673820
2017-09-18,-0.00462274,104.3546,1,0.018654,161.166230,-0.00652273,47.4260,1,0.030343,301.295140
2017-09-19,-0.00988354,103.3663,1,0.020554,161.481620,0.00100092,47.5261,1,0.041898,380.416970
2017-09-20,-0.00038986,103.3273,1,0.022686,160.476680,0.01350521,48.8766,1,0.039299,300.022370
2017-09-21,-0.00412424,102.9148,1,0.020614,180.907560,0.00607636,49.4842,1,0.026244,241.914160
2017-09-22,-0.00214502,102.7003,1,0.021842,220.172830,-0.00074416,49.4098,1,0.027206,260.241480
2017-09-25,0.01090439,103.7908,1,0.018041,220.756860,-0.00841891,48.5679,1,0.026571,260.682830
2017-09-26,-0.00380181,103.4106,1,0.031791,261.328400,0.00253347,48.8213,1,0.030343,321.563080
2017-09-27,0.00119135,103.5297,1,0.028075,180.917850,0.01067225,49.8885,1,0.038845,320.790590
2017-09-28,0.00191477,103.7212,1,0.025233,241.767090,-0.00215213,49.6733,1,0.029433,281.716550
2017-09-29,-0.01067646,102.6536,1,0.018586,200.992590,-0.00337226,49.3361,1,0.030596,341.018940
2017-10-02,-0.00199159,102.4544,1,0.011009,181.937400,-0.00591531,48.7445,1,0.023591,283.068310
2017-10-03,0.00376715,102.8311,1,0.030585,221.474830,-0.00328574,48.4160,1,0.037334,360.872800
2017-10-04,0.00253190,103.0843,1,0.018670,181.278540,-0.00555899,47.8601,1,0.032679,280.415580
2017-10-05,0.00147051,103.2314,1,0.020119,201.477440,0.00330371,48.1904,0,0.000000,0.000000
2017-10-06,-0.00373128,102.8582,1,0.032588,241.028770,-0.00037352,48.1531,1,0.039872,301.906966
2017-10-09,-0.00264032,102.5942,1,0.015532,180.895600,0.00137661,48.2908,1,0.033729,340.068260
2017-10-10,0.00864433,103.4586,1,0.025007,220.017840,-0.00864117,47.4266,1,0.035847,300.152890
2017-10-11,0.00683720,104.1424,1,0.028300,262.062400,-0.00232191,47.1944,1,0.036321,340.410110
2017-10-12,0.00620879,104.7632,1,0.016181,161.065480,0.00770584,47.9650,1,0.035106,340.781890
2017-10-13,0.00197703,104.9609,1,0.017537,161.788980,-0.00690009,47.2750,1,0.027889,301.576830
2017-10-16,0.00404830,105.3658,1,0.027760,220.997300,-0.00397688,46.8773,1,0.035708,340.301440
2017-10-17,-0.00180403,105.1854,1,0.022703,240.671490,-0.00506747,46.3706,1,0.035657,320.269740
2017-10-18,-0.00503646,104.6817,1,0.026276,240.216760,0.00339735,46.7103,1,0.041865,360.075490
2017-10-19,-0.00440257,104.2415,1,0.023317,181.077070,0.00709093,47.4194,1,0.033277,260.666660
2017-10-20,-0.00815687,103.4258,1,0.033217,220.882840,0.00339736,47.7591,1,0.039214,281.051370
2017-10-23,-0.00870602,102.5552,1,0.026432,181.732710,0.00111551,47.8707,1,0.037229,281.606270
2017-10-24,-0.00748329,101.8068,1,0.019259,180.692570,-0.00112602,47.7581,1,0.036152,320.305900
2017-10-25,-0.00212160,101.5947,1,0.016440,140.892730,0.00466099,48.2242,1,0.040821,320.553970
2017-10-26,0.00508192,102.1029,1,0.022768,160.573780,0.00477680,48.7019,1,0.039140,320.309200
2017-10-27,-0.00459359,101.6435,1,0.023519,161.543520,0.00103244,48.8051,1,0.042246,281.582240
2017-10-30,-0.00303837,101.3397,1,0.029247,261.979480,0.00361671,49.1668,1,0.038389,301.789330
2017-10-31,-0.00356628,100.9831,1,0.029528,180.043650,-0.00316050,48.8507,1,0.036330,299.229100
2017-11-01,-0.00322188,100.6609,1,0.021978,202.193480,0.00583819,49.4346,1,0.034301,302.709720
2017-11-02,0.01222962,101.8838,1,0.031938,320.337670,-0.01133797,48.3008,1,0.034997,341.260480
2017-11-03,-0.00647272,101.2366,1,0.022252,200.537860,0.00454375,48.7551,1,0.031975,339.312460
2017-11-06,-0.00793831,100.4427,1,0.027551,279.734280,0.02546548,51.3017,1,0.032572,261.515210
2017-11-07,0.00629928,101.0726,1,0.022052,161.567380,-0.01602185,49.6995,1,0.020445,162.730780
2017-11-08,0.00050996,101.1236,1,0.035214,280.940800,0.00387357,50.0869,1,0.045033,380.923820
2017-11-09,0.00463042,101.5867,1,0.024318,201.665930,-0.00351720,49.7351,1,0.023590,241.734250
2017-11-10,0.01032652,102.6193,1,0.026778,199.950580,-0.00233594,49.5015,1,0.037514,339.611150
2017-11-13,0.00233533,102.8529,1,0.027107,222.171930,0.00160078,49.6616,1,0.036122,341.225640
2017-11-14,-0.00097502,102.7554,1,0.022932,182.045740,0.00407264,50.0689,1,0.031566,281.935560
2017-11-15,0.00183080,102.9385,1,0.013350,180.693110,0.00214168,50.2831,1,0.024572,261.345990
2017-11-16,-0.01410149,101.5283,1,0.022379,200.138650,-0.01477385,48.8057,1,0.029875,299.546980
2017-11-17,0.00126751,101.6551,1,0.028769,203.024390,-0.00755951,48.0497,1,0.049101,342.175950
2017-11-20,-0.00605547,101.0495,1,0.017147,161.844500,0.00873481,48.9232,1,0.034509,300.050830
2017-11-21,0.00652715,101.7022,1,0.022785,199.577460,0.00442917,49.3661,1,0.035703,281.127130
2017-11-22,0.00053978,101.7562,1,0.023492,201.877680,-0.00644148,48.7220,1,0.028808,300.945900
2017-11-24,-0.00378935,101.3773,1,0.027995,220.321650,-0.00179609,48.5424,1,0.035129,300.566600
2017-11-27,-0.00125629,101.2516,1,0.041469,259.976020,-0.00243237,48.2991,1,0.047667,320.427600
2017-11-28,-0.00219923,101.0317,1,0.015023,160.927440,0.00777922,49.0770,1,0.030188,321.002150
2017-11-29,0.00815630,101.8473,1,0.014320,101.965880,0.03910424,52.9875,1,0.028686,241.902590
2017-11-30,-0.00269267,101.5781,0,0.000000,0.000000,0.00072898,53.0604,1,0.021862,264.100870
2017-12-01,0.01227811,102.8059,1,0.015469,144.825992,0.01055527,54.1159,0,0.000000,0.000000
2017-12-04,0.00414363,103.2202,1,0.019547,181.235480,0.02947218,57.0631,1,0.025882,242.398187
2017-12-05,-0.00610229,102.6100,0,0.000000,0.000000,-0.01207604,55.8555,1,0.026574,263.274060
2017-12-06,-0.00030005,102.5800,1,0.026715,239.792699,0.00470609,56.3261,1,0.037491,378.537670
2017-12-07,0.00769844,103.3499,1,0.022806,220.912770,-0.00115251,56.2109,1,0.027851,261.584060
2017-12-08,0.01527410,104.8773,1,0.026480,181.823910,-0.00311291,55.8996,1,0.039411,361.524280
2017-12-11,-0.00126517,104.7508,1,0.016517,181.098610,0.00498712,56.3983,0,0.000000,0.000000
2017-12-12,0.00996291,105.7470,1,0.020289,221.193580,-0.01428293,54.9700,1,0.036433,301.100611
2017-12-13,0.00067880,105.8149,1,0.014940,162.279020,-0.01795174,53.1748,1,0.036604,358.545620
2017-12-14,-0.00087045,105.7279,1,0.026015,200.669200,0.00542990,53.7178,1,0.041100,400.384950
2017-12-15,-0.00269480,105.4584,1,0.019120,179.890870,-0.00604693,53.1131,1,0.035503,339.404130
2017-12-18,0.00712755,106.1712,1,0.019405,222.020960,-0.01788392,51.3247,0,0.000000,0.000000
2017-12-19,0.00034930,106.2061,1,0.020130,222.083800,0.01337110,52.6618,1,0.037470,383.908519
2017-12-20,-0.00088382,106.1177,1,0.012352,181.579340,0.01606992,54.2688,1,0.023128,221.413400
2017-12-21,-0.00433645,105.6841,1,0.024085,200.584690,0.01024884,55.2937,1,0.017026,201.215480
2017-12-22,-0.00459946,105.2241,1,0.025446,259.951420,-0.00627033,54.6667,1,0.028043,261.676470
2017-12-26,0.00194235,105.4183,1,0.025535,241.817660,-0.00322715,54.3440,1,0.032115,341.241810
2017-12-27,0.00375869,105.7942,1,0.021961,200.484090,-0.00272569,54.0714,1,0.036429,340.207760
2017-12-28,-0.00233433,105.5608,1,0.017763,160.354390,-0.00226051,53.8453,1,0.028421,300.349760
2017-12-29,-0.00423096,105.1377,1,0.016816,160.851670,0.00403713,54.2491,1,0.034417,320.330870
2018-01-02,0.00965876,106.1036,1,0.031134,319.239620,-0.01411444,52.8376,0,0.000000,0.000000
2018-01-03,-0.00488811,105.6147,1,0.018131,142.291530,0.01255122,54.0927,1,0.039418,340.926348
2018-01-04,-0.00506063,105.1087,1,0.009853,102.021500,0.01036664,55.1294,1,0.027596,281.101680
2018-01-05,0.00083024,105.1917,1,0.015706,121.672770,-0.00905119,54.2243,1,0.027789,301.291420
2018-01-08,0.00023907,105.2156,1,0.012443,101.820110,0.01418028,55.6423,1,0.040212,360.622190
2018-01-09,-0.00202538,105.0131,1,0.017208,141.561370,-0.00106245,55.5361,0,0.000000,0.000000
2018-01-10,-0.00152982,104.8601,1,0.018802,161.423710,0.00234210,55.7703,1,0.029980,262.510731
2018-01-11,0.00109051,104.9691,1,0.020819,161.311660,0.00722428,56.4927,1,0.026832,299.472390
2018-01-12,-0.00457301,104.5118,1,0.021291,181.678850,0.00897699,57.3904,1,0.032361,301.620900
2018-01-16,0.00421410,104.9333,1,0.012350,101.579510,-0.00488873,56.9015,1,0.027233,261.322940
2018-01-17,-0.00599783,104.3335,1,0.027583,199.992700,0.00634691,57.5362,1,0.036459,339.936820
2018-01-18,0.00187363,104.5208,1,0.016847,201.914160,-0.00611619,56.9246,0,0.000000,0.000000
2018-01-19,-0.00467914,104.0529,1,0.018574,142.569710,0.00252698,57.1773,1,0.043782,342.587183
2018-01-22,-0.00408032,103.6449,1,0.020322,161.594980,0.01145481,58.3228,1,0.029329,302.412660
2018-01-23,0.00345415,103.9903,1,0.018215,142.398330,-0.01414741,56.9080,1,0.027981,241.963110
2018-01-24,0.00468073,104.4584,1,0.013337,161.083570,0.00280136,57.1882,1,0.039124,322.584500
2018-01-25,0.00055379,104.5138,1,0.019521,142.364350,0.00029027,57.2172,1,0.034603,320.317440
2018-01-26,0.00446258,104.9600,1,0.016112,121.331540,-0.00944133,56.2731,1,0.036853,321.148370
2018-01-29,-0.00605851,104.3542,1,0.006051,80.196810,0.02053095,58.3262,1,0.031005,361.916680
2018-01-30,0.01713433,106.0676,1,0.014817,121.645460,-0.02144697,56.1815,0,0.000000,0.000000
2018-01-31,0.01252443,107.3200,0,0.000000,0.000000,0.00927832,57.1093,1,0.063178,375.746164
2018-02-01,0.00698173,108.0182,1,0.044307,300.729994,-0.02180128,54.9292,1,0.039588,261.272830
2018-02-02,-0.00353900,107.6643,1,0.038530,220.239120,-0.00424983,54.5042,1,0.051753,378.464460
2018-02-05,-0.01209262,106.4551,0,0.000000,0.000000,0.00471607,54.9758,0,0.000000,0.000000
2018-02-06,-0.00157157,106.2979,0,0.000000,0.000000,0.00236826,55.2126,0,0.000000,0.000000
2018-02-07,0.00600223,106.8981,1,0.021607,201.473511,-0.02548614,52.6640,1,0.036174,335.858290
2018-02-08,0.01069348,107.9675,1,0.008772,80.876070,-0.00002972,52.6610,1,0.040992,359.751880
2018-02-09,-0.00061557,107.9059,0,0.000000,0.000000,0.00267999,52.9290,0,0.000000,0.000000
2018-02-12,-0.00187876,107.7180,1,0.017496,161.892885,-0.00864100,52.0649,0,0.000000,0.000000
2018-02-13,-0.00060739,107.6573,1,0.017339,162.269800,0.01305408,53.3703,0,0.000000,0.000000
2018-02-14,-0.00278371,107.3789,1,0.013381,121.215020,-0.01214692,52.1556,1,0.018782,203.098963
2018-02-15,0.00029159,107.4081,1,0.019511,182.935510,-0.00041336,52.1143,1,0.044366,362.322910
2018-02-16,0.00402690,107.8108,1,0.011440,122.749410,-0.00801004,51.3133,1,0.045224,343.273790
2018-02-20,-0.00895477,106.9153,1,0.014947,122.036310,-0.00780433,50.5329,1,0.045763,380.422440
2018-02-21,0.00270176,107.1855,1,0.017764,160.565090,-0.00111278,50.4216,1,0.040158,340.153570
2018-02-22,-0.00200061,106.9854,1,0.015831,121.739000,-0.00205829,50.2158,1,0.034139,319.198380
2018-02-23,-0.00282000,106.7034,1,0.016480,141.914910,-0.00038049,50.1777,1,0.040279,341.809770
2018-02-26,0.00385874,107.0893,1,0.010536,103.412520,-0.00211787,49.9659,0,0.000000,0.000000
2018-02-27,-0.00574593,106.5147,1,0.013043,122.242190,0.00909280,50.8752,1,0.034210,324.017563
2018-02-28,0.01222908,107.7376,1,0.017172,142.184930,0.00649383,51.5246,0,0.000000,0.000000
2018-03-01,0.00027064,107.7647,1,0.017316,180.524860,0.00003547,51.5281,0,0.000000,0.000000
2018-03-02,-0.00381137,107.3835,1,0.025227,160.301580,-0.00905711,50.6224,1,0.056001,337.292732
2018-03-05,0.00281511,107.6650,1,0.028219,242.105310,-0.00789333,49.8331,1,0.040693,341.417110
2018-03-06,0.00204718,107.8698,1,0.015282,162.588750,0.00749020,50.5821,0,0.000000,0.000000
2018-03-07,-0.02109180,105.7606,1,0.015620,141.599480,0.00569471,51.1516,1,0.024389,244.517856
2018-03-08,-0.01103197,104.6574,1,0.016127,143.457820,0.01618708,52.7703,1,0.027332,280.160260
2018-03-09,-0.00730461,103.9269,1,0.017381,142.511370,-0.00944109,51.8262,1,0.029329,282.744620
2018-03-12,-0.00495734,103.4312,1,0.008494,83.269760,0.01434798,53.2610,0,0.000000,0.000000
2018-03-13,0.01313240,104.7444,1,0.008620,101.292060,-0.00372846,52.8881,1,0.029046,263.471494
2018-03-14,0.00277624,105.0220,1,0.014346,122.006880,0.00531355,53.4195,1,0.037415,319.936980
2018-03-15,0.00580536,105.6026,1,0.024024,201.175490,0.00923478,54.3430,1,0.034342,320.410890
2018-03-16,-0.00104612,105.4980,1,0.018132,180.572780,-0.00175532,54.1674,1,0.031942,301.187600
2018-03-19,-0.00336012,105.1620,1,0.019832,161.511540,-0.00191597,53.9758,0,0.000000,0.000000
2018-03-20,-0.00208055,104.9539,1,0.018905,161.206500,0.00528742,54.5046,0,0.000000,0.000000
2018-03-21,-0.00714464,104.2394,1,0.022944,161.370590,0.00794587,55.2992,1,0.028103,279.920948
2018-03-22,0.01591067,105.8305,1,0.021673,183.565680,-0.00481571,54.8176,1,0.025921,281.604810
2018-03-23,0.00486593,106.3171,1,0.029657,258.524740,-0.00463174,54.3544,0,0.000000,0.000000
2018-03-26,0.00283758,106.6009,1,0.019392,219.356670,0.00516831,54.8713,0,0.000000,0.000000
2018-03-27,0.00916834,107.5177,1,0.040016,284.390750,-0.00977519,53.8937,0,0.000000,0.000000
2018-03-28,-0.00098543,107.4191,1,0.026883,180.573390,0.02493689,56.3874,1,0.040401,355.991681
2018-03-29,0.00361979,107.7811,1,0.026981,240.905080,-0.00464852,55.9226,1,0.025852,222.057730
2018-04-02,-0.01009882,106.7712,1,0.027652,222.703540,0.01861544,57.7841,0,0.000000,0.000000
2018-04-03,0.00685645,107.4569,1,0.023065,219.651190,-0.00547696,57.2364,0,0.000000,0.000000
2018-04-04,0.01451224,108.9081,1,0.030826,282.464810,-0.01168523,56.0679,0,0.000000,0.000000
2018-04-05,-0.00139113,108.7690,1,0.021663,162.546350,-0.00953181,55.1147,0,0.000000,0.000000
2018-04-06,-0.03012324,105.7567,1,0.017474,101.783090,0.00991297,56.1060,1,0.043253,345.152951
2018-04-09,-0.00317294,105.4394,1,0.021044,158.212970,-0.00582066,55.5239,0,0.000000,0.000000
2018-04-10,0.01380208,106.8196,1,0.023752,180.609070,0.01019304,56.5433,1,0.036276,335.181638
2018-04-11,-0.00727633,106.0920,1,0.010393,102.832100,-0.00733566,55.8097,1,0.028726,263.019960
2018-04-12,0.01083145,107.1751,1,0.006655,81.240140,-0.01365382,54.4443,1,0.038082,339.596060
2018-04-13,0.00709205,107.8843,1,0.016235,122.692040,-0.00732910,53.7114,1,0.053690,361.784340
2018-04-16,0.00211390,108.0957,1,0.010400,81.547620,0.00015294,53.7267,1,0.048226,360.604260
2018-04-17,0.00202473,108.2982,1,0.011537,162.035610,-0.00084306,53.6424,0,0.000000,0.000000
2018-04-18,0.00547955,108.8461,1,0.014135,162.367310,0.00262676,53.9051,0,0.000000,0.000000
2018-04-19,0.00483239,109.3294,1,0.008541,81.499550,-0.00215078,53.6900,1,0.029118,304.989519
2018-04-20,-0.01044811,108.2846,1,0.017361,140.801540,0.00554834,54.2448,0,0.000000,0.000000
2018-04-23,0.00161116,108.4457,1,0.018554,181.589070,-0.00237595,54.0072,0,0.000000,0.000000
2018-04-24,0.00566782,109.0125,1,0.020618,141.145050,0.01131609,55.1388,1,0.041371,336.791765
2018-04-25,0.00289311,109.3018,1,0.023749,181.603780,-0.00116377,55.0225,1,0.027067,201.442800
2018-04-26,-0.00468035,108.8337,1,0.025175,160.908740,0.00331635,55.3541,1,0.042565,301.117450
2018-04-27,0.00043528,108.8773,1,0.019482,201.655880,0.00107054,55.4611,1,0.033506,321.482140
2018-04-30,-0.00781219,108.0960,1,0.021209,161.178550,0.00430002,55.8911,1,0.034508,301.062680
2018-05-01,-0.01017677,107.0784,1,0.025577,180.834630,0.00665007,56.5561,1,0.039833,320.052350
2018-05-02,0.00525339,107.6037,1,0.024591,162.511660,-0.00389308,56.1668,1,0.037888,321.171980
2018-05-03,0.00523389,108.1271,1,0.015281,161.221090,0.00181565,56.3484,1,0.032905,359.905260
2018-05-04,0.01096842,109.2239,1,0.028798,221.885570,-0.00488879,55.8595,1,0.028069,281.236470
2018-05-07,0.00828836,110.0528,1,0.024844,202.219040,0.00874106,56.7336,0,0.000000,0.000000
2018-05-08,0.00211947,110.2647,1,0.015983,160.748220,0.01274807,58.0084,1,0.024123,282.948244
2018-05-09,-0.00814138,109.4506,1,0.013408,121.365490,0.01003642,59.0121,1,0.031188,241.831410
2018-05-10,-0.00149899,109.3007,1,0.010999,101.475830,-0.00217982,58.7941,1,0.031442,242.021530
2018-05-11,-0.00491853,108.8088,1,0.014963,121.734440,-0.00569341,58.2248,0,0.000000,0.000000
2018-05-14,-0.00434876,108.3739,1,0.009486,101.225870,0.01250329,59.4751,1,0.036771,342.255262
2018-05-15,-0.00872875,107.5011,1,0.015475,161.286470,0.00522820,59.9979,1,0.022120,260.908440
2018-05-16,-0.00150076,107.3510,1,0.014566,101.746460,0.00913132,60.9110,1,0.029858,280.607140
2018-05-17,-0.00306005,107.0450,1,0.015245,121.288430,0.01078344,61.9894,1,0.027836,241.110330
2018-05-18,-0.01646907,105.3981,1,0.014337,121.526920,0.00169715,62.1591,1,0.026485,240.674140
2018-05-21,0.00336497,105.7346,1,0.018353,99.732950,0.00799863,62.9590,1,0.037437,300.540740
2018-05-22,0.00754455,106.4890,1,0.018565,142.031230,-0.00870438,62.0885,1,0.032858,301.660120
2018-05-23,0.00445866,106.9349,1,0.020984,140.934320,-0.00181245,61.9073,1,0.041085,339.089440
2018-05-24,0.00102893,107.0378,1,0.023027,161.817290,0.01195972,63.1033,1,0.044408,301.126400
2018-05-25,0.00791012,107.8288,1,0.016138,141.076960,0.00880118,63.9834,1,0.029202,261.494960
2018-05-29,-0.01205058,106.6237,1,0.019568,160.421290,0.01901351,65.8847,1,0.037169,281.663620
2018-05-30,-0.00024269,106.5995,1,0.010679,102.823970,-0.00580720,65.3040,1,0.025860,241.085300
2018-05-31,0.00044778,106.6443,1,0.018712,142.328070,-0.00715126,64.5889,0,0.000000,0.000000
2018-06-01,0.00863779,107.5080,1,0.030711,219.962510,0.00322183,64.9111,1,0.041237,381.080152
2018-06-04,0.01051462,108.5595,1,0.032658,242.343310,0.00907854,65.8189,1,0.042416,341.187480
2018-06-05,0.00402690,108.9622,1,0.014200,143.369180,0.01089683,66.9086,1,0.025017,262.703190
2018-06-06,-0.00037469,108.9247,1,0.020159,140.029870,0.01133943,68.0425,1,0.025677,221.234500
2018-06-07,0.02475135,111.3999,1,0.020975,161.984030,-0.01606236,66.4363,1,0.037516,282.639500
2018-06-08,-0.00011040,111.3888,1,0.027740,201.110370,-0.00262195,66.1741,1,0.048155,400.105560
2018-06-11,-0.00093788,111.2950,1,0.023548,181.702320,0.01116302,67.2904,0,0.000000,0.000000
2018-06-12,0.00051129,111.3462,1,0.015391,140.900920,-0.01555390,65.7350,1,0.030570,263.675070
2018-06-13,-0.00482707,110.8634,1,0.016877,121.613020,0.00258931,65.9939,1,0.037459,360.989860
2018-06-14,-0.00346178,110.5173,1,0.014288,140.087130,-0.00278080,65.7159,1,0.025920,280.079710
2018-06-15,0.00390701,110.9080,1,0.014269,141.421550,-0.00259977,65.4559,1,0.037977,360.475040
2018-06-18,0.00840740,111.7487,1,0.012630,121.342910,-0.00993432,64.4625,1,0.034712,340.947880
2018-06-19,0.00394919,112.1436,1,0.019421,161.315710,-0.00022845,64.4396,1,0.036815,360.734200
2018-06-20,0.00509419,112.6531,1,0.015031,121.784320,0.00597740,65.0374,1,0.030290,320.416490
2018-06-21,-0.00084934,112.5681,1,0.020444,141.265010,-0.01559571,63.4778,1,0.029501,301.400210
2018-06-22,0.00316970,112.8851,1,0.013940,160.898090,0.01164076,64.6419,1,0.030424,321.112370
2018-06-25,0.02012140,114.8972,1,0.025650,221.484650,0.02077244,66.7191,1,0.023656,222.490560
2018-06-26,-0.00223095,114.6741,1,0.035395,221.746170,-0.00127577,66.5915,1,0.028337,240.584580
2018-06-27,-0.00548660,114.1255,1,0.019550,181.676380,0.00902539,67.4941,1,0.040951,361.895540
2018-06-28,-0.00211901,113.9136,1,0.019941,160.600690,-0.00466615,67.0275,1,0.031905,299.464470
2018-06-29,0.00314100,114.2277,1,0.025490,181.457480,0.00080324,67.1078,0,0.000000,0.000000
2018-07-02,0.00778426,115.0061,1,0.047704,140.558450,-0.00615840,66.4919,1,0.055830,321.777064
2018-07-03,-0.00323847,114.6823,1,0.017027,122.280830,-0.00820024,65.6719,1,0.027174,240.459790
2018-07-05,-0.00015193,114.6671,1,0.038473,221.025900,-0.00542514,65.1294,1,0.048204,340.527150
2018-07-06,-0.00188311,114.4787,1,0.010391,161.793300,0.00234463,65.3639,0,0.000000,0.000000
2018-07-09,0.00407159,114.8859,1,0.017791,181.598580,-0.01144485,64.2194,0,0.000000,0.000000
2018-07-10,-0.00445964,114.4399,1,0.018324,141.674530,-0.00455194,63.7642,1,0.044824,345.303545
2018-07-11,0.00272477,114.7124,1,0.015513,121.185540,-0.00848647,62.9155,1,0.041627,361.086710
2018-07-12,-0.00301917,114.4105,1,0.017967,180.956910,-0.00413136,62.5024,1,0.038136,378.627680
2018-07-13,0.00090515,114.5010,1,0.019495,200.734490,-0.00493983,62.0084,1,0.040773,320.978740
2018-07-16,0.00267044,114.7681,1,0.009436,80.872230,-0.00980867,61.0275,1,0.037627,360.288610
2018-07-17,0.00216878,114.9849,1,0.012472,100.849400,0.00158389,61.1859,1,0.042191,339.108140
2018-07-18,-0.00197951,114.7870,1,0.010531,101.714930,-0.00251784,60.9342,1,0.026664,321.797140
2018-07-19,0.00221982,115.0090,1,0.019018,101.581220,-0.02076835,58.8573,1,0.030415,319.854220
2018-07-20,0.00094915,115.1039,1,0.023975,181.318640,-0.01223773,57.6335,1,0.051743,379.976280
2018-07-23,0.00293885,115.3978,1,0.017485,160.604630,0.00319393,57.9529,1,0.040287,379.649470
2018-07-24,-0.00363354,115.0344,1,0.021794,159.711670,0.00396420,58.3494,1,0.023250,240.313820
2018-07-25,-0.00659282,114.3751,1,0.013252,101.075960,-0.00410632,57.9387,1,0.033532,300.338730
2018-07-26,0.02010034,116.3852,1,0.016616,102.150670,-0.02732747,55.2060,1,0.044277,322.548060
2018-07-27,-0.00893576,115.4916,1,0.023106,202.652850,0.01509812,56.7158,1,0.040898,382.845190
2018-07-30,0.01269285,116.7609,1,0.017915,160.565270,0.01451682,58.1675,1,0.022198,240.201550
2018-07-31,-0.00719147,116.0417,1,0.024807,201.890480,-0.00512470,57.6550,1,0.023480,241.195240
2018-08-01,0.00451641,116.4934,1,0.016899,180.880580,-0.00082668,57.5723,1,0.036108,360.729270
2018-08-02,0.00780769,117.2741,1,0.018301,121.406520,0.00681133,58.2535,1,0.046337,299.928980
2018-08-03,-0.00045808,117.2283,1,0.024618,120.696310,-0.00169295,58.0842,1,0.028585,302.359170
2018-08-06,0.00362146,117.5905,1,0.015654,121.777710,-0.00526530,57.5576,1,0.035310,341.374250
2018-08-07,0.00472495,118.0630,1,0.015535,141.530720,0.00428061,57.9857,1,0.025109,321.026580
2018-08-08,0.01092223,119.1552,1,0.014507,121.336090,0.00357558,58.3433,1,0.034812,301.258990
2018-08-09,-0.00167385,118.9878,1,0.013965,121.661590,0.00692624,59.0359,1,0.024226,260.855030
2018-08-10,0.00805080,119.7929,1,0.013040,101.910080,-0.00391404,58.6445,1,0.030144,240.707170
2018-08-13,0.00047745,119.8406,1,0.011705,120.682660,-0.00164854,58.4796,1,0.027754,340.200140
2018-08-14,0.00895946,120.7366,1,0.014964,120.896670,-0.00254302,58.2253,1,0.038072,340.058740
2018-08-15,0.00600465,121.3370,1,0.024385,182.003790,-0.00995732,57.2296,1,0.038832,341.563350
2018-08-16,0.00417869,121.7549,1,0.011821,142.293830,0.00451573,57.6812,1,0.026387,319.613740
2018-08-17,-0.00329316,121.4256,1,0.012576,121.821090,0.00488908,58.1701,0,0.000000,0.000000
2018-08-20,-0.00433140,120.9925,1,0.021670,161.832440,-0.00205662,57.9644,0,0.000000,0.000000
2018-08-21,0.00193882,121.1863,1,0.009228,81.424150,-0.00522144,57.4423,1,0.026654,323.825758
2018-08-22,0.00405515,121.5919,1,0.012875,121.673390,0.00731550,58.1738,1,0.022700,299.422050
2018-08-23,-0.00106785,121.4851,1,0.018235,161.122370,0.02570346,60.7442,1,0.020754,220.954730
2018-08-24,-0.01682758,119.8023,1,0.017628,120.885850,-0.01145350,59.5988,1,0.026150,222.184960
2018-08-27,-0.00393467,119.4088,1,0.018067,122.946470,0.00873443,60.4723,1,0.037937,320.518680
2018-08-28,-0.00376565,119.0323,1,0.019175,121.986600,0.00015957,60.4882,1,0.029073,301.347020
2018-08-29,0.00368920,119.4012,1,0.004210,61.510710,-0.00663080,59.8251,1,0.035450,340.363650
2018-08-30,0.00174794,119.5760,1,0.012366,101.437570,0.00562447,60.3876,1,0.036213,360.815170
2018-08-31,0.00202768,119.7788,1,0.015162,161.340800,0.00019314,60.4069,1,0.028306,240.611060
2018-09-04,0.00640717,120.4195,1,0.018983,181.241030,0.00232829,60.6397,1,0.032361,300.629820
2018-09-05,0.00264998,120.6845,1,0.014272,122.279380,0.00014722,60.6544,1,0.025678,280.876090
2018-09-06,0.00051648,120.7361,1,0.012542,142.266830,0.01175990,61.8304,1,0.045260,361.010500
2018-09-07,-0.00596723,120.1394,1,0.020763,141.665950,0.01323035,63.1535,1,0.041405,301.069730
2018-09-10,0.00712189,120.8516,1,0.009561,120.712620,0.00420619,63.5741,1,0.029191,241.189720
2018-09-11,0.00159107,121.0107,1,0.018123,181.244110,0.00201337,63.7754,1,0.030033,281.540030
2018-09-12,0.00729185,121.7399,1,0.012785,121.536450,-0.00332487,63.4429,1,0.030997,281.233510
2018-09-13,-0.00131233,121.6087,1,0.017573,121.777870,-0.00913257,62.5297,1,0.039537,321.317590
2018-09-14,-0.00619320,120.9893,1,0.019900,181.544160,0.00092661,62.6223,1,0.046949,360.665760
2018-09-17,0.00375213,121.3645,1,0.012847,120.684900,-0.01321570,61.3008,1,0.028010,281.512830
2018-09-18,-0.00826443,120.5381,1,0.006963,102.462640,-0.00407718,60.8931,1,0.031008,359.557340
2018-09-19,-0.01472626,119.0655,1,0.009056,120.872800,0.00346405,61.2395,1,0.030935,321.143830
2018-09-20,-0.00565029,118.5004,1,0.009759,102.356610,0.00093737,61.3332,1,0.030513,299.800500
2018-09-21,-0.00108138,118.3923,1,0.013338,122.055290,-0.00433910,60.8993,0,0.000000,0.000000
2018-09-24,0.00064871,118.4572,1,0.010599,101.035060,-0.00039463,60.8598,1,0.036093,341.931523
2018-09-25,-0.00248997,118.2082,1,0.013107,140.784750,0.01097505,61.9573,1,0.029135,339.564710
2018-09-26,0.00232479,118.4407,1,0.016761,141.060910,-0.00193630,61.7637,1,0.025310,260.945000
2018-09-27,-0.00231049,118.2096,1,0.024489,180.399080,0.00742637,62.5063,1,0.040353,318.946960
2018-09-28,0.00517602,118.7272,1,0.023308,220.555840,0.01162942,63.6693,1,0.032378,300.856450
2018-10-01,0.00001690,118.7289,1,0.014790,161.196570,-0.00647650,63.0216,1,0.014480,181.951840
2018-10-02,-0.00354440,118.3745,1,0.015550,101.331720,0.01778606,64.8002,1,0.031884,358.588690
2018-10-03,-0.00576792,117.7977,1,0.006682,101.446290,-0.00561653,64.2386,1,0.020603,242.341530
2018-10-04,-0.00746780,117.0509,1,0.020940,141.404210,0.00047205,64.2858,1,0.038565,320.476810
2018-10-05,-0.00882507,116.1684,1,0.017627,140.760520,0.01387113,65.6729,1,0.037797,319.634130
2018-10-08,0.00116068,116.2845,1,0.012172,140.697280,0.02232492,67.9054,1,0.026628,241.728610
2018-10-09,-0.00463111,115.8213,1,0.021741,142.383760,-0.00184108,67.7213,1,0.030108,302.055080
2018-10-10,-0.00724428,115.0969,1,0.006938,81.747510,-0.00164984,67.5563,1,0.034774,359.727840
2018-10-11,-0.00258865,114.8381,1,0.025505,238.913710,-0.00936969,66.6193,0,0.000000,0.000000
2018-10-12,0.00633490,115.4715,0,0.000000,0.000000,-0.00216917,66.4024,0,0.000000,0.000000
2018-10-15,0.00447896,115.9194,1,0.033564,280.369290,-0.01107444,65.2950,1,0.039544,335.306734
2018-10-16,0.00424580,116.3440,1,0.021120,181.248460,-0.01177310,64.1177,1,0.042300,379.449560
2018-10-17,-0.01222966,115.1211,1,0.027676,184.697560,-0.00785925,63.3317,0,0.000000,0.000000
2018-10-18,-0.00016683,115.1044,1,0.018743,120.331310,0.00063815,63.3956,1,0.053755,384.398360
2018-10-19,-0.00018210,115.0862,1,0.014200,101.624440,0.02933477,66.3290,1,0.039373,319.382950
2018-10-22,-0.00609046,114.4771,1,0.011916,101.958130,-0.01053551,65.2755,1,0.026271,222.526510
2018-10-23,-0.00866844,113.6103,1,0.017694,121.634030,-0.00029362,65.2461,1,0.044482,380.025040
2018-10-24,0.00052949,113.6632,1,0.010061,62.323610,0.01911100,67.1572,1,0.044000,300.912480
2018-10-25,0.01001824,114.6650,1,0.030066,180.220270,-0.01422917,65.7343,1,0.050197,336.963340
2018-10-26,0.01628271,116.2933,1,0.035219,244.161390,0.00363432,66.0977,1,0.052558,384.102960
2018-10-29,-0.00546498,115.7468,1,0.034558,200.561050,-0.01495735,64.6020,0,0.000000,0.000000
2018-10-30,-0.01375707,114.3711,1,0.036337,221.707340,0.00292557,64.8946,1,0.051053,358.592826
2018-10-31,0.02580429,116.9515,1,0.019691,164.925570,-0.01733572,63.1610,0,0.000000,0.000000
2018-11-01,0.00355334,117.3069,1,0.017076,162.778640,0.01631508,64.7925,1,0.039092,383.364037
2018-11-02,0.00450613,117.7575,1,0.021397,145.974270,-0.00298855,64.4936,1,0.038505,286.213680
2018-11-05,0.00174793,117.9323,1,0.020077,161.039870,-0.01784027,62.7096,1,0.030497,339.831830
2018-11-06,-0.01191708,116.7406,1,0.014398,142.065110,0.00660314,63.3699,1,0.044556,401.993350
2018-11-07,0.01199754,117.9403,1,0.031286,161.599630,-0.01737226,61.6327,1,0.039606,281.641870
2018-11-08,-0.00984947,116.9554,1,0.034337,203.104620,0.00129982,61.7627,0,0.000000,0.000000
2018-11-09,0.00788614,117.7440,1,0.027706,161.767310,-0.00257737,61.5049,1,0.051187,322.376323
2018-11-12,-0.00618064,117.1259,1,0.018724,142.206400,0.04525032,66.0300,1,0.039408,339.835650
2018-11-13,-0.00699478,116.4264,1,0.021408,162.364380,-0.00392584,65.6374,1,0.023854,163.319960
2018-11-14,-0.00424549,116.0019,1,0.015159,141.737150,-0.00439478,65.1979,1,0.034388,341.619930
2018-11-15,-0.01789664,114.2122,1,0.015044,101.533410,0.02449281,67.6472,1,0.044289,279.796130
2018-11-16,-0.00737122,113.4751,1,0.026322,181.103260,-0.01219349,66.4278,1,0.039069,244.109210
2018-11-19,-0.00525578,112.9495,1,0.026648,202.944700,-0.00008124,66.4197,1,0.045054,364.445020
2018-11-20,0.00776484,113.7260,1,0.020046,181.538850,-0.01080485,65.3392,1,0.046915,358.209810
2018-11-21,-0.00709899,113.0161,0,0.000000,0.000000,-0.02222936,63.1163,0,0.000000,0.000000
2018-11-23,0.00062957,113.0791,1,0.026703,240.688135,-0.00489788,62.6265,1,0.050238,380.762287
2018-11-26,0.00250895,113.3300,1,0.043835,161.423740,-0.00988333,61.6382,1,0.078073,340.058850
2018-11-27,-0.00021968,113.3080,1,0.028808,203.688950,-0.00553502,61.0847,1,0.045092,323.332240
2018-11-28,-0.01007913,112.3001,1,0.022753,181.354880,-0.01452165,59.6325,1,0.052015,320.563550
2018-11-29,0.00323675,112.6238,1,0.021425,163.768780,-0.01660365,57.9721,1,0.046775,363.589990
2018-11-30,0.00089896,112.7137,1,0.020204,161.703200,-0.00271438,57.7007,1,0.035758,379.501690
2018-12-03,0.00590631,113.3043,1,0.023579,222.150740,-0.00650871,57.0498,1,0.036201,341.495020
2018-12-04,-0.00810650,112.4936,1,0.017510,144.172550,0.01060847,58.1107,0,0.000000,0.000000
2018-12-06,0.00925495,113.4191,1,0.036765,277.136020,0.00359954,58.4706,0,0.000000,0.000000
2018-12-07,-0.00210018,113.2091,1,0.036278,240.505020,-0.00137204,58.3334,1,0.048314,299.554252
2018-12-10,-0.01386236,111.8229,1,0.035716,239.548940,0.00218045,58.5515,0,0.000000,0.000000
2018-12-11,-0.01447641,110.3752,1,0.032691,242.435020,0.00780255,59.3317,1,0.038115,279.183306
2018-12-12,0.00561022,110.9363,1,0.021918,162.023130,-0.01052106,58.2796,1,0.035246,241.187670
2018-12-13,-0.01586269,109.3500,1,0.028159,161.778420,-0.01623264,56.6564,1,0.053054,361.684280
2018-12-14,0.00073303,109.4233,1,0.017647,121.716550,0.01140493,57.7969,1,0.055167,380.516790
2018-12-17,0.01102216,110.5255,1,0.023554,161.354710,-0.01167076,56.6298,0,0.000000,0.000000
2018-12-18,0.00770329,111.2958,0,0.000000,0.000000,0.00198530,56.8283,0,0.000000,0.000000
2018-12-19,-0.01103889,110.1920,1,0.027549,200.637801,-0.01008050,55.8203,1,0.034510,257.687225
2018-12-20,-0.01373269,108.8187,0,0.000000,0.000000,0.00493525,56.3138,0,0.000000,0.000000
2018-12-21,-0.00866061,107.9526,0,0.000000,0.000000,0.00399096,56.7129,0,0.000000,0.000000
2018-12-24,0.00599693,108.5523,0,0.000000,0.000000,-0.00351523,56.3614,0,0.000000,0.000000
2018-12-26,0.01925247,110.4776,0,0.000000,0.000000,0.00960878,57.3222,0,0.000000,0.000000
2018-12-27,0.00032791,110.5104,1,0.024739,181.568307,0.00573731,57.8960,0,0.000000,0.000000
2018-12-28,-0.00057883,110.4525,1,0.018833,162.192650,0.00111492,58.0075,0,0.000000,0.000000
2018-12-31,-0.00812480,109.6400,1,0.038920,180.738630,-0.00322332,57.6851,1,0.055092,299.576427
2019-01-02,-0.00160093,109.4799,1,0.046053,281.216820,-0.01354483,56.3306,0,0.000000,0.000000
2019-01-03,0.00329267,109.8092,1,0.041313,279.418100,-0.01011633,55.3190,1,0.050313,341.339942
2019-01-04,-0.02753099,107.0561,1,0.052869,280.957960,-0.01915311,53.4037,1,0.060801,359.563760
2019-01-07,-0.00826219,106.2299,1,0.022509,224.416390,-0.00295004,53.1087,0,0.000000,0.000000
2019-01-08,-0.00054466,106.1754,1,0.031696,202.449530,-0.00059682,53.0490,1,0.047492,348.528430
2019-01-09,0.00277901,106.4533,1,0.029379,203.030710,0.01188775,54.2378,0,0.000000,0.000000
2019-01-10,-0.00609743,105.8435,1,0.039943,262.528260,-0.00847484,53.3903,1,0.045624,304.780725
2019-01-11,0.00162131,106.0057,1,0.031059,203.469420,-0.00191553,53.1988,0,0.000000,0.000000
2019-01-14,0.00475146,106.4808,1,0.043394,259.949090,-0.00725637,52.4731,1,0.062417,321.986152
2019-01-15,-0.00180784,106.3000,1,0.031014,220.872900,-0.00073434,52.3997,1,0.036044,318.677080
2019-01-16,0.01285435,107.5855,1,0.043295,281.389390,-0.00512387,51.8873,0,0.000000,0.000000
2019-01-17,-0.00642659,106.9428,1,0.038769,240.434990,0.00732119,52.6194,1,0.041401,303.619128
2019-01-18,-0.00988779,105.9540,1,0.032609,261.657490,0.00028027,52.6474,0,0.000000,0.000000
2019-01-22,0.01119420,107.0735,1,0.041680,202.700250,0.00216225,52.8637,0,0.000000,0.000000
2019-01-23,0.00055282,107.1287,1,0.029808,219.930900,0.00144327,53.0080,0,0.000000,0.000000
2019-01-24,-0.00815531,106.3132,1,0.033151,240.187030,-0.01448715,51.5593,1,0.047105,301.777123
2019-01-25,-0.02297420,104.0158,1,0.027180,220.482440,0.01368146,52.9274,1,0.042594,321.762190
2019-01-28,0.00046345,104.0621,1,0.024855,204.300820,-0.00508976,52.4184,1,0.030386,243.318500
2019-01-29,-0.00623484,103.4386,1,0.039244,280.658200,0.00021741,52.4402,1,0.050959,340.094490
2019-01-30,-0.00645403,102.7932,1,0.013173,140.990080,-0.00278288,52.1619,1,0.033898,300.568040
2019-01-31,-0.00676541,102.1167,1,0.028081,222.449650,0.00069996,52.2319,0,0.000000,0.000000
2019-02-01,0.00631575,102.7483,1,0.021415,182.386280,-0.01428146,50.8038,1,0.040176,323.798063
2019-02-04,0.00865198,103.6135,1,0.038182,280.852770,-0.00575126,50.2286,1,0.055016,380.615310
2019-02-05,0.00867255,104.4807,1,0.024895,221.388620,0.00069054,50.2977,1,0.045236,340.456390
2019-02-06,0.00066897,104.5476,1,0.017993,200.452170,-0.00571571,49.7261,1,0.041971,361.834050
2019-02-07,0.00426056,104.9737,1,0.029174,220.968270,-0.01006386,48.7197,1,0.045956,340.432520
2019-02-08,0.00189827,105.1635,1,0.029783,240.441370,0.00586482,49.3062,1,0.038358,359.568330
2019-02-11,0.00142023,105.3055,1,0.024957,221.600010,-0.00544592,48.7616,1,0.028432,261.488220
2019-02-12,-0.00430252,104.8753,1,0.029852,241.498640,0.00755896,49.5175,1,0.043874,321.023700
2019-02-13,0.00348094,105.2234,1,0.031146,263.379060,-0.01091526,48.4260,1,0.035076,263.008450
2019-02-14,-0.00975078,104.2483,1,0.039408,320.136380,0.00179475,48.6055,1,0.047815,380.823110
2019-02-15,-0.00346626,103.9017,1,0.009066,120.989270,0.00365241,48.9707,1,0.026439,260.749930
2019-02-19,0.00597045,104.4987,1,0.015685,202.460700,-0.01254078,47.7166,0,0.000000,0.000000
2019-02-20,-0.00365449,104.1333,1,0.032459,260.582910,0.00902179,48.6188,1,0.046731,402.716120
2019-02-21,0.00724012,104.8573,1,0.019718,200.682770,-0.00919340,47.6995,1,0.034980,280.849770
2019-02-22,-0.00240463,104.6168,1,0.041053,320.454730,-0.00481844,47.2176,1,0.056884,359.708900
2019-02-25,-0.00501918,104.1149,1,0.028668,241.743510,0.00233627,47.4512,1,0.041783,361.968420
2019-02-26,0.00819408,104.9343,1,0.021752,201.143370,-0.00944256,46.5070,1,0.039066,300.392270
2019-02-27,0.01490223,106.4245,1,0.036987,220.245440,-0.01078618,45.4284,1,0.062628,359.990510
2019-02-28,0.01027683,107.4522,1,0.036157,222.923390,-0.00165021,45.2633,1,0.069881,342.792990
2019-03-01,0.00258824,107.7110,1,0.034616,319.492440,0.00311716,45.5751,1,0.031264,299.805900
2019-03-04,0.01515201,109.2262,1,0.038039,281.649080,-0.00684097,44.8910,1,0.040907,321.758840
2019-03-05,0.00580148,109.8064,1,0.033852,259.892720,0.00903959,45.7949,1,0.045951,319.636210
2019-03-06,0.00250177,110.0566,1,0.032353,220.414440,0.00451812,46.2467,1,0.042118,300.701870
2019-03-07,-0.00914135,109.1424,1,0.034505,260.134650,0.01203612,47.4503,1,0.035858,319.521550
2019-03-08,-0.00290990,108.8514,1,0.021000,180.543850,-0.00136219,47.3141,1,0.027639,262.080890
2019-03-11,-0.00907095,107.9443,1,0.027435,219.581210,-0.00230820,47.0833,1,0.038120,300.302220
2019-03-12,-0.01797459,106.1469,1,0.032109,242.811300,0.00158644,47.2420,0,0.000000,0.000000
2019-03-13,0.00107371,106.2543,1,0.036469,241.434050,-0.00185869,47.0561,1,0.053189,303.291775
2019-03-14,0.00310554,106.5648,1,0.035046,261.033880,0.00312761,47.3688,1,0.044499,321.008800
2019-03-15,-0.00047756,106.5171,1,0.039366,279.797040,0.00129618,47.4985,1,0.037392,280.426080
2019-03-18,0.00168678,106.6857,1,0.021412,241.338410,-0.00463965,47.0345,1,0.029595,321.233570
2019-03-19,0.00098178,106.7839,1,0.024632,201.036290,0.00010074,47.0446,1,0.040716,301.615130
2019-03-20,0.00298541,107.0824,1,0.027789,220.766570,0.00388552,47.4331,1,0.033148,300.129110
2019-03-21,0.00385796,107.4682,1,0.023394,181.337190,0.00256766,47.6899,1,0.043234,320.515700
2019-03-22,-0.01121308,106.3469,1,0.036688,283.390790,-0.00114223,47.5757,0,0.000000,0.000000
2019-03-25,-0.00130478,106.2165,1,0.028528,200.975140,0.00675854,48.2515,1,0.046086,343.361828
2019-03-26,0.00806752,107.0232,1,0.035808,201.708910,-0.00702060,47.5495,1,0.044440,261.556240
2019-03-27,0.00251545,107.2748,1,0.040735,241.430320,0.01092706,48.6422,0,0.000000,0.000000
2019-03-28,-0.00094818,107.1799,1,0.034998,239.504560,0.01282595,49.9248,1,0.033695,261.560861
2019-03-29,0.00065187,107.2451,1,0.022143,162.155100,-0.00146825,49.7779,1,0.033625,222.154190
2019-04-01,-0.00322341,106.9228,1,0.035311,221.565230,0.02238595,52.0165,1,0.049175,321.009380
2019-04-02,-0.00794017,106.1288,1,0.038307,222.909010,0.00728923,52.7455,1,0.040927,263.652690
2019-04-03,-0.00900291,105.2285,1,0.032031,201.154870,0.00560853,53.3063,1,0.043067,281.223730
2019-04-04,-0.01238386,103.9901,1,0.024266,181.652440,0.01101374,54.4077,1,0.039106,301.069440
2019-04-05,0.00219856,104.2099,1,0.040644,240.598680,0.00113671,54.5214,1,0.039419,261.722880
2019-04-08,0.00456339,104.6663,1,0.033831,202.676320,0.00579918,55.1013,0,0.000000,0.000000
2019-04-09,0.00966802,105.6331,1,0.038528,240.309870,-0.00477024,54.6243,1,0.038914,282.294465
2019-04-10,-0.00260498,105.3726,1,0.025498,180.251970,-0.00262271,54.3620,1,0.041141,299.687750
2019-04-11,0.00066687,105.4393,1,0.035513,301.551040,0.00220338,54.5823,1,0.040302,341.774030
2019-04-12,0.00794515,106.2338,1,0.041015,240.500760,0.00467666,55.0500,1,0.043394,301.107000
2019-04-15,0.00309948,106.5437,1,0.041772,281.897850,-0.00502823,54.5472,1,0.043613,321.496980
2019-04-16,-0.00108912,106.4348,1,0.035252,299.509140,-0.01337469,53.2097,1,0.040809,299.839970
2019-04-17,-0.00435646,105.9992,1,0.042376,260.301440,0.01576837,54.7865,1,0.057403,360.453920
2019-04-18,0.00668657,106.6678,1,0.041943,220.524370,-0.01149480,53.6370,1,0.023660,201.281820
2019-04-22,-0.00330180,106.3377,1,0.046970,201.724320,0.00199758,53.8368,1,0.050232,360.772780
2019-04-23,-0.01935835,104.4018,1,0.034725,181.139590,-0.00241200,53.5956,1,0.052900,320.540770
2019-04-24,-0.00380006,104.0218,1,0.025776,182.926530,-0.01804079,51.7915,0,0.000000,0.000000
2019-04-25,-0.01367712,102.6541,1,0.048442,299.870310,0.00443452,52.2350,1,0.064278,382.366979
2019-04-26,0.00608864,103.2630,1,0.036186,221.027470,0.00828783,53.0638,1,0.041067,281.596670
2019-04-29,-0.00095720,103.1672,1,0.039590,261.505430,-0.01393477,51.6703,1,0.037597,241.457230
2019-04-30,0.00199084,103.3663,1,0.037156,260.200410,-0.00079136,51.5911,1,0.054276,340.465400
2019-05-01,-0.00849484,102.5168,1,0.030424,241.280660,0.01230598,52.8217,1,0.044802,341.923880
2019-05-02,0.00392111,102.9090,1,0.048529,239.547980,0.00807280,53.6290,0,0.000000,0.000000
2019-05-03,0.00893935,103.8029,1,0.030485,201.613500,0.00925355,54.5544,1,0.040575,280.734926
2019-05-06,0.00791412,104.5943,1,0.048128,240.365740,-0.00503955,54.0504,1,0.055305,322.751550
2019-05-07,0.00105674,104.7000,1,0.028256,200.588340,0.00961878,55.0123,1,0.047982,319.997890
2019-05-08,0.00276109,104.9761,1,0.022131,180.542310,0.00307856,55.3202,0,0.000000,0.000000
2019-05-09,0.00670782,105.6469,1,0.019658,160.345760,0.00819684,56.1398,1,0.058506,318.436770
2019-05-10,-0.00434479,105.2124,1,0.041599,220.480780,0.00759045,56.8989,1,0.044495,321.084210
2019-05-13,-0.00230932,104.9815,1,0.042642,301.070560,0.02668574,59.5675,1,0.041286,301.615780
2019-05-14,0.00011632,104.9931,1,0.020398,142.321690,-0.02256361,57.3111,1,0.031051,221.502460
2019-05-15,-0.00696446,104.2966,1,0.028146,221.937530,0.00113510,57.4246,1,0.052130,401.588070
2019-05-16,-0.00358950,103.9377,1,0.028680,201.556260,0.00374229,57.7988,1,0.036281,320.874140
2019-05-17,0.00585266,104.5230,1,0.023784,161.666070,-0.00674205,57.1246,1,0.037225,281.764070
2019-05-20,-0.00603554,103.9194,1,0.020104,141.600170,0.01976016,59.1007,1,0.061684,359.180780
2019-05-21,-0.00131328,103.7881,1,0.017748,121.394830,-0.01047803,58.0529,1,0.030523,201.298200
2019-05-22,-0.00558469,103.2296,1,0.040679,222.631200,0.00879502,58.9324,0,0.000000,0.000000
2019-05-23,0.00815885,104.0455,1,0.032755,180.671690,0.02373305,61.3057,1,0.048785,281.653135
2019-05-24,0.00871471,104.9170,1,0.016579,161.208860,-0.00278004,61.0277,1,0.037184,240.568010
2019-05-28,-0.00251016,104.6659,1,0.032546,221.601430,0.00050827,61.0785,1,0.056133,340.036780
2019-05-29,0.01582175,106.2481,1,0.018935,161.050710,-0.00623644,60.4548,0,0.000000,0.000000
2019-05-30,-0.00004819,106.2433,1,0.024219,181.444950,0.00298578,60.7534,1,0.046912,337.734295
2019-05-31,0.00627918,106.8712,1,0.033482,241.304500,0.01105301,61.8587,1,0.042829,281.491190
2019-06-03,0.00253444,107.1247,1,0.040856,280.354140,-0.00315603,61.5431,1,0.038623,261.262070
2019-06-04,0.00530688,107.6554,1,0.052332,281.405820,-0.01275052,60.2681,1,0.051952,322.583940
2019-06-05,0.01761247,109.4166,1,0.033653,263.897900,-0.02598263,57.6698,1,0.043313,364.393660
2019-06-06,-0.00208911,109.2077,1,0.046721,302.237840,0.00282625,57.9524,1,0.060815,402.617110
2019-06-07,0.00653497,109.8612,1,0.043153,261.496950,-0.00367211,57.5852,1,0.038001,282.054500
2019-06-10,-0.00207789,109.6534,1,0.039099,261.457750,0.00750135,58.3353,1,0.042475,341.568550
2019-06-11,-0.01815743,107.8377,1,0.045543,260.842770,0.00459317,58.7947,1,0.055193,320.907230
2019-06-12,0.00780038,108.6177,1,0.043942,241.312620,-0.01266520,57.5281,1,0.055790,281.026850
2019-06-13,0.00083446,108.7011,1,0.027044,201.786360,-0.00772599,56.7555,1,0.048509,339.729490
2019-06-14,0.00236365,108.9375,1,0.029705,201.693790,-0.00839041,55.9165,1,0.055641,341.657610
2019-06-17,-0.00159877,108.7776,1,0.031417,179.951550,0.00324997,56.2415,1,0.061713,339.240500
2019-06-18,-0.00038312,108.7393,1,0.041092,221.610560,0.00062414,56.3039,1,0.058696,341.505670
2019-06-19,0.00068925,108.8082,1,0.035405,241.968980,0.00100772,56.4047,1,0.047848,302.457490
2019-06-20,0.00014285,108.8225,1,0.036615,240.858590,-0.00858878,55.5458,1,0.051708,321.386860
2019-06-21,-0.00746186,108.0763,1,0.027526,201.316100,0.01021812,56.5676,1,0.053378,342.349590
2019-06-24,0.00295047,108.3714,1,0.022013,199.652900,0.00024291,56.5919,1,0.034169,261.089310
2019-06-25,-0.00039986,108.3314,1,0.037406,280.077480,0.00209349,56.8013,1,0.054091,319.668040
2019-06-26,0.00108315,108.4397,1,0.030675,239.686120,-0.00717813,56.0834,1,0.036643,280.496700
2019-06-27,0.00327918,108.7676,1,0.036292,220.624990,-0.00787191,55.2963,1,0.058211,339.057450
2019-06-28,-0.00669451,108.0982,1,0.034831,241.384490,0.00206977,55.5032,1,0.043353,341.544040
2019-07-01,0.00155337,108.2535,1,0.033863,262.258620,0.00853884,56.3571,0,0.000000,0.000000
2019-07-02,0.00573866,108.8274,1,0.043244,301.035840,-0.01174016,55.1831,1,0.036966,283.257337
2019-07-03,0.00220681,109.0481,1,0.049289,300.972790,0.00294479,55.4776,1,0.050411,380.643410
2019-07-05,-0.00290338,108.7577,1,0.060358,261.960970,-0.00257714,55.2199,0,0.000000,0.000000
2019-07-08,-0.00843774,107.9140,1,0.039034,300.009820,0.00180579,55.4004,1,0.044971,361.539926
2019-07-09,-0.00504829,107.4091,1,0.038839,259.765800,-0.00203274,55.1972,1,0.037714,300.298870
2019-07-10,0.00224961,107.6341,1,0.022619,160.602510,0.00620662,55.8178,1,0.039558,301.052980
2019-07-11,-0.00174378,107.4597,1,0.017798,160.995360,-0.01685810,54.1320,1,0.034960,281.641940
2019-07-12,0.00887532,108.3472,1,0.020298,179.799960,0.00279304,54.4113,1,0.049476,319.598730
2019-07-15,-0.01403810,106.9434,1,0.044080,242.089750,0.00469997,54.8813,1,0.044943,301.736080
2019-07-16,-0.00146730,106.7967,1,0.017910,121.736630,0.00657878,55.5392,1,0.047022,321.421180
2019-07-17,0.00690008,107.4867,1,0.041422,239.347840,-0.00171141,55.3681,1,0.044331,300.673020
2019-07-18,0.00605416,108.0921,1,0.052284,279.392790,0.00716623,56.0847,1,0.057267,339.819790
2019-07-19,-0.00384139,107.7080,1,0.035639,201.309720,-0.00429263,55.6554,1,0.048503,281.499970
2019-07-22,0.00984773,108.6928,1,0.023697,200.480020,0.00434368,56.0898,1,0.042502,300.225380
2019-07-23,-0.00547065,108.1457,1,0.041065,260.328870,0.00007696,56.0975,1,0.045794,320.269270
2019-07-24,-0.00894844,107.2508,1,0.042574,241.770320,0.00499826,56.5973,1,0.047724,301.071330
2019-07-25,0.01364749,108.6156,1,0.039761,202.346150,-0.01993824,54.6035,1,0.050584,243.138410
2019-07-26,-0.00459628,108.1560,1,0.056248,319.005130,0.00320143,54.9236,1,0.070057,398.837600
2019-07-29,0.00041596,108.1976,1,0.037854,262.541680,0.01025022,55.9487,1,0.038868,262.299660
2019-07-30,0.00089120,108.2867,1,0.027600,200.279870,-0.01841253,54.1074,1,0.044693,281.134950
2019-07-31,0.00770649,109.0573,1,0.024551,182.268140,0.01372929,55.4803,1,0.051701,381.679280
2019-08-01,0.01535777,110.5931,1,0.038783,240.984920,0.00171139,55.6515,0,0.000000,0.000000
2019-08-02,0.00542667,111.1358,1,0.038843,222.286680,0.01002354,56.6538,1,0.058016,317.871786
2019-08-05,0.01193637,112.3294,1,0.024603,181.213130,0.01388151,58.0420,1,0.042549,240.643550
2019-08-06,-0.00070869,112.2585,1,0.021909,161.127500,0.00789827,58.8318,0,0.000000,0.000000
2019-08-07,-0.01315859,110.9427,1,0.052629,262.019040,0.00842823,59.6746,0,0.000000,0.000000
2019-08-08,0.00432521,111.3752,1,0.038329,221.806410,0.00548669,60.2233,1,0.047041,279.519099
2019-08-09,-0.00204242,111.1710,1,0.041952,244.251090,0.00670318,60.8936,0,0.000000,0.000000
2019-08-12,0.00664913,111.8359,1,0.067147,298.184470,0.01278440,62.1721,1,0.035200,261.778546
2019-08-13,-0.00280104,111.5558,1,0.036154,200.685380,-0.00424602,61.7474,1,0.038432,299.735120
2019-08-14,-0.01247609,110.3082,1,0.053289,282.360930,0.01850694,63.5981,0,0.000000,0.000000
2019-08-15,0.01082342,111.3905,1,0.067728,256.986080,0.01372786,64.9709,0,0.000000,0.000000
2019-08-16,0.01594552,112.9851,1,0.057998,301.331770,-0.01852922,63.1180,1,0.057692,280.480925
2019-08-19,-0.00238660,112.7464,1,0.059340,263.131690,-0.02270759,60.8472,0,0.000000,0.000000
2019-08-20,-0.00170311,112.5761,1,0.041071,244.309940,0.00211170,61.0584,0,0.000000,0.000000
2019-08-21,0.00671347,113.2474,1,0.038683,200.019960,-0.00014091,61.0443,0,0.000000,0.000000
2019-08-22,0.00291562,113.5390,1,0.034308,222.239770,0.01336862,62.3812,0,0.000000,0.000000
2019-08-23,-0.00949771,112.5892,1,0.041491,201.616190,0.00831006,63.2122,1,0.061194,306.561668
2019-08-26,-0.00184913,112.4043,1,0.042663,238.609360,0.00435787,63.6480,0,0.000000,0.000000
2019-08-27,-0.00017498,112.3868,1,0.054528,301.603370,0.00456703,64.1047,0,0.000000,0.000000
2019-08-28,0.01081234,113.4681,1,0.039956,200.928430,-0.01887822,62.2169,1,0.046902,278.266584
2019-08-29,-0.00836870,112.6312,1,0.046020,223.029110,0.00697004,62.9139,1,0.065326,401.000820
2019-08-30,0.00060901,112.6921,1,0.043119,242.891770,0.00766411,63.6803,0,0.000000,0.000000
2019-09-03,0.01438684,114.1308,1,0.049406,301.134500,-0.00542758,63.1375,1,0.040508,284.118644
2019-09-04,0.00537010,114.6678,1,0.046730,279.751890,-0.00269549,62.8680,1,0.050529,299.516210
2019-09-05,-0.00998529,113.6692,1,0.030389,241.840040,0.01724191,64.5922,1,0.046859,322.108780
2019-09-06,0.00034286,113.7035,1,0.043854,301.780600,0.00669973,65.2621,1,0.037317,242.902690
2019-09-09,-0.00621029,113.0825,1,0.038209,240.790660,0.01056671,66.3188,1,0.047709,281.110810
2019-09-10,-0.01605114,111.4774,1,0.042934,281.642460,0.03413020,69.7318,1,0.052600,302.045740
2019-09-11,-0.00905789,110.5716,1,0.023459,201.423500,0.00364912,70.0967,1,0.033088,223.339460
2019-09-12,0.00421116,110.9927,1,0.035024,221.289270,-0.00232483,69.8643,1,0.051993,301.997600
2019-09-13,-0.00676774,110.3159,1,0.040664,220.453420,-0.01119337,68.7449,1,0.055657,341.151490
2019-09-16,-0.02764680,107.5513,1,0.042790,240.327250,0.02584321,71.3292,1,0.062319,360.261220
2019-09-17,0.01668523,109.2198,1,0.033517,203.287470,-0.01082406,70.2468,1,0.039076,263.795720
2019-09-18,-0.00426703,108.7931,1,0.041663,239.958680,0.00623398,70.8702,1,0.060342,320.014690
2019-09-19,0.00514718,109.3078,1,0.055312,278.982920,-0.01505245,69.3650,1,0.053095,260.479480
2019-09-20,0.00621629,109.9294,1,0.040571,180.736570,0.01004156,70.3691,1,0.077384,340.660170
2019-09-23,0.00691472,110.6209,1,0.037368,200.765640,-0.00208598,70.1605,1,0.046178,241.379400
2019-09-24,0.00397113,111.0180,1,0.041397,261.319000,-0.01000153,69.1604,1,0.055343,300.512360
2019-09-25,0.00117987,111.1360,1,0.042113,220.692270,-0.00568480,68.5919,1,0.072150,358.871430
2019-09-26,0.00591049,111.7271,1,0.040971,220.975760,-0.00924319,67.6676,1,0.048749,341.389650
2019-09-27,-0.00418257,111.3088,1,0.046667,260.171680,-0.00383309,67.2843,1,0.064729,360.330550
2019-09-30,0.00335393,111.6442,1,0.038747,221.259630,-0.00876037,66.4082,1,0.050647,320.683680
2019-10-01,-0.00545032,111.0992,1,0.030342,241.766360,-0.00490109,65.9181,0,0.000000,0.000000
2019-10-02,-0.00094305,111.0049,1,0.050915,258.874730,0.00621353,66.5395,1,0.065887,341.373931
2019-10-03,0.00243297,111.2481,1,0.020623,199.526910,-0.00189914,66.3496,0,0.000000,0.000000
2019-10-04,0.00399583,111.6477,1,0.047197,241.612620,-0.00782651,65.5669,1,0.065251,298.306826
2019-10-07,0.00308937,111.9567,1,0.031633,241.587840,0.00854272,66.4212,0,0.000000,0.000000
2019-10-08,0.00620356,112.5770,1,0.044624,219.599590,0.01754471,68.1757,1,0.046449,241.424719
2019-10-09,-0.00372256,112.2048,1,0.029076,200.723040,0.00025363,68.2010,0,0.000000,0.000000
2019-10-10,0.00355077,112.5598,1,0.046903,241.266360,-0.00410224,67.7908,0,0.000000,0.000000
2019-10-11,-0.00419105,112.1407,1,0.035165,241.715820,0.01357939,69.1487,1,0.051441,320.175690
2019-10-14,0.00812484,112.9532,1,0.042296,224.591820,0.00236830,69.3856,1,0.044780,264.272180
2019-10-15,-0.00715107,112.2381,1,0.040917,239.999080,0.00645280,70.0309,1,0.047590,300.027530
2019-10-16,-0.00037492,112.2006,1,0.035632,181.577510,-0.00517688,69.5132,1,0.043418,281.329810
2019-10-17,0.00565406,112.7660,1,0.040784,279.646140,-0.00860395,68.6528,1,0.037205,300.664450
2019-10-18,0.00210136,112.9762,1,0.042444,280.600690,0.00415407,69.0682,1,0.035813,281.287690
2019-10-21,-0.00394899,112.5813,1,0.024899,180.775760,-0.00058266,69.0099,1,0.041996,281.102900
2019-10-22,-0.01289598,111.2917,1,0.021828,181.534460,0.00916136,69.9260,1,0.028944,281.023950
2019-10-23,0.00168793,111.4605,1,0.041567,260.469050,-0.00138676,69.7874,1,0.045976,281.239560
2019-10-24,-0.01204818,110.2556,1,0.034488,261.127800,0.00579484,70.3669,1,0.034146,261.867540
2019-10-25,0.02739897,112.9955,1,0.037803,241.722650,-0.02015393,68.3515,1,0.054863,302.617290
2019-10-28,-0.00137160,112.8584,1,0.036620,280.051360,0.00878315,69.2298,1,0.059265,358.990410
2019-10-29,0.00306015,113.1644,1,0.045195,260.536840,0.00016954,69.2467,1,0.046606,281.240560
2019-10-30,0.00605616,113.7700,1,0.029114,240.125310,-0.02055696,67.1910,1,0.037526,321.278180
2019-10-31,0.00471868,114.2419,1,0.061642,241.016770,-0.01971315,65.2197,1,0.066165,380.420830
2019-11-01,0.01056846,115.2987,1,0.026954,220.908010,-0.00350311,64.8694,1,0.041831,339.183690
2019-11-04,-0.00995565,114.3032,1,0.043435,263.575200,0.03420544,68.2900,1,0.046996,343.697200
2019-11-05,-0.00240307,114.0629,1,0.026887,222.733970,0.00095068,68.3850,1,0.025622,183.082840
2019-11-06,0.00609644,114.6725,1,0.036896,259.286500,-0.00876225,67.5088,1,0.038285,300.131010
2019-11-07,0.00416643,115.0891,1,0.047457,220.276000,-0.02000957,65.5078,1,0.065447,340.555000
2019-11-08,-0.00237990,114.8511,1,0.029180,221.330620,-0.00433085,65.0748,1,0.046435,400.793330
2019-11-11,0.00538693,115.3898,1,0.033477,240.430310,-0.00374302,64.7005,1,0.038352,300.204850
2019-11-12,-0.00344634,115.0452,1,0.027904,200.395510,0.00430027,65.1305,1,0.047693,339.849610
2019-11-13,0.00067971,115.1132,1,0.028719,200.233530,0.00433993,65.5645,1,0.045657,300.893640
2019-11-14,0.00096416,115.2096,1,0.041674,241.536730,0.00139876,65.7043,1,0.041604,281.528630
2019-11-15,0.00114544,115.3241,1,0.037706,201.227610,0.00327271,66.0316,1,0.057929,340.722880
2019-11-18,-0.00048059,115.2761,1,0.034409,241.110290,-0.00113979,65.9176,1,0.041679,321.757740
2019-11-19,0.00348052,115.6241,1,0.021208,201.245530,-0.00008284,65.9094,1,0.035994,301.370100
2019-11-20,-0.01073876,114.5503,1,0.028766,240.850120,-0.00240974,65.6684,1,0.036494,261.485450
2019-11-21,-0.00101905,114.4484,1,0.044215,260.996550,-0.00389488,65.2789,1,0.041018,262.011840
2019-11-22,0.00312786,114.7611,1,0.036294,239.523490,0.00341027,65.6199,1,0.047393,320.414650
2019-11-25,0.01076969,115.8381,1,0.036581,261.792980,-0.00748540,64.8714,1,0.036490,260.979620
2019-11-26,-0.00096766,115.7413,1,0.044266,281.925550,-0.00471607,64.3998,1,0.055187,341.582270
2019-11-27,-0.00567224,115.1741,1,0.033914,242.076660,-0.00572868,63.8269,1,0.048098,301.732500
2019-11-29,-0.00124998,115.0491,1,0.043578,240.897390,-0.00393930,63.4330,1,0.059150,361.167690
2019-12-02,-0.00341210,114.7079,1,0.038880,179.989900,0.00387565,63.8205,1,0.056155,259.563820
2019-12-03,-0.00240205,114.4677,1,0.042925,240.284170,0.00158329,63.9789,1,0.055191,321.364760
2019-12-04,-0.00506518,113.9612,1,0.032918,239.905820,-0.01036572,62.9423,1,0.038232,300.487560
2019-12-05,0.00519673,114.4809,1,0.022237,222.060980,-0.00187724,62.7546,1,0.040654,342.451360
2019-12-06,0.00664010,115.1449,1,0.045550,239.921490,-0.00754576,62.0000,1,0.064966,320.910950
2019-12-09,0.00267682,115.4126,1,0.024908,143.009820,0.00466942,62.4669,1,0.059738,321.885710
2019-12-10,-0.00731189,114.6814,1,0.034709,220.845790,0.00049616,62.5166,1,0.039564,300.950260
2019-12-11,-0.00564206,114.1172,1,0.020756,161.024700,0.00675874,63.1924,1,0.054996,300.061660
2019-12-12,0.00111650,114.2288,1,0.030820,181.388770,0.02374912,65.5673,1,0.046798,340.471810
2019-12-13,0.00351158,114.5800,1,0.037802,221.542350,-0.01360227,64.2071,1,0.046767,242.892050
2019-12-16,-0.00168712,114.4113,1,0.027052,219.674520,0.00126556,64.3337,1,0.053844,378.998780
2019-12-17,-0.01179449,113.2318,1,0.031069,141.900220,-0.01199173,63.1345,0,0.000000,0.000000
2019-12-18,0.00839535,114.0713,1,0.027355,140.967100,-0.00298175,62.8363,1,0.070645,363.267095
2019-12-19,-0.00296079,113.7753,1,0.038269,241.025210,-0.00380712,62.4556,1,0.063302,321.104610
2019-12-20,0.00200914,113.9762,1,0.036956,260.675030,-0.01050098,61.4055,1,0.053818,321.221970
2019-12-23,0.01592950,115.5691,1,0.022530,221.297270,-0.02744820,58.6607,1,0.033820,321.470720
2019-12-24,0.00495789,116.0649,1,0.039151,261.611580,-0.00729906,57.9308,1,0.066286,401.410820
2019-12-26,0.00111205,116.1761,1,0.061145,260.211480,-0.01061401,56.8694,1,0.081811,380.050500
2019-12-27,0.00410660,116.5868,1,0.027700,199.941910,-0.00340612,56.5288,1,0.047992,359.987670
2019-12-30,0.00014199,116.6010,1,0.030701,240.166580,-0.00531977,55.9968,1,0.041497,320.313640
2019-12-31,0.00343020,116.9440,1,0.037630,219.879460,-0.00551811,55.4450,1,0.051511,360.087440
