date,model_ret,model_equity,model_rebalanced,model_cost,model_traded,naive_ret,naive_equity,naive_rebalanced,naive_cost,naive_traded
2015-01-02,0.00205664,100.2057,1,0.045316,200.000000,0.00000000,100.0000,0,0.000000,0.000000
2015-01-05,0.00811532,101.0172,1,0.031948,221.484900,0.00100563,100.1006,1,0.047157,200.000000
2015-01-06,-0.00065352,100.9518,1,0.042142,239.886760,0.01223753,101.3243,0,0.000000,0.000000
2015-01-07,0.00214928,101.1668,1,0.027282,141.923630,0.00307885,101.6322,1,0.038215,219.104328
2015-01-08,-0.00168795,100.9980,1,0.117415,363.527950,-0.00658411,100.9738,0,0.000000,0.000000
2015-01-09,0.00316125,101.3141,1,0.054605,223.924680,0.01268128,102.2419,0,0.000000,0.000000
2015-01-12,-0.00112840,101.2013,1,0.068280,239.111250,0.01078937,103.3209,0,0.000000,0.000000
2015-01-13,0.00086967,101.2882,1,0.043193,141.021040,0.00165810,103.4867,1,0.051390,203.420600
2015-01-14,0.00540708,101.8289,1,0.046582,240.848860,0.01037373,104.5240,1,0.054617,320.940180
2015-01-15,-0.00173693,101.6552,1,0.048763,220.640810,0.00932284,105.4563,1,0.038256,239.960730
2015-01-16,-0.00131722,101.5235,1,0.025042,121.458090,0.00620425,106.0767,1,0.043315,259.027520
2015-01-20,0.00660936,102.1845,1,0.064194,283.245660,-0.00095178,105.9816,0,0.000000,0.000000
2015-01-21,-0.00051014,102.1334,1,0.049894,259.511310,0.00063573,106.0451,1,0.057917,322.054929
2015-01-22,0.00130513,102.2640,1,0.044637,241.992500,-0.00219282,105.8259,1,0.048462,301.528770
2015-01-23,-0.00051339,102.2126,1,0.044559,243.424970,0.00001002,105.8269,0,0.000000,0.000000
2015-01-26,-0.00186237,102.0264,1,0.051007,239.421860,-0.00484784,105.3421,1,0.037464,282.316221
2015-01-27,-0.00537240,101.4891,1,0.029830,182.512390,-0.00281445,105.0606,1,0.053575,361.373840
2015-01-28,0.01059908,102.5490,1,0.031062,180.364690,-0.00184216,104.8764,0,0.000000,0.000000
2015-01-29,0.01111654,103.6607,1,0.040176,161.542410,-0.00377087,104.4993,0,0.000000,0.000000
2015-01-30,0.01033328,104.6940,1,0.070532,263.401510,-0.01415338,103.0840,1,0.052268,279.910846
2015-02-02,-0.00793631,103.9004,1,0.040201,238.404520,0.00381765,103.4658,0,0.000000,0.000000
2015-02-03,-0.00540944,103.3595,1,0.083574,242.618870,0.00425315,103.8911,1,0.067115,299.538821
2015-02-04,0.00092418,103.4519,1,0.050412,164.055810,-0.01880632,102.0104,0,0.000000,0.000000
2015-02-05,0.00915681,104.3676,1,0.031879,201.333510,-0.00830371,101.1801,1,0.065881,382.864719
2015-02-06,-0.00121934,104.2456,1,0.061864,242.701700,-0.01258898,99.9212,1,0.047508,321.833850
2015-02-09,-0.00618879,103.6267,1,0.055139,281.054650,0.00627358,100.5485,1,0.051272,341.563590
2015-02-10,-0.01479770,102.1470,1,0.027940,160.628920,0.00933088,101.4816,1,0.063642,299.843650
2015-02-11,0.00395884,102.5429,1,0.028836,203.473310,-0.00452950,101.0287,0,0.000000,0.000000
2015-02-12,-0.01338723,101.2041,1,0.036413,201.416840,-0.00880357,100.1483,1,0.059317,325.019739
2015-02-13,-0.00296576,100.9076,1,0.033596,161.617310,0.00752005,100.9003,0,0.000000,0.000000
2015-02-17,0.00241439,101.1490,1,0.026051,160.956300,-0.00435214,100.4651,1,0.052584,283.535052
2015-02-18,-0.00012610,101.1364,1,0.045020,220.608910,0.00726696,101.1918,1,0.065104,379.936510
2015-02-19,-0.00042091,101.0943,1,0.041491,221.047950,-0.00874369,100.3174,1,0.061229,281.599260
2015-02-20,-0.00398351,100.6959,1,0.035871,199.906200,-0.00789608,99.5278,1,0.050238,339.735420
2015-02-23,0.00693106,101.3891,1,0.034384,222.084420,-0.01767567,97.7602,0,0.000000,0.000000
2015-02-24,0.00367614,101.7567,1,0.033586,161.257290,-0.01017079,96.7432,1,0.049309,403.059735
2015-02-25,-0.00114494,101.6422,1,0.045594,201.551960,-0.00126614,96.6166,1,0.055814,341.183730
2015-02-26,0.01494104,103.1363,1,0.026886,160.954940,-0.01104401,95.5122,1,0.057301,280.383860
2015-02-27,0.00029982,103.1663,1,0.034788,141.776450,-0.00884122,94.6280,1,0.056542,280.299380
2015-03-02,0.01133018,104.2993,1,0.038882,160.428090,-0.01022690,93.6053,1,0.073640,339.823680
2015-03-03,-0.00368681,103.9306,1,0.055901,201.806320,-0.00636063,92.9693,1,0.072143,341.706430
2015-03-04,0.00361871,104.2925,1,0.049479,220.470860,-0.00591761,92.3775,1,0.049091,320.180880
2015-03-05,0.00080022,104.3725,1,0.035188,200.677050,0.00042530,92.4200,1,0.049250,319.900730
2015-03-06,0.00143944,104.5164,1,0.061146,221.092150,-0.00047867,92.3722,1,0.070707,301.078560
2015-03-09,-0.01235094,103.2813,1,0.061334,259.573470,0.00881712,93.2539,0,0.000000,0.000000
2015-03-10,-0.00483299,102.7980,1,0.029309,240.761340,0.00723512,93.9774,1,0.042918,240.440077
2015-03-11,0.00812025,103.6101,1,0.032055,199.840270,-0.01258130,92.7193,0,0.000000,0.000000
2015-03-12,-0.00396800,103.2133,1,0.039240,202.061580,-0.00197603,92.5217,1,0.050943,320.001507
2015-03-13,-0.00608151,102.6051,1,0.036581,222.397920,0.00153663,92.6753,0,0.000000,0.000000
2015-03-16,-0.00293389,102.3117,1,0.047869,260.080130,0.00801719,93.4771,1,0.041171,302.002112
2015-03-17,-0.00233393,102.0783,1,0.033123,182.514900,0.00505351,93.9824,0,0.000000,0.000000
2015-03-18,-0.01333061,100.7453,1,0.039841,180.571170,0.01172137,95.1545,1,0.038893,262.221221
2015-03-19,0.00117762,100.8630,1,0.040198,183.407080,0.01020093,96.1746,0,0.000000,0.000000
2015-03-20,0.00524015,101.3870,1,0.027515,180.944160,-0.00882734,95.2919,1,0.034084,243.545919
2015-03-23,-0.00121260,101.2658,1,0.050420,301.977230,-0.00103195,95.1887,0,0.000000,0.000000
2015-03-24,0.00078927,101.3447,1,0.047053,279.557100,-0.00186225,95.0025,1,0.046455,321.625824
2015-03-25,-0.00263314,101.0814,1,0.027014,161.228900,0.00862790,95.8653,1,0.049720,299.737930
2015-03-26,0.00082665,101.1641,1,0.025575,161.284000,0.00033408,95.8987,0,0.000000,0.000000
2015-03-27,0.00310271,101.4743,1,0.032569,200.974860,-0.00305073,95.5936,1,0.045133,299.206323
2015-03-30,0.00199975,101.6743,1,0.045015,261.339280,-0.00016685,95.5769,1,0.056895,341.530340
2015-03-31,0.00645559,102.3199,1,0.048311,223.153490,0.00005834,95.5828,0,0.000000,0.000000
2015-04-01,-0.01370035,100.9498,1,0.052825,339.439410,-0.00296550,95.2862,1,0.048450,303.025020
2015-04-02,-0.00123209,100.8266,1,0.017689,101.450350,-0.00189353,95.0969,1,0.055533,319.050500
2015-04-06,0.00777230,101.6039,1,0.033650,162.586160,-0.00210915,94.8859,1,0.042045,262.212340
2015-04-07,0.00036947,101.6408,1,0.046443,240.397560,-0.00932669,93.9533,1,0.049369,301.393430
2015-04-08,0.00003301,101.6441,1,0.031589,200.395310,-0.00028637,93.9246,1,0.054377,339.899540
2015-04-09,-0.00162991,101.4811,1,0.026701,161.348490,-0.00415700,93.5089,1,0.053870,340.955860
2015-04-10,0.00741924,102.2230,1,0.035976,161.251170,0.00140616,93.6495,1,0.049304,301.611190
2015-04-13,0.00610246,102.8333,1,0.033834,180.194480,-0.01106770,92.5428,1,0.048490,360.583700
2015-04-14,0.00219391,103.0527,1,0.036739,219.104060,0.00419393,92.9622,1,0.057687,319.383380
2015-04-15,-0.00339802,102.7129,1,0.030012,180.860110,0.00363374,93.3255,1,0.056676,301.367080
2015-04-16,-0.00581519,102.1313,1,0.028229,161.024130,-0.00786696,92.5389,1,0.047276,282.788590
2015-04-17,-0.00541987,101.5894,1,0.043067,260.250570,-0.00060460,92.4784,1,0.046690,340.708240
2015-04-20,-0.00160352,101.4290,1,0.021162,180.409800,-0.00082655,92.3957,0,0.000000,0.000000
2015-04-21,0.00370818,101.7998,1,0.024912,241.287790,-0.00309545,92.0862,1,0.060805,339.276184
2015-04-22,0.00054092,101.8539,1,0.044408,240.546890,-0.00586492,91.4997,1,0.057282,301.176040
2015-04-23,-0.00693990,101.1599,1,0.032540,201.233360,-0.00467201,91.0325,1,0.048721,301.198670
2015-04-24,0.00196184,101.3561,1,0.040336,181.189350,0.00292402,91.3249,1,0.065968,380.601740
2015-04-27,0.00483215,101.8393,1,0.026225,200.437060,-0.01010824,90.3141,1,0.047594,341.234130
2015-04-28,-0.00817397,101.0219,1,0.027057,179.897620,0.01445994,91.7601,1,0.063266,358.913390
2015-04-29,-0.00823846,100.1981,1,0.035756,222.549760,-0.00084450,91.6756,1,0.048370,322.374540
2015-04-30,-0.00018177,100.1799,1,0.022827,160.365930,0.01973046,93.6487,1,0.045744,240.318620
2015-05-01,0.00120120,100.3000,1,0.024250,160.959790,0.00124806,93.7735,0,0.000000,0.000000
2015-05-04,0.00047922,100.3480,1,0.041398,262.376030,0.00595006,94.3685,0,0.000000,0.000000
2015-05-05,-0.00168939,100.1790,1,0.028099,161.278940,-0.00453456,93.9150,1,0.037336,302.680244
2015-05-06,-0.00025000,100.1540,1,0.047660,258.102400,0.00288352,94.2034,0,0.000000,0.000000
2015-05-07,-0.00727839,99.4262,1,0.029999,161.668820,0.00365455,94.5688,1,0.056715,337.401087
2015-05-08,0.00856065,100.2822,1,0.017125,81.799020,-0.01431154,93.1377,1,0.054834,321.098170
2015-05-11,0.00858211,101.1404,1,0.026579,182.963730,-0.00903241,92.2344,0,0.000000,0.000000
2015-05-12,0.00255496,101.3959,1,0.016714,120.398110,-0.00780594,91.4538,1,0.065774,342.954081
2015-05-13,0.00736164,102.1321,1,0.030016,180.887930,0.01233640,92.6875,1,0.043120,320.726520
2015-05-14,0.00470735,102.6028,1,0.035585,201.150960,-0.00442909,92.2446,1,0.043389,301.714160
2015-05-15,0.00806877,103.4097,1,0.053363,202.518520,-0.00780841,91.4637,0,0.000000,0.000000
2015-05-18,0.00618933,104.0287,1,0.039487,180.105860,-0.00319992,91.1437,1,0.063742,363.197096
2015-05-19,0.00280762,104.3094,1,0.022188,141.569960,0.00458348,91.6021,1,0.064462,321.577470
2015-05-20,0.00014922,104.3243,1,0.018008,120.631410,0.00466034,92.0681,1,0.043486,300.915550
2015-05-21,-0.00094886,104.2295,1,0.034486,200.374790,-0.00035301,92.0328,1,0.047191,320.687460
2015-05-22,-0.00121763,104.1077,1,0.030123,140.948160,-0.02182796,89.8500,1,0.058946,320.113890
2015-05-26,0.00794596,104.9023,1,0.026234,161.070180,-0.00130145,89.7199,1,0.059335,361.188830
2015-05-27,0.00279317,105.1816,1,0.038243,180.494290,0.00540104,90.2600,0,0.000000,0.000000
2015-05-28,0.00286810,105.4684,1,0.060550,281.843960,0.00178749,90.4387,0,0.000000,0.000000
2015-05-29,-0.02521139,102.9473,1,0.036519,180.861320,0.00215562,90.6543,1,0.056778,318.633928
2015-06-01,-0.00073891,102.8734,1,0.023291,142.644760,0.00316749,90.9710,1,0.051851,279.576960
2015-06-02,-0.00637151,102.2362,1,0.034091,201.212000,-0.00424577,90.5465,1,0.038267,261.166880
2015-06-03,-0.00621563,101.6147,1,0.029013,161.328480,0.02321772,92.8682,1,0.060148,360.620290
2015-06-04,-0.01261771,100.3529,1,0.016361,102.167790,-0.00281519,92.5867,1,0.021309,142.436840
2015-06-05,0.00242045,100.5949,1,0.029615,180.891810,0.01392333,93.9791,0,0.000000,0.000000
2015-06-08,0.00745158,101.3401,1,0.024972,160.506700,-0.00588511,93.3905,1,0.029101,201.000552
2015-06-09,-0.00401886,100.9382,1,0.026946,160.349510,0.00679147,94.0697,0,0.000000,0.000000
2015-06-10,0.00025740,100.9640,1,0.013740,100.336980,0.00214156,94.2838,1,0.036784,259.889190
2015-06-11,0.00295310,101.2593,1,0.026160,162.305620,-0.00835818,93.4480,0,0.000000,0.000000
2015-06-12,0.00332314,101.5916,1,0.030536,181.241290,-0.00626940,92.8211,1,0.058620,383.128947
2015-06-15,0.00179853,101.7714,1,0.026147,140.571350,0.00375843,93.1969,0,0.000000,0.000000
2015-06-16,0.00127175,101.8986,1,0.025895,160.607540,0.00404769,93.6017,0,0.000000,0.000000
2015-06-17,-0.00150813,101.7478,1,0.014783,101.209730,0.00206191,93.8079,1,0.045429,319.942421
2015-06-18,-0.00481953,101.2658,1,0.026703,120.932370,0.00893872,94.7018,1,0.061138,280.667680
2015-06-19,-0.00454688,100.8112,1,0.043488,102.501030,-0.00504654,94.1971,0,0.000000,0.000000
2015-06-22,-0.00482634,100.3285,1,0.024504,140.260860,-0.00265219,93.9319,1,0.043809,321.212968
2015-06-23,-0.00533187,99.7953,1,0.028817,142.105010,0.00806646,94.7385,1,0.032594,240.487850
2015-06-24,0.00100766,99.8961,1,0.020744,140.507770,0.00485854,95.2244,1,0.024556,221.144460
2015-06-25,0.00648905,100.5450,1,0.039985,219.403670,0.00168224,95.3926,0,0.000000,0.000000
2015-06-26,0.00272939,100.8179,1,0.034431,200.920330,-0.00359835,95.0328,1,0.045695,298.982350
2015-06-29,0.00560080,101.3780,1,0.028370,180.299530,-0.00191054,94.8417,1,0.050374,340.455840
2015-06-30,-0.01111537,100.2665,1,0.030157,220.299930,-0.00506373,94.3353,0,0.000000,0.000000
2015-07-01,0.00051587,100.3181,1,0.058413,300.060040,-0.00258157,94.0772,1,0.060847,357.898613
2015-07-02,0.00795818,101.1139,1,0.032882,201.655060,0.00351155,94.4283,1,0.055105,342.146410
2015-07-06,-0.00115005,100.9989,1,0.032505,180.878060,0.00297940,94.7263,1,0.052900,299.941700
2015-07-07,0.00458407,101.4573,1,0.022163,180.802720,0.00339460,95.0657,1,0.042290,300.766280
2015-07-08,0.00399807,101.8571,1,0.043823,221.420390,0.00183639,95.2494,1,0.052921,321.175850
2015-07-09,-0.00217732,101.6394,1,0.073102,220.051850,-0.00814011,94.4354,0,0.000000,0.000000
2015-07-10,-0.00827006,100.8124,1,0.042756,240.284270,0.00286951,94.7223,1,0.056509,338.600517
2015-07-13,0.00069377,100.8817,1,0.019163,122.522470,0.00654723,95.3770,0,0.000000,0.000000
2015-07-14,0.00515513,101.3973,1,0.030177,161.811180,-0.00485037,94.8920,0,0.000000,0.000000
2015-07-15,0.00251155,101.6484,1,0.022345,120.658490,-0.00233263,94.6587,1,0.050323,344.776306
2015-07-16,-0.00037131,101.6113,1,0.043911,180.465580,-0.00062464,94.5963,1,0.058654,319.120660
2015-07-17,-0.00465404,101.1459,1,0.026814,141.662140,0.00278292,94.8746,1,0.054928,341.049490
2015-07-20,0.01195394,102.3413,1,0.028346,160.403010,0.01112232,95.9868,1,0.046838,280.195900
2015-07-21,-0.00709066,101.6322,1,0.029506,201.584740,-0.00972034,95.0148,1,0.044244,261.868130
2015-07-22,0.00234762,101.8670,1,0.029638,160.771200,-0.00253153,94.7616,1,0.071973,360.394930
2015-07-23,-0.00692739,101.1742,1,0.032509,202.388900,-0.00326136,94.4355,1,0.057716,300.991320
2015-07-24,0.00219923,101.3941,1,0.040677,201.012810,-0.01425324,93.0102,1,0.050634,300.936060
2015-07-27,-0.01100199,100.2939,1,0.034709,220.488020,-0.00764674,92.2455,0,0.000000,0.000000
2015-07-28,-0.01768373,98.5256,1,0.021843,160.669350,-0.00005625,92.2399,1,0.059985,377.020130
2015-07-29,0.00544331,99.0699,1,0.028809,163.082930,0.00017562,92.2574,0,0.000000,0.000000
2015-07-30,0.00394387,99.4643,1,0.030893,141.812940,-0.00436592,91.8208,0,0.000000,0.000000
2015-07-31,0.01186887,100.6512,1,0.035213,200.548980,-0.00786665,91.0342,1,0.063975,364.377877
2015-08-03,-0.00948803,99.7024,1,0.036113,121.961280,0.00842629,91.8768,1,0.073171,322.109750
2015-08-04,-0.00274407,99.4280,1,0.042487,221.481310,-0.00270539,91.6063,1,0.050009,280.765060
2015-08-05,-0.00421893,99.0061,1,0.040183,260.184240,0.00674558,92.2808,1,0.043182,320.431510
2015-08-06,-0.00790128,98.2159,1,0.023648,142.018630,-0.00571143,91.7097,1,0.047273,262.810280
2015-08-07,-0.00138962,98.0770,1,0.026272,180.292300,0.00115197,91.8249,1,0.057243,359.407590
2015-08-10,-0.00636967,97.4400,1,0.024457,142.018510,-0.00975421,90.8494,1,0.044801,281.033800
2015-08-11,-0.00173186,97.2668,1,0.028916,142.009350,-0.02388376,88.4611,0,0.000000,0.000000
2015-08-12,-0.00413992,96.8528,1,0.036992,159.344230,0.01446114,89.9072,1,0.051476,278.178915
2015-08-13,0.00205768,97.0586,1,0.022022,141.832860,-0.00712230,89.1950,1,0.035120,203.028150
2015-08-14,0.00239242,97.2979,1,0.017178,100.768910,0.00012200,89.2072,1,0.066750,340.785650
2015-08-17,0.00239246,97.5371,1,0.027134,181.976760,0.00362967,89.5701,0,0.000000,0.000000
2015-08-18,-0.00760348,96.7767,1,0.035868,181.229440,-0.00588270,88.9819,1,0.061400,303.468761
2015-08-19,-0.00375163,96.4016,1,0.023483,140.959520,-0.00017257,88.9646,1,0.066897,358.907710
2015-08-20,0.00197534,96.5991,1,0.021776,140.594000,0.00071522,89.0361,1,0.048798,299.886360
2015-08-21,0.00018831,96.6180,1,0.051949,238.749830,-0.00278422,88.7577,0,0.000000,0.000000
2015-08-24,0.01623320,98.2413,1,0.035460,122.018560,0.01112191,89.8699,0,0.000000,0.000000
2015-08-25,0.00146488,98.3878,1,0.027452,162.051420,0.00206809,90.0767,0,0.000000,0.000000
2015-08-26,-0.00466858,97.9209,1,0.055638,259.735280,-0.00724185,89.3525,0,0.000000,0.000000
2015-08-27,0.00635453,98.5564,1,0.065467,305.941100,-0.01879141,87.4734,0,0.000000,0.000000
2015-08-28,-0.00263483,98.2929,1,0.027143,185.427700,-0.00703434,86.7699,0,0.000000,0.000000
2015-08-31,-0.01069682,97.2232,1,0.016982,120.744800,0.00488758,87.2587,1,0.069572,392.287253
2015-09-01,0.00453798,97.6770,1,0.031272,199.740600,-0.00580339,86.6784,0,0.000000,0.000000
2015-09-02,-0.00101721,97.5753,0,0.000000,0.000000,-0.00496763,86.1816,0,0.000000,0.000000
2015-09-03,-0.00593261,96.9820,1,0.047981,279.366178,0.00989577,87.1712,0,0.000000,0.000000
2015-09-04,0.00159045,97.1410,1,0.030925,200.820200,-0.00213806,86.9574,1,0.055236,297.613705
2015-09-08,0.00442036,97.5831,1,0.050234,219.870850,0.00540984,87.4983,0,0.000000,0.000000
2015-09-09,0.00179512,97.7626,1,0.054228,245.604510,-0.00389480,87.1089,0,0.000000,0.000000
2015-09-10,-0.00468270,97.2943,1,0.046230,199.727640,0.00098502,87.2074,0,0.000000,0.000000
2015-09-11,-0.00469462,96.8249,1,0.036582,201.354420,0.00103125,87.3105,1,0.055125,280.568861
2015-09-14,0.00448389,97.2733,1,0.020961,141.720380,0.00306453,87.6169,1,0.055257,301.987510
2015-09-15,-0.00457925,96.8153,1,0.035105,220.529830,-0.00979349,86.6376,1,0.049189,300.275570
2015-09-16,-0.00213126,96.6022,1,0.036286,201.995900,-0.01193042,85.4446,0,0.000000,0.000000
2015-09-17,0.00749290,97.3515,1,0.022710,161.984320,-0.00304967,85.1396,0,0.000000,0.000000
2015-09-18,0.00417194,97.7687,1,0.018896,121.610580,0.00821157,85.9607,1,0.054883,324.805566
2015-09-21,0.00570755,98.3394,1,0.036845,180.113210,-0.00091148,85.8696,0,0.000000,0.000000
2015-09-22,0.00251616,98.5911,1,0.026834,181.540980,0.00784846,86.6544,1,0.061834,318.653712
2015-09-23,0.00253312,98.8444,1,0.032928,219.155510,0.00568704,87.2231,0,0.000000,0.000000
2015-09-24,-0.00416194,98.4282,1,0.030584,220.078580,-0.00828440,86.3947,1,0.054490,337.685636
2015-09-25,-0.01729220,96.6990,1,0.025940,160.874070,0.01697995,88.0927,1,0.054055,340.298990
2015-09-28,0.01344856,98.0438,1,0.029254,181.312280,0.02294274,90.3870,1,0.049336,281.791590
2015-09-29,0.01040403,99.0842,1,0.043587,237.533710,0.00915762,91.3027,0,0.000000,0.000000
2015-09-30,-0.00503087,98.5811,1,0.043877,241.868670,-0.00491531,90.8112,1,0.067101,318.735549
2015-10-01,0.00018999,98.6001,1,0.041551,263.364890,-0.00377808,90.4334,0,0.000000,0.000000
2015-10-02,0.02389868,100.9900,1,0.049122,240.528030,-0.01988487,88.4449,1,0.047377,323.550118
2015-10-05,-0.00011152,100.9788,1,0.053712,263.604710,-0.00705325,87.7396,0,0.000000,0.000000
2015-10-06,-0.02066766,98.9121,1,0.044816,203.929740,-0.01230437,86.5092,0,0.000000,0.000000
2015-10-07,0.00431529,99.3436,1,0.031801,161.032830,-0.00592405,85.9167,1,0.052355,388.121880
2015-10-08,-0.00489025,98.8546,1,0.029035,182.472130,0.01517369,87.4341,0,0.000000,0.000000
2015-10-09,0.00832910,99.6875,1,0.035410,182.402670,-0.01288420,86.1457,0,0.000000,0.000000
2015-10-12,0.00280369,99.9679,1,0.038851,220.721820,0.00487630,86.6333,1,0.060600,364.250253
2015-10-13,-0.00363387,99.6045,1,0.024857,141.326580,0.00497431,87.1308,1,0.048869,281.385390
2015-10-14,-0.00276803,99.3277,1,0.025573,141.356810,-0.01927488,85.2033,0,0.000000,0.000000
2015-10-15,0.00380068,99.7077,1,0.031612,161.796370,-0.00609222,84.5940,1,0.067212,360.398166
2015-10-16,0.00655770,100.3635,1,0.052990,183.074800,-0.01238921,83.3551,0,0.000000,0.000000
2015-10-19,0.00833312,101.1968,1,0.027588,159.783300,0.00549251,83.9044,1,0.069079,382.911361
2015-10-20,0.00647197,101.8440,1,0.031453,201.812160,-0.00624119,83.2803,1,0.035819,281.342450
2015-10-21,0.00071934,101.9160,1,0.048096,221.126090,0.00263638,83.5439,1,0.065512,340.493320
2015-10-22,0.02894280,104.8102,1,0.039180,180.115450,0.01601527,85.1454,1,0.064313,259.743310
2015-10-23,-0.00248594,104.5616,1,0.064024,261.732100,-0.00312754,84.8327,1,0.057044,283.972660
2015-10-26,0.00836983,105.3986,1,0.031887,164.129810,-0.00433236,84.3994,1,0.049446,343.499090
2015-10-27,0.00087400,105.4860,1,0.032730,180.559110,0.00660438,85.0599,1,0.049162,280.735350
2015-10-28,-0.00553450,104.9326,1,0.029510,161.034070,-0.00766098,84.2938,1,0.040818,281.057160
2015-10-29,0.00752535,105.6851,1,0.037025,204.458520,0.00143287,84.4371,0,0.000000,0.000000
2015-10-30,0.03183773,108.8689,1,0.039107,220.872760,-0.00829803,83.6073,1,0.049863,304.659967
2015-11-02,-0.00153747,108.7151,1,0.045587,223.754840,-0.00533598,83.0737,1,0.065768,341.762520
2015-11-03,0.00554782,109.2699,1,0.024918,123.202620,-0.00404793,82.6689,0,0.000000,0.000000
2015-11-04,0.01302871,110.5728,1,0.035969,200.824800,-0.01089325,81.5795,1,0.070135,362.374924
2015-11-05,-0.00662806,109.9100,1,0.029086,181.012140,0.00096359,81.6759,1,0.057831,359.868630
2015-11-06,-0.01026818,108.8832,1,0.034458,180.926400,0.00993649,82.6695,1,0.060761,340.747090
2015-11-09,0.01100191,109.9834,1,0.033989,140.838420,-0.00034878,82.6347,1,0.052588,302.084490
2015-11-10,0.01233442,111.2168,1,0.026918,180.892460,-0.02026247,80.6084,0,0.000000,0.000000
2015-11-11,-0.00044829,111.1720,1,0.042789,242.003000,0.01498029,82.1065,1,0.070411,398.429066
2015-11-12,0.00299817,111.4718,1,0.030603,161.602120,-0.00078129,82.0283,1,0.042459,222.147320
2015-11-13,-0.00454406,111.0174,1,0.032106,180.362280,-0.00200797,81.8275,0,0.000000,0.000000
2015-11-16,0.00304357,111.3217,1,0.032473,141.546280,0.00281973,82.1095,1,0.061617,298.460792
2015-11-17,0.00463742,111.7855,1,0.022218,143.174510,-0.01098099,81.0114,0,0.000000,0.000000
2015-11-18,-0.01043295,110.7422,1,0.026305,140.668360,0.00491808,81.5032,1,0.053942,322.937329
2015-11-19,0.00131359,110.8735,1,0.036171,183.730730,-0.01269182,80.2340,0,0.000000,0.000000
2015-11-20,-0.01282842,109.5907,1,0.022092,101.513830,-0.00251053,79.9830,1,0.058873,363.594019
2015-11-23,-0.00848812,108.7419,1,0.023122,141.686850,0.00734342,80.7173,1,0.049138,322.549600
2015-11-24,0.00072119,108.8140,1,0.029001,141.359170,0.00376446,81.0938,1,0.041824,281.590200
2015-11-25,-0.00357960,108.4560,1,0.029790,162.158340,-0.00326736,80.7670,1,0.048366,280.866870
2015-11-27,0.00764697,109.2207,1,0.030053,121.638590,-0.00310103,80.4569,1,0.049553,280.525950
2015-11-30,0.01218404,110.4391,1,0.046646,200.751850,-0.00950931,79.5060,1,0.076131,340.979650
2015-12-01,0.00529924,110.9691,1,0.039236,240.683890,-0.00724719,78.7813,1,0.047639,339.912500
2015-12-02,0.00381000,111.3501,1,0.041540,242.206860,0.01228998,80.0103,0,0.000000,0.000000
2015-12-03,-0.00465225,110.8848,1,0.046635,220.264960,0.01111041,81.1213,0,0.000000,0.000000
2015-12-04,-0.01199829,109.6850,1,0.040409,219.599590,0.00108983,81.2303,0,0.000000,0.000000
2015-12-07,-0.00573003,109.1120,1,0.039623,203.723720,0.00882738,82.1130,0,0.000000,0.000000
2015-12-08,0.01248254,110.3603,1,0.027496,120.528680,-0.01658957,80.4541,0,0.000000,0.000000
2015-12-09,0.00580450,110.9407,1,0.038860,179.545110,0.00145455,80.5995,1,0.078045,376.133121
2015-12-10,0.01546865,112.4876,1,0.022975,140.105470,-0.00050866,80.5487,0,0.000000,0.000000
2015-12-11,0.00505590,112.9932,1,0.044390,241.467940,-0.01974947,78.5737,1,0.045627,298.682142
2015-12-14,0.00262347,113.2555,1,0.048723,298.301100,-0.00536695,78.0370,0,0.000000,0.000000
2015-12-15,-0.00286783,112.9687,1,0.032523,220.525170,-0.00162078,77.8749,1,0.069338,317.281143
2015-12-16,-0.00993430,111.9753,1,0.034860,202.295960,0.00689716,78.5647,1,0.058384,342.366640
2015-12-17,0.00077584,112.0529,1,0.022516,123.279950,-0.00373427,78.1912,0,0.000000,0.000000
2015-12-18,0.00294227,112.3471,1,0.041883,239.496020,-0.00084138,78.1071,0,0.000000,0.000000
2015-12-21,0.00250836,112.5980,1,0.061894,220.384670,-0.00089493,78.0176,0,0.000000,0.000000
2015-12-22,0.00209461,112.8074,1,0.052159,222.688510,0.00057020,78.0746,0,0.000000,0.000000
2015-12-23,-0.00767617,112.0398,1,0.032657,181.705060,0.00188384,78.2630,0,0.000000,0.000000
2015-12-24,0.00569736,112.6095,1,0.032634,183.364600,-0.00441443,77.8216,0,0.000000,0.000000
2015-12-28,0.00539013,113.1485,1,0.066677,180.469190,0.00591311,78.4129,1,0.098029,384.099107
2015-12-29,-0.00268822,112.8797,1,0.039392,200.631810,-0.00798528,77.6143,1,0.044868,240.900800
2015-12-30,-0.00051124,112.8286,1,0.033504,141.849770,0.01089234,78.7036,0,0.000000,0.000000
2015-12-31,-0.00156495,112.6721,1,0.028395,140.695080,-0.01250975,77.4526,0,0.000000,0.000000
2016-01-04,-0.00127477,112.5446,0,0.000000,0.000000,-0.00384232,77.0684,0,0.000000,0.000000
2016-01-05,-0.00981869,111.5628,0,0.000000,0.000000,0.01399224,78.4676,0,0.000000,0.000000
2016-01-06,-0.00365621,111.1971,1,0.030841,200.733583,0.01740961,80.2086,1,0.046599,240.090391
2016-01-07,-0.01649758,109.5474,0,0.000000,0.000000,-0.00602553,79.6060,0,0.000000,0.000000
2016-01-08,-0.00637648,108.9097,0,0.000000,0.000000,0.00155627,79.7616,0,0.000000,0.000000
2016-01-11,0.00832357,109.7421,1,0.033633,160.725090,-0.01283494,78.4781,1,0.040374,257.275273
2016-01-12,-0.00286224,109.4559,1,0.018784,100.220070,-0.00230411,78.2477,1,0.056701,359.670220
2016-01-13,-0.00325765,109.1301,1,0.014145,81.383720,-0.01985402,76.2623,1,0.059522,341.496450
2016-01-14,0.01103455,110.2336,0,0.000000,0.000000,-0.00675557,75.5868,0,0.000000,0.000000
2016-01-15,-0.00469444,109.7641,1,0.035924,181.879395,-0.00265702,75.3211,0,0.000000,0.000000
2016-01-19,-0.00327428,109.4367,0,0.000000,0.000000,0.00298653,75.6197,0,0.000000,0.000000
2016-01-20,0.00030084,109.4668,1,0.026476,140.321306,0.00149999,75.7697,1,0.065131,280.424656
2016-01-21,-0.02052668,107.4141,1,0.031608,181.339880,0.01180201,76.9499,1,0.080559,339.193310
2016-01-22,-0.00070311,107.3438,1,0.029621,201.558540,-0.00080079,76.8698,1,0.042529,301.717660
2016-01-25,0.00201344,107.5451,1,0.028336,144.732330,0.00859036,77.7289,0,0.000000,0.000000
2016-01-26,-0.01558738,105.9864,0,0.000000,0.000000,0.01322023,79.0509,0,0.000000,0.000000
2016-01-27,-0.01068271,104.9181,1,0.027731,102.521982,0.00042555,79.0935,0,0.000000,0.000000
2016-01-28,-0.02326788,102.5913,0,0.000000,0.000000,0.01429133,80.5226,1,0.064657,302.537263
2016-01-29,0.00778389,103.3697,0,0.000000,0.000000,-0.00651860,79.8707,1,0.049740,281.049110
2016-02-01,0.00361069,103.7308,1,0.030801,186.263776,-0.00897215,78.9735,0,0.000000,0.000000
2016-02-02,-0.01213813,102.5170,1,0.038853,180.058350,0.00852174,79.8257,1,0.070056,386.668927
2016-02-03,-0.00200067,102.3169,0,0.000000,0.000000,-0.01365142,78.4605,0,0.000000,0.000000
2016-02-04,0.04443323,106.7602,1,0.035807,200.402717,-0.02440024,76.0205,1,0.066434,379.253670
2016-02-05,-0.00940341,105.8199,1,0.034281,199.573050,-0.01814762,74.2058,1,0.060232,358.963370
2016-02-08,-0.00870685,104.9492,0,0.000000,0.000000,0.02793718,76.9995,1,0.062672,356.924990
2016-02-09,0.00642674,105.5919,0,0.000000,0.000000,-0.02101466,74.8980,1,0.040456,259.712770
2016-02-10,0.01883491,107.4754,1,0.043079,200.767871,-0.00435565,74.4624,1,0.074415,361.743030
2016-02-11,0.00766456,108.2418,1,0.039014,182.647370,-0.00478050,73.9844,1,0.071280,362.563230
2016-02-12,-0.01002255,107.2396,0,0.000000,0.000000,0.00468504,74.4529,0,0.000000,0.000000
2016-02-16,-0.00513536,106.7260,1,0.038846,183.705032,0.00588051,75.0409,0,0.000000,0.000000
2016-02-17,0.00667828,107.3939,1,0.026342,125.232950,0.01894543,76.9355,0,0.000000,0.000000
2016-02-18,0.00479671,107.8735,1,0.030779,143.385070,-0.00188189,76.7473,0,0.000000,0.000000
2016-02-19,0.01533944,109.4075,1,0.026316,200.460110,0.00590149,77.3375,1,0.056851,307.732916
2016-02-22,-0.00710324,108.6972,1,0.028364,160.509980,-0.00896177,76.4413,1,0.062427,321.422280
2016-02-23,0.01577406,110.2746,1,0.023124,143.539620,-0.00642014,75.7993,0,0.000000,0.000000
2016-02-24,0.00602650,110.8772,1,0.029620,178.841290,0.00580438,76.3797,1,0.068502,342.229174
2016-02-25,0.01205768,112.0830,1,0.021232,122.808910,-0.02955425,73.4243,1,0.045835,262.726400
2016-02-26,0.00886470,112.9695,1,0.025370,119.994440,0.01453454,74.8777,0,0.000000,0.000000
2016-02-29,-0.00186257,112.7832,1,0.051267,200.198440,-0.01104298,73.7734,1,0.050898,241.731380
2016-03-01,-0.00470423,112.3128,0,0.000000,0.000000,-0.00829136,72.9443,1,0.057186,358.291520
2016-03-02,-0.00524815,111.7880,1,0.038285,164.134312,0.00979517,73.9238,0,0.000000,0.000000
2016-03-03,0.00137665,111.9256,1,0.031505,202.561190,0.00009002,73.9328,1,0.055218,288.206191
2016-03-04,0.00877972,112.8036,1,0.026428,141.784270,-0.00150550,73.7823,1,0.050490,301.619460
2016-03-07,-0.01968132,110.8355,1,0.022502,140.682660,-0.01786269,71.9960,1,0.058479,320.631800
2016-03-08,0.01438437,112.2739,1,0.034283,160.904610,-0.01972366,70.0236,1,0.080296,322.971670
2016-03-09,-0.00412242,111.8617,1,0.037472,217.363660,0.00828566,70.8522,0,0.000000,0.000000
2016-03-10,0.00456414,112.3181,1,0.030706,160.952590,-0.00918381,69.9338,1,0.046391,219.882592
2016-03-11,-0.00917287,111.4008,1,0.029727,140.605220,-0.01080651,68.8532,1,0.057541,300.999810
2016-03-14,0.00115931,111.5167,1,0.022359,122.995220,0.00472498,69.3257,0,0.000000,0.000000
2016-03-15,0.00783650,112.3004,1,0.025380,140.166610,0.00457116,69.7828,1,0.042544,263.574435
2016-03-16,-0.00073543,112.2268,1,0.011453,81.218530,-0.00805631,68.9771,1,0.054981,280.708320
2016-03-17,-0.00694791,111.5320,1,0.028041,141.483190,-0.00883024,68.0941,1,0.073214,362.563290
2016-03-18,0.00765856,112.2979,1,0.020394,103.248830,-0.01176177,66.9179,1,0.060737,320.835290
2016-03-21,0.00668731,112.9666,1,0.033339,180.622790,-0.00136348,66.7816,1,0.068648,361.195620
2016-03-22,0.00189472,113.1561,1,0.041218,199.272830,0.00022911,66.8045,1,0.060159,340.202460
2016-03-23,0.00815284,113.9714,1,0.031896,200.589570,-0.00848435,65.9561,1,0.048355,300.819930
2016-03-24,-0.00288930,113.6824,1,0.030750,179.003280,0.00231567,66.1876,1,0.053793,339.092180
2016-03-28,0.00319338,114.0018,1,0.029412,160.670000,-0.00291102,65.8965,1,0.061152,300.337620
2016-03-29,0.01233796,115.2356,1,0.023144,120.624770,0.00648351,66.5449,1,0.085309,360.451650
2016-03-30,0.00070021,115.3056,1,0.022519,103.341300,-0.00006239,66.5386,0,0.000000,0.000000
2016-03-31,-0.00229933,115.0757,1,0.038693,179.828960,-0.01456698,65.0820,1,0.067158,323.161946
2016-04-01,0.01122138,116.1978,1,0.054622,299.830260,-0.00839549,64.2424,1,0.069129,360.386380
2016-04-04,-0.00332410,115.8654,1,0.050410,280.906800,-0.00718777,63.5236,0,0.000000,0.000000
2016-04-05,0.00727338,116.5927,1,0.035392,181.085340,0.00127676,63.6513,0,0.000000,0.000000
2016-04-06,-0.00525954,116.0668,1,0.049174,279.707390,0.00080776,63.7321,0,0.000000,0.000000
2016-04-07,0.00622769,116.6895,1,0.039871,241.894720,0.00846460,64.5785,0,0.000000,0.000000
2016-04-08,0.00875174,117.5647,1,0.056636,298.642580,0.00675623,65.2542,0,0.000000,0.000000
2016-04-11,-0.00092591,117.4721,1,0.043121,220.289710,0.00056649,65.3108,1,0.053421,259.835981
2016-04-12,0.00550604,118.0227,1,0.056306,200.122790,-0.01196900,64.1139,1,0.054320,280.425850
2016-04-13,0.00042970,118.0657,1,0.034980,182.120470,0.02385083,66.4990,0,0.000000,0.000000
2016-04-14,-0.01124923,116.9408,1,0.036393,203.415790,0.00361712,66.8607,1,0.035418,225.614425
2016-04-15,-0.00304531,116.6363,1,0.023031,140.802170,0.00135757,66.9965,1,0.041403,279.895750
2016-04-18,-0.00681885,115.9544,1,0.033125,201.509200,0.00056772,67.0532,1,0.048138,281.505620
2016-04-19,-0.00807588,115.1468,1,0.023828,161.723500,0.00334344,67.3876,0,0.000000,0.000000
2016-04-20,-0.00678179,114.4686,1,0.029779,161.842400,-0.00383625,67.0040,1,0.043305,262.632102
2016-04-21,0.00412649,114.8812,1,0.030961,181.850500,0.01489500,68.4935,1,0.047440,321.369000
2016-04-22,-0.00384260,114.4970,1,0.035730,180.327770,-0.00056118,68.4373,1,0.043908,260.839020
2016-04-25,-0.00031136,114.4659,1,0.040366,202.122910,-0.00406162,68.0312,1,0.055742,341.448950
2016-04-26,0.00656258,115.1221,1,0.030342,199.924830,-0.01029745,67.0014,1,0.044865,279.712860
2016-04-27,0.00001726,115.1238,1,0.060194,302.445840,-0.01054075,65.9474,0,0.000000,0.000000
2016-04-28,0.00159225,115.2831,1,0.056465,261.237080,-0.00109578,65.8378,1,0.068428,362.778523
2016-04-29,0.00202897,115.4860,1,0.045373,278.871270,0.00323309,66.1611,1,0.058091,299.003710
2016-05-02,-0.00580798,114.9052,1,0.029168,180.954910,0.00529344,66.6904,0,0.000000,0.000000
2016-05-03,-0.00274331,114.6308,1,0.046921,263.372570,0.00710304,67.4007,0,0.000000,0.000000
2016-05-04,-0.00311182,114.3196,1,0.047092,239.481290,0.00759953,68.1607,1,0.071357,338.362907
2016-05-05,0.01068371,115.3880,1,0.031289,161.332530,0.00005657,68.1663,1,0.045063,280.885110
2016-05-06,0.00134578,115.5226,1,0.050712,201.169260,0.00550267,68.7166,1,0.066953,361.044440
2016-05-09,0.00107446,115.6300,1,0.037014,200.780070,-0.00914229,67.8024,1,0.061679,301.651740
2016-05-10,0.00345295,115.9753,1,0.043405,201.878420,0.00448048,68.2504,1,0.071232,360.696590
2016-05-11,-0.00051483,115.9238,1,0.047993,242.867560,-0.00746406,67.5040,0,0.000000,0.000000
2016-05-12,0.00700009,116.6239,1,0.026631,181.099730,-0.00871623,66.6324,1,0.059443,359.091893
2016-05-13,0.00177070,116.8009,1,0.048500,239.960260,-0.00841436,65.7910,1,0.053516,319.864380
2016-05-16,-0.00024508,116.7764,1,0.042018,240.338670,-0.00747405,65.0436,0,0.000000,0.000000
2016-05-17,-0.00356769,116.4197,1,0.041679,241.908870,0.00328455,65.3720,0,0.000000,0.000000
2016-05-18,-0.00318919,116.1007,1,0.047479,239.664770,0.00851446,66.2235,1,0.060524,300.478417
2016-05-19,0.01432340,117.5331,1,0.031350,181.305280,-0.01994808,64.2286,1,0.034158,240.600530
2016-05-20,-0.00279404,117.2537,1,0.035834,180.685870,-0.01309467,62.9192,1,0.067337,379.399270
2016-05-23,0.00006396,117.2601,1,0.032604,161.533870,-0.00379458,62.5397,0,0.000000,0.000000
2016-05-24,0.01107897,118.3680,1,0.038793,200.816380,-0.00999415,61.5403,1,0.059485,361.484915
2016-05-25,-0.00415859,117.9521,1,0.030389,203.218890,0.01242023,62.7823,0,0.000000,0.000000
2016-05-26,0.00724157,118.6763,1,0.030743,201.729950,-0.00549874,62.2325,1,0.040614,284.525433
2016-05-27,-0.00141554,118.5347,1,0.032964,200.449720,-0.00565701,61.6668,1,0.055321,340.085020
2016-05-31,-0.00234053,118.3007,1,0.032073,140.946790,0.00071863,61.7386,0,0.000000,0.000000
2016-06-01,-0.00755222,117.5454,1,0.021842,120.553720,-0.00922478,60.8161,1,0.053898,342.009783
2016-06-02,-0.00999965,116.5455,1,0.023895,101.804860,0.00871686,61.6878,1,0.059174,320.721420
2016-06-03,0.00636384,117.1819,1,0.021836,101.932690,-0.00875713,60.8121,1,0.045413,261.573060
2016-06-06,0.00040787,117.2226,1,0.030573,140.879680,-0.00239108,60.5730,1,0.039318,319.701320
2016-06-07,0.00488136,117.7108,1,0.034804,181.555320,-0.00710339,59.8627,1,0.053029,321.620630
2016-06-08,0.00041240,117.7520,1,0.038090,220.885640,-0.00090844,59.7718,1,0.059864,381.374930
2016-06-09,0.00129018,117.8810,1,0.039232,200.846610,-0.01148995,58.6228,1,0.047845,280.617060
2016-06-10,0.00055481,117.9365,1,0.030539,200.785250,0.00110920,58.7337,1,0.050260,361.029630
2016-06-13,-0.00014184,117.9223,1,0.031884,199.372280,0.00489828,59.2236,0,0.000000,0.000000
2016-06-14,-0.01644447,116.2779,1,0.039717,220.078440,0.00422625,59.6462,0,0.000000,0.000000
2016-06-15,0.00443376,116.7213,1,0.031424,161.426470,-0.01053892,58.5923,1,0.038472,257.360512
2016-06-16,-0.00340009,116.3812,1,0.041199,221.375260,0.00310396,58.9027,1,0.053884,340.627760
2016-06-17,-0.00451926,115.9293,1,0.032526,181.282090,-0.00501505,58.4012,1,0.050715,321.034180
2016-06-20,0.01536509,117.4658,1,0.031761,161.667500,-0.01356860,57.0443,1,0.062500,340.983770
2016-06-21,-0.00193499,117.2723,1,0.045539,243.493790,0.01103279,58.1476,0,0.000000,0.000000
2016-06-22,0.00292374,117.5647,1,0.039266,240.786960,-0.00709669,57.4379,1,0.059089,223.861757
2016-06-23,-0.00476049,117.0887,1,0.032599,180.914740,0.00663466,58.1014,1,0.065924,360.219200
2016-06-24,0.03235645,120.3243,1,0.036025,182.580610,-0.00543743,57.5577,0,0.000000,0.000000
2016-06-27,-0.03289076,117.0352,1,0.067986,352.671210,-0.01363435,56.1942,0,0.000000,0.000000
2016-06-28,0.00370860,117.4061,1,0.020300,144.906270,-0.01027347,55.1669,0,0.000000,0.000000
2016-06-29,0.00744973,118.1511,1,0.054217,264.188340,0.00584874,55.7518,0,0.000000,0.000000
2016-06-30,0.00289189,118.4402,1,0.045951,203.053830,0.00236333,55.9881,0,0.000000,0.000000
2016-07-01,-0.00003023,118.4372,1,0.045843,263.560900,0.00295904,56.2840,0,0.000000,0.000000
2016-07-05,-0.01010464,117.4268,0,0.000000,0.000000,0.00153788,56.4378,1,0.051392,319.124042
2016-07-06,-0.00198696,117.2281,0,0.000000,0.000000,-0.00381467,56.0563,1,0.049577,320.138560
2016-07-07,-0.00880304,116.3478,1,0.037344,221.964585,-0.00438021,55.6183,1,0.052941,340.696650
2016-07-08,0.00263278,116.6110,0,0.000000,0.000000,0.00816829,56.4351,1,0.053131,299.601800
2016-07-11,-0.00101943,116.5091,1,0.031573,185.582918,0.01150496,57.5856,0,0.000000,0.000000
2016-07-12,-0.00744086,115.7650,1,0.024396,181.597490,0.01689999,59.2756,1,0.039951,265.411804
2016-07-13,0.00779697,116.5447,1,0.027233,221.828790,-0.00579225,58.6964,1,0.035455,223.290830
2016-07-14,0.00206882,116.7516,0,0.000000,0.000000,-0.00045073,58.6513,1,0.044623,340.669750
2016-07-15,-0.00030071,116.7215,0,0.000000,0.000000,0.00323226,58.9746,1,0.047694,340.494990
2016-07-18,-0.00418193,116.3033,0,0.000000,0.000000,-0.00095865,58.8787,1,0.058515,280.616280
2016-07-19,0.01049195,117.3525,0,0.000000,0.000000,-0.00904890,57.9738,1,0.058750,320.588510
2016-07-20,0.01115766,118.4683,0,0.000000,0.000000,-0.00634653,57.3391,1,0.060883,399.226180
2016-07-21,0.00683367,119.1517,0,0.000000,0.000000,0.01635716,58.9749,1,0.037144,321.493670
2016-07-22,-0.00621630,118.5300,0,0.000000,0.000000,0.00490954,59.4658,1,0.042356,281.287080
2016-07-25,-0.00401398,118.1286,1,0.036548,280.850682,-0.00181615,59.2842,0,0.000000,0.000000
2016-07-26,0.00154631,118.2833,0,0.000000,0.000000,0.01396716,60.6809,1,0.057224,361.167506
2016-07-27,-0.00279514,118.0037,1,0.040444,263.193834,0.01753417,62.4343,1,0.033623,283.264900
2016-07-28,0.00211400,118.2151,0,0.000000,0.000000,-0.00907376,61.5270,1,0.037696,201.293160
2016-07-29,0.00622212,118.8374,0,0.000000,0.000000,0.00276667,61.8036,1,0.045693,302.027740
2016-08-01,0.00333341,119.1707,1,0.038559,241.903347,-0.00280498,61.5231,1,0.044518,341.052060
2016-08-02,0.00990041,120.1607,0,0.000000,0.000000,-0.01219473,60.3037,1,0.056683,320.140500
2016-08-03,-0.00435956,119.7248,0,0.000000,0.000000,-0.00415702,59.8880,0,0.000000,0.000000
2016-08-04,-0.00365522,119.3593,1,0.043912,298.722518,-0.00263030,59.6249,1,0.063620,340.872637
2016-08-05,-0.00652117,118.7071,1,0.040557,240.586370,0.00759604,60.3845,1,0.062276,360.234310
2016-08-08,-0.00620295,118.0869,0,0.000000,0.000000,-0.00339890,60.0446,1,0.054670,322.189480
2016-08-09,-0.01167699,116.9192,0,0.000000,0.000000,0.01475384,61.5200,1,0.054286,339.968100
2016-08-10,-0.01702194,115.2170,0,0.000000,0.000000,0.00131515,61.6515,1,0.035815,281.914390
2016-08-11,-0.00426364,114.7906,1,0.037254,264.625625,0.00633493,62.2850,1,0.041547,261.886270
2016-08-12,0.00204192,114.9948,1,0.031288,221.221330,0.00516360,62.8014,1,0.043770,301.386960
2016-08-15,-0.00800360,114.1944,0,0.000000,0.000000,-0.00661995,62.1394,1,0.036195,280.605910
2016-08-16,0.00066938,114.2614,0,0.000000,0.000000,0.00480544,62.6199,1,0.050456,321.669640
2016-08-17,-0.00007807,114.2536,0,0.000000,0.000000,-0.00898049,61.7219,0,0.000000,0.000000
2016-08-18,-0.00367316,113.8862,1,0.047656,299.171371,-0.00114132,61.6078,1,0.043652,319.277709
2016-08-19,-0.00791061,113.0952,1,0.035161,260.293400,-0.00194480,61.4133,1,0.048050,340.811900
2016-08-22,0.00572983,113.6682,0,0.000000,0.000000,-0.01311380,60.1019,1,0.042620,320.441370
2016-08-23,-0.00418616,113.2495,1,0.040236,241.000313,-0.00386584,59.7153,1,0.056434,400.410820
2016-08-24,0.00023007,113.2726,0,0.000000,0.000000,-0.00450880,59.2644,1,0.052810,341.122610
2016-08-25,-0.00358872,112.9137,0,0.000000,0.000000,-0.00074332,59.1901,0,0.000000,0.000000
2016-08-26,-0.00488771,112.4249,0,0.000000,0.000000,0.00542651,59.7328,1,0.060239,359.865454
2016-08-29,0.00041719,112.4666,0,0.000000,0.000000,-0.00025876,59.7069,1,0.045226,280.045050
2016-08-30,-0.01129866,111.3368,1,0.050266,261.692115,0.00417044,60.1239,0,0.000000,0.000000
2016-08-31,-0.00279467,111.0573,0,0.000000,0.000000,0.00278011,60.4019,1,0.033189,281.609222
2016-09-01,0.01078998,112.1363,1,0.031932,200.578159,-0.01403960,58.9980,1,0.041090,319.689500
2016-09-02,-0.00047947,112.0883,1,0.039337,241.030230,-0.00436532,58.5614,1,0.047722,360.907490
2016-09-06,0.00584165,112.6725,1,0.037635,220.738810,0.00286620,58.8481,0,0.000000,0.000000
2016-09-07,0.00213718,112.8862,0,0.000000,0.000000,-0.00057543,58.7905,1,0.048163,300.886633
2016-09-08,0.00209113,113.0953,1,0.029427,222.016738,0.00131364,58.9219,1,0.047246,361.172660
2016-09-09,-0.00385671,112.7097,0,0.000000,0.000000,0.01011103,59.9330,1,0.046667,300.016670
2016-09-12,-0.00082456,112.6272,0,0.000000,0.000000,-0.00280531,59.6525,0,0.000000,0.000000
2016-09-13,0.00111641,112.7389,1,0.026319,218.592690,-0.00192433,59.4600,0,0.000000,0.000000
2016-09-14,-0.00510197,112.2287,0,0.000000,0.000000,0.00587454,60.0475,0,0.000000,0.000000
2016-09-15,-0.00392340,111.8363,0,0.000000,0.000000,0.00371150,60.4186,1,0.049870,277.845115
2016-09-16,-0.01229937,110.6064,1,0.031367,142.062103,0.00860508,61.2791,0,0.000000,0.000000
2016-09-19,-0.00125447,110.4809,0,0.000000,0.000000,-0.00365539,60.9136,1,0.047259,303.132298
2016-09-20,-0.00379547,110.1014,0,0.000000,0.000000,-0.00160617,60.7530,1,0.050827,321.486340
2016-09-21,0.00395598,110.4970,0,0.000000,0.000000,0.00457316,61.2103,1,0.042194,280.218710
2016-09-22,0.00830408,111.3274,1,0.031772,202.875238,0.00456289,61.6666,0,0.000000,0.000000
2016-09-23,-0.00306677,111.0207,1,0.020557,160.840540,-0.00684662,60.9819,0,0.000000,0.000000
2016-09-26,-0.00057871,110.9628,0,0.000000,0.000000,-0.00061705,60.9202,1,0.048485,383.718908
2016-09-27,-0.00289564,110.6733,0,0.000000,0.000000,-0.00676282,60.2439,0,0.000000,0.000000
2016-09-28,0.00721949,111.3952,1,0.023901,181.361719,-0.00302260,59.9417,0,0.000000,0.000000
2016-09-29,0.00563192,111.9584,1,0.037708,221.527090,-0.00832459,59.1092,1,0.047839,360.886653
2016-09-30,0.00166459,112.1249,0,0.000000,0.000000,0.00306392,59.4156,0,0.000000,0.000000
2016-10-03,-0.01292586,110.8323,1,0.050776,320.695449,0.01091957,60.5076,1,0.043553,320.985403
2016-10-04,-0.00072132,110.7602,1,0.035112,201.015750,-0.00004232,60.5033,1,0.027602,240.709570
2016-10-05,-0.00146889,110.6133,1,0.026319,161.208020,-0.00116234,60.3871,1,0.041054,319.637610
2016-10-06,0.00116454,110.7297,1,0.030116,201.276050,-0.00595074,59.7920,1,0.045664,301.094500
2016-10-07,0.00213120,110.9429,1,0.044860,280.538110,-0.00586043,59.2060,1,0.050843,380.342270
2016-10-10,-0.00555363,110.3875,1,0.037103,239.908700,0.00197438,59.4034,1,0.041902,319.150820
2016-10-11,-0.00535649,109.8518,1,0.040319,281.347600,0.00204944,59.6084,1,0.046926,301.490660
2016-10-12,-0.00370705,109.4811,1,0.038265,180.219130,0.00201259,59.8096,0,0.000000,0.000000
2016-10-13,-0.01385466,108.0957,1,0.029006,180.867780,0.01176229,60.9858,1,0.041921,299.423432
2016-10-14,0.00805698,108.9014,1,0.033412,240.373680,0.00020035,61.0059,1,0.041805,280.263090
2016-10-17,-0.00847001,108.0544,1,0.043911,239.979390,0.01106426,62.1123,1,0.051724,300.349100
2016-10-18,0.00043131,108.0975,1,0.032609,161.334070,-0.00100266,62.0120,1,0.034546,260.909110
2016-10-19,-0.01188077,106.9094,1,0.042447,242.059000,0.00851196,62.8632,1,0.045224,341.455000
2016-10-20,-0.00319369,106.5901,1,0.030659,181.579470,-0.00069319,62.7939,1,0.031179,261.664680
2016-10-21,-0.00313657,106.2764,1,0.030897,200.754610,0.00011548,62.8055,1,0.038942,300.717160
2016-10-24,0.00471488,106.7479,1,0.035522,200.382160,-0.00340081,62.4654,1,0.059661,319.815890
2016-10-25,0.01327390,108.0753,1,0.047860,281.363070,-0.01553412,60.9120,1,0.044242,321.701320
2016-10-26,-0.00230616,107.8447,1,0.043066,278.877630,-0.00181563,60.7304,1,0.044533,338.409470
2016-10-27,-0.00236508,107.6081,1,0.032168,201.378370,0.00310716,61.0411,1,0.041364,320.038570
2016-10-28,0.00068015,107.6762,1,0.034785,221.551300,-0.00809854,60.2313,1,0.032824,260.294700
2016-10-31,-0.00461794,107.2144,1,0.039064,201.638780,-0.00420584,59.8107,1,0.044574,320.328030
2016-11-01,0.00754296,107.9687,1,0.037684,201.268730,0.00839009,60.6497,0,0.000000,0.000000
2016-11-02,-0.00516240,107.4524,1,0.029790,220.646560,0.00098530,60.7482,1,0.057830,341.309791
2016-11-03,-0.00047430,107.4050,1,0.039220,220.579930,-0.00065086,60.6831,0,0.000000,0.000000
2016-11-04,0.00991339,108.3963,1,0.039831,180.592430,-0.01354743,59.3284,1,0.040873,298.652657
2016-11-07,0.00590373,108.9867,1,0.038747,220.393050,-0.00234939,59.0935,1,0.047569,341.244410
2016-11-08,-0.01076990,107.9097,1,0.042940,285.186580,0.00544927,59.6384,0,0.000000,0.000000
2016-11-09,0.01406643,109.3164,1,0.033927,201.773690,-0.04501316,55.1371,1,0.038866,266.544063
2016-11-10,-0.02215452,107.1009,1,0.042622,242.087290,0.02494290,57.6314,1,0.058120,361.548130
2016-11-11,-0.00528362,106.5725,1,0.027822,104.128610,0.00197269,57.8286,1,0.026841,184.148410
2016-11-14,-0.02457605,104.1149,1,0.020965,141.563020,0.01170847,58.9995,1,0.053453,320.700330
2016-11-15,0.01221199,105.3361,1,0.026881,202.653200,-0.00089001,58.9105,1,0.045041,283.668980
2016-11-16,0.01474932,106.8111,1,0.025138,203.099980,-0.00213311,58.6972,1,0.040411,302.554380
2016-11-17,-0.00584235,106.2268,1,0.054385,319.307850,-0.00763993,57.9332,1,0.056833,319.890440
2016-11-18,-0.00530442,105.6964,1,0.042382,262.234810,0.00200948,58.1341,1,0.050542,381.783920
2016-11-21,-0.00582612,105.1138,1,0.028502,180.731680,0.00535617,58.6697,1,0.042613,300.602110
2016-11-22,0.01121434,106.2352,1,0.039326,201.774350,-0.00664661,58.0051,0,0.000000,0.000000
2016-11-23,0.00533479,106.7687,1,0.045461,262.302040,-0.00385702,57.6194,1,0.046452,324.148820
2016-11-25,0.00714808,107.4835,1,0.044882,281.812540,-0.00975763,56.6436,1,0.045693,321.859510
2016-11-28,-0.00792884,106.6906,1,0.067304,280.826730,0.01033665,57.6773,1,0.077865,340.591190
2016-11-29,0.00238650,106.9293,1,0.033450,200.143920,0.00378635,58.0559,1,0.044095,299.828730
2016-11-30,0.00314865,107.2441,1,0.029985,221.363160,-0.00557595,57.4983,1,0.046155,321.241350
2016-12-01,-0.01732819,105.5113,1,0.038099,240.530530,0.01863243,59.3616,1,0.049497,299.053460
2016-12-02,0.00608737,106.1201,1,0.032293,182.583940,-0.01095249,58.2663,1,0.034649,241.362560
2016-12-05,0.00420093,106.5401,1,0.044137,220.856470,-0.00664720,57.6016,1,0.049720,340.033540
2016-12-06,0.00637233,107.1774,1,0.040967,282.607490,-0.00001627,57.6000,1,0.045517,323.214480
2016-12-07,-0.00491967,106.6854,1,0.043307,301.608220,0.00179121,57.7791,1,0.040899,321.500450
2016-12-08,-0.00244665,106.4407,1,0.028615,202.480820,-0.01755941,56.0231,0,0.000000,0.000000
2016-12-09,0.00228503,106.6692,1,0.028627,181.463890,-0.00846330,55.1768,1,0.056830,382.681170
2016-12-12,0.00221830,106.8911,1,0.047160,300.326830,0.00070586,55.2474,1,0.048544,339.993700
2016-12-13,0.00153050,107.0441,1,0.034530,220.428050,-0.00371263,54.8761,1,0.046673,300.604750
2016-12-14,-0.00091434,106.9527,1,0.033344,241.276180,0.00683871,55.5600,1,0.057039,341.670770
2016-12-15,-0.01711935,105.2408,1,0.022935,181.074570,0.01092798,56.6528,1,0.043472,320.328670
2016-12-16,0.00243605,105.4844,1,0.013985,102.644320,-0.00593045,56.0598,1,0.028025,242.778270
2016-12-19,0.00641213,106.1256,1,0.042267,241.118650,-0.00288629,55.7711,1,0.049759,340.633780
2016-12-20,-0.00158593,105.9670,1,0.042843,281.280520,0.00466699,56.2378,1,0.051981,360.614290
2016-12-21,0.00301489,106.2685,1,0.052561,221.382170,-0.00582106,55.6557,1,0.073976,260.938540
2016-12-22,0.00920602,107.1891,1,0.043018,240.526390,-0.00544174,55.1116,1,0.057854,379.706290
2016-12-23,-0.00356395,106.8327,1,0.038775,239.378780,0.00454355,55.5659,1,0.042715,339.295020
2016-12-27,-0.00187591,106.6451,1,0.026481,181.083140,-0.00195664,55.3702,1,0.048764,321.086350
2016-12-28,0.00037508,106.6826,1,0.025502,161.182610,0.00186378,55.5566,0,0.000000,0.000000
2016-12-29,0.00339450,107.0220,1,0.035240,220.081410,-0.00834181,54.7224,0,0.000000,0.000000
2016-12-30,-0.00094298,106.9277,1,0.031008,220.459450,-0.00097822,54.6246,1,0.058752,379.112127
2017-01-03,0.00943740,107.8715,1,0.046180,360.163790,-0.00996117,53.6285,1,0.037907,280.746290
2017-01-04,-0.00294081,107.5774,1,0.048261,300.394120,0.00118165,53.7467,1,0.046175,340.230430
2017-01-05,-0.00147914,107.4295,1,0.041114,322.395660,-0.01469343,52.2773,0,0.000000,0.000000
2017-01-06,-0.01614248,105.8152,1,0.037708,278.525520,-0.00203747,52.0736,1,0.053367,402.244628
2017-01-09,0.00004366,105.8196,1,0.030794,281.315020,0.01266122,53.3397,1,0.043238,361.305560
2017-01-10,0.00056810,105.8764,1,0.031690,260.108560,-0.00337111,53.0026,1,0.033001,280.744520
2017-01-11,0.00394156,106.2706,1,0.032724,260.967840,0.00052467,53.0551,1,0.047843,361.251870
2017-01-12,-0.00717518,105.5531,1,0.028238,220.887760,-0.00398270,52.6568,1,0.038970,320.334250
2017-01-13,-0.00171835,105.3812,1,0.031245,300.087880,-0.00423477,52.2333,1,0.052277,360.157520
2017-01-17,0.01010804,106.3920,1,0.040566,280.767370,-0.02239788,49.9935,1,0.051348,320.617340
2017-01-18,0.00886202,107.2782,1,0.049838,358.703310,-0.00931199,49.0623,1,0.057399,398.331220
2017-01-19,-0.00220335,107.0579,1,0.039245,281.939980,-0.00918995,48.1433,1,0.047655,360.574900
2017-01-20,-0.00379079,106.6788,1,0.033909,279.348690,0.00147885,48.2912,0,0.000000,0.000000
2017-01-23,0.00112184,106.7910,1,0.033166,260.468210,-0.00470674,47.8205,1,0.036284,299.093968
2017-01-24,-0.00732152,106.0588,1,0.035242,299.982790,0.00552591,48.3731,1,0.031179,280.027910
2017-01-25,0.00070561,106.1294,1,0.025259,222.619810,0.00544297,48.9174,1,0.037613,302.229910
2017-01-26,-0.00406636,105.7228,1,0.027546,221.486780,-0.01875017,47.0424,1,0.039637,301.672410
2017-01-27,-0.00106595,105.6162,1,0.034025,299.523270,-0.00789280,46.2531,1,0.047940,381.240280
2017-01-30,-0.00497386,105.1188,1,0.036056,319.224930,0.00177769,46.4309,1,0.051241,320.208440
2017-01-31,-0.00600334,104.5185,1,0.024264,240.603690,0.00833461,47.2644,0,0.000000,0.000000
2017-02-01,-0.00253196,104.2653,1,0.029116,261.682290,-0.00460253,46.8041,1,0.038813,259.243292
2017-02-02,-0.00033281,104.2320,1,0.045771,319.672540,-0.01193280,45.6108,1,0.046330,360.084080
2017-02-03,-0.00764279,103.4677,1,0.052989,340.783390,-0.00623484,44.9873,1,0.060584,400.719330
2017-02-06,0.00552581,104.0203,1,0.044399,282.684510,-0.01557184,43.4302,1,0.050314,321.946820
2017-02-07,-0.00126485,103.8938,1,0.039505,280.926040,-0.00340630,43.0895,1,0.039660,341.073030
2017-02-08,0.00668760,104.5626,1,0.039880,300.368540,-0.00320682,42.7688,1,0.073832,380.152950
2017-02-09,-0.00025966,104.5366,1,0.031386,240.993020,0.00228769,42.9976,1,0.039601,301.199590
2017-02-10,0.00013613,104.5502,1,0.031807,242.209680,0.00079056,43.0767,1,0.046324,322.729850
2017-02-13,-0.00217839,104.3324,1,0.041169,300.931320,-0.00101873,42.9748,1,0.052313,341.972400
2017-02-14,-0.00013121,104.3192,1,0.031271,261.552630,0.00860912,43.8357,1,0.043198,340.755240
2017-02-15,0.00234795,104.5540,1,0.024075,200.325070,0.00383502,44.2192,1,0.030588,261.269030
2017-02-16,-0.02319981,102.2341,1,0.037561,221.163330,-0.01327988,42.8912,1,0.041148,261.881430
2017-02-17,-0.00174101,102.0600,1,0.025671,223.111960,-0.01142607,41.7486,1,0.048737,340.819680
2017-02-21,0.00494706,102.5547,1,0.033574,241.147030,-0.00643666,41.1050,1,0.068656,340.171830
2017-02-22,-0.00267340,102.2873,1,0.037020,321.537780,-0.00078348,41.0266,0,0.000000,0.000000
2017-02-23,-0.00433689,101.8536,1,0.034039,299.563520,-0.00288298,40.7383,1,0.058718,361.437335
2017-02-24,-0.00188392,101.6652,1,0.031312,241.921810,0.00187726,40.9260,1,0.046354,301.216000
2017-02-27,-0.00645515,101.0197,1,0.033945,260.937920,-0.00732182,40.1938,1,0.044582,321.827280
2017-02-28,-0.00556175,100.4636,1,0.031755,260.976670,-0.00400650,39.7932,1,0.069450,380.639520
2017-03-01,0.00233496,100.6971,1,0.044174,319.201620,-0.01173417,38.6198,1,0.052427,339.168120
2017-03-02,-0.00837051,99.8600,1,0.041491,284.232850,0.00773989,39.3938,0,0.000000,0.000000
2017-03-03,-0.01200438,98.6596,1,0.035918,279.508600,-0.01076353,38.3174,1,0.039253,262.073877
2017-03-06,-0.00207007,98.4526,1,0.033567,300.526460,-0.00155454,38.1620,1,0.046724,380.526960
2017-03-07,-0.00234771,98.2178,1,0.033631,319.265140,0.00697471,38.8594,0,0.000000,0.000000
2017-03-08,0.00163117,98.3809,1,0.038373,259.592940,0.00360995,39.2204,1,0.039415,299.566113
2017-03-09,0.00497441,98.8783,1,0.034889,220.823010,0.00264299,39.4847,1,0.044111,300.736450
2017-03-10,0.00090134,98.9685,1,0.046276,280.068630,-0.00038723,39.4460,1,0.045923,300.458870
2017-03-13,-0.00065968,98.9025,1,0.039668,300.652050,0.00344513,39.7905,1,0.047687,321.091160
2017-03-14,0.00393137,99.2956,1,0.034923,280.447460,0.00855703,40.6462,1,0.037317,281.060200
2017-03-15,0.00893363,100.1890,1,0.031707,219.910080,0.00156283,40.8025,1,0.032847,240.704700
2017-03-16,-0.00547817,99.6412,1,0.030947,222.549690,0.00561265,41.3638,0,0.000000,0.000000
2017-03-17,-0.00157593,99.4836,1,0.033733,299.445990,-0.00694649,40.6691,1,0.050509,323.246006
2017-03-20,-0.00337827,99.1458,1,0.037787,300.896200,-0.00115863,40.5533,1,0.041273,340.682560
2017-03-21,-0.00867977,98.2778,1,0.037677,260.250480,-0.01276963,39.2763,1,0.040873,299.464790
2017-03-22,-0.00113796,98.1640,1,0.043716,298.357300,0.00153582,39.4299,0,0.000000,0.000000
2017-03-23,0.00118824,98.2828,1,0.035966,320.513880,-0.00541871,38.8880,1,0.040651,260.019811
2017-03-24,-0.00828736,97.4541,1,0.039606,300.488090,-0.00086145,38.8019,1,0.055885,361.236880
2017-03-27,0.00712942,98.1670,1,0.026858,220.306470,0.01206060,40.0079,1,0.042710,281.263020
2017-03-28,0.00541316,98.7083,1,0.021134,181.155460,0.00103454,40.1114,1,0.040206,280.962690
2017-03-29,0.00269303,98.9776,1,0.032157,241.848490,0.00748134,40.8595,0,0.000000,0.000000
2017-03-30,0.00576882,99.5545,1,0.034178,200.781680,-0.01059538,39.8000,1,0.033128,261.991612
2017-03-31,0.00281278,99.8358,1,0.033792,260.062900,-0.01079849,38.7201,1,0.041599,340.271990
2017-04-03,-0.00055213,99.7806,1,0.039523,280.942530,-0.00003461,38.7167,1,0.056211,360.511050
2017-04-04,0.00137385,99.9180,1,0.035215,200.568110,-0.00561791,38.1549,1,0.060041,339.868850
2017-04-05,0.00135395,100.0534,1,0.033045,160.947620,-0.00418379,37.7365,1,0.062649,300.151850
2017-04-06,0.00416565,100.4699,1,0.034385,200.010380,-0.01228740,36.5078,1,0.047500,319.851010
2017-04-07,-0.00083495,100.3864,1,0.033015,241.950930,-0.00385705,36.1220,1,0.059395,401.897020
2017-04-10,0.00412375,100.7988,1,0.038905,239.893760,-0.01044320,35.0777,1,0.047680,319.667050
2017-04-11,-0.00785744,100.0131,1,0.036994,220.505820,-0.00129527,34.9482,1,0.047507,340.689680
2017-04-12,-0.00625632,99.3874,1,0.027082,161.335310,0.00473923,35.4221,1,0.034177,280.865300
2017-04-13,0.00145465,99.5329,1,0.013935,100.570010,0.00295998,35.7181,1,0.040262,239.879480
2017-04-17,0.00183357,99.7163,1,0.023223,180.286160,-0.00321529,35.3966,0,0.000000,0.000000
2017-04-18,0.00315975,100.0322,1,0.033995,202.036120,-0.00078806,35.3178,0,0.000000,0.000000
2017-04-19,0.00098348,100.1306,1,0.041172,260.100230,-0.00362613,34.9552,1,0.044223,300.045083
2017-04-20,-0.00161124,99.9695,1,0.026524,220.937780,0.00831505,35.7867,1,0.041555,321.101430
2017-04-21,0.00115928,100.0854,1,0.026112,222.366840,-0.00361616,35.4251,1,0.039626,302.535860
2017-04-24,-0.01042843,99.0425,1,0.028733,180.374820,-0.00036444,35.3886,1,0.046074,299.644430
2017-04-25,-0.00510671,98.5319,1,0.023781,162.938170,0.00250964,35.6396,0,0.000000,0.000000
2017-04-26,0.00284502,98.8164,1,0.031708,221.183590,-0.00539291,35.1003,1,0.037181,302.892277
2017-04-27,0.01194850,100.0112,1,0.034360,200.940830,0.01031761,36.1321,1,0.050769,340.929190
2017-04-28,-0.00074968,99.9363,1,0.035188,219.374430,-0.00468884,35.6632,1,0.052864,361.722450
2017-05-01,0.00515537,100.4518,1,0.027713,200.392200,-0.00205316,35.4579,1,0.041796,339.550140
2017-05-02,-0.03532241,96.9196,1,0.030971,220.744950,0.00166554,35.6244,1,0.044306,321.216840
2017-05-03,-0.00513250,96.4063,1,0.017740,143.742370,-0.00692323,34.9321,1,0.053903,343.566080
2017-05-04,0.00474587,96.8809,1,0.029633,200.919670,0.00918120,35.8502,1,0.057950,359.586240
2017-05-05,-0.00259210,96.6217,1,0.027940,180.713420,0.00139180,35.9894,1,0.047710,321.755450
2017-05-08,-0.00365702,96.2560,1,0.026072,181.461190,0.00151570,36.1410,1,0.046250,321.713690
2017-05-09,-0.00721610,95.5344,1,0.023590,180.541030,0.00316123,36.4571,1,0.041777,279.816460
2017-05-10,-0.00163335,95.3710,1,0.024625,180.730560,-0.00099609,36.3575,1,0.033729,280.939780
2017-05-11,0.00215930,95.5870,1,0.025520,180.847050,-0.00395361,35.9621,1,0.053531,340.654620
2017-05-12,0.00282214,95.8692,1,0.034006,239.655310,0.00264852,36.2270,1,0.041458,319.549690
2017-05-15,0.00069973,95.9392,1,0.030397,199.867380,-0.00945259,35.2817,1,0.051209,300.753470
2017-05-16,-0.01323100,94.6161,1,0.024140,221.148090,0.00768436,36.0501,0,0.000000,0.000000
2017-05-17,0.00236371,94.8524,1,0.021989,180.076440,-0.01901394,34.1487,1,0.045084,301.640237
2017-05-18,-0.00144333,94.7081,1,0.039743,258.426120,-0.00191686,33.9571,0,0.000000,0.000000
2017-05-19,0.00665384,95.3735,1,0.041146,260.938270,0.00523431,34.4805,1,0.040559,320.133798
2017-05-22,0.00259957,95.6334,1,0.058443,261.787410,-0.00100273,34.3802,0,0.000000,0.000000
2017-05-23,0.01234548,96.8680,1,0.039152,261.093560,-0.00360712,34.0195,0,0.000000,0.000000
2017-05-24,0.00235507,97.1035,1,0.035693,261.411740,-0.00695534,33.3240,1,0.047864,342.503706
2017-05-25,-0.00449744,96.6537,1,0.033564,240.885640,0.00486392,33.8104,1,0.051798,340.833770
2017-05-26,0.00202627,96.8564,1,0.028913,201.336240,-0.00335697,33.4747,1,0.032977,241.443590
2017-05-30,0.00217557,97.0739,1,0.036033,219.431860,-0.00407134,33.0675,1,0.044934,339.666540
2017-05-31,-0.00419766,96.6542,1,0.031236,240.620530,0.00586953,33.6545,1,0.038397,321.060420
2017-06-01,0.00589054,97.2432,1,0.040946,200.822370,-0.00716398,32.9381,1,0.041878,261.051730
2017-06-02,0.00163732,97.4069,1,0.057168,243.182140,0.01278573,34.2167,0,0.000000,0.000000
2017-06-05,-0.00233964,97.1730,1,0.049934,201.626580,0.00221643,34.4383,1,0.033637,282.393986
2017-06-06,-0.00159945,97.0130,1,0.032945,220.500110,-0.00477495,33.9608,1,0.042855,300.358860
2017-06-07,-0.00147435,96.8656,1,0.022715,180.998380,0.00226336,34.1871,1,0.041064,340.238680
2017-06-08,-0.00462061,96.4035,1,0.023911,180.947100,-0.00116496,34.0706,1,0.048816,301.089480
2017-06-09,-0.00170689,96.2329,1,0.030239,201.156230,0.00332786,34.4034,1,0.039184,301.811840
2017-06-12,-0.00745368,95.4875,1,0.052968,180.617030,0.02095373,36.4988,1,0.065267,301.117390
2017-06-13,0.00016948,95.5044,1,0.034312,161.374400,-0.00503068,35.9957,1,0.025698,221.912420
2017-06-14,-0.00127853,95.3766,1,0.029513,161.824240,0.00755521,36.7513,0,0.000000,0.000000
2017-06-15,-0.01043230,94.3334,1,0.035240,160.975240,0.00322162,37.0734,1,0.043008,281.825672
2017-06-16,0.00165981,94.4993,1,0.051399,200.592790,-0.00398009,36.6754,1,0.065299,341.214550
2017-06-19,0.01717242,96.2166,1,0.058278,200.314300,-0.01228805,35.4466,1,0.058385,319.923990
2017-06-20,-0.00025264,96.1913,1,0.057824,201.852720,0.00043386,35.4900,1,0.059634,360.018520
2017-06-21,-0.00568803,95.6225,1,0.030063,200.291520,0.00494336,35.9843,1,0.037414,279.653920
2017-06-22,-0.00253958,95.3685,1,0.036128,160.844360,0.00156216,36.1405,1,0.051534,300.966630
2017-06-23,-0.01637613,93.7309,1,0.027333,200.894130,0.02463518,38.6041,1,0.046732,301.203070
2017-06-26,-0.00104191,93.6267,1,0.035231,162.109420,0.00690259,39.2943,1,0.039301,222.753310
2017-06-27,-0.01046301,92.5804,1,0.048011,181.909620,0.00833847,40.1282,1,0.057483,281.553380
2017-06-28,-0.00668528,91.9119,1,0.031828,219.184730,-0.00211266,39.9169,0,0.000000,0.000000
2017-06-29,-0.00955678,90.9562,1,0.054328,221.990100,0.01132301,41.0492,0,0.000000,0.000000
2017-06-30,-0.00168420,90.7878,1,0.037890,219.485510,-0.00614569,40.4346,0,0.000000,0.000000
2017-07-03,0.00548831,91.3366,1,0.025529,200.993750,-0.00846347,39.5883,1,0.036817,339.800162
2017-07-05,0.01383777,92.7204,1,0.074643,261.758720,-0.02047001,37.5413,1,0.084641,361.592230
2017-07-06,0.00079382,92.7998,1,0.037068,260.394560,0.00265605,37.8069,1,0.056855,359.812120
2017-07-07,0.00762429,93.5622,1,0.034171,200.476390,0.00085234,37.8921,0,0.000000,0.000000
2017-07-10,0.00423595,93.9858,1,0.035085,261.989920,0.00220799,38.1129,0,0.000000,0.000000
2017-07-11,-0.00023945,93.9619,1,0.028555,240.505680,0.00160576,38.2735,1,0.030654,301.095255
2017-07-12,-0.00602888,93.3590,1,0.026738,179.998650,0.00234551,38.5081,1,0.040829,300.511570
2017-07-13,-0.00336088,93.0229,1,0.029038,201.963150,0.00403820,38.9119,0,0.000000,0.000000
2017-07-14,0.00008210,93.0311,1,0.031040,221.918870,-0.00140926,38.7709,1,0.036976,282.663301
2017-07-17,0.00154943,93.1861,1,0.029427,241.177750,-0.00730609,38.0403,1,0.036709,301.397570
2017-07-18,0.01022562,94.2086,1,0.027788,240.627250,-0.00275695,37.7646,1,0.044175,380.414480
2017-07-19,0.00348502,94.5571,1,0.047498,280.583590,-0.00182987,37.5817,1,0.049997,320.074840
2017-07-20,-0.00735135,93.8220,1,0.033335,281.541160,0.01390373,38.9720,0,0.000000,0.000000
2017-07-21,0.00358790,94.1808,1,0.035300,220.794100,-0.00144361,38.8277,1,0.031721,202.456618
2017-07-24,-0.00069535,94.1112,1,0.041055,220.753430,-0.00797449,38.0302,1,0.034559,280.849160
2017-07-25,0.00311029,94.4223,1,0.030771,240.035860,0.00536739,38.5670,1,0.041331,359.842490
2017-07-26,0.00174057,94.5963,1,0.037823,300.785580,0.00679700,39.2467,1,0.036090,321.237090
2017-07-27,0.00373437,94.9698,1,0.031803,221.591580,-0.00573040,38.6736,1,0.043420,320.899130
2017-07-28,0.01247784,96.2176,1,0.037336,259.635200,-0.01411674,37.2619,1,0.046084,359.416660
2017-07-31,-0.00306094,95.9115,1,0.045764,319.302340,-0.00905313,36.3566,1,0.050643,399.019610
2017-08-01,0.02374067,98.2855,1,0.044183,240.685450,-0.00676626,35.6800,1,0.064826,358.964890
2017-08-02,0.00548666,98.8342,1,0.075064,319.819770,0.00034575,35.7146,1,0.073725,360.660360
2017-08-03,-0.00317116,98.5171,1,0.045546,280.355290,-0.00290209,35.4244,1,0.049049,320.122720
2017-08-04,0.00786787,99.3039,1,0.041953,240.591190,0.00452888,35.8773,1,0.048742,340.144420
2017-08-07,-0.00204057,99.0998,1,0.043857,201.347320,0.00625215,36.5025,1,0.038355,321.303850
2017-08-08,-0.01356690,97.7431,1,0.030200,241.043200,0.02560945,39.0634,1,0.048265,282.144890
2017-08-09,0.00163750,97.9069,1,0.027740,222.279710,-0.00645415,38.4180,1,0.027695,242.985470
2017-08-10,-0.01390864,96.5160,1,0.040674,260.040270,0.00897865,39.3159,1,0.055005,359.485560
2017-08-11,-0.00649626,95.8664,1,0.045716,181.524470,0.00473688,39.7896,0,0.000000,0.000000
2017-08-14,0.00569602,96.4360,1,0.027298,201.605630,-0.00595826,39.1937,1,0.053486,298.705918
2017-08-15,0.00042199,96.4782,1,0.070771,262.461260,-0.00075205,39.1185,0,0.000000,0.000000
2017-08-16,0.00061534,96.5397,1,0.081626,320.592350,-0.00396302,38.7222,1,0.055322,302.436120
2017-08-17,-0.00024567,96.5151,1,0.024637,220.739180,-0.01879947,36.8423,1,0.035657,320.939900
2017-08-18,-0.00004291,96.5109,1,0.027971,259.503930,-0.00405967,36.4363,0,0.000000,0.000000
2017-08-21,0.00219422,96.7303,1,0.023068,180.563780,-0.00211288,36.2250,1,0.039048,317.643411
2017-08-22,0.01056960,97.7872,1,0.030080,241.185130,-0.00716575,35.5084,1,0.041145,320.974260
2017-08-23,-0.00180828,97.6064,1,0.037638,281.614560,-0.00606840,34.9016,0,0.000000,0.000000
2017-08-24,-0.00088117,97.5183,1,0.029937,260.420110,-0.00401801,34.4998,1,0.063391,342.604780
2017-08-25,0.00245658,97.7640,1,0.025622,180.739400,-0.00456139,34.0437,1,0.039369,340.342570
2017-08-28,-0.00092726,97.6712,1,0.029396,221.024500,-0.00494246,33.5494,1,0.053166,281.672170
2017-08-29,-0.00870757,96.8005,1,0.027437,200.619070,0.00390443,33.9399,1,0.050007,360.093980
2017-08-30,-0.00309420,96.4910,1,0.021610,180.981900,0.00280003,34.2199,1,0.056167,280.194610
2017-08-31,-0.00085247,96.4058,1,0.024557,240.959470,-0.00236070,33.9838,1,0.038570,301.283130
2017-09-01,-0.00526459,95.8793,1,0.029649,221.598650,0.00160783,34.1446,1,0.035587,302.247280
2017-09-05,-0.00447215,95.4321,1,0.026985,201.557010,-0.00748170,33.3964,1,0.083460,341.295550
2017-09-06,0.00752095,96.1842,1,0.028475,240.454030,-0.00783144,32.6133,1,0.043444,339.127270
2017-09-07,-0.00164648,96.0196,1,0.024708,200.946730,-0.00351670,32.2616,1,0.046390,340.740040
2017-09-08,0.00279161,96.2987,1,0.038009,221.610780,-0.00183826,32.0778,1,0.071666,320.411960
2017-09-11,0.00749606,97.0483,1,0.061044,202.074630,-0.01122767,30.9550,1,0.110757,322.016480
2017-09-12,-0.00206455,96.8419,1,0.037675,222.934010,0.00762522,31.7175,0,0.000000,0.000000
2017-09-13,0.01272846,98.1147,1,0.024374,241.255360,-0.00088799,31.6287,1,0.033569,282.831366
2017-09-14,0.00314268,98.4290,1,0.030652,279.470220,-0.00138947,31.4898,1,0.030597,319.225950
2017-09-15,-0.00050511,98.3785,1,0.032441,261.288280,0.00466252,31.9560,1,0.047578,340.112430
2017-09-18,-0.00300562,98.0779,1,0.025812,221.362010,0.01167351,33.1234,1,0.048759,281.281570
2017-09-19,-0.00077396,98.0005,1,0.025436,221.134490,0.00832856,33.9562,1,0.028354,261.625510
2017-09-20,0.00720155,98.7207,1,0.021145,181.288680,-0.00951245,33.0050,1,0.023115,241.181590
2017-09-21,-0.00484839,98.2358,1,0.027789,240.747100,0.00448464,33.4535,1,0.059786,379.950170
2017-09-22,0.00825668,99.0615,1,0.015542,141.099630,-0.00207555,33.2459,1,0.048415,240.519270
2017-09-25,0.00200943,99.2625,1,0.030807,241.026390,-0.00285366,32.9605,1,0.051426,300.399480
2017-09-26,-0.00421863,98.8406,1,0.031873,260.629610,0.00323973,33.2845,1,0.040977,340.602880
2017-09-27,0.00771877,99.6125,1,0.017333,160.858530,-0.00741527,32.5430,1,0.026617,281.295430
2017-09-28,0.00322001,99.9345,1,0.028049,222.349310,0.00403554,32.9465,1,0.041066,361.494910
2017-09-29,-0.00000003,99.9345,1,0.029473,241.218870,-0.00208115,32.7384,1,0.032015,281.255380
2017-10-02,0.00838252,100.7727,1,0.039908,300.729930,-0.01053101,31.6853,1,0.033621,300.745460
2017-10-03,-0.00222201,100.5505,1,0.028741,221.065660,-0.00247199,31.4381,1,0.036709,321.156340
2017-10-04,0.00484459,101.0350,1,0.032531,220.977720,-0.00199757,31.2384,1,0.039817,320.999850
2017-10-05,-0.00145159,100.8898,1,0.023109,221.175910,-0.00063179,31.1752,1,0.034239,320.750140
2017-10-06,0.00685680,101.5755,1,0.039240,260.980770,-0.00563358,30.6118,1,0.034468,320.818080
2017-10-09,0.00528042,102.1035,1,0.044238,259.996160,0.00404717,31.0165,1,0.030503,339.782310
2017-10-10,-0.00921969,101.1816,1,0.035299,259.118820,0.00848711,31.8653,1,0.035909,319.908040
2017-10-11,0.00415406,101.5970,1,0.031974,181.227010,0.00032731,31.8980,1,0.028359,301.314780
2017-10-12,-0.00353227,101.2438,1,0.047457,280.148160,0.00000807,31.8988,1,0.034083,300.505070
2017-10-13,0.00326540,101.5703,1,0.035190,220.963650,-0.01006964,30.8918,1,0.036814,320.894310
2017-10-16,-0.00156219,101.4141,1,0.044909,240.244010,0.00616844,31.5087,1,0.056656,399.654310
2017-10-17,0.00947120,102.3612,1,0.058360,240.717290,-0.01023125,30.4856,1,0.061125,280.852160
2017-10-18,0.00120105,102.4813,1,0.046935,300.483160,0.00221875,30.7074,1,0.044315,360.424660
2017-10-19,-0.00093314,102.3880,1,0.037934,241.020980,-0.00089594,30.6178,1,0.034504,281.495790
2017-10-20,-0.01064409,101.3236,1,0.070929,260.927680,0.01629987,32.2478,1,0.054953,320.612750
2017-10-23,0.00344392,101.6680,1,0.033268,182.502960,-0.00986500,31.2613,0,0.000000,0.000000
2017-10-24,0.00454937,102.1229,1,0.036063,299.939240,-0.00508565,30.7528,1,0.036235,383.273071
2017-10-25,0.00282537,102.4054,1,0.041983,321.116760,-0.00634648,30.1181,1,0.039088,340.868310
2017-10-26,-0.00301041,102.1044,1,0.043771,280.184360,-0.00067994,30.0501,1,0.040244,338.828180
2017-10-27,0.00687347,102.7917,1,0.033523,241.592750,-0.00363963,29.6861,1,0.035123,321.758830
2017-10-30,-0.00359519,102.4322,1,0.065689,242.232430,-0.00620658,29.0655,1,0.076078,341.753400
2017-10-31,0.00026016,102.4582,1,0.036034,220.368270,0.00372348,29.4378,0,0.000000,0.000000
2017-11-01,0.00547490,103.0057,1,0.034940,261.246410,-0.00757636,28.6802,1,0.048026,299.775903
2017-11-02,-0.00250114,102.7556,1,0.072744,301.087250,0.02323445,31.0036,1,0.077355,361.167110
2017-11-03,-0.00129290,102.6263,1,0.050470,220.226070,0.00112360,31.1160,1,0.036970,242.474100
2017-11-06,0.01002035,103.6284,1,0.036945,241.368780,-0.00530734,30.5853,1,0.045674,362.290290
2017-11-07,0.00621299,104.2497,1,0.036371,260.439580,-0.00374294,30.2110,1,0.034874,280.154760
2017-11-08,0.00635645,104.8853,1,0.022925,201.542570,-0.00212832,29.9981,1,0.037662,319.589340
2017-11-09,0.00234054,105.1194,1,0.027686,180.584730,0.00433769,30.4319,1,0.031411,300.788970
2017-11-10,0.00074288,105.1937,1,0.035362,240.793520,-0.00290120,30.1418,1,0.036630,300.811240
2017-11-13,0.00250196,105.4438,1,0.032174,239.821170,0.00019811,30.1616,1,0.043649,379.756230
2017-11-14,-0.01159039,104.2848,1,0.054289,301.225330,0.01247276,31.4089,1,0.072854,301.266300
2017-11-15,0.00069011,104.3538,1,0.035649,221.689750,0.00418922,31.8278,1,0.039418,261.808250
2017-11-16,-0.01695681,102.6581,1,0.028661,240.268940,0.01163180,32.9910,1,0.034170,280.469960
2017-11-17,-0.00080485,102.5777,1,0.044785,223.233780,0.00298982,33.2900,0,0.000000,0.000000
2017-11-20,0.00217554,102.7952,1,0.066066,280.079080,0.00265468,33.5554,1,0.054522,342.711867
2017-11-21,-0.00052661,102.7425,1,0.046061,300.971240,-0.00089388,33.4660,1,0.039508,300.488410
2017-11-22,0.00027231,102.7698,1,0.049649,241.096740,-0.00192480,33.2736,1,0.058280,340.838780
2017-11-24,-0.00109369,102.6604,1,0.045389,240.167060,-0.00302798,32.9708,1,0.050018,319.916740
2017-11-27,0.00204309,102.8647,1,0.048941,260.899840,-0.00203967,32.7668,1,0.056097,320.537500
2017-11-28,-0.01385470,101.4793,1,0.042120,260.675470,0.00493778,33.2606,1,0.037732,320.431590
2017-11-29,-0.01418624,100.0606,1,0.022464,162.195050,0.00309819,33.5704,0,0.000000,0.000000
2017-11-30,0.00346670,100.4073,1,0.025830,202.762120,-0.00033173,33.5372,1,0.032583,304.632001
2017-12-01,-0.00192716,100.2146,1,0.037606,301.581700,0.00149555,33.6868,0,0.000000,0.000000
2017-12-04,-0.01996493,98.2181,1,0.031993,260.050970,-0.00016267,33.6705,1,0.050327,301.680543
2017-12-05,0.00822425,99.0405,1,0.028445,202.393940,-0.01181679,32.4888,1,0.034499,302.227720
2017-12-06,-0.00041824,98.9987,1,0.044224,338.442350,-0.00752651,31.7362,1,0.048941,358.379620
2017-12-07,-0.00118737,98.8800,1,0.035877,240.429500,0.00064042,31.8002,1,0.030638,282.164810
2017-12-08,-0.00903927,97.9760,1,0.031237,221.927360,0.00888387,32.6886,1,0.041753,322.119500
2017-12-11,-0.00050444,97.9256,1,0.027664,221.575250,-0.01578251,31.1104,0,0.000000,0.000000
2017-12-12,0.00709855,98.6354,1,0.052545,280.483920,-0.01172358,29.9380,1,0.065838,401.347513
2017-12-13,-0.00598958,98.0365,1,0.058228,299.805980,0.00086377,30.0244,1,0.050823,359.713560
2017-12-14,0.00325646,98.3621,1,0.034234,240.885370,-0.00571223,29.4532,1,0.050733,300.950040
2017-12-15,-0.00182787,98.1793,1,0.027677,219.288640,-0.00387960,29.0652,0,0.000000,0.000000
2017-12-18,0.00196120,98.3755,1,0.037380,221.943190,0.00560913,29.6261,0,0.000000,0.000000
2017-12-19,-0.00554638,97.8208,1,0.029048,181.962480,-0.00129927,29.4962,1,0.032577,301.994625
2017-12-20,-0.00488512,97.3323,1,0.034132,220.557170,0.00716570,30.2128,1,0.049470,339.431790
2017-12-21,-0.01382566,95.9497,1,0.035946,221.003080,0.00870284,31.0830,1,0.035326,260.645040
2017-12-22,-0.00088292,95.8614,1,0.024212,161.062440,-0.00120967,30.9621,1,0.029757,240.457250
2017-12-26,0.00102082,95.9635,1,0.031028,240.591000,-0.00031856,30.9302,1,0.045416,340.199750
2017-12-27,0.00328072,96.2916,1,0.039718,221.085410,0.00035860,30.9661,1,0.049720,341.141940
2017-12-28,0.00541907,96.8335,1,0.031193,259.951110,-0.00448970,30.5171,1,0.036830,320.409220
2017-12-29,0.00558125,97.3916,1,0.037715,300.724800,-0.00386828,30.1303,1,0.042228,360.608000
2018-01-02,0.00623288,98.0149,1,0.037972,359.267300,-0.00963069,29.1672,1,0.028539,319.410840
2018-01-03,0.00056070,98.0710,1,0.039240,302.133060,0.00636374,29.8036,1,0.071406,381.297830
2018-01-04,-0.00812208,97.2588,1,0.038888,222.288190,0.01023222,30.8268,1,0.042658,261.841600
2018-01-05,-0.00568032,96.6908,1,0.023542,201.411820,0.00471343,31.2981,1,0.018387,221.758300
2018-01-08,-0.00177042,96.5137,1,0.025172,241.487590,0.00012774,31.3109,1,0.026776,281.703570
2018-01-09,-0.00086681,96.4270,1,0.045351,200.925970,0.00284441,31.5954,1,0.053159,261.237190
2018-01-10,-0.00798205,95.6288,1,0.049845,281.130370,0.00960407,32.5558,1,0.057593,321.165240
2018-01-11,-0.00480842,95.1480,1,0.016172,200.546840,0.01236237,33.7920,1,0.021563,221.035440
2018-01-12,-0.00721809,94.4262,1,0.030589,222.151370,0.00733038,34.5250,1,0.025892,243.363780
2018-01-16,-0.00252329,94.1738,1,0.015749,141.359080,0.00097906,34.6229,1,0.021984,241.582150
2018-01-17,-0.00102720,94.0711,1,0.024040,220.274620,0.00765280,35.3882,1,0.040400,360.015470
2018-01-18,-0.01156742,92.9144,1,0.038032,242.109460,0.00082352,35.4706,0,0.000000,0.000000
2018-01-19,-0.00366861,92.5475,1,0.034891,221.217810,0.00493668,35.9642,1,0.034502,322.815515
2018-01-22,0.00036131,92.5837,1,0.026789,241.272370,0.00005422,35.9697,1,0.033028,301.429010
2018-01-23,0.00040796,92.6244,1,0.032064,261.579460,0.00161777,36.1314,1,0.043273,321.494030
2018-01-24,0.00095145,92.7196,1,0.030215,241.153300,-0.00687091,35.4444,1,0.040001,340.960490
2018-01-25,-0.00584546,92.1350,1,0.031666,280.452020,0.00458225,35.9026,1,0.035065,380.317310
2018-01-26,-0.00188150,91.9469,1,0.018550,221.353020,-0.00717347,35.1852,1,0.028197,281.358330
2018-01-29,0.00255328,92.2022,1,0.026302,301.413780,-0.00319484,34.8657,0,0.000000,0.000000
2018-01-30,-0.01543888,90.6583,1,0.027308,259.643570,0.01086741,35.9525,0,0.000000,0.000000
2018-01-31,0.00313923,90.9723,1,0.027047,199.095820,0.00332551,36.2850,0,0.000000,0.000000
2018-02-01,0.00580109,91.5524,1,0.030931,240.588510,-0.01285049,35.0000,1,0.040179,281.071571
2018-02-02,0.00672040,92.2244,1,0.051200,320.144980,-0.00984765,34.0152,1,0.086995,339.394070
2018-02-05,-0.00341379,91.8830,1,0.030539,278.725100,-0.01179614,32.8356,0,0.000000,0.000000
2018-02-06,-0.00200271,91.6828,1,0.025111,220.127920,0.00938726,33.7743,0,0.000000,0.000000
2018-02-07,-0.00344152,91.3386,1,0.047552,302.878220,-0.00810041,32.9643,1,0.029951,275.805714
2018-02-08,0.00864543,92.2032,1,0.058767,241.288380,-0.00459521,32.5048,1,0.046851,379.101430
2018-02-09,0.00136381,92.3395,1,0.025869,277.203870,-0.00521179,31.9836,0,0.000000,0.000000
2018-02-12,0.01144348,93.4839,1,0.034042,282.377330,0.00124314,32.1079,0,0.000000,0.000000
2018-02-13,-0.00055472,93.4284,1,0.068422,342.449810,0.00098179,32.2061,0,0.000000,0.000000
2018-02-14,-0.00464807,92.9636,1,0.049627,301.289830,0.00283968,32.4901,1,0.058992,299.549072
2018-02-15,0.01888931,94.8525,1,0.022219,222.523320,-0.01737374,30.7527,1,0.051414,323.187860
2018-02-16,0.00834975,95.6875,1,0.043915,341.756350,0.00487633,31.2403,1,0.040227,341.937760
2018-02-20,0.00583549,96.2711,1,0.041391,261.108050,-0.01170538,30.0698,1,0.038198,260.723700
2018-02-21,-0.00631565,95.6395,1,0.040155,260.068320,-0.01355581,28.7142,1,0.054301,339.847820
2018-02-22,0.02455437,98.0949,1,0.050163,162.027870,-0.01986133,26.7281,1,0.070493,319.674280
2018-02-23,-0.00732227,97.3627,1,0.055037,282.170320,0.00579533,27.3076,1,0.071547,400.335520
2018-02-26,-0.00288258,97.0744,1,0.026168,223.093310,-0.00476364,26.8312,0,0.000000,0.000000
2018-02-27,-0.00348194,96.7263,1,0.050164,281.370030,-0.00397332,26.4339,1,0.053142,345.014677
2018-02-28,0.00807215,97.5335,1,0.032045,259.740870,-0.00045970,26.3879,0,0.000000,0.000000
2018-03-01,-0.00158398,97.3751,1,0.043008,278.907280,0.00465001,26.8529,0,0.000000,0.000000
2018-03-02,0.00044312,97.4194,1,0.085608,261.142870,-0.00069523,26.7834,1,0.036683,277.159956
2018-03-05,0.00439548,97.8589,1,0.060602,281.440100,-0.00885270,25.8981,1,0.054590,341.919000
2018-03-06,0.00553152,98.4121,1,0.039688,261.389670,0.00590406,26.4885,0,0.000000,0.000000
2018-03-07,0.00142952,98.5550,1,0.066168,301.115480,-0.00164934,26.3236,1,0.053694,322.809137
2018-03-08,0.00428396,98.9834,1,0.038124,280.900340,-0.00482545,25.8411,1,0.046715,340.561300
2018-03-09,0.00615103,99.5985,1,0.025957,221.162260,-0.00330458,25.5106,1,0.030718,301.404850
2018-03-12,0.00578490,100.1770,1,0.031670,263.158280,-0.00211392,25.2992,0,0.000000,0.000000
2018-03-13,-0.00192192,99.9848,1,0.051062,320.539820,0.00076267,25.3755,1,0.033093,322.854671
2018-03-14,0.00224251,100.2091,1,0.042979,299.969370,-0.00352230,25.0233,1,0.045270,340.423080
2018-03-15,-0.00196169,100.0129,1,0.036609,319.479910,0.00281734,25.3050,1,0.045466,318.774260
2018-03-16,0.00076184,100.0891,1,0.018696,240.563160,0.00600968,25.9060,1,0.037262,340.079340
2018-03-19,0.00593754,100.6828,1,0.031946,281.036020,-0.00076483,25.8295,1,0.032223,321.877030
2018-03-20,-0.00403929,100.2789,1,0.023439,259.164800,-0.00255129,25.5743,0,0.000000,0.000000
2018-03-21,0.00576838,100.8558,1,0.023842,260.950030,-0.00693141,24.8812,1,0.038991,339.019081
2018-03-22,0.00076701,100.9325,1,0.033589,300.829420,-0.00816361,24.0648,1,0.042341,360.646430
2018-03-23,-0.01252502,99.6800,1,0.047582,297.656570,0.00188688,24.2535,0,0.000000,0.000000
2018-03-26,0.01348994,101.0289,1,0.017106,141.279900,0.00103515,24.3570,0,0.000000,0.000000
2018-03-27,0.01227361,102.2563,1,0.041989,305.152620,-0.01326203,23.0308,0,0.000000,0.000000
2018-03-28,-0.01175553,101.0808,1,0.041293,298.514390,0.02140804,25.1716,1,0.039006,336.340344
2018-03-29,0.01078828,102.1596,1,0.042712,220.644420,-0.01030188,24.1415,1,0.041428,242.161490
2018-04-02,0.01127415,103.2870,1,0.045125,302.889480,0.00875545,25.0170,0,0.000000,0.000000
2018-04-03,0.00025082,103.3121,1,0.045578,316.655480,0.00160157,25.1772,0,0.000000,0.000000
2018-04-04,-0.00261320,103.0508,1,0.051380,343.674540,-0.00012760,25.1644,0,0.000000,0.000000
2018-04-05,-0.00459304,102.5915,1,0.029084,181.532580,-0.00891939,24.2725,0,0.000000,0.000000
2018-04-06,0.00005316,102.5968,1,0.038474,240.887800,-0.00348052,23.9244,1,0.057622,364.442109
2018-04-09,-0.00238716,102.3581,1,0.047646,277.914010,0.00138116,24.0625,0,0.000000,0.000000
2018-04-10,-0.01388300,100.9698,1,0.038200,240.480110,0.01252269,25.3148,1,0.038361,297.583377
2018-04-11,0.00007296,100.9771,1,0.023534,224.179340,-0.00564046,24.7508,0,0.000000,0.000000
2018-04-12,-0.00435900,100.5412,1,0.022730,179.554570,-0.00565978,24.1848,1,0.039108,342.875857
2018-04-13,0.01151610,101.6928,1,0.037280,221.754450,-0.01395557,22.7892,1,0.044327,361.566330
2018-04-16,0.00311552,102.0043,1,0.050628,279.509890,-0.00671442,22.1178,1,0.045912,379.842410
2018-04-17,-0.00216207,101.7881,1,0.024247,221.588560,-0.00065786,22.0520,0,0.000000,0.000000
2018-04-18,-0.00554212,101.2339,1,0.037162,221.976820,-0.00330122,21.7219,1,0.030222,304.966526
2018-04-19,0.01597440,102.8313,1,0.014660,141.001990,0.00221920,21.9438,1,0.036180,341.209580
2018-04-20,-0.01035925,101.7954,1,0.045955,220.270360,0.00515930,22.4597,0,0.000000,0.000000
2018-04-23,-0.00062978,101.7324,1,0.026368,101.180090,-0.00682360,21.7774,0,0.000000,0.000000
2018-04-24,-0.01717766,100.0147,1,0.019556,160.957290,0.00887522,22.6649,1,0.039138,338.667761
2018-04-25,0.00300096,100.3148,1,0.020954,220.616430,-0.00145666,22.5192,1,0.038876,319.945400
2018-04-26,0.00450416,100.7652,1,0.030334,261.328450,-0.00490061,22.0292,1,0.050851,341.800450
2018-04-27,0.00124650,100.8898,1,0.047790,261.533410,-0.00147352,21.8818,1,0.054152,381.586790
2018-04-30,0.00325606,101.2154,1,0.044604,260.416080,-0.00116463,21.7653,1,0.054913,359.993440
2018-05-01,-0.01125464,100.0900,1,0.061484,299.203310,0.00430338,22.1957,0,0.000000,0.000000
2018-05-02,0.00580033,100.6700,1,0.063337,242.516840,-0.00692254,21.5034,1,0.024304,260.335060
2018-05-03,-0.00384237,100.2858,1,0.035007,279.654510,0.00208949,21.7124,1,0.047171,319.374230
2018-05-04,0.00548773,100.8345,1,0.048847,201.025670,-0.00410631,21.3017,1,0.067971,340.711080
2018-05-07,-0.00024721,100.8098,1,0.059521,282.385640,-0.00889355,20.4124,0,0.000000,0.000000
2018-05-08,-0.01679110,99.1307,1,0.027460,200.876060,0.01875060,22.2874,1,0.038220,362.897552
2018-05-09,0.00419682,99.5504,1,0.038138,221.621530,0.00382175,22.6696,1,0.036685,222.496620
2018-05-10,0.00056483,99.6069,1,0.029867,221.225460,-0.00398874,22.2707,1,0.030994,261.027560
2018-05-11,-0.00620530,98.9863,1,0.028580,182.620330,-0.00411319,21.8594,0,0.000000,0.000000
2018-05-14,0.01437759,100.4241,1,0.019011,141.016270,-0.01391210,20.4682,1,0.039990,362.995911
2018-05-15,-0.01210394,99.2137,1,0.024784,161.658450,0.01474232,21.9424,1,0.047238,341.248700
2018-05-16,0.00073429,99.2871,1,0.023481,161.189610,0.00511199,22.4536,1,0.033361,261.545770
2018-05-17,0.00087639,99.3748,1,0.032701,220.986610,-0.00051492,22.4022,1,0.030382,281.857340
2018-05-18,0.00507590,99.8824,1,0.024850,200.877000,-0.00162648,22.2395,1,0.030878,300.760350
2018-05-21,-0.01037561,98.8448,1,0.027801,240.890520,0.00993667,23.2332,1,0.029533,301.141650
2018-05-22,0.00481802,99.3266,1,0.021038,202.613560,0.00288843,23.5220,1,0.035137,282.499340
2018-05-23,0.01965074,101.2917,1,0.028046,220.975840,-0.00655646,22.8664,1,0.039316,300.589920
2018-05-24,0.00828947,102.1206,1,0.033783,261.338540,-0.00302644,22.5637,1,0.041334,340.265250
2018-05-25,-0.00009437,102.1112,1,0.029897,220.848790,0.00199656,22.7634,1,0.042574,320.737070
2018-05-29,-0.01324851,100.7863,1,0.032601,241.064880,0.01336689,24.1001,1,0.035731,281.532110
2018-05-30,0.00077870,100.8642,1,0.037320,239.208870,-0.00556539,23.5435,1,0.036899,260.075300
2018-05-31,-0.00478118,100.3861,1,0.043028,242.353250,-0.00077217,23.4663,0,0.000000,0.000000
2018-06-01,-0.00661762,99.7243,1,0.021182,219.418050,-0.00645447,22.8209,0,0.000000,0.000000
2018-06-04,-0.00374459,99.3499,1,0.034849,222.022580,0.00188406,23.0093,1,0.060124,382.617762
2018-06-05,-0.00581774,98.7681,1,0.021704,161.303250,0.00455780,23.4651,1,0.028500,261.880450
2018-06-06,-0.01676918,97.0912,1,0.021458,181.521490,0.00624189,24.0892,1,0.038781,261.049120
2018-06-07,-0.00431367,96.6598,1,0.019967,161.877680,-0.00100055,23.9892,1,0.038455,322.296230
2018-06-08,-0.00725784,95.9340,1,0.022864,161.056740,0.00206539,24.1957,1,0.037581,340.386500
2018-06-11,-0.00456795,95.4772,1,0.030205,222.012380,-0.00035073,24.1607,0,0.000000,0.000000
2018-06-12,-0.00156372,95.3209,1,0.023442,141.313830,0.00109017,24.2697,1,0.035273,342.142234
2018-06-13,0.00082910,95.4038,1,0.024350,161.796710,-0.00274650,23.9950,1,0.040220,281.792230
2018-06-14,0.00180550,95.5843,1,0.047160,179.118600,-0.00305614,23.6894,1,0.057554,318.695710
2018-06-15,-0.00454170,95.1302,1,0.032970,220.870830,0.00336339,24.0257,1,0.040801,321.197280
2018-06-18,-0.00250076,94.8801,1,0.027916,260.637620,0.00310671,24.3364,1,0.034629,300.433160
2018-06-19,-0.00416448,94.4636,1,0.028008,200.694500,0.00774100,25.1105,1,0.032640,300.818760
2018-06-20,0.00135774,94.5994,1,0.027676,160.536500,-0.00100294,25.0102,1,0.034964,260.147440
2018-06-21,-0.00770700,93.8287,1,0.041830,281.550090,0.00959736,25.9700,1,0.043094,301.329710
2018-06-22,-0.01221570,92.6071,1,0.034300,279.540350,0.01299217,27.2692,1,0.025083,260.718170
2018-06-25,0.00581907,93.1890,1,0.025663,220.521430,0.00655953,27.9251,1,0.030957,261.758900
2018-06-26,-0.00267901,92.9211,1,0.031321,240.135710,-0.00551920,27.3732,1,0.037690,319.321830
2018-06-27,0.00025397,92.9465,1,0.027083,240.642620,-0.00020413,27.3528,1,0.034693,360.243610
2018-06-28,-0.00353006,92.5935,1,0.030836,259.142980,0.00286450,27.6392,0,0.000000,0.000000
2018-06-29,0.00303609,92.8971,1,0.023551,261.093510,0.00261464,27.9007,1,0.032446,318.740857
2018-07-02,0.00664619,93.5618,1,0.045321,221.244080,-0.00337420,27.5633,1,0.047570,260.803310
2018-07-03,0.00478979,94.0407,1,0.067231,280.432140,-0.01053377,26.5099,1,0.063087,320.347270
2018-07-05,-0.00733179,93.3076,1,0.067779,259.916130,-0.00283390,26.2265,1,0.084750,399.559350
2018-07-06,-0.00220425,93.0871,1,0.029955,222.056720,-0.00188636,26.0379,0,0.000000,0.000000
2018-07-09,0.01016120,94.1033,1,0.047140,261.261810,-0.00173701,25.8642,0,0.000000,0.000000
2018-07-10,0.00437001,94.5403,1,0.042339,221.593340,-0.00495288,25.3689,1,0.045228,325.594188
2018-07-11,-0.01053452,93.4868,1,0.042872,320.466740,0.00224130,25.5930,1,0.042090,380.390460
2018-07-12,0.00246157,93.7330,1,0.035663,219.263400,-0.00325801,25.2672,1,0.033681,299.153720
2018-07-13,-0.00344182,93.3888,1,0.037332,261.495740,0.00250160,25.5174,1,0.033350,301.567100
2018-07-16,0.00271057,93.6598,1,0.035523,240.821270,-0.00553213,24.9642,1,0.032113,300.901490
2018-07-17,0.00660800,94.3206,1,0.026350,220.803240,0.00180027,25.1442,1,0.037233,340.084640
2018-07-18,0.00923077,95.2437,1,0.048213,221.534890,0.00206712,25.3509,1,0.071748,341.462840
2018-07-19,0.01488553,96.7323,1,0.048967,260.373610,-0.01947281,23.4036,1,0.046961,301.191480
2018-07-20,-0.00033226,96.6990,1,0.035196,200.254980,0.00103573,23.5072,1,0.039437,359.814960
2018-07-23,0.00292183,96.9912,1,0.046737,299.828090,-0.00204091,23.3031,1,0.045741,300.252590
2018-07-24,-0.00423097,96.5681,1,0.042907,260.930360,-0.00808692,22.4944,1,0.049242,340.657650
2018-07-25,-0.00434314,96.1338,1,0.030284,259.742610,0.00349829,22.8443,1,0.033451,321.960590
2018-07-26,0.01966486,98.1003,1,0.019814,201.981370,-0.00007321,22.8369,1,0.026751,303.012280
2018-07-27,-0.02244309,95.8560,1,0.030979,261.695240,0.02243645,25.0806,1,0.036135,342.125950
2018-07-30,-0.00189066,95.6669,1,0.032306,200.940470,0.00573713,25.6543,1,0.035147,241.088920
2018-07-31,0.00452921,96.1198,1,0.028979,199.914680,0.00624450,26.2787,1,0.034500,259.930540
2018-08-01,-0.00375533,95.7443,1,0.049153,221.402500,-0.00448418,25.8303,1,0.052558,282.169350
2018-08-02,-0.00579339,95.1650,1,0.057769,300.611880,0.01265113,27.0954,1,0.062477,340.177940
2018-08-03,0.00633308,95.7983,1,0.054442,283.388890,-0.01389759,25.7057,1,0.042569,262.729890
2018-08-06,-0.00289165,95.5091,1,0.042345,280.370270,-0.00209052,25.4966,1,0.042622,359.951990
2018-08-07,0.01969487,97.4786,1,0.029903,240.026740,-0.00567414,24.9292,1,0.036694,341.076890
2018-08-08,0.00501722,97.9803,1,0.035918,302.896990,-0.00883834,24.0454,1,0.034594,300.902220
2018-08-09,0.00024714,98.0050,1,0.032256,279.468060,-0.00072404,23.9730,1,0.044434,359.655920
2018-08-10,-0.00581756,97.4233,1,0.040576,221.184150,0.01185618,25.1586,1,0.031862,300.770030
2018-08-13,-0.00893192,96.5301,1,0.017552,180.296260,0.00824331,25.9829,0,0.000000,0.000000
2018-08-14,-0.00192864,96.3372,1,0.018784,161.162620,0.00324281,26.3072,1,0.028919,299.690427
2018-08-15,-0.00232400,96.1048,1,0.042210,262.029180,0.00661578,26.9688,0,0.000000,0.000000
2018-08-16,0.00918269,97.0231,1,0.039221,299.127790,-0.00489347,26.4794,1,0.029487,302.045247
2018-08-17,0.00371988,97.3951,1,0.058352,301.995590,-0.00531253,25.9482,1,0.038003,321.508980
2018-08-20,-0.00353142,97.0419,1,0.043242,300.794160,0.00389843,26.3380,1,0.042837,380.872910
2018-08-21,0.01338333,98.3803,1,0.042127,261.755380,-0.00215919,26.1221,1,0.038289,320.918380
2018-08-22,-0.00314090,98.0662,1,0.034570,281.346560,-0.00094206,26.0279,1,0.034946,320.999770
2018-08-23,-0.00992385,97.0738,1,0.043275,279.999280,0.00197103,26.2250,1,0.035897,320.074480
2018-08-24,0.00166977,97.2408,1,0.016213,200.338350,-0.00301837,25.9232,1,0.030667,340.092940
2018-08-27,0.00054412,97.2952,1,0.044438,220.998710,0.00961810,26.8850,1,0.032350,341.108890
2018-08-28,-0.00660132,96.6351,1,0.047852,200.977030,-0.00333371,26.5516,1,0.025801,261.763020
2018-08-29,-0.00176443,96.4586,1,0.034883,260.885980,0.00020623,26.5722,1,0.046007,340.386230
2018-08-30,-0.00478322,95.9803,1,0.055182,220.617320,-0.00475419,26.0968,1,0.051559,300.858990
2018-08-31,0.00516632,96.4969,1,0.026328,160.991800,-0.00400494,25.6963,1,0.035654,278.928080
2018-09-04,0.00419901,96.9168,1,0.028149,240.009380,-0.00259817,25.4365,1,0.038937,320.882020
2018-09-05,0.01519502,98.4363,1,0.045968,200.621950,0.00709187,26.1457,1,0.048283,300.194300
2018-09-06,-0.01465616,96.9707,1,0.047716,260.168470,0.01489721,27.6354,1,0.041429,260.447390
2018-09-07,-0.00893783,96.0769,1,0.019173,141.708340,0.00809724,28.4451,1,0.030446,261.548530
2018-09-10,0.00326187,96.4031,1,0.024383,199.899050,-0.00614611,27.8305,1,0.040871,320.041250
2018-09-11,-0.00268056,96.1351,1,0.033276,220.761290,-0.00866994,26.9635,1,0.045164,340.753820
2018-09-12,-0.00521051,95.6140,1,0.034561,221.144860,-0.00249630,26.7139,1,0.039720,340.792110
2018-09-13,-0.00152076,95.4619,1,0.029276,200.618870,0.00732710,27.4466,1,0.027100,301.152490
2018-09-14,0.00185774,95.6477,1,0.037586,221.787920,-0.00150816,27.2958,1,0.032226,281.650630
2018-09-17,0.01355282,97.0030,1,0.022988,200.616600,-0.01359183,25.9366,1,0.035773,340.562650
2018-09-18,0.00257227,97.2602,1,0.029653,279.037950,-0.00837344,25.0993,1,0.043194,358.750190
2018-09-19,-0.00251907,97.0083,1,0.031487,240.506800,-0.00375721,24.7235,1,0.049471,400.468210
2018-09-20,-0.00506706,96.5016,1,0.033216,261.301320,0.00330228,25.0538,1,0.035682,320.773050
2018-09-21,-0.00969192,95.5324,1,0.029852,261.662290,0.00339309,25.3931,1,0.029731,302.141630
2018-09-24,-0.01324361,94.2080,1,0.037871,240.472080,0.00186803,25.5799,1,0.039077,280.767200
2018-09-25,0.01009008,95.2171,1,0.024642,180.650630,0.00333452,25.9133,0,0.000000,0.000000
2018-09-26,-0.00327879,94.8892,1,0.028069,199.888170,0.00373408,26.2867,1,0.047352,319.632576
2018-09-27,-0.00540294,94.3489,1,0.042334,259.677250,0.00237165,26.5239,1,0.039435,339.198820
2018-09-28,-0.00331014,94.0179,1,0.031344,200.972120,0.00216958,26.7409,1,0.025172,260.871240
2018-10-01,-0.00293058,93.7248,1,0.029938,280.910510,-0.00276577,26.4643,1,0.037697,320.557810
2018-10-02,-0.00193801,93.5310,1,0.041701,240.453920,-0.00002209,26.4621,1,0.045409,340.233680
2018-10-03,0.00745716,94.2767,1,0.026424,180.846220,-0.01698971,24.7631,1,0.054741,340.856900
2018-10-04,0.01116555,95.3933,1,0.030305,260.475920,0.00128829,24.8919,1,0.039511,379.360690
2018-10-05,-0.00668622,94.7247,1,0.037692,259.522680,0.00921812,25.8137,1,0.028438,319.247760
2018-10-08,-0.00298542,94.4261,1,0.018102,200.778310,0.01735177,27.5489,1,0.023393,260.493290
2018-10-09,-0.01597551,92.8286,1,0.021181,181.766260,0.01800819,29.3497,1,0.026021,222.059750
2018-10-10,-0.00292631,92.5359,1,0.018051,161.401970,0.01576897,30.9266,1,0.036393,260.954740
2018-10-11,0.00312600,92.8485,1,0.027690,219.573380,-0.00577293,30.3493,0,0.000000,0.000000
2018-10-12,-0.01121226,91.7273,1,0.023496,201.246890,0.00250938,30.6003,0,0.000000,0.000000
2018-10-15,0.00960896,92.6882,1,0.021394,162.090910,-0.00704975,29.8953,1,0.051305,315.384779
2018-10-16,0.00665800,93.3540,1,0.021590,241.482170,-0.00703553,29.1918,1,0.037433,300.422250
2018-10-17,-0.00354515,92.9995,1,0.032405,264.094070,-0.01194815,27.9969,0,0.000000,0.000000
2018-10-18,-0.01367338,91.6322,1,0.029968,240.585110,-0.00194426,27.8025,1,0.043766,363.777002
2018-10-19,-0.01320342,90.3118,1,0.020342,200.454210,0.00098264,27.9008,0,0.000000,0.000000
2018-10-22,0.00968426,91.2802,1,0.037504,180.343540,-0.01235592,26.6652,1,0.034812,297.100214
2018-10-23,0.01284067,92.5643,1,0.040933,220.894670,-0.01686771,24.9784,1,0.050901,380.006680
2018-10-24,-0.04504073,88.0602,1,0.067203,280.285620,0.00645601,25.6240,1,0.083229,340.706570
2018-10-25,-0.00660397,87.3998,1,0.058047,142.189950,0.02114252,27.7383,0,0.000000,0.000000
2018-10-26,-0.00836265,86.5636,1,0.052185,264.309330,0.01300925,29.0392,1,0.047225,281.492940
2018-10-29,-0.01020497,85.5431,1,0.052727,259.090240,0.01336449,30.3756,0,0.000000,0.000000
2018-10-30,0.01908602,87.4517,1,0.074658,203.186990,-0.01816526,28.5591,1,0.030596,260.645002
2018-10-31,0.00558255,88.0099,1,0.051855,263.768760,-0.01891777,26.6673,0,0.000000,0.000000
2018-11-01,0.00296450,88.3064,1,0.027820,201.893690,0.00838849,27.5062,1,0.044301,365.197415
2018-11-02,0.00496919,88.8033,1,0.023751,182.546810,0.00359937,27.8661,1,0.032693,322.722850
2018-11-05,0.00074583,88.8779,1,0.037617,221.036070,-0.00941116,26.9250,1,0.034106,280.886430
2018-11-06,0.01040271,89.9181,1,0.028209,184.677880,-0.00442673,26.4823,1,0.043403,322.637150
2018-11-07,0.00499858,90.4180,1,0.049322,222.791680,-0.01764151,24.7182,0,0.000000,0.000000
2018-11-08,0.01879320,92.2973,1,0.036610,204.520360,0.00752221,25.4704,0,0.000000,0.000000
2018-11-09,-0.00746066,91.5513,1,0.052466,299.303910,0.00540302,26.0107,1,0.057288,285.513827
2018-11-12,-0.02228114,89.3231,1,0.033594,240.687980,0.01066956,27.0777,1,0.043384,300.051090
2018-11-13,0.00001339,89.3245,1,0.034801,180.464300,-0.00427056,26.6506,0,0.000000,0.000000
2018-11-14,-0.00683923,88.6406,1,0.032143,221.359940,-0.00507386,26.1432,1,0.045036,318.446330
2018-11-15,-0.00110623,88.5299,1,0.042803,260.949360,0.01609728,27.7530,1,0.052392,298.971990
2018-11-16,-0.00097990,88.4319,1,0.022770,202.680320,0.00003364,27.7563,1,0.020036,203.592340
2018-11-19,-0.01962348,86.4696,1,0.045648,261.744460,-0.00792000,26.9643,1,0.045520,302.727940
2018-11-20,0.00843631,87.3132,1,0.044019,199.783880,-0.01916076,25.0482,1,0.046856,338.616420
2018-11-21,0.00283121,87.5964,1,0.042969,240.726470,-0.00140100,24.9081,1,0.037160,320.446820
2018-11-23,0.00156437,87.7528,1,0.040463,201.800090,-0.00187738,24.7204,1,0.051498,321.845040
2018-11-26,0.00606779,88.3596,1,0.057131,260.439360,-0.00500031,24.2204,1,0.119231,320.866120
2018-11-27,-0.01625041,86.7345,1,0.035361,263.659470,0.01658151,25.8785,0,0.000000,0.000000
2018-11-28,0.01649088,88.3836,1,0.033912,241.528860,-0.01824991,24.0535,1,0.037051,284.024369
2018-11-29,-0.00239125,88.1445,1,0.049395,304.750120,0.00485491,24.5390,0,0.000000,0.000000
2018-11-30,0.00063768,88.2083,1,0.052462,339.314110,-0.00412301,24.1267,1,0.036381,322.932487
2018-12-03,0.00508448,88.7167,1,0.047912,262.120550,-0.00196625,23.9301,1,0.055665,361.751720
2018-12-04,-0.00077939,88.6388,1,0.041469,261.810720,-0.02049343,21.8808,1,0.045203,322.258160
2018-12-06,-0.00314730,88.3240,1,0.054030,297.080570,-0.00034554,21.8462,0,0.000000,0.000000
2018-12-07,-0.00641448,87.6826,1,0.033268,221.222520,0.00338285,22.1845,1,0.039535,316.793453
2018-12-10,0.00164293,87.8469,1,0.057857,278.226260,0.00038808,22.2233,0,0.000000,0.000000
2018-12-11,-0.01105828,86.7411,1,0.043558,241.976510,0.00246863,22.4702,1,0.044457,279.671854
2018-12-12,0.00856686,87.5977,1,0.031504,181.358870,0.00224149,22.6943,1,0.036631,280.817080
2018-12-13,-0.00652536,86.9452,1,0.026906,142.455030,-0.00821436,21.8729,1,0.049136,302.703040
2018-12-14,-0.00201580,86.7436,1,0.045410,260.748330,0.00611863,22.4847,1,0.053237,320.143100
2018-12-17,0.00019110,86.7627,1,0.027480,220.123110,-0.01684269,20.8005,0,0.000000,0.000000
2018-12-18,0.00968090,87.7308,0,0.000000,0.000000,-0.00620378,20.1801,0,0.000000,0.000000
2018-12-19,-0.00413048,87.3178,1,0.024058,221.137753,-0.00453757,19.7263,1,0.038197,297.103912
2018-12-20,-0.01705520,85.6123,1,0.036410,219.038390,-0.00085418,19.6409,0,0.000000,0.000000
2018-12-21,-0.01466292,84.1460,1,0.020562,122.159170,-0.00044186,19.5967,0,0.000000,0.000000
2018-12-24,0.01610310,85.7563,1,0.059610,181.183550,-0.00074894,19.5218,0,0.000000,0.000000
2018-12-26,0.01435503,87.1918,0,0.000000,0.000000,0.00944892,20.4667,0,0.000000,0.000000
2018-12-27,-0.00518497,86.6733,1,0.085917,284.430694,0.00742420,21.2091,0,0.000000,0.000000
2018-12-28,0.00338292,87.0116,1,0.052168,202.301480,0.00230910,21.4400,0,0.000000,0.000000
2018-12-31,-0.00050571,86.9610,1,0.061141,259.661480,0.00142971,21.5830,1,0.048499,299.412118
2019-01-02,0.00943354,87.9044,1,0.036826,282.437650,-0.01016066,20.5670,0,0.000000,0.000000
2019-01-03,0.02408108,90.3125,1,0.040932,221.594140,-0.01061951,19.5050,1,0.079741,322.069876
2019-01-04,0.01509440,91.8219,1,0.052630,279.032920,0.01467604,20.9726,0,0.000000,0.000000
2019-01-07,0.00107249,91.9292,1,0.071291,326.162350,0.00121957,21.0946,0,0.000000,0.000000
2019-01-08,-0.00935645,90.9935,1,0.040485,202.436860,0.00851682,21.9462,1,0.059698,303.571686
2019-01-09,0.00140181,91.1337,1,0.026439,184.124280,-0.00699489,21.2468,1,0.048679,323.174580
2019-01-10,0.01472272,92.6060,1,0.031588,201.486740,-0.01217776,20.0290,1,0.055126,343.307630
2019-01-11,-0.00154464,92.4515,1,0.044874,261.164440,-0.00215699,19.8133,1,0.053039,342.171870
2019-01-14,-0.00006074,92.4454,1,0.034624,201.198410,-0.00135200,19.6781,1,0.058220,281.545920
2019-01-15,0.01235978,93.6814,1,0.030402,220.015950,-0.01042619,18.6355,1,0.037199,320.168240
2019-01-16,0.00033587,93.7150,1,0.046383,261.799880,0.00877803,19.5133,1,0.053257,381.771340
2019-01-17,-0.00058227,93.6568,1,0.032327,200.389490,-0.00895638,18.6176,1,0.051118,321.019540
2019-01-18,-0.01403923,92.2528,1,0.047343,180.945080,0.01067671,19.6853,1,0.065369,362.126560
2019-01-22,0.01005935,93.2588,1,0.038305,143.565060,-0.01308728,18.3766,0,0.000000,0.000000
2019-01-23,-0.00385686,92.8731,1,0.047066,239.319180,0.01328361,19.7049,1,0.065549,341.371575
2019-01-24,-0.00956311,91.9168,1,0.047501,241.209480,-0.00216500,19.4884,1,0.036020,241.415110
2019-01-25,-0.01270680,90.6461,1,0.044380,201.718690,0.00599764,20.0882,1,0.046236,342.558260
2019-01-28,0.00324957,90.9711,1,0.028133,203.286940,-0.00205989,19.8822,0,0.000000,0.000000
2019-01-29,0.00496558,91.4676,1,0.033642,159.992170,-0.00057730,19.8245,1,0.047110,302.152477
2019-01-30,-0.00644804,90.8228,1,0.029914,220.714920,0.00222224,20.0467,1,0.038746,301.549020
2019-01-31,0.01860364,92.6832,1,0.023456,162.590070,-0.00682250,19.3645,1,0.042790,282.151510
2019-02-01,0.00905259,93.5884,1,0.032151,221.912300,-0.02657795,16.7067,1,0.043305,302.069140
2019-02-04,0.00596954,94.1854,1,0.050296,241.483830,-0.00051501,16.6552,1,0.066541,400.428570
2019-02-05,-0.00351631,93.8338,1,0.032161,222.570210,-0.02143610,14.5115,1,0.037110,301.671900
2019-02-06,-0.01134149,92.6996,1,0.028969,201.046230,0.00580516,15.0921,1,0.046914,381.583740
2019-02-07,0.03758913,96.4585,1,0.030047,161.203460,-0.02285384,12.8067,1,0.043124,280.934570
2019-02-08,0.00439226,96.8977,0,0.000000,0.000000,0.00122777,12.9295,1,0.053343,338.525780
2019-02-11,0.00434695,97.3324,1,0.033405,238.363999,0.00143548,13.0730,1,0.033892,301.032060
2019-02-12,0.00143929,97.4764,1,0.045561,180.866040,0.00131426,13.2044,1,0.059124,301.055620
2019-02-13,0.00611427,98.0878,1,0.028513,183.216430,-0.00053820,13.1506,0,0.000000,0.000000
2019-02-14,-0.00563310,97.5245,1,0.031940,200.576700,-0.00627566,12.5230,1,0.037286,344.050041
2019-02-15,0.00638988,98.1635,1,0.034352,119.721650,-0.00482428,12.0406,1,0.051348,260.002560
2019-02-19,0.00147202,98.3107,1,0.034488,202.345660,-0.00359161,11.6815,0,0.000000,0.000000
2019-02-20,0.00105218,98.4159,1,0.026862,220.632770,0.00208991,11.8904,1,0.051569,363.451984
2019-02-21,0.00825624,99.2415,1,0.029086,220.533420,-0.00882858,11.0076,1,0.049418,301.758920
2019-02-22,-0.00088598,99.1529,1,0.035748,280.142490,0.00417566,11.4252,1,0.050384,379.420780
2019-02-25,-0.00551976,98.6009,1,0.049176,242.220870,-0.00951840,10.4733,0,0.000000,0.000000
2019-02-26,0.00755388,99.3563,1,0.027702,181.042400,-0.00743820,9.7295,1,0.063240,381.190573
2019-02-27,0.00846203,100.2025,1,0.041527,259.567990,0.00039080,9.7686,1,0.049340,359.360620
2019-02-28,0.00724888,100.9274,1,0.040342,260.212850,0.00930230,10.6988,1,0.056720,340.781800
2019-03-01,0.01260712,102.1881,1,0.027668,260.687350,-0.02327829,8.3710,1,0.032219,300.735090
2019-03-04,0.00381196,102.5693,1,0.048534,281.745000,-0.00661510,7.7095,1,0.065520,382.555890
2019-03-05,-0.00170523,102.3988,1,0.023353,181.130270,-0.00333663,7.3758,1,0.046083,319.966790
2019-03-06,-0.00194914,102.2039,1,0.024694,181.046630,-0.00600829,6.7750,1,0.042229,339.989280
2019-03-07,-0.00152046,102.0518,1,0.035986,199.910460,0.00043268,6.8182,0,0.000000,0.000000
2019-03-08,-0.00849086,101.2028,1,0.027476,220.042800,0.00832638,7.6509,1,0.055812,298.554188
2019-03-11,-0.00319277,100.8835,1,0.022627,160.180270,0.00039024,7.6899,1,0.039976,280.613170
2019-03-12,-0.00517198,100.3663,1,0.027448,182.689930,-0.00109405,7.5805,0,0.000000,0.000000
2019-03-13,0.00135971,100.5023,1,0.021889,181.747010,0.01168768,8.7493,1,0.044982,284.631885
2019-03-14,-0.00068677,100.4336,1,0.025407,201.851460,-0.00297893,8.4514,1,0.029193,242.430330
2019-03-15,-0.00492066,99.9415,1,0.028846,220.644490,0.00711415,9.1628,1,0.040615,340.243280
2019-03-18,0.00600918,100.5424,1,0.031312,200.879080,-0.01098185,8.0646,1,0.030335,260.943530
2019-03-19,0.00356650,100.8991,1,0.047210,281.282970,-0.00204207,7.8604,1,0.051977,341.311470
2019-03-20,-0.00741936,100.1571,1,0.038826,200.593500,0.00547876,8.4083,1,0.047004,320.696970
2019-03-21,-0.00803614,99.3535,1,0.018054,141.189490,0.00552197,8.9605,1,0.053373,320.014200
2019-03-22,-0.00277883,99.0756,1,0.028813,163.926960,0.01276242,10.2367,0,0.000000,0.000000
2019-03-25,-0.00465580,98.6101,1,0.039940,219.130710,0.01078145,11.3149,0,0.000000,0.000000
2019-03-26,0.00528229,99.1383,1,0.036111,220.576680,0.00851219,12.1661,1,0.038281,239.887876
2019-03-27,0.00856134,99.9944,1,0.037286,222.192900,0.00721622,12.8877,0,0.000000,0.000000
2019-03-28,-0.00066075,99.9284,1,0.036045,220.953180,0.00965246,13.8529,1,0.027234,261.436166
2019-03-29,0.00204451,100.1328,1,0.032309,221.739710,-0.00105376,13.7476,0,0.000000,0.000000
2019-04-01,0.01245012,101.3778,1,0.036838,241.725680,0.00744703,14.4923,1,0.056807,323.734673
2019-04-02,-0.00996603,100.3812,1,0.022273,142.462350,0.00232962,14.7252,1,0.038768,282.919370
2019-04-03,0.00472207,100.8534,1,0.014733,120.885170,-0.01009230,13.7160,1,0.047100,320.454390
2019-04-04,-0.00465795,100.3876,0,0.000000,0.000000,-0.01010360,12.7056,1,0.047450,380.206070
2019-04-05,-0.00059881,100.3277,1,0.023191,121.397704,0.00317731,13.0234,1,0.065639,380.557450
2019-04-08,0.00315629,100.6434,1,0.026811,181.578450,-0.00516204,12.5072,1,0.045064,301.775770
2019-04-09,-0.00078902,100.5645,0,0.000000,0.000000,-0.00809200,11.6980,1,0.044420,321.108760
2019-04-10,0.00417746,100.9822,1,0.039434,200.698902,0.00740766,12.4387,0,0.000000,0.000000
2019-04-11,-0.00017608,100.9646,1,0.024388,160.691560,0.00347056,12.7858,1,0.038164,260.967398
2019-04-12,-0.00058139,100.9065,1,0.020159,120.847460,0.01974497,14.7603,1,0.044093,281.284020
2019-04-15,-0.00407217,100.4993,1,0.020497,122.397400,-0.00868989,13.8913,1,0.037879,242.537790
2019-04-16,-0.00224198,100.2751,1,0.025688,160.035220,-0.00339680,13.5516,1,0.053130,359.398850
2019-04-17,-0.01477231,98.7978,1,0.029271,160.980970,0.02416034,15.9677,1,0.045336,301.188530
2019-04-18,0.01291431,100.0893,1,0.019809,139.491480,-0.01361958,14.6057,1,0.039308,221.140510
2019-04-22,-0.00624358,99.4649,0,0.000000,0.000000,-0.00257455,14.3482,1,0.051295,380.988130
2019-04-23,0.00713860,100.1788,1,0.034480,221.020685,-0.01236687,13.1116,1,0.050397,300.576180
2019-04-24,0.00328956,100.5077,1,0.028064,183.091060,0.00945872,14.0574,1,0.048638,362.494630
2019-04-25,0.00984374,101.4921,1,0.030326,140.754580,-0.00103413,13.9540,1,0.047283,241.782550
2019-04-26,0.00452191,101.9443,1,0.039799,219.829300,-0.00605048,13.3490,1,0.059138,320.333090
2019-04-29,-0.00129390,101.8149,1,0.020310,162.902010,0.00195781,13.5447,1,0.044809,342.163810
2019-04-30,0.00512229,102.3271,1,0.021861,140.967560,-0.00344474,13.2003,1,0.044534,300.788450
2019-05-01,0.01170432,103.4975,1,0.031298,181.267110,-0.00846504,12.3538,1,0.062814,361.449000
2019-05-02,0.00265954,103.7635,1,0.026066,198.630310,0.00280596,12.6344,0,0.000000,0.000000
2019-05-03,0.00512724,104.2762,1,0.022616,182.538580,-0.00152658,12.4817,1,0.042318,299.621468
2019-05-06,0.00295517,104.5717,1,0.024533,162.426320,0.00209056,12.6908,0,0.000000,0.000000
2019-05-07,-0.00661696,103.9100,1,0.029606,199.983250,0.00641988,13.3327,1,0.036082,262.255242
2019-05-08,-0.00490485,103.4196,0,0.000000,0.000000,-0.00344726,12.9880,0,0.000000,0.000000
2019-05-09,-0.00594629,102.8249,1,0.024639,140.509314,-0.00282415,12.7056,1,0.046095,316.863870
2019-05-10,-0.00972827,101.8521,1,0.026067,179.891930,-0.00399872,12.3057,1,0.049882,320.655800
2019-05-13,-0.00551295,101.3008,1,0.025445,161.794080,0.02226626,14.5324,1,0.052754,340.215450
2019-05-14,0.00244059,101.5449,0,0.000000,0.000000,-0.00694600,13.8378,0,0.000000,0.000000
2019-05-15,-0.00195024,101.3498,1,0.037654,240.789902,-0.01566046,12.2717,1,0.050856,358.891115
2019-05-16,-0.00328507,101.0213,1,0.029867,160.418490,-0.01214081,11.0576,1,0.060141,359.307070
2019-05-17,-0.00915927,100.1054,1,0.017587,121.788240,-0.00298052,10.7596,1,0.053772,341.004840
2019-05-20,-0.00907555,99.1979,1,0.024425,200.193700,0.01475970,12.2356,1,0.040400,319.982820
2019-05-21,0.00791275,99.9891,1,0.029495,160.572970,-0.00444720,11.7908,1,0.037570,220.939530
2019-05-22,-0.01021448,98.9677,1,0.029718,202.586750,0.00109106,11.8999,0,0.000000,0.000000
2019-05-23,-0.01955833,97.0119,1,0.022673,139.673030,0.02537604,14.4375,1,0.041706,260.687543
2019-05-24,0.00263617,97.2755,1,0.018573,101.555840,0.00117099,14.5546,0,0.000000,0.000000
2019-05-28,0.00640314,97.9158,1,0.028746,181.024990,0.00488458,15.0431,1,0.046622,278.780317
2019-05-29,-0.00060417,97.8554,1,0.021407,139.611960,0.00173471,15.2166,0,0.000000,0.000000
2019-05-30,-0.00156482,97.6989,1,0.036422,199.082530,0.00796909,16.0135,1,0.052651,298.694152
2019-05-31,-0.00619831,97.0791,1,0.015171,140.933760,0.00834988,16.8485,1,0.041872,261.217300
2019-06-03,0.01053909,98.1330,1,0.026761,198.601700,-0.01222336,15.6261,1,0.041856,299.760500
2019-06-04,0.01314614,99.4476,1,0.025436,202.161070,-0.00675920,14.9502,1,0.061020,362.234280
2019-06-05,-0.00276090,99.1715,1,0.024550,203.770150,-0.01358529,13.5917,0,0.000000,0.000000
2019-06-06,-0.00287123,98.8844,1,0.031553,240.937380,0.00336780,13.9285,1,0.055370,387.211761
2019-06-07,0.00484111,99.3685,1,0.024929,161.519610,-0.00995245,12.9332,1,0.046895,301.088110
2019-06-10,-0.00134446,99.2340,1,0.016386,121.741360,0.01172617,14.1058,1,0.047463,321.702870
2019-06-11,0.00097504,99.3315,1,0.019226,102.496720,0.00633396,14.7392,1,0.037634,281.883360
2019-06-12,-0.00453047,98.8785,1,0.024957,159.461110,-0.00505677,14.2336,1,0.044717,300.416090
2019-06-13,0.00888590,99.7671,1,0.021990,180.871270,-0.00708771,13.5248,1,0.043641,340.975860
2019-06-14,-0.00554967,99.2121,0,0.000000,0.000000,-0.00989233,12.5356,1,0.060003,361.866130
2019-06-17,-0.00316392,98.8957,1,0.022282,122.282259,-0.01196035,11.3395,1,0.079755,379.139550
2019-06-18,0.00959999,99.8557,1,0.024311,180.461710,-0.00907584,10.4319,1,0.050384,360.193940
2019-06-19,0.01375303,101.2310,1,0.055347,261.994750,-0.00352036,10.0799,1,0.059406,342.759480
2019-06-20,0.00645822,101.8768,1,0.039438,201.740170,-0.00849963,9.2299,1,0.069893,380.655390
2019-06-21,-0.00056007,101.8208,0,0.000000,0.000000,0.00549323,9.7793,0,0.000000,0.000000
2019-06-24,0.00619987,102.4408,1,0.029003,202.308066,-0.00414663,9.3646,1,0.048493,301.026452
2019-06-25,-0.00191063,102.2498,0,0.000000,0.000000,-0.00257596,9.1070,1,0.048206,300.377790
2019-06-26,0.00574546,102.8243,1,0.035204,259.240963,-0.00601239,8.5058,1,0.047439,319.035610
2019-06-27,-0.00218777,102.6055,0,0.000000,0.000000,-0.00464205,8.0416,1,0.052525,320.572620
2019-06-28,0.00599986,103.2055,1,0.035084,220.597580,0.00825769,8.8673,0,0.000000,0.000000
2019-07-01,-0.00718697,102.4868,1,0.060417,283.102870,0.00989339,9.8567,0,0.000000,0.000000
2019-07-02,0.00232748,102.7196,1,0.052412,301.481320,-0.00956578,8.9001,1,0.045838,264.349421
2019-07-03,-0.01031301,101.6883,1,0.050741,319.818780,0.00626075,9.5262,1,0.054695,379.449880
2019-07-05,0.00599804,102.2881,1,0.046326,201.935840,-0.00999183,8.5270,0,0.000000,0.000000
2019-07-08,0.01331045,103.6191,1,0.048525,280.737590,-0.01845769,6.6812,1,0.059999,382.125122
2019-07-09,0.00765188,104.3843,1,0.048442,278.989190,0.00218898,6.9001,1,0.069192,378.315610
2019-07-10,0.00177411,104.5617,1,0.051219,320.389950,-0.00772945,6.1272,1,0.050815,321.186790
2019-07-11,-0.00760953,103.8008,1,0.033663,260.668330,0.00248685,6.3758,1,0.043075,321.129230
2019-07-12,0.00708541,104.5093,1,0.044999,221.388810,0.00620613,6.9965,1,0.050547,301.620180
2019-07-15,0.00559007,105.0683,1,0.042183,263.302440,-0.00283529,6.7129,1,0.045589,302.454080
2019-07-16,0.00151405,105.2197,1,0.047785,278.360190,0.00236370,6.9493,1,0.050410,339.891400
2019-07-17,0.00379018,105.5987,1,0.041042,282.181450,-0.01257043,5.6923,1,0.035993,281.430120
2019-07-18,-0.00917229,104.6815,1,0.049879,318.965900,-0.00460932,5.2313,0,0.000000,0.000000
2019-07-19,0.00242880,104.9244,1,0.048490,282.371090,-0.00060613,5.1707,1,0.044853,318.951721
2019-07-22,-0.00712060,104.2123,0,0.000000,0.000000,-0.00460145,4.7106,1,0.057655,319.742880
2019-07-23,0.00869989,105.0823,1,0.025081,201.969505,-0.01731675,2.9789,1,0.050775,360.525490
2019-07-24,-0.01760962,103.3213,1,0.034792,221.311510,0.00383156,3.3620,0,0.000000,0.000000
2019-07-25,0.00825041,104.1464,1,0.030629,201.718510,-0.01122114,2.2399,1,0.048314,363.919538
2019-07-26,0.01094008,105.2404,1,0.064492,279.063950,0.00866259,3.1062,1,0.069151,320.762260
2019-07-29,-0.00648807,104.5916,1,0.038197,239.963740,0.00577699,3.6839,1,0.040701,282.235130
2019-07-30,0.00626755,105.2183,1,0.032855,220.926610,-0.00908173,2.7757,1,0.037453,300.852760
2019-07-31,-0.00815594,104.4027,1,0.046824,262.451450,0.00859520,3.6352,1,0.057020,281.766180
2019-08-01,0.00662841,105.0656,1,0.051189,278.467510,-0.00868216,2.7670,0,0.000000,0.000000
2019-08-02,0.01331556,106.3971,1,0.037184,200.879370,-0.00655859,2.1112,1,0.054579,337.051078
2019-08-05,-0.00794471,105.6027,1,0.040031,219.237360,0.00684655,2.7958,1,0.056475,339.655600
2019-08-06,-0.00777567,104.8251,1,0.044207,278.505480,0.00665922,3.4617,0,0.000000,0.000000
2019-08-07,0.00436553,105.2617,1,0.044237,323.606120,0.00525162,3.9869,0,0.000000,0.000000
2019-08-08,0.01043063,106.3047,1,0.055997,300.876790,-0.01262524,2.7244,1,0.053864,278.920101
2019-08-09,-0.00830065,105.4747,1,0.071605,343.752680,0.00368999,3.0934,0,0.000000,0.000000
2019-08-12,0.00773515,106.2482,0,0.000000,0.000000,0.00897174,3.9906,1,0.052616,322.168197
2019-08-13,0.01572960,107.8211,1,0.063940,374.336155,-0.00348202,3.6423,0,0.000000,0.000000
2019-08-14,-0.00994118,106.8270,1,0.064998,343.841480,0.01825458,5.4678,0,0.000000,0.000000
2019-08-15,0.00349446,107.1765,0,0.000000,0.000000,0.02681225,8.1490,0,0.000000,0.000000
2019-08-16,0.01573368,108.7498,1,0.051142,237.881025,-0.01226657,6.9224,1,0.049047,242.526765
2019-08-19,-0.00863241,107.8866,1,0.062821,283.588390,-0.00647138,6.2752,0,0.000000,0.000000
2019-08-20,-0.00235042,107.6515,1,0.036702,182.809200,-0.00107602,6.1676,0,0.000000,0.000000
2019-08-21,-0.00328327,107.3232,1,0.067167,319.231240,-0.00489315,5.6783,0,0.000000,0.000000
2019-08-22,0.00324456,107.6477,1,0.057094,282.284520,0.00035747,5.7141,0,0.000000,0.000000
2019-08-23,-0.01402366,106.2453,1,0.072626,280.407370,0.00631584,6.3457,1,0.059906,347.218584
2019-08-26,0.00211103,106.4564,0,0.000000,0.000000,0.00015215,6.3609,0,0.000000,0.000000
2019-08-27,-0.01731248,104.7252,1,0.062568,258.748630,0.00733847,7.0947,1,0.071803,317.864571
2019-08-28,0.00699692,105.4249,1,0.034858,199.932820,-0.00705064,6.3897,1,0.050604,340.476070
2019-08-29,0.00131899,105.5568,1,0.061091,262.054070,-0.01560353,4.8293,0,0.000000,0.000000
2019-08-30,0.00391247,105.9480,1,0.058473,244.100330,-0.00316202,4.5131,0,0.000000,0.000000
2019-09-03,-0.00766683,105.1813,1,0.051643,220.165560,0.00108726,4.6218,1,0.069984,385.439621
2019-09-04,0.00901678,106.0830,1,0.065352,298.896920,-0.00640744,3.9811,1,0.068214,339.073670
2019-09-05,-0.00282068,105.8009,1,0.073978,302.430330,-0.02418990,1.5621,0,0.000000,0.000000
2019-09-06,-0.00217806,105.5831,1,0.041256,223.635830,-0.00804940,0.7571,1,0.043020,381.965221
2019-09-09,0.01315150,106.8983,1,0.056110,260.966730,-0.00612580,0.1446,1,0.068080,341.052880
2019-09-10,-0.01674857,105.2234,1,0.060217,302.363200,0.02516205,2.6608,1,0.062285,324.144840
2019-09-11,-0.00244096,104.9793,1,0.042586,182.155240,0.00523419,3.1842,1,0.042471,222.800310
2019-09-12,-0.00635236,104.3441,1,0.049946,242.474170,0.00228337,3.4125,1,0.064533,302.882470
2019-09-13,-0.00067949,104.2761,1,0.065429,299.264690,-0.00583340,2.8292,1,0.061330,341.091970
2019-09-16,0.00289212,104.5653,1,0.051928,241.464860,-0.00581560,2.2476,1,0.067210,360.790930
2019-09-17,0.02012171,106.5775,1,0.047759,240.507500,-0.01506443,0.7412,1,0.053973,320.059230
2019-09-18,-0.00012014,106.5655,1,0.056404,299.958530,-0.00235338,0.5058,1,0.054398,360.707310
2019-09-19,-0.00770852,105.7947,1,0.072462,279.934410,0.00534870,1.0407,1,0.082970,339.865480
2019-09-20,-0.00725548,105.0691,1,0.047448,241.094890,0.00627444,1.6682,1,0.051796,300.725300
2019-09-23,0.00467892,105.5370,1,0.032678,200.306020,-0.00589152,1.0790,1,0.040882,280.580700
2019-09-24,-0.00047887,105.4891,1,0.059677,280.433870,0.00151692,1.2307,1,0.071208,360.015610
2019-09-25,-0.00345663,105.1434,1,0.063583,279.447930,-0.00028428,1.2023,1,0.061348,339.420440
2019-09-26,-0.00456917,104.6865,1,0.051237,282.709780,-0.00537454,0.6648,1,0.053634,342.351180
2019-09-27,0.00660208,105.3467,1,0.051692,299.774720,-0.00947533,-0.2827,1,0.058953,320.211140
2019-09-30,0.00892601,106.2393,1,0.048409,261.468240,-0.01271332,-1.5540,1,0.053312,321.219680
2019-10-01,-0.00568780,105.6706,1,0.051350,240.939190,0.00104873,-1.4492,1,0.063997,341.088620
2019-10-02,-0.00814029,104.8565,1,0.046509,297.828030,0.00367280,-1.0819,0,0.000000,0.000000
2019-10-03,0.00109951,104.9665,1,0.026609,180.021260,0.00714941,-0.3670,0,0.000000,0.000000
2019-10-04,-0.00294946,104.6715,1,0.041616,222.224420,-0.00429191,-0.7961,1,0.053001,278.690268
2019-10-07,-0.00252152,104.4194,1,0.021102,142.627830,0.00091449,-0.7047,0,0.000000,0.000000
2019-10-08,-0.00800252,103.6191,1,0.018442,120.878450,0.01140908,0.4362,1,0.046662,301.750769
2019-10-09,0.01014140,104.6333,1,0.025830,160.849670,-0.00968495,-0.5323,0,0.000000,0.000000
2019-10-10,0.00225532,104.8588,1,0.039508,242.522150,-0.00053891,-0.5862,0,0.000000,0.000000
2019-10-11,-0.00021177,104.8376,1,0.035007,201.339900,0.00901199,0.3150,1,0.061211,340.388932
2019-10-14,0.00287869,105.1255,1,0.027411,163.484790,-0.00603030,-0.2880,0,0.000000,0.000000
2019-10-15,0.00714835,105.8403,1,0.033375,219.787200,0.00583490,0.2955,1,0.054120,343.849593
2019-10-16,0.00149324,105.9897,1,0.038026,182.299050,-0.00049223,0.2463,0,0.000000,0.000000
2019-10-17,0.00704367,106.6940,1,0.034153,200.230530,-0.00648688,-0.4024,1,0.048398,341.790585
2019-10-18,-0.00282070,106.4120,1,0.046050,222.677060,-0.00127488,-0.5299,1,0.059578,361.869710
2019-10-21,0.00640965,107.0529,1,0.025065,160.746580,-0.00430471,-0.9604,1,0.050121,280.866810
2019-10-22,-0.00345012,106.7079,1,0.035372,241.245430,0.01011610,0.0512,1,0.044460,301.668950
2019-10-23,0.00195205,106.9031,1,0.030375,181.409920,-0.00599708,-0.5485,1,0.050838,281.309870
2019-10-24,-0.00632932,106.2702,1,0.033432,201.071000,-0.01541816,-2.0903,1,0.059746,320.896870
2019-10-25,-0.00079992,106.1902,1,0.023722,141.101740,-0.00777716,-2.8680,1,0.052026,319.236750
2019-10-28,-0.00346033,105.8442,1,0.024713,161.431550,0.00841845,-2.0262,1,0.072305,361.496610
2019-10-29,0.01121655,106.9658,1,0.026995,141.443220,0.00132873,-1.8933,1,0.051287,241.737330
2019-10-30,0.00626830,107.5926,1,0.037020,183.015970,-0.01541003,-3.4343,1,0.052413,301.951480
2019-10-31,0.00388294,107.9809,1,0.050216,220.066710,-0.01154390,-4.5887,1,0.072810,379.785030
2019-11-01,0.01725852,109.7068,1,0.042898,181.772430,-0.01266210,-5.8549,1,0.063640,319.686300
2019-11-04,0.00354688,110.0615,1,0.041012,201.602670,0.00953111,-4.9018,1,0.058099,321.141450
2019-11-05,0.00697654,110.7591,1,0.033676,161.701960,0.00385142,-4.5166,1,0.056648,262.287710
2019-11-06,0.00096481,110.8556,1,0.034089,201.106530,-0.00595121,-5.1118,1,0.063041,300.292490
2019-11-07,0.00813057,111.6687,1,0.034143,220.108490,-0.03574215,-8.6860,1,0.068665,360.407820
2019-11-08,-0.00276106,111.3926,1,0.035336,182.840400,0.00296759,-8.3892,1,0.059141,382.397630
2019-11-11,0.01848108,113.2407,1,0.022982,141.709350,-0.01678330,-10.0675,1,0.053210,340.778340
2019-11-12,-0.00585728,112.6549,1,0.036308,199.589790,0.00545481,-9.5221,1,0.070599,378.627760
2019-11-13,-0.00345111,112.3098,1,0.023011,161.002280,0.00167673,-9.3544,1,0.045327,300.910720
2019-11-14,0.00027940,112.3378,1,0.020570,141.211600,0.00139415,-9.2150,1,0.056325,360.828480
2019-11-15,0.00283464,112.6212,1,0.017026,101.028070,-0.01084222,-10.2992,1,0.052752,340.397620
2019-11-18,-0.00693469,111.9278,1,0.024689,181.760890,-0.00997318,-11.2965,1,0.055398,360.779190
2019-11-19,-0.00882988,111.0448,1,0.022798,140.809660,0.00039084,-11.2574,1,0.060456,359.653720
2019-11-20,-0.00257066,110.7877,1,0.016006,121.695390,0.00124044,-11.1334,1,0.054666,341.136140
2019-11-21,-0.00918045,109.8697,1,0.033745,180.760380,0.00746028,-10.3874,1,0.058872,320.451830
2019-11-22,0.01220856,111.0905,1,0.017424,140.887960,-0.01079152,-11.4665,1,0.038862,240.198280
2019-11-25,-0.00342910,110.7476,1,0.029930,201.894880,0.01131358,-10.3352,1,0.060022,342.016590
2019-11-26,0.00521508,111.2691,1,0.026052,182.059460,-0.01219584,-11.5547,0,0.000000,0.000000
2019-11-27,0.00433757,111.7029,1,0.026843,180.976880,-0.00894022,-12.4488,1,0.068412,361.426225
2019-11-29,0.00401417,112.1043,1,0.029353,161.237060,-0.00978399,-13.4272,1,0.061429,361.461770
2019-12-02,-0.00453239,111.6511,1,0.052449,219.567490,-0.00176582,-13.6037,0,0.000000,0.000000
2019-12-03,-0.00281162,111.3699,1,0.015762,120.840170,-0.00400923,-14.0047,0,0.000000,0.000000
2019-12-04,0.00846880,112.2168,1,0.024550,160.243640,-0.01047001,-15.0517,1,0.054841,298.053880
2019-12-05,-0.00451423,111.7653,1,0.023943,161.678430,-0.00121371,-15.1730,0,0.000000,0.000000
2019-12-06,0.00352705,112.1181,1,0.032825,121.371480,-0.00065882,-15.2389,1,0.068502,323.140157
2019-12-09,0.00116646,112.2347,1,0.028374,121.625570,-0.00568661,-15.8076,1,0.062961,301.574480
2019-12-10,-0.00161885,112.0728,1,0.031545,180.353200,-0.00966851,-16.7744,1,0.051141,359.727160
2019-12-11,0.00526189,112.5990,1,0.039001,200.620860,-0.00301694,-17.0761,1,0.063744,360.404030
2019-12-12,0.00275751,112.8748,1,0.047469,240.797390,0.00208000,-16.8681,1,0.064340,321.076750
2019-12-13,-0.00364856,112.5099,1,0.040206,183.133320,-0.00687416,-17.5555,1,0.067546,283.369160
2019-12-16,0.00026305,112.5362,1,0.032395,160.145690,-0.00208871,-17.7644,1,0.061511,339.642050
2019-12-17,0.00876084,113.4123,1,0.026606,142.027600,0.00124494,-17.6399,1,0.071916,342.112180
2019-12-18,0.00005774,113.4181,1,0.033946,220.435190,-0.00601001,-18.2409,1,0.049481,301.210270
2019-12-19,0.00402115,113.8202,1,0.032955,219.908320,0.00193495,-18.0474,1,0.045125,340.726360
2019-12-20,-0.00419384,113.4008,1,0.030644,201.453930,-0.00717010,-18.7644,1,0.044720,321.856640
2019-12-23,0.00082515,113.4833,1,0.030985,221.081920,-0.01296000,-20.0604,1,0.053780,341.529670
2019-12-24,0.00349385,113.8327,1,0.025385,141.157160,-0.00991343,-21.0518,1,0.071603,381.076380
2019-12-26,0.00127702,113.9604,1,0.039728,180.137930,0.00100011,-20.9518,1,0.104959,380.137520
2019-12-27,-0.00334959,113.6254,1,0.019529,120.569270,-0.00053647,-21.0054,1,0.043447,280.698130
2019-12-30,0.00324966,113.9504,1,0.025744,160.342650,-0.00359830,-21.3652,1,0.046580,320.458880
2019-12-31,-0.00139536,113.8109,1,0.035456,180.511590,0.00290074,-21.0752,1,0.058326,339.691650
