date,model_ret,model_equity,model_rebalanced,model_cost,model_traded,naive_ret,naive_equity,naive_rebalanced,naive_cost,naive_traded
2015-01-02,-0.00326834,99.6732,1,0.025084,200.000000,0.00000000,100.0000,0,0.000000,0.000000
2015-01-05,-0.01696092,97.9771,0,0.000000,0.000000,0.00100563,100.1006,1,0.047157,200.000000
2015-01-06,-0.00549043,97.4280,1,0.040063,181.641970,0.01223753,101.3243,0,0.000000,0.000000
2015-01-07,-0.00160477,97.2676,1,0.029107,120.733880,0.00307885,101.6322,1,0.038215,219.104328
2015-01-08,0.00120232,97.3878,1,0.037798,223.046870,-0.00658411,100.9738,0,0.000000,0.000000
2015-01-09,0.00756283,98.1441,1,0.042737,283.994110,0.01268128,102.2419,0,0.000000,0.000000
2015-01-12,0.00179934,98.3240,1,0.031656,180.865540,0.01078937,103.3209,0,0.000000,0.000000
2015-01-13,-0.00169268,98.1547,0,0.000000,0.000000,0.00165810,103.4867,1,0.051390,203.420600
2015-01-14,-0.00327852,97.8269,0,0.000000,0.000000,0.01037373,104.5240,1,0.054617,320.940180
2015-01-15,-0.01289928,96.5370,1,0.026058,182.947993,0.00932284,105.4563,1,0.038256,239.960730
2015-01-16,0.00404820,96.9418,1,0.027370,159.473750,0.00620425,106.0767,1,0.043315,259.027520
2015-01-20,-0.00175969,96.7658,1,0.042449,222.360670,-0.00095178,105.9816,0,0.000000,0.000000
2015-01-21,0.00409096,97.1749,1,0.025714,200.913700,0.00063573,106.0451,1,0.057917,322.054929
2015-01-22,0.01597758,98.7727,1,0.031352,222.219570,-0.00219282,105.8259,1,0.048462,301.528770
2015-01-23,0.00020370,98.7930,1,0.049150,243.980150,0.00001002,105.8269,0,0.000000,0.000000
2015-01-26,0.00866638,99.6597,1,0.020922,121.353540,-0.00484784,105.3421,1,0.037464,282.316221
2015-01-27,-0.00354223,99.3054,0,0.000000,0.000000,-0.00281445,105.0606,1,0.053575,361.373840
2015-01-28,-0.00685205,98.6202,1,0.037045,221.280872,-0.00184216,104.8764,0,0.000000,0.000000
2015-01-29,-0.00310411,98.3098,1,0.025201,140.591180,-0.00377087,104.4993,0,0.000000,0.000000
2015-01-30,-0.00377856,97.9320,1,0.050736,221.560030,-0.01415338,103.0840,1,0.052268,279.910846
2015-02-02,0.00552040,98.4840,1,0.039620,179.943880,0.00381765,103.4658,0,0.000000,0.000000
2015-02-03,0.01039459,99.5235,1,0.062411,262.857620,0.00425315,103.8911,1,0.067115,299.538821
2015-02-04,-0.02324746,97.1987,1,0.043446,243.963030,-0.01880632,102.0104,0,0.000000,0.000000
2015-02-05,0.01139414,98.3381,1,0.032476,183.318020,-0.00830371,101.1801,1,0.065881,382.864719
2015-02-06,-0.02640072,95.6981,1,0.050202,222.703930,-0.01258898,99.9212,1,0.047508,321.833850
2015-02-09,-0.00269691,95.4284,1,0.031591,201.596650,0.00627358,100.5485,1,0.051272,341.563590
2015-02-10,-0.00106621,95.3218,1,0.028771,220.694480,0.00933088,101.4816,1,0.063642,299.843650
2015-02-11,-0.00321139,95.0006,1,0.020769,162.130450,-0.00452950,101.0287,0,0.000000,0.000000
2015-02-12,-0.00832765,94.1679,1,0.025705,160.472670,-0.00880357,100.1483,1,0.059317,325.019739
2015-02-13,-0.00543901,93.6240,1,0.025901,201.520660,0.00752005,100.9003,0,0.000000,0.000000
2015-02-17,0.00504861,94.1288,1,0.043549,241.636620,-0.00435214,100.4651,1,0.052584,283.535052
2015-02-18,0.01264658,95.3935,1,0.025592,160.846510,0.00726696,101.1918,1,0.065104,379.936510
2015-02-19,-0.00685684,94.7078,0,0.000000,0.000000,-0.00874369,100.3174,1,0.061229,281.599260
2015-02-20,0.00689609,95.3974,0,0.000000,0.000000,-0.00789608,99.5278,1,0.050238,339.735420
2015-02-23,0.01132386,96.5298,1,0.028704,202.653875,-0.01767567,97.7602,0,0.000000,0.000000
2015-02-24,0.00429390,96.9592,1,0.017330,141.475710,-0.01017079,96.7432,1,0.049309,403.059735
2015-02-25,0.00634215,97.5934,1,0.026335,182.698140,-0.00126614,96.6166,1,0.055814,341.183730
2015-02-26,-0.00067064,97.5263,1,0.030064,180.906370,-0.01104401,95.5122,1,0.057301,280.383860
2015-02-27,-0.00038549,97.4878,1,0.026599,122.330880,-0.00884122,94.6280,1,0.056542,280.299380
2015-03-02,0.00319211,97.8070,1,0.014139,101.075610,-0.01022690,93.6053,1,0.073640,339.823680
2015-03-03,0.00895284,98.7023,1,0.024236,161.772490,-0.00636063,92.9693,1,0.072143,341.706430
2015-03-04,-0.00325103,98.3772,1,0.014583,121.554500,-0.00591761,92.3775,1,0.049091,320.180880
2015-03-05,0.00301782,98.6789,1,0.017458,140.855680,0.00042530,92.4200,1,0.049250,319.900730
2015-03-06,-0.00529637,98.1493,1,0.015087,140.524020,-0.00047867,92.3722,1,0.070707,301.078560
2015-03-09,0.00158297,98.3076,1,0.031873,141.227330,0.00881712,93.2539,0,0.000000,0.000000
2015-03-10,0.00596955,98.9046,1,0.018925,141.502030,0.00723512,93.9774,1,0.042918,240.440077
2015-03-11,0.00190492,99.0951,1,0.025188,180.231580,-0.01258130,92.7193,0,0.000000,0.000000
2015-03-12,0.00426326,99.5214,1,0.023244,161.421320,-0.00197603,92.5217,1,0.050943,320.001507
2015-03-13,-0.00339637,99.1817,1,0.027237,182.650190,0.00153663,92.6753,0,0.000000,0.000000
2015-03-16,-0.00110430,99.0713,1,0.022540,160.567000,0.00801719,93.4771,1,0.041171,302.002112
2015-03-17,-0.00113883,98.9574,1,0.032823,202.778770,0.00505351,93.9824,0,0.000000,0.000000
2015-03-18,-0.00424435,98.5330,1,0.026525,180.688600,0.01172137,95.1545,1,0.038893,262.221221
2015-03-19,0.00667783,99.2008,1,0.018207,162.392130,0.01020093,96.1746,0,0.000000,0.000000
2015-03-20,0.00248618,99.4494,0,0.000000,0.000000,-0.00882734,95.2919,1,0.034084,243.545919
2015-03-23,0.00439879,99.8893,0,0.000000,0.000000,-0.00103195,95.1887,0,0.000000,0.000000
2015-03-24,0.00437685,100.3270,1,0.030145,242.712893,-0.00186225,95.0025,1,0.046455,321.625824
2015-03-25,0.01114819,101.4418,1,0.030451,200.304830,0.00862790,95.8653,1,0.049720,299.737930
2015-03-26,0.00612258,102.0540,1,0.027702,180.812930,0.00033408,95.8987,0,0.000000,0.000000
2015-03-27,-0.00587780,101.4663,1,0.021060,140.974560,-0.00305073,95.5936,1,0.045133,299.206323
2015-03-30,-0.00412154,101.0541,1,0.024164,181.166180,-0.00016685,95.5769,1,0.056895,341.530340
2015-03-31,0.00579675,101.6338,1,0.045835,282.743890,0.00005834,95.5828,0,0.000000,0.000000
2015-04-01,0.01167375,102.8012,1,0.041725,299.983930,-0.00296550,95.2862,1,0.048450,303.025020
2015-04-02,-0.00567968,102.2332,1,0.035258,241.274580,-0.00189353,95.0969,1,0.055533,319.050500
2015-04-06,-0.00328135,101.9051,1,0.029015,221.953010,-0.00210915,94.8859,1,0.042045,262.212340
2015-04-07,0.00430052,102.3351,0,0.000000,0.000000,-0.00932669,93.9533,1,0.049369,301.393430
2015-04-08,0.00565015,102.9001,0,0.000000,0.000000,-0.00028637,93.9246,1,0.054377,339.899540
2015-04-09,-0.00113241,102.7869,0,0.000000,0.000000,-0.00415700,93.5089,1,0.053870,340.955860
2015-04-10,-0.00170902,102.6160,0,0.000000,0.000000,0.00140616,93.6495,1,0.049304,301.611190
2015-04-13,0.00474776,103.0908,1,0.050244,322.546574,-0.01106770,92.5428,1,0.048490,360.583700
2015-04-14,-0.01373285,101.7175,1,0.037715,220.043040,0.00419393,92.9622,1,0.057687,319.383380
2015-04-15,-0.00493794,101.2237,1,0.036944,182.202330,0.00363374,93.3255,1,0.056676,301.367080
2015-04-16,0.00513630,101.7373,1,0.030670,181.885070,-0.00786696,92.5389,1,0.047276,282.788590
2015-04-17,-0.00145957,101.5913,1,0.034257,221.466640,-0.00060460,92.4784,1,0.046690,340.708240
2015-04-20,-0.00387213,101.2041,1,0.032203,219.734020,-0.00082655,92.3957,0,0.000000,0.000000
2015-04-21,-0.00441017,100.7631,1,0.020407,181.720950,-0.00309545,92.0862,1,0.060805,339.276184
2015-04-22,-0.00115424,100.6477,1,0.018434,159.656010,-0.00586492,91.4997,1,0.057282,301.176040
2015-04-23,-0.00021287,100.6264,1,0.009537,80.764450,-0.00467201,91.0325,1,0.048721,301.198670
2015-04-24,-0.00596237,100.0302,1,0.009027,101.477770,0.00292402,91.3249,1,0.065968,380.601740
2015-04-27,0.00292637,100.3228,1,0.014783,141.753950,-0.01010824,90.3141,1,0.047594,341.234130
2015-04-28,-0.01982483,98.3403,1,0.026523,160.704120,0.01445994,91.7601,1,0.063266,358.913390
2015-04-29,-0.00540174,97.8001,1,0.030264,142.986800,-0.00084450,91.6756,1,0.048370,322.374540
2015-04-30,-0.00181830,97.6183,1,0.043280,200.746430,0.01973046,93.6487,1,0.045744,240.318620
2015-05-01,-0.00708787,96.9095,1,0.056397,240.668310,0.00124806,93.7735,0,0.000000,0.000000
2015-05-04,0.00944961,97.8545,1,0.022129,143.023790,0.00595006,94.3685,0,0.000000,0.000000
2015-05-05,0.00822476,98.6770,1,0.032814,220.929630,-0.00453456,93.9150,1,0.037336,302.680244
2015-05-06,-0.00917778,97.7592,1,0.046918,259.686630,0.00288352,94.2034,0,0.000000,0.000000
2015-05-07,-0.00020819,97.7384,1,0.045309,220.868380,0.00365455,94.5688,1,0.056715,337.401087
2015-05-08,0.00867981,98.6064,1,0.032819,241.240410,-0.01431154,93.1377,1,0.054834,321.098170
2015-05-11,0.00236567,98.8429,0,0.000000,0.000000,-0.00903241,92.2344,0,0.000000,0.000000
2015-05-12,0.00295145,99.1381,0,0.000000,0.000000,-0.00780594,91.4538,1,0.065774,342.954081
2015-05-13,0.02089643,101.2277,1,0.036407,302.232671,0.01233640,92.6875,1,0.043120,320.726520
2015-05-14,0.00550726,101.7784,1,0.039204,222.404410,-0.00442909,92.2446,1,0.043389,301.714160
2015-05-15,0.00324682,102.1031,1,0.031878,182.532710,-0.00780841,91.4637,0,0.000000,0.000000
2015-05-18,0.00460482,102.5636,1,0.018308,159.932860,-0.00319992,91.1437,1,0.063742,363.197096
2015-05-19,-0.00115968,102.4476,1,0.019448,161.512570,0.00458348,91.6021,1,0.064462,321.577470
2015-05-20,-0.00703018,101.7446,1,0.026368,220.670560,0.00466034,92.0681,1,0.043486,300.915550
2015-05-21,0.00103799,101.8484,1,0.027361,181.370810,-0.00035301,92.0328,1,0.047191,320.687460
2015-05-22,0.01198590,103.0470,1,0.029080,220.390720,-0.02182796,89.8500,1,0.058946,320.113890
2015-05-26,-0.00586855,102.4601,0,0.000000,0.000000,-0.00130145,89.7199,1,0.059335,361.188830
2015-05-27,0.00145455,102.6056,1,0.053695,280.152281,0.00540104,90.2600,0,0.000000,0.000000
2015-05-28,0.00222706,102.8283,1,0.049464,181.945510,0.00178749,90.4387,0,0.000000,0.000000
2015-05-29,0.00052930,102.8812,1,0.025160,180.604350,0.00215562,90.6543,1,0.056778,318.633928
2015-06-01,0.00175736,103.0570,1,0.018494,140.616610,0.00316749,90.9710,1,0.051851,279.576960
2015-06-02,0.00137464,103.1944,1,0.026366,161.025730,-0.00424577,90.5465,1,0.038267,261.166880
2015-06-03,0.00458630,103.6531,1,0.022810,160.591530,0.02321772,92.8682,1,0.060148,360.620290
2015-06-04,-0.00853470,102.7996,1,0.024560,180.682380,-0.00281519,92.5867,1,0.021309,142.436840
2015-06-05,0.00298046,103.0976,1,0.026184,161.056730,0.01392333,93.9791,0,0.000000,0.000000
2015-06-08,-0.00240460,102.8572,1,0.018060,140.960670,-0.00588511,93.3905,1,0.029101,201.000552
2015-06-09,0.00211229,103.0684,1,0.032861,200.359400,0.00679147,94.0697,0,0.000000,0.000000
2015-06-10,-0.00206906,102.8615,1,0.050246,240.016630,0.00214156,94.2838,1,0.036784,259.889190
2015-06-11,0.00067440,102.9289,1,0.025250,161.603140,-0.00835818,93.4480,0,0.000000,0.000000
2015-06-12,0.00628714,103.5577,1,0.023416,161.092970,-0.00626940,92.8211,1,0.058620,383.128947
2015-06-15,0.00075453,103.6331,1,0.026197,160.467530,0.00375843,93.1969,0,0.000000,0.000000
2015-06-16,0.00522675,104.1558,1,0.032035,180.217710,0.00404769,93.6017,0,0.000000,0.000000
2015-06-17,0.00093017,104.2488,1,0.026133,141.257570,0.00206191,93.8079,1,0.045429,319.942421
2015-06-18,0.00263201,104.5120,1,0.025769,140.778770,0.00893872,94.7018,1,0.061138,280.667680
2015-06-19,-0.00174789,104.3372,1,0.023239,142.627070,-0.00504654,94.1971,0,0.000000,0.000000
2015-06-22,-0.00402480,103.9347,0,0.000000,0.000000,-0.00265219,93.9319,1,0.043809,321.212968
2015-06-23,-0.00827248,103.1075,1,0.038728,220.924670,0.00806646,94.7385,1,0.032594,240.487850
2015-06-24,0.00159770,103.2673,1,0.021890,160.772480,0.00485854,95.2244,1,0.024556,221.144460
2015-06-25,-0.00512750,102.7545,1,0.022230,161.400620,0.00168224,95.3926,0,0.000000,0.000000
2015-06-26,0.00219087,102.9736,1,0.019523,161.316160,-0.00359835,95.0328,1,0.045695,298.982350
2015-06-29,0.00320343,103.2939,1,0.025307,180.846530,-0.00191054,94.8417,1,0.050374,340.455840
2015-06-30,0.00436008,103.7299,1,0.020672,160.851870,-0.00506373,94.3353,0,0.000000,0.000000
2015-07-01,0.00151846,103.8818,1,0.032604,221.271740,-0.00258157,94.0772,1,0.060847,357.898613
2015-07-02,-0.00695871,103.1859,1,0.026111,182.034470,0.00351155,94.4283,1,0.055105,342.146410
2015-07-06,-0.00478420,102.7075,1,0.035610,200.358200,0.00297940,94.7263,1,0.052900,299.941700
2015-07-07,-0.00896575,101.8109,1,0.034995,220.567130,0.00339460,95.0657,1,0.042290,300.766280
2015-07-08,-0.00107714,101.7032,1,0.025254,161.645040,0.00183639,95.2494,1,0.052921,321.175850
2015-07-09,-0.00868362,100.8348,1,0.041592,238.581420,-0.00814011,94.4354,0,0.000000,0.000000
2015-07-10,-0.01245921,99.5889,1,0.032201,220.841290,0.00286951,94.7223,1,0.056509,338.600517
2015-07-13,0.00200898,99.7898,1,0.030132,202.516260,0.00654723,95.3770,0,0.000000,0.000000
2015-07-14,0.00513358,100.3032,1,0.024292,161.826630,-0.00485037,94.8920,0,0.000000,0.000000
2015-07-15,-0.00339345,99.9638,1,0.021825,161.053450,-0.00233263,94.6587,1,0.050323,344.776306
2015-07-16,-0.00260495,99.7033,1,0.055275,259.494840,-0.00062464,94.5963,1,0.058654,319.120660
2015-07-17,-0.00197695,99.5057,1,0.018635,141.390500,0.00278292,94.8746,1,0.054928,341.049490
2015-07-20,0.00107082,99.6127,1,0.037118,260.242160,0.01112232,95.9868,1,0.046838,280.195900
2015-07-21,-0.00218386,99.3943,1,0.030126,181.291440,-0.00972034,95.0148,1,0.044244,261.868130
2015-07-22,-0.00450810,98.9435,1,0.052450,301.212000,-0.00253153,94.7616,1,0.071973,360.394930
2015-07-23,0.01074887,100.0184,0,0.000000,0.000000,-0.00326136,94.4355,1,0.057716,300.991320
2015-07-24,0.00569731,100.5882,0,0.000000,0.000000,-0.01425324,93.0102,1,0.050634,300.936060
2015-07-27,0.00094619,100.6828,0,0.000000,0.000000,-0.00764674,92.2455,0,0.000000,0.000000
2015-07-28,0.00138147,100.8209,1,0.039853,279.262060,-0.00005625,92.2399,1,0.059985,377.020130
2015-07-29,-0.00393386,100.4275,1,0.037466,202.238380,0.00017562,92.2574,0,0.000000,0.000000
2015-07-30,0.00624956,101.0525,1,0.039064,221.297860,-0.00436592,91.8208,0,0.000000,0.000000
2015-07-31,0.01024978,102.0775,1,0.031432,220.557120,-0.00786665,91.0342,1,0.063975,364.377877
2015-08-03,-0.00158257,101.9192,1,0.049117,202.927810,0.00842629,91.8768,1,0.073171,322.109750
2015-08-04,0.00564414,102.4836,1,0.043306,220.178480,-0.00270539,91.6063,1,0.050009,280.765060
2015-08-05,-0.02361106,100.1225,1,0.036506,221.355200,0.00674558,92.2808,1,0.043182,320.431510
2015-08-06,-0.00712933,99.4096,1,0.035573,180.593700,-0.00571143,91.7097,1,0.047273,262.810280
2015-08-07,-0.00042095,99.3675,1,0.037385,220.463820,0.00115197,91.8249,1,0.057243,359.407590
2015-08-10,0.00899005,100.2665,1,0.034995,200.905370,-0.00975421,90.8494,1,0.044801,281.033800
2015-08-11,0.00473287,100.7398,0,0.000000,0.000000,-0.02388376,88.4611,0,0.000000,0.000000
2015-08-12,-0.00667064,100.0727,1,0.031204,181.951358,0.01446114,89.9072,1,0.051476,278.178915
2015-08-13,-0.00087149,99.9856,0,0.000000,0.000000,-0.00712230,89.1950,1,0.035120,203.028150
2015-08-14,-0.00440863,99.5447,1,0.031713,200.565717,0.00012200,89.2072,1,0.066750,340.785650
2015-08-17,0.00444124,99.9888,1,0.037156,222.452350,0.00362967,89.5701,0,0.000000,0.000000
2015-08-18,0.00218527,100.2074,1,0.032493,201.743420,-0.00588270,88.9819,1,0.061400,303.468761
2015-08-19,-0.00604915,99.6024,1,0.029355,200.772140,-0.00017257,88.9646,1,0.066897,358.907710
2015-08-20,-0.00224936,99.3775,1,0.045216,260.255980,0.00071522,89.0361,1,0.048798,299.886360
2015-08-21,-0.00017401,99.3601,1,0.062001,316.739520,-0.00278422,88.7577,0,0.000000,0.000000
2015-08-24,0.00469469,99.8296,1,0.051451,239.118380,0.01112191,89.8699,0,0.000000,0.000000
2015-08-25,0.00551344,100.3809,1,0.041066,200.852700,0.00206809,90.0767,0,0.000000,0.000000
2015-08-26,0.00411148,100.7921,1,0.053582,239.546290,-0.00724185,89.3525,0,0.000000,0.000000
2015-08-27,-0.00177402,100.6147,1,0.061622,306.251690,-0.01879141,87.4734,0,0.000000,0.000000
2015-08-28,-0.00277624,100.3370,1,0.029074,204.650380,-0.00703434,86.7699,0,0.000000,0.000000
2015-08-31,-0.00796474,99.5406,1,0.031074,160.658890,0.00488758,87.2587,1,0.069572,392.287253
2015-09-01,0.00307617,99.8482,1,0.034613,180.803420,-0.00580339,86.6784,0,0.000000,0.000000
2015-09-02,-0.00233059,99.6151,1,0.043319,257.979870,-0.00496763,86.1816,0,0.000000,0.000000
2015-09-03,-0.00273321,99.3418,1,0.047621,262.970580,0.00989577,87.1712,0,0.000000,0.000000
2015-09-04,-0.00016063,99.3257,1,0.044163,201.553760,-0.00213806,86.9574,1,0.055236,297.613705
2015-09-08,0.00926156,100.2519,1,0.040854,200.172140,0.00540984,87.4983,0,0.000000,0.000000
2015-09-09,-0.00420022,99.8319,1,0.044602,245.233410,-0.00389480,87.1089,0,0.000000,0.000000
2015-09-10,-0.00218390,99.6135,1,0.040900,239.020100,0.00098502,87.2074,0,0.000000,0.000000
2015-09-11,0.00544101,100.1576,1,0.040769,221.070490,0.00103125,87.3105,1,0.055125,280.568861
2015-09-14,0.00170434,100.3280,1,0.035316,241.570030,0.00306453,87.6169,1,0.055257,301.987510
2015-09-15,0.00531584,100.8596,1,0.039566,259.743350,-0.00979349,86.6376,1,0.049189,300.275570
2015-09-16,0.00645330,101.5049,0,0.000000,0.000000,-0.01193042,85.4446,0,0.000000,0.000000
2015-09-17,0.00655021,102.1600,1,0.041939,244.811283,-0.00304967,85.1396,0,0.000000,0.000000
2015-09-18,0.00614764,102.7747,1,0.032496,180.895020,0.00821157,85.9607,1,0.054883,324.805566
2015-09-21,0.00475989,103.2507,1,0.041181,141.299220,-0.00091148,85.8696,0,0.000000,0.000000
2015-09-22,0.01060619,104.3113,1,0.023011,121.267690,0.00784846,86.6544,1,0.061834,318.653712
2015-09-23,0.00574232,104.8856,1,0.027908,120.560190,0.00568704,87.2231,0,0.000000,0.000000
2015-09-24,-0.00165769,104.7198,1,0.035919,180.469380,-0.00828440,86.3947,1,0.054490,337.685636
2015-09-25,-0.00511144,104.2086,1,0.031124,161.146070,0.01697995,88.0927,1,0.054055,340.298990
2015-09-28,0.00162182,104.3708,1,0.043108,221.607020,0.02294274,90.3870,1,0.049336,281.791590
2015-09-29,0.00125864,104.4967,0,0.000000,0.000000,0.00915762,91.3027,0,0.000000,0.000000
2015-09-30,-0.00699501,103.7972,1,0.047531,259.082754,-0.00491531,90.8112,1,0.067101,318.735549
2015-10-01,0.00905215,104.7024,1,0.048295,243.280770,-0.00377808,90.4334,0,0.000000,0.000000
2015-10-02,0.01871170,106.5736,1,0.041930,220.502990,-0.01988487,88.4449,1,0.047377,323.550118
2015-10-05,0.00326390,106.9000,1,0.042440,223.897520,-0.00705325,87.7396,0,0.000000,0.000000
2015-10-06,-0.00787818,106.1121,1,0.043918,203.784290,-0.01230437,86.5092,0,0.000000,0.000000
2015-10-07,0.00921853,107.0340,1,0.034967,219.841780,-0.00592405,85.9167,1,0.052355,388.121880
2015-10-08,-0.00134943,106.8991,1,0.035803,202.431000,0.01517369,87.4341,0,0.000000,0.000000
2015-10-09,-0.00816163,106.0829,1,0.027313,162.026920,-0.01288420,86.1457,0,0.000000,0.000000
2015-10-12,-0.00214608,105.8683,1,0.033168,200.745690,0.00487630,86.6333,1,0.060600,364.250253
2015-10-13,-0.00594739,105.2735,1,0.028979,200.309860,0.00497431,87.1308,1,0.048869,281.385390
2015-10-14,-0.00724338,104.5492,1,0.035098,179.700120,-0.01927488,85.2033,0,0.000000,0.000000
2015-10-15,0.00239911,104.7891,1,0.031269,160.706700,-0.00609222,84.5940,1,0.067212,360.398166
2015-10-16,0.00762272,105.5514,1,0.026008,142.830960,-0.01238921,83.3551,0,0.000000,0.000000
2015-10-19,0.00146479,105.6979,1,0.035171,201.265700,0.00549251,83.9044,1,0.069079,382.911361
2015-10-20,-0.00225701,105.4722,1,0.027031,141.272710,-0.00624119,83.2803,1,0.035819,281.342450
2015-10-21,0.00585533,106.0577,0,0.000000,0.000000,0.00263638,83.5439,1,0.065512,340.493320
2015-10-22,0.01918024,107.9757,1,0.044866,200.171489,0.01601527,85.1454,1,0.064313,259.743310
2015-10-23,0.00303882,108.2796,0,0.000000,0.000000,-0.00312754,84.8327,1,0.057044,283.972660
2015-10-26,0.00528744,108.8084,1,0.039576,245.717957,-0.00433236,84.3994,1,0.049446,343.499090
2015-10-27,-0.00670391,108.1380,1,0.033921,220.954860,0.00660438,85.0599,1,0.049162,280.735350
2015-10-28,0.01314898,109.4529,1,0.031142,219.228490,-0.00766098,84.2938,1,0.040818,281.057160
2015-10-29,0.00962122,110.4150,1,0.033738,203.105740,0.00143287,84.4371,0,0.000000,0.000000
2015-10-30,0.01743164,112.1581,1,0.043556,240.565500,-0.00829803,83.6073,1,0.049863,304.659967
2015-11-02,0.00103863,112.2620,1,0.037097,182.135160,-0.00533598,83.0737,1,0.065768,341.762520
2015-11-03,0.00839557,113.1016,1,0.033853,202.622080,-0.00404793,82.6689,0,0.000000,0.000000
2015-11-04,0.00705918,113.8075,1,0.034932,180.923690,-0.01089325,81.5795,1,0.070135,362.374924
2015-11-05,-0.00464954,113.3425,1,0.040774,180.725770,0.00096359,81.6759,1,0.057831,359.868630
2015-11-06,0.01178221,114.5207,1,0.033739,201.612600,0.00993649,82.6695,1,0.060761,340.747090
2015-11-09,0.00901644,115.4224,1,0.033096,182.374520,-0.00034878,82.6347,1,0.052588,302.084490
2015-11-10,-0.00143050,115.2793,1,0.036770,219.736840,-0.02026247,80.6084,0,0.000000,0.000000
2015-11-11,0.00388098,115.6674,1,0.034932,201.295860,0.01498029,82.1065,1,0.070411,398.429066
2015-11-12,-0.00362552,115.3049,1,0.033342,180.260310,-0.00078129,82.0283,1,0.042459,222.147320
2015-11-13,-0.00263921,115.0410,1,0.037741,219.716190,-0.00200797,81.8275,0,0.000000,0.000000
2015-11-16,-0.00029804,115.0112,1,0.039304,180.776920,0.00281973,82.1095,1,0.061617,298.460792
2015-11-17,0.00239480,115.2506,1,0.039660,223.909240,-0.01098099,81.0114,0,0.000000,0.000000
2015-11-18,-0.00338473,114.9122,1,0.048423,260.319420,0.00491808,81.5032,1,0.053942,322.937329
2015-11-19,0.01723877,116.6360,0,0.000000,0.000000,-0.01269182,80.2340,0,0.000000,0.000000
2015-11-20,0.00484919,117.1210,1,0.053311,282.243918,-0.00251053,79.9830,1,0.058873,363.594019
2015-11-23,-0.00774805,116.3462,1,0.048285,242.503550,0.00734342,80.7173,1,0.049138,322.549600
2015-11-24,-0.00283492,116.0627,1,0.042732,260.304420,0.00376446,81.0938,1,0.041824,281.590200
2015-11-25,0.00279574,116.3422,1,0.038566,260.902920,-0.00326736,80.7670,1,0.048366,280.866870
2015-11-27,0.00134167,116.4764,1,0.043703,240.821840,-0.00310103,80.4569,1,0.049553,280.525950
2015-11-30,0.00412508,116.8889,1,0.042562,181.108970,-0.00950931,79.5060,1,0.076131,340.979650
2015-12-01,0.00033677,116.9226,1,0.036853,220.094530,-0.00724719,78.7813,1,0.047639,339.912500
2015-12-02,-0.00107123,116.8155,1,0.025213,161.987250,0.01228998,80.0103,0,0.000000,0.000000
2015-12-03,-0.00085185,116.7303,1,0.020515,140.821610,0.01111041,81.1213,0,0.000000,0.000000
2015-12-04,-0.00306396,116.4239,1,0.039176,219.459570,0.00108983,81.2303,0,0.000000,0.000000
2015-12-07,0.00622393,117.0463,1,0.032107,203.957580,0.00882738,82.1130,0,0.000000,0.000000
2015-12-08,0.00835438,117.8817,1,0.040732,239.405080,-0.01658957,80.4541,0,0.000000,0.000000
2015-12-09,-0.00505181,117.3765,1,0.029391,160.561410,0.00145455,80.5995,1,0.078045,376.133121
2015-12-10,-0.00024409,117.3521,1,0.028219,160.316110,-0.00050866,80.5487,0,0.000000,0.000000
2015-12-11,0.00762345,118.1145,1,0.046855,260.241690,-0.01974947,78.5737,1,0.045627,298.682142
2015-12-14,-0.01165132,116.9493,1,0.046102,278.102180,-0.00536695,78.0370,0,0.000000,0.000000
2015-12-15,-0.00083773,116.8656,1,0.040763,260.302830,-0.00162078,77.8749,1,0.069338,317.281143
2015-12-16,0.00263342,117.1289,1,0.047618,301.822670,0.00689716,78.5647,1,0.058384,342.366640
2015-12-17,-0.00084841,117.0441,1,0.041801,263.164000,-0.00373427,78.1912,0,0.000000,0.000000
2015-12-18,-0.00150977,116.8931,1,0.048477,299.124620,-0.00084138,78.1071,0,0.000000,0.000000
2015-12-21,-0.00125963,116.7671,1,0.042383,240.756300,-0.00089493,78.0176,0,0.000000,0.000000
2015-12-22,-0.01213556,115.5536,0,0.000000,0.000000,0.00057020,78.0746,0,0.000000,0.000000
2015-12-23,-0.00377143,115.1764,1,0.045063,284.228533,0.00188384,78.2630,0,0.000000,0.000000
2015-12-24,0.00261206,115.4376,1,0.024344,163.637980,-0.00441443,77.8216,0,0.000000,0.000000
2015-12-28,0.00116698,115.5543,1,0.056932,260.536270,0.00591311,78.4129,1,0.098029,384.099107
2015-12-29,0.00168956,115.7233,1,0.048744,320.173370,-0.00798528,77.6143,1,0.044868,240.900800
2015-12-30,-0.00153928,115.5694,1,0.048928,261.338660,0.01089234,78.7036,0,0.000000,0.000000
2015-12-31,-0.00070440,115.4989,1,0.032910,199.502380,-0.01250975,77.4526,0,0.000000,0.000000
2016-01-04,-0.00481191,115.0177,1,0.035151,220.206310,-0.00384232,77.0684,0,0.000000,0.000000
2016-01-05,-0.00728488,114.2892,1,0.026948,180.807260,0.01399224,78.4676,0,0.000000,0.000000
2016-01-06,0.00299900,114.5891,1,0.035620,220.506800,0.01740961,80.2086,1,0.046599,240.090391
2016-01-07,-0.00767030,113.8221,0,0.000000,0.000000,-0.00602553,79.6060,0,0.000000,0.000000
2016-01-08,-0.00972073,112.8500,1,0.033213,198.063601,0.00155627,79.7616,0,0.000000,0.000000
2016-01-11,0.00840503,113.6905,1,0.046877,260.064800,-0.01283494,78.4781,1,0.040374,257.275273
2016-01-12,0.00405460,114.0960,1,0.025490,178.736400,-0.00230411,78.2477,1,0.056701,359.670220
2016-01-13,-0.00943624,113.1524,1,0.032884,201.450010,-0.01985402,76.2623,1,0.059522,341.496450
2016-01-14,0.00467727,113.6201,1,0.033853,218.775020,-0.00675557,75.5868,0,0.000000,0.000000
2016-01-15,-0.00272547,113.3476,1,0.040207,222.679840,-0.00265702,75.3211,0,0.000000,0.000000
2016-01-19,0.00225780,113.5733,1,0.035690,200.817740,0.00298653,75.6197,0,0.000000,0.000000
2016-01-20,0.00104225,113.6776,1,0.047665,239.969070,0.00149999,75.7697,1,0.065131,280.424656
2016-01-21,0.00825042,114.5026,1,0.021438,160.856790,0.01180201,76.9499,1,0.080559,339.193310
2016-01-22,0.00158241,114.6609,1,0.038119,220.464740,-0.00080079,76.8698,1,0.042529,301.717660
2016-01-25,0.00954707,115.6156,1,0.046793,244.363480,0.00859036,77.7289,0,0.000000,0.000000
2016-01-26,-0.00354714,115.2608,1,0.050154,257.531500,0.01322023,79.0509,0,0.000000,0.000000
2016-01-27,0.00692319,115.9532,1,0.053761,324.363480,0.00042555,79.0935,0,0.000000,0.000000
2016-01-28,-0.00885711,115.0675,1,0.075341,318.652220,0.01429133,80.5226,1,0.064657,302.537263
2016-01-29,-0.00818874,114.2486,1,0.048364,259.560290,-0.00651860,79.8707,1,0.049740,281.049110
2016-02-01,0.02025397,116.2740,1,0.038873,206.288590,-0.00897215,78.9735,0,0.000000,0.000000
2016-02-02,-0.00117255,116.1567,1,0.033865,202.622610,0.00852174,79.8257,1,0.070056,386.668927
2016-02-03,-0.00360304,115.7964,1,0.047704,258.253530,-0.01365142,78.4605,0,0.000000,0.000000
2016-02-04,0.02739426,118.5358,1,0.056284,262.377480,-0.02440024,76.0205,1,0.066434,379.253670
2016-02-05,0.01157122,119.6930,1,0.030748,200.309070,-0.01814762,74.2058,1,0.060232,358.963370
2016-02-08,0.00834156,120.5271,0,0.000000,0.000000,0.02793718,76.9995,1,0.062672,356.924990
2016-02-09,0.01388169,121.9153,1,0.050581,274.604923,-0.02101466,74.8980,1,0.040456,259.712770
2016-02-10,0.00279572,122.1949,1,0.056488,220.501530,-0.00435565,74.4624,1,0.074415,361.743030
2016-02-11,-0.00021832,122.1730,1,0.062672,260.887180,-0.00478050,73.9844,1,0.071280,362.563230
2016-02-12,0.00414896,122.5879,1,0.071644,278.370500,0.00468504,74.4529,0,0.000000,0.000000
2016-02-16,-0.01448091,121.1398,1,0.050281,224.978260,0.00588051,75.0409,0,0.000000,0.000000
2016-02-17,-0.00563118,120.5767,1,0.041798,185.251250,0.01894543,76.9355,0,0.000000,0.000000
2016-02-18,0.01197781,121.7745,1,0.038909,163.877120,-0.00188189,76.7473,0,0.000000,0.000000
2016-02-19,-0.00606535,121.1680,1,0.040675,240.289490,0.00590149,77.3375,1,0.056851,307.732916
2016-02-22,-0.00150134,121.0178,0,0.000000,0.000000,-0.00896177,76.4413,1,0.062427,321.422280
2016-02-23,0.00865617,121.8834,1,0.046013,223.790238,-0.00642014,75.7993,0,0.000000,0.000000
2016-02-24,-0.01336350,120.5471,1,0.030350,180.293550,0.00580438,76.3797,1,0.068502,342.229174
2016-02-25,0.01883049,122.4301,1,0.041131,201.078480,-0.02955425,73.4243,1,0.045835,262.726400
2016-02-26,-0.00620080,121.8101,1,0.023680,104.092680,0.01453454,74.8777,0,0.000000,0.000000
2016-02-29,0.00311984,122.1220,1,0.026566,122.017360,-0.01104298,73.7734,1,0.050898,241.731380
2016-03-01,-0.00643001,121.4790,1,0.034301,219.900110,-0.00829136,72.9443,1,0.057186,358.291520
2016-03-02,-0.01612237,119.8668,1,0.042967,225.518680,0.00979517,73.9238,0,0.000000,0.000000
2016-03-03,0.00169064,120.0359,1,0.038096,202.783710,0.00009002,73.9328,1,0.055218,288.206191
2016-03-04,-0.00178273,119.8576,1,0.043913,241.930880,-0.00150550,73.7823,1,0.050490,301.619460
2016-03-07,0.00341531,120.1991,1,0.022949,120.664160,-0.01786269,71.9960,1,0.058479,320.631800
2016-03-08,-0.01617134,118.5820,1,0.036134,162.389100,-0.01972366,70.0236,1,0.080296,322.971670
2016-03-09,-0.00163331,118.4187,1,0.026781,141.377940,0.00828566,70.8522,0,0.000000,0.000000
2016-03-10,-0.00104540,118.3141,1,0.032760,161.433230,-0.00918381,69.9338,1,0.046391,219.882592
2016-03-11,0.01143467,119.4576,1,0.033713,200.983940,-0.01080651,68.8532,1,0.057541,300.999810
2016-03-14,-0.00616162,118.8414,0,0.000000,0.000000,0.00472498,69.3257,0,0.000000,0.000000
2016-03-15,-0.01021652,117.8198,0,0.000000,0.000000,0.00457116,69.7828,1,0.042544,263.574435
2016-03-16,-0.00292212,117.5276,0,0.000000,0.000000,-0.00805631,68.9771,1,0.054981,280.708320
2016-03-17,-0.00868168,116.6594,0,0.000000,0.000000,-0.00883024,68.0941,1,0.073214,362.563290
2016-03-18,0.01158213,117.8176,0,0.000000,0.000000,-0.01176177,66.9179,1,0.060737,320.835290
2016-03-21,0.00729310,118.5469,0,0.000000,0.000000,-0.00136348,66.7816,1,0.068648,361.195620
2016-03-22,0.00071603,118.6185,1,0.031157,226.494475,0.00022911,66.8045,1,0.060159,340.202460
2016-03-23,-0.00433442,118.1851,1,0.038762,200.977960,-0.00848435,65.9561,1,0.048355,300.819930
2016-03-24,0.00788399,118.9735,1,0.035211,199.605060,0.00231567,66.1876,1,0.053793,339.092180
2016-03-28,-0.00257126,118.7164,1,0.038616,181.511670,-0.00291102,65.8965,1,0.061152,300.337620
2016-03-29,0.00039320,118.7557,1,0.049820,181.359610,0.00648351,66.5449,1,0.085309,360.451650
2016-03-30,0.00387201,119.1429,1,0.038779,183.193920,-0.00006239,66.5386,0,0.000000,0.000000
2016-03-31,0.00439917,119.5828,1,0.050923,240.769500,-0.01456698,65.0820,1,0.067158,323.161946
2016-04-01,0.00026269,119.6091,1,0.042021,241.364700,-0.00839549,64.2424,1,0.069129,360.386380
2016-04-04,-0.00341664,119.2674,1,0.053874,261.890910,-0.00718777,63.5236,0,0.000000,0.000000
2016-04-05,0.00171112,119.4385,1,0.053248,278.614750,0.00127676,63.6513,0,0.000000,0.000000
2016-04-06,-0.00232293,119.2062,1,0.053363,298.143680,0.00080776,63.7321,0,0.000000,0.000000
2016-04-07,0.00510610,119.7168,1,0.035090,222.144670,0.00846460,64.5785,0,0.000000,0.000000
2016-04-08,0.00225023,119.9418,1,0.047237,259.715520,0.00675623,65.2542,0,0.000000,0.000000
2016-04-11,0.00000355,119.9422,1,0.052985,261.321220,0.00056649,65.3108,1,0.053421,259.835981
2016-04-12,0.00462766,120.4050,1,0.043974,220.615260,-0.01196900,64.1139,1,0.054320,280.425850
2016-04-13,0.00532891,120.9379,1,0.029179,202.522600,0.02385083,66.4990,0,0.000000,0.000000
2016-04-14,-0.01107563,119.8303,1,0.041563,243.612490,0.00361712,66.8607,1,0.035418,225.614425
2016-04-15,-0.00635066,119.1952,1,0.038866,220.741340,0.00135757,66.9965,1,0.041403,279.895750
2016-04-18,-0.00112672,119.0826,1,0.045722,240.993520,0.00056772,67.0532,1,0.048138,281.505620
2016-04-19,-0.00108065,118.9745,1,0.044405,261.142230,0.00334344,67.3876,0,0.000000,0.000000
2016-04-20,0.00097613,119.0721,1,0.053837,261.306380,-0.00383625,67.0040,1,0.043305,262.632102
2016-04-21,-0.01590020,117.4821,1,0.048730,321.370190,0.01489500,68.4935,1,0.047440,321.369000
2016-04-22,0.00334865,117.8170,1,0.051515,338.369970,-0.00056118,68.4373,1,0.043908,260.839020
2016-04-25,-0.00482092,117.3349,1,0.050522,301.854960,-0.00406162,68.0312,1,0.055742,341.448950
2016-04-26,0.01059713,118.3946,1,0.046987,279.836010,-0.01029745,67.0014,1,0.044865,279.712860
2016-04-27,0.00885989,119.2806,1,0.045621,222.030060,-0.01054075,65.9474,0,0.000000,0.000000
2016-04-28,-0.00439891,118.8407,1,0.070351,320.544750,-0.00109578,65.8378,1,0.068428,362.778523
2016-04-29,-0.00180275,118.6604,1,0.058235,357.525320,0.00323309,66.1611,1,0.058091,299.003710
2016-05-02,-0.00455341,118.2051,1,0.046181,298.912680,0.00529344,66.6904,0,0.000000,0.000000
2016-05-03,0.00672526,118.8776,1,0.068374,321.567440,0.00710304,67.4007,0,0.000000,0.000000
2016-05-04,0.00560355,119.4379,1,0.057815,259.043580,0.00759953,68.1607,1,0.071357,338.362907
2016-05-05,0.00043215,119.4812,1,0.044615,279.591650,0.00005657,68.1663,1,0.045063,280.885110
2016-05-06,-0.00702950,118.7782,1,0.036970,220.174290,0.00550267,68.7166,1,0.066953,361.044440
2016-05-09,-0.00279241,118.4990,1,0.033241,221.942180,-0.00914229,67.8024,1,0.061679,301.651740
2016-05-10,-0.00976050,117.5229,1,0.044030,240.517260,0.00448048,68.2504,1,0.071232,360.696590
2016-05-11,-0.00293914,117.2290,1,0.052024,280.263140,-0.00746406,67.5040,0,0.000000,0.000000
2016-05-12,0.00054112,117.2831,1,0.043098,280.311670,-0.00871623,66.6324,1,0.059443,359.091893
2016-05-13,-0.00384203,116.8989,1,0.032793,240.700030,-0.00841436,65.7910,1,0.053516,319.864380
2016-05-16,-0.00126573,116.7723,1,0.028183,200.197150,-0.00747405,65.0436,0,0.000000,0.000000
2016-05-17,-0.00032764,116.7396,1,0.026844,182.285290,0.00328455,65.3720,0,0.000000,0.000000
2016-05-18,-0.00187759,116.5518,1,0.044869,220.656080,0.00851446,66.2235,1,0.060524,300.478417
2016-05-19,0.00626076,117.1779,1,0.039964,180.838150,-0.01994808,64.2286,1,0.034158,240.600530
2016-05-20,0.00376676,117.5546,1,0.037054,219.682000,-0.01309467,62.9192,1,0.067337,379.399270
2016-05-23,0.00203506,117.7581,1,0.040044,261.945070,-0.00379458,62.5397,0,0.000000,0.000000
2016-05-24,0.00018036,117.7761,1,0.024974,140.614810,-0.00999415,61.5403,1,0.059485,361.484915
2016-05-25,-0.00454857,117.3212,1,0.050337,302.920870,0.01242023,62.7823,0,0.000000,0.000000
2016-05-26,0.00059453,117.3807,1,0.037157,242.269460,-0.00549874,62.2325,1,0.040614,284.525433
2016-05-27,-0.00003488,117.3772,1,0.036038,220.524130,-0.00565701,61.6668,1,0.055321,340.085020
2016-05-31,-0.00116904,117.2603,1,0.046704,281.134790,0.00071863,61.7386,0,0.000000,0.000000
2016-06-01,-0.00452109,116.8082,1,0.031209,180.956900,-0.00922478,60.8161,1,0.053898,342.009783
2016-06-02,-0.00255064,116.5531,1,0.041264,281.490080,0.00871686,61.6878,1,0.059174,320.721420
2016-06-03,0.00092150,116.6453,1,0.038790,221.346220,-0.00875713,60.8121,1,0.045413,261.573060
2016-06-06,0.00874032,117.5193,1,0.017058,160.174180,-0.00239108,60.5730,1,0.039318,319.701320
2016-06-07,-0.00300905,117.2184,1,0.049035,281.509650,-0.00710339,59.8627,1,0.053029,321.620630
2016-06-08,0.00079739,117.2981,1,0.045611,261.729710,-0.00090844,59.7718,1,0.059864,381.374930
2016-06-09,0.00185921,117.4841,1,0.031389,201.003570,-0.01148995,58.6228,1,0.047845,280.617060
2016-06-10,-0.00578645,116.9054,1,0.038735,280.678830,0.00110920,58.7337,1,0.050260,361.029630
2016-06-13,0.00675034,117.5805,1,0.028096,200.039870,0.00489828,59.2236,0,0.000000,0.000000
2016-06-14,0.00228370,117.8088,0,0.000000,0.000000,0.00422625,59.6462,0,0.000000,0.000000
2016-06-15,-0.01082236,116.7266,0,0.000000,0.000000,-0.01053892,58.5923,1,0.038472,257.360512
2016-06-16,0.00743453,117.4700,1,0.036737,219.919103,0.00310396,58.9027,1,0.053884,340.627760
2016-06-17,-0.01341811,116.1282,0,0.000000,0.000000,-0.00501505,58.4012,1,0.050715,321.034180
2016-06-20,0.00393823,116.5221,1,0.040517,240.518800,-0.01356860,57.0443,1,0.062500,340.983770
2016-06-21,-0.00009018,116.5130,1,0.031998,202.210100,0.01103279,58.1476,0,0.000000,0.000000
2016-06-22,0.00895519,117.4086,1,0.036691,220.052260,-0.00709669,57.4379,1,0.059089,223.861757
2016-06-23,-0.01012704,116.3959,1,0.051384,240.079890,0.00663466,58.1014,1,0.065924,360.219200
2016-06-24,0.00344542,116.7404,1,0.048488,303.118380,-0.00543743,57.5577,0,0.000000,0.000000
2016-06-27,0.01225705,117.9661,0,0.000000,0.000000,-0.01363435,56.1942,0,0.000000,0.000000
2016-06-28,0.00415056,118.3812,1,0.047544,292.737557,-0.01027347,55.1669,0,0.000000,0.000000
2016-06-29,0.00655914,119.0371,1,0.041936,284.469080,0.00584874,55.7518,0,0.000000,0.000000
2016-06-30,-0.00437017,118.6001,1,0.046597,282.778170,0.00236333,55.9881,0,0.000000,0.000000
2016-07-01,-0.00372546,118.2275,1,0.031506,183.382440,0.00295904,56.2840,0,0.000000,0.000000
2016-07-05,0.01009288,119.2368,1,0.040782,240.406520,0.00153788,56.4378,1,0.051392,319.124042
2016-07-06,-0.00313539,118.9233,1,0.055449,296.638070,-0.00381467,56.0563,1,0.049577,320.138560
2016-07-07,-0.01594305,117.3290,1,0.051635,281.471070,-0.00438021,55.6183,1,0.052941,340.696650
2016-07-08,-0.00945949,116.3830,1,0.036089,200.358170,0.00816829,56.4351,1,0.053131,299.601800
2016-07-11,0.01068938,117.4519,1,0.050772,263.834280,0.01150496,57.5856,0,0.000000,0.000000
2016-07-12,-0.00682565,116.7694,1,0.048235,301.273550,0.01689999,59.2756,1,0.039951,265.411804
2016-07-13,0.00892709,117.6621,1,0.036071,223.110530,-0.00579225,58.6964,1,0.035455,223.290830
2016-07-14,0.00690052,118.3521,1,0.056238,360.058940,-0.00045073,58.6513,1,0.044623,340.669750
2016-07-15,-0.00180981,118.1712,1,0.048641,281.144190,0.00323226,58.9746,1,0.047694,340.494990
2016-07-18,-0.00372556,117.7986,1,0.046126,200.218800,-0.00095865,58.8787,1,0.058515,280.616280
2016-07-19,0.00697433,118.4960,1,0.044877,261.198230,-0.00904890,57.9738,1,0.058750,320.588510
2016-07-20,0.00417003,118.9130,1,0.038847,220.629430,-0.00634653,57.3391,1,0.060883,399.226180
2016-07-21,-0.01071880,117.8412,1,0.043610,261.752710,0.01635716,58.9749,1,0.037144,321.493670
2016-07-22,-0.00319879,117.5213,1,0.034499,240.866290,0.00490954,59.4658,1,0.042356,281.287080
2016-07-25,0.00193426,117.7147,1,0.039124,242.050440,-0.00181615,59.2842,0,0.000000,0.000000
2016-07-26,-0.00110387,117.6043,1,0.047537,319.785410,0.01396716,60.6809,1,0.057224,361.167506
2016-07-27,-0.00638683,116.9656,1,0.021223,203.437430,0.01753417,62.4343,1,0.033623,283.264900
2016-07-28,0.00712046,117.6777,0,0.000000,0.000000,-0.00907376,61.5270,1,0.037696,201.293160
2016-07-29,0.00347227,118.0249,1,0.036323,260.664498,0.00276667,61.8036,1,0.045693,302.027740
2016-08-01,0.00517076,118.5420,1,0.031724,220.334030,-0.00280498,61.5231,1,0.044518,341.052060
2016-08-02,0.01935392,120.4774,1,0.039738,279.647040,-0.01219473,60.3037,1,0.056683,320.140500
2016-08-03,-0.00205651,120.2717,1,0.052251,280.100290,-0.00415702,59.8880,0,0.000000,0.000000
2016-08-04,0.00082687,120.3544,1,0.039973,242.417760,-0.00263030,59.6249,1,0.063620,340.872637
2016-08-05,0.00804986,121.1594,1,0.040514,261.127580,0.00759604,60.3845,1,0.062276,360.234310
2016-08-08,0.00382599,121.5420,1,0.047071,262.219780,-0.00339890,60.0446,1,0.054670,322.189480
2016-08-09,0.00028500,121.5705,1,0.038950,260.573490,0.01475384,61.5200,1,0.054286,339.968100
2016-08-10,-0.00141608,121.4289,1,0.042678,259.990850,0.00131515,61.6515,1,0.035815,281.914390
2016-08-11,-0.01025493,120.4034,1,0.039823,240.088290,0.00633493,62.2850,1,0.041547,261.886270
2016-08-12,-0.00599465,119.8039,1,0.033835,241.362230,0.00516360,62.8014,1,0.043770,301.386960
2016-08-15,-0.01200921,118.6030,1,0.026271,160.387090,-0.00661995,62.1394,1,0.036195,280.605910
2016-08-16,-0.00032563,118.5704,1,0.029243,221.366910,0.00480544,62.6199,1,0.050456,321.669640
2016-08-17,0.00283702,118.8541,1,0.036258,240.100260,-0.00898049,61.7219,0,0.000000,0.000000
2016-08-18,0.00755208,119.6094,1,0.042512,240.913740,-0.00114132,61.6078,1,0.043652,319.277709
2016-08-19,-0.00434061,119.1753,1,0.027091,181.377940,-0.00194480,61.4133,1,0.048050,340.811900
2016-08-22,-0.00137140,119.0382,1,0.033290,260.786210,-0.01311380,60.1019,1,0.042620,320.441370
2016-08-23,0.00401139,119.4393,1,0.035851,240.470290,-0.00386584,59.7153,1,0.056434,400.410820
2016-08-24,0.00159607,119.5989,1,0.020113,181.373470,-0.00450880,59.2644,1,0.052810,341.122610
2016-08-25,0.00325239,119.9241,1,0.041341,299.239860,-0.00074332,59.1901,0,0.000000,0.000000
2016-08-26,0.00092275,120.0164,1,0.026255,200.883240,0.00542651,59.7328,1,0.060239,359.865454
2016-08-29,-0.00021406,119.9950,1,0.040786,240.453130,-0.00025876,59.7069,1,0.045226,280.045050
2016-08-30,-0.00689658,119.3054,1,0.039488,221.266980,0.00417044,60.1239,0,0.000000,0.000000
2016-08-31,-0.00054957,119.2504,1,0.030687,220.266210,0.00278011,60.4019,1,0.033189,281.609222
2016-09-01,0.00503391,119.7538,1,0.034569,220.051730,-0.01403960,58.9980,1,0.041090,319.689500
2016-09-02,0.01407425,121.1612,1,0.033845,200.025980,-0.00436532,58.5614,1,0.047722,360.907490
2016-09-06,-0.00004129,121.1571,1,0.043649,281.385090,0.00286620,58.8481,0,0.000000,0.000000
2016-09-07,-0.00501776,120.6553,1,0.045936,280.508540,-0.00057543,58.7905,1,0.048163,300.886633
2016-09-08,-0.00093905,120.5614,1,0.031605,221.183420,0.00131364,58.9219,1,0.047246,361.172660
2016-09-09,-0.01192027,119.3694,1,0.035817,299.718740,0.01011103,59.9330,1,0.046667,300.016670
2016-09-12,-0.00333651,119.0357,1,0.027291,237.880350,-0.00280531,59.6525,0,0.000000,0.000000
2016-09-13,-0.00157233,118.8785,1,0.034113,242.784220,-0.00192433,59.4600,0,0.000000,0.000000
2016-09-14,-0.00700818,118.1777,1,0.048268,278.664560,0.00587454,60.0475,0,0.000000,0.000000
2016-09-15,0.00262461,118.4401,1,0.044929,240.590130,0.00371150,60.4186,1,0.049870,277.845115
2016-09-16,-0.00375663,118.0645,1,0.038663,302.919310,0.00860508,61.2791,0,0.000000,0.000000
2016-09-19,-0.00200431,117.8640,1,0.030691,259.593580,-0.00365539,60.9136,1,0.047259,303.132298
2016-09-20,0.00761195,118.6252,1,0.038435,320.848340,-0.00160617,60.7530,1,0.050827,321.486340
2016-09-21,-0.00165302,118.4599,1,0.043582,300.162530,0.00457316,61.2103,1,0.042194,280.218710
2016-09-22,0.01152870,119.6128,1,0.036810,282.938060,0.00456289,61.6666,0,0.000000,0.000000
2016-09-23,0.00352338,119.9651,1,0.034872,241.398020,-0.00684662,60.9819,0,0.000000,0.000000
2016-09-26,-0.00060145,119.9050,1,0.040805,259.881750,-0.00061705,60.9202,1,0.048485,383.718908
2016-09-27,0.00898322,120.8033,1,0.027048,219.247060,-0.00676282,60.2439,0,0.000000,0.000000
2016-09-28,0.00196426,120.9997,1,0.034974,240.718830,-0.00302260,59.9417,0,0.000000,0.000000
2016-09-29,0.00224178,121.2239,1,0.035102,201.091220,-0.00832459,59.1092,1,0.047839,360.886653
2016-09-30,-0.00960966,120.2630,1,0.050576,279.076820,0.00306392,59.4156,0,0.000000,0.000000
2016-10-03,0.00345608,120.6086,1,0.038992,242.273090,0.01091957,60.5076,1,0.043553,320.985403
2016-10-04,-0.00086012,120.5226,1,0.034022,239.544220,-0.00004232,60.5033,1,0.027602,240.709570
2016-10-05,0.00534962,121.0575,1,0.044958,319.526930,-0.00116234,60.3871,1,0.041054,319.637610
2016-10-06,0.00234932,121.2924,1,0.050488,321.194780,-0.00595074,59.7920,1,0.045664,301.094500
2016-10-07,-0.00283258,121.0092,1,0.049548,340.576080,-0.00586043,59.2060,1,0.050843,380.342270
2016-10-10,0.00253401,121.2626,1,0.042359,259.693490,0.00197438,59.4034,1,0.041902,319.150820
2016-10-11,-0.00525874,120.7367,1,0.035594,281.568440,0.00204944,59.6084,1,0.046926,301.490660
2016-10-12,-0.00053787,120.6829,1,0.043567,258.370800,0.00201259,59.8096,0,0.000000,0.000000
2016-10-13,-0.02138439,118.5445,1,0.043849,260.250880,0.01176229,60.9858,1,0.041921,299.423432
2016-10-14,0.00701115,119.2456,1,0.033435,220.313110,0.00020035,61.0059,1,0.041805,280.263090
2016-10-17,-0.01161297,118.0843,1,0.054527,339.721890,0.01106426,62.1123,1,0.051724,300.349100
2016-10-18,-0.00156996,117.9273,1,0.040416,280.468830,-0.00100266,62.0120,1,0.034546,260.909110
2016-10-19,-0.01461115,116.4662,1,0.036455,281.736380,0.00851196,62.8632,1,0.045224,341.455000
2016-10-20,-0.00033142,116.4331,1,0.023462,201.729360,-0.00069319,62.7939,1,0.031179,261.664680
2016-10-21,0.00363410,116.7965,1,0.027070,200.242480,0.00011548,62.8055,1,0.038942,300.717160
2016-10-24,0.00520967,117.3174,1,0.035563,220.295280,-0.00340081,62.4654,1,0.059661,319.815890
2016-10-25,0.01662294,118.9797,1,0.039586,261.268590,-0.01553412,60.9120,1,0.044242,321.701320
2016-10-26,0.00039412,119.0191,1,0.040668,238.788540,-0.00181563,60.7304,1,0.044533,338.409470
2016-10-27,0.00447299,119.4664,1,0.035811,260.843020,0.00310716,61.0411,1,0.041364,320.038570
2016-10-28,0.00443639,119.9101,1,0.036901,219.961630,-0.00809854,60.2313,1,0.032824,260.294700
2016-10-31,-0.00917393,118.9927,1,0.040563,260.006980,-0.00420584,59.8107,1,0.044574,320.328030
2016-11-01,0.00595839,119.5885,1,0.031111,201.972170,0.00839009,60.6497,0,0.000000,0.000000
2016-11-02,-0.00677266,118.9113,1,0.030026,240.071250,0.00098530,60.7482,1,0.057830,341.309791
2016-11-03,-0.00738020,118.1732,1,0.034690,200.570420,-0.00065086,60.6831,0,0.000000,0.000000
2016-11-04,0.00822383,118.9956,1,0.042077,240.480750,-0.01354743,59.3284,1,0.040873,298.652657
2016-11-07,0.00339246,119.3349,1,0.034684,240.403260,-0.00234939,59.0935,1,0.047569,341.244410
2016-11-08,-0.00322244,119.0126,1,0.041344,244.538430,0.00544927,59.6384,0,0.000000,0.000000
2016-11-09,0.01767722,120.7803,1,0.031088,222.021060,-0.04501316,55.1371,1,0.038866,266.544063
2016-11-10,-0.01912609,118.8677,1,0.030869,241.308130,0.02494290,57.6314,1,0.058120,361.548130
2016-11-11,0.00654004,119.5217,1,0.027276,182.979660,0.00197269,57.8286,1,0.026841,184.148410
2016-11-14,-0.01680911,117.8408,1,0.033441,240.371060,0.01170847,58.9995,1,0.053453,320.700330
2016-11-15,-0.00147165,117.6937,1,0.032805,243.935630,-0.00089001,58.9105,1,0.045041,283.668980
2016-11-16,0.00955399,118.6491,1,0.029321,181.474160,-0.00213311,58.6972,1,0.040411,302.554380
2016-11-17,-0.00933290,117.7158,1,0.036050,220.076080,-0.00763993,57.9332,1,0.056833,319.890440
2016-11-18,-0.01363250,116.3525,1,0.027550,182.354100,0.00200948,58.1341,1,0.050542,381.783920
2016-11-21,-0.00084761,116.2678,1,0.032801,220.699300,0.00535617,58.6697,1,0.042613,300.602110
2016-11-22,0.00539075,116.8068,1,0.027015,221.673240,-0.00664661,58.0051,0,0.000000,0.000000
2016-11-23,0.00452153,117.2590,1,0.021927,161.674770,-0.00385702,57.6194,1,0.046452,324.148820
2016-11-25,-0.00472831,116.7862,1,0.026281,200.985580,-0.00975763,56.6436,1,0.045693,321.859510
2016-11-28,0.00066775,116.8529,1,0.036785,200.802810,0.01033665,57.6773,1,0.077865,340.591190
2016-11-29,-0.00740128,116.1128,1,0.031718,259.472840,0.00378635,58.0559,1,0.044095,299.828730
2016-11-30,0.00230137,116.3429,1,0.026103,201.092950,-0.00557595,57.4983,1,0.046155,321.241350
2016-12-01,0.00367627,116.7106,1,0.055483,338.964520,0.01863243,59.3616,1,0.049497,299.053460
2016-12-02,0.00040449,116.7510,1,0.039831,260.940190,-0.01095249,58.2663,1,0.034649,241.362560
2016-12-05,-0.00423984,116.3270,1,0.052214,260.736180,-0.00664720,57.6016,1,0.049720,340.033540
2016-12-06,-0.00159915,116.1671,1,0.038655,263.154970,-0.00001627,57.6000,1,0.045517,323.214480
2016-12-07,0.00511631,116.6788,1,0.035909,281.876120,0.00179121,57.7791,1,0.040899,321.500450
2016-12-08,0.00982258,117.6610,1,0.038852,263.151680,-0.01755941,56.0231,0,0.000000,0.000000
2016-12-09,0.00313086,117.9741,1,0.046344,301.831790,-0.00846330,55.1768,1,0.056830,382.681170
2016-12-12,-0.00185592,117.7885,1,0.035652,220.908810,0.00070586,55.2474,1,0.048544,339.993700
2016-12-13,-0.00248227,117.5403,1,0.027617,180.805320,-0.00371263,54.8761,1,0.046673,300.604750
2016-12-14,0.00254063,117.7943,1,0.048787,261.661410,0.00683871,55.5600,1,0.057039,341.670770
2016-12-15,-0.00882264,116.9121,1,0.047314,299.805790,0.01092798,56.6528,1,0.043472,320.328670
2016-12-16,0.00221169,117.1332,1,0.046661,320.379130,-0.00593045,56.0598,1,0.028025,242.778270
2016-12-19,0.00249299,117.3825,1,0.045541,319.546230,-0.00288629,55.7711,1,0.049759,340.633780
2016-12-20,-0.00097672,117.2849,1,0.030452,240.830520,0.00466699,56.2378,1,0.051981,360.614290
2016-12-21,-0.00031996,117.2529,1,0.030326,241.268480,-0.00582106,55.6557,1,0.073976,260.938540
2016-12-22,-0.00139548,117.1133,1,0.037178,279.926190,-0.00544174,55.1116,1,0.057854,379.706290
2016-12-23,-0.00295120,116.8182,1,0.033540,219.720090,0.00454355,55.5659,1,0.042715,339.295020
2016-12-27,0.00232353,117.0506,1,0.034697,240.931140,-0.00195664,55.3702,1,0.048764,321.086350
2016-12-28,-0.00051802,116.9988,1,0.031042,220.916090,0.00186378,55.5566,0,0.000000,0.000000
2016-12-29,-0.00066672,116.9321,1,0.025872,180.328340,-0.00834181,54.7224,0,0.000000,0.000000
2016-12-30,0.00257832,117.1899,1,0.028728,200.486380,-0.00097822,54.6246,1,0.058752,379.112127
2017-01-03,0.00084099,117.2740,1,0.023771,180.667740,-0.00996117,53.6285,1,0.037907,280.746290
2017-01-04,0.00473686,117.7477,1,0.031654,240.436610,0.00118165,53.7467,1,0.046175,340.230430
2017-01-05,-0.00054766,117.6929,1,0.037636,223.101920,-0.01469343,52.2773,0,0.000000,0.000000
2017-01-06,-0.00442130,117.2508,1,0.040430,260.181150,-0.00203747,52.0736,1,0.053367,402.244628
2017-01-09,-0.00243726,117.0071,1,0.036126,281.281040,0.01266122,53.3397,1,0.043238,361.305560
2017-01-10,-0.00045240,116.9618,0,0.000000,0.000000,-0.00337111,53.0026,1,0.033001,280.744520
2017-01-11,0.00368041,117.3299,1,0.049079,319.740804,0.00052467,53.0551,1,0.047843,361.251870
2017-01-12,-0.00107248,117.2226,1,0.025858,200.459540,-0.00398270,52.6568,1,0.038970,320.334250
2017-01-13,-0.00106282,117.1164,1,0.031652,240.985390,-0.00423477,52.2333,1,0.052277,360.157520
2017-01-17,0.00928928,118.0453,1,0.029592,220.159310,-0.02239788,49.9935,1,0.051348,320.617340
2017-01-18,-0.00005798,118.0395,1,0.034858,260.288380,-0.00931199,49.0623,1,0.057399,398.331220
2017-01-19,-0.00695644,117.3438,1,0.028734,221.444640,-0.00918995,48.1433,1,0.047655,360.574900
2017-01-20,0.00094317,117.4382,1,0.041143,279.496090,0.00147885,48.2912,0,0.000000,0.000000
2017-01-23,0.00050156,117.4883,1,0.035024,241.092220,-0.00470674,47.8205,1,0.036284,299.093968
2017-01-24,0.00193907,117.6822,1,0.037973,280.980400,0.00552591,48.3731,1,0.031179,280.027910
2017-01-25,0.00528878,118.2111,1,0.033332,222.118020,0.00544297,48.9174,1,0.037613,302.229910
2017-01-26,0.01203527,119.4146,1,0.035093,280.180570,-0.01875017,47.0424,1,0.039637,301.672410
2017-01-27,0.00962314,120.3769,1,0.025006,220.474760,-0.00789280,46.2531,1,0.047940,381.240280
2017-01-30,0.00207014,120.5839,1,0.036236,299.523840,0.00177769,46.4309,1,0.051241,320.208440
2017-01-31,-0.00742440,119.8415,1,0.039500,219.616250,0.00833461,47.2644,0,0.000000,0.000000
2017-02-01,-0.01501370,118.3401,1,0.032110,240.429720,-0.00460253,46.8041,1,0.038813,259.243292
2017-02-02,-0.00864206,117.4759,1,0.030026,201.424780,-0.01193280,45.6108,1,0.046330,360.084080
2017-02-03,0.00960718,118.4367,1,0.041622,259.928140,-0.00623484,44.9873,1,0.060584,400.719330
2017-02-06,-0.01860212,116.5764,1,0.035532,242.010780,-0.01557184,43.4302,1,0.050314,321.946820
2017-02-07,0.00356888,116.9333,1,0.045462,261.504660,-0.00340630,43.0895,1,0.039660,341.073030
2017-02-08,-0.00307202,116.6261,1,0.065192,220.738290,-0.00320682,42.7688,1,0.073832,380.152950
2017-02-09,-0.00794367,115.8318,1,0.033037,281.760750,0.00228769,42.9976,1,0.039601,301.199590
2017-02-10,-0.00334527,115.4972,1,0.038227,283.146910,0.00079056,43.0767,1,0.046324,322.729850
2017-02-13,0.00320055,115.8173,1,0.031425,241.942480,-0.00101873,42.9748,1,0.052313,341.972400
2017-02-14,-0.00755171,115.0621,1,0.031341,241.825920,0.00860912,43.8357,1,0.043198,340.755240
2017-02-15,-0.00618638,114.4435,1,0.023898,180.518310,0.00383502,44.2192,1,0.030588,261.269030
2017-02-16,0.01533940,115.9774,1,0.022120,180.930100,-0.01327988,42.8912,1,0.041148,261.881430
2017-02-17,-0.01064140,114.9133,0,0.000000,0.000000,-0.01142607,41.7486,1,0.048737,340.819680
2017-02-21,-0.00044981,114.8683,1,0.026391,220.104336,-0.00643666,41.1050,1,0.068656,340.171830
2017-02-22,0.00515452,115.3837,1,0.030328,261.555090,-0.00078348,41.0266,0,0.000000,0.000000
2017-02-23,-0.00244959,115.1388,1,0.030629,259.683820,-0.00288298,40.7383,1,0.058718,361.437335
2017-02-24,0.00454296,115.5931,1,0.030514,221.010910,0.00187726,40.9260,1,0.046354,301.216000
2017-02-27,0.00547670,116.1408,0,0.000000,0.000000,-0.00732182,40.1938,1,0.044582,321.827280
2017-02-28,-0.00663056,115.4777,1,0.048086,322.452389,-0.00400650,39.7932,1,0.069450,380.639520
2017-03-01,-0.00993464,114.4842,1,0.038034,240.377790,-0.01173417,38.6198,1,0.052427,339.168120
2017-03-02,0.00974034,115.4583,1,0.030796,204.007430,0.00773989,39.3938,0,0.000000,0.000000
2017-03-03,0.00415612,115.8739,1,0.035128,259.395650,-0.01076353,38.3174,1,0.039253,262.073877
2017-03-06,-0.00007057,115.8668,1,0.043247,280.095640,-0.00155454,38.1620,1,0.046724,380.526960
2017-03-07,-0.00930073,114.9368,1,0.034693,259.893850,0.00697471,38.8594,0,0.000000,0.000000
2017-03-08,-0.00409659,114.5271,1,0.038799,260.222140,0.00360995,39.2204,1,0.039415,299.566113
2017-03-09,-0.00499516,114.0276,1,0.027746,180.969440,0.00264299,39.4847,1,0.044111,300.736450
2017-03-10,0.00006906,114.0345,1,0.032124,260.349750,-0.00038723,39.4460,1,0.045923,300.458870
2017-03-13,0.00233554,114.2680,0,0.000000,0.000000,0.00344513,39.7905,1,0.047687,321.091160
2017-03-14,0.00343541,114.6116,0,0.000000,0.000000,0.00855703,40.6462,1,0.037317,281.060200
2017-03-15,0.00583732,115.1953,1,0.035798,281.899807,0.00156283,40.8025,1,0.032847,240.704700
2017-03-16,0.00722375,115.9177,1,0.035595,222.546870,0.00561265,41.3638,0,0.000000,0.000000
2017-03-17,0.00493352,116.4110,1,0.026498,200.692950,-0.00694649,40.6691,1,0.050509,323.246006
2017-03-20,-0.00331611,116.0794,1,0.029551,260.711270,-0.00115863,40.5533,1,0.041273,340.682560
2017-03-21,-0.00495160,115.5843,1,0.026340,180.467980,-0.01276963,39.2763,1,0.040873,299.464790
2017-03-22,-0.00077122,115.5071,1,0.028802,180.257600,0.00153582,39.4299,0,0.000000,0.000000
2017-03-23,0.00317416,115.8246,0,0.000000,0.000000,-0.00541871,38.8880,1,0.040651,260.019811
2017-03-24,0.00066802,115.8914,1,0.022138,161.790117,-0.00086145,38.8019,1,0.055885,361.236880
2017-03-27,0.00707402,116.5988,1,0.024338,160.203000,0.01206060,40.0079,1,0.042710,281.263020
2017-03-28,0.00248445,116.8472,1,0.041395,260.985420,0.00103454,40.1114,1,0.040206,280.962690
2017-03-29,-0.00135342,116.7119,1,0.033502,262.136400,0.00748134,40.8595,0,0.000000,0.000000
2017-03-30,0.00098660,116.8105,1,0.026580,220.004620,-0.01059538,39.8000,1,0.033128,261.991612
2017-03-31,0.00783158,117.5937,1,0.038032,261.284560,-0.01079849,38.7201,1,0.041599,340.271990
2017-04-03,0.00588789,118.1825,1,0.044441,300.407370,-0.00003461,38.7167,1,0.056211,360.511050
2017-04-04,0.00251349,118.4338,1,0.038731,240.943930,-0.00561791,38.1549,1,0.060041,339.868850
2017-04-05,-0.00652829,117.7810,0,0.000000,0.000000,-0.00418379,37.7365,1,0.062649,300.151850
2017-04-06,0.00578711,118.3597,0,0.000000,0.000000,-0.01228740,36.5078,1,0.047500,319.851010
2017-04-07,0.00774424,119.1341,1,0.040226,320.280479,-0.00385705,36.1220,1,0.059395,401.897020
2017-04-10,-0.00032631,119.1015,1,0.056261,379.448710,-0.01044320,35.0777,1,0.047680,319.667050
2017-04-11,-0.00363267,118.7382,1,0.032497,240.347330,-0.00129527,34.9482,1,0.047507,340.689680
2017-04-12,-0.00264416,118.4738,1,0.047856,320.885610,0.00473923,35.4221,1,0.034177,280.865300
2017-04-13,0.00156504,118.6303,1,0.035366,200.625880,0.00295998,35.7181,1,0.040262,239.879480
2017-04-17,0.00366491,118.9968,1,0.025129,180.657030,-0.00321529,35.3966,0,0.000000,0.000000
2017-04-18,-0.00021919,118.9749,1,0.022489,162.004400,-0.00078806,35.3178,0,0.000000,0.000000
2017-04-19,-0.00018920,118.9560,1,0.031810,200.719290,-0.00362613,34.9552,1,0.044223,300.045083
2017-04-20,-0.00600927,118.3550,1,0.023337,180.933610,0.00831505,35.7867,1,0.041555,321.101430
2017-04-21,0.00852200,119.2072,0,0.000000,0.000000,-0.00361616,35.4251,1,0.039626,302.535860
2017-04-24,-0.00461111,118.7461,1,0.032151,242.012477,-0.00036444,35.3886,1,0.046074,299.644430
2017-04-25,-0.00162937,118.5832,1,0.029407,222.970400,0.00250964,35.6396,0,0.000000,0.000000
2017-04-26,0.00730319,119.3135,1,0.027251,220.698610,-0.00539291,35.1003,1,0.037181,302.892277
2017-04-27,0.00698739,120.0123,1,0.038271,260.862390,0.01031761,36.1321,1,0.050769,340.929190
2017-04-28,0.00287809,120.3001,1,0.033091,260.149230,-0.00468884,35.6632,1,0.052864,361.722450
2017-05-01,-0.00096907,120.2032,1,0.048667,299.381800,-0.00205316,35.4579,1,0.041796,339.550140
2017-05-02,-0.00862933,119.3402,1,0.054263,281.566580,0.00166554,35.6244,1,0.044306,321.216840
2017-05-03,0.00021050,119.3613,1,0.036840,263.995170,-0.00692323,34.9321,1,0.053903,343.566080
2017-05-04,0.00141957,119.5032,1,0.059723,359.980290,0.00918120,35.8502,1,0.057950,359.586240
2017-05-05,0.00250188,119.7534,1,0.048912,301.081600,0.00139180,35.9894,1,0.047710,321.755450
2017-05-08,0.00028644,119.7821,1,0.038376,302.665600,0.00151570,36.1410,1,0.046250,321.713690
2017-05-09,-0.00183645,119.5984,1,0.043945,299.968460,0.00316123,36.4571,1,0.041777,279.816460
2017-05-10,0.00395871,119.9943,1,0.033129,280.737340,-0.00099609,36.3575,1,0.033729,280.939780
2017-05-11,0.00377242,120.3715,1,0.031788,240.575400,-0.00395361,35.9621,1,0.053531,340.654620
2017-05-12,-0.00414252,119.9573,1,0.040282,279.866590,0.00264852,36.2270,1,0.041458,319.549690
2017-05-15,-0.00041538,119.9157,1,0.028928,239.429150,-0.00945259,35.2817,1,0.051209,300.753470
2017-05-16,-0.00908657,119.0071,1,0.019327,141.157810,0.00768436,36.0501,0,0.000000,0.000000
2017-05-17,0.01982227,120.9893,1,0.021113,182.034650,-0.01901394,34.1487,1,0.045084,301.640237
2017-05-18,0.00158841,121.1481,1,0.035399,278.930940,-0.00191686,33.9571,0,0.000000,0.000000
2017-05-19,-0.00015527,121.1326,1,0.023397,221.031080,0.00523431,34.4805,1,0.040559,320.133798
2017-05-22,-0.00322289,120.8103,1,0.023389,181.288550,-0.00100273,34.3802,0,0.000000,0.000000
2017-05-23,0.00793045,121.6034,1,0.023385,181.415740,-0.00360712,34.0195,0,0.000000,0.000000
2017-05-24,-0.00072180,121.5312,1,0.027840,240.956990,-0.00695534,33.3240,1,0.047864,342.503706
2017-05-25,-0.00186401,121.3448,1,0.021281,161.389960,0.00486392,33.8104,1,0.051798,340.833770
2017-05-26,-0.00252743,121.0921,1,0.019303,141.295080,-0.00335697,33.4747,1,0.032977,241.443590
2017-05-30,0.00527287,121.6193,1,0.026703,200.218500,-0.00407134,33.0675,1,0.044934,339.666540
2017-05-31,0.00606025,122.2254,1,0.025425,180.965570,0.00586953,33.6545,1,0.038397,321.060420
2017-06-01,0.00492478,122.7178,1,0.038122,201.029470,-0.00716398,32.9381,1,0.041878,261.051730
2017-06-02,-0.00510039,122.2078,1,0.031549,162.681160,0.01278573,34.2167,0,0.000000,0.000000
2017-06-05,-0.00153903,122.0539,1,0.027383,220.856050,0.00221643,34.4383,1,0.033637,282.393986
2017-06-06,-0.00034471,122.0194,1,0.037401,260.478320,-0.00477495,33.9608,1,0.042855,300.358860
2017-06-07,0.00334267,122.3537,1,0.029413,240.600850,0.00226336,34.1871,1,0.041064,340.238680
2017-06-08,0.00542735,122.8964,1,0.042375,260.915820,-0.00116496,34.0706,1,0.048816,301.089480
2017-06-09,0.00366219,123.2627,1,0.035861,281.567590,0.00332786,34.4034,1,0.039184,301.811840
2017-06-12,-0.01083242,122.1794,1,0.062882,279.719160,0.02095373,36.4988,1,0.065267,301.117390
2017-06-13,-0.00361947,121.8175,1,0.047467,240.673820,-0.00503068,35.9957,1,0.025698,221.912420
2017-06-14,-0.00363732,121.4537,0,0.000000,0.000000,0.00755521,36.7513,0,0.000000,0.000000
2017-06-15,-0.00979617,120.4741,0,0.000000,0.000000,0.00322162,37.0734,1,0.043008,281.825672
2017-06-16,0.00218377,120.6925,1,0.029193,242.535005,-0.00398009,36.6754,1,0.065299,341.214550
2017-06-19,0.00766091,121.4586,1,0.054389,260.185010,-0.01228805,35.4466,1,0.058385,319.923990
2017-06-20,-0.00101112,121.3575,1,0.070512,300.849060,0.00043386,35.4900,1,0.059634,360.018520
2017-06-21,-0.00035440,121.3220,1,0.038160,239.980660,0.00494336,35.9843,1,0.037414,279.653920
2017-06-22,0.00494001,121.8160,1,0.029569,220.616820,0.00156216,36.1405,1,0.051534,300.966630
2017-06-23,-0.01397156,120.4189,1,0.022386,180.824550,0.02463518,38.6041,1,0.046732,301.203070
2017-06-26,0.00314267,120.7331,0,0.000000,0.000000,0.00690259,39.2943,1,0.039301,222.753310
2017-06-27,0.00134116,120.8673,0,0.000000,0.000000,0.00833847,40.1282,1,0.057483,281.553380
2017-06-28,-0.00124281,120.7430,0,0.000000,0.000000,-0.00211266,39.9169,0,0.000000,0.000000
2017-06-29,0.01129877,121.8729,0,0.000000,0.000000,0.01132301,41.0492,0,0.000000,0.000000
2017-06-30,0.00261740,122.1346,1,0.044180,300.138169,-0.00614569,40.4346,0,0.000000,0.000000
2017-07-03,-0.00248857,121.8857,1,0.031317,300.382420,-0.00846347,39.5883,1,0.036817,339.800162
2017-07-05,0.00490615,122.3764,1,0.071015,241.050220,-0.02047001,37.5413,1,0.084641,361.592230
2017-07-06,0.00359574,122.7359,1,0.040246,300.586790,0.00265605,37.8069,1,0.056855,359.812120
2017-07-07,0.00147405,122.8833,1,0.027905,298.349500,0.00085234,37.8921,0,0.000000,0.000000
2017-07-10,-0.00488188,122.3951,1,0.032638,262.085210,0.00220799,38.1129,0,0.000000,0.000000
2017-07-11,0.00347074,122.7422,1,0.028336,300.786550,0.00160576,38.2735,1,0.030654,301.095255
2017-07-12,-0.00273123,122.4691,1,0.032803,298.893970,0.00234551,38.5081,1,0.040829,300.511570
2017-07-13,0.00245366,122.7145,0,0.000000,0.000000,0.00403820,38.9119,0,0.000000,0.000000
2017-07-14,-0.00474020,122.2404,1,0.037260,282.438046,-0.00140926,38.7709,1,0.036976,282.663301
2017-07-17,0.00100048,122.3405,1,0.029672,261.459300,-0.00730609,38.0403,1,0.036709,301.397570
2017-07-18,-0.01068316,121.2722,1,0.032166,280.980540,-0.00275695,37.7646,1,0.044175,380.414480
2017-07-19,0.00198936,121.4711,1,0.026814,221.130190,-0.00182987,37.5817,1,0.049997,320.074840
2017-07-20,-0.00275619,121.1955,1,0.036559,281.246670,0.01390373,38.9720,0,0.000000,0.000000
2017-07-21,0.00083643,121.2791,1,0.037067,300.330040,-0.00144361,38.8277,1,0.031721,202.456618
2017-07-24,0.00233549,121.5127,1,0.032101,279.763610,-0.00797449,38.0302,1,0.034559,280.849160
2017-07-25,-0.00996474,120.5162,1,0.034314,280.628470,0.00536739,38.5670,1,0.041331,359.842490
2017-07-26,0.00450223,120.9664,1,0.028397,260.920660,0.00679700,39.2467,1,0.036090,321.237090
2017-07-27,0.00526733,121.4932,1,0.035537,280.245480,-0.00573040,38.6736,1,0.043420,320.899130
2017-07-28,-0.00251182,121.2420,1,0.053042,300.173290,-0.01411674,37.2619,1,0.046084,359.416660
2017-07-31,0.00426908,121.6689,1,0.029302,240.433520,-0.00905313,36.3566,1,0.050643,399.019610
2017-08-01,-0.00738942,120.9299,1,0.076152,299.565710,-0.00676626,35.6800,1,0.064826,358.964890
2017-08-02,-0.00341095,120.5889,1,0.064345,259.845070,0.00034575,35.7146,1,0.073725,360.660360
2017-08-03,0.00454298,121.0431,1,0.037112,258.771750,-0.00290209,35.4244,1,0.049049,320.122720
2017-08-04,-0.00829729,120.2134,1,0.060409,339.080310,0.00452888,35.8773,1,0.048742,340.144420
2017-08-07,0.00754547,120.9680,1,0.069423,280.304900,0.00625215,36.5025,1,0.038355,321.303850
2017-08-08,0.00942769,121.9107,1,0.037111,221.963550,0.02560945,39.0634,1,0.048265,282.144890
2017-08-09,-0.00845456,121.0653,1,0.024816,201.628820,-0.00645415,38.4180,1,0.027695,242.985470
2017-08-10,-0.00543004,120.5223,1,0.020834,160.728060,0.00897865,39.3159,1,0.055005,359.485560
2017-08-11,-0.00111711,120.4106,1,0.040011,219.840890,0.00473688,39.7896,0,0.000000,0.000000
2017-08-14,-0.00122388,120.2882,1,0.047048,221.220620,-0.00595826,39.1937,1,0.053486,298.705918
2017-08-15,0.00011486,120.2997,1,0.035604,262.153480,-0.00075205,39.1185,0,0.000000,0.000000
2017-08-16,0.00304266,120.6039,1,0.048614,221.113550,-0.00396302,38.7222,1,0.055322,302.436120
2017-08-17,-0.01081485,119.5224,1,0.033725,260.796220,-0.01879947,36.8423,1,0.035657,320.939900
2017-08-18,0.00221944,119.7444,1,0.028346,220.220580,-0.00405967,36.4363,0,0.000000,0.000000
2017-08-21,-0.00215401,119.5290,1,0.029741,200.442730,-0.00211288,36.2250,1,0.039048,317.643411
2017-08-22,0.00678642,120.2076,1,0.022738,220.921860,-0.00716575,35.5084,1,0.041145,320.974260
2017-08-23,0.00121815,120.3294,1,0.036235,241.844580,-0.00606840,34.9016,0,0.000000,0.000000
2017-08-24,-0.00123661,120.2058,1,0.024981,220.723230,-0.00401801,34.4998,1,0.063391,342.604780
2017-08-25,0.00460266,120.6660,1,0.026914,240.294960,-0.00456139,34.0437,1,0.039369,340.342570
2017-08-28,0.00176208,120.8423,1,0.032002,280.362020,-0.00494246,33.5494,1,0.053166,281.672170
2017-08-29,-0.00300852,120.5414,1,0.032262,260.442770,0.00390443,33.9399,1,0.050007,360.093980
2017-08-30,-0.00309110,120.2323,1,0.052050,260.145530,0.00280003,34.2199,1,0.056167,280.194610
2017-08-31,0.00526448,120.7587,1,0.038542,321.002660,-0.00236070,33.9838,1,0.038570,301.283130
2017-09-01,0.00001197,120.7599,1,0.041353,301.565490,0.00160783,34.1446,1,0.035587,302.247280
2017-09-05,-0.00119612,120.6403,1,0.072162,241.004750,-0.00748170,33.3964,1,0.083460,341.295550
2017-09-06,0.00534293,121.1746,1,0.032697,260.181670,-0.00783144,32.6133,1,0.043444,339.127270
2017-09-07,0.00334808,121.5094,1,0.044432,300.412470,-0.00351670,32.2616,1,0.046390,340.740040
2017-09-08,0.01425857,122.9353,1,0.062243,281.037920,-0.00183826,32.0778,1,0.071666,320.411960
2017-09-11,0.00649454,123.5847,1,0.107396,341.452500,-0.01122767,30.9550,1,0.110757,322.016480
2017-09-12,-0.00928483,122.6563,1,0.041593,322.097450,0.00762522,31.7175,0,0.000000,0.000000
2017-09-13,-0.00484289,122.1720,1,0.026149,221.446090,-0.00088799,31.6287,1,0.033569,282.831366
2017-09-14,-0.00400369,121.7716,1,0.041159,300.197140,-0.00138947,31.4898,1,0.030597,319.225950
2017-09-15,-0.00716770,121.0548,1,0.049950,280.353910,0.00466252,31.9560,1,0.047578,340.112430
2017-09-18,-0.00312385,120.7424,1,0.027625,281.068580,0.01167351,33.1234,1,0.048759,281.281570
2017-09-19,-0.00750025,119.9924,1,0.035725,260.929340,0.00832856,33.9562,1,0.028354,261.625510
2017-09-20,0.01549865,121.5423,1,0.030645,259.977320,-0.00951245,33.0050,1,0.023115,241.181590
2017-09-21,0.00195014,121.7373,1,0.028556,280.157350,0.00448464,33.4535,1,0.059786,379.950170
2017-09-22,-0.00570963,121.1663,1,0.035283,299.911330,-0.00207555,33.2459,1,0.048415,240.519270
2017-09-25,-0.00127983,121.0384,1,0.034113,241.768860,-0.00285366,32.9605,1,0.051426,300.399480
2017-09-26,-0.00211290,120.8271,1,0.032190,261.192930,0.00323973,33.2845,1,0.040977,340.602880
2017-09-27,-0.01154552,119.6725,1,0.039532,321.235260,-0.00741527,32.5430,1,0.026617,281.295430
2017-09-28,-0.00836780,118.8357,1,0.029530,241.944200,0.00403554,32.9465,1,0.041066,361.494910
2017-09-29,0.00792833,119.6286,1,0.023967,201.423990,-0.00208115,32.7384,1,0.032015,281.255380
2017-10-02,0.00383845,120.0124,1,0.020645,200.840980,-0.01053101,31.6853,1,0.033621,300.745460
2017-10-03,-0.00428880,119.5835,1,0.068320,201.688050,-0.00247199,31.4381,1,0.036709,321.156340
2017-10-04,-0.00263011,119.3205,1,0.036281,280.238180,-0.00199757,31.2384,1,0.039817,320.999850
2017-10-05,-0.00187300,119.1332,1,0.035280,280.996670,-0.00063179,31.1752,1,0.034239,320.750140
2017-10-06,0.00679060,119.8123,1,0.031090,261.114280,-0.00563358,30.6118,1,0.034468,320.818080
2017-10-09,0.00313915,120.1262,1,0.034705,259.961110,0.00404717,31.0165,1,0.030503,339.782310
2017-10-10,-0.00255345,119.8708,1,0.031275,279.360180,0.00848711,31.8653,1,0.035909,319.908040
2017-10-11,0.00005647,119.8765,1,0.030433,260.722290,0.00032731,31.8980,1,0.028359,301.314780
2017-10-12,-0.00212621,119.6639,1,0.043891,340.171700,0.00000807,31.8988,1,0.034083,300.505070
2017-10-13,0.00463324,120.1272,1,0.038976,241.646530,-0.01006964,30.8918,1,0.036814,320.894310
2017-10-16,-0.00729516,119.3977,1,0.038386,240.321740,0.00616844,31.5087,1,0.056656,399.654310
2017-10-17,0.00259628,119.6573,1,0.043772,220.374270,-0.01023125,30.4856,1,0.061125,280.852160
2017-10-18,0.00269106,119.9264,1,0.033024,220.205320,0.00221875,30.7074,1,0.044315,360.424660
2017-10-19,-0.00307590,119.6188,1,0.031150,280.377630,-0.00089594,30.6178,1,0.034504,281.495790
2017-10-20,-0.00772310,118.8465,1,0.026640,241.158520,0.01629987,32.2478,1,0.054953,320.612750
2017-10-23,0.00227504,119.0740,1,0.044196,262.045810,-0.00986500,31.2613,0,0.000000,0.000000
2017-10-24,0.00337767,119.4118,1,0.043603,300.198940,-0.00508565,30.7528,1,0.036235,383.273071
2017-10-25,-0.00927148,118.4846,1,0.036558,281.056970,-0.00634648,30.1181,1,0.039088,340.868310
2017-10-26,-0.01841207,116.6434,1,0.045997,280.269370,-0.00067994,30.0501,1,0.040244,338.828180
2017-10-27,0.00498346,117.1418,1,0.020984,202.284730,-0.00363963,29.6861,1,0.035123,321.758830
2017-10-30,-0.00508422,116.6334,1,0.103592,301.029750,-0.00620658,29.0655,1,0.076078,341.753400
2017-10-31,-0.00308838,116.3245,1,0.027808,259.696910,0.00372348,29.4378,0,0.000000,0.000000
2017-11-01,-0.00783907,115.5406,1,0.033697,222.147370,-0.00757636,28.6802,1,0.048026,299.775903
2017-11-02,-0.02009125,113.5315,1,0.029735,200.663950,0.02323445,31.0036,1,0.077355,361.167110
2017-11-03,0.00078266,113.6098,1,0.037474,239.998710,0.00112360,31.1160,1,0.036970,242.474100
2017-11-06,0.00117984,113.7277,1,0.029066,280.752400,-0.00530734,30.5853,1,0.045674,362.290290
2017-11-07,0.00035108,113.7628,1,0.027842,240.437750,-0.00374294,30.2110,1,0.034874,280.154760
2017-11-08,-0.00340540,113.4223,1,0.026810,280.082290,-0.00212832,29.9981,1,0.037662,319.589340
2017-11-09,-0.01251546,112.1708,1,0.020756,200.201650,0.00433769,30.4319,1,0.031411,300.788970
2017-11-10,-0.00066943,112.1038,1,0.024533,220.098270,-0.00290120,30.1418,1,0.036630,300.811240
2017-11-13,-0.00204285,111.8995,1,0.039835,280.289270,0.00019811,30.1616,1,0.043649,379.756230
2017-11-14,-0.00069153,111.8304,1,0.063573,300.917190,0.01247276,31.4089,1,0.072854,301.266300
2017-11-15,0.00585296,112.4157,1,0.038864,240.784620,0.00418922,31.8278,1,0.039418,261.808250
2017-11-16,0.00139256,112.5549,1,0.033474,280.242680,0.01163180,32.9910,1,0.034170,280.469960
2017-11-17,0.00280344,112.8353,1,0.041726,241.971670,0.00298982,33.2900,0,0.000000,0.000000
2017-11-20,0.00539556,113.3748,1,0.048454,300.382650,0.00265468,33.5554,1,0.054522,342.711867
2017-11-21,-0.00070459,113.3044,1,0.041819,340.750870,-0.00089388,33.4660,1,0.039508,300.488410
2017-11-22,-0.00223493,113.0809,1,0.045483,300.484980,-0.00192480,33.2736,1,0.058280,340.838780
2017-11-24,-0.00170847,112.9100,1,0.036377,280.195850,-0.00302798,32.9708,1,0.050018,319.916740
2017-11-27,-0.00713518,112.1965,1,0.043898,240.834230,-0.00203967,32.7668,1,0.056097,320.537500
2017-11-28,-0.00422125,111.7744,1,0.023015,220.551540,0.00493778,33.2606,1,0.037732,320.431590
2017-11-29,-0.01095917,110.6785,1,0.035917,202.107110,0.00309819,33.5704,0,0.000000,0.000000
2017-11-30,-0.00561832,110.1166,1,0.029672,202.511240,-0.00033173,33.5372,1,0.032583,304.632001
2017-12-01,-0.00237740,109.8789,1,0.040170,282.435280,0.00149555,33.6868,0,0.000000,0.000000
2017-12-04,-0.01191205,108.6877,1,0.035845,320.239290,-0.00016267,33.6705,1,0.050327,301.680543
2017-12-05,0.00204299,108.8920,1,0.038731,322.486400,-0.01181679,32.4888,1,0.034499,302.227720
2017-12-06,0.01304263,110.1963,1,0.035957,279.768730,-0.00752651,31.7362,1,0.048941,358.379620
2017-12-07,-0.00058964,110.1373,1,0.039444,281.891280,0.00064042,31.8002,1,0.030638,282.164810
2017-12-08,-0.00459146,109.6781,1,0.044596,321.996780,0.00888387,32.6886,1,0.041753,322.119500
2017-12-11,-0.00541420,109.1367,1,0.032780,261.746810,-0.01578251,31.1104,0,0.000000,0.000000
2017-12-12,0.00508535,109.6453,1,0.041985,280.927240,-0.01172358,29.9380,1,0.065838,401.347513
2017-12-13,-0.00486361,109.1589,1,0.039331,359.599840,0.00086377,30.0244,1,0.050823,359.713560
2017-12-14,0.00228983,109.3879,1,0.046557,260.278770,-0.00571223,29.4532,1,0.050733,300.950040
2017-12-15,-0.00852275,108.5356,1,0.036655,259.113820,-0.00387960,29.0652,0,0.000000,0.000000
2017-12-18,-0.00349720,108.1859,1,0.033200,301.754040,0.00560913,29.6261,0,0.000000,0.000000
2017-12-19,0.00217023,108.4029,1,0.040327,282.045240,-0.00129927,29.4962,1,0.032577,301.994625
2017-12-20,0.00358163,108.7611,1,0.039197,260.364670,0.00716570,30.2128,1,0.049470,339.431790
2017-12-21,-0.00163071,108.5980,1,0.031921,200.687580,0.00870284,31.0830,1,0.035326,260.645040
2017-12-22,-0.00637458,107.9605,1,0.032448,200.878990,-0.00120967,30.9621,1,0.029757,240.457250
2017-12-26,-0.00275878,107.6847,1,0.030628,259.862150,-0.00031856,30.9302,1,0.045416,340.199750
2017-12-27,0.00129873,107.8145,1,0.023677,220.869290,0.00035860,30.9661,1,0.049720,341.141940
2017-12-28,0.00896897,108.7114,1,0.048383,220.537330,-0.00448970,30.5171,1,0.036830,320.409220
2017-12-29,-0.00379377,108.3321,1,0.026217,181.158760,-0.00386828,30.1303,1,0.042228,360.608000
2018-01-02,0.00209821,108.5419,1,0.017189,160.780700,-0.00963069,29.1672,1,0.028539,319.410840
2018-01-03,0.00143625,108.6855,1,0.047495,282.369750,0.00636374,29.8036,1,0.071406,381.297830
2018-01-04,-0.00415662,108.2698,1,0.056122,281.623400,0.01023222,30.8268,1,0.042658,261.841600
2018-01-05,-0.00767452,107.5024,1,0.026412,281.167000,0.00471343,31.2981,1,0.018387,221.758300
2018-01-08,0.00113888,107.6163,1,0.027662,241.980880,0.00012774,31.3109,1,0.026776,281.703570
2018-01-09,0.00078760,107.6950,1,0.061880,300.515690,0.00284441,31.5954,1,0.053159,261.237190
2018-01-10,-0.00737332,106.9577,1,0.040892,300.862780,0.00960407,32.5558,1,0.057593,321.165240
2018-01-11,-0.00282284,106.6754,1,0.034064,260.084400,0.01236237,33.7920,1,0.021563,221.035440
2018-01-12,-0.00771354,105.9041,1,0.026894,241.834760,0.00733038,34.5250,1,0.025892,243.363780
2018-01-16,-0.01474707,104.4294,1,0.031437,221.114220,0.00097906,34.6229,1,0.021984,241.582150
2018-01-17,-0.00242306,104.1871,1,0.031006,200.753370,0.00765280,35.3882,1,0.040400,360.015470
2018-01-18,-0.00993299,103.1938,1,0.030639,242.379120,0.00082352,35.4706,0,0.000000,0.000000
2018-01-19,-0.00577910,102.6158,1,0.021810,220.563460,0.00493668,35.9642,1,0.034502,322.815515
2018-01-22,-0.00121173,102.4947,1,0.022103,201.910880,0.00005422,35.9697,1,0.033028,301.429010
2018-01-23,-0.00368000,102.1267,1,0.036770,301.507030,0.00161777,36.1314,1,0.043273,321.494030
2018-01-24,0.00073608,102.2003,1,0.031092,261.523050,-0.00687091,35.4444,1,0.040001,340.960490
2018-01-25,0.00565861,102.7661,1,0.031719,340.109380,0.00458225,35.9026,1,0.035065,380.317310
2018-01-26,0.00172399,102.9385,1,0.025371,261.492880,-0.00717347,35.1852,1,0.028197,281.358330
2018-01-29,0.00362157,103.3007,1,0.026713,281.031710,-0.00319484,34.8657,0,0.000000,0.000000
2018-01-30,0.00246478,103.5472,1,0.030182,319.059830,0.01086741,35.9525,0,0.000000,0.000000
2018-01-31,0.01589279,105.1365,1,0.034891,319.179680,0.00332551,36.2850,0,0.000000,0.000000
2018-02-01,0.00600697,105.7372,1,0.025503,239.672750,-0.01285049,35.0000,1,0.040179,281.071571
2018-02-02,-0.00151102,105.5861,1,0.035712,241.111800,-0.00984765,34.0152,1,0.086995,339.394070
2018-02-05,-0.00367413,105.2186,1,0.037683,297.578850,-0.01179614,32.8356,0,0.000000,0.000000
2018-02-06,-0.00459595,104.7590,1,0.042305,276.049350,0.00938726,33.7743,0,0.000000,0.000000
2018-02-07,0.00924320,105.6834,1,0.028590,182.039750,-0.00810041,32.9643,1,0.029951,275.805714
2018-02-08,-0.01402150,104.2812,1,0.038430,260.113450,-0.00459521,32.5048,1,0.046851,379.101430
2018-02-09,-0.00855574,103.4256,1,0.024054,199.943500,-0.00521179,31.9836,0,0.000000,0.000000
2018-02-12,0.00355462,103.7811,1,0.022228,182.621480,0.00124314,32.1079,0,0.000000,0.000000
2018-02-13,-0.00301436,103.4797,1,0.060616,222.684350,0.00098179,32.2061,0,0.000000,0.000000
2018-02-14,0.00250046,103.7297,1,0.032154,260.677800,0.00283968,32.4901,1,0.058992,299.549072
2018-02-15,0.01188962,104.9187,1,0.034928,202.875380,-0.01737374,30.7527,1,0.051414,323.187860
2018-02-16,-0.00463237,104.4554,1,0.018487,203.389750,0.00487633,31.2403,1,0.040227,341.937760
2018-02-20,0.01081228,105.5367,1,0.013332,121.031290,-0.01170538,30.0698,1,0.038198,260.723700
2018-02-21,-0.00127240,105.4094,1,0.029930,220.225260,-0.01355581,28.7142,1,0.054301,339.847820
2018-02-22,0.00366673,105.7761,1,0.043597,259.916670,-0.01986133,26.7281,1,0.070493,319.674280
2018-02-23,-0.00468759,105.3073,1,0.039669,260.623730,0.00579533,27.3076,1,0.071547,400.335520
2018-02-26,0.00586135,105.8935,1,0.039465,223.063450,-0.00476364,26.8312,0,0.000000,0.000000
2018-02-27,-0.00351968,105.5415,1,0.019628,221.677960,-0.00397332,26.4339,1,0.053142,345.014677
2018-02-28,-0.00275526,105.2660,1,0.026166,219.342820,-0.00045970,26.3879,0,0.000000,0.000000
2018-03-01,0.00370387,105.6364,1,0.045893,279.869060,0.00465001,26.8529,0,0.000000,0.000000
2018-03-02,-0.00199335,105.4370,1,0.062665,279.706420,-0.00069523,26.7834,1,0.036683,277.159956
2018-03-05,0.00157613,105.5946,1,0.031307,261.861170,-0.00885270,25.8981,1,0.054590,341.919000
2018-03-06,0.00525801,106.1204,1,0.035009,281.560040,0.00590406,26.4885,0,0.000000,0.000000
2018-03-07,0.00245339,106.3658,1,0.037521,341.120890,-0.00164934,26.3236,1,0.053694,322.809137
2018-03-08,0.00208449,106.5742,1,0.031921,220.621980,-0.00482545,25.8411,1,0.046715,340.561300
2018-03-09,0.00054105,106.6283,1,0.021025,261.252250,-0.00330458,25.5106,1,0.030718,301.404850
2018-03-12,0.00891443,107.5198,1,0.020527,203.431430,-0.00211392,25.2992,0,0.000000,0.000000
2018-03-13,-0.00742651,106.7771,1,0.037951,220.258710,0.00076267,25.3755,1,0.033093,322.854671
2018-03-14,0.00198668,106.9758,1,0.036722,220.489380,-0.00352230,25.0233,1,0.045270,340.423080
2018-03-15,-0.00828302,106.1475,1,0.038022,239.827070,0.00281734,25.3050,1,0.045466,318.774260
2018-03-16,0.00074220,106.2217,1,0.021360,180.574980,0.00600968,25.9060,1,0.037262,340.079340
2018-03-19,0.00430526,106.6522,1,0.022464,241.251180,-0.00076483,25.8295,1,0.032223,321.877030
2018-03-20,-0.00052984,106.5993,1,0.028874,279.497270,-0.00255129,25.5743,0,0.000000,0.000000
2018-03-21,-0.00101409,106.4979,1,0.028379,220.155410,-0.00693141,24.8812,1,0.038991,339.019081
2018-03-22,0.00660566,107.1584,1,0.036384,281.041150,-0.00816361,24.0648,1,0.042341,360.646430
2018-03-23,-0.00993429,106.1650,1,0.038839,257.767110,0.00188688,24.2535,0,0.000000,0.000000
2018-03-26,0.00399547,106.5645,1,0.032493,238.954350,0.00103515,24.3570,0,0.000000,0.000000
2018-03-27,0.02126835,108.6914,1,0.033975,243.811140,-0.01326203,23.0308,0,0.000000,0.000000
2018-03-28,-0.00237174,108.4542,1,0.030194,240.682590,0.02140804,25.1716,1,0.039006,336.340344
2018-03-29,0.00584759,109.0390,1,0.022961,180.400680,-0.01030188,24.1415,1,0.041428,242.161490
2018-04-02,0.01356035,110.3950,1,0.026555,222.945020,0.00875545,25.0170,0,0.000000,0.000000
2018-04-03,-0.00027392,110.3676,1,0.041332,278.600770,0.00160157,25.1772,0,0.000000,0.000000
2018-04-04,-0.00617610,109.7500,1,0.028900,242.808220,-0.00012760,25.1644,0,0.000000,0.000000
2018-04-05,0.01334860,111.0848,1,0.022180,182.426530,-0.00891939,24.2725,0,0.000000,0.000000
2018-04-06,-0.00385025,110.6998,1,0.043785,281.203420,-0.00348052,23.9244,1,0.057622,364.442109
2018-04-09,-0.00260339,110.4395,1,0.056789,258.550220,0.00138116,24.0625,0,0.000000,0.000000
2018-04-10,-0.00095760,110.3437,1,0.043000,280.635650,0.01252269,25.3148,1,0.038361,297.583377
2018-04-11,0.00066632,110.4104,1,0.038138,264.133900,-0.00564046,24.7508,0,0.000000,0.000000
2018-04-12,0.01049843,111.4602,1,0.043627,239.798490,-0.00565978,24.1848,1,0.039108,342.875857
2018-04-13,0.00054625,111.5148,1,0.032645,242.026030,-0.01395557,22.7892,1,0.044327,361.566330
2018-04-16,0.00024678,111.5395,1,0.022822,160.689030,-0.00671442,22.1178,1,0.045912,379.842410
2018-04-17,-0.00716660,110.8228,1,0.027280,221.997920,-0.00065786,22.0520,0,0.000000,0.000000
2018-04-18,0.00753087,111.5759,1,0.038243,222.012380,-0.00330122,21.7219,1,0.030222,304.966526
2018-04-19,0.00922429,112.4984,1,0.040511,300.075190,0.00221920,21.9438,1,0.036180,341.209580
2018-04-20,-0.00615651,111.8827,1,0.031281,277.973880,0.00515930,22.4597,0,0.000000,0.000000
2018-04-23,0.00364536,112.2472,1,0.045114,279.305050,-0.00682360,21.7774,0,0.000000,0.000000
2018-04-24,-0.00755131,111.4921,1,0.025861,240.648310,0.00887522,22.6649,1,0.039138,338.667761
2018-04-25,-0.00908067,110.5840,1,0.032937,240.481210,-0.00145666,22.5192,1,0.038876,319.945400
2018-04-26,-0.00067945,110.5161,1,0.035155,202.414230,-0.00490061,22.0292,1,0.050851,341.800450
2018-04-27,0.01095395,111.6115,1,0.036385,222.439050,-0.00147352,21.8818,1,0.054152,381.586790
2018-04-30,0.00294658,111.9062,1,0.014982,161.592600,-0.00116463,21.7653,1,0.054913,359.993440
2018-05-01,-0.00478967,111.4272,0,0.000000,0.000000,0.00430338,22.1957,0,0.000000,0.000000
2018-05-02,-0.00100560,111.3266,1,0.021880,260.387902,-0.00692254,21.5034,1,0.024304,260.335060
2018-05-03,0.00385672,111.7123,1,0.027068,220.523740,0.00208949,21.7124,1,0.047171,319.374230
2018-05-04,-0.00205115,111.5072,1,0.020055,160.623520,-0.00410631,21.3017,1,0.067971,340.711080
2018-05-07,-0.00737702,110.7695,1,0.015982,181.346880,-0.00889355,20.4124,0,0.000000,0.000000
2018-05-08,0.00484740,111.2542,1,0.020360,181.716900,0.01875060,22.2874,1,0.038220,362.897552
2018-05-09,-0.00289979,110.9642,1,0.026509,221.025640,0.00382175,22.6696,1,0.036685,222.496620
2018-05-10,0.01137264,112.1015,1,0.019266,202.220830,-0.00398874,22.2707,1,0.030994,261.027560
2018-05-11,-0.00265521,111.8360,1,0.024601,221.828670,-0.00411319,21.8594,0,0.000000,0.000000
2018-05-14,0.00059435,111.8954,1,0.016985,180.660080,-0.01391210,20.4682,1,0.039990,362.995911
2018-05-15,-0.00708880,111.1865,1,0.036980,300.234420,0.01474232,21.9424,1,0.047238,341.248700
2018-05-16,-0.00581766,110.6048,1,0.040036,260.112400,0.00511199,22.4536,1,0.033361,261.545770
2018-05-17,-0.00447723,110.1571,1,0.037933,321.100670,-0.00051492,22.4022,1,0.030382,281.857340
2018-05-18,0.00085619,110.2427,1,0.027531,240.146950,-0.00162648,22.2395,1,0.030878,300.760350
2018-05-21,-0.00263905,109.9788,1,0.023265,160.839570,0.00993667,23.2332,1,0.029533,301.141650
2018-05-22,0.00776758,110.7555,1,0.016082,141.901640,0.00288843,23.5220,1,0.035137,282.499340
2018-05-23,-0.00891308,109.8642,1,0.022898,199.810980,-0.00655646,22.8664,1,0.039316,300.589920
2018-05-24,0.00049596,109.9138,1,0.018264,142.833730,-0.00302644,22.5637,1,0.041334,340.265250
2018-05-25,0.01118522,111.0323,1,0.023148,181.115920,0.00199656,22.7634,1,0.042574,320.737070
2018-05-29,-0.00496508,110.5358,1,0.024668,201.284890,0.01336689,24.1001,1,0.035731,281.532110
2018-05-30,0.00539973,111.0758,1,0.023177,219.813100,-0.00556539,23.5435,1,0.036899,260.075300
2018-05-31,0.00962070,112.0379,1,0.023100,203.208410,-0.00077217,23.4663,0,0.000000,0.000000
2018-06-01,-0.00542375,111.4955,1,0.030365,259.697530,-0.00645447,22.8209,0,0.000000,0.000000
2018-06-04,-0.00120004,111.3755,1,0.028114,202.204970,0.00188406,23.0093,1,0.060124,382.617762
2018-06-05,-0.00259179,111.1163,1,0.027729,221.853810,0.00455780,23.4651,1,0.028500,261.880450
2018-06-06,-0.00504462,110.6118,1,0.025612,181.351370,0.00624189,24.0892,1,0.038781,261.049120
2018-06-07,0.00851109,111.4630,1,0.029641,203.015030,-0.00100055,23.9892,1,0.038455,322.296230
2018-06-08,0.00247025,111.7100,1,0.029635,240.335910,0.00206539,24.1957,1,0.037581,340.386500
2018-06-11,-0.00140873,111.5691,1,0.028373,261.747300,-0.00035073,24.1607,0,0.000000,0.000000
2018-06-12,-0.00497490,111.0716,1,0.023710,221.287480,0.00109017,24.2697,1,0.035273,342.142234
2018-06-13,-0.00362207,110.7094,1,0.021567,161.379220,-0.00274650,23.9950,1,0.040220,281.792230
2018-06-14,-0.00168025,110.5414,1,0.020945,180.134160,-0.00305614,23.6894,1,0.057554,318.695710
2018-06-15,-0.00544919,109.9965,1,0.018009,181.587760,0.00336339,24.0257,1,0.040801,321.197280
2018-06-18,0.00597119,110.5936,1,0.011451,141.320070,0.00310671,24.3364,1,0.034629,300.433160
2018-06-19,-0.01194159,109.3994,1,0.020309,160.312030,0.00774100,25.1105,1,0.032640,300.818760
2018-06-20,-0.00373923,109.0255,1,0.022673,160.675390,-0.00100294,25.0102,1,0.034964,260.147440
2018-06-21,-0.00363903,108.6616,1,0.040693,260.865070,0.00959736,25.9700,1,0.043094,301.329710
2018-06-22,-0.00497267,108.1643,1,0.020897,199.987090,0.01299217,27.2692,1,0.025083,260.718170
2018-06-25,-0.01075119,107.0892,1,0.016869,162.007330,0.00655953,27.9251,1,0.030957,261.758900
2018-06-26,-0.00152811,106.9364,1,0.026541,201.279930,-0.00551920,27.3732,1,0.037690,319.321830
2018-06-27,0.00033366,106.9698,1,0.023174,220.646730,-0.00020413,27.3528,1,0.034693,360.243610
2018-06-28,0.00308110,107.2779,1,0.023900,200.404040,0.00286450,27.6392,0,0.000000,0.000000
2018-06-29,0.00286142,107.5640,1,0.028568,240.947070,0.00261464,27.9007,1,0.032446,318.740857
2018-07-02,0.00906085,108.4701,1,0.045415,260.807290,-0.00337420,27.5633,1,0.047570,260.803310
2018-07-03,0.00204852,108.6750,1,0.061878,280.712060,-0.01053377,26.5099,1,0.063087,320.347270
2018-07-05,0.00604889,109.2799,1,0.048941,240.613230,-0.00283390,26.2265,1,0.084750,399.559350
2018-07-06,-0.00044302,109.2355,1,0.033102,222.548490,-0.00188636,26.0379,0,0.000000,0.000000
2018-07-09,0.00421574,109.6571,1,0.023436,141.406020,-0.00173701,25.8642,0,0.000000,0.000000
2018-07-10,0.00488408,110.1455,1,0.014762,142.264810,-0.00495288,25.3689,1,0.045228,325.594188
2018-07-11,-0.01579060,108.5665,1,0.021190,201.005630,0.00224130,25.5930,1,0.042090,380.390460
2018-07-12,0.00646593,109.2131,1,0.018977,160.635830,-0.00325801,25.2672,1,0.033681,299.153720
2018-07-13,-0.00218192,108.9949,1,0.024132,241.592810,0.00250160,25.5174,1,0.033350,301.567100
2018-07-16,0.00254940,109.2498,1,0.028740,220.745040,-0.00553213,24.9642,1,0.032113,300.901490
2018-07-17,0.00571370,109.8212,1,0.029460,221.080700,0.00180027,25.1442,1,0.037233,340.084640
2018-07-18,0.00555153,110.3763,1,0.037817,181.070090,0.00206712,25.3509,1,0.071748,341.462840
2018-07-19,-0.00278220,110.0981,1,0.028680,280.596210,-0.01947281,23.4036,1,0.046961,301.191480
2018-07-20,-0.00043740,110.0544,1,0.026700,201.781220,0.00103573,23.5072,1,0.039437,359.814960
2018-07-23,0.00620372,110.6747,1,0.036888,240.524320,-0.00204091,23.3031,1,0.045741,300.252590
2018-07-24,0.00206995,110.8817,1,0.024535,201.539420,-0.00808692,22.4944,1,0.049242,340.657650
2018-07-25,0.00058222,110.9400,1,0.022408,181.016530,0.00349829,22.8443,1,0.033451,321.960590
2018-07-26,-0.01583108,109.3569,1,0.021228,181.947690,-0.00007321,22.8369,1,0.026751,303.012280
2018-07-27,0.00254236,109.6111,1,0.024284,202.741300,0.02243645,25.0806,1,0.036135,342.125950
2018-07-30,-0.00836478,108.7746,1,0.019318,200.645100,0.00573713,25.6543,1,0.035147,241.088920
2018-07-31,-0.00275733,108.4989,1,0.026463,239.809500,0.00624450,26.2787,1,0.034500,259.930540
2018-08-01,0.01107915,109.6068,1,0.064995,282.633550,-0.00448418,25.8303,1,0.052558,282.169350
2018-08-02,0.02531523,112.1383,1,0.026637,203.126570,0.01265113,27.0954,1,0.062477,340.177940
2018-08-03,-0.00495471,111.6428,1,0.026431,201.976620,-0.01389759,25.7057,1,0.042569,262.729890
2018-08-06,-0.00519415,111.1234,1,0.019115,180.979420,-0.00209052,25.4966,1,0.042622,359.951990
2018-08-07,0.00248253,111.3717,1,0.028117,240.853280,-0.00567414,24.9292,1,0.036694,341.076890
2018-08-08,-0.00397863,110.9738,1,0.025403,241.268190,-0.00883834,24.0454,1,0.034594,300.902220
2018-08-09,-0.01008738,109.9651,1,0.029538,240.473800,-0.00072404,23.9730,1,0.044434,359.655920
2018-08-10,-0.00540118,109.4250,1,0.022208,280.168640,0.01185618,25.1586,1,0.031862,300.770030
2018-08-13,-0.00050593,109.3744,1,0.026533,279.047170,0.00824331,25.9829,0,0.000000,0.000000
2018-08-14,-0.01086774,108.2876,1,0.024784,240.665080,0.00324281,26.3072,1,0.028919,299.690427
2018-08-15,-0.00004295,108.2833,1,0.029045,223.208050,0.00661578,26.9688,0,0.000000,0.000000
2018-08-16,-0.00459255,107.8240,1,0.020045,239.764390,-0.00489347,26.4794,1,0.029487,302.045247
2018-08-17,0.00050994,107.8750,1,0.028046,241.214530,-0.00531253,25.9482,1,0.038003,321.508980
2018-08-20,0.00225603,108.1006,1,0.022857,240.901420,0.00389843,26.3380,1,0.042837,380.872910
2018-08-21,0.00411948,108.5126,1,0.040022,340.406340,-0.00215919,26.1221,1,0.038289,320.918380
2018-08-22,0.00071644,108.5842,1,0.027826,301.696370,-0.00094206,26.0279,1,0.034946,320.999770
2018-08-23,-0.00916086,107.6682,1,0.043176,280.410210,0.00197103,26.2250,1,0.035897,320.074480
2018-08-24,0.00208658,107.8768,1,0.040322,239.871830,-0.00301837,25.9232,1,0.030667,340.092940
2018-08-27,-0.00012220,107.8646,1,0.025340,260.848040,0.00961810,26.8850,1,0.032350,341.108890
2018-08-28,0.00482485,108.3471,1,0.020805,220.602020,-0.00333371,26.5516,1,0.025801,261.763020
2018-08-29,-0.00153265,108.1938,1,0.017665,180.516990,0.00020623,26.5722,1,0.046007,340.386230
2018-08-30,-0.00521806,107.6720,1,0.020356,200.680840,-0.00475419,26.0968,1,0.051559,300.858990
2018-08-31,-0.00134952,107.5371,1,0.026182,219.956970,-0.00400494,25.6963,1,0.035654,278.928080
2018-09-04,-0.00328870,107.2082,1,0.022330,220.853410,-0.00259817,25.4365,1,0.038937,320.882020
2018-09-05,-0.00083132,107.1251,1,0.021262,180.483400,0.00709187,26.1457,1,0.048283,300.194300
2018-09-06,-0.00253229,106.8718,1,0.025279,240.414530,0.01489721,27.6354,1,0.041429,260.447390
2018-09-07,-0.00907734,105.9641,1,0.026854,239.745870,0.00809724,28.4451,1,0.030446,261.548530
2018-09-10,-0.00265658,105.6984,1,0.019718,199.724840,-0.00614611,27.8305,1,0.040871,320.041250
2018-09-11,-0.00003431,105.6950,1,0.034151,201.242160,-0.00866994,26.9635,1,0.045164,340.753820
2018-09-12,-0.00331699,105.3633,1,0.035079,240.478060,-0.00249630,26.7139,1,0.039720,340.792110
2018-09-13,-0.00963884,104.3994,1,0.039784,241.127400,0.00732710,27.4466,1,0.027100,301.152490
2018-09-14,-0.00005260,104.3942,1,0.020720,180.947200,-0.00150816,27.2958,1,0.032226,281.650630
2018-09-17,-0.00160913,104.2332,1,0.028283,300.706860,-0.01359183,25.9366,1,0.035773,340.562650
2018-09-18,0.00126008,104.3593,1,0.041962,280.151610,-0.00837344,25.0993,1,0.043194,358.750190
2018-09-19,0.00835425,105.1947,1,0.039985,260.407610,-0.00375721,24.7235,1,0.049471,400.468210
2018-09-20,0.00149942,105.3446,1,0.021068,220.758810,0.00330228,25.0538,1,0.035682,320.773050
2018-09-21,0.00247901,105.5925,1,0.023989,241.402670,0.00339309,25.3931,1,0.029731,302.141630
2018-09-24,-0.00152940,105.4396,1,0.025000,260.220490,0.00186803,25.5799,1,0.039077,280.767200
2018-09-25,0.00273279,105.7129,1,0.027871,259.705300,0.00333452,25.9133,0,0.000000,0.000000
2018-09-26,0.00659614,106.3725,1,0.038006,279.960850,0.00373408,26.2867,1,0.047352,319.632576
2018-09-27,0.00337962,106.7104,1,0.027538,179.823700,0.00237165,26.5239,1,0.039435,339.198820
2018-09-28,0.00024639,106.7351,1,0.023521,220.744740,0.00216958,26.7409,1,0.025172,260.871240
2018-10-01,0.00345202,107.0803,1,0.029188,241.021440,-0.00276577,26.4643,1,0.037697,320.557810
2018-10-02,-0.00328920,106.7514,1,0.031560,300.309570,-0.00002209,26.4621,1,0.045409,340.233680
2018-10-03,-0.00755910,105.9954,1,0.039220,240.919860,-0.01698971,24.7631,1,0.054741,340.856900
2018-10-04,-0.00545774,105.4497,1,0.025124,220.688170,0.00128829,24.8919,1,0.039511,379.360690
2018-10-05,0.00895136,106.3448,1,0.034494,240.762130,0.00921812,25.8137,1,0.028438,319.247760
2018-10-08,0.00499584,106.8444,1,0.048626,220.482550,0.01735177,27.5489,1,0.023393,260.493290
2018-10-09,-0.00149606,106.6948,1,0.028226,181.391330,0.01800819,29.3497,1,0.026021,222.059750
2018-10-10,0.00067248,106.7620,1,0.005402,81.638260,0.01576897,30.9266,1,0.036393,260.954740
2018-10-11,-0.00788910,105.9731,1,0.011230,102.925710,-0.00577293,30.3493,0,0.000000,0.000000
2018-10-12,0.00320189,106.2933,1,0.011031,103.106680,0.00250938,30.6003,0,0.000000,0.000000
2018-10-15,0.00869565,107.1629,1,0.029805,221.533820,-0.00704975,29.8953,1,0.051305,315.384779
2018-10-16,0.00497127,107.6600,1,0.021793,221.528430,-0.00703553,29.1918,1,0.037433,300.422250
2018-10-17,-0.00328711,107.3313,1,0.044031,204.085680,-0.01194815,27.9969,0,0.000000,0.000000
2018-10-18,-0.00000655,107.3306,1,0.031525,220.913460,-0.00194426,27.8025,1,0.043766,363.777002
2018-10-19,0.00021254,107.3519,1,0.018196,141.057990,0.00098264,27.9008,0,0.000000,0.000000
2018-10-22,0.00674913,108.0268,1,0.023137,200.044670,-0.01235592,26.6652,1,0.034812,297.100214
2018-10-23,-0.00078105,107.9487,1,0.020885,199.943170,-0.01686771,24.9784,1,0.050901,380.006680
2018-10-24,-0.00462170,107.4865,1,0.041170,260.810780,0.00645601,25.6240,1,0.083229,340.706570
2018-10-25,-0.01318229,106.1683,1,0.062519,277.777600,0.02114252,27.7383,0,0.000000,0.000000
2018-10-26,-0.00830049,105.3383,1,0.038179,243.952370,0.01300925,29.0392,1,0.047225,281.492940
2018-10-29,0.00330514,105.6688,1,0.045326,239.811790,0.01336449,30.3756,0,0.000000,0.000000
2018-10-30,0.00156338,105.8251,1,0.044822,280.819380,-0.01816526,28.5591,1,0.030596,260.645002
2018-10-31,-0.01860548,103.9646,1,0.066978,304.344040,-0.01891777,26.6673,0,0.000000,0.000000
2018-11-01,-0.00096447,103.8681,1,0.047277,261.670530,0.00838849,27.5062,1,0.044301,365.197415
2018-11-02,-0.00488330,103.3798,1,0.060390,244.189350,0.00359937,27.8661,1,0.032693,322.722850
2018-11-05,-0.01377141,102.0026,1,0.045391,260.082760,-0.00941116,26.9250,1,0.034106,280.886430
2018-11-06,-0.01283629,100.7190,1,0.035049,223.651570,-0.00442673,26.4823,1,0.043403,322.637150
2018-11-07,0.00635874,101.3549,1,0.025476,202.615600,-0.01764151,24.7182,0,0.000000,0.000000
2018-11-08,0.00365846,101.7207,1,0.034354,244.286930,0.00752221,25.4704,0,0.000000,0.000000
2018-11-09,-0.00903103,100.8176,1,0.027933,259.428900,0.00540302,26.0107,1,0.057288,285.513827
2018-11-12,0.00820792,101.6384,1,0.022908,180.394630,0.01066956,27.0777,1,0.043384,300.051090
2018-11-13,-0.00439462,101.1990,1,0.043842,238.992980,-0.00427056,26.6506,0,0.000000,0.000000
2018-11-14,-0.01456986,99.7420,1,0.044366,261.627400,-0.00507386,26.1432,1,0.045036,318.446330
2018-11-15,-0.01838145,97.9038,0,0.000000,0.000000,0.01609728,27.7530,1,0.052392,298.971990
2018-11-16,-0.00690160,97.2137,1,0.042340,301.780505,0.00003364,27.7563,1,0.020036,203.592340
2018-11-19,-0.01511358,95.7023,1,0.035928,201.352640,-0.00792000,26.9643,1,0.045520,302.727940
2018-11-20,0.01254395,96.9567,1,0.043575,237.772790,-0.01916076,25.0482,1,0.046856,338.616420
2018-11-21,0.00464254,97.4210,1,0.031486,239.759290,-0.00140100,24.9081,1,0.037160,320.446820
2018-11-23,-0.00072003,97.3490,1,0.034923,242.634620,-0.00187738,24.7204,1,0.051498,321.845040
2018-11-26,-0.00106647,97.2423,1,0.057717,201.222180,-0.00500031,24.2204,1,0.119231,320.866120
2018-11-27,0.00548140,97.7904,1,0.026100,222.844450,0.01658151,25.8785,0,0.000000,0.000000
2018-11-28,-0.00187712,97.6027,0,0.000000,0.000000,-0.01824991,24.0535,1,0.037051,284.024369
2018-11-29,-0.00898729,96.7040,1,0.044329,284.143501,0.00485491,24.5390,0,0.000000,0.000000
2018-11-30,0.00119345,96.8233,1,0.042395,299.844640,-0.00412301,24.1267,1,0.036381,322.932487
2018-12-03,0.00174796,96.9981,1,0.032824,221.341620,-0.00196625,23.9301,1,0.055665,361.751720
2018-12-04,0.01340544,98.3387,1,0.048276,302.521820,-0.02049343,21.8808,1,0.045203,322.258160
2018-12-06,-0.01071763,97.2669,1,0.048623,296.942160,-0.00034554,21.8462,0,0.000000,0.000000
2018-12-07,-0.00541494,96.7254,1,0.030374,182.001280,0.00338285,22.1845,1,0.039535,316.793453
2018-12-10,-0.00557233,96.1682,1,0.055083,277.248060,0.00038808,22.2233,0,0.000000,0.000000
2018-12-11,-0.00689358,95.4788,1,0.057448,300.509010,0.00246863,22.4702,1,0.044457,279.671854
2018-12-12,0.00445025,95.9239,1,0.045805,219.935990,0.00224149,22.6943,1,0.036631,280.817080
2018-12-13,-0.00630254,95.2936,1,0.052474,262.247390,-0.00821436,21.8729,1,0.049136,302.703040
2018-12-14,-0.00790066,94.5035,1,0.036496,220.343060,0.00611863,22.4847,1,0.053237,320.143100
2018-12-17,-0.00393571,94.1100,1,0.023671,160.816350,-0.01684269,20.8005,0,0.000000,0.000000
2018-12-18,0.00454769,94.5647,1,0.036311,141.021000,-0.00620378,20.1801,0,0.000000,0.000000
2018-12-19,0.01566081,96.1308,1,0.037579,241.137860,-0.00453757,19.7263,1,0.038197,297.103912
2018-12-20,0.00230478,96.3613,1,0.038262,180.091260,-0.00085418,19.6409,0,0.000000,0.000000
2018-12-21,0.00328331,96.6896,1,0.044989,239.246940,-0.00044186,19.5967,0,0.000000,0.000000
2018-12-24,-0.00293943,96.3957,1,0.059303,240.214720,-0.00074894,19.5218,0,0.000000,0.000000
2018-12-26,0.00736493,97.1322,1,0.071407,218.454300,0.00944892,20.4667,0,0.000000,0.000000
2018-12-27,0.00257708,97.3899,1,0.064142,248.972360,0.00742420,21.2091,0,0.000000,0.000000
2018-12-28,0.00253903,97.6438,1,0.041907,242.416110,0.00230910,21.4400,0,0.000000,0.000000
2018-12-31,0.00337111,97.9809,1,0.028499,200.691830,0.00142971,21.5830,1,0.048499,299.412118
2019-01-02,0.00050102,98.0310,1,0.026728,202.115870,-0.01016066,20.5670,0,0.000000,0.000000
2019-01-03,0.00356262,98.3873,1,0.052988,300.631210,-0.01061951,19.5050,1,0.079741,322.069876
2019-01-04,0.00780337,99.1676,1,0.038983,220.354610,0.01467604,20.9726,0,0.000000,0.000000
2019-01-07,-0.00787645,98.3800,1,0.032565,227.203920,0.00121957,21.0946,0,0.000000,0.000000
2019-01-08,0.02894766,101.2747,1,0.041024,262.058260,0.00851682,21.9462,1,0.059698,303.571686
2019-01-09,-0.01568197,99.7065,1,0.031807,243.531050,-0.00699489,21.2468,1,0.048679,323.174580
2019-01-10,0.01975397,101.6819,1,0.030243,183.402310,-0.01217776,20.0290,1,0.055126,343.307630
2019-01-11,0.00015264,101.6972,1,0.022366,181.860120,-0.00215699,19.8133,1,0.053039,342.171870
2019-01-14,-0.00387744,101.3094,1,0.042504,220.599670,-0.00135200,19.6781,1,0.058220,281.545920
2019-01-15,0.00963069,102.2725,1,0.040671,298.593840,-0.01042619,18.6355,1,0.037199,320.168240
2019-01-16,0.00719526,102.9920,1,0.031734,201.882700,0.00877803,19.5133,1,0.053257,381.771340
2019-01-17,-0.00357376,102.6347,1,0.025546,141.891040,-0.00895638,18.6176,1,0.051118,321.019540
2019-01-18,-0.00912492,101.7222,1,0.046282,321.311990,0.01067671,19.6853,1,0.065369,362.126560
2019-01-22,-0.00593459,101.1287,1,0.033429,223.501270,-0.01308728,18.3766,0,0.000000,0.000000
2019-01-23,-0.00388283,100.7404,1,0.040563,259.191610,0.01328361,19.7049,1,0.065549,341.371575
2019-01-24,-0.01711048,99.0294,1,0.053008,260.516780,-0.00216500,19.4884,1,0.036020,241.415110
2019-01-25,0.00796885,99.8263,1,0.047045,282.037960,0.00599764,20.0882,1,0.046236,342.558260
2019-01-28,-0.00813932,99.0123,1,0.029012,222.402070,-0.00205989,19.8822,0,0.000000,0.000000
2019-01-29,0.00093771,99.1061,1,0.040809,259.340840,-0.00057730,19.8245,1,0.047110,302.152477
2019-01-30,0.00263944,99.3701,1,0.035776,260.544400,0.00222224,20.0467,1,0.038746,301.549020
2019-01-31,0.00127888,99.4979,1,0.044062,262.973300,-0.00682250,19.3645,1,0.042790,282.151510
2019-02-01,-0.00484334,99.0136,1,0.035274,241.485390,-0.02657795,16.7067,1,0.043305,302.069140
2019-02-04,0.00501553,99.5152,1,0.030897,241.560100,-0.00051501,16.6552,1,0.066541,400.428570
2019-02-05,-0.00101103,99.4141,1,0.025513,202.292910,-0.02143610,14.5115,1,0.037110,301.671900
2019-02-06,0.00811677,100.2257,1,0.025103,201.710990,0.00580516,15.0921,1,0.046914,381.583740
2019-02-07,0.00048170,100.2739,1,0.036610,240.952140,-0.02285384,12.8067,1,0.043124,280.934570
2019-02-08,0.00449303,100.7232,1,0.035397,261.234480,0.00122777,12.9295,1,0.053343,338.525780
2019-02-11,0.01164446,101.8877,1,0.023304,200.210880,0.00143548,13.0730,1,0.033892,301.032060
2019-02-12,-0.00048608,101.8390,1,0.039758,261.020010,0.00131426,13.2044,1,0.059124,301.055620
2019-02-13,0.00464477,102.3035,1,0.036873,303.725570,-0.00053820,13.1506,0,0.000000,0.000000
2019-02-14,-0.00482903,101.8206,1,0.028333,261.627410,-0.00627566,12.5230,1,0.037286,344.050041
2019-02-15,0.00749891,102.5705,1,0.027849,261.054250,-0.00482428,12.0406,1,0.051348,260.002560
2019-02-19,-0.00224799,102.3457,1,0.025669,202.827100,-0.00359161,11.6815,0,0.000000,0.000000
2019-02-20,-0.00592708,101.7530,1,0.026798,240.478610,0.00208991,11.8904,1,0.051569,363.451984
2019-02-21,0.01270169,103.0232,1,0.028251,241.566410,-0.00882858,11.0076,1,0.049418,301.758920
2019-02-22,-0.00787006,102.2362,1,0.062696,280.623680,0.00417566,11.4252,1,0.050384,379.420780
2019-02-25,-0.00648513,101.5877,1,0.021923,182.081670,-0.00951840,10.4733,0,0.000000,0.000000
2019-02-26,0.00738776,102.3264,1,0.021074,181.442130,-0.00743820,9.7295,1,0.063240,381.190573
2019-02-27,-0.00456088,101.8703,1,0.023998,201.116350,0.00039080,9.7686,1,0.049340,359.360620
2019-02-28,0.01222609,103.0929,1,0.026401,181.968030,0.00930230,10.6988,1,0.056720,340.781800
2019-03-01,0.00882463,103.9754,1,0.022547,182.031110,-0.02327829,8.3710,1,0.032219,300.735090
2019-03-04,-0.00291272,103.6841,1,0.032032,243.404310,-0.00661510,7.7095,1,0.065520,382.555890
2019-03-05,-0.00471610,103.2125,1,0.030020,201.298840,-0.00333663,7.3758,1,0.046083,319.966790
2019-03-06,0.01059301,104.2718,1,0.037119,280.505390,-0.00600829,6.7750,1,0.042229,339.989280
2019-03-07,-0.00143254,104.1286,1,0.039984,279.080360,0.00043268,6.8182,0,0.000000,0.000000
2019-03-08,-0.00412718,103.7159,1,0.033528,239.654090,0.00832638,7.6509,1,0.055812,298.554188
2019-03-11,0.00082530,103.7984,1,0.023800,161.203170,0.00039024,7.6899,1,0.039976,280.613170
2019-03-12,0.00035657,103.8340,1,0.044013,283.121270,-0.00109405,7.5805,0,0.000000,0.000000
2019-03-13,0.00503984,104.3380,1,0.048506,301.736230,0.01168768,8.7493,1,0.044982,284.631885
2019-03-14,0.00281463,104.6195,1,0.015587,161.383790,-0.00297893,8.4514,1,0.029193,242.430330
2019-03-15,-0.00801093,103.8184,1,0.026313,220.486410,0.00711415,9.1628,1,0.040615,340.243280
2019-03-18,0.00021601,103.8400,1,0.019789,200.868220,-0.01098185,8.0646,1,0.030335,260.943530
2019-03-19,0.00610954,104.4510,1,0.039366,241.242010,-0.00204207,7.8604,1,0.051977,341.311470
2019-03-20,0.00830059,105.2810,1,0.026751,220.926980,0.00547876,8.4083,1,0.047004,320.696970
2019-03-21,0.01311619,106.5926,1,0.040401,240.359870,0.00552197,8.9605,1,0.053373,320.014200
2019-03-22,0.00210163,106.8028,1,0.022277,123.726020,0.01276242,10.2367,0,0.000000,0.000000
2019-03-25,0.00675957,107.4788,1,0.039523,219.009880,0.01078145,11.3149,0,0.000000,0.000000
2019-03-26,-0.00344093,107.1347,1,0.034313,220.139920,0.00851219,12.1661,1,0.038281,239.887876
2019-03-27,0.00456252,107.5909,1,0.023658,162.021700,0.00721622,12.8877,0,0.000000,0.000000
2019-03-28,-0.00221174,107.3697,1,0.018564,120.817570,0.00965246,13.8529,1,0.027234,261.436166
2019-03-29,-0.00434854,106.9349,1,0.022924,181.734330,-0.00105376,13.7476,0,0.000000,0.000000
2019-04-01,0.01034399,107.9693,1,0.042821,241.607110,0.00744703,14.4923,1,0.056807,323.734673
2019-04-02,-0.00940376,107.0289,1,0.037106,223.004680,0.00232962,14.7252,1,0.038768,282.919370
2019-04-03,0.00861843,107.8907,1,0.020787,200.477950,-0.01009230,13.7160,1,0.047100,320.454390
2019-04-04,-0.00540642,107.3501,1,0.044012,300.727930,-0.01010360,12.7056,1,0.047450,380.206070
2019-04-05,0.00048202,107.3983,1,0.049838,280.523750,0.00317731,13.0234,1,0.065639,380.557450
2019-04-08,-0.00628440,106.7699,1,0.044850,301.262760,-0.00516204,12.5072,1,0.045064,301.775770
2019-04-09,0.00125066,106.8949,1,0.037844,279.656350,-0.00809200,11.6980,1,0.044420,321.108760
2019-04-10,0.01137658,108.0326,1,0.061532,319.348630,0.00740766,12.4387,0,0.000000,0.000000
2019-04-11,-0.00609691,107.4229,1,0.034771,240.958890,0.00347056,12.7858,1,0.038164,260.967398
2019-04-12,0.00201760,107.6247,1,0.021670,160.800360,0.01974497,14.7603,1,0.044093,281.284020
2019-04-15,0.00302821,107.9275,1,0.033339,202.473310,-0.00868989,13.8913,1,0.037879,242.537790
2019-04-16,0.01151267,109.0787,1,0.034563,220.274520,-0.00339680,13.5516,1,0.053130,359.398850
2019-04-17,-0.00379652,108.6991,1,0.032322,200.388090,0.02416034,15.9677,1,0.045336,301.188530
2019-04-18,0.01357116,110.0562,1,0.020994,160.393050,-0.01361958,14.6057,1,0.039308,221.140510
2019-04-22,-0.00248813,109.8074,1,0.026253,180.493070,-0.00257455,14.3482,1,0.051295,380.988130
2019-04-23,0.00986806,110.7942,1,0.038634,260.886300,-0.01236687,13.1116,1,0.050397,300.576180
2019-04-24,0.00558101,111.3523,1,0.019749,161.971940,0.00945872,14.0574,1,0.048638,362.494630
2019-04-25,0.01676823,113.0291,1,0.038417,220.728810,-0.00103413,13.9540,1,0.047283,241.782550
2019-04-26,0.00231289,113.2604,1,0.038601,260.493240,-0.00605048,13.3490,1,0.059138,320.333090
2019-04-29,0.00337855,113.5983,1,0.026185,241.507330,0.00195781,13.5447,1,0.044809,342.163810
2019-04-30,-0.00450430,113.1478,1,0.028870,220.275020,-0.00344474,13.2003,1,0.044534,300.788450
2019-05-01,0.00746528,113.8944,1,0.038132,241.330920,-0.00846504,12.3538,1,0.062814,361.449000
2019-05-02,-0.00416709,113.4777,1,0.037409,238.973920,0.00280596,12.6344,0,0.000000,0.000000
2019-05-03,-0.00002072,113.4756,1,0.036502,302.130120,-0.00152658,12.4817,1,0.042318,299.621468
2019-05-06,0.00197030,113.6726,1,0.035350,222.405930,0.00209056,12.6908,0,0.000000,0.000000
2019-05-07,-0.00104364,113.5683,1,0.039164,259.632400,0.00641988,13.3327,1,0.036082,262.255242
2019-05-08,0.00556029,114.1243,1,0.027141,201.085860,-0.00344726,12.9880,0,0.000000,0.000000
2019-05-09,-0.00366212,113.7581,1,0.034502,240.387710,-0.00282415,12.7056,1,0.046095,316.863870
2019-05-10,-0.00146656,113.6114,1,0.035726,240.388430,-0.00399872,12.3057,1,0.049882,320.655800
2019-05-13,0.01282964,114.8944,1,0.043666,240.893370,0.02226626,14.5324,1,0.052754,340.215450
2019-05-14,0.00461623,115.3560,1,0.025947,180.843550,-0.00694600,13.8378,0,0.000000,0.000000
2019-05-15,0.00860337,116.2163,1,0.039893,262.516710,-0.01566046,12.2717,1,0.050856,358.891115
2019-05-16,-0.00811810,115.4045,1,0.038610,261.191110,-0.01214081,11.0576,1,0.060141,359.307070
2019-05-17,-0.01610056,113.7945,1,0.017876,162.260720,-0.00298052,10.7596,1,0.053772,341.004840
2019-05-20,0.00336308,114.1308,1,0.041772,258.302100,0.01475970,12.2356,1,0.040400,319.982820
2019-05-21,-0.00214437,113.9163,1,0.035277,239.365140,-0.00444720,11.7908,1,0.037570,220.939530
2019-05-22,-0.01713528,112.2028,1,0.034208,202.458060,0.00109106,11.8999,0,0.000000,0.000000
2019-05-23,-0.01437157,110.7657,1,0.037937,240.253080,0.02537604,14.4375,1,0.041706,260.687543
2019-05-24,0.00370224,111.1359,1,0.045636,278.009080,0.00117099,14.5546,0,0.000000,0.000000
2019-05-28,0.00409026,111.5449,1,0.033744,221.428760,0.00488458,15.0431,1,0.046622,278.780317
2019-05-29,-0.00032180,111.5127,1,0.042000,280.558690,0.00173471,15.2166,0,0.000000,0.000000
2019-05-30,-0.00711210,110.8015,1,0.044050,239.863820,0.00796909,16.0135,1,0.052651,298.694152
2019-05-31,0.00925552,111.7271,1,0.036238,240.532620,0.00834988,16.8485,1,0.041872,261.217300
2019-06-03,0.00426961,112.1540,1,0.046189,318.697590,-0.01222336,15.6261,1,0.041856,299.760500
2019-06-04,0.00595473,112.7495,1,0.049867,261.638090,-0.00675920,14.9502,1,0.061020,362.234280
2019-06-05,-0.02361525,110.3880,1,0.032415,245.668580,-0.01358529,13.5917,0,0.000000,0.000000
2019-06-06,-0.00810136,109.5778,1,0.026116,181.904630,0.00336780,13.9285,1,0.055370,387.211761
2019-06-07,-0.00644998,108.9329,1,0.044158,261.506400,-0.00995245,12.9332,1,0.046895,301.088110
2019-06-10,-0.00128738,108.8041,1,0.019658,142.187720,0.01172617,14.1058,1,0.047463,321.702870
2019-06-11,0.00201550,109.0057,1,0.027810,161.560680,0.00633396,14.7392,1,0.037634,281.883360
2019-06-12,-0.00090007,108.9157,1,0.037967,240.119640,-0.00505677,14.2336,1,0.044717,300.416090
2019-06-13,0.00398735,109.3144,1,0.042315,300.591640,-0.00708771,13.5248,1,0.043641,340.975860
2019-06-14,-0.00282896,109.0315,1,0.036046,221.709330,-0.00989233,12.5356,1,0.060003,361.866130
2019-06-17,-0.00489729,108.5418,1,0.051639,259.872790,-0.01196035,11.3395,1,0.079755,379.139550
2019-06-18,0.01867417,110.4092,1,0.027943,201.066330,-0.00907584,10.4319,1,0.050384,360.193940
2019-06-19,0.00496820,110.9060,1,0.049700,262.731920,-0.00352036,10.0799,1,0.059406,342.759480
2019-06-20,0.01142572,112.0486,1,0.045998,242.418600,-0.00849963,9.2299,1,0.069893,380.655390
2019-06-21,-0.00602320,111.4463,1,0.031350,201.597010,0.00549323,9.7793,0,0.000000,0.000000
2019-06-24,0.00661123,112.1074,1,0.028387,200.856810,-0.00414663,9.3646,1,0.048493,301.026452
2019-06-25,-0.00569380,111.5380,1,0.045990,300.312330,-0.00257596,9.1070,1,0.048206,300.377790
2019-06-26,0.01531700,113.0697,1,0.043360,259.621870,-0.00601239,8.5058,1,0.047439,319.035610
2019-06-27,-0.00279565,112.7901,1,0.048205,281.240460,-0.00464205,8.0416,1,0.052525,320.572620
2019-06-28,-0.00042333,112.7478,1,0.036433,221.617040,0.00825769,8.8673,0,0.000000,0.000000
2019-07-01,0.00432052,113.1799,1,0.036448,202.737460,0.00989339,9.8567,0,0.000000,0.000000
2019-07-02,-0.00282566,112.8973,1,0.043886,262.102020,-0.00956578,8.9001,1,0.045838,264.349421
2019-07-03,-0.00259813,112.6375,1,0.046343,320.699660,0.00626075,9.5262,1,0.054695,379.449880
2019-07-05,0.00282864,112.9203,1,0.040956,242.093650,-0.00999183,8.5270,0,0.000000,0.000000
2019-07-08,0.00663217,113.5836,1,0.029033,220.837580,-0.01845769,6.6812,1,0.059999,382.125122
2019-07-09,0.00597126,114.1807,1,0.044614,319.656550,0.00218898,6.9001,1,0.069192,378.315610
2019-07-10,-0.00310312,113.8704,1,0.037552,260.550140,-0.00772945,6.1272,1,0.050815,321.186790
2019-07-11,0.00737599,114.6080,1,0.025051,181.597520,0.00248685,6.3758,1,0.043075,321.129230
2019-07-12,-0.01013153,113.5948,1,0.026683,201.801630,0.00620613,6.9965,1,0.050547,301.620180
2019-07-15,0.01265214,114.8600,1,0.029986,182.621290,-0.00283529,6.7129,1,0.045589,302.454080
2019-07-16,-0.01328099,113.5319,1,0.031569,239.081220,0.00236370,6.9493,1,0.050410,339.891400
2019-07-17,0.00162069,113.6940,1,0.038421,221.195770,-0.01257043,5.6923,1,0.035993,281.430120
2019-07-18,-0.00265929,113.4281,1,0.046449,319.755190,-0.00460932,5.2313,0,0.000000,0.000000
2019-07-19,-0.00289413,113.1387,0,0.000000,0.000000,-0.00060613,5.1707,1,0.044853,318.951721
2019-07-22,0.00246591,113.3852,1,0.043609,260.842483,-0.00460145,4.7106,1,0.057655,319.742880
2019-07-23,0.01026640,114.4119,1,0.038060,320.653120,-0.01731675,2.9789,1,0.050775,360.525490
2019-07-24,-0.00783921,113.6280,1,0.033241,261.947720,0.00383156,3.3620,0,0.000000,0.000000
2019-07-25,-0.00786739,112.8412,1,0.035549,261.174360,-0.01122114,2.2399,1,0.048314,363.919538
2019-07-26,-0.01652789,111.1884,1,0.029759,240.348470,0.00866259,3.1062,1,0.069151,320.762260
2019-07-29,-0.00602765,110.5857,1,0.030965,203.172010,0.00577699,3.6839,1,0.040701,282.235130
2019-07-30,0.00596571,111.1822,1,0.024029,181.054980,-0.00908173,2.7757,1,0.037453,300.852760
2019-07-31,-0.00998305,110.1839,1,0.033035,221.949040,0.00859520,3.6352,1,0.057020,281.766180
2019-08-01,0.00548544,110.7325,1,0.045726,239.951250,-0.00868216,2.7670,0,0.000000,0.000000
2019-08-02,-0.02218574,108.5139,1,0.044474,278.324790,-0.00655859,2.1112,1,0.054579,337.051078
2019-08-05,-0.00757967,107.7559,1,0.030237,218.762380,0.00684655,2.7958,1,0.056475,339.655600
2019-08-06,-0.00445581,107.3104,1,0.045941,297.574030,0.00665922,3.4617,0,0.000000,0.000000
2019-08-07,-0.01065116,106.2452,1,0.039346,242.852080,0.00525162,3.9869,0,0.000000,0.000000
2019-08-08,0.01399738,107.6450,1,0.036092,200.766710,-0.01262524,2.7244,1,0.053864,278.920101
2019-08-09,-0.01322259,106.3227,1,0.029579,204.248050,0.00368999,3.0934,0,0.000000,0.000000
2019-08-12,-0.02013998,104.3087,1,0.050398,259.524040,0.00897174,3.9906,1,0.052616,322.168197
2019-08-13,0.01663372,105.9721,1,0.033238,180.617980,-0.00348202,3.6423,0,0.000000,0.000000
2019-08-14,-0.01006683,104.9654,1,0.040583,242.980190,0.01825458,5.4678,0,0.000000,0.000000
2019-08-15,-0.03207878,101.7575,1,0.055608,276.385780,0.02681225,8.1490,0,0.000000,0.000000
2019-08-16,0.00690835,102.4484,1,0.056795,243.967450,-0.01226657,6.9224,1,0.049047,242.526765
2019-08-19,-0.00660003,101.7884,1,0.059133,303.192090,-0.00647138,6.2752,0,0.000000,0.000000
2019-08-20,0.00064373,101.8527,1,0.057537,242.935650,-0.00107602,6.1676,0,0.000000,0.000000
2019-08-21,-0.00301530,101.5512,1,0.037970,200.330770,-0.00489315,5.6783,0,0.000000,0.000000
2019-08-22,-0.00260216,101.2910,1,0.043496,162.072820,0.00035747,5.7141,0,0.000000,0.000000
2019-08-23,-0.01615431,99.6756,1,0.055601,260.617540,0.00631584,6.3457,1,0.059906,347.218584
2019-08-26,0.00145407,99.8210,1,0.043193,199.530370,0.00015215,6.3609,0,0.000000,0.000000
2019-08-27,-0.00971048,98.8499,1,0.042968,181.514420,0.00733847,7.0947,1,0.071803,317.864571
2019-08-28,0.00831804,99.6817,1,0.035496,200.593640,-0.00705064,6.3897,1,0.050604,340.476070
2019-08-29,0.00373210,100.0549,1,0.045030,261.828160,-0.01560353,4.8293,0,0.000000,0.000000
2019-08-30,-0.00155788,99.8992,0,0.000000,0.000000,-0.00316202,4.5131,0,0.000000,0.000000
2019-09-03,0.00030504,99.9297,1,0.065606,323.338841,0.00108726,4.6218,1,0.069984,385.439621
2019-09-04,0.00396362,100.3260,1,0.038338,200.450450,-0.00640744,3.9811,1,0.068214,339.073670
2019-09-05,0.01650498,101.9765,0,0.000000,0.000000,-0.02418990,1.5621,0,0.000000,0.000000
2019-09-06,-0.00337330,101.6392,1,0.036990,225.983667,-0.00804940,0.7571,1,0.043020,381.965221
2019-09-09,0.00866910,102.5061,1,0.038130,162.113920,-0.00612580,0.1446,1,0.068080,341.052880
2019-09-10,0.00064861,102.5710,1,0.035399,163.853960,0.02516205,2.6608,1,0.062285,324.144840
2019-09-11,0.00355579,102.9265,1,0.030311,121.875740,0.00523419,3.1842,1,0.042471,222.800310
2019-09-12,-0.01257380,101.6692,1,0.028420,142.968490,0.00228337,3.4125,1,0.064533,302.882470
2019-09-13,0.01089300,102.7585,1,0.033920,201.424960,-0.00583340,2.8292,1,0.061330,341.091970
2019-09-16,-0.00916216,101.8422,1,0.033246,162.170220,-0.00581560,2.2476,1,0.067210,360.790930
2019-09-17,0.01488637,103.3309,1,0.045413,259.678870,-0.01506443,0.7412,1,0.053973,320.059230
2019-09-18,-0.00003866,103.3270,1,0.027486,161.699190,-0.00235338,0.5058,1,0.054398,360.707310
2019-09-19,0.00227317,103.5543,1,0.046253,240.538400,0.00534870,1.0407,1,0.082970,339.865480
2019-09-20,-0.00093046,103.4613,1,0.043476,219.933530,0.00627444,1.6682,1,0.051796,300.725300
2019-09-23,-0.00330765,103.1305,1,0.032845,159.978850,-0.00589152,1.0790,1,0.040882,280.580700
2019-09-24,0.00250575,103.3811,1,0.044135,220.664720,0.00151692,1.2307,1,0.071208,360.015610
2019-09-25,0.00175043,103.5561,1,0.036807,240.203370,-0.00028428,1.2023,1,0.061348,339.420440
2019-09-26,-0.01057160,102.4990,0,0.000000,0.000000,-0.00537454,0.6648,1,0.053634,342.351180
2019-09-27,0.00362642,102.8616,1,0.046158,261.528407,-0.00947533,-0.2827,1,0.058953,320.211140
2019-09-30,0.00964684,103.8263,1,0.061696,319.808160,-0.01271332,-1.5540,1,0.053312,321.219680
2019-10-01,-0.00427756,103.3985,1,0.054566,301.162460,0.00104873,-1.4492,1,0.063997,341.088620
2019-10-02,-0.00221316,103.1772,1,0.036556,219.499290,0.00367280,-1.0819,0,0.000000,0.000000
2019-10-03,-0.00279694,102.8975,1,0.042484,239.287500,0.00714941,-0.3670,0,0.000000,0.000000
2019-10-04,0.00271882,103.1694,1,0.027768,161.669750,-0.00429191,-0.7961,1,0.053001,278.690268
2019-10-07,-0.00097726,103.0717,1,0.028136,162.946950,0.00091449,-0.7047,0,0.000000,0.000000
2019-10-08,0.01271356,104.3430,1,0.024674,180.318370,0.01140908,0.4362,1,0.046662,301.750769
2019-10-09,-0.00690292,103.6528,1,0.036752,220.257070,-0.00968495,-0.5323,0,0.000000,0.000000
2019-10-10,0.01228494,104.8812,1,0.026676,182.725000,-0.00053891,-0.5862,0,0.000000,0.000000
2019-10-11,-0.00464637,104.4166,1,0.028527,201.904370,0.00901199,0.3150,1,0.061211,340.388932
2019-10-14,0.00027431,104.4440,1,0.020809,143.826190,-0.00603030,-0.2880,0,0.000000,0.000000
2019-10-15,-0.00864215,103.5798,1,0.025655,140.897500,0.00583490,0.2955,1,0.054120,343.849593
2019-10-16,-0.00078195,103.5016,1,0.042705,222.386900,-0.00049223,0.2463,0,0.000000,0.000000
2019-10-17,-0.00314429,103.1872,1,0.043419,240.426710,-0.00648688,-0.4024,1,0.048398,341.790585
2019-10-18,-0.00609426,102.5778,1,0.046266,282.004590,-0.00127488,-0.5299,1,0.059578,361.869710
2019-10-21,-0.00572313,102.0055,1,0.023273,181.529560,-0.00430471,-0.9604,1,0.050121,280.866810
2019-10-22,-0.00860464,101.1450,1,0.029794,241.960100,0.01011610,0.0512,1,0.044460,301.668950
2019-10-23,0.00984262,102.1293,1,0.040648,240.513670,-0.00599708,-0.5485,1,0.050838,281.309870
2019-10-24,-0.00198576,101.9307,0,0.000000,0.000000,-0.01541816,-2.0903,1,0.059746,320.896870
2019-10-25,-0.01027767,100.9029,0,0.000000,0.000000,-0.00777716,-2.8680,1,0.052026,319.236750
2019-10-28,-0.00623715,100.2792,1,0.041945,243.469313,0.00841845,-2.0262,1,0.072305,361.496610
2019-10-29,0.00411915,100.6911,1,0.048095,260.797030,0.00132873,-1.8933,1,0.051287,241.737330
2019-10-30,-0.00289941,100.4012,1,0.035861,221.271750,-0.01541003,-3.4343,1,0.052413,301.951480
2019-10-31,0.00484455,100.8856,1,0.048905,241.592620,-0.01154390,-4.5887,1,0.072810,379.785030
2019-11-01,0.00243417,101.1291,1,0.026033,200.498320,-0.01266210,-5.8549,1,0.063640,319.686300
2019-11-04,-0.00096536,101.0325,1,0.060336,341.334390,0.00953111,-4.9018,1,0.058099,321.141450
2019-11-05,-0.01632537,99.4000,1,0.035097,260.517740,0.00385142,-4.5166,1,0.056648,262.287710
2019-11-06,0.00089080,99.4891,1,0.031190,220.854060,-0.00595121,-5.1118,1,0.063041,300.292490
2019-11-07,-0.00094366,99.3947,1,0.040566,220.006370,-0.03574215,-8.6860,1,0.068665,360.407820
2019-11-08,0.00859192,100.2539,1,0.039498,221.631040,0.00296759,-8.3892,1,0.059141,382.397630
2019-11-11,-0.01074701,99.1792,1,0.054611,320.593490,-0.01678330,-10.0675,1,0.053210,340.778340
2019-11-12,-0.00254473,98.9247,1,0.032593,219.278050,0.00545481,-9.5221,1,0.070599,378.627760
2019-11-13,0.00448878,99.3736,1,0.035752,180.926580,0.00167673,-9.3544,1,0.045327,300.910720
2019-11-14,-0.00174828,99.1988,1,0.044028,320.294590,0.00139415,-9.2150,1,0.056325,360.828480
2019-11-15,0.01134441,100.3332,1,0.048389,260.784840,-0.01084222,-10.2992,1,0.052752,340.397620
2019-11-18,0.00332830,100.6660,1,0.031280,202.384910,-0.00997318,-11.2965,1,0.055398,360.779190
2019-11-19,-0.00237349,100.4287,1,0.028859,181.273170,0.00039084,-11.2574,1,0.060456,359.653720
2019-11-20,0.00217860,100.6465,1,0.035540,260.478630,0.00124044,-11.1334,1,0.054666,341.136140
2019-11-21,-0.00775315,99.8712,1,0.051655,280.110300,0.00746028,-10.3874,1,0.058872,320.451830
2019-11-22,0.00178472,100.0497,1,0.037688,240.200720,-0.01079152,-11.4665,1,0.038862,240.198280
2019-11-25,-0.01020001,99.0297,1,0.033271,261.627700,0.01131358,-10.3352,1,0.060022,342.016590
2019-11-26,0.01211921,100.2416,1,0.028119,202.016270,-0.01219584,-11.5547,0,0.000000,0.000000
2019-11-27,-0.00117256,100.1244,0,0.000000,0.000000,-0.00894022,-12.4488,1,0.068412,361.426225
2019-11-29,0.00458887,100.5833,1,0.027383,222.206314,-0.00978399,-13.4272,1,0.061429,361.461770
2019-12-02,-0.00729759,99.8535,1,0.075999,338.687790,-0.00176582,-13.6037,0,0.000000,0.000000
2019-12-03,-0.00034648,99.8188,1,0.052448,239.961380,-0.00400923,-14.0047,0,0.000000,0.000000
2019-12-04,0.00759245,100.5781,1,0.039555,220.033460,-0.01047001,-15.0517,1,0.054841,298.053880
2019-12-05,-0.00154951,100.4231,1,0.018351,142.712400,-0.00121371,-15.1730,0,0.000000,0.000000
2019-12-06,-0.00092031,100.3311,1,0.025631,141.435500,-0.00065882,-15.2389,1,0.068502,323.140157
2019-12-09,0.00030296,100.3614,1,0.012604,82.246580,-0.00568661,-15.8076,1,0.062961,301.574480
2019-12-10,0.00815807,101.1772,1,0.023383,200.017140,-0.00966851,-16.7744,1,0.051141,359.727160
2019-12-11,-0.00248264,100.9289,1,0.027224,200.594330,-0.00301694,-17.0761,1,0.063744,360.404030
2019-12-12,0.00511129,101.4401,1,0.019411,161.321140,0.00208000,-16.8681,1,0.064340,321.076750
2019-12-13,0.00254892,101.6950,1,0.051278,223.545660,-0.00687416,-17.5555,1,0.067546,283.369160
2019-12-16,0.01095308,102.7903,1,0.033412,160.485830,-0.00208871,-17.7644,1,0.061511,339.642050
2019-12-17,0.01069676,103.8600,1,0.028984,202.132260,0.00124494,-17.6399,1,0.071916,342.112180
2019-12-18,-0.00349277,103.5107,1,0.030857,220.930120,-0.00601001,-18.2409,1,0.049481,301.210270
2019-12-19,0.00866786,104.3775,1,0.029254,221.513100,0.00193495,-18.0474,1,0.045125,340.726360
2019-12-20,0.00357618,104.7351,1,0.024872,220.663400,-0.00717010,-18.7644,1,0.044720,321.856640
2019-12-23,-0.00236015,104.4991,1,0.029155,200.680850,-0.01296000,-20.0604,1,0.053780,341.529670
2019-12-24,0.00495545,104.9946,1,0.033705,240.647840,-0.00991343,-21.0518,1,0.071603,381.076380
2019-12-26,-0.00059112,104.9355,1,0.080822,300.215470,0.00100011,-20.9518,1,0.104959,380.137520
2019-12-27,-0.00094969,104.8405,1,0.040009,300.347150,-0.00053647,-21.0054,1,0.043447,280.698130
2019-12-30,-0.00091085,104.7494,1,0.041175,259.894140,-0.00359830,-21.3652,1,0.046580,320.458880
2019-12-31,-0.00204433,104.5450,1,0.049003,299.829150,0.00290074,-21.0752,1,0.058326,339.691650
