date,model_ret,model_equity,model_rebalanced,model_cost,model_traded,naive_ret,naive_equity,naive_rebalanced,naive_cost,naive_traded
2015-01-02,-0.00170395,99.8296,1,0.032095,200.000000,0.00000000,100.0000,0,0.000000,0.000000
2015-01-05,0.00209379,100.0390,1,0.030551,200.643360,0.00100563,100.1006,1,0.047157,200.000000
2015-01-06,-0.00329421,99.7096,1,0.032061,239.763690,0.01223753,101.3243,0,0.000000,0.000000
2015-01-07,-0.00758911,98.9507,1,0.019661,141.635720,0.00307885,101.6322,1,0.038215,219.104328
2015-01-08,0.00458866,99.4095,1,0.057934,202.829630,-0.00658411,100.9738,0,0.000000,0.000000
2015-01-09,-0.00709271,98.7002,1,0.041411,303.927260,0.01268128,102.2419,0,0.000000,0.000000
2015-01-12,0.00213559,98.9138,1,0.059731,240.711760,0.01078937,103.3209,0,0.000000,0.000000
2015-01-13,-0.00156935,98.7569,1,0.029775,142.117850,0.00165810,103.4867,1,0.051390,203.420600
2015-01-14,0.00220594,98.9775,1,0.016826,161.288640,0.01037373,104.5240,1,0.054617,320.940180
2015-01-15,0.00739329,99.7168,1,0.023491,180.773580,0.00932284,105.4563,1,0.038256,239.960730
2015-01-16,-0.00817194,98.8996,1,0.015934,101.465640,0.00620425,106.0767,1,0.043315,259.027520
2015-01-20,0.00590310,99.4899,1,0.027910,183.147340,-0.00095178,105.9816,0,0.000000,0.000000
2015-01-21,-0.00870422,98.6195,1,0.039182,220.860660,0.00063573,106.0451,1,0.057917,322.054929
2015-01-22,-0.00616653,98.0028,1,0.026523,181.952360,-0.00219282,105.8259,1,0.048462,301.528770
2015-01-23,-0.00887489,97.1153,1,0.028249,184.760190,0.00001002,105.8269,0,0.000000,0.000000
2015-01-26,-0.00241037,96.8743,1,0.048787,260.484020,-0.00484784,105.3421,1,0.037464,282.316221
2015-01-27,0.00134812,97.0091,1,0.029408,202.889390,-0.00281445,105.0606,1,0.053575,361.373840
2015-01-28,0.00314808,97.3239,1,0.026032,140.812660,-0.00184216,104.8764,0,0.000000,0.000000
2015-01-29,-0.01589419,95.7345,1,0.016539,100.637340,-0.00377087,104.4993,0,0.000000,0.000000
2015-01-30,0.00958718,96.6932,1,0.025732,163.410640,-0.01415338,103.0840,1,0.052268,279.910846
2015-02-02,0.00138168,96.8314,1,0.030412,199.979950,0.00381765,103.4658,0,0.000000,0.000000
2015-02-03,0.01281402,98.1128,1,0.018338,141.900580,0.00425315,103.8911,1,0.067115,299.538821
2015-02-04,0.00847420,98.9602,1,0.021220,163.784060,-0.01880632,102.0104,0,0.000000,0.000000
2015-02-05,0.00846157,99.8064,1,0.026783,181.873900,-0.00830371,101.1801,1,0.065881,382.864719
2015-02-06,0.00612389,100.4188,1,0.050521,203.198060,-0.01258898,99.9212,1,0.047508,321.833850
2015-02-09,-0.00345203,100.0736,1,0.033053,161.872890,0.00627358,100.5485,1,0.051272,341.563590
2015-02-10,-0.01220939,98.8526,1,0.028719,160.557870,0.00933088,101.4816,1,0.063642,299.843650
2015-02-11,-0.00056606,98.7960,1,0.013466,102.740900,-0.00452950,101.0287,0,0.000000,0.000000
2015-02-12,0.00999933,99.7959,1,0.021467,161.012140,-0.00880357,100.1483,1,0.059317,325.019739
2015-02-13,-0.00672188,99.1238,1,0.031018,223.244060,0.00752005,100.9003,0,0.000000,0.000000
2015-02-17,-0.00296277,98.8275,1,0.029677,221.025910,-0.00435214,100.4651,1,0.052584,283.535052
2015-02-18,0.00026416,98.8539,1,0.027644,120.727440,0.00726696,101.1918,1,0.065104,379.936510
2015-02-19,-0.00574669,98.2792,1,0.035139,221.324780,-0.00874369,100.3174,1,0.061229,281.599260
2015-02-20,-0.00440783,97.8384,1,0.014743,121.180030,-0.00789608,99.5278,1,0.050238,339.735420
2015-02-23,0.00426799,98.2652,1,0.041851,161.978520,-0.01767567,97.7602,0,0.000000,0.000000
2015-02-24,-0.00472980,97.7923,1,0.030710,140.743950,-0.01017079,96.7432,1,0.049309,403.059735
2015-02-25,-0.00100142,97.6921,1,0.047242,201.763110,-0.00126614,96.6166,1,0.055814,341.183730
2015-02-26,-0.00255940,97.4362,1,0.039040,219.932340,-0.01104401,95.5122,1,0.057301,280.383860
2015-02-27,0.00510989,97.9472,1,0.042381,260.445940,-0.00884122,94.6280,1,0.056542,280.299380
2015-03-02,-0.00007702,97.9395,1,0.027502,140.583430,-0.01022690,93.6053,1,0.073640,339.823680
2015-03-03,-0.00158942,97.7805,1,0.020672,162.010380,-0.00636063,92.9693,1,0.072143,341.706430
2015-03-04,0.00305054,98.0856,1,0.012486,102.201950,-0.00591761,92.3775,1,0.049091,320.180880
2015-03-05,0.00808392,98.8940,1,0.019658,160.891780,0.00042530,92.4200,1,0.049250,319.900730
2015-03-06,0.00360966,99.2549,1,0.012674,121.182010,-0.00047867,92.3722,1,0.070707,301.078560
2015-03-09,0.00050548,99.3055,1,0.017352,141.192520,0.00881712,93.2539,0,0.000000,0.000000
2015-03-10,-0.00406181,98.8993,1,0.022641,181.801560,0.00723512,93.9774,1,0.042918,240.440077
2015-03-11,0.00425702,99.3250,1,0.028048,140.818280,-0.01258130,92.7193,0,0.000000,0.000000
2015-03-12,0.00196300,99.5213,1,0.019860,121.945550,-0.00197603,92.5217,1,0.050943,320.001507
2015-03-13,-0.00245621,99.2757,1,0.015851,102.789040,0.00153663,92.6753,0,0.000000,0.000000
2015-03-16,-0.00764968,98.5107,1,0.035048,200.539430,0.00801719,93.4771,1,0.041171,302.002112
2015-03-17,-0.00171121,98.3396,1,0.031791,223.060260,0.00505351,93.9824,0,0.000000,0.000000
2015-03-18,-0.00056060,98.2835,1,0.030030,181.014990,0.01172137,95.1545,1,0.038893,262.221221
2015-03-19,0.00177123,98.4607,1,0.037617,182.003750,0.01020093,96.1746,0,0.000000,0.000000
2015-03-20,0.00483994,98.9447,1,0.029416,221.237500,-0.00882734,95.2919,1,0.034084,243.545919
2015-03-23,0.00302270,99.2469,1,0.026730,222.218490,-0.00103195,95.1887,0,0.000000,0.000000
2015-03-24,-0.00076118,99.1708,1,0.027638,220.314120,-0.00186225,95.0025,1,0.046455,321.625824
2015-03-25,-0.00744155,98.4267,1,0.009015,61.630160,0.00862790,95.8653,1,0.049720,299.737930
2015-03-26,0.00227088,98.6537,1,0.045622,220.501060,0.00033408,95.8987,0,0.000000,0.000000
2015-03-27,-0.00363912,98.2898,1,0.027262,221.122130,-0.00305073,95.5936,1,0.045133,299.206323
2015-03-30,0.00091940,98.3818,1,0.037490,221.309390,-0.00016685,95.5769,1,0.056895,341.530340
2015-03-31,0.01038889,99.4207,1,0.031321,202.832070,0.00005834,95.5828,0,0.000000,0.000000
2015-04-01,-0.00244688,99.1760,1,0.022738,160.928370,-0.00296550,95.2862,1,0.048450,303.025020
2015-04-02,-0.00029429,99.1465,1,0.024929,121.011970,-0.00189353,95.0969,1,0.055533,319.050500
2015-04-06,-0.01025096,98.1214,1,0.031976,201.913240,-0.00210915,94.8859,1,0.042045,262.212340
2015-04-07,0.00302358,98.4238,1,0.037622,161.920060,-0.00932669,93.9533,1,0.049369,301.393430
2015-04-08,0.00166065,98.5899,1,0.028515,180.292580,-0.00028637,93.9246,1,0.054377,339.899540
2015-04-09,-0.00322911,98.2670,1,0.034541,201.497880,-0.00415700,93.5089,1,0.053870,340.955860
2015-04-10,0.00347278,98.6142,1,0.031352,141.702750,0.00140616,93.6495,1,0.049304,301.611190
2015-04-13,0.00912440,99.5267,1,0.023880,161.025290,-0.01106770,92.5428,1,0.048490,360.583700
2015-04-14,0.00409042,99.9357,1,0.033308,160.729880,0.00419393,92.9622,1,0.057687,319.383380
2015-04-15,0.00534077,100.4698,1,0.032763,221.507970,0.00363374,93.3255,1,0.056676,301.367080
2015-04-16,-0.00173005,100.2968,1,0.029645,162.431020,-0.00786696,92.5389,1,0.047276,282.788590
2015-04-17,0.00015335,100.3121,1,0.029115,161.283960,-0.00060460,92.4784,1,0.046690,340.708240
2015-04-20,0.00393752,100.7059,1,0.028178,160.760770,-0.00082655,92.3957,0,0.000000,0.000000
2015-04-21,0.00327933,101.0338,1,0.021887,181.317090,-0.00309545,92.0862,1,0.060805,339.276184
2015-04-22,0.00173436,101.2072,1,0.041814,201.399700,-0.00586492,91.4997,1,0.057282,301.176040
2015-04-23,0.00976497,102.1837,1,0.016523,161.786830,-0.00467201,91.0325,1,0.048721,301.198670
2015-04-24,-0.00095200,102.0885,1,0.017160,161.562900,0.00292402,91.3249,1,0.065968,380.601740
2015-04-27,0.00786005,102.8745,1,0.028025,220.822900,-0.01010824,90.3141,1,0.047594,341.234130
2015-04-28,-0.02289372,100.5852,1,0.028392,199.560290,0.01445994,91.7601,1,0.063266,358.913390
2015-04-29,0.00554970,101.1401,1,0.023060,163.288340,-0.00084450,91.6756,1,0.048370,322.374540
2015-04-30,-0.00072035,101.0681,1,0.029465,181.803830,0.01973046,93.6487,1,0.045744,240.318620
2015-05-01,0.00564432,101.6325,1,0.025698,161.132450,0.00124806,93.7735,0,0.000000,0.000000
2015-05-04,-0.01451556,100.1810,1,0.028766,182.582410,0.00595006,94.3685,0,0.000000,0.000000
2015-05-05,-0.00213536,99.9674,1,0.030106,181.383190,-0.00453456,93.9150,1,0.037336,302.680244
2015-05-06,0.00433237,100.4007,1,0.026113,160.787550,0.00288352,94.2034,0,0.000000,0.000000
2015-05-07,0.00110770,100.5115,1,0.019490,140.925230,0.00365455,94.5688,1,0.056715,337.401087
2015-05-08,0.00474588,100.9860,1,0.024322,141.699420,-0.01431154,93.1377,1,0.054834,321.098170
2015-05-11,-0.00368733,100.6173,1,0.020363,123.172390,-0.00903241,92.2344,0,0.000000,0.000000
2015-05-12,0.00339008,100.9563,1,0.020672,140.898030,-0.00780594,91.4538,1,0.065774,342.954081
2015-05-13,0.02045301,103.0016,1,0.028969,180.808060,0.01233640,92.6875,1,0.043120,320.726520
2015-05-14,0.00244505,103.2461,1,0.034035,162.577930,-0.00442909,92.2446,1,0.043389,301.714160
2015-05-15,-0.00441830,102.8043,1,0.055590,242.993580,-0.00780841,91.4637,0,0.000000,0.000000
2015-05-18,0.00477591,103.2819,1,0.028149,201.196420,-0.00319992,91.1437,1,0.063742,363.197096
2015-05-19,0.00329070,103.6110,1,0.046350,181.300200,0.00458348,91.6021,1,0.064462,321.577470
2015-05-20,-0.01177941,102.4330,1,0.031321,241.489140,0.00466034,92.0681,1,0.043486,300.915550
2015-05-21,-0.00229626,102.2034,1,0.019796,141.382160,-0.00035301,92.0328,1,0.047191,320.687460
2015-05-22,-0.00226294,101.9771,1,0.013884,81.091830,-0.02182796,89.8500,1,0.058946,320.113890
2015-05-26,0.00641416,102.6185,1,0.023574,161.771530,-0.00130145,89.7199,1,0.059335,361.188830
2015-05-27,-0.00200918,102.4176,0,0.000000,0.000000,0.00540104,90.2600,0,0.000000,0.000000
2015-05-28,0.00192610,102.6102,0,0.000000,0.000000,0.00178749,90.4387,0,0.000000,0.000000
2015-05-29,0.00152524,102.7627,1,0.052256,279.242900,0.00215562,90.6543,1,0.056778,318.633928
2015-06-01,0.00152374,102.9151,1,0.042846,219.753840,0.00316749,90.9710,1,0.051851,279.576960
2015-06-02,0.00649509,103.5646,1,0.036091,220.994480,-0.00424577,90.5465,1,0.038267,261.166880
2015-06-03,-0.01154850,102.4098,1,0.039810,260.264100,0.02321772,92.8682,1,0.060148,360.620290
2015-06-04,-0.00316362,102.0934,1,0.015402,122.183500,-0.00281519,92.5867,1,0.021309,142.436840
2015-06-05,0.00214080,102.3075,1,0.034750,220.622320,0.01392333,93.9791,0,0.000000,0.000000
2015-06-08,0.00547119,102.8546,1,0.028471,220.688910,-0.00588511,93.3905,1,0.029101,201.000552
2015-06-09,-0.00622456,102.2321,1,0.024706,140.796350,0.00679147,94.0697,0,0.000000,0.000000
2015-06-10,0.00748439,102.9806,1,0.018051,140.771370,0.00214156,94.2838,1,0.036784,259.889190
2015-06-11,0.00067933,103.0485,1,0.029037,181.936070,-0.00835818,93.4480,0,0.000000,0.000000
2015-06-12,0.00022053,103.0706,1,0.014717,121.276370,-0.00626940,92.8211,1,0.058620,383.128947
2015-06-15,0.00761556,103.8321,1,0.044294,180.163410,0.00375843,93.1969,0,0.000000,0.000000
2015-06-16,0.00613804,104.4459,1,0.026396,200.473370,0.00404769,93.6017,0,0.000000,0.000000
2015-06-17,-0.00187274,104.2587,1,0.022874,161.372460,0.00206191,93.8079,1,0.045429,319.942421
2015-06-18,-0.00013723,104.2449,1,0.043043,261.095340,0.00893872,94.7018,1,0.061138,280.667680
2015-06-19,0.00182367,104.4273,1,0.027993,181.597760,-0.00504654,94.1971,0,0.000000,0.000000
2015-06-22,0.00600247,105.0275,1,0.035623,280.186380,-0.00265219,93.9319,1,0.043809,321.212968
2015-06-23,-0.00205528,104.8220,1,0.019528,181.583350,0.00806646,94.7385,1,0.032594,240.487850
2015-06-24,-0.00387479,104.4345,1,0.014939,101.103940,0.00485854,95.2244,1,0.024556,221.144460
2015-06-25,-0.01136960,103.2976,1,0.019720,141.114000,0.00168224,95.3926,0,0.000000,0.000000
2015-06-26,-0.00329563,102.9680,1,0.020013,140.935500,-0.00359835,95.0328,1,0.045695,298.982350
2015-06-29,0.00096234,103.0642,1,0.012366,101.416030,-0.00191054,94.8417,1,0.050374,340.455840
2015-06-30,0.00369492,103.4337,1,0.031068,200.154180,-0.00506373,94.3353,0,0.000000,0.000000
2015-07-01,-0.00315539,103.1182,1,0.031739,141.651720,-0.00258157,94.0772,1,0.060847,357.898613
2015-07-02,0.00325361,103.4436,1,0.034129,182.233380,0.00351155,94.4283,1,0.055105,342.146410
2015-07-06,-0.00744559,102.6990,1,0.044469,200.288310,0.00297940,94.7263,1,0.052900,299.941700
2015-07-07,-0.00651702,102.0473,1,0.025242,160.925790,0.00339460,95.0657,1,0.042290,300.766280
2015-07-08,-0.00378366,101.6689,1,0.032326,182.122580,0.00183639,95.2494,1,0.052921,321.175850
2015-07-09,-0.00711997,100.9569,1,0.039877,161.025980,-0.00814011,94.4354,0,0.000000,0.000000
2015-07-10,0.00078828,101.0358,1,0.016732,121.681200,0.00286951,94.7223,1,0.056509,338.600517
2015-07-13,-0.01051390,99.9844,1,0.023440,122.373200,0.00654723,95.3770,0,0.000000,0.000000
2015-07-14,0.00128707,100.1131,1,0.021513,142.114050,-0.00485037,94.8920,0,0.000000,0.000000
2015-07-15,0.00160929,100.2740,1,0.036101,201.479300,-0.00233263,94.6587,1,0.050323,344.776306
2015-07-16,-0.00997080,99.2769,1,0.045080,181.465450,-0.00062464,94.5963,1,0.058654,319.120660
2015-07-17,-0.00856762,98.4202,1,0.036302,222.410760,0.00278292,94.8746,1,0.054928,341.049490
2015-07-20,-0.00351826,98.0683,1,0.026836,160.880240,0.01112232,95.9868,1,0.046838,280.195900
2015-07-21,0.01045940,99.1143,1,0.028810,141.410730,-0.00972034,95.0148,1,0.044244,261.868130
2015-07-22,-0.00198298,98.9160,1,0.021628,140.851950,-0.00253153,94.7616,1,0.071973,360.394930
2015-07-23,0.00704999,99.6210,1,0.018871,163.088910,-0.00326136,94.4355,1,0.057716,300.991320
2015-07-24,0.00068694,99.6897,1,0.027096,122.531690,-0.01425324,93.0102,1,0.050634,300.936060
2015-07-27,0.00951411,100.6411,1,0.018839,121.370270,-0.00764674,92.2455,0,0.000000,0.000000
2015-07-28,0.00350768,100.9919,1,0.025842,140.768530,-0.00005625,92.2399,1,0.059985,377.020130
2015-07-29,-0.00227241,100.7646,1,0.035631,161.647630,0.00017562,92.2574,0,0.000000,0.000000
2015-07-30,-0.00482268,100.2823,1,0.032248,182.194290,-0.00436592,91.8208,0,0.000000,0.000000
2015-07-31,0.00564866,100.8472,1,0.023834,161.756460,-0.00786665,91.0342,1,0.063975,364.377877
2015-08-03,-0.00552198,100.2950,1,0.042458,241.717220,0.00842629,91.8768,1,0.073171,322.109750
2015-08-04,-0.00121258,100.1738,1,0.023138,141.538660,-0.00270539,91.6063,1,0.050009,280.765060
2015-08-05,-0.00826137,99.3476,1,0.032657,221.255160,0.00674558,92.2808,1,0.043182,320.431510
2015-08-06,0.00033746,99.3814,1,0.035334,181.918840,-0.00571143,91.7097,1,0.047273,262.810280
2015-08-07,-0.00506950,98.8744,1,0.049560,279.508980,0.00115197,91.8249,1,0.057243,359.407590
2015-08-10,0.00961426,99.8358,1,0.025344,160.778330,-0.00975421,90.8494,1,0.044801,281.033800
2015-08-11,-0.01059803,98.7760,1,0.042633,182.889530,-0.02388376,88.4611,0,0.000000,0.000000
2015-08-12,-0.00379976,98.3961,1,0.041146,181.160430,0.01446114,89.9072,1,0.051476,278.178915
2015-08-13,-0.00208237,98.1878,1,0.055577,241.890730,-0.00712230,89.1950,1,0.035120,203.028150
2015-08-14,-0.00611922,97.5759,1,0.036242,181.028520,0.00012200,89.2072,1,0.066750,340.785650
2015-08-17,0.00309848,97.8858,1,0.048462,162.163220,0.00362967,89.5701,0,0.000000,0.000000
2015-08-18,-0.00723659,97.1621,1,0.023079,121.717790,-0.00588270,88.9819,1,0.061400,303.468761
2015-08-19,-0.00731064,96.4310,1,0.045784,180.855560,-0.00017257,88.9646,1,0.066897,358.907710
2015-08-20,-0.00672606,95.7584,1,0.031686,161.102540,0.00071522,89.0361,1,0.048798,299.886360
2015-08-21,0.00117723,95.8761,1,0.029377,200.806340,-0.00278422,88.7577,0,0.000000,0.000000
2015-08-24,-0.01003495,94.8727,1,0.034145,180.103760,0.01112191,89.8699,0,0.000000,0.000000
2015-08-25,0.00142568,95.0152,1,0.034402,121.328150,0.00206809,90.0767,0,0.000000,0.000000
2015-08-26,-0.00595530,94.4197,1,0.029120,120.810810,-0.00724185,89.3525,0,0.000000,0.000000
2015-08-27,0.00630103,95.0498,1,0.047027,225.546070,-0.01879141,87.4734,0,0.000000,0.000000
2015-08-28,0.00250536,95.3003,1,0.054454,324.927230,-0.00703434,86.7699,0,0.000000,0.000000
2015-08-31,-0.00636000,94.6643,1,0.048380,280.084690,0.00488758,87.2587,1,0.069572,392.287253
2015-09-01,0.00862618,95.5269,1,0.047222,199.706300,-0.00580339,86.6784,0,0.000000,0.000000
2015-09-02,-0.00413642,95.1133,1,0.036522,199.513720,-0.00496763,86.1816,0,0.000000,0.000000
2015-09-03,0.00083279,95.1966,1,0.043791,263.715460,0.00989577,87.1712,0,0.000000,0.000000
2015-09-04,-0.00062297,95.1343,1,0.060467,241.166030,-0.00213806,86.9574,1,0.055236,297.613705
2015-09-08,-0.00266041,94.8682,1,0.050101,239.988250,0.00540984,87.4983,0,0.000000,0.000000
2015-09-09,-0.00558834,94.3094,1,0.075524,325.962040,-0.00389480,87.1089,0,0.000000,0.000000
2015-09-10,-0.00111932,94.1975,1,0.071402,318.185270,0.00098502,87.2074,0,0.000000,0.000000
2015-09-11,0.00086741,94.2842,1,0.048499,280.868870,0.00103125,87.3105,1,0.055125,280.568861
2015-09-14,-0.00905802,93.3784,1,0.033652,222.058240,0.00306453,87.6169,1,0.055257,301.987510
2015-09-15,0.00161837,93.5403,1,0.028413,141.747230,-0.00979349,86.6376,1,0.049189,300.275570
2015-09-16,0.00710995,94.2512,1,0.031265,182.680810,-0.01193042,85.4446,0,0.000000,0.000000
2015-09-17,0.00887675,95.1389,1,0.044405,261.774400,-0.00304967,85.1396,0,0.000000,0.000000
2015-09-18,0.00816721,95.9556,1,0.041299,280.830600,0.00821157,85.9607,1,0.054883,324.805566
2015-09-21,0.00700413,96.6561,1,0.049937,219.946140,-0.00091148,85.8696,0,0.000000,0.000000
2015-09-22,0.00502979,97.1590,1,0.038551,220.905950,0.00784846,86.6544,1,0.061834,318.653712
2015-09-23,0.00443615,97.6027,1,0.031675,180.899250,0.00568704,87.2231,0,0.000000,0.000000
2015-09-24,0.00016618,97.6193,1,0.014592,120.789730,-0.00828440,86.3947,1,0.054490,337.685636
2015-09-25,-0.01600542,96.0187,1,0.020332,141.923170,0.01697995,88.0927,1,0.054055,340.298990
2015-09-28,-0.00468081,95.5507,1,0.022871,162.120150,0.02294274,90.3870,1,0.049336,281.791590
2015-09-29,-0.00564572,94.9861,1,0.016652,103.193110,0.00915762,91.3027,0,0.000000,0.000000
2015-09-30,0.00905586,95.8917,1,0.014384,83.785160,-0.00491531,90.8112,1,0.067101,318.735549
2015-10-01,-0.00723310,95.1684,1,0.044800,283.701430,-0.00377808,90.4334,0,0.000000,0.000000
2015-10-02,0.00008072,95.1764,1,0.037348,220.904570,-0.01988487,88.4449,1,0.047377,323.550118
2015-10-05,-0.00221435,94.9550,1,0.047455,223.804760,-0.00705325,87.7396,0,0.000000,0.000000
2015-10-06,-0.00426488,94.5285,1,0.047058,264.337020,-0.01230437,86.5092,0,0.000000,0.000000
2015-10-07,-0.00105838,94.4227,1,0.032798,181.971550,-0.00592405,85.9167,1,0.052355,388.121880
2015-10-08,-0.00495596,93.9271,1,0.021456,142.084660,0.01517369,87.4341,0,0.000000,0.000000
2015-10-09,0.00045709,93.9728,1,0.040471,222.617420,-0.01288420,86.1457,0,0.000000,0.000000
2015-10-12,-0.00389569,93.5832,1,0.028659,201.305820,0.00487630,86.6333,1,0.060600,364.250253
2015-10-13,0.00326019,93.9092,1,0.024431,161.243070,0.00497431,87.1308,1,0.048869,281.385390
2015-10-14,-0.01182703,92.7265,1,0.047503,200.558030,-0.01927488,85.2033,0,0.000000,0.000000
2015-10-15,0.00042698,92.7692,1,0.026932,162.128740,-0.00609222,84.5940,1,0.067212,360.398166
2015-10-16,0.00971252,93.7405,1,0.048488,203.085110,-0.01238921,83.3551,0,0.000000,0.000000
2015-10-19,0.00434236,94.1747,1,0.029844,141.557800,0.00549251,83.9044,1,0.069079,382.911361
2015-10-20,-0.00144780,94.0299,1,0.024710,122.579620,-0.00624119,83.2803,1,0.035819,281.342450
2015-10-21,0.01123700,95.1536,1,0.023790,120.846310,0.00263638,83.5439,1,0.065512,340.493320
2015-10-22,0.00489567,95.6432,1,0.019333,101.232050,0.01601527,85.1454,1,0.064313,259.743310
2015-10-23,-0.00867910,94.7753,1,0.031900,163.956640,-0.00312754,84.8327,1,0.057044,283.972660
2015-10-26,0.00754697,95.5300,1,0.036083,183.624490,-0.00433236,84.3994,1,0.049446,343.499090
2015-10-27,0.00102551,95.6325,1,0.042209,181.081420,0.00660438,85.0599,1,0.049162,280.735350
2015-10-28,-0.01073162,94.5594,1,0.021512,121.473860,-0.00766098,84.2938,1,0.040818,281.057160
2015-10-29,-0.00741918,93.8175,0,0.000000,0.000000,0.00143287,84.4371,0,0.000000,0.000000
2015-10-30,0.00129423,93.9469,1,0.059637,302.807118,-0.00829803,83.6073,1,0.049863,304.659967
2015-11-02,0.00125627,94.0725,1,0.050873,220.625620,-0.00533598,83.0737,1,0.065768,341.762520
2015-11-03,0.00750931,94.8234,1,0.039029,203.317740,-0.00404793,82.6689,0,0.000000,0.000000
2015-11-04,0.00158504,94.9819,1,0.041786,181.350400,-0.01089325,81.5795,1,0.070135,362.374924
2015-11-05,-0.02494309,92.4876,1,0.022949,121.055830,0.00096359,81.6759,1,0.057831,359.868630
2015-11-06,0.00002582,92.4902,1,0.029338,182.773580,0.00993649,82.6695,1,0.060761,340.747090
2015-11-09,-0.00159327,92.3309,1,0.028967,201.515540,-0.00034878,82.6347,1,0.052588,302.084490
2015-11-10,0.00788524,93.1194,1,0.029396,199.678880,-0.02026247,80.6084,0,0.000000,0.000000
2015-11-11,0.00371228,93.4906,1,0.034002,222.947260,0.01498029,82.1065,1,0.070411,398.429066
2015-11-12,0.00175895,93.6665,1,0.028115,162.205070,-0.00078129,82.0283,1,0.042459,222.147320
2015-11-13,-0.00068622,93.5979,1,0.037972,219.945970,-0.00200797,81.8275,0,0.000000,0.000000
2015-11-16,0.00115224,93.7131,1,0.048076,240.058830,0.00281973,82.1095,1,0.061617,298.460792
2015-11-17,-0.00980434,92.7327,1,0.027984,202.752340,-0.01098099,81.0114,0,0.000000,0.000000
2015-11-18,0.00503425,93.2361,1,0.025165,161.393750,0.00491808,81.5032,1,0.053942,322.937329
2015-11-19,0.00103225,93.3394,1,0.038325,162.287090,-0.01269182,80.2340,0,0.000000,0.000000
2015-11-20,-0.01199312,92.1400,1,0.043382,201.420570,-0.00251053,79.9830,1,0.058873,363.594019
2015-11-23,-0.00537241,91.6028,1,0.024631,121.821610,0.00734342,80.7173,1,0.049138,322.549600
2015-11-24,0.00718170,92.3210,1,0.020330,141.325610,0.00376446,81.0938,1,0.041824,281.590200
2015-11-25,0.00142619,92.4636,1,0.022261,142.016420,-0.00326736,80.7670,1,0.048366,280.866870
2015-11-27,0.00358760,92.8223,1,0.028020,161.172040,-0.00310103,80.4569,1,0.049553,280.525950
2015-11-30,-0.00017008,92.8053,1,0.058988,221.013840,-0.00950931,79.5060,1,0.076131,340.979650
2015-12-01,0.00305998,93.1113,1,0.025322,160.470100,-0.00724719,78.7813,1,0.047639,339.912500
2015-12-02,-0.01191341,91.9200,1,0.034961,182.456400,0.01228998,80.0103,0,0.000000,0.000000
2015-12-03,-0.00725838,91.1942,1,0.035588,160.528600,0.01111041,81.1213,0,0.000000,0.000000
2015-12-04,-0.00164349,91.0298,1,0.028499,121.202110,0.00108983,81.2303,0,0.000000,0.000000
2015-12-07,-0.00039403,90.9904,1,0.064723,283.726850,0.00882738,82.1130,0,0.000000,0.000000
2015-12-08,0.00427632,91.4180,1,0.058038,240.362760,-0.01658957,80.4541,0,0.000000,0.000000
2015-12-09,-0.00629195,90.7888,1,0.049025,242.809930,0.00145455,80.5995,1,0.078045,376.133121
2015-12-10,-0.00412819,90.3760,1,0.054609,259.994090,-0.00050866,80.5487,0,0.000000,0.000000
2015-12-11,0.00560145,90.9362,1,0.035805,200.354510,-0.01974947,78.5737,1,0.045627,298.682142
2015-12-14,-0.00282391,90.6538,1,0.044701,240.121970,-0.00536695,78.0370,0,0.000000,0.000000
2015-12-15,-0.01265663,89.3881,1,0.033633,201.265730,-0.00162078,77.8749,1,0.069338,317.281143
2015-12-16,0.00064372,89.4525,1,0.031748,163.064510,0.00689716,78.5647,1,0.058384,342.366640
2015-12-17,-0.00389835,89.0627,1,0.044355,262.768660,-0.00373427,78.1912,0,0.000000,0.000000
2015-12-18,0.00157252,89.2199,1,0.050068,260.088200,-0.00084138,78.1071,0,0.000000,0.000000
2015-12-21,0.00184458,89.4044,1,0.043862,200.554160,-0.00089493,78.0176,0,0.000000,0.000000
2015-12-22,-0.00059605,89.3448,1,0.044835,202.339480,0.00057020,78.0746,0,0.000000,0.000000
2015-12-23,-0.00578240,88.7665,1,0.031510,182.340970,0.00188384,78.2630,0,0.000000,0.000000
2015-12-24,0.00381018,89.1475,1,0.047972,263.327890,-0.00441443,77.8216,0,0.000000,0.000000
2015-12-28,-0.00001056,89.1465,1,0.067486,240.793530,0.00591311,78.4129,1,0.098029,384.099107
2015-12-29,-0.00078087,89.0684,1,0.034087,180.775790,-0.00798528,77.6143,1,0.044868,240.900800
2015-12-30,0.00676926,89.7453,1,0.047864,201.805120,0.01089234,78.7036,0,0.000000,0.000000
2015-12-31,-0.01052254,88.6931,1,0.041794,200.454930,-0.01250975,77.4526,0,0.000000,0.000000
2016-01-04,-0.00950261,87.7428,1,0.049261,200.421100,-0.00384232,77.0684,0,0.000000,0.000000
2016-01-05,-0.00177108,87.5657,1,0.022338,141.157400,0.01399224,78.4676,0,0.000000,0.000000
2016-01-06,-0.00721537,86.8442,1,0.023547,141.117150,0.01740961,80.2086,1,0.046599,240.090391
2016-01-07,0.00773690,87.6178,1,0.022980,120.871110,-0.00602553,79.6060,0,0.000000,0.000000
2016-01-08,0.00925253,88.5431,1,0.033847,181.216390,0.00155627,79.7616,0,0.000000,0.000000
2016-01-11,-0.00777472,87.7656,1,0.036422,181.534980,-0.01283494,78.4781,1,0.040374,257.275273
2016-01-12,-0.00212133,87.5535,1,0.030793,141.181750,-0.00230411,78.2477,1,0.056701,359.670220
2016-01-13,0.00979763,88.5333,1,0.027377,141.394140,-0.01985402,76.2623,1,0.059522,341.496450
2016-01-14,0.00587302,89.1206,1,0.034678,180.772700,-0.00675557,75.5868,0,0.000000,0.000000
2016-01-15,0.00248815,89.3694,1,0.037395,182.502680,-0.00265702,75.3211,0,0.000000,0.000000
2016-01-19,0.00610375,89.9798,1,0.038885,201.460950,0.00298653,75.6197,0,0.000000,0.000000
2016-01-20,0.00861062,90.8408,1,0.042978,181.693640,0.00149999,75.7697,1,0.065131,280.424656
2016-01-21,0.00563129,91.4039,1,0.046971,181.308000,0.01180201,76.9499,1,0.080559,339.193310
2016-01-22,0.00723071,92.1270,1,0.029359,182.035460,-0.00080079,76.8698,1,0.042529,301.717660
2016-01-25,-0.01905943,90.2211,1,0.044753,244.024130,0.00859036,77.7289,0,0.000000,0.000000
2016-01-26,0.00925584,91.1467,0,0.000000,0.000000,0.01322023,79.0509,0,0.000000,0.000000
2016-01-27,0.00311756,91.4584,1,0.051504,262.188117,0.00042555,79.0935,0,0.000000,0.000000
2016-01-28,-0.00373161,91.0853,0,0.000000,0.000000,0.01429133,80.5226,1,0.064657,302.537263
2016-01-29,0.00274416,91.3597,1,0.066984,299.568785,-0.00651860,79.8707,1,0.049740,281.049110
2016-02-01,-0.01152728,90.2069,1,0.038258,226.351360,-0.00897215,78.9735,0,0.000000,0.000000
2016-02-02,-0.00435658,89.7713,1,0.067428,280.595750,0.00852174,79.8257,1,0.070056,386.668927
2016-02-03,-0.00361676,89.4096,1,0.033506,180.444510,-0.01365142,78.4605,0,0.000000,0.000000
2016-02-04,0.00894499,90.3041,1,0.046161,183.091610,-0.02440024,76.0205,1,0.066434,379.253670
2016-02-05,0.00972518,91.2766,1,0.037942,203.897220,-0.01814762,74.2058,1,0.060232,358.963370
2016-02-08,0.00404790,91.6814,1,0.042220,200.838580,0.02793718,76.9995,1,0.062672,356.924990
2016-02-09,-0.01641989,90.0394,1,0.045269,181.615770,-0.02101466,74.8980,1,0.040456,259.712770
2016-02-10,0.00785003,90.8244,1,0.051297,222.384060,-0.00435565,74.4624,1,0.074415,361.743030
2016-02-11,0.00902002,91.7264,1,0.062068,242.967060,-0.00478050,73.9844,1,0.071280,362.563230
2016-02-12,-0.00160550,91.5659,1,0.039800,180.807970,0.00468504,74.4529,0,0.000000,0.000000
2016-02-16,-0.00860467,90.7054,1,0.042867,203.681750,0.00588051,75.0409,0,0.000000,0.000000
2016-02-17,-0.00085389,90.6200,1,0.035049,244.322520,0.01894543,76.9355,0,0.000000,0.000000
2016-02-18,0.01080095,91.7001,1,0.037405,223.494220,-0.00188189,76.7473,0,0.000000,0.000000
2016-02-19,-0.00409637,91.2905,1,0.048117,200.706420,0.00590149,77.3375,1,0.056851,307.732916
2016-02-22,-0.00297848,90.9926,1,0.054468,241.198780,-0.00896177,76.4413,1,0.062427,321.422280
2016-02-23,-0.00287708,90.7049,1,0.047538,203.556640,-0.00642014,75.7993,0,0.000000,0.000000
2016-02-24,0.00152647,90.8576,1,0.054273,201.365730,0.00580438,76.3797,1,0.068502,342.229174
2016-02-25,0.01074506,91.9321,1,0.038754,222.415780,-0.02955425,73.4243,1,0.045835,262.726400
2016-02-26,0.00165463,92.0975,1,0.055467,262.320640,0.01453454,74.8777,0,0.000000,0.000000
2016-02-29,-0.00961847,91.1357,1,0.040167,181.505110,-0.01104298,73.7734,1,0.050898,241.731380
2016-03-01,0.00870778,92.0065,1,0.032622,181.211100,-0.00829136,72.9443,1,0.057186,358.291520
2016-03-02,0.00273520,92.2800,0,0.000000,0.000000,0.00979517,73.9238,0,0.000000,0.000000
2016-03-03,0.00035751,92.3157,1,0.047899,228.585012,0.00009002,73.9328,1,0.055218,288.206191
2016-03-04,-0.00129107,92.1866,1,0.024887,121.836370,-0.00150550,73.7823,1,0.050490,301.619460
2016-03-07,0.00716008,92.9026,0,0.000000,0.000000,-0.01786269,71.9960,1,0.058479,320.631800
2016-03-08,-0.01519958,91.3827,0,0.000000,0.000000,-0.01972366,70.0236,1,0.080296,322.971670
2016-03-09,-0.00589454,90.7932,1,0.040324,201.018153,0.00828566,70.8522,0,0.000000,0.000000
2016-03-10,0.00608809,91.4020,0,0.000000,0.000000,-0.00918381,69.9338,1,0.046391,219.882592
2016-03-11,-0.00108692,91.2933,0,0.000000,0.000000,-0.01080651,68.8532,1,0.057541,300.999810
2016-03-14,-0.00473785,90.8196,0,0.000000,0.000000,0.00472498,69.3257,0,0.000000,0.000000
2016-03-15,-0.00392001,90.4276,1,0.041911,246.181926,0.00457116,69.7828,1,0.042544,263.574435
2016-03-16,0.00992818,91.4204,1,0.026462,160.970570,-0.00805631,68.9771,1,0.054981,280.708320
2016-03-17,0.00129566,91.5499,1,0.040484,202.706540,-0.00883024,68.0941,1,0.073214,362.563290
2016-03-18,0.00182615,91.7326,1,0.029065,180.847610,-0.01176177,66.9179,1,0.060737,320.835290
2016-03-21,-0.00867938,90.8646,1,0.032028,201.443700,-0.00136348,66.7816,1,0.068648,361.195620
2016-03-22,-0.00108464,90.7562,1,0.036594,220.647590,0.00022911,66.8045,1,0.060159,340.202460
2016-03-23,0.00861591,91.6178,1,0.025619,180.832410,-0.00848435,65.9561,1,0.048355,300.819930
2016-03-24,-0.00167536,91.4502,1,0.035026,200.724510,0.00231567,66.1876,1,0.053793,339.092180
2016-03-28,0.00164289,91.6145,1,0.045591,240.710530,-0.00291102,65.8965,1,0.061152,300.337620
2016-03-29,0.00037145,91.6516,1,0.042905,220.411280,0.00648351,66.5449,1,0.085309,360.451650
2016-03-30,-0.00418230,91.2334,1,0.029810,162.841010,-0.00006239,66.5386,0,0.000000,0.000000
2016-03-31,0.00485410,91.7188,1,0.020100,121.022620,-0.01456698,65.0820,1,0.067158,323.161946
2016-04-01,-0.00772700,90.9461,1,0.023010,81.690230,-0.00839549,64.2424,1,0.069129,360.386380
2016-04-04,-0.00134418,90.8117,1,0.019438,81.784850,-0.00718777,63.5236,0,0.000000,0.000000
2016-04-05,0.00505308,91.3170,1,0.033762,160.980060,0.00127676,63.6513,0,0.000000,0.000000
2016-04-06,0.00119934,91.4370,1,0.023316,160.481690,0.00080776,63.7321,0,0.000000,0.000000
2016-04-07,0.00776116,92.2131,1,0.025064,162.761750,0.00846460,64.5785,0,0.000000,0.000000
2016-04-08,-0.00048662,92.1644,1,0.022962,142.432900,0.00675623,65.2542,0,0.000000,0.000000
2016-04-11,0.00092024,92.2564,1,0.035316,201.321640,0.00056649,65.3108,1,0.053421,259.835981
2016-04-12,0.00789552,93.0460,1,0.036218,220.354440,-0.01196900,64.1139,1,0.054320,280.425850
2016-04-13,0.00310493,93.3565,1,0.028467,182.129030,0.02385083,66.4990,0,0.000000,0.000000
2016-04-14,0.00133245,93.4897,1,0.029305,183.216460,0.00361712,66.8607,1,0.035418,225.614425
2016-04-15,-0.00084080,93.4056,1,0.032300,199.517850,0.00135757,66.9965,1,0.041403,279.895750
2016-04-18,0.00222275,93.6279,1,0.017285,121.402800,0.00056772,67.0532,1,0.048138,281.505620
2016-04-19,-0.00465966,93.1619,1,0.027916,181.267780,0.00334344,67.3876,0,0.000000,0.000000
2016-04-20,-0.01058519,92.1034,1,0.032109,161.466070,-0.00383625,67.0040,1,0.043305,262.632102
2016-04-21,-0.00345992,91.7574,1,0.022582,181.138170,0.01489500,68.4935,1,0.047440,321.369000
2016-04-22,0.00301151,92.0586,1,0.034319,180.019470,-0.00056118,68.4373,1,0.043908,260.839020
2016-04-25,0.00830010,92.8886,1,0.048020,241.456230,-0.00406162,68.0312,1,0.055742,341.448950
2016-04-26,-0.00958446,91.9302,1,0.038496,219.869310,-0.01029745,67.0014,1,0.044865,279.712860
2016-04-27,0.00326370,92.2565,1,0.029860,161.950810,-0.01054075,65.9474,0,0.000000,0.000000
2016-04-28,-0.00474292,91.7822,1,0.024742,180.637950,-0.00109578,65.8378,1,0.068428,362.778523
2016-04-29,-0.01710702,90.0715,1,0.016602,82.430630,0.00323309,66.1611,1,0.058091,299.003710
2016-05-02,-0.00209187,89.8623,1,0.027377,144.167100,0.00529344,66.6904,0,0.000000,0.000000
2016-05-03,-0.00429079,89.4333,0,0.000000,0.000000,0.00710304,67.4007,0,0.000000,0.000000
2016-05-04,0.00228194,89.6615,1,0.026756,159.754934,0.00759953,68.1607,1,0.071357,338.362907
2016-05-05,0.00689869,90.3513,1,0.028881,140.673830,0.00005657,68.1663,1,0.045063,280.885110
2016-05-06,0.01129717,91.4810,0,0.000000,0.000000,0.00550267,68.7166,1,0.066953,361.044440
2016-05-09,0.00923715,92.4048,0,0.000000,0.000000,-0.00914229,67.8024,1,0.061679,301.651740
2016-05-10,-0.00004429,92.4003,1,0.051379,302.930443,0.00448048,68.2504,1,0.071232,360.696590
2016-05-11,-0.00176474,92.2239,0,0.000000,0.000000,-0.00746406,67.5040,0,0.000000,0.000000
2016-05-12,0.00167984,92.3918,1,0.041196,241.695311,-0.00871623,66.6324,1,0.059443,359.091893
2016-05-13,0.00112612,92.5045,1,0.039818,160.113400,-0.00841436,65.7910,1,0.053516,319.864380
2016-05-16,0.00038277,92.5427,1,0.034203,180.155670,-0.00747405,65.0436,0,0.000000,0.000000
2016-05-17,0.00106846,92.6496,1,0.048044,261.777060,0.00328455,65.3720,0,0.000000,0.000000
2016-05-18,-0.00067676,92.5819,1,0.041436,200.342310,0.00851446,66.2235,1,0.060524,300.478417
2016-05-19,-0.00014489,92.5674,0,0.000000,0.000000,-0.01994808,64.2286,1,0.034158,240.600530
2016-05-20,-0.01092429,91.4750,1,0.033809,161.431213,-0.01309467,62.9192,1,0.067337,379.399270
2016-05-23,-0.00448140,91.0268,0,0.000000,0.000000,-0.00379458,62.5397,0,0.000000,0.000000
2016-05-24,0.00646117,91.6730,0,0.000000,0.000000,-0.00999415,61.5403,1,0.059485,361.484915
2016-05-25,-0.00642294,91.0307,0,0.000000,0.000000,0.01242023,62.7823,0,0.000000,0.000000
2016-05-26,0.00056744,91.0874,1,0.041046,286.234653,-0.00549874,62.2325,1,0.040614,284.525433
2016-05-27,-0.00073166,91.0142,1,0.039996,200.792970,-0.00565701,61.6668,1,0.055321,340.085020
2016-05-31,-0.00197360,90.8169,1,0.023330,161.183350,0.00071863,61.7386,0,0.000000,0.000000
2016-06-01,-0.00389255,90.4276,1,0.024135,180.410510,-0.00922478,60.8161,1,0.053898,342.009783
2016-06-02,-0.00450916,89.9767,1,0.030086,180.835240,0.00871686,61.6878,1,0.059174,320.721420
2016-06-03,0.00233912,90.2106,1,0.036678,221.281410,-0.00875713,60.8121,1,0.045413,261.573060
2016-06-06,0.00471798,90.6824,1,0.023802,200.615290,-0.00239108,60.5730,1,0.039318,319.701320
2016-06-07,-0.00823759,89.8587,1,0.034879,241.011020,-0.00710339,59.8627,1,0.053029,321.620630
2016-06-08,-0.00428307,89.4304,1,0.036677,221.220780,-0.00090844,59.7718,1,0.059864,381.374930
2016-06-09,-0.00331776,89.0986,1,0.023276,161.383010,-0.01148995,58.6228,1,0.047845,280.617060
2016-06-10,-0.00498864,88.5997,1,0.021464,181.445260,0.00110920,58.7337,1,0.050260,361.029630
2016-06-13,0.01212648,89.8124,1,0.031882,200.078300,0.00489828,59.2236,0,0.000000,0.000000
2016-06-14,0.00611539,90.4239,1,0.027221,141.101690,0.00422625,59.6462,0,0.000000,0.000000
2016-06-15,-0.00299107,90.1248,1,0.021257,140.847160,-0.01053892,58.5923,1,0.038472,257.360512
2016-06-16,-0.00020318,90.1045,1,0.023588,140.968630,0.00310396,58.9027,1,0.053884,340.627760
2016-06-17,-0.00195577,89.9089,1,0.029787,161.305090,-0.00501505,58.4012,1,0.050715,321.034180
2016-06-20,-0.00230323,89.6786,1,0.038463,200.818170,-0.01356860,57.0443,1,0.062500,340.983770
2016-06-21,0.00825830,90.5044,1,0.046600,282.784280,0.01103279,58.1476,0,0.000000,0.000000
2016-06-22,-0.00578566,89.9258,1,0.030916,240.993950,-0.00709669,57.4379,1,0.059089,223.861757
2016-06-23,-0.01355572,88.5703,1,0.027692,180.401630,0.00663466,58.1014,1,0.065924,360.219200
2016-06-24,-0.00364670,88.2056,1,0.023360,183.533660,-0.00543743,57.5577,0,0.000000,0.000000
2016-06-27,-0.00540536,87.6651,1,0.038366,181.144750,-0.01363435,56.1942,0,0.000000,0.000000
2016-06-28,0.00562077,88.2271,1,0.018963,162.205810,-0.01027347,55.1669,0,0.000000,0.000000
2016-06-29,-0.00432912,87.7942,1,0.048812,244.295220,0.00584874,55.7518,0,0.000000,0.000000
2016-06-30,-0.00909057,86.8852,1,0.038817,262.885760,0.00236333,55.9881,0,0.000000,0.000000
2016-07-01,0.00241606,87.1268,1,0.034624,223.516500,0.00295904,56.2840,0,0.000000,0.000000
2016-07-05,0.02037443,89.1642,1,0.023287,161.050410,0.00153788,56.4378,1,0.051392,319.124042
2016-07-06,-0.01783500,87.3807,1,0.035100,200.930410,-0.00381467,56.0563,1,0.049577,320.138560
2016-07-07,0.00243401,87.6241,1,0.023559,142.578260,-0.00438021,55.6183,1,0.052941,340.696650
2016-07-08,0.00346986,87.9711,1,0.033214,202.822400,0.00816829,56.4351,1,0.053131,299.601800
2016-07-11,-0.00155014,87.8161,1,0.029544,163.349660,0.01150496,57.5856,0,0.000000,0.000000
2016-07-12,-0.01044536,86.7716,1,0.029046,181.837710,0.01689999,59.2756,1,0.039951,265.411804
2016-07-13,0.00082999,86.8546,1,0.033801,182.323570,-0.00579225,58.6964,1,0.035455,223.290830
2016-07-14,-0.01209378,85.6452,1,0.022088,160.815180,-0.00045073,58.6513,1,0.044623,340.669750
2016-07-15,-0.00700780,84.9444,1,0.028590,161.409410,0.00323226,58.9746,1,0.047694,340.494990
2016-07-18,-0.00161493,84.7829,1,0.030393,200.454850,-0.00095865,58.8787,1,0.058515,280.616280
2016-07-19,0.01086979,85.8699,1,0.016651,121.256980,-0.00904890,57.9738,1,0.058750,320.588510
2016-07-20,-0.01625862,84.2440,1,0.024552,181.081390,-0.00634653,57.3391,1,0.060883,399.226180
2016-07-21,0.01259155,85.5032,1,0.030965,221.819070,0.01635716,58.9749,1,0.037144,321.493670
2016-07-22,-0.00256783,85.2464,1,0.030163,179.176940,0.00490954,59.4658,1,0.042356,281.287080
2016-07-25,-0.00853649,84.3927,1,0.024399,162.157100,-0.00181615,59.2842,0,0.000000,0.000000
2016-07-26,-0.01123906,83.2688,1,0.030896,180.643050,0.01396716,60.6809,1,0.057224,361.167506
2016-07-27,-0.00603754,82.6651,1,0.028904,123.266710,0.01753417,62.4343,1,0.033623,283.264900
2016-07-28,0.02252254,84.9173,1,0.023596,141.013030,-0.00907376,61.5270,1,0.037696,201.293160
2016-07-29,-0.00027264,84.8901,1,0.035074,162.503270,0.00276667,61.8036,1,0.045693,302.027740
2016-08-01,0.00528881,85.4190,1,0.024139,121.720070,-0.00280498,61.5231,1,0.044518,341.052060
2016-08-02,0.00945165,86.3641,1,0.029065,160.765220,-0.01219473,60.3037,1,0.056683,320.140500
2016-08-03,0.00272538,86.6367,1,0.018672,121.294950,-0.00415702,59.8880,0,0.000000,0.000000
2016-08-04,-0.00349943,86.2867,1,0.033463,161.814910,-0.00263030,59.6249,1,0.063620,340.872637
2016-08-05,-0.00484972,85.8017,1,0.016762,101.363960,0.00759604,60.3845,1,0.062276,360.234310
2016-08-08,-0.00412359,85.3894,1,0.022129,123.294490,-0.00339890,60.0446,1,0.054670,322.189480
2016-08-09,-0.00474384,84.9150,1,0.029384,141.081010,0.01475384,61.5200,1,0.054286,339.968100
2016-08-10,-0.00010025,84.9050,1,0.040005,200.303920,0.00131515,61.6515,1,0.035815,281.914390
2016-08-11,0.00101855,85.0068,0,0.000000,0.000000,0.00633493,62.2850,1,0.041547,261.886270
2016-08-12,0.00502755,85.5096,1,0.034125,261.757897,0.00516360,62.8014,1,0.043770,301.386960
2016-08-15,-0.00611080,84.8985,1,0.019530,160.797020,-0.00661995,62.1394,1,0.036195,280.605910
2016-08-16,-0.00232288,84.6662,1,0.015338,141.481670,0.00480544,62.6199,1,0.050456,321.669640
2016-08-17,0.00259431,84.9257,1,0.017269,141.643570,-0.00898049,61.7219,0,0.000000,0.000000
2016-08-18,0.01636692,86.5623,1,0.016188,141.061160,-0.00114132,61.6078,1,0.043652,319.277709
2016-08-19,0.00248259,86.8106,1,0.024901,182.636760,-0.00194480,61.4133,1,0.048050,340.811900
2016-08-22,0.00479217,87.2898,1,0.023693,181.191040,-0.01311380,60.1019,1,0.042620,320.441370
2016-08-23,-0.00258997,87.0308,1,0.026617,160.238770,-0.00386584,59.7153,1,0.056434,400.410820
2016-08-24,0.00830742,87.8616,1,0.018448,101.213820,-0.00450880,59.2644,1,0.052810,341.122610
2016-08-25,-0.00311977,87.5496,1,0.023497,180.148810,-0.00074332,59.1901,0,0.000000,0.000000
2016-08-26,-0.00546405,87.0032,1,0.030055,180.833080,0.00542651,59.7328,1,0.060239,359.865454
2016-08-29,0.00245413,87.2486,1,0.027267,160.518450,-0.00025876,59.7069,1,0.045226,280.045050
2016-08-30,-0.00338507,86.9101,1,0.031327,181.330340,0.00417044,60.1239,0,0.000000,0.000000
2016-08-31,0.00031330,86.9414,1,0.027650,180.244020,0.00278011,60.4019,1,0.033189,281.609222
2016-09-01,0.00201538,87.1430,1,0.022842,140.668260,-0.01403960,58.9980,1,0.041090,319.689500
2016-09-02,0.00627104,87.7701,1,0.024956,201.586120,-0.00436532,58.5614,1,0.047722,360.907490
2016-09-06,0.00609349,88.3794,1,0.027521,221.416280,0.00286620,58.8481,0,0.000000,0.000000
2016-09-07,-0.00462158,87.9172,1,0.030348,201.214990,-0.00057543,58.7905,1,0.048163,300.886633
2016-09-08,-0.00039600,87.8776,1,0.039830,201.880510,0.00131364,58.9219,1,0.047246,361.172660
2016-09-09,-0.02122114,85.7555,1,0.022324,180.058290,0.01011103,59.9330,1,0.046667,300.016670
2016-09-12,0.00178823,85.9344,1,0.033737,200.377030,-0.00280531,59.6525,0,0.000000,0.000000
2016-09-13,-0.00433566,85.5008,1,0.045146,282.880580,-0.00192433,59.4600,0,0.000000,0.000000
2016-09-14,0.00435582,85.9364,1,0.043438,258.884280,0.00587454,60.0475,0,0.000000,0.000000
2016-09-15,-0.00566039,85.3703,1,0.034759,180.317040,0.00371150,60.4186,1,0.049870,277.845115
2016-09-16,-0.00003811,85.3665,1,0.038291,243.025440,0.00860508,61.2791,0,0.000000,0.000000
2016-09-19,0.00277734,85.6443,1,0.031516,220.660740,-0.00365539,60.9136,1,0.047259,303.132298
2016-09-20,-0.00609278,85.0350,1,0.041758,241.861550,-0.00160617,60.7530,1,0.050827,321.486340
2016-09-21,-0.00108816,84.9262,1,0.026566,160.959660,0.00457316,61.2103,1,0.042194,280.218710
2016-09-22,-0.00717817,84.2083,1,0.031287,222.696370,0.00456289,61.6666,0,0.000000,0.000000
2016-09-23,-0.00842803,83.3655,1,0.032193,242.254370,-0.00684662,60.9819,0,0.000000,0.000000
2016-09-26,0.00161927,83.5275,1,0.015333,120.761810,-0.00061705,60.9202,1,0.048485,383.718908
2016-09-27,0.00228134,83.7556,1,0.034346,179.926400,-0.00676282,60.2439,0,0.000000,0.000000
2016-09-28,0.00049212,83.8048,1,0.027348,201.861200,-0.00302260,59.9417,0,0.000000,0.000000
2016-09-29,0.00474805,84.2796,1,0.043635,261.609040,-0.00832459,59.1092,1,0.047839,360.886653
2016-09-30,0.00332419,84.6120,0,0.000000,0.000000,0.00306392,59.4156,0,0.000000,0.000000
2016-10-03,-0.00858020,83.7540,1,0.028620,221.503682,0.01091957,60.5076,1,0.043553,320.985403
2016-10-04,0.00730947,84.4850,1,0.039623,240.679500,-0.00004232,60.5033,1,0.027602,240.709570
2016-10-05,-0.00022079,84.4629,1,0.017599,140.651330,-0.00116234,60.3871,1,0.041054,319.637610
2016-10-06,0.00436501,84.8994,1,0.019039,101.851900,-0.00595074,59.7920,1,0.045664,301.094500
2016-10-07,0.00616761,85.5162,1,0.023829,200.561340,-0.00586043,59.2060,1,0.050843,380.342270
2016-10-10,-0.00130277,85.3859,1,0.025977,181.486110,0.00197438,59.4034,1,0.041902,319.150820
2016-10-11,-0.00282797,85.1031,1,0.034407,181.252660,0.00204944,59.6084,1,0.046926,301.490660
2016-10-12,-0.00509181,84.5939,1,0.027761,180.358650,0.00201259,59.8096,0,0.000000,0.000000
2016-10-13,-0.00047733,84.5462,1,0.022163,181.329580,0.01176229,60.9858,1,0.041921,299.423432
2016-10-14,0.00514949,85.0611,1,0.020131,160.908710,0.00020035,61.0059,1,0.041805,280.263090
2016-10-17,-0.00300075,84.7610,1,0.016505,100.277320,0.01106426,62.1123,1,0.051724,300.349100
2016-10-18,-0.00059981,84.7011,1,0.013191,100.812030,-0.00100266,62.0120,1,0.034546,260.909110
2016-10-19,-0.00445057,84.2560,1,0.023357,141.710610,0.00851196,62.8632,1,0.045224,341.455000
2016-10-20,0.00512938,84.7689,1,0.027702,181.935120,-0.00069319,62.7939,1,0.031179,261.664680
2016-10-21,0.00081654,84.8506,1,0.014336,100.434400,0.00011548,62.8055,1,0.038942,300.717160
2016-10-24,-0.00040042,84.8106,1,0.024902,140.779050,-0.00340081,62.4654,1,0.059661,319.815890
2016-10-25,0.00022789,84.8333,1,0.027551,181.515580,-0.01553412,60.9120,1,0.044242,321.701320
2016-10-26,-0.00061418,84.7719,1,0.041298,259.048060,-0.00181563,60.7304,1,0.044533,338.409470
2016-10-27,0.00258584,85.0305,1,0.025486,162.882220,0.00310716,61.0411,1,0.041364,320.038570
2016-10-28,-0.00305819,84.7247,1,0.039039,221.109890,-0.00809854,60.2313,1,0.032824,260.294700
2016-10-31,-0.00099303,84.6254,1,0.026583,199.520440,-0.00420584,59.8107,1,0.044574,320.328030
2016-11-01,0.00534047,85.1594,1,0.051803,242.155080,0.00839009,60.6497,0,0.000000,0.000000
2016-11-02,0.00186239,85.3457,1,0.029681,180.218370,0.00098530,60.7482,1,0.057830,341.309791
2016-11-03,-0.00014372,85.3313,1,0.023682,161.059240,-0.00065086,60.6831,0,0.000000,0.000000
2016-11-04,-0.00350295,84.9810,1,0.032275,220.532150,-0.01354743,59.3284,1,0.040873,298.652657
2016-11-07,-0.00111961,84.8690,1,0.027401,181.405380,-0.00234939,59.0935,1,0.047569,341.244410
2016-11-08,-0.00454785,84.4143,1,0.031645,225.160620,0.00544927,59.6384,0,0.000000,0.000000
2016-11-09,-0.00264457,84.1498,1,0.025747,141.818920,-0.04501316,55.1371,1,0.038866,266.544063
2016-11-10,-0.01359999,82.7898,1,0.026649,184.490570,0.02494290,57.6314,1,0.058120,361.548130
2016-11-11,0.01031749,83.8215,1,0.043221,223.811630,0.00197269,57.8286,1,0.026841,184.148410
2016-11-14,0.01615055,85.4366,1,0.030225,201.942470,0.01170847,58.9995,1,0.053453,320.700330
2016-11-15,0.00264953,85.7016,1,0.035067,223.435020,-0.00089001,58.9105,1,0.045041,283.668980
2016-11-16,-0.01105939,84.5956,1,0.029089,222.180960,-0.00213311,58.6972,1,0.040411,302.554380
2016-11-17,0.00048044,84.6437,1,0.035916,260.411590,-0.00763993,57.9332,1,0.056833,319.890440
2016-11-18,-0.00582917,84.0607,1,0.045307,262.906340,0.00200948,58.1341,1,0.050542,381.783920
2016-11-21,-0.00861167,83.1996,1,0.019737,160.954790,0.00535617,58.6697,1,0.042613,300.602110
2016-11-22,-0.00258526,82.9411,1,0.049076,182.003290,-0.00664661,58.0051,0,0.000000,0.000000
2016-11-23,0.00693774,83.6348,1,0.042006,241.798210,-0.00385702,57.6194,1,0.046452,324.148820
2016-11-25,0.00410041,84.0449,1,0.048359,261.834540,-0.00975763,56.6436,1,0.045693,321.859510
2016-11-28,-0.00665276,83.3796,1,0.056596,200.443400,0.01033665,57.6773,1,0.077865,340.591190
2016-11-29,0.00367814,83.7474,1,0.022856,160.193380,0.00378635,58.0559,1,0.044095,299.828730
2016-11-30,0.00591264,84.3387,1,0.029136,200.955110,-0.00557595,57.4983,1,0.046155,321.241350
2016-12-01,0.00497481,84.8362,1,0.036599,219.770980,0.01863243,59.3616,1,0.049497,299.053460
2016-12-02,0.00208879,85.0450,1,0.022631,181.414100,-0.01095249,58.2663,1,0.034649,241.362560
2016-12-05,0.00218362,85.2634,1,0.034088,240.770130,-0.00664720,57.6016,1,0.049720,340.033540
2016-12-06,0.01137823,86.4012,1,0.034227,262.346970,-0.00001627,57.6000,1,0.045517,323.214480
2016-12-07,0.00165243,86.5665,1,0.033157,281.975250,0.00179121,57.7791,1,0.040899,321.500450
2016-12-08,0.00378314,86.9448,1,0.034536,262.711700,-0.01755941,56.0231,0,0.000000,0.000000
2016-12-09,-0.00015900,86.9289,1,0.026380,202.051850,-0.00846330,55.1768,1,0.056830,382.681170
2016-12-12,0.00277851,87.2067,1,0.026689,181.383760,0.00070586,55.2474,1,0.048544,339.993700
2016-12-13,0.00014519,87.2212,1,0.025251,160.051320,-0.00371263,54.8761,1,0.046673,300.604750
2016-12-14,-0.00616253,86.6050,1,0.044603,241.677590,0.00683871,55.5600,1,0.057039,341.670770
2016-12-15,0.00113632,86.7186,1,0.013278,121.289670,0.01092798,56.6528,1,0.043472,320.328670
2016-12-16,-0.00388119,86.3305,1,0.020769,162.276710,-0.00593045,56.0598,1,0.028025,242.778270
2016-12-19,-0.00394047,85.9365,1,0.024987,220.401050,-0.00288629,55.7711,1,0.049759,340.633780
2016-12-20,0.00040968,85.9774,1,0.023492,121.264860,0.00466699,56.2378,1,0.051981,360.614290
2016-12-21,-0.00521066,85.4564,1,0.040376,180.979300,-0.00582106,55.6557,1,0.073976,260.938540
2016-12-22,-0.00357926,85.0984,1,0.026016,200.766850,-0.00544174,55.1116,1,0.057854,379.706290
2016-12-23,-0.00133381,84.9650,1,0.019741,160.847670,0.00454355,55.5659,1,0.042715,339.295020
2016-12-27,-0.00299377,84.6657,1,0.019567,160.817660,-0.00195664,55.3702,1,0.048764,321.086350
2016-12-28,0.00314962,84.9806,1,0.023978,160.969770,0.00186378,55.5566,0,0.000000,0.000000
2016-12-29,0.00265985,85.2466,1,0.030555,199.999700,-0.00834181,54.7224,0,0.000000,0.000000
2016-12-30,0.00747646,85.9943,1,0.032874,200.604340,-0.00097822,54.6246,1,0.058752,379.112127
2017-01-03,0.00752045,86.7463,1,0.033455,239.555200,-0.00996117,53.6285,1,0.037907,280.746290
2017-01-04,0.00080879,86.8272,1,0.026751,200.964660,0.00118165,53.7467,1,0.046175,340.230430
2017-01-05,-0.00797164,86.0300,1,0.036204,243.281650,-0.01469343,52.2773,0,0.000000,0.000000
2017-01-06,-0.00291841,85.7382,1,0.042791,220.673380,-0.00203747,52.0736,1,0.053367,402.244628
2017-01-09,-0.00860896,84.8773,1,0.014506,141.836110,0.01266122,53.3397,1,0.043238,361.305560
2017-01-10,0.00197409,85.0747,1,0.016471,101.922110,-0.00337111,53.0026,1,0.033001,280.744520
2017-01-11,0.00392706,85.4674,1,0.017554,121.662400,0.00052467,53.0551,1,0.047843,361.251870
2017-01-12,-0.00139300,85.3281,1,0.035050,221.563220,-0.00398270,52.6568,1,0.038970,320.334250
2017-01-13,0.00730368,86.0585,1,0.016032,160.463290,-0.00423477,52.2333,1,0.052277,360.157520
2017-01-17,0.00274592,86.3331,1,0.028508,240.713520,-0.02239788,49.9935,1,0.051348,320.617340
2017-01-18,0.00527036,86.8601,1,0.035724,221.114220,-0.00931199,49.0623,1,0.057399,398.331220
2017-01-19,0.00443464,87.3036,1,0.024756,181.663700,-0.00918995,48.1433,1,0.047655,360.574900
2017-01-20,-0.00162706,87.1409,1,0.025836,180.319760,0.00147885,48.2912,0,0.000000,0.000000
2017-01-23,0.00678114,87.8190,1,0.015006,141.041070,-0.00470674,47.8205,1,0.036284,299.093968
2017-01-24,0.01510878,89.3298,1,0.018602,180.006440,0.00552591,48.3731,1,0.031179,280.027910
2017-01-25,-0.00570001,88.7598,1,0.044301,283.196980,0.00544297,48.9174,1,0.037613,302.229910
2017-01-26,0.00827606,89.5875,1,0.032504,201.986200,-0.01875017,47.0424,1,0.039637,301.672410
2017-01-27,-0.00340059,89.2474,1,0.032589,221.056370,-0.00789280,46.2531,1,0.047940,381.240280
2017-01-30,-0.00415207,88.8322,1,0.033727,260.438110,0.00177769,46.4309,1,0.051241,320.208440
2017-01-31,-0.00424510,88.4077,1,0.028100,180.541020,0.00833461,47.2644,0,0.000000,0.000000
2017-02-01,-0.00979253,87.4284,1,0.024283,201.312130,-0.00460253,46.8041,1,0.038813,259.243292
2017-02-02,-0.00497850,86.9306,1,0.018150,162.296090,-0.01193280,45.6108,1,0.046330,360.084080
2017-02-03,0.00841360,87.7719,1,0.027460,183.078580,-0.00623484,44.9873,1,0.060584,400.719330
2017-02-06,0.01698636,89.4706,1,0.044324,302.142480,-0.01557184,43.4302,1,0.050314,321.946820
2017-02-07,-0.00029797,89.4408,1,0.028807,241.456040,-0.00340630,43.0895,1,0.039660,341.073030
2017-02-08,-0.00068331,89.3724,1,0.031231,240.581130,-0.00320682,42.7688,1,0.073832,380.152950
2017-02-09,0.01470410,90.8429,1,0.029550,201.461980,0.00228769,42.9976,1,0.039601,301.199590
2017-02-10,-0.00379033,90.4638,1,0.040693,282.852680,0.00079056,43.0767,1,0.046324,322.729850
2017-02-13,-0.00155933,90.3079,1,0.033193,241.632180,-0.00101873,42.9748,1,0.052313,341.972400
2017-02-14,-0.00104858,90.2030,1,0.020158,201.648020,0.00860912,43.8357,1,0.043198,340.755240
2017-02-15,0.00177855,90.3809,1,0.017255,160.919420,0.00383502,44.2192,1,0.030588,261.269030
2017-02-16,-0.01065507,89.3154,1,0.027737,201.240570,-0.01327988,42.8912,1,0.041148,261.881430
2017-02-17,0.00651603,89.9670,1,0.020247,141.071490,-0.01142607,41.7486,1,0.048737,340.819680
2017-02-21,0.00457671,90.4247,1,0.026149,200.270310,-0.00643666,41.1050,1,0.068656,340.171830
2017-02-22,0.00534594,90.9592,1,0.024556,221.426600,-0.00078348,41.0266,0,0.000000,0.000000
2017-02-23,0.00866116,91.8254,1,0.026514,219.606150,-0.00288298,40.7383,1,0.058718,361.437335
2017-02-24,0.00423797,92.2492,1,0.029903,220.915090,0.00187726,40.9260,1,0.046354,301.216000
2017-02-27,0.00066553,92.3157,1,0.027557,220.968000,-0.00732182,40.1938,1,0.044582,321.827280
2017-02-28,0.00126966,92.4427,1,0.022064,181.135950,-0.00400650,39.7932,1,0.069450,380.639520
2017-03-01,0.01130081,93.5728,1,0.013059,121.387990,-0.01173417,38.6198,1,0.052427,339.168120
2017-03-02,0.00552342,94.1251,1,0.038398,244.469020,0.00773989,39.3938,0,0.000000,0.000000
2017-03-03,-0.00511318,93.6138,1,0.037598,239.775380,-0.01076353,38.3174,1,0.039253,262.073877
2017-03-06,0.00107691,93.7215,1,0.028689,240.308500,-0.00155454,38.1620,1,0.046724,380.526960
2017-03-07,-0.00444805,93.2767,1,0.029975,240.475020,0.00697471,38.8594,0,0.000000,0.000000
2017-03-08,-0.00532725,92.7439,1,0.022385,180.457550,0.00360995,39.2204,1,0.039415,299.566113
2017-03-09,-0.00176452,92.5675,1,0.023452,180.791720,0.00264299,39.4847,1,0.044111,300.736450
2017-03-10,-0.00028520,92.5390,1,0.035570,220.733920,-0.00038723,39.4460,1,0.045923,300.458870
2017-03-13,-0.00247920,92.2911,1,0.031570,220.686310,0.00344513,39.7905,1,0.047687,321.091160
2017-03-14,-0.00118119,92.1729,1,0.035399,240.860370,0.00855703,40.6462,1,0.037317,281.060200
2017-03-15,-0.00157242,92.0157,1,0.035712,280.170940,0.00156283,40.8025,1,0.032847,240.704700
2017-03-16,0.00696866,92.7126,1,0.030904,202.557830,0.00561265,41.3638,0,0.000000,0.000000
2017-03-17,0.00656326,93.3689,1,0.021374,181.353510,-0.00694649,40.6691,1,0.050509,323.246006
2017-03-20,0.00211912,93.5808,1,0.035248,260.994300,-0.00115863,40.5533,1,0.041273,340.682560
2017-03-21,0.00131430,93.7122,1,0.032230,220.064140,-0.01276963,39.2763,1,0.040873,299.464790
2017-03-22,0.00595661,94.3079,1,0.022229,160.928140,0.00153582,39.4299,0,0.000000,0.000000
2017-03-23,0.00639957,94.9478,1,0.032143,260.890470,-0.00541871,38.8880,1,0.040651,260.019811
2017-03-24,-0.00923038,94.0248,1,0.035928,260.629240,-0.00086145,38.8019,1,0.055885,361.236880
2017-03-27,-0.00012137,94.0127,1,0.031577,221.618810,0.01206060,40.0079,1,0.042710,281.263020
2017-03-28,0.00303564,94.3162,1,0.034336,220.323820,0.00103454,40.1114,1,0.040206,280.962690
2017-03-29,-0.00656986,93.6592,1,0.026266,181.095100,0.00748134,40.8595,0,0.000000,0.000000
2017-03-30,0.00472326,94.1316,1,0.027294,200.088620,-0.01059538,39.8000,1,0.033128,261.991612
2017-03-31,-0.00929815,93.2018,1,0.019325,121.091120,-0.01079849,38.7201,1,0.041599,340.271990
2017-04-03,0.00844955,94.0467,1,0.028775,201.086010,-0.00003461,38.7167,1,0.056211,360.511050
2017-04-04,0.00558253,94.6050,1,0.033407,221.292190,-0.00561791,38.1549,1,0.060041,339.868850
2017-04-05,-0.00293099,94.3119,1,0.033009,201.262260,-0.00418379,37.7365,1,0.062649,300.151850
2017-04-06,-0.00243822,94.0680,1,0.029802,200.359750,-0.01228740,36.5078,1,0.047500,319.851010
2017-04-07,-0.00051021,94.0170,1,0.033751,182.084720,-0.00385705,36.1220,1,0.059395,401.897020
2017-04-10,0.00069340,94.0864,1,0.027300,200.325730,-0.01044320,35.0777,1,0.047680,319.667050
2017-04-11,-0.00550946,93.5354,1,0.031836,220.764660,-0.00129527,34.9482,1,0.047507,340.689680
2017-04-12,-0.00326612,93.2088,1,0.029272,201.491770,0.00473923,35.4221,1,0.034177,280.865300
2017-04-13,0.00077352,93.2862,0,0.000000,0.000000,0.00295998,35.7181,1,0.040262,239.879480
2017-04-17,0.00545440,93.8316,1,0.018030,181.404791,-0.00321529,35.3966,0,0.000000,0.000000
2017-04-18,0.00129479,93.9611,1,0.017671,161.927430,-0.00078806,35.3178,0,0.000000,0.000000
2017-04-19,0.00058303,94.0194,1,0.023927,180.743990,-0.00362613,34.9552,1,0.044223,300.045083
2017-04-20,-0.00182405,93.8370,1,0.029025,240.644210,0.00831505,35.7867,1,0.041555,321.101430
2017-04-21,-0.00839919,92.9971,1,0.022439,142.993180,-0.00361616,35.4251,1,0.039626,302.535860
2017-04-24,0.00579421,93.5765,1,0.026309,200.783120,-0.00036444,35.3886,1,0.046074,299.644430
2017-04-25,0.00007935,93.5844,1,0.016275,123.031790,0.00250964,35.6396,0,0.000000,0.000000
2017-04-26,-0.00744188,92.8402,1,0.030338,260.604930,-0.00539291,35.1003,1,0.037181,302.892277
2017-04-27,0.01770499,94.6107,1,0.027441,181.133590,0.01031761,36.1321,1,0.050769,340.929190
2017-04-28,0.00728451,95.3392,1,0.029349,240.199900,-0.00468884,35.6632,1,0.052864,361.722450
2017-05-01,-0.00055528,95.2836,1,0.023978,220.946500,-0.00205316,35.4579,1,0.041796,339.550140
2017-05-02,0.00396790,95.6804,1,0.026950,220.911010,0.00166554,35.6244,1,0.044306,321.216840
2017-05-03,-0.00277862,95.4026,1,0.030622,222.755020,-0.00692323,34.9321,1,0.053903,343.566080
2017-05-04,-0.01085420,94.3172,1,0.031180,220.810320,0.00918120,35.8502,1,0.057950,359.586240
2017-05-05,-0.00062679,94.2545,1,0.029719,141.891520,0.00139180,35.9894,1,0.047710,321.755450
2017-05-08,-0.00654092,93.6004,1,0.029422,221.695400,0.00151570,36.1410,1,0.046250,321.713690
2017-05-09,0.00225416,93.8258,1,0.026214,220.557590,0.00316123,36.4571,1,0.041777,279.816460
2017-05-10,0.01010729,94.8365,1,0.027171,240.574590,-0.00099609,36.3575,1,0.033729,280.939780
2017-05-11,-0.00022498,94.8140,1,0.023828,201.658920,-0.00395361,35.9621,1,0.053531,340.654620
2017-05-12,0.00300259,95.1143,1,0.019011,180.246010,0.00264852,36.2270,1,0.041458,319.549690
2017-05-15,0.00655891,95.7702,1,0.041649,239.711170,-0.00945259,35.2817,1,0.051209,300.753470
2017-05-16,0.00392858,96.1630,0,0.000000,0.000000,0.00768436,36.0501,0,0.000000,0.000000
2017-05-17,-0.00855326,95.3077,1,0.033976,243.192448,-0.01901394,34.1487,1,0.045084,301.640237
2017-05-18,-0.00338724,94.9690,1,0.021944,200.490030,-0.00191686,33.9571,0,0.000000,0.000000
2017-05-19,0.00860368,95.8294,1,0.021622,180.740360,0.00523431,34.4805,1,0.040559,320.133798
2017-05-22,0.00031525,95.8609,1,0.029895,241.331430,-0.00100273,34.3802,0,0.000000,0.000000
2017-05-23,-0.00168474,95.6924,1,0.023854,181.002980,-0.00360712,34.0195,0,0.000000,0.000000
2017-05-24,-0.00418677,95.2737,1,0.027487,180.860140,-0.00695534,33.3240,1,0.047864,342.503706
2017-05-25,-0.00774963,94.4988,1,0.025703,220.322530,0.00486392,33.8104,1,0.051798,340.833770
2017-05-26,-0.00151325,94.3474,1,0.032385,221.164420,-0.00335697,33.4747,1,0.032977,241.443590
2017-05-30,-0.00486148,93.8613,1,0.037728,259.725760,-0.00407134,33.0675,1,0.044934,339.666540
2017-05-31,-0.00645851,93.2154,1,0.025101,200.572940,0.00586953,33.6545,1,0.038397,321.060420
2017-06-01,0.00681027,93.8965,1,0.021523,160.645510,-0.00716398,32.9381,1,0.041878,261.051730
2017-06-02,0.00067939,93.9644,1,0.038551,282.031270,0.01278573,34.2167,0,0.000000,0.000000
2017-06-05,-0.00369197,93.5952,1,0.054917,300.896510,0.00221643,34.4383,1,0.033637,282.393986
2017-06-06,-0.00087412,93.5078,1,0.024382,160.548360,-0.00477495,33.9608,1,0.042855,300.358860
2017-06-07,0.00804542,94.3123,1,0.019858,161.337530,0.00226336,34.1871,1,0.041064,340.238680
2017-06-08,0.01000456,95.3128,1,0.028544,241.106200,-0.00116496,34.0706,1,0.048816,301.089480
2017-06-09,-0.00110753,95.2020,1,0.032063,221.352000,0.00332786,34.4034,1,0.039184,301.811840
2017-06-12,-0.00631257,94.5708,1,0.027707,201.212430,0.02095373,36.4988,1,0.065267,301.117390
2017-06-13,-0.00136016,94.4348,1,0.015526,180.633050,-0.00503068,35.9957,1,0.025698,221.912420
2017-06-14,0.00326366,94.7611,1,0.032494,221.759110,0.00755521,36.7513,0,0.000000,0.000000
2017-06-15,-0.00581452,94.1797,1,0.029292,221.038460,0.00322162,37.0734,1,0.043008,281.825672
2017-06-16,0.00154554,94.3342,1,0.040136,141.060240,-0.00398009,36.6754,1,0.065299,341.214550
2017-06-19,0.01143197,95.4774,1,0.016993,141.096830,-0.01228805,35.4466,1,0.058385,319.923990
2017-06-20,0.00114956,95.5924,1,0.027564,221.785730,0.00043386,35.4900,1,0.059634,360.018520
2017-06-21,-0.00126101,95.4663,1,0.030391,239.619440,0.00494336,35.9843,1,0.037414,279.653920
2017-06-22,0.00430142,95.8964,1,0.016778,180.890010,0.00156216,36.1405,1,0.051534,300.966630
2017-06-23,-0.01255670,94.6408,1,0.029280,261.022960,0.02463518,38.6041,1,0.046732,301.203070
2017-06-26,-0.00515026,94.1257,1,0.025476,182.308770,0.00690259,39.2943,1,0.039301,222.753310
2017-06-27,0.00274752,94.4005,1,0.031078,220.959990,0.00833847,40.1282,1,0.057483,281.553380
2017-06-28,-0.00614708,93.7858,1,0.025328,180.363350,-0.00211266,39.9169,0,0.000000,0.000000
2017-06-29,-0.00709706,93.0761,1,0.034306,262.660480,0.01132301,41.0492,0,0.000000,0.000000
2017-06-30,0.00030651,93.1067,1,0.032139,200.249260,-0.00614569,40.4346,0,0.000000,0.000000
2017-07-03,-0.00270896,92.8358,1,0.042566,261.099310,-0.00846347,39.5883,1,0.036817,339.800162
2017-07-05,0.00816022,93.6519,1,0.023208,161.557270,-0.02047001,37.5413,1,0.084641,361.592230
2017-07-06,0.00033579,93.6854,1,0.011581,101.825150,0.00265605,37.8069,1,0.056855,359.812120
2017-07-07,0.00833594,94.5190,1,0.022866,180.610240,0.00085234,37.8921,0,0.000000,0.000000
2017-07-10,-0.00268961,94.2501,1,0.027691,262.427460,0.00220799,38.1129,0,0.000000,0.000000
2017-07-11,0.00111658,94.3617,1,0.019792,200.911350,0.00160576,38.2735,1,0.030654,301.095255
2017-07-12,-0.00246127,94.1156,1,0.017157,180.573730,0.00234551,38.5081,1,0.040829,300.511570
2017-07-13,-0.00401698,93.7139,1,0.019578,182.268070,0.00403820,38.9119,0,0.000000,0.000000
2017-07-14,0.00325515,94.0394,1,0.018605,161.281660,-0.00140926,38.7709,1,0.036976,282.663301
2017-07-17,-0.00231812,93.8076,1,0.024602,220.919260,-0.00730609,38.0403,1,0.036709,301.397570
2017-07-18,0.00428118,94.2357,1,0.019322,180.978850,-0.00275695,37.7646,1,0.044175,380.414480
2017-07-19,-0.00195052,94.0407,1,0.018402,121.343420,-0.00182987,37.5817,1,0.049997,320.074840
2017-07-20,-0.00589232,93.4514,1,0.013982,141.685370,0.01390373,38.9720,0,0.000000,0.000000
2017-07-21,0.00380564,93.8320,1,0.026736,200.697210,-0.00144361,38.8277,1,0.031721,202.456618
2017-07-24,0.00934762,94.7668,1,0.025498,220.829940,-0.00797449,38.0302,1,0.034559,280.849160
2017-07-25,-0.00687239,94.0795,1,0.028269,220.464500,0.00536739,38.5670,1,0.041331,359.842490
2017-07-26,-0.01063668,93.0159,1,0.030478,241.043510,0.00679700,39.2467,1,0.036090,321.237090
2017-07-27,0.00678615,93.6945,1,0.025805,241.503470,-0.00573040,38.6736,1,0.043420,320.899130
2017-07-28,0.01750486,95.4450,1,0.024144,220.874840,-0.01411674,37.2619,1,0.046084,359.416660
2017-07-31,0.00367313,95.8123,1,0.040837,280.882110,-0.00905313,36.3566,1,0.050643,399.019610
2017-08-01,0.01556495,97.3688,1,0.041655,259.180850,-0.00676626,35.6800,1,0.064826,358.964890
2017-08-02,-0.01452880,95.9159,1,0.052210,219.604990,0.00034575,35.7146,1,0.073725,360.660360
2017-08-03,0.00399681,96.3156,1,0.031519,240.212910,-0.00290209,35.4244,1,0.049049,320.122720
2017-08-04,-0.01468784,94.8468,1,0.034794,260.404480,0.00452888,35.8773,1,0.048742,340.144420
2017-08-07,-0.00441142,94.4056,1,0.029682,260.775710,0.00625215,36.5025,1,0.038355,321.303850
2017-08-08,0.01031126,95.4368,1,0.024514,240.923480,0.02560945,39.0634,1,0.048265,282.144890
2017-08-09,-0.00213581,95.2232,1,0.060921,320.877500,-0.00645415,38.4180,1,0.027695,242.985470
2017-08-10,-0.00658503,94.5647,1,0.015813,180.692840,0.00897865,39.3159,1,0.055005,359.485560
2017-08-11,-0.00282109,94.2826,1,0.026459,199.829390,0.00473688,39.7896,0,0.000000,0.000000
2017-08-14,-0.00165278,94.1173,1,0.026328,201.381870,-0.00595826,39.1937,1,0.053486,298.705918
2017-08-15,0.00178636,94.2959,1,0.037574,321.875050,-0.00075205,39.1185,0,0.000000,0.000000
2017-08-16,0.00056932,94.3529,1,0.037938,321.249430,-0.00396302,38.7222,1,0.055322,302.436120
2017-08-17,-0.00554036,93.7988,1,0.021696,200.715610,-0.01879947,36.8423,1,0.035657,320.939900
2017-08-18,0.00077357,93.8762,1,0.033653,239.595460,-0.00405967,36.4363,0,0.000000,0.000000
2017-08-21,0.00124364,94.0005,1,0.026736,220.446270,-0.00211288,36.2250,1,0.039048,317.643411
2017-08-22,0.00298238,94.2988,1,0.028512,240.636740,-0.00716575,35.5084,1,0.041145,320.974260
2017-08-23,-0.00253216,94.0456,1,0.035466,242.057250,-0.00606840,34.9016,0,0.000000,0.000000
2017-08-24,0.00328708,94.3743,1,0.050262,260.058470,-0.00401801,34.4998,1,0.063391,342.604780
2017-08-25,0.00680876,95.0552,1,0.028174,180.714610,-0.00456139,34.0437,1,0.039369,340.342570
2017-08-28,-0.00120033,94.9351,1,0.031473,261.492970,-0.00494246,33.5494,1,0.053166,281.672170
2017-08-29,-0.00246268,94.6888,1,0.026818,261.031460,0.00390443,33.9399,1,0.050007,360.093980
2017-08-30,-0.00053312,94.6355,1,0.012742,140.531150,0.00280003,34.2199,1,0.056167,280.194610
2017-08-31,0.00164125,94.7997,1,0.022065,180.977750,-0.00236070,33.9838,1,0.038570,301.283130
2017-09-01,0.00147146,94.9468,1,0.019044,181.951910,0.00160783,34.1446,1,0.035587,302.247280
2017-09-05,-0.00748946,94.1979,1,0.029856,260.821830,-0.00748170,33.3964,1,0.083460,341.295550
2017-09-06,0.01116457,95.3143,1,0.025073,240.718070,-0.00783144,32.6133,1,0.043444,339.127270
2017-09-07,-0.00533830,94.7805,1,0.030900,260.237290,-0.00351670,32.2616,1,0.046390,340.740040
2017-09-08,0.01181258,95.9617,1,0.033872,200.262870,-0.00183826,32.0778,1,0.071666,320.411960
2017-09-11,0.01329698,97.2914,1,0.033032,241.526370,-0.01122767,30.9550,1,0.110757,322.016480
2017-09-12,0.00180262,97.4717,1,0.039858,302.829830,0.00762522,31.7175,0,0.000000,0.000000
2017-09-13,0.00835203,98.3069,1,0.030417,241.590380,-0.00088799,31.6287,1,0.033569,282.831366
2017-09-14,0.00949161,99.2561,1,0.027949,180.243440,-0.00138947,31.4898,1,0.030597,319.225950
2017-09-15,0.00203583,99.4597,1,0.025287,201.054610,0.00466252,31.9560,1,0.047578,340.112430
2017-09-18,-0.00182778,99.2769,1,0.024828,240.550470,0.01167351,33.1234,1,0.048759,281.281570
2017-09-19,0.00252817,99.5297,1,0.030543,201.513850,0.00832856,33.9562,1,0.028354,261.625510
2017-09-20,-0.00523119,99.0066,1,0.018759,140.220520,-0.00951245,33.0050,1,0.023115,241.181590
2017-09-21,-0.00249030,98.7575,0,0.000000,0.000000,0.00448464,33.4535,1,0.059786,379.950170
2017-09-22,0.00108230,98.8658,1,0.023780,180.447624,-0.00207555,33.2459,1,0.048415,240.519270
2017-09-25,0.00021765,98.8875,1,0.026625,240.638910,-0.00285366,32.9605,1,0.051426,300.399480
2017-09-26,0.00064896,98.9524,1,0.032144,220.900470,0.00323973,33.2845,1,0.040977,340.602880
2017-09-27,0.00098054,99.0505,1,0.027116,240.583260,-0.00741527,32.5430,1,0.026617,281.295430
2017-09-28,0.00756189,99.8067,1,0.040071,341.276530,0.00403554,32.9465,1,0.041066,361.494910
2017-09-29,-0.00267944,99.5387,1,0.046734,260.587220,-0.00208115,32.7384,1,0.032015,281.255380
2017-10-02,0.00572670,100.1114,1,0.027350,201.472230,-0.01053101,31.6853,1,0.033621,300.745460
2017-10-03,-0.00250957,99.8604,1,0.068357,240.909760,-0.00247199,31.4381,1,0.036709,321.156340
2017-10-04,0.00249099,100.1095,1,0.027441,220.619740,-0.00199757,31.2384,1,0.039817,320.999850
2017-10-05,-0.00104866,100.0047,1,0.021996,220.971080,-0.00063179,31.1752,1,0.034239,320.750140
2017-10-06,-0.00011373,99.9933,1,0.032053,260.695050,-0.00563358,30.6118,1,0.034468,320.818080
2017-10-09,-0.00589431,99.4039,1,0.030441,280.304000,0.00404717,31.0165,1,0.030503,339.782310
2017-10-10,-0.00612455,98.7914,1,0.027665,220.180270,0.00848711,31.8653,1,0.035909,319.908040
2017-10-11,-0.00008614,98.7828,1,0.027314,141.167270,0.00032731,31.8980,1,0.028359,301.314780
2017-10-12,-0.00175595,98.6072,1,0.030535,200.819020,0.00000807,31.8988,1,0.034083,300.505070
2017-10-13,0.00968129,99.5753,1,0.022971,201.269580,-0.01006964,30.8918,1,0.036814,320.894310
2017-10-16,0.00083965,99.6593,1,0.036315,240.539000,0.00616844,31.5087,1,0.056656,399.654310
2017-10-17,0.00058119,99.7174,1,0.031081,160.751780,-0.01023125,30.4856,1,0.061125,280.852160
2017-10-18,0.00032249,99.7497,1,0.021131,161.297120,0.00221875,30.7074,1,0.044315,360.424660
2017-10-19,0.00156101,99.9058,1,0.031109,240.593300,-0.00089594,30.6178,1,0.034504,281.495790
2017-10-20,-0.00848440,99.0573,1,0.019470,181.236770,0.01629987,32.2478,1,0.054953,320.612750
2017-10-23,0.00458132,99.5155,1,0.037518,242.100390,-0.00986500,31.2613,0,0.000000,0.000000
2017-10-24,0.00637713,100.1532,1,0.032367,280.234630,-0.00508565,30.7528,1,0.036235,383.273071
2017-10-25,-0.00411860,99.7413,1,0.034390,281.556020,-0.00634648,30.1181,1,0.039088,340.868310
2017-10-26,-0.00395486,99.3458,1,0.041176,260.030430,-0.00067994,30.0501,1,0.040244,338.828180
2017-10-27,0.00121277,99.4671,1,0.032283,301.424610,-0.00363963,29.6861,1,0.035123,321.758830
2017-10-30,-0.00052632,99.4145,1,0.070682,281.864320,-0.00620658,29.0655,1,0.076078,341.753400
2017-10-31,0.00838235,100.2527,1,0.023815,240.547570,0.00372348,29.4378,0,0.000000,0.000000
2017-11-01,0.00661659,100.9144,1,0.028591,261.447250,-0.00757636,28.6802,1,0.048026,299.775903
2017-11-02,-0.00370006,100.5444,1,0.031936,260.515250,0.02323445,31.0036,1,0.077355,361.167110
2017-11-03,-0.00023828,100.5205,1,0.026368,221.633670,0.00112360,31.1160,1,0.036970,242.474100
2017-11-06,-0.00433905,100.0866,1,0.031775,240.813180,-0.00530734,30.5853,1,0.045674,362.290290
2017-11-07,0.00954390,101.0410,1,0.033580,241.064690,-0.00374294,30.2110,1,0.034874,280.154760
2017-11-08,0.00380549,101.4216,1,0.027791,260.914210,-0.00212832,29.9981,1,0.037662,319.589340
2017-11-09,-0.00247044,101.1745,1,0.029284,220.165000,0.00433769,30.4319,1,0.031411,300.788970
2017-11-10,-0.00455177,100.7194,1,0.030527,220.605640,-0.00290120,30.1418,1,0.036630,300.811240
2017-11-13,-0.00456781,100.2626,1,0.020521,200.264350,0.00019811,30.1616,1,0.043649,379.756230
2017-11-14,-0.00583958,99.6786,1,0.019628,201.385360,0.01247276,31.4089,1,0.072854,301.266300
2017-11-15,0.01053707,100.7323,1,0.015413,161.357310,0.00418922,31.8278,1,0.039418,261.808250
2017-11-16,0.00251954,100.9843,1,0.022266,181.314740,0.01163180,32.9910,1,0.034170,280.469960
2017-11-17,0.00398975,101.3833,1,0.046065,261.666620,0.00298982,33.2900,0,0.000000,0.000000
2017-11-20,-0.00376136,101.0071,1,0.026966,220.221340,0.00265468,33.5554,1,0.054522,342.711867
2017-11-21,-0.00021673,100.9854,1,0.016433,161.180310,-0.00089388,33.4660,1,0.039508,300.488410
2017-11-22,-0.00033217,100.9522,1,0.022857,201.176800,-0.00192480,33.2736,1,0.058280,340.838780
2017-11-24,0.00067277,101.0195,1,0.029313,200.028620,-0.00302798,32.9708,1,0.050018,319.916740
2017-11-27,-0.00446615,100.5729,1,0.043845,240.877430,-0.00203967,32.7668,1,0.056097,320.537500
2017-11-28,-0.00269843,100.3030,1,0.035963,260.507010,0.00493778,33.2606,1,0.037732,320.431590
2017-11-29,-0.00636325,99.6667,1,0.022975,241.730680,0.00309819,33.5704,0,0.000000,0.000000
2017-11-30,0.00095402,99.7621,1,0.029658,242.364710,-0.00033173,33.5372,1,0.032583,304.632001
2017-12-01,0.00168955,99.9311,1,0.026395,241.864000,0.00149555,33.6868,0,0.000000,0.000000
2017-12-04,-0.00808909,99.1222,1,0.024439,200.342250,-0.00016267,33.6705,1,0.050327,301.680543
2017-12-05,0.00268495,99.3907,1,0.014915,161.973550,-0.01181679,32.4888,1,0.034499,302.227720
2017-12-06,0.00347931,99.7386,1,0.029529,259.583570,-0.00752651,31.7362,1,0.048941,358.379620
2017-12-07,0.01060707,100.7993,1,0.020723,202.360320,0.00064042,31.8002,1,0.030638,282.164810
2017-12-08,-0.00027135,100.7722,1,0.026205,242.176250,0.00888387,32.6886,1,0.041753,322.119500
2017-12-11,-0.00186606,100.5856,1,0.020196,182.077090,-0.01578251,31.1104,0,0.000000,0.000000
2017-12-12,0.00113534,100.6991,1,0.025706,240.981730,-0.01172358,29.9380,1,0.065838,401.347513
2017-12-13,-0.00216940,100.4822,1,0.027140,240.290200,0.00086377,30.0244,1,0.050823,359.713560
2017-12-14,-0.00260212,100.2219,1,0.038802,200.406920,-0.00571223,29.4532,1,0.050733,300.950040
2017-12-15,-0.00460400,99.7615,1,0.022530,199.906770,-0.00387960,29.0652,0,0.000000,0.000000
2017-12-18,0.01576062,101.3376,1,0.034128,202.086150,0.00560913,29.6261,0,0.000000,0.000000
2017-12-19,-0.00205243,101.1324,1,0.026563,262.143590,-0.00129927,29.4962,1,0.032577,301.994625
2017-12-20,-0.00203345,100.9290,1,0.023385,181.126660,0.00716570,30.2128,1,0.049470,339.431790
2017-12-21,0.00387832,101.3168,1,0.028998,161.003380,0.00870284,31.0830,1,0.035326,260.645040
2017-12-22,-0.00079089,101.2378,1,0.030079,220.276130,-0.00120967,30.9621,1,0.029757,240.457250
2017-12-26,-0.00232092,101.0057,1,0.034952,280.301250,-0.00031856,30.9302,1,0.045416,340.199750
2017-12-27,-0.00204548,100.8011,1,0.020868,180.961680,0.00035860,30.9661,1,0.049720,341.141940
2017-12-28,0.00963821,101.7649,1,0.016549,160.850800,-0.00448970,30.5171,1,0.036830,320.409220
2017-12-29,-0.00154085,101.6109,1,0.024325,221.228130,-0.00386828,30.1303,1,0.042228,360.608000
2018-01-02,0.00683129,102.2940,1,0.012361,160.469480,-0.00963069,29.1672,1,0.028539,319.410840
2018-01-03,-0.00183412,102.1106,1,0.031422,242.306590,0.00636374,29.8036,1,0.071406,381.297830
2018-01-04,0.00344460,102.4550,1,0.027640,241.583010,0.01023222,30.8268,1,0.042658,261.841600
2018-01-05,0.00133112,102.5881,1,0.017898,201.274120,0.00471343,31.2981,1,0.018387,221.758300
2018-01-08,-0.00067049,102.5211,1,0.024189,221.861430,0.00012774,31.3109,1,0.026776,281.703570
2018-01-09,-0.00209903,102.3112,0,0.000000,0.000000,0.00284441,31.5954,1,0.053159,261.237190
2018-01-10,0.00217396,102.5286,1,0.024594,261.475133,0.00960407,32.5558,1,0.057593,321.165240
2018-01-11,-0.00046920,102.4817,0,0.000000,0.000000,0.01236237,33.7920,1,0.021563,221.035440
2018-01-12,-0.00757010,101.7247,1,0.028850,281.532367,0.00733038,34.5250,1,0.025892,243.363780
2018-01-16,-0.00314483,101.4102,1,0.025213,261.319620,0.00097906,34.6229,1,0.021984,241.582150
2018-01-17,-0.00413422,100.9968,1,0.018472,199.873270,0.00765280,35.3882,1,0.040400,360.015470
2018-01-18,-0.00796266,100.2005,1,0.030356,301.780410,0.00082352,35.4706,0,0.000000,0.000000
2018-01-19,0.00025607,100.2261,1,0.027323,261.403090,0.00493668,35.9642,1,0.034502,322.815515
2018-01-22,0.00657534,100.8836,1,0.026836,241.696910,0.00005422,35.9697,1,0.033028,301.429010
2018-01-23,0.00230536,101.1142,1,0.024394,221.966330,0.00161777,36.1314,1,0.043273,321.494030
2018-01-24,0.00040819,101.1550,1,0.020461,220.994170,-0.00687091,35.4444,1,0.040001,340.960490
2018-01-25,-0.00005732,101.1492,1,0.013512,161.400020,0.00458225,35.9026,1,0.035065,380.317310
2018-01-26,-0.00495948,100.6533,1,0.020428,181.260700,-0.00717347,35.1852,1,0.028197,281.358330
2018-01-29,-0.01107876,99.5454,1,0.021556,221.448640,-0.00319484,34.8657,0,0.000000,0.000000
2018-01-30,0.00827939,100.3734,1,0.024031,181.020800,0.01086741,35.9525,0,0.000000,0.000000
2018-01-31,0.00939259,101.3126,1,0.023121,240.783510,0.00332551,36.2850,0,0.000000,0.000000
2018-02-01,-0.00726945,100.5857,1,0.028735,240.440140,-0.01285049,35.0000,1,0.040179,281.071571
2018-02-02,0.00090204,100.6759,1,0.038636,261.178230,-0.00984765,34.0152,1,0.086995,339.394070
2018-02-05,-0.00269482,100.4064,1,0.028872,258.950360,-0.01179614,32.8356,0,0.000000,0.000000
2018-02-06,-0.00270620,100.1358,1,0.023150,180.725370,0.00938726,33.7743,0,0.000000,0.000000
2018-02-07,-0.00190848,99.9449,1,0.046138,261.543110,-0.00810041,32.9643,1,0.029951,275.805714
2018-02-08,0.00694340,100.6393,1,0.063690,302.165110,-0.00459521,32.5048,1,0.046851,379.101430
2018-02-09,-0.01090500,99.5488,1,0.020110,161.898090,-0.00521179,31.9836,0,0.000000,0.000000
2018-02-12,0.00916611,100.4654,1,0.046729,242.926010,0.00124314,32.1079,0,0.000000,0.000000
2018-02-13,0.01042142,101.5075,1,0.064278,322.064440,0.00098179,32.2061,0,0.000000,0.000000
2018-02-14,0.02123265,103.6308,1,0.030725,321.239040,0.00283968,32.4901,1,0.058992,299.549072
2018-02-15,0.00161731,103.7925,1,0.028849,282.441510,-0.01737374,30.7527,1,0.051414,323.187860
2018-02-16,0.00810636,104.6032,1,0.020414,203.343200,0.00487633,31.2403,1,0.040227,341.937760
2018-02-20,-0.00009483,104.5937,1,0.022243,201.513810,-0.01170538,30.0698,1,0.038198,260.723700
2018-02-21,0.00104590,104.6983,1,0.031960,200.415220,-0.01355581,28.7142,1,0.054301,339.847820
2018-02-22,0.00224788,104.9231,1,0.045612,260.774470,-0.01986133,26.7281,1,0.070493,319.674280
2018-02-23,-0.00369448,104.5536,1,0.047088,281.602880,0.00579533,27.3076,1,0.071547,400.335520
2018-02-26,0.00477406,105.0310,1,0.056384,202.540820,-0.00476364,26.8312,0,0.000000,0.000000
2018-02-27,-0.01306279,103.7247,1,0.027879,261.463710,-0.00397332,26.4339,1,0.053142,345.014677
2018-02-28,0.00079665,103.8044,1,0.029945,259.007700,-0.00045970,26.3879,0,0.000000,0.000000
2018-03-01,0.00565724,104.3701,1,0.045856,161.150650,0.00465001,26.8529,0,0.000000,0.000000
2018-03-02,-0.00892513,103.4776,1,0.078073,160.954400,-0.00069523,26.7834,1,0.036683,277.159956
2018-03-05,0.00119905,103.5975,1,0.065635,221.495100,-0.00885270,25.8981,1,0.054590,341.919000
2018-03-06,-0.00063811,103.5337,1,0.025501,222.505960,0.00590406,26.4885,0,0.000000,0.000000
2018-03-07,0.00486417,104.0201,1,0.061043,261.585830,-0.00164934,26.3236,1,0.053694,322.809137
2018-03-08,-0.01022581,102.9975,1,0.032491,220.735280,-0.00482545,25.8411,1,0.046715,340.561300
2018-03-09,0.00292575,103.2901,1,0.023205,221.119790,-0.00330458,25.5106,1,0.030718,301.404850
2018-03-12,0.00599510,103.8896,1,0.030340,203.244760,-0.00211392,25.2992,0,0.000000,0.000000
2018-03-13,-0.00184274,103.7053,1,0.047244,300.142370,0.00076267,25.3755,1,0.033093,322.854671
2018-03-14,0.00661057,104.3664,1,0.047093,300.501630,-0.00352230,25.0233,1,0.045270,340.423080
2018-03-15,-0.00245958,104.1204,1,0.035048,220.403370,0.00281734,25.3050,1,0.045466,318.774260
2018-03-16,0.00789483,104.9099,1,0.023637,199.757590,0.00600968,25.9060,1,0.037262,340.079340
2018-03-19,-0.00164271,104.7457,1,0.028281,222.444060,-0.00076483,25.8295,1,0.032223,321.877030
2018-03-20,-0.00153232,104.5924,1,0.031452,259.814630,-0.00255129,25.5743,0,0.000000,0.000000
2018-03-21,-0.01103465,103.4890,1,0.024945,241.079680,-0.00693141,24.8812,1,0.038991,339.019081
2018-03-22,-0.00857005,102.6320,1,0.035455,280.187140,-0.00816361,24.0648,1,0.042341,360.646430
2018-03-23,0.00361144,102.9931,1,0.028786,218.003130,0.00188688,24.2535,0,0.000000,0.000000
2018-03-26,-0.00206210,102.7869,1,0.016880,141.140850,0.00103515,24.3570,0,0.000000,0.000000
2018-03-27,-0.00170488,102.6164,0,0.000000,0.000000,-0.01326203,23.0308,0,0.000000,0.000000
2018-03-28,0.00027639,102.6440,1,0.043611,341.944214,0.02140804,25.1716,1,0.039006,336.340344
2018-03-29,0.00779503,103.4235,1,0.036307,201.405370,-0.01030188,24.1415,1,0.041428,242.161490
2018-04-02,-0.00070515,103.3530,1,0.037035,222.960050,0.00875545,25.0170,0,0.000000,0.000000
2018-04-03,0.00158987,103.5120,1,0.056473,220.546140,0.00160157,25.1772,0,0.000000,0.000000
2018-04-04,0.00395030,103.9070,1,0.028720,242.796080,-0.00012760,25.1644,0,0.000000,0.000000
2018-04-05,0.00201416,104.1085,1,0.028114,242.149470,-0.00891939,24.2725,0,0.000000,0.000000
2018-04-06,0.00305503,104.4140,1,0.025037,222.258470,-0.00348052,23.9244,1,0.057622,364.442109
2018-04-09,0.00019367,104.4333,1,0.025833,219.975080,0.00138116,24.0625,0,0.000000,0.000000
2018-04-10,0.00908922,105.3422,1,0.019158,160.994000,0.01252269,25.3148,1,0.038361,297.583377
2018-04-11,0.00687623,106.0299,1,0.022867,203.504420,-0.00564046,24.7508,0,0.000000,0.000000
2018-04-12,0.00573400,106.6033,1,0.022330,260.323050,-0.00565978,24.1848,1,0.039108,342.875857
2018-04-13,-0.00374306,106.2290,1,0.034956,261.758830,-0.01395557,22.7892,1,0.044327,361.566330
2018-04-16,0.00035473,106.2644,1,0.021377,219.742590,-0.00671442,22.1178,1,0.045912,379.842410
2018-04-17,-0.00280699,105.9837,1,0.028019,181.885290,-0.00065786,22.0520,0,0.000000,0.000000
2018-04-18,0.00524020,106.5078,1,0.033270,242.489840,-0.00330122,21.7219,1,0.030222,304.966526
2018-04-19,0.00351244,106.8590,1,0.023096,181.348830,0.00221920,21.9438,1,0.036180,341.209580
2018-04-20,-0.00898750,105.9603,1,0.025400,199.660600,0.00515930,22.4597,0,0.000000,0.000000
2018-04-23,-0.00300456,105.6598,1,0.017336,180.318090,-0.00682360,21.7774,0,0.000000,0.000000
2018-04-24,0.00103515,105.7633,1,0.035415,260.524080,0.00887522,22.6649,1,0.039138,338.667761
2018-04-25,-0.00453448,105.3099,1,0.032718,260.081890,-0.00145666,22.5192,1,0.038876,319.945400
2018-04-26,-0.00124501,105.1854,1,0.021221,180.912270,-0.00490061,22.0292,1,0.050851,341.800450
2018-04-27,0.00096565,105.2819,1,0.044065,241.326540,-0.00147352,21.8818,1,0.054152,381.586790
2018-04-30,0.00650015,105.9319,1,0.029975,280.874450,-0.00116463,21.7653,1,0.054913,359.993440
2018-05-01,0.00242689,106.1746,1,0.033071,260.010570,0.00430338,22.1957,0,0.000000,0.000000
2018-05-02,0.00586270,106.7609,1,0.025740,241.193040,-0.00692254,21.5034,1,0.024304,260.335060
2018-05-03,-0.00570271,106.1906,1,0.016141,179.678690,0.00208949,21.7124,1,0.047171,319.374230
2018-05-04,0.00478707,106.6693,1,0.026343,201.162810,-0.00410631,21.3017,1,0.067971,340.711080
2018-05-07,-0.00025213,106.6441,1,0.032993,282.947370,-0.00889355,20.4124,0,0.000000,0.000000
2018-05-08,0.00478339,107.1225,1,0.030821,261.105380,0.01875060,22.2874,1,0.038220,362.897552
2018-05-09,0.00202301,107.3248,1,0.024689,201.142600,0.00382175,22.6696,1,0.036685,222.496620
2018-05-10,0.00800017,108.1248,1,0.027123,241.062630,-0.00398874,22.2707,1,0.030994,261.027560
2018-05-11,-0.03158169,104.9666,1,0.026859,262.154480,-0.00411319,21.8594,0,0.000000,0.000000
2018-05-14,-0.01576452,103.3902,1,0.029042,217.549050,-0.01391210,20.4682,1,0.039990,362.995911
2018-05-15,0.00719057,104.1092,1,0.032413,261.582050,0.01474232,21.9424,1,0.047238,341.248700
2018-05-16,0.00078797,104.1880,1,0.033543,259.781690,0.00511199,22.4536,1,0.033361,261.545770
2018-05-17,0.00136911,104.3249,1,0.022069,220.873760,-0.00051492,22.4022,1,0.030382,281.857340
2018-05-18,-0.01070316,103.2546,1,0.025386,220.355040,-0.00162648,22.2395,1,0.030878,300.760350
2018-05-21,0.00321572,103.5762,1,0.036978,280.602330,0.00993667,23.2332,1,0.029533,301.141650
2018-05-22,-0.00466689,103.1095,1,0.026149,241.824430,0.00288843,23.5220,1,0.035137,282.499340
2018-05-23,-0.02071480,101.0380,1,0.020690,200.473040,-0.00655646,22.8664,1,0.039316,300.589920
2018-05-24,-0.00733799,100.3042,1,0.027729,222.046070,-0.00302644,22.5637,1,0.041334,340.265250
2018-05-25,-0.00472473,99.8317,1,0.022983,201.366530,0.00199656,22.7634,1,0.042574,320.737070
2018-05-29,-0.00951403,98.8803,1,0.015683,180.442130,0.01336689,24.1001,1,0.035731,281.532110
2018-05-30,-0.00254554,98.6258,1,0.032394,259.390560,-0.00556539,23.5435,1,0.036899,260.075300
2018-05-31,-0.00609896,98.0159,0,0.000000,0.000000,-0.00077217,23.4663,0,0.000000,0.000000
2018-06-01,-0.00106850,97.9090,1,0.028490,240.835222,-0.00645447,22.8209,0,0.000000,0.000000
2018-06-04,-0.00819330,97.0897,1,0.045850,321.495520,0.00188406,23.0093,1,0.060124,382.617762
2018-06-05,-0.00237695,96.8520,1,0.036225,260.821520,0.00455780,23.4651,1,0.028500,261.880450
2018-06-06,0.00413652,97.2657,1,0.026018,241.266230,0.00624189,24.0892,1,0.038781,261.049120
2018-06-07,0.00316638,97.5823,1,0.023352,201.910790,-0.00100055,23.9892,1,0.038455,322.296230
2018-06-08,0.00402807,97.9851,1,0.028433,240.495130,0.00206539,24.1957,1,0.037581,340.386500
2018-06-11,-0.00147411,97.8377,1,0.033541,261.305400,-0.00035073,24.1607,0,0.000000,0.000000
2018-06-12,0.00169586,98.0073,1,0.034734,241.273150,0.00109017,24.2697,1,0.035273,342.142234
2018-06-13,0.00651022,98.6583,1,0.028378,201.339120,-0.00274650,23.9950,1,0.040220,281.792230
2018-06-14,0.00028640,98.6869,1,0.035040,180.414680,-0.00305614,23.6894,1,0.057554,318.695710
2018-06-15,0.00231551,98.9185,1,0.016679,161.052780,0.00336339,24.0257,1,0.040801,321.197280
2018-06-18,0.00728689,99.6472,1,0.024111,200.589630,0.00310671,24.3364,1,0.034629,300.433160
2018-06-19,0.00747482,100.3947,1,0.024868,219.837720,0.00774100,25.1105,1,0.032640,300.818760
2018-06-20,0.00611886,101.0066,1,0.016754,180.449030,-0.00100294,25.0102,1,0.034964,260.147440
2018-06-21,-0.00183868,100.8227,1,0.040568,281.065240,0.00959736,25.9700,1,0.043094,301.329710
2018-06-22,-0.00453796,100.3689,1,0.025276,180.507440,0.01299217,27.2692,1,0.025083,260.718170
2018-06-25,-0.01091776,99.2771,1,0.021446,181.278540,0.00655953,27.9251,1,0.030957,261.758900
2018-06-26,-0.00381171,98.8959,1,0.024311,180.920710,-0.00551920,27.3732,1,0.037690,319.321830
2018-06-27,-0.00554836,98.3411,1,0.026506,239.951040,-0.00020413,27.3528,1,0.034693,360.243610
2018-06-28,-0.00009643,98.3315,1,0.019313,180.804430,0.00286450,27.6392,0,0.000000,0.000000
2018-06-29,0.00442849,98.7743,1,0.030891,281.266770,0.00261464,27.9007,1,0.032446,318.740857
2018-07-02,0.00861743,99.6361,1,0.032327,281.231720,-0.00337420,27.5633,1,0.047570,260.803310
2018-07-03,-0.00007516,99.6285,1,0.033496,280.970390,-0.01053377,26.5099,1,0.063087,320.347270
2018-07-05,-0.00362844,99.2657,1,0.048544,260.106780,-0.00283390,26.2265,1,0.084750,399.559350
2018-07-06,-0.00323640,98.9421,1,0.026320,261.748660,-0.00188636,26.0379,0,0.000000,0.000000
2018-07-09,0.00441857,99.3839,1,0.020733,201.452200,-0.00173701,25.8642,0,0.000000,0.000000
2018-07-10,-0.00234254,99.1497,1,0.023404,241.971610,-0.00495288,25.3689,1,0.045228,325.594188
2018-07-11,-0.00587948,98.5617,1,0.016518,160.997910,0.00224130,25.5930,1,0.042090,380.390460
2018-07-12,-0.00617480,97.9442,1,0.018570,200.324610,-0.00325801,25.2672,1,0.033681,299.153720
2018-07-13,-0.00045289,97.8989,1,0.029669,221.458450,0.00250160,25.5174,1,0.033350,301.567100
2018-07-16,0.00309069,98.2080,1,0.038131,300.665280,-0.00553213,24.9642,1,0.032113,300.901490
2018-07-17,0.00512762,98.7208,1,0.026778,280.301920,0.00180027,25.1442,1,0.037233,340.084640
2018-07-18,0.00519233,99.2400,1,0.020297,241.653420,0.00206712,25.3509,1,0.071748,341.462840
2018-07-19,0.00220918,99.4609,1,0.018752,241.299490,-0.01947281,23.4036,1,0.046961,301.191480
2018-07-20,-0.00336594,99.1243,1,0.032814,260.729670,0.00103573,23.5072,1,0.039437,359.814960
2018-07-23,-0.00041925,99.0824,1,0.027855,220.755900,-0.00204091,23.3031,1,0.045741,300.252590
2018-07-24,0.00061610,99.1440,1,0.029380,240.116910,-0.00808692,22.4944,1,0.049242,340.657650
2018-07-25,0.00057101,99.2011,1,0.030809,280.419710,0.00349829,22.8443,1,0.033451,321.960590
2018-07-26,0.00491044,99.6922,1,0.022286,222.907290,-0.00007321,22.8369,1,0.026751,303.012280
2018-07-27,-0.00300625,99.3915,1,0.035785,321.596570,0.02243645,25.0806,1,0.036135,342.125950
2018-07-30,-0.01060814,98.3307,1,0.022634,220.541740,0.00573713,25.6543,1,0.035147,241.088920
2018-07-31,-0.00186107,98.1446,1,0.023487,259.291700,0.00624450,26.2787,1,0.034500,259.930540
2018-08-01,-0.02261937,95.8827,1,0.026837,242.719300,-0.00448418,25.8303,1,0.052558,282.169350
2018-08-02,-0.01152743,94.7299,1,0.026853,261.794840,0.01265113,27.0954,1,0.062477,340.177940
2018-08-03,-0.00170038,94.5599,1,0.025648,284.026330,-0.01389759,25.7057,1,0.042569,262.729890
2018-08-06,-0.01021204,93.5387,1,0.024074,240.471530,-0.00209052,25.4966,1,0.042622,359.951990
2018-08-07,0.00140879,93.6796,1,0.031771,261.288570,-0.00567414,24.9292,1,0.036694,341.076890
2018-08-08,-0.00514828,93.1647,1,0.020828,162.122610,-0.00883834,24.0454,1,0.034594,300.902220
2018-08-09,-0.00541209,92.6235,1,0.026049,240.101900,-0.00072404,23.9730,1,0.044434,359.655920
2018-08-10,-0.00796728,91.8268,1,0.016638,181.107000,0.01185618,25.1586,1,0.031862,300.770030
2018-08-13,-0.00298460,91.5283,1,0.016220,200.748730,0.00824331,25.9829,0,0.000000,0.000000
2018-08-14,0.00358026,91.8864,1,0.019714,200.680080,0.00324281,26.3072,1,0.028919,299.690427
2018-08-15,0.00831538,92.7179,1,0.026312,241.517200,0.00661578,26.9688,0,0.000000,0.000000
2018-08-16,0.00253499,92.9714,1,0.027351,279.845790,-0.00489347,26.4794,1,0.029487,302.045247
2018-08-17,0.00114372,93.0858,1,0.036628,281.195690,-0.00531253,25.9482,1,0.038003,321.508980
2018-08-20,-0.00106552,92.9792,1,0.026822,221.286040,0.00389843,26.3380,1,0.042837,380.872910
2018-08-21,0.01133191,94.1124,1,0.014639,161.668850,-0.00215919,26.1221,1,0.038289,320.918380
2018-08-22,-0.00164322,93.9481,1,0.016452,181.082870,-0.00094206,26.0279,1,0.034946,320.999770
2018-08-23,-0.00520662,93.4274,1,0.025802,200.130090,0.00197103,26.2250,1,0.035897,320.074480
2018-08-24,-0.00155263,93.2722,1,0.020213,220.722680,-0.00301837,25.9232,1,0.030667,340.092940
2018-08-27,0.00067519,93.3397,1,0.019921,220.894030,0.00961810,26.8850,1,0.032350,341.108890
2018-08-28,-0.00299552,93.0401,0,0.000000,0.000000,-0.00333371,26.5516,1,0.025801,261.763020
2018-08-29,-0.00072037,92.9681,1,0.019927,200.479172,0.00020623,26.5722,1,0.046007,340.386230
2018-08-30,-0.00182452,92.7857,1,0.021082,220.413910,-0.00475419,26.0968,1,0.051559,300.858990
2018-08-31,0.00642356,93.4280,1,0.017624,180.983510,-0.00400494,25.6963,1,0.035654,278.928080
2018-09-04,0.00737301,94.1653,1,0.026109,280.126800,-0.00259817,25.4365,1,0.038937,320.882020
2018-09-05,0.00264130,94.4294,1,0.035180,339.497450,0.00709187,26.1457,1,0.048283,300.194300
2018-09-06,-0.00137476,94.2920,1,0.033656,279.858810,0.01489721,27.6354,1,0.041429,260.447390
2018-09-07,0.00031705,94.3237,1,0.019665,260.586500,0.00809724,28.4451,1,0.030446,261.548530
2018-09-10,0.00136907,94.4606,1,0.028293,259.924990,-0.00614611,27.8305,1,0.040871,320.041250
2018-09-11,0.00332857,94.7934,1,0.028773,221.215220,-0.00866994,26.9635,1,0.045164,340.753820
2018-09-12,0.00038848,94.8323,1,0.027492,300.523990,-0.00249630,26.7139,1,0.039720,340.792110
2018-09-13,0.00381578,95.2139,1,0.017752,161.043160,0.00732710,27.4466,1,0.027100,301.152490
2018-09-14,-0.00393395,94.8205,1,0.013885,181.910270,-0.00150816,27.2958,1,0.032226,281.650630
2018-09-17,0.00708590,95.5291,1,0.033790,260.803170,-0.01359183,25.9366,1,0.035773,340.562650
2018-09-18,0.00578512,96.1076,1,0.018348,259.935520,-0.00837344,25.0993,1,0.043194,358.750190
2018-09-19,0.00192688,96.3003,1,0.019742,260.800140,-0.00375721,24.7235,1,0.049471,400.468210
2018-09-20,-0.00389247,95.9110,1,0.027127,260.576650,0.00330228,25.0538,1,0.035682,320.773050
2018-09-21,-0.00059975,95.8510,1,0.017935,220.497820,0.00339309,25.3931,1,0.029731,302.141630
2018-09-24,-0.00008161,95.8429,1,0.020251,240.531420,0.00186803,25.5799,1,0.039077,280.767200
2018-09-25,-0.00545376,95.2975,1,0.009836,160.148030,0.00333452,25.9133,0,0.000000,0.000000
2018-09-26,0.00860713,96.1582,1,0.020087,181.327360,0.00373408,26.2867,1,0.047352,319.632576
2018-09-27,-0.00416908,95.7413,1,0.016438,180.103400,0.00237165,26.5239,1,0.039435,339.198820
2018-09-28,-0.00581128,95.1602,1,0.018898,180.964650,0.00216958,26.7409,1,0.025172,260.871240
2018-10-01,-0.00601565,94.5586,1,0.012825,140.883550,-0.00276577,26.4643,1,0.037697,320.557810
2018-10-02,-0.00535979,94.0226,1,0.018759,200.287620,-0.00002209,26.4621,1,0.045409,340.233680
2018-10-03,0.00471580,94.4942,1,0.023870,240.372520,-0.01698971,24.7631,1,0.054741,340.856900
2018-10-04,-0.00329862,94.1643,1,0.021292,181.385350,0.00128829,24.8919,1,0.039511,379.360690
2018-10-05,-0.00898560,93.2658,1,0.023470,201.418770,0.00921812,25.8137,1,0.028438,319.247760
2018-10-08,-0.01688200,91.5776,1,0.020990,199.933530,0.01735177,27.5489,1,0.023393,260.493290
2018-10-09,0.00438887,92.0165,1,0.038973,260.072850,0.01800819,29.3497,1,0.026021,222.059750
2018-10-10,-0.01262902,90.7536,1,0.034242,240.269240,0.01576897,30.9266,1,0.036393,260.954740
2018-10-11,0.00028464,90.7820,1,0.031296,258.788080,-0.00577293,30.3493,0,0.000000,0.000000
2018-10-12,0.00781179,91.5632,1,0.054101,259.259920,0.00250938,30.6003,0,0.000000,0.000000
2018-10-15,0.00208097,91.7713,1,0.027983,261.939040,-0.00704975,29.8953,1,0.051305,315.384779
2018-10-16,0.01016732,92.7880,1,0.030298,300.814160,-0.00703553,29.1918,1,0.037433,300.422250
2018-10-17,-0.00148917,92.6391,1,0.025297,264.233430,-0.01194815,27.9969,0,0.000000,0.000000
2018-10-18,0.01347790,93.9869,1,0.035610,280.700680,-0.00194426,27.8025,1,0.043766,363.777002
2018-10-19,-0.00943470,93.0434,1,0.040270,278.784200,0.00098264,27.9008,0,0.000000,0.000000
2018-10-22,0.00507973,93.5514,1,0.041427,240.737320,-0.01235592,26.6652,1,0.034812,297.100214
2018-10-23,0.01023346,94.5748,1,0.022494,241.411760,-0.01686771,24.9784,1,0.050901,380.006680
2018-10-24,0.01481544,96.0563,1,0.052466,299.031440,0.00645601,25.6240,1,0.083229,340.706570
2018-10-25,0.00424849,96.4812,1,0.035361,238.615590,0.02114252,27.7383,0,0.000000,0.000000
2018-10-26,0.02051483,98.5326,1,0.062387,322.668850,0.01300925,29.0392,1,0.047225,281.492940
2018-10-29,0.00635582,99.1682,1,0.036198,298.201730,0.01336449,30.3756,0,0.000000,0.000000
2018-10-30,0.01375168,100.5434,1,0.058432,301.627340,-0.01816526,28.5591,1,0.030596,260.645002
2018-10-31,0.01009481,101.5529,1,0.040839,264.036720,-0.01891777,26.6673,0,0.000000,0.000000
2018-11-01,-0.00149170,101.4037,1,0.029030,282.284020,0.00838849,27.5062,1,0.044301,365.197415
2018-11-02,-0.01142082,100.2616,1,0.032142,283.039360,0.00359937,27.8661,1,0.032693,322.722850
2018-11-05,0.00472085,100.7337,1,0.023115,222.314860,-0.00941116,26.9250,1,0.034106,280.886430
2018-11-06,-0.00216895,100.5168,1,0.038315,282.168760,-0.00442673,26.4823,1,0.043403,322.637150
2018-11-07,-0.01014064,99.5027,1,0.032254,261.724760,-0.01764151,24.7182,0,0.000000,0.000000
2018-11-08,0.01947201,101.4499,1,0.037629,304.762530,0.00752221,25.4704,0,0.000000,0.000000
2018-11-09,-0.00316510,101.1334,1,0.024390,258.959950,0.00540302,26.0107,1,0.057288,285.513827
2018-11-12,-0.00947415,100.1860,1,0.020615,200.285800,0.01066956,27.0777,1,0.043384,300.051090
2018-11-13,-0.00919497,99.2665,1,0.029317,201.147900,-0.00427056,26.6506,0,0.000000,0.000000
2018-11-14,0.01643516,100.9100,1,0.030004,221.610160,-0.00507386,26.1432,1,0.045036,318.446330
2018-11-15,0.02010476,102.9205,1,0.031764,179.739580,0.01609728,27.7530,1,0.052392,298.971990
2018-11-16,-0.01165080,101.7554,1,0.024560,203.716940,0.00003364,27.7563,1,0.020036,203.592340
2018-11-19,-0.02078697,99.6767,1,0.029827,201.875420,-0.00792000,26.9643,1,0.045520,302.727940
2018-11-20,0.01215817,100.8926,1,0.035153,222.016290,-0.01916076,25.0482,1,0.046856,338.616420
2018-11-21,0.01514343,102.4069,1,0.015317,121.083970,-0.00140100,24.9081,1,0.037160,320.446820
2018-11-23,0.00008160,102.4151,1,0.041410,242.454900,-0.00187738,24.7204,1,0.051498,321.845040
2018-11-26,-0.00071546,102.3435,1,0.052476,220.939410,-0.00500031,24.2204,1,0.119231,320.866120
2018-11-27,-0.00504876,101.8386,1,0.029186,262.470770,0.01658151,25.8785,0,0.000000,0.000000
2018-11-28,0.00628156,102.4668,1,0.037514,279.103670,-0.01824991,24.0535,1,0.037051,284.024369
2018-11-29,0.00561619,103.0284,1,0.031731,264.666950,0.00485491,24.5390,0,0.000000,0.000000
2018-11-30,-0.00885093,102.1433,1,0.037023,280.354130,-0.00412301,24.1267,1,0.036381,322.932487
2018-12-03,-0.00560721,101.5826,1,0.040511,281.596410,-0.00196625,23.9301,1,0.055665,361.751720
2018-12-04,-0.00232071,101.3505,1,0.034441,262.871350,-0.02049343,21.8808,1,0.045203,322.258160
2018-12-06,0.00319532,101.6701,1,0.023618,161.763790,-0.00034554,21.8462,0,0.000000,0.000000
2018-12-07,-0.01013060,100.6570,1,0.030620,241.305450,0.00338285,22.1845,1,0.039535,316.793453
2018-12-10,0.00817926,101.4749,1,0.019894,182.099200,0.00038808,22.2233,0,0.000000,0.000000
2018-12-11,-0.00675849,100.7991,1,0.028399,181.499920,0.00246863,22.4702,1,0.044457,279.671854
2018-12-12,0.00719141,101.5182,1,0.036349,281.905170,0.00224149,22.6943,1,0.036631,280.817080
2018-12-13,-0.00023584,101.4946,1,0.042224,241.655770,-0.00821436,21.8729,1,0.049136,302.703040
2018-12-14,0.00595345,102.0900,1,0.061945,280.859100,0.00611863,22.4847,1,0.053237,320.143100
2018-12-17,0.00028650,102.1186,1,0.040660,219.574370,-0.01684269,20.8005,0,0.000000,0.000000
2018-12-18,-0.00910792,101.2078,1,0.037562,219.690770,-0.00620378,20.1801,0,0.000000,0.000000
2018-12-19,0.00498246,101.7061,1,0.031424,222.167670,-0.00453757,19.7263,1,0.038197,297.103912
2018-12-20,-0.00093243,101.6128,1,0.051283,278.466330,-0.00085418,19.6409,0,0.000000,0.000000
2018-12-21,0.00110746,101.7236,1,0.029784,220.662140,-0.00044186,19.5967,0,0.000000,0.000000
2018-12-24,-0.00158810,101.5648,1,0.038440,180.164110,-0.00074894,19.5218,0,0.000000,0.000000
2018-12-26,-0.00344605,101.2202,1,0.056805,181.395450,0.00944892,20.4667,0,0.000000,0.000000
2018-12-27,-0.00042950,101.1772,1,0.062890,288.867440,0.00742420,21.2091,0,0.000000,0.000000
2018-12-28,-0.00531833,100.6454,1,0.060823,262.469060,0.00230910,21.4400,0,0.000000,0.000000
2018-12-31,0.00497966,101.1434,1,0.040874,180.318190,0.00142971,21.5830,1,0.048499,299.412118
2019-01-02,-0.00000294,101.1431,1,0.027204,202.555420,-0.01016066,20.5670,0,0.000000,0.000000
2019-01-03,-0.00954349,100.1887,1,0.037229,241.690850,-0.01061951,19.5050,1,0.079741,322.069876
2019-01-04,0.01548730,101.7374,1,0.038530,200.899800,0.01467604,20.9726,0,0.000000,0.000000
2019-01-07,0.01062333,102.7998,1,0.040607,286.192260,0.00121957,21.0946,0,0.000000,0.000000
2019-01-08,-0.00441339,102.3584,1,0.044689,262.452320,0.00851682,21.9462,1,0.059698,303.571686
2019-01-09,0.01173700,103.5321,1,0.048070,303.817430,-0.00699489,21.2468,1,0.048679,323.174580
2019-01-10,0.00542121,104.0743,1,0.043679,243.401210,-0.01217776,20.0290,1,0.055126,343.307630
2019-01-11,-0.00696407,103.3778,1,0.041337,241.477580,-0.00215699,19.8133,1,0.053039,342.171870
2019-01-14,0.00172142,103.5500,1,0.064758,301.472410,-0.00135200,19.6781,1,0.058220,281.545920
2019-01-15,0.00501031,104.0510,1,0.030509,221.259220,-0.01042619,18.6355,1,0.037199,320.168240
2019-01-16,-0.00216941,103.8341,1,0.033981,242.124060,0.00877803,19.5133,1,0.053257,381.771340
2019-01-17,0.00403588,104.2377,1,0.027982,220.958000,-0.00895638,18.6176,1,0.051118,321.019540
2019-01-18,-0.00348803,103.8889,1,0.037403,281.538470,0.01067671,19.6853,1,0.065369,362.126560
2019-01-22,-0.00492621,103.3962,1,0.047761,283.627960,-0.01308728,18.3766,0,0.000000,0.000000
2019-01-23,-0.00860355,102.5359,1,0.038165,219.905540,0.01328361,19.7049,1,0.065549,341.371575
2019-01-24,0.00094802,102.6307,1,0.025148,161.441910,-0.00216500,19.4884,1,0.036020,241.415110
2019-01-25,-0.00469587,102.1611,1,0.043447,282.761230,0.00599764,20.0882,1,0.046236,342.558260
2019-01-28,0.01153024,103.3141,1,0.019886,143.817020,-0.00205989,19.8822,0,0.000000,0.000000
2019-01-29,-0.00004266,103.3099,1,0.023576,161.086010,-0.00057730,19.8245,1,0.047110,302.152477
2019-01-30,-0.00818212,102.4916,1,0.040282,201.228250,0.00222224,20.0467,1,0.038746,301.549020
2019-01-31,0.00789793,103.2814,1,0.031497,241.256450,-0.00682250,19.3645,1,0.042790,282.151510
2019-02-01,-0.00130778,103.1507,1,0.036268,261.857430,-0.02657795,16.7067,1,0.043305,302.069140
2019-02-04,0.00588679,103.7393,1,0.045231,222.613390,-0.00051501,16.6552,1,0.066541,400.428570
2019-02-05,0.00470875,104.2102,1,0.025695,202.371450,-0.02143610,14.5115,1,0.037110,301.671900
2019-02-06,-0.00773134,103.4371,1,0.033384,261.931670,0.00580516,15.0921,1,0.046914,381.583740
2019-02-07,0.02154632,105.5917,1,0.033278,260.578690,-0.02285384,12.8067,1,0.043124,280.934570
2019-02-08,-0.00581926,105.0098,1,0.033686,279.759990,0.00122777,12.9295,1,0.053343,338.525780
2019-02-11,0.00453556,105.4633,1,0.027024,240.505960,0.00143548,13.0730,1,0.033892,301.032060
2019-02-12,0.01443685,106.9070,1,0.030305,220.863360,0.00131426,13.2044,1,0.059124,301.055620
2019-02-13,0.00784261,107.6913,1,0.028449,242.304350,-0.00053820,13.1506,0,0.000000,0.000000
2019-02-14,-0.01079657,106.6116,1,0.030757,259.763470,-0.00627566,12.5230,1,0.037286,344.050041
2019-02-15,-0.00051575,106.5601,1,0.043325,279.742660,-0.00482428,12.0406,1,0.051348,260.002560
2019-02-19,-0.00197965,106.3621,1,0.027895,202.790290,-0.00359161,11.6815,0,0.000000,0.000000
2019-02-20,0.00460096,106.8222,1,0.025844,200.530190,0.00208991,11.8904,1,0.051569,363.451984
2019-02-21,0.00585420,107.4076,1,0.039730,222.333660,-0.00882858,11.0076,1,0.049418,301.758920
2019-02-22,-0.00941240,106.4664,1,0.022380,220.355870,0.00417566,11.4252,1,0.050384,379.420780
2019-02-25,-0.00129251,106.3371,1,0.027231,182.146740,-0.00951840,10.4733,0,0.000000,0.000000
2019-02-26,0.00132454,106.4696,1,0.024666,220.972380,-0.00743820,9.7295,1,0.063240,381.190573
2019-02-27,0.00776665,107.2462,1,0.028945,220.528560,0.00039080,9.7686,1,0.049340,359.360620
2019-02-28,0.01100672,108.3469,1,0.040218,261.498170,0.00930230,10.6988,1,0.056720,340.781800
2019-03-01,0.00679846,109.0268,1,0.025124,240.933730,-0.02327829,8.3710,1,0.032219,300.735090
2019-03-04,-0.00040462,108.9863,1,0.038482,282.555910,-0.00661510,7.7095,1,0.065520,382.555890
2019-03-05,-0.00752829,108.2335,1,0.025759,220.200080,-0.00333663,7.3758,1,0.046083,319.966790
2019-03-06,0.01257501,109.4910,1,0.035219,261.434290,-0.00600829,6.7750,1,0.042229,339.989280
2019-03-07,-0.00930712,108.5603,1,0.035142,200.395640,0.00043268,6.8182,0,0.000000,0.000000
2019-03-08,-0.00177321,108.3829,1,0.041671,220.473550,0.00832638,7.6509,1,0.055812,298.554188
2019-03-11,0.00032866,108.4158,1,0.031644,221.023830,0.00039024,7.6899,1,0.039976,280.613170
2019-03-12,0.01051463,109.4673,1,0.030387,202.883390,-0.00109405,7.5805,0,0.000000,0.000000
2019-03-13,0.00499261,109.9665,1,0.029309,221.258150,0.01168768,8.7493,1,0.044982,284.631885
2019-03-14,0.00726367,110.6929,1,0.036623,322.548830,-0.00297893,8.4514,1,0.029193,242.430330
2019-03-15,0.00516475,111.2094,1,0.028545,260.770830,0.00711415,9.1628,1,0.040615,340.243280
2019-03-18,0.00577252,111.7866,1,0.028228,240.268740,-0.01098185,8.0646,1,0.030335,260.943530
2019-03-19,-0.00153981,111.6326,1,0.038601,241.454020,-0.00204207,7.8604,1,0.051977,341.311470
2019-03-20,0.00197730,111.8304,1,0.022970,201.127100,0.00547876,8.4083,1,0.047004,320.696970
2019-03-21,0.00882368,112.7127,1,0.021572,180.904280,0.00552197,8.9605,1,0.053373,320.014200
2019-03-22,0.00709641,113.4224,1,0.024669,222.765840,0.01276242,10.2367,0,0.000000,0.000000
2019-03-25,0.00438211,113.8606,1,0.032389,220.459730,0.01078145,11.3149,0,0.000000,0.000000
2019-03-26,-0.00759492,113.1011,1,0.029532,221.690640,0.00851219,12.1661,1,0.038281,239.887876
2019-03-27,0.00378848,113.4799,1,0.027312,181.442880,0.00721622,12.8877,0,0.000000,0.000000
2019-03-28,-0.00193208,113.2867,1,0.033748,240.975360,0.00965246,13.8529,1,0.027234,261.436166
2019-03-29,-0.00040660,113.2461,1,0.028580,282.327220,-0.00105376,13.7476,0,0.000000,0.000000
2019-04-01,-0.00810865,112.4352,1,0.038925,241.787300,0.00744703,14.4923,1,0.056807,323.734673
2019-04-02,-0.00650835,111.7844,1,0.032725,223.213640,0.00232962,14.7252,1,0.038768,282.919370
2019-04-03,0.00877562,112.6619,1,0.024668,200.382250,-0.01009230,13.7160,1,0.047100,320.454390
2019-04-04,-0.00488498,112.1734,1,0.027068,200.457690,-0.01010360,12.7056,1,0.047450,380.206070
2019-04-05,0.00668426,112.8419,1,0.023894,181.290070,0.00317731,13.0234,1,0.065639,380.557450
2019-04-08,0.00311734,113.1536,1,0.044546,262.048180,-0.00516204,12.5072,1,0.045064,301.775770
2019-04-09,-0.00412386,112.7412,1,0.030136,240.785460,-0.00809200,11.6980,1,0.044420,321.108760
2019-04-10,0.00334813,113.0760,1,0.028537,239.941910,0.00740766,12.4387,0,0.000000,0.000000
2019-04-11,0.00221956,113.2980,1,0.030394,220.856150,0.00347056,12.7858,1,0.038164,260.967398
2019-04-12,-0.00814763,112.4832,1,0.034573,220.954910,0.01974497,14.7603,1,0.044093,281.284020
2019-04-15,0.00292770,112.7760,1,0.020610,202.977570,-0.00868989,13.8913,1,0.037879,242.537790
2019-04-16,-0.01555360,111.2206,1,0.029020,260.327160,-0.00339680,13.5516,1,0.053130,359.398850
2019-04-17,0.00096988,111.3176,1,0.037582,239.846200,0.02416034,15.9677,1,0.045336,301.188530
2019-04-18,0.00160579,111.4782,0,0.000000,0.000000,-0.01361958,14.6057,1,0.039308,221.140510
2019-04-22,0.00028246,111.5064,1,0.023644,180.406566,-0.00257455,14.3482,1,0.051295,380.988130
2019-04-23,0.00870726,112.3772,1,0.034884,219.862450,-0.01236687,13.1116,1,0.050397,300.576180
2019-04-24,0.00432392,112.8096,1,0.028268,163.544550,0.00945872,14.0574,1,0.048638,362.494630
2019-04-25,-0.00295977,112.5136,1,0.016647,120.538880,-0.00103413,13.9540,1,0.047283,241.782550
2019-04-26,0.00289172,112.8028,1,0.021728,140.766970,-0.00605048,13.3490,1,0.059138,320.333090
2019-04-29,-0.00715612,112.0871,1,0.016922,122.373820,0.00195781,13.5447,1,0.044809,342.163810
2019-04-30,0.00161015,112.2482,1,0.012985,101.517290,-0.00344474,13.2003,1,0.044534,300.788450
2019-05-01,-0.00160101,112.0881,1,0.021521,140.795760,-0.00846504,12.3538,1,0.062814,361.449000
2019-05-02,-0.00866578,111.2215,1,0.024258,160.456360,0.00280596,12.6344,0,0.000000,0.000000
2019-05-03,0.00326479,111.5480,1,0.025631,181.768880,-0.00152658,12.4817,1,0.042318,299.621468
2019-05-06,-0.00498560,111.0494,1,0.035320,241.985930,0.00209056,12.6908,0,0.000000,0.000000
2019-05-07,-0.00960680,110.0887,1,0.038960,260.882900,0.00641988,13.3327,1,0.036082,262.255242
2019-05-08,-0.01168294,108.9204,1,0.034824,259.926780,-0.00344726,12.9880,0,0.000000,0.000000
2019-05-09,-0.00529507,108.3909,1,0.047587,278.639750,-0.00282415,12.7056,1,0.046095,316.863870
2019-05-10,-0.00471688,107.9192,1,0.035458,241.004960,-0.00399872,12.3057,1,0.049882,320.655800
2019-05-13,-0.00118188,107.8010,1,0.031468,201.517930,0.02226626,14.5324,1,0.052754,340.215450
2019-05-14,-0.00025816,107.7752,1,0.026636,199.415500,-0.00694600,13.8378,0,0.000000,0.000000
2019-05-15,0.00272552,108.0478,1,0.032088,221.328260,-0.01566046,12.2717,1,0.050856,358.891115
2019-05-16,-0.00551190,107.4966,1,0.030160,201.005060,-0.01214081,11.0576,1,0.060141,359.307070
2019-05-17,-0.02409591,105.0870,1,0.027011,221.565410,-0.00298052,10.7596,1,0.053772,341.004840
2019-05-20,-0.01589955,103.4970,1,0.023735,180.255040,0.01475970,12.2356,1,0.040400,319.982820
2019-05-21,-0.00552350,102.9447,1,0.018800,140.735380,-0.00444720,11.7908,1,0.037570,220.939530
2019-05-22,-0.00967346,101.9773,1,0.018096,123.116470,0.00109106,11.8999,0,0.000000,0.000000
2019-05-23,0.00004944,101.9823,1,0.018906,141.025050,0.02537604,14.4375,1,0.041706,260.687543
2019-05-24,0.00827890,102.8102,1,0.027520,159.579690,0.00117099,14.5546,0,0.000000,0.000000
2019-05-28,0.00548336,103.3585,1,0.022864,141.337870,0.00488458,15.0431,1,0.046622,278.780317
2019-05-29,0.00318799,103.6773,1,0.030721,180.401040,0.00173471,15.2166,0,0.000000,0.000000
2019-05-30,0.00094484,103.7718,0,0.000000,0.000000,0.00796909,16.0135,1,0.052651,298.694152
2019-05-31,0.00421228,104.1930,1,0.033482,220.211996,0.00834988,16.8485,1,0.041872,261.217300
2019-06-03,0.00419117,104.6121,1,0.028923,238.667650,-0.01222336,15.6261,1,0.041856,299.760500
2019-06-04,0.00166190,104.7783,1,0.041440,242.804160,-0.00675920,14.9502,1,0.061020,362.234280
2019-06-05,0.00510583,105.2889,1,0.025517,185.581670,-0.01358529,13.5917,0,0.000000,0.000000
2019-06-06,-0.00002053,105.2869,1,0.039253,241.198520,0.00336780,13.9285,1,0.055370,387.211761
2019-06-07,0.00265040,105.5519,1,0.034870,241.698100,-0.00995245,12.9332,1,0.046895,301.088110
2019-06-10,-0.00937916,104.6140,1,0.039626,261.684150,0.01172617,14.1058,1,0.047463,321.702870
2019-06-11,-0.00170852,104.4431,1,0.027152,201.984370,0.00633396,14.7392,1,0.037634,281.883360
2019-06-12,-0.00787564,103.6556,1,0.029254,200.880780,-0.00505677,14.2336,1,0.044717,300.416090
2019-06-13,0.01032914,104.6885,1,0.021126,180.480050,-0.00708771,13.5248,1,0.043641,340.975860
2019-06-14,0.00756863,105.4453,1,0.040877,282.116120,-0.00989233,12.5356,1,0.060003,361.866130
2019-06-17,0.00003668,105.4490,1,0.044512,220.104380,-0.01196035,11.3395,1,0.079755,379.139550
2019-06-18,-0.00077460,105.3716,1,0.035970,220.771140,-0.00907584,10.4319,1,0.050384,360.193940
2019-06-19,0.00013044,105.3846,1,0.040056,221.875110,-0.00352036,10.0799,1,0.059406,342.759480
2019-06-20,-0.00499830,104.8848,1,0.027230,123.128700,-0.00849963,9.2299,1,0.069893,380.655390
2019-06-21,-0.01101751,103.7830,1,0.023441,161.443100,0.00549323,9.7793,0,0.000000,0.000000
2019-06-24,-0.00356671,103.4263,1,0.033211,221.231730,-0.00414663,9.3646,1,0.048493,301.026452
2019-06-25,0.00382359,103.8087,1,0.027121,180.691200,-0.00257596,9.1070,1,0.048206,300.377790
2019-06-26,-0.00921493,102.8872,1,0.013783,141.098000,-0.00601239,8.5058,1,0.047439,319.035610
2019-06-27,0.00266389,103.1536,1,0.017131,121.792870,-0.00464205,8.0416,1,0.052525,320.572620
2019-06-28,-0.00817342,102.3363,1,0.026562,181.863740,0.00825769,8.8673,0,0.000000,0.000000
2019-07-01,0.00111531,102.4478,1,0.026239,162.528580,0.00989339,9.8567,0,0.000000,0.000000
2019-07-02,0.00496263,102.9441,1,0.029347,181.267990,-0.00956578,8.9001,1,0.045838,264.349421
2019-07-03,-0.00127470,102.8166,1,0.025530,180.510310,0.00626075,9.5262,1,0.054695,379.449880
2019-07-05,-0.00024295,102.7923,1,0.046835,201.961240,-0.00999183,8.5270,0,0.000000,0.000000
2019-07-08,-0.00710012,102.0823,1,0.021912,160.670840,-0.01845769,6.6812,1,0.059999,382.125122
2019-07-09,-0.00201034,101.8812,1,0.032604,199.908220,0.00218898,6.9001,1,0.069192,378.315610
2019-07-10,-0.00055347,101.8259,1,0.031617,259.756010,-0.00772945,6.1272,1,0.050815,321.186790
2019-07-11,-0.00199900,101.6260,1,0.033080,240.942830,0.00248685,6.3758,1,0.043075,321.129230
2019-07-12,0.00552307,102.1783,1,0.036363,222.000460,0.00620613,6.9965,1,0.050547,301.620180
2019-07-15,0.01071845,103.2501,1,0.036675,262.620730,-0.00283529,6.7129,1,0.045589,302.454080
2019-07-16,0.00176507,103.4267,1,0.028443,260.931960,0.00236370,6.9493,1,0.050410,339.891400
2019-07-17,-0.00130246,103.2964,1,0.047606,340.961610,-0.01257043,5.6923,1,0.035993,281.430120
2019-07-18,-0.00003786,103.2926,1,0.042856,318.148820,-0.00460932,5.2313,0,0.000000,0.000000
2019-07-19,0.00154295,103.4469,1,0.027315,220.750790,-0.00060613,5.1707,1,0.044853,318.951721
2019-07-22,0.01365334,104.8123,1,0.041476,279.596610,-0.00460145,4.7106,1,0.057655,319.742880
2019-07-23,0.01550623,106.3629,1,0.015647,160.621150,-0.01731675,2.9789,1,0.050775,360.525490
2019-07-24,0.00072607,106.4355,1,0.024993,180.804110,0.00383156,3.3620,0,0.000000,0.000000
2019-07-25,-0.00771089,105.6644,1,0.024699,221.228400,-0.01122114,2.2399,1,0.048314,363.919538
2019-07-26,-0.00480552,105.1838,1,0.025382,200.223610,0.00866259,3.1062,1,0.069151,320.762260
2019-07-29,-0.00711726,104.4721,1,0.031996,222.558410,0.00577699,3.6839,1,0.040701,282.235130
2019-07-30,-0.00253396,104.2187,1,0.026816,199.657630,-0.00908173,2.7757,1,0.037453,300.852760
2019-07-31,-0.00171605,104.0471,1,0.053125,263.067200,0.00859520,3.6352,1,0.057020,281.766180
2019-08-01,-0.00319894,103.7272,1,0.029614,219.295480,-0.00868216,2.7670,0,0.000000,0.000000
2019-08-02,-0.00940293,102.7869,1,0.033173,220.379860,-0.00655859,2.1112,1,0.054579,337.051078
2019-08-05,-0.00358087,102.4288,1,0.042407,220.352740,0.00684655,2.7958,1,0.056475,339.655600
2019-08-06,0.00014814,102.4437,1,0.027766,219.774380,0.00665922,3.4617,0,0.000000,0.000000
2019-08-07,-0.00245369,102.1983,1,0.049819,222.274420,0.00525162,3.9869,0,0.000000,0.000000
2019-08-08,-0.01036191,101.1621,1,0.037671,220.513590,-0.01262524,2.7244,1,0.053864,278.920101
2019-08-09,-0.01051816,100.1103,1,0.027466,184.695600,0.00368999,3.0934,0,0.000000,0.000000
2019-08-12,-0.00034303,100.0760,1,0.037483,199.057450,0.00897174,3.9906,1,0.052616,322.168197
2019-08-13,-0.00534415,99.5416,1,0.038625,279.332100,-0.00348202,3.6423,0,0.000000,0.000000
2019-08-14,0.00105598,99.6472,1,0.044542,303.591570,0.01825458,5.4678,0,0.000000,0.000000
2019-08-15,-0.00053372,99.5938,1,0.056602,277.705180,0.02681225,8.1490,0,0.000000,0.000000
2019-08-16,0.00184580,99.7784,1,0.026870,142.981990,-0.01226657,6.9224,1,0.049047,242.526765
2019-08-19,-0.00147695,99.6307,0,0.000000,0.000000,-0.00647138,6.2752,0,0.000000,0.000000
2019-08-20,0.00562275,100.1929,1,0.031195,225.569347,-0.00107602,6.1676,0,0.000000,0.000000
2019-08-21,-0.00123723,100.0692,1,0.045133,279.673690,-0.00489315,5.6783,0,0.000000,0.000000
2019-08-22,0.00543046,100.6123,1,0.024504,181.529270,0.00035747,5.7141,0,0.000000,0.000000
2019-08-23,0.01150662,101.7629,1,0.039638,240.429470,0.00631584,6.3457,1,0.059906,347.218584
2019-08-26,0.00710135,102.4731,1,0.034295,161.893980,0.00015215,6.3609,0,0.000000,0.000000
2019-08-27,-0.00193803,102.2793,1,0.050223,241.561330,0.00733847,7.0947,1,0.071803,317.864571
2019-08-28,-0.00007315,102.2719,1,0.027725,240.938020,-0.00705064,6.3897,1,0.050604,340.476070
2019-08-29,0.00320213,102.5922,1,0.055177,302.077430,-0.01560353,4.8293,0,0.000000,0.000000
2019-08-30,-0.00634127,101.9580,1,0.035337,223.557530,-0.00316202,4.5131,0,0.000000,0.000000
2019-09-03,0.00308191,102.2662,0,0.000000,0.000000,0.00108726,4.6218,1,0.069984,385.439621
2019-09-04,-0.00080671,102.1856,1,0.047641,279.629594,-0.00640744,3.9811,1,0.068214,339.073670
2019-09-05,0.00844241,103.0298,1,0.024589,182.147210,-0.02418990,1.5621,0,0.000000,0.000000
2019-09-06,0.00374224,103.4040,1,0.025256,182.343950,-0.00804940,0.7571,1,0.043020,381.965221
2019-09-09,0.02384162,105.7882,1,0.038048,201.138140,-0.00612580,0.1446,1,0.068080,341.052880
2019-09-10,0.01282521,107.0707,1,0.042939,241.592010,0.02516205,2.6608,1,0.062285,324.144840
2019-09-11,0.00835352,107.9061,1,0.045708,242.465880,0.00523419,3.1842,1,0.042471,222.800310
2019-09-12,-0.00670018,107.2360,1,0.043908,222.359060,0.00228337,3.4125,1,0.064533,302.882470
2019-09-13,-0.00129462,107.1066,1,0.046852,240.431970,-0.00583340,2.8292,1,0.061330,341.091970
2019-09-16,0.00734790,107.8414,1,0.040750,201.164990,-0.00581560,2.2476,1,0.067210,360.790930
2019-09-17,0.01290725,109.1321,1,0.038135,199.804420,-0.01506443,0.7412,1,0.053973,320.059230
2019-09-18,0.00405997,109.5381,1,0.024163,142.040520,-0.00235338,0.5058,1,0.054398,360.707310
2019-09-19,0.01221813,110.7599,1,0.040247,139.794780,0.00534870,1.0407,1,0.082970,339.865480
2019-09-20,0.00365933,111.1258,1,0.037387,181.714840,0.00627444,1.6682,1,0.051796,300.725300
2019-09-23,-0.00256916,110.8689,1,0.029006,160.187740,-0.00589152,1.0790,1,0.040882,280.580700
2019-09-24,0.01311738,112.1807,1,0.030102,160.795650,0.00151692,1.2307,1,0.071208,360.015610
2019-09-25,0.00478221,112.6589,1,0.037939,180.258180,-0.00028428,1.2023,1,0.061348,339.420440
2019-09-26,0.00751996,113.4109,1,0.025234,161.387060,-0.00537454,0.6648,1,0.053634,342.351180
2019-09-27,0.00167128,113.5780,1,0.036782,220.475250,-0.00947533,-0.2827,1,0.058953,320.211140
2019-09-30,0.00038154,113.6162,1,0.045246,200.401110,-0.01271332,-1.5540,1,0.053312,321.219680
2019-10-01,-0.00100625,113.5155,1,0.036875,241.674660,0.00104873,-1.4492,1,0.063997,341.088620
2019-10-02,0.00824389,114.3399,1,0.036211,239.565150,0.00367280,-1.0819,0,0.000000,0.000000
2019-10-03,-0.00077466,114.2625,1,0.030586,141.057820,0.00714941,-0.3670,0,0.000000,0.000000
2019-10-04,-0.00634555,113.6279,1,0.034255,181.830000,-0.00429191,-0.7961,1,0.053001,278.690268
2019-10-07,0.00092976,113.7209,1,0.024004,182.814020,0.00091449,-0.7047,0,0.000000,0.000000
2019-10-08,-0.01224483,112.4964,1,0.048763,259.758140,0.01140908,0.4362,1,0.046662,301.750769
2019-10-09,-0.00026035,112.4704,0,0.000000,0.000000,-0.00968495,-0.5323,0,0.000000,0.000000
2019-10-10,0.00509263,112.9796,0,0.000000,0.000000,-0.00053891,-0.5862,0,0.000000,0.000000
2019-10-11,0.01813937,114.7936,0,0.000000,0.000000,0.00901199,0.3150,1,0.061211,340.388932
2019-10-14,-0.00292679,114.5009,1,0.049939,242.749599,-0.00603030,-0.2880,0,0.000000,0.000000
2019-10-15,0.00915966,115.4168,1,0.037734,259.293660,0.00583490,0.2955,1,0.054120,343.849593
2019-10-16,-0.00593805,114.8230,1,0.031135,221.654740,-0.00049223,0.2463,0,0.000000,0.000000
2019-10-17,0.00329205,115.1522,1,0.038095,260.373710,-0.00648688,-0.4024,1,0.048398,341.790585
2019-10-18,-0.01051319,114.1009,1,0.053349,262.290740,-0.00127488,-0.5299,1,0.059578,361.869710
2019-10-21,-0.00436019,113.6649,1,0.040819,260.094390,-0.00430471,-0.9604,1,0.050121,280.866810
2019-10-22,0.00086196,113.7511,1,0.039604,241.916940,0.01011610,0.0512,1,0.044460,301.668950
2019-10-23,-0.00925335,112.8258,1,0.037185,241.302000,-0.00599708,-0.5485,1,0.050838,281.309870
2019-10-24,0.00213856,113.0396,1,0.041894,221.370090,-0.01541816,-2.0903,1,0.059746,320.896870
2019-10-25,-0.00482605,112.5570,1,0.048455,260.797890,-0.00777716,-2.8680,1,0.052026,319.236750
2019-10-28,0.01023966,113.5810,1,0.031714,181.378850,0.00841845,-2.0262,1,0.072305,361.496610
2019-10-29,0.00054276,113.6353,1,0.035294,202.364260,0.00132873,-1.8933,1,0.051287,241.737330
2019-10-30,-0.00123033,113.5122,1,0.037933,201.279830,-0.01541003,-3.4343,1,0.052413,301.951480
2019-10-31,-0.00765641,112.7466,1,0.046221,301.130720,-0.01154390,-4.5887,1,0.072810,379.785030
2019-11-01,0.00052867,112.7994,1,0.044623,241.188000,-0.01266210,-5.8549,1,0.063640,319.686300
2019-11-04,0.00383891,113.1833,1,0.026129,201.926890,0.00953111,-4.9018,1,0.058099,321.141450
2019-11-05,-0.01423556,111.7598,1,0.031116,162.142960,0.00385142,-4.5166,1,0.056648,262.287710
2019-11-06,0.00730687,112.4905,1,0.037393,220.691920,-0.00595121,-5.1118,1,0.063041,300.292490
2019-11-07,-0.01063589,111.4269,1,0.038709,180.678740,-0.03574215,-8.6860,1,0.068665,360.407820
2019-11-08,0.00077506,111.5044,1,0.026284,181.893160,0.00296759,-8.3892,1,0.059141,382.397630
2019-11-11,-0.00780665,110.7237,1,0.044735,221.165490,-0.01678330,-10.0675,1,0.053210,340.778340
2019-11-12,0.00489384,111.2131,1,0.033596,220.859150,0.00545481,-9.5221,1,0.070599,378.627760
2019-11-13,-0.00555519,110.6576,1,0.036549,220.338840,0.00167673,-9.3544,1,0.045327,300.910720
2019-11-14,-0.00093570,110.5640,1,0.028090,221.065150,0.00139415,-9.2150,1,0.056325,360.828480
2019-11-15,0.01073466,111.6375,1,0.034384,240.772840,-0.01084222,-10.2992,1,0.052752,340.397620
2019-11-18,0.01083369,112.7209,1,0.033341,202.008790,-0.00997318,-11.2965,1,0.055398,360.779190
2019-11-19,0.01070469,113.7913,1,0.028431,201.568330,0.00039084,-11.2574,1,0.060456,359.653720
2019-11-20,-0.00321497,113.4698,0,0.000000,0.000000,0.00124044,-11.1334,1,0.054666,341.136140
2019-11-21,0.00576211,114.0460,1,0.047899,300.614342,0.00746028,-10.3874,1,0.058872,320.451830
2019-11-22,-0.00383198,113.6628,1,0.046408,259.638890,-0.01079152,-11.4665,1,0.038862,240.198280
2019-11-25,-0.00675047,112.9878,1,0.043547,240.600650,0.01131358,-10.3352,1,0.060022,342.016590
2019-11-26,-0.00130241,112.8576,1,0.037251,221.977740,-0.01219584,-11.5547,0,0.000000,0.000000
2019-11-27,-0.00130927,112.7266,1,0.039097,220.398870,-0.00894022,-12.4488,1,0.068412,361.426225
2019-11-29,-0.00047853,112.6788,1,0.026203,180.574310,-0.00978399,-13.4272,1,0.061429,361.461770
2019-12-02,-0.00158538,112.5202,1,0.059768,219.880310,-0.00176582,-13.6037,0,0.000000,0.000000
2019-12-03,-0.00081816,112.4384,1,0.042186,160.274150,-0.00400923,-14.0047,0,0.000000,0.000000
2019-12-04,-0.00385286,112.0531,1,0.031626,160.932790,-0.01047001,-15.0517,1,0.054841,298.053880
2019-12-05,-0.00303151,111.7500,1,0.030931,242.186940,-0.00121371,-15.1730,0,0.000000,0.000000
2019-12-06,0.00183005,111.9330,1,0.041205,241.648880,-0.00065882,-15.2389,1,0.068502,323.140157
2019-12-09,0.00175874,112.1089,1,0.041306,281.104850,-0.00568661,-15.8076,1,0.062961,301.574480
2019-12-10,0.00368867,112.4777,1,0.035373,280.179360,-0.00966851,-16.7744,1,0.051141,359.727160
2019-12-11,-0.00356114,112.1216,1,0.035084,220.568980,-0.00301694,-17.0761,1,0.063744,360.404030
2019-12-12,-0.00874348,111.2473,1,0.046628,300.554190,0.00208000,-16.8681,1,0.064340,321.076750
2019-12-13,0.00555458,111.8027,1,0.045742,222.457320,-0.00687416,-17.5555,1,0.067546,283.369160
2019-12-16,0.00165934,111.9687,1,0.050516,280.346520,-0.00208871,-17.7644,1,0.061511,339.642050
2019-12-17,0.00074892,112.0435,1,0.036568,221.951270,0.00124494,-17.6399,1,0.071916,342.112180
2019-12-18,0.00274061,112.3176,1,0.023289,180.942540,-0.00601001,-18.2409,1,0.049481,301.210270
2019-12-19,0.00310372,112.6280,1,0.025798,241.062770,0.00193495,-18.0474,1,0.045125,340.726360
2019-12-20,0.00550321,113.1783,1,0.035749,260.744030,-0.00717010,-18.7644,1,0.044720,321.856640
2019-12-23,0.00439735,113.6180,1,0.046685,321.436350,-0.01296000,-20.0604,1,0.053780,341.529670
2019-12-24,-0.00046095,113.5719,1,0.038795,261.404540,-0.00991343,-21.0518,1,0.071603,381.076380
2019-12-26,-0.00001890,113.5701,1,0.051490,260.101120,0.00100011,-20.9518,1,0.104959,380.137520
2019-12-27,-0.00241207,113.3288,1,0.028097,220.195500,-0.00053647,-21.0054,1,0.043447,280.698130
2019-12-30,0.00140508,113.4694,1,0.027602,220.690830,-0.00359830,-21.3652,1,0.046580,320.458880
2019-12-31,0.00052164,113.5215,1,0.033696,259.583390,0.00290074,-21.0752,1,0.058326,339.691650
