date,model_ret,model_equity,model_rebalanced,model_cost,model_traded,naive_ret,naive_equity,naive_rebalanced,naive_cost,naive_traded
2015-01-02,0.00000532,100.0005,1,0.033658,200.000000,0.00000000,100.0000,0,0.000000,0.000000
2015-01-05,0.00477314,100.4778,1,0.037296,220.508070,0.00414168,100.4142,1,0.038452,200.000000
2015-01-06,0.00008344,100.4862,1,0.041096,238.334130,0.01189887,101.6041,0,0.000000,0.000000
2015-01-07,0.00532591,101.0188,1,0.045969,279.247240,0.00163008,101.7671,1,0.047572,297.671421
2015-01-08,-0.00593713,100.4251,1,0.046133,241.842780,-0.01653856,100.1132,0,0.000000,0.000000
2015-01-09,-0.00020620,100.4044,1,0.022760,183.526920,0.00483019,100.5962,0,0.000000,0.000000
2015-01-12,0.00903732,101.3082,1,0.034578,239.915480,0.02038699,102.6349,0,0.000000,0.000000
2015-01-13,-0.00344740,100.9634,1,0.048100,299.028370,0.00289268,102.9242,1,0.037332,222.676051
2015-01-14,-0.00672674,100.2908,1,0.029264,180.671560,0.00451520,103.3757,1,0.044500,300.598720
2015-01-15,0.01025496,101.3163,1,0.021284,141.195450,0.00432682,103.8084,1,0.043758,321.047340
2015-01-16,-0.00744485,100.5718,1,0.031205,158.839760,0.00092335,103.9007,1,0.027005,179.550900
2015-01-20,-0.00778763,99.7930,1,0.030393,222.270080,0.00327331,104.2281,0,0.000000,0.000000
2015-01-21,0.00725610,100.5186,1,0.040170,261.194870,-0.00051997,104.1761,1,0.035627,262.961577
2015-01-22,0.00905469,101.4241,1,0.043651,202.148160,-0.01058136,103.1179,1,0.063226,341.235070
2015-01-23,-0.01680548,99.7435,1,0.021518,162.963980,-0.00753335,102.3646,0,0.000000,0.000000
2015-01-26,-0.00424334,99.3192,1,0.018674,179.753170,-0.00591233,101.7734,1,0.047933,323.038742
2015-01-27,-0.01797554,97.5217,1,0.025064,181.196540,-0.02759532,99.0138,1,0.048522,341.302680
2015-01-28,-0.00152231,97.3694,1,0.028681,181.921070,0.00494456,99.5083,1,0.061334,361.231110
2015-01-29,0.00487944,97.8574,1,0.030776,200.385430,0.00024980,99.5333,0,0.000000,0.000000
2015-01-30,-0.00491907,97.3655,1,0.039067,262.457220,0.00249349,99.7826,1,0.050001,319.983147
2015-02-02,0.01349785,98.7152,0,0.000000,0.000000,-0.00732570,99.0500,0,0.000000,0.000000
2015-02-03,-0.01518128,97.1971,1,0.045458,319.398993,0.01312473,100.3625,1,0.045947,299.128614
2015-02-04,0.00154905,97.3520,1,0.032485,184.118370,-0.00453086,99.9094,0,0.000000,0.000000
2015-02-05,0.00794827,98.1469,1,0.030193,180.455230,0.00780491,100.6899,1,0.051539,343.168214
2015-02-06,0.00211048,98.3579,1,0.026552,222.658620,0.02353410,103.0433,0,0.000000,0.000000
2015-02-09,0.00183568,98.5415,0,0.000000,0.000000,0.00023454,103.0668,1,0.038266,283.008197
2015-02-10,0.00125706,98.6672,1,0.049474,258.651498,-0.00655015,102.4118,1,0.052045,299.906720
2015-02-11,0.00640237,99.3074,1,0.026363,223.627880,0.00380281,102.7921,0,0.000000,0.000000
2015-02-12,0.00978691,100.2861,0,0.000000,0.000000,0.00730698,103.5227,1,0.039102,282.983191
2015-02-13,-0.02778180,97.5079,1,0.049120,282.593399,0.02718199,106.2409,0,0.000000,0.000000
2015-02-17,-0.00407119,97.1008,1,0.023789,144.043560,0.00412982,106.6539,1,0.025318,205.090425
2015-02-18,0.01341450,98.4423,1,0.025990,180.874950,-0.00956357,105.6976,1,0.047977,340.377160
2015-02-19,0.00406638,98.8489,1,0.023682,160.756100,-0.01929947,103.7676,1,0.049837,320.889800
2015-02-20,0.00249935,99.0988,0,0.000000,0.000000,0.00422794,104.1904,1,0.048586,379.374710
2015-02-23,0.00048863,99.1477,1,0.050437,240.201980,-0.00376571,103.8138,1,0.047891,261.200880
2015-02-24,0.00164525,99.3122,1,0.034045,220.806800,-0.01154524,102.6593,1,0.045384,320.610500
2015-02-25,-0.00097022,99.2152,0,0.000000,0.000000,-0.00693864,101.9655,1,0.052364,360.540680
2015-02-26,-0.01686377,97.5288,1,0.036147,279.768963,0.02725125,104.6906,1,0.047625,359.486040
2015-02-27,-0.00504208,97.0246,1,0.023728,181.780670,0.00180547,104.8711,1,0.030173,242.124250
2015-03-02,-0.00530530,96.4941,1,0.022350,182.288520,-0.01484823,103.3863,1,0.041033,341.779480
2015-03-03,0.00386019,96.8801,1,0.021651,162.409440,-0.00982467,102.4038,1,0.055167,362.323650
2015-03-04,0.00342359,97.2225,1,0.025351,200.314390,-0.00267210,102.1366,1,0.043680,359.993060
2015-03-05,0.00281921,97.5044,1,0.018389,141.197210,0.00510785,102.6474,1,0.033555,300.490650
2015-03-06,0.00929916,98.4343,1,0.025494,200.832850,-0.00233089,102.4143,1,0.032229,261.225780
2015-03-09,0.00367924,98.8022,1,0.024576,160.461190,0.01024510,103.4388,0,0.000000,0.000000
2015-03-10,-0.00520820,98.2814,1,0.033280,180.264700,0.00097482,103.5363,1,0.034208,199.880240
2015-03-11,-0.00185521,98.0959,1,0.027731,239.472020,0.00790590,104.3269,0,0.000000,0.000000
2015-03-12,-0.00154107,97.9418,1,0.025337,200.379170,0.00339151,104.6661,1,0.034939,240.487840
2015-03-13,0.00456567,98.3983,1,0.031323,223.774310,0.00396769,105.0628,0,0.000000,0.000000
2015-03-16,-0.00545811,97.8525,1,0.023521,179.795390,0.01148656,106.2115,1,0.032244,262.813262
2015-03-17,-0.00229996,97.6225,1,0.019086,182.113270,-0.00736546,105.4749,0,0.000000,0.000000
2015-03-18,-0.00854596,96.7679,1,0.026126,180.551310,0.00039451,105.5144,1,0.044969,304.361536
2015-03-19,0.01280529,98.0485,1,0.023471,202.202410,0.00126697,105.6411,0,0.000000,0.000000
2015-03-20,-0.00160328,97.8881,1,0.026668,220.316080,-0.01014965,104.6261,1,0.044945,302.366831
2015-03-23,-0.00102004,97.7861,1,0.027844,222.421040,-0.00249330,104.3768,0,0.000000,0.000000
2015-03-24,-0.00379224,97.4069,1,0.026834,199.975820,0.01188224,105.5650,1,0.042146,321.880336
2015-03-25,-0.00099794,97.3071,1,0.013614,121.035330,-0.00189870,105.3751,0,0.000000,0.000000
2015-03-26,0.00086362,97.3935,1,0.021408,160.903540,-0.00033641,105.3415,0,0.000000,0.000000
2015-03-27,0.01059714,98.4532,1,0.013896,101.516470,-0.01289119,104.0524,1,0.044539,316.996493
2015-03-30,0.02398990,100.8522,1,0.019590,182.435070,-0.00448561,103.6038,1,0.051551,382.033460
2015-03-31,0.00071803,100.9240,1,0.030987,240.998540,0.00529812,104.1336,0,0.000000,0.000000
2015-04-01,0.00222248,101.1462,1,0.031582,219.836630,-0.00940802,103.1928,1,0.032242,241.902272
2015-04-02,0.00301101,101.4473,1,0.026029,159.339150,-0.00355598,102.8372,1,0.042268,299.661740
2015-04-06,-0.00436566,101.0108,1,0.037346,241.902690,0.00092485,102.9297,1,0.049965,341.792250
2015-04-07,0.00212629,101.2234,1,0.026281,201.842520,-0.01035528,101.8942,1,0.042228,301.672790
2015-04-08,-0.00447917,100.7755,1,0.033497,220.259650,0.00263298,102.1575,1,0.057152,339.718940
2015-04-09,-0.01970747,98.8047,1,0.021197,141.405720,0.01451710,103.6092,1,0.037430,300.715470
2015-04-10,0.00784519,99.5892,1,0.024551,181.941870,-0.00760475,102.8487,1,0.042125,281.704400
2015-04-13,0.00703849,100.2931,1,0.038371,260.863290,-0.00987494,101.8612,1,0.056304,380.606490
2015-04-14,0.00512521,100.8056,1,0.040009,220.368860,0.00003175,101.8644,1,0.048975,359.549930
2015-04-15,0.00008897,100.8145,1,0.041853,280.044510,-0.00171143,101.6933,1,0.036443,300.534130
2015-04-16,0.00057920,100.8724,1,0.036090,221.481370,-0.00147749,101.5455,1,0.039809,321.029440
2015-04-17,-0.00439396,100.4330,1,0.033356,241.107790,0.00728319,102.2738,1,0.044041,340.425140
2015-04-20,-0.01118814,99.3142,1,0.020344,180.730700,0.00849379,103.1232,0,0.000000,0.000000
2015-04-21,0.00706157,100.0204,1,0.021823,202.294250,0.00130820,103.2540,0,0.000000,0.000000
2015-04-22,-0.00370067,99.6503,1,0.030717,239.924560,0.00788317,104.0424,1,0.041103,321.415150
2015-04-23,-0.00109351,99.5410,1,0.016661,160.948770,-0.00514017,103.5283,1,0.035077,281.321100
2015-04-24,-0.00295382,99.2456,1,0.022522,201.128730,0.00425150,103.9535,1,0.035850,301.191880
2015-04-27,0.00380045,99.6256,1,0.022135,181.828280,-0.01126786,102.8267,1,0.046646,301.287140
2015-04-28,0.00913764,100.5394,1,0.021276,180.307480,0.00112716,102.9394,0,0.000000,0.000000
2015-04-29,0.00621547,101.1609,1,0.045793,240.484600,-0.00557279,102.3821,1,0.037649,280.615226
2015-04-30,0.00923625,102.0846,1,0.052955,199.679580,-0.02308140,100.0740,1,0.064520,299.462730
2015-05-01,-0.01743583,100.3410,1,0.051353,299.218800,-0.00852762,99.2212,0,0.000000,0.000000
2015-05-04,0.00056106,100.3971,1,0.031654,243.760330,0.00356041,99.5773,0,0.000000,0.000000
2015-05-05,-0.00654295,99.7428,1,0.020455,141.352340,0.01608106,101.1854,1,0.032934,223.713535
2015-05-06,0.00011509,99.7543,1,0.030471,219.686900,-0.00585527,100.5999,0,0.000000,0.000000
2015-05-07,-0.00049734,99.7046,1,0.028654,220.476080,-0.00539994,100.0599,1,0.050494,358.768727
2015-05-08,-0.00329768,99.3748,1,0.022508,161.090120,-0.00166467,99.8934,0,0.000000,0.000000
2015-05-11,-0.00091023,99.2838,1,0.042993,181.993840,0.00737921,100.6313,0,0.000000,0.000000
2015-05-12,-0.00204066,99.0797,1,0.029376,160.839030,-0.00803633,99.8277,1,0.036523,262.587245
2015-05-13,-0.00348352,98.7314,1,0.028892,200.433630,-0.00378621,99.4491,1,0.046561,359.474970
2015-05-14,0.00068535,98.7999,1,0.024925,180.520020,0.00576963,100.0260,1,0.050797,340.326360
2015-05-15,0.00619012,99.4189,1,0.030438,182.051820,-0.01045685,98.9803,0,0.000000,0.000000
2015-05-18,0.00497635,99.9165,1,0.032995,240.388870,-0.00891243,98.0891,1,0.042953,363.651470
2015-05-19,0.01817054,101.7336,1,0.025696,221.627350,-0.01863172,96.2259,1,0.045342,362.205110
2015-05-20,0.00698610,102.4322,1,0.033190,242.233890,-0.00554464,95.6715,1,0.049694,322.047050
2015-05-21,0.00453200,102.8854,1,0.036250,240.066140,-0.00939046,94.7324,1,0.036476,300.258510
2015-05-22,-0.00100614,102.7848,1,0.026244,181.411550,-0.00380403,94.3520,1,0.045233,361.697490
2015-05-26,0.01112960,103.8978,1,0.023280,180.494030,-0.00839277,93.5127,1,0.040767,319.651510
2015-05-27,-0.00750022,103.1477,1,0.035552,240.070100,0.00024876,93.5376,0,0.000000,0.000000
2015-05-28,0.00081881,103.2296,1,0.022719,202.394910,-0.00182923,93.3547,0,0.000000,0.000000
2015-05-29,0.00075582,103.3052,1,0.018578,140.616340,-0.00470080,92.8846,1,0.046980,300.680214
2015-06-01,0.00991138,104.2963,1,0.025112,239.731620,-0.00046542,92.8381,1,0.040912,339.565600
2015-06-02,-0.00258701,104.0376,1,0.039441,259.963110,-0.00704983,92.1331,1,0.043843,301.206230
2015-06-03,-0.00776881,103.2607,1,0.026141,181.162960,0.01903698,94.0368,1,0.050192,380.123140
2015-06-04,-0.00388577,102.8722,1,0.013057,101.505880,-0.00247682,93.7891,1,0.031902,221.639410
2015-06-05,-0.00156034,102.7161,1,0.022894,140.933040,0.01604906,95.3940,0,0.000000,0.000000
2015-06-08,0.00165878,102.8820,1,0.026722,200.719460,-0.00124895,95.2691,1,0.036605,201.555107
2015-06-09,-0.00439282,102.4427,1,0.026402,180.107300,-0.00051269,95.2178,1,0.051819,339.295550
2015-06-10,-0.00279949,102.1628,1,0.028439,180.722420,0.00598642,95.8165,1,0.051868,320.203890
2015-06-11,0.00197096,102.3599,1,0.027474,162.956830,-0.00169998,95.6465,0,0.000000,0.000000
2015-06-12,0.00212810,102.5727,1,0.028240,161.043430,-0.00447584,95.1989,1,0.055144,303.122750
2015-06-15,-0.00098708,102.4740,1,0.047138,199.766290,0.00333305,95.5322,0,0.000000,0.000000
2015-06-16,-0.00611033,101.8629,1,0.020473,140.620970,-0.00496420,95.0358,0,0.000000,0.000000
2015-06-17,-0.00577528,101.2854,1,0.023878,161.172080,-0.00211312,94.8245,1,0.052642,378.619425
2015-06-18,0.00500304,101.7857,1,0.024816,161.473630,-0.00850722,93.9737,1,0.047732,361.371430
2015-06-19,0.00137960,101.9237,1,0.030470,182.331840,-0.00343480,93.6303,0,0.000000,0.000000
2015-06-22,-0.00376530,101.5472,1,0.022420,160.144910,0.00754937,94.3852,1,0.041763,341.824547
2015-06-23,0.00296817,101.8440,1,0.026533,161.146850,-0.00368862,94.0163,1,0.032582,261.542580
2015-06-24,-0.00510202,101.3338,1,0.026722,161.072950,0.00006140,94.0225,1,0.044980,300.786820
2015-06-25,0.00544448,101.8782,1,0.027242,179.889300,0.00637874,94.6604,0,0.000000,0.000000
2015-06-26,0.00486496,102.3647,1,0.030344,179.984170,-0.00331499,94.3289,1,0.038949,299.018554
2015-06-29,0.00019544,102.3843,1,0.028016,180.989740,0.01284374,95.6132,1,0.061226,340.982950
2015-06-30,0.01061811,103.4461,1,0.038499,238.455300,-0.00454623,95.1586,0,0.000000,0.000000
2015-07-01,0.00083288,103.5294,1,0.048402,301.355550,-0.00185805,94.9728,1,0.042375,299.198829
2015-07-02,0.00162719,103.6921,1,0.031371,241.951190,-0.00272215,94.7006,1,0.038745,321.678910
2015-07-06,-0.00109352,103.5827,1,0.034372,240.574930,0.00031553,94.7321,1,0.047377,320.779730
2015-07-07,-0.01330698,102.2520,1,0.023528,160.139760,0.00720823,95.4530,1,0.048577,320.044010
2015-07-08,0.00180344,102.4324,1,0.019276,142.287930,0.00403658,95.8566,1,0.041482,262.907460
2015-07-09,0.00077862,102.5102,1,0.024298,159.631060,-0.01466049,94.3906,0,0.000000,0.000000
2015-07-10,-0.00498082,102.0121,1,0.031542,201.960240,0.00227731,94.6183,1,0.050659,359.510411
2015-07-13,-0.01132922,100.8792,1,0.030762,202.108000,0.00892520,95.5108,0,0.000000,0.000000
2015-07-14,-0.00023977,100.8553,1,0.014017,121.895580,0.00512623,96.0234,0,0.000000,0.000000
2015-07-15,0.00275855,101.1311,1,0.026505,160.784540,-0.00410713,95.6127,1,0.045993,324.639196
2015-07-16,-0.01083325,100.0478,1,0.026915,200.334940,0.00691885,96.3046,1,0.052195,319.892420
2015-07-17,0.00161235,100.2090,1,0.022795,162.321370,-0.00720992,95.5836,0,0.000000,0.000000
2015-07-20,0.00331893,100.5409,1,0.025557,220.195350,-0.00784986,94.7986,0,0.000000,0.000000
2015-07-21,-0.00115232,100.4257,1,0.021142,139.872250,0.00287846,95.0865,1,0.051494,341.423891
2015-07-22,0.00120361,100.5460,1,0.027249,160.476550,-0.00019083,95.0674,1,0.042753,280.225560
2015-07-23,0.00324120,100.8702,1,0.017660,160.521010,-0.00937517,94.1299,1,0.034387,260.775230
2015-07-24,0.02105970,102.9761,1,0.023880,180.316880,-0.01048755,93.0811,1,0.056735,319.989150
2015-07-27,-0.00556129,102.4200,1,0.042989,259.005710,0.02085016,95.1661,1,0.064234,338.691040
2015-07-28,0.00565386,102.9854,1,0.032034,200.492520,-0.01216960,93.9492,1,0.030950,201.198350
2015-07-29,0.01243960,104.2293,1,0.043320,282.432760,-0.00761456,93.1877,0,0.000000,0.000000
2015-07-30,0.00064580,104.2939,1,0.038660,240.887100,-0.01230999,91.9567,1,0.064699,363.658580
2015-07-31,0.00544234,104.8382,1,0.032576,200.713760,0.00135630,92.0924,1,0.053040,340.534540
2015-08-03,-0.01166030,103.6721,1,0.036490,281.274410,0.01454011,93.5464,1,0.057539,281.637170
2015-08-04,-0.02072001,101.6001,1,0.025791,201.761720,0.01659039,95.2054,1,0.033991,241.364310
2015-08-05,-0.00698444,100.9017,1,0.026484,203.560030,0.00978079,96.1835,1,0.041681,302.473270
2015-08-06,0.01052409,101.9541,1,0.025441,221.674880,-0.01241736,94.9418,1,0.035486,261.465900
2015-08-07,0.00750898,102.7050,1,0.043012,280.186070,-0.00117827,94.8239,1,0.057507,359.286690
2015-08-10,0.00904941,103.6099,1,0.044409,280.992310,-0.02335666,92.4883,1,0.043666,261.581280
2015-08-11,0.02106247,105.7162,1,0.043563,302.584530,-0.02138155,90.3501,1,0.051855,382.559740
2015-08-12,-0.00632525,105.0837,0,0.000000,0.000000,0.00598979,90.9491,1,0.052061,378.676300
2015-08-13,0.01158488,106.2421,1,0.045702,318.323580,-0.00711249,90.2378,1,0.041269,282.116140
2015-08-14,-0.00126575,106.1156,1,0.051605,320.914710,-0.00068086,90.1698,1,0.054536,360.988340
2015-08-17,0.00160243,106.2758,1,0.042617,281.793350,-0.00351436,89.8183,0,0.000000,0.000000
2015-08-18,0.01349044,107.6249,1,0.043656,281.709440,-0.01301979,88.5163,1,0.056789,362.622655
2015-08-19,0.00281494,107.9063,0,0.000000,0.000000,0.00200967,88.7173,1,0.055713,378.617830
2015-08-20,-0.00722952,107.1834,1,0.044152,298.525066,0.01240787,89.9581,1,0.049573,300.675500
2015-08-21,-0.00632896,106.5505,1,0.036766,179.933480,0.00294509,90.2526,0,0.000000,0.000000
2015-08-24,0.00141139,106.6916,1,0.037141,199.879090,0.00384451,90.6371,0,0.000000,0.000000
2015-08-25,0.00703819,107.3955,1,0.051061,219.602900,-0.01619527,89.0175,0,0.000000,0.000000
2015-08-26,-0.01378466,106.0170,1,0.040526,240.080360,0.00893275,89.9108,1,0.045915,327.467181
2015-08-27,-0.00320298,105.6967,1,0.031128,226.969720,0.00387628,90.2984,0,0.000000,0.000000
2015-08-28,-0.00698680,104.9980,1,0.026760,184.485170,-0.00248905,90.0495,0,0.000000,0.000000
2015-08-31,0.00072234,105.0702,1,0.021156,160.836820,0.00010716,90.0602,1,0.047954,349.973774
2015-09-01,0.00202227,105.2725,1,0.039603,219.753990,0.00479673,90.5399,0,0.000000,0.000000
2015-09-02,0.00019096,105.2916,1,0.026484,180.118030,-0.00714073,89.8258,0,0.000000,0.000000
2015-09-03,0.00212984,105.5046,1,0.036516,263.093020,0.00470801,90.2966,0,0.000000,0.000000
2015-09-04,0.00225427,105.7300,1,0.032743,200.648260,-0.00832248,89.4644,1,0.041888,258.795029
2015-09-08,-0.00481432,105.2485,1,0.037002,220.583750,0.00183070,89.6475,0,0.000000,0.000000
2015-09-09,-0.00346600,104.9019,1,0.038630,245.374670,0.00522359,90.1698,0,0.000000,0.000000
2015-09-10,-0.00406457,104.4955,1,0.037597,199.759630,0.00237396,90.4072,0,0.000000,0.000000
2015-09-11,-0.00174773,104.3207,1,0.019433,121.050600,-0.00045038,90.3622,1,0.050628,321.511352
2015-09-14,-0.00627739,103.6930,1,0.028719,181.598100,0.00531965,90.8941,1,0.051275,361.168890
2015-09-15,0.00065239,103.7582,1,0.021371,160.788320,-0.00050642,90.8435,1,0.045332,300.563580
2015-09-16,0.00424784,104.1830,1,0.024526,161.984510,-0.00421093,90.4224,0,0.000000,0.000000
2015-09-17,0.01187418,105.3704,1,0.038072,262.146390,-0.00447857,89.9746,1,0.052497,364.672317
2015-09-18,-0.00587778,104.7826,1,0.044928,259.702990,0.02150647,92.1252,1,0.054743,339.962300
2015-09-21,0.00212380,104.9950,1,0.030420,200.921210,0.00153353,92.2786,0,0.000000,0.000000
2015-09-22,-0.01898878,103.0961,1,0.027008,161.659460,0.01313345,93.5919,1,0.045555,319.218559
2015-09-23,-0.00694014,102.4021,1,0.022984,182.215110,0.01372709,94.9646,0,0.000000,0.000000
2015-09-24,0.00133534,102.5357,1,0.015786,121.927470,-0.00277794,94.6868,1,0.036374,260.237383
2015-09-25,-0.00411890,102.1238,1,0.042270,220.764820,0.01094848,95.7817,1,0.048272,300.173940
2015-09-28,0.00741793,102.8656,1,0.025657,181.690480,0.00627610,96.4093,1,0.045330,281.904120
2015-09-29,-0.00441170,102.4244,1,0.030760,198.982070,-0.00658606,95.7507,0,0.000000,0.000000
2015-09-30,0.00304721,102.7291,1,0.027319,201.508710,-0.00837408,94.9133,1,0.051618,337.144532
2015-10-01,-0.00374128,102.3550,1,0.046358,324.934820,0.00362667,95.2759,0,0.000000,0.000000
2015-10-02,-0.01541159,100.8138,0,0.000000,0.000000,-0.00082417,95.1935,1,0.056697,363.647058
2015-10-05,-0.00667046,100.1468,1,0.028346,203.185938,0.00379051,95.5726,0,0.000000,0.000000
2015-10-06,-0.01523990,98.6228,1,0.027740,205.080800,-0.00252864,95.3197,0,0.000000,0.000000
2015-10-07,-0.00920625,97.7022,0,0.000000,0.000000,0.00315447,95.6351,1,0.045453,346.335950
2015-10-08,-0.02173368,95.5288,1,0.035618,203.296481,-0.00113295,95.5218,1,0.055735,362.226480
2015-10-09,0.01137864,96.6667,1,0.014046,103.069810,-0.00191564,95.3303,1,0.043154,281.797080
2015-10-12,0.00265683,96.9323,1,0.034947,200.990110,0.00070189,95.4005,1,0.051071,362.212370
2015-10-13,-0.00174636,96.7577,1,0.024366,200.430670,0.00341214,95.7417,1,0.044946,301.079840
2015-10-14,0.00304372,97.0621,1,0.026618,200.102650,0.00224753,95.9664,1,0.037647,280.262060
2015-10-15,0.01869924,98.9320,1,0.035196,240.156770,-0.01298066,94.6684,1,0.043506,300.072580
2015-10-16,0.00386219,99.3182,1,0.048311,283.262760,-0.00734530,93.9338,0,0.000000,0.000000
2015-10-19,0.00721818,100.0400,0,0.000000,0.000000,0.00140215,94.0741,1,0.057625,362.215808
2015-10-20,0.01614968,101.6550,1,0.037562,241.385858,-0.01680439,92.3936,1,0.042279,280.414420
2015-10-21,-0.00000694,101.6543,0,0.000000,0.000000,-0.00789124,91.6045,1,0.056014,380.272360
2015-10-22,0.00563884,102.2182,1,0.049626,258.869387,-0.00577139,91.0274,1,0.069779,318.617770
2015-10-23,-0.00444075,101.7741,1,0.039605,263.338370,-0.00900176,90.1272,0,0.000000,0.000000
2015-10-26,0.00744574,102.5187,0,0.000000,0.000000,0.00391530,90.5187,1,0.050240,324.406823
2015-10-27,-0.00268247,102.2505,0,0.000000,0.000000,0.01095107,91.6138,1,0.051473,340.877810
2015-10-28,0.02478610,104.7291,1,0.047940,279.199391,-0.01435082,90.1787,1,0.050032,299.515380
2015-10-29,-0.00939819,103.7892,1,0.047739,264.652410,0.00780037,90.9588,1,0.043783,322.947750
2015-10-30,-0.00121275,103.6680,0,0.000000,0.000000,-0.01681334,89.2774,1,0.042354,321.251340
2015-11-02,0.00078099,103.7461,1,0.035311,258.876558,-0.01443106,87.8343,1,0.051846,322.038600
2015-11-03,-0.01854649,101.8914,1,0.030049,183.492150,-0.00661402,87.1729,0,0.000000,0.000000
2015-11-04,0.00638824,102.5302,1,0.024816,141.982580,-0.01021739,86.1512,1,0.053699,304.093746
2015-11-05,-0.00978023,101.5522,1,0.026843,201.003960,-0.00184068,85.9671,1,0.048978,339.482980
2015-11-06,-0.01443459,100.1088,1,0.014569,101.594700,0.00195650,86.1628,1,0.046560,300.149750
2015-11-09,0.00002477,100.1112,1,0.019883,162.709430,-0.01250985,84.9118,1,0.042945,281.258670
2015-11-10,0.00098480,100.2097,1,0.045500,278.645380,0.00191496,85.1033,1,0.046094,358.970540
2015-11-11,0.01222871,101.4326,1,0.036789,221.960480,-0.01079601,84.0237,1,0.042791,281.705850
2015-11-12,0.01302095,102.7347,1,0.035045,200.947820,0.01219010,85.2427,1,0.058260,339.836590
2015-11-13,0.00103777,102.8385,1,0.043613,278.812440,0.00919900,86.1626,0,0.000000,0.000000
2015-11-16,-0.00207022,102.6314,1,0.046472,259.221710,0.00339350,86.5019,1,0.050710,298.448644
2015-11-17,0.00029287,102.6607,1,0.029833,182.692290,-0.00911911,85.5900,0,0.000000,0.000000
2015-11-18,-0.01149704,101.5110,1,0.031544,201.254900,-0.00048421,85.5416,1,0.056361,341.898277
2015-11-19,0.01199124,102.7101,1,0.029506,164.346220,0.00052654,85.5943,0,0.000000,0.000000
2015-11-20,0.00082798,102.7929,1,0.018842,121.236290,-0.00163084,85.4312,1,0.049244,323.621784
2015-11-23,-0.00723737,102.0692,1,0.017277,121.386660,-0.00090141,85.3410,1,0.055571,340.993180
2015-11-24,-0.02053142,100.0161,1,0.029352,200.859080,0.01369452,86.7105,1,0.042578,300.820350
2015-11-25,0.01990628,102.0067,1,0.019012,143.475670,-0.02110586,84.5999,1,0.040216,282.381050
2015-11-27,0.00486562,102.4933,1,0.020108,139.933080,0.00321055,84.9210,1,0.060735,319.341850
2015-11-30,0.01002785,103.4960,1,0.039185,180.297090,-0.01800906,83.1201,1,0.063566,321.062650
2015-12-01,-0.00493267,103.0028,1,0.060327,339.460950,-0.00013377,83.1067,1,0.060117,340.000260
2015-12-02,0.00085845,103.0886,1,0.032485,181.867280,-0.02345418,80.7613,0,0.000000,0.000000
2015-12-03,0.01765666,104.8543,1,0.048274,279.690730,0.00490952,81.2522,0,0.000000,0.000000
2015-12-04,-0.00719030,104.1353,1,0.047520,279.392840,-0.01106182,80.1460,0,0.000000,0.000000
2015-12-07,0.00003259,104.1385,1,0.056181,263.918350,0.00966266,81.1123,0,0.000000,0.000000
2015-12-08,0.00417012,104.5555,1,0.035208,221.120780,0.00972218,82.0845,1,0.043712,282.909214
2015-12-09,0.00322225,104.8778,1,0.036435,219.694020,-0.00695922,81.3886,1,0.037082,240.887250
2015-12-10,0.01275647,106.1534,1,0.037593,260.881400,-0.00904292,80.4843,1,0.049542,340.202000
2015-12-11,0.00173456,106.3269,1,0.048634,281.008820,-0.00975303,79.5090,1,0.060763,360.200850
2015-12-14,0.00108184,106.4350,0,0.000000,0.000000,-0.00151428,79.3576,0,0.000000,0.000000
2015-12-15,0.00646149,107.0812,1,0.053051,259.864642,-0.01169387,78.1882,1,0.072147,338.973261
2015-12-16,0.00391816,107.4730,1,0.046934,262.467740,-0.00484323,77.7039,1,0.053813,342.199120
2015-12-17,0.00190730,107.6637,1,0.049110,263.064250,-0.00534298,77.1696,0,0.000000,0.000000
2015-12-18,0.00309653,107.9734,1,0.045307,259.771520,-0.00540998,76.6286,1,0.055238,320.653597
2015-12-21,-0.01902546,106.0708,1,0.036006,240.314240,0.01551214,78.1798,0,0.000000,0.000000
2015-12-22,0.01245634,107.3165,1,0.027076,203.099000,-0.01535182,76.6446,1,0.038672,261.963975
2015-12-23,-0.00519434,106.7970,1,0.042704,221.798930,0.00349801,76.9944,0,0.000000,0.000000
2015-12-24,0.00567533,107.3646,1,0.028197,182.527630,-0.00269782,76.7246,0,0.000000,0.000000
2015-12-28,-0.00330850,107.0337,1,0.054080,260.439190,0.00448857,77.1735,1,0.083373,345.802511
2015-12-29,0.00230191,107.2639,1,0.040629,240.966230,-0.00026646,77.1468,1,0.056476,320.894010
2015-12-30,0.00189779,107.4537,1,0.043121,221.995040,0.00747417,77.8942,0,0.000000,0.000000
2015-12-31,0.00219544,107.6732,1,0.037506,240.040220,-0.00459050,77.4352,0,0.000000,0.000000
2016-01-04,0.00933158,108.6064,1,0.061112,300.382910,0.00275138,77.7103,0,0.000000,0.000000
2016-01-05,0.00881027,109.4874,1,0.047443,219.942510,0.00332916,78.0432,0,0.000000,0.000000
2016-01-06,-0.00781585,108.7058,1,0.055555,320.561510,0.00324076,78.3673,1,0.054424,321.561213
2016-01-07,0.00648466,109.3543,1,0.031814,180.133450,0.00567635,78.9350,1,0.053295,298.362540
2016-01-08,-0.00936754,108.4176,1,0.046174,219.310700,0.00893631,79.8286,0,0.000000,0.000000
2016-01-11,0.00596923,109.0145,1,0.048717,280.147760,0.01570467,81.3991,0,0.000000,0.000000
2016-01-12,-0.01482859,107.5316,1,0.044779,239.769480,-0.00008363,81.3907,1,0.048813,276.956941
2016-01-13,0.00991449,108.5231,1,0.035841,163.386380,-0.01555339,79.8354,1,0.052619,302.667690
2016-01-14,-0.00196298,108.3268,1,0.050288,258.615090,-0.02056517,77.7788,0,0.000000,0.000000
2016-01-15,0.00836279,109.1630,1,0.052571,283.808110,0.00542486,78.3213,0,0.000000,0.000000
2016-01-19,0.01185451,110.3485,1,0.054329,278.521470,-0.01489798,76.8315,0,0.000000,0.000000
2016-01-20,0.00040764,110.3893,1,0.055636,298.977040,-0.00948873,75.8826,1,0.060923,355.847966
2016-01-21,0.00278120,110.6674,1,0.057690,279.116980,-0.00203026,75.6796,1,0.060586,338.284370
2016-01-22,0.01337657,112.0050,1,0.056323,282.338550,-0.02049979,73.6296,1,0.066739,322.212480
2016-01-25,-0.01241330,110.7637,1,0.046330,263.204380,-0.02441073,71.1886,0,0.000000,0.000000
2016-01-26,0.00443872,111.2076,0,0.000000,0.000000,0.00089048,71.2776,0,0.000000,0.000000
2016-01-27,0.00783103,111.9907,1,0.049197,261.871058,-0.00273689,71.0039,0,0.000000,0.000000
2016-01-28,-0.00428044,111.5626,1,0.041634,240.240760,0.01054160,72.0581,1,0.063110,300.797821
2016-01-29,-0.00956034,110.6066,1,0.040044,201.998950,0.01036255,73.0943,1,0.049775,281.678130
2016-02-01,0.00128482,110.7351,1,0.049438,245.345050,-0.00922158,72.1722,0,0.000000,0.000000
2016-02-02,-0.00925210,109.8099,1,0.031490,121.871080,0.00262215,72.4344,1,0.064915,366.740389
2016-02-03,0.00673313,110.4832,1,0.036797,238.280600,0.01001538,73.4359,1,0.053962,318.544910
2016-02-04,-0.00436097,110.0471,1,0.057777,322.669030,0.00882549,74.3185,1,0.048561,283.409360
2016-02-05,-0.00206716,109.8404,1,0.041026,242.965940,-0.00596418,73.7221,1,0.039258,263.621170
2016-02-08,-0.00229921,109.6105,1,0.037891,200.847390,-0.00444261,73.2778,0,0.000000,0.000000
2016-02-09,-0.00223344,109.3871,1,0.038024,200.147750,0.00649797,73.9276,0,0.000000,0.000000
2016-02-10,0.00142345,109.5295,1,0.060775,260.250680,-0.00040871,73.8867,1,0.054141,277.432179
2016-02-11,-0.01915362,107.6141,1,0.049262,300.834020,0.02547477,76.4342,1,0.066453,321.714570
2016-02-12,0.00351130,107.9652,1,0.043300,220.625660,0.00945365,77.3796,0,0.000000,0.000000
2016-02-16,-0.01265113,106.7001,1,0.034883,243.195390,-0.00969383,76.4102,0,0.000000,0.000000
2016-02-17,-0.00989322,105.7108,1,0.039692,184.773770,-0.00691797,75.7184,0,0.000000,0.000000
2016-02-18,0.01161803,106.8726,1,0.038507,203.703410,-0.02171965,73.5464,0,0.000000,0.000000
2016-02-19,0.01562828,108.4354,1,0.031682,200.801330,-0.02928876,70.6176,1,0.060096,386.536292
2016-02-22,0.00035547,108.4710,1,0.032133,159.808850,-0.01464471,69.1531,1,0.069701,379.607780
2016-02-23,0.00827608,109.2986,1,0.040712,242.224920,0.00564789,69.7179,0,0.000000,0.000000
2016-02-24,-0.00285126,109.0135,1,0.049386,238.888280,-0.00874424,68.8435,1,0.046314,261.670853
2016-02-25,0.02238808,111.2523,1,0.037162,222.061540,-0.01635696,67.2078,1,0.078406,322.245850
2016-02-26,0.00001220,111.2535,1,0.040390,262.792130,0.00414164,67.6219,0,0.000000,0.000000
2016-02-29,-0.01591416,109.6621,1,0.044296,261.552450,-0.00643922,66.9780,1,0.044512,303.780720
2016-03-01,0.00217893,109.8800,1,0.046247,261.456480,-0.01876166,65.1018,1,0.051696,360.865850
2016-03-02,-0.00739754,109.1402,1,0.037634,206.010660,-0.00945080,64.1568,0,0.000000,0.000000
2016-03-03,-0.00864123,108.2761,1,0.031263,202.052220,0.00933534,65.0903,1,0.068296,367.435527
2016-03-04,-0.01851744,106.4243,1,0.024344,141.863880,0.01433494,66.5238,1,0.040116,261.815390
2016-03-07,-0.01400865,105.0235,1,0.030575,142.508900,0.00634632,67.1584,1,0.047418,261.905730
2016-03-08,0.01169591,106.1931,1,0.021599,182.122270,-0.00932882,66.2255,1,0.047332,282.379390
2016-03-09,0.00939890,107.1330,1,0.038140,238.121930,-0.00994275,65.2313,1,0.064645,357.438550
2016-03-10,-0.00034695,107.0983,1,0.055975,281.346810,0.00665773,65.8970,1,0.059437,342.370690
2016-03-11,-0.00355267,106.7430,1,0.029987,181.541040,-0.00291990,65.6050,1,0.046690,241.544010
2016-03-14,0.00446004,107.1890,1,0.039426,244.714200,-0.00027745,65.5773,0,0.000000,0.000000
2016-03-15,-0.01276528,105.9125,1,0.040828,240.311110,0.00618725,66.1960,1,0.060435,303.686865
2016-03-16,0.00351521,106.2640,1,0.039919,240.160860,-0.00370035,65.8260,1,0.046225,280.271320
2016-03-17,-0.00884861,105.3791,1,0.046451,282.689120,-0.00459829,65.3662,0,0.000000,0.000000
2016-03-18,0.01045289,106.4244,1,0.028671,162.713850,-0.01391714,63.9744,1,0.061104,364.720758
2016-03-21,-0.00043927,106.3805,1,0.042827,240.694220,-0.00230635,63.7438,1,0.058215,381.020550
2016-03-22,0.00319366,106.6999,1,0.040144,240.036320,-0.00818138,62.9257,1,0.041208,300.221980
2016-03-23,-0.00090693,106.6092,1,0.025303,180.338610,-0.00537418,62.3883,1,0.048818,339.994710
2016-03-24,-0.00635479,105.9737,1,0.037309,239.414410,-0.00259569,62.1287,1,0.056199,338.644060
2016-03-28,0.01442449,107.4161,1,0.036331,220.872430,-0.01409615,60.7191,1,0.049535,301.097390
2016-03-29,0.00076383,107.4925,1,0.051627,280.982660,-0.01125217,59.5939,1,0.057917,340.929540
2016-03-30,0.00888081,108.3806,1,0.035709,203.713570,0.00311960,59.9058,0,0.000000,0.000000
2016-03-31,-0.00095221,108.2854,1,0.050971,280.713090,-0.00969911,58.9359,1,0.046761,263.154822
2016-04-01,0.00066268,108.3516,1,0.032352,220.744510,-0.00296065,58.6398,1,0.047905,340.424590
2016-04-04,-0.00385909,107.9657,1,0.028729,181.741160,-0.00203366,58.4365,1,0.049676,321.681520
2016-04-05,0.01164740,109.1305,1,0.026840,161.328600,0.01200940,59.6374,0,0.000000,0.000000
2016-04-06,-0.00913443,108.2170,1,0.039183,200.878320,0.00293237,59.9306,0,0.000000,0.000000
2016-04-07,0.00533340,108.7504,1,0.031220,202.180700,0.00512657,60.4433,0,0.000000,0.000000
2016-04-08,0.00384238,109.1346,0,0.000000,0.000000,0.00582418,61.0257,0,0.000000,0.000000
2016-04-11,0.00039403,109.1740,1,0.026417,121.802602,-0.00141001,60.8847,1,0.048741,260.109818
2016-04-12,-0.00973108,108.2009,1,0.029288,141.268100,0.00803054,61.6878,1,0.064546,340.115500
2016-04-13,-0.00476208,107.7247,1,0.030448,162.580540,0.01438084,63.1259,0,0.000000,0.000000
2016-04-14,-0.00894127,106.8306,1,0.023857,143.320640,-0.00320523,62.8053,1,0.048843,286.450176
2016-04-15,0.00935839,107.7664,1,0.018001,101.266030,-0.01546647,61.2587,1,0.045507,299.989620
2016-04-18,-0.00134975,107.6314,1,0.015065,101.575200,0.01232860,62.4915,1,0.058630,380.400100
2016-04-19,-0.00417785,107.2136,1,0.017655,101.833950,0.00444523,62.9361,0,0.000000,0.000000
2016-04-20,-0.00088615,107.1250,1,0.021495,121.500070,-0.00053684,62.8824,1,0.044554,284.624894
2016-04-21,0.00817993,107.9430,1,0.025087,160.952080,0.03570354,66.4527,1,0.047106,301.294570
2016-04-22,-0.00275656,107.6674,1,0.022316,142.063180,-0.00729152,65.7236,1,0.029062,182.726660
2016-04-25,-0.00331084,107.3363,1,0.038374,202.073480,-0.00119783,65.6038,1,0.063413,360.981410
2016-04-26,-0.00507680,106.8286,1,0.017610,141.099470,-0.01127794,64.4760,1,0.052754,339.819970
2016-04-27,-0.01048779,105.7798,1,0.031839,161.968230,0.00406830,64.8828,1,0.057230,361.045400
2016-04-28,-0.01015075,104.7648,1,0.024235,141.749820,-0.00208535,64.6743,1,0.040915,262.019640
2016-04-29,-0.00100908,104.6638,1,0.020298,122.666640,0.00737759,65.4121,1,0.042141,258.367860
2016-05-02,0.00509991,105.1738,1,0.030579,219.835530,-0.00826728,64.5853,1,0.050568,260.961340
2016-05-03,-0.00008323,105.1655,1,0.044303,262.104130,0.02383481,66.9688,0,0.000000,0.000000
2016-05-04,0.00052081,105.2176,1,0.051869,318.078820,0.01289846,68.2587,0,0.000000,0.000000
2016-05-05,-0.00970920,104.2467,1,0.035470,200.962590,0.00439803,68.6985,1,0.040647,241.851322
2016-05-06,-0.00213822,104.0328,1,0.034182,201.446270,-0.00131971,68.5665,1,0.045021,280.823650
2016-05-09,-0.00601353,103.4315,1,0.026083,161.526220,-0.00397327,68.1692,1,0.055567,361.654190
2016-05-10,0.01524416,104.9559,1,0.022644,181.428830,-0.01612975,66.5562,1,0.051915,321.511760
2016-05-11,-0.00155530,104.8004,1,0.044960,302.911360,-0.01233708,65.3225,0,0.000000,0.000000
2016-05-12,0.00622111,105.4225,1,0.035849,260.214150,-0.00372769,64.9497,1,0.050009,320.945794
2016-05-13,-0.00472995,104.9495,1,0.038655,240.497040,0.00262606,65.2123,1,0.056564,340.860560
2016-05-16,0.00493886,105.4434,0,0.000000,0.000000,-0.00626931,64.5854,0,0.000000,0.000000
2016-05-17,0.00182669,105.6261,1,0.050061,300.890486,-0.01007226,63.5782,0,0.000000,0.000000
2016-05-18,0.01250916,106.8770,0,0.000000,0.000000,0.00086637,63.6648,0,0.000000,0.000000
2016-05-19,0.00522639,107.3996,1,0.046051,279.497700,-0.01866045,61.7988,1,0.041765,317.641650
2016-05-20,0.00773921,108.1735,0,0.000000,0.000000,-0.00720049,61.0787,1,0.057189,380.075520
2016-05-23,-0.00123944,108.0496,1,0.042804,281.929098,0.00080879,61.1596,0,0.000000,0.000000
2016-05-24,0.00565167,108.6148,0,0.000000,0.000000,-0.01274224,59.8854,1,0.043624,322.259787
2016-05-25,0.00865942,109.4807,1,0.032798,243.320351,0.00956815,60.8422,0,0.000000,0.000000
2016-05-26,0.00003408,109.4841,0,0.000000,0.000000,0.00264978,61.1072,1,0.040922,243.734542
2016-05-27,0.00274507,109.7586,1,0.037493,260.609993,-0.00807974,60.2992,1,0.041034,321.019520
2016-05-31,-0.00085939,109.6727,1,0.035219,241.508380,0.00869440,61.1686,0,0.000000,0.000000
2016-06-01,-0.00890055,108.7826,1,0.033965,240.241580,0.00141302,61.3099,1,0.037948,262.463976
2016-06-02,-0.00846647,107.9360,1,0.030847,201.446990,0.00495987,61.8059,1,0.052213,340.980990
2016-06-03,-0.00524972,107.4110,1,0.014152,142.148920,0.00618000,62.4239,1,0.034590,281.839600
2016-06-06,-0.00140510,107.2705,1,0.021340,160.983020,-0.00030754,62.3932,1,0.044594,320.784610
2016-06-07,-0.00400984,106.8695,1,0.029654,202.198190,-0.00916787,61.4764,1,0.043707,341.881240
2016-06-08,0.00506941,107.3764,1,0.023959,180.989650,-0.00494242,60.9821,1,0.056352,360.977440
2016-06-09,-0.00846319,106.5301,1,0.019959,121.045220,0.01847142,62.8293,1,0.043848,300.501550
2016-06-10,0.00191895,106.7220,0,0.000000,0.000000,0.01613487,64.4428,1,0.035703,241.816990
2016-06-13,-0.00242845,106.4792,1,0.044325,278.779210,0.00006714,64.4495,0,0.000000,0.000000
2016-06-14,0.00007226,106.4864,1,0.050004,279.757740,0.02224553,66.6740,0,0.000000,0.000000
2016-06-15,-0.00229806,106.2566,1,0.037696,220.018170,-0.00259856,66.4142,1,0.016886,122.708783
2016-06-16,-0.00248286,106.0083,1,0.030836,240.747590,0.00248681,66.6629,1,0.042389,340.034070
2016-06-17,-0.00319725,105.6886,1,0.034075,241.238510,-0.00153244,66.5096,1,0.040834,301.331770
2016-06-20,0.00771396,106.4600,1,0.028174,161.123310,-0.01185525,65.3241,1,0.050805,301.369210
2016-06-21,0.00480153,106.9401,1,0.032867,221.891570,-0.00813937,64.5101,1,0.057457,361.763420
2016-06-22,0.00758193,107.6983,1,0.042657,219.775140,-0.00720667,63.7895,1,0.060017,340.037760
2016-06-23,-0.00492215,107.2061,1,0.050385,259.573210,-0.00016844,63.7726,1,0.050064,320.058050
2016-06-24,0.03103431,110.3095,1,0.053769,244.059750,-0.01449441,62.3232,0,0.000000,0.000000
2016-06-27,-0.04190463,106.1191,1,0.057913,373.338540,0.00216117,62.5393,0,0.000000,0.000000
2016-06-28,0.01174444,107.2935,1,0.022856,142.937610,0.00007514,62.5468,0,0.000000,0.000000
2016-06-29,-0.00504094,106.7894,1,0.056034,362.586740,-0.00195159,62.3517,0,0.000000,0.000000
2016-06-30,0.00664687,107.4541,1,0.036303,184.318140,-0.00172120,62.1795,0,0.000000,0.000000
2016-07-01,-0.00025783,107.4283,1,0.042533,285.093910,-0.00318796,61.8607,0,0.000000,0.000000
2016-07-05,0.02408185,109.8365,1,0.029465,200.995470,-0.00151432,61.7093,1,0.058192,323.699729
2016-07-06,0.00090119,109.9266,1,0.038481,259.263850,-0.00856877,60.8524,1,0.049127,318.798700
2016-07-07,-0.00648872,109.2778,1,0.036702,221.099440,0.01125327,61.9778,1,0.050553,360.480110
2016-07-08,-0.00787598,108.4902,1,0.013978,102.196830,0.00788960,62.7667,1,0.029370,221.581680
2016-07-11,-0.01237176,107.2530,1,0.026766,163.084180,0.01068375,63.8351,0,0.000000,0.000000
2016-07-12,-0.02107095,105.1459,1,0.019725,161.635030,0.01243307,65.0784,1,0.032093,224.898759
2016-07-13,0.00323595,105.4695,1,0.014185,103.508130,-0.00184495,64.8939,1,0.035825,261.844440
2016-07-14,0.00228273,105.6978,1,0.029367,200.243420,-0.01500011,63.3939,1,0.047341,360.635570
2016-07-15,0.00036781,105.7345,1,0.041719,221.183080,-0.00090731,63.3032,1,0.057481,380.477970
2016-07-18,-0.00346259,105.3883,1,0.027669,200.989360,-0.00253781,63.0494,1,0.044161,300.947090
2016-07-19,0.00259898,105.6482,1,0.027562,181.548290,-0.00329871,62.7195,1,0.041911,301.233020
2016-07-20,0.00362982,106.0112,1,0.029058,200.537140,-0.00567772,62.1517,1,0.043482,339.579320
2016-07-21,0.00118275,106.1294,1,0.030805,201.662860,-0.00869944,61.2818,1,0.056574,381.792530
2016-07-22,0.00562133,106.6916,1,0.032307,219.597860,-0.00851070,60.4307,1,0.050870,359.944570
2016-07-25,0.00370397,107.0620,1,0.016803,141.480440,-0.00619961,59.8108,1,0.050351,360.715500
2016-07-26,0.00319775,107.3817,1,0.019685,200.418360,0.00278906,60.0897,1,0.045234,360.286390
2016-07-27,-0.00668381,106.7134,1,0.019641,181.379060,0.00109503,60.1992,1,0.033837,301.034300
2016-07-28,-0.00404691,106.3087,1,0.029311,201.365860,0.00264634,60.4638,1,0.041636,279.844040
2016-07-29,-0.00073000,106.2357,1,0.035520,222.049920,-0.00133282,60.3305,1,0.046782,301.551950
2016-08-01,0.00411706,106.6474,0,0.000000,0.000000,0.00531699,60.8622,1,0.046251,262.431540
2016-08-02,0.00641540,107.2889,1,0.040730,263.114126,-0.00310559,60.5517,1,0.037799,260.760870
2016-08-03,0.00652173,107.9411,0,0.000000,0.000000,-0.01220890,59.3308,0,0.000000,0.000000
2016-08-04,0.01045898,108.9870,1,0.057542,340.518541,-0.01533255,57.7975,1,0.061205,379.471327
2016-08-05,0.01006940,109.9939,1,0.036500,279.998460,-0.00862227,56.9353,1,0.059497,399.781650
2016-08-08,-0.00736367,109.2576,1,0.026757,222.804460,0.00648190,57.5835,1,0.040650,342.684710
2016-08-09,0.00396694,109.6543,1,0.031366,180.917010,-0.00008466,57.5750,1,0.037206,300.907140
2016-08-10,0.00372633,110.0269,0,0.000000,0.000000,-0.00709852,56.8652,1,0.046412,341.066720
2016-08-11,-0.00178085,109.8488,1,0.033055,279.992443,0.00041077,56.9062,1,0.045103,359.497580
2016-08-12,-0.00144203,109.7046,0,0.000000,0.000000,0.00103295,57.0095,0,0.000000,0.000000
2016-08-15,0.00393580,110.0982,0,0.000000,0.000000,-0.01358999,55.6505,1,0.032959,261.275699
2016-08-16,-0.00278007,109.8202,0,0.000000,0.000000,0.00205280,55.8558,1,0.046550,360.542460
2016-08-17,-0.00137554,109.6826,1,0.034154,300.755158,-0.00686462,55.1694,0,0.000000,0.000000
2016-08-18,-0.00236880,109.4457,0,0.000000,0.000000,-0.00107190,55.0622,1,0.056550,379.344999
2016-08-19,0.00049657,109.4954,0,0.000000,0.000000,-0.00603094,54.4591,1,0.037814,280.755060
2016-08-22,0.00249100,109.7445,1,0.036340,261.526639,-0.00674354,53.7847,1,0.047274,339.387200
2016-08-23,0.01439539,111.1840,1,0.028191,220.748200,0.01608643,55.3934,1,0.053857,380.363860
2016-08-24,0.00685182,111.8692,1,0.022318,183.588970,-0.00395454,54.9979,1,0.044234,323.204900
2016-08-25,0.00037387,111.9066,0,0.000000,0.000000,-0.00388981,54.6089,1,0.048521,339.384580
2016-08-26,-0.00425613,111.4810,1,0.028173,260.088029,0.00301592,54.9105,1,0.046138,340.437820
2016-08-29,0.00197214,111.6782,1,0.028526,180.722860,-0.00484898,54.4256,1,0.039798,280.486350
2016-08-30,-0.00864397,110.8138,1,0.038287,301.418360,-0.00118640,54.3070,0,0.000000,0.000000
2016-08-31,0.00054201,110.8680,0,0.000000,0.000000,-0.01313946,52.9930,1,0.031476,262.226128
2016-09-01,-0.00233837,110.6342,1,0.040117,280.810277,-0.00016344,52.9767,1,0.052394,359.649630
2016-09-02,0.00732874,111.3670,1,0.030996,201.379840,-0.00794831,52.1819,1,0.045221,320.746210
2016-09-06,-0.00760126,110.6069,1,0.036116,261.205510,-0.00132560,52.0493,0,0.000000,0.000000
2016-09-07,-0.00415224,110.1917,1,0.024884,181.066870,0.00165016,52.2143,1,0.049364,361.289124
2016-09-08,-0.00294200,109.8975,1,0.016730,141.131540,0.00453599,52.6679,1,0.041681,301.150140
2016-09-09,0.00630544,110.5280,1,0.018466,180.332370,-0.00775026,51.8929,1,0.025676,219.783020
2016-09-12,-0.00142595,110.3854,1,0.029535,219.518330,0.00631053,52.5239,0,0.000000,0.000000
2016-09-13,0.00813793,111.1992,1,0.035877,262.792800,-0.01212606,51.3113,0,0.000000,0.000000
2016-09-14,-0.00659422,110.5398,1,0.044172,298.157930,-0.00159393,51.1519,0,0.000000,0.000000
2016-09-15,-0.00694776,109.8450,1,0.016896,141.313430,0.00185027,51.3370,1,0.044643,335.314659
2016-09-16,0.01928555,111.7736,1,0.021385,203.179880,0.00176689,51.5137,0,0.000000,0.000000
2016-09-19,-0.00534905,111.2387,1,0.032535,301.392700,0.00558637,52.0723,1,0.035513,262.676002
2016-09-20,-0.00007068,111.2316,1,0.023958,181.215050,0.00034598,52.1069,1,0.041542,281.137270
2016-09-21,-0.01421340,109.8103,1,0.025290,200.563870,0.00810175,52.9171,1,0.041765,280.971140
2016-09-22,0.00161164,109.9714,1,0.020256,122.882850,0.00181148,53.0982,0,0.000000,0.000000
2016-09-23,-0.00853234,109.1182,1,0.037624,221.414060,0.00469320,53.5675,1,0.047420,284.563319
2016-09-26,-0.00672934,108.4453,1,0.024994,180.624950,0.00772946,54.3405,1,0.033014,280.452500
2016-09-27,0.00265297,108.7106,1,0.016713,140.953800,-0.00489404,53.8511,0,0.000000,0.000000
2016-09-28,-0.00295135,108.4154,1,0.032115,240.540490,0.00438306,54.2894,1,0.043784,358.622700
2016-09-29,-0.00194612,108.2208,1,0.027212,181.327060,0.00213517,54.5029,1,0.049413,320.963730
2016-09-30,-0.01904020,106.3168,1,0.030610,219.853940,0.00615681,55.1186,0,0.000000,0.000000
2016-10-03,-0.00746325,105.5705,1,0.027705,182.299270,0.02724899,57.8435,1,0.039641,280.839772
2016-10-04,-0.02058461,103.5120,1,0.021971,121.076380,0.00898943,58.7424,1,0.032657,222.052680
2016-10-05,-0.00616683,102.8953,1,0.019873,141.829250,0.02329804,61.0722,1,0.041576,279.639600
2016-10-06,-0.00033342,102.8620,1,0.012212,101.834530,-0.00829540,60.2427,1,0.033920,222.009380
2016-10-07,-0.00742657,102.1193,1,0.015637,140.724110,0.00066332,60.3090,1,0.040448,360.580220
2016-10-10,0.00353840,102.4732,1,0.019030,119.654340,0.00200378,60.5094,0,0.000000,0.000000
2016-10-11,-0.00271577,102.2016,1,0.025877,181.339730,-0.00156199,60.3532,1,0.039649,320.806234
2016-10-12,0.00408822,102.6104,1,0.017708,120.793320,-0.00272247,60.0810,0,0.000000,0.000000
2016-10-13,-0.00299754,102.3107,1,0.022764,180.590890,0.01095609,61.1766,1,0.043811,357.310504
2016-10-14,0.00426124,102.7368,1,0.017476,120.234290,-0.00674179,60.5024,1,0.029259,220.752320
2016-10-17,0.00423262,103.1601,1,0.026188,200.385020,0.00400150,60.9025,1,0.049340,360.149920
2016-10-18,0.01376719,104.5368,1,0.030601,180.865690,-0.00975157,59.9274,1,0.040537,300.758370
2016-10-19,-0.00523710,104.0131,1,0.037540,202.070420,0.00348735,60.2761,1,0.059935,362.112280
2016-10-20,0.00485165,104.4982,1,0.024715,180.878310,-0.01320947,58.9552,1,0.040327,281.881330
2016-10-21,0.00296236,104.7945,1,0.028184,180.191940,0.00265927,59.2211,1,0.044083,340.178560
2016-10-24,-0.00482511,104.3120,1,0.012961,100.464080,0.00171616,59.3927,1,0.042364,320.139670
2016-10-25,-0.00084112,104.2278,1,0.018222,141.247290,0.00793945,60.1867,0,0.000000,0.000000
2016-10-26,-0.00779766,103.4481,1,0.022286,179.804410,0.02332140,62.5188,1,0.037130,281.242684
2016-10-27,0.01248601,104.6967,1,0.021079,122.162320,0.00800194,63.3190,1,0.026016,241.698030
2016-10-28,-0.01814642,102.8820,1,0.020832,141.235020,0.00259885,63.5789,1,0.039445,260.949090
2016-10-31,0.00172727,103.0548,1,0.037973,201.117030,-0.01101676,62.4772,1,0.048546,300.468590
2016-11-01,0.00631218,103.6860,1,0.039032,221.138140,-0.01255129,61.2221,1,0.050479,300.484030
2016-11-02,-0.01351576,102.3344,1,0.035406,201.178010,0.00430340,61.6524,1,0.067250,379.021570
2016-11-03,-0.01140392,101.1940,1,0.026692,141.312170,0.00275102,61.9275,0,0.000000,0.000000
2016-11-04,0.00182995,101.3770,1,0.013625,121.820700,0.00223255,62.1508,1,0.056565,319.734179
2016-11-07,-0.00612332,100.7647,1,0.018132,121.198700,0.00289863,62.4406,1,0.042147,321.837160
2016-11-08,-0.00368198,100.3965,1,0.032288,144.374300,0.01102127,63.5428,0,0.000000,0.000000
2016-11-09,0.01998605,102.3951,1,0.020975,121.822030,-0.00862369,62.6804,1,0.036799,246.422159
2016-11-10,-0.00797100,101.5980,1,0.032850,165.219460,0.03983471,66.6639,1,0.057869,362.165370
2016-11-11,0.00558327,102.1563,1,0.030383,161.072870,0.00029425,66.6933,1,0.035435,262.025400
2016-11-14,-0.00724204,101.4321,1,0.027224,161.251050,-0.00028766,66.6645,1,0.046766,320.174020
2016-11-15,0.00167796,101.5999,1,0.029714,182.707540,-0.01275903,65.3886,1,0.052123,302.844160
2016-11-16,0.00253112,101.8530,1,0.027048,181.395750,0.00287428,65.6760,1,0.061802,361.381560
2016-11-17,-0.00883758,100.9693,1,0.035048,180.866300,0.01507992,67.1840,1,0.052948,301.076350
2016-11-18,0.00190227,101.1595,1,0.033453,222.574410,-0.00313831,66.8702,1,0.044521,302.922420
2016-11-21,-0.00365789,100.7937,1,0.020249,120.485520,0.00466579,67.3368,1,0.042311,319.508430
2016-11-22,0.00250910,101.0446,1,0.028590,161.582840,-0.02123814,65.2130,1,0.045854,282.116170
2016-11-23,0.00872078,101.9167,1,0.035142,181.352520,-0.00792720,64.4203,1,0.055300,340.188460
2016-11-25,0.00911539,102.8282,1,0.028851,201.065300,-0.00771360,63.6489,1,0.058030,360.860200
2016-11-28,0.01225922,104.0541,1,0.037938,181.917410,0.00614182,64.2631,1,0.067528,362.074370
2016-11-29,-0.00047582,104.0066,1,0.032932,180.622800,-0.00182599,64.0805,1,0.046779,241.624230
2016-11-30,-0.00350034,103.6565,1,0.040644,221.141930,-0.01402694,62.6778,1,0.052234,320.697660
2016-12-01,0.00497594,104.1541,0,0.000000,0.000000,0.02465690,65.1435,1,0.053800,359.088280
2016-12-02,0.00305745,104.4599,0,0.000000,0.000000,-0.01974150,63.1693,1,0.039460,221.792710
2016-12-05,-0.00255370,104.2045,0,0.000000,0.000000,-0.00551258,62.6181,1,0.047878,380.681690
2016-12-06,-0.00282693,103.9218,1,0.044323,242.385804,0.00225684,62.8437,1,0.051386,321.647400
2016-12-07,-0.00552220,103.3696,1,0.005250,61.587450,-0.00300045,62.5437,1,0.044655,321.569510
2016-12-08,-0.00545812,102.8238,1,0.019182,122.080370,0.01061496,63.6052,1,0.041334,341.586590
2016-12-09,-0.00277808,102.5460,1,0.015678,82.160770,-0.01168432,62.4368,1,0.047402,302.532010
2016-12-12,0.01846495,104.3925,0,0.000000,0.000000,0.00080426,62.5172,1,0.053524,341.507210
2016-12-13,0.01088719,105.4812,0,0.000000,0.000000,0.01478164,63.9954,1,0.053556,299.662370
2016-12-14,0.01022699,106.5039,1,0.019251,182.359813,-0.00021320,63.9740,1,0.035040,261.867180
2016-12-15,-0.00571929,105.9319,0,0.000000,0.000000,-0.00162134,63.8119,0,0.000000,0.000000
2016-12-16,0.00608869,106.5408,1,0.031941,141.712205,-0.00897484,62.9144,1,0.044744,359.198511
2016-12-19,0.01208357,107.7492,0,0.000000,0.000000,0.00304359,63.2188,1,0.041371,359.864380
2016-12-20,-0.00817428,106.9317,0,0.000000,0.000000,-0.00720220,62.4986,1,0.040740,281.302950
2016-12-21,0.00000837,106.9326,0,0.000000,0.000000,0.00126905,62.6255,1,0.056915,360.441560
2016-12-22,0.00255126,107.1877,0,0.000000,0.000000,0.01005081,63.6305,1,0.035889,300.949060
2016-12-23,0.00431409,107.6191,1,0.030561,220.315345,-0.00458576,63.1720,1,0.041386,260.742070
2016-12-27,-0.00254938,107.3642,0,0.000000,0.000000,-0.00042941,63.1290,1,0.055461,340.393410
2016-12-28,0.00307398,107.6716,1,0.023122,141.930162,-0.00462767,62.6663,1,0.039137,260.900420
2016-12-29,0.00285348,107.9569,0,0.000000,0.000000,0.00210651,62.8769,0,0.000000,0.000000
2016-12-30,0.00028747,107.9857,0,0.000000,0.000000,-0.00139668,62.7372,1,0.047118,299.101822
2017-01-03,0.00176675,108.1623,1,0.051435,317.645661,0.00128102,62.8653,1,0.041878,320.344650
2017-01-04,0.00568118,108.7305,1,0.036032,260.833730,-0.00379710,62.4856,1,0.042100,281.586040
2017-01-05,-0.00268941,108.4615,1,0.041681,183.825010,0.00237667,62.7233,0,0.000000,0.000000
2017-01-06,-0.00330210,108.1313,1,0.036810,220.706460,0.00305931,63.0292,1,0.039009,321.822973
2017-01-09,-0.00160627,107.9707,1,0.026447,181.121860,0.00346265,63.3755,1,0.040185,301.004160
2017-01-10,-0.01412395,106.5583,1,0.023745,200.618100,0.01533280,64.9088,1,0.032640,279.893350
2017-01-11,0.00346688,106.9050,1,0.034782,222.149330,-0.00566350,64.3424,1,0.039210,222.069580
2017-01-12,0.00760303,107.6653,1,0.029277,182.260090,-0.01006339,63.3361,1,0.056989,340.806060
2017-01-13,0.00899628,108.5649,1,0.033462,220.495580,-0.01285531,62.0506,1,0.057331,340.477610
2017-01-17,-0.00027101,108.5378,1,0.037211,261.260070,-0.01060415,60.9901,1,0.053595,361.128820
2017-01-18,0.00478521,109.0163,1,0.039539,260.573190,-0.00965040,60.0251,1,0.053050,360.270540
2017-01-19,0.00930385,109.9467,1,0.034635,240.333860,-0.00206918,59.8182,1,0.054748,380.602370
2017-01-20,-0.01465712,108.4810,1,0.039922,280.681040,0.00940240,60.7584,0,0.000000,0.000000
2017-01-23,-0.00416725,108.0643,1,0.025185,202.578650,0.00234769,60.9932,1,0.047561,321.196760
2017-01-24,-0.00756663,107.3076,1,0.033163,180.830260,0.00864153,61.8573,1,0.042087,280.798670
2017-01-25,-0.00703446,106.6042,1,0.038416,183.229700,-0.00512152,61.3452,0,0.000000,0.000000
2017-01-26,-0.00784072,105.8201,1,0.019402,182.152030,0.00674896,62.0201,1,0.051324,364.785697
2017-01-27,0.00422720,106.2428,1,0.022390,161.089070,-0.00005886,62.0142,1,0.029366,260.671320
2017-01-30,0.00519307,106.7621,1,0.024703,200.100570,0.00011165,62.0254,1,0.031465,300.483060
2017-01-31,0.00788219,107.5503,1,0.037171,240.622750,0.00051816,62.0772,1,0.038264,280.192910
2017-02-01,-0.00047264,107.5031,1,0.050484,301.145270,-0.00586082,61.4911,1,0.041622,321.157760
2017-02-02,-0.00565163,106.9379,1,0.021843,180.500040,-0.01919156,59.5719,1,0.050946,379.250600
2017-02-03,-0.00049089,106.8888,1,0.012329,121.433380,-0.00328653,59.2433,1,0.054753,381.072110
2017-02-06,-0.00172687,106.7161,1,0.020867,182.210960,0.00587348,59.8306,0,0.000000,0.000000
2017-02-07,-0.00347334,106.3688,1,0.017354,140.116420,0.00463049,60.2937,1,0.040551,281.882064
2017-02-08,0.00805464,107.1743,1,0.027726,140.560380,0.00144721,60.4384,1,0.044919,240.760360
2017-02-09,0.00196318,107.3706,1,0.039902,200.628450,-0.02111175,58.3272,1,0.045285,320.910900
2017-02-10,0.00089995,107.4606,1,0.023795,142.500180,-0.00130935,58.1963,1,0.050415,382.623210
2017-02-13,-0.00424667,107.0359,1,0.022367,181.016090,0.00312980,58.5093,1,0.047500,341.936020
2017-02-14,-0.00866196,106.1697,1,0.010996,101.814300,-0.01201856,57.3074,1,0.046336,321.468540
2017-02-15,0.00096418,106.2661,1,0.022082,160.859360,-0.00146200,57.1612,1,0.040610,341.463060
2017-02-16,0.01466901,107.7330,1,0.018749,161.553880,-0.01094696,56.0665,1,0.048946,321.166610
2017-02-17,0.00256948,107.9900,1,0.032702,200.585950,-0.00160882,55.9056,1,0.051062,339.217070
2017-02-21,0.00077473,108.0675,1,0.027917,180.818270,-0.00067337,55.8383,1,0.044877,320.231900
2017-02-22,0.00443413,108.5109,1,0.017277,121.705230,-0.00247938,55.5904,0,0.000000,0.000000
2017-02-23,0.01340313,109.8512,1,0.024107,160.264110,0.02130758,57.7211,1,0.042422,339.577298
2017-02-24,-0.00077913,109.7733,1,0.023023,160.607760,-0.01350763,56.3704,1,0.025423,202.822960
2017-02-27,-0.00011641,109.7616,1,0.021991,161.213750,-0.01229270,55.1411,1,0.044650,283.751140
2017-02-28,0.01565367,111.3270,1,0.028383,160.639690,-0.01826359,53.3147,1,0.048279,380.294780
2017-03-01,0.00464466,111.7915,1,0.042124,339.219230,-0.00411266,52.9035,1,0.042416,379.743700
2017-03-02,0.01089405,112.8809,1,0.037855,242.484050,-0.01305620,51.5979,1,0.043590,322.058950
2017-03-03,0.00042899,112.9238,1,0.037181,300.327680,-0.00577054,51.0208,1,0.043784,340.059170
2017-03-06,-0.00189915,112.7339,1,0.040095,220.705240,0.00037419,51.0582,1,0.047311,320.441550
2017-03-07,0.00356105,113.0900,0,0.000000,0.000000,0.00015536,51.0738,1,0.038264,279.850650
2017-03-08,-0.00724364,112.3656,0,0.000000,0.000000,0.00058622,51.1324,1,0.038008,259.920720
2017-03-09,-0.00800543,111.5651,1,0.033513,239.207422,0.00455280,51.5877,1,0.043190,319.949790
2017-03-10,0.00116373,111.6814,1,0.027717,161.011210,0.00215780,51.8034,1,0.044550,300.733890
2017-03-13,0.00324588,112.0060,1,0.028622,181.093010,0.00056273,51.8597,1,0.046157,321.093150
2017-03-14,-0.00654663,111.3514,1,0.038333,180.450050,0.00357891,52.2176,1,0.046939,280.872350
2017-03-15,-0.00368596,110.9828,1,0.020616,180.682630,0.00180167,52.3978,1,0.030703,300.227670
2017-03-16,0.00298459,111.2812,1,0.035221,223.008940,-0.01104712,51.2931,0,0.000000,0.000000
2017-03-17,-0.00433423,110.8478,1,0.033123,220.699200,-0.01142467,50.1506,1,0.050947,401.715397
2017-03-20,-0.00298593,110.5492,1,0.019043,160.913460,0.00366951,50.5175,1,0.037959,340.433940
2017-03-21,0.00463088,111.0123,1,0.035282,199.847930,-0.01028931,49.4886,1,0.033101,259.691330
2017-03-22,0.00249211,111.2615,1,0.039189,219.740970,-0.00184356,49.3042,1,0.057446,377.918550
2017-03-23,0.00005386,111.2669,1,0.033894,240.876800,-0.00202946,49.1013,1,0.042556,301.172210
2017-03-24,-0.00233619,111.0333,1,0.033739,220.631480,-0.00041329,49.0600,1,0.041579,360.362110
2017-03-27,-0.00996900,110.0364,1,0.032110,200.443700,0.00520672,49.5806,1,0.048878,360.021270
2017-03-28,-0.00698670,109.3377,1,0.026120,181.004930,0.00902304,50.4830,1,0.034766,241.181110
2017-03-29,-0.00313905,109.0238,1,0.020635,182.767770,0.00552905,51.0359,0,0.000000,0.000000
2017-03-30,0.00173182,109.1970,1,0.022748,160.631390,-0.00766494,50.2694,1,0.040804,301.121189
2017-03-31,0.00841438,110.0384,1,0.032082,181.225490,-0.00572208,49.6972,1,0.038908,321.365070
2017-04-03,0.00195959,110.2344,1,0.048411,220.353360,-0.00231009,49.4661,1,0.039869,320.584860
2017-04-04,-0.00177453,110.0569,1,0.020073,180.372090,-0.00243591,49.2226,1,0.045881,279.362440
2017-04-05,-0.00055924,110.0010,1,0.034424,220.298900,0.00659997,49.8826,1,0.059533,340.466150
2017-04-06,0.00376040,110.3770,1,0.032740,219.866040,-0.01020087,48.8625,1,0.041627,300.218370
2017-04-07,0.00452919,110.8300,1,0.029761,222.005040,-0.00037800,48.8247,1,0.058420,380.816340
2017-04-10,0.00123054,110.9530,1,0.033346,219.966660,-0.00434758,48.3899,1,0.047568,319.993420
2017-04-11,0.00280801,111.2338,1,0.029119,200.449360,-0.00669380,47.7205,1,0.051880,320.547930
2017-04-12,0.00163317,111.3971,1,0.019623,160.230940,0.00652003,48.3725,1,0.049577,300.800520
2017-04-13,-0.00017931,111.3792,1,0.036001,259.650460,0.00865018,49.2375,1,0.045572,300.054740
2017-04-17,0.00096774,111.4760,1,0.038036,219.930930,-0.00500117,48.7374,0,0.000000,0.000000
2017-04-18,0.00310866,111.7868,1,0.035354,241.956590,0.00559902,49.2973,0,0.000000,0.000000
2017-04-19,-0.01098366,110.6885,1,0.034496,259.962900,0.00597168,49.8945,1,0.043222,341.084639
2017-04-20,-0.01763513,108.9250,1,0.028363,181.310410,0.01659623,51.5541,1,0.033587,241.253890
2017-04-21,-0.00278013,108.6469,1,0.012213,82.724450,0.00091310,51.6454,1,0.028800,262.308490
2017-04-24,-0.00375628,108.2713,1,0.023498,160.682460,-0.00949018,50.6964,1,0.037508,300.863850
2017-04-25,-0.00391962,107.8794,1,0.023452,142.718870,-0.00355105,50.3413,0,0.000000,0.000000
2017-04-26,-0.01654753,106.2246,1,0.018903,141.328790,0.01047374,51.3887,1,0.059186,383.060791
2017-04-27,-0.00757266,105.4673,1,0.019116,141.420390,0.00760893,52.1496,1,0.041917,261.599800
2017-04-28,0.00656400,106.1237,1,0.024140,201.142930,-0.01545285,50.6043,1,0.049125,281.465390
2017-05-01,0.00203534,106.3273,1,0.022066,200.036720,0.00247642,50.8519,1,0.053098,399.056460
2017-05-02,-0.01450409,104.8769,1,0.033959,200.530820,0.00313490,51.1654,1,0.059410,320.484740
2017-05-03,-0.01155212,103.7216,1,0.032012,241.711830,0.01317640,52.4831,1,0.046770,340.852160
2017-05-04,-0.00678182,103.0435,1,0.031152,201.566120,0.01017812,53.5009,1,0.027468,241.923710
2017-05-05,0.00062873,103.1063,1,0.025337,181.435750,-0.01109572,52.3913,1,0.047692,261.711660
2017-05-08,-0.00103357,103.0030,1,0.028967,181.738330,-0.00352360,52.0389,1,0.056320,341.662480
2017-05-09,-0.00705843,102.2971,1,0.019503,160.644750,0.00251834,52.2908,1,0.054846,359.482120
2017-05-10,-0.00675256,101.6219,1,0.023076,161.693260,-0.00436725,51.8541,1,0.047885,341.118960
2017-05-11,-0.00430246,101.1916,1,0.028466,221.528140,-0.00145650,51.7084,1,0.044610,360.714500
2017-05-12,0.00038354,101.2300,1,0.018506,160.563100,0.00274926,51.9833,1,0.033774,279.918680
2017-05-15,0.00051866,101.2819,1,0.026194,180.089540,-0.00273900,51.7094,1,0.045490,299.864700
2017-05-16,0.00098265,101.3801,1,0.022255,201.933200,-0.00580024,51.1294,0,0.000000,0.000000
2017-05-17,0.02095151,103.4753,1,0.024349,200.998280,-0.03348366,47.7810,1,0.045316,360.890155
2017-05-18,-0.00057531,103.4177,1,0.041291,298.880940,0.00206411,47.9874,0,0.000000,0.000000
2017-05-19,0.01053926,104.4717,1,0.022874,201.840280,-0.01044846,46.9426,1,0.048186,318.712855
2017-05-22,0.00159372,104.6310,1,0.037698,282.122120,0.00583414,47.5260,0,0.000000,0.000000
2017-05-23,-0.00268977,104.3621,1,0.024687,221.164690,0.00791412,48.3174,0,0.000000,0.000000
2017-05-24,-0.00074010,104.2880,1,0.027830,201.167650,0.00278595,48.5960,1,0.042175,304.530539
2017-05-25,-0.00469034,103.8190,1,0.028294,221.957340,-0.01860861,46.7352,1,0.037241,302.003690
2017-05-26,0.00634007,104.4530,1,0.019743,181.561120,-0.00603832,46.1313,1,0.036572,303.313180
2017-05-30,0.00015355,104.4684,1,0.023995,199.949630,0.00102616,46.2339,1,0.040594,340.196160
2017-05-31,-0.00130816,104.3376,1,0.024206,200.370150,0.00892529,47.1265,1,0.041701,320.385790
2017-06-01,0.00233858,104.5714,1,0.023862,221.015910,-0.01073046,46.0534,1,0.030696,221.469930
2017-06-02,0.00314878,104.8863,1,0.020282,143.314640,-0.00024616,46.0288,0,0.000000,0.000000
2017-06-05,0.00016964,104.9033,1,0.018436,161.495300,-0.00312406,45.7164,1,0.046536,303.853201
2017-06-06,-0.00570160,104.3331,1,0.019570,160.524740,-0.00093801,45.6226,1,0.053321,359.582470
2017-06-07,0.00062086,104.3952,1,0.021624,160.620850,-0.00267766,45.3548,1,0.048516,320.580140
2017-06-08,-0.00069128,104.3261,1,0.025278,201.063230,0.00886273,46.2411,1,0.040787,281.209650
2017-06-09,0.01264210,105.5903,1,0.019730,141.621970,0.00125937,46.3671,1,0.037513,281.349200
2017-06-12,-0.00617718,104.9726,1,0.030258,200.860200,0.01470782,47.8378,1,0.042088,321.446230
2017-06-13,0.00251895,105.2244,1,0.014145,121.397000,-0.00636375,47.2015,1,0.042855,221.539230
2017-06-14,-0.00397932,104.8265,1,0.023072,181.793780,0.00111595,47.3131,1,0.043975,321.724080
2017-06-15,-0.00359070,104.4674,1,0.021890,180.852340,0.00604948,47.9180,1,0.040912,320.283350
2017-06-16,0.00001363,104.4688,1,0.023117,180.913620,0.00311464,48.2295,1,0.040026,261.267740
2017-06-19,0.00376012,104.8448,1,0.016378,161.114900,-0.00457130,47.7723,1,0.032010,302.325590
2017-06-20,-0.00482461,104.3624,1,0.018381,141.722170,0.00492497,48.2648,1,0.041023,361.169740
2017-06-21,-0.00303041,104.0593,1,0.014361,121.144460,0.00342114,48.6069,1,0.037736,300.275700
2017-06-22,0.00167804,104.2271,1,0.016036,140.744200,0.00518580,49.1255,1,0.037570,260.668830
2017-06-23,-0.00054927,104.1722,1,0.018817,141.152200,0.00569234,49.6948,1,0.033426,261.190450
2017-06-26,0.01368222,105.5404,1,0.020208,181.264910,-0.01650124,48.0446,1,0.030764,281.450880
2017-06-27,-0.00521381,105.0190,1,0.024621,201.638010,0.00932640,48.9773,1,0.045540,360.707300
2017-06-28,-0.00537128,104.4819,1,0.025428,160.489500,0.00842666,49.8199,1,0.045004,259.999220
2017-06-29,-0.00623037,103.8589,1,0.028777,182.297660,0.00106788,49.9267,1,0.040942,282.726790
2017-06-30,-0.00676119,103.1828,1,0.026749,180.892840,0.00617364,50.5441,1,0.043326,338.703450
2017-07-03,-0.01210767,101.9720,1,0.036707,280.974790,0.00422962,50.9671,1,0.043588,301.089070
2017-07-05,0.01884502,103.8565,1,0.026978,141.909020,-0.02291587,48.6755,1,0.061547,321.067810
2017-07-06,-0.00209284,103.6472,1,0.023474,241.567700,0.00608983,49.2845,1,0.044867,380.330720
2017-07-07,-0.00016255,103.6309,1,0.019865,180.744350,0.00932654,50.2171,0,0.000000,0.000000
2017-07-10,-0.00240510,103.3904,1,0.030070,241.474970,0.01342735,51.5598,0,0.000000,0.000000
2017-07-11,-0.00223008,103.1674,1,0.036618,280.132600,-0.00111865,51.4480,1,0.026385,203.028988
2017-07-12,-0.00172711,102.9947,1,0.022011,180.438910,0.03164705,54.6127,1,0.041535,320.069720
2017-07-13,0.00148625,103.1433,1,0.030745,201.818520,0.00201232,54.8139,0,0.000000,0.000000
2017-07-14,-0.00248986,102.8944,1,0.027516,240.943750,0.00573074,55.3870,1,0.042206,325.664658
2017-07-17,-0.00149977,102.7444,1,0.022857,201.465990,-0.00470182,54.9168,1,0.040382,301.861220
2017-07-18,0.00711432,103.4558,1,0.029198,200.758500,-0.00829369,54.0874,1,0.051609,340.340920
2017-07-19,-0.00411077,103.0447,1,0.020017,180.206870,0.01170645,55.2581,1,0.037205,340.399720
2017-07-20,-0.00680130,102.3646,1,0.026920,202.112880,0.00458945,55.7170,0,0.000000,0.000000
2017-07-21,-0.00099878,102.2647,1,0.025228,181.025650,0.00204549,55.9216,1,0.033031,222.830675
2017-07-24,0.00623551,102.8883,1,0.022649,180.928850,-0.00815615,55.1060,1,0.034765,300.799120
2017-07-25,-0.00277920,102.6104,1,0.023840,240.219240,-0.00222523,54.8834,1,0.035473,319.435910
2017-07-26,-0.00013523,102.5968,1,0.017263,181.982080,0.00052312,54.9358,1,0.039618,321.520690
2017-07-27,0.00441773,103.0386,1,0.016897,140.935440,-0.00997693,53.9381,1,0.045893,340.717850
2017-07-28,0.00452000,103.4906,1,0.019230,200.052730,-0.01411883,52.5262,1,0.044753,339.721080
2017-07-31,0.00197851,103.6885,1,0.038819,220.207830,-0.00310202,52.2160,1,0.064842,299.286330
2017-08-01,0.00132398,103.8209,1,0.041542,279.858750,0.00568834,52.7848,1,0.029746,299.988520
2017-08-02,0.00168270,103.9891,0,0.000000,0.000000,0.00550236,53.3350,1,0.044954,280.940520
2017-08-03,-0.00117869,103.8713,1,0.036929,239.975109,0.00401985,53.7370,1,0.040955,300.735270
2017-08-04,-0.00175975,103.6953,1,0.026025,220.528380,-0.00765632,52.9714,1,0.043602,280.318740
2017-08-07,-0.00191469,103.5038,1,0.027309,200.937390,-0.00069493,52.9019,1,0.055243,360.457190
2017-08-08,-0.00274200,103.2296,0,0.000000,0.000000,-0.00427375,52.4745,1,0.038425,280.825250
2017-08-09,-0.00120621,103.1090,0,0.000000,0.000000,0.00803007,53.2775,1,0.044203,299.642270
2017-08-10,-0.00004321,103.1047,1,0.026201,241.097016,0.01388128,54.6657,1,0.030612,281.318850
2017-08-11,-0.00225456,102.8792,0,0.000000,0.000000,-0.00911268,53.7544,1,0.036398,279.623540
2017-08-14,-0.00649650,102.2296,1,0.027950,221.072352,0.00317710,54.0721,1,0.043620,340.716230
2017-08-15,0.00139391,102.3690,1,0.026429,222.330540,-0.00145627,53.9265,0,0.000000,0.000000
2017-08-16,-0.00023891,102.3451,0,0.000000,0.000000,-0.00424803,53.5017,1,0.043373,362.289708
2017-08-17,0.00664139,103.0092,0,0.000000,0.000000,0.00359020,53.8607,1,0.047530,381.066690
2017-08-18,0.00016855,103.0261,0,0.000000,0.000000,-0.00114023,53.7467,0,0.000000,0.000000
2017-08-21,0.00115187,103.1412,1,0.034293,279.712720,-0.00635435,53.1112,1,0.038195,317.891042
2017-08-22,-0.00347208,102.7940,0,0.000000,0.000000,-0.00253589,52.8576,1,0.035689,340.654380
2017-08-23,0.00518063,103.3121,1,0.032847,262.882632,-0.00618173,52.2395,1,0.039893,341.598660
2017-08-24,-0.00439865,102.8722,0,0.000000,0.000000,-0.00504210,51.7353,1,0.038810,359.762620
2017-08-25,-0.01030443,101.8418,1,0.027593,260.564239,0.00603837,52.3391,1,0.040993,360.124200
2017-08-28,0.00359234,102.2010,1,0.020356,181.422510,-0.00634997,51.7041,1,0.036247,281.211710
2017-08-29,0.00562617,102.7636,1,0.037553,300.432950,-0.00883134,50.8210,1,0.046754,360.103370
2017-08-30,-0.00488523,102.2751,1,0.026423,179.582150,0.00135732,50.9567,1,0.048818,299.200560
2017-08-31,-0.00039431,102.2357,1,0.026021,221.622600,0.00123863,51.0806,1,0.050817,321.459330
2017-09-01,-0.00130454,102.1052,1,0.031734,261.082850,-0.00493686,50.5869,1,0.043476,301.026000
2017-09-05,-0.00116792,101.9884,1,0.016082,160.696240,-0.00017755,50.5691,1,0.045815,340.530670
2017-09-06,-0.00381746,101.6067,1,0.024076,220.347130,-0.00057764,50.5114,1,0.041744,319.739600
2017-09-07,-0.00005580,101.6011,1,0.020810,200.714810,-0.00602705,49.9087,1,0.039115,320.423080
2017-09-08,-0.01212403,100.3887,1,0.033163,241.017790,-0.02192121,47.7165,1,0.048071,360.608390
2017-09-11,0.00924767,101.3135,1,0.029463,240.005480,0.01380386,49.0969,1,0.054784,379.590910
2017-09-12,-0.01060167,100.2533,1,0.016677,162.650570,-0.00525088,48.5718,0,0.000000,0.000000
2017-09-13,0.00637410,100.8907,0,0.000000,0.000000,-0.00382472,48.1894,1,0.053312,382.012768
2017-09-14,0.00080498,100.9712,1,0.019532,162.175106,0.01225784,49.4151,1,0.037186,298.429360
2017-09-15,-0.00280798,100.6904,1,0.021678,201.782610,0.01032378,50.4475,1,0.039702,281.415590
2017-09-18,0.00515097,101.2055,1,0.016593,181.029840,-0.00990158,49.4574,1,0.029768,261.681360
2017-09-19,0.00921429,102.1270,1,0.018561,201.193890,0.00953222,50.4106,1,0.035738,320.996470
2017-09-20,0.00122674,102.2496,1,0.023786,161.018770,-0.00296665,50.1139,1,0.036125,281.610040
2017-09-21,-0.00496075,101.7536,1,0.011945,101.695000,0.00312006,50.4259,1,0.038224,341.034960
2017-09-22,-0.00958845,100.7947,1,0.012975,140.889210,0.00916739,51.3427,1,0.028511,280.277090
2017-09-25,0.01201500,101.9962,1,0.012680,141.676630,-0.00840367,50.5023,1,0.034237,301.998750
2017-09-26,0.00070684,102.0669,1,0.014736,120.718500,0.00015565,50.5179,1,0.037545,340.342030
2017-09-27,-0.01198265,100.8686,1,0.017925,141.920920,0.01122158,51.6400,1,0.037572,301.390330
2017-09-28,-0.00439862,100.4288,1,0.019402,182.053040,-0.00468322,51.1717,1,0.022672,222.534610
2017-09-29,-0.00592179,99.8366,1,0.023159,140.750440,-0.00477420,50.6943,1,0.048020,340.488330
2017-10-02,0.01405345,101.2419,1,0.032565,281.349300,-0.01183218,49.5111,1,0.039538,340.838660
2017-10-03,0.00076020,101.3179,1,0.037460,260.728850,0.00169056,49.6801,1,0.056614,400.738320
2017-10-04,0.00202128,101.5201,1,0.027972,261.149360,-0.00720261,48.9599,1,0.030051,281.281410
2017-10-05,-0.00596304,100.9238,1,0.029044,261.991160,0.00160544,49.1204,1,0.040636,341.687630
2017-10-06,-0.00588933,100.3348,1,0.014603,161.177540,0.00562322,49.6827,1,0.032408,281.196060
2017-10-09,0.00516684,100.8515,1,0.022206,181.157510,0.00033136,49.7159,1,0.034334,300.792810
2017-10-10,-0.00089078,100.7624,1,0.025288,239.987130,0.00106407,49.8223,1,0.036103,320.211150
2017-10-11,-0.00129596,100.6329,1,0.033876,220.723330,-0.00216386,49.6059,1,0.038436,321.198070
2017-10-12,-0.00175723,100.4571,1,0.021663,161.069160,0.00233567,49.8394,1,0.038403,340.838970
2017-10-13,-0.00914612,99.5425,1,0.021642,240.868000,-0.00054924,49.7845,1,0.035474,320.664810
2017-10-16,-0.00105891,99.4366,1,0.013851,181.441030,0.00598995,50.3835,1,0.033725,321.027110
2017-10-17,0.01145855,100.5825,1,0.031085,160.492260,-0.00652926,49.7306,1,0.037726,300.943520
2017-10-18,0.00401183,100.9837,1,0.029347,220.374920,-0.00916005,48.8146,1,0.037025,280.309420
2017-10-19,-0.00661197,100.3225,1,0.026527,200.944410,0.00232984,49.0476,1,0.048086,400.965380
2017-10-20,-0.01095553,99.2269,1,0.020013,141.128390,0.00621663,49.6692,1,0.039407,321.228990
2017-10-23,-0.00049400,99.1775,1,0.024970,182.135160,-0.01237343,48.4319,1,0.041053,282.127710
2017-10-24,-0.00196389,98.9811,1,0.029519,200.199510,-0.01262291,47.1696,1,0.047341,338.948210
2017-10-25,-0.00029032,98.9521,1,0.023892,182.084470,-0.00005009,47.1646,1,0.042609,341.450050
2017-10-26,0.01516474,100.4686,1,0.024066,220.387620,-0.01816292,45.3483,1,0.042712,319.484340
2017-10-27,-0.03451101,97.0175,1,0.021461,223.080940,0.02996878,48.3452,1,0.031422,322.932860
2017-10-30,-0.00133466,96.8840,1,0.021756,204.736280,-0.00738090,47.6071,1,0.027680,264.468020
2017-10-31,0.01249758,98.1338,1,0.018352,180.695810,-0.00182112,47.4250,1,0.043502,339.560950
2017-11-01,0.01166083,99.2998,1,0.026727,262.443790,-0.01148984,46.2760,1,0.036374,303.165010
2017-11-02,0.00520948,99.8208,1,0.058892,318.936310,0.00491041,46.7670,1,0.049679,339.397890
2017-11-03,0.00456645,100.2774,1,0.026325,301.059220,0.00736252,47.5033,1,0.032088,281.758640
2017-11-06,-0.01082358,99.1951,1,0.047238,320.884830,-0.00576942,46.9263,1,0.037492,301.788320
2017-11-07,0.00714180,99.9093,1,0.018750,181.394700,-0.00029459,46.8969,1,0.029299,279.948450
2017-11-08,0.00190829,100.1001,1,0.020001,220.631530,-0.00088671,46.8082,1,0.028011,300.981760
2017-11-09,0.00503347,100.6034,1,0.020083,201.058850,-0.00656173,46.1520,1,0.027723,301.261680
2017-11-10,0.00748628,101.3521,1,0.036622,279.674630,-0.00428453,45.7236,1,0.037813,359.573350
2017-11-13,-0.01015856,100.3362,1,0.027746,240.112350,0.00183912,45.9075,1,0.037578,359.706660
2017-11-14,0.00260306,100.5965,1,0.019554,162.211830,0.00042584,45.9501,1,0.025696,302.225710
2017-11-15,-0.00425062,100.1714,1,0.027192,240.036860,0.00494743,46.4448,1,0.034647,320.572840
2017-11-16,0.00713573,100.8850,1,0.030167,240.124590,-0.00678680,45.7661,1,0.030170,299.748690
2017-11-17,-0.00178213,100.7068,1,0.025473,241.885580,-0.00012209,45.7539,1,0.031499,322.242550
2017-11-20,-0.00137293,100.5695,1,0.022913,220.578400,0.00435480,46.1894,1,0.039160,340.621650
2017-11-21,-0.01048886,99.5206,1,0.016536,181.076500,0.00752393,46.9418,1,0.029487,260.947360
2017-11-22,-0.00058154,99.4625,1,0.015834,161.750290,-0.00456437,46.4854,1,0.026827,281.206800
2017-11-24,0.00486624,99.9491,1,0.032126,220.186240,-0.00266251,46.2191,1,0.043951,299.649230
2017-11-27,0.00595544,100.5446,1,0.057926,280.767710,-0.00886246,45.3329,1,0.058116,320.632600
2017-11-28,-0.00481221,100.0634,1,0.039771,299.798150,0.00387677,45.7205,1,0.040083,359.853610
2017-11-29,-0.00774104,99.2893,1,0.032134,242.510090,0.00309080,46.0296,1,0.044660,362.208720
2017-11-30,0.00115621,99.4049,1,0.019279,183.022290,0.00296905,46.3265,1,0.032155,302.609980
2017-12-01,0.00498873,99.9038,1,0.041957,301.075580,-0.00297071,46.0295,1,0.038751,301.452680
2017-12-04,-0.01755168,98.1486,1,0.033558,240.068790,0.01158016,47.1875,1,0.042304,319.787760
2017-12-05,0.00658295,98.8069,1,0.027405,202.688810,-0.00591713,46.5958,1,0.030213,282.023240
2017-12-06,0.00314455,99.1214,1,0.035045,279.680360,-0.00205094,46.3907,1,0.034714,319.560580
2017-12-07,-0.00835094,98.2863,1,0.035254,260.372800,0.00527931,46.9186,1,0.035459,320.321200
2017-12-08,-0.00490356,97.7959,1,0.032436,221.714700,-0.00184082,46.7345,1,0.041832,301.742810
2017-12-11,-0.00338031,97.4579,1,0.030111,201.707800,0.00275066,47.0096,1,0.043984,301.224030
2017-12-12,-0.00534386,96.9235,1,0.013816,180.672180,-0.00048232,46.9614,1,0.038802,320.602730
2017-12-13,-0.00398473,96.5251,1,0.019873,201.222530,0.00090369,47.0517,1,0.043861,359.846850
2017-12-14,-0.00770766,95.7543,1,0.025336,260.567560,0.00005637,47.0574,1,0.037263,320.411870
2017-12-15,-0.00038148,95.7161,1,0.017198,160.650190,-0.00235414,46.8219,1,0.035024,279.867700
2017-12-18,-0.01726821,93.9893,1,0.022671,222.688210,-0.01029816,45.7921,0,0.000000,0.000000
2017-12-19,-0.01511856,92.4775,1,0.012086,122.021550,0.00723298,46.5154,1,0.039782,362.964177
2017-12-20,-0.00379678,92.0978,1,0.017568,161.373610,0.00257565,46.7730,1,0.025135,260.503080
2017-12-21,0.00113753,92.2115,1,0.008857,121.241050,0.00109115,46.8821,1,0.030355,280.985980
2017-12-22,-0.00052223,92.1593,1,0.023303,200.710150,-0.00389151,46.4930,1,0.041241,321.238090
2017-12-26,0.00117269,92.2766,1,0.022411,181.210160,-0.00144765,46.3482,1,0.038845,321.055370
2017-12-27,0.00526299,92.8029,1,0.025511,180.379060,-0.00407220,45.9410,1,0.033200,319.720880
2017-12-28,0.00057113,92.8600,1,0.024217,220.228210,-0.00326376,45.6146,1,0.043266,360.514540
2017-12-29,0.00191920,93.0519,1,0.014080,180.933090,0.00444055,46.0587,1,0.033915,320.710510
2018-01-02,-0.00054769,92.9971,1,0.029189,259.572760,-0.00837001,45.2217,1,0.031881,299.600390
2018-01-03,-0.00171233,92.8259,1,0.027553,202.693460,0.00253667,45.4753,1,0.040933,343.281800
2018-01-04,-0.00641600,92.1843,1,0.019740,160.754940,0.00977940,46.4533,1,0.039940,320.588060
2018-01-05,-0.00766441,91.4179,1,0.016691,161.330800,0.00266578,46.7198,1,0.035982,301.383060
2018-01-08,0.00099625,91.5175,1,0.023665,161.721050,0.00162078,46.8819,1,0.041142,321.464680
2018-01-09,0.00247420,91.7649,1,0.017900,161.315610,-0.00986406,45.8955,1,0.035516,261.192120
2018-01-10,-0.00298461,91.4665,1,0.021261,200.530600,0.01419493,47.3150,1,0.038367,379.544050
2018-01-11,-0.01769235,89.6972,1,0.021065,161.414240,0.00915069,48.2301,1,0.025601,220.964660
2018-01-12,-0.01902425,87.7948,1,0.016925,122.305070,0.01872340,50.1024,1,0.027620,262.856110
2018-01-16,0.01081028,88.8758,1,0.019542,122.381040,-0.01016090,49.0863,1,0.026850,201.898040
2018-01-17,-0.00574846,88.3010,1,0.029736,239.988430,0.00107403,49.1937,1,0.046917,379.179280
2018-01-18,-0.00346800,87.9542,1,0.014500,142.314730,-0.00703896,48.4898,0,0.000000,0.000000
2018-01-19,-0.00613364,87.3408,1,0.025074,180.571500,0.00166818,48.6566,1,0.040692,341.670795
2018-01-22,-0.00091690,87.2491,1,0.010000,101.653250,-0.00614447,48.0422,1,0.041437,322.560190
2018-01-23,0.01044502,88.2936,1,0.013598,102.825970,-0.00201536,47.8407,1,0.032956,261.754270
2018-01-24,0.00307375,88.6010,1,0.021315,181.463560,-0.00363495,47.4772,1,0.032175,261.570200
2018-01-25,0.00792369,89.3934,1,0.019711,200.392590,-0.00230329,47.2468,1,0.027329,300.264360
2018-01-26,0.01154291,90.5477,1,0.026539,221.315760,-0.01903421,45.3434,1,0.039351,360.970340
2018-01-29,-0.00698202,89.8495,1,0.036872,302.486230,0.00485400,45.8288,1,0.051350,382.328130
2018-01-30,0.00126883,89.9763,1,0.021477,180.812630,-0.00532725,45.2961,1,0.037485,319.412910
2018-01-31,-0.00993297,88.9830,1,0.019117,180.492040,0.01049286,46.3454,1,0.038684,358.936440
2018-02-01,-0.01752295,87.2307,1,0.034225,320.745760,-0.01825597,44.5198,1,0.041077,301.152110
2018-02-02,0.01599227,88.8300,0,0.000000,0.000000,-0.02545622,41.9742,1,0.046992,359.189880
2018-02-05,-0.00098580,88.7314,0,0.000000,0.000000,-0.01133826,40.8403,0,0.000000,0.000000
2018-02-06,-0.00901802,87.8296,1,0.045672,293.822174,0.02057406,42.8977,0,0.000000,0.000000
2018-02-07,-0.00015190,87.8144,1,0.049080,342.925730,0.00224105,43.1218,1,0.034755,257.021100
2018-02-08,0.01819495,89.6339,1,0.021325,161.309430,-0.00771961,42.3499,1,0.042121,340.356020
2018-02-09,0.00566318,90.2002,1,0.031702,239.145060,-0.00898062,41.4518,0,0.000000,0.000000
2018-02-12,0.00462909,90.6631,1,0.028991,283.484940,-0.00164548,41.2873,0,0.000000,0.000000
2018-02-13,0.01369080,92.0322,0,0.000000,0.000000,-0.00368033,40.9192,1,0.049203,338.112043
2018-02-14,-0.00627207,91.4050,0,0.000000,0.000000,-0.00014906,40.9043,1,0.048006,360.262130
2018-02-15,0.01403413,92.8084,1,0.033227,224.595605,-0.01288719,39.6156,1,0.038099,323.565700
2018-02-16,0.00471780,93.2802,0,0.000000,0.000000,0.00962387,40.5780,1,0.046263,383.241040
2018-02-20,-0.01437304,91.8429,0,0.000000,0.000000,-0.01378350,39.1997,1,0.029610,261.258130
2018-02-21,-0.01120109,90.7228,0,0.000000,0.000000,0.00681154,39.8808,1,0.050516,378.999080
2018-02-22,0.00827195,91.5500,1,0.022745,201.674956,-0.01336253,38.5446,1,0.048483,319.666190
2018-02-23,-0.00006192,91.5438,1,0.019582,180.950340,-0.00741323,37.8032,1,0.045253,380.409750
2018-02-26,-0.00509432,91.0343,1,0.012572,124.219090,0.00095587,37.8988,0,0.000000,0.000000
2018-02-27,0.00651819,91.6862,0,0.000000,0.000000,0.00559132,38.4580,1,0.033758,323.632378
2018-02-28,-0.00108618,91.5775,0,0.000000,0.000000,-0.02166782,36.2912,0,0.000000,0.000000
2018-03-01,-0.02240215,89.3373,1,0.053055,337.643539,-0.03073834,33.2173,0,0.000000,0.000000
2018-03-02,0.00944499,90.2818,1,0.024301,162.226760,-0.01446524,31.7708,1,0.063774,379.435150
2018-03-05,-0.00422355,89.8595,1,0.047935,342.502360,0.00363065,32.1339,1,0.042835,342.107090
2018-03-06,0.00440590,90.3001,1,0.025940,223.368880,0.00017294,32.1512,0,0.000000,0.000000
2018-03-07,-0.00995113,89.3050,1,0.026413,241.191610,-0.00073449,32.0777,1,0.044749,344.364677
2018-03-08,-0.00683666,88.6213,1,0.021376,220.443120,-0.00098443,31.9793,1,0.026403,239.398380
2018-03-09,-0.00958107,87.6632,1,0.020347,141.469930,0.00878643,32.8579,1,0.044657,300.610280
2018-03-12,0.00578297,88.2415,1,0.029173,243.010020,0.01190997,34.0489,0,0.000000,0.000000
2018-03-13,0.00392005,88.6335,1,0.030565,239.633310,0.00025913,34.0748,1,0.030117,243.748688
2018-03-14,-0.01006415,87.6271,1,0.025715,219.458830,0.00777200,34.8520,1,0.039960,339.496630
2018-03-15,-0.00610119,87.0170,1,0.017969,200.629180,0.00553459,35.4055,1,0.030991,300.336840
2018-03-16,-0.00518435,86.4985,1,0.018335,180.721710,0.00405168,35.8107,1,0.028382,300.800810
2018-03-19,-0.00400080,86.0984,1,0.025820,241.346760,0.00514812,36.3255,1,0.029588,261.185770
2018-03-20,0.00747470,86.8459,1,0.015440,160.733480,0.00190354,36.5158,0,0.000000,0.000000
2018-03-21,0.00386397,87.2323,1,0.029733,260.988750,-0.00257772,36.2581,1,0.034852,299.930127
2018-03-22,0.00389589,87.6219,1,0.027951,220.154870,-0.00562800,35.6953,1,0.038280,340.124440
2018-03-23,-0.01788478,85.8334,1,0.036918,258.739540,0.01667676,37.3629,1,0.044234,357.076820
2018-03-26,0.00672772,86.5062,1,0.016278,161.818140,-0.02485674,34.8773,0,0.000000,0.000000
2018-03-27,0.03034497,89.5407,1,0.040553,345.669070,0.03233759,38.1110,0,0.000000,0.000000
2018-03-28,0.00070349,89.6110,1,0.037661,299.051850,0.01314667,39.4257,1,0.021193,161.152266
2018-03-29,0.01184144,90.7952,1,0.030636,240.733970,-0.01567464,37.8582,1,0.032434,281.528360
2018-04-02,0.00676927,91.4721,1,0.038833,302.144620,-0.00927026,36.9312,1,0.047856,382.334070
2018-04-03,-0.00778584,90.6935,0,0.000000,0.000000,0.01507461,38.4387,0,0.000000,0.000000
2018-04-04,-0.00314665,90.3789,1,0.036325,240.072546,0.00127215,38.5659,0,0.000000,0.000000
2018-04-05,-0.00106441,90.2724,0,0.000000,0.000000,0.00254460,38.8203,0,0.000000,0.000000
2018-04-06,0.01029270,91.3017,0,0.000000,0.000000,-0.00098032,38.7223,1,0.031152,282.936105
2018-04-09,0.00085301,91.3870,0,0.000000,0.000000,0.00674995,39.3973,0,0.000000,0.000000
2018-04-10,-0.00722140,90.6648,0,0.000000,0.000000,-0.00340669,39.0566,1,0.036759,259.526949
2018-04-11,-0.00254628,90.4102,1,0.028278,281.563991,-0.00345082,38.7115,1,0.044382,323.680850
2018-04-12,-0.01454238,88.9560,0,0.000000,0.000000,-0.01520877,37.1907,1,0.041487,359.589240
2018-04-13,0.01001482,89.9575,1,0.025468,200.988206,-0.01673994,35.5167,1,0.047154,381.773790
2018-04-16,-0.00284797,89.6727,0,0.000000,0.000000,0.00005578,35.5222,1,0.047942,399.748920
2018-04-17,-0.01067200,88.6055,0,0.000000,0.000000,-0.01053688,34.4686,0,0.000000,0.000000
2018-04-18,-0.01054742,87.5507,1,0.020532,184.598830,-0.00686234,33.7823,0,0.000000,0.000000
2018-04-19,0.00728955,88.2797,1,0.022615,141.028810,-0.00198373,33.5840,1,0.044013,384.018741
2018-04-20,-0.00378105,87.9016,0,0.000000,0.000000,0.00135282,33.7192,1,0.034108,319.545780
2018-04-23,0.00115798,88.0174,0,0.000000,0.000000,-0.00600213,33.1190,0,0.000000,0.000000
2018-04-24,0.01188076,89.2054,0,0.000000,0.000000,0.00909900,34.0289,1,0.037010,281.473352
2018-04-25,-0.00156372,89.0491,0,0.000000,0.000000,-0.01869762,32.1592,1,0.033232,320.448670
2018-04-26,-0.00119288,88.9298,0,0.000000,0.000000,0.02082787,34.2419,1,0.035013,300.053830
2018-04-27,-0.01012624,87.9172,1,0.036124,279.730869,0.01755336,35.9973,1,0.033744,243.389140
2018-04-30,0.00436782,88.3539,0,0.000000,0.000000,-0.00343590,35.6537,1,0.025710,222.522740
2018-05-01,0.00720613,89.0746,1,0.036907,319.709966,-0.00467252,35.1864,1,0.037222,279.739280
2018-05-02,-0.00341806,88.7327,1,0.028046,261.600300,-0.00110640,35.0758,1,0.043760,340.938970
2018-05-03,-0.00171324,88.5614,1,0.028054,200.534920,0.00596727,35.6725,1,0.036963,320.156620
2018-05-04,0.00894766,89.4562,1,0.022484,200.960310,-0.00640616,35.0319,1,0.042086,281.046430
2018-05-07,0.00096792,89.5530,1,0.031048,262.469410,0.00550201,35.5821,0,0.000000,0.000000
2018-05-08,-0.01203855,88.3491,1,0.027295,201.398000,0.00144049,35.7262,1,0.037491,284.394026
2018-05-09,-0.01579282,86.7698,1,0.022842,201.243020,0.02089708,37.8159,1,0.037572,320.898100
2018-05-10,0.00201174,86.9710,1,0.019696,142.838880,-0.00576444,37.2394,1,0.022884,162.903820
2018-05-11,-0.00219628,86.7514,1,0.016868,181.696450,-0.00389658,36.8498,0,0.000000,0.000000
2018-05-14,-0.01037883,85.7135,1,0.020553,201.173960,0.00430255,37.2800,1,0.041125,342.036648
2018-05-15,-0.00448991,85.2645,1,0.020671,161.040270,0.00279347,37.5594,1,0.038413,280.537520
2018-05-16,-0.00677048,84.5875,1,0.020958,181.198300,0.00062191,37.6216,1,0.029299,259.764280
2018-05-17,-0.00597472,83.9900,1,0.022822,160.914750,0.00089342,37.7109,1,0.042938,301.284650
2018-05-18,-0.00345992,83.6440,1,0.016092,121.993250,0.00294424,38.0053,1,0.029836,281.313820
2018-05-21,-0.00909265,82.7347,1,0.022405,220.635400,0.01072998,39.0783,1,0.043372,320.392900
2018-05-22,0.00410599,83.1453,1,0.017811,202.845140,-0.00040177,39.0381,1,0.029967,322.594210
2018-05-23,0.00676393,83.8217,1,0.031137,260.067890,0.00102104,39.1403,1,0.040926,320.089650
2018-05-24,-0.00392856,83.4289,0,0.000000,0.000000,0.00128965,39.2692,1,0.038525,320.394310
2018-05-25,-0.00519472,82.9094,1,0.022812,221.932336,0.00940682,40.2099,1,0.036038,301.524150
2018-05-29,-0.00720969,82.1884,1,0.019339,161.280240,0.01177192,41.3871,1,0.032568,241.058960
2018-05-30,0.00728505,82.9169,1,0.022025,201.280030,-0.01080003,40.3071,0,0.000000,0.000000
2018-05-31,0.00341391,83.2583,1,0.030749,303.096350,-0.01597165,38.7099,0,0.000000,0.000000
2018-06-01,-0.00062438,83.1959,1,0.028958,240.072720,-0.00635322,38.0746,0,0.000000,0.000000
2018-06-04,0.00053110,83.2490,1,0.031880,201.874560,0.00818478,38.8931,1,0.037082,319.775997
2018-06-05,-0.01300664,81.9483,1,0.023654,181.314910,0.00675253,39.5683,1,0.026727,260.785420
2018-06-06,-0.01518610,80.4297,1,0.016020,141.508570,0.01217671,40.7860,1,0.032559,280.408940
2018-06-07,0.00667195,81.0969,1,0.013125,82.771990,-0.00293980,40.4920,1,0.037260,262.548090
2018-06-08,0.00142146,81.2391,1,0.021924,200.025640,-0.00529800,39.9622,1,0.042240,320.485040
2018-06-11,0.00412071,81.6511,1,0.016359,181.569730,-0.00304461,39.6578,1,0.034681,320.680940
2018-06-12,0.00347378,81.9985,1,0.008132,101.656650,-0.00774516,38.8832,1,0.030076,320.545460
2018-06-13,-0.01030256,80.9683,1,0.015486,161.606970,0.01286479,40.1697,1,0.038001,341.907140
2018-06-14,-0.00692263,80.2760,1,0.013623,140.793770,0.00300601,40.4703,1,0.026149,241.250280
2018-06-15,0.00525095,80.8011,1,0.013045,121.097280,0.00432834,40.9032,1,0.032186,281.463650
2018-06-18,-0.00443564,80.3575,1,0.021874,220.851100,-0.00424873,40.4783,1,0.028563,301.345780
2018-06-19,-0.01423196,78.9343,1,0.008696,121.441850,0.00916866,41.3951,1,0.040564,320.369730
2018-06-20,-0.00847167,78.0872,1,0.011727,141.571280,0.00727750,42.1229,1,0.028940,240.928050
2018-06-21,0.00411003,78.4982,1,0.014827,181.294140,-0.00070183,42.0527,1,0.037033,281.185110
2018-06-22,0.00091835,78.5900,1,0.018685,160.721470,0.00575209,42.6279,1,0.030171,299.757130
2018-06-25,0.01135314,79.7253,1,0.018986,200.283880,0.00466355,43.0943,1,0.037525,301.453300
2018-06-26,0.00141336,79.8667,1,0.024244,198.974020,-0.00620143,42.4741,1,0.034483,279.123280
2018-06-27,-0.01074001,78.7927,1,0.018761,200.951400,0.00089265,42.5634,1,0.043005,380.785760
2018-06-28,0.00575283,79.3679,1,0.013577,140.052560,-0.00404960,42.1584,1,0.035360,299.212770
2018-06-29,0.00706854,80.0748,1,0.026766,221.561300,-0.00062278,42.0962,1,0.032958,341.437340
2018-07-02,0.00942045,81.0168,1,0.036125,319.752960,-0.00748162,41.3480,1,0.039542,339.793300
2018-07-03,0.00164634,81.1815,1,0.041936,280.754150,-0.00762228,40.5858,1,0.051528,340.984120
2018-07-05,0.00089661,81.2711,1,0.036629,240.004110,-0.00255401,40.3304,1,0.065881,379.535260
2018-07-06,-0.00666030,80.6051,1,0.021910,222.400710,-0.00425322,39.9051,0,0.000000,0.000000
2018-07-09,0.00968423,81.5735,1,0.014087,141.825000,-0.00910467,38.9946,0,0.000000,0.000000
2018-07-10,0.00112455,81.6860,1,0.027445,282.342930,-0.00740758,38.2538,1,0.042898,344.691237
2018-07-11,0.01359792,83.0458,1,0.025188,261.056880,-0.00947278,37.3065,1,0.038038,360.519800
2018-07-12,-0.00100217,82.9456,1,0.021307,259.549440,-0.00871285,36.4353,1,0.036035,358.744380
2018-07-13,-0.00093444,82.8521,1,0.023854,261.531590,-0.00109189,36.3261,1,0.040079,381.273350
2018-07-16,-0.00066926,82.7852,1,0.024736,240.464110,0.00096507,36.4226,1,0.041073,340.398890
2018-07-17,-0.00429615,82.3556,1,0.026335,240.570730,-0.00266923,36.1557,1,0.038343,320.049620
2018-07-18,-0.00269193,82.0864,1,0.028633,221.831100,0.00343799,36.4995,1,0.036761,341.489800
2018-07-19,0.02112018,84.1984,1,0.019742,220.709620,-0.02476332,34.0231,1,0.027892,320.624460
2018-07-20,-0.00543616,83.6548,1,0.034486,341.322380,0.00907756,34.9309,1,0.043234,380.433340
2018-07-23,-0.00095205,83.5596,1,0.021435,240.705910,0.00449800,35.3807,1,0.033130,280.792050
2018-07-24,0.01113250,84.6728,1,0.020370,241.222330,-0.00101093,35.2796,1,0.027743,320.973290
2018-07-25,0.00649599,85.3224,1,0.035571,279.970960,0.00353293,35.6329,1,0.030367,300.889230
2018-07-26,0.00780327,86.1027,1,0.027473,262.339050,0.01409257,37.0421,0,0.000000,0.000000
2018-07-27,0.00634203,86.7370,1,0.029827,241.364520,0.01183464,38.2256,1,0.025356,264.392787
2018-07-30,-0.02014545,84.7224,1,0.030295,299.303430,0.02110461,40.3361,1,0.028599,320.831120
2018-07-31,0.00571406,85.2938,1,0.014754,162.473190,-0.00712026,39.6240,1,0.025906,222.325380
2018-08-01,0.01618651,86.9125,1,0.026769,262.117120,-0.01827102,37.7969,0,0.000000,0.000000
2018-08-02,0.00773494,87.6860,1,0.020416,179.889940,0.00397614,38.1946,1,0.038746,360.389852
2018-08-03,-0.00173130,87.5128,1,0.022630,201.746950,-0.00839170,37.3554,1,0.029410,242.487720
2018-08-06,0.00338044,87.8509,1,0.025466,182.540140,-0.00041681,37.3137,1,0.037411,341.055700
2018-08-07,-0.00050052,87.8008,1,0.018122,121.791770,-0.00096873,37.2168,1,0.032273,301.643010
2018-08-08,0.00345386,88.1462,1,0.023974,200.627930,-0.01552062,35.6648,1,0.032432,321.811420
2018-08-09,-0.00925057,87.2212,1,0.028247,219.980100,-0.00097486,35.5673,1,0.039306,338.325710
2018-08-10,0.00324121,87.5453,1,0.020979,140.998410,0.00515993,36.0833,1,0.035957,320.448340
2018-08-13,-0.00534481,87.0108,1,0.015411,160.560660,0.00335333,36.4186,1,0.024677,300.802550
2018-08-14,0.00499209,87.5100,1,0.021031,160.897030,-0.00585754,35.8328,1,0.033614,299.922070
2018-08-15,0.01254450,88.7645,1,0.030420,241.480580,0.01445111,37.2780,0,0.000000,0.000000
2018-08-16,-0.00109457,88.6550,1,0.043607,299.622530,0.00169894,37.4479,1,0.026286,261.299588
2018-08-17,-0.00215794,88.4392,1,0.020474,181.700050,0.00172332,37.6202,0,0.000000,0.000000
2018-08-20,-0.00184838,88.2544,1,0.014268,161.079420,-0.00354772,37.2654,0,0.000000,0.000000
2018-08-21,0.00328703,88.5831,1,0.020887,160.737510,0.00618284,37.8837,1,0.042766,362.729045
2018-08-22,-0.00111056,88.4720,1,0.018286,200.947690,0.00185765,38.0695,1,0.026225,261.294750
2018-08-23,-0.00275774,88.1962,1,0.022344,220.458190,-0.00333122,37.7363,1,0.036172,339.514370
2018-08-24,0.00582867,88.7791,1,0.018623,220.790570,-0.00427439,37.3089,1,0.028619,360.042150
2018-08-27,0.00698503,89.4776,1,0.026067,201.840290,0.00171320,37.4802,1,0.032690,281.421900
2018-08-28,0.00016853,89.4945,1,0.029417,221.576910,0.00760469,38.2407,1,0.036321,341.187610
2018-08-29,-0.00691141,88.8033,1,0.020161,180.680410,0.00211824,38.4525,1,0.030336,261.001870
2018-08-30,0.01193610,89.9969,1,0.019390,121.319160,-0.01419132,37.0334,1,0.044412,360.961580
2018-08-31,-0.00172646,89.8243,1,0.017756,158.870780,0.00547492,37.5809,1,0.040638,337.675300
2018-09-04,-0.00653635,89.1706,1,0.025965,281.261550,0.00521226,38.1021,1,0.021864,280.988450
2018-09-05,0.01017621,90.1883,1,0.013949,120.639330,-0.01151782,36.9503,1,0.028112,241.463410
2018-09-06,0.00059296,90.2476,1,0.022244,239.252650,-0.00163759,36.7866,1,0.034459,359.570250
2018-09-07,-0.00538052,89.7095,1,0.017752,220.026580,0.00015331,36.8019,1,0.028419,361.548400
2018-09-10,0.00607828,90.3173,1,0.009972,140.178260,0.00074783,36.8767,1,0.031457,319.767010
2018-09-11,-0.00226956,90.0904,1,0.017736,181.426700,-0.00034070,36.8426,1,0.027510,301.548100
2018-09-12,-0.00155711,89.9347,1,0.012931,161.052280,0.00259724,37.1023,1,0.027726,301.137160
2018-09-13,-0.00046594,89.8881,1,0.018824,200.467700,0.00021605,37.1239,1,0.032015,301.361850
2018-09-14,-0.01542335,88.3457,1,0.013675,122.098270,-0.00820918,36.3030,0,0.000000,0.000000
2018-09-17,-0.00175327,88.1704,1,0.016537,180.106060,-0.01078022,35.2250,1,0.037992,382.901826
2018-09-18,-0.00212111,87.9583,1,0.013011,159.612090,-0.01290577,33.9344,1,0.028647,320.508210
2018-09-19,0.00754987,88.7133,1,0.020063,221.287020,-0.00239864,33.6946,1,0.034894,360.674990
2018-09-20,0.00037716,88.7510,0,0.000000,0.000000,0.00950307,34.6449,1,0.031573,339.876910
2018-09-21,-0.00254829,88.4962,1,0.015209,162.011362,-0.00207290,34.4376,0,0.000000,0.000000
2018-09-24,-0.00034662,88.4615,1,0.011972,140.893240,-0.00236520,34.2011,1,0.032660,361.959786
2018-09-25,0.00648578,89.1101,0,0.000000,0.000000,-0.00508398,33.6927,1,0.025078,280.418220
2018-09-26,-0.01000843,88.1093,1,0.021943,240.888088,0.00537858,34.2305,1,0.033562,320.882440
2018-09-27,0.00792537,88.9018,1,0.021793,200.080100,-0.01150579,33.0799,1,0.037949,260.277000
2018-09-28,-0.00449128,88.4527,1,0.028348,239.632190,0.01064169,34.1441,1,0.043891,379.730410
2018-10-01,0.00258561,88.7112,1,0.022139,201.952680,-0.01492475,32.6516,1,0.027525,281.775280
2018-10-02,-0.00538493,88.1727,1,0.021373,200.802440,0.00772959,33.4246,1,0.041121,380.012470
2018-10-03,0.00937688,89.1104,1,0.012962,140.926120,-0.01210318,32.2143,1,0.032058,340.637480
2018-10-04,-0.00945539,88.1649,1,0.028979,220.944510,-0.00864959,31.3493,1,0.041989,379.565860
2018-10-05,0.00331880,88.4968,1,0.011210,141.807500,0.00623359,31.9727,1,0.034891,339.843470
2018-10-08,-0.01111016,87.3857,1,0.011696,121.203290,0.00925955,32.8986,1,0.036475,300.221110
2018-10-09,-0.00496418,86.8893,1,0.014448,161.596580,0.00084006,32.9826,1,0.030314,321.046170
2018-10-10,-0.00325398,86.5639,1,0.023348,181.409350,0.00886372,33.8690,1,0.036508,340.616180
2018-10-11,0.01165897,87.7298,1,0.016633,201.211450,-0.01311951,32.5570,0,0.000000,0.000000
2018-10-12,0.00473364,88.2032,1,0.016006,179.916650,0.00006218,32.5633,0,0.000000,0.000000
2018-10-15,0.00754435,88.9576,1,0.025965,242.687350,-0.01305005,31.2583,1,0.040155,314.899065
2018-10-16,-0.00021657,88.9360,1,0.013577,141.580700,-0.00019501,31.2388,1,0.043781,379.696630
2018-10-17,-0.00088937,88.8470,1,0.015597,165.656880,0.00341030,31.5798,0,0.000000,0.000000
2018-10-18,0.00607539,89.4546,1,0.011701,101.267320,0.00322287,31.9021,1,0.044673,304.643152
2018-10-19,-0.00891703,88.5629,1,0.015553,160.177480,0.01048937,32.9510,0,0.000000,0.000000
2018-10-22,0.00300013,88.8629,1,0.009487,121.067590,-0.00862055,32.0890,1,0.024125,277.492549
2018-10-23,-0.00956278,87.9066,1,0.019028,160.933720,-0.01220844,30.8681,1,0.030224,340.267510
2018-10-24,-0.02378309,85.5283,1,0.019399,122.277090,0.03366119,34.2342,1,0.040751,338.433640
2018-10-25,-0.00563956,84.9643,1,0.023066,162.923190,-0.04017339,30.2169,1,0.039569,239.432750
2018-10-26,-0.01207946,83.7564,1,0.030776,204.657730,0.02855881,33.0728,1,0.048719,342.183230
2018-10-29,0.00082051,83.8384,1,0.012789,141.279150,-0.01846945,31.2258,0,0.000000,0.000000
2018-10-30,0.01381906,85.2203,1,0.024714,160.068840,-0.03503120,27.7227,1,0.066370,378.566015
2018-10-31,0.01928679,87.1490,1,0.034941,224.709040,-0.02558293,25.1644,0,0.000000,0.000000
2018-11-01,-0.00494064,86.6550,1,0.026474,263.467520,0.01019043,26.1835,1,0.035117,348.035412
2018-11-02,0.00333377,86.9883,1,0.016373,203.041710,0.00190057,26.3735,1,0.033613,322.587580
2018-11-05,0.01018734,88.0071,1,0.034926,279.922990,-0.00401362,25.9722,1,0.044132,339.580590
2018-11-06,-0.01248526,86.7585,1,0.047186,282.569060,0.00854141,26.8263,1,0.046289,302.478770
2018-11-07,0.00285752,87.0443,1,0.026458,202.163580,0.00283287,27.1096,1,0.029833,242.090250
2018-11-08,0.00671327,87.7156,1,0.030743,245.672350,0.02199745,29.3093,0,0.000000,0.000000
2018-11-09,0.00659221,88.3748,1,0.038919,280.313650,-0.00269903,29.0394,1,0.027253,222.182632
2018-11-12,-0.01970803,86.4040,1,0.028773,258.866300,0.02668355,31.7078,1,0.039715,319.295890
2018-11-13,0.00161228,86.5653,0,0.000000,0.000000,0.00540046,32.2478,1,0.025934,201.403670
2018-11-14,-0.00105553,86.4597,1,0.028773,220.601926,0.00120312,32.3681,1,0.031688,280.796040
2018-11-15,-0.00156834,86.3029,1,0.027714,220.394760,-0.00071269,32.2969,1,0.037009,319.397900
2018-11-16,0.00280232,86.5831,1,0.029608,223.671180,0.00160456,32.4573,0,0.000000,0.000000
2018-11-19,-0.01891094,84.6920,1,0.031824,221.037520,0.01888982,34.3463,1,0.049178,283.029300
2018-11-20,-0.00346561,84.3455,0,0.000000,0.000000,0.00362949,34.7093,1,0.037941,260.295540
2018-11-21,0.00284950,84.6304,0,0.000000,0.000000,-0.02488430,32.2208,0,0.000000,0.000000
2018-11-23,0.00669883,85.3003,1,0.040477,219.828870,-0.00955440,31.2654,1,0.059270,379.862474
2018-11-26,0.00907343,86.2076,1,0.071397,259.990220,-0.00936724,30.3287,1,0.082254,359.682690
2018-11-27,0.00385975,86.5936,1,0.027965,263.781040,0.00847008,31.1757,0,0.000000,0.000000
2018-11-28,0.00092865,86.6865,1,0.031595,240.459840,-0.01040251,30.1354,1,0.036641,262.603667
2018-11-29,0.00747580,87.4341,1,0.035740,243.775140,-0.00094616,30.0408,0,0.000000,0.000000
2018-11-30,0.00498361,87.9324,1,0.031899,260.542780,-0.00472051,29.5688,1,0.039831,302.804947
2018-12-03,-0.00722117,87.2103,1,0.024787,242.311880,-0.00700343,28.8684,1,0.035983,341.664860
2018-12-04,-0.00153462,87.0568,1,0.028072,203.245990,-0.00055272,28.8131,1,0.041182,323.077440
2018-12-06,0.01385377,88.4422,1,0.027663,218.607590,-0.00866110,27.9470,0,0.000000,0.000000
2018-12-07,-0.00584748,87.8575,1,0.026908,261.389660,-0.00359575,27.5875,1,0.032255,335.723527
2018-12-10,-0.00350740,87.5067,1,0.022880,179.468440,0.01492123,29.0796,0,0.000000,0.000000
2018-12-11,-0.01330950,86.1758,1,0.015070,161.161080,0.00865449,29.9450,1,0.033081,258.363078
2018-12-12,0.00132780,86.3086,1,0.019630,161.237160,-0.00063748,29.8813,1,0.043018,320.295110
2018-12-13,0.00725058,87.0336,1,0.038472,221.611870,-0.02127851,27.7534,1,0.055061,361.413730
2018-12-14,0.00085869,87.1195,1,0.026281,199.890650,0.00499789,28.2532,1,0.056491,379.552610
2018-12-17,0.00811662,87.9311,1,0.019378,220.280170,-0.00689840,27.5634,0,0.000000,0.000000
2018-12-18,0.00931896,88.8630,0,0.000000,0.000000,0.00764786,28.3282,0,0.000000,0.000000
2018-12-19,-0.01380906,87.4821,1,0.032186,258.761884,0.01643816,29.9720,1,0.040034,294.547996
2018-12-20,0.01022212,88.5043,1,0.029538,180.035020,-0.00431228,29.5407,0,0.000000,0.000000
2018-12-21,-0.00871690,87.6327,1,0.027180,238.814230,-0.00155817,29.3849,0,0.000000,0.000000
2018-12-24,0.00432153,88.0648,1,0.025937,220.634110,-0.01092212,28.2927,0,0.000000,0.000000
2018-12-26,0.01381935,89.4467,0,0.000000,0.000000,0.01172689,29.4654,0,0.000000,0.000000
2018-12-27,0.00163128,89.6099,1,0.045552,303.038380,-0.00074226,29.3912,0,0.000000,0.000000
2018-12-28,0.00484522,90.0944,1,0.030848,221.844580,-0.00064117,29.3271,0,0.000000,0.000000
2018-12-31,-0.01023398,89.0710,1,0.034418,239.926810,0.00151290,29.4784,1,0.049900,358.536818
2019-01-02,-0.01349859,87.7211,1,0.024399,222.138140,-0.00608981,28.8694,0,0.000000,0.000000
2019-01-03,0.02507852,90.2290,1,0.025468,219.679000,-0.03902265,24.9671,1,0.040105,322.115513
2019-01-04,0.02858537,93.0875,1,0.043353,336.868480,-0.04052449,20.9147,1,0.054469,396.199180
2019-01-07,-0.01379877,91.7077,1,0.043967,386.209910,-0.01953448,18.9612,0,0.000000,0.000000
2019-01-08,-0.00795300,90.9124,1,0.031290,202.221930,0.01276775,20.2380,1,0.065135,407.624236
2019-01-09,0.00369549,91.2819,1,0.015991,123.106490,0.00319957,20.5579,0,0.000000,0.000000
2019-01-10,0.01082853,92.3648,1,0.030937,220.862760,-0.01093845,19.4641,1,0.037835,283.784160
2019-01-11,-0.00575527,91.7892,1,0.034597,222.242650,-0.00305313,19.1588,1,0.051853,362.173570
2019-01-14,-0.00327331,91.4619,1,0.025681,200.645110,0.00544334,19.7031,1,0.036176,301.041380
2019-01-15,0.00871913,92.3338,1,0.027987,239.236450,-0.00812082,18.8910,1,0.035912,260.322990
2019-01-16,0.00346961,92.6808,1,0.045019,260.983300,0.00367539,19.2586,1,0.058781,341.206190
2019-01-17,0.00491444,93.1722,1,0.029366,181.072200,-0.00488871,18.7697,1,0.042961,301.139100
2019-01-18,-0.00872534,92.2997,1,0.035284,301.608070,-0.00061678,18.7080,0,0.000000,0.000000
2019-01-22,0.01407976,93.7077,1,0.023314,162.645010,-0.00421369,18.2867,0,0.000000,0.000000
2019-01-23,0.00707956,94.4156,1,0.036164,318.131190,0.00600305,18.8870,1,0.037895,343.876058
2019-01-24,-0.00367295,94.0483,1,0.027745,239.938420,0.00100960,18.9879,1,0.041470,320.701200
2019-01-25,-0.00772312,93.2760,1,0.031412,201.429210,0.00217958,19.2059,1,0.052292,341.971690
2019-01-28,0.00502897,93.7789,1,0.020773,183.190520,-0.00272599,18.9333,1,0.035769,322.708870
2019-01-29,0.00610941,94.3898,1,0.016929,160.803710,-0.00528865,18.4044,1,0.030805,319.387210
2019-01-30,-0.00527028,93.8628,1,0.021098,200.136150,0.00491539,18.8960,1,0.038361,321.137120
2019-01-31,0.00996753,94.8596,1,0.026247,222.706390,0.00385422,19.2814,0,0.000000,0.000000
2019-02-01,0.00381635,95.2412,1,0.027105,201.381460,-0.00833059,18.4483,1,0.041989,302.733955
2019-02-04,-0.00341356,94.8998,1,0.016966,160.982960,0.00085722,18.5340,1,0.051018,360.388070
2019-02-05,-0.00360340,94.5395,1,0.025750,181.176030,0.00132490,18.6665,1,0.037040,301.390100
2019-02-06,-0.01611057,92.9285,1,0.016447,161.925530,0.01514210,20.1807,1,0.036310,300.939030
2019-02-07,0.02041098,94.9696,1,0.022802,122.093850,-0.02447682,17.7331,1,0.036522,281.477060
2019-02-08,-0.00327552,94.6420,1,0.019252,180.810420,0.00760702,18.4938,1,0.038738,360.011400
2019-02-11,-0.00123844,94.5182,1,0.010724,121.032540,0.00297702,18.7915,1,0.029258,280.789420
2019-02-12,0.00601365,95.1195,1,0.015695,141.615500,-0.00317717,18.4737,1,0.023977,241.700900
2019-02-13,0.00185252,95.3048,1,0.020258,182.831260,-0.00141177,18.3326,0,0.000000,0.000000
2019-02-14,-0.00626352,94.6784,1,0.018132,181.183170,0.00455845,18.7884,1,0.039365,302.912134
2019-02-15,0.00917089,95.5955,1,0.013391,161.585460,-0.01190835,17.5976,1,0.028525,300.576530
2019-02-19,-0.00428091,95.1674,1,0.023541,181.498300,0.00126360,17.7239,0,0.000000,0.000000
2019-02-20,-0.00690174,94.4772,1,0.020624,141.262410,0.00228893,17.9528,1,0.038457,323.395614
2019-02-21,0.00145468,94.6227,1,0.016892,141.975550,-0.00985980,16.9669,1,0.028530,280.944370
2019-02-22,0.00497626,95.1203,1,0.022004,160.536540,0.00884892,17.8517,1,0.048608,379.959410
2019-02-25,0.00161209,95.2815,1,0.026221,201.747830,-0.00451165,17.4006,1,0.024615,242.066060
2019-02-26,0.00225303,95.5069,1,0.015867,141.465450,-0.00180664,17.2199,1,0.037124,339.951730
2019-02-27,0.00511962,96.0188,1,0.021548,160.517470,-0.01515568,15.7043,1,0.039128,339.735100
2019-02-28,-0.00125833,95.8930,1,0.030303,180.032030,-0.00489182,15.2152,1,0.053042,399.479080
2019-03-01,-0.00213930,95.6791,1,0.030140,200.401710,-0.00122037,15.0931,1,0.044387,340.520340
2019-03-04,0.00660396,96.3394,1,0.025034,221.517830,-0.00961162,14.1320,1,0.033472,301.197990
2019-03-05,-0.00762675,95.5768,1,0.027925,240.626710,0.00078304,14.2103,1,0.047276,379.088590
2019-03-06,-0.00341878,95.2349,1,0.020888,180.988010,-0.00238481,13.9718,1,0.040911,280.501240
2019-03-07,-0.01785856,93.4490,1,0.025506,180.232310,0.00595619,14.5674,0,0.000000,0.000000
2019-03-08,0.00396951,93.8460,1,0.014019,122.071350,-0.00374657,14.1928,1,0.034907,279.295501
2019-03-11,0.00142491,93.9885,1,0.027719,241.285110,-0.00244319,13.9484,1,0.040849,320.261950
2019-03-12,0.00643702,94.6322,1,0.037088,283.598770,0.00117955,14.0664,0,0.000000,0.000000
2019-03-13,-0.00240773,94.3914,1,0.031743,220.690050,-0.00388440,13.6779,1,0.038110,283.381269
2019-03-14,0.00140580,94.5320,1,0.027530,221.856570,0.00087893,13.7658,0,0.000000,0.000000
2019-03-15,-0.00093520,94.4385,1,0.022270,180.742290,-0.00432034,13.3338,1,0.031134,321.478959
2019-03-18,0.00237944,94.6764,1,0.026636,201.852010,-0.00214799,13.1190,1,0.038579,341.320340
2019-03-19,-0.00617872,94.0585,1,0.028632,261.485240,0.00069433,13.1884,1,0.031777,341.224560
2019-03-20,-0.00015963,94.0426,1,0.015463,121.431060,0.00181198,13.3696,1,0.043962,339.625610
2019-03-21,-0.00494391,93.5482,1,0.022791,181.394760,0.00577840,13.9475,1,0.039850,320.176800
2019-03-22,-0.00597237,92.9509,1,0.015877,162.930580,0.02081556,16.0290,0,0.000000,0.000000
2019-03-25,0.00379679,93.3306,1,0.025161,219.478680,0.00608964,16.6380,0,0.000000,0.000000
2019-03-26,0.01264260,94.5949,1,0.044110,260.677140,-0.00510130,16.1279,1,0.047490,300.052811
2019-03-27,-0.00281191,94.3137,1,0.036941,302.539050,-0.00008130,16.1197,0,0.000000,0.000000
2019-03-28,0.00114171,94.4279,1,0.025119,200.436550,0.00323430,16.4432,1,0.035910,281.588146
2019-03-29,0.00701934,95.1298,1,0.018016,141.638990,-0.00127994,16.3152,1,0.030504,282.398700
2019-04-01,-0.01060609,94.0692,1,0.033159,281.326930,0.00175112,16.4903,1,0.045158,341.066750
2019-04-02,0.00210775,94.2800,1,0.028445,261.070610,-0.00215692,16.2746,1,0.035812,322.199650
2019-04-03,-0.00732533,93.5474,1,0.024973,180.531660,-0.00398421,15.8762,1,0.041841,340.158900
2019-04-04,0.00023917,93.5713,1,0.017413,161.675880,0.00705892,16.5821,1,0.045858,361.538200
2019-04-05,-0.00817098,92.7543,1,0.025588,199.467690,-0.00428728,16.1533,1,0.040748,321.001390
2019-04-08,-0.00698508,92.0557,1,0.024648,221.644090,-0.00108504,16.0448,0,0.000000,0.000000
2019-04-09,0.01354525,93.4103,1,0.014005,120.551680,-0.01020687,15.0241,1,0.041297,301.062769
2019-04-10,-0.00427024,92.9832,0,0.000000,0.000000,-0.00395272,14.6289,1,0.051622,379.356190
2019-04-11,-0.00190476,92.7928,1,0.025936,200.368596,0.00290459,14.9193,1,0.040201,321.433230
2019-04-12,-0.01010934,91.7818,1,0.019014,161.020460,0.00758016,15.6774,1,0.035604,281.295280
2019-04-15,0.00203683,91.9855,1,0.015177,181.646180,0.00082324,15.7597,1,0.023486,241.430240
2019-04-16,-0.02361553,89.6240,0,0.000000,0.000000,0.00290645,16.0503,1,0.040425,320.371990
2019-04-17,0.00087932,89.7119,0,0.000000,0.000000,0.01350327,17.4006,1,0.043803,321.979750
2019-04-18,0.00951817,90.6637,0,0.000000,0.000000,0.00338461,17.7391,1,0.034439,260.297850
2019-04-22,0.00554292,91.2180,0,0.000000,0.000000,-0.00220914,17.5182,1,0.047964,341.479860
2019-04-23,-0.00037475,91.1805,0,0.000000,0.000000,-0.00433357,17.0848,1,0.050857,300.387730
2019-04-24,-0.00358832,90.8217,1,0.037822,318.442047,-0.00327787,16.7571,0,0.000000,0.000000
2019-04-25,-0.00008423,90.8133,1,0.022533,181.948810,0.00195506,16.9526,1,0.049084,343.120033
2019-04-26,-0.00957035,89.8562,1,0.017135,122.061410,0.01152293,18.1049,1,0.046567,341.037290
2019-04-29,-0.00510443,89.3458,1,0.017953,142.010580,0.01282915,19.3878,1,0.034335,262.233820
2019-04-30,0.01500471,90.8463,1,0.022259,180.583090,-0.01258602,18.1292,1,0.048862,241.626530
2019-05-01,-0.00462493,90.3838,1,0.039673,320.514510,0.00020623,18.1498,1,0.045657,360.704420
2019-05-02,0.00313742,90.6975,1,0.030488,259.757380,-0.00065018,18.0848,0,0.000000,0.000000
2019-05-03,0.00335696,91.0332,1,0.049534,300.728130,-0.00224627,17.8601,1,0.053967,339.270097
2019-05-06,-0.00393858,90.6394,1,0.028828,221.730950,0.00912385,18.7725,0,0.000000,0.000000
2019-05-07,0.00036617,90.6760,1,0.042963,260.005310,0.00943207,19.7157,1,0.049893,261.158615
2019-05-08,0.01348555,92.0245,1,0.042505,258.693040,0.00606426,20.3222,0,0.000000,0.000000
2019-05-09,0.00452244,92.4768,1,0.046206,300.597500,-0.00692036,19.6301,1,0.042976,298.074719
2019-05-10,-0.00836461,91.6403,1,0.048461,239.602990,0.01323328,20.9535,1,0.052052,319.708420
2019-05-13,-0.02405814,89.2345,1,0.042104,241.399380,0.03886093,24.8395,1,0.029807,242.124920
2019-05-14,0.01107988,90.3425,1,0.036922,219.503290,-0.02044783,22.7948,1,0.023183,180.660060
2019-05-15,-0.00617139,89.7253,1,0.039269,341.596210,0.00624196,23.4190,1,0.045254,380.719520
2019-05-16,0.00789872,90.5152,1,0.041328,261.088730,-0.00496573,22.9224,1,0.040293,280.887450
2019-05-17,0.00102180,90.6174,1,0.053920,281.417980,-0.00664143,22.2582,0,0.000000,0.000000
2019-05-20,-0.01662104,88.9553,1,0.040564,240.091260,0.01759082,24.0173,1,0.052448,320.409326
2019-05-21,0.00939290,89.8946,1,0.039960,201.226920,-0.01326815,22.6905,1,0.037975,261.246110
2019-05-22,0.01114453,91.0090,1,0.043317,322.441130,-0.00708919,21.9816,1,0.057009,382.248440
2019-05-23,-0.00494616,90.5144,1,0.038946,279.854190,0.00965954,22.9475,1,0.049376,360.221070
2019-05-24,-0.00763165,89.7513,1,0.040075,200.612570,-0.00536165,22.4114,1,0.038115,260.160170
2019-05-28,0.00542562,90.2938,1,0.027728,201.157870,-0.00147229,22.2642,1,0.056369,360.269690
2019-05-29,-0.00415594,89.8782,1,0.059954,279.277990,0.00180379,22.4445,0,0.000000,0.000000
2019-05-30,-0.00026803,89.8514,1,0.053363,299.928960,0.00033391,22.4779,1,0.047319,278.677930
2019-05-31,-0.00010132,89.8413,1,0.039632,260.448620,0.00087037,22.5650,1,0.051403,321.097630
2019-06-03,0.00774669,90.6160,1,0.029621,260.159420,-0.00129381,22.4356,1,0.037591,299.788520
2019-06-04,0.00015388,90.6313,1,0.036492,281.504870,-0.00906220,21.5294,1,0.050970,321.428910
2019-06-05,0.01326144,91.9575,1,0.040086,245.885720,0.00550017,22.0794,0,0.000000,0.000000
2019-06-06,-0.00892964,91.0645,1,0.035034,262.260650,-0.00787627,21.2917,1,0.036277,307.298191
2019-06-07,-0.00187751,90.8768,1,0.043551,201.634710,-0.00611203,20.6805,0,0.000000,0.000000
2019-06-10,-0.01382066,89.4947,1,0.038676,221.195320,0.01761139,22.4417,1,0.042081,322.439395
2019-06-11,-0.00215803,89.2789,1,0.021743,142.181430,-0.00079257,22.3624,1,0.039017,261.962800
2019-06-12,0.00384963,89.6639,1,0.028897,240.127920,-0.00555932,21.8065,1,0.035902,300.426220
2019-06-13,0.00509773,90.1736,1,0.018927,200.371720,-0.00723083,21.0834,1,0.041923,320.287210
2019-06-14,-0.00125866,90.0478,1,0.048636,280.572300,0.00161229,21.2446,1,0.053671,340.820520
2019-06-17,0.00327542,90.3753,1,0.029278,240.652330,-0.00950059,20.2946,1,0.036989,300.348680
2019-06-18,-0.01197281,89.1780,1,0.037771,220.773580,0.00548065,20.8426,1,0.061875,380.056590
2019-06-19,0.01382616,90.5607,1,0.031034,183.756170,-0.01979611,18.8630,1,0.054561,303.278300
2019-06-20,0.00217873,90.7785,1,0.041417,300.865770,0.00363051,19.2261,1,0.056139,380.819630
2019-06-21,0.00237433,91.0160,1,0.027567,241.781650,-0.00186613,19.0395,0,0.000000,0.000000
2019-06-24,0.00556386,91.5723,1,0.036574,260.087980,0.00080959,19.1204,1,0.056031,361.402408
2019-06-25,-0.00040949,91.5314,1,0.037189,239.688980,-0.00373768,18.7467,1,0.038398,260.269590
2019-06-26,0.01428804,92.9602,1,0.029666,200.191040,-0.00988607,17.7581,1,0.047267,319.354310
2019-06-27,0.00605883,93.5661,0,0.000000,0.000000,0.00769509,18.5276,1,0.041711,380.169640
2019-06-28,-0.01061544,92.5045,1,0.049164,361.608460,0.00476961,19.0045,1,0.024289,221.321400
2019-07-01,-0.00583145,91.9214,1,0.022675,202.699840,0.01578936,20.5835,0,0.000000,0.000000
2019-07-02,0.01676891,93.5983,1,0.042629,182.088190,-0.01239265,19.3442,1,0.038605,203.377017
2019-07-03,-0.00085940,93.5123,1,0.025030,201.107580,0.00670504,20.0147,1,0.050036,360.167560
2019-07-05,0.00038777,93.5511,1,0.047653,201.821050,-0.00369867,19.6448,0,0.000000,0.000000
2019-07-08,0.00585690,94.1368,1,0.028670,240.007890,-0.00958680,18.6862,1,0.039340,321.808125
2019-07-09,-0.00586025,93.5508,1,0.025075,219.836680,0.00468120,19.1543,1,0.049330,338.460900
2019-07-10,-0.00461127,93.0897,1,0.029867,221.346970,0.00688970,19.8432,1,0.031950,261.187130
2019-07-11,-0.00093615,92.9960,1,0.023335,180.602620,-0.00388342,19.4549,1,0.020292,200.768840
2019-07-12,-0.00181334,92.8147,1,0.035994,240.304380,0.00100325,19.5552,1,0.048345,320.632430
2019-07-15,0.00812630,93.6273,1,0.023810,222.054140,-0.00223778,19.3315,1,0.041318,341.526950
2019-07-16,-0.00457449,93.1699,1,0.035819,259.734440,0.00729313,20.0608,1,0.049837,340.314820
2019-07-17,0.01438211,94.6081,1,0.022729,180.706650,-0.00924561,19.1362,1,0.038271,321.826970
2019-07-18,-0.00064687,94.5434,1,0.041057,240.026340,0.00415493,19.5517,1,0.038447,339.955350
2019-07-19,-0.00379883,94.1635,1,0.030073,221.081430,0.00441076,19.9928,1,0.044654,301.552300
2019-07-22,-0.00355335,93.8082,1,0.030525,259.965490,-0.00153264,19.8395,1,0.052214,321.048990
2019-07-23,0.00826816,94.6350,1,0.025364,180.313290,0.00864908,20.7044,1,0.055912,339.887910
2019-07-24,-0.02880504,91.7545,1,0.026464,222.992160,0.02983655,23.6881,1,0.040485,323.384020
2019-07-25,0.01349426,93.1039,1,0.013384,124.190900,-0.00854172,22.8339,1,0.039252,264.237860
2019-07-26,-0.01469343,91.6346,1,0.028793,221.342870,0.00574196,23.4081,1,0.051704,379.010760
2019-07-29,-0.00648508,90.9861,1,0.034828,243.897410,0.01174201,24.5823,0,0.000000,0.000000
2019-07-30,0.00709175,91.6953,1,0.022425,161.108900,-0.00562744,24.0196,1,0.032944,245.506370
2019-07-31,0.00045292,91.7406,1,0.020428,182.680600,-0.00416164,23.6034,1,0.035064,281.857840
2019-08-01,-0.02127759,89.6128,1,0.051459,299.208600,0.00116799,23.7202,0,0.000000,0.000000
2019-08-02,-0.00631686,88.9811,1,0.026196,181.817620,0.00400724,24.1209,1,0.045306,299.341130
2019-08-05,-0.00080428,88.9007,1,0.025908,180.463970,0.00988073,25.1090,1,0.043027,319.508210
2019-08-06,0.00206823,89.1075,1,0.025997,199.727020,-0.00002704,25.1063,0,0.000000,0.000000
2019-08-07,-0.01524819,87.5827,1,0.041519,302.785760,0.00943460,26.0497,1,0.037310,278.198434
2019-08-08,0.01491851,89.0745,1,0.031089,182.886240,-0.01529833,24.5199,1,0.043113,262.607210
2019-08-09,0.01244661,90.3192,1,0.051469,283.883600,0.00772816,25.2927,0,0.000000,0.000000
2019-08-12,-0.00715572,89.6036,1,0.033862,297.327330,0.01530053,26.8228,1,0.043187,283.132080
2019-08-13,0.00913663,90.5173,1,0.023847,219.468030,-0.02973431,23.8493,0,0.000000,0.000000
2019-08-14,-0.01120191,89.3971,1,0.041041,222.228170,0.00095588,23.9449,1,0.064152,361.711414
2019-08-15,-0.01752190,87.6449,1,0.040760,218.797170,-0.01732413,22.2125,0,0.000000,0.000000
2019-08-16,0.00463499,88.1084,1,0.039551,203.141790,-0.01232720,20.9798,1,0.045120,318.333658
2019-08-19,-0.00235652,87.8728,1,0.053492,303.728510,0.00110706,21.0905,0,0.000000,0.000000
2019-08-20,-0.00837696,87.0351,1,0.034746,201.618300,0.01152221,22.2427,0,0.000000,0.000000
2019-08-21,0.00190164,87.2252,1,0.036586,200.450750,0.00189415,22.4321,0,0.000000,0.000000
2019-08-22,0.00120034,87.3453,1,0.028846,241.215270,0.00316078,22.7482,0,0.000000,0.000000
2019-08-23,-0.00968247,86.3770,1,0.040517,200.951780,0.00729903,23.4781,1,0.054987,305.081089
2019-08-26,-0.00246146,86.1309,1,0.045286,258.824770,-0.00210638,23.2675,0,0.000000,0.000000
2019-08-27,-0.00295244,85.8356,1,0.059144,302.460920,0.00269668,23.5372,0,0.000000,0.000000
2019-08-28,0.00570243,86.4059,1,0.035417,220.314240,-0.00188999,23.3482,1,0.057239,296.641795
2019-08-29,0.01621566,88.0274,1,0.049084,201.789240,-0.01246574,22.1016,0,0.000000,0.000000
2019-08-30,-0.00162783,87.8646,1,0.038743,221.391170,-0.00138339,21.9632,0,0.000000,0.000000
2019-09-03,-0.00309515,87.5551,0,0.000000,0.000000,-0.00774319,21.1889,1,0.072039,365.328218
2019-09-04,-0.00291773,87.2634,0,0.000000,0.000000,-0.00745804,20.4431,1,0.047244,319.645620
2019-09-05,-0.00376378,86.8870,0,0.000000,0.000000,-0.04011879,16.4312,0,0.000000,0.000000
2019-09-06,0.00820141,87.7071,0,0.000000,0.000000,0.00876788,17.3080,1,0.055732,404.138652
2019-09-09,-0.00049169,87.6579,1,0.049509,344.751789,-0.00549274,16.7588,1,0.043824,281.002500
2019-09-10,-0.02539241,85.1187,1,0.020291,161.047240,0.03833587,20.5923,1,0.045783,320.348650
2019-09-11,-0.00750355,84.3684,0,0.000000,0.000000,0.02364218,22.9566,1,0.042672,245.045970
2019-09-12,0.00214782,84.5831,0,0.000000,0.000000,-0.00058046,22.8985,1,0.028646,202.883590
2019-09-13,-0.00898150,83.6850,0,0.000000,0.000000,-0.01150964,21.7475,1,0.055704,341.128420
2019-09-16,0.01011111,84.6961,0,0.000000,0.000000,-0.01465412,20.2821,1,0.053622,360.473860
2019-09-17,0.01445998,86.1421,0,0.000000,0.000000,-0.01015619,19.2665,1,0.045599,320.267670
2019-09-18,-0.00018673,86.1234,0,0.000000,0.000000,0.00192067,19.4586,1,0.054513,339.708120
2019-09-19,-0.00009997,86.1134,0,0.000000,0.000000,0.00624220,20.0828,1,0.044100,280.042340
2019-09-20,0.01217626,87.3311,0,0.000000,0.000000,-0.00719248,19.3636,1,0.044028,241.832040
2019-09-23,-0.00525082,86.8060,0,0.000000,0.000000,-0.01140192,18.2234,1,0.055622,339.294600
2019-09-24,0.01124538,87.9305,0,0.000000,0.000000,0.00303019,18.5264,1,0.064311,380.417410
2019-09-25,-0.01005372,86.9251,0,0.000000,0.000000,-0.01298648,17.2277,1,0.050268,300.142550
2019-09-26,0.02057510,88.9826,0,0.000000,0.000000,-0.00294361,16.9334,1,0.057451,381.606620
2019-09-27,-0.01239883,87.7428,0,0.000000,0.000000,-0.01757263,15.1761,1,0.068013,339.846830
2019-09-30,0.00130053,87.8728,0,0.000000,0.000000,-0.00211742,14.9644,1,0.062722,398.434290
2019-10-01,-0.01529067,86.3437,1,0.040837,283.057926,0.00768571,15.7329,1,0.032269,301.430200
2019-10-02,-0.00602729,85.7410,1,0.036439,220.282370,0.00292048,16.0250,0,0.000000,0.000000
2019-10-03,0.00498741,86.2398,1,0.036949,220.295970,-0.00638685,15.3863,0,0.000000,0.000000
2019-10-04,-0.01320761,84.9190,1,0.042081,281.239370,0.02045957,17.4323,1,0.063193,336.691092
2019-10-07,0.00133322,85.0523,1,0.024668,223.125360,-0.00166879,17.2654,0,0.000000,0.000000
2019-10-08,-0.00454287,84.5980,1,0.034497,200.142130,-0.00106425,17.1590,1,0.046785,301.340997
2019-10-09,0.00394856,84.9929,1,0.040234,219.694530,0.00881240,18.0402,0,0.000000,0.000000
2019-10-10,0.00148131,85.1410,1,0.048249,281.575210,0.00117220,18.1574,1,0.041260,278.687092
2019-10-11,-0.00167245,84.9738,1,0.051245,261.596700,0.02083783,20.2412,1,0.064287,341.416760
2019-10-14,0.00204436,85.1782,1,0.048534,263.723340,-0.01167076,19.0741,0,0.000000,0.000000
2019-10-15,-0.00141902,85.0363,1,0.042592,260.413690,-0.00050083,19.0240,1,0.062073,402.651966
2019-10-16,0.01212453,86.2488,1,0.041577,261.768430,-0.00932701,18.0913,1,0.045421,321.667270
2019-10-17,-0.00392834,85.8559,1,0.049284,339.560710,-0.00263005,17.8283,1,0.047055,359.229240
2019-10-18,-0.00334972,85.5210,1,0.039762,261.528770,0.00332086,18.1604,1,0.048034,301.630670
2019-10-21,-0.00231405,85.2896,1,0.026445,260.620250,0.00286513,18.4469,1,0.044037,360.578060
2019-10-22,0.00054387,85.3439,1,0.034203,282.131680,0.01749833,20.1968,0,0.000000,0.000000
2019-10-23,-0.00798836,84.5451,1,0.028976,221.359090,0.00813791,21.0106,1,0.037559,243.648512
2019-10-24,0.00060244,84.6053,1,0.030166,181.411620,0.00112992,21.1236,1,0.033878,261.013530
2019-10-25,-0.00354870,84.2505,1,0.041070,261.111370,-0.00078539,21.0450,1,0.043699,322.145510
2019-10-28,-0.00492987,83.7575,1,0.038017,201.256020,0.00707947,21.7530,1,0.047223,321.350160
2019-10-29,0.00473888,84.2314,1,0.036592,200.649630,-0.00715355,21.0376,1,0.051865,300.656750
2019-10-30,0.00452230,84.6836,1,0.028970,300.472660,-0.00127262,20.9103,1,0.036472,360.630530
2019-10-31,-0.01042229,83.6414,1,0.043299,241.007880,0.02185365,23.0957,1,0.049115,321.358950
2019-11-01,0.02143142,85.7845,0,0.000000,0.000000,-0.01649164,21.4465,1,0.030774,260.684200
2019-11-04,-0.02856476,82.9280,1,0.051306,341.644160,0.02865769,24.3123,1,0.054541,362.016370
2019-11-05,0.00731407,83.6595,1,0.022623,143.596390,0.00237732,24.5500,1,0.038898,242.750050
2019-11-06,0.01134574,84.7940,1,0.015416,163.004610,0.00872971,25.4230,1,0.041169,341.991710
2019-11-07,-0.01521845,83.2722,1,0.029275,200.519210,-0.01332474,24.0905,1,0.034874,281.661440
2019-11-08,-0.00072345,83.1998,1,0.037385,201.647990,0.00717096,24.8076,1,0.059904,379.344500
2019-11-11,0.00231248,83.4311,1,0.016922,161.333140,-0.00134874,24.6728,1,0.024714,240.830540
2019-11-12,-0.01115865,82.3152,1,0.025245,220.431970,0.01307326,25.9801,1,0.031594,280.176060
2019-11-13,0.00320073,82.6353,1,0.039597,201.606340,0.00576655,26.5567,1,0.047385,281.718260
2019-11-14,0.00374626,83.0099,1,0.035494,241.097610,-0.00191189,26.3656,1,0.032569,281.153400
2019-11-15,0.01089864,84.0998,1,0.027806,161.496920,-0.00895932,25.4696,1,0.046562,321.558000
2019-11-18,-0.00323676,83.7761,1,0.041476,241.522190,0.00094749,25.5644,0,0.000000,0.000000
2019-11-19,0.00095408,83.8715,1,0.027752,161.116120,0.00578246,26.1426,1,0.044164,301.281452
2019-11-20,-0.00426066,83.4454,1,0.017436,141.029220,0.00868360,27.0110,1,0.025910,260.821830
2019-11-21,-0.00240836,83.2046,1,0.029216,181.517410,0.00220032,27.2310,1,0.039408,281.410630
2019-11-22,-0.00342572,82.8620,1,0.025542,200.155020,0.00303572,27.5346,1,0.053748,319.465300
2019-11-25,-0.00711333,82.1507,1,0.025123,181.495630,0.01395704,28.9303,1,0.041556,301.472160
2019-11-26,0.00521254,82.6720,1,0.026066,162.347750,-0.02048043,26.8822,1,0.031913,261.839840
2019-11-27,-0.00020390,82.6516,1,0.032260,201.064760,-0.00360109,26.5221,1,0.046889,339.977370
2019-11-29,0.00491915,83.1435,1,0.019755,180.752010,0.00071388,26.5935,1,0.037082,341.042240
2019-12-02,-0.00800891,82.3426,0,0.000000,0.000000,0.00284615,26.8781,0,0.000000,0.000000
2019-12-03,0.01208613,83.5512,0,0.000000,0.000000,-0.00895638,25.9825,0,0.000000,0.000000
2019-12-04,-0.00212151,83.3391,0,0.000000,0.000000,-0.00823517,25.1590,1,0.046227,356.339131
2019-12-05,-0.00109497,83.2296,1,0.044237,337.560534,0.00021043,25.1800,1,0.060807,400.461110
2019-12-06,-0.00273497,82.9561,1,0.026847,221.178280,0.00335112,25.5151,1,0.045608,301.580470
2019-12-09,-0.00378578,82.5775,1,0.030008,201.828730,0.00027162,25.5423,1,0.040938,282.072120
2019-12-10,-0.00486315,82.0912,1,0.032675,240.619770,-0.00091940,25.4504,1,0.050220,340.152120
2019-12-11,-0.00927804,81.1634,1,0.029634,181.226060,0.00890475,26.3408,1,0.046375,280.628640
2019-12-12,-0.00396858,80.7665,0,0.000000,0.000000,0.00452119,26.7930,1,0.038741,281.535790
2019-12-13,0.00786380,81.5529,1,0.039260,203.828985,-0.01640177,25.1528,1,0.065357,342.070480
2019-12-16,0.00131857,81.6847,0,0.000000,0.000000,-0.00884794,24.2680,1,0.053074,359.528340
2019-12-17,-0.00762997,80.9217,0,0.000000,0.000000,0.00468864,24.7368,1,0.045416,361.925500
2019-12-18,-0.00603098,80.3186,0,0.000000,0.000000,0.00054961,24.7918,1,0.032709,300.900680
2019-12-19,0.00692270,81.0109,0,0.000000,0.000000,0.00282994,25.0748,1,0.043946,301.013930
2019-12-20,-0.01055836,79.9551,0,0.000000,0.000000,-0.01101844,23.9730,1,0.045354,261.359740
2019-12-23,0.00798119,80.7532,1,0.038631,266.046693,-0.00859646,23.1133,1,0.039236,341.544930
2019-12-24,-0.00287249,80.4660,0,0.000000,0.000000,-0.00055339,23.0580,1,0.058939,380.187850
2019-12-26,0.00224515,80.6905,0,0.000000,0.000000,0.00027002,23.0850,1,0.085638,300.683720
2019-12-27,-0.00089496,80.6010,0,0.000000,0.000000,-0.00427707,22.6573,1,0.054457,320.892640
2019-12-30,-0.00165393,80.4356,0,0.000000,0.000000,0.00097934,22.7552,1,0.057836,379.915450
2019-12-31,-0.00656417,79.7792,0,0.000000,0.000000,-0.00139583,22.6156,1,0.044303,299.988210
