date,model_ret,model_equity,model_rebalanced,model_cost,model_traded,naive_ret,naive_equity,naive_rebalanced,naive_cost,naive_traded
2015-01-02,-0.00495790,99.5042,1,0.033010,200.000000,0.00000000,100.0000,0,0.000000,0.000000
2015-01-05,-0.00394364,99.1098,1,0.024894,120.634420,0.00414168,100.4142,1,0.038452,200.000000
2015-01-06,-0.00293148,98.8167,1,0.042418,239.765930,0.01189887,101.6041,0,0.000000,0.000000
2015-01-07,-0.00689516,98.1272,1,0.034826,202.008270,0.00163008,101.7671,1,0.047572,297.671421
2015-01-08,0.00260072,98.3873,1,0.030198,182.210590,-0.01653856,100.1132,0,0.000000,0.000000
2015-01-09,-0.00706373,97.6809,1,0.027293,223.245590,0.00483019,100.5962,0,0.000000,0.000000
2015-01-12,0.00704852,98.3857,1,0.034628,220.362900,0.02038699,102.6349,0,0.000000,0.000000
2015-01-13,-0.00464195,97.9215,1,0.026045,160.929180,0.00289268,102.9242,1,0.037332,222.676051
2015-01-14,0.00427105,98.3486,1,0.017525,141.145010,0.00451520,103.3757,1,0.044500,300.598720
2015-01-15,0.00620129,98.9688,1,0.032911,200.789890,0.00432682,103.8084,1,0.043758,321.047340
2015-01-16,-0.00255062,98.7137,1,0.019442,141.762860,0.00092335,103.9007,1,0.027005,179.550900
2015-01-20,0.00859021,99.5727,1,0.020899,163.049460,0.00327331,104.2281,0,0.000000,0.000000
2015-01-21,-0.00468932,99.1038,1,0.022192,142.045600,-0.00051997,104.1761,1,0.035627,262.961577
2015-01-22,0.00276548,99.3803,1,0.021542,101.647980,-0.01058136,103.1179,1,0.063226,341.235070
2015-01-23,0.00295590,99.6759,1,0.022340,182.427410,-0.00753335,102.3646,0,0.000000,0.000000
2015-01-26,-0.00723314,98.9526,1,0.022264,141.889910,-0.00591233,101.7734,1,0.047933,323.038742
2015-01-27,0.00546776,99.4994,1,0.032524,181.954570,-0.02759532,99.0138,1,0.048522,341.302680
2015-01-28,-0.00042571,99.4568,1,0.026081,159.861180,0.00494456,99.5083,1,0.061334,361.231110
2015-01-29,-0.00890469,98.5664,1,0.024589,180.677350,0.00024980,99.5333,0,0.000000,0.000000
2015-01-30,0.00373844,98.9402,1,0.041836,262.263240,0.00249349,99.7826,1,0.050001,319.983147
2015-02-02,0.00188099,99.1283,1,0.032581,219.776580,-0.00732570,99.0500,0,0.000000,0.000000
2015-02-03,0.00156010,99.2843,1,0.033450,222.393560,0.01312473,100.3625,1,0.045947,299.128614
2015-02-04,-0.01120603,98.1637,1,0.024533,162.997180,-0.00453086,99.9094,0,0.000000,0.000000
2015-02-05,-0.01038571,97.1251,1,0.023431,141.241690,0.00780491,100.6899,1,0.051539,343.168214
2015-02-06,-0.01236789,95.8884,1,0.014249,122.576160,0.02353410,103.0433,0,0.000000,0.000000
2015-02-09,0.01246407,97.1348,1,0.025293,180.320540,0.00023454,103.0668,1,0.038266,283.008197
2015-02-10,0.00782222,97.9170,1,0.034768,220.866520,-0.00655015,102.4118,1,0.052045,299.906720
2015-02-11,-0.00004256,97.9127,1,0.027686,222.942210,0.00380281,102.7921,0,0.000000,0.000000
2015-02-12,-0.00457395,97.4553,1,0.026345,180.088470,0.00730698,103.5227,1,0.039102,282.983191
2015-02-13,-0.03112144,94.3432,1,0.032094,243.206610,0.02718199,106.2409,0,0.000000,0.000000
2015-02-17,-0.00434063,93.9091,1,0.024643,162.936210,0.00412982,106.6539,1,0.025318,205.090425
2015-02-18,0.02209924,96.1190,1,0.025006,160.821000,-0.00956357,105.6976,1,0.047977,340.377160
2015-02-19,0.00893563,97.0126,1,0.034417,281.626730,-0.01929947,103.7676,1,0.049837,320.889800
2015-02-20,-0.00145377,96.8672,1,0.032027,259.666240,0.00422794,104.1904,1,0.048586,379.374710
2015-02-23,0.00148180,97.0154,1,0.047190,241.443750,-0.00376571,103.8138,1,0.047891,261.200880
2015-02-24,0.00294879,97.3103,1,0.028241,200.965630,-0.01154524,102.6593,1,0.045384,320.610500
2015-02-25,0.00074229,97.3845,1,0.026381,201.040500,-0.00693864,101.9655,1,0.052364,360.540680
2015-02-26,-0.00412987,96.9715,1,0.022857,200.885430,0.02725125,104.6906,1,0.047625,359.486040
2015-02-27,-0.00034737,96.9368,1,0.027017,220.344250,0.00180547,104.8711,1,0.030173,242.124250
2015-03-02,-0.01400425,95.5364,1,0.028015,202.114120,-0.01484823,103.3863,1,0.041033,341.779480
2015-03-03,0.00971191,96.5076,1,0.030459,201.968290,-0.00982467,102.4038,1,0.055167,362.323650
2015-03-04,-0.00556173,95.9514,1,0.036523,260.274390,-0.00267210,102.1366,1,0.043680,359.993060
2015-03-05,-0.00201660,95.7497,1,0.024210,181.450430,0.00510785,102.6474,1,0.033555,300.490650
2015-03-06,-0.00308348,95.4414,1,0.023048,181.122390,-0.00233089,102.4143,1,0.032229,261.225780
2015-03-09,0.00506928,95.9483,1,0.034552,219.960060,0.01024510,103.4388,0,0.000000,0.000000
2015-03-10,0.00664235,96.6125,1,0.037755,240.219180,0.00097482,103.5363,1,0.034208,199.880240
2015-03-11,-0.00529029,96.0835,1,0.029729,240.496230,0.00790590,104.3269,0,0.000000,0.000000
2015-03-12,-0.00374753,95.7088,1,0.032453,220.664300,0.00339151,104.6661,1,0.034939,240.487840
2015-03-13,0.00244026,95.9528,1,0.032844,243.869660,0.00396769,105.0628,0,0.000000,0.000000
2015-03-16,-0.00563950,95.3888,1,0.029080,200.266210,0.01148656,106.2115,1,0.032244,262.813262
2015-03-17,0.00294491,95.6833,1,0.034509,242.553850,-0.00736546,105.4749,0,0.000000,0.000000
2015-03-18,-0.00455718,95.2276,1,0.041438,240.128200,0.00039451,105.5144,1,0.044969,304.361536
2015-03-19,0.00231168,95.4588,1,0.021532,203.125940,0.00126697,105.6411,0,0.000000,0.000000
2015-03-20,0.00429210,95.8880,1,0.026540,220.634020,-0.01014965,104.6261,1,0.044945,302.366831
2015-03-23,0.00673020,96.5610,1,0.026080,202.287590,-0.00249330,104.3768,0,0.000000,0.000000
2015-03-24,-0.00814604,95.7464,1,0.032894,240.009400,0.01188224,105.5650,1,0.042146,321.880336
2015-03-25,0.00654644,96.4010,1,0.026686,220.354510,-0.00189870,105.3751,0,0.000000,0.000000
2015-03-26,-0.00546336,95.8547,1,0.034466,258.642910,-0.00033641,105.3415,0,0.000000,0.000000
2015-03-27,0.01144449,96.9992,1,0.027601,180.843610,-0.01289119,104.0524,1,0.044539,316.996493
2015-03-30,0.01903932,98.9031,1,0.030878,241.875450,-0.00448561,103.6038,1,0.051551,382.033460
2015-03-31,-0.00367882,98.5352,1,0.037492,241.235350,0.00529812,104.1336,0,0.000000,0.000000
2015-04-01,0.00429266,98.9645,1,0.032514,239.864010,-0.00940802,103.1928,1,0.032242,241.902272
2015-04-02,0.00780383,99.7449,1,0.031267,219.595700,-0.00355598,102.8372,1,0.042268,299.661740
2015-04-06,-0.00156768,99.5881,1,0.040328,281.560250,0.00092485,102.9297,1,0.049965,341.792250
2015-04-07,0.00787429,100.3755,1,0.028871,261.949940,-0.01035528,101.8942,1,0.042228,301.672790
2015-04-08,-0.00329850,100.0457,1,0.048680,300.030340,0.00263298,102.1575,1,0.057152,339.718940
2015-04-09,-0.02037560,98.0081,1,0.027460,200.898670,0.01451710,103.6092,1,0.037430,300.715470
2015-04-10,0.00779775,98.7879,1,0.018625,162.019380,-0.00760475,102.8487,1,0.042125,281.704400
2015-04-13,0.01031639,99.8195,1,0.045121,301.270200,-0.00987494,101.8612,1,0.056304,380.606490
2015-04-14,0.00445573,100.2651,1,0.039917,299.742540,0.00003175,101.8644,1,0.048975,359.549930
2015-04-15,0.00014322,100.2794,1,0.026448,220.298570,-0.00171143,101.6933,1,0.036443,300.534130
2015-04-16,0.00250513,100.5299,1,0.021527,180.999770,-0.00147749,101.5455,1,0.039809,321.029440
2015-04-17,0.00097200,100.6271,1,0.028980,201.214960,0.00728319,102.2738,1,0.044041,340.425140
2015-04-20,-0.00242547,100.3846,1,0.026097,161.269220,0.00849379,103.1232,0,0.000000,0.000000
2015-04-21,0.00579917,100.9645,1,0.031213,242.567550,0.00130820,103.2540,0,0.000000,0.000000
2015-04-22,-0.00195907,100.7686,1,0.025027,200.438910,0.00788317,104.0424,1,0.041103,321.415150
2015-04-23,0.00262471,101.0311,1,0.022849,180.808580,-0.00514017,103.5283,1,0.035077,281.321100
2015-04-24,-0.00550589,100.4805,1,0.026699,200.848980,0.00425150,103.9535,1,0.035850,301.191880
2015-04-27,0.00576491,101.0570,1,0.037239,201.616310,-0.01126786,102.8267,1,0.046646,301.287140
2015-04-28,-0.00145236,100.9117,1,0.022686,201.030430,0.00112716,102.9394,0,0.000000,0.000000
2015-04-29,0.00850818,101.7626,1,0.028802,200.890910,-0.00557279,102.3821,1,0.037649,280.615226
2015-04-30,0.01993438,103.7560,1,0.047042,199.611040,-0.02308140,100.0740,1,0.064520,299.462730
2015-05-01,-0.01056485,102.6995,1,0.043365,260.806360,-0.00852762,99.2212,0,0.000000,0.000000
2015-05-04,0.00025226,102.7247,1,0.039314,263.089440,0.00356041,99.5773,0,0.000000,0.000000
2015-05-05,-0.01211323,101.5134,1,0.033343,221.437140,0.01608106,101.1854,1,0.032934,223.713535
2015-05-06,-0.00297598,101.2158,1,0.016648,142.064020,-0.00585527,100.5999,0,0.000000,0.000000
2015-05-07,0.00340253,101.5561,1,0.026907,201.022210,-0.00539994,100.0599,1,0.050494,358.768727
2015-05-08,-0.01018856,100.5372,1,0.030386,261.030540,-0.00166467,99.8934,0,0.000000,0.000000
2015-05-11,0.00572435,101.1096,1,0.038095,222.683310,0.00737921,100.6313,0,0.000000,0.000000
2015-05-12,0.00001518,101.1112,1,0.031542,200.638730,-0.00803633,99.8277,1,0.036523,262.587245
2015-05-13,0.00474591,101.5858,1,0.030859,299.650760,-0.00378621,99.4491,1,0.046561,359.474970
2015-05-14,0.00066747,101.6525,1,0.032253,240.286850,0.00576963,100.0260,1,0.050797,340.326360
2015-05-15,0.00153188,101.8057,1,0.037972,282.465940,-0.01045685,98.9803,0,0.000000,0.000000
2015-05-18,0.01022570,102.8283,1,0.033590,260.640620,-0.00891243,98.0891,1,0.042953,363.651470
2015-05-19,0.01727653,104.5559,1,0.042957,322.143000,-0.01863172,96.2259,1,0.045342,362.205110
2015-05-20,0.00411246,104.9672,1,0.029954,222.546050,-0.00554464,95.6715,1,0.049694,322.047050
2015-05-21,0.00357494,105.3246,1,0.027506,220.824820,-0.00939046,94.7324,1,0.036476,300.258510
2015-05-22,0.00304356,105.6290,1,0.030814,241.942800,-0.00380403,94.3520,1,0.045233,361.697490
2015-05-26,0.00681956,106.3110,1,0.038314,280.286850,-0.00839277,93.5127,1,0.040767,319.651510
2015-05-27,-0.00369940,105.9410,1,0.029130,200.445450,0.00024876,93.5376,0,0.000000,0.000000
2015-05-28,0.00642504,106.5835,1,0.028456,202.316450,-0.00182923,93.3547,0,0.000000,0.000000
2015-05-29,-0.00249287,106.3342,1,0.041187,260.359100,-0.00470080,92.8846,1,0.046980,300.680214
2015-06-01,0.00395843,106.7301,1,0.017997,160.247180,-0.00046542,92.8381,1,0.040912,339.565600
2015-06-02,-0.00152240,106.5778,1,0.026190,200.693720,-0.00704983,92.1331,1,0.043843,301.206230
2015-06-03,-0.01189655,105.3882,1,0.023775,201.131910,0.01903698,94.0368,1,0.050192,380.123140
2015-06-04,0.00054605,105.4428,1,0.020625,161.852680,-0.00247682,93.7891,1,0.031902,221.639410
2015-06-05,-0.00302229,105.1406,1,0.025079,220.287810,0.01604906,95.3940,0,0.000000,0.000000
2015-06-08,-0.00022973,105.1176,1,0.036473,200.862490,-0.00124895,95.2691,1,0.036605,201.555107
2015-06-09,-0.00371338,104.7463,1,0.024938,160.205340,-0.00051269,95.2178,1,0.051819,339.295550
2015-06-10,-0.00676011,104.0702,1,0.026611,220.770780,0.00598642,95.8165,1,0.051868,320.203890
2015-06-11,0.00777763,104.8480,1,0.030087,182.995280,-0.00169998,95.6465,0,0.000000,0.000000
2015-06-12,0.00430448,105.2785,1,0.043122,281.082110,-0.00447584,95.1989,1,0.055144,303.122750
2015-06-15,-0.00072976,105.2055,1,0.047856,240.014130,0.00333305,95.5322,0,0.000000,0.000000
2015-06-16,-0.00595775,104.6097,1,0.024795,179.773020,-0.00496420,95.0358,0,0.000000,0.000000
2015-06-17,0.00319050,104.9288,1,0.013960,141.240300,-0.00211312,94.8245,1,0.052642,378.619425
2015-06-18,0.00674391,105.6031,1,0.033569,261.210790,-0.00850722,93.9737,1,0.047732,361.371430
2015-06-19,-0.00329889,105.2733,1,0.033549,262.121380,-0.00343480,93.6303,0,0.000000,0.000000
2015-06-22,0.00497260,105.7705,1,0.016680,140.664020,0.00754937,94.3852,1,0.041763,341.824547
2015-06-23,0.00379102,106.1496,1,0.040228,301.789140,-0.00368862,94.0163,1,0.032582,261.542580
2015-06-24,-0.00360229,105.7894,1,0.037169,260.722490,0.00006140,94.0225,1,0.044980,300.786820
2015-06-25,-0.00513856,105.2755,1,0.017966,160.465040,0.00637874,94.6604,0,0.000000,0.000000
2015-06-26,0.00701170,105.9767,1,0.014440,160.843850,-0.00331499,94.3289,1,0.038949,299.018554
2015-06-29,-0.00623951,105.3527,1,0.041971,220.795270,0.01284374,95.6132,1,0.061226,340.982950
2015-06-30,0.00808067,106.1608,1,0.028363,180.882120,-0.00454623,95.1586,0,0.000000,0.000000
2015-07-01,-0.00111345,106.0495,1,0.042735,281.795730,-0.00185805,94.9728,1,0.042375,299.198829
2015-07-02,0.00037958,106.0874,1,0.037472,261.653610,-0.00272215,94.7006,1,0.038745,321.678910
2015-07-06,-0.00103936,105.9835,1,0.030096,200.907670,0.00031553,94.7321,1,0.047377,320.779730
2015-07-07,-0.01534970,104.4485,1,0.028380,200.731840,0.00720823,95.4530,1,0.048577,320.044010
2015-07-08,-0.00347228,104.1013,1,0.027918,182.979990,0.00403658,95.8566,1,0.041482,262.907460
2015-07-09,0.01984112,106.0854,1,0.020248,141.856290,-0.01466049,94.3906,0,0.000000,0.000000
2015-07-10,0.00402355,106.4878,1,0.039745,281.377820,0.00227731,94.6183,1,0.050659,359.510411
2015-07-13,-0.00828350,105.6594,1,0.028050,242.775260,0.00892520,95.5108,0,0.000000,0.000000
2015-07-14,0.00025021,105.6844,1,0.030429,242.244480,0.00512623,96.0234,0,0.000000,0.000000
2015-07-15,0.00587263,106.2717,1,0.027747,180.992090,-0.00410713,95.6127,1,0.045993,324.639196
2015-07-16,-0.00295450,105.9762,1,0.038820,260.460330,0.00691885,96.3046,1,0.052195,319.892420
2015-07-17,-0.00244327,105.7319,1,0.034917,222.246750,-0.00720992,95.5836,0,0.000000,0.000000
2015-07-20,-0.00654867,105.0771,1,0.037657,299.539890,-0.00784986,94.7986,0,0.000000,0.000000
2015-07-21,-0.00542841,104.5342,1,0.023851,200.722650,0.00287846,95.0865,1,0.051494,341.423891
2015-07-22,0.00151576,104.6858,1,0.024214,121.590950,-0.00019083,95.0674,1,0.042753,280.225560
2015-07-23,-0.00427601,104.2582,1,0.032201,241.326130,-0.00937517,94.1299,1,0.034387,260.775230
2015-07-24,0.00292254,104.5504,1,0.030706,220.085500,-0.01048755,93.0811,1,0.056735,319.989150
2015-07-27,-0.00646991,103.9034,1,0.027501,201.106020,0.02085016,95.1661,1,0.064234,338.691040
2015-07-28,0.01086023,104.9895,1,0.017687,121.459310,-0.01216960,93.9492,1,0.030950,201.198350
2015-07-29,0.01312554,106.3020,1,0.043856,302.274990,-0.00761456,93.1877,0,0.000000,0.000000
2015-07-30,0.01806673,108.1087,1,0.039417,260.853010,-0.01230999,91.9567,1,0.064699,363.658580
2015-07-31,0.00304910,108.4136,1,0.045440,282.912770,0.00135630,92.0924,1,0.053040,340.534540
2015-08-03,-0.01316894,107.0967,1,0.036644,220.673710,0.01454011,93.5464,1,0.057539,281.637170
2015-08-04,-0.00794212,106.3025,1,0.031242,219.445390,0.01659039,95.2054,1,0.033991,241.364310
2015-08-05,-0.00626239,105.6763,1,0.031539,241.936870,0.00978079,96.1835,1,0.041681,302.473270
2015-08-06,0.00481171,106.1574,1,0.026219,201.740300,-0.01241736,94.9418,1,0.035486,261.465900
2015-08-07,0.01006051,107.1635,1,0.033809,240.006170,-0.00117827,94.8239,1,0.057507,359.286690
2015-08-10,0.01099155,108.2626,1,0.034575,241.141040,-0.02335666,92.4883,1,0.043666,261.581280
2015-08-11,0.01233456,109.4961,1,0.032754,242.879330,-0.02138155,90.3501,1,0.051855,382.559740
2015-08-12,-0.01603697,107.8924,1,0.029937,199.521290,0.00598979,90.9491,1,0.052061,378.676300
2015-08-13,0.01095966,108.9884,1,0.023854,162.103780,-0.00711249,90.2378,1,0.041269,282.116140
2015-08-14,0.00141916,109.1303,1,0.032154,200.771740,-0.00068086,90.1698,1,0.054536,360.988340
2015-08-17,0.00112267,109.2425,1,0.038943,241.864350,-0.00351436,89.8183,0,0.000000,0.000000
2015-08-18,0.00248597,109.4911,1,0.024793,181.606830,-0.01301979,88.5163,1,0.056789,362.622655
2015-08-19,-0.00633835,108.8573,1,0.020145,160.990190,0.00200967,88.7173,1,0.055713,378.617830
2015-08-20,-0.01545400,107.3119,1,0.024030,161.553190,0.01240787,89.9581,1,0.049573,300.675500
2015-08-21,-0.00157422,107.1545,1,0.033522,181.829950,0.00294509,90.2526,0,0.000000,0.000000
2015-08-24,0.00277730,107.4322,1,0.023850,141.631440,0.00384451,90.6371,0,0.000000,0.000000
2015-08-25,0.01938663,109.3709,1,0.023197,143.902760,-0.01619527,89.0175,0,0.000000,0.000000
2015-08-26,-0.01106618,108.2643,1,0.030548,181.523420,0.00893275,89.9108,1,0.045915,327.467181
2015-08-27,-0.00539253,107.7250,1,0.027443,226.503450,0.00387628,90.2984,0,0.000000,0.000000
2015-08-28,-0.00875019,106.8500,1,0.034129,204.812910,-0.00248905,90.0495,0,0.000000,0.000000
2015-08-31,0.00062603,106.9126,1,0.026807,180.941070,0.00010716,90.0602,1,0.047954,349.973774
2015-09-01,0.01312601,108.2252,1,0.031639,180.720510,0.00479673,90.5399,0,0.000000,0.000000
2015-09-02,0.01251685,109.4769,1,0.019905,122.263460,-0.00714073,89.8258,0,0.000000,0.000000
2015-09-03,0.00001593,109.4785,1,0.033697,242.038410,0.00470801,90.2966,0,0.000000,0.000000
2015-09-04,0.01286359,110.7648,1,0.030611,181.612210,-0.00832248,89.4644,1,0.041888,258.795029
2015-09-08,0.00681039,111.4459,1,0.044161,220.038010,0.00183070,89.6475,0,0.000000,0.000000
2015-09-09,0.00024270,111.4701,1,0.044360,285.513840,0.00522359,90.1698,0,0.000000,0.000000
2015-09-10,-0.00348876,111.1213,1,0.040626,259.188870,0.00237396,90.4072,0,0.000000,0.000000
2015-09-11,-0.00238402,110.8829,1,0.036922,221.142770,-0.00045038,90.3622,1,0.050628,321.511352
2015-09-14,-0.00921456,109.9614,1,0.034696,220.862560,0.00531965,90.8941,1,0.051275,361.168890
2015-09-15,0.00046898,110.0083,1,0.022022,160.788800,-0.00050642,90.8435,1,0.045332,300.563580
2015-09-16,0.00377099,110.3854,1,0.032081,242.357220,-0.00421093,90.4224,0,0.000000,0.000000
2015-09-17,0.00439418,110.8248,1,0.034312,242.162140,-0.00447857,89.9746,1,0.052497,364.672317
2015-09-18,-0.01314671,109.5102,1,0.031681,200.532590,0.02150647,92.1252,1,0.054743,339.962300
2015-09-21,0.00928988,110.4391,1,0.033512,239.995270,0.00153353,92.2786,0,0.000000,0.000000
2015-09-22,0.00199189,110.6383,1,0.030531,221.911160,0.01313345,93.5919,1,0.045555,319.218559
2015-09-23,-0.00715723,109.9226,1,0.022923,161.275680,0.01372709,94.9646,0,0.000000,0.000000
2015-09-24,0.00176324,110.0989,1,0.019836,160.807360,-0.00277794,94.6868,1,0.036374,260.237383
2015-09-25,-0.00092230,110.0067,1,0.037440,221.444060,0.01094848,95.7817,1,0.048272,300.173940
2015-09-28,0.00393519,110.4002,1,0.032571,220.990850,0.00627610,96.4093,1,0.045330,281.904120
2015-09-29,0.00283459,110.6837,1,0.027181,200.153850,-0.00658606,95.7507,0,0.000000,0.000000
2015-09-30,0.00847970,111.5316,1,0.028650,220.766100,-0.00837408,94.9133,1,0.051618,337.144532
2015-10-01,0.00383647,111.9153,1,0.041073,284.075840,0.00362667,95.2759,0,0.000000,0.000000
2015-10-02,0.01461680,113.3770,1,0.037130,220.806300,-0.00082417,95.1935,1,0.056697,363.647058
2015-10-05,-0.00193859,113.1831,1,0.036659,243.333370,0.00379051,95.5726,0,0.000000,0.000000
2015-10-06,-0.01539271,111.6438,1,0.035931,244.469700,-0.00252864,95.3197,0,0.000000,0.000000
2015-10-07,-0.00196150,111.4477,1,0.017340,141.060320,0.00315447,95.6351,1,0.045453,346.335950
2015-10-08,-0.00170472,111.2772,1,0.031092,202.990610,-0.00113295,95.5218,1,0.055735,362.226480
2015-10-09,0.00250507,111.5277,1,0.025073,202.812640,-0.00191564,95.3303,1,0.043154,281.797080
2015-10-12,0.01176992,112.7047,1,0.025968,222.045140,0.00070189,95.4005,1,0.051071,362.212370
2015-10-13,-0.01020780,111.6839,1,0.022880,201.944080,0.00341214,95.7417,1,0.044946,301.079840
2015-10-14,-0.00259582,111.4244,1,0.014642,140.958020,0.00224753,95.9664,1,0.037647,280.262060
2015-10-15,0.00665422,112.0898,1,0.025198,181.149280,-0.01298066,94.6684,1,0.043506,300.072580
2015-10-16,0.00327355,112.4171,1,0.022385,183.242920,-0.00734530,93.9338,0,0.000000,0.000000
2015-10-19,0.00422801,112.8399,1,0.020219,141.210280,0.00140215,94.0741,1,0.057625,362.215808
2015-10-20,0.00468506,113.3084,1,0.020674,141.575480,-0.01680439,92.3936,1,0.042279,280.414420
2015-10-21,-0.00099572,113.2089,1,0.037842,281.684020,-0.00789124,91.6045,1,0.056014,380.272360
2015-10-22,0.00199939,113.4088,1,0.032521,240.583050,-0.00577139,91.0274,1,0.069779,318.617770
2015-10-23,0.00561362,113.9702,1,0.029418,202.833700,-0.00900176,90.1272,0,0.000000,0.000000
2015-10-26,0.01820368,115.7905,1,0.012272,102.245640,0.00391530,90.5187,1,0.050240,324.406823
2015-10-27,-0.00292789,115.4978,1,0.040069,262.042640,0.01095107,91.6138,1,0.051473,340.877810
2015-10-28,0.00873399,116.3712,1,0.024731,200.528720,-0.01435082,90.1787,1,0.050032,299.515380
2015-10-29,-0.00175790,116.1954,1,0.026790,224.276810,0.00780037,90.9588,1,0.043783,322.947750
2015-10-30,0.00312736,116.5081,1,0.025644,241.846920,-0.01681334,89.2774,1,0.042354,321.251340
2015-11-02,0.00274952,116.7830,1,0.022538,161.504380,-0.01443106,87.8343,1,0.051846,322.038600
2015-11-03,0.00784607,117.5677,1,0.025923,184.100490,-0.00661402,87.1729,0,0.000000,0.000000
2015-11-04,0.00956944,118.5246,1,0.037056,202.343830,-0.01021739,86.1512,1,0.053699,304.093746
2015-11-05,-0.00884606,117.6400,1,0.025706,200.079860,-0.00184068,85.9671,1,0.048978,339.482980
2015-11-06,-0.01255153,116.3848,1,0.015123,101.149420,0.00195650,86.1628,1,0.046560,300.149750
2015-11-09,-0.00537338,115.8475,1,0.019708,143.304010,-0.01250985,84.9118,1,0.042945,281.258670
2015-11-10,0.00260379,116.1079,1,0.033991,239.910790,0.00191496,85.1033,1,0.046094,358.970540
2015-11-11,0.00864813,116.9727,1,0.030637,161.996310,-0.01079601,84.0237,1,0.042791,281.705850
2015-11-12,0.00057723,117.0304,1,0.035267,220.324190,0.01219010,85.2427,1,0.058260,339.836590
2015-11-13,0.00368838,117.3993,1,0.032222,201.342170,0.00919900,86.1626,0,0.000000,0.000000
2015-11-16,0.00115309,117.5146,1,0.035941,201.107380,0.00339350,86.5019,1,0.050710,298.448644
2015-11-17,-0.00449271,117.0653,1,0.030001,181.939650,-0.00911911,85.5900,0,0.000000,0.000000
2015-11-18,-0.00292594,116.7727,1,0.020944,142.163190,-0.00048421,85.5416,1,0.056361,341.898277
2015-11-19,0.00325200,117.0979,1,0.016650,124.643750,0.00052654,85.5943,0,0.000000,0.000000
2015-11-20,0.00456131,117.5540,1,0.029669,181.081790,-0.00163084,85.4312,1,0.049244,323.621784
2015-11-23,0.00363473,117.9175,1,0.030567,180.890060,-0.00090141,85.3410,1,0.055571,340.993180
2015-11-24,-0.00481808,117.4357,1,0.034898,221.059800,0.01369452,86.7105,1,0.042578,300.820350
2015-11-25,0.01425582,118.8613,1,0.021698,143.935590,-0.02110586,84.5999,1,0.040216,282.381050
2015-11-27,-0.00059021,118.8023,1,0.017891,102.932600,0.00321055,84.9210,1,0.060735,319.341850
2015-11-30,0.01451872,120.2541,1,0.030548,141.220890,-0.01800906,83.1201,1,0.063566,321.062650
2015-12-01,0.00000353,120.2545,1,0.032447,221.821540,-0.00013377,83.1067,1,0.060117,340.000260
2015-12-02,-0.01763565,118.4909,1,0.030105,201.841300,-0.02345418,80.7613,0,0.000000,0.000000
2015-12-03,0.01288017,119.7789,1,0.037603,199.358880,0.00490952,81.2522,0,0.000000,0.000000
2015-12-04,0.00380411,120.1593,1,0.021129,122.371540,-0.01106182,80.1460,0,0.000000,0.000000
2015-12-07,-0.00545835,119.6135,1,0.044235,223.550580,0.00966266,81.1123,0,0.000000,0.000000
2015-12-08,0.00649522,120.2630,1,0.032188,182.174500,0.00972218,82.0845,1,0.043712,282.909214
2015-12-09,0.00287279,120.5503,1,0.024641,161.833970,-0.00695922,81.3886,1,0.037082,240.887250
2015-12-10,0.00441580,120.9919,1,0.023190,162.430600,-0.00904292,80.4843,1,0.049542,340.202000
2015-12-11,0.00470520,121.4624,1,0.038060,240.762090,-0.00975303,79.5090,1,0.060763,360.200850
2015-12-14,-0.00760393,120.7020,1,0.020093,160.937880,-0.00151428,79.3576,0,0.000000,0.000000
2015-12-15,0.00711609,121.4136,1,0.050811,259.078820,-0.01169387,78.1882,1,0.072147,338.973261
2015-12-16,0.00773453,122.1871,1,0.034317,222.463720,-0.00484323,77.7039,1,0.053813,342.199120
2015-12-17,-0.00606117,121.5810,1,0.051187,302.761790,-0.00534298,77.1696,0,0.000000,0.000000
2015-12-18,-0.00011010,121.5700,1,0.036510,200.839770,-0.00540998,76.6286,1,0.055238,320.653597
2015-12-21,-0.01275270,120.2947,1,0.018540,160.740960,0.01551214,78.1798,0,0.000000,0.000000
2015-12-22,0.00427934,120.7226,1,0.022156,162.648270,-0.01535182,76.6446,1,0.038672,261.963975
2015-12-23,-0.00357783,120.3648,1,0.035673,242.450170,0.00349801,76.9944,0,0.000000,0.000000
2015-12-24,0.00257454,120.6223,1,0.037716,223.992850,-0.00269782,76.7246,0,0.000000,0.000000
2015-12-28,-0.00477330,120.1450,1,0.058140,260.503450,0.00448857,77.1735,1,0.083373,345.802511
2015-12-29,-0.00046172,120.0988,1,0.019382,161.053750,-0.00026646,77.1468,1,0.056476,320.894010
2015-12-30,0.00518782,120.6176,1,0.021438,121.967590,0.00747417,77.8942,0,0.000000,0.000000
2015-12-31,-0.00939991,119.6776,1,0.028621,161.102880,-0.00459050,77.4352,0,0.000000,0.000000
2016-01-04,-0.00520026,119.1575,1,0.019176,121.519670,0.00275138,77.7103,0,0.000000,0.000000
2016-01-05,-0.00151304,119.0062,1,0.020964,141.541810,0.00332916,78.0432,0,0.000000,0.000000
2016-01-06,0.00734258,119.7405,1,0.024382,160.874200,0.00324076,78.3673,1,0.054424,321.561213
2016-01-07,0.00620339,120.3608,1,0.016431,103.430580,0.00567635,78.9350,1,0.053295,298.362540
2016-01-08,-0.00207027,120.1538,1,0.015617,122.950870,0.00893631,79.8286,0,0.000000,0.000000
2016-01-11,0.01487662,121.6415,1,0.021938,121.630250,0.01570467,81.3991,0,0.000000,0.000000
2016-01-12,0.00105888,121.7474,1,0.017282,142.348640,-0.00008363,81.3907,1,0.048813,276.956941
2016-01-13,-0.01254370,120.4930,1,0.024070,142.237230,-0.01555339,79.8354,1,0.052619,302.667690
2016-01-14,0.00560788,121.0538,0,0.000000,0.000000,-0.02056517,77.7788,0,0.000000,0.000000
2016-01-15,0.00162440,121.2162,1,0.033700,220.969298,0.00542486,78.3213,0,0.000000,0.000000
2016-01-19,-0.00287448,120.9288,1,0.014548,122.070540,-0.01489798,76.8315,0,0.000000,0.000000
2016-01-20,0.02172653,123.1014,1,0.030277,181.072420,-0.00948873,75.8826,1,0.060923,355.847966
2016-01-21,-0.01503527,121.5979,1,0.024677,182.244690,-0.00203026,75.6796,1,0.060586,338.284370
2016-01-22,0.01072042,122.6699,1,0.036528,222.187610,-0.02049979,73.6296,1,0.066739,322.212480
2016-01-25,-0.01062414,121.6075,1,0.048944,264.133070,-0.02441073,71.1886,0,0.000000,0.000000
2016-01-26,0.01854937,123.4625,0,0.000000,0.000000,0.00089048,71.2776,0,0.000000,0.000000
2016-01-27,0.00561085,124.0236,1,0.053155,302.402273,-0.00273689,71.0039,0,0.000000,0.000000
2016-01-28,-0.00807065,123.2165,1,0.048145,240.471940,0.01054160,72.0581,1,0.063110,300.797821
2016-01-29,0.01399460,124.6159,1,0.042740,201.388060,0.01036255,73.0943,1,0.049775,281.678130
2016-02-01,0.01140246,125.7562,1,0.048074,247.920100,-0.00922158,72.1722,0,0.000000,0.000000
2016-02-02,-0.01035901,124.7203,1,0.039601,240.934920,0.00262215,72.4344,1,0.064915,366.740389
2016-02-03,-0.00949167,123.7711,1,0.023237,180.979600,0.01001538,73.4359,1,0.053962,318.544910
2016-02-04,-0.00045743,123.7254,1,0.026763,163.331710,0.00882549,74.3185,1,0.048561,283.409360
2016-02-05,-0.01346271,122.3791,1,0.033241,222.113540,-0.00596418,73.7221,1,0.039258,263.621170
2016-02-08,0.01153098,123.5322,1,0.035312,199.488210,-0.00444261,73.2778,0,0.000000,0.000000
2016-02-09,0.02561136,126.0933,1,0.027054,181.591370,0.00649797,73.9276,0,0.000000,0.000000
2016-02-10,0.01567982,127.6613,1,0.037118,202.557590,-0.00040871,73.8867,1,0.054141,277.432179
2016-02-11,-0.00403134,127.2582,1,0.033794,201.602400,0.02547477,76.4342,1,0.066453,321.714570
2016-02-12,-0.00883924,126.3743,1,0.036764,218.811840,0.00945365,77.3796,0,0.000000,0.000000
2016-02-16,-0.01357859,125.0164,1,0.038939,204.320180,-0.00969383,76.4102,0,0.000000,0.000000
2016-02-17,-0.01491536,123.5249,1,0.022646,144.850700,-0.00691797,75.7184,0,0.000000,0.000000
2016-02-18,0.00054653,123.5795,1,0.028217,163.781890,-0.02171965,73.5464,0,0.000000,0.000000
2016-02-19,0.01921693,125.5012,1,0.021517,162.092150,-0.02928876,70.6176,1,0.060096,386.536292
2016-02-22,-0.00383330,125.1179,1,0.030650,200.950530,-0.01464471,69.1531,1,0.069701,379.607780
2016-02-23,0.01164789,126.2827,1,0.024321,164.062440,0.00564789,69.7179,0,0.000000,0.000000
2016-02-24,-0.01732027,124.5507,1,0.025667,160.539790,-0.00874424,68.8435,1,0.046314,261.670853
2016-02-25,0.00832314,125.3830,1,0.025936,163.042520,-0.01635696,67.2078,1,0.078406,322.245850
2016-02-26,-0.00103739,125.2792,1,0.026019,182.504650,0.00414164,67.6219,0,0.000000,0.000000
2016-02-29,-0.00371971,124.9073,1,0.030091,162.305640,-0.00643922,66.9780,1,0.044512,303.780720
2016-03-01,0.00721064,125.6283,1,0.027556,180.806500,-0.01876166,65.1018,1,0.051696,360.865850
2016-03-02,0.00020735,125.6491,1,0.036085,225.842920,-0.00945080,64.1568,0,0.000000,0.000000
2016-03-03,-0.00152643,125.4964,1,0.027493,162.163860,0.00933534,65.0903,1,0.068296,367.435527
2016-03-04,-0.01144264,124.3521,1,0.027654,181.449790,0.01433494,66.5238,1,0.040116,261.815390
2016-03-07,-0.01337531,123.0146,1,0.028531,201.724230,0.00634632,67.1584,1,0.047418,261.905730
2016-03-08,0.01214970,124.2296,1,0.012700,142.619640,-0.00932882,66.2255,1,0.047332,282.379390
2016-03-09,-0.00580267,123.6493,1,0.021877,181.138350,-0.00994275,65.2313,1,0.064645,357.438550
2016-03-10,-0.00227481,123.4218,1,0.037541,220.960510,0.00665773,65.8970,1,0.059437,342.370690
2016-03-11,-0.00080860,123.3410,1,0.033800,181.187260,-0.00291990,65.6050,1,0.046690,241.544010
2016-03-14,0.00287646,123.6286,1,0.032294,183.669900,-0.00027745,65.5773,0,0.000000,0.000000
2016-03-15,-0.01393384,122.2352,1,0.032524,200.489020,0.00618725,66.1960,1,0.060435,303.686865
2016-03-16,0.00269958,122.5052,1,0.015132,140.499620,-0.00370035,65.8260,1,0.046225,280.271320
2016-03-17,0.00776115,123.2813,1,0.034835,182.636170,-0.00459829,65.3662,0,0.000000,0.000000
2016-03-18,0.00042242,123.3236,1,0.039418,262.908330,-0.01391714,63.9744,1,0.061104,364.720758
2016-03-21,-0.00227501,123.0961,1,0.032131,181.409680,-0.00230635,63.7438,1,0.058215,381.020550
2016-03-22,0.01148694,124.2447,1,0.020356,140.695090,-0.00818138,62.9257,1,0.041208,300.221980
2016-03-23,-0.00316164,123.9286,1,0.024424,180.368830,-0.00537418,62.3883,1,0.048818,339.994710
2016-03-24,-0.00414628,123.5140,1,0.032438,199.451360,-0.00259569,62.1287,1,0.056199,338.644060
2016-03-28,0.01069676,124.5836,1,0.011564,81.038230,-0.01409615,60.7191,1,0.049535,301.097390
2016-03-29,0.01646570,126.2302,1,0.026900,181.413060,-0.01125217,59.5939,1,0.057917,340.929540
2016-03-30,-0.00137097,126.0931,1,0.024987,203.389390,0.00311960,59.9058,0,0.000000,0.000000
2016-03-31,-0.00175069,125.9180,1,0.032609,241.675950,-0.00969911,58.9359,1,0.046761,263.154822
2016-04-01,-0.00247777,125.6703,1,0.022607,160.747120,-0.00296065,58.6398,1,0.047905,340.424590
2016-04-04,-0.00459322,125.2109,1,0.024062,161.854770,-0.00203366,58.4365,1,0.049676,321.681520
2016-04-05,0.00712172,125.9231,1,0.023788,141.382780,0.01200940,59.6374,0,0.000000,0.000000
2016-04-06,-0.01073192,124.8499,1,0.019552,122.357640,0.00293237,59.9306,0,0.000000,0.000000
2016-04-07,0.00568854,125.4188,1,0.021566,162.825100,0.00512657,60.4433,0,0.000000,0.000000
2016-04-08,-0.00202388,125.2164,1,0.026168,161.427480,0.00582418,61.0257,0,0.000000,0.000000
2016-04-11,-0.00787397,124.4290,1,0.037797,181.474000,-0.00141001,60.8847,1,0.048741,260.109818
2016-04-12,-0.00498546,123.9304,1,0.034146,181.317900,0.00803054,61.6878,1,0.064546,340.115500
2016-04-13,-0.00723421,123.2070,1,0.029171,162.471640,0.01438084,63.1259,0,0.000000,0.000000
2016-04-14,-0.00627305,122.5797,1,0.037155,203.502030,-0.00320523,62.8053,1,0.048843,286.450176
2016-04-15,0.01579196,124.1589,1,0.018834,120.536350,-0.01546647,61.2587,1,0.045507,299.989620
2016-04-18,-0.00484793,123.6741,1,0.037733,260.312810,0.01232860,62.4915,1,0.058630,380.400100
2016-04-19,-0.00754263,122.9199,1,0.036593,241.880940,0.00444523,62.9361,0,0.000000,0.000000
2016-04-20,-0.00189209,122.7306,1,0.029339,221.562870,-0.00053684,62.8824,1,0.044554,284.624894
2016-04-21,-0.01416050,121.3146,1,0.036790,221.097010,0.03570354,66.4527,1,0.047106,301.294570
2016-04-22,-0.00233974,121.0806,1,0.036114,220.631960,-0.00729152,65.7236,1,0.029062,182.726660
2016-04-25,0.00471015,121.5516,1,0.027265,181.222980,-0.00119783,65.6038,1,0.063413,360.981410
2016-04-26,0.00187728,121.7394,1,0.025122,221.007400,-0.01127794,64.4760,1,0.052754,339.819970
2016-04-27,-0.00775114,120.9643,1,0.036214,241.484370,0.00406830,64.8828,1,0.057230,361.045400
2016-04-28,0.00034247,120.9985,1,0.036023,222.073480,-0.00208535,64.6743,1,0.040915,262.019640
2016-04-29,-0.00777154,120.2213,1,0.028964,202.296950,0.00737759,65.4121,1,0.042141,258.367860
2016-05-02,0.00964705,121.1861,1,0.033285,240.558370,-0.00826728,64.5853,1,0.050568,260.961340
2016-05-03,-0.00498286,120.6878,1,0.032906,241.913930,0.02383481,66.9688,0,0.000000,0.000000
2016-05-04,-0.00544026,120.1437,1,0.025506,180.755320,0.01289846,68.2587,0,0.000000,0.000000
2016-05-05,-0.00179317,119.9644,1,0.033517,220.486020,0.00439803,68.6985,1,0.040647,241.851322
2016-05-06,-0.00220879,119.7435,1,0.032769,161.145300,-0.00131971,68.5665,1,0.045021,280.823650
2016-05-09,0.00037394,119.7809,1,0.038026,261.310630,-0.00397327,68.1692,1,0.055567,361.654190
2016-05-10,0.01087276,120.8682,1,0.029724,201.362600,-0.01612975,66.5562,1,0.051915,321.511760
2016-05-11,0.00426525,121.2947,1,0.042555,262.429100,-0.01233708,65.3225,0,0.000000,0.000000
2016-05-12,0.00170669,121.4654,1,0.041451,260.756280,-0.00372769,64.9497,1,0.050009,320.945794
2016-05-13,-0.00034363,121.4310,1,0.039133,240.864400,0.00262606,65.2123,1,0.056564,340.860560
2016-05-16,-0.00001398,121.4296,1,0.034708,200.895910,-0.00626931,64.5854,0,0.000000,0.000000
2016-05-17,0.00223206,121.6529,1,0.036394,222.316870,-0.01007226,63.5782,0,0.000000,0.000000
2016-05-18,0.00285349,121.9382,1,0.024901,180.632100,0.00086637,63.6648,0,0.000000,0.000000
2016-05-19,0.01194579,123.1328,1,0.023681,181.894910,-0.01866045,61.7988,1,0.041765,317.641650
2016-05-20,0.00502960,123.6357,1,0.038220,261.234100,-0.00720049,61.0787,1,0.057189,380.075520
2016-05-23,-0.00782153,122.8536,1,0.026763,242.218520,0.00080879,61.1596,0,0.000000,0.000000
2016-05-24,0.01934455,124.7880,1,0.021005,161.082470,-0.01274224,59.8854,1,0.043624,322.259787
2016-05-25,-0.00048185,124.7399,1,0.029085,243.743740,0.00956815,60.8422,0,0.000000,0.000000
2016-05-26,-0.00549196,124.1907,1,0.022786,161.397660,0.00264978,61.1072,1,0.040922,243.734542
2016-05-27,-0.00542965,123.6477,1,0.019865,162.151970,-0.00807974,60.2992,1,0.041034,321.019520
2016-05-31,-0.00286574,123.3611,1,0.017844,121.686560,0.00869440,61.1686,0,0.000000,0.000000
2016-06-01,-0.01288897,122.0722,1,0.020377,120.911050,0.00141302,61.3099,1,0.037948,262.463976
2016-06-02,-0.00710975,121.3612,1,0.021705,140.811940,0.00495987,61.8059,1,0.052213,340.980990
2016-06-03,-0.00349354,121.0119,1,0.021714,182.003450,0.00618000,62.4239,1,0.034590,281.839600
2016-06-06,-0.00162779,120.8491,1,0.018889,141.012960,-0.00030754,62.3932,1,0.044594,320.784610
2016-06-07,-0.00633891,120.2152,1,0.025531,181.804130,-0.00916787,61.4764,1,0.043707,341.881240
2016-06-08,0.00812505,121.0277,1,0.023275,160.934480,-0.00494242,60.9821,1,0.056352,360.977440
2016-06-09,-0.00666215,120.3615,1,0.023655,181.757620,0.01847142,62.8293,1,0.043848,300.501550
2016-06-10,0.00454833,120.8163,1,0.026327,200.982380,0.01613487,64.4428,1,0.035703,241.816990
2016-06-13,-0.00144904,120.6714,1,0.018514,142.356000,0.00006714,64.4495,0,0.000000,0.000000
2016-06-14,-0.00444189,120.2273,1,0.033839,220.276910,0.02224553,66.6740,0,0.000000,0.000000
2016-06-15,-0.00296507,119.9307,1,0.024567,200.303470,-0.00259856,66.4142,1,0.016886,122.708783
2016-06-16,0.00566419,120.4972,1,0.022331,180.918720,0.00248681,66.6629,1,0.042389,340.034070
2016-06-17,-0.00033869,120.4633,1,0.020169,160.901970,-0.00153244,66.5096,1,0.040834,301.331770
2016-06-20,0.00693377,121.1567,1,0.031843,201.505140,-0.01185525,65.3241,1,0.050805,301.369210
2016-06-21,0.00053919,121.2106,1,0.034821,221.717480,-0.00813937,64.5101,1,0.057457,361.763420
2016-06-22,0.00374980,121.5856,1,0.029430,180.703880,-0.00720667,63.7895,1,0.060017,340.037760
2016-06-23,-0.00030261,121.5553,1,0.016391,140.831110,-0.00016844,63.7726,1,0.050064,320.058050
2016-06-24,0.00042759,121.5981,1,0.032031,183.079230,-0.01449441,62.3232,0,0.000000,0.000000
2016-06-27,0.01281581,122.8797,0,0.000000,0.000000,0.00216117,62.5393,0,0.000000,0.000000
2016-06-28,-0.01194884,121.6848,1,0.038504,255.520703,0.00007514,62.5468,0,0.000000,0.000000
2016-06-29,0.00809131,122.4939,1,0.050029,283.758520,-0.00195159,62.3517,0,0.000000,0.000000
2016-06-30,0.00930176,123.4241,1,0.029324,203.825200,-0.00172120,62.1795,0,0.000000,0.000000
2016-07-01,0.00841908,124.2660,1,0.026672,164.455200,-0.00318796,61.8607,0,0.000000,0.000000
2016-07-05,-0.00982663,123.2833,1,0.040933,221.257100,-0.00151432,61.7093,1,0.058192,323.699729
2016-07-06,0.00540047,123.8234,1,0.016193,121.140230,-0.00856877,60.8524,1,0.049127,318.798700
2016-07-07,-0.00014261,123.8091,1,0.021181,200.612080,0.01125327,61.9778,1,0.050553,360.480110
2016-07-08,0.00207105,124.0162,1,0.016605,161.705960,0.00788960,62.7667,1,0.029370,221.581680
2016-07-11,0.00201313,124.2175,1,0.017327,123.281210,0.01068375,63.8351,0,0.000000,0.000000
2016-07-12,0.00009179,124.2267,1,0.007011,81.654040,0.01243307,65.0784,1,0.032093,224.898759
2016-07-13,0.00048143,124.2748,1,0.020627,141.986490,-0.00184495,64.8939,1,0.035825,261.844440
2016-07-14,0.00897301,125.1721,1,0.032599,220.400790,-0.01500011,63.3939,1,0.047341,360.635570
2016-07-15,-0.00308433,124.8637,1,0.025403,201.215340,-0.00090731,63.3032,1,0.057481,380.477970
2016-07-18,-0.00354666,124.5090,1,0.025186,200.466850,-0.00253781,63.0494,1,0.044161,300.947090
2016-07-19,0.00480035,124.9891,1,0.017515,160.765300,-0.00329871,62.7195,1,0.041911,301.233020
2016-07-20,0.00030649,125.0197,1,0.011691,141.428870,-0.00567772,62.1517,1,0.043482,339.579320
2016-07-21,-0.00511533,124.5082,1,0.033023,221.074100,-0.00869944,61.2818,1,0.056574,381.792530
2016-07-22,0.01048234,125.5564,1,0.025356,180.527330,-0.00851070,60.4307,1,0.050870,359.944570
2016-07-25,0.00175396,125.7318,1,0.020684,182.199370,-0.00619961,59.8108,1,0.050351,360.715500
2016-07-26,0.00638159,126.3700,1,0.024311,200.500160,0.00278906,60.0897,1,0.045234,360.286390
2016-07-27,-0.00885723,125.4843,1,0.027253,221.134130,0.00109503,60.1992,1,0.033837,301.034300
2016-07-28,-0.00752083,124.7322,1,0.020483,141.604490,0.00264634,60.4638,1,0.041636,279.844040
2016-07-29,0.00653368,125.3855,1,0.016032,121.039820,-0.00133282,60.3305,1,0.046782,301.551950
2016-08-01,-0.00542625,124.8429,1,0.015225,102.345140,0.00531699,60.8622,1,0.046251,262.431540
2016-08-02,0.00654130,125.4971,1,0.025420,160.460240,-0.00310559,60.5517,1,0.037799,260.760870
2016-08-03,-0.00101612,125.3954,1,0.014772,141.145250,-0.01220890,59.3308,0,0.000000,0.000000
2016-08-04,-0.00515187,124.8803,1,0.030177,201.076620,-0.01533255,57.7975,1,0.061205,379.471327
2016-08-05,-0.01029404,123.8509,1,0.032484,238.920030,-0.00862227,56.9353,1,0.059497,399.781650
2016-08-08,-0.00808727,123.0421,1,0.023617,161.923300,0.00648190,57.5835,1,0.040650,342.684710
2016-08-09,-0.00026620,123.0155,1,0.020550,121.087350,-0.00008466,57.5750,1,0.037206,300.907140
2016-08-10,0.00845371,123.8609,1,0.023969,141.166770,-0.00709852,56.8652,1,0.046412,341.066720
2016-08-11,-0.00193903,123.6670,1,0.024423,179.639360,0.00041077,56.9062,1,0.045103,359.497580
2016-08-12,0.00665652,124.3326,1,0.019398,141.703340,0.00103295,57.0095,0,0.000000,0.000000
2016-08-15,-0.00051138,124.2815,1,0.022308,140.711910,-0.01358999,55.6505,1,0.032959,261.275699
2016-08-16,-0.00725596,123.5559,1,0.016406,122.022330,0.00205280,55.8558,1,0.046550,360.542460
2016-08-17,0.00144367,123.7003,1,0.005333,61.494610,-0.00686462,55.1694,0,0.000000,0.000000
2016-08-18,-0.00153321,123.5469,1,0.018121,101.250000,-0.00107190,55.0622,1,0.056550,379.344999
2016-08-19,0.00068390,123.6153,1,0.021820,180.624520,-0.00603094,54.4591,1,0.037814,280.755060
2016-08-22,0.00484418,124.0997,1,0.032012,219.752010,-0.00674354,53.7847,1,0.047274,339.387200
2016-08-23,0.01992728,126.0925,1,0.016152,120.830990,0.01608643,55.3934,1,0.053857,380.363860
2016-08-24,-0.00026840,126.0656,1,0.032110,262.736620,-0.00395454,54.9979,1,0.044234,323.204900
2016-08-25,0.00199838,126.2655,1,0.023742,180.394490,-0.00388981,54.6089,1,0.048521,339.384580
2016-08-26,-0.01186929,125.0785,1,0.019249,180.757840,0.00301592,54.9105,1,0.046138,340.437820
2016-08-29,0.00125541,125.2041,1,0.025889,140.958360,-0.00484898,54.4256,1,0.039798,280.486350
2016-08-30,-0.00178661,125.0254,1,0.017341,101.223130,-0.00118640,54.3070,0,0.000000,0.000000
2016-08-31,-0.00307513,124.7179,1,0.015693,141.059600,-0.01313946,52.9930,1,0.031476,262.226128
2016-09-01,-0.00281027,124.4369,1,0.023367,180.010180,-0.00016344,52.9767,1,0.052394,359.649630
2016-09-02,0.00658355,125.0952,1,0.025725,200.850940,-0.00794831,52.1819,1,0.045221,320.746210
2016-09-06,0.00362327,125.4576,1,0.022713,202.418720,-0.00132560,52.0493,0,0.000000,0.000000
2016-09-07,0.00366431,125.8240,1,0.012099,140.212260,0.00165016,52.2143,1,0.049364,361.289124
2016-09-08,-0.00325330,125.4987,1,0.017750,161.304610,0.00453599,52.6679,1,0.041681,301.150140
2016-09-09,-0.00582202,124.9165,1,0.012032,120.363420,-0.00775026,51.8929,1,0.025676,219.783020
2016-09-12,-0.01157068,123.7594,1,0.031318,220.560270,0.00631053,52.5239,0,0.000000,0.000000
2016-09-13,-0.02029085,121.7303,1,0.020585,162.983210,-0.01212606,51.3113,0,0.000000,0.000000
2016-09-14,-0.00862712,120.8676,1,0.010772,82.505320,-0.00159393,51.1519,0,0.000000,0.000000
2016-09-15,-0.00481719,120.3859,1,0.015889,101.637780,0.00185027,51.3370,1,0.044643,335.314659
2016-09-16,0.01733809,122.1197,1,0.012181,102.673450,0.00176689,51.5137,0,0.000000,0.000000
2016-09-19,0.00532328,122.6520,1,0.015952,122.519570,0.00558637,52.0723,1,0.035513,262.676002
2016-09-20,0.00298145,122.9502,1,0.015945,101.124660,0.00034598,52.1069,1,0.041542,281.137270
2016-09-21,0.00521213,123.4714,1,0.020337,100.842670,0.00810175,52.9171,1,0.041765,280.971140
2016-09-22,0.00949702,124.4211,1,0.017718,123.624110,0.00181148,53.0982,0,0.000000,0.000000
2016-09-23,-0.00015523,124.4056,1,0.021173,161.486520,0.00469320,53.5675,1,0.047420,284.563319
2016-09-26,0.00248820,124.6544,1,0.020120,200.133590,0.00772946,54.3405,1,0.033014,280.452500
2016-09-27,0.00523523,125.1779,1,0.017767,180.229300,-0.00489404,53.8511,0,0.000000,0.000000
2016-09-28,0.00163969,125.3419,1,0.022851,200.290550,0.00438306,54.2894,1,0.043784,358.622700
2016-09-29,0.00239400,125.5813,1,0.029210,181.784260,0.00213517,54.5029,1,0.049413,320.963730
2016-09-30,-0.00586410,124.9949,1,0.020580,140.762950,0.00615681,55.1186,0,0.000000,0.000000
2016-10-03,-0.02132787,122.8621,1,0.018247,142.405670,0.02724899,57.8435,1,0.039641,280.839772
2016-10-04,-0.01346599,121.5155,1,0.020669,139.320920,0.00898943,58.7424,1,0.032657,222.052680
2016-10-05,-0.01821879,119.6936,1,0.017199,121.631990,0.02329804,61.0722,1,0.041576,279.639600
2016-10-06,0.00329615,120.0232,1,0.016435,122.167600,-0.00829540,60.2427,1,0.033920,222.009380
2016-10-07,-0.00625093,119.3981,1,0.019483,200.340810,0.00066332,60.3090,1,0.040448,360.580220
2016-10-10,0.00444523,119.8426,1,0.027327,200.474690,0.00200378,60.5094,0,0.000000,0.000000
2016-10-11,-0.00375995,119.4666,1,0.023485,221.252090,-0.00156199,60.3532,1,0.039649,320.806234
2016-10-12,0.00265536,119.7322,1,0.020344,140.705970,-0.00272247,60.0810,0,0.000000,0.000000
2016-10-13,0.00034443,119.7666,1,0.023897,220.842000,0.01095609,61.1766,1,0.043811,357.310504
2016-10-14,0.00755861,120.5225,1,0.025829,199.887160,-0.00674179,60.5024,1,0.029259,220.752320
2016-10-17,0.00080435,120.6029,1,0.024505,200.701010,0.00400150,60.9025,1,0.049340,360.149920
2016-10-18,0.00499888,121.1028,1,0.037062,259.944380,-0.00975157,59.9274,1,0.040537,300.758370
2016-10-19,-0.00024020,121.0788,1,0.025930,182.409770,0.00348735,60.2761,1,0.059935,362.112280
2016-10-20,0.00455649,121.5344,1,0.022761,181.444150,-0.01320947,58.9552,1,0.040327,281.881330
2016-10-21,-0.00692067,120.8424,1,0.020687,140.974730,0.00265927,59.2211,1,0.044083,340.178560
2016-10-24,0.00087934,120.9303,1,0.019636,160.774220,0.00171616,59.3927,1,0.042364,320.139670
2016-10-25,-0.00202638,120.7277,1,0.021578,161.468690,0.00793945,60.1867,0,0.000000,0.000000
2016-10-26,-0.02206775,118.5209,1,0.029015,161.058280,0.02332140,62.5188,1,0.037130,281.242684
2016-10-27,-0.00213113,118.3078,1,0.020383,102.932120,0.00800194,63.3190,1,0.026016,241.698030
2016-10-28,0.00279428,118.5872,1,0.017372,121.622690,0.00259885,63.5789,1,0.039445,260.949090
2016-10-31,0.02080064,120.6673,1,0.020656,160.802460,-0.01101676,62.4772,1,0.048546,300.468590
2016-11-01,0.00174805,120.8421,1,0.020595,123.364460,-0.01255129,61.2221,1,0.050479,300.484030
2016-11-02,-0.00011291,120.8308,1,0.023861,161.319160,0.00430340,61.6524,1,0.067250,379.021570
2016-11-03,-0.00305246,120.5255,1,0.024726,141.346010,0.00275102,61.9275,0,0.000000,0.000000
2016-11-04,0.00833715,121.3592,1,0.031815,201.114460,0.00223255,62.1508,1,0.056565,319.734179
2016-11-07,0.00055596,121.4148,1,0.023094,180.915190,0.00289863,62.4406,1,0.042147,321.837160
2016-11-08,-0.00035491,121.3793,1,0.031061,203.943610,0.01102127,63.5428,0,0.000000,0.000000
2016-11-09,0.01842252,123.2216,1,0.018588,181.813570,-0.00862369,62.6804,1,0.036799,246.422159
2016-11-10,-0.00880965,122.3406,1,0.017405,164.396460,0.03983471,66.6639,1,0.057869,362.165370
2016-11-11,0.00464360,122.8050,1,0.022660,144.828840,0.00029425,66.6933,1,0.035435,262.025400
2016-11-14,-0.00268660,122.5363,1,0.039810,181.187640,-0.00028766,66.6645,1,0.046766,320.174020
2016-11-15,0.00063880,122.6002,1,0.022250,182.323890,-0.01275903,65.3886,1,0.052123,302.844160
2016-11-16,0.00026368,122.6266,1,0.012452,141.491470,0.00287428,65.6760,1,0.061802,361.381560
2016-11-17,-0.00884340,121.7422,1,0.021540,180.786440,0.01507992,67.1840,1,0.052948,301.076350
2016-11-18,0.00197045,121.9393,1,0.020025,182.990620,-0.00313831,66.8702,1,0.044521,302.922420
2016-11-21,-0.00688948,121.2503,1,0.018178,160.685070,0.00466579,67.3368,1,0.042311,319.508430
2016-11-22,0.00050948,121.3013,1,0.015642,141.937250,-0.02123814,65.2130,1,0.045854,282.116170
2016-11-23,0.00386565,121.6879,1,0.021525,161.604270,-0.00792720,64.4203,1,0.055300,340.188460
2016-11-25,0.00247278,121.9351,1,0.029362,181.334470,-0.00771360,63.6489,1,0.058030,360.860200
2016-11-28,0.01714988,123.6501,1,0.026292,141.844960,0.00614182,64.2631,1,0.067528,362.074370
2016-11-29,-0.00034175,123.6159,1,0.020655,161.720860,-0.00182599,64.0805,1,0.046779,241.624230
2016-11-30,-0.00554705,123.0612,1,0.019585,181.132460,-0.01402694,62.6778,1,0.052234,320.697660
2016-12-01,-0.02733706,120.3275,1,0.022856,140.756000,0.02465690,65.1435,1,0.053800,359.088280
2016-12-02,0.00878801,121.2063,1,0.016119,102.916210,-0.01974150,63.1693,1,0.039460,221.792710
2016-12-05,0.00712878,121.9192,1,0.019422,141.513280,-0.00551258,62.6181,1,0.047878,380.681690
2016-12-06,-0.00231635,121.6876,1,0.022625,162.450660,0.00225684,62.8437,1,0.051386,321.647400
2016-12-07,0.00212594,121.9002,1,0.008976,121.121730,-0.00300045,62.5437,1,0.044655,321.569510
2016-12-08,-0.00558812,121.3414,1,0.010312,122.736610,0.01061496,63.6052,1,0.041334,341.586590
2016-12-09,0.01598257,122.9396,1,0.014253,122.009820,-0.01168432,62.4368,1,0.047402,302.532010
2016-12-12,0.00721334,123.6609,1,0.017006,180.976750,0.00080426,62.5172,1,0.053524,341.507210
2016-12-13,-0.00077232,123.5837,1,0.018512,120.737480,0.01478164,63.9954,1,0.053556,299.662370
2016-12-14,0.00172050,123.7558,1,0.018500,141.292860,-0.00021320,63.9740,1,0.035040,261.867180
2016-12-15,0.00221918,123.9777,1,0.015542,121.227230,-0.00162134,63.8119,0,0.000000,0.000000
2016-12-16,0.00674864,124.6526,1,0.017346,121.454460,-0.00897484,62.9144,1,0.044744,359.198511
2016-12-19,-0.00094208,124.5583,1,0.029748,181.325710,0.00304359,63.2188,1,0.041371,359.864380
2016-12-20,0.00648034,125.2064,1,0.011786,101.191500,-0.00720220,62.4986,1,0.040740,281.302950
2016-12-21,0.00570005,125.7764,1,0.023175,181.204460,0.00126905,62.6255,1,0.056915,360.441560
2016-12-22,0.00752262,126.5286,0,0.000000,0.000000,0.01005081,63.6305,1,0.035889,300.949060
2016-12-23,0.00357452,126.8861,0,0.000000,0.000000,-0.00458576,63.1720,1,0.041386,260.742070
2016-12-27,-0.00245189,126.6409,1,0.029989,178.968585,-0.00042941,63.1290,1,0.055461,340.393410
2016-12-28,0.00098041,126.7389,1,0.024929,140.713600,-0.00462767,62.6663,1,0.039137,260.900420
2016-12-29,0.00899280,127.6382,1,0.035470,180.279650,0.00210651,62.8769,0,0.000000,0.000000
2016-12-30,-0.00935563,126.7027,1,0.017623,140.969630,-0.00139668,62.7372,1,0.047118,299.101822
2017-01-03,-0.00069758,126.6329,1,0.009558,121.035120,0.00128102,62.8653,1,0.041878,320.344650
2017-01-04,-0.00962702,125.6702,1,0.023392,161.623560,-0.00379710,62.4856,1,0.042100,281.586040
2017-01-05,-0.00896932,124.7733,1,0.022622,123.390570,0.00237667,62.7233,0,0.000000,0.000000
2017-01-06,-0.00462422,124.3109,1,0.017952,81.204870,0.00305931,63.0292,1,0.039009,321.822973
2017-01-09,0.00726774,125.0376,1,0.022306,140.979630,0.00346265,63.3755,1,0.040185,301.004160
2017-01-10,0.00515023,125.5526,1,0.024067,200.329000,0.01533280,64.9088,1,0.032640,279.893350
2017-01-11,0.00481979,126.0346,1,0.016521,121.377030,-0.00566350,64.3424,1,0.039210,222.069580
2017-01-12,-0.00014862,126.0198,1,0.015872,141.934140,-0.01006339,63.3361,1,0.056989,340.806060
2017-01-13,0.00784894,126.8047,1,0.025826,201.005810,-0.01285531,62.0506,1,0.057331,340.477610
2017-01-17,0.00693320,127.4980,1,0.019430,162.006140,-0.01060415,60.9901,1,0.053595,361.128820
2017-01-18,-0.00018268,127.4797,1,0.017218,142.335050,-0.00965040,60.0251,1,0.053050,360.270540
2017-01-19,0.00331939,127.8116,1,0.008341,100.514350,-0.00206918,59.8182,1,0.054748,380.602370
2017-01-20,-0.01392634,126.4190,1,0.014124,121.658820,0.00940240,60.7584,0,0.000000,0.000000
2017-01-23,-0.00582392,125.8366,1,0.013472,122.550830,0.00234769,60.9932,1,0.047561,321.196760
2017-01-24,-0.00609388,125.2272,1,0.017498,160.732800,0.00864153,61.8573,1,0.042087,280.798670
2017-01-25,-0.00179610,125.0476,1,0.020780,143.290270,-0.00512152,61.3452,0,0.000000,0.000000
2017-01-26,0.01257349,126.3050,1,0.013121,102.094110,0.00674896,62.0201,1,0.051324,364.785697
2017-01-27,-0.00692214,125.6128,1,0.010524,81.327850,-0.00005886,62.0142,1,0.029366,260.671320
2017-01-30,-0.00131367,125.4814,1,0.013507,81.263670,0.00011165,62.0254,1,0.031465,300.483060
2017-01-31,0.00545457,126.0269,1,0.018453,141.033420,0.00051816,62.0772,1,0.038264,280.192910
2017-02-01,-0.00637624,125.3892,1,0.015084,102.075470,-0.00586082,61.4911,1,0.041622,321.157760
2017-02-02,0.01111037,126.5003,1,0.007753,60.987940,-0.01919156,59.5719,1,0.050946,379.250600
2017-02-03,0.00761423,127.2617,1,0.018307,162.087690,-0.00328653,59.2433,1,0.054753,381.072110
2017-02-06,-0.00096269,127.1654,1,0.027349,242.454410,0.00587348,59.8306,0,0.000000,0.000000
2017-02-07,-0.00526123,126.6393,1,0.015393,161.203160,0.00463049,60.2937,1,0.040551,281.882064
2017-02-08,0.00083157,126.7225,1,0.017033,120.803410,0.00144721,60.4384,1,0.044919,240.760360
2017-02-09,0.00978636,127.7011,1,0.021584,181.726090,-0.02111175,58.3272,1,0.045285,320.910900
2017-02-10,-0.00279777,127.4213,1,0.018067,162.329060,-0.00130935,58.1963,1,0.050415,382.623210
2017-02-13,0.00278914,127.7002,1,0.018596,141.492350,0.00312980,58.5093,1,0.047500,341.936020
2017-02-14,0.00265316,127.9655,1,0.022184,161.477910,-0.01201856,57.3074,1,0.046336,321.468540
2017-02-15,-0.00776241,127.1893,1,0.007701,81.528020,-0.00146200,57.1612,1,0.040610,341.463060
2017-02-16,0.01131809,128.3211,1,0.008751,81.114940,-0.01094696,56.0665,1,0.048946,321.166610
2017-02-17,-0.00106658,128.2145,1,0.020598,160.401980,-0.00160882,55.9056,1,0.051062,339.217070
2017-02-21,0.01028938,129.2434,1,0.022022,161.106120,-0.00067337,55.8383,1,0.044877,320.231900
2017-02-22,0.00107780,129.3512,1,0.021620,161.461580,-0.00247938,55.5904,0,0.000000,0.000000
2017-02-23,-0.00064181,129.2870,1,0.013081,120.695580,0.02130758,57.7211,1,0.042422,339.577298
2017-02-24,0.02482541,131.7695,1,0.017929,141.504320,-0.01350763,56.3704,1,0.025423,202.822960
2017-02-27,0.00284107,132.0536,1,0.017893,123.412810,-0.01229270,55.1411,1,0.044650,283.751140
2017-02-28,-0.00039697,132.0139,1,0.016527,121.163900,-0.01826359,53.3147,1,0.048279,380.294780
2017-03-01,0.01433523,133.4475,1,0.018927,100.818070,-0.00411266,52.9035,1,0.042416,379.743700
2017-03-02,-0.00720148,132.7273,1,0.012128,103.342470,-0.01305620,51.5979,1,0.043590,322.058950
2017-03-03,0.00596996,133.3243,1,0.027894,161.064140,-0.00577054,51.0208,1,0.043784,340.059170
2017-03-06,-0.00216530,133.1078,1,0.024410,140.795630,0.00037419,51.0582,1,0.047311,320.441550
2017-03-07,-0.00135510,132.9723,1,0.025530,141.063140,0.00015536,51.0738,1,0.038264,279.850650
2017-03-08,0.00253487,133.2258,1,0.021713,160.559640,0.00058622,51.1324,1,0.038008,259.920720
2017-03-09,-0.00121802,133.1040,1,0.017202,141.480500,0.00455280,51.5877,1,0.043190,319.949790
2017-03-10,0.00003158,133.1071,1,0.022662,120.634640,0.00215780,51.8034,1,0.044550,300.733890
2017-03-13,-0.00110849,132.9963,1,0.018949,120.972620,0.00056273,51.8597,1,0.046157,321.093150
2017-03-14,-0.00526856,132.4694,1,0.015606,120.766640,0.00357891,52.2176,1,0.046939,280.872350
2017-03-15,0.00284646,132.7541,1,0.007054,60.986410,0.00180167,52.3978,1,0.030703,300.227670
2017-03-16,0.00821055,133.5751,1,0.012585,102.417740,-0.01104712,51.2931,0,0.000000,0.000000
2017-03-17,0.00286748,133.8619,1,0.012342,100.984840,-0.01142467,50.1506,1,0.050947,401.715397
2017-03-20,-0.00000949,133.8609,1,0.013009,101.394470,0.00366951,50.5175,1,0.037959,340.433940
2017-03-21,-0.00597188,133.2637,1,0.015628,101.145500,-0.01028931,49.4886,1,0.033101,259.691330
2017-03-22,-0.00113690,133.1500,1,0.012190,82.033480,-0.00184356,49.3042,1,0.057446,377.918550
2017-03-23,0.00660785,133.8108,1,0.020715,100.821220,-0.00202946,49.1013,1,0.042556,301.172210
2017-03-24,-0.00413298,133.3975,1,0.014708,101.238660,-0.00041329,49.0600,1,0.041579,360.362110
2017-03-27,-0.00387234,133.0103,1,0.022334,140.525210,0.00520672,49.5806,1,0.048878,360.021270
2017-03-28,0.00078368,133.0886,1,0.018342,100.858140,0.00902304,50.4830,1,0.034766,241.181110
2017-03-29,-0.00167826,132.9208,1,0.016326,141.018230,0.00552905,51.0359,0,0.000000,0.000000
2017-03-30,0.00503000,133.4238,1,0.023160,200.973460,-0.00766494,50.2694,1,0.040804,301.121189
2017-03-31,0.00076664,133.5005,1,0.012876,101.439620,-0.00572208,49.6972,1,0.038908,321.365070
2017-04-03,-0.00455119,133.0454,1,0.010089,81.065660,-0.00231009,49.4661,1,0.039869,320.584860
2017-04-04,-0.00824454,132.2209,1,0.013874,100.506870,-0.00243591,49.2226,1,0.045881,279.362440
2017-04-05,-0.00760250,131.4607,1,0.024000,121.242060,0.00659997,49.8826,1,0.059533,340.466150
2017-04-06,0.01018363,132.4790,1,0.014537,81.067410,-0.01020087,48.8625,1,0.041627,300.218370
2017-04-07,0.00164856,132.6439,1,0.020464,182.242240,-0.00037800,48.8247,1,0.058420,380.816340
2017-04-10,0.00126098,132.7700,1,0.024232,160.221120,-0.00434758,48.3899,1,0.047568,319.993420
2017-04-11,0.00584967,133.3550,1,0.020103,160.609270,-0.00669380,47.7205,1,0.051880,320.547930
2017-04-12,-0.01116114,132.2388,1,0.017624,141.007450,0.00652003,48.3725,1,0.049577,300.800520
2017-04-13,-0.00260135,131.9787,1,0.010615,100.815650,0.00865018,49.2375,1,0.045572,300.054740
2017-04-17,0.00422617,132.4013,1,0.022043,160.335760,-0.00500117,48.7374,0,0.000000,0.000000
2017-04-18,-0.00265438,132.1359,1,0.018968,121.971260,0.00559902,49.2973,0,0.000000,0.000000
2017-04-19,0.00423095,132.5590,1,0.004805,60.587750,0.00597168,49.8945,1,0.043222,341.084639
2017-04-20,-0.00295647,132.2633,1,0.009387,80.982340,0.01659623,51.5541,1,0.033587,241.253890
2017-04-21,-0.00366662,131.8967,1,0.017442,142.509620,0.00091310,51.6454,1,0.028800,262.308490
2017-04-24,0.00709708,132.6064,1,0.008872,100.660680,-0.00949018,50.6964,1,0.037508,300.863850
2017-04-25,0.00279497,132.8859,1,0.015133,182.611300,-0.00355105,50.3413,0,0.000000,0.000000
2017-04-26,0.00279891,133.1658,1,0.016899,141.727810,0.01047374,51.3887,1,0.059186,383.060791
2017-04-27,-0.00742290,132.4235,1,0.028750,121.613610,0.00760893,52.1496,1,0.041917,261.599800
2017-04-28,0.01168886,133.5924,1,0.022774,141.255480,-0.01545285,50.6043,1,0.049125,281.465390
2017-05-01,-0.00907738,132.6846,1,0.021078,140.805440,0.00247642,50.8519,1,0.053098,399.056460
2017-05-02,-0.00271483,132.4131,1,0.019203,100.897360,0.00313490,51.1654,1,0.059410,320.484740
2017-05-03,0.00401967,132.8151,1,0.023833,180.782840,0.01317640,52.4831,1,0.046770,340.852160
2017-05-04,-0.00411374,132.4037,1,0.019294,140.630460,0.01017812,53.5009,1,0.027468,241.923710
2017-05-05,0.00525467,132.9292,1,0.017143,141.392020,-0.01109572,52.3913,1,0.047692,261.711660
2017-05-08,-0.00325410,132.6038,1,0.012510,141.508550,-0.00352360,52.0389,1,0.056320,341.662480
2017-05-09,-0.01079811,131.5240,1,0.022531,200.417060,0.00251834,52.2908,1,0.054846,359.482120
2017-05-10,-0.00170243,131.3537,1,0.023343,220.227520,-0.00436725,51.8541,1,0.047885,341.118960
2017-05-11,0.00037119,131.3909,1,0.021951,180.866080,-0.00145650,51.7084,1,0.044610,360.714500
2017-05-12,0.00473295,131.8641,1,0.017465,160.875650,0.00274926,51.9833,1,0.033774,279.918680
2017-05-15,-0.00593700,131.2704,1,0.018160,161.077380,-0.00273900,51.7094,1,0.045490,299.864700
2017-05-16,-0.00588653,130.6818,1,0.017193,181.927180,-0.00580024,51.1294,0,0.000000,0.000000
2017-05-17,0.02721730,133.4035,1,0.028670,180.744840,-0.03348366,47.7810,1,0.045316,360.890155
2017-05-18,-0.00589158,132.8144,1,0.026588,221.496040,0.00206411,47.9874,0,0.000000,0.000000
2017-05-19,0.00844731,133.6591,1,0.023149,201.321850,-0.01044846,46.9426,1,0.048186,318.712855
2017-05-22,0.00034203,133.6933,1,0.015127,162.009400,0.00583414,47.5260,0,0.000000,0.000000
2017-05-23,-0.00862882,132.8304,1,0.018952,181.332470,0.00791412,48.3174,0,0.000000,0.000000
2017-05-24,-0.00265165,132.5653,1,0.016615,161.529890,0.00278595,48.5960,1,0.042175,304.530539
2017-05-25,0.01181199,133.7465,1,0.018111,161.282450,-0.01860861,46.7352,1,0.037241,302.003690
2017-05-26,0.00474452,134.2209,1,0.018088,163.054470,-0.00603832,46.1313,1,0.036572,303.313180
2017-05-30,0.00397024,134.6179,1,0.024446,200.973180,0.00102616,46.2339,1,0.040594,340.196160
2017-05-31,-0.00249733,134.3682,1,0.015353,160.816530,0.00892529,47.1265,1,0.041701,320.385790
2017-06-01,0.00169714,134.5379,1,0.020586,160.976100,-0.01073046,46.0534,1,0.030696,221.469930
2017-06-02,0.00177020,134.7149,1,0.018190,142.232480,-0.00024616,46.0288,0,0.000000,0.000000
2017-06-05,0.00234339,134.9493,1,0.015051,141.096910,-0.00312406,45.7164,1,0.046536,303.853201
2017-06-06,-0.00228887,134.7204,1,0.017327,120.544130,-0.00093801,45.6226,1,0.053321,359.582470
2017-06-07,-0.00684655,134.0357,1,0.021085,140.427820,-0.00267766,45.3548,1,0.048516,320.580140
2017-06-08,0.00722898,134.7586,1,0.020972,180.829530,0.00886273,46.2411,1,0.040787,281.209650
2017-06-09,0.00242008,135.0006,1,0.015802,161.728870,0.00125937,46.3671,1,0.037513,281.349200
2017-06-12,0.00761066,135.7617,1,0.018364,121.985030,0.01470782,47.8378,1,0.042088,321.446230
2017-06-13,-0.00038871,135.7228,1,0.017641,121.147670,-0.00636375,47.2015,1,0.042855,221.539230
2017-06-14,0.00302683,136.0255,1,0.017687,121.540110,0.00111595,47.3131,1,0.043975,321.724080
2017-06-15,0.00053859,136.0794,1,0.018711,181.219370,0.00604948,47.9180,1,0.040912,320.283350
2017-06-16,0.00490873,136.5702,1,0.025757,160.364870,0.00311464,48.2295,1,0.040026,261.267740
2017-06-19,-0.00064290,136.5060,1,0.023220,240.587710,-0.00457130,47.7723,1,0.032010,302.325590
2017-06-20,0.00448647,136.9546,1,0.021633,201.504050,0.00492497,48.2648,1,0.041023,361.169740
2017-06-21,0.00319274,137.2739,1,0.023406,200.756140,0.00342114,48.6069,1,0.037736,300.275700
2017-06-22,0.00733451,138.0073,1,0.016649,140.654520,0.00518580,49.1255,1,0.037570,260.668830
2017-06-23,0.00431580,138.4389,1,0.020410,161.255360,0.00569234,49.6948,1,0.033426,261.190450
2017-06-26,0.00959593,139.3985,1,0.018667,180.852090,-0.01650124,48.0446,1,0.030764,281.450880
2017-06-27,-0.01592983,137.8055,1,0.020873,161.092800,0.00932640,48.9773,1,0.045540,360.707300
2017-06-28,-0.01335953,136.4696,1,0.014123,120.102350,0.00842666,49.8199,1,0.045004,259.999220
2017-06-29,-0.00522944,135.9466,1,0.014014,122.295950,0.00106788,49.9267,1,0.040942,282.726790
2017-06-30,-0.00197905,135.7487,1,0.019895,160.113430,0.00617364,50.5441,1,0.043326,338.703450
2017-07-03,0.00472114,136.2208,1,0.023216,200.593150,0.00422962,50.9671,1,0.043588,301.089070
2017-07-05,0.00618587,136.8394,1,0.026113,141.147410,-0.02291587,48.6755,1,0.061547,321.067810
2017-07-06,-0.00545694,136.2937,1,0.013274,121.401140,0.00608983,49.2845,1,0.044867,380.330720
2017-07-07,-0.00614048,135.6797,1,0.009758,101.250920,0.00932654,50.2171,0,0.000000,0.000000
2017-07-10,-0.00226181,135.4535,1,0.011941,121.195330,0.01342735,51.5598,0,0.000000,0.000000
2017-07-11,0.00750714,136.2042,1,0.021996,140.726920,-0.00111865,51.4480,1,0.026385,203.028988
2017-07-12,0.02826244,139.0304,1,0.017166,180.213550,0.03164705,54.6127,1,0.041535,320.069720
2017-07-13,0.00692272,139.7227,1,0.012438,104.726090,0.00201232,54.8139,0,0.000000,0.000000
2017-07-14,0.00064369,139.7871,1,0.016881,141.962590,0.00573074,55.3870,1,0.042206,325.664658
2017-07-17,0.00619058,140.4061,1,0.021372,181.389470,-0.00470182,54.9168,1,0.040382,301.861220
2017-07-18,-0.00087712,140.3184,1,0.019132,161.027090,-0.00829369,54.0874,1,0.051609,340.340920
2017-07-19,0.00368999,140.6874,1,0.014251,160.413360,0.01170645,55.2581,1,0.037205,340.399720
2017-07-20,0.00257859,140.9453,1,0.025261,161.862970,0.00458945,55.7170,0,0.000000,0.000000
2017-07-21,-0.00194203,140.7511,1,0.016713,161.465680,0.00204549,55.9216,1,0.033031,222.830675
2017-07-24,-0.00024652,140.7264,1,0.021502,220.782190,-0.00815615,55.1060,1,0.034765,300.799120
2017-07-25,-0.00383337,140.3431,1,0.020547,200.793730,-0.00222523,54.8834,1,0.035473,319.435910
2017-07-26,0.00045562,140.3887,1,0.017568,182.023990,0.00052312,54.9358,1,0.039618,321.520690
2017-07-27,0.01416066,141.8047,1,0.013974,121.080550,-0.00997693,53.9381,1,0.045893,340.717850
2017-07-28,-0.00130289,141.6744,1,0.008789,122.321760,-0.01411883,52.5262,1,0.044753,339.721080
2017-07-31,0.00192740,141.8672,1,0.024960,121.013860,-0.00310202,52.2160,1,0.064842,299.286330
2017-08-01,0.00479560,142.3467,1,0.030550,180.315480,0.00568834,52.7848,1,0.029746,299.988520
2017-08-02,-0.00307567,142.0392,1,0.021267,160.847990,0.00550236,53.3350,1,0.044954,280.940520
2017-08-03,-0.00004671,142.0345,1,0.018081,160.847360,0.00401985,53.7370,1,0.040955,300.735270
2017-08-04,0.00683156,142.7177,1,0.014824,140.906170,-0.00765632,52.9714,1,0.043602,280.318740
2017-08-07,0.00173989,142.8916,1,0.023121,200.758300,-0.00069493,52.9019,1,0.055243,360.457190
2017-08-08,-0.00264089,142.6276,1,0.022299,180.746870,-0.00427375,52.4745,1,0.038425,280.825250
2017-08-09,-0.00162371,142.4652,1,0.031691,220.786250,0.00803007,53.2775,1,0.044203,299.642270
2017-08-10,-0.01617306,140.8479,1,0.021606,181.003900,0.01388128,54.6657,1,0.030612,281.318850
2017-08-11,0.00461281,141.3092,1,0.015439,140.755680,-0.00911268,53.7544,1,0.036398,279.623540
2017-08-14,0.00151228,141.4604,1,0.013812,120.934860,0.00317710,54.0721,1,0.043620,340.716230
2017-08-15,-0.00814680,140.6457,1,0.012610,121.576000,-0.00145627,53.9265,0,0.000000,0.000000
2017-08-16,0.00058268,140.7040,1,0.014692,120.922970,-0.00424803,53.5017,1,0.043373,362.289708
2017-08-17,-0.00606458,140.0975,1,0.017718,161.252560,0.00359020,53.8607,1,0.047530,381.066690
2017-08-18,-0.00186450,139.9111,1,0.019280,180.256180,-0.00114023,53.7467,0,0.000000,0.000000
2017-08-21,-0.00478138,139.4329,1,0.015088,140.568190,-0.00635435,53.1112,1,0.038195,317.891042
2017-08-22,0.01030589,140.4635,1,0.008621,100.877830,-0.00253589,52.8576,1,0.035689,340.654380
2017-08-23,-0.00668333,139.7952,1,0.021233,182.178630,-0.00618173,52.2395,1,0.039893,341.598660
2017-08-24,0.00419622,140.2148,1,0.021018,160.331600,-0.00504210,51.7353,1,0.038810,359.762620
2017-08-25,-0.00454171,139.7606,1,0.025421,200.735280,0.00603837,52.3391,1,0.040993,360.124200
2017-08-28,0.00311239,140.0719,1,0.007071,81.049810,-0.00634997,51.7041,1,0.036247,281.211710
2017-08-29,0.00023918,140.0958,1,0.013002,121.273310,-0.00883134,50.8210,1,0.046754,360.103370
2017-08-30,0.01030968,141.1268,1,0.016102,100.729500,0.00135732,50.9567,1,0.048818,299.200560
2017-08-31,0.00478086,141.6048,1,0.020424,181.114990,0.00123863,51.0806,1,0.050817,321.459330
2017-09-01,-0.00317457,141.2874,1,0.017637,161.308230,-0.00493686,50.5869,1,0.043476,301.026000
2017-09-05,-0.00421419,140.8660,1,0.022179,221.078300,-0.00017755,50.5691,1,0.045815,340.530670
2017-09-06,-0.00036104,140.8299,1,0.018494,179.683060,-0.00057764,50.5114,1,0.041744,319.739600
2017-09-07,-0.00722874,140.1070,1,0.014254,140.707950,-0.00602705,49.9087,1,0.039115,320.423080
2017-09-08,0.00373097,140.4801,1,0.010183,101.816480,-0.02192121,47.7165,1,0.048071,360.608390
2017-09-11,0.01105472,141.5856,1,0.014098,120.925200,0.01380386,49.0969,1,0.054784,379.590910
2017-09-12,0.00373820,141.9594,1,0.021790,182.828210,-0.00525088,48.5718,0,0.000000,0.000000
2017-09-13,-0.00250861,141.7085,1,0.019691,162.145490,-0.00382472,48.1894,1,0.053312,382.012768
2017-09-14,0.01315654,143.0242,1,0.018256,160.749790,0.01225784,49.4151,1,0.037186,298.429360
2017-09-15,0.00842561,143.8667,1,0.020159,201.236990,0.01032378,50.4475,1,0.039702,281.415590
2017-09-18,0.00225552,144.0923,1,0.017658,161.501300,-0.00990158,49.4574,1,0.029768,261.681360
2017-09-19,0.00196672,144.2890,1,0.013398,141.219930,0.00953222,50.4106,1,0.035738,320.996470
2017-09-20,0.00214209,144.5032,1,0.018111,160.990830,-0.00296665,50.1139,1,0.036125,281.610040
2017-09-21,0.00194937,144.6981,1,0.020353,221.445160,0.00312006,50.4259,1,0.038224,341.034960
2017-09-22,-0.00691521,144.0066,1,0.016471,180.699570,0.00916739,51.3427,1,0.028511,280.277090
2017-09-25,0.00053599,144.0602,1,0.012871,201.893910,-0.00840367,50.5023,1,0.034237,301.998750
2017-09-26,-0.01069689,142.9905,1,0.013199,161.467350,0.00015565,50.5179,1,0.037545,340.342030
2017-09-27,-0.01014574,141.9759,1,0.013184,141.518890,0.01122158,51.6400,1,0.037572,301.390330
2017-09-28,-0.00243378,141.7325,1,0.011028,121.891830,-0.00468322,51.1717,1,0.022672,222.534610
2017-09-29,0.00363185,142.0957,1,0.011485,140.673190,-0.00477420,50.6943,1,0.048020,340.488330
2017-10-02,0.00051337,142.1471,1,0.018603,181.176890,-0.01183218,49.5111,1,0.039538,340.838660
2017-10-03,-0.00702811,141.4443,1,0.022741,239.982780,0.00169056,49.6801,1,0.056614,400.738320
2017-10-04,0.00689146,142.1334,1,0.019294,201.403930,-0.00720261,48.9599,1,0.030051,281.281410
2017-10-05,0.00353657,142.4871,1,0.018553,221.287080,0.00160544,49.1204,1,0.040636,341.687630
2017-10-06,-0.00321737,142.1653,1,0.020417,241.626950,0.00562322,49.6827,1,0.032408,281.196060
2017-10-09,0.00208715,142.3740,1,0.014325,140.877000,0.00033136,49.7159,1,0.034334,300.792810
2017-10-10,-0.00053559,142.3205,1,0.020679,180.560420,0.00106407,49.8223,1,0.036103,320.211150
2017-10-11,-0.00003091,142.3174,1,0.016451,181.251320,-0.00216386,49.6059,1,0.038436,321.198070
2017-10-12,0.00341286,142.6587,1,0.014194,161.299100,0.00233567,49.8394,1,0.038403,340.838970
2017-10-13,0.01615749,144.2744,1,0.015411,160.838740,-0.00054924,49.7845,1,0.035474,320.664810
2017-10-16,-0.00082574,144.1918,1,0.027534,222.073280,0.00598995,50.3835,1,0.033725,321.027110
2017-10-17,0.00278106,144.4700,1,0.030144,240.453420,-0.00652926,49.7306,1,0.037726,300.943520
2017-10-18,-0.00714436,143.7555,1,0.015586,140.779070,-0.00916005,48.8146,1,0.037025,280.309420
2017-10-19,-0.00837353,142.9182,1,0.022933,181.231190,0.00232984,49.0476,1,0.048086,400.965380
2017-10-20,-0.00367160,142.5510,1,0.010970,120.318280,0.00621663,49.6692,1,0.039407,321.228990
2017-10-23,-0.00804677,141.7463,1,0.014357,141.634610,-0.01237343,48.4319,1,0.041053,282.127710
2017-10-24,-0.00605783,141.1405,1,0.022473,200.019280,-0.01262291,47.1696,1,0.047341,338.948210
2017-10-25,-0.00396703,140.7438,1,0.028513,221.301690,-0.00005009,47.1646,1,0.042609,341.450050
2017-10-26,-0.00339632,140.4042,1,0.023032,180.037050,-0.01816292,45.3483,1,0.042712,319.484340
2017-10-27,0.01335592,141.7398,1,0.019678,162.779820,0.02996878,48.3452,1,0.031422,322.932860
2017-10-30,-0.00174579,141.5652,1,0.020439,163.168810,-0.00738090,47.6071,1,0.027680,264.468020
2017-10-31,-0.00779241,140.7860,1,0.016531,141.315080,-0.00182112,47.4250,1,0.043502,339.560950
2017-11-01,0.00976232,141.7622,1,0.012038,123.097910,-0.01148984,46.2760,1,0.036374,303.165010
2017-11-02,0.01507972,143.2702,1,0.024178,180.393050,0.00491041,46.7670,1,0.049679,339.397890
2017-11-03,0.00438075,143.7083,1,0.017705,182.762670,0.00736252,47.5033,1,0.032088,281.758640
2017-11-06,-0.00636495,143.0718,1,0.016805,161.140240,-0.00576942,46.9263,1,0.037492,301.788320
2017-11-07,-0.00813293,142.2585,1,0.012943,121.563410,-0.00029459,46.8969,1,0.029299,279.948450
2017-11-08,0.00103470,142.3619,1,0.020890,201.263110,-0.00088671,46.8082,1,0.028011,300.981760
2017-11-09,0.02103084,144.4650,1,0.012366,122.006140,-0.00656173,46.1520,1,0.027723,301.261680
2017-11-10,-0.00326502,144.1385,1,0.023632,182.496610,-0.00428453,45.7236,1,0.037813,359.573350
2017-11-13,-0.00157298,143.9812,1,0.020728,219.684810,0.00183912,45.9075,1,0.037578,359.706660
2017-11-14,-0.00585824,143.3954,1,0.022564,240.869950,0.00042584,45.9501,1,0.025696,302.225710
2017-11-15,0.00352836,143.7482,1,0.014984,161.531940,0.00494743,46.4448,1,0.034647,320.572840
2017-11-16,0.00486408,144.2346,1,0.020452,200.445760,-0.00678680,45.7661,1,0.030170,299.748690
2017-11-17,0.00202128,144.4368,1,0.022992,221.897960,-0.00012209,45.7539,1,0.031499,322.242550
2017-11-20,-0.00116873,144.3199,1,0.023793,200.793940,0.00435480,46.1894,1,0.039160,340.621650
2017-11-21,-0.00141228,144.1787,1,0.020758,240.754080,0.00752393,46.9418,1,0.029487,260.947360
2017-11-22,0.00133227,144.3119,1,0.029013,261.210510,-0.00456437,46.4854,1,0.026827,281.206800
2017-11-24,-0.00013677,144.2982,1,0.015277,140.600580,-0.00266251,46.2191,1,0.043951,299.649230
2017-11-27,0.00844363,145.1426,1,0.033667,200.731480,-0.00886246,45.3329,1,0.058116,320.632600
2017-11-28,-0.00511005,144.6316,1,0.023825,240.569150,0.00387677,45.7205,1,0.040083,359.853610
2017-11-29,-0.00495808,144.1358,1,0.026588,182.490960,0.00309080,46.0296,1,0.044660,362.208720
2017-11-30,0.00450869,144.5866,1,0.009031,121.130280,0.00296905,46.3265,1,0.032155,302.609980
2017-12-01,-0.00867960,143.7187,1,0.018730,201.639240,-0.00297071,46.0295,1,0.038751,301.452680
2017-12-04,-0.00725420,142.9933,1,0.012960,120.616130,0.01158016,47.1875,1,0.042304,319.787760
2017-12-05,-0.00113882,142.8794,1,0.017072,162.454680,-0.00591713,46.5958,1,0.030213,282.023240
2017-12-06,0.00310775,143.1902,1,0.029905,200.450890,-0.00205094,46.3907,1,0.034714,319.560580
2017-12-07,-0.00144632,143.0455,1,0.022982,220.621540,0.00527931,46.9186,1,0.035459,320.321200
2017-12-08,-0.00559858,142.4857,1,0.031178,201.445890,-0.00184082,46.7345,1,0.041832,301.742810
2017-12-11,0.00683551,143.1692,1,0.024439,201.289620,0.00275066,47.0096,1,0.043984,301.224030
2017-12-12,-0.00378280,142.7909,1,0.013530,160.605890,-0.00048232,46.9614,1,0.038802,320.602730
2017-12-13,-0.01053730,141.7372,1,0.020090,160.099310,0.00090369,47.0517,1,0.043861,359.846850
2017-12-14,-0.00059532,141.6777,1,0.019822,161.259100,0.00005637,47.0574,1,0.037263,320.411870
2017-12-15,-0.00647810,141.0299,1,0.020860,240.134710,-0.00235414,46.8219,1,0.035024,279.867700
2017-12-18,-0.01203116,139.8267,1,0.019386,162.652710,-0.01029816,45.7921,0,0.000000,0.000000
2017-12-19,0.00026033,139.8528,1,0.020367,161.802830,0.00723298,46.5154,1,0.039782,362.964177
2017-12-20,0.00139380,139.9922,1,0.013750,161.216300,0.00257565,46.7730,1,0.025135,260.503080
2017-12-21,0.00439404,140.4316,1,0.024266,240.186610,0.00109115,46.8821,1,0.030355,280.985980
2017-12-22,0.00527680,140.9592,1,0.020020,201.201030,-0.00389151,46.4930,1,0.041241,321.238090
2017-12-26,-0.00533122,140.4261,1,0.019602,161.568580,-0.00144765,46.3482,1,0.038845,321.055370
2017-12-27,-0.00268456,140.1577,1,0.020086,200.075720,-0.00407220,45.9410,1,0.033200,319.720880
2017-12-28,0.00305873,140.4635,1,0.022527,201.222110,-0.00326376,45.6146,1,0.043266,360.514540
2017-12-29,-0.00544849,139.9187,0,0.000000,0.000000,0.00444055,46.0587,1,0.033915,320.710510
2018-01-02,-0.01942384,137.9763,1,0.022934,220.988135,-0.00837001,45.2217,1,0.031881,299.600390
2018-01-03,-0.00105357,137.8710,1,0.020477,163.541970,0.00253667,45.4753,1,0.040933,343.281800
2018-01-04,-0.00524037,137.3469,1,0.017057,181.278640,0.00977940,46.4533,1,0.039940,320.588060
2018-01-05,-0.00360545,136.9864,0,0.000000,0.000000,0.00266578,46.7198,1,0.035982,301.383060
2018-01-08,-0.00268200,136.7182,1,0.029860,241.748160,0.00162078,46.8819,1,0.041142,321.464680
2018-01-09,0.00459756,137.1779,0,0.000000,0.000000,-0.00986406,45.8955,1,0.035516,261.192120
2018-01-10,-0.00148149,137.0298,1,0.027119,260.560348,0.01419493,47.3150,1,0.038367,379.544050
2018-01-11,-0.01381877,135.6479,1,0.020487,200.882290,0.00915069,48.2301,1,0.025601,220.964660
2018-01-12,-0.01423709,134.2242,1,0.015379,182.067850,0.01872340,50.1024,1,0.027620,262.856110
2018-01-16,-0.00013483,134.2107,1,0.016043,121.585930,-0.01016090,49.0863,1,0.026850,201.898040
2018-01-17,0.00654684,134.8654,1,0.026426,239.842500,0.00107403,49.1937,1,0.046917,379.179280
2018-01-18,0.00196628,135.0620,0,0.000000,0.000000,-0.00703896,48.4898,0,0.000000,0.000000
2018-01-19,-0.00057451,135.0046,1,0.026811,241.401122,0.00166818,48.6566,1,0.040692,341.670795
2018-01-22,-0.00799366,134.2052,1,0.018526,201.767580,-0.00614447,48.0422,1,0.041437,322.560190
2018-01-23,-0.00334640,133.8706,1,0.021300,221.062280,-0.00201536,47.8407,1,0.032956,261.754270
2018-01-24,0.00331874,134.2024,1,0.029226,261.143200,-0.00363495,47.4772,1,0.032175,261.570200
2018-01-25,0.01745788,135.9482,1,0.016392,181.048300,-0.00230329,47.2468,1,0.027329,300.264360
2018-01-26,-0.01258395,134.6898,1,0.015785,182.133360,-0.01903421,45.3434,1,0.039351,360.970340
2018-01-29,-0.01176520,133.5133,1,0.029120,241.893610,0.00485400,45.8288,1,0.051350,382.328130
2018-01-30,-0.00638051,132.8753,1,0.020081,140.581100,-0.00532725,45.2961,1,0.037485,319.412910
2018-01-31,0.00118827,132.9941,1,0.023593,240.331210,0.01049286,46.3454,1,0.038684,358.936440
2018-02-01,-0.00425196,132.5689,1,0.031236,221.446300,-0.01825597,44.5198,1,0.041077,301.152110
2018-02-02,0.00259689,132.8286,1,0.026971,200.595260,-0.02545622,41.9742,1,0.046992,359.189880
2018-02-05,0.00132896,132.9615,1,0.022914,200.446860,-0.01133826,40.8403,0,0.000000,0.000000
2018-02-06,-0.00029147,132.9323,1,0.024757,162.243910,0.02057406,42.8977,0,0.000000,0.000000
2018-02-07,0.00104844,133.0372,1,0.042466,301.960410,0.00224105,43.1218,1,0.034755,257.021100
2018-02-08,-0.00773236,132.2639,1,0.036796,299.867370,-0.00771961,42.3499,1,0.042121,340.356020
2018-02-09,-0.00349449,131.9145,1,0.029259,258.750900,-0.00898062,41.4518,0,0.000000,0.000000
2018-02-12,0.00805052,132.7195,1,0.034228,243.314830,-0.00164548,41.2873,0,0.000000,0.000000
2018-02-13,-0.00579568,132.1400,1,0.026308,222.136040,-0.00368033,40.9192,1,0.049203,338.112043
2018-02-14,0.00738180,132.8782,1,0.015360,160.183520,-0.00014906,40.9043,1,0.048006,360.262130
2018-02-15,-0.00595848,132.2823,1,0.030128,263.141620,-0.01288719,39.6156,1,0.038099,323.565700
2018-02-16,-0.00643527,131.6388,1,0.027707,243.025240,0.00962387,40.5780,1,0.046263,383.241040
2018-02-20,0.01422046,133.0608,1,0.017534,140.886600,-0.01378350,39.1997,1,0.029610,261.258130
2018-02-21,-0.00248468,132.8124,1,0.020158,181.597000,0.00681154,39.8808,1,0.050516,378.999080
2018-02-22,0.00283270,133.0956,1,0.022700,161.818970,-0.01336253,38.5446,1,0.048483,319.666190
2018-02-23,0.00273644,133.3693,1,0.016056,141.493250,-0.00741323,37.8032,1,0.045253,380.409750
2018-02-26,0.01286631,134.6559,1,0.013289,163.577120,0.00095587,37.8988,0,0.000000,0.000000
2018-02-27,0.00313539,134.9694,1,0.022291,162.256600,0.00559132,38.4580,1,0.033758,323.632378
2018-02-28,0.00580821,135.5503,1,0.032659,220.207190,-0.02166782,36.2912,0,0.000000,0.000000
2018-03-01,-0.01516249,134.0340,1,0.026529,161.042400,-0.03073834,33.2173,0,0.000000,0.000000
2018-03-02,0.00713727,134.7477,1,0.017843,119.660620,-0.01446524,31.7708,1,0.063774,379.435150
2018-03-05,-0.00836589,133.9111,1,0.013499,122.404090,0.00363065,32.1339,1,0.042835,342.107090
2018-03-06,0.00459795,134.3709,1,0.021285,143.095350,0.00017294,32.1512,0,0.000000,0.000000
2018-03-07,0.02655213,137.0262,1,0.018437,141.388040,-0.00073449,32.0777,1,0.044749,344.364677
2018-03-08,0.00052283,137.0784,1,0.014667,162.966350,-0.00098443,31.9793,1,0.026403,239.398380
2018-03-09,0.00022224,137.1007,1,0.016326,180.896150,0.00878643,32.8579,1,0.044657,300.610280
2018-03-12,-0.00396408,136.7043,1,0.015488,183.289110,0.01190997,34.0489,0,0.000000,0.000000
2018-03-13,-0.00373189,136.3311,1,0.030109,219.924960,0.00025913,34.0748,1,0.030117,243.748688
2018-03-14,0.00197674,136.5287,1,0.022946,160.191360,0.00777200,34.8520,1,0.039960,339.496630
2018-03-15,-0.00096980,136.4318,1,0.017080,180.247440,0.00553459,35.4055,1,0.030991,300.336840
2018-03-16,-0.00022073,136.4097,1,0.009943,140.380560,0.00405168,35.8107,1,0.028382,300.800810
2018-03-19,0.00577425,136.9871,1,0.018285,161.511170,0.00514812,36.3255,1,0.029588,261.185770
2018-03-20,-0.00296360,136.6908,1,0.022480,160.559770,0.00190354,36.5158,0,0.000000,0.000000
2018-03-21,-0.00066344,136.6244,1,0.026294,161.774000,-0.00257772,36.2581,1,0.034852,299.930127
2018-03-22,-0.00879327,135.7451,1,0.025457,180.832770,-0.00562800,35.6953,1,0.038280,340.124440
2018-03-23,-0.00293273,135.4518,0,0.000000,0.000000,0.01667676,37.3629,1,0.044234,357.076820
2018-03-26,0.00060614,135.5124,0,0.000000,0.000000,-0.02485674,34.8773,0,0.000000,0.000000
2018-03-27,0.00571521,136.0839,1,0.025209,200.281868,0.03233759,38.1110,0,0.000000,0.000000
2018-03-28,0.00543263,136.6272,0,0.000000,0.000000,0.01314667,39.4257,1,0.021193,161.152266
2018-03-29,0.00333089,136.9603,1,0.034651,240.385415,-0.01567464,37.8582,1,0.032434,281.528360
2018-04-02,-0.00745372,136.2149,1,0.009852,122.855200,-0.00927026,36.9312,1,0.047856,382.334070
2018-04-03,0.00812571,137.0275,1,0.020779,160.665780,0.01507461,38.4387,0,0.000000,0.000000
2018-04-04,0.00842745,137.8702,1,0.023805,203.257850,0.00127215,38.5659,0,0.000000,0.000000
2018-04-05,0.00432833,138.3031,1,0.019157,181.450890,0.00254460,38.8203,0,0.000000,0.000000
2018-04-06,-0.01421742,136.8813,1,0.015722,162.132570,-0.00098032,38.7223,1,0.031152,282.936105
2018-04-09,-0.00498239,136.3831,1,0.016989,141.489180,0.00674995,39.3973,0,0.000000,0.000000
2018-04-10,0.02439007,138.8221,1,0.014423,121.274670,-0.00340669,39.0566,1,0.036759,259.526949
2018-04-11,-0.00441223,138.3809,1,0.012393,103.186770,-0.00345082,38.7115,1,0.044382,323.680850
2018-04-12,0.00941462,139.3223,1,0.013578,120.680610,-0.01520877,37.1907,1,0.041487,359.589240
2018-04-13,-0.01001240,138.3211,1,0.020740,162.229400,-0.01673994,35.5167,1,0.047154,381.773790
2018-04-16,-0.00362368,137.9587,1,0.022528,180.572240,0.00005578,35.5222,1,0.047942,399.748920
2018-04-17,0.00351086,138.3098,1,0.012054,102.721220,-0.01053688,34.4686,0,0.000000,0.000000
2018-04-18,0.00045418,138.3552,1,0.015222,141.866400,-0.00686234,33.7823,0,0.000000,0.000000
2018-04-19,-0.00234718,138.1205,1,0.013998,160.886700,-0.00198373,33.5840,1,0.044013,384.018741
2018-04-20,0.00141952,138.2625,1,0.021538,180.779680,0.00135282,33.7192,1,0.034108,319.545780
2018-04-23,-0.00541141,137.7213,1,0.021961,140.715810,-0.00600213,33.1190,0,0.000000,0.000000
2018-04-24,-0.01518228,136.2031,1,0.019398,181.529100,0.00909900,34.0289,1,0.037010,281.473352
2018-04-25,0.00018868,136.2220,1,0.016682,180.349770,-0.01869762,32.1592,1,0.033232,320.448670
2018-04-26,-0.00801322,135.4206,1,0.019562,161.275330,0.02082787,34.2419,1,0.035013,300.053830
2018-04-27,0.00286933,135.7076,0,0.000000,0.000000,0.01755336,35.9973,1,0.033744,243.389140
2018-04-30,-0.00582029,135.1255,1,0.025529,202.824511,-0.00343590,35.6537,1,0.025710,222.522740
2018-05-01,-0.00525482,134.6001,1,0.029432,220.055980,-0.00467252,35.1864,1,0.037222,279.739280
2018-05-02,0.01091152,135.6912,1,0.027678,181.060410,-0.00110640,35.0758,1,0.043760,340.938970
2018-05-03,-0.00051648,135.6396,1,0.023788,200.776630,0.00596727,35.6725,1,0.036963,320.156620
2018-05-04,0.00485662,136.1252,1,0.028558,200.827780,-0.00640616,35.0319,1,0.042086,281.046430
2018-05-07,-0.00158820,135.9664,1,0.025040,224.041840,0.00550201,35.5821,0,0.000000,0.000000
2018-05-08,-0.00182242,135.7842,1,0.025202,221.102840,0.00144049,35.7262,1,0.037491,284.394026
2018-05-09,0.00409619,136.1938,1,0.029871,240.264440,0.02089708,37.8159,1,0.037572,320.898100
2018-05-10,0.00016800,136.2106,1,0.021730,202.498050,-0.00576444,37.2394,1,0.022884,162.903820
2018-05-11,-0.00049380,136.1612,1,0.021620,201.718090,-0.00389658,36.8498,0,0.000000,0.000000
2018-05-14,-0.00045037,136.1162,1,0.012337,121.119720,0.00430255,37.2800,1,0.041125,342.036648
2018-05-15,0.00085616,136.2018,0,0.000000,0.000000,0.00279347,37.5594,1,0.038413,280.537520
2018-05-16,0.00695266,136.8971,1,0.016954,160.610761,0.00062191,37.6216,1,0.029299,259.764280
2018-05-17,-0.00257716,136.6393,1,0.011906,121.779120,0.00089342,37.7109,1,0.042938,301.284650
2018-05-18,-0.00154327,136.4850,1,0.019927,200.666290,0.00294424,38.0053,1,0.029836,281.313820
2018-05-21,0.00785643,137.2707,1,0.010737,120.726220,0.01072998,39.0783,1,0.043372,320.392900
2018-05-22,0.00066591,137.3372,1,0.013469,141.913740,-0.00040177,39.0381,1,0.029967,322.594210
2018-05-23,-0.00405080,136.9322,1,0.019220,160.542020,0.00102104,39.1403,1,0.040926,320.089650
2018-05-24,0.00644325,137.5765,1,0.016845,160.934540,0.00128965,39.2692,1,0.038525,320.394310
2018-05-25,-0.00179292,137.3972,1,0.017932,181.595370,0.00940682,40.2099,1,0.036038,301.524150
2018-05-29,0.00496389,137.8936,1,0.017981,180.654340,0.01177192,41.3871,1,0.032568,241.058960
2018-05-30,-0.00737446,137.1561,1,0.019196,181.172250,-0.01080003,40.3071,0,0.000000,0.000000
2018-05-31,0.00141724,137.2979,1,0.008036,62.792070,-0.01597165,38.7099,0,0.000000,0.000000
2018-06-01,0.02024649,139.3225,1,0.032481,259.841700,-0.00635322,38.0746,0,0.000000,0.000000
2018-06-04,-0.00417552,138.9050,1,0.036122,242.146890,0.00818478,38.8931,1,0.037082,319.775997
2018-06-05,0.00066549,138.9715,1,0.020811,161.060750,0.00675253,39.5683,1,0.026727,260.785420
2018-06-06,0.00534594,139.5061,1,0.020986,161.452540,0.01217671,40.7860,1,0.032559,280.408940
2018-06-07,-0.01098799,138.4073,1,0.014789,142.937060,-0.00293980,40.4920,1,0.037260,262.548090
2018-06-08,-0.00205743,138.2016,1,0.026463,179.980090,-0.00529800,39.9622,1,0.042240,320.485040
2018-06-11,0.00142625,138.3442,1,0.012065,141.289040,-0.00304461,39.6578,1,0.034681,320.680940
2018-06-12,-0.00904218,137.4400,1,0.009048,120.876670,-0.00774516,38.8832,1,0.030076,320.545460
2018-06-13,-0.00505998,136.9340,1,0.010768,121.291350,0.01286479,40.1697,1,0.038001,341.907140
2018-06-14,-0.00017037,136.9169,1,0.021077,200.295690,0.00300601,40.4703,1,0.026149,241.250280
2018-06-15,-0.00078502,136.8384,1,0.017492,161.358120,0.00432834,40.9032,1,0.032186,281.463650
2018-06-18,0.00805841,137.6443,1,0.013879,161.144070,-0.00424873,40.4783,1,0.028563,301.345780
2018-06-19,-0.00146170,137.4981,1,0.011340,121.157620,0.00916866,41.3951,1,0.040564,320.369730
2018-06-20,0.00661010,138.1591,1,0.017640,160.332730,0.00727750,42.1229,1,0.028940,240.928050
2018-06-21,0.00356814,138.5159,1,0.021136,201.248110,-0.00070183,42.0527,1,0.037033,281.185110
2018-06-22,0.00025508,138.5414,1,0.019872,200.207350,0.00575209,42.6279,1,0.030171,299.757130
2018-06-25,-0.00454401,138.0870,1,0.015291,161.818740,0.00466355,43.0943,1,0.037525,301.453300
2018-06-26,-0.00795788,137.2913,1,0.022058,161.159590,-0.00620143,42.4741,1,0.034483,279.123280
2018-06-27,-0.00728167,136.5631,1,0.018207,161.231650,0.00089265,42.5634,1,0.043005,380.785760
2018-06-28,0.00961796,137.5249,1,0.021414,180.790700,-0.00404960,42.1584,1,0.035360,299.212770
2018-06-29,-0.00431888,137.0930,1,0.013048,161.418230,-0.00062278,42.0962,1,0.032958,341.437340
2018-07-02,0.00451910,137.5449,1,0.024560,200.657680,-0.00748162,41.3480,1,0.039542,339.793300
2018-07-03,0.00167753,137.7127,1,0.025267,241.106790,-0.00762228,40.5858,1,0.051528,340.984120
2018-07-05,0.00337532,138.0502,1,0.042688,240.230920,-0.00255401,40.3304,1,0.065881,379.535260
2018-07-06,0.00380077,138.4303,1,0.023763,202.413080,-0.00425322,39.9051,0,0.000000,0.000000
2018-07-09,0.00481065,138.9113,1,0.025645,201.461060,-0.00910467,38.9946,0,0.000000,0.000000
2018-07-10,0.00472100,139.3834,1,0.024510,222.497230,-0.00740758,38.2538,1,0.042898,344.691237
2018-07-11,-0.00827889,138.5555,1,0.030339,240.877090,-0.00947278,37.3065,1,0.038038,360.519800
2018-07-12,0.01419993,139.9755,1,0.019167,220.214970,-0.00871285,36.4353,1,0.036035,358.744380
2018-07-13,0.00180212,140.1557,1,0.022468,261.508480,-0.00109189,36.3261,1,0.040079,381.273350
2018-07-16,-0.00069086,140.0867,1,0.016156,181.223780,0.00096507,36.4226,1,0.041073,340.398890
2018-07-17,0.01039443,141.1261,1,0.013367,160.772730,-0.00266923,36.1557,1,0.038343,320.049620
2018-07-18,0.00112737,141.2388,1,0.020873,221.135530,0.00343799,36.4995,1,0.036761,341.489800
2018-07-19,0.01599298,142.8381,1,0.026612,201.792330,-0.02476332,34.0231,1,0.027892,320.624460
2018-07-20,0.00328081,143.1662,1,0.022609,220.864890,0.00907756,34.9309,1,0.043234,380.433340
2018-07-23,-0.00276328,142.8899,0,0.000000,0.000000,0.00449800,35.3807,1,0.033130,280.792050
2018-07-24,-0.00224029,142.6659,1,0.017059,221.570826,-0.00101093,35.2796,1,0.027743,320.973290
2018-07-25,-0.00942814,141.7230,1,0.028244,261.290010,0.00353293,35.6329,1,0.030367,300.889230
2018-07-26,0.01791352,143.5144,1,0.017488,182.235750,0.01409257,37.0421,0,0.000000,0.000000
2018-07-27,-0.00534593,142.9798,1,0.021403,221.940280,0.01183464,38.2256,1,0.025356,264.392787
2018-07-30,-0.01941416,141.0384,1,0.021096,221.192930,0.02110461,40.3361,1,0.028599,320.831120
2018-07-31,-0.00217442,140.8209,1,0.019192,140.790880,-0.00712026,39.6240,1,0.025906,222.325380
2018-08-01,-0.00406567,140.4144,1,0.022687,222.607630,-0.01827102,37.7969,0,0.000000,0.000000
2018-08-02,-0.00236716,140.1777,1,0.027256,260.342060,0.00397614,38.1946,1,0.038746,360.389852
2018-08-03,0.00578394,140.7561,1,0.019296,181.688340,-0.00839170,37.3554,1,0.029410,242.487720
2018-08-06,-0.00841344,139.9147,0,0.000000,0.000000,-0.00041681,37.3137,1,0.037411,341.055700
2018-08-07,0.00648324,140.5630,0,0.000000,0.000000,-0.00096873,37.2168,1,0.032273,301.643010
2018-08-08,0.00201615,140.7647,1,0.030005,261.657534,-0.01552062,35.6648,1,0.032432,321.811420
2018-08-09,-0.00500926,140.2637,1,0.020366,200.673040,-0.00097486,35.5673,1,0.039306,338.325710
2018-08-10,-0.00870557,139.3932,1,0.015477,141.599300,0.00515993,36.0833,1,0.035957,320.448340
2018-08-13,0.00246808,139.6400,1,0.014212,122.272820,0.00335333,36.4186,1,0.024677,300.802550
2018-08-14,0.00410324,140.0503,1,0.016596,121.611860,-0.00585754,35.8328,1,0.033614,299.922070
2018-08-15,0.00656734,140.7070,1,0.021246,181.958820,0.01445111,37.2780,0,0.000000,0.000000
2018-08-16,0.00591234,141.2983,1,0.025916,180.457620,0.00169894,37.4479,1,0.026286,261.299588
2018-08-17,-0.00246462,141.0518,1,0.022812,161.561410,0.00172332,37.6202,0,0.000000,0.000000
2018-08-20,0.00327270,141.3791,1,0.012030,121.041230,-0.00354772,37.2654,0,0.000000,0.000000
2018-08-21,-0.00090805,141.2883,1,0.014875,100.885440,0.00618284,37.8837,1,0.042766,362.729045
2018-08-22,0.00104562,141.3928,1,0.004858,61.249330,0.00185765,38.0695,1,0.026225,261.294750
2018-08-23,-0.00299848,141.0930,1,0.011038,140.676060,-0.00333122,37.7363,1,0.036172,339.514370
2018-08-24,0.00575206,141.6682,1,0.010654,120.798750,-0.00427439,37.3089,1,0.028619,360.042150
2018-08-27,0.00985989,142.6542,1,0.020141,161.181420,0.00171320,37.4802,1,0.032690,281.421900
2018-08-28,0.00065155,142.7193,1,0.010305,121.646010,0.00760469,38.2407,1,0.036321,341.187610
2018-08-29,-0.00040444,142.6789,1,0.013914,141.013620,0.00211824,38.4525,1,0.030336,261.001870
2018-08-30,0.01375030,144.0539,1,0.013560,121.319890,-0.01419132,37.0334,1,0.044412,360.961580
2018-08-31,0.00167521,144.2214,1,0.019969,162.240050,0.00547492,37.5809,1,0.040638,337.675300
2018-09-04,0.00078191,144.2996,1,0.012759,161.719330,0.00521226,38.1021,1,0.021864,280.988450
2018-09-05,0.00400344,144.7000,1,0.016376,180.188330,-0.01151782,36.9503,1,0.028112,241.463410
2018-09-06,-0.00596818,144.1032,1,0.018248,181.887520,-0.00163759,36.7866,1,0.034459,359.570250
2018-09-07,0.00282578,144.3857,1,0.015102,161.201850,0.00015331,36.8019,1,0.028419,361.548400
2018-09-10,0.00668398,145.0541,1,0.011542,121.033360,0.00074783,36.8767,1,0.031457,319.767010
2018-09-11,0.00973841,146.0280,1,0.011799,141.824180,-0.00034070,36.8426,1,0.027510,301.548100
2018-09-12,-0.00484754,145.5432,1,0.016104,161.505160,0.00259724,37.1023,1,0.027726,301.137160
2018-09-13,-0.00714989,144.8282,1,0.018009,141.888150,0.00021605,37.1239,1,0.032015,301.361850
2018-09-14,-0.00165546,144.6627,1,0.013606,142.800860,-0.00820918,36.3030,0,0.000000,0.000000
2018-09-17,-0.01384544,143.2781,1,0.018024,161.432120,-0.01078022,35.2250,1,0.037992,382.901826
2018-09-18,-0.00048306,143.2298,1,0.011256,120.251740,-0.01290577,33.9344,1,0.028647,320.508210
2018-09-19,-0.00627703,142.6021,1,0.013773,121.582190,-0.00239864,33.6946,1,0.034894,360.674990
2018-09-20,-0.00893025,141.7091,1,0.015075,141.672350,0.00950307,34.6449,1,0.031573,339.876910
2018-09-21,0.00085303,141.7944,1,0.015647,142.487890,-0.00207290,34.4376,0,0.000000,0.000000
2018-09-24,-0.00082800,141.7116,1,0.017900,120.722690,-0.00236520,34.2011,1,0.032660,361.959786
2018-09-25,0.00632040,142.3437,1,0.011060,120.774860,-0.00508398,33.6927,1,0.025078,280.418220
2018-09-26,-0.00390141,141.9535,1,0.006011,81.827180,0.00537858,34.2305,1,0.033562,320.882440
2018-09-27,0.01050207,143.0037,1,0.012943,140.522470,-0.01150579,33.0799,1,0.037949,260.277000
2018-09-28,0.00318161,143.3219,1,0.015779,141.490790,0.01064169,34.1441,1,0.043891,379.730410
2018-10-01,-0.00648699,142.6732,1,0.017399,161.171940,-0.01492475,32.6516,1,0.027525,281.775280
2018-10-02,-0.00924983,141.7482,1,0.022733,221.059480,0.00772959,33.4246,1,0.041121,380.012470
2018-10-03,0.01221582,142.9698,1,0.018978,201.119890,-0.01210318,32.2143,1,0.032058,340.637480
2018-10-04,0.00202814,143.1726,1,0.014986,161.443400,-0.00864959,31.3493,1,0.041989,379.565860
2018-10-05,-0.00648753,142.5238,1,0.014483,180.422780,0.00623359,31.9727,1,0.034891,339.843470
2018-10-08,-0.00597868,141.9260,1,0.023288,161.380550,0.00925955,32.8986,1,0.036475,300.221110
2018-10-09,0.00990553,142.9165,1,0.020657,199.972040,0.00084006,32.9826,1,0.030314,321.046170
2018-10-10,0.00009590,142.9261,1,0.024880,220.957550,0.00886372,33.8690,1,0.036508,340.616180
2018-10-11,0.00344138,143.2703,1,0.020072,199.665070,-0.01311951,32.5570,0,0.000000,0.000000
2018-10-12,-0.01157983,142.1123,1,0.025623,240.138490,0.00006218,32.5633,0,0.000000,0.000000
2018-10-15,0.00200641,142.3129,1,0.025459,222.884980,-0.01305005,31.2583,1,0.040155,314.899065
2018-10-16,0.00312851,142.6258,1,0.022629,200.520680,-0.00019501,31.2388,1,0.043781,379.696630
2018-10-17,0.00262637,142.8884,1,0.025863,225.300140,0.00341030,31.5798,0,0.000000,0.000000
2018-10-18,-0.00360603,142.5278,1,0.025813,160.445040,0.00322287,31.9021,1,0.044673,304.643152
2018-10-19,-0.00891920,141.6359,1,0.017760,140.903310,0.01048937,32.9510,0,0.000000,0.000000
2018-10-22,0.00093857,141.7297,1,0.017383,181.615580,-0.00862055,32.0890,1,0.024125,277.492549
2018-10-23,-0.00735333,140.9944,1,0.024483,200.857940,-0.01220844,30.8681,1,0.030224,340.267510
2018-10-24,-0.02963161,138.0312,1,0.025171,160.345190,0.03366119,34.2342,1,0.040751,338.433640
2018-10-25,-0.00594562,137.4367,1,0.023722,124.062170,-0.04017339,30.2169,1,0.039569,239.432750
2018-10-26,-0.01021981,136.4147,1,0.027551,163.454360,0.02855881,33.0728,1,0.048719,342.183230
2018-10-29,-0.00296786,136.1179,1,0.021026,162.460270,-0.01846945,31.2258,0,0.000000,0.000000
2018-10-30,0.01334037,137.4520,1,0.031453,240.145960,-0.03503120,27.7227,1,0.066370,378.566015
2018-10-31,0.00311374,137.7633,1,0.024076,223.750210,-0.02558293,25.1644,0,0.000000,0.000000
2018-11-01,0.00512926,138.2763,1,0.022604,244.500630,0.01019043,26.1835,1,0.035117,348.035412
2018-11-02,-0.00446254,137.8300,1,0.016614,164.308670,0.00190057,26.3735,1,0.033613,322.587580
2018-11-05,-0.00551889,137.2781,1,0.022399,180.328100,-0.00401362,25.9722,1,0.044132,339.580590
2018-11-06,0.00238584,137.5167,1,0.020496,163.053610,0.00854141,26.8263,1,0.046289,302.478770
2018-11-07,-0.00614258,136.9024,1,0.015308,142.773220,0.00283287,27.1096,1,0.029833,242.090250
2018-11-08,0.00272551,137.1750,1,0.022319,184.706290,0.02199745,29.3093,0,0.000000,0.000000
2018-11-09,-0.02360483,134.8145,1,0.032533,239.765770,-0.00269903,29.0394,1,0.027253,222.182632
2018-11-12,-0.02443899,132.3706,1,0.024889,219.926950,0.02668355,31.7078,1,0.039715,319.295890
2018-11-13,-0.00061037,132.3096,1,0.017337,140.234350,0.00540046,32.2478,1,0.025934,201.403670
2018-11-14,0.00372390,132.6820,1,0.028310,200.350660,0.00120312,32.3681,1,0.031688,280.796040
2018-11-15,0.00569088,133.2510,1,0.023382,180.720400,-0.00071269,32.2969,1,0.037009,319.397900
2018-11-16,-0.00941147,132.3099,1,0.018547,162.706210,0.00160456,32.4573,0,0.000000,0.000000
2018-11-19,-0.02558722,129.7512,1,0.030502,222.009140,0.01888982,34.3463,1,0.049178,283.029300
2018-11-20,-0.00452289,129.2989,1,0.016369,161.056000,0.00362949,34.7093,1,0.037941,260.295540
2018-11-21,0.01545931,130.8448,1,0.026289,179.442660,-0.02488430,32.2208,0,0.000000,0.000000
2018-11-23,0.00486695,131.3315,1,0.040165,201.442380,-0.00955440,31.2654,1,0.059270,379.862474
2018-11-26,0.00432540,131.7640,1,0.065820,240.726260,-0.00936724,30.3287,1,0.082254,359.682690
2018-11-27,-0.00052896,131.7112,1,0.021606,241.996000,0.00847008,31.1757,0,0.000000,0.000000
2018-11-28,0.01311455,133.0226,1,0.027255,219.969330,-0.01040251,30.1354,1,0.036641,262.603667
2018-11-29,-0.00189043,132.8336,1,0.032803,263.523250,-0.00094616,30.0408,0,0.000000,0.000000
2018-11-30,0.00360961,133.1945,1,0.021989,180.989440,-0.00472051,29.5688,1,0.039831,302.804947
2018-12-03,0.00043255,133.2378,1,0.023525,201.607950,-0.00700343,28.8684,1,0.035983,341.664860
2018-12-04,-0.01845959,131.3918,1,0.019819,163.292500,-0.00055272,28.8131,1,0.041182,323.077440
2018-12-06,-0.00471199,130.9206,1,0.013569,120.490040,-0.00866110,27.9470,0,0.000000,0.000000
2018-12-07,-0.01608015,129.3126,1,0.021995,201.971570,-0.00359575,27.5875,1,0.032255,335.723527
2018-12-10,0.00827890,130.1405,1,0.024690,179.964520,0.01492123,29.0796,0,0.000000,0.000000
2018-12-11,-0.00079085,130.0614,1,0.033845,240.848080,0.00865449,29.9450,1,0.033081,258.363078
2018-12-12,0.02004135,132.0655,1,0.035755,240.185700,-0.00063748,29.8813,1,0.043018,320.295110
2018-12-13,-0.01142589,130.9230,1,0.022889,142.320910,-0.02127851,27.7534,1,0.055061,361.413730
2018-12-14,-0.00571306,130.3517,1,0.026266,200.312900,0.00499789,28.2532,1,0.056491,379.552610
2018-12-17,0.00942612,131.2943,1,0.015048,121.410300,-0.00689840,27.5634,0,0.000000,0.000000
2018-12-18,0.00298637,131.5929,1,0.020823,123.026580,0.00764786,28.3282,0,0.000000,0.000000
2018-12-19,-0.00289647,131.3033,1,0.017577,121.574600,0.01643816,29.9720,1,0.040034,294.547996
2018-12-20,-0.01650181,129.6531,1,0.015131,120.529190,-0.00431228,29.5407,0,0.000000,0.000000
2018-12-21,-0.02030770,127.6223,1,0.020240,140.701870,-0.00155817,29.3849,0,0.000000,0.000000
2018-12-24,0.01136837,128.7591,1,0.008443,82.547250,-0.01092212,28.2927,0,0.000000,0.000000
2018-12-26,0.01796775,130.5559,1,0.031865,141.866460,0.01172689,29.4654,0,0.000000,0.000000
2018-12-27,-0.00081073,130.4748,1,0.021183,209.890860,-0.00074226,29.3912,0,0.000000,0.000000
2018-12-28,-0.00466332,130.0085,1,0.031262,242.203830,-0.00064117,29.3271,0,0.000000,0.000000
2018-12-31,0.00003778,130.0123,1,0.038372,220.287650,0.00151290,29.4784,1,0.049900,358.536818
2019-01-02,-0.00115588,129.8967,1,0.021908,202.509130,-0.00608981,28.8694,0,0.000000,0.000000
2019-01-03,-0.01910590,127.9861,1,0.017480,121.539680,-0.03902265,24.9671,1,0.040105,322.115513
2019-01-04,0.02839912,130.8260,1,0.028328,198.786990,-0.04052449,20.9147,1,0.054469,396.199180
2019-01-07,-0.00441136,130.3849,1,0.032166,286.462740,-0.01953448,18.9612,0,0.000000,0.000000
2019-01-08,0.00370849,130.7557,1,0.036181,223.079650,0.01276775,20.2380,1,0.065135,407.624236
2019-01-09,0.00951315,131.7071,1,0.020085,143.139190,0.00319957,20.5579,0,0.000000,0.000000
2019-01-10,0.00300693,132.0077,1,0.028257,201.345820,-0.01093845,19.4641,1,0.037835,283.784160
2019-01-11,-0.00103791,131.9040,1,0.033191,182.374050,-0.00305313,19.1588,1,0.051853,362.173570
2019-01-14,0.00346437,132.2504,1,0.031933,220.585100,0.00544334,19.7031,1,0.036176,301.041380
2019-01-15,-0.00115026,132.1354,1,0.016896,160.837330,-0.00812082,18.8910,1,0.035912,260.322990
2019-01-16,0.00893145,133.0285,1,0.029865,181.772310,0.00367539,19.2586,1,0.058781,341.206190
2019-01-17,-0.00282360,132.7461,1,0.023880,160.700710,-0.00488871,18.7697,1,0.042961,301.139100
2019-01-18,0.00694595,133.4407,1,0.027155,242.127400,-0.00061678,18.7080,0,0.000000,0.000000
2019-01-22,-0.01386551,132.0542,1,0.030211,203.105370,-0.00421369,18.2867,0,0.000000,0.000000
2019-01-23,-0.00863167,131.1910,1,0.033237,259.732280,0.00600305,18.8870,1,0.037895,343.876058
2019-01-24,0.00683202,131.8742,1,0.020428,181.247270,0.00100960,18.9879,1,0.041470,320.701200
2019-01-25,-0.00873799,131.0004,1,0.030909,242.355290,0.00217958,19.2059,1,0.052292,341.971690
2019-01-28,-0.00013817,130.9866,1,0.016577,162.917010,-0.00272599,18.9333,1,0.035769,322.708870
2019-01-29,0.00460027,131.4466,1,0.015093,180.647840,-0.00528865,18.4044,1,0.030805,319.387210
2019-01-30,0.00005452,131.4521,1,0.022008,180.303960,0.00491539,18.8960,1,0.038361,321.137120
2019-01-31,-0.00413221,131.0389,1,0.021191,201.872940,0.00385422,19.2814,0,0.000000,0.000000
2019-02-01,-0.00013822,131.0250,1,0.027142,201.538350,-0.00833059,18.4483,1,0.041989,302.733955
2019-02-04,0.00073630,131.0987,1,0.030090,220.435760,0.00085722,18.5340,1,0.051018,360.388070
2019-02-05,-0.00223128,130.8755,1,0.026398,221.348700,0.00132490,18.6665,1,0.037040,301.390100
2019-02-06,-0.00156050,130.7195,1,0.019450,181.683150,0.01514210,20.1807,1,0.036310,300.939030
2019-02-07,0.00544335,131.2638,1,0.028815,163.463820,-0.02447682,17.7331,1,0.036522,281.477060
2019-02-08,-0.00267182,130.9967,1,0.028472,281.203390,0.00760702,18.4938,1,0.038738,360.011400
2019-02-11,-0.00004896,130.9918,1,0.026086,260.166710,0.00297702,18.7915,1,0.029258,280.789420
2019-02-12,0.00078026,131.0698,1,0.021774,181.429430,-0.00317717,18.4737,1,0.023977,241.700900
2019-02-13,0.00960676,132.0305,1,0.022754,183.333040,-0.00141177,18.3326,0,0.000000,0.000000
2019-02-14,0.00483836,132.5143,1,0.021034,181.615170,0.00455845,18.7884,1,0.039365,302.912134
2019-02-15,0.00027202,132.5415,1,0.025618,200.520250,-0.01190835,17.5976,1,0.028525,300.576530
2019-02-19,0.00007272,132.5488,1,0.018508,162.479280,0.00126360,17.7239,0,0.000000,0.000000
2019-02-20,0.00541624,133.0904,1,0.020496,161.084140,0.00228893,17.9528,1,0.038457,323.395614
2019-02-21,0.01123752,134.2141,1,0.016658,181.270480,-0.00985980,16.9669,1,0.028530,280.944370
2019-02-22,0.00265376,134.4795,1,0.030774,239.235810,0.00884892,17.8517,1,0.048608,379.959410
2019-02-25,0.00738574,135.2181,1,0.026026,181.802610,-0.00451165,17.4006,1,0.024615,242.066060
2019-02-26,0.00881769,136.0999,1,0.022911,200.811280,-0.00180664,17.2199,1,0.037124,339.951730
2019-02-27,-0.00010419,136.0894,1,0.027149,239.295220,-0.01515568,15.7043,1,0.039128,339.735100
2019-02-28,0.00691999,136.7814,1,0.025071,199.424670,-0.00489182,15.2152,1,0.053042,399.479080
2019-03-01,0.00076383,136.8578,1,0.013727,162.849950,-0.00122037,15.0931,1,0.044387,340.520340
2019-03-04,-0.00882888,135.9749,1,0.026798,201.438070,-0.00961162,14.1320,1,0.033472,301.197990
2019-03-05,0.00374331,136.3493,1,0.024229,200.438790,0.00078304,14.2103,1,0.047276,379.088590
2019-03-06,-0.01514656,134.8346,1,0.017216,139.910460,-0.00238481,13.9718,1,0.040911,280.501240
2019-03-07,-0.02016209,132.8184,1,0.015699,121.681040,0.00595619,14.5674,0,0.000000,0.000000
2019-03-08,-0.00533746,132.2847,1,0.020196,141.045210,-0.00374657,14.1928,1,0.034907,279.295501
2019-03-11,0.00805431,133.0901,1,0.019119,161.346610,-0.00244319,13.9484,1,0.040849,320.261950
2019-03-12,-0.00362903,132.7272,1,0.016783,162.959810,0.00117955,14.0664,0,0.000000,0.000000
2019-03-13,-0.00222840,132.5043,1,0.014490,120.895080,-0.00388440,13.6779,1,0.038110,283.381269
2019-03-14,-0.00670800,131.8335,1,0.015820,161.745390,0.00087893,13.7658,0,0.000000,0.000000
2019-03-15,-0.00236978,131.5966,1,0.012268,100.529000,-0.00432034,13.3338,1,0.031134,321.478959
2019-03-18,0.00388215,131.9848,1,0.014425,101.367870,-0.00214799,13.1190,1,0.038579,341.320340
2019-03-19,0.00271416,132.2562,1,0.021074,180.746020,0.00069433,13.1884,1,0.031777,341.224560
2019-03-20,-0.00972132,131.2841,1,0.021662,200.944850,0.00181198,13.3696,1,0.043962,339.625610
2019-03-21,-0.00139411,131.1447,1,0.021811,199.912790,0.00577840,13.9475,1,0.039850,320.176800
2019-03-22,-0.02516791,128.6279,1,0.013991,103.321760,0.02081556,16.0290,0,0.000000,0.000000
2019-03-25,-0.00015399,128.6125,1,0.017319,141.410440,0.00608964,16.6380,0,0.000000,0.000000
2019-03-26,0.00342708,128.9552,1,0.019472,140.865440,-0.00510130,16.1279,1,0.047490,300.052811
2019-03-27,0.00456924,129.4121,1,0.031676,242.581580,-0.00008130,16.1197,0,0.000000,0.000000
2019-03-28,0.00358680,129.7708,1,0.034110,260.302220,0.00323430,16.4432,1,0.035910,281.588146
2019-03-29,0.00356926,130.1277,1,0.026174,221.961270,-0.00127994,16.3152,1,0.030504,282.398700
2019-04-01,0.02217129,132.3448,1,0.024531,161.284940,0.00175112,16.4903,1,0.045158,341.066750
2019-04-02,0.00051863,132.3967,1,0.026807,221.857480,-0.00215692,16.2746,1,0.035812,322.199650
2019-04-03,0.01012557,133.4093,1,0.029013,240.187050,-0.00398421,15.8762,1,0.041841,340.158900
2019-04-04,0.00638389,134.0476,1,0.022211,161.543510,0.00705892,16.5821,1,0.045858,361.538200
2019-04-05,0.00405321,134.4530,1,0.020419,160.999040,-0.00428728,16.1533,1,0.040748,321.001390
2019-04-08,0.01759130,136.2121,1,0.021430,182.012160,-0.00108504,16.0448,0,0.000000,0.000000
2019-04-09,-0.01050138,135.1620,1,0.025638,240.163560,-0.01020687,15.0241,1,0.041297,301.062769
2019-04-10,-0.00300237,134.8617,1,0.031127,219.329840,-0.00395272,14.6289,1,0.051622,379.356190
2019-04-11,0.00074502,134.9362,1,0.023198,181.112430,0.00290459,14.9193,1,0.040201,321.433230
2019-04-12,0.00915953,135.8522,1,0.030057,221.083800,0.00758016,15.6774,1,0.035604,281.295280
2019-04-15,-0.00285916,135.5663,1,0.028946,201.840490,0.00082324,15.7597,1,0.023486,241.430240
2019-04-16,0.00718304,136.2846,1,0.032806,260.056990,0.00290645,16.0503,1,0.040425,320.371990
2019-04-17,-0.00416260,135.8683,1,0.038650,259.358210,0.01350327,17.4006,1,0.043803,321.979750
2019-04-18,-0.00798649,135.0696,1,0.020909,180.409250,0.00338461,17.7391,1,0.034439,260.297850
2019-04-22,0.00140380,135.2100,1,0.032660,221.425720,-0.00220914,17.5182,1,0.047964,341.479860
2019-04-23,-0.00217722,134.9923,1,0.032292,200.770400,-0.00433357,17.0848,1,0.050857,300.387730
2019-04-24,-0.00280263,134.7120,1,0.027763,202.608230,-0.00327787,16.7571,0,0.000000,0.000000
2019-04-25,-0.00723038,133.9890,1,0.025068,181.813660,0.00195506,16.9526,1,0.049084,343.120033
2019-04-26,0.00396038,134.3850,1,0.034172,219.499070,0.01152293,18.1049,1,0.046567,341.037290
2019-04-29,0.00012310,134.3974,1,0.028350,181.265690,0.01282915,19.3878,1,0.034335,262.233820
2019-04-30,0.00149310,134.5467,1,0.035240,160.645680,-0.01258602,18.1292,1,0.048862,241.626530
2019-05-01,-0.00251463,134.2952,1,0.018273,161.915710,0.00020623,18.1498,1,0.045657,360.704420
2019-05-02,0.01174735,135.4699,1,0.027645,199.807430,-0.00065018,18.0848,0,0.000000,0.000000
2019-05-03,0.00577489,136.0474,1,0.027241,180.668060,-0.00224627,17.8601,1,0.053967,339.270097
2019-05-06,-0.00050446,135.9970,1,0.021956,162.209030,0.00912385,18.7725,0,0.000000,0.000000
2019-05-07,-0.02267341,133.7296,1,0.024871,140.251730,0.00943207,19.7157,1,0.049893,261.158615
2019-05-08,0.01632735,135.3624,1,0.027375,199.532070,0.00606426,20.3222,0,0.000000,0.000000
2019-05-09,0.00527987,135.8904,1,0.023963,161.123950,-0.00692036,19.6301,1,0.042976,298.074719
2019-05-10,-0.00881859,135.0085,1,0.028899,159.762030,0.01323328,20.9535,1,0.052052,319.708420
2019-05-13,-0.01005729,134.0028,1,0.021569,181.199960,0.03886093,24.8395,1,0.029807,242.124920
2019-05-14,0.00026779,134.0296,1,0.020821,161.907880,-0.02044783,22.7948,1,0.023183,180.660060
2019-05-15,-0.00230140,133.7994,1,0.017060,122.083300,0.00624196,23.4190,1,0.045254,380.719520
2019-05-16,0.00791526,134.5909,1,0.020534,141.213000,-0.00496573,22.9224,1,0.040293,280.887450
2019-05-17,-0.01884845,132.7061,1,0.025425,161.584440,-0.00664143,22.2582,0,0.000000,0.000000
2019-05-20,-0.00770059,131.9360,1,0.009109,101.879820,0.01759082,24.0173,1,0.052448,320.409326
2019-05-21,0.00831519,132.7676,1,0.016871,121.692050,-0.01326815,22.6905,1,0.037975,261.246110
2019-05-22,-0.01028274,131.7393,1,0.016484,142.088130,-0.00708919,21.9816,1,0.057009,382.248440
2019-05-23,-0.01031804,130.7075,1,0.019844,121.445690,0.00965954,22.9475,1,0.049376,360.221070
2019-05-24,-0.00541883,130.1656,1,0.008313,81.973700,-0.00536165,22.4114,1,0.038115,260.160170
2019-05-28,0.00823868,130.9895,1,0.013742,101.464750,-0.00147229,22.2642,1,0.056369,360.269690
2019-05-29,0.00135936,131.1254,1,0.035294,180.973550,0.00180379,22.4445,0,0.000000,0.000000
2019-05-30,-0.00345713,130.7797,1,0.022713,141.287590,0.00033391,22.4779,1,0.047319,278.677930
2019-05-31,-0.00785885,129.9938,1,0.016515,120.833960,0.00087037,22.5650,1,0.051403,321.097630
2019-06-03,-0.00458758,129.5350,1,0.010048,101.023130,-0.00129381,22.4356,1,0.037591,299.788520
2019-06-04,0.02602642,132.1377,1,0.027958,182.256330,-0.00906220,21.5294,1,0.050970,321.428910
2019-06-05,-0.01794567,130.3431,1,0.026797,164.296520,0.00550017,22.0794,0,0.000000,0.000000
2019-06-06,-0.00006639,130.3365,1,0.023169,142.714430,-0.00787627,21.2917,1,0.036277,307.298191
2019-06-07,0.00060259,130.3967,1,0.016051,81.409830,-0.00611203,20.6805,0,0.000000,0.000000
2019-06-10,0.02177496,132.5742,1,0.009514,101.592310,0.01761139,22.4417,1,0.042081,322.439395
2019-06-11,-0.00036813,132.5374,1,0.019733,142.044450,-0.00079257,22.3624,1,0.039017,261.962800
2019-06-12,-0.01233378,131.3040,1,0.022298,101.434560,-0.00555932,21.8065,1,0.035902,300.426220
2019-06-13,0.00736905,132.0409,1,0.017525,141.102500,-0.00723083,21.0834,1,0.041923,320.287210
2019-06-14,-0.01547378,130.4936,1,0.019708,141.533050,0.00161229,21.2446,1,0.053671,340.820520
2019-06-17,-0.00158748,130.3348,1,0.016288,101.604330,-0.00950059,20.2946,1,0.036989,300.348680
2019-06-18,0.00552313,130.8871,1,0.030367,120.937880,0.00548065,20.8426,1,0.061875,380.056590
2019-06-19,-0.00106564,130.7806,1,0.016074,103.320040,-0.01979611,18.8630,1,0.054561,303.278300
2019-06-20,0.00873274,131.6538,1,0.019806,121.717770,0.00363051,19.2261,1,0.056139,380.819630
2019-06-21,-0.00467859,131.1860,1,0.015929,142.632580,-0.00186613,19.0395,0,0.000000,0.000000
2019-06-24,-0.00613003,130.5730,1,0.029553,141.111490,0.00080959,19.1204,1,0.056031,361.402408
2019-06-25,-0.00590343,129.9826,1,0.027663,140.079290,-0.00373768,18.7467,1,0.038398,260.269590
2019-06-26,0.01223020,131.2057,1,0.018380,140.950880,-0.00988607,17.7581,1,0.047267,319.354310
2019-06-27,0.00889099,132.0948,1,0.013101,121.740760,0.00769509,18.5276,1,0.041711,380.169640
2019-06-28,0.00448354,132.5431,1,0.021596,161.299640,0.00476961,19.0045,1,0.024289,221.321400
2019-07-01,0.00571234,133.1143,1,0.010046,82.832210,0.01578936,20.5835,0,0.000000,0.000000
2019-07-02,-0.00428765,132.6856,1,0.022755,101.322720,-0.01239265,19.3442,1,0.038605,203.377017
2019-07-03,0.00193913,132.8795,1,0.018427,140.855590,0.00670504,20.0147,1,0.050036,360.167560
2019-07-05,-0.00006885,132.8726,1,0.033065,181.419380,-0.00369867,19.6448,0,0.000000,0.000000
2019-07-08,0.00751105,133.6237,1,0.017795,140.830760,-0.00958680,18.6862,1,0.039340,321.808125
2019-07-09,-0.00513153,133.1106,1,0.023393,160.525980,0.00468120,19.1543,1,0.049330,338.460900
2019-07-10,-0.00065490,133.0451,1,0.013460,120.865640,0.00688970,19.8432,1,0.031950,261.187130
2019-07-11,-0.01292396,131.7527,1,0.011766,100.927630,-0.00388342,19.4549,1,0.020292,200.768840
2019-07-12,0.00042050,131.7947,1,0.028480,160.962850,0.00100325,19.5552,1,0.048345,320.632430
2019-07-15,-0.00113260,131.6815,1,0.021120,162.386590,-0.00223778,19.3315,1,0.041318,341.526950
2019-07-16,-0.00203013,131.4785,1,0.023583,180.777660,0.00729313,20.0608,1,0.049837,340.314820
2019-07-17,0.00376081,131.8545,1,0.016429,141.403910,-0.00924561,19.1362,1,0.038271,321.826970
2019-07-18,-0.01271803,130.5827,1,0.017413,161.213090,0.00415493,19.5517,1,0.038447,339.955350
2019-07-19,-0.00800736,129.7820,1,0.021186,161.616090,0.00441076,19.9928,1,0.044654,301.552300
2019-07-22,0.00020304,129.8023,1,0.037486,161.697610,-0.00153264,19.8395,1,0.052214,321.048990
2019-07-23,0.00153404,129.9557,1,0.026326,160.978830,0.00864908,20.7044,1,0.055912,339.887910
2019-07-24,-0.00579388,129.3763,1,0.025298,202.217430,0.02983655,23.6881,1,0.040485,323.384020
2019-07-25,0.00150795,129.5271,1,0.022915,202.213230,-0.00854172,22.8339,1,0.039252,264.237860
2019-07-26,-0.00427075,129.1000,1,0.017975,141.284930,0.00574196,23.4081,1,0.051704,379.010760
2019-07-29,-0.00120820,128.9792,1,0.023360,182.115840,0.01174201,24.5823,0,0.000000,0.000000
2019-07-30,0.00776163,129.7554,1,0.020757,159.646420,-0.00562744,24.0196,1,0.032944,245.506370
2019-07-31,0.00365095,130.1205,1,0.018565,141.117660,-0.00416164,23.6034,1,0.035064,281.857840
2019-08-01,0.01600132,131.7206,1,0.026348,160.773240,0.00116799,23.7202,0,0.000000,0.000000
2019-08-02,0.00938555,132.6592,1,0.023945,142.108900,0.00400724,24.1209,1,0.045306,299.341130
2019-08-05,0.00640712,133.2999,1,0.025158,159.983640,0.00988073,25.1090,1,0.043027,319.508210
2019-08-06,-0.02088502,131.2114,1,0.015762,141.669490,-0.00002704,25.1063,0,0.000000,0.000000
2019-08-07,0.00195387,131.4068,1,0.023073,141.477220,0.00943460,26.0497,1,0.037310,278.198434
2019-08-08,0.00485212,131.8920,1,0.026878,141.890340,-0.01529833,24.5199,1,0.043113,262.607210
2019-08-09,-0.02132514,129.7595,1,0.017694,143.586370,0.00772816,25.2927,0,0.000000,0.000000
2019-08-12,-0.01867260,127.8922,1,0.021930,179.295600,0.01530053,26.8228,1,0.043187,283.132080
2019-08-13,0.00888423,128.7806,1,0.032847,220.490750,-0.02973431,23.8493,0,0.000000,0.000000
2019-08-14,-0.00604559,128.1761,1,0.029939,202.416290,0.00095588,23.9449,1,0.064152,361.711414
2019-08-15,-0.00622375,127.5537,1,0.035375,200.497760,-0.01732413,22.2125,0,0.000000,0.000000
2019-08-16,0.00866693,128.4204,1,0.034527,201.556860,-0.01232720,20.9798,1,0.045120,318.333658
2019-08-19,-0.00373822,128.0466,1,0.028832,163.275000,0.00110706,21.0905,0,0.000000,0.000000
2019-08-20,0.00026757,128.0733,1,0.032103,201.450970,0.01152221,22.2427,0,0.000000,0.000000
2019-08-21,0.00405680,128.4790,1,0.027250,140.414720,0.00189415,22.4321,0,0.000000,0.000000
2019-08-22,-0.00597946,127.8810,1,0.022216,161.252570,0.00316078,22.7482,0,0.000000,0.000000
2019-08-23,-0.00904349,126.9767,1,0.051449,220.522550,0.00729903,23.4781,1,0.054987,305.081089
2019-08-26,0.00608800,127.5855,1,0.034600,160.140600,-0.00210638,23.2675,0,0.000000,0.000000
2019-08-27,0.00394889,127.9804,1,0.035731,181.931120,0.00269668,23.5372,0,0.000000,0.000000
2019-08-28,-0.00786772,127.1936,1,0.044352,239.686920,-0.00188999,23.3482,1,0.057239,296.641795
2019-08-29,0.00287106,127.4807,1,0.041084,201.146960,-0.01246574,22.1016,0,0.000000,0.000000
2019-08-30,-0.00083373,127.3973,1,0.042523,242.006750,-0.00138339,21.9632,0,0.000000,0.000000
2019-09-03,-0.01593567,125.8038,1,0.047537,259.952510,-0.00774319,21.1889,1,0.072039,365.328218
2019-09-04,0.00537507,126.3413,1,0.027703,219.963790,-0.00745804,20.4431,1,0.047244,319.645620
2019-09-05,-0.01020786,125.3205,1,0.038586,281.812190,-0.04011879,16.4312,0,0.000000,0.000000
2019-09-06,0.00186418,125.5069,1,0.025292,183.851100,0.00876788,17.3080,1,0.055732,404.138652
2019-09-09,-0.00313282,125.1936,1,0.049052,261.076070,-0.00549274,16.7588,1,0.043824,281.002500
2019-09-10,-0.01746466,123.4472,1,0.031646,201.950510,0.03833587,20.5923,1,0.045783,320.348650
2019-09-11,-0.00262961,123.1842,1,0.032951,262.609460,0.02364218,22.9566,1,0.042672,245.045970
2019-09-12,-0.00575692,122.6085,1,0.035152,301.990310,-0.00058046,22.8985,1,0.028646,202.883590
2019-09-13,0.00423520,123.0320,1,0.034590,201.782420,-0.01150964,21.7475,1,0.055704,341.128420
2019-09-16,-0.00265502,122.7665,0,0.000000,0.000000,-0.01465412,20.2821,1,0.053622,360.473860
2019-09-17,-0.01056404,121.7101,1,0.028594,161.994556,-0.01015619,19.2665,1,0.045599,320.267670
2019-09-18,0.00445697,122.1558,1,0.035243,220.218890,0.00192067,19.4586,1,0.054513,339.708120
2019-09-19,-0.00286250,121.8696,1,0.043780,240.879220,0.00624220,20.0828,1,0.044100,280.042340
2019-09-20,0.00025046,121.8946,1,0.036654,221.141150,-0.00719248,19.3636,1,0.044028,241.832040
2019-09-23,0.00708391,122.6030,0,0.000000,0.000000,-0.01140192,18.2234,1,0.055622,339.294600
2019-09-24,-0.00447069,122.1559,1,0.044839,280.382036,0.00303019,18.5264,1,0.064311,380.417410
2019-09-25,0.00106107,122.2621,1,0.025193,200.959730,-0.01298648,17.2277,1,0.050268,300.142550
2019-09-26,0.00672607,122.9347,1,0.033413,241.245080,-0.00294361,16.9334,1,0.057451,381.606620
2019-09-27,0.00127089,123.0617,1,0.029711,179.918760,-0.01757263,15.1761,1,0.068013,339.846830
2019-09-30,-0.00069634,122.9921,1,0.035524,260.189380,-0.00211742,14.9644,1,0.062722,398.434290
2019-10-01,-0.00541057,122.4511,1,0.021627,181.106850,0.00768571,15.7329,1,0.032269,301.430200
2019-10-02,-0.00034410,122.4166,1,0.037850,219.765430,0.00292048,16.0250,0,0.000000,0.000000
2019-10-03,0.00581431,122.9981,1,0.029209,200.717080,-0.00638685,15.3863,0,0.000000,0.000000
2019-10-04,0.00658948,123.6570,1,0.043072,242.167800,0.02045957,17.4323,1,0.063193,336.691092
2019-10-07,0.00123921,123.7809,1,0.042399,242.148380,-0.00166879,17.2654,0,0.000000,0.000000
2019-10-08,-0.00879641,122.9013,1,0.048251,239.653640,-0.00106425,17.1590,1,0.046785,301.340997
2019-10-09,0.00868804,123.7701,1,0.040276,219.366870,0.00881240,18.0402,0,0.000000,0.000000
2019-10-10,-0.00142845,123.6273,1,0.033855,282.341080,0.00117220,18.1574,1,0.041260,278.687092
2019-10-11,-0.00152041,123.4752,1,0.031061,222.427850,0.02083783,20.2412,1,0.064287,341.416760
2019-10-14,0.01320844,124.7961,1,0.047126,223.382380,-0.01167076,19.0741,0,0.000000,0.000000
2019-10-15,0.00646312,125.4424,1,0.044798,260.347770,-0.00050083,19.0240,1,0.062073,402.651966
2019-10-16,0.00456143,125.8985,1,0.038087,241.568770,-0.00932701,18.0913,1,0.045421,321.667270
2019-10-17,0.00015685,125.9142,1,0.033965,279.571590,-0.00263005,17.8283,1,0.047055,359.229240
2019-10-18,-0.00791493,125.1227,1,0.037473,241.281970,0.00332086,18.1604,1,0.048034,301.630670
2019-10-21,-0.00669575,124.4531,1,0.031825,240.851460,0.00286513,18.4469,1,0.044037,360.578060
2019-10-22,-0.01038416,123.4147,1,0.020046,162.065670,0.01749833,20.1968,0,0.000000,0.000000
2019-10-23,0.00742759,124.1575,1,0.030531,219.937310,0.00813791,21.0106,1,0.037559,243.648512
2019-10-24,0.00042428,124.1999,1,0.036472,261.191290,0.00112992,21.1236,1,0.033878,261.013530
2019-10-25,0.00690175,124.8901,1,0.033655,201.784040,-0.00078539,21.0450,1,0.043699,322.145510
2019-10-28,-0.00099373,124.7907,1,0.034173,242.296030,0.00707947,21.7530,1,0.047223,321.350160
2019-10-29,-0.00451014,124.3397,1,0.030704,201.478360,-0.00715355,21.0376,1,0.051865,300.656750
2019-10-30,-0.00236033,124.1037,1,0.025473,261.479610,-0.00127262,20.9103,1,0.036472,360.630530
2019-10-31,0.00875350,124.9790,1,0.042920,261.916120,0.02185365,23.0957,1,0.049115,321.358950
2019-11-01,0.00176405,125.1554,1,0.023695,198.385410,-0.01649164,21.4465,1,0.030774,260.684200
2019-11-04,-0.02366321,122.7891,1,0.028271,242.733280,0.02865769,24.3123,1,0.054541,362.016370
2019-11-05,0.00152778,122.9419,1,0.038532,261.552370,0.00237732,24.5500,1,0.038898,242.750050
2019-11-06,-0.01642999,121.2989,1,0.029279,241.874490,0.00872971,25.4230,1,0.041169,341.991710
2019-11-07,0.01178567,122.4774,1,0.042173,260.299140,-0.01332474,24.0905,1,0.034874,281.661440
2019-11-08,0.02405173,124.8826,1,0.039197,260.283500,0.00717096,24.8076,1,0.059904,379.344500
2019-11-11,0.00963457,125.8461,1,0.025713,243.532390,-0.00134874,24.6728,1,0.024714,240.830540
2019-11-12,-0.00475054,125.3710,1,0.021444,200.169150,0.01307326,25.9801,1,0.031594,280.176060
2019-11-13,-0.01308623,124.0624,1,0.043553,220.840890,0.00576655,26.5567,1,0.047385,281.718260
2019-11-14,0.00996190,125.0586,1,0.015450,161.831090,-0.00191189,26.3656,1,0.032569,281.153400
2019-11-15,-0.00813855,124.2447,1,0.028205,221.823580,-0.00895932,25.4696,1,0.046562,321.558000
2019-11-18,0.00368902,124.6136,1,0.021218,181.135330,0.00094749,25.5644,0,0.000000,0.000000
2019-11-19,0.00766784,125.3804,1,0.031576,200.623960,0.00578246,26.1426,1,0.044164,301.281452
2019-11-20,-0.01101734,124.2787,1,0.031814,239.947080,0.00868360,27.0110,1,0.025910,260.821830
2019-11-21,-0.00676928,123.6018,1,0.036418,240.558700,0.00220032,27.2310,1,0.039408,281.410630
2019-11-22,-0.00221264,123.3805,1,0.019524,140.753510,0.00303572,27.5346,1,0.053748,319.465300
2019-11-25,0.01137451,124.5179,1,0.020099,161.149460,0.01395704,28.9303,1,0.041556,301.472160
2019-11-26,0.01162638,125.6806,1,0.015942,122.870110,-0.02048043,26.8822,1,0.031913,261.839840
2019-11-27,0.00441618,126.1222,1,0.027652,199.891120,-0.00360109,26.5221,1,0.046889,339.977370
2019-11-29,-0.01047950,125.0743,1,0.015490,121.661650,0.00071388,26.5935,1,0.037082,341.042240
2019-12-02,-0.00146716,124.9275,1,0.029746,160.713080,0.00284615,26.8781,0,0.000000,0.000000
2019-12-03,-0.00181430,124.7461,1,0.019360,140.227590,-0.00895638,25.9825,0,0.000000,0.000000
2019-12-04,-0.00130304,124.6158,1,0.022784,220.350030,-0.00823517,25.1590,1,0.046227,356.339131
2019-12-05,-0.00365195,124.2506,1,0.020595,181.436140,0.00021043,25.1800,1,0.060807,400.461110
2019-12-06,-0.00165714,124.0849,1,0.022784,180.562720,0.00335112,25.5151,1,0.045608,301.580470
2019-12-09,0.00259285,124.3442,1,0.021825,141.714330,0.00027162,25.5423,1,0.040938,282.072120
2019-12-10,-0.00591710,123.7525,1,0.013880,139.440250,-0.00091940,25.4504,1,0.050220,340.152120
2019-12-11,-0.00677618,123.0748,1,0.026978,161.103890,0.00890475,26.3408,1,0.046375,280.628640
2019-12-12,0.00810916,123.8858,1,0.018454,161.849820,0.00452119,26.7930,1,0.038741,281.535790
2019-12-13,0.00741450,124.6272,1,0.031360,202.041010,-0.01640177,25.1528,1,0.065357,342.070480
2019-12-16,0.00628241,125.2555,1,0.024509,180.769590,-0.00884794,24.2680,1,0.053074,359.528340
2019-12-17,-0.00151305,125.1042,1,0.029895,241.953750,0.00468864,24.7368,1,0.045416,361.925500
2019-12-18,-0.00602549,124.5016,1,0.026939,220.205670,0.00054961,24.7918,1,0.032709,300.900680
2019-12-19,-0.00111513,124.3901,1,0.021283,160.578650,0.00282994,25.0748,1,0.043946,301.013930
2019-12-20,0.00658651,125.0487,1,0.019169,120.805570,-0.01101844,23.9730,1,0.045354,261.359740
2019-12-23,0.00133981,125.1827,1,0.012219,141.068380,-0.00859646,23.1133,1,0.039236,341.544930
2019-12-24,0.00264997,125.4477,1,0.037783,240.399200,-0.00055339,23.0580,1,0.058939,380.187850
2019-12-26,0.00262840,125.7106,1,0.044510,200.565920,0.00027002,23.0850,1,0.085638,300.683720
2019-12-27,-0.00346147,125.3644,1,0.013007,121.041530,-0.00427707,22.6573,1,0.054457,320.892640
2019-12-30,-0.00477422,124.8870,1,0.027042,200.203180,0.00097934,22.7552,1,0.057836,379.915450
2019-12-31,0.00301706,125.1887,1,0.025514,160.527120,-0.00139583,22.6156,1,0.044303,299.988210
