Inserted Genomes, Total BP Epochs, Time, Best Val. MAE, Best Val. MSE, Enabled Nodes, Enabled Edges, Enabled Rec. Edges,Island_0_best_fitness,Island_0_worst_fitness,Island_1_best_fitness,Island_1_worst_fitness,Island_2_best_fitness,Island_2_worst_fitness,Island_3_best_fitness,Island_3_worst_fitness,Island_4_best_fitness,Island_4_worst_fitness,Island_5_best_fitness,Island_5_worst_fitness
120,600,1697,0.0374808,0.00274779,23,22,0,0.011075,0.016744,0.002748,0.004329,0.004389,0.004978,0.010596,0.018497,0.004797,0.005645,0.004680,0.008078
180,1200,3473,0.0342685,0.00243084,23,22,1,0.007914,0.011859,0.002431,0.003170,0.003780,0.004389,0.004666,0.013067,0.002881,0.004812,0.004189,0.004762
240,1800,5558,0.0327594,0.00226324,23,21,1,0.002994,0.008623,0.002263,0.002737,0.002675,0.003605,0.003003,0.004646,0.002861,0.003220,0.003635,0.004189
300,2400,7932,0.0321163,0.00223224,23,22,1,0.002733,0.004813,0.002232,0.002414,0.002612,0.003262,0.002353,0.003377,0.002520,0.002877,0.003200,0.003737
360,3000,10413,0.029494,0.00212052,23,22,2,0.002539,0.003974,0.002121,0.002256,0.002364,0.002878,0.002157,0.002818,0.002332,0.002676,0.002923,0.003281
420,3600,12376,0.0293181,0.00212663,23,22,4,0.002412,0.002769,0.002128,0.002171,0.002348,0.002539,0.002127,0.002204,0.002227,0.002358,0.002933,0.003211
480,4200,14290,0.0286699,0.00207239,23,22,5,0.002233,0.002575,0.002133,0.002157,0.002267,0.002359,0.002072,0.002140,0.002208,0.002346,0.002936,0.002995
540,4800,16281,0.0277024,0.0020523,24,24,9,0.002142,0.002412,0.002129,0.002143,0.002136,0.002269,0.002052,0.002099,0.002168,0.002330,0.002880,0.002932
600,5400,18389,0.0278413,0.00202941,24,24,9,0.002125,0.002192,0.002107,0.002142,0.002055,0.002182,0.002029,0.002093,0.002139,0.002320,0.002828,0.002882
660,6000,20582,0.0294725,0.00211146,23,22,6,0.002171,0.002232,0.002111,0.002225,0.002143,0.002224,0.002117,0.002173,0.002229,0.002298,0.002791,0.002943
720,6600,22669,0.0284559,0.00211015,23,22,5,0.002176,0.002214,0.002115,0.002180,0.002147,0.002197,0.002110,0.002160,0.002219,0.002277,0.002709,0.002893
780,7200,25131,0.0286489,0.00209852,24,22,4,0.002140,0.002197,0.002116,0.002177,0.002127,0.002149,0.002099,0.002136,0.002217,0.002256,0.002650,0.002759
840,7800,27436,0.0286489,0.00210214,24,22,4,0.002144,0.002185,0.002115,0.002164,0.002130,0.002151,0.002102,0.002124,0.002193,0.002228,0.002616,0.002699
900,8400,29658,0.0286489,0.00210473,24,22,4,0.002144,0.002169,0.002120,0.002137,0.002137,0.002155,0.002105,0.002126,0.002199,0.002225,0.002597,0.002619
960,9000,31785,0.0286489,0.00210495,24,22,4,0.002146,0.002150,0.002122,0.002136,0.002140,0.002150,0.002105,0.002118,0.002198,0.002225,0.002546,0.002601
1020,9600,34069,0.0297142,0.00211287,24,26,7,0.002143,0.002161,0.002113,0.002135,0.002151,0.002160,0.002116,0.002127,0.002210,0.002226,0.002445,0.002614
1080,10200,36510,0.0287184,0.00211653,24,22,4,0.002159,0.002178,0.002125,0.002148,0.002168,0.002173,0.002117,0.002139,0.002222,0.002233,0.002451,0.002620
1140,10800,39216,0.0285978,0.00221141,24,23,4,0.002275,0.002298,0.002242,0.002270,0.002280,0.002284,0.002211,0.002253,0.002329,0.002339,0.002568,0.002712
1200,11400,41546,0.0285978,0.00230486,24,23,4,0.002359,0.002392,0.002329,0.002381,0.002378,0.002381,0.002305,0.002349,0.002418,0.002422,0.002679,0.002788
1260,12000,43854,0.0287268,0.00227566,24,23,4,0.002332,0.002352,0.002305,0.002348,0.002363,0.002364,0.002276,0.002291,0.002383,0.002387,0.002561,0.002701
1320,12600,46204,0.0287268,0.00226381,24,23,4,0.002321,0.002340,0.002280,0.002331,0.002351,0.002351,0.002264,0.002279,0.002366,0.002367,0.002549,0.002663
1380,13200,48593,0.0287268,0.00225126,24,23,4,0.002310,0.002321,0.002267,0.002306,0.002336,0.002341,0.002251,0.002263,0.002353,0.002355,0.002472,0.002558
1440,13800,51060,0.0287268,0.00225161,24,23,4,0.002309,0.002317,0.002267,0.002285,0.002338,0.002343,0.002252,0.002258,0.002353,0.002354,0.002472,0.002528
1500,14400,53450,0.0287268,0.00224835,24,23,4,0.002304,0.002312,0.002263,0.002281,0.002335,0.002341,0.002248,0.002254,0.002348,0.002348,0.002372,0.002520
1560,15000,55851,0.0287268,0.00213668,24,23,4,0.002194,0.002202,0.002150,0.002169,0.002212,0.002218,0.002137,0.002143,0.002243,0.002243,0.002272,0.002406
1620,15600,58349,0.0287268,0.00204346,24,23,4,0.002095,0.002104,0.002054,0.002066,0.002122,0.002131,0.002043,0.002050,0.002148,0.002149,0.002157,0.002193
1680,16200,60981,0.0287268,0.00202931,24,23,4,0.002079,0.002079,0.002046,0.002049,0.002107,0.002116,0.002029,0.002033,0.002136,0.002137,0.002150,0.002159
1740,16800,63488,0.0281252,0.00216177,24,23,5,0.002258,0.002260,0.002182,0.002215,0.002219,0.002222,0.002162,0.002207,0.002361,0.002367,0.002344,0.002391
1800,17400,66328,0.0281252,0.00235199,24,23,5,0.002559,0.002559,0.002395,0.002444,0.002360,0.002360,0.002352,0.002477,0.002747,0.002798,0.002617,0.002768
1860,18000,68799,0.0306307,0.0024729,27,43,6,0.002788,0.002789,0.002574,0.002634,0.002473,0.002502,0.002507,0.002561,0.002986,0.003094,0.002792,0.003040
1920,18600,71440,0.0306307,0.00251306,27,43,6,0.002814,0.002827,0.002611,0.002669,0.002513,0.002541,0.002547,0.002596,0.003026,0.003066,0.002833,0.003045
1980,19200,74056,0.0306307,0.00254718,27,43,6,0.002910,0.002930,0.002702,0.002770,0.002547,0.002582,0.002608,0.002624,0.003156,0.003158,0.002925,0.002954
2040,19800,76990,0.030901,0.00253231,27,43,6,0.002894,0.002913,0.002693,0.002760,0.002532,0.002571,0.002596,0.002612,0.003142,0.003142,0.002892,0.002922
2100,20400,79801,0.0309398,0.00267571,24,23,5,0.003035,0.003056,0.002842,0.002920,0.002693,0.002702,0.002676,0.002749,0.003286,0.003287,0.002997,0.003055
2160,21000,82867,0.0309398,0.00292425,24,23,5,0.003276,0.003301,0.003094,0.003109,0.002950,0.002958,0.002924,0.002992,0.003542,0.003543,0.003244,0.003290
2220,21600,85801,0.0309398,0.00302134,24,23,5,0.003365,0.003367,0.003182,0.003192,0.003050,0.003054,0.003021,0.003080,0.003630,0.003630,0.003244,0.003367
2280,22200,88448,0.0309398,0.00302643,24,23,5,0.003371,0.003371,0.003188,0.003195,0.003053,0.003059,0.003026,0.003057,0.003636,0.003636,0.003249,0.003334
2340,22800,91258,0.0309398,0.00303765,24,23,5,0.003383,0.003383,0.003199,0.003202,0.003066,0.003069,0.003038,0.003068,0.003647,0.003648,0.003257,0.003296
2400,23400,93845,0.0309398,0.00305637,24,23,5,0.003405,0.003405,0.003218,0.003221,0.003084,0.003087,0.003056,0.003069,0.003670,0.003671,0.003276,0.003309
2460,24000,97018,0.033752,0.00305272,23,23,6,0.003405,0.003405,0.003219,0.003221,0.003086,0.003087,0.003053,0.003058,0.003673,0.003674,0.003270,0.003282
2520,24600,100143,0.033752,0.00304278,23,23,6,0.003391,0.003391,0.003210,0.003210,0.003077,0.003078,0.003043,0.003048,0.003665,0.003666,0.003259,0.003268
2580,25200,103280,0.033752,0.00307605,23,23,6,0.003420,0.003420,0.003238,0.003242,0.003111,0.003111,0.003076,0.003081,0.003692,0.003692,0.003283,0.003294
2640,25800,106497,0.033752,0.003171,23,23,6,0.003526,0.003526,0.003343,0.003345,0.003211,0.003211,0.003171,0.003176,0.003805,0.003805,0.003372,0.003378
2700,26400,109416,0.033752,0.00319871,23,23,6,0.003551,0.003551,0.003369,0.003372,0.003237,0.003238,0.003199,0.003204,0.003834,0.003835,0.003401,0.003409
2760,27000,112486,0.033752,0.00330994,23,23,6,0.003648,0.003648,0.003452,0.003477,0.003341,0.003341,0.003310,0.003313,0.003939,0.003940,0.003510,0.003517
2820,27600,115099,0.0335497,0.00341441,24,23,5,0.003752,0.003754,0.003556,0.003578,0.003450,0.003453,0.003414,0.003415,0.004052,0.004053,0.003607,0.003614
2880,28200,117878,0.0335497,0.00341792,24,23,5,0.003757,0.003759,0.003558,0.003567,0.003455,0.003457,0.003418,0.003419,0.004060,0.004060,0.003607,0.003612
2940,28800,120726,0.0357937,0.00340861,23,22,6,0.003758,0.003758,0.003559,0.003567,0.003456,0.003458,0.003409,0.003419,0.004063,0.004064,0.003607,0.003609
3000,29400,123803,0.0357937,0.00342146,23,22,6,0.003768,0.003771,0.003568,0.003570,0.003470,0.003472,0.003421,0.003431,0.004072,0.004073,0.003623,0.003624
3060,30000,127322,0.0357937,0.00342576,23,22,6,0.003774,0.003778,0.003576,0.003578,0.003477,0.003478,0.003426,0.003435,0.004078,0.004078,0.003633,0.003634
3120,30600,130822,0.0357937,0.00342194,23,22,6,0.003768,0.003772,0.003572,0.003573,0.003474,0.003474,0.003422,0.003431,0.004072,0.004072,0.003628,0.003630
3180,31200,134091,0.0357937,0.00337108,23,22,6,0.003621,0.003726,0.003526,0.003527,0.003423,0.003423,0.003371,0.003382,0.004029,0.004029,0.003582,0.003584
3240,31800,137459,0.0348564,0.00330494,24,21,6,0.003559,0.003661,0.003466,0.003467,0.003360,0.003360,0.003305,0.003317,0.003968,0.003968,0.003517,0.003519
3300,32400,140603,0.0348564,0.00331449,24,21,6,0.003563,0.003662,0.003473,0.003475,0.003369,0.003369,0.003314,0.003321,0.003970,0.003971,0.003518,0.003526
3360,33000,143854,0.0348564,0.0033449,24,21,6,0.003591,0.003646,0.003495,0.003504,0.003399,0.003399,0.003345,0.003349,0.003988,0.003989,0.003549,0.003555
3420,33600,147373,0.0348564,0.00336767,24,21,6,0.003580,0.003648,0.003521,0.003529,0.003423,0.003424,0.003368,0.003371,0.004016,0.004016,0.003556,0.003583
3480,34200,151083,0.0348564,0.00337756,24,21,6,0.003594,0.003631,0.003535,0.003542,0.003437,0.003438,0.003378,0.003381,0.004036,0.004037,0.003570,0.003591
3540,34800,154597,0.0348564,0.0034392,24,21,6,0.003655,0.003675,0.003593,0.003598,0.003496,0.003496,0.003439,0.003439,0.004097,0.004097,0.003634,0.003640
3600,35400,158662,0.0364102,0.00346433,24,21,5,0.003681,0.003693,0.003618,0.003623,0.003514,0.003520,0.003464,0.003465,0.004126,0.004127,0.003653,0.003667
3660,36000,162482,0.0362713,0.00345287,23,22,6,0.003664,0.003665,0.003608,0.003613,0.003503,0.003509,0.003453,0.003453,0.004113,0.004114,0.003641,0.003652
3720,36600,166107,0.0362713,0.00344656,23,22,6,0.003659,0.003659,0.003597,0.003603,0.003495,0.003502,0.003447,0.003447,0.004120,0.004121,0.003634,0.003647
3780,37200,169937,0.0362713,0.00343823,23,22,6,0.003644,0.003646,0.003587,0.003594,0.003487,0.003489,0.003438,0.003439,0.004106,0.004107,0.003626,0.003635
3840,37800,173966,0.0359644,0.00343018,24,26,6,0.003635,0.003638,0.003580,0.003583,0.003479,0.003480,0.003430,0.003432,0.004098,0.004098,0.003630,0.003631
3900,38400,177875,0.0359644,0.00339,24,26,6,0.003592,0.003596,0.003543,0.003547,0.003439,0.003440,0.003390,0.003392,0.004059,0.004059,0.003587,0.003588
3960,39000,181686,0.0359644,0.0033464,24,26,6,0.003544,0.003552,0.003495,0.003498,0.003396,0.003396,0.003346,0.003349,0.004015,0.004015,0.003527,0.003543
4020,39600,185512,0.0359644,0.0033131,24,26,6,0.003515,0.003518,0.003458,0.003461,0.003363,0.003363,0.003313,0.003315,0.003979,0.003980,0.003496,0.003510
4080,40200,189242,0.0359644,0.00327365,24,26,6,0.003476,0.003477,0.003413,0.003415,0.003323,0.003323,0.003274,0.003276,0.003927,0.003927,0.003454,0.003458
4140,40800,193102,0.0359644,0.00321143,24,26,6,0.003400,0.003423,0.003356,0.003359,0.003260,0.003260,0.003211,0.003214,0.003873,0.003874,0.003395,0.003397
4200,41400,196636,0.0359644,0.00318393,24,26,6,0.003368,0.003388,0.003334,0.003337,0.003248,0.003248,0.003184,0.003184,0.003849,0.003851,0.003363,0.003365
4260,42000,200115,0.0329189,0.00315732,25,26,7,0.003340,0.003358,0.003311,0.003314,0.003223,0.003223,0.003157,0.003158,0.003825,0.003825,0.003335,0.003336
4320,42600,203748,0.0329189,0.00314567,25,26,7,0.003331,0.003347,0.003301,0.003304,0.003210,0.003210,0.003146,0.003146,0.003815,0.003815,0.003326,0.003327
4380,43200,207647,0.0329189,0.00318492,25,26,7,0.003369,0.003380,0.003341,0.003344,0.003250,0.003251,0.003185,0.003185,0.003855,0.003855,0.003363,0.003364
4440,43800,211376,0.0359644,0.0033584,24,26,6,0.003508,0.003537,0.003498,0.003500,0.003427,0.003427,0.003358,0.003359,0.004007,0.004008,0.003515,0.003523
4500,44400,215325,0.0359644,0.00336576,24,26,6,0.003512,0.003540,0.003502,0.003504,0.003434,0.003435,0.003366,0.003367,0.004013,0.004014,0.003529,0.003530
4560,45000,219477,0.0359644,0.00339485,24,26,6,0.003542,0.003543,0.003513,0.003530,0.003465,0.003465,0.003395,0.003396,0.004045,0.004047,0.003567,0.003568
4620,45600,223289,0.0359644,0.00336705,24,26,6,0.003515,0.003516,0.003488,0.003506,0.003436,0.003436,0.003367,0.003368,0.004021,0.004022,0.003548,0.003548
4680,46200,227360,0.0340128,0.00334293,22,26,8,0.003489,0.003489,0.003465,0.003484,0.003412,0.003412,0.003343,0.003344,0.004001,0.004003,0.003515,0.003516
4740,46800,231362,0.0344054,0.00337884,24,26,7,0.003527,0.003527,0.003498,0.003518,0.003445,0.003445,0.003379,0.003379,0.004040,0.004041,0.003549,0.003550
4800,47400,235360,0.0344054,0.00337369,24,26,7,0.003517,0.003521,0.003494,0.003512,0.003441,0.003441,0.003374,0.003374,0.004031,0.004032,0.003542,0.003542
4860,48000,239293,0.0344054,0.00338143,24,26,7,0.003523,0.003528,0.003500,0.003518,0.003448,0.003448,0.003381,0.003381,0.004043,0.004044,0.003548,0.003548
4920,48600,243207,0.0346864,0.00337957,25,26,7,0.003527,0.003533,0.003501,0.003519,0.003451,0.003451,0.003380,0.003383,0.004048,0.004049,0.003550,0.003550
4980,49200,247753,0.0346864,0.00338211,25,26,7,0.003526,0.003526,0.003503,0.003521,0.003452,0.003452,0.003382,0.003385,0.004049,0.004050,0.003553,0.003553
5040,49800,252072,0.0346864,0.00338259,25,26,7,0.003513,0.003526,0.003504,0.003522,0.003451,0.003451,0.003383,0.003387,0.004052,0.004052,0.003559,0.003560
5100,50400,256893,0.0347814,0.00336099,25,27,7,0.003492,0.003505,0.003482,0.003500,0.003427,0.003428,0.003361,0.003364,0.004028,0.004029,0.003543,0.003544
5160,51000,261322,0.0347814,0.00329503,25,27,7,0.003421,0.003428,0.003422,0.003437,0.003358,0.003359,0.003295,0.003297,0.003967,0.003967,0.003481,0.003481
5220,51600,265875,0.0337287,0.00320536,25,26,6,0.003338,0.003345,0.003340,0.003355,0.003266,0.003267,0.003205,0.003206,0.003885,0.003886,0.003402,0.003402
5280,52200,270330,0.0337287,0.00315002,25,26,6,0.003280,0.003287,0.003292,0.003303,0.003212,0.003213,0.003150,0.003150,0.003832,0.003833,0.003342,0.003343
5340,52800,274858,0.0337287,0.00329585,25,26,6,0.003412,0.003413,0.003438,0.003440,0.003363,0.003365,0.003296,0.003296,0.003980,0.003980,0.003464,0.003464
5400,53400,279509,0.0337287,0.00337527,25,26,6,0.003468,0.003484,0.003508,0.003510,0.003442,0.003443,0.003375,0.003376,0.004055,0.004056,0.003536,0.003536
5460,54000,283974,0.0337287,0.00343959,25,26,6,0.003529,0.003543,0.003562,0.003562,0.003508,0.003509,0.003440,0.003440,0.004091,0.004093,0.003597,0.003597
5520,54600,288593,0.0337287,0.00345099,25,26,6,0.003545,0.003558,0.003572,0.003574,0.003521,0.003521,0.003451,0.003451,0.004103,0.004104,0.003611,0.003611
5580,55200,293537,0.0337287,0.0034205,25,26,6,0.003513,0.003524,0.003543,0.003545,0.003489,0.003489,0.003420,0.003421,0.004070,0.004071,0.003580,0.003580
5640,55800,297966,0.0337287,0.00337713,25,26,6,0.003470,0.003474,0.003503,0.003504,0.003447,0.003447,0.003377,0.003377,0.004022,0.004022,0.003530,0.003530
5700,56400,302690,0.0350958,0.00336508,25,26,8,0.003457,0.003457,0.003492,0.003494,0.003436,0.003436,0.003365,0.003365,0.004006,0.004006,0.003516,0.003516
5760,57000,307380,0.0350958,0.00335136,25,26,8,0.003443,0.003443,0.003482,0.003483,0.003422,0.003422,0.003351,0.003351,0.003989,0.003991,0.003503,0.003503
5820,57600,312386,0.0337613,0.00334752,25,26,9,0.003440,0.003440,0.003477,0.003479,0.003418,0.003418,0.003348,0.003348,0.003973,0.003974,0.003499,0.003499
5880,58200,317212,0.0337613,0.00335615,25,26,9,0.003447,0.003448,0.003484,0.003486,0.003423,0.003423,0.003356,0.003356,0.003979,0.003982,0.003505,0.003506
5940,58800,322013,0.0339795,0.00335972,24,27,8,0.003450,0.003450,0.003488,0.003490,0.003427,0.003427,0.003360,0.003360,0.003986,0.003988,0.003511,0.003512
6000,59400,326912,0.0339249,0.00335935,24,27,9,0.003450,0.003450,0.003489,0.003491,0.003427,0.003427,0.003359,0.003359,0.003987,0.003989,0.003511,0.003512
6060,60000,331743,0.0339249,0.00341872,24,27,9,0.003512,0.003512,0.003544,0.003546,0.003485,0.003485,0.003419,0.003419,0.004048,0.004049,0.003574,0.003574
6120,60600,336889,0.0339249,0.00343526,24,27,9,0.003529,0.003529,0.003560,0.003561,0.003501,0.003501,0.003435,0.003435,0.004060,0.004061,0.003592,0.003592
6180,61200,341767,0.0339249,0.00343651,24,27,9,0.003531,0.003532,0.003562,0.003563,0.003503,0.003503,0.003437,0.003437,0.004047,0.004062,0.003594,0.003594
6240,61800,347279,0.0339249,0.00343987,24,27,9,0.003533,0.003533,0.003566,0.003568,0.003505,0.003505,0.003440,0.003440,0.004053,0.004066,0.003598,0.003598
6300,62400,352262,0.034777,0.00344141,24,27,10,0.003532,0.003533,0.003566,0.003568,0.003506,0.003506,0.003441,0.003441,0.003970,0.004069,0.003599,0.003599
6360,63000,357503,0.034777,0.00344143,24,27,10,0.003533,0.003533,0.003567,0.003568,0.003506,0.003506,0.003441,0.003441,0.003970,0.004069,0.003599,0.003599
6420,63600,362481,0.034777,0.00344154,24,27,10,0.003532,0.003532,0.003567,0.003567,0.003501,0.003501,0.003442,0.003442,0.003881,0.004068,0.003595,0.003595
6480,64200,367880,0.034777,0.00344309,24,27,10,0.003533,0.003533,0.003569,0.003569,0.003495,0.003495,0.003443,0.003443,0.003884,0.004054,0.003590,0.003594
6540,64800,373263,0.034777,0.00344231,24,27,10,0.003528,0.003533,0.003568,0.003569,0.003493,0.003493,0.003442,0.003442,0.003886,0.003975,0.003589,0.003594
6600,65400,378614,0.034777,0.00344188,24,27,10,0.003526,0.003531,0.003568,0.003568,0.003493,0.003494,0.003442,0.003442,0.003852,0.003976,0.003589,0.003593
6660,66000,383999,0.034777,0.00336486,24,27,10,0.003447,0.003452,0.003493,0.003493,0.003414,0.003414,0.003365,0.003365,0.003772,0.003833,0.003504,0.003505
6720,66600,389294,0.034743,0.00340327,26,32,10,0.003459,0.003480,0.003526,0.003527,0.003451,0.003451,0.003403,0.003404,0.003811,0.003847,0.003537,0.003539
6780,67200,395900,0.034743,0.00356608,26,32,10,0.003614,0.003634,0.003675,0.003676,0.003614,0.003614,0.003566,0.003566,0.003970,0.003984,0.003696,0.003696
6840,67800,401114,0.034743,0.0036304,26,32,10,0.003677,0.003686,0.003738,0.003738,0.003678,0.003679,0.003630,0.003631,0.004019,0.004038,0.003748,0.003756
6900,68400,406643,0.0363577,0.00366331,26,32,11,0.003711,0.003717,0.003778,0.003779,0.003707,0.003707,0.003663,0.003664,0.004022,0.004075,0.003787,0.003794
6960,69000,411920,0.0363577,0.00371288,26,32,11,0.003755,0.003757,0.003823,0.003823,0.003756,0.003757,0.003713,0.003713,0.003940,0.004122,0.003838,0.003840
7020,69600,417150,0.0369574,0.00373045,26,33,11,0.003770,0.003773,0.003840,0.003840,0.003775,0.003776,0.003730,0.003730,0.003957,0.004084,0.003855,0.003856
7080,70200,422439,0.0369574,0.00388751,26,33,11,0.003913,0.003919,0.003977,0.003978,0.003930,0.003931,0.003888,0.003888,0.004109,0.004228,0.004009,0.004011
7140,70800,431290,0.0369574,0.00389297,26,33,11,0.003919,0.003925,0.003963,0.003963,0.003937,0.003937,0.003893,0.003893,0.004105,0.004183,0.004002,0.004021
7200,71400,438156,0.037719,0.00381486,25,31,11,0.003848,0.003853,0.003890,0.003891,0.003853,0.003853,0.003815,0.003815,0.004029,0.004075,0.003930,0.003950
7260,72000,444115,0.0372355,0.00375064,25,31,12,0.003787,0.003792,0.003834,0.003834,0.003788,0.003789,0.003751,0.003752,0.003966,0.003993,0.003869,0.003887
7320,72600,450153,0.0372355,0.00374677,25,31,12,0.003783,0.003786,0.003829,0.003830,0.003786,0.003786,0.003747,0.003748,0.003964,0.003979,0.003864,0.003883
7380,73200,456401,0.0371847,0.00375559,25,32,12,0.003792,0.003792,0.003839,0.003839,0.003794,0.003794,0.003756,0.003757,0.003976,0.003983,0.003875,0.003880
7440,73800,462257,0.0371847,0.00379,25,32,12,0.003829,0.003831,0.003875,0.003875,0.003826,0.003827,0.003790,0.003790,0.004017,0.004017,0.003915,0.003918
7500,74400,468275,0.0372355,0.00385487,25,31,12,0.003899,0.003900,0.003942,0.003942,0.003889,0.003889,0.003855,0.003855,0.004092,0.004092,0.003983,0.003989
7560,75000,475408,0.0372355,0.00388544,25,31,12,0.003932,0.003933,0.003975,0.003975,0.003921,0.003922,0.003885,0.003885,0.004122,0.004122,0.004013,0.004019
7620,75600,481665,0.0385378,0.00388874,26,31,13,0.003931,0.003936,0.003970,0.003970,0.003922,0.003922,0.003889,0.003889,0.004131,0.004131,0.004016,0.004022
7680,76200,488466,0.0385378,0.00384583,26,31,13,0.003880,0.003894,0.003928,0.003928,0.003879,0.003879,0.003846,0.003846,0.004093,0.004094,0.003974,0.003980
7692,76320,490415,0.0385378,0.00378454,26,31,13,0.003809,0.003830,0.003815,0.003815,0.003825,0.003825,0.003785,0.003787,0.003995,0.004015,0.003893,0.003902
7704,76440,492536,0.0377674,0.00370584,25,36,21,0.003727,0.003747,0.003706,0.003707,0.003797,0.003798,0.003735,0.003740,0.003861,0.003883,0.003779,0.003790
7716,76560,494390,0.0391948,0.00355918,25,36,19,0.003595,0.003619,0.003559,0.003564,0.003676,0.003679,0.003611,0.003618,0.003633,0.003714,0.003638,0.003650
7728,76680,496409,0.0391948,0.00350603,25,36,19,0.003540,0.003562,0.003506,0.003513,0.003619,0.003622,0.003553,0.003558,0.003579,0.003636,0.003578,0.003588
7740,76800,498483,0.0364891,0.0034249,25,37,21,0.003497,0.003500,0.003425,0.003426,0.003593,0.003597,0.003522,0.003529,0.003486,0.003531,0.003509,0.003538
7752,76920,500348,0.0391948,0.00340915,25,36,19,0.003471,0.003481,0.003409,0.003410,0.003571,0.003573,0.003500,0.003506,0.003471,0.003482,0.003490,0.003507
7764,77040,502318,0.0391948,0.00324987,25,36,19,0.003318,0.003330,0.003250,0.003253,0.003399,0.003405,0.003342,0.003348,0.003318,0.003337,0.003341,0.003363
7776,77160,504311,0.0391948,0.00299986,25,36,19,0.003077,0.003091,0.003000,0.003009,0.003124,0.003145,0.003066,0.003094,0.003060,0.003071,0.003094,0.003121
7788,77280,506386,0.0391948,0.00291426,25,36,19,0.002986,0.002999,0.002914,0.002914,0.003035,0.003050,0.002977,0.002996,0.002977,0.002985,0.002991,0.003032
7800,77400,508248,0.0391948,0.00291235,25,36,19,0.002985,0.002998,0.002912,0.002912,0.003035,0.003049,0.002976,0.002995,0.002976,0.002984,0.002993,0.003032
7812,77520,510467,0.0391948,0.00291034,25,36,19,0.002982,0.002994,0.002910,0.002910,0.003034,0.003048,0.002975,0.002986,0.002978,0.002983,0.002994,0.003023
7824,77640,512500,0.0330346,0.00289134,25,38,20,0.002969,0.002979,0.002891,0.002895,0.003022,0.003034,0.002961,0.002974,0.002963,0.002966,0.002983,0.003012
7836,77760,514311,0.0330346,0.00289639,25,38,20,0.002974,0.002980,0.002896,0.002900,0.003026,0.003037,0.002965,0.002978,0.002968,0.002971,0.002986,0.003013
7848,77880,516487,0.0330346,0.00290139,25,38,20,0.002979,0.002984,0.002901,0.002906,0.003031,0.003041,0.002969,0.002981,0.002972,0.002975,0.002994,0.003010
7860,78000,518352,0.0326025,0.00286738,25,38,20,0.002946,0.002951,0.002867,0.002874,0.002996,0.002998,0.002931,0.002934,0.002941,0.002943,0.002962,0.002978
7872,78120,520328,0.0326025,0.0030681,25,38,20,0.003159,0.003162,0.003068,0.003077,0.003206,0.003207,0.003134,0.003142,0.003142,0.003149,0.003171,0.003188
7884,78240,522334,0.0326025,0.00312951,25,38,20,0.003216,0.003219,0.003130,0.003136,0.003268,0.003270,0.003193,0.003201,0.003194,0.003197,0.003225,0.003235
7896,78360,524221,0.0326025,0.00307712,25,38,20,0.003163,0.003167,0.003077,0.003085,0.003219,0.003222,0.003146,0.003153,0.003142,0.003143,0.003179,0.003193
7908,78480,526335,0.0326025,0.00303902,25,38,20,0.003136,0.003139,0.003039,0.003049,0.003185,0.003188,0.003114,0.003121,0.003112,0.003119,0.003153,0.003160
7920,78600,528218,0.0326025,0.00309988,25,38,20,0.003197,0.003205,0.003100,0.003108,0.003242,0.003246,0.003174,0.003174,0.003171,0.003172,0.003211,0.003217
7932,78720,530248,0.0326025,0.00311645,25,38,20,0.003213,0.003220,0.003116,0.003123,0.003258,0.003261,0.003189,0.003190,0.003180,0.003188,0.003226,0.003230
7944,78840,532380,0.0325802,0.00313025,25,37,21,0.003218,0.003227,0.003130,0.003137,0.003270,0.003272,0.003197,0.003199,0.003186,0.003194,0.003232,0.003239
7956,78960,534386,0.0326025,0.00314609,25,38,20,0.003234,0.003243,0.003146,0.003153,0.003285,0.003287,0.003212,0.003214,0.003200,0.003208,0.003247,0.003256
7968,79080,536637,0.0326025,0.00318891,25,38,20,0.003278,0.003287,0.003189,0.003196,0.003327,0.003328,0.003253,0.003256,0.003226,0.003251,0.003288,0.003297
7980,79200,538591,0.0326025,0.0034757,25,38,20,0.003573,0.003580,0.003476,0.003480,0.003640,0.003641,0.003556,0.003559,0.003513,0.003531,0.003544,0.003575
7992,79320,540961,0.0326025,0.00363361,25,38,20,0.003741,0.003743,0.003634,0.003638,0.003809,0.003813,0.003721,0.003726,0.003677,0.003692,0.003708,0.003740
8004,79440,542794,0.0326025,0.00368648,25,38,20,0.003801,0.003801,0.003686,0.003694,0.003870,0.003874,0.003781,0.003785,0.003734,0.003748,0.003763,0.003797
8016,79560,544815,0.0326025,0.00368722,25,38,20,0.003795,0.003796,0.003687,0.003693,0.003865,0.003869,0.003777,0.003782,0.003726,0.003743,0.003765,0.003796
8028,79680,546864,0.0364,0.00372129,25,35,21,0.003826,0.003827,0.003721,0.003726,0.003894,0.003904,0.003810,0.003810,0.003762,0.003777,0.003798,0.003828
8040,79800,549146,0.0364,0.0038605,25,35,21,0.003960,0.003966,0.003860,0.003864,0.004045,0.004054,0.003955,0.003955,0.003898,0.003901,0.003930,0.003958
8052,79920,551343,0.0326025,0.00398751,25,38,20,0.004095,0.004100,0.003988,0.003992,0.004182,0.004192,0.004089,0.004089,0.004026,0.004028,0.004061,0.004088
8064,80040,553280,0.0326025,0.00399293,25,38,20,0.004104,0.004109,0.003993,0.003998,0.004192,0.004197,0.004095,0.004096,0.004033,0.004035,0.004067,0.004093
8076,80160,555499,0.0326025,0.00401995,25,38,20,0.004129,0.004134,0.004020,0.004024,0.004219,0.004224,0.004123,0.004124,0.004059,0.004059,0.004095,0.004121
8088,80280,557673,0.0364,0.00402649,25,35,21,0.004136,0.004142,0.004026,0.004029,0.004227,0.004232,0.004129,0.004131,0.004066,0.004066,0.004103,0.004129
8100,80400,559786,0.0364,0.00407021,25,35,21,0.004183,0.004188,0.004070,0.004072,0.004272,0.004277,0.004172,0.004176,0.004110,0.004110,0.004149,0.004175
8112,80520,561772,0.0399481,0.00415823,25,34,22,0.004275,0.004278,0.004158,0.004160,0.004367,0.004372,0.004264,0.004269,0.004191,0.004198,0.004241,0.004264
8124,80640,564166,0.0399481,0.00423789,25,34,22,0.004349,0.004350,0.004238,0.004240,0.004442,0.004447,0.004340,0.004346,0.004264,0.004274,0.004319,0.004339
8136,80760,565983,0.0364,0.00424879,25,35,21,0.004363,0.004363,0.004249,0.004251,0.004454,0.004458,0.004352,0.004358,0.004275,0.004285,0.004332,0.004352
8148,80880,568164,0.0409988,0.00424389,25,39,20,0.004368,0.004368,0.004244,0.004253,0.004453,0.004462,0.004356,0.004362,0.004278,0.004289,0.004334,0.004355
8160,81000,570164,0.0409988,0.00424157,25,39,20,0.004367,0.004368,0.004242,0.004252,0.004442,0.004458,0.004354,0.004358,0.004277,0.004287,0.004333,0.004352
8172,81120,572028,0.0409988,0.00426533,25,39,20,0.004390,0.004390,0.004265,0.004276,0.004464,0.004480,0.004377,0.004381,0.004301,0.004310,0.004356,0.004373
8184,81240,573958,0.0409988,0.00432262,25,39,20,0.004445,0.004446,0.004323,0.004335,0.004507,0.004520,0.004435,0.004439,0.004354,0.004364,0.004416,0.004432
8196,81360,575735,0.0409988,0.0043483,25,39,20,0.004469,0.004470,0.004348,0.004361,0.004531,0.004544,0.004460,0.004464,0.004380,0.004391,0.004442,0.004452
8208,81480,577643,0.0409988,0.00434624,25,39,20,0.004465,0.004466,0.004346,0.004359,0.004529,0.004543,0.004459,0.004463,0.004381,0.004389,0.004437,0.004437
8220,81600,579216,0.0409988,0.0042987,25,39,20,0.004420,0.004420,0.004299,0.004311,0.004484,0.004498,0.004413,0.004417,0.004335,0.004342,0.004391,0.004391
8232,81720,581200,0.0409988,0.00413399,25,39,20,0.004241,0.004241,0.004134,0.004144,0.004309,0.004322,0.004242,0.004244,0.004166,0.004171,0.004225,0.004225
8244,81840,582896,0.0409988,0.00412473,25,39,20,0.004222,0.004223,0.004125,0.004133,0.004297,0.004311,0.004232,0.004233,0.004157,0.004160,0.004207,0.004207
8256,81960,584623,0.0409988,0.00410245,25,39,20,0.004195,0.004196,0.004102,0.004111,0.004274,0.004287,0.004209,0.004211,0.004127,0.004138,0.004174,0.004174
8268,82080,586404,0.0409988,0.00409387,25,39,20,0.004187,0.004188,0.004094,0.004102,0.004268,0.004281,0.004202,0.004204,0.004119,0.004131,0.004165,0.004165
8280,82200,588290,0.0409988,0.00404497,25,39,20,0.004141,0.004142,0.004045,0.004054,0.004221,0.004235,0.004153,0.004156,0.004072,0.004082,0.004116,0.004116
8292,82320,589898,0.0409988,0.00401589,25,39,20,0.004111,0.004112,0.004016,0.004024,0.004192,0.004206,0.004124,0.004127,0.004045,0.004055,0.004084,0.004084
8304,82440,591917,0.0409988,0.00401293,25,39,20,0.004109,0.004109,0.004013,0.004020,0.004190,0.004192,0.004122,0.004123,0.004043,0.004055,0.004082,0.004082
8316,82560,593833,0.0409988,0.00400587,25,39,20,0.004101,0.004102,0.004006,0.004011,0.004181,0.004183,0.004116,0.004116,0.004038,0.004050,0.004074,0.004074
8328,82680,595632,0.0409988,0.00399625,25,39,20,0.004094,0.004095,0.003996,0.004003,0.004172,0.004175,0.004109,0.004109,0.004032,0.004044,0.004067,0.004068
8340,82800,597719,0.0409988,0.00399108,25,39,20,0.004089,0.004090,0.003991,0.003999,0.004167,0.004170,0.004103,0.004103,0.004028,0.004036,0.004065,0.004065
8352,82920,599259,0.0409988,0.00397323,25,39,20,0.004073,0.004074,0.003973,0.003979,0.004153,0.004156,0.004091,0.004091,0.004009,0.004018,0.004048,0.004048
8364,83040,601200,0.0409988,0.00396135,25,39,20,0.004064,0.004065,0.003961,0.003968,0.004145,0.004148,0.004084,0.004084,0.004000,0.004010,0.004040,0.004040
8376,83160,603106,0.0409988,0.00395324,25,39,20,0.004057,0.004058,0.003953,0.003961,0.004137,0.004140,0.004074,0.004074,0.003991,0.004000,0.004032,0.004032
8388,83280,604757,0.0409988,0.00395204,25,39,20,0.004056,0.004057,0.003952,0.003960,0.004137,0.004140,0.004073,0.004073,0.003990,0.003991,0.003999,0.004030
8400,83400,606746,0.0409988,0.00390239,25,39,20,0.004004,0.004005,0.003902,0.003909,0.004082,0.004084,0.004020,0.004020,0.003941,0.003942,0.003952,0.003982
8412,83520,608558,0.0409988,0.003738,25,39,20,0.003847,0.003848,0.003738,0.003740,0.003912,0.003914,0.003848,0.003848,0.003772,0.003773,0.003804,0.003833
8424,83640,610889,0.0383395,0.00365367,25,35,22,0.003758,0.003759,0.003654,0.003655,0.003819,0.003820,0.003754,0.003754,0.003681,0.003682,0.003726,0.003754
8436,83760,612853,0.0361228,0.00359056,25,39,21,0.003689,0.003689,0.003591,0.003592,0.003748,0.003749,0.003684,0.003684,0.003618,0.003618,0.003662,0.003689
8448,83880,614623,0.0361228,0.003578,25,39,21,0.003677,0.003677,0.003578,0.003580,0.003739,0.003740,0.003674,0.003674,0.003606,0.003607,0.003650,0.003680
8460,84000,616221,0.0361228,0.00357802,25,39,21,0.003678,0.003678,0.003578,0.003580,0.003742,0.003743,0.003675,0.003675,0.003607,0.003607,0.003648,0.003679
8472,84120,618050,0.0361228,0.00357892,25,39,21,0.003679,0.003679,0.003579,0.003582,0.003743,0.003744,0.003675,0.003675,0.003607,0.003608,0.003647,0.003673
8484,84240,619701,0.0361228,0.00361986,25,39,21,0.003717,0.003718,0.003620,0.003624,0.003776,0.003776,0.003711,0.003711,0.003649,0.003649,0.003681,0.003707
8496,84360,621424,0.0383395,0.00366482,25,35,22,0.003758,0.003758,0.003665,0.003667,0.003819,0.003821,0.003755,0.003755,0.003693,0.003693,0.003724,0.003746
8508,84480,623513,0.0383395,0.00388813,25,35,22,0.003971,0.003971,0.003888,0.003891,0.004037,0.004039,0.003970,0.003970,0.003912,0.003913,0.003943,0.003963
8520,84600,625096,0.0383395,0.00393451,25,35,22,0.004019,0.004019,0.003935,0.003937,0.004085,0.004088,0.004019,0.004019,0.003961,0.003962,0.003991,0.003992
8532,84720,626907,0.0383395,0.00395539,25,35,22,0.004039,0.004039,0.003955,0.003958,0.004103,0.004106,0.004038,0.004038,0.003980,0.003980,0.004002,0.004012
8544,84840,628717,0.0383395,0.00396991,25,35,22,0.004051,0.004051,0.003970,0.003973,0.004113,0.004116,0.004051,0.004051,0.003992,0.003992,0.004018,0.004027
8556,84960,630431,0.0383395,0.00391981,25,35,22,0.003998,0.003998,0.003920,0.003923,0.004062,0.004066,0.004001,0.004001,0.003944,0.003944,0.003963,0.003972
8568,85080,632441,0.0383395,0.00389955,25,35,22,0.003982,0.003982,0.003900,0.003902,0.004045,0.004050,0.003983,0.003983,0.003927,0.003927,0.003941,0.003952
8580,85200,634117,0.0383395,0.0038973,25,35,22,0.003979,0.003979,0.003897,0.003900,0.004042,0.004047,0.003981,0.003981,0.003925,0.003925,0.003937,0.003947
8592,85320,636103,0.0383395,0.00389262,25,35,22,0.003976,0.003976,0.003893,0.003896,0.004033,0.004041,0.003977,0.003977,0.003920,0.003920,0.003934,0.003944
8604,85440,638319,0.0383395,0.00390661,25,35,22,0.003988,0.003988,0.003907,0.003909,0.004043,0.004050,0.003987,0.003987,0.003932,0.003932,0.003948,0.003958
8616,85560,640281,0.0383395,0.00390856,25,35,22,0.003987,0.003987,0.003909,0.003911,0.004045,0.004051,0.003991,0.003991,0.003935,0.003935,0.003951,0.003960
8628,85680,642034,0.0383395,0.00391562,25,35,22,0.003995,0.003995,0.003916,0.003918,0.004053,0.004059,0.003999,0.003999,0.003944,0.003944,0.003958,0.003965
8640,85800,645008,0.0383395,0.00394451,25,35,22,0.004026,0.004026,0.003945,0.003947,0.004088,0.004093,0.004029,0.004029,0.003977,0.003977,0.003984,0.003991
8652,85920,647099,0.0383395,0.00394584,25,35,22,0.004028,0.004028,0.003946,0.003949,0.004090,0.004095,0.004031,0.004031,0.003980,0.003980,0.003988,0.003995
8664,86040,649108,0.0383395,0.00394709,25,35,22,0.004031,0.004031,0.003947,0.003950,0.004091,0.004096,0.004030,0.004030,0.003979,0.003979,0.003988,0.003991
8676,86160,651093,0.0383395,0.00394597,25,35,22,0.004030,0.004030,0.003946,0.003949,0.004091,0.004096,0.004029,0.004029,0.003979,0.003979,0.003986,0.003988
8688,86280,653115,0.0383395,0.00400621,25,35,22,0.004085,0.004085,0.004006,0.004009,0.004146,0.004149,0.004081,0.004081,0.004032,0.004032,0.004041,0.004044
8700,86400,654934,0.0399481,0.00390013,25,34,22,0.003969,0.003969,0.003900,0.003906,0.004030,0.004036,0.003967,0.003967,0.003921,0.003921,0.003933,0.003934
8712,86520,656931,0.0399481,0.00384768,25,34,22,0.003910,0.003910,0.003848,0.003854,0.003972,0.003979,0.003912,0.003912,0.003864,0.003870,0.003882,0.003883
8724,86640,659121,0.0399481,0.00385075,25,34,22,0.003920,0.003920,0.003851,0.003856,0.003986,0.003993,0.003925,0.003925,0.003871,0.003877,0.003872,0.003884
8736,86760,661530,0.0399481,0.0038358,25,34,22,0.003905,0.003905,0.003836,0.003841,0.003967,0.003975,0.003908,0.003908,0.003855,0.003862,0.003850,0.003864
8748,86880,663811,0.0399481,0.0038182,25,34,22,0.003886,0.003886,0.003818,0.003824,0.003949,0.003958,0.003891,0.003892,0.003836,0.003844,0.003830,0.003846
8760,87000,665773,0.0399481,0.00368624,25,34,22,0.003745,0.003745,0.003686,0.003692,0.003803,0.003813,0.003748,0.003748,0.003698,0.003707,0.003692,0.003708
8772,87120,667871,0.0399481,0.0035905,25,34,22,0.003640,0.003645,0.003591,0.003597,0.003700,0.003710,0.003646,0.003646,0.003596,0.003611,0.003594,0.003610
8784,87240,669930,0.0399481,0.00357385,25,34,22,0.003621,0.003626,0.003574,0.003580,0.003684,0.003694,0.003630,0.003630,0.003579,0.003592,0.003576,0.003589
8796,87360,672013,0.0399481,0.00357741,25,34,22,0.003623,0.003629,0.003577,0.003584,0.003689,0.003699,0.003634,0.003634,0.003582,0.003595,0.003582,0.003594
8808,87480,673950,0.0399481,0.00359233,25,34,22,0.003640,0.003644,0.003592,0.003598,0.003703,0.003712,0.003647,0.003647,0.003596,0.003608,0.003596,0.003608
8820,87600,675990,0.0399481,0.00364306,25,34,22,0.003694,0.003699,0.003643,0.003649,0.003755,0.003764,0.003700,0.003700,0.003648,0.003659,0.003649,0.003662
8832,87720,678015,0.0399481,0.00361283,25,34,22,0.003665,0.003670,0.003613,0.003620,0.003728,0.003738,0.003671,0.003671,0.003620,0.003626,0.003616,0.003626
8844,87840,680193,0.0361374,0.00356707,44,94,30,0.003624,0.003628,0.003568,0.003574,0.003691,0.003699,0.003629,0.003629,0.003580,0.003585,0.003567,0.003579
8856,87960,682192,0.0399481,0.00355933,25,34,22,0.003612,0.003616,0.003559,0.003564,0.003682,0.003690,0.003622,0.003622,0.003572,0.003577,0.003561,0.003562
8868,88080,684584,0.0409988,0.00368924,25,39,20,0.003724,0.003725,0.003689,0.003693,0.003790,0.003796,0.003740,0.003740,0.003702,0.003706,0.003697,0.003697
8880,88200,687075,0.0409988,0.00392598,25,39,20,0.003953,0.003954,0.003926,0.003938,0.004022,0.004028,0.003977,0.003977,0.003952,0.003956,0.003940,0.003942
8892,88320,689175,0.0409988,0.00395719,25,39,20,0.003962,0.003972,0.003957,0.003969,0.004048,0.004054,0.003999,0.003999,0.003976,0.003979,0.003958,0.003962
8904,88440,691074,0.03703,0.00385694,44,96,32,0.003860,0.003868,0.003860,0.003869,0.003940,0.003946,0.003892,0.003892,0.003876,0.003878,0.003857,0.003861
8916,88560,693324,0.036883,0.00379044,45,96,32,0.003801,0.003809,0.003796,0.003807,0.003880,0.003885,0.003833,0.003833,0.003817,0.003817,0.003790,0.003800
8928,88680,695627,0.036883,0.00378847,45,96,32,0.003798,0.003804,0.003793,0.003799,0.003875,0.003881,0.003830,0.003830,0.003805,0.003813,0.003788,0.003797
8940,88800,698070,0.0359092,0.00377164,29,94,49,0.003779,0.003790,0.003773,0.003778,0.003860,0.003866,0.003812,0.003812,0.003772,0.003795,0.003772,0.003777
8952,88920,700001,0.0357685,0.00376261,29,94,50,0.003770,0.003779,0.003764,0.003769,0.003853,0.003859,0.003803,0.003804,0.003763,0.003786,0.003765,0.003770
8964,89040,701953,0.0409988,0.00376436,25,39,20,0.003773,0.003781,0.003764,0.003770,0.003856,0.003862,0.003806,0.003806,0.003766,0.003789,0.003766,0.003773
8976,89160,704355,0.0409988,0.00376415,25,39,20,0.003773,0.003779,0.003764,0.003769,0.003856,0.003862,0.003805,0.003805,0.003766,0.003789,0.003768,0.003772
8988,89280,706575,0.0355969,0.00375941,30,95,50,0.003775,0.003780,0.003766,0.003772,0.003858,0.003865,0.003807,0.003807,0.003759,0.003772,0.003769,0.003774
9000,89400,708708,0.0355969,0.00376529,30,95,50,0.003781,0.003785,0.003772,0.003774,0.003863,0.003869,0.003811,0.003811,0.003765,0.003776,0.003773,0.003778
9012,89520,711139,0.0355969,0.00386751,30,95,50,0.003886,0.003888,0.003870,0.003871,0.003969,0.003975,0.003914,0.003914,0.003868,0.003877,0.003870,0.003875
9024,89640,713286,0.0409988,0.00397119,25,39,20,0.003992,0.003994,0.003971,0.003972,0.004078,0.004084,0.004022,0.004022,0.003975,0.003984,0.003976,0.003981
9036,89760,715444,0.0409988,0.00399477,25,39,20,0.004014,0.004015,0.003995,0.003996,0.004099,0.004106,0.004043,0.004043,0.003996,0.004004,0.003996,0.004004
9048,89880,717474,0.0374598,0.00399345,26,39,20,0.004012,0.004012,0.003993,0.003995,0.004098,0.004105,0.004042,0.004042,0.003994,0.004000,0.003994,0.004001
9060,90000,719818,0.0374598,0.00398813,26,39,20,0.004008,0.004008,0.003988,0.003990,0.004097,0.004103,0.004035,0.004035,0.003989,0.003994,0.003989,0.003996
9072,90120,722350,0.0371012,0.00367319,30,99,51,0.003688,0.003692,0.003674,0.003677,0.003787,0.003792,0.003725,0.003725,0.003673,0.003679,0.003683,0.003692
9084,90240,724536,0.0374598,0.00358926,26,39,20,0.003601,0.003607,0.003589,0.003592,0.003697,0.003702,0.003639,0.003639,0.003591,0.003596,0.003601,0.003609
9096,90360,727286,0.0348345,0.00353143,30,100,51,0.003541,0.003548,0.003532,0.003533,0.003632,0.003638,0.003576,0.003576,0.003531,0.003531,0.003542,0.003551
9108,90480,729738,0.0348345,0.0034491,30,100,51,0.003461,0.003468,0.003453,0.003454,0.003550,0.003556,0.003483,0.003495,0.003449,0.003449,0.003463,0.003471
9120,90600,731946,0.0336916,0.00338036,29,100,51,0.003394,0.003400,0.003388,0.003389,0.003483,0.003489,0.003416,0.003430,0.003380,0.003380,0.003399,0.003406
9132,90720,734195,0.0336916,0.00337216,29,100,51,0.003389,0.003397,0.003381,0.003382,0.003482,0.003489,0.003409,0.003424,0.003372,0.003372,0.003393,0.003400
9144,90840,736437,0.0336916,0.00335531,29,100,51,0.003372,0.003381,0.003363,0.003364,0.003464,0.003473,0.003392,0.003407,0.003355,0.003355,0.003380,0.003384
9156,90960,738916,0.0336916,0.00332999,29,100,51,0.003349,0.003359,0.003338,0.003338,0.003442,0.003451,0.003369,0.003385,0.003330,0.003330,0.003356,0.003358
9168,91080,740927,0.0336916,0.00328727,29,100,51,0.003308,0.003319,0.003297,0.003298,0.003403,0.003408,0.003327,0.003345,0.003287,0.003287,0.003313,0.003323
9180,91200,743520,0.0336916,0.00299445,29,100,51,0.003015,0.003030,0.003014,0.003015,0.003092,0.003101,0.003021,0.003045,0.002994,0.002994,0.003036,0.003048
9192,91320,745844,0.0336916,0.00281383,29,100,51,0.002838,0.002854,0.002842,0.002843,0.002910,0.002919,0.002838,0.002868,0.002814,0.002814,0.002859,0.002861
9204,91440,748405,0.0295488,0.00273744,30,100,51,0.002762,0.002780,0.002774,0.002775,0.002833,0.002835,0.002762,0.002795,0.002737,0.002739,0.002787,0.002789
9216,91560,750816,0.0295488,0.00271006,30,100,51,0.002732,0.002753,0.002740,0.002741,0.002804,0.002806,0.002732,0.002763,0.002710,0.002712,0.002756,0.002757
9228,91680,752783,0.0286429,0.00265146,31,100,51,0.002675,0.002697,0.002682,0.002683,0.002746,0.002747,0.002675,0.002707,0.002651,0.002654,0.002698,0.002700
9240,91800,755229,0.0286429,0.00250446,31,100,51,0.002527,0.002550,0.002536,0.002537,0.002586,0.002588,0.002518,0.002552,0.002504,0.002507,0.002558,0.002559
9252,91920,757392,0.0286429,0.00231798,31,100,51,0.002337,0.002347,0.002355,0.002356,0.002391,0.002394,0.002326,0.002361,0.002318,0.002321,0.002375,0.002376
9264,92040,759913,0.0286429,0.00228668,31,100,51,0.002307,0.002309,0.002325,0.002326,0.002360,0.002362,0.002295,0.002331,0.002287,0.002290,0.002343,0.002344
9276,92160,762725,0.0286429,0.00225708,31,100,51,0.002277,0.002280,0.002298,0.002299,0.002330,0.002333,0.002265,0.002302,0.002257,0.002257,0.002314,0.002316
9288,92280,765157,0.0286429,0.00225315,31,100,51,0.002273,0.002273,0.002296,0.002296,0.002324,0.002327,0.002260,0.002298,0.002253,0.002253,0.002312,0.002314
9300,92400,767359,0.0286429,0.00223743,31,100,51,0.002256,0.002256,0.002280,0.002285,0.002291,0.002307,0.002243,0.002281,0.002237,0.002237,0.002302,0.002304
9312,92520,769532,0.0286429,0.00215196,31,100,51,0.002169,0.002169,0.002199,0.002205,0.002199,0.002219,0.002154,0.002195,0.002152,0.002152,0.002210,0.002223
9324,92640,771598,0.0286429,0.00209996,31,100,51,0.002120,0.002120,0.002146,0.002150,0.002148,0.002168,0.002103,0.002144,0.002100,0.002100,0.002159,0.002171
9336,92760,774905,0.0286429,0.002151,31,100,51,0.002172,0.002172,0.002204,0.002206,0.002201,0.002217,0.002155,0.002197,0.002151,0.002151,0.002211,0.002224
9348,92880,777284,0.0286429,0.00217636,31,100,51,0.002196,0.002196,0.002232,0.002235,0.002224,0.002242,0.002181,0.002222,0.002176,0.002176,0.002237,0.002250
9360,93000,779741,0.0286429,0.00217359,31,100,51,0.002193,0.002193,0.002230,0.002233,0.002219,0.002238,0.002178,0.002219,0.002174,0.002174,0.002236,0.002249
9372,93120,782468,0.0286429,0.00217034,31,100,51,0.002191,0.002191,0.002226,0.002230,0.002215,0.002233,0.002173,0.002212,0.002170,0.002170,0.002234,0.002247
9384,93240,784981,0.0286429,0.00211529,31,100,51,0.002141,0.002141,0.002176,0.002180,0.002163,0.002184,0.002118,0.002161,0.002115,0.002115,0.002175,0.002191
9396,93360,787299,0.0286429,0.00233729,31,100,51,0.002372,0.002372,0.002402,0.002409,0.002400,0.002419,0.002346,0.002395,0.002337,0.002337,0.002385,0.002403
9408,93480,789528,0.0272579,0.00242698,31,96,51,0.002454,0.002462,0.002488,0.002496,0.002494,0.002510,0.002440,0.002486,0.002427,0.002428,0.002481,0.002495
9420,93600,791753,0.0272579,0.00256184,31,96,51,0.002586,0.002596,0.002616,0.002623,0.002634,0.002647,0.002577,0.002619,0.002562,0.002564,0.002621,0.002629
9432,93720,793853,0.0272579,0.00299878,31,96,51,0.003009,0.003024,0.003041,0.003056,0.003084,0.003093,0.003018,0.003066,0.002999,0.003005,0.003042,0.003054
9444,93840,795819,0.0272579,0.00314971,31,96,51,0.003150,0.003167,0.003184,0.003202,0.003242,0.003243,0.003169,0.003219,0.003150,0.003157,0.003183,0.003185
9456,93960,798068,0.0272579,0.00315719,31,96,51,0.003158,0.003174,0.003190,0.003208,0.003249,0.003250,0.003175,0.003183,0.003157,0.003165,0.003190,0.003190
9468,94080,800477,0.0303295,0.00314709,31,96,52,0.003147,0.003164,0.003178,0.003180,0.003240,0.003241,0.003165,0.003167,0.003147,0.003155,0.003179,0.003180
9480,94200,802758,0.0303295,0.00314785,31,96,52,0.003148,0.003164,0.003178,0.003180,0.003239,0.003240,0.003167,0.003167,0.003148,0.003155,0.003179,0.003180
9492,94320,804972,0.0303295,0.003144,31,96,52,0.003148,0.003165,0.003175,0.003177,0.003239,0.003240,0.003165,0.003165,0.003144,0.003148,0.003177,0.003178
9504,94440,807292,0.0301881,0.00313683,31,122,63,0.003148,0.003166,0.003176,0.003178,0.003240,0.003241,0.003156,0.003167,0.003137,0.003145,0.003171,0.003177
9516,94560,809293,0.0301881,0.00313738,31,122,63,0.003149,0.003167,0.003176,0.003179,0.003242,0.003242,0.003155,0.003167,0.003137,0.003146,0.003171,0.003178
9528,94680,811567,0.0301881,0.00315146,31,122,63,0.003163,0.003181,0.003177,0.003191,0.003254,0.003255,0.003168,0.003180,0.003151,0.003159,0.003183,0.003191
9540,94800,813861,0.0301881,0.00316861,31,122,63,0.003180,0.003198,0.003194,0.003208,0.003268,0.003271,0.003183,0.003196,0.003169,0.003176,0.003199,0.003207
9552,94920,816058,0.0301881,0.00317613,31,122,63,0.003187,0.003205,0.003202,0.003216,0.003257,0.003278,0.003189,0.003201,0.003176,0.003183,0.003205,0.003210
9564,95040,818627,0.0301881,0.00321898,31,122,63,0.003229,0.003246,0.003244,0.003258,0.003297,0.003318,0.003231,0.003242,0.003219,0.003225,0.003245,0.003250
9576,95160,821015,0.0301881,0.00330477,31,122,63,0.003311,0.003327,0.003328,0.003342,0.003377,0.003398,0.003319,0.003327,0.003305,0.003309,0.003332,0.003340
9588,95280,823349,0.0301881,0.00355532,31,122,63,0.003570,0.003586,0.003578,0.003592,0.003634,0.003660,0.003573,0.003584,0.003555,0.003557,0.003564,0.003570
9600,95400,825505,0.0303845,0.00369001,31,124,61,0.003707,0.003728,0.003725,0.003736,0.003774,0.003803,0.003710,0.003726,0.003690,0.003693,0.003709,0.003715
9612,95520,827948,0.0303845,0.00380033,31,124,61,0.003811,0.003839,0.003850,0.003861,0.003880,0.003899,0.003814,0.003835,0.003800,0.003805,0.003844,0.003866
9624,95640,830372,0.0359448,0.00392656,32,104,46,0.003927,0.003976,0.003978,0.003991,0.004022,0.004042,0.003961,0.003977,0.003940,0.003945,0.003989,0.004005
9636,95760,832681,0.0359448,0.00414341,32,104,46,0.004143,0.004193,0.004187,0.004201,0.004253,0.004280,0.004190,0.004207,0.004161,0.004166,0.004209,0.004222
9648,95880,834849,0.0359448,0.00422659,32,104,46,0.004227,0.004272,0.004267,0.004283,0.004334,0.004363,0.004275,0.004290,0.004244,0.004249,0.004293,0.004306
9660,96000,837247,0.0359448,0.00423953,32,104,46,0.004240,0.004284,0.004280,0.004295,0.004344,0.004374,0.004288,0.004301,0.004257,0.004263,0.004306,0.004310
9672,96120,841945,0.0359448,0.00424225,32,104,46,0.004242,0.004283,0.004283,0.004298,0.004345,0.004377,0.004290,0.004304,0.004261,0.004263,0.004308,0.004312
9684,96240,845780,0.0359448,0.00442861,32,104,46,0.004429,0.004458,0.004459,0.004474,0.004529,0.004564,0.004472,0.004486,0.004446,0.004446,0.004486,0.004487
9696,96360,848070,0.0359448,0.00441902,32,104,46,0.004419,0.004456,0.004450,0.004464,0.004525,0.004561,0.004464,0.004469,0.004438,0.004438,0.004478,0.004482
9708,96480,850608,0.0359448,0.00439995,32,104,46,0.004400,0.004428,0.004411,0.004427,0.004511,0.004547,0.004450,0.004455,0.004421,0.004421,0.004450,0.004450
9720,96600,852864,0.0359448,0.00455441,32,104,46,0.004554,0.004577,0.004560,0.004573,0.004672,0.004682,0.004610,0.004614,0.004573,0.004573,0.004606,0.004606
9732,96720,855126,0.0359448,0.0045442,32,104,46,0.004544,0.004567,0.004550,0.004560,0.004663,0.004673,0.004599,0.004603,0.004564,0.004564,0.004595,0.004595
9744,96840,857563,0.0382383,0.00456297,26,43,22,0.004565,0.004585,0.004563,0.004567,0.004682,0.004691,0.004620,0.004622,0.004582,0.004582,0.004611,0.004611
9756,96960,860159,0.0382383,0.00457181,26,43,22,0.004573,0.004593,0.004572,0.004575,0.004689,0.004699,0.004628,0.004631,0.004590,0.004590,0.004619,0.004619
9768,97080,862596,0.0382383,0.00459818,26,43,22,0.004602,0.004620,0.004598,0.004600,0.004715,0.004725,0.004657,0.004658,0.004613,0.004613,0.004648,0.004649
9780,97200,865009,0.0382383,0.00465265,26,43,22,0.004653,0.004670,0.004653,0.004655,0.004776,0.004785,0.004711,0.004712,0.004666,0.004666,0.004699,0.004700
9792,97320,867577,0.0359448,0.00483638,32,104,46,0.004836,0.004859,0.004850,0.004853,0.004977,0.004985,0.004903,0.004905,0.004861,0.004861,0.004878,0.004879
9804,97440,870017,0.0359448,0.00484652,32,104,46,0.004847,0.004871,0.004872,0.004875,0.004996,0.005004,0.004916,0.004917,0.004874,0.004874,0.004895,0.004895
9816,97560,872884,0.0359448,0.00488352,32,104,46,0.004884,0.004905,0.004900,0.004903,0.005028,0.005035,0.004952,0.004952,0.004907,0.004907,0.004927,0.004928
9828,97680,875408,0.0359448,0.00489962,32,104,46,0.004900,0.004920,0.004916,0.004919,0.005040,0.005047,0.004964,0.004967,0.004920,0.004920,0.004940,0.004940
9840,97800,878230,0.0359448,0.00492292,32,104,46,0.004923,0.004941,0.004938,0.004945,0.005061,0.005070,0.004991,0.004993,0.004944,0.004944,0.004977,0.004978
9852,97920,880985,0.0359448,0.00498172,32,104,46,0.004982,0.004995,0.004991,0.004998,0.005111,0.005123,0.005049,0.005050,0.004997,0.004997,0.005036,0.005036
9864,98040,883606,0.0359448,0.00499926,32,104,46,0.004999,0.005015,0.005008,0.005016,0.005129,0.005135,0.005069,0.005070,0.005016,0.005016,0.005056,0.005056
9876,98160,886304,0.0420758,0.00504816,26,43,21,0.005051,0.005065,0.005048,0.005063,0.005179,0.005183,0.005116,0.005121,0.005062,0.005062,0.005102,0.005103
9888,98280,888819,0.0420758,0.00496876,26,43,21,0.004980,0.004998,0.004969,0.004982,0.005108,0.005113,0.005051,0.005055,0.004998,0.004998,0.005036,0.005036
9900,98400,891704,0.0420758,0.00495041,26,43,21,0.004958,0.004975,0.004950,0.004964,0.005086,0.005091,0.005028,0.005032,0.004974,0.004974,0.005013,0.005014
9912,98520,894389,0.0420758,0.00502332,26,43,21,0.005039,0.005058,0.005023,0.005038,0.005156,0.005170,0.005115,0.005119,0.005054,0.005054,0.005087,0.005101
9924,98640,896914,0.0420758,0.00506752,26,43,21,0.005087,0.005096,0.005068,0.005083,0.005205,0.005218,0.005162,0.005166,0.005102,0.005102,0.005138,0.005150
9936,98760,899494,0.0420758,0.00504691,26,43,21,0.005067,0.005077,0.005047,0.005060,0.005176,0.005200,0.005143,0.005148,0.005081,0.005081,0.005119,0.005132
9948,98880,902572,0.0420758,0.00504321,26,43,21,0.005064,0.005075,0.005043,0.005058,0.005172,0.005196,0.005140,0.005145,0.005076,0.005077,0.005114,0.005127
9960,99000,905301,0.0420758,0.00501339,26,43,21,0.005034,0.005047,0.005013,0.005028,0.005144,0.005167,0.005110,0.005115,0.005044,0.005047,0.005085,0.005098
9972,99120,907754,0.0420758,0.00500169,26,43,21,0.005019,0.005031,0.005002,0.005017,0.005130,0.005150,0.005094,0.005099,0.005028,0.005031,0.005072,0.005084
9984,99240,910756,0.0420758,0.00500996,26,43,21,0.005027,0.005038,0.005010,0.005025,0.005138,0.005156,0.005101,0.005103,0.005034,0.005036,0.005081,0.005093
9996,99360,914008,0.0420758,0.00501586,26,43,21,0.005032,0.005038,0.005016,0.005030,0.005142,0.005162,0.005107,0.005109,0.005039,0.005040,0.005083,0.005098
10008,99480,916813,0.0420758,0.00500235,26,43,21,0.005019,0.005027,0.005002,0.005017,0.005129,0.005146,0.005092,0.005094,0.005025,0.005026,0.005069,0.005084
10020,99600,919422,0.0420758,0.00495415,26,43,21,0.004972,0.004972,0.004954,0.004968,0.005083,0.005090,0.005039,0.005039,0.004973,0.004973,0.005014,0.005030
10032,99720,922222,0.0420758,0.0049971,26,43,21,0.005009,0.005009,0.004997,0.005012,0.005117,0.005124,0.005071,0.005072,0.005006,0.005007,0.005049,0.005066
10044,99840,924622,0.0425956,0.00500333,32,101,46,0.005003,0.005026,0.005011,0.005020,0.005131,0.005138,0.005088,0.005088,0.005023,0.005023,0.005065,0.005082
10056,99960,927116,0.0425956,0.0049954,32,101,46,0.004995,0.005017,0.004999,0.005008,0.005119,0.005126,0.005080,0.005080,0.005015,0.005016,0.005060,0.005077
10068,100080,929532,0.0420758,0.00486629,26,43,21,0.004883,0.004900,0.004866,0.004875,0.004997,0.005005,0.004967,0.004972,0.004899,0.004902,0.004947,0.004951
10080,100200,932177,0.0420758,0.00463144,26,43,21,0.004663,0.004677,0.004631,0.004641,0.004767,0.004773,0.004744,0.004753,0.004672,0.004676,0.004729,0.004733
10092,100320,934809,0.0420758,0.00458026,26,43,21,0.004618,0.004632,0.004580,0.004586,0.004722,0.004727,0.004699,0.004708,0.004620,0.004624,0.004681,0.004685
10104,100440,937848,0.0420758,0.00465184,26,43,21,0.004677,0.004694,0.004652,0.004658,0.004781,0.004787,0.004760,0.004767,0.004682,0.004685,0.004744,0.004747
10116,100560,940284,0.0418473,0.00475468,26,42,21,0.004780,0.004797,0.004755,0.004759,0.004880,0.004892,0.004870,0.004879,0.004786,0.004789,0.004849,0.004852
10128,100680,942756,0.0420758,0.00496571,26,43,21,0.004999,0.004999,0.004966,0.004969,0.005100,0.005112,0.005099,0.005111,0.005007,0.005007,0.005074,0.005074
10140,100800,945225,0.0420758,0.00500132,26,43,21,0.005030,0.005030,0.005001,0.005005,0.005132,0.005145,0.005137,0.005151,0.005047,0.005047,0.005111,0.005111
10152,100920,947476,0.0420758,0.0050147,26,43,21,0.005044,0.005044,0.005015,0.005019,0.005145,0.005151,0.005151,0.005165,0.005060,0.005061,0.005124,0.005125
10164,101040,950673,0.044333,0.00505112,27,43,23,0.005074,0.005074,0.005051,0.005058,0.005178,0.005182,0.005182,0.005197,0.005091,0.005093,0.005154,0.005154
10176,101160,953501,0.0420758,0.00505889,26,43,21,0.005082,0.005082,0.005059,0.005063,0.005176,0.005192,0.005186,0.005201,0.005101,0.005102,0.005155,0.005155
10188,101280,956388,0.0420758,0.00505456,26,43,21,0.005076,0.005076,0.005055,0.005058,0.005170,0.005187,0.005182,0.005196,0.005094,0.005096,0.005152,0.005152
10200,101400,959786,0.0420758,0.00504438,26,43,21,0.005066,0.005066,0.005044,0.005048,0.005161,0.005181,0.005173,0.005173,0.005082,0.005083,0.005144,0.005144
10212,101520,962453,0.0427129,0.00492479,25,41,21,0.004956,0.004956,0.004925,0.004941,0.005049,0.005065,0.005056,0.005056,0.004970,0.004972,0.005035,0.005035
10224,101640,965289,0.0427129,0.00511105,25,41,21,0.005155,0.005155,0.005111,0.005127,0.005241,0.005256,0.005239,0.005239,0.005167,0.005169,0.005223,0.005223
10236,101760,967953,0.0427129,0.00509661,25,41,21,0.005143,0.005143,0.005097,0.005112,0.005230,0.005248,0.005225,0.005225,0.005157,0.005159,0.005210,0.005210
10248,101880,970712,0.0427129,0.00509885,25,41,21,0.005148,0.005148,0.005099,0.005115,0.005235,0.005253,0.005225,0.005228,0.005157,0.005159,0.005214,0.005214
10260,102000,973480,0.0427129,0.00515592,25,41,21,0.005209,0.005209,0.005156,0.005172,0.005289,0.005305,0.005284,0.005287,0.005219,0.005221,0.005273,0.005273
10272,102120,975984,0.0427129,0.00517306,25,41,21,0.005226,0.005226,0.005173,0.005189,0.005303,0.005320,0.005301,0.005304,0.005239,0.005240,0.005292,0.005292
10284,102240,979026,0.0427129,0.00517294,25,41,21,0.005229,0.005229,0.005173,0.005183,0.005305,0.005323,0.005300,0.005303,0.005239,0.005240,0.005290,0.005290
10296,102360,981580,0.0427129,0.00517308,25,41,21,0.005229,0.005229,0.005173,0.005177,0.005305,0.005324,0.005300,0.005302,0.005239,0.005239,0.005290,0.005290
10308,102480,984303,0.0427129,0.00517417,25,41,21,0.005230,0.005230,0.005174,0.005178,0.005306,0.005326,0.005299,0.005302,0.005239,0.005240,0.005291,0.005291
10320,102600,986672,0.0427129,0.00518297,25,41,21,0.005237,0.005237,0.005183,0.005187,0.005314,0.005337,0.005307,0.005308,0.005246,0.005247,0.005300,0.005300
10332,102720,989464,0.0427129,0.00519476,25,41,21,0.005243,0.005243,0.005195,0.005196,0.005319,0.005335,0.005315,0.005317,0.005256,0.005257,0.005312,0.005312
10344,102840,992007,0.0436039,0.00519805,25,41,22,0.005248,0.005248,0.005198,0.005202,0.005324,0.005339,0.005320,0.005322,0.005262,0.005263,0.005318,0.005318
10356,102960,994905,0.0436039,0.00520027,25,41,22,0.005250,0.005250,0.005200,0.005205,0.005327,0.005341,0.005321,0.005323,0.005265,0.005266,0.005321,0.005321
10368,103080,997698,0.0436039,0.00522525,25,41,22,0.005276,0.005276,0.005225,0.005229,0.005352,0.005364,0.005347,0.005348,0.005291,0.005292,0.005344,0.005344
10380,103200,1000647,0.0436039,0.00523417,25,41,22,0.005287,0.005287,0.005234,0.005238,0.005360,0.005370,0.005356,0.005357,0.005300,0.005301,0.005353,0.005353
10392,103320,1003326,0.0436039,0.00539214,25,41,22,0.005451,0.005451,0.005392,0.005394,0.005530,0.005539,0.005526,0.005526,0.005463,0.005463,0.005519,0.005519
10404,103440,1006321,0.0451471,0.00555467,25,59,33,0.005620,0.005620,0.005555,0.005555,0.005696,0.005713,0.005700,0.005701,0.005635,0.005635,0.005689,0.005689
10416,103560,1008744,0.0436039,0.00560143,25,41,22,0.005664,0.005664,0.005601,0.005603,0.005736,0.005752,0.005743,0.005745,0.005679,0.005680,0.005735,0.005735
10428,103680,1011510,0.0436039,0.00563287,25,41,22,0.005692,0.005692,0.005633,0.005634,0.005759,0.005782,0.005771,0.005773,0.005708,0.005708,0.005762,0.005762
10440,103800,1014030,0.0436039,0.00563762,25,41,22,0.005698,0.005698,0.005638,0.005639,0.005766,0.005787,0.005778,0.005781,0.005713,0.005713,0.005769,0.005769
10452,103920,1016836,0.0436039,0.00566595,25,41,22,0.005727,0.005727,0.005666,0.005667,0.005793,0.005814,0.005807,0.005811,0.005741,0.005742,0.005802,0.005802
10464,104040,1019589,0.0436039,0.00574636,25,41,22,0.005811,0.005811,0.005746,0.005748,0.005878,0.005898,0.005896,0.005900,0.005827,0.005828,0.005892,0.005892
10476,104160,1022104,0.0436039,0.00583004,25,41,22,0.005898,0.005898,0.005830,0.005831,0.005961,0.005982,0.005986,0.005992,0.005916,0.005916,0.005990,0.005990
10488,104280,1025276,0.0436039,0.00583135,25,41,22,0.005899,0.005899,0.005831,0.005833,0.005962,0.005982,0.005987,0.005990,0.005916,0.005917,0.005988,0.005988
10500,104400,1027852,0.0436039,0.00579909,25,41,22,0.005869,0.005869,0.005799,0.005800,0.005935,0.005955,0.005956,0.005958,0.005884,0.005885,0.005952,0.005952
10512,104520,1030529,0.0436039,0.00581315,25,41,22,0.005885,0.005885,0.005813,0.005814,0.005949,0.005968,0.005971,0.005975,0.005900,0.005901,0.005966,0.005966
10524,104640,1033424,0.0436039,0.0058528,25,41,22,0.005927,0.005927,0.005853,0.005854,0.005989,0.006010,0.006007,0.006023,0.005948,0.005948,0.006013,0.006014
10536,104760,1036065,0.0436039,0.00603109,25,41,22,0.006126,0.006126,0.006031,0.006033,0.006187,0.006199,0.006213,0.006232,0.006151,0.006151,0.006215,0.006216
10548,104880,1039174,0.0436039,0.00606003,25,41,22,0.006158,0.006158,0.006060,0.006062,0.006215,0.006227,0.006245,0.006264,0.006179,0.006179,0.006250,0.006251
10560,105000,1042040,0.0436039,0.00605712,25,41,22,0.006155,0.006155,0.006057,0.006059,0.006211,0.006223,0.006242,0.006260,0.006166,0.006176,0.006245,0.006246
10572,105120,1045002,0.0436039,0.0060402,25,41,22,0.006137,0.006137,0.006040,0.006042,0.006196,0.006207,0.006226,0.006245,0.006147,0.006160,0.006226,0.006228
10584,105240,1047669,0.0436039,0.00603584,25,41,22,0.006130,0.006130,0.006036,0.006038,0.006191,0.006201,0.006221,0.006238,0.006139,0.006155,0.006221,0.006223
10596,105360,1050368,0.0436039,0.00578535,25,41,22,0.005882,0.005882,0.005785,0.005788,0.005935,0.005949,0.005975,0.005985,0.005906,0.005914,0.005986,0.005992
10608,105480,1053182,0.0436039,0.00570268,25,41,22,0.005797,0.005797,0.005703,0.005705,0.005851,0.005864,0.005885,0.005886,0.005818,0.005825,0.005893,0.005898
10620,105600,1055732,0.0436039,0.00557368,25,41,22,0.005662,0.005662,0.005574,0.005574,0.005712,0.005724,0.005747,0.005748,0.005683,0.005687,0.005757,0.005759
10632,105720,1058590,0.0436039,0.00515684,25,41,22,0.005247,0.005247,0.005157,0.005157,0.005281,0.005294,0.005314,0.005319,0.005262,0.005263,0.005348,0.005350
10644,105840,1061836,0.0436039,0.00502208,25,41,22,0.005112,0.005112,0.005022,0.005022,0.005137,0.005150,0.005170,0.005175,0.005120,0.005121,0.005215,0.005216
10656,105960,1064645,0.0436039,0.0050081,25,41,22,0.005098,0.005098,0.005008,0.005008,0.005124,0.005137,0.005156,0.005162,0.005106,0.005107,0.005204,0.005205
10668,106080,1067603,0.0436039,0.00500679,25,41,22,0.005100,0.005100,0.005007,0.005007,0.005125,0.005137,0.005156,0.005162,0.005104,0.005105,0.005203,0.005203
10680,106200,1071024,0.0436039,0.00501867,25,41,22,0.005111,0.005111,0.005019,0.005019,0.005134,0.005147,0.005168,0.005174,0.005115,0.005115,0.005215,0.005215
10692,106320,1073656,0.0436039,0.00501655,25,41,22,0.005108,0.005108,0.005017,0.005017,0.005131,0.005135,0.005164,0.005169,0.005114,0.005114,0.005213,0.005214
10704,106440,1076712,0.0436039,0.00501821,25,41,22,0.005109,0.005109,0.005018,0.005018,0.005132,0.005137,0.005164,0.005169,0.005116,0.005116,0.005214,0.005215
10716,106560,1079887,0.0436039,0.00503507,25,41,22,0.005126,0.005126,0.005035,0.005035,0.005148,0.005153,0.005180,0.005186,0.005135,0.005135,0.005231,0.005232
10728,106680,1083403,0.0436039,0.00509653,25,41,22,0.005192,0.005193,0.005097,0.005097,0.005210,0.005218,0.005247,0.005253,0.005198,0.005198,0.005288,0.005296
10740,106800,1086594,0.0436039,0.00520345,25,41,22,0.005296,0.005298,0.005203,0.005203,0.005316,0.005326,0.005352,0.005357,0.005297,0.005298,0.005385,0.005393
10752,106920,1089451,0.0436039,0.00530855,25,41,22,0.005404,0.005404,0.005309,0.005309,0.005416,0.005429,0.005464,0.005471,0.005408,0.005408,0.005498,0.005507
10764,107040,1092225,0.0436039,0.00556875,25,41,22,0.005669,0.005669,0.005569,0.005569,0.005682,0.005701,0.005724,0.005745,0.005664,0.005679,0.005769,0.005775
10776,107160,1095043,0.0436039,0.00549333,25,41,22,0.005596,0.005597,0.005493,0.005493,0.005615,0.005631,0.005653,0.005667,0.005594,0.005602,0.005684,0.005690
10788,107280,1098077,0.0436039,0.00525289,25,41,22,0.005346,0.005346,0.005253,0.005253,0.005362,0.005380,0.005406,0.005421,0.005362,0.005363,0.005459,0.005466
10800,107400,1100942,0.0436039,0.00511142,25,41,22,0.005207,0.005214,0.005111,0.005111,0.005230,0.005248,0.005261,0.005284,0.005231,0.005233,0.005320,0.005330
10812,107520,1103781,0.0436039,0.00499582,25,41,22,0.005100,0.005109,0.004996,0.004996,0.005131,0.005150,0.005148,0.005174,0.005116,0.005123,0.005180,0.005197
10824,107640,1106584,0.0436039,0.00487427,25,41,22,0.004969,0.004976,0.004874,0.004874,0.005002,0.005019,0.005015,0.005035,0.004988,0.004990,0.005039,0.005057
10836,107760,1109622,0.0436039,0.00468319,25,41,22,0.004770,0.004776,0.004683,0.004683,0.004797,0.004800,0.004803,0.004812,0.004787,0.004788,0.004826,0.004846
10848,107880,1112626,0.0436039,0.00460304,25,41,22,0.004695,0.004698,0.004603,0.004603,0.004723,0.004724,0.004722,0.004738,0.004705,0.004705,0.004746,0.004765
10860,108000,1115317,0.0436039,0.00459589,25,41,22,0.004673,0.004690,0.004596,0.004596,0.004716,0.004718,0.004716,0.004727,0.004698,0.004698,0.004739,0.004758
10872,108120,1118009,0.0416512,0.00459057,25,43,24,0.004668,0.004685,0.004591,0.004592,0.004709,0.004714,0.004711,0.004718,0.004692,0.004692,0.004734,0.004754
10884,108240,1121188,0.0416512,0.00436753,25,43,24,0.004451,0.004468,0.004368,0.004368,0.004488,0.004494,0.004495,0.004500,0.004472,0.004472,0.004527,0.004540
10896,108360,1123837,0.0416512,0.00433534,25,43,24,0.004414,0.004432,0.004335,0.004336,0.004451,0.004458,0.004457,0.004464,0.004434,0.004434,0.004492,0.004506
10908,108480,1127129,0.0416512,0.00414881,25,43,24,0.004224,0.004241,0.004149,0.004150,0.004251,0.004260,0.004256,0.004266,0.004215,0.004237,0.004303,0.004317
10920,108600,1130040,0.0416512,0.00394641,25,43,24,0.004017,0.004033,0.003946,0.003947,0.004037,0.004050,0.004037,0.004049,0.004006,0.004025,0.004093,0.004107
10932,108720,1132574,0.038232,0.00393186,25,43,25,0.004006,0.004022,0.003932,0.003934,0.004025,0.004038,0.004025,0.004038,0.003994,0.004012,0.004079,0.004082
10944,108840,1136089,0.038232,0.00391926,25,43,25,0.003994,0.004001,0.003919,0.003921,0.004013,0.004026,0.004011,0.004025,0.003981,0.003998,0.004068,0.004071
10956,108960,1138963,0.038232,0.00392447,25,43,25,0.004001,0.004007,0.003924,0.003927,0.004020,0.004032,0.004018,0.004025,0.003986,0.004004,0.004076,0.004078
10968,109080,1141810,0.038232,0.00391503,25,43,25,0.003990,0.003997,0.003915,0.003917,0.004010,0.004024,0.004007,0.004013,0.003976,0.003993,0.004066,0.004067
10980,109200,1145014,0.038232,0.00387315,25,43,25,0.003952,0.003958,0.003873,0.003875,0.003968,0.003982,0.003965,0.003970,0.003932,0.003950,0.004027,0.004029
10992,109320,1148008,0.038232,0.00370409,25,43,25,0.003789,0.003791,0.003704,0.003707,0.003792,0.003809,0.003795,0.003798,0.003757,0.003782,0.003872,0.003874
11004,109440,1150945,0.038232,0.00369735,25,43,25,0.003783,0.003783,0.003697,0.003700,0.003787,0.003799,0.003789,0.003794,0.003749,0.003770,0.003862,0.003863
11016,109560,1153504,0.038232,0.00373971,25,43,25,0.003825,0.003825,0.003740,0.003742,0.003834,0.003844,0.003833,0.003840,0.003794,0.003813,0.003906,0.003907
11028,109680,1155996,0.038232,0.00382397,25,43,25,0.003912,0.003913,0.003824,0.003826,0.003923,0.003929,0.003922,0.003931,0.003884,0.003884,0.004003,0.004005
11040,109800,1159228,0.038232,0.00377536,25,43,25,0.003864,0.003864,0.003775,0.003777,0.003875,0.003881,0.003872,0.003879,0.003833,0.003833,0.003947,0.003948
11052,109920,1161997,0.038232,0.00373092,25,43,25,0.003820,0.003820,0.003731,0.003732,0.003832,0.003839,0.003826,0.003833,0.003789,0.003789,0.003893,0.003899
11064,110040,1164538,0.038232,0.00370696,25,43,25,0.003794,0.003795,0.003707,0.003708,0.003798,0.003812,0.003803,0.003808,0.003764,0.003764,0.003867,0.003874
11076,110160,1167710,0.0361165,0.00364641,25,44,25,0.003739,0.003740,0.003646,0.003651,0.003741,0.003756,0.003746,0.003751,0.003708,0.003708,0.003820,0.003823
11088,110280,1170947,0.0361165,0.00362819,25,44,25,0.003720,0.003720,0.003628,0.003633,0.003721,0.003737,0.003728,0.003733,0.003689,0.003689,0.003803,0.003805
11100,110400,1173696,0.0361165,0.00360337,25,44,25,0.003696,0.003696,0.003603,0.003608,0.003700,0.003715,0.003707,0.003711,0.003664,0.003664,0.003773,0.003787
11112,110520,1176690,0.0361165,0.00351511,25,44,25,0.003601,0.003602,0.003515,0.003519,0.003606,0.003621,0.003611,0.003616,0.003570,0.003570,0.003676,0.003687
11124,110640,1179628,0.0361165,0.00342117,25,44,25,0.003500,0.003501,0.003421,0.003425,0.003506,0.003520,0.003511,0.003513,0.003471,0.003471,0.003575,0.003585
11136,110760,1182761,0.0361165,0.00340871,25,44,25,0.003488,0.003488,0.003409,0.003412,0.003493,0.003507,0.003498,0.003499,0.003456,0.003457,0.003557,0.003568
11148,110880,1185691,0.0361165,0.00339851,25,44,25,0.003481,0.003481,0.003399,0.003401,0.003485,0.003499,0.003490,0.003492,0.003449,0.003450,0.003547,0.003555
11160,111000,1188530,0.0361165,0.00339741,25,44,25,0.003480,0.003481,0.003397,0.003399,0.003486,0.003500,0.003491,0.003494,0.003447,0.003448,0.003546,0.003554
11172,111120,1191503,0.0361165,0.00338231,25,44,25,0.003468,0.003468,0.003382,0.003384,0.003476,0.003490,0.003480,0.003483,0.003435,0.003436,0.003537,0.003544
11184,111240,1194603,0.0361165,0.00337031,25,44,25,0.003457,0.003458,0.003370,0.003372,0.003468,0.003482,0.003471,0.003471,0.003425,0.003426,0.003526,0.003531
11196,111360,1197449,0.0361165,0.0033607,25,44,25,0.003448,0.003449,0.003361,0.003362,0.003460,0.003474,0.003464,0.003464,0.003418,0.003419,0.003507,0.003523
11208,111480,1200428,0.0361165,0.00339252,25,44,25,0.003480,0.003481,0.003393,0.003395,0.003491,0.003493,0.003497,0.003498,0.003452,0.003453,0.003539,0.003554
11220,111600,1203286,0.0361165,0.00354177,25,44,25,0.003624,0.003625,0.003542,0.003544,0.003634,0.003636,0.003644,0.003645,0.003601,0.003601,0.003686,0.003705
11232,111720,1206073,0.0361165,0.00355353,25,44,25,0.003633,0.003633,0.003554,0.003557,0.003644,0.003644,0.003652,0.003652,0.003609,0.003610,0.003697,0.003710
11244,111840,1209544,0.0361165,0.00359725,25,44,25,0.003683,0.003683,0.003597,0.003601,0.003696,0.003696,0.003704,0.003705,0.003661,0.003662,0.003747,0.003761
11256,111960,1212922,0.0361165,0.00358857,25,44,25,0.003676,0.003676,0.003589,0.003592,0.003692,0.003692,0.003698,0.003698,0.003655,0.003655,0.003733,0.003750
11268,112080,1215672,0.0361165,0.00357725,25,44,25,0.003666,0.003666,0.003577,0.003581,0.003683,0.003683,0.003689,0.003689,0.003646,0.003646,0.003722,0.003738
11280,112200,1218587,0.0361165,0.00355291,25,44,25,0.003648,0.003648,0.003553,0.003556,0.003660,0.003660,0.003667,0.003669,0.003628,0.003628,0.003706,0.003721
11292,112320,1221565,0.0361165,0.00351007,25,44,25,0.003605,0.003605,0.003510,0.003514,0.003615,0.003615,0.003623,0.003623,0.003584,0.003584,0.003666,0.003680
11304,112440,1224781,0.0361165,0.0034348,25,44,25,0.003536,0.003538,0.003435,0.003438,0.003545,0.003545,0.003477,0.003552,0.003511,0.003511,0.003587,0.003611
11316,112560,1227818,0.0361165,0.00332572,25,44,25,0.003431,0.003433,0.003326,0.003329,0.003436,0.003436,0.003370,0.003440,0.003403,0.003403,0.003477,0.003502
11328,112680,1230690,0.0361165,0.00311028,25,44,25,0.003214,0.003216,0.003110,0.003113,0.003217,0.003217,0.003159,0.003213,0.003183,0.003184,0.003254,0.003276
11340,112800,1233671,0.0361165,0.00308297,25,44,25,0.003193,0.003193,0.003083,0.003083,0.003187,0.003187,0.003112,0.003182,0.003155,0.003156,0.003223,0.003242
11352,112920,1238141,0.0309769,0.00310671,25,59,34,0.003215,0.003216,0.003107,0.003108,0.003208,0.003208,0.003136,0.003206,0.003179,0.003180,0.003248,0.003268
11364,113040,1244314,0.0309769,0.0031252,25,59,34,0.003241,0.003242,0.003125,0.003128,0.003229,0.003229,0.003151,0.003232,0.003204,0.003205,0.003276,0.003295
11376,113160,1248300,0.0309115,0.00317605,25,60,34,0.003303,0.003303,0.003176,0.003191,0.003288,0.003288,0.003220,0.003296,0.003265,0.003266,0.003336,0.003365
11388,113280,1252371,0.0309115,0.00318261,25,60,34,0.003302,0.003310,0.003183,0.003194,0.003294,0.003294,0.003226,0.003284,0.003271,0.003272,0.003339,0.003352
11400,113400,1256070,0.0309115,0.00319869,25,60,34,0.003317,0.003325,0.003199,0.003209,0.003309,0.003309,0.003241,0.003285,0.003284,0.003285,0.003286,0.003365
11412,113520,1259468,0.0309115,0.00321507,25,60,34,0.003335,0.003342,0.003215,0.003225,0.003325,0.003325,0.003256,0.003301,0.003301,0.003302,0.003302,0.003378
11424,113640,1263403,0.0309115,0.00296421,25,60,34,0.003068,0.003076,0.002964,0.002974,0.003070,0.003070,0.003000,0.003049,0.003037,0.003037,0.003046,0.003125
11436,113760,1266906,0.0309115,0.00312096,25,60,34,0.003219,0.003226,0.003121,0.003129,0.003227,0.003227,0.003144,0.003190,0.003192,0.003192,0.003190,0.003264
11448,113880,1269764,0.0309115,0.003135,25,60,34,0.003234,0.003242,0.003135,0.003143,0.003240,0.003240,0.003159,0.003182,0.003207,0.003207,0.003206,0.003280
11460,114000,1273632,0.0309115,0.0031049,25,60,34,0.003203,0.003204,0.003105,0.003113,0.003207,0.003207,0.003122,0.003144,0.003173,0.003173,0.003171,0.003245
11472,114120,1276657,0.0309115,0.00309312,25,60,34,0.003191,0.003192,0.003093,0.003101,0.003198,0.003198,0.003108,0.003113,0.003160,0.003160,0.003159,0.003232
11484,114240,1279722,0.0309115,0.00310268,25,60,34,0.003198,0.003199,0.003103,0.003111,0.003204,0.003205,0.003120,0.003125,0.003169,0.003169,0.003172,0.003229
11496,114360,1282636,0.0309115,0.00315004,25,60,34,0.003247,0.003249,0.003150,0.003157,0.003252,0.003252,0.003175,0.003178,0.003220,0.003220,0.003218,0.003268
11508,114480,1285783,0.0309115,0.00320264,25,60,34,0.003296,0.003297,0.003203,0.003211,0.003300,0.003300,0.003233,0.003237,0.003274,0.003274,0.003270,0.003325
11520,114600,1288840,0.0309115,0.00320465,25,60,34,0.003297,0.003297,0.003205,0.003213,0.003301,0.003301,0.003236,0.003239,0.003277,0.003278,0.003273,0.003317
11532,114720,1292485,0.0309115,0.00318638,25,60,34,0.003282,0.003282,0.003186,0.003195,0.003286,0.003286,0.003218,0.003219,0.003261,0.003261,0.003254,0.003297
11544,114840,1296374,0.0309115,0.00317974,25,60,34,0.003279,0.003279,0.003180,0.003189,0.003283,0.003283,0.003211,0.003212,0.003256,0.003256,0.003248,0.003283
11556,114960,1299810,0.0309115,0.00317837,25,60,34,0.003277,0.003277,0.003178,0.003188,0.003284,0.003284,0.003210,0.003212,0.003255,0.003255,0.003247,0.003280
11568,115080,1303605,0.0309115,0.00316406,25,60,34,0.003262,0.003262,0.003164,0.003170,0.003267,0.003268,0.003198,0.003200,0.003241,0.003241,0.003237,0.003255
11580,115200,1307203,0.0309115,0.00316877,25,60,34,0.003263,0.003263,0.003169,0.003175,0.003271,0.003272,0.003204,0.003205,0.003245,0.003245,0.003244,0.003259
11592,115320,1311212,0.0309115,0.00301096,25,60,34,0.003100,0.003100,0.003011,0.003017,0.003103,0.003104,0.003052,0.003054,0.003081,0.003081,0.003084,0.003088
11604,115440,1314730,0.0329377,0.00284719,25,59,33,0.002933,0.002933,0.002847,0.002854,0.002930,0.002931,0.002893,0.002893,0.002907,0.002907,0.002917,0.002920
11616,115560,1317843,0.0309115,0.00280052,25,60,34,0.002890,0.002891,0.002801,0.002807,0.002887,0.002888,0.002844,0.002844,0.002864,0.002864,0.002874,0.002877
11628,115680,1321818,0.0309115,0.00276618,25,60,34,0.002861,0.002862,0.002766,0.002775,0.002855,0.002856,0.002808,0.002808,0.002834,0.002834,0.002836,0.002839
11640,115800,1325481,0.0309115,0.00275881,25,60,34,0.002853,0.002854,0.002759,0.002764,0.002847,0.002848,0.002801,0.002801,0.002829,0.002829,0.002825,0.002828
11652,115920,1329247,0.0298866,0.00272892,25,59,34,0.002827,0.002828,0.002729,0.002734,0.002822,0.002823,0.002766,0.002769,0.002802,0.002802,0.002794,0.002796
11664,116040,1332341,0.0309115,0.00264639,25,60,34,0.002746,0.002747,0.002646,0.002650,0.002736,0.002739,0.002685,0.002688,0.002709,0.002718,0.002713,0.002716
11676,116160,1336283,0.0309115,0.00255978,25,60,34,0.002666,0.002667,0.002560,0.002564,0.002653,0.002657,0.002596,0.002599,0.002623,0.002632,0.002626,0.002628
11688,116280,1339784,0.0309115,0.00255109,25,60,34,0.002660,0.002661,0.002551,0.002555,0.002646,0.002649,0.002588,0.002592,0.002617,0.002628,0.002617,0.002618
11700,116400,1343001,0.0309115,0.00255077,25,60,34,0.002663,0.002665,0.002551,0.002554,0.002647,0.002651,0.002589,0.002593,0.002622,0.002634,0.002616,0.002616
11712,116520,1346698,0.0298866,0.00253117,25,59,34,0.002645,0.002648,0.002531,0.002533,0.002630,0.002634,0.002570,0.002574,0.002610,0.002624,0.002597,0.002598
11724,116640,1350129,0.0272574,0.0024707,25,60,34,0.002584,0.002589,0.002471,0.002475,0.002571,0.002576,0.002509,0.002514,0.002552,0.002567,0.002537,0.002538
11736,116760,1354025,0.027771,0.00222095,25,60,34,0.002324,0.002327,0.002221,0.002225,0.002308,0.002315,0.002275,0.002279,0.002290,0.002304,0.002293,0.002293
11748,116880,1357691,0.0251958,0.00215877,25,60,34,0.002262,0.002265,0.002159,0.002165,0.002249,0.002256,0.002210,0.002214,0.002229,0.002242,0.002235,0.002235
11760,117000,1361355,0.0255324,0.00216968,25,60,35,0.002275,0.002277,0.002170,0.002172,0.002264,0.002271,0.002223,0.002227,0.002238,0.002257,0.002243,0.002245
11772,117120,1365421,0.0251958,0.00216495,25,60,34,0.002273,0.002275,0.002165,0.002165,0.002261,0.002269,0.002218,0.002222,0.002234,0.002239,0.002239,0.002241
11784,117240,1368968,0.0255324,0.00216279,25,60,35,0.002272,0.002274,0.002163,0.002163,0.002261,0.002264,0.002217,0.002220,0.002232,0.002237,0.002237,0.002239
11796,117360,1372992,0.0252714,0.00217937,26,60,34,0.002286,0.002289,0.002179,0.002180,0.002276,0.002281,0.002233,0.002236,0.002247,0.002251,0.002250,0.002252
11808,117480,1376544,0.025667,0.00218305,26,60,35,0.002282,0.002292,0.002183,0.002184,0.002279,0.002279,0.002236,0.002240,0.002250,0.002255,0.002247,0.002256
11820,117600,1379924,0.0255603,0.00218641,26,60,34,0.002286,0.002296,0.002186,0.002187,0.002284,0.002284,0.002240,0.002243,0.002257,0.002261,0.002248,0.002257
11832,117720,1383331,0.0255603,0.00218039,26,60,34,0.002281,0.002291,0.002180,0.002182,0.002274,0.002280,0.002235,0.002238,0.002252,0.002256,0.002243,0.002253
11844,117840,1386505,0.0255603,0.00216773,26,60,34,0.002268,0.002278,0.002168,0.002169,0.002262,0.002267,0.002224,0.002227,0.002240,0.002242,0.002233,0.002242
11856,117960,1389911,0.0255603,0.00216563,26,60,34,0.002266,0.002274,0.002166,0.002166,0.002259,0.002265,0.002221,0.002221,0.002238,0.002240,0.002231,0.002238
11868,118080,1393149,0.0255324,0.00217068,25,60,35,0.002268,0.002275,0.002171,0.002171,0.002260,0.002265,0.002226,0.002226,0.002242,0.002244,0.002234,0.002242
11880,118200,1396557,0.0253818,0.0021585,26,60,35,0.002258,0.002258,0.002159,0.002161,0.002250,0.002255,0.002215,0.002215,0.002233,0.002236,0.002222,0.002232
11892,118320,1399727,0.0253818,0.00215712,26,60,35,0.002254,0.002255,0.002157,0.002160,0.002248,0.002253,0.002213,0.002213,0.002233,0.002235,0.002220,0.002229
11904,118440,1403034,0.0253818,0.00215862,26,60,35,0.002257,0.002258,0.002159,0.002161,0.002250,0.002255,0.002214,0.002214,0.002235,0.002235,0.002221,0.002227
11916,118560,1406459,0.0253818,0.00214374,26,60,35,0.002243,0.002244,0.002144,0.002146,0.002237,0.002243,0.002196,0.002196,0.002217,0.002218,0.002206,0.002211
11928,118680,1409678,0.0253818,0.00207188,26,60,35,0.002168,0.002168,0.002072,0.002073,0.002165,0.002171,0.002121,0.002121,0.002144,0.002145,0.002135,0.002142
11940,118800,1413645,0.0253818,0.00194427,26,60,35,0.002044,0.002044,0.001944,0.001947,0.002040,0.002048,0.001993,0.001993,0.002024,0.002024,0.002013,0.002020
11952,118920,1417196,0.0253818,0.00184408,26,60,35,0.001945,0.001945,0.001844,0.001845,0.001939,0.001947,0.001897,0.001897,0.001920,0.001920,0.001911,0.001918
11964,119040,1420238,0.0253818,0.00154967,26,60,35,0.001647,0.001647,0.001550,0.001553,0.001635,0.001646,0.001601,0.001602,0.001615,0.001615,0.001606,0.001615
11976,119160,1423688,0.0253818,0.00154359,26,60,35,0.001641,0.001642,0.001544,0.001547,0.001630,0.001641,0.001594,0.001594,0.001609,0.001609,0.001600,0.001609
11988,119280,1427498,0.0253818,0.00154908,26,60,35,0.001647,0.001648,0.001549,0.001552,0.001635,0.001647,0.001600,0.001600,0.001612,0.001612,0.001608,0.001617
12000,119400,1430534,0.0225401,0.00155686,26,60,36,0.001653,0.001653,0.001557,0.001559,0.001643,0.001655,0.001609,0.001609,0.001617,0.001617,0.001616,0.001621
12012,119520,1435046,0.0225401,0.00156075,26,60,36,0.001657,0.001657,0.001561,0.001563,0.001647,0.001659,0.001613,0.001614,0.001620,0.001620,0.001619,0.001624
12024,119640,1438264,0.0225401,0.00155433,26,60,36,0.001650,0.001651,0.001554,0.001556,0.001642,0.001654,0.001606,0.001607,0.001614,0.001614,0.001612,0.001615
12036,119760,1441888,0.0253818,0.00153915,26,60,35,0.001638,0.001638,0.001539,0.001541,0.001630,0.001642,0.001590,0.001590,0.001585,0.001598,0.001597,0.001599
12048,119880,1445362,0.0253818,0.00153686,26,60,35,0.001636,0.001636,0.001537,0.001539,0.001627,0.001639,0.001588,0.001589,0.001584,0.001597,0.001596,0.001598
12060,120000,1449004,0.0253818,0.00153123,26,60,35,0.001632,0.001632,0.001531,0.001531,0.001620,0.001629,0.001582,0.001582,0.001577,0.001591,0.001589,0.001592
12072,120120,1452318,0.0253818,0.00153242,26,60,35,0.001634,0.001634,0.001532,0.001533,0.001622,0.001631,0.001583,0.001583,0.001578,0.001591,0.001591,0.001593
12084,120240,1455380,0.0253818,0.00153292,26,60,35,0.001636,0.001636,0.001533,0.001533,0.001623,0.001632,0.001583,0.001584,0.001565,0.001590,0.001590,0.001590
12096,120360,1458823,0.0253818,0.00153268,26,60,35,0.001636,0.001637,0.001533,0.001533,0.001624,0.001634,0.001582,0.001583,0.001565,0.001588,0.001588,0.001588
12108,120480,1462561,0.0253818,0.00153272,26,60,35,0.001637,0.001638,0.001533,0.001533,0.001621,0.001634,0.001582,0.001583,0.001563,0.001587,0.001585,0.001585
12120,120600,1465851,0.0225401,0.0015334,26,60,36,0.001641,0.001642,0.001533,0.001534,0.001626,0.001640,0.001582,0.001583,0.001562,0.001586,0.001585,0.001585
12132,120720,1468901,0.0253818,0.00153228,26,60,35,0.001639,0.001640,0.001532,0.001532,0.001624,0.001635,0.001582,0.001582,0.001560,0.001585,0.001582,0.001583
12144,120840,1472221,0.0225401,0.00151401,26,60,36,0.001622,0.001623,0.001514,0.001514,0.001607,0.001618,0.001564,0.001565,0.001542,0.001556,0.001565,0.001566
12156,120960,1475690,0.0225401,0.00149829,26,60,36,0.001605,0.001607,0.001498,0.001498,0.001591,0.001603,0.001546,0.001547,0.001525,0.001528,0.001549,0.001549
12168,121080,1479594,0.0225401,0.00148311,26,60,36,0.001590,0.001592,0.001483,0.001483,0.001577,0.001590,0.001528,0.001528,0.001509,0.001511,0.001532,0.001533
12180,121200,1482925,0.0225401,0.00146979,26,60,36,0.001575,0.001577,0.001470,0.001470,0.001564,0.001579,0.001515,0.001516,0.001495,0.001499,0.001517,0.001518
12192,121320,1485650,0.0225401,0.00144676,26,60,36,0.001553,0.001555,0.001447,0.001447,0.001544,0.001552,0.001490,0.001491,0.001471,0.001473,0.001496,0.001497
12204,121440,1489531,0.0225401,0.00142072,26,60,36,0.001524,0.001528,0.001421,0.001421,0.001518,0.001526,0.001467,0.001468,0.001443,0.001447,0.001472,0.001472
12216,121560,1492689,0.0225401,0.00135398,26,60,36,0.001454,0.001457,0.001354,0.001354,0.001444,0.001452,0.001404,0.001404,0.001368,0.001374,0.001403,0.001404
12228,121680,1495705,0.0197711,0.00129894,26,60,35,0.001396,0.001399,0.001299,0.001300,0.001389,0.001397,0.001350,0.001350,0.001310,0.001316,0.001349,0.001350
12240,121800,1499968,0.0197711,0.00136397,26,60,35,0.001450,0.001452,0.001364,0.001365,0.001445,0.001461,0.001441,0.001441,0.001366,0.001373,0.001427,0.001428
12252,121920,1503077,0.0197711,0.00138033,26,60,35,0.001470,0.001472,0.001380,0.001382,0.001462,0.001477,0.001448,0.001453,0.001382,0.001391,0.001438,0.001439
12264,122040,1506470,0.0197711,0.00138726,26,60,35,0.001481,0.001483,0.001387,0.001389,0.001469,0.001479,0.001457,0.001462,0.001393,0.001400,0.001442,0.001447
12276,122160,1510226,0.0197711,0.00141958,26,60,35,0.001516,0.001518,0.001420,0.001421,0.001501,0.001510,0.001494,0.001498,0.001428,0.001435,0.001476,0.001481
12288,122280,1514056,0.0197711,0.00144137,26,60,35,0.001537,0.001539,0.001441,0.001443,0.001523,0.001530,0.001516,0.001520,0.001449,0.001458,0.001498,0.001504
12300,122400,1517045,0.0197711,0.00155107,26,60,35,0.001651,0.001653,0.001551,0.001552,0.001632,0.001641,0.001632,0.001639,0.001556,0.001563,0.001610,0.001617
12312,122520,1520620,0.0197711,0.00171859,26,60,35,0.001823,0.001825,0.001719,0.001719,0.001810,0.001819,0.001791,0.001801,0.001728,0.001734,0.001776,0.001787
12324,122640,1524004,0.0197711,0.00174281,26,60,35,0.001845,0.001847,0.001743,0.001744,0.001833,0.001842,0.001816,0.001826,0.001750,0.001757,0.001797,0.001808
12336,122760,1527577,0.0197711,0.0017457,26,60,35,0.001844,0.001847,0.001746,0.001746,0.001834,0.001844,0.001817,0.001818,0.001752,0.001755,0.001800,0.001809
12348,122880,1530945,0.0197711,0.00174549,26,60,35,0.001842,0.001845,0.001745,0.001746,0.001835,0.001842,0.001817,0.001818,0.001751,0.001754,0.001800,0.001808
12360,123000,1534580,0.0197711,0.00174383,26,60,35,0.001840,0.001842,0.001744,0.001744,0.001832,0.001840,0.001815,0.001817,0.001749,0.001754,0.001799,0.001803
12372,123120,1537760,0.0197711,0.00174123,26,60,35,0.001825,0.001841,0.001741,0.001742,0.001825,0.001837,0.001813,0.001814,0.001746,0.001752,0.001793,0.001798
12384,123240,1541297,0.0197711,0.00173734,26,60,35,0.001821,0.001838,0.001737,0.001738,0.001822,0.001835,0.001809,0.001811,0.001742,0.001748,0.001789,0.001795
12396,123360,1544595,0.0197711,0.00174063,26,60,35,0.001824,0.001842,0.001741,0.001741,0.001825,0.001838,0.001812,0.001814,0.001744,0.001748,0.001793,0.001797
12408,123480,1547936,0.0234329,0.00172991,34,143,76,0.001815,0.001834,0.001730,0.001731,0.001817,0.001825,0.001798,0.001799,0.001730,0.001734,0.001784,0.001786
12420,123600,1551124,0.0197711,0.00157276,26,60,35,0.001658,0.001674,0.001573,0.001574,0.001661,0.001667,0.001625,0.001632,0.001576,0.001578,0.001623,0.001624
12432,123720,1554933,0.021959,0.00152011,27,60,35,0.001611,0.001627,0.001520,0.001521,0.001615,0.001622,0.001568,0.001568,0.001530,0.001533,0.001574,0.001576
12444,123840,1557887,0.021959,0.00144112,27,60,35,0.001524,0.001541,0.001441,0.001442,0.001531,0.001537,0.001491,0.001491,0.001444,0.001447,0.001496,0.001499
12456,123960,1561137,0.021959,0.00144306,27,60,35,0.001525,0.001541,0.001443,0.001444,0.001531,0.001537,0.001495,0.001495,0.001447,0.001447,0.001500,0.001502
12468,124080,1564643,0.021959,0.00148219,27,60,35,0.001568,0.001585,0.001482,0.001483,0.001568,0.001576,0.001537,0.001537,0.001488,0.001489,0.001538,0.001538
12480,124200,1568228,0.021959,0.00154192,27,60,35,0.001635,0.001647,0.001542,0.001543,0.001627,0.001637,0.001604,0.001604,0.001553,0.001553,0.001599,0.001600
12492,124320,1571795,0.021959,0.00154238,27,60,35,0.001635,0.001636,0.001542,0.001543,0.001628,0.001638,0.001605,0.001605,0.001553,0.001553,0.001606,0.001607
12504,124440,1575140,0.021959,0.00154367,27,60,35,0.001638,0.001638,0.001544,0.001545,0.001630,0.001640,0.001606,0.001606,0.001555,0.001555,0.001609,0.001610
12516,124560,1578775,0.021959,0.00154574,27,60,35,0.001639,0.001640,0.001546,0.001547,0.001630,0.001640,0.001608,0.001608,0.001557,0.001557,0.001613,0.001614
12528,124680,1582178,0.021959,0.00154659,27,60,35,0.001639,0.001640,0.001547,0.001547,0.001630,0.001642,0.001607,0.001607,0.001556,0.001557,0.001615,0.001617
12540,124800,1585673,0.0197711,0.0015364,26,60,35,0.001631,0.001632,0.001536,0.001537,0.001620,0.001632,0.001599,0.001599,0.001547,0.001548,0.001610,0.001611
12552,124920,1589164,0.0197711,0.00151194,26,60,35,0.001609,0.001610,0.001512,0.001513,0.001597,0.001609,0.001575,0.001575,0.001521,0.001522,0.001589,0.001591
12564,125040,1592484,0.0214514,0.00145498,26,60,36,0.001551,0.001552,0.001455,0.001456,0.001540,0.001549,0.001517,0.001517,0.001462,0.001462,0.001532,0.001534
12576,125160,1596052,0.021959,0.00140647,27,60,35,0.001502,0.001502,0.001406,0.001407,0.001492,0.001504,0.001462,0.001463,0.001410,0.001411,0.001479,0.001482
12588,125280,1599456,0.0214514,0.00141015,26,60,36,0.001504,0.001505,0.001410,0.001411,0.001495,0.001506,0.001468,0.001469,0.001416,0.001416,0.001485,0.001485
12600,125400,1602826,0.0214514,0.00140513,26,60,36,0.001504,0.001505,0.001405,0.001406,0.001492,0.001502,0.001468,0.001468,0.001417,0.001418,0.001479,0.001480
12612,125520,1606487,0.0214514,0.00143628,26,60,36,0.001532,0.001533,0.001436,0.001437,0.001523,0.001533,0.001504,0.001504,0.001447,0.001448,0.001508,0.001509
12624,125640,1609814,0.0214514,0.00140441,26,60,36,0.001501,0.001501,0.001404,0.001405,0.001489,0.001498,0.001472,0.001473,0.001414,0.001415,0.001476,0.001476
12636,125760,1613270,0.0214514,0.0012491,26,60,36,0.001347,0.001348,0.001249,0.001250,0.001328,0.001338,0.001323,0.001324,0.001260,0.001261,0.001332,0.001332
12648,125880,1617043,0.0206023,0.00128082,26,59,36,0.001378,0.001379,0.001281,0.001282,0.001357,0.001367,0.001355,0.001356,0.001288,0.001289,0.001360,0.001361
12660,126000,1620311,0.0206023,0.00134165,26,59,36,0.001440,0.001441,0.001342,0.001342,0.001427,0.001429,0.001408,0.001409,0.001355,0.001355,0.001425,0.001426
12672,126120,1623882,0.0214514,0.00144309,26,60,36,0.001545,0.001546,0.001443,0.001443,0.001533,0.001538,0.001504,0.001505,0.001461,0.001461,0.001527,0.001527
12684,126240,1627031,0.0214514,0.00148438,26,60,36,0.001591,0.001592,0.001484,0.001485,0.001582,0.001587,0.001546,0.001546,0.001505,0.001505,0.001567,0.001568
12696,126360,1630507,0.0214514,0.00144288,26,60,36,0.001548,0.001548,0.001443,0.001444,0.001536,0.001541,0.001497,0.001497,0.001459,0.001459,0.001522,0.001523
12708,126480,1634452,0.0214514,0.00139455,26,60,36,0.001499,0.001500,0.001395,0.001395,0.001484,0.001493,0.001442,0.001442,0.001409,0.001409,0.001469,0.001470
12720,126600,1638143,0.0214514,0.00138488,26,60,36,0.001489,0.001490,0.001385,0.001386,0.001474,0.001482,0.001430,0.001431,0.001398,0.001398,0.001458,0.001458
12732,126720,1641539,0.0214514,0.00138492,26,60,36,0.001492,0.001492,0.001385,0.001386,0.001475,0.001483,0.001431,0.001432,0.001400,0.001400,0.001459,0.001459
12744,126840,1645677,0.0214514,0.00138596,26,60,36,0.001489,0.001490,0.001386,0.001386,0.001474,0.001481,0.001430,0.001430,0.001399,0.001400,0.001459,0.001459
12756,126960,1649443,0.0214514,0.00139852,26,60,36,0.001502,0.001503,0.001399,0.001399,0.001486,0.001493,0.001445,0.001445,0.001413,0.001414,0.001474,0.001474
12768,127080,1653269,0.0214514,0.00139225,26,60,36,0.001494,0.001495,0.001392,0.001392,0.001481,0.001488,0.001435,0.001435,0.001406,0.001407,0.001465,0.001465
12780,127200,1657051,0.022275,0.00140776,27,60,34,0.001502,0.001503,0.001408,0.001408,0.001497,0.001503,0.001444,0.001450,0.001416,0.001417,0.001479,0.001479
12792,127320,1660697,0.021459,0.00142399,27,60,36,0.001518,0.001519,0.001424,0.001424,0.001515,0.001522,0.001462,0.001467,0.001434,0.001436,0.001500,0.001500
12804,127440,1670046,0.0215057,0.00153333,39,145,79,0.001615,0.001616,0.001535,0.001536,0.001628,0.001633,0.001569,0.001590,0.001533,0.001537,0.001612,0.001612
12816,127560,1674118,0.0231723,0.00167039,39,146,80,0.001746,0.001746,0.001687,0.001688,0.001766,0.001770,0.001773,0.001836,0.001670,0.001676,0.001796,0.001796
12828,127680,1678570,0.0231723,0.0017977,39,146,80,0.001869,0.001870,0.001805,0.001812,0.001901,0.001906,0.001888,0.001956,0.001798,0.001805,0.001921,0.001921
12840,127800,1683235,0.0231723,0.00183023,39,146,80,0.001900,0.001900,0.001844,0.001854,0.001935,0.001943,0.001920,0.002024,0.001830,0.001840,0.001975,0.001976
12852,127920,1689598,0.0231723,0.00193038,39,146,80,0.002002,0.002003,0.001956,0.001971,0.002034,0.002048,0.002039,0.002133,0.001930,0.001946,0.002126,0.002127
12864,128040,1694070,0.0231723,0.0020348,39,146,80,0.002104,0.002104,0.002062,0.002080,0.002144,0.002162,0.002138,0.002203,0.002035,0.002051,0.002243,0.002244
12876,128160,1698224,0.0269065,0.0021532,39,143,79,0.002217,0.002217,0.002183,0.002201,0.002265,0.002285,0.002259,0.002324,0.002153,0.002171,0.002365,0.002366
12888,128280,1702329,0.0269065,0.00221117,39,143,79,0.002269,0.002270,0.002237,0.002253,0.002316,0.002337,0.002308,0.002332,0.002211,0.002228,0.002421,0.002422
12900,128400,1706075,0.0269065,0.00222488,39,143,79,0.002280,0.002281,0.002251,0.002265,0.002323,0.002347,0.002321,0.002347,0.002225,0.002241,0.002435,0.002437
12912,128520,1711431,0.0269065,0.00223946,39,143,79,0.002290,0.002291,0.002265,0.002279,0.002331,0.002345,0.002334,0.002359,0.002239,0.002255,0.002449,0.002450
12924,128640,1716480,0.0278977,0.00223582,39,145,80,0.002292,0.002293,0.002264,0.002277,0.002327,0.002341,0.002334,0.002349,0.002236,0.002252,0.002450,0.002452
12936,128760,1721265,0.0281171,0.00232343,39,147,80,0.002374,0.005161,0.002346,0.002360,0.002413,0.002426,0.002421,0.002435,0.002323,0.002336,0.002530,0.002532
12948,128880,1725574,0.0281171,0.0023848,39,147,80,0.002431,0.005206,0.002405,0.002420,0.002476,0.002490,0.002469,0.002487,0.002385,0.002397,0.002591,0.002591
12960,129000,1729599,0.0292255,0.00246557,39,146,81,0.002516,0.002517,0.002491,0.002508,0.002567,0.002584,0.002543,0.002554,0.002466,0.002467,0.002687,0.002688
12972,129120,1734334,0.0296689,0.00282317,38,143,79,0.002876,0.002878,0.002836,0.002859,0.002940,0.002958,0.002908,0.002916,0.002823,0.002825,0.003070,0.003071
12984,129240,1738732,0.0296689,0.00301076,38,143,79,0.003067,0.003068,0.003025,0.003039,0.003141,0.003160,0.003087,0.003092,0.003011,0.003013,0.003254,0.003255
12996,129360,1742988,0.0296689,0.00301425,38,143,79,0.003072,0.003074,0.003032,0.003047,0.003151,0.003170,0.003090,0.003095,0.003014,0.003016,0.003269,0.003270
13008,129480,1747568,0.0296689,0.00303348,38,143,79,0.003094,0.003095,0.003060,0.003074,0.003150,0.003185,0.003108,0.003113,0.003033,0.003035,0.003291,0.003292
13020,129600,1751561,0.0296689,0.00306329,38,143,79,0.003128,0.003129,0.003088,0.003102,0.003182,0.003220,0.003140,0.003146,0.003063,0.003065,0.003321,0.003322
13032,129720,1756139,0.0296689,0.00330053,38,143,79,0.003363,0.003364,0.003318,0.003334,0.003435,0.003476,0.003366,0.003370,0.003301,0.003302,0.003545,0.003546
13044,129840,1760262,0.0296689,0.00341691,38,143,79,0.003478,0.003478,0.003434,0.003450,0.003555,0.003599,0.003479,0.003483,0.003417,0.003419,0.003655,0.003663
13056,129960,1764387,0.0279767,0.00364178,27,60,36,0.003693,0.003699,0.003642,0.003658,0.003781,0.003827,0.003704,0.003708,0.003642,0.003644,0.003871,0.003879
13068,130080,1768247,0.0296689,0.00365929,38,143,79,0.003708,0.003715,0.003672,0.003691,0.003803,0.003852,0.003727,0.003731,0.003659,0.003659,0.003891,0.003930
13080,130200,1772525,0.0296689,0.0038239,38,143,79,0.003879,0.003888,0.003830,0.003856,0.003928,0.003987,0.004008,0.004017,0.003824,0.003824,0.004212,0.004281
13092,130320,1776860,0.0369944,0.00402463,27,59,36,0.004131,0.004142,0.004025,0.004056,0.004098,0.004150,0.004395,0.004417,0.004053,0.004053,0.004637,0.004722
13104,130440,1780697,0.0369944,0.00412504,27,59,36,0.004259,0.004274,0.004125,0.004162,0.004178,0.004240,0.004606,0.004635,0.004170,0.004170,0.004874,0.004980
13116,130560,1785287,0.0369944,0.00423241,27,59,36,0.004377,0.004394,0.004232,0.004270,0.004254,0.004309,0.004790,0.004825,0.004273,0.004273,0.005061,0.005101
13128,130680,1789530,0.0433073,0.00428421,31,86,43,0.004477,0.004497,0.004318,0.004340,0.004284,0.004374,0.004945,0.004985,0.004314,0.004354,0.005222,0.005267
13140,130800,1795018,0.0433073,0.00431676,31,86,43,0.004553,0.004574,0.004383,0.004392,0.004317,0.004421,0.005039,0.005098,0.004363,0.004408,0.005343,0.005383
13152,130920,1800341,0.0433073,0.00445585,31,86,43,0.004687,0.004709,0.004509,0.004518,0.004456,0.004559,0.005174,0.005230,0.004494,0.004539,0.004915,0.005486
13164,131040,1805572,0.0433073,0.00451672,31,86,43,0.004770,0.004794,0.004604,0.004613,0.004517,0.004632,0.005291,0.005351,0.004529,0.004572,0.004996,0.005620
13176,131160,1809435,0.0432741,0.00470236,39,144,79,0.005002,0.005029,0.004848,0.004858,0.004722,0.004782,0.005571,0.005636,0.004702,0.004791,0.005231,0.005910
13188,131280,1814503,0.0432741,0.00492539,39,144,79,0.005248,0.005278,0.005090,0.005101,0.004929,0.004996,0.005886,0.005960,0.004925,0.005026,0.005482,0.006245
13200,131400,1819273,0.0432741,0.00497225,39,144,79,0.005295,0.005326,0.005139,0.005150,0.004977,0.005048,0.005927,0.005999,0.004972,0.005061,0.005517,0.006226
13212,131520,1823025,0.0447785,0.0050029,39,144,80,0.005332,0.005333,0.005176,0.005188,0.005010,0.005082,0.005960,0.006032,0.005003,0.005088,0.005554,0.006232
13224,131640,1827624,0.0447785,0.0050226,39,144,80,0.005353,0.005353,0.005193,0.005205,0.005026,0.005081,0.005983,0.006054,0.005023,0.005080,0.005268,0.006172
13236,131760,1831846,0.0450894,0.00501746,38,143,80,0.005362,0.005363,0.005206,0.005218,0.005032,0.005085,0.006001,0.006072,0.005017,0.005060,0.005278,0.005604
13248,131880,1835655,0.044781,0.00499946,38,143,80,0.005334,0.005365,0.005212,0.005224,0.005033,0.005086,0.006006,0.006076,0.004999,0.005040,0.005275,0.005590
13260,132000,1840454,0.044781,0.00501944,38,143,80,0.005354,0.005384,0.005235,0.005247,0.005051,0.005103,0.006027,0.006098,0.005019,0.005059,0.005298,0.005617
13272,132120,1846774,0.044781,0.00502001,38,143,80,0.005357,0.005357,0.005235,0.005247,0.005052,0.005088,0.006027,0.006097,0.005020,0.005060,0.005221,0.005608
13284,132240,1853952,0.044781,0.00502005,38,143,80,0.005355,0.005356,0.005233,0.005235,0.005047,0.005055,0.006027,0.006096,0.005020,0.005055,0.005227,0.005608
13296,132360,1860745,0.0453181,0.00501248,38,145,81,0.005355,0.005355,0.005234,0.005236,0.005046,0.005054,0.006028,0.006097,0.005012,0.005040,0.005188,0.005397
13308,132480,1867938,0.0451861,0.00497445,38,206,107,0.005356,0.005356,0.005233,0.005235,0.005044,0.005052,0.005889,0.006096,0.004974,0.005035,0.005189,0.005311
13320,132600,1873994,0.0458059,0.00496713,39,146,81,0.005371,0.005372,0.005083,0.005251,0.005056,0.005065,0.005559,0.006117,0.004967,0.005053,0.005208,0.005331
13332,132720,1880532,0.045348,0.00492348,39,206,108,0.005380,0.005380,0.005089,0.005256,0.005062,0.005071,0.005567,0.006121,0.004923,0.005036,0.005213,0.005334
13344,132840,1886630,0.045348,0.00492196,39,206,108,0.005378,0.005378,0.005087,0.005253,0.005061,0.005069,0.005571,0.006075,0.004922,0.004997,0.005215,0.005308
13356,132960,1892359,0.045348,0.00493112,39,206,108,0.005388,0.005388,0.005095,0.005261,0.005069,0.005073,0.005584,0.006061,0.004931,0.004990,0.005229,0.005287
13368,133080,1898390,0.045348,0.00493302,39,206,108,0.005391,0.005391,0.005098,0.005263,0.005070,0.005075,10000000.000000,10000000.000000,0.004933,0.004981,0.005227,0.005275
13380,133200,1904504,0.045348,0.00493365,39,206,108,0.005390,0.006560,0.005098,0.005263,0.005065,0.005069,0.004964,0.081021,0.004934,0.004976,0.005228,0.005277
13392,133320,1910580,0.0455592,0.0049342,38,206,108,0.005392,0.005392,0.005073,0.005264,0.005063,0.005067,0.004934,0.080920,0.004935,0.004977,0.005227,0.005268
13404,133440,1917642,0.0455592,0.00493524,38,206,108,0.005395,0.005396,0.005076,0.005265,0.005066,0.005070,0.004935,0.005045,0.004936,0.004978,0.005239,0.005274
13416,133560,1927225,0.0455592,0.00493188,38,206,108,0.005397,0.005397,0.005078,0.005266,0.005067,0.005069,0.004932,0.004955,0.004933,0.004972,0.005240,0.005275
13428,133680,1935076,0.0455592,0.00489001,38,206,108,0.005363,0.005363,0.005044,0.005102,0.005030,0.005030,0.004890,0.004897,0.004892,0.004929,0.005192,0.005226
13440,133800,1941136,0.0455592,0.00484953,38,206,108,0.005319,0.005320,0.004987,0.005042,0.004990,0.004990,0.004850,0.004852,0.004852,0.004887,0.005113,0.005186
13452,133920,1947425,0.0455592,0.00481351,38,206,108,0.005291,0.005291,0.004961,0.005018,0.004966,0.004966,0.004814,0.004814,0.004817,0.004821,0.005088,0.005160
13464,134040,1953656,0.0444945,0.00480758,37,211,111,0.005287,0.005287,0.004959,0.005015,0.004963,0.004963,0.004808,0.004808,0.004811,0.004816,0.005086,0.005156
13476,134160,1961244,0.0443973,0.00477255,38,211,110,0.005256,0.005256,0.004933,0.004989,0.004935,0.004935,0.004773,0.004778,0.004781,0.004785,0.005059,0.005101
13488,134280,1974989,0.0443973,0.00479928,38,211,110,0.005286,0.005287,0.004958,0.005013,0.004963,0.004963,0.004799,0.004805,0.004810,0.004810,0.005083,0.005125
13500,134400,1981460,0.0443973,0.00471265,38,211,110,0.005188,0.005188,0.004859,0.004895,0.004866,0.004868,0.004713,0.004718,0.004723,0.004723,0.004986,0.005027
13512,134520,1987311,0.0429098,0.00454162,39,204,107,0.005025,0.005025,0.004703,0.004740,0.004694,0.004696,0.004542,0.004542,0.004542,0.004552,0.004766,0.004840
13524,134640,1993135,0.0426865,0.00451164,39,211,109,0.005002,0.005002,0.004678,0.004709,0.004672,0.004673,0.004512,0.004512,0.004512,0.004525,0.004745,0.004820
13536,134760,1999185,0.0426127,0.00450456,40,208,108,0.005004,0.005004,0.004678,0.004709,0.004672,0.004673,0.004512,0.004512,0.004505,0.004514,0.004745,0.004809
13548,134880,2003834,0.0426127,0.0045044,40,208,108,0.005006,0.005006,0.004681,0.004713,0.004677,0.004678,0.004512,0.004512,0.004504,0.004514,0.004746,0.004901
13560,135000,2010018,0.0425714,0.00450411,40,208,109,0.005007,0.005007,0.004682,0.004713,0.004677,0.004678,0.004511,0.004511,0.004504,0.004511,0.004748,0.004905
13572,135120,2014848,0.0426652,0.00450293,41,217,109,0.005007,0.005007,0.004682,0.004690,0.004677,0.004678,0.004511,0.004511,0.004503,0.004504,0.004749,0.004917
13584,135240,2020582,0.0426652,0.00450523,41,217,109,0.005011,0.005012,0.004683,0.004692,0.004680,0.004681,0.004514,0.004514,0.004505,0.004506,0.004759,0.004899
13596,135360,2025724,0.0425281,0.00449214,41,208,109,0.005004,0.005004,0.004675,0.004684,0.004674,0.004675,0.004502,0.004502,0.004492,0.004494,0.004755,0.004897
13608,135480,2030442,0.0425281,0.00446544,41,208,109,0.004983,0.004983,0.004635,0.004662,0.004653,0.004656,0.004475,0.004475,0.004465,0.004467,0.004738,0.004886
13620,135600,2035100,0.0425281,0.00445765,41,208,109,0.004926,0.004983,0.004628,0.004654,0.004653,0.004657,0.004467,0.004467,0.004458,0.004460,0.004737,0.004807
13632,135720,2040077,0.0425281,0.00444853,41,208,109,0.004817,0.004975,0.004619,0.004644,0.004644,0.004648,0.004459,0.004459,0.004449,0.004451,0.004735,0.004801
13644,135840,2044285,0.0425281,0.00444664,41,208,109,0.004817,0.004977,0.004508,0.004634,0.004643,0.004647,0.004458,0.004458,0.004447,0.004449,0.004732,0.005070
13656,135960,2048903,0.0425281,0.00444078,41,208,109,0.004811,0.004913,0.004499,0.004627,0.004636,0.004639,0.004452,0.004452,0.004441,0.004443,0.004736,0.004902
13668,136080,2053406,0.0425281,0.00440267,41,208,109,0.004752,0.004875,0.004459,0.004588,0.004601,0.004605,0.004414,0.004414,0.004403,0.004405,0.004695,0.004759
13680,136200,2058153,0.0425281,0.00433415,41,208,109,0.004684,0.004807,0.004390,0.004527,0.004537,0.004539,0.004348,0.004348,0.004334,0.004337,0.004639,0.004691
13692,136320,2062961,0.0425281,0.00433794,41,208,109,0.004705,0.004811,0.004392,0.004530,0.004540,0.004542,0.004351,0.004351,0.004338,0.004341,0.004629,0.004677
13704,136440,2067670,0.0425281,0.00434044,41,208,109,0.004698,0.004812,0.004395,0.004533,0.004543,0.004546,0.004353,0.004353,0.004340,0.004343,0.004627,0.004676
13716,136560,2072225,0.0425281,0.0043415,41,208,109,0.004697,0.004812,0.004397,0.004535,0.004545,0.004547,0.004353,0.004353,0.004341,0.004344,0.004626,0.004666
13728,136680,2076566,0.0425281,0.00434198,41,208,109,0.004697,0.004811,0.004399,0.004535,0.004546,0.004548,0.004352,0.004352,0.004342,0.004344,0.004635,0.004677
13740,136800,2081384,0.0425281,0.00434427,41,208,109,0.004698,0.004702,0.004400,0.004531,0.004551,0.004554,0.004353,0.004353,0.004344,0.004344,0.004628,0.004672
13752,136920,2086055,0.0425281,0.00432987,41,208,109,0.004679,0.004679,0.004385,0.004517,0.004538,0.004540,0.004337,0.004337,0.004330,0.004330,0.004612,0.004657
13764,137040,2091607,0.0425281,0.00432764,41,208,109,0.004680,0.004680,0.004381,0.004515,0.004531,0.004534,0.004335,0.004335,0.004328,0.004328,0.004606,0.004641
13776,137160,2096705,0.0425281,0.00430951,41,208,109,0.004663,0.004663,0.004364,0.004499,0.004517,0.004519,0.004318,0.004318,0.004310,0.004310,0.004587,0.004624
13788,137280,2101582,0.0425281,0.00433127,41,208,109,0.004667,0.004667,0.004381,0.004507,0.004515,0.004517,0.004341,0.004342,0.004331,0.004331,0.004587,0.004626
13800,137400,2111123,0.0425281,0.00432552,41,208,109,0.004668,0.004668,0.004375,0.004500,0.004506,0.004508,0.004335,0.004337,0.004326,0.004326,0.004579,0.004619
13812,137520,2116814,0.0425281,0.00429974,41,208,109,0.004646,0.004646,0.004353,0.004480,0.004481,0.004483,0.004310,0.004311,0.004300,0.004300,0.004552,0.004597
13824,137640,2123171,0.0425281,0.00429252,41,208,109,0.004638,0.004638,0.004346,0.004469,0.004470,0.004473,0.004302,0.004304,0.004293,0.004293,0.004544,0.004587
13836,137760,2128571,0.0401435,0.00426635,41,217,111,0.004626,0.004626,0.004327,0.004449,0.004410,0.004455,0.004276,0.004278,0.004266,0.004266,0.004523,0.004573
13848,137880,2134292,0.0401435,0.00420764,42,217,110,0.004582,0.004582,0.004272,0.004390,0.004373,0.004411,0.004217,0.004221,0.004208,0.004208,0.004459,0.004510
13860,138000,2139040,0.0401435,0.00412861,42,217,110,0.004524,0.004524,0.004184,0.004314,0.004322,0.004340,0.004133,0.004143,0.004129,0.004129,0.004353,0.004410
13872,138120,2144234,0.0405514,0.00403142,38,218,115,0.004351,0.004463,0.004071,0.004218,0.004254,0.004258,0.004031,0.004050,0.004034,0.004034,0.004216,0.004282
13884,138240,2148896,0.0380666,0.00400108,39,211,110,0.004368,0.004478,0.004017,0.004135,0.004248,0.004266,0.004001,0.004044,0.004026,0.004026,0.004151,0.004226
13896,138360,2153523,0.039913,0.00397428,27,60,36,0.004463,0.004576,0.003974,0.004135,0.004308,0.004312,0.004018,0.004063,0.004103,0.004103,0.004145,0.004223
13908,138480,2158325,0.039913,0.00398169,27,60,36,0.004600,0.004713,0.003982,0.004144,0.004389,0.004395,0.004022,0.004042,0.004197,0.004197,0.004146,0.004230
13920,138600,2162885,0.039913,0.00399532,27,60,36,0.004771,0.004883,0.003995,0.004192,0.004371,0.004483,0.004022,0.004069,0.004299,0.004299,0.004157,0.004247
13932,138720,2167834,0.0405934,0.0039874,27,60,37,0.004955,0.005068,0.003987,0.004155,0.004409,0.004579,0.004020,0.004094,0.004396,0.004396,0.004166,0.004233
13944,138840,2173200,0.0405934,0.00399459,27,60,37,0.005140,0.005254,0.003995,0.004165,0.004449,0.004675,0.004017,0.004116,0.004481,0.004481,0.004179,0.004253
13956,138960,2177835,0.0405934,0.00399411,27,60,37,0.005298,0.005418,0.003994,0.004145,0.004480,0.004762,0.004000,0.004060,0.004550,0.004558,0.004170,0.004250
13968,139080,2182102,0.0407751,0.0039539,27,60,37,0.005464,0.005597,0.003954,0.004150,0.004518,0.004853,0.003990,0.004029,0.004641,0.004650,0.004169,0.004266
13980,139200,2186750,0.0407751,0.00395305,27,60,37,0.005606,0.005652,0.003953,0.004034,0.004539,0.004687,0.003960,0.003999,0.004713,0.004723,0.004150,0.004264
13992,139320,2192547,0.0363691,0.00394053,39,219,114,0.005483,0.005813,0.003959,0.004036,0.004567,0.004735,0.003941,0.003960,0.004781,0.004792,0.004138,0.004272
14004,139440,2197415,0.0363691,0.00384915,39,219,114,0.005513,0.005848,0.003887,0.003945,0.004513,0.004581,0.003849,0.003869,0.004780,0.004792,0.004051,0.004152
14016,139560,2201615,0.0363691,0.00373176,39,219,114,0.005511,0.005910,0.003771,0.003827,0.004428,0.004503,0.003732,0.003752,0.004760,0.004760,0.003955,0.004067
14028,139680,2206880,0.0337103,0.00359413,40,221,114,0.005504,0.005955,0.003648,0.003725,0.004338,0.004414,0.003594,0.003627,0.004727,0.004727,0.003832,0.003952
14040,139800,2211745,0.0337103,0.00356781,40,221,114,0.005593,0.006095,0.003619,0.003707,0.004315,0.004359,0.003568,0.003601,0.004065,0.004821,0.003806,0.003933
14052,139920,2216180,0.0337103,0.00348602,40,221,114,0.005509,0.005933,0.003527,0.003629,0.004261,0.004304,0.003486,0.003520,0.003979,0.004861,0.003730,0.003865
14064,140040,2221525,0.031815,0.00337756,42,222,114,0.005437,0.013306,0.003426,0.003558,0.004200,0.004245,0.003378,0.003413,0.003881,0.004871,0.003620,0.003742
14076,140160,2228102,0.0312789,0.00323228,41,221,114,0.005354,0.006009,0.003309,0.003461,0.004111,0.004158,0.003232,0.003267,0.003746,0.004847,0.003478,0.003612
14088,140280,2233225,0.0312789,0.00317064,41,221,114,0.005334,0.005602,0.003267,0.003395,0.004093,0.004143,0.003171,0.003207,0.003682,0.004335,0.003414,0.003536
14100,140400,2256508,0.0312789,0.00315634,41,221,114,0.005354,0.005597,0.003263,0.003399,0.004117,0.004170,0.003156,0.003182,0.003668,0.003877,0.003404,0.003533
14112,140520,2264040,0.0312789,0.00313809,41,221,114,0.005385,0.005597,0.003195,0.003398,0.004153,0.004210,0.003138,0.003155,0.003646,0.003872,0.003395,0.003534
14124,140640,2271074,0.0312789,0.00313467,41,221,114,0.005292,0.005602,0.003206,0.003413,0.004197,0.004257,0.003135,0.003152,0.003574,0.003646,0.003399,0.003555
14136,140760,2276675,0.0312789,0.00304472,41,221,114,0.005255,0.005583,0.003143,0.003354,0.004173,0.004236,0.003045,0.003059,0.003485,0.003558,0.003323,0.003340
14148,140880,2282673,0.0312789,0.00297761,41,221,114,0.005264,0.005423,0.003103,0.003317,0.004188,0.004254,0.002978,0.002978,0.003414,0.003494,0.003279,0.004621
14160,141000,2289509,0.0312789,0.00287703,41,221,114,0.005200,0.005520,0.003013,0.003239,0.004151,0.004181,0.002877,0.002877,0.003318,0.003401,0.003143,0.003189
14172,141120,2295763,0.0278496,0.0024319,27,59,35,0.004387,0.005034,0.002432,0.002938,0.003858,0.003884,0.002531,0.002531,0.002978,0.003060,0.002863,0.002883
14184,141240,2301814,0.0229983,0.00213011,43,226,115,0.004229,0.004731,0.002230,0.002767,0.003725,0.003753,0.002130,0.002340,0.002795,0.002881,0.002694,0.002717
14196,141360,2308139,0.0229983,0.00210742,43,226,115,0.004235,0.004725,0.002208,0.002771,0.003776,0.003777,0.002107,0.002319,0.002774,0.002791,0.002658,0.002716
14208,141480,2313909,0.0229983,0.00207025,43,226,115,0.004237,0.004614,0.002167,0.002553,0.003808,0.003809,0.002070,0.002280,0.002725,0.002745,0.002652,0.002718
14220,141600,2320035,0.0218728,0.00203077,43,227,115,0.003502,0.004604,0.002134,0.002526,0.003829,0.003830,0.002031,0.002076,0.002677,0.002700,0.002630,0.002700
14232,141720,2326511,0.0218728,0.00177762,43,227,115,0.003307,0.004396,0.001881,0.002210,0.003651,0.003652,0.001778,0.001827,0.002449,0.002472,0.002390,0.002463
14244,141840,2332120,0.0218728,0.0016526,43,227,115,0.003201,0.004295,0.001762,0.002021,0.003595,0.003596,0.001653,0.001675,0.002331,0.002355,0.002264,0.002326
14256,141960,2338885,0.0218728,0.00140806,43,227,115,0.002980,0.004096,0.001543,0.001808,0.003420,0.003421,0.001408,0.001429,0.002098,0.002123,0.002019,0.002081
14268,142080,2345754,0.0218728,0.0013975,43,227,115,0.003004,0.004059,0.001523,0.001785,0.003448,0.003449,0.001397,0.001418,0.001802,0.002103,0.002018,0.002026
14280,142200,2351166,0.0218728,0.00131003,43,227,115,0.002914,0.003757,0.001454,0.001706,0.003353,0.003378,0.001310,0.001330,0.001666,0.001934,0.001926,0.001930
14292,142320,2356777,0.0218728,0.00118423,43,227,115,0.002758,0.003212,0.001342,0.001575,0.003216,0.003247,0.001184,0.001203,0.001466,0.001682,0.001774,0.001793
14304,142440,2362441,0.0218728,0.00113658,43,227,115,0.002533,0.002969,0.001300,0.001523,0.003090,0.003196,0.001137,0.001155,0.001375,0.001559,0.001724,0.001751
14316,142560,2368627,0.0218728,0.00109127,43,227,115,0.002350,0.002703,0.001255,0.001470,0.002917,0.003146,0.001091,0.001091,0.001295,0.001462,0.001678,0.001715
14328,142680,2374116,0.0218728,0.00106473,43,227,115,0.002193,0.002646,0.001227,0.001434,0.002869,0.003119,0.001065,0.001065,0.001236,0.001389,0.001656,0.001699
14340,142800,2380725,0.0218728,0.00105205,43,227,115,0.002098,0.002516,0.001207,0.001208,0.002840,0.003113,0.001052,0.001052,0.001198,0.001342,0.001650,0.001694
14352,142920,2386178,0.0218728,0.000900178,43,227,115,0.001968,0.002107,0.001062,0.001063,0.002704,0.003003,0.000900,0.000900,0.001047,0.001197,0.001503,0.001542
14364,143040,2391989,0.013211,0.000848112,44,226,115,0.001859,0.001925,0.001005,0.001006,0.002647,0.002970,0.000848,0.000849,0.000979,0.001131,0.001406,0.001492
14376,143160,2397744,0.013211,0.000671112,44,226,115,0.001590,0.001607,0.000809,0.000810,0.002455,0.002791,0.000671,0.000671,0.000787,0.000923,0.001235,0.001322
14388,143280,2403293,0.0218728,0.000499584,43,227,115,0.001255,0.001286,0.000608,0.000619,0.002008,0.002577,0.000500,0.000500,0.000582,0.000704,0.001076,0.001113
14400,143400,2409434,0.0218728,0.000450881,43,227,115,0.001231,0.001272,0.000551,0.000567,0.001959,0.002449,0.000451,0.000451,0.000528,0.000636,0.001030,0.001067
14412,143520,2415846,0.013211,0.000431889,44,226,115,0.001243,0.001288,0.000538,0.000553,0.001943,0.002429,0.000432,0.000432,0.000514,0.000623,0.001015,0.001052
14424,143640,2421819,0.013211,0.000445864,44,226,115,0.001255,0.001263,0.000570,0.000586,0.001962,0.002451,0.000446,0.000446,0.000454,0.000564,0.001036,0.001073
14436,143760,2427640,0.013211,0.000439206,44,226,115,0.001241,0.001242,0.000574,0.000592,0.000665,0.002316,0.000439,0.000439,0.000450,0.000548,0.001035,0.001072
14448,143880,2433048,0.013211,0.00044096,44,226,115,0.001241,0.001243,0.000577,0.000597,0.000666,0.002315,0.000441,0.000441,0.000452,0.000528,0.000962,0.001079
14460,144000,2438998,0.0114282,0.000426604,44,226,114,0.001233,0.001234,0.000571,0.000592,0.000657,0.002206,0.000427,0.000429,0.000441,0.000517,0.000949,0.001027
14472,144120,2444387,0.0114282,0.000429998,44,226,114,0.001236,0.001237,0.000580,0.000601,0.000660,0.002182,0.000430,0.000433,0.000445,0.000476,0.000935,0.001023
14484,144240,2449504,0.0114677,0.000454494,44,224,115,0.001307,0.001308,0.000603,0.000625,0.000718,0.002195,0.000454,0.000461,0.000480,0.000499,0.000915,0.001040
14496,144360,2455488,0.0115506,0.000494866,45,248,123,0.001372,0.001374,0.000652,0.000667,0.000774,0.002172,0.000502,0.000507,0.000495,0.000524,0.000952,0.001091
14508,144480,2460893,0.0114677,0.000601924,44,224,115,0.001745,0.001748,0.000714,0.000742,0.000939,0.002308,0.000602,0.000610,0.000627,0.000659,0.001128,0.001196
14520,144600,2467438,0.0114677,0.000643345,44,224,115,0.001949,0.001955,0.000767,0.000789,0.001015,0.002371,0.000643,0.000654,0.000690,0.000704,0.001176,0.001233
14532,144720,2472928,0.0114677,0.000720722,44,224,115,0.002067,0.002073,0.000859,0.000875,0.001094,0.002435,0.000721,0.000728,0.000759,0.000785,0.001247,0.001307
14544,144840,2479178,0.0114677,0.000758866,44,224,115,0.002082,0.002123,0.000896,0.000910,0.001137,0.002458,0.000759,0.000766,0.000795,0.000822,0.001281,0.001334
14556,144960,2484895,0.0114677,0.000777528,44,224,115,0.002060,0.002132,0.000921,0.000933,0.001148,0.002466,0.000778,0.000783,0.000809,0.000821,0.001300,0.001344
14568,145080,2490590,0.0114677,0.000799908,44,224,115,0.002108,0.002187,0.000939,0.000949,0.001170,0.002327,0.000800,0.000805,0.000831,0.000844,0.001322,0.001368
14580,145200,2495841,0.0114677,0.000817433,44,224,115,0.002136,0.002218,0.000952,0.000969,0.001183,0.002162,0.000817,0.000822,0.000847,0.000858,0.001334,0.001345
14592,145320,2501532,0.0114677,0.000891553,44,224,115,0.002385,0.002490,0.001013,0.001039,0.001293,0.002273,0.000892,0.000897,0.000941,0.000953,0.001416,0.001426
14604,145440,2508444,0.0115926,0.00155129,43,225,115,0.003345,0.003479,0.001630,0.001701,0.001992,0.002793,0.001551,0.001552,0.001640,0.001658,0.002072,0.002084
14616,145560,2514150,0.0115926,0.00227685,43,225,115,0.004399,0.004567,0.002352,0.002471,0.002800,0.002912,0.002277,0.002281,0.002415,0.002443,0.002683,0.002698
14628,145680,2519185,0.0115926,0.00237455,43,225,115,0.004472,0.004845,0.002444,0.002587,0.002926,0.002935,0.002375,0.002375,0.002534,0.002563,0.002808,0.002823
14640,145800,2524460,0.0115926,0.00248526,43,225,115,0.004538,0.004994,0.002553,0.002709,0.003040,0.003047,0.002485,0.002485,0.002645,0.002674,0.002911,0.002926
14652,145920,2529472,0.0115926,0.00266908,43,225,115,0.004714,0.005185,0.002719,0.002885,0.003211,0.003218,0.002669,0.002669,0.002825,0.002855,0.003077,0.003092
14664,146040,2534854,0.0115926,0.00274575,43,225,115,0.004915,0.005221,0.002793,0.002946,0.003322,0.003329,0.002746,0.002746,0.002922,0.002955,0.003172,0.003187
14676,146160,2539994,0.0115926,0.00281364,43,225,115,0.005108,0.005464,0.002857,0.003037,0.003416,0.003422,0.002814,0.002814,0.003014,0.003050,0.003275,0.003291
14688,146280,2545635,0.0115926,0.00282283,43,225,115,0.005140,0.005429,0.002868,0.003054,0.002994,0.003435,0.002823,0.002823,0.003025,0.003061,0.003283,0.003299
14700,146400,2550895,0.0115926,0.00289629,43,225,115,0.005251,0.005528,0.002946,0.003128,0.003074,0.003519,0.002896,0.002896,0.003100,0.003136,0.003355,0.003370
14712,146520,2562598,0.0115926,0.00295835,43,225,115,0.005302,0.005570,0.003002,0.003121,0.003142,0.003571,0.002958,0.002958,0.003156,0.003192,0.003395,0.003428
14724,146640,2573688,0.0115926,0.00298338,43,225,115,0.005332,0.005590,0.003024,0.003141,0.003165,0.003599,0.002983,0.002983,0.003183,0.003221,0.003394,0.003438
14736,146760,2585800,0.0115926,0.00302465,43,225,115,0.005355,0.005601,0.003064,0.003183,0.003203,0.003626,0.003025,0.003025,0.003219,0.003256,0.003435,0.003470
14748,146880,2595987,0.0115926,0.00304151,43,225,115,0.005359,0.005593,0.003088,0.003212,0.003224,0.003643,0.003042,0.003042,0.003235,0.003252,0.003452,0.003481
14760,147000,2602384,0.0115926,0.00304703,43,225,115,0.005348,0.005567,0.003099,0.003223,0.003230,0.003646,0.003047,0.003047,0.003241,0.003241,0.003457,0.003484
14772,147120,2609526,0.0115926,0.00306392,43,225,115,0.004972,0.005379,0.003120,0.003249,0.003250,0.003661,0.003064,0.003064,0.003257,0.003257,0.003475,0.003503
14784,147240,2615999,0.0115926,0.00306543,43,225,115,0.004901,0.005374,0.003134,0.003261,0.003258,0.003663,0.003065,0.003065,0.003259,0.003259,0.003480,0.003505
14796,147360,2623890,0.0249473,0.00306517,44,226,115,0.004900,0.005371,0.003140,0.003232,0.003264,0.003665,0.003065,0.003065,0.003259,0.003259,0.003482,0.003504
14808,147480,2631149,0.0115926,0.00306168,43,225,115,0.004919,0.005387,0.003151,0.003158,0.003267,0.003658,0.003062,0.003069,0.003258,0.003258,0.003476,0.003498
14820,147600,2638170,0.0115926,0.00305665,43,225,115,0.004882,0.005360,0.003155,0.003155,0.003267,0.003656,0.003057,0.003057,0.003242,0.003254,0.003474,0.003496
14832,147720,2647545,0.0250274,0.00306502,44,225,115,0.004900,0.005372,0.003170,0.003171,0.003280,0.003664,0.003065,0.003065,0.003250,0.003262,0.003481,0.003500
14844,147840,2660176,0.0250274,0.00306901,44,225,115,0.004913,0.005384,0.003182,0.003183,0.003289,0.003289,0.003069,0.003069,0.003254,0.003266,0.003487,0.003505
14856,147960,2668300,0.0250274,0.00321911,44,225,115,0.004995,0.005472,0.003232,0.003233,0.003746,0.003746,0.003219,0.003219,0.003467,0.003483,0.003559,0.003880
14868,148080,2675273,0.0250274,0.00322759,44,225,115,0.005041,0.005515,0.003242,0.003243,0.003757,0.003757,0.003228,0.003228,0.003472,0.003490,0.003573,0.003759
14880,148200,2682796,0.0250274,0.00326626,44,225,115,0.005276,0.005757,0.003284,0.003284,0.003794,0.003794,0.003266,0.003266,0.003512,0.003525,0.003586,0.003632
14892,148320,2689840,0.0250274,0.00331614,44,225,115,0.005461,0.005969,0.003330,0.003331,0.003841,0.003841,0.003316,0.003316,0.003566,0.003579,0.003637,0.003708
14904,148440,2697004,0.0250274,0.00341396,44,225,115,0.005781,0.006293,0.003423,0.003424,0.003924,0.003924,0.003414,0.003414,0.003685,0.003693,0.003731,0.003863
14916,148560,2706212,0.0272311,0.00350852,29,82,50,0.006098,0.006655,0.003509,0.003509,0.004000,0.004000,0.003514,0.003514,0.003809,0.003811,0.003824,0.004029
14928,148680,2713685,0.0272311,0.0036598,29,82,50,0.006414,0.006816,0.003660,0.003660,0.004130,0.004135,0.003662,0.003662,0.003944,0.003973,0.003944,0.004200
14940,148800,2720222,0.0272311,0.00380163,29,82,50,0.006153,0.006921,0.003802,0.003802,0.004232,0.004279,0.003843,0.003843,0.004154,0.004176,0.004116,0.004463
14952,148920,2726453,0.0358617,0.00400609,29,82,51,0.006918,0.007584,0.004006,0.004007,0.004431,0.004501,0.004148,0.004148,0.004486,0.004509,0.004434,0.004915
14964,149040,2732340,0.0358617,0.0041773,29,82,51,0.007447,0.008204,0.004177,0.004178,0.004586,0.004679,0.004400,0.004400,0.004760,0.004791,0.004711,0.005218
14976,149160,2740219,0.0358617,0.0043453,29,82,51,0.007778,0.008795,0.004345,0.004346,0.004717,0.004838,0.004627,0.004627,0.005007,0.005046,0.004955,0.005470
14988,149280,2747013,0.0358617,0.00448478,29,82,51,0.007903,0.009345,0.004485,0.004485,0.004847,0.004978,0.004823,0.004823,0.005226,0.005270,0.005135,0.005667
15000,149400,2754094,0.0389921,0.00461277,29,82,53,0.008106,0.009748,0.004613,0.004613,0.004980,0.005119,0.004991,0.004991,0.005418,0.005466,0.005299,0.005637
15012,149520,2759608,0.0389921,0.00474078,29,82,53,0.008353,0.009250,0.004741,0.004741,0.005118,0.005269,0.005150,0.005196,0.005654,0.005705,0.005494,0.005785
15024,149640,2764556,0.0408428,0.00480828,29,83,50,0.008460,0.009332,0.004808,0.004808,0.005196,0.005345,0.005230,0.005286,0.005757,0.005804,0.005589,0.005866
15036,149760,2771166,0.0408428,0.0049225,29,83,50,0.008573,0.009577,0.004923,0.004923,0.005300,0.005445,0.005348,0.005410,0.005427,0.005947,0.005705,0.005870
15048,149880,2776703,0.0408428,0.00500389,29,83,50,0.008630,0.009769,0.005004,0.005004,0.005371,0.005514,0.005431,0.005498,0.005511,0.006056,0.005407,0.005777
15060,150000,2782277,0.0408428,0.00509216,29,83,50,0.008707,0.009897,0.005092,0.005092,0.005470,0.005603,0.005534,0.005599,0.005614,0.006092,0.005505,0.005878
15072,150120,2787218,0.0408428,0.0051985,29,83,50,0.008885,0.010240,0.005199,0.005199,0.005572,0.005709,0.005660,0.005732,0.005739,0.006227,0.005610,0.006012
15084,150240,2792884,0.0408428,0.0052872,29,83,50,0.008958,0.010448,0.005287,0.005287,0.005675,0.005810,0.005766,0.005832,0.005783,0.005939,0.005712,0.006116
15096,150360,2798807,0.0408428,0.00532898,29,83,50,0.008956,0.010501,0.005329,0.005329,0.005717,0.005852,0.005815,0.005874,0.005828,0.005893,0.005747,0.006149
15108,150480,2804809,0.0408428,0.00536736,29,83,50,0.008969,0.010470,0.005367,0.005367,0.005756,0.005893,0.005860,0.005911,0.005870,0.005932,0.005782,0.006179
15120,150600,2810934,0.0408428,0.00539048,29,83,50,0.008969,0.010480,0.005390,0.005390,0.005765,0.005915,0.005878,0.005924,0.005886,0.005946,0.005750,0.005898
15132,150720,2817538,0.0408428,0.00540657,29,83,50,0.008973,0.010479,0.005407,0.005407,0.005774,0.005924,0.005878,0.005924,0.005886,0.005935,0.005748,0.005909
15144,150840,2823748,0.0408428,0.00541704,29,83,50,0.007721,0.010483,0.005417,0.005417,0.005775,0.005928,0.005880,0.005928,0.005889,0.005929,0.005745,0.005908
15156,150960,2831818,0.0408428,0.005425,29,83,50,0.007705,0.010477,0.005425,0.005425,0.005776,0.005930,0.005884,0.005932,0.005835,0.005893,0.005748,0.005915
15168,151080,2841168,0.0408428,0.0054388,29,83,50,0.007697,0.010485,0.005439,0.005439,0.005781,0.005939,0.005893,0.005938,0.005844,0.005901,0.005722,0.005874
15180,151200,2848613,0.0408428,0.0054503,29,83,50,0.007683,0.010487,0.005450,0.005450,0.005781,0.005943,0.005895,0.005930,0.005846,0.005903,0.005552,0.005869
15192,151320,2855758,0.0408428,0.00546367,29,83,50,0.007669,0.008956,0.005464,0.005464,0.005783,0.005936,0.005896,0.005934,0.005848,0.005904,0.005553,0.005810
15204,151440,2862659,0.0408428,0.00547467,29,83,50,0.007658,0.008983,0.005475,0.005475,0.005783,0.005941,0.005898,0.005937,0.005850,0.005905,0.005565,0.005745
15216,151560,2871661,0.0508475,0.00542126,46,193,78,0.007649,0.008995,0.005483,0.005483,0.005784,0.005944,0.005880,0.005940,0.005856,0.005911,0.005421,0.005743
15228,151680,2879118,0.0508475,0.00542451,46,193,78,0.007640,0.008974,0.005500,0.005500,0.005792,0.005906,0.005919,0.005939,0.005872,0.005926,0.005425,0.005750
15240,151800,2886451,0.0509709,0.00543294,46,193,79,0.007634,0.008961,0.005504,0.005504,0.005799,0.005910,0.005924,0.005944,0.005877,0.005931,0.005433,0.005747
15252,151920,2895079,0.0509709,0.00544137,46,193,79,0.007622,0.008952,0.005513,0.005513,0.005807,0.005915,0.005942,0.005944,0.005892,0.005946,0.005441,0.005635
15264,152040,2902246,0.0509709,0.00544995,46,193,79,0.007082,0.008137,0.005536,0.005536,0.005815,0.005817,0.005958,0.005964,0.005907,0.005961,0.005450,0.005634
15276,152160,2911037,0.0509709,0.00545468,46,193,79,0.007077,0.007614,0.005549,0.005549,0.005819,0.005820,0.005961,0.005966,0.005913,0.005966,0.005455,0.005633
15288,152280,2918369,0.0502788,0.0053432,46,193,78,0.007068,0.007601,0.005561,0.005561,0.005820,0.005820,0.005966,0.005970,0.005917,0.005970,0.005343,0.005635
15300,152400,2924783,0.0502788,0.00534151,46,193,78,0.007061,0.007592,0.005576,0.005576,0.005828,0.005828,0.005960,0.005975,0.005926,0.005979,0.005342,0.005647
15312,152520,2931843,0.0502788,0.00535139,46,193,78,0.007052,0.007583,0.005584,0.005584,0.005836,0.005836,0.005968,0.005983,0.005934,0.005969,0.005351,0.005669
15324,152640,2937867,0.0502788,0.00535229,46,193,78,0.007035,0.007564,0.005594,0.005594,0.005843,0.005843,0.005980,0.005998,0.005947,0.005950,0.005352,0.005674
15336,152760,2944561,0.0502788,0.00534653,46,193,78,0.007013,0.007542,0.005607,0.005607,0.005844,0.005844,0.005985,0.006005,0.005954,0.005954,0.005347,0.005669
15348,152880,2952199,0.0501701,0.0053392,46,193,79,0.006998,0.007171,0.005615,0.005615,0.005700,0.005848,0.005991,0.006010,0.005961,0.005961,0.005339,0.005624
15360,153000,2961258,0.0501701,0.00536359,46,193,79,0.006964,0.007200,0.005642,0.005642,0.005730,0.005879,0.006027,0.006049,0.006000,0.006000,0.005364,0.005574
15372,153120,2968285,0.0501701,0.00537125,46,193,79,0.007009,0.007223,0.005671,0.005681,0.005775,0.005888,0.006070,0.006096,0.006043,0.006043,0.005371,0.005421
15384,153240,2974758,0.0500405,0.00535623,47,198,81,0.006978,0.007121,0.005673,0.005689,0.005781,0.005891,0.006073,0.006101,0.006051,0.006051,0.005356,0.005358
15396,153360,2982686,0.0502788,0.00534578,46,193,78,0.006942,0.006944,0.005673,0.005691,0.005792,0.005895,0.006074,0.006101,0.006051,0.006051,0.005346,0.006337
15408,153480,2991580,0.0502788,0.00532818,46,193,78,0.006622,0.006911,0.005672,0.005693,0.005801,0.005837,0.006075,0.006103,0.006054,0.006054,0.005328,0.005328
15420,153600,2999124,0.0502788,0.00532515,46,193,78,0.006888,0.006890,0.005684,0.005711,0.005823,0.005860,0.006087,0.006115,0.006066,0.006066,0.005325,0.005325
15432,153720,3004920,0.0502788,0.00537421,46,193,78,0.006929,0.006930,0.005726,0.005754,0.005862,0.005898,0.006130,0.006158,0.006109,0.006109,0.005374,0.005375
15444,153840,3014224,0.0502788,0.00542717,46,193,78,0.006956,0.006957,0.005775,0.005809,0.005862,0.005924,0.006193,0.006225,0.006178,0.006178,0.005427,0.005427
15456,153960,3022015,0.0504863,0.00537102,46,192,78,0.007040,0.007041,0.005850,0.005889,0.005939,0.006000,0.006276,0.006308,0.006264,0.006264,0.005371,0.005505
15468,154080,3029729,0.0504863,0.00539383,46,192,78,0.007056,0.007057,0.005877,0.005921,0.005971,0.006032,0.006309,0.006343,0.006297,0.006298,0.005394,0.005535
15480,154200,3035579,0.0504863,0.00546161,46,192,78,0.007094,0.007095,0.005921,0.005967,0.006029,0.006089,0.006361,0.006396,0.006351,0.006351,0.005462,0.005600
15492,154320,3040921,0.0504863,0.0055341,46,192,78,0.007170,0.007170,0.005685,0.006044,0.006123,0.006182,0.006446,0.006485,0.006439,0.006439,0.005534,0.005678
15504,154440,3047384,0.0519123,0.00553796,46,193,78,0.007173,0.007174,0.005694,0.006062,0.006133,0.006193,0.006454,0.006494,0.006448,0.006448,0.005538,0.005701
15516,154560,3053834,0.0519123,0.00556189,46,193,78,0.007165,0.007165,0.005597,0.006066,0.006141,0.006200,0.006458,0.006498,0.006453,0.006453,0.005562,0.005718
15528,154680,3059433,0.0477139,0.0055266,29,83,54,0.007156,0.007157,0.005527,0.006078,0.006159,0.006218,0.006471,0.006513,0.006467,0.006467,0.005588,0.005743
15540,154800,3066107,0.0477139,0.00554123,29,83,54,0.007138,0.007139,0.005541,0.006021,0.006177,0.006242,0.006491,0.006535,0.006489,0.006489,0.005593,0.005750
15552,154920,3072275,0.0477139,0.0055464,29,83,54,0.007108,0.007113,0.005546,0.005980,0.006184,0.006249,0.006497,0.006497,0.006487,0.006495,0.005594,0.005750
15564,155040,3078128,0.0477139,0.00555448,29,83,54,0.007095,0.007099,0.005554,0.005740,0.006188,0.006253,0.006503,0.006504,0.006495,0.006503,0.005591,0.005732
15576,155160,3084232,0.0490735,0.00555277,29,83,55,0.007146,0.007150,0.005553,0.005796,0.006207,0.006262,0.006573,0.006573,0.006566,0.006575,0.005630,0.005784
15588,155280,3090292,0.0490735,0.00558465,29,83,55,0.007192,0.007196,0.005585,0.005828,0.006249,0.006304,0.006610,0.006610,0.006601,0.006610,0.005648,0.005781
15600,155400,3096344,0.0490735,0.00567812,29,83,55,0.007299,0.007303,0.005678,0.005737,0.006365,0.006416,0.006715,0.006715,0.006709,0.006717,0.005680,0.005770
15612,155520,3102068,0.0490735,0.00570584,29,83,55,0.007335,0.007340,0.005706,0.005766,0.006409,0.006458,0.006751,0.006751,0.006747,0.006748,0.005736,0.005809
15624,155640,3107987,0.0492741,0.00562755,29,83,55,0.007229,0.007351,0.005628,0.005754,0.006396,0.006448,0.006740,0.006741,0.006735,0.006735,0.005741,0.005817
15636,155760,3113728,0.0492741,0.00562556,29,83,55,0.007231,0.007353,0.005626,0.005751,0.006393,0.006444,0.006739,0.006740,0.006734,0.006734,0.005748,0.005822
15648,155880,3119611,0.0492741,0.00561853,29,83,55,0.007218,0.007336,0.005619,0.005745,0.006393,0.006439,0.006734,0.006734,0.006729,0.006729,0.005728,0.005804
15660,156000,3133536,0.0492741,0.00573021,29,83,55,0.007335,0.007453,0.005730,0.005858,0.006533,0.006572,0.006860,0.006861,0.006855,0.006855,0.005861,0.005939
15672,156120,3144310,0.0492741,0.00574341,29,83,55,0.007352,0.007468,0.005743,0.005871,0.006553,0.006584,0.006874,0.006874,0.006869,0.006869,0.005868,0.005946
15684,156240,3152672,0.0492741,0.00573375,29,83,55,0.007363,0.007491,0.005734,0.005863,0.006537,0.006567,0.006873,0.006873,0.006868,0.006868,0.005867,0.005944
15696,156360,3167449,0.0492741,0.00570424,29,83,55,0.007313,0.007317,0.005704,0.005833,0.006517,0.006540,0.006832,0.006832,0.006826,0.006826,0.005819,0.005890
15708,156480,3189249,0.0492741,0.00562332,29,83,55,0.007273,0.007553,0.005623,0.005759,0.006480,0.006490,0.006766,0.006767,0.006765,0.006765,0.005799,0.005864
15720,156600,3204468,0.0492741,0.00557709,29,83,55,0.007231,0.007232,0.005577,0.005698,0.006437,0.006443,0.006720,0.006721,0.006723,0.006723,0.005745,0.005773
15732,156720,3216197,0.0492741,0.00552362,29,83,55,0.007126,0.007127,0.005524,0.005606,0.006375,0.006383,0.006666,0.006667,0.006670,0.006670,0.005677,0.005682
15744,156840,3227911,0.0492741,0.00551873,29,83,55,0.007128,0.007129,0.005519,0.005606,0.006374,0.006380,0.006669,0.006669,0.006675,0.006675,0.005679,0.005681
15756,156960,3239916,0.0492741,0.00551116,29,83,55,0.007084,0.007085,0.005511,0.005587,0.006360,0.006370,0.006649,0.006649,0.006653,0.006653,0.005655,0.005657
15768,157080,3247835,0.0492741,0.00549626,29,83,55,10000000.000000,10000000.000000,0.005496,0.005574,0.006343,0.006349,0.006629,0.006629,0.006631,0.006631,0.005637,0.005638
15780,157200,3255025,0.0492741,0.00550781,29,83,55,0.005541,0.008273,0.005508,0.005582,0.006349,0.006355,0.006632,0.006633,0.006634,0.006634,0.005641,0.005641
15792,157320,3263317,0.0492741,0.00545304,29,83,55,0.005488,0.097319,0.005453,0.005533,0.006341,0.006347,0.006609,0.006611,0.006617,0.006617,0.005655,0.005655
15804,157440,3270461,0.0464949,0.00493891,29,83,54,0.004939,0.007627,0.004939,0.005010,0.005781,0.005787,0.006010,0.006012,0.006028,0.006028,0.005137,0.005159
15816,157560,3277989,0.0464949,0.00430658,29,82,55,0.004307,0.006898,0.004307,0.004369,0.005104,0.005110,0.005316,0.005319,0.005330,0.005330,0.004731,0.004752
15828,157680,3288453,0.0464949,0.00420262,29,83,54,0.004203,0.004443,0.004203,0.004274,0.005028,0.005035,0.005233,0.005236,0.005254,0.005254,0.004667,0.004687
15840,157800,3297630,0.0464949,0.00408095,29,83,54,0.004081,0.004290,0.004081,0.004155,0.004898,0.004904,0.005117,0.005121,0.005127,0.005139,0.004533,0.004553
15852,157920,3307237,0.0464949,0.0039025,29,83,54,0.003902,0.003936,0.003903,0.003981,0.004624,0.004711,0.004937,0.004940,0.004945,0.004958,0.004351,0.004369
15864,158040,3316710,0.0428161,0.003817,29,84,56,0.003817,0.003817,0.003817,0.003900,0.004565,0.004655,0.004873,0.004876,0.004889,0.004903,0.004312,0.004329
15876,158160,3323029,0.0428161,0.00376544,29,84,56,0.003765,0.003766,0.003766,0.003850,0.004521,0.004611,0.004792,0.004814,0.004837,0.004852,0.004278,0.004296
15888,158280,3329809,0.0417664,0.00370535,29,83,55,0.003707,0.003707,0.003705,0.003786,0.004448,0.004536,0.004728,0.004750,0.004769,0.004784,0.004202,0.004216
15900,158400,3336576,0.0417664,0.00361901,29,83,55,0.003621,0.003621,0.003619,0.003702,0.004361,0.004446,0.004648,0.004669,0.004685,0.004704,0.004121,0.004133
15912,158520,3343489,0.0464949,0.00356144,29,83,54,0.003561,0.003561,0.003562,0.003642,0.004290,0.004371,0.004582,0.004601,0.004615,0.004632,0.004073,0.004088
15924,158640,3350807,0.0417664,0.00353374,29,83,55,0.003534,0.003534,0.003534,0.003615,0.004262,0.004343,0.004554,0.004574,0.004587,0.004604,0.004068,0.004087
15936,158760,3357048,0.0417664,0.0035004,29,83,55,0.003501,0.003501,0.003500,0.003581,0.004205,0.004302,0.004511,0.004529,0.004541,0.004557,0.004048,0.004062
15948,158880,3363499,0.0464949,0.00348391,29,83,54,0.003484,0.003484,0.003485,0.003564,0.004192,0.004280,0.004494,0.004511,0.004523,0.004538,0.004039,0.004050
15960,159000,3370586,0.0464949,0.00348751,29,83,54,0.003488,0.003488,0.003488,0.003568,0.004202,0.004283,0.004498,0.004515,0.004527,0.004542,0.004040,0.004049
15972,159120,3377770,0.0464949,0.00349159,29,83,54,0.003492,0.003492,0.003493,0.003576,0.004215,0.004288,0.004501,0.004518,0.004530,0.004533,0.004047,0.004056
15984,159240,3383696,0.0464949,0.00350224,29,83,54,0.003502,0.003502,0.003505,0.003587,0.004233,0.004300,0.004520,0.004535,0.004550,0.004554,0.004065,0.004072
15996,159360,3389680,0.0464949,0.00350499,29,83,54,0.003505,0.003505,0.003508,0.003592,0.004239,0.004303,0.004525,0.004532,0.004556,0.004560,0.004051,0.004061
16008,159480,3396345,0.0464949,0.00352213,29,83,54,0.003522,0.003522,0.003525,0.003609,0.004263,0.004323,0.004543,0.004544,0.004572,0.004576,0.004066,0.004072
16020,159600,3404125,0.0407544,0.00355538,28,84,55,0.003555,0.003555,0.003559,0.003639,0.004298,0.004357,0.004577,0.004578,0.004608,0.004612,0.004091,0.004096
16032,159720,3891458,0.0464949,0.003846,29,83,54,0.003846,0.003846,0.003849,0.003920,0.004570,0.004626,0.004844,0.004844,0.004875,0.004878,0.004372,0.004375
16044,159840,3909259,0.0464949,0.00390143,29,83,54,0.003901,0.003901,0.003904,0.003974,0.004632,0.004687,0.004909,0.004909,0.004942,0.004945,0.004438,0.004442
16056,159960,3921419,0.0464949,0.00393966,29,83,54,0.003940,0.003940,0.003944,0.004010,0.004308,0.004357,0.004828,0.004828,0.004874,0.004878,0.004376,0.004473
16068,160080,3935181,0.042651,0.004007,29,84,56,0.004007,0.004028,0.004033,0.004096,0.004386,0.004437,0.004924,0.004924,0.004953,0.004981,0.004465,0.004570
16080,160200,3949456,0.042651,0.00400709,29,84,56,0.004007,0.004028,0.004032,0.004087,0.004411,0.004462,0.004944,0.004944,0.004985,0.005005,0.004454,0.004565
16092,160320,3962094,0.042651,0.00399261,29,84,56,0.003993,0.004015,0.004019,0.004058,0.004404,0.004454,0.004948,0.004948,0.004994,0.005017,0.004464,0.004577
16104,160440,3974466,0.042651,0.00402988,29,84,56,0.004030,0.004052,0.004055,0.004093,0.004481,0.004530,0.004986,0.004986,0.005034,0.005054,0.004519,0.004642
16116,160560,3986506,0.042651,0.00409652,29,84,56,0.004097,0.004122,0.004124,0.004162,0.004539,0.004588,0.005009,0.005009,0.005053,0.005075,0.004578,0.004692
16128,160680,3997175,0.042651,0.00404873,29,84,56,0.004049,0.004073,0.004076,0.004115,0.004490,0.004540,0.004950,0.004950,0.004995,0.005019,0.004484,0.004641
16140,160800,4005321,0.042651,0.00395043,29,84,56,0.003950,0.003971,0.003973,0.004014,0.004427,0.004452,0.004831,0.004831,0.004873,0.004888,0.004407,0.004576
16152,160920,4014909,0.042651,0.00399847,29,84,56,0.003998,0.004019,0.004022,0.004058,0.004384,0.004412,0.004637,0.004666,0.004676,0.004710,0.004375,0.004535
16164,161040,4025248,0.042651,0.00399369,29,84,56,0.003994,0.004013,0.004007,0.004052,0.004327,0.004352,0.004487,0.004516,0.004550,0.004558,0.004317,0.004469
16176,161160,4034258,0.042651,0.00398759,29,84,56,0.003988,0.004010,0.004003,0.004035,0.004325,0.004351,0.004455,0.004486,0.004520,0.004528,0.004286,0.004439
16188,161280,4044514,0.042651,0.00405357,29,84,56,0.004054,0.004069,0.004055,0.004084,0.004342,0.004367,0.004408,0.004440,0.004476,0.004476,0.004292,0.004442
16200,161400,4052583,0.0420649,0.00397492,29,83,55,0.003981,0.003990,0.003975,0.004013,0.004257,0.004280,0.004274,0.004319,0.004356,0.004356,0.004214,0.004377
16212,161520,4063716,0.0417475,0.00382309,29,84,53,0.003850,0.003856,0.003823,0.003882,0.004134,0.004156,0.004047,0.004104,0.004140,0.004140,0.004100,0.004263
16224,161640,4073670,0.0417475,0.00376403,29,84,53,0.003776,0.003791,0.003764,0.003820,0.004077,0.004101,0.003965,0.004027,0.004062,0.004063,0.004037,0.004204
16236,161760,4086364,0.0417475,0.00365709,29,84,53,0.003676,0.003683,0.003657,0.003682,0.003982,0.004006,0.003849,0.003882,0.003950,0.003952,0.003930,0.004106
16248,161880,4095828,0.0397043,0.00356009,29,84,55,0.003591,0.003593,0.003560,0.003587,0.003910,0.003937,0.003758,0.003794,0.003867,0.003869,0.003870,0.004045
16260,162000,4105779,0.0386872,0.00342854,29,84,55,0.003502,0.003505,0.003429,0.003499,0.003804,0.003836,0.003664,0.003695,0.003769,0.003771,0.003775,0.003968
16272,162120,4114706,0.0386872,0.00332395,29,84,55,0.003362,0.003406,0.003324,0.003399,0.003715,0.003745,0.003543,0.003564,0.003649,0.003650,0.003695,0.003894
16284,162240,4125206,0.0386872,0.00319971,29,84,55,0.003211,0.003230,0.003200,0.003239,0.003466,0.003645,0.003455,0.003473,0.003561,0.003561,0.003612,0.003777
16296,162360,4132639,0.0386872,0.00318358,29,84,55,0.003194,0.003216,0.003184,0.003223,0.003437,0.003622,0.003433,0.003452,0.003541,0.003541,0.003594,0.003760
16308,162480,4141507,0.0374722,0.00316301,29,84,55,0.003179,0.003203,0.003163,0.003212,0.003413,0.003544,0.003410,0.003428,0.003518,0.003518,0.003574,0.003751
16320,162600,4150337,0.0374722,0.00314953,29,84,55,0.003166,0.003193,0.003150,0.003188,0.003397,0.003526,0.003396,0.003415,0.003504,0.003504,0.003569,0.003802
16332,162720,4158253,0.0374722,0.0031458,29,84,55,0.003164,0.003192,0.003146,0.003186,0.003392,0.003521,0.003395,0.003415,0.003458,0.003504,0.003569,0.003802
16344,162840,4165915,0.0374722,0.0031438,29,84,55,0.003162,0.003190,0.003144,0.003184,0.003394,0.003518,0.003392,0.003424,0.003454,0.003497,0.003577,0.003795
16356,162960,4174761,0.0374722,0.00314384,29,84,55,0.003162,0.003189,0.003144,0.003184,0.003397,0.003519,0.003392,0.003412,0.003455,0.003498,0.003587,0.003831
16368,163080,4182526,0.0374722,0.00314246,29,84,55,0.003160,0.003161,0.003142,0.003182,0.003397,0.003517,0.003385,0.003402,0.003444,0.003470,0.003604,0.003869
16380,163200,4192535,0.0374722,0.00314139,29,84,55,0.003159,0.003159,0.003141,0.003180,0.003402,0.003517,0.003385,0.003402,0.003438,0.003455,0.003605,0.003895
16392,163320,4200370,0.0374722,0.00313965,29,84,55,0.003150,0.003156,0.003140,0.003178,0.003420,0.003523,0.003388,0.003402,0.003428,0.003444,0.003608,0.003918
16404,163440,4209657,0.0374722,0.00313971,29,84,55,0.003149,0.003155,0.003140,0.003177,0.003420,0.003526,0.003388,0.003396,0.003428,0.003445,0.003625,0.003982
16416,163560,4218623,0.0357247,0.00313728,29,85,55,0.003146,0.003153,0.003137,0.003174,0.003420,0.003525,0.003385,0.003391,0.003399,0.003440,0.003633,0.004019
16428,163680,4226161,0.0357247,0.00312561,29,85,55,0.003134,0.003140,0.003126,0.003163,0.003414,0.003515,0.003374,0.003379,0.003390,0.003426,0.003631,0.004944
16440,163800,4234602,0.0354125,0.00312243,29,84,55,0.003131,0.003137,0.003122,0.003149,0.003415,0.003509,0.003369,0.003371,0.003385,0.003412,0.003637,0.004109
16452,163920,4243872,0.0354125,0.00311666,29,84,55,0.003126,0.003132,0.003117,0.003124,0.003412,0.003502,0.003363,0.003366,0.003378,0.003405,0.003649,0.004920
16464,164040,4251805,0.0353293,0.00310153,29,85,55,0.003115,0.003122,0.003102,0.003115,0.003402,0.003491,0.003356,0.003358,0.003371,0.003389,0.003656,0.004182
16476,164160,4260657,0.0353293,0.00310532,29,85,55,0.003117,0.003124,0.003105,0.003119,0.003405,0.003495,0.003360,0.003363,0.003375,0.003401,0.003657,0.004180
16488,164280,4273454,0.0353293,0.0031118,29,85,55,0.003121,0.003128,0.003112,0.003125,0.003411,0.003502,0.003366,0.003369,0.003381,0.003408,0.003664,0.004186
16500,164400,4281785,0.0353293,0.00313056,29,85,55,0.003138,0.003145,0.003131,0.003135,0.003430,0.003524,0.003385,0.003387,0.003401,0.003419,0.003680,0.004205
16512,164520,4291389,0.0373933,0.00323284,29,84,54,0.003238,0.003244,0.003233,0.003239,0.003479,0.003640,0.003494,0.003497,0.003508,0.003525,0.003791,0.004322
16524,164640,4298399,0.0373933,0.00325513,29,84,54,0.003259,0.003266,0.003255,0.003261,0.003502,0.003663,0.003518,0.003522,0.003533,0.003549,0.003714,0.004349
16536,164760,4306010,0.0373933,0.00325072,29,84,54,0.003256,0.003263,0.003251,0.003258,0.003498,0.003609,0.003516,0.003518,0.003532,0.003546,0.003705,0.004319
16548,164880,4313106,0.0368035,0.00323049,29,85,55,0.003252,0.003259,0.003230,0.003253,0.003493,0.003605,0.003510,0.003512,0.003524,0.003538,0.003695,0.004242
16560,165000,4321131,0.0368035,0.00320167,29,85,55,0.003223,0.003231,0.003202,0.003224,0.003461,0.003573,0.003479,0.003480,0.003493,0.003508,0.003661,0.004209
16572,165120,4328335,0.0368035,0.00317452,29,85,55,0.003193,0.003201,0.003175,0.003193,0.003430,0.003496,0.003445,0.003445,0.003462,0.003479,0.003637,0.004096
16584,165240,4336762,0.0368035,0.00317313,29,85,55,0.003190,0.003199,0.003173,0.003191,0.003425,0.003493,0.003442,0.003443,0.003460,0.003476,0.003645,0.004127
16596,165360,4344685,0.0368035,0.00317435,29,85,55,0.003191,0.003200,0.003174,0.003193,0.003420,0.003486,0.003443,0.003444,0.003461,0.003476,0.003624,0.003732
16608,165480,4353549,0.0368035,0.00317577,29,85,55,0.003191,0.003199,0.003176,0.003197,0.003438,0.003510,0.003453,0.003453,0.003460,0.003476,0.003588,0.003685
16620,165600,4360929,0.0368035,0.00316549,29,85,55,0.003180,0.003188,0.003165,0.003187,0.003428,0.003506,0.003443,0.003443,0.003450,0.003466,0.003589,0.003681
16632,165720,4368643,0.0368035,0.00311704,29,85,55,0.003132,0.003139,0.003117,0.003143,0.003389,0.003454,0.003400,0.003400,0.003405,0.003421,0.003544,0.003633
16644,165840,4375681,0.0368035,0.00306674,29,85,55,0.003082,0.003090,0.003067,0.003093,0.003340,0.003404,0.003344,0.003345,0.003349,0.003364,0.003496,0.003581
16656,165960,4381790,0.0368035,0.00299499,29,85,55,0.003012,0.003018,0.002995,0.003012,0.003270,0.003336,0.003268,0.003268,0.003272,0.003286,0.003454,0.003532
16668,166080,4390258,0.0368035,0.00296851,29,85,55,0.002987,0.002994,0.002969,0.002985,0.003249,0.003317,0.003238,0.003239,0.003243,0.003256,0.003460,0.003544
16680,166200,4397701,0.0368035,0.00291927,29,85,55,0.002940,0.002947,0.002919,0.002936,0.003201,0.003273,0.003188,0.003188,0.003192,0.003204,0.003397,0.003478
16692,166320,4404579,0.0368035,0.00285228,29,85,55,0.002871,0.002877,0.002852,0.002869,0.003124,0.003193,0.003112,0.003112,0.003117,0.003129,0.003328,0.003393
16704,166440,4411730,0.0368035,0.00286381,29,85,55,0.002883,0.002889,0.002864,0.002879,0.003138,0.003209,0.003116,0.003124,0.003130,0.003141,0.003344,0.003352
16716,166560,4419183,0.0368035,0.00287216,29,85,55,0.002893,0.002898,0.002872,0.002887,0.003147,0.003217,0.003124,0.003132,0.003140,0.003152,0.003352,0.003372
16728,166680,4427714,0.0368035,0.00291576,29,85,55,0.002937,0.002942,0.002916,0.002931,0.003197,0.003201,0.003173,0.003181,0.003189,0.003199,0.003380,0.003406
16740,166800,4436380,0.0368035,0.00294295,29,85,55,0.002965,0.002973,0.002943,0.002956,0.003213,0.003218,0.003192,0.003199,0.003209,0.003218,0.003402,0.003428
16752,166920,4505053,0.0368035,0.0029847,29,85,55,0.003009,0.003017,0.002985,0.003003,0.003257,0.003262,0.003234,0.003242,0.003248,0.003258,0.003439,0.003459
16764,167040,4515182,0.0336442,0.00307325,29,85,57,0.003105,0.003112,0.003073,0.003094,0.003338,0.003343,0.003325,0.003330,0.003337,0.003347,0.003524,0.003546
16776,167160,4523444,0.0336442,0.00312995,29,85,57,0.003141,0.003167,0.003130,0.003149,0.003395,0.003400,0.003370,0.003374,0.003382,0.003392,0.003582,0.003586
16788,167280,4533287,0.0336442,0.00322122,29,85,57,0.003227,0.003257,0.003221,0.003236,0.003490,0.003494,0.003452,0.003452,0.003467,0.003476,0.003677,0.003682
16800,167400,4542672,0.0336442,0.00315502,29,85,57,0.003159,0.003187,0.003155,0.003161,0.003418,0.003422,0.003378,0.003378,0.003392,0.003401,0.003611,0.003612
16812,167520,4552554,0.0336442,0.00313495,29,85,57,0.003139,0.003169,0.003135,0.003143,0.003390,0.003393,0.003360,0.003360,0.003373,0.003380,0.003577,0.003578
16824,167640,4564109,0.0336442,0.00313368,29,85,57,0.003142,0.003175,0.003134,0.003145,0.003393,0.003396,0.003364,0.003364,0.003374,0.003381,0.003576,0.003576
16836,167760,4573437,0.0336442,0.00313071,29,85,57,0.003140,0.003172,0.003131,0.003131,0.003393,0.003396,0.003363,0.003363,0.003373,0.003377,0.003571,0.005470
16848,167880,4586430,0.0336442,0.00313696,29,85,57,0.003145,0.003178,0.003137,0.003138,0.003397,0.003400,0.003367,0.003367,0.003377,0.003382,0.003576,0.003576
16860,168000,4596390,0.0336442,0.00301809,29,85,57,0.003022,0.003062,0.003018,0.003019,0.003263,0.003267,0.003241,0.003241,0.003248,0.003253,0.003440,0.003440
16872,168120,4606052,0.0336442,0.00300401,29,85,57,0.003007,0.003048,0.003004,0.003005,0.003249,0.003251,0.003225,0.003225,0.003225,0.003236,0.003427,0.003428
16884,168240,4616568,0.0336442,0.00298275,29,85,57,0.002987,0.003028,0.002983,0.002983,0.003232,0.003233,0.003203,0.003203,0.003203,0.003214,0.003405,0.003405
16896,168360,4630697,0.0336442,0.00297522,29,85,57,0.002979,0.003022,0.002975,0.002976,0.003223,0.003224,0.003194,0.003194,0.003195,0.003206,0.003393,0.003393
16908,168480,4641302,0.0336442,0.00296094,29,85,57,0.002962,0.003006,0.002961,0.002962,0.003205,0.003206,0.003177,0.003177,0.003179,0.003190,0.003379,0.003379
16920,168600,4650633,0.0336442,0.00296683,29,85,57,0.002967,0.003011,0.002967,0.002968,0.003209,0.003210,0.003180,0.003180,0.003182,0.003193,0.003391,0.003394
16932,168720,4660767,0.0336442,0.00294307,29,85,57,0.002944,0.002986,0.002943,0.002944,0.003188,0.003190,0.003159,0.003159,0.003160,0.003173,0.003371,0.003374
16944,168840,4669260,0.0336442,0.00293246,29,85,57,0.002937,0.002979,0.002932,0.002933,0.003179,0.003181,0.003146,0.003146,0.003146,0.003157,0.003358,0.003360
16956,168960,4677658,0.032794,0.00290986,29,85,57,0.002928,0.002971,0.002910,0.002924,0.003170,0.003172,0.003140,0.003140,0.003142,0.003154,0.003345,0.003348
16968,169080,4686890,0.0329695,0.00290044,29,85,57,0.002900,0.002971,0.002908,0.002925,0.003165,0.003167,0.003140,0.003140,0.003142,0.003155,0.003347,0.003350
16980,169200,4694742,0.0329695,0.00287853,29,85,57,0.002879,0.002949,0.002886,0.002904,0.003144,0.003146,0.003119,0.003119,0.003121,0.003134,0.003330,0.003333
16992,169320,4702616,0.0329695,0.00284078,29,85,57,0.002841,0.002911,0.002847,0.002868,0.003101,0.003102,0.003084,0.003084,0.003084,0.003097,0.003289,0.003292
17004,169440,4710355,0.0329695,0.00279891,29,85,57,0.002799,0.002869,0.002805,0.002827,0.003054,0.003055,0.003042,0.003042,0.003043,0.003052,0.003248,0.003250
17016,169560,4716766,0.0329695,0.00278434,29,85,57,0.002784,0.002856,0.002791,0.002814,0.003035,0.003035,0.003021,0.003026,0.003026,0.003032,0.003242,0.003244
17028,169680,4724814,0.0329695,0.00277677,29,85,57,0.002777,0.002819,0.002784,0.002807,0.003030,0.003030,0.003013,0.003019,0.003018,0.003021,0.003238,0.003240
17040,169800,4734193,0.0329695,0.00277281,29,85,57,0.002773,0.002815,0.002779,0.002804,0.003017,0.003024,0.003009,0.003015,0.003014,0.003017,0.003237,0.003237
17052,169920,4771343,0.0329695,0.00277514,29,85,57,0.002775,0.002808,0.002781,0.002807,0.003018,0.003024,0.003010,0.003016,0.003013,0.003018,0.003240,0.003240
17064,170040,4785899,0.0329695,0.00277555,29,85,57,0.002776,0.002808,0.002781,0.002808,0.003015,0.003023,0.003009,0.003015,0.003006,0.003017,0.003242,0.003242
17076,170160,4798151,0.0329695,0.00276555,29,85,57,0.002766,0.002797,0.002770,0.002798,0.003003,0.003010,0.002998,0.003001,0.002997,0.003008,0.003230,0.003230
17088,170280,4808104,0.0329695,0.00276427,29,85,57,0.002764,0.002796,0.002769,0.002797,0.003002,0.003010,0.002981,0.002998,0.002996,0.003004,0.003226,0.003230
17100,170400,4818421,0.0329695,0.00276323,29,85,57,0.002763,0.002795,0.002768,0.002795,0.003002,0.003008,0.002979,0.002997,0.002994,0.003002,0.003222,0.003226
17112,170520,4829190,0.0329695,0.00276485,29,85,57,0.002765,0.002789,0.002769,0.002797,0.003006,0.003010,0.002980,0.002998,0.002994,0.003002,0.003223,0.003227
17124,170640,4839832,0.0329695,0.00277143,29,85,57,0.002771,0.002795,0.002776,0.002804,0.003014,0.003017,0.002987,0.003005,0.002996,0.003009,0.003223,0.003228
17136,170760,4848646,0.0329695,0.00277572,29,85,57,0.002776,0.002799,0.002780,0.002809,0.003018,0.003018,0.002991,0.003008,0.003000,0.003013,0.003223,0.003228
17148,170880,4858182,0.0317584,0.0027779,29,85,58,0.002778,0.002804,0.002785,0.002811,0.003025,0.003026,0.002996,0.003014,0.003005,0.003018,0.003227,0.003231
17160,171000,4870188,0.0317584,0.00276984,29,85,58,0.002770,0.002797,0.002777,0.002804,0.003016,0.003019,0.002989,0.003006,0.002998,0.003010,0.003222,0.003225
17172,171120,4881317,0.0317584,0.00275473,29,85,58,0.002755,0.002781,0.002762,0.002787,0.002997,0.003003,0.002975,0.002991,0.002983,0.002995,0.003206,0.003210
17184,171240,4889847,0.0317584,0.00274146,29,85,58,0.002741,0.002768,0.002750,0.002773,0.002980,0.002986,0.002961,0.002977,0.002969,0.002978,0.003193,0.003197
17196,171360,4898970,0.0317584,0.00274459,29,85,58,0.002745,0.002772,0.002753,0.002776,0.002988,0.002995,0.002966,0.002982,0.002974,0.002983,0.003193,0.003197
17208,171480,4907770,0.0317584,0.0027776,29,85,58,0.002778,0.002804,0.002785,0.002808,0.003025,0.003033,0.002999,0.003015,0.003007,0.003014,0.003228,0.003232
17220,171600,4917207,0.0317584,0.00275399,29,85,58,0.002754,0.002782,0.002763,0.002768,0.002998,0.003008,0.002982,0.002998,0.002989,0.002996,0.003205,0.003209
17232,171720,4926647,0.0302169,0.00245804,29,84,57,0.002458,0.002460,0.002468,0.002468,0.002715,0.002725,0.002706,0.002719,0.002710,0.002714,0.002916,0.002920
17244,171840,4934325,0.0302169,0.00240093,29,84,57,0.002401,0.002403,0.002412,0.002412,0.002650,0.002663,0.002648,0.002648,0.002654,0.002658,0.002852,0.002856
17256,171960,4942635,0.0302169,0.00235567,29,84,57,0.002356,0.002357,0.002367,0.002367,0.002604,0.002622,0.002607,0.002607,0.002614,0.002616,0.002806,0.002810
17268,172080,4949960,0.0302169,0.00240103,29,84,57,0.002401,0.002404,0.002411,0.002415,0.002662,0.002691,0.002651,0.002651,0.002660,0.002663,0.002863,0.002865
17280,172200,4957371,0.0302169,0.00242859,29,84,57,0.002429,0.002432,0.002437,0.002441,0.002692,0.002716,0.002676,0.002676,0.002684,0.002687,0.002893,0.002897
17292,172320,4964208,0.0302169,0.00241033,29,84,57,0.002410,0.002415,0.002420,0.002424,0.002676,0.002705,0.002662,0.002662,0.002669,0.002672,0.002875,0.002880
17304,172440,4973708,0.0302169,0.00228976,29,84,57,0.002290,0.002296,0.002301,0.002305,0.002545,0.002580,0.002542,0.002542,0.002549,0.002553,0.002751,0.002756
17316,172560,4981347,0.0302169,0.00220904,29,84,57,0.002209,0.002209,0.002219,0.002221,0.002476,0.002508,0.002457,0.002457,0.002455,0.002458,0.002678,0.002684
17328,172680,4989271,0.0293994,0.00223444,30,89,63,0.002237,0.002238,0.002234,0.002239,0.002511,0.002538,0.002471,0.002471,0.002463,0.002466,0.002722,0.002729
17340,172800,4996129,0.0293994,0.00240171,30,89,63,0.002407,0.002407,0.002402,0.002407,0.002698,0.002719,0.002635,0.002635,0.002625,0.002628,0.002893,0.002899
17352,172920,5002781,0.0293994,0.00226366,30,89,63,0.002281,0.002282,0.002264,0.002269,0.002545,0.002601,0.002504,0.002504,0.002488,0.002490,0.002780,0.002787
17364,173040,5009628,0.0293994,0.00224149,30,89,63,0.002263,0.002263,0.002241,0.002247,0.002530,0.002589,0.002457,0.002462,0.002433,0.002435,0.002774,0.002781
17376,173160,5016699,0.0293994,0.00224605,30,89,63,0.002260,0.002260,0.002246,0.002250,0.002495,0.002577,0.002320,0.002331,0.002286,0.002289,0.002759,0.002766
17388,173280,5023167,0.0293994,0.00217348,30,89,63,0.002202,0.002202,0.002173,0.002178,0.002424,0.002495,0.002203,0.002234,0.002185,0.002188,0.002695,0.002702
17400,173400,5029623,0.0279802,0.00221385,30,89,62,0.002225,0.002239,0.002214,0.002219,0.002468,0.002542,0.002262,0.002276,0.002238,0.002240,0.002736,0.002742
17412,173520,5035888,0.0279802,0.00244737,30,89,62,0.002461,0.002481,0.002447,0.002452,0.002712,0.002786,0.002500,0.002510,0.002476,0.002478,0.002966,0.002972
17424,173640,5042071,0.0279802,0.00248407,30,89,62,0.002496,0.002514,0.002484,0.002485,0.002743,0.002817,0.002535,0.002539,0.002510,0.002511,0.002997,0.003003
17436,173760,5047665,0.0286421,0.00250958,30,89,62,0.002521,0.002537,0.002510,0.002510,0.002767,0.002840,0.002562,0.002564,0.002536,0.002539,0.003022,0.003028
17448,173880,5056433,0.0293994,0.00257772,30,89,63,0.002586,0.002600,0.002578,0.002580,0.002833,0.002903,0.002630,0.002633,0.002606,0.002610,0.003080,0.003087
17460,174000,5064977,0.0293994,0.0027153,30,89,63,0.002724,0.002736,0.002715,0.002717,0.002964,0.003034,0.002757,0.002762,0.002733,0.002738,0.003206,0.003213
17472,174120,5721310,0.0294058,0.00295242,30,89,61,0.002960,0.002968,0.002952,0.002955,0.003200,0.003269,0.003021,0.003033,0.003002,0.003003,0.003425,0.003431
17484,174240,5744169,0.0294058,0.00302041,30,89,61,0.003033,0.003033,0.003020,0.003026,0.003290,0.003352,0.003168,0.003196,0.003156,0.003160,0.003501,0.003508
17496,174360,5754525,0.0294058,0.00304609,30,89,61,0.003060,0.003060,0.003046,0.003053,0.003327,0.003330,0.003249,0.003292,0.003245,0.003248,0.003528,0.003534
17508,174480,5763092,0.0324007,0.00311143,29,85,57,0.003111,0.003112,0.003112,0.003113,0.003364,0.003368,0.003279,0.003284,0.003282,0.003285,0.003567,0.003572
17520,174600,5773272,0.0324007,0.00313943,29,85,57,0.003139,0.003140,0.003140,0.003141,0.003393,0.003393,0.003312,0.003317,0.003315,0.003317,0.003592,0.003596
17532,174720,5781280,0.0324007,0.0031751,29,85,57,0.003175,0.003175,0.003176,0.003177,0.003432,0.003432,0.003349,0.003355,0.003353,0.003355,0.003627,0.003631
17544,174840,5789198,0.0324007,0.00319753,29,85,57,0.003198,0.003198,0.003199,0.003200,0.003455,0.003455,0.003372,0.003378,0.003376,0.003377,0.003640,0.003642
17556,174960,5798432,0.0324007,0.00324782,29,85,57,0.003248,0.003248,0.003249,0.003249,0.003502,0.003502,0.003421,0.003427,0.003426,0.003428,0.003679,0.003681
17568,175080,5807623,0.0324007,0.00325029,29,85,57,0.003250,0.003251,0.003251,0.003251,0.003516,0.003517,0.003423,0.003428,0.003427,0.003429,0.003680,0.003682
17580,175200,5817592,0.0324007,0.00324933,29,85,57,0.003249,0.003250,0.003250,0.003250,0.003513,0.003514,0.003422,0.003427,0.003426,0.003428,0.003659,0.003689
17592,175320,5828662,0.0324007,0.00324831,29,85,57,0.003248,0.003249,0.003249,0.003249,0.003500,0.003500,0.003422,0.003426,0.003425,0.003427,0.003661,0.003691
17604,175440,5836268,0.0324007,0.00324681,29,85,57,0.003247,0.003247,0.003247,0.003247,0.003498,0.003499,0.003420,0.003425,0.003424,0.003426,0.003651,0.003683
17616,175560,5843540,0.0346653,0.00324763,30,90,62,0.003248,0.003248,0.003248,0.003248,0.003499,0.003499,0.003420,0.003426,0.003424,0.003426,0.003650,0.003667
17628,175680,5851997,0.0346653,0.0032518,30,90,62,0.003252,0.003253,0.003252,0.003252,0.003503,0.003503,0.003424,0.003430,0.003428,0.003430,0.003657,0.003674
17640,175800,5860010,0.0346653,0.0033201,30,90,62,0.003321,0.003321,0.003320,0.003320,0.003571,0.003571,0.003492,0.003492,0.003495,0.003497,0.003711,0.003727
17652,175920,5869066,0.0324007,0.00333775,29,85,57,0.003338,0.003338,0.003338,0.003338,0.003589,0.003589,0.003508,0.003508,0.003512,0.003514,0.003710,0.003722
17664,176040,6174448,0.0324007,0.00336794,29,85,57,0.003368,0.003368,0.003368,0.003369,0.003621,0.003621,0.003541,0.003541,0.003545,0.003545,0.003726,0.003735
17676,176160,6190993,0.0324007,0.00341178,29,85,57,0.003412,0.003412,0.003412,0.003413,0.003669,0.003669,0.003586,0.003586,0.003589,0.003589,0.003778,0.003786
17688,176280,6200826,0.0324007,0.00348974,29,85,57,0.003490,0.003490,0.003490,0.003491,0.003760,0.003760,0.003668,0.003668,0.003670,0.003670,0.003864,0.003865
17700,176400,6211642,0.0324007,0.00350874,29,85,57,0.003509,0.003509,0.003510,0.003510,0.003778,0.003778,0.003684,0.003684,0.003687,0.003688,0.003880,0.003881
17712,176520,6219674,0.0346653,0.00341366,30,90,62,0.003415,0.003415,0.003414,0.003414,0.003673,0.003673,0.003585,0.003585,0.003588,0.003590,0.003779,0.003781
17724,176640,6227923,0.0346653,0.00341407,30,90,62,0.003415,0.003416,0.003414,0.003415,0.003676,0.003677,0.003584,0.003584,0.003585,0.003589,0.003782,0.003783
17736,176760,6236050,0.0346653,0.00355357,30,90,62,0.003554,0.003555,0.003554,0.003554,0.003833,0.003833,0.003733,0.003733,0.003732,0.003736,0.003945,0.003945
17748,176880,6243379,0.0346653,0.0037779,30,90,62,0.003778,0.003779,0.003778,0.003779,0.004051,0.004051,0.003941,0.003941,0.003939,0.003944,0.004139,0.004140
17760,177000,6251177,0.0346653,0.00390832,30,90,62,0.003909,0.003910,0.003908,0.003910,0.004170,0.004170,0.004088,0.004088,0.004092,0.004099,0.004239,0.004241
17772,177120,6261879,0.0346653,0.00419767,30,90,62,0.004199,0.004199,0.004198,0.004199,0.004488,0.004488,0.004440,0.004441,0.004446,0.004455,0.004520,0.004521
17784,177240,6269960,0.0385448,0.0043161,30,92,61,0.004316,0.004316,0.004317,0.004318,0.004602,0.004602,0.004569,0.004578,0.004578,0.004584,0.004615,0.004624
17796,177360,6278866,0.0385448,0.00444965,30,92,61,0.004450,0.004450,0.004452,0.004454,0.004728,0.004728,0.004701,0.004712,0.004713,0.004720,0.004723,0.004735
17808,177480,6287219,0.0385448,0.00449913,30,92,61,0.004499,0.004500,0.004501,0.004502,0.004758,0.004758,0.004759,0.004759,0.004770,0.004777,0.004770,0.004787
17820,177600,6295860,0.0346653,0.00469192,30,90,62,0.004697,0.004699,0.004692,0.004694,0.004939,0.004939,0.005002,0.005002,0.005017,0.005028,0.004926,0.004946
17832,177720,6303863,0.0444193,0.00479334,30,92,60,0.004793,0.004797,0.004794,0.004795,0.005032,0.005032,0.005093,0.005093,0.005106,0.005118,0.005021,0.005041
17844,177840,6317701,0.0444193,0.00486966,30,92,60,0.004870,0.004873,0.004870,0.004872,0.005098,0.005098,0.005178,0.005178,0.005191,0.005197,0.005085,0.005106
17856,177960,6371356,0.0444193,0.00493389,30,92,60,0.004934,0.004937,0.004935,0.004937,0.005156,0.005156,0.005279,0.005279,0.005292,0.005292,0.005131,0.005145
17868,178080,6387031,0.0444193,0.00501652,30,92,60,0.005017,0.005020,0.005018,0.005020,0.005235,0.005235,0.005376,0.005376,0.005389,0.005389,0.005189,0.005192
17880,178200,6402947,0.0346653,0.00514521,30,90,62,0.005145,0.005148,0.005145,0.005147,0.005373,0.005373,0.005506,0.005506,0.005519,0.005519,0.005323,0.005326
17892,178320,6415377,0.0444193,0.00527259,30,92,60,0.005273,0.005276,0.005274,0.005276,0.005479,0.005488,0.005626,0.005626,0.005637,0.005637,0.005421,0.005429
17904,178440,6426908,0.0492999,0.00531053,29,92,61,0.005311,0.005318,0.005319,0.005321,0.005516,0.005527,0.005704,0.005705,0.005719,0.005719,0.005440,0.005452
17916,178560,6438138,0.0492999,0.00543836,29,92,61,0.005438,0.005446,0.005448,0.005450,0.005657,0.005668,0.005874,0.005875,0.005892,0.005892,0.005537,0.005538
17928,178680,6450157,0.0492999,0.0054419,29,92,61,0.005442,0.005454,0.005454,0.005457,0.005682,0.005691,0.005972,0.005976,0.005997,0.005997,0.005560,0.005561
17940,178800,6461492,0.0492999,0.00545887,29,92,61,0.005459,0.005466,0.005469,0.005470,0.005699,0.005708,0.005987,0.005991,0.006013,0.006013,0.005572,0.005573
17952,178920,6473365,0.0492999,0.00553621,29,92,61,0.005536,0.005545,0.005543,0.005545,0.005784,0.005794,0.006060,0.006067,0.006085,0.006085,0.005665,0.005665
17964,179040,6485314,0.0492999,0.00563253,29,92,61,0.005633,0.005640,0.005636,0.005639,0.005905,0.005918,0.006162,0.006165,0.006185,0.006185,0.005774,0.005775
17976,179160,6500861,0.0492999,0.00553434,29,92,61,0.005534,0.005539,0.005540,0.005543,0.005803,0.005815,0.006068,0.006080,0.006099,0.006099,0.005671,0.005671
17988,179280,6512074,0.0494814,0.00539278,30,88,67,0.005393,0.005406,0.005407,0.005409,0.005666,0.005678,0.005942,0.005949,0.005975,0.005975,0.005538,0.005539
18000,179400,6523128,0.0494814,0.00537944,30,88,67,0.005379,0.005392,0.005392,0.005396,0.005648,0.005661,0.005929,0.005936,0.005963,0.005963,0.005525,0.005526
18012,179520,6537999,0.0494814,0.00535789,30,88,67,0.005358,0.005370,0.005366,0.005374,0.005625,0.005642,0.005903,0.005911,0.005936,0.005936,0.005507,0.005508
18024,179640,6549604,0.0494814,0.00554601,30,88,67,0.005546,0.005560,0.005549,0.005562,0.005823,0.005844,0.006077,0.006097,0.006037,0.006116,0.005696,0.005698
18036,179760,6558229,0.0494814,0.0056643,30,88,67,0.005664,0.005683,0.005669,0.005685,0.005945,0.005968,0.006240,0.006261,0.006193,0.006284,0.005811,0.005812
18048,179880,6569282,0.0494814,0.00572222,30,88,67,0.005722,0.005731,0.005727,0.005748,0.006009,0.006037,0.006330,0.006352,0.006276,0.006375,0.005876,0.007423
18060,180000,6579382,0.0494814,0.0058365,30,88,67,0.005836,0.005842,0.005851,0.005859,0.006094,0.006124,0.006466,0.006482,0.006410,0.006517,0.005954,0.005954
18072,180120,6587359,0.0494814,0.00585497,30,88,67,0.005855,0.005855,0.005865,0.005873,0.006105,0.006135,0.006484,0.006488,0.006432,0.006537,0.005962,0.005963
18084,180240,6597081,0.0494814,0.00586044,30,88,67,0.005860,0.005860,0.005872,0.005880,0.006114,0.006143,0.006493,0.006493,0.006440,0.006545,0.005968,0.005969
18096,180360,6605034,0.0494814,0.0061415,30,88,67,0.006142,0.006142,0.006159,0.006168,0.006402,0.006437,0.006761,0.006763,0.006711,0.006818,0.006255,0.006256
18108,180480,6615967,0.0494814,0.00630791,30,88,67,0.006308,0.006308,0.006324,0.006336,0.006576,0.006595,0.006934,0.006934,0.006883,0.006987,0.006423,0.006424
18120,180600,6625152,0.0494814,0.00634512,30,88,67,0.006345,0.006345,0.006369,0.006377,0.006613,0.006629,0.006971,0.006971,0.006920,0.007024,0.006445,0.006446
18132,180720,6647000,0.0494814,0.00637093,30,88,67,0.006371,0.006371,0.006395,0.006402,0.006644,0.006659,0.006998,0.006998,0.006950,0.007006,0.006472,0.006473
18144,180840,6660660,0.0543127,0.00639701,30,89,68,0.006397,0.006397,0.006417,0.006425,0.006665,0.006665,0.007024,0.007024,0.006977,0.006977,0.006497,0.006499
18156,180960,6685775,0.0543127,0.00657338,30,89,68,0.006573,0.006574,0.006593,0.006605,0.006838,0.006838,0.007185,0.007188,0.007137,0.007137,0.006671,0.006672
18168,181080,6711510,0.0543127,0.00665461,30,89,68,0.006655,0.006655,0.006677,0.006691,0.006927,0.006927,0.007300,0.007309,10000000.000000,10000000.000000,0.006746,0.006755
18180,181200,6727024,0.0561515,0.00674666,31,90,67,0.006747,0.006751,0.006777,0.006793,0.007035,0.007035,0.007451,0.007451,0.006750,0.114936,0.006846,0.006855
18192,181320,6739924,0.0561515,0.00680042,31,90,67,0.006800,0.006804,0.006833,0.006850,0.007095,0.007095,0.007506,0.007523,0.006800,0.114065,0.006908,0.006917
18204,181440,6750877,0.0561515,0.00685727,31,90,67,0.006857,0.006860,0.006891,0.006909,0.007153,0.007153,0.007560,0.007579,0.006857,0.113461,0.006962,0.006972
18216,181560,6763242,0.0561515,0.00696529,31,90,67,0.006965,0.006967,0.007007,0.007020,0.007257,0.007257,0.007677,0.007677,0.006965,0.007011,0.007060,0.007069
18228,181680,6772322,0.0561515,0.00697886,31,90,67,0.006979,0.006982,0.007022,0.007034,0.007272,0.007272,0.007688,0.007690,0.006979,0.007025,0.007071,0.007080
18240,181800,6782873,0.0561515,0.0069893,31,90,67,0.006989,0.006992,0.007034,0.007047,0.007286,0.007286,0.007698,0.007701,0.006989,0.006992,0.007086,0.007095
18252,181920,6792952,0.0561515,0.00706554,31,90,67,0.007066,0.007070,0.007111,0.007126,0.007362,0.007362,0.007771,0.007774,0.007066,0.007069,0.007165,0.007174
18264,182040,6804263,0.0561515,0.00717732,31,90,67,0.007177,0.007181,0.007227,0.007239,0.007483,0.007483,0.007861,0.007881,0.007177,0.007181,0.007279,0.007289
18276,182160,6814577,0.0561515,0.00720088,31,90,67,0.007201,0.007204,0.007252,0.007264,0.007511,0.007511,0.007890,0.007942,0.007201,0.007204,0.007301,0.007317
18288,182280,6823253,0.0561515,0.0072459,31,90,67,0.007246,0.007249,0.007298,0.007310,0.007559,0.007559,0.007936,0.007955,0.007246,0.007249,0.007347,0.007355
18300,182400,6832245,0.0561515,0.00728003,31,90,67,0.007280,0.007283,0.007333,0.007345,0.007596,0.007596,0.007986,0.007991,0.007280,0.007280,0.007322,0.007392
18312,182520,6842942,0.0561515,0.00733987,31,90,67,0.007340,0.007344,0.007393,0.007405,0.007656,0.007656,0.008034,0.008054,0.007340,0.007340,0.007381,0.007451
18324,182640,6852859,0.0561515,0.00735098,31,90,67,0.007351,0.007355,0.007405,0.007417,0.007665,0.007665,0.008045,0.008065,0.007351,0.007351,0.007384,0.007453
18336,182760,6862004,0.0604221,0.00734989,31,114,78,0.007350,0.007353,0.007404,0.007417,0.007666,0.007666,0.008047,0.008066,0.007350,0.007350,0.007376,0.007445
18348,182880,6871809,0.0604221,0.00739131,31,114,78,0.007391,0.007391,0.007444,0.007459,0.007693,0.007705,0.008084,0.008104,0.007391,0.007391,0.007418,0.007477
18360,183000,6882026,0.0604221,0.00743765,31,114,78,0.007438,0.007438,0.007489,0.007508,0.007738,0.007747,0.008126,0.008147,0.007438,0.007438,0.007457,0.007519
18372,183120,6890634,0.0604221,0.00746816,31,114,78,0.007468,0.007468,0.007520,0.007525,0.007775,0.007783,0.008158,0.008177,0.007468,0.007468,0.007490,0.007552
18384,183240,6902043,0.0618413,0.00752808,31,114,79,0.007528,0.007528,0.007580,0.007585,0.007843,0.007848,0.008232,0.008238,0.007528,0.007528,0.007558,0.007602
18396,183360,6912533,0.0622597,0.00758086,31,92,66,0.007581,0.007581,0.007632,0.007638,0.007893,0.007897,0.008268,0.008288,0.007581,0.007581,0.007613,0.007654
18408,183480,6924316,0.0622597,0.00757781,31,92,66,0.007578,0.007578,0.007632,0.007636,0.007886,0.007889,0.008270,0.008278,0.007578,0.007578,0.007610,0.007647
18420,183600,6933345,0.0622597,0.00764417,31,92,66,0.007644,0.007645,0.007692,0.007701,0.007959,0.007960,0.008314,0.008337,0.007644,0.007645,0.007680,0.007711
18432,183720,6943190,0.0622597,0.00770574,31,92,66,0.007706,0.007706,0.007755,0.007761,0.008032,0.008032,0.008377,0.008399,0.007706,0.007706,0.007751,0.007780
18444,183840,6953271,0.0622597,0.00775143,31,92,66,0.007752,0.007752,0.007801,0.007807,0.008085,0.008085,0.008427,0.008449,0.007751,0.007752,0.007799,0.007828
18456,183960,6962026,0.0634924,0.00774658,31,114,80,0.007748,0.007748,0.007798,0.007804,0.008085,0.008085,0.008443,0.008447,0.007747,0.007748,0.007792,0.007821
18468,184080,6973468,0.0634924,0.00762315,31,114,80,0.007624,0.007624,0.007672,0.007677,0.007951,0.007951,0.008317,0.008320,0.007623,0.007624,0.007662,0.007693
18480,184200,6982242,0.0622597,0.00755067,31,92,66,0.007551,0.007551,0.007600,0.007604,0.007875,0.007875,0.008242,0.008245,0.007551,0.007551,0.007583,0.007618
18492,184320,6992137,0.0622597,0.0075182,31,92,66,0.007518,0.007518,0.007566,0.007570,0.007849,0.007849,0.008188,0.008203,0.007518,0.007518,0.007558,0.007603
18504,184440,7004880,0.0622597,0.00749733,31,92,66,0.007498,0.007498,0.007544,0.007551,0.007829,0.007829,0.008184,0.008187,0.007497,0.007498,0.007544,0.007588
18516,184560,7014528,0.0622597,0.00745271,31,92,66,0.007453,0.007453,0.007499,0.007508,0.007778,0.007778,0.008140,0.008143,0.007453,0.007453,0.007496,0.007539
18528,184680,7025031,0.0622597,0.00736568,31,92,66,0.007366,0.007366,0.007413,0.007422,0.007685,0.007685,0.008057,0.008059,0.007366,0.007366,0.007402,0.007450
18540,184800,7033019,0.0622597,0.00715413,31,92,66,0.007154,0.007154,0.007199,0.007204,0.007454,0.007454,0.007845,0.007848,0.007154,0.007154,0.007204,0.007253
18552,184920,7041942,0.0622597,0.00714665,31,92,66,0.007147,0.007147,0.007194,0.007197,0.007444,0.007444,0.007834,0.007838,0.007147,0.007147,0.007198,0.007239
18564,185040,7051358,0.0622597,0.00708729,31,92,66,0.007087,0.007088,0.007134,0.007139,0.007380,0.007380,0.007770,0.007774,0.007087,0.007088,0.007138,0.007181
18576,185160,7060515,0.0622597,0.00701789,31,92,66,0.007018,0.007018,0.007061,0.007077,0.007315,0.007315,0.007705,0.007706,0.007018,0.007018,0.007072,0.007117
18588,185280,7069749,0.0584513,0.00696218,30,92,66,0.006962,0.006962,0.007003,0.007025,0.007257,0.007257,0.007645,0.007645,0.006962,0.006962,0.007030,0.007079
18600,185400,7077896,0.0584513,0.0068876,30,92,66,0.006888,0.006888,0.006927,0.006928,0.007187,0.007187,0.007568,0.007568,0.006888,0.006888,0.006965,0.007005
18612,185520,7090014,0.0584513,0.00664034,30,92,66,0.006640,0.006641,0.006678,0.006679,0.006927,0.006927,0.007315,0.007315,0.006640,0.006640,0.006733,0.006778
18624,185640,7097619,0.0584513,0.00659449,30,92,66,0.006595,0.006595,0.006630,0.006630,0.006883,0.006883,0.007270,0.007270,0.006594,0.006595,0.006683,0.006692
18636,185760,7105768,0.0584513,0.00656609,30,92,66,0.006566,0.006566,0.006599,0.006599,0.006854,0.006854,0.007244,0.007244,0.006566,0.006566,0.006624,0.006648
18648,185880,7115285,0.0584513,0.00649944,30,92,66,0.006500,0.006500,0.006524,0.006524,0.006789,0.006789,0.007176,0.007176,0.006499,0.006500,0.006563,0.006585
18660,186000,7123222,0.0584513,0.00636275,30,92,66,0.006363,0.006363,0.006387,0.006387,0.006658,0.006658,0.007049,0.007049,0.006363,0.006363,0.006436,0.006458
18672,186120,7132124,0.0584513,0.00612709,30,92,66,0.006127,0.006127,0.006148,0.006148,0.006420,0.006420,0.006785,0.006785,0.006127,0.006127,0.006222,0.006235
18684,186240,7139956,0.0534245,0.00605331,31,114,80,0.006053,0.006055,0.006076,0.006076,0.006328,0.006328,0.006638,0.006639,0.006055,0.006055,0.006144,0.006153
18696,186360,7149610,0.0534245,0.00601673,31,114,80,0.006017,0.006020,0.006040,0.006040,0.006281,0.006281,0.006548,0.006579,0.006017,0.006020,0.006105,0.006113
18708,186480,7241540,0.0527523,0.00595243,31,113,79,0.005952,0.005953,0.005960,0.005960,0.006235,0.006235,0.006502,0.006502,0.005952,0.005952,0.006063,0.006069
18720,186600,7638310,0.052489,0.00592867,31,115,77,0.005929,0.005931,0.005936,0.005936,0.006211,0.006211,0.006470,0.006470,0.005931,0.005931,0.006053,0.006054
18732,186720,7655584,0.052489,0.00589709,31,115,77,0.005897,0.005899,0.005903,0.005904,0.006175,0.006175,0.006433,0.006433,0.005897,0.005899,0.006023,0.006025
18744,186840,7668245,0.052489,0.00588192,31,115,77,0.005882,0.005884,0.005888,0.005888,0.006158,0.006158,0.006418,0.006418,0.005882,0.005884,0.006008,0.006011
18756,186960,7687860,0.052489,0.0058312,31,115,77,0.005831,0.005833,0.005838,0.005838,0.006110,0.006110,0.006366,0.006366,0.005831,0.005833,0.005961,0.005967
18768,187080,7708276,0.052489,0.00582861,31,115,77,0.005829,0.005831,0.005833,0.005833,0.006089,0.006089,0.006362,0.006362,0.005829,0.005831,0.005947,0.005950
18780,187200,7719953,0.0517223,0.00583034,31,115,78,0.005830,0.005832,0.005833,0.005833,0.006091,0.006091,0.006362,0.006362,0.005830,0.005832,0.005929,0.005930
18792,187320,7732525,0.0517223,0.00583474,31,115,78,0.005835,0.005837,0.005836,0.005836,0.006093,0.006093,0.006361,0.006361,0.005835,0.005837,0.005929,0.005929
18804,187440,7743377,0.0517223,0.00584089,31,115,78,0.005841,0.005843,0.005841,0.005841,0.006097,0.006097,0.006367,0.006367,0.005841,0.005843,0.005929,0.005929
18816,187560,7754500,0.0625434,0.00584305,30,90,63,0.005845,0.005845,0.005843,0.005843,0.006092,0.006098,0.006370,0.006370,0.005845,0.005847,0.005924,0.005924
18828,187680,7765705,0.0625434,0.0058471,30,90,63,0.005851,0.005851,0.005847,0.005847,0.006097,0.006103,0.006379,0.006379,0.005851,0.005853,0.005930,0.005930
18840,187800,7775793,0.0625434,0.00578078,30,90,63,0.005787,0.005787,0.005781,0.005781,0.006027,0.006035,0.006315,0.006315,0.005787,0.005789,0.005877,0.005877
18852,187920,7784924,0.0625434,0.00576319,30,90,63,0.005770,0.005772,0.005763,0.005763,0.006006,0.006017,0.006299,0.006299,0.005772,0.005774,0.005856,0.005861
18864,188040,7793628,0.0625434,0.0057332,30,90,63,0.005742,0.005744,0.005733,0.005733,0.005975,0.005986,0.006264,0.006264,0.005744,0.005746,0.005829,0.005834
18876,188160,7804697,0.0489821,0.00568248,31,90,65,0.005695,0.005697,0.005682,0.005687,0.005921,0.005933,0.006213,0.006213,0.005697,0.005699,0.005777,0.005782
18888,188280,7817628,0.0489821,0.00560676,31,90,65,0.005618,0.005619,0.005607,0.005610,0.005829,0.005843,0.006132,0.006132,0.005619,0.005619,0.005689,0.005694
18900,188400,7829271,0.0489821,0.00556484,31,90,65,0.005577,0.005579,0.005565,0.005569,0.005786,0.005800,0.006094,0.006094,0.005576,0.005579,0.005650,0.005655
18912,188520,7845063,0.0489821,0.00555569,31,90,65,0.005566,0.005572,0.005556,0.005562,0.005779,0.005794,0.006088,0.006088,0.005566,0.005572,0.005636,0.005641
18924,188640,7857848,0.0489821,0.00552459,31,90,65,0.005535,0.005543,0.005525,0.005531,0.005745,0.005761,0.006056,0.006056,0.005535,0.005543,0.005603,0.005615
18936,188760,7868974,0.0489821,0.00538303,31,90,65,0.005394,0.005404,0.005383,0.005389,0.005584,0.005604,0.005903,0.005903,0.005394,0.005404,0.005443,0.005459
18948,188880,7879175,0.0489821,0.00519066,31,90,65,0.005195,0.005206,0.005191,0.005195,0.005392,0.005410,0.005724,0.005724,0.005195,0.005206,0.005261,0.005284
18960,189000,7889354,0.0484614,0.00507727,32,115,79,0.005077,0.005098,0.005083,0.005085,0.005293,0.005310,0.005600,0.005600,0.005077,0.005098,0.005177,0.005198
18972,189120,8034899,0.0484614,0.0048044,32,115,79,0.004804,0.004830,0.004807,0.004811,0.004996,0.005012,0.005277,0.005277,0.004804,0.004830,0.004926,0.004945
18984,189240,8044605,0.0443627,0.00471898,32,115,78,0.004719,0.004750,0.004722,0.004727,0.004915,0.004915,0.005199,0.005199,0.004719,0.004750,0.004840,0.004860
18996,189360,8054162,0.0443627,0.00462184,32,115,78,0.004622,0.004656,0.004625,0.004631,0.004829,0.004829,0.005095,0.005107,0.004622,0.004656,0.004758,0.004778
19008,189480,8064772,0.0443627,0.00458521,32,115,78,0.004585,0.004617,0.004589,0.004594,0.004787,0.004787,0.005059,0.005107,0.004585,0.004617,0.004712,0.004734
19020,189600,8074636,0.0443627,0.00442553,32,115,78,0.004426,0.004459,0.004430,0.004444,0.004646,0.004646,0.004858,0.004892,0.004426,0.004459,0.004587,0.004607
19032,189720,8085460,0.0443627,0.00439589,32,115,78,0.004396,0.004423,0.004398,0.004408,0.004600,0.004600,0.004842,0.004870,0.004396,0.004396,0.004532,0.004555
19044,189840,8094564,0.0443627,0.0043733,32,115,78,0.004373,0.004397,0.004375,0.004390,0.004590,0.004590,0.004863,0.004912,0.004374,0.004374,0.004520,0.004543
19056,189960,8106458,0.0443627,0.00435332,32,115,78,0.004353,0.004354,0.004355,0.004371,0.004571,0.004571,0.004823,0.004870,0.004354,0.004354,0.004502,0.004524
19068,190080,8118909,0.0443627,0.00433324,32,115,78,0.004333,0.004333,0.004335,0.004351,0.004556,0.004556,0.004820,0.004831,0.004333,0.004333,0.004479,0.004502
19080,190200,8127776,0.0443627,0.00424806,32,115,78,0.004248,0.004248,0.004250,0.004263,0.004454,0.004454,0.004726,0.004776,0.004248,0.004248,0.004381,0.004404
19092,190320,8137151,0.0443627,0.00416396,32,115,78,0.004164,0.004164,0.004168,0.004187,0.004385,0.004386,0.004650,0.004650,0.004164,0.004164,0.004318,0.004339
19104,190440,8146161,0.0417778,0.00416123,32,114,81,0.004161,0.004164,0.004170,0.004182,0.004377,0.004379,0.004610,0.004610,0.004164,0.004164,0.004319,0.004340
19116,190560,8154833,0.0417778,0.00406426,32,114,81,0.004064,0.004067,0.004075,0.004085,0.004283,0.004284,0.004479,0.004479,0.004067,0.004067,0.004233,0.004252
19128,190680,8169002,0.0417778,0.0040735,32,114,81,0.004073,0.004076,0.004087,0.004096,0.004283,0.004284,0.004407,0.004407,0.004076,0.004076,0.004241,0.004258
19140,190800,8180257,0.0415347,0.0041321,31,116,81,0.004132,0.004135,0.004145,0.004152,0.004352,0.004353,0.004460,0.004460,0.004132,0.004135,0.004301,0.004309
19152,190920,8195042,0.0415347,0.00406432,31,116,81,0.004064,0.004067,0.004077,0.004084,0.004277,0.004278,0.004401,0.004401,0.004064,0.004067,0.004226,0.004234
19164,191040,8205660,0.0415347,0.00389162,31,116,81,0.003892,0.003895,0.003909,0.003913,0.004078,0.004079,0.004230,0.004230,0.003892,0.003895,0.004042,0.004051
19176,191160,8217573,0.0415347,0.00387356,31,116,81,0.003874,0.003877,0.003891,0.003895,0.004058,0.004059,0.004211,0.004211,0.003874,0.003877,0.004026,0.004030
19188,191280,8230141,0.0415347,0.00388362,31,116,81,0.003884,0.003887,0.003901,0.003906,0.004069,0.004070,0.004221,0.004221,0.003884,0.003887,0.004036,0.004039
19200,191400,8240983,0.0415347,0.00396254,31,116,81,0.003963,0.003966,0.003979,0.003984,0.004152,0.004152,0.004300,0.004300,0.003963,0.003966,0.004107,0.004108
19212,191520,8253684,0.0415347,0.00400984,31,116,81,0.004010,0.004013,0.004024,0.004030,0.004208,0.004208,0.004357,0.004357,0.004010,0.004013,0.004161,0.004166
19224,191640,8263361,0.04026,0.00380463,31,116,83,0.003805,0.003807,0.003822,0.003826,0.003992,0.003994,0.004153,0.004153,0.003805,0.003807,0.003959,0.003961
19236,191760,8277805,0.04026,0.00369155,31,116,83,0.003692,0.003694,0.003708,0.003710,0.003885,0.003892,0.004007,0.004007,0.003692,0.003694,0.003856,0.003863
19248,191880,8290113,0.04026,0.00363044,31,116,83,0.003630,0.003633,0.003645,0.003650,0.003822,0.003835,0.003881,0.003922,0.003630,0.003633,0.003793,0.003805
19260,192000,8300480,0.04026,0.00353811,31,116,83,0.003538,0.003541,0.003551,0.003555,0.003739,0.003751,0.003797,0.003798,0.003538,0.003541,0.003723,0.003740
19272,192120,8312335,0.04026,0.00360896,31,116,83,0.003609,0.003612,0.003622,0.003625,0.003816,0.003828,0.003869,0.003877,0.003609,0.003610,0.003787,0.003804
19284,192240,8321078,0.0391887,0.00367997,31,116,83,0.003680,0.003683,0.003693,0.003694,0.003890,0.003905,0.003956,0.003959,0.003680,0.003680,0.003859,0.003878
19296,192360,8332742,0.0391887,0.00339061,31,116,83,0.003391,0.003392,0.003401,0.003401,0.003599,0.003613,0.003685,0.003686,0.003391,0.003391,0.003582,0.003597
19308,192480,8343328,0.0391887,0.00321083,31,116,83,0.003211,0.003212,0.003220,0.003220,0.003415,0.003428,0.003504,0.003505,0.003211,0.003211,0.003422,0.003432
19320,192600,8354261,0.0369244,0.00315854,31,114,81,0.003159,0.003162,0.003169,0.003169,0.003365,0.003377,0.003443,0.003456,0.003161,0.003161,0.003406,0.003408
19332,192720,8365492,0.0369244,0.0031215,31,114,81,0.003122,0.003125,0.003132,0.003132,0.003327,0.003338,0.003414,0.003418,0.003124,0.003124,0.003390,0.003397
19344,192840,8376585,0.0360211,0.00307822,32,114,81,0.003078,0.003081,0.003089,0.003089,0.003286,0.003296,0.003366,0.003416,0.003080,0.003080,0.003379,0.003382
19356,192960,8385156,0.0360211,0.00289944,32,114,81,0.002899,0.002900,0.002909,0.002909,0.003113,0.003124,0.003194,0.003237,0.002900,0.002900,0.003214,0.003224
19368,193080,8393481,0.0391887,0.0028162,31,116,83,0.002816,0.002818,0.002828,0.002828,0.003024,0.003037,0.003070,0.003089,0.002816,0.002816,0.003141,0.003145
19380,193200,8402261,0.0417778,0.0027281,32,114,81,0.002728,0.002729,0.002742,0.002742,0.002929,0.002945,0.002920,0.002960,0.002728,0.002728,0.002982,0.003060
19392,193320,8412887,0.0417778,0.00269502,32,114,81,0.002695,0.002697,0.002709,0.002709,0.002895,0.002914,0.002871,0.002886,0.002695,0.002695,0.002946,0.003032
19404,193440,8421518,0.034446,0.00264342,32,115,81,0.002643,0.002646,0.002660,0.002660,0.002845,0.002866,0.002803,0.002832,0.002644,0.002644,0.002896,0.002983
19416,193560,8430672,0.0391887,0.00259883,31,116,83,0.002599,0.002603,0.002616,0.002616,0.002803,0.002807,0.002760,0.002824,0.002599,0.002599,0.002856,0.002938
19428,193680,8438618,0.0391887,0.00267547,31,116,83,0.002675,0.002678,0.002690,0.002690,0.002876,0.002881,0.002822,0.002874,0.002675,0.002675,0.002923,0.003007
19440,193800,8448754,0.0391887,0.00267299,31,116,83,0.002673,0.002674,0.002684,0.002684,0.002874,0.002880,0.002856,0.002880,0.002673,0.002673,0.002920,0.002999
19452,193920,8457325,0.0381889,0.00259996,33,114,81,0.002600,0.002600,0.002612,0.002612,0.002803,0.002809,0.002782,0.002810,0.002600,0.002600,0.002843,0.002927
19464,194040,8469165,0.0326872,0.00249861,31,116,81,0.002499,0.002499,0.002511,0.002511,0.002692,0.002697,0.002687,0.002717,0.002499,0.002499,0.002747,0.002825
19476,194160,8481388,0.0326872,0.00260089,31,116,81,0.002601,0.002602,0.002614,0.002614,0.002785,0.002787,0.002788,0.002811,0.002601,0.002601,0.002838,0.002910
19488,194280,8492234,0.0326872,0.00273279,31,116,81,0.002733,0.002734,0.002745,0.002745,0.002923,0.002925,0.002904,0.002936,0.002733,0.002733,0.002966,0.003040
19500,194400,8502663,0.0391887,0.00279846,31,116,83,0.002798,0.002799,0.002812,0.002812,0.002967,0.002971,0.002996,0.003024,0.002798,0.002798,0.003032,0.003093
19512,194520,8513627,0.0391887,0.00280852,31,116,83,0.002809,0.002809,0.002819,0.002819,0.002973,0.002976,0.002982,0.003033,0.002809,0.002809,0.003052,0.003103
19524,194640,8523018,0.034681,0.00286139,31,117,82,0.002862,0.002863,0.002872,0.002872,0.003023,0.003029,0.003122,0.003146,0.002861,0.002862,0.003126,0.003163
19536,194760,8536096,0.034681,0.00299353,31,117,82,0.002994,0.002994,0.003002,0.003002,0.003162,0.003175,0.003309,0.003362,0.002994,0.002994,0.003283,0.003305
19548,194880,8547992,0.0391887,0.00303817,31,116,83,0.003038,0.003039,0.003044,0.003044,0.003239,0.003261,0.003484,0.003557,0.003038,0.003039,0.003360,0.003370
19560,195000,8562255,0.0360349,0.00306164,32,98,68,0.003071,0.003073,0.003062,0.003077,0.003295,0.003324,0.003618,0.003679,0.003073,0.003075,0.003434,0.003436
19572,195120,8573388,0.0359185,0.00315879,33,114,80,0.003159,0.003160,0.003166,0.003172,0.003305,0.003334,0.003620,0.003699,0.003160,0.003160,0.003443,0.003444
19584,195240,8584324,0.0359185,0.00312785,33,114,80,0.003128,0.003129,0.003132,0.003138,0.003272,0.003303,0.003605,0.003668,0.003129,0.003129,0.003398,0.003405
19596,195360,8598225,0.0359185,0.0030695,33,114,80,0.003070,0.003070,0.003075,0.003079,0.003213,0.003243,0.003548,0.003609,0.003070,0.003070,0.003341,0.003348
19608,195480,8610558,0.0359185,0.00302617,33,114,80,0.003026,0.003027,0.003032,0.003037,0.003167,0.003198,0.003501,0.003538,0.003027,0.003027,0.003297,0.003304
19620,195600,8622989,0.0356599,0.00291087,31,117,83,0.002950,0.002951,0.002956,0.002962,0.003084,0.003116,0.003432,0.003466,0.002911,0.002951,0.003177,0.003220
19632,195720,8633360,0.0356599,0.00285186,31,117,83,0.002894,0.002895,0.002903,0.002910,0.003005,0.003030,0.003371,0.003394,0.002852,0.002895,0.003105,0.003161
19644,195840,8646508,0.0356599,0.00281032,31,117,83,0.002850,0.002851,0.002862,0.002869,0.002950,0.002979,0.003327,0.003350,0.002810,0.002851,0.003054,0.003118
19656,195960,8658105,0.0356599,0.00279494,31,117,83,0.002834,0.002835,0.002848,0.002855,0.002930,0.002959,0.003310,0.003321,0.002795,0.002835,0.003039,0.003104
19668,196080,8668763,0.0356599,0.00278564,31,117,83,0.002825,0.002826,0.002838,0.002843,0.002919,0.002941,0.003297,0.003310,0.002786,0.002826,0.003035,0.003094
19680,196200,8679347,0.0356599,0.00279115,31,117,83,0.002829,0.002830,0.002842,0.002847,0.002920,0.002943,0.003315,0.003315,0.002791,0.002830,0.003036,0.003098
19692,196320,8690628,0.0348803,0.00281773,33,117,83,0.002856,0.002857,0.002871,0.002876,0.002937,0.002960,0.003337,0.003345,0.002818,0.002857,0.003061,0.003125
19704,196440,8699678,0.0348803,0.0028213,33,117,83,0.002859,0.002860,0.002875,0.002879,0.002941,0.002966,0.003330,0.003349,0.002821,0.002860,0.003059,0.003121
19716,196560,8712874,0.0348803,0.00284056,33,117,83,0.002882,0.002883,0.002895,0.002899,0.002964,0.002988,0.003351,0.003371,0.002841,0.002856,0.003073,0.003134
19728,196680,8720672,0.0348803,0.00282872,33,117,83,0.002868,0.002869,0.002882,0.002886,0.002948,0.002972,0.003357,0.003357,0.002829,0.002844,0.003062,0.003100
19740,196800,8731576,0.0348803,0.00283309,33,117,83,0.002868,0.002869,0.002883,0.002889,0.002945,0.002968,0.003337,0.003354,0.002833,0.002838,0.003061,0.003102
19752,196920,8739698,0.0348803,0.00284425,33,117,83,0.002877,0.002877,0.002892,0.002892,0.002954,0.002976,0.003346,0.003365,0.002844,0.002850,0.003069,0.003073
19764,197040,8750508,0.0348803,0.0028776,33,117,83,0.002913,0.002914,0.002928,0.002928,0.002990,0.003013,0.003380,0.003403,0.002878,0.002883,0.003096,0.003099
19776,197160,8761108,0.0348803,0.0029105,33,117,83,0.002943,0.002945,0.002956,0.002960,0.003025,0.003036,0.003414,0.003438,0.002911,0.002915,0.003121,0.003124
19788,197280,8772566,0.0348803,0.0029139,33,117,83,0.002945,0.002947,0.002959,0.002963,0.003027,0.003037,0.003418,0.003440,0.002914,0.002919,0.003121,0.003124
19800,197400,8785283,0.0348803,0.00291037,33,117,83,0.002939,0.002941,0.002954,0.002958,0.003017,0.003028,0.003412,0.003432,0.002910,0.002915,0.003113,0.003115
19812,197520,8796103,0.0348803,0.00291555,33,117,83,0.002943,0.002945,0.002957,0.002961,0.003023,0.003034,0.003422,0.003438,0.002916,0.002920,0.003125,0.003128
19824,197640,8806137,0.0348803,0.00292627,33,117,83,0.002949,0.002950,0.002962,0.002966,0.003028,0.003040,0.003433,0.003442,0.002926,0.002932,0.003138,0.003141
19836,197760,8816997,0.0348803,0.00292541,33,117,83,0.002945,0.002946,0.002958,0.002962,0.003024,0.003037,0.003110,0.003438,0.002925,0.002928,0.003135,0.003138
19848,197880,8829417,0.0348803,0.00292616,33,117,83,0.002945,0.002946,0.002959,0.002963,0.003025,0.003037,0.003109,0.003440,0.002926,0.002928,0.003138,0.003142
19860,198000,8840765,0.0348803,0.00299942,33,117,83,0.003026,0.003028,0.003038,0.003043,0.003097,0.003110,0.003205,0.003528,0.002999,0.003000,0.003216,0.003220
19872,198120,8849095,0.0348803,0.00304194,33,117,83,0.003076,0.003077,0.003087,0.003090,0.003143,0.003163,0.003259,0.003627,0.003042,0.003042,0.003263,0.003266
19884,198240,8859422,0.0348803,0.00315801,33,117,83,0.003190,0.003192,0.003201,0.003205,0.003264,0.003280,0.003379,0.003734,0.003158,0.003159,0.003388,0.003392
19896,198360,8868903,0.0348803,0.00317664,33,117,83,0.003207,0.003209,0.003219,0.003223,0.003280,0.003295,0.003398,0.003748,0.003177,0.003178,0.003406,0.003407
19908,198480,8878245,0.0348803,0.00322706,33,117,83,0.003258,0.003261,0.003270,0.003275,0.003331,0.003344,0.003452,0.003800,0.003227,0.003228,0.003458,0.003459
19920,198600,8888580,0.0348803,0.00322699,33,117,83,0.003259,0.003262,0.003271,0.003276,0.003334,0.003346,0.003399,0.003800,0.003227,0.003227,0.003457,0.003457
19932,198720,8898020,0.0348803,0.00323467,33,117,83,0.003266,0.003268,0.003278,0.003283,0.003341,0.003354,0.003408,0.003763,0.003235,0.003235,0.003470,0.003470
19944,198840,8907337,0.0348803,0.00324167,33,117,83,0.003273,0.003275,0.003287,0.003293,0.003350,0.003362,0.003337,0.003559,0.003242,0.003242,0.003475,0.003476
19956,198960,8917905,0.0386551,0.00324617,33,117,84,0.003280,0.003281,0.003293,0.003299,0.003353,0.003365,0.003342,0.003565,0.003246,0.003247,0.003484,0.003484
19968,199080,8926892,0.0386551,0.00326007,33,117,84,0.003293,0.003295,0.003309,0.003314,0.003368,0.003379,0.003356,0.003579,0.003260,0.003261,0.003494,0.003494
19980,199200,8936038,0.0386551,0.00326594,33,117,84,0.003299,0.003301,0.003316,0.003322,0.003373,0.003383,0.003361,0.003499,0.003266,0.003267,0.003492,0.003492
19992,199320,8946238,0.0386551,0.00326703,33,117,84,0.003300,0.003303,0.003317,0.003323,0.003377,0.003386,0.003362,0.003493,0.003267,0.003268,0.003488,0.003488
20004,199440,8954539,0.0386551,0.00326394,33,117,84,0.003297,0.003300,0.003314,0.003320,0.003375,0.003384,0.003360,0.003444,0.003264,0.003265,0.003479,0.003481
20016,199560,8965182,0.0386551,0.0032603,33,117,84,0.003297,0.003300,0.003314,0.003320,0.003376,0.003386,0.003358,0.003429,0.003260,0.003261,0.003472,0.003473
20028,199680,8973463,0.0386551,0.00325167,33,117,84,0.003291,0.003293,0.003308,0.003314,0.003369,0.003379,0.003309,0.003351,0.003252,0.003252,0.003451,0.003452
20040,199800,8981857,0.0386551,0.00325021,33,117,84,0.003289,0.003291,0.003307,0.003313,0.003368,0.003376,0.003306,0.003349,0.003250,0.003251,0.003456,0.003457
20052,199920,8991772,0.0386551,0.00324789,33,117,84,0.003274,0.003288,0.003305,0.003311,0.003365,0.003372,0.003301,0.003344,0.003248,0.003249,0.003460,0.003471
20064,200040,9001998,0.0386551,0.00324601,33,117,84,0.003272,0.003287,0.003303,0.003310,0.003362,0.003369,0.003296,0.003337,0.003246,0.003247,0.003484,0.003507
20076,200160,9012323,0.0386551,0.00324197,33,117,84,0.003268,0.003281,0.003298,0.003304,0.003358,0.003366,0.003292,0.003332,0.003242,0.003243,0.003521,0.003557
20088,200280,9023645,0.0386551,0.00323053,33,117,84,0.003258,0.003269,0.003287,0.003287,0.003352,0.003360,0.003282,0.003318,0.003231,0.003231,0.003523,0.003559
20100,200400,9034084,0.0386551,0.00322752,33,117,84,0.003254,0.003265,0.003283,0.003283,0.003348,0.003348,0.003278,0.003313,0.003228,0.003228,0.003521,0.003554
20112,200520,9047267,0.0386551,0.00322621,33,117,84,0.003250,0.003264,0.003282,0.003282,0.003344,0.003345,0.003274,0.003311,0.003226,0.003227,0.003521,0.003554
20124,200640,9056835,0.0386551,0.00331477,33,117,84,0.003340,0.003359,0.003373,0.003373,0.003436,0.003436,0.003369,0.003411,0.003315,0.003315,0.003609,0.003640
20136,200760,9066747,0.0386551,0.00334001,33,117,84,0.003369,0.003389,0.003403,0.003403,0.003469,0.003469,0.003401,0.003433,0.003340,0.003341,0.003642,0.003669
20148,200880,9080248,0.038803,0.00334655,32,117,85,0.003373,0.003387,0.003400,0.003400,0.003478,0.003478,0.003406,0.003429,0.003347,0.003347,0.003656,0.003680
20160,201000,9090611,0.0386551,0.00337186,33,117,84,0.003397,0.003412,0.003425,0.003425,0.003505,0.003505,0.003420,0.003452,0.003372,0.003372,0.003687,0.003710
20172,201120,9101629,0.0391162,0.00336828,34,124,93,0.003396,0.003408,0.003422,0.003423,0.003496,0.003496,0.003422,0.003454,0.003368,0.003368,0.003672,0.003696
20184,201240,9113686,0.0386551,0.00333441,33,117,84,0.003364,0.003376,0.003391,0.003391,0.003463,0.003463,0.003394,0.003428,0.003334,0.003334,0.003625,0.003674
20196,201360,9125298,0.0386551,0.00329678,33,117,84,0.003298,0.003338,0.003352,0.003353,0.003422,0.003422,0.003355,0.003368,0.003297,0.003297,0.003592,0.003649
20208,201480,9140768,0.0380099,0.00328443,34,117,81,0.003284,0.003323,0.003337,0.003338,0.003407,0.003407,0.003340,0.003354,0.003286,0.003286,0.003582,0.003628
20220,201600,9151539,0.0380099,0.00324956,34,117,81,0.003250,0.003284,0.003301,0.003301,0.003367,0.003367,0.003303,0.003317,0.003250,0.003250,0.003558,0.003603
20232,201720,9162691,0.0391162,0.00319268,34,124,93,0.003193,0.003216,0.003235,0.003236,0.003322,0.003322,0.003252,0.003267,0.003193,0.003193,0.003530,0.003589
20244,201840,9172322,0.0391162,0.00314524,34,124,93,0.003146,0.003163,0.003182,0.003183,0.003270,0.003270,0.003210,0.003226,0.003145,0.003145,0.003492,0.003569
20256,201960,9181925,0.036125,0.00310142,34,116,82,0.003101,0.003122,0.003143,0.003144,0.003233,0.003234,0.003170,0.003189,0.003108,0.003108,0.003471,0.003517
20268,202080,9192192,0.036125,0.00306897,34,116,82,0.003069,0.003087,0.003109,0.003110,0.003203,0.003204,0.003139,0.003157,0.003074,0.003074,0.003440,0.003489
20280,202200,9200703,0.036125,0.00305969,34,116,82,0.003060,0.003070,0.003103,0.003104,0.003197,0.003197,0.003128,0.003135,0.003063,0.003063,0.003445,0.003487
20292,202320,9212667,0.036125,0.00307594,34,116,82,0.003076,0.003087,0.003115,0.003117,0.003214,0.003214,0.003138,0.003143,0.003080,0.003080,0.003457,0.003493
20304,202440,9227192,0.036125,0.00307195,34,116,82,0.003072,0.003083,0.003106,0.003107,0.003217,0.003217,0.003137,0.003143,0.003077,0.003077,0.003455,0.003490
20316,202560,9237850,0.036125,0.0030359,34,116,82,0.003036,0.003046,0.003073,0.003075,0.003167,0.003167,0.003101,0.003107,0.003043,0.003043,0.003415,0.003447
20328,202680,9252647,0.036125,0.0029756,34,116,82,0.002976,0.002986,0.003018,0.003019,0.003099,0.003100,0.003039,0.003043,0.002984,0.002984,0.003353,0.003386
20340,202800,9277836,0.036125,0.00320058,34,116,82,0.003201,0.003210,0.003250,0.003251,0.003319,0.003320,0.003262,0.003264,0.003202,0.003202,0.003565,0.003584
20352,202920,9297786,0.0391162,0.00328188,34,124,93,0.003292,0.003305,0.003342,0.003343,0.003388,0.003389,0.003326,0.003335,0.003282,0.003282,0.003640,0.003716
20364,203040,9316039,0.0391162,0.00335347,34,124,93,0.003362,0.003375,0.003410,0.003412,0.003465,0.003466,0.003401,0.003410,0.003353,0.003353,0.003722,0.003799
20376,203160,9328482,0.0391162,0.0034154,34,124,93,0.003416,0.003437,0.003471,0.003473,0.003532,0.003532,0.003459,0.003468,0.003415,0.003415,0.003784,0.003862
20388,203280,9344061,0.0391162,0.00341681,34,124,93,0.003419,0.003439,0.003473,0.003474,0.003532,0.003532,0.003454,0.003463,0.003417,0.003417,0.003783,0.003798
20400,203400,9359746,0.0391162,0.00331277,34,124,93,0.003318,0.003335,0.003372,0.003373,0.003425,0.003425,0.003350,0.003353,0.003313,0.003313,0.003686,0.003702
20412,203520,9375334,0.0391162,0.00326536,34,124,93,0.003270,0.003287,0.003325,0.003327,0.003368,0.003368,0.003302,0.003305,0.003265,0.003265,0.003624,0.003644
20424,203640,9392481,0.0391162,0.00326288,34,124,93,0.003267,0.003284,0.003320,0.003322,0.003366,0.003367,0.003302,0.003302,0.003263,0.003263,0.003622,0.003643
20436,203760,9405431,0.0391162,0.00326438,34,124,93,0.003271,0.003287,0.003325,0.003327,0.003366,0.003366,0.003310,0.003310,0.003264,0.003264,0.003630,0.003650
20448,203880,9418190,0.0391162,0.00327333,34,124,93,0.003276,0.003293,0.003331,0.003333,0.003368,0.003368,0.003312,0.003312,0.003273,0.003273,0.003634,0.003643
20460,204000,9429592,0.0352669,0.00326559,33,116,82,0.003266,0.003293,0.003334,0.003335,0.003374,0.003374,0.003312,0.003312,0.003276,0.003279,0.003636,0.003654
20472,204120,9442658,0.0352669,0.00323291,33,116,82,0.003233,0.003260,0.003301,0.003302,0.003341,0.003341,0.003291,0.003292,0.003247,0.003251,0.003625,0.003648
20484,204240,9453741,0.0352669,0.00321471,33,116,82,0.003215,0.003245,0.003280,0.003281,0.003316,0.003316,0.003265,0.003267,0.003225,0.003229,0.003593,0.003621
20496,204360,9466700,0.0352669,0.00322477,33,116,82,0.003225,0.003241,0.003291,0.003293,0.003324,0.003324,0.003273,0.003274,0.003231,0.003234,0.003597,0.003603
20508,204480,9480261,0.0352669,0.00322883,33,116,82,0.003229,0.003246,0.003296,0.003298,0.003327,0.003327,0.003281,0.003282,0.003233,0.003237,0.003601,0.003606
20520,204600,9493264,0.0352669,0.0032301,33,116,82,0.003230,0.003247,0.003298,0.003300,0.003327,0.003327,0.003281,0.003283,0.003235,0.003238,0.003574,0.003580
20532,204720,9507656,0.0352669,0.00323057,33,116,82,0.003231,0.003248,0.003299,0.003301,0.003325,0.003325,0.003279,0.003280,0.003233,0.003236,0.003552,0.003570
20544,204840,9518788,0.0352669,0.00322656,33,116,82,0.003227,0.003244,0.003295,0.003297,0.003321,0.003321,0.003274,0.003276,0.003230,0.003233,0.003524,0.003550
20556,204960,9529518,0.0352669,0.0032262,33,116,82,0.003226,0.003243,0.003293,0.003295,0.003320,0.003320,0.003272,0.003274,0.003232,0.003235,0.003514,0.003540
20568,205080,9543990,0.0352669,0.00321813,33,116,82,0.003218,0.003236,0.003286,0.003288,0.003313,0.003313,0.003269,0.003271,0.003225,0.003227,10000000.000000,10000000.000000
20580,205200,9561542,0.0352669,0.00320514,33,116,82,0.003205,0.003223,0.003274,0.003276,0.003300,0.003301,0.003255,0.003258,0.003211,0.003214,0.003223,0.011549
20592,205320,9577455,0.0352669,0.00317715,33,116,82,0.003177,0.003193,0.003247,0.003250,0.003270,0.003271,0.003224,0.003225,0.003183,0.003185,0.003193,0.571537
20604,205440,9595565,0.0352669,0.00316602,33,116,82,0.003166,0.003182,0.003236,0.003238,0.003261,0.003262,0.003213,0.003214,0.003172,0.003175,0.003181,0.572627
20616,205560,9624275,0.0352669,0.00310563,33,116,82,0.003106,0.003122,0.003173,0.003173,0.003200,0.003200,0.003152,0.003153,0.003109,0.003111,0.003120,0.147419
20628,205680,9677426,0.0359218,0.00301296,34,117,83,0.003013,0.003028,0.003071,0.003071,0.003098,0.003100,0.003064,0.003064,0.003017,0.003019,0.003023,0.032028
20640,205800,9699421,0.0359218,0.00299758,34,117,83,0.002998,0.003013,0.003056,0.003056,0.003092,0.003094,0.003054,0.003054,0.003002,0.003004,0.003007,0.020714
20652,205920,9713032,0.0359218,0.00298508,34,117,83,0.002985,0.003000,0.003043,0.003043,0.003076,0.003083,0.003040,0.003040,0.002990,0.002992,0.002994,0.020540
20664,206040,9732267,0.0359218,0.00297185,34,117,83,0.002972,0.002988,0.003031,0.003031,0.003062,0.003069,0.003027,0.003027,0.002980,0.002983,0.002981,0.012161
20676,206160,9748374,0.0359218,0.00288297,34,117,83,0.002883,0.002900,0.002942,0.002942,0.002980,0.002987,0.002940,0.002940,0.002895,0.002898,0.002895,0.002900
20688,206280,9763459,0.0352669,0.00273452,33,116,82,0.002735,0.002748,0.002794,0.002794,0.002823,0.002830,0.002783,0.002783,0.002744,0.002746,0.002745,0.002748
20700,206400,9780670,0.0359218,0.00266911,34,117,83,0.002669,0.002692,0.002727,0.002728,0.002781,0.002789,0.002740,0.002740,0.002691,0.002694,0.002691,0.002694
20712,206520,9792914,0.0359218,0.0026354,34,117,83,0.002635,0.002662,0.002681,0.002696,0.002755,0.002763,0.002690,0.002702,0.002655,0.002657,0.002662,0.002664
20724,206640,9806452,0.0359218,0.00259085,34,117,83,0.002591,0.002627,0.002641,0.002655,0.002721,0.002733,0.002660,0.002673,0.002616,0.002618,0.002627,0.002628
20736,206760,9816409,0.0359218,0.00247688,34,117,83,0.002477,0.002526,0.002535,0.002548,0.002598,0.002619,0.002557,0.002572,0.002499,0.002501,0.002502,0.002528
20748,206880,9828412,0.0359218,0.00238427,34,117,83,0.002384,0.002447,0.002444,0.002458,0.002482,0.002512,0.002478,0.002494,0.002409,0.002412,0.002419,0.002448
20760,207000,9839951,0.0359218,0.00232425,34,117,83,0.002324,0.002397,0.002389,0.002403,0.002410,0.002438,0.002424,0.002439,0.002356,0.002359,0.002365,0.002398
20772,207120,9853281,0.0359218,0.00228036,34,117,83,0.002280,0.002326,0.002310,0.002332,0.002412,0.002434,0.002416,0.002430,0.002332,0.002335,0.002316,0.002330
20784,207240,9866228,0.0359218,0.00228359,34,117,83,0.002284,0.002330,0.002313,0.002336,0.002409,0.002428,0.002425,0.002439,0.002337,0.002340,0.002320,0.002331
20796,207360,9880304,0.0359218,0.00231915,34,117,83,0.002319,0.002358,0.002353,0.002374,0.002446,0.002468,0.002457,0.002470,0.002373,0.002375,0.002357,0.002372
20808,207480,9892363,0.0286999,0.00231168,34,117,82,0.002312,0.002359,0.002354,0.002362,0.002436,0.002469,0.002459,0.002473,0.002373,0.002376,0.002358,0.002374
20820,207600,9904537,0.0286999,0.00241786,34,117,82,0.002418,0.002432,0.002461,0.002473,0.002527,0.002547,0.002539,0.002552,0.002464,0.002466,0.002454,0.002456
20832,207720,9915616,0.0286999,0.00248576,34,117,82,0.002486,0.002504,0.002528,0.002536,0.002614,0.002622,0.002598,0.002610,0.002526,0.002529,0.002499,0.002519
20844,207840,9926242,0.0286999,0.00265556,34,117,82,0.002656,0.002667,0.002667,0.002702,0.002794,0.002807,0.002763,0.002775,0.002693,0.002694,0.002667,0.002688
20856,207960,9936002,0.0310769,0.0026907,34,117,82,0.002691,0.002701,0.002706,0.002738,0.002828,0.002842,0.002795,0.002802,0.002726,0.002727,0.002700,0.002714
20868,208080,9946103,0.0310769,0.00276684,34,117,82,0.002767,0.002777,0.002786,0.002815,0.002908,0.002928,0.002869,0.002874,0.002801,0.002802,0.002778,0.002790
20880,208200,9956542,0.0310769,0.00282697,34,117,82,0.002827,0.002835,0.002847,0.002864,0.003027,0.003035,0.002944,0.002948,0.002869,0.002869,0.002839,0.002851
20892,208320,9967193,0.0310769,0.00283782,34,117,82,0.002838,0.002846,0.002865,0.002874,0.003043,0.003052,0.002952,0.002956,0.002875,0.002875,0.002848,0.002848
20904,208440,9980162,0.0310769,0.00285067,34,117,82,0.002851,0.002859,0.002877,0.002885,0.003056,0.003064,0.002964,0.002965,0.002889,0.002890,0.002862,0.002863
20916,208560,9992259,0.0310769,0.00283649,34,117,82,0.002836,0.002845,0.002864,0.002873,0.003043,0.003051,0.002951,0.002952,0.002878,0.002879,0.002849,0.002850
20928,208680,10005710,0.0310769,0.00283527,34,117,82,0.002835,0.002840,0.002866,0.002871,0.003042,0.003050,0.002950,0.002952,0.002874,0.002875,0.002848,0.002848
20940,208800,10016993,0.0310769,0.00283181,34,117,82,0.002832,0.002836,0.002864,0.002867,0.003028,0.003048,0.002947,0.002948,0.002864,0.002866,0.002843,0.002844
20952,208920,10028836,0.0316604,0.00281813,33,111,83,0.002818,0.002823,0.002839,0.002854,0.003017,0.003037,0.002933,0.002934,0.002850,0.002851,0.002830,0.002830
20964,209040,10039957,0.0316604,0.00277992,33,111,83,0.002780,0.002785,0.002799,0.002815,0.002944,0.002990,0.002896,0.002898,0.002815,0.002816,0.002794,0.002794
20976,209160,10051608,0.0316604,0.00274679,33,111,83,0.002747,0.002748,0.002764,0.002781,0.002904,0.002950,0.002858,0.002860,0.002780,0.002781,0.002762,0.002763
20988,209280,10063212,0.0316604,0.00274362,33,111,83,0.002744,0.002744,0.002760,0.002778,0.002901,0.002948,0.002844,0.002857,0.002776,0.002777,0.002760,0.002760
21000,209400,10074705,0.0310188,0.0027279,41,152,110,0.002747,0.002747,0.002728,0.002766,0.002905,0.002950,0.002846,0.002858,0.002780,0.002782,0.002763,0.002763
21012,209520,10084818,0.0310188,0.00274886,41,152,110,0.002767,0.002768,0.002749,0.002786,0.002923,0.002969,0.002869,0.002879,0.002798,0.002799,0.002781,0.002781
21024,209640,10096518,0.0310188,0.00274212,41,152,110,0.002760,0.002761,0.002742,0.002780,0.002902,0.002960,0.002863,0.002873,0.002786,0.002788,0.002774,0.002774
21036,209760,10107261,0.0310188,0.00277307,41,152,110,0.002792,0.002793,0.002773,0.002812,0.002933,0.002983,0.002896,0.002896,0.002817,0.002820,0.002803,0.002804
21048,209880,10119847,0.0310188,0.0027964,41,152,110,0.002816,0.002816,0.002796,0.002836,0.002957,0.003008,0.002924,0.002925,0.002841,0.002845,0.002826,0.002828
21060,210000,10132233,0.0310188,0.00272532,41,152,110,0.002745,0.002745,0.002725,0.002762,0.002895,0.002946,0.002844,0.002845,0.002775,0.002777,0.002766,0.002766
21072,210120,10142369,0.0310188,0.00267155,41,152,110,0.002693,0.002693,0.002672,0.002704,0.002859,0.002887,0.002807,0.002808,0.002730,0.002731,0.002722,0.002722
21084,210240,10154405,0.0310188,0.0025541,41,152,110,0.002578,0.002578,0.002554,0.002588,0.002737,0.002761,0.002682,0.002684,0.002612,0.002614,0.002608,0.002608
21096,210360,10170413,0.0310188,0.002531,41,152,110,0.002555,0.002555,0.002531,0.002566,0.002714,0.002736,0.002657,0.002659,0.002587,0.002589,0.002584,0.002584
21108,210480,10187723,0.0310188,0.00247561,41,152,110,0.002499,0.002500,0.002476,0.002509,0.002663,0.002681,0.002600,0.002602,0.002534,0.002536,0.002536,0.002536
21120,210600,10203133,0.0288919,0.00246827,41,156,113,0.002492,0.002493,0.002468,0.002485,0.002663,0.002675,0.002592,0.002594,0.002528,0.002529,0.002531,0.002532
21132,210720,10221239,0.0287149,0.00245782,41,151,110,0.002481,0.002483,0.002458,0.002458,0.002656,0.002664,0.002580,0.002583,0.002521,0.002522,0.002523,0.002523
21144,210840,10236989,0.0287149,0.0024457,41,151,110,0.002469,0.002470,0.002446,0.002446,0.002644,0.002652,0.002566,0.002570,0.002511,0.002513,0.002511,0.002511
21156,210960,10250997,0.0287149,0.00243769,41,151,110,0.002461,0.002462,0.002438,0.002438,0.002636,0.002645,0.002557,0.002559,0.002502,0.002504,0.002501,0.002501
