date,model_ret,model_equity,model_rebalanced,model_cost,model_traded,naive_ret,naive_equity,naive_rebalanced,naive_cost,naive_traded
2015-01-02,0.00117727,100.1177,1,0.027793,200.000000,0.00000000,100.0000,0,0.000000,0.000000
2015-01-05,-0.01522728,98.5950,1,0.035848,240.919020,0.00264532,100.2645,1,0.030678,200.000000
2015-01-06,-0.01742486,96.8525,1,0.027986,200.831220,0.00844747,101.1093,0,0.000000,0.000000
2015-01-07,0.00203537,97.0561,1,0.018763,121.012160,0.00377312,101.4866,1,0.054938,277.881956
2015-01-08,0.00976119,98.0322,1,0.029581,163.393720,0.00694799,102.1814,0,0.000000,0.000000
2015-01-09,-0.01074515,96.9577,1,0.017055,143.616660,0.00466151,102.6475,0,0.000000,0.000000
2015-01-12,-0.01138029,95.8196,1,0.018199,120.940520,0.00944889,103.5924,1,0.032891,245.620763
2015-01-13,0.01279683,97.0993,1,0.017577,140.763190,0.00890589,104.4830,1,0.044391,260.819140
2015-01-14,-0.00451760,96.6475,1,0.031590,200.670620,0.00629021,105.1120,1,0.036039,241.261900
2015-01-15,-0.00870995,95.7766,1,0.027725,141.086110,0.00871963,105.9840,1,0.046707,301.677900
2015-01-16,-0.00062414,95.7141,1,0.024644,140.392030,-0.00049348,105.9347,1,0.040628,279.754950
2015-01-20,-0.00492656,95.2215,1,0.022046,142.558710,0.01088070,107.0227,0,0.000000,0.000000
2015-01-21,0.00199209,95.4207,1,0.016541,121.649350,-0.00274564,106.7482,1,0.029324,243.646038
2015-01-22,0.00800208,96.2209,1,0.019132,141.529990,-0.01114100,105.6341,1,0.031720,261.803720
2015-01-23,-0.00679254,95.5416,1,0.035644,203.473320,-0.00152932,105.4811,0,0.000000,0.000000
2015-01-26,-0.00688032,94.8536,1,0.022942,181.592510,-0.00081012,105.4001,1,0.041352,301.527565
2015-01-27,-0.00551724,94.3019,1,0.032784,221.596050,-0.00361717,105.0384,0,0.000000,0.000000
2015-01-28,-0.00518776,93.7831,1,0.031196,180.825720,-0.00180149,104.8583,1,0.050569,361.561775
2015-01-29,0.00229529,94.0126,1,0.026321,180.490240,0.00907414,105.7657,0,0.000000,0.000000
2015-01-30,0.01286498,95.2991,1,0.032952,201.898590,-0.00598953,105.1667,1,0.041773,341.017549
2015-02-02,0.00959881,96.2590,1,0.030189,180.081590,0.00174922,105.3416,0,0.000000,0.000000
2015-02-03,0.00111500,96.3705,1,0.034280,241.935570,0.01095936,106.4376,1,0.043934,298.447597
2015-02-04,0.00445909,96.8164,1,0.023791,202.387600,-0.00409789,106.0278,1,0.041049,303.100890
2015-02-05,-0.00190566,96.6259,1,0.028246,200.567960,-0.01214449,104.8133,1,0.037189,319.605560
2015-02-06,-0.01638671,94.9872,1,0.031051,223.284380,0.01066483,105.8798,0,0.000000,0.000000
2015-02-09,0.00346260,95.3335,1,0.043850,259.993840,0.00588575,106.4684,1,0.053155,303.288245
2015-02-10,0.00733098,96.0666,1,0.035432,240.441610,-0.00557277,105.9111,1,0.043327,299.756550
2015-02-11,-0.00699511,95.3670,1,0.025461,201.395510,0.00911752,106.8229,0,0.000000,0.000000
2015-02-12,0.00338161,95.7052,1,0.014989,101.282570,0.00646314,107.4692,1,0.038426,262.300159
2015-02-13,-0.01285594,94.4196,1,0.037444,183.187390,0.01059480,108.5287,0,0.000000,0.000000
2015-02-17,-0.00175842,94.2438,1,0.023062,181.656190,-0.00121705,108.4070,1,0.038645,284.367697
2015-02-18,0.01147052,95.3908,1,0.029878,141.407900,-0.00656857,107.7501,1,0.050987,339.778700
2015-02-19,-0.00724232,94.6666,1,0.025722,161.769250,-0.00584054,107.1660,1,0.056934,321.206250
2015-02-20,0.00279532,94.9461,1,0.023708,120.903490,0.00764820,107.9309,1,0.056160,359.551960
2015-02-23,0.00384225,95.3303,1,0.012005,102.455060,-0.01094511,106.8364,0,0.000000,0.000000
2015-02-24,0.00280724,95.6111,1,0.014456,140.488450,-0.00771728,106.0646,1,0.051518,362.996687
2015-02-25,-0.00376432,95.2346,1,0.012132,100.761880,-0.01461830,104.6028,1,0.050510,340.300570
2015-02-26,0.00690574,95.9252,1,0.019536,140.760120,-0.00316748,104.2860,1,0.061328,340.840920
2015-02-27,0.00439987,96.3652,1,0.026003,201.050510,-0.00647222,103.6388,1,0.038592,320.121900
2015-03-02,-0.00534544,95.8307,1,0.025334,200.654230,-0.00495875,103.1430,1,0.056285,321.151970
2015-03-03,0.01082072,96.9127,1,0.018138,122.172390,-0.00608848,102.5341,1,0.053658,301.694390
2015-03-04,0.00423984,97.3367,1,0.025646,220.523710,-0.00753324,101.7808,1,0.044154,320.295410
2015-03-05,-0.00276108,97.0606,1,0.030038,200.097490,-0.00956408,100.8244,0,0.000000,0.000000
2015-03-06,0.00337863,97.3985,1,0.033407,241.169890,0.00312910,101.1373,1,0.049100,340.246540
2015-03-09,-0.00576754,96.8217,1,0.025874,219.601550,0.00144383,101.2817,0,0.000000,0.000000
2015-03-10,0.00733656,97.5554,1,0.015434,121.043180,-0.00344976,100.9367,1,0.044766,300.298405
2015-03-11,-0.00485509,97.0699,1,0.019739,160.872930,0.01015597,101.9523,0,0.000000,0.000000
2015-03-12,-0.00307356,96.7625,1,0.025626,161.316690,-0.00002203,101.9501,1,0.042263,280.041609
2015-03-13,0.00086273,96.8488,1,0.019997,182.667250,0.00429318,102.3794,0,0.000000,0.000000
2015-03-16,-0.00450031,96.3987,1,0.025191,161.039270,-0.00358613,102.0208,1,0.042003,301.657909
2015-03-17,-0.00012829,96.3859,1,0.022159,122.601640,0.00627867,102.6487,0,0.000000,0.000000
2015-03-18,0.02336802,98.7227,1,0.020558,140.227590,-0.00758864,101.8898,1,0.042224,262.191022
2015-03-19,0.00642362,99.3651,1,0.032558,202.243860,0.00820332,102.7101,0,0.000000,0.000000
2015-03-20,-0.00216337,99.1487,1,0.024267,181.351120,-0.00750351,101.9598,1,0.040761,262.417980
2015-03-23,-0.00489256,98.6595,1,0.029566,242.235290,0.00003813,101.9636,0,0.000000,0.000000
2015-03-24,0.00474375,99.1339,1,0.033685,240.513010,-0.00186034,101.7776,1,0.031244,280.555053
2015-03-25,0.00281771,99.4156,1,0.022969,199.996860,0.01026556,102.8041,1,0.045494,299.648450
2015-03-26,-0.00218694,99.1969,1,0.022594,180.198880,-0.00752095,102.0520,0,0.000000,0.000000
2015-03-27,-0.00061322,99.1356,1,0.014652,120.682540,-0.00644732,101.4073,1,0.051252,357.053642
2015-03-30,0.00001896,99.1375,1,0.021404,162.143550,-0.00277231,101.1300,1,0.046201,302.181600
2015-03-31,-0.00023757,99.1138,1,0.013587,102.237140,0.00126756,101.2568,0,0.000000,0.000000
2015-04-01,0.00812655,99.9264,1,0.018725,180.521710,0.00325908,101.5827,1,0.043402,282.266107
2015-04-02,-0.00310509,99.6159,1,0.016079,180.289480,0.00023129,101.6058,1,0.037151,300.019370
2015-04-06,0.00989300,100.6052,1,0.028240,181.700810,0.00862557,102.4684,1,0.036963,281.164220
2015-04-07,0.00757221,101.3624,1,0.033479,241.637920,-0.00576677,101.8917,1,0.042537,262.038420
2015-04-08,-0.00519422,100.8430,1,0.038572,299.284260,0.00031384,101.9231,1,0.052016,319.697540
2015-04-09,-0.00108408,100.7346,1,0.029428,241.610230,0.00669778,102.5929,1,0.046642,281.789480
2015-04-10,-0.00137531,100.5971,1,0.023761,220.827980,0.00067957,102.6608,1,0.038563,282.343820
2015-04-13,0.00656352,101.2534,1,0.020938,141.673910,0.00177061,102.8379,1,0.042249,301.130440
2015-04-14,0.00261051,101.5145,1,0.027329,200.463390,-0.00314186,102.5237,0,0.000000,0.000000
2015-04-15,-0.00477751,101.0367,1,0.033821,221.140520,0.00700619,103.2243,1,0.041511,320.085046
2015-04-16,-0.00093697,100.9430,1,0.026837,181.734450,-0.00554298,102.6700,1,0.037578,261.789450
2015-04-17,0.00540177,101.4832,1,0.023733,161.234640,-0.00120552,102.5495,1,0.041652,299.608120
2015-04-20,-0.00647989,100.8352,1,0.021049,160.536630,-0.00228736,102.3207,0,0.000000,0.000000
2015-04-21,-0.00302905,100.5323,1,0.013585,121.709140,0.00831833,103.1526,0,0.000000,0.000000
2015-04-22,0.00709835,101.2421,1,0.016005,121.634820,-0.00839711,102.3129,1,0.029371,260.933393
2015-04-23,-0.00850812,100.3913,1,0.024392,219.944260,0.00066328,102.3792,1,0.045522,319.806600
2015-04-24,-0.00020048,100.3713,1,0.022458,181.496280,-0.00747652,101.6315,1,0.051452,300.784310
2015-04-27,0.00643890,101.0152,1,0.030270,181.151930,-0.00707350,100.9242,1,0.056830,359.723700
2015-04-28,-0.00062866,100.9523,1,0.036336,219.202320,0.00129085,101.0533,1,0.046125,359.018560
2015-04-29,-0.00850804,100.1015,1,0.034054,221.259970,0.00976818,102.0301,0,0.000000,0.000000
2015-04-30,-0.00452469,99.6490,1,0.040099,180.928410,-0.00433137,101.5970,1,0.046597,280.986848
2015-05-01,0.00406993,100.0560,1,0.017227,120.906510,0.00193536,101.7905,1,0.043584,319.625820
2015-05-04,-0.00080839,99.9752,1,0.025629,162.175260,-0.00822787,100.9677,0,0.000000,0.000000
2015-05-05,-0.00025990,99.9492,1,0.019610,161.718270,0.00386601,101.3543,0,0.000000,0.000000
2015-05-06,0.00156963,100.1062,1,0.024417,140.751280,-0.00175588,101.1787,0,0.000000,0.000000
2015-05-07,-0.00245866,99.8603,1,0.022306,160.691220,0.00858775,102.0375,1,0.036365,301.217091
2015-05-08,-0.00388719,99.4716,1,0.021739,141.394340,0.00446713,102.4842,1,0.032907,261.556740
2015-05-11,-0.00201387,99.2702,1,0.017697,183.122280,-0.00136503,102.3477,0,0.000000,0.000000
2015-05-12,-0.00110668,99.1595,1,0.010608,120.504790,0.00197795,102.5455,1,0.041805,281.478376
2015-05-13,-0.01592785,97.5667,1,0.013645,120.528080,-0.00585851,101.9597,1,0.041051,280.645980
2015-05-14,-0.00023622,97.5431,1,0.026652,162.256960,-0.00153263,101.8064,1,0.038523,300.497140
2015-05-15,-0.00363136,97.1800,1,0.034406,202.950330,-0.00973984,100.8324,0,0.000000,0.000000
2015-05-18,0.00419469,97.5994,1,0.026731,140.866190,-0.00418491,100.4139,1,0.061081,362.732584
2015-05-19,-0.00694692,96.9047,1,0.017352,121.146600,0.00606485,101.0204,1,0.054815,340.904810
2015-05-20,0.00549340,97.4541,1,0.007290,41.467820,0.00258882,101.2793,1,0.032098,260.965700
2015-05-21,-0.00153384,97.3007,1,0.010254,101.239030,-0.00456675,100.8226,1,0.051695,320.348400
2015-05-22,-0.00019852,97.2808,1,0.018142,140.990330,-0.00033571,100.7890,1,0.055001,340.279340
2015-05-26,-0.00099226,97.1816,1,0.021856,160.549390,0.00135601,100.9246,1,0.036749,280.199530
2015-05-27,0.00057538,97.2392,1,0.018092,140.770430,0.00028489,100.9531,0,0.000000,0.000000
2015-05-28,0.00298071,97.5372,1,0.024259,181.521510,0.00183388,101.1365,0,0.000000,0.000000
2015-05-29,-0.00366530,97.1707,1,0.030530,160.946850,0.00310358,101.4469,1,0.038682,260.912523
2015-06-01,-0.00345089,96.8256,1,0.014219,141.025760,0.00193929,101.6408,1,0.043581,280.620400
2015-06-02,0.01212110,98.0377,1,0.018610,140.934530,-0.00866320,100.7745,1,0.046920,320.669130
2015-06-03,0.00151472,98.1892,1,0.024718,182.130080,0.02060691,102.8352,1,0.039869,300.078600
2015-06-04,0.00250845,98.4400,1,0.013855,121.366870,0.00277526,103.1127,1,0.027664,161.830100
2015-06-05,-0.00180665,98.2594,1,0.025735,200.131760,0.01586129,104.6988,0,0.000000,0.000000
2015-06-08,-0.00178743,98.0806,1,0.029113,200.684110,-0.00412650,104.2862,1,0.027150,181.567323
2015-06-09,-0.00366293,97.7143,1,0.043113,279.475250,0.00593402,104.8796,0,0.000000,0.000000
2015-06-10,-0.00108434,97.6059,1,0.029394,220.448260,-0.00802504,104.0771,1,0.033784,239.933166
2015-06-11,0.00579030,98.1849,1,0.027510,181.370300,-0.00845049,103.2320,0,0.000000,0.000000
2015-06-12,0.00050570,98.2355,1,0.031000,181.166700,-0.00623417,102.6086,1,0.053937,362.197248
2015-06-15,0.00228269,98.4638,1,0.035731,200.467470,0.00212463,102.8211,1,0.061777,359.493860
2015-06-16,0.00143340,98.6071,1,0.055300,339.739680,0.00193048,103.0141,1,0.044532,280.209040
2015-06-17,0.00938338,99.5455,1,0.032672,281.238900,-0.00002094,103.0120,0,0.000000,0.000000
2015-06-18,-0.00127658,99.4178,1,0.043068,260.581150,0.00702167,103.7142,1,0.053023,341.855039
2015-06-19,-0.00229310,99.1885,1,0.027500,241.742650,-0.00888507,102.8257,0,0.000000,0.000000
2015-06-22,0.00163320,99.3518,1,0.024560,200.539150,0.00084387,102.9101,1,0.044443,361.260286
2015-06-23,0.00160055,99.5119,1,0.031815,201.365440,0.00627981,103.5381,1,0.047199,301.542510
2015-06-24,-0.00531399,98.9805,1,0.026159,181.422970,0.00650779,104.1888,1,0.035641,240.404120
2015-06-25,0.00123330,99.1038,1,0.019720,141.355320,-0.00363371,103.8255,0,0.000000,0.000000
2015-06-26,0.00015384,99.1192,1,0.025086,160.645770,0.00624891,104.4504,1,0.061989,358.797231
2015-06-29,-0.00931350,98.1878,1,0.023860,181.263950,0.00043976,104.4943,1,0.035054,261.601840
2015-06-30,0.00364684,98.5525,1,0.010636,102.150430,-0.00228939,104.2654,0,0.000000,0.000000
2015-07-01,0.00126990,98.6795,1,0.022860,161.431040,-0.00281744,103.9836,1,0.038504,279.390211
2015-07-02,0.00730357,99.4099,1,0.020383,141.638630,-0.00223679,103.7600,1,0.045499,341.948600
2015-07-06,-0.00738429,98.6714,1,0.021909,160.790460,0.00092010,103.8520,1,0.047270,360.674720
2015-07-07,-0.01386145,97.2853,1,0.019905,160.933580,0.00969100,104.8211,1,0.050430,339.783860
2015-07-08,-0.00550989,96.7343,1,0.026089,143.242780,0.00516566,105.3376,0,0.000000,0.000000
2015-07-09,0.00615016,97.3493,1,0.022084,160.381160,0.00466000,105.8036,0,0.000000,0.000000
2015-07-10,0.00341967,97.6913,1,0.024793,161.495440,0.00067220,105.8709,1,0.035470,241.533252
2015-07-13,0.00690049,98.3813,1,0.030371,201.476760,0.01020386,106.8912,0,0.000000,0.000000
2015-07-14,0.00159050,98.5404,1,0.023650,201.469100,-0.00071425,106.8198,0,0.000000,0.000000
2015-07-15,0.00407631,98.9480,1,0.021909,141.466280,-0.00855870,105.9640,1,0.054490,344.138811
2015-07-16,-0.01043106,97.9049,1,0.024826,160.813740,0.01568103,107.5321,1,0.061207,339.335660
2015-07-17,-0.00509078,97.3958,1,0.013078,101.737720,0.00471951,108.0040,1,0.024619,182.226770
2015-07-20,-0.00594005,96.8018,1,0.020705,140.912300,0.00664562,108.6686,0,0.000000,0.000000
2015-07-21,-0.00185039,96.6168,1,0.014159,101.396240,-0.00173234,108.4953,1,0.046124,260.518791
2015-07-22,-0.00544546,96.0722,1,0.018766,120.767720,0.00130960,108.6263,1,0.044870,339.801030
2015-07-23,0.00722447,96.7947,1,0.027483,141.097580,-0.01310145,107.3161,1,0.052415,300.904310
2015-07-24,-0.00133169,96.6615,1,0.026209,141.543410,-0.01452740,105.8634,1,0.079320,399.932750
2015-07-27,-0.00560007,96.1015,1,0.027047,180.501820,0.00311541,106.1749,1,0.064999,377.964640
2015-07-28,-0.00239638,95.8619,1,0.037108,200.481300,0.00174819,106.3498,1,0.053921,320.453740
2015-07-29,-0.00040150,95.8217,1,0.015800,141.475970,0.00252452,106.6022,0,0.000000,0.000000
2015-07-30,-0.00527409,95.2943,1,0.025539,142.026690,-0.00425901,106.1763,0,0.000000,0.000000
2015-07-31,-0.00141584,95.1527,1,0.013734,102.490210,0.00784186,106.9605,1,0.055614,343.874642
2015-08-03,-0.00445886,94.7068,1,0.023776,161.085570,0.00063103,107.0236,1,0.038187,221.458400
2015-08-04,0.00198701,94.9055,1,0.030939,181.281070,-0.00333331,106.6903,1,0.048811,280.531850
2015-08-05,0.00857308,95.7628,1,0.017962,160.429040,-0.00334920,106.3554,1,0.040850,320.813820
2015-08-06,0.00740036,96.5029,1,0.029844,181.230130,-0.01310695,105.0447,1,0.054855,361.214990
2015-08-07,0.00589963,97.0928,1,0.023197,180.457020,0.00021982,105.0666,1,0.052498,319.663580
2015-08-10,0.00514526,97.6074,1,0.020384,160.751980,-0.01504283,103.5624,1,0.040753,320.401880
2015-08-11,-0.00043935,97.5634,1,0.030475,182.042650,-0.01478029,102.0843,1,0.046449,362.543590
2015-08-12,0.00700511,98.2639,1,0.014329,120.468500,0.00071350,102.1557,1,0.049910,359.259840
2015-08-13,-0.00818459,97.4455,1,0.013789,121.807480,-0.00249048,101.9066,1,0.040688,302.396740
2015-08-14,0.00150143,97.5956,1,0.012287,101.254830,0.00221291,102.1279,1,0.045289,300.239540
2015-08-17,-0.00630253,96.9654,1,0.021513,161.571110,-0.00179521,101.9484,1,0.041051,281.644500
2015-08-18,-0.00643551,96.3218,1,0.019411,121.476600,-0.00584169,101.3642,0,0.000000,0.000000
2015-08-19,-0.00967634,95.3542,1,0.014984,80.990940,-0.00635534,100.7287,1,0.054564,361.642557
2015-08-20,-0.00439464,94.9147,1,0.016334,80.868710,0.02471205,103.1999,1,0.051015,338.966510
2015-08-21,-0.01830568,93.0842,1,0.012478,101.338390,0.01452630,104.6525,0,0.000000,0.000000
2015-08-24,-0.01144799,91.9394,1,0.019379,159.521570,0.00629376,105.2819,0,0.000000,0.000000
2015-08-25,0.02049287,93.9886,1,0.016773,104.542220,-0.01192363,104.0896,0,0.000000,0.000000
2015-08-26,-0.00123674,93.8650,1,0.021644,162.127340,-0.00359619,103.7299,0,0.000000,0.000000
2015-08-27,0.00156003,94.0210,1,0.036787,205.848330,-0.01507499,102.2224,0,0.000000,0.000000
2015-08-28,-0.00064923,93.9560,1,0.022773,165.755470,-0.01244153,100.9783,0,0.000000,0.000000
2015-08-31,-0.00055559,93.9005,1,0.028029,161.543690,0.00299345,101.2776,1,0.062275,335.552299
2015-09-01,0.00028878,93.9294,1,0.021472,141.215450,-0.00429071,100.8486,1,0.043321,279.916800
2015-09-02,-0.00478404,93.4510,1,0.020744,141.341470,-0.00323253,100.5253,0,0.000000,0.000000
2015-09-03,0.00938555,94.3895,1,0.023965,103.762600,0.00788273,101.3136,0,0.000000,0.000000
2015-09-04,-0.00863839,93.5257,1,0.027919,162.053620,-0.00051369,101.2622,0,0.000000,0.000000
2015-09-08,-0.00451250,93.0744,1,0.013320,81.555960,0.00060096,101.3223,0,0.000000,0.000000
2015-09-09,0.00416711,93.4911,1,0.022239,124.118170,-0.00763398,100.5589,0,0.000000,0.000000
2015-09-10,-0.00607318,92.8838,1,0.016988,140.729650,-0.00338738,100.2202,0,0.000000,0.000000
2015-09-11,-0.01487027,91.3968,1,0.030087,161.721610,0.01958311,102.1785,1,0.051889,339.271178
2015-09-14,0.00490410,91.8872,1,0.017810,122.514220,-0.00305548,101.8729,1,0.033518,242.557860
2015-09-15,0.00700930,92.5881,1,0.023000,140.944120,0.00617140,102.4901,1,0.067070,359.826930
2015-09-16,0.00535901,93.1240,1,0.016459,141.915370,0.00828051,103.3181,0,0.000000,0.000000
2015-09-17,0.00714235,93.8383,1,0.029295,162.400020,0.00082035,103.4002,0,0.000000,0.000000
2015-09-18,-0.00343760,93.4945,1,0.020700,140.952830,0.01996218,105.3964,1,0.052932,304.251251
2015-09-21,0.00504190,93.9987,1,0.009690,102.133840,-0.00156467,105.2399,0,0.000000,0.000000
2015-09-22,-0.00664140,93.3346,1,0.018270,121.679140,0.00399230,105.6391,1,0.051020,319.632248
2015-09-23,-0.01473081,91.8615,1,0.012891,82.419450,0.01585375,107.2245,0,0.000000,0.000000
2015-09-24,0.00910371,92.7719,1,0.017229,141.853710,0.00330228,107.5547,1,0.035252,261.215983
2015-09-25,-0.00993257,91.7786,1,0.016077,121.476120,0.00938101,108.4928,1,0.037199,300.602100
2015-09-28,0.00111791,91.8904,1,0.012239,101.183160,0.02064309,110.5571,1,0.047671,321.040300
2015-09-29,0.00096022,91.9864,1,0.027518,179.653330,-0.00686682,109.8705,0,0.000000,0.000000
2015-09-30,0.01025605,93.0120,1,0.031165,182.048160,0.01462696,111.3332,1,0.060894,338.474481
2015-10-01,-0.00069416,92.9426,1,0.024356,144.406950,0.01722633,113.0558,0,0.000000,0.000000
2015-10-02,-0.00936813,92.0058,1,0.046943,200.426680,-0.01355578,111.7002,1,0.044938,266.537456
2015-10-05,-0.00191634,91.8142,1,0.022624,103.976750,-0.00318456,111.3818,0,0.000000,0.000000
2015-10-06,-0.00010351,91.8038,1,0.014601,123.843390,-0.00779160,110.6026,0,0.000000,0.000000
2015-10-07,0.00072018,91.8758,1,0.016452,142.220070,0.01281355,111.8840,1,0.065355,329.170229
2015-10-08,-0.01837252,90.0386,1,0.023932,142.568010,0.01966798,113.8508,0,0.000000,0.000000
2015-10-09,-0.00626025,89.4125,1,0.020925,163.259980,0.00059994,113.9107,0,0.000000,0.000000
2015-10-12,0.00940882,90.3534,1,0.015978,82.204860,0.00249735,114.1605,1,0.056645,346.132839
2015-10-13,0.00165976,90.5194,1,0.013394,121.224960,-0.00217196,113.9433,1,0.045186,321.306500
2015-10-14,-0.00885792,89.6336,1,0.010922,81.590390,0.00146790,114.0901,0,0.000000,0.000000
2015-10-15,-0.00263860,89.3697,1,0.012660,81.919070,0.01794308,115.8844,1,0.041682,278.673684
2015-10-16,0.00056305,89.4261,1,0.018865,142.818340,-0.01752226,114.1322,0,0.000000,0.000000
2015-10-19,0.00995113,90.4212,1,0.020627,141.182090,0.01156240,115.2884,1,0.056800,363.445287
2015-10-20,0.00401406,90.8226,1,0.022454,142.055160,-0.00651187,114.6372,1,0.035677,281.943120
2015-10-21,-0.00099571,90.7230,1,0.023441,120.419840,0.00556475,115.1937,1,0.058105,320.614030
2015-10-22,0.00951929,91.6749,1,0.027001,160.334490,-0.00299227,114.8945,1,0.042447,240.466720
2015-10-23,-0.00310959,91.3640,1,0.025869,144.439690,-0.00679353,114.2151,0,0.000000,0.000000
2015-10-26,0.00632536,91.9965,1,0.022604,161.982190,-0.00602312,113.6128,1,0.057162,345.383578
2015-10-27,-0.00554907,91.4416,1,0.023557,180.781260,0.01529220,115.1420,1,0.062370,340.405990
2015-10-28,-0.00901502,90.5401,1,0.018602,161.367990,-0.00927448,114.2146,1,0.048128,281.178690
2015-10-29,0.01117213,91.6573,1,0.012697,103.382260,0.00529570,114.7441,1,0.052270,323.412200
2015-10-30,0.00218019,91.8753,1,0.022031,160.673270,-0.00733520,114.0106,1,0.046250,300.583360
2015-11-02,-0.00498543,91.3768,1,0.020973,161.504970,-0.00684469,113.3261,1,0.047919,320.006810
2015-11-03,-0.02413887,88.9629,1,0.022587,142.950590,0.01013208,114.3394,0,0.000000,0.000000
2015-11-04,0.01139630,90.1025,1,0.023800,160.435660,-0.01357971,112.9814,1,0.040891,264.150417
2015-11-05,-0.00563896,89.5386,1,0.022246,139.899930,0.00181469,113.1629,1,0.055491,379.346120
2015-11-06,-0.00426403,89.1122,1,0.025613,142.358050,-0.00183643,112.9792,1,0.045423,300.617060
2015-11-09,0.00340870,89.4531,1,0.026990,162.052890,-0.03489904,109.4893,1,0.050814,340.846020
2015-11-10,0.00972262,90.4254,1,0.017418,121.406160,-0.00843961,108.6453,0,0.000000,0.000000
2015-11-11,0.00932536,91.3579,1,0.030594,182.124720,0.02018880,110.6642,1,0.050230,341.474760
2015-11-12,-0.00245539,91.1124,1,0.033879,201.903830,0.00265406,110.9296,1,0.037554,262.250570
2015-11-13,-0.01066220,90.0461,1,0.030040,140.639780,0.00511802,111.4414,0,0.000000,0.000000
2015-11-16,-0.00617887,89.4283,1,0.019697,102.411740,-0.00006409,111.4350,1,0.046779,279.643452
2015-11-17,-0.00482853,88.9454,1,0.025423,162.202310,0.00739722,112.1747,0,0.000000,0.000000
2015-11-18,0.00395266,89.3407,1,0.027684,200.954730,-0.00205725,111.9690,1,0.047025,262.100573
2015-11-19,0.00057032,89.3977,1,0.022738,163.400030,0.00333587,112.3026,0,0.000000,0.000000
2015-11-20,0.00665266,90.0630,1,0.029484,141.275350,0.00016386,112.3190,1,0.049254,323.411169
2015-11-23,-0.00302977,89.7600,1,0.017237,120.955130,-0.01313417,111.0056,1,0.044157,320.790160
2015-11-24,0.00312237,90.0722,1,0.021833,181.093380,-0.00115562,110.8900,1,0.041972,342.692180
2015-11-25,-0.00219410,89.8528,1,0.021670,162.223510,-0.00528717,110.3613,1,0.046937,301.352910
2015-11-27,0.00460049,90.3129,1,0.015791,121.113020,0.00505994,110.8673,1,0.046806,281.277980
2015-11-30,-0.00097617,90.2152,1,0.019947,121.054020,-0.01480931,109.3864,0,0.000000,0.000000
2015-12-01,0.00213014,90.4283,1,0.018346,120.871870,0.00522660,109.9090,1,0.052080,379.430487
2015-12-02,0.00422439,90.8507,1,0.025461,162.533940,-0.00513736,109.3953,1,0.036036,262.514500
2015-12-03,-0.00987619,89.8631,1,0.025119,180.860700,-0.00350295,109.0450,0,0.000000,0.000000
2015-12-04,-0.00395145,89.4679,1,0.018025,101.492980,0.00388200,109.4332,0,0.000000,0.000000
2015-12-07,-0.00756793,88.7111,1,0.022163,143.586200,-0.00283455,109.1497,0,0.000000,0.000000
2015-12-08,-0.00695116,88.0160,1,0.016346,101.168270,0.01124201,110.2739,1,0.048799,337.934186
2015-12-09,0.00357579,88.3736,1,0.026541,160.820170,-0.01631517,108.6424,1,0.035527,281.352860
2015-12-10,0.00243122,88.6167,1,0.028408,160.333180,-0.01360869,107.2815,1,0.048979,340.563610
2015-12-11,-0.00272752,88.3440,1,0.017742,120.517890,-0.00941914,106.3396,1,0.054044,340.312070
2015-12-14,-0.01103612,87.2404,1,0.020432,121.752450,-0.00317082,106.0226,1,0.051742,339.135130
2015-12-15,0.00509693,87.7501,1,0.021207,121.572160,-0.00306618,105.7159,1,0.046358,301.182760
2015-12-16,0.00441071,88.1911,1,0.025339,163.143980,0.00016407,105.7323,0,0.000000,0.000000
2015-12-17,0.00524909,88.7160,1,0.014171,123.394510,0.00142118,105.8745,0,0.000000,0.000000
2015-12-18,0.00566967,89.2830,1,0.033733,160.786100,0.01485966,107.3604,0,0.000000,0.000000
2015-12-21,-0.00637934,88.6451,1,0.026174,101.314480,0.00430031,107.7905,0,0.000000,0.000000
2015-12-22,-0.00217046,88.4280,1,0.021506,162.010120,0.00655381,108.4458,1,0.037779,282.435030
2015-12-23,0.00245902,88.6739,1,0.024658,122.517560,-0.01398896,107.0469,0,0.000000,0.000000
2015-12-24,-0.00115746,88.5582,1,0.022456,161.747640,0.00588177,107.6351,0,0.000000,0.000000
2015-12-28,0.00638838,89.1970,1,0.019562,100.762210,-0.00337227,107.2979,1,0.062657,284.721881
2015-12-29,-0.00291448,88.9056,1,0.012948,101.210640,-0.00445750,106.8521,1,0.063410,320.847150
2015-12-30,0.00207335,89.1129,1,0.020265,142.000040,0.00122981,106.9751,0,0.000000,0.000000
2015-12-31,0.00239589,89.3525,1,0.021411,140.337200,-0.00668702,106.3064,0,0.000000,0.000000
2016-01-04,-0.00956663,88.3958,1,0.022033,101.073480,-0.01300862,105.0056,0,0.000000,0.000000
2016-01-05,-0.00644309,87.7515,1,0.024009,140.675490,0.00819539,105.8251,0,0.000000,0.000000
2016-01-06,0.00524100,88.2756,1,0.019130,141.828700,0.01663225,107.4883,1,0.051595,278.494155
2016-01-07,-0.01388945,86.8867,1,0.014555,100.330970,0.00816589,108.3049,0,0.000000,0.000000
2016-01-08,-0.00690028,86.1967,1,0.014968,103.556630,-0.00720896,107.5840,0,0.000000,0.000000
2016-01-11,-0.01374987,84.8217,1,0.023067,140.492420,-0.00316489,107.2675,1,0.055109,353.626329
2016-01-12,-0.00954466,83.8672,1,0.022776,140.799820,0.00562751,107.8303,1,0.048039,299.720780
2016-01-13,-0.01660317,82.2069,1,0.018017,123.539270,0.00361155,108.1914,1,0.044465,261.706610
2016-01-14,0.00456841,82.6637,1,0.024939,121.260280,0.00627076,108.8185,0,0.000000,0.000000
2016-01-15,0.01341542,84.0053,1,0.023278,122.484820,-0.03403266,105.4152,1,0.058406,319.248634
2016-01-19,-0.02125414,81.8798,1,0.021244,123.801980,-0.01015515,104.3997,0,0.000000,0.000000
2016-01-20,0.00208577,82.0884,1,0.036473,181.112430,-0.01062474,103.3373,1,0.047294,318.510362
2016-01-21,0.01287655,83.3761,1,0.018475,121.260750,0.00942046,104.2793,1,0.061184,340.089620
2016-01-22,-0.00191870,83.1842,1,0.028230,141.701970,0.00752369,105.0317,1,0.049161,282.471290
2016-01-25,-0.00221135,82.9631,1,0.025805,144.642540,-0.01631600,103.4001,0,0.000000,0.000000
2016-01-26,-0.01299896,81.6632,1,0.025276,141.428710,-0.00413494,102.9866,1,0.064324,381.382560
2016-01-27,0.01013797,82.6770,1,0.022033,83.582100,-0.01237346,101.7492,0,0.000000,0.000000
2016-01-28,-0.00293982,82.3830,1,0.020462,121.918910,0.01874337,103.6236,1,0.070583,381.280323
2016-01-29,0.01419102,83.8021,1,0.035208,161.888640,-0.00170172,103.4534,1,0.048182,263.529120
2016-02-01,0.00081704,83.8838,1,0.017986,106.680390,-0.00954864,102.4985,0,0.000000,0.000000
2016-02-02,-0.00376951,83.5068,1,0.037871,203.443130,0.00904680,103.4032,1,0.065380,367.939149
2016-02-03,0.00374980,83.8818,1,0.025130,142.431040,-0.00021740,103.3815,0,0.000000,0.000000
2016-02-04,0.02510885,86.3927,1,0.027405,162.876910,0.00280911,103.6624,1,0.068569,319.368853
2016-02-05,0.01032946,87.4257,1,0.024324,141.984670,-0.00461279,103.2011,1,0.046499,261.742200
2016-02-08,-0.00480479,86.9452,1,0.026529,201.680430,0.03845808,107.0469,1,0.046252,319.555960
2016-02-09,-0.00739397,86.2058,1,0.023487,160.888950,0.00369794,107.4167,1,0.018426,162.870220
2016-02-10,0.00918110,87.1239,1,0.024470,182.209530,0.00411258,107.8280,1,0.038542,302.780720
2016-02-11,-0.00810139,86.3138,1,0.024199,141.723200,0.00443034,108.2710,1,0.050156,262.237080
2016-02-12,0.01742026,88.0558,1,0.026154,181.368140,-0.00709928,107.5611,0,0.000000,0.000000
2016-02-16,-0.00056093,87.9997,1,0.030763,183.926320,-0.00055644,107.5054,0,0.000000,0.000000
2016-02-17,-0.00355169,87.6445,1,0.031289,166.139530,0.00195939,107.7014,0,0.000000,0.000000
2016-02-18,0.01774496,89.4190,1,0.035664,182.990960,0.00136966,107.8383,0,0.000000,0.000000
2016-02-19,0.00625940,90.0450,1,0.026890,161.736060,0.00479602,108.3179,1,0.048818,328.943156
2016-02-22,-0.00616223,89.4287,1,0.021143,161.021830,-0.01619939,106.6980,1,0.057259,301.139400
2016-02-23,0.01139147,90.5679,1,0.031673,223.786040,-0.00057649,106.6403,0,0.000000,0.000000
2016-02-24,0.00189051,90.7569,1,0.038309,201.232100,-0.00222929,106.4174,1,0.057659,322.724341
2016-02-25,0.00010131,90.7671,1,0.030849,181.891680,-0.00987455,105.4300,1,0.054835,343.018250
2016-02-26,0.00413895,91.1810,1,0.016635,62.720520,-0.00341265,105.0887,0,0.000000,0.000000
2016-02-29,-0.00530784,90.6502,1,0.018694,102.628230,-0.01424115,103.6646,1,0.058365,342.747998
2016-03-01,-0.00595125,90.0550,1,0.019765,160.546670,-0.01899577,101.7650,1,0.058287,378.481290
2016-03-02,-0.00336485,89.7186,1,0.021815,164.211500,-0.01003365,100.7616,0,0.000000,0.000000
2016-03-03,0.00318216,90.0368,1,0.018724,120.893810,0.01164430,101.9261,1,0.055530,346.825325
2016-03-04,0.00282515,90.3193,1,0.036705,180.851040,0.00716403,102.6425,0,0.000000,0.000000
2016-03-07,-0.01210377,89.1089,1,0.026677,143.205240,0.00908857,103.5513,1,0.042853,284.149919
2016-03-08,0.02130355,91.2393,1,0.007495,82.865760,-0.01278211,102.2731,1,0.037271,302.311690
2016-03-09,-0.00492479,90.7468,1,0.016019,141.945610,0.01061909,103.3350,1,0.052301,318.253740
2016-03-10,-0.00300943,90.4458,1,0.010423,101.320080,-0.00799138,102.5359,1,0.038628,301.759770
2016-03-11,-0.00998665,89.4472,1,0.023175,181.147540,-0.00786596,101.7493,1,0.061446,321.252290
2016-03-14,-0.00252970,89.1942,1,0.010240,104.573330,0.00151630,101.9009,0,0.000000,0.000000
2016-03-15,0.00659805,89.8540,1,0.029715,180.110070,0.01635105,103.5360,1,0.039345,263.204531
2016-03-16,-0.01522508,88.3315,1,0.016588,121.182400,-0.00351939,103.1841,1,0.045039,221.345950
2016-03-17,-0.00904995,87.4265,1,0.026215,162.118660,-0.00187462,102.9966,0,0.000000,0.000000
2016-03-18,0.01380875,88.8074,1,0.010195,82.555960,-0.01508772,101.4879,0,0.000000,0.000000
2016-03-21,0.00137225,88.9446,1,0.013875,122.829410,0.00347672,101.8355,1,0.058988,364.839754
2016-03-22,-0.00580543,88.3641,1,0.017063,101.401800,-0.00147961,101.6876,1,0.046571,300.796400
2016-03-23,0.01795309,90.1594,1,0.016731,141.265720,-0.00785544,100.9020,1,0.037934,280.907070
2016-03-24,-0.00982286,89.1771,1,0.019956,141.313260,-0.01121849,99.7802,1,0.044039,319.170450
2016-03-28,-0.00078091,89.0990,1,0.024081,120.979050,-0.00912333,98.8678,1,0.057973,361.079750
2016-03-29,-0.00000845,89.0982,1,0.011565,101.129210,-0.00010217,98.8576,1,0.047527,360.466800
2016-03-30,-0.00016830,89.0813,1,0.026830,203.273380,-0.00138995,98.7186,0,0.000000,0.000000
2016-03-31,-0.00367765,88.7136,1,0.025155,120.965180,-0.01546235,97.1724,1,0.045375,322.345346
2016-04-01,0.01156296,89.8699,1,0.021774,141.652070,-0.01184160,95.9882,1,0.052690,340.601760
2016-04-04,0.00387446,90.2573,1,0.023874,142.078250,0.00019780,96.0080,1,0.053310,360.643410
2016-04-05,0.00564791,90.8221,1,0.020949,140.483960,-0.00608837,95.3992,1,0.036517,279.807690
2016-04-06,-0.00082389,90.7397,1,0.034849,160.828300,0.00026241,95.4254,0,0.000000,0.000000
2016-04-07,-0.00340868,90.3988,1,0.014978,123.310780,-0.01298957,94.1265,0,0.000000,0.000000
2016-04-08,0.00011289,90.4101,1,0.026191,161.215970,-0.00789704,93.3368,0,0.000000,0.000000
2016-04-11,0.00594259,91.0044,1,0.016171,102.052740,0.00452700,93.7895,1,0.049050,341.252541
2016-04-12,-0.00847390,90.1570,1,0.035880,160.467110,0.00241072,94.0305,1,0.046548,240.509630
2016-04-13,0.00732872,90.8899,1,0.013188,102.658530,0.00466181,94.4967,1,0.044269,302.460980
2016-04-14,-0.01459946,89.4299,1,0.019516,123.140260,0.01127370,95.6241,1,0.036280,322.310730
2016-04-15,0.00531588,89.9615,1,0.008562,81.163690,-0.00174179,95.4499,1,0.030539,240.886650
2016-04-18,-0.00283068,89.6784,1,0.015818,120.987770,-0.00378587,95.0713,1,0.035297,321.580520
2016-04-19,-0.01234344,88.4441,1,0.011914,121.589090,0.00376057,95.4474,0,0.000000,0.000000
2016-04-20,0.00340233,88.7843,1,0.014557,121.574050,-0.00543463,94.9039,1,0.027543,262.400952
2016-04-21,-0.01258322,87.5260,1,0.012882,101.005950,0.01103007,96.0069,1,0.046673,360.429220
2016-04-22,-0.00092152,87.4339,1,0.009982,102.162560,-0.00316726,95.6902,1,0.044626,319.313720
2016-04-25,0.00403600,87.8375,1,0.019110,121.950570,-0.01085243,94.6049,1,0.039753,341.397240
2016-04-26,-0.00806813,87.0306,1,0.014153,121.475810,-0.01233183,93.3718,1,0.051973,380.162070
2016-04-27,-0.00795982,86.2347,1,0.008952,81.819200,0.01565607,94.9374,1,0.046783,361.879630
2016-04-28,0.01810894,88.0456,1,0.010716,82.173690,-0.01823940,93.1134,1,0.056260,301.939710
2016-04-29,-0.00156051,87.8895,1,0.023371,141.681450,0.01082031,94.1955,1,0.053689,359.741020
2016-05-02,0.00716237,88.6057,1,0.026153,160.808980,-0.00785168,93.4103,1,0.040238,240.705660
2016-05-03,0.00749839,89.3556,1,0.028531,142.161150,-0.00168801,93.2415,0,0.000000,0.000000
2016-05-04,0.00979357,90.3349,1,0.018043,120.365190,0.01018811,94.2603,0,0.000000,0.000000
2016-05-05,0.00357137,90.6921,1,0.026953,161.227700,-0.00720264,93.5400,1,0.041894,281.789877
2016-05-06,0.00843417,91.5355,1,0.012933,120.921770,-0.00002863,93.5372,1,0.045233,321.684670
2016-05-09,0.00802312,92.3378,1,0.011788,121.996130,-0.00549780,92.9874,1,0.041110,281.338390
2016-05-10,-0.01060764,91.2770,1,0.030284,142.289040,-0.01340726,91.6467,1,0.043966,321.932470
2016-05-11,0.00008174,91.2852,1,0.019696,142.909020,-0.01874054,89.7726,0,0.000000,0.000000
2016-05-12,0.00848149,92.1334,1,0.021131,140.651350,0.00225174,89.9978,0,0.000000,0.000000
2016-05-13,-0.00435886,91.6975,1,0.019616,101.185800,-0.00187548,89.8102,1,0.049468,323.480751
2016-05-16,-0.00937273,90.7602,1,0.012363,101.527350,0.00932453,90.7427,1,0.044877,319.561660
2016-05-17,0.00026307,90.7865,1,0.010343,102.210290,0.00582192,91.3249,1,0.035778,262.768750
2016-05-18,-0.00938954,89.8476,1,0.011584,101.909310,0.01111933,92.4368,0,0.000000,0.000000
2016-05-19,0.00699182,90.5467,1,0.016608,101.727170,-0.01004130,91.4327,1,0.043610,299.195729
2016-05-20,-0.00470673,90.0761,1,0.007723,80.966990,-0.00769674,90.6630,1,0.057234,380.145680
2016-05-23,0.00028346,90.1044,1,0.016234,121.516310,-0.00346655,90.3164,1,0.044015,341.408540
2016-05-24,0.02118482,92.2229,1,0.018078,120.839080,0.01270220,91.5866,1,0.042810,320.589940
2016-05-25,-0.01274491,90.9484,1,0.023621,204.722520,0.01400144,92.9867,0,0.000000,0.000000
2016-05-26,0.00340819,91.2892,1,0.020741,141.885890,-0.01347630,91.6391,1,0.039000,245.403532
2016-05-27,0.00988211,92.2774,1,0.014199,121.126440,-0.00976900,90.6622,1,0.053810,380.276770
2016-05-31,0.01151899,93.4293,1,0.019421,161.977870,-0.00447913,90.2143,1,0.060353,401.530290
2016-06-01,-0.00061581,93.3678,1,0.013881,140.839760,-0.00440268,89.7740,1,0.048948,359.748960
2016-06-02,-0.00790201,92.5776,1,0.015181,120.898560,0.00051737,89.8258,1,0.048543,360.694200
2016-06-03,0.00871792,93.4493,1,0.022778,121.676460,-0.00253116,89.5726,0,0.000000,0.000000
2016-06-06,-0.00083358,93.3660,1,0.021038,140.772570,0.00180298,89.7529,1,0.055112,321.004329
2016-06-07,-0.00201418,93.1646,1,0.018518,120.473060,0.00422993,90.1759,1,0.040307,281.755450
2016-06-08,0.00174748,93.3393,1,0.020002,120.653380,-0.00894711,89.2812,1,0.039601,281.127180
2016-06-09,0.01200235,94.5396,1,0.024375,160.759290,-0.00391717,88.8895,1,0.045887,320.483830
2016-06-10,-0.00116154,94.4234,1,0.016994,121.866590,0.01468916,90.3584,1,0.034274,300.018150
2016-06-13,-0.00221730,94.2017,1,0.022090,140.561020,0.00193309,90.5517,1,0.026531,180.990630
2016-06-14,-0.00552920,93.6488,1,0.019020,140.342640,-0.00085837,90.4659,0,0.000000,0.000000
2016-06-15,-0.00136024,93.5127,1,0.010364,61.607920,-0.00805310,89.6606,1,0.033590,300.048735
2016-06-16,0.00827408,94.3401,1,0.007762,80.877400,-0.00359176,89.3014,1,0.048936,380.026760
2016-06-17,-0.00538929,93.8012,1,0.014939,80.394310,-0.00689389,88.6120,1,0.047699,360.799440
2016-06-20,0.01050811,94.8520,1,0.018329,101.587070,-0.00608798,88.0032,1,0.048358,380.822950
2016-06-21,0.00203970,95.0560,1,0.017700,121.980600,-0.00255590,87.7476,1,0.046740,361.425460
2016-06-22,-0.00010004,95.0460,1,0.010304,101.185170,-0.00548203,87.1994,1,0.037893,320.784710
2016-06-23,-0.00085958,94.9600,1,0.019328,180.548360,-0.00092626,87.1068,1,0.042936,320.418290
2016-06-24,0.02847678,97.8077,1,0.015502,122.255110,0.00467107,87.5739,0,0.000000,0.000000
2016-06-27,0.00847308,98.6550,1,0.023552,140.939620,0.00315804,87.8897,0,0.000000,0.000000
2016-06-28,0.01207788,99.8628,1,0.019582,141.532500,-0.03309293,84.5804,1,0.035753,319.279267
2016-06-29,0.01922967,101.7858,1,0.024653,183.367690,-0.02274735,82.3057,0,0.000000,0.000000
2016-06-30,-0.00642090,101.1437,1,0.015900,142.871320,0.01301961,83.6076,0,0.000000,0.000000
2016-07-01,0.00154466,101.2981,1,0.027934,164.948570,-0.01323078,82.2846,0,0.000000,0.000000
2016-07-05,-0.00025690,101.2725,1,0.028730,160.836940,-0.02306288,79.9783,1,0.048248,369.564563
2016-07-06,0.00436932,101.7094,1,0.021018,180.719680,-0.01212228,78.7660,1,0.045408,379.064840
2016-07-07,0.00197979,101.9074,1,0.022371,201.241610,0.00424783,79.1908,1,0.058147,400.764120
2016-07-08,0.00916835,102.8242,1,0.023195,160.622190,0.00952251,80.1431,1,0.033299,280.699050
2016-07-11,0.00458171,103.2824,1,0.012119,103.088230,-0.00057276,80.0858,0,0.000000,0.000000
2016-07-12,-0.00685380,102.5970,1,0.012200,121.298950,0.01694084,81.7799,1,0.038756,324.670183
2016-07-13,-0.00193077,102.4039,1,0.015957,141.247060,-0.01423566,80.3563,1,0.029736,242.245740
2016-07-14,-0.00157183,102.2467,1,0.012183,80.944100,-0.00326181,80.0301,1,0.052511,400.031530
2016-07-15,0.00121008,102.3677,1,0.019762,120.605180,-0.00327944,79.7022,1,0.046184,320.194530
2016-07-18,-0.00316140,102.0516,1,0.013900,100.843490,-0.00182864,79.5193,1,0.040684,320.236420
2016-07-19,0.01232124,103.2837,1,0.021666,160.512080,-0.00606348,78.9130,1,0.047488,340.139520
2016-07-20,0.00791986,104.0757,1,0.013864,141.051270,-0.00233898,78.6791,1,0.043218,340.068740
2016-07-21,0.00482907,104.5586,1,0.029393,181.087450,0.00387295,79.0664,1,0.033035,281.533940
2016-07-22,0.00516663,105.0753,1,0.026217,180.106600,0.00616453,79.6828,1,0.026867,260.368210
2016-07-25,-0.00144619,104.9307,1,0.013269,121.603920,0.00820878,80.5037,0,0.000000,0.000000
2016-07-26,-0.00054423,104.8762,1,0.015653,141.204270,-0.01199658,79.3041,1,0.037598,282.192056
2016-07-27,-0.00515893,104.3603,1,0.014423,142.124250,0.00584235,79.8883,1,0.041275,360.692380
2016-07-28,-0.00858829,103.5015,1,0.033339,160.400670,-0.00050548,79.8377,1,0.044958,299.458250
2016-07-29,0.00650072,104.1516,1,0.015678,121.999750,-0.00093285,79.7445,1,0.041605,321.398690
2016-08-01,-0.00432812,103.7188,1,0.025542,161.676730,-0.00756423,78.9880,1,0.031343,281.100800
2016-08-02,0.00402583,104.1214,1,0.014927,140.814090,0.00050198,79.0382,1,0.050802,319.694800
2016-08-03,0.00542229,104.6636,1,0.008601,80.217250,-0.01691946,77.3463,0,0.000000,0.000000
2016-08-04,-0.01152271,103.5113,1,0.017521,121.323490,-0.00777994,76.5683,1,0.059924,379.104816
2016-08-05,-0.00845810,102.6655,1,0.021340,140.731310,-0.00499205,76.0691,1,0.042695,340.071070
2016-08-08,-0.00802442,101.8631,1,0.009792,102.001350,-0.00403979,75.6651,1,0.045859,360.817950
2016-08-09,-0.00553306,101.3098,1,0.012436,101.386710,-0.00098176,75.5669,1,0.050296,340.452820
2016-08-10,0.00272956,101.5827,1,0.015874,161.232730,0.01089911,76.6568,1,0.035039,300.537420
2016-08-11,-0.00674485,100.9082,1,0.022005,140.500250,-0.00398182,76.2587,1,0.032392,241.597210
2016-08-12,0.00046494,100.9547,1,0.012936,101.953900,-0.00110278,76.1484,1,0.040068,341.336370
2016-08-15,-0.00440339,100.5144,1,0.019739,161.133430,-0.02055179,74.0932,1,0.035839,320.422570
2016-08-16,-0.00168647,100.3457,1,0.019317,141.829580,0.00877722,74.9709,1,0.051298,381.048300
2016-08-17,0.00724339,101.0701,1,0.011381,120.746290,-0.00484277,74.4866,0,0.000000,0.000000
2016-08-18,-0.00188987,100.8811,1,0.020067,161.141920,0.00679219,75.1659,1,0.044991,339.469025
2016-08-19,-0.00270610,100.6105,1,0.019330,142.454040,-0.01323579,73.8423,0,0.000000,0.000000
2016-08-22,0.00809836,101.4203,1,0.008834,80.767340,-0.00323149,73.5191,1,0.047669,382.277723
2016-08-23,0.02062151,103.4825,1,0.024679,140.612350,-0.00679470,72.8397,1,0.044450,320.319240
2016-08-24,0.00849831,104.3323,1,0.018879,161.449090,-0.00225224,72.6144,1,0.040284,299.841960
2016-08-25,0.00378886,104.7112,1,0.023994,159.744450,0.00003634,72.6181,1,0.046936,339.927660
2016-08-26,-0.00568573,104.1426,1,0.019843,160.286420,0.00274376,72.8925,1,0.032734,280.459090
2016-08-29,0.00751706,104.8943,1,0.022134,140.454070,-0.00943666,71.9488,1,0.043516,320.257910
2016-08-30,0.00243125,105.1374,1,0.017675,141.195260,0.00212216,72.1610,0,0.000000,0.000000
2016-08-31,0.01172345,106.3098,1,0.022625,180.556380,-0.00154710,72.0063,1,0.029940,260.397856
2016-09-01,0.00035710,106.3455,1,0.021640,180.048630,-0.00652089,71.3542,1,0.038329,340.846070
2016-09-02,0.00534136,106.8796,1,0.015714,101.500090,0.00045646,71.3999,1,0.034094,321.122160
2016-09-06,0.00250130,107.1298,1,0.020720,101.972770,0.00535175,71.9350,0,0.000000,0.000000
2016-09-07,-0.00210547,106.9192,1,0.016777,141.453590,-0.00185007,71.7500,1,0.033527,302.321861
2016-09-08,-0.01560863,105.3583,1,0.021553,181.550370,0.01053619,72.8036,1,0.038331,340.929860
2016-09-09,-0.00311344,105.0470,1,0.012684,141.884970,0.00760521,73.5642,1,0.037439,319.791910
2016-09-12,-0.00526715,104.5203,1,0.017775,121.962660,0.00346367,73.9105,0,0.000000,0.000000
2016-09-13,-0.00026063,104.4942,1,0.022013,163.314540,0.00268013,74.1785,0,0.000000,0.000000
2016-09-14,-0.00357501,104.1367,1,0.017691,121.228390,0.00402592,74.5811,0,0.000000,0.000000
2016-09-15,-0.00323591,103.8131,1,0.017981,161.059410,-0.00716705,73.8644,1,0.034385,278.627539
2016-09-16,0.00040965,103.8541,1,0.021485,142.574330,0.00431946,74.2964,0,0.000000,0.000000
2016-09-19,0.00372083,104.2262,1,0.017847,160.692550,0.00396632,74.6930,1,0.036148,302.493151
2016-09-20,-0.00079998,104.1462,1,0.006128,81.621450,0.00257659,74.9507,1,0.035731,321.565880
2016-09-21,-0.01352133,102.7940,1,0.022693,160.705310,-0.00012239,74.9384,1,0.031449,300.156650
2016-09-22,-0.00018895,102.7752,1,0.009595,63.129200,0.00245952,75.1844,0,0.000000,0.000000
2016-09-23,-0.00576385,102.1988,1,0.009055,82.110080,0.00075529,75.2599,0,0.000000,0.000000
2016-09-26,-0.00516903,101.6819,1,0.016123,121.280930,0.00978692,76.2386,1,0.027478,303.887579
2016-09-27,0.00969283,102.6511,1,0.013617,120.797600,-0.01385213,74.8534,1,0.039313,279.856790
2016-09-28,-0.01429746,101.2214,1,0.020016,161.153020,-0.00231645,74.6217,1,0.046165,360.108080
2016-09-29,0.00136979,101.3584,1,0.020501,142.793030,0.00278686,74.9004,1,0.036484,321.728620
2016-09-30,0.01262839,102.6212,1,0.010151,101.391540,-0.00020704,74.8797,0,0.000000,0.000000
2016-10-03,-0.00510120,102.1111,1,0.005320,60.609710,0.00302081,75.1818,1,0.034189,300.184352
2016-10-04,0.00294813,102.4059,1,0.014017,121.044660,0.00714203,75.8960,1,0.025597,241.087570
2016-10-05,-0.02105050,100.3009,1,0.021770,140.651810,0.01978556,77.8746,0,0.000000,0.000000
2016-10-06,-0.00199870,100.1010,1,0.010870,61.837800,0.00203192,78.0778,1,0.025508,202.601595
2016-10-07,0.00703293,100.8043,1,0.011917,101.208720,-0.01111942,76.9658,1,0.037922,301.041800
2016-10-10,0.00089690,100.8940,1,0.015720,121.122730,-0.00540402,76.4254,1,0.042562,358.691340
2016-10-11,-0.00068033,100.8259,1,0.013953,121.428190,-0.00559082,75.8663,0,0.000000,0.000000
2016-10-12,0.00066440,100.8924,1,0.015020,120.553240,-0.00487489,75.3788,0,0.000000,0.000000
2016-10-13,-0.00289242,100.6031,1,0.019482,121.309200,0.01861811,77.2406,1,0.047719,360.567122
2016-10-14,0.00292024,100.8952,1,0.011816,100.955860,-0.00619799,76.6209,1,0.027969,221.113190
2016-10-17,0.00318611,101.2138,1,0.016699,120.610280,0.00109503,76.7304,1,0.049767,359.901430
2016-10-18,-0.00473131,100.7406,1,0.017721,140.421710,-0.00041601,76.6888,1,0.039111,300.151230
2016-10-19,0.00074495,100.8151,1,0.022015,181.103990,-0.00702963,75.9858,0,0.000000,0.000000
2016-10-20,-0.00506638,100.3085,1,0.011728,121.757430,0.00123527,76.1093,1,0.036793,362.535625
2016-10-21,0.00685798,100.9943,1,0.008852,100.976770,0.00388613,76.4979,1,0.043227,319.615500
2016-10-24,-0.00278725,100.7156,1,0.015445,140.808430,0.00095035,76.5930,1,0.030225,260.460620
2016-10-25,0.00311895,101.0275,1,0.015285,141.260200,-0.01439909,75.1531,1,0.036319,300.885920
2016-10-26,0.00151349,101.1788,1,0.014841,120.792460,-0.00454337,74.6987,1,0.031867,298.777350
2016-10-27,-0.00723890,100.4549,1,0.018170,141.732390,0.01367135,76.0659,1,0.038975,300.010830
2016-10-28,0.00643525,101.0985,1,0.010475,101.569300,-0.00932552,75.1333,1,0.028542,261.225110
2016-10-31,0.00083426,101.1819,1,0.019114,141.941860,0.00427412,75.5607,1,0.051108,321.820350
2016-11-01,0.00238631,101.4205,1,0.014319,102.816080,-0.00922312,74.6384,1,0.036272,262.199940
2016-11-02,-0.00483216,100.9373,1,0.016556,121.465830,-0.00658445,73.9800,1,0.047655,359.461700
2016-11-03,-0.00128110,100.8092,1,0.011980,121.631260,0.01799312,75.7793,1,0.043058,319.223510
2016-11-04,0.01002244,101.8114,1,0.026586,161.941770,-0.00326538,75.4527,1,0.035688,241.707590
2016-11-07,-0.00374823,101.4366,1,0.026643,181.904050,0.01216346,76.6691,1,0.033444,321.505470
2016-11-08,-0.00443378,100.9932,1,0.013728,143.499760,-0.01429037,75.2400,0,0.000000,0.000000
2016-11-09,-0.01700724,99.2925,1,0.017844,121.633910,-0.02619216,72.6208,1,0.046496,365.517566
2016-11-10,0.00493378,99.7859,1,0.014602,124.983840,0.03906086,76.5269,1,0.050424,381.449400
2016-11-11,-0.00134868,99.6510,1,0.023088,183.388940,0.01167096,77.6940,1,0.024674,242.580450
2016-11-14,-0.01401720,98.2493,1,0.021790,160.398580,0.02499756,80.1938,1,0.025884,261.791530
2016-11-15,-0.00396746,97.8526,1,0.022356,163.182510,-0.00969503,79.2243,1,0.032173,224.667600
2016-11-16,0.00726190,98.5787,1,0.010810,101.440210,0.00301202,79.5255,1,0.042588,342.410370
2016-11-17,0.00041081,98.6198,1,0.015799,141.119140,-0.01064149,78.4613,1,0.040209,280.877570
2016-11-18,0.00623187,99.2430,1,0.013303,141.868300,-0.00116536,78.3448,1,0.047356,341.494980
2016-11-21,0.00096015,99.3390,1,0.010955,101.386550,-0.01703687,76.6411,1,0.043477,319.680840
2016-11-22,0.00644454,99.9835,1,0.010536,82.326950,-0.00437092,76.2040,1,0.040442,281.272450
2016-11-23,-0.00798288,99.1852,1,0.013778,121.452430,-0.00725007,75.4790,1,0.038577,341.941490
2016-11-25,0.00924826,100.1100,1,0.015304,141.296930,-0.01050969,74.4280,1,0.039609,360.281230
2016-11-28,0.02059073,102.1691,1,0.023077,121.332170,-0.02333490,72.0945,0,0.000000,0.000000
2016-11-29,0.00334082,102.5032,1,0.026628,220.848470,0.00635340,72.7299,1,0.047630,381.985876
2016-11-30,-0.01213913,101.2893,1,0.017963,161.370750,-0.03712168,69.0177,1,0.033338,261.247790
2016-12-01,-0.00612540,100.6767,1,0.017070,160.552610,0.01857533,70.8752,1,0.046887,379.806430
2016-12-02,0.01338529,102.0152,1,0.022671,160.765670,-0.01039948,69.8353,1,0.033098,220.895760
2016-12-05,-0.00032366,101.9829,1,0.017466,201.677900,-0.00152060,69.6832,1,0.047950,381.068090
2016-12-06,-0.00340486,101.6424,1,0.018216,182.470420,0.00160054,69.8433,1,0.038076,322.296210
2016-12-07,-0.00243312,101.3991,1,0.014582,122.279050,-0.00787603,69.0557,1,0.039453,321.717070
2016-12-08,0.01531045,102.9301,1,0.008315,103.304810,-0.00831151,68.2245,0,0.000000,0.000000
2016-12-09,0.00398364,103.3285,1,0.017526,140.699660,-0.00498463,67.7261,1,0.048623,343.427050
2016-12-12,0.00328891,103.6574,1,0.017919,161.344010,0.01258372,68.9844,1,0.038798,340.735880
2016-12-13,-0.00178990,103.4784,1,0.016620,140.921230,-0.00431066,68.5534,1,0.023636,201.664530
2016-12-14,0.01210403,104.6888,1,0.019877,180.993510,-0.00099923,68.4534,1,0.037853,340.470850
2016-12-15,-0.01094587,103.5942,1,0.012697,121.952920,0.01183220,69.6367,1,0.051710,319.133310
2016-12-16,0.00282240,103.8764,1,0.022680,181.689690,-0.01157132,68.4795,1,0.017642,202.441130
2016-12-19,0.00269690,104.1461,1,0.016800,161.351020,0.00168818,68.6484,1,0.043252,379.890050
2016-12-20,0.00314476,104.4606,1,0.015354,160.669530,0.00170004,68.8184,1,0.030016,261.001870
2016-12-21,-0.00195623,104.2650,1,0.018943,160.907070,-0.00891109,67.9272,1,0.038729,320.958940
2016-12-22,-0.00759272,103.5057,1,0.009952,101.297180,-0.00177447,67.7498,1,0.031887,280.422760
2016-12-23,0.00067293,103.5730,1,0.012867,101.766920,-0.00045509,67.7043,1,0.041149,340.322280
2016-12-27,0.00143619,103.7166,1,0.006481,61.358760,0.00004023,67.7083,1,0.027397,321.152320
2016-12-28,-0.00480009,103.2366,1,0.016029,160.847300,0.00137035,67.8453,1,0.039895,340.818080
2016-12-29,0.00024506,103.2611,1,0.016514,140.614820,-0.00229251,67.6161,0,0.000000,0.000000
2016-12-30,-0.00588652,102.6725,1,0.010982,101.333280,-0.00285126,67.3310,1,0.042306,339.591395
2017-01-03,-0.00110768,102.5617,1,0.010738,120.623910,-0.00912363,66.4186,1,0.041063,359.907100
2017-01-04,0.00168485,102.7302,1,0.026615,141.760650,0.00524195,66.9428,1,0.044205,341.587080
2017-01-05,0.01126928,103.8571,1,0.023552,162.472300,0.00149037,67.0918,0,0.000000,0.000000
2017-01-06,-0.00132632,103.7245,1,0.010892,101.142580,-0.00039297,67.0525,1,0.038217,322.211303
2017-01-09,0.00577987,104.3025,1,0.020113,181.877160,0.00521447,67.5740,1,0.045553,321.655920
2017-01-10,0.01402504,105.7050,1,0.014816,100.749940,0.01092202,68.6662,1,0.045788,320.210680
2017-01-11,0.01317539,107.0225,1,0.015351,120.962560,-0.01158753,67.5074,1,0.031213,261.597870
2017-01-12,-0.00977448,106.0451,1,0.010558,101.998750,-0.00202316,67.3051,1,0.043416,360.664300
2017-01-13,0.00997034,107.0421,1,0.018266,141.287110,-0.00267429,67.0377,1,0.040649,300.412540
2017-01-17,0.00428110,107.4702,1,0.011340,81.034380,-0.01285346,65.7523,1,0.046406,340.780160
2017-01-18,0.00179671,107.6499,1,0.007119,81.711750,-0.00946170,64.8062,1,0.043720,360.233920
2017-01-19,-0.01002240,106.6476,1,0.023470,160.971810,0.00015956,64.8221,1,0.049304,381.069750
2017-01-20,-0.00314527,106.3331,1,0.016627,141.002210,0.00240301,65.0624,0,0.000000,0.000000
2017-01-23,-0.00505437,105.8277,1,0.015057,121.347500,-0.00461998,64.6004,1,0.035228,300.275504
2017-01-24,-0.00028339,105.7993,1,0.012839,121.027880,-0.00174442,64.4260,1,0.035552,300.242870
2017-01-25,-0.00190970,105.6084,1,0.011170,122.465740,-0.00010750,64.4152,0,0.000000,0.000000
2017-01-26,0.00314559,105.9229,1,0.011791,121.824820,-0.00863045,63.5522,1,0.036025,304.398630
2017-01-27,0.00020938,105.9439,1,0.012592,100.809950,-0.00438504,63.1137,1,0.038734,360.005460
2017-01-30,0.00955446,106.8993,1,0.018694,140.283790,-0.00435772,62.6779,1,0.046302,340.594650
2017-01-31,0.00477074,107.3764,1,0.015156,140.708680,-0.00372093,62.3058,0,0.000000,0.000000
2017-02-01,-0.00057663,107.3187,1,0.018963,101.777570,0.00557852,62.8637,1,0.035788,319.497881
2017-02-02,0.00395649,107.7144,1,0.008211,101.935900,-0.01373728,61.4900,1,0.041078,280.671280
2017-02-03,0.00110724,107.8251,1,0.016936,121.449420,0.01350137,62.8401,1,0.042553,360.930870
2017-02-06,0.00464883,108.2900,1,0.017627,101.424740,-0.00671619,62.1685,0,0.000000,0.000000
2017-02-07,-0.00889998,107.4000,1,0.018128,120.605630,0.00121931,62.2904,1,0.035099,318.944216
2017-02-08,-0.00505134,106.8949,1,0.010074,81.544490,-0.01482586,60.8078,1,0.038536,321.537950
2017-02-09,0.00614635,107.5095,1,0.017775,123.141180,-0.00202944,60.6049,1,0.045874,342.702930
2017-02-10,0.00427620,107.9371,1,0.016210,122.445530,-0.00422601,60.1823,1,0.043961,342.154230
2017-02-13,0.00072359,108.0095,1,0.013501,121.257810,-0.00152264,60.0300,1,0.042524,340.665460
2017-02-14,0.00368586,108.3781,1,0.008704,121.107060,-0.00516986,59.5130,1,0.041826,340.552300
2017-02-15,-0.00187435,108.1906,1,0.012585,121.243550,-0.00416737,59.0963,1,0.032117,320.765780
2017-02-16,0.00755523,108.9461,1,0.013697,141.889870,-0.00794557,58.3017,1,0.038597,361.339640
2017-02-17,-0.00583415,108.3627,1,0.018035,160.802620,0.01959059,60.2608,1,0.035651,360.488580
2017-02-21,0.00298328,108.6611,1,0.012332,100.357340,-0.01249230,59.0116,1,0.030770,242.414150
2017-02-22,0.00381406,109.0425,1,0.010884,101.722500,0.00188522,59.2001,0,0.000000,0.000000
2017-02-23,-0.00965555,108.0769,1,0.013995,140.533490,0.00778260,59.9783,1,0.032340,320.753787
2017-02-24,-0.00286574,107.7903,1,0.016024,141.648160,0.00066387,60.0447,1,0.046913,301.036880
2017-02-27,0.00783388,108.5737,1,0.018412,141.688970,-0.00676023,59.3687,1,0.039553,281.966460
2017-02-28,-0.00270051,108.3037,1,0.013001,100.948460,-0.01191709,58.1770,1,0.049219,320.833350
2017-03-01,0.00264211,108.5679,1,0.012349,100.695310,-0.01061693,57.1153,1,0.046933,359.838870
2017-03-02,-0.00149274,108.4186,1,0.012644,102.407000,0.01203426,58.3187,0,0.000000,0.000000
2017-03-03,-0.00047338,108.3713,1,0.009088,60.945530,0.00082233,58.4010,1,0.026607,241.741053
2017-03-06,0.00057355,108.4286,1,0.013205,61.188150,-0.00602518,57.7984,1,0.039508,320.671140
2017-03-07,-0.00050581,108.3780,1,0.014291,100.919620,0.00407773,58.2062,0,0.000000,0.000000
2017-03-08,0.00243198,108.6212,1,0.014012,120.579570,0.00150124,58.3563,1,0.034386,319.724440
2017-03-09,-0.00304434,108.3168,1,0.023154,181.391350,0.00200802,58.5571,1,0.031578,280.987310
2017-03-10,-0.01376063,106.9407,1,0.017183,160.625760,0.01640783,60.1979,1,0.033787,280.499360
2017-03-13,-0.00371877,106.5689,1,0.007177,62.571860,-0.00012153,60.1858,1,0.028673,242.497670
2017-03-14,0.00530181,107.0990,1,0.012209,80.960940,-0.00158020,60.0277,1,0.045960,340.259440
2017-03-15,0.00006675,107.1057,1,0.012345,120.521590,-0.00124306,59.9034,1,0.038796,359.648080
2017-03-16,0.00168812,107.2745,1,0.014958,102.549620,0.00306567,60.2100,0,0.000000,0.000000
2017-03-17,-0.00047656,107.2269,1,0.009796,100.912510,0.00360561,60.5706,1,0.031499,302.874449
2017-03-20,-0.00416303,106.8106,1,0.011973,121.179120,-0.00389002,60.1816,1,0.037232,281.039400
2017-03-21,-0.01031514,105.7791,1,0.011194,100.886170,-0.00051093,60.1305,1,0.045923,320.288070
2017-03-22,0.00007866,105.7869,1,0.012894,121.235960,-0.00168384,59.9621,1,0.045964,339.769330
2017-03-23,0.00616022,106.4029,1,0.009358,101.005140,-0.00294277,59.6678,1,0.040887,340.891740
2017-03-24,-0.00372912,106.0300,1,0.014442,160.342040,0.00060997,59.7288,1,0.038353,340.328550
2017-03-27,-0.00226054,105.8040,1,0.012494,100.916890,0.00137423,59.8662,1,0.035007,320.414170
2017-03-28,0.00946050,106.7500,1,0.006550,60.891360,-0.01341688,58.5245,1,0.038688,320.101770
2017-03-29,-0.00112603,106.6374,1,0.011913,121.115700,0.00593493,59.1180,1,0.047697,362.379740
2017-03-30,0.00038363,106.6758,1,0.008257,100.863310,-0.00460264,58.6578,1,0.041524,321.193030
2017-03-31,0.00157279,106.8331,1,0.012271,140.889640,-0.00002036,58.6557,1,0.043966,340.259540
2017-04-03,-0.00626388,106.2067,1,0.015338,141.295930,-0.00352885,58.3029,1,0.047325,340.777850
2017-04-04,-0.00450674,105.7560,1,0.012514,81.639890,0.00566505,58.8694,1,0.040775,340.410700
2017-04-05,-0.00119181,105.6368,1,0.012451,101.174420,0.00106917,58.9763,1,0.032963,241.304540
2017-04-06,-0.00891643,104.7452,1,0.017333,140.940370,-0.00121568,58.8547,1,0.040128,319.725300
2017-04-07,0.00220031,104.9652,1,0.009809,101.665690,-0.00420050,58.4347,1,0.041870,360.922320
2017-04-10,-0.00390013,104.5752,1,0.013473,120.405320,-0.00656484,57.7782,1,0.037324,339.985840
2017-04-11,0.00472853,105.0481,1,0.014887,81.370380,0.00081842,57.8600,1,0.032678,300.486560
2017-04-12,0.00361266,105.4093,1,0.016084,140.518340,-0.00718556,57.1415,1,0.030776,280.525800
2017-04-13,0.00187043,105.5964,1,0.023787,180.480550,0.00551857,57.6933,1,0.043533,359.487080
2017-04-17,0.00662520,106.2589,1,0.011930,120.515790,-0.01481284,56.2120,0,0.000000,0.000000
2017-04-18,0.00101264,106.3601,1,0.016086,141.996330,0.00630889,56.8429,0,0.000000,0.000000
2017-04-19,0.00234305,106.5945,1,0.017365,140.921170,0.00059263,56.9022,1,0.036427,280.516698
2017-04-20,0.00234974,106.8294,1,0.016636,120.803070,0.00126694,57.0289,1,0.034836,320.201070
2017-04-21,0.00299745,107.1292,1,0.018285,121.411330,-0.00556025,56.4729,1,0.028445,260.869870
2017-04-24,0.00282306,107.4115,1,0.016704,100.604090,-0.00275678,56.1972,1,0.047558,340.166420
2017-04-25,-0.00020068,107.3914,1,0.005628,61.426130,0.00273537,56.4707,0,0.000000,0.000000
2017-04-26,-0.00286970,107.1044,1,0.010230,120.759440,-0.00212890,56.2578,1,0.040760,302.626791
2017-04-27,0.00884020,107.9885,1,0.015900,101.672600,0.00871432,57.1293,1,0.060838,341.045110
2017-04-28,0.00696919,108.6854,1,0.010551,101.558240,-0.01190969,55.9383,1,0.045319,321.579770
2017-05-01,-0.00821892,107.8635,1,0.019862,180.991210,0.00316255,56.2545,1,0.042715,359.182890
2017-05-02,-0.00721270,107.1422,1,0.019190,141.201250,0.00222733,56.4773,1,0.032697,281.001870
2017-05-03,-0.00176091,106.9661,1,0.018361,160.152660,0.00090907,56.5682,1,0.035593,320.619250
2017-05-04,-0.00259948,106.7062,1,0.021878,141.414330,-0.01128684,55.4395,1,0.043134,319.733520
2017-05-05,0.00593155,107.2993,1,0.012325,122.553970,-0.01367332,54.0722,1,0.035622,361.361030
2017-05-08,-0.00703260,106.5961,1,0.023400,121.806600,0.01038498,55.1107,1,0.052842,380.999970
2017-05-09,-0.00233454,106.3626,1,0.007154,81.552140,-0.00650427,54.4602,1,0.030247,260.768080
2017-05-10,0.00310022,106.6726,1,0.010078,121.389520,0.00071851,54.5321,1,0.029679,301.032860
2017-05-11,-0.00159563,106.5131,1,0.007723,101.390840,-0.00169314,54.3628,1,0.029954,300.791570
2017-05-12,-0.00619732,105.8933,1,0.013692,140.677540,0.00293498,54.6563,1,0.035822,299.873700
2017-05-15,-0.00079457,105.8139,1,0.017027,120.405760,-0.00487515,54.1688,1,0.029295,260.570140
2017-05-16,-0.01203159,104.6107,1,0.010609,81.199490,0.00096751,54.2655,0,0.000000,0.000000
2017-05-17,0.02287960,106.8987,1,0.009930,121.211030,-0.02597864,51.6676,1,0.039854,321.514597
2017-05-18,-0.00578684,106.3200,1,0.015264,121.695310,0.00458846,52.1265,1,0.044864,378.088950
2017-05-19,-0.01999809,104.3202,1,0.014299,121.276860,0.01739974,53.8665,1,0.043896,341.631750
2017-05-22,0.00048619,104.3688,1,0.008691,83.259890,0.00586994,54.4535,0,0.000000,0.000000
2017-05-23,-0.00102346,104.2665,1,0.010456,101.740730,-0.00503090,53.9504,0,0.000000,0.000000
2017-05-24,0.00304536,104.5710,1,0.011694,101.043050,-0.00251810,53.6986,1,0.034540,305.142366
2017-05-25,-0.00051723,104.5193,1,0.002873,41.199630,0.00736211,54.4348,1,0.033899,300.791150
2017-05-26,0.01900255,106.4195,1,0.009585,82.049270,-0.02344977,52.0898,1,0.042887,301.682370
2017-05-30,-0.00064623,106.3549,1,0.008353,82.688220,0.00461594,52.5514,1,0.036766,361.738730
2017-05-31,-0.00986120,105.3688,1,0.010550,100.580810,0.01064417,53.6158,1,0.028633,260.515140
2017-06-01,0.00325636,105.6944,1,0.008904,81.567450,-0.00005635,53.6102,1,0.019465,201.634290
2017-06-02,-0.00032978,105.6615,1,0.008988,81.598800,0.00615547,54.2257,0,0.000000,0.000000
2017-06-05,-0.00875060,104.7864,1,0.008070,81.377130,0.00118381,54.3441,1,0.033529,303.055164
2017-06-06,-0.00078416,104.7080,1,0.010226,81.492590,-0.00254156,54.0899,1,0.029466,300.279010
2017-06-07,-0.00030825,104.6772,1,0.004355,41.895490,-0.01009515,53.0804,1,0.037365,320.041690
2017-06-08,0.00420918,105.0981,1,0.009772,81.381830,-0.00767688,52.3127,1,0.039458,300.037270
2017-06-09,0.01627031,106.7251,1,0.021559,181.375570,0.00247966,52.5607,1,0.044854,380.809530
2017-06-12,0.00583300,107.3084,1,0.010760,83.226650,0.00593522,53.1542,1,0.034208,300.972180
2017-06-13,0.00283553,107.5920,1,0.008517,80.820160,-0.00261029,52.8932,1,0.032829,281.071630
2017-06-14,0.01063997,108.6559,1,0.014203,121.901790,-0.00304314,52.5889,0,0.000000,0.000000
2017-06-15,0.00296471,108.9524,1,0.008399,120.210140,0.01364585,53.9535,1,0.038925,381.448756
2017-06-16,0.01158798,110.1112,1,0.019702,160.871090,0.01433455,55.3869,1,0.034585,261.731270
2017-06-19,0.00033786,110.1450,1,0.018964,140.380900,-0.00005800,55.3811,1,0.030550,281.592380
2017-06-20,0.00246508,110.3915,1,0.013772,121.999590,0.00163732,55.5449,1,0.028038,281.886830
2017-06-21,-0.01291932,109.0996,1,0.012082,120.966000,0.00890064,56.4349,1,0.029226,259.854470
2017-06-22,0.00417877,109.5175,1,0.006873,101.430010,0.00546729,56.9816,1,0.032141,320.981250
2017-06-23,-0.00263516,109.2539,1,0.020826,160.812650,0.00143163,57.1248,1,0.028337,280.353170
2017-06-26,0.01043817,110.2978,1,0.006273,81.541530,-0.01151601,55.9732,1,0.025961,281.955480
2017-06-27,0.00530786,110.8285,1,0.007284,80.790890,0.01356429,57.3296,1,0.049191,400.180320
2017-06-28,-0.00235510,110.5930,1,0.011450,81.647170,-0.01505525,55.8241,0,0.000000,0.000000
2017-06-29,0.00378380,110.9714,1,0.013670,121.421140,-0.00889785,54.9343,1,0.051515,399.126468
2017-06-30,0.00154656,111.1261,1,0.014574,121.010210,0.00499771,55.4341,0,0.000000,0.000000
2017-07-03,-0.00304757,110.8213,1,0.008917,81.250790,-0.00206501,55.2276,1,0.029911,259.027819
2017-07-05,-0.00145592,110.6757,1,0.010272,81.700000,-0.02317749,52.9098,1,0.058759,321.017410
2017-07-06,0.00246319,110.9220,1,0.012191,161.970460,0.00896863,53.8067,1,0.038677,399.995550
2017-07-07,-0.00771636,110.1504,1,0.021096,180.127330,0.01450357,55.2571,0,0.000000,0.000000
2017-07-10,-0.00000056,110.1503,1,0.012836,101.951880,0.00374475,55.6315,1,0.018285,181.453833
2017-07-11,-0.00488004,109.6623,1,0.009244,82.185040,0.00479642,56.1112,1,0.037698,301.628840
2017-07-12,0.00061966,109.7243,1,0.016534,160.756580,-0.00035067,56.0761,1,0.028197,260.763720
2017-07-13,0.00051428,109.7757,1,0.017722,141.695440,-0.00326100,55.7500,0,0.000000,0.000000
2017-07-14,-0.00157702,109.6180,1,0.017142,160.699250,-0.00098616,55.6514,1,0.038496,361.678141
2017-07-17,0.00469678,110.0877,1,0.017142,180.561440,0.00024234,55.6756,1,0.037086,340.745260
2017-07-18,0.00168091,110.2558,1,0.012949,161.456780,-0.00686226,54.9894,1,0.024306,261.266880
2017-07-19,0.00122388,110.3782,1,0.008622,120.947840,-0.00682693,54.3067,1,0.032433,340.378440
2017-07-20,-0.00802966,109.5752,1,0.011646,122.386350,-0.00066157,54.2406,0,0.000000,0.000000
2017-07-21,0.00336876,109.9121,1,0.011654,142.070780,-0.00208923,54.0316,1,0.035193,302.197304
2017-07-24,-0.00288050,109.6241,1,0.011380,121.023010,0.00149296,54.1809,1,0.030024,320.879790
2017-07-25,0.00408423,110.0325,1,0.014617,122.167330,-0.00712402,53.4685,1,0.040952,321.235860
2017-07-26,0.00767025,110.7995,1,0.010635,101.614560,-0.00966583,52.5019,1,0.028303,300.838710
2017-07-27,0.00684245,111.4837,1,0.012335,101.860980,-0.01123829,51.3781,1,0.043439,360.535480
2017-07-28,-0.00858073,110.6257,1,0.014643,121.547680,-0.02097937,49.2802,1,0.039617,359.519610
2017-07-31,0.00888701,111.5144,1,0.024909,161.588050,-0.00502811,48.7774,1,0.049131,341.276600
2017-08-01,0.00388829,111.9032,1,0.015761,140.820210,0.00418527,49.1959,1,0.048463,340.432320
2017-08-02,-0.00298959,111.6042,1,0.014409,180.802910,-0.00061658,49.1342,1,0.028988,301.515770
2017-08-03,-0.00813166,110.7911,1,0.013866,120.848830,0.00656345,49.7906,1,0.033045,280.324950
2017-08-04,0.00300592,111.0917,1,0.014338,140.384500,-0.00055782,49.7348,1,0.036132,341.715510
2017-08-07,-0.00944744,110.1469,1,0.013984,141.532290,-0.00141429,49.5934,1,0.035719,321.501010
2017-08-08,0.00906564,111.0535,1,0.015326,122.430420,-0.01012559,48.5808,1,0.035709,261.290350
2017-08-09,-0.00782600,110.2709,1,0.017130,180.899310,0.00217696,48.7985,1,0.037944,338.751730
2017-08-10,0.00200016,110.4709,1,0.011204,141.112710,-0.00053751,48.7448,1,0.037041,300.087660
2017-08-11,0.00556751,111.0277,1,0.017919,141.095160,-0.00720781,48.0240,1,0.036791,319.489510
2017-08-14,-0.00242393,110.7853,1,0.012883,121.212930,-0.00327391,47.6966,1,0.036661,320.751970
2017-08-15,-0.01000695,109.7846,1,0.023805,181.913450,0.00078312,47.7749,0,0.000000,0.000000
2017-08-16,-0.00719602,109.0650,1,0.017552,181.413690,0.00087535,47.8624,1,0.036355,322.257717
2017-08-17,-0.00107663,108.9573,1,0.012323,121.573750,0.00061424,47.9239,1,0.038956,320.794110
2017-08-18,-0.01103048,107.8543,1,0.010728,101.548360,-0.00012845,47.9110,0,0.000000,0.000000
2017-08-21,-0.00165374,107.6889,1,0.008094,81.405720,-0.00411592,47.4994,1,0.038402,337.607637
2017-08-22,-0.01529012,106.1599,1,0.018242,200.857540,-0.00439508,47.0599,1,0.038308,340.689650
2017-08-23,-0.00350385,105.8095,1,0.018135,142.594010,-0.00114694,46.9452,1,0.044724,381.597300
2017-08-24,-0.00674070,105.1354,1,0.013620,120.800310,0.01874414,48.8196,1,0.032456,340.230090
2017-08-25,-0.00394591,104.7408,1,0.019201,179.930650,0.00126520,48.9462,1,0.027210,261.909090
2017-08-28,-0.00212808,104.5280,1,0.025198,181.347850,-0.00168650,48.7775,1,0.028320,261.609730
2017-08-29,-0.00727741,103.8003,1,0.008561,101.055630,-0.00081016,48.6965,1,0.030226,260.652510
2017-08-30,-0.00281230,103.5190,1,0.011920,101.208780,0.01345242,50.0417,1,0.031748,299.478650
2017-08-31,0.00108018,103.6271,1,0.011582,101.060170,0.00922623,50.9644,1,0.036217,302.296330
2017-09-01,-0.00283855,103.3432,1,0.012825,102.109760,-0.00705447,50.2589,1,0.039427,321.554180
2017-09-05,-0.00470686,102.8725,1,0.023426,161.251270,-0.00930893,49.3280,1,0.035573,320.863800
2017-09-06,0.00393463,103.2660,1,0.017707,181.367160,0.00309489,49.6375,1,0.038131,359.981900
2017-09-07,-0.01034947,102.2310,1,0.020127,160.828250,-0.00082023,49.5555,1,0.030423,301.379160
2017-09-08,0.01187964,103.4190,1,0.011626,61.791340,-0.00262271,49.2932,1,0.031331,301.890380
2017-09-11,-0.00190211,103.2288,1,0.016421,141.663970,-0.00220954,49.0723,1,0.036324,301.588160
2017-09-12,-0.00135209,103.0936,1,0.014989,122.655750,-0.00520415,48.5518,0,0.000000,0.000000
2017-09-13,-0.00526473,102.5671,1,0.011903,140.544980,0.00792103,49.3439,1,0.041787,342.284466
2017-09-14,-0.00514301,102.0528,1,0.011371,81.153010,-0.00786795,48.5571,1,0.034095,300.801730
2017-09-15,0.00251875,102.3047,1,0.016645,140.688650,-0.00478873,48.0783,1,0.031593,359.673820
2017-09-18,-0.00634901,101.6698,1,0.015891,100.815220,-0.00652273,47.4260,1,0.030343,301.295140
2017-09-19,0.00063383,101.7332,1,0.009967,81.946530,0.00100092,47.5261,1,0.041898,380.416970
2017-09-20,-0.00826858,100.9063,1,0.015548,121.112110,0.01350521,48.8766,1,0.039299,300.022370
2017-09-21,-0.00013075,100.8932,1,0.009725,81.692510,0.00607636,49.4842,1,0.026244,241.914160
2017-09-22,-0.00320410,100.5728,1,0.014540,120.670770,-0.00074416,49.4098,1,0.027206,260.241480
2017-09-25,0.00994623,101.5674,1,0.011067,121.272830,-0.00841891,48.5679,1,0.026571,260.682830
2017-09-26,-0.00582253,100.9852,1,0.017783,142.730530,0.00253347,48.8213,1,0.030343,321.563080
2017-09-27,-0.00971010,100.0142,1,0.017220,141.349710,0.01067225,49.8885,1,0.038845,320.790590
2017-09-28,0.00546093,100.5603,1,0.014387,141.538670,-0.00215213,49.6733,1,0.029433,281.716550
2017-09-29,-0.01049767,99.5105,1,0.017977,180.504980,-0.00337226,49.3361,1,0.030596,341.018940
2017-10-02,0.00795023,100.3055,1,0.014677,141.881530,-0.00591531,48.7445,1,0.023591,283.068310
2017-10-03,0.00179276,100.4848,1,0.016254,140.916220,-0.00328574,48.4160,1,0.037334,360.872800
2017-10-04,0.00200811,100.6856,1,0.018009,159.898430,-0.00555899,47.8601,1,0.032679,280.415580
2017-10-05,-0.00178279,100.5073,1,0.016129,141.092440,0.00330371,48.1904,0,0.000000,0.000000
2017-10-06,0.00082396,100.5897,1,0.016724,120.858290,-0.00037352,48.1531,1,0.039872,301.906966
2017-10-09,-0.00076197,100.5135,1,0.013947,160.934000,0.00137661,48.2908,1,0.033729,340.068260
2017-10-10,0.00558131,101.0717,1,0.013189,140.753110,-0.00864117,47.4266,1,0.035847,300.152890
2017-10-11,0.00866804,101.9385,1,0.016866,161.156180,-0.00232191,47.1944,1,0.036321,340.410110
2017-10-12,0.00450226,102.3887,1,0.015644,160.589210,0.00770584,47.9650,1,0.035106,340.781890
2017-10-13,0.00055237,102.4439,1,0.008193,81.185590,-0.00690009,47.2750,1,0.027889,301.576830
2017-10-16,-0.00064450,102.3795,1,0.012280,121.141870,-0.00397688,46.8773,1,0.035708,340.301440
2017-10-17,-0.00124333,102.2552,1,0.014743,120.275930,-0.00506747,46.3706,1,0.035657,320.269740
2017-10-18,0.00014197,102.2693,1,0.013723,140.790210,0.00339735,46.7103,1,0.041865,360.075490
2017-10-19,-0.00402934,101.8664,1,0.017204,140.386520,0.00709093,47.4194,1,0.033277,260.666660
2017-10-20,-0.01189448,100.6770,1,0.013238,101.602490,0.00339736,47.7591,1,0.039214,281.051370
2017-10-23,-0.00748788,99.9282,1,0.009488,82.033870,0.00111551,47.8707,1,0.037229,281.606270
2017-10-24,-0.00836688,99.0915,1,0.006688,101.078980,-0.00112602,47.7581,1,0.036152,320.305900
2017-10-25,0.00203123,99.2946,1,0.012337,121.110300,0.00466099,48.2242,1,0.040821,320.553970
2017-10-26,-0.00425858,98.8688,1,0.021268,160.224600,0.00477680,48.7019,1,0.039140,320.309200
2017-10-27,-0.02254642,96.6141,1,0.008142,81.533610,0.00103244,48.8051,1,0.042246,281.582240
2017-10-30,-0.00479700,96.1344,1,0.010900,104.473560,0.00361671,49.1668,1,0.038389,301.789330
2017-10-31,0.01225097,97.3595,1,0.009683,101.019280,-0.00316050,48.8507,1,0.036330,299.229100
2017-11-01,-0.00289199,97.0703,1,0.012189,142.614140,0.00583819,49.4346,1,0.034301,302.709720
2017-11-02,0.01613467,98.6838,1,0.014673,101.779050,-0.01133797,48.3008,1,0.034997,341.260480
2017-11-03,-0.00804618,97.8792,1,0.012358,160.916480,0.00454375,48.7551,1,0.031975,339.312460
2017-11-06,-0.00527385,97.3518,1,0.012135,121.736960,0.02546548,51.3017,1,0.032572,261.515210
2017-11-07,0.00600116,97.9519,1,0.016044,140.983670,-0.01602185,49.6995,1,0.020445,162.730780
2017-11-08,-0.00310520,97.6414,1,0.014200,141.363780,0.00387357,50.0869,1,0.045033,380.923820
2017-11-09,-0.00404861,97.2365,1,0.013881,140.824900,-0.00351720,49.7351,1,0.023590,241.734250
2017-11-10,0.00534809,97.7713,1,0.015871,140.915560,-0.00233594,49.5015,1,0.037514,339.611150
2017-11-13,0.00397619,98.1689,1,0.013361,121.334940,0.00160078,49.6616,1,0.036122,341.225640
2017-11-14,0.00312333,98.4813,1,0.014047,122.352080,0.00407264,50.0689,1,0.031566,281.935560
2017-11-15,0.00244446,98.7257,1,0.012494,100.908900,0.00214168,50.2831,1,0.024572,261.345990
2017-11-16,0.00324127,99.0498,1,0.022783,180.427680,-0.01477385,48.8057,1,0.029875,299.546980
2017-11-17,-0.00513354,98.5365,1,0.020314,142.399990,-0.00755951,48.0497,1,0.049101,342.175950
2017-11-20,-0.00572245,97.9642,1,0.016115,141.321860,0.00873481,48.9232,1,0.034509,300.050830
2017-11-21,-0.00249600,97.7146,1,0.014200,141.216470,0.00442917,49.3661,1,0.035703,281.127130
2017-11-22,0.00153392,97.8680,1,0.014558,120.900520,-0.00644148,48.7220,1,0.028808,300.945900
2017-11-24,0.00042679,97.9107,1,0.019921,140.564570,-0.00179609,48.5424,1,0.035129,300.566600
2017-11-27,-0.00110784,97.7999,1,0.017204,120.988680,-0.00243237,48.2991,1,0.047667,320.427600
2017-11-28,0.00590572,98.3905,1,0.011558,121.517000,0.00777922,49.0770,1,0.030188,321.002150
2017-11-29,0.00736801,99.1273,1,0.018659,161.152690,0.03910424,52.9875,1,0.028686,241.902590
2017-11-30,-0.00383094,98.7442,1,0.006084,84.247300,0.00072898,53.0604,1,0.021862,264.100870
2017-12-01,0.01401684,100.1459,1,0.012816,122.151110,0.01055527,54.1159,0,0.000000,0.000000
2017-12-04,-0.01825914,98.3200,1,0.020264,161.721700,0.02947218,57.0631,1,0.025882,242.398187
2017-12-05,0.00259647,98.5796,1,0.009723,123.568810,-0.01207604,55.8555,1,0.026574,263.274060
2017-12-06,0.00058151,98.6378,1,0.017369,160.764790,0.00470609,56.3261,1,0.037491,378.537670
2017-12-07,0.00527977,99.1658,1,0.014123,160.895160,-0.00115251,56.2109,1,0.027851,261.584060
2017-12-08,0.00133328,99.2991,1,0.019172,181.494100,-0.00311291,55.8996,1,0.039411,361.524280
2017-12-11,-0.00408781,98.8903,1,0.011701,100.500560,0.00498712,56.3983,0,0.000000,0.000000
2017-12-12,-0.01534313,97.3560,1,0.009283,101.157260,-0.01428293,54.9700,1,0.036433,301.100611
2017-12-13,0.00599109,97.9551,1,0.007391,81.960470,-0.01795174,53.1748,1,0.036604,358.545620
2017-12-14,0.01876047,99.8311,1,0.019923,161.067900,0.00542990,53.7178,1,0.041100,400.384950
2017-12-15,0.00061705,99.8929,1,0.026985,161.221630,-0.00604693,53.1131,1,0.035503,339.404130
2017-12-18,-0.00752679,99.1402,1,0.017289,162.139050,-0.01788392,51.3247,0,0.000000,0.000000
2017-12-19,-0.01193602,97.9466,1,0.014762,141.938090,0.01337110,52.6618,1,0.037470,383.908519
2017-12-20,-0.01274396,96.6722,1,0.010216,141.714440,0.01606992,54.2688,1,0.023128,221.413400
2017-12-21,-0.00209562,96.4626,1,0.013722,141.102760,0.01024884,55.2937,1,0.017026,201.215480
2017-12-22,0.00237323,96.6999,1,0.021637,180.939840,-0.00627033,54.6667,1,0.028043,261.676470
2017-12-26,0.00270539,96.9705,1,0.015521,161.193100,-0.00322715,54.3440,1,0.032115,341.241810
2017-12-27,0.00254790,97.2253,1,0.027460,240.324880,-0.00272569,54.0714,1,0.036429,340.207760
2017-12-28,0.00565539,97.7908,1,0.018231,180.490910,-0.00226051,53.8453,1,0.028421,300.349760
2017-12-29,-0.00321344,97.4695,1,0.019504,160.739130,0.00403713,54.2491,1,0.034417,320.330870
2018-01-02,0.00384201,97.8537,1,0.008969,80.985040,-0.01411444,52.8376,0,0.000000,0.000000
2018-01-03,-0.00953986,96.8997,1,0.014126,143.191390,0.01255122,54.0927,1,0.039418,340.926348
2018-01-04,-0.00564243,96.3354,1,0.007733,82.005000,0.01036664,55.1294,1,0.027596,281.101680
2018-01-05,-0.00401722,95.9337,1,0.008552,62.197610,-0.00905119,54.2243,1,0.027789,301.291420
2018-01-08,-0.00125617,95.8081,1,0.017987,160.682350,0.01418028,55.6423,1,0.040212,360.622190
2018-01-09,0.00315781,96.1239,1,0.015309,161.157710,-0.00106245,55.5361,0,0.000000,0.000000
2018-01-10,-0.00708505,95.4154,1,0.011035,120.298050,0.00234210,55.7703,1,0.029980,262.510731
2018-01-11,-0.00959322,94.4560,1,0.011522,81.506550,0.00722428,56.4927,1,0.026832,299.472390
2018-01-12,-0.00944872,93.5112,1,0.011182,101.501500,0.00897699,57.3904,1,0.032361,301.620900
2018-01-16,0.01033495,94.5447,1,0.005045,61.654050,-0.00488873,56.9015,1,0.027233,261.322940
2018-01-17,-0.00844961,93.6997,1,0.017111,141.992800,0.00634691,57.5362,1,0.036459,339.936820
2018-01-18,-0.00806556,92.8932,1,0.006196,62.492470,-0.00611619,56.9246,0,0.000000,0.000000
2018-01-19,-0.00610342,92.2828,1,0.008702,63.194600,0.00252698,57.1773,1,0.043782,342.587183
2018-01-22,-0.01610927,90.6719,1,0.014137,121.741480,0.01145481,58.3228,1,0.029329,302.412660
2018-01-23,0.02036464,92.7084,1,0.009396,82.200390,-0.01414741,56.9080,1,0.027981,241.963110
2018-01-24,-0.00238022,92.4703,1,0.020372,162.225220,0.00280136,57.1882,1,0.039124,322.584500
2018-01-25,0.00467132,92.9375,1,0.014888,102.894250,0.00029027,57.2172,1,0.034603,320.317440
2018-01-26,0.00103172,93.0406,1,0.011548,100.703380,-0.00944133,56.2731,1,0.036853,321.148370
2018-01-29,-0.00014130,93.0265,1,0.008280,102.498420,0.02053095,58.3262,1,0.031005,361.916680
2018-01-30,0.01553596,94.5801,1,0.013384,100.812630,-0.02144697,56.1815,0,0.000000,0.000000
2018-01-31,0.00571327,95.1514,1,0.026293,140.589480,0.00927832,57.1093,1,0.063178,375.746164
2018-02-01,0.00027040,95.1785,1,0.011210,121.497700,-0.02180128,54.9292,1,0.039588,261.272830
2018-02-02,0.00726604,95.9051,1,0.023286,180.389750,-0.00424983,54.5042,1,0.051753,378.464460
2018-02-05,0.01959160,97.8642,1,0.015890,121.590170,0.00471607,54.9758,0,0.000000,0.000000
2018-02-06,0.00263143,98.1274,1,0.020347,181.222450,0.00236826,55.2126,0,0.000000,0.000000
2018-02-07,-0.00412162,97.7152,1,0.011222,101.948110,-0.02548614,52.6640,1,0.036174,335.858290
2018-02-08,0.01084853,98.8001,1,0.014837,121.329780,-0.00002972,52.6610,1,0.040992,359.751880
2018-02-09,0.01056346,99.8564,1,0.010264,121.206910,0.00267999,52.9290,0,0.000000,0.000000
2018-02-12,0.00374963,100.2314,1,0.016377,143.715610,-0.00864100,52.0649,0,0.000000,0.000000
2018-02-13,0.00100888,100.3323,1,0.020792,143.318960,0.01305408,53.3703,0,0.000000,0.000000
2018-02-14,0.00016293,100.3486,1,0.016147,140.983440,-0.01214692,52.1556,1,0.018782,203.098963
2018-02-15,-0.00279854,100.0687,1,0.020924,163.083460,-0.00041336,52.1143,1,0.044366,362.322910
2018-02-16,0.00232455,100.3012,1,0.020135,162.776810,-0.00801004,51.3133,1,0.045224,343.273790
2018-02-20,-0.00756481,99.5447,1,0.017601,160.623770,-0.00780433,50.5329,1,0.045763,380.422440
2018-02-21,-0.00973046,98.5716,1,0.012396,121.103300,-0.00111278,50.4216,1,0.040158,340.153570
2018-02-22,0.01330135,99.9018,1,0.012555,141.144790,-0.00205829,50.2158,1,0.034139,319.198380
2018-02-23,-0.01051008,98.8508,1,0.023708,181.176310,-0.00038049,50.1777,1,0.040279,341.809770
2018-02-26,0.00428318,99.2791,1,0.004732,63.522420,-0.00211787,49.9659,0,0.000000,0.000000
2018-02-27,-0.00424717,98.8544,1,0.013187,160.960130,0.00909280,50.8752,1,0.034210,324.017563
2018-02-28,-0.00118014,98.7363,1,0.012044,122.128690,0.00649383,51.5246,0,0.000000,0.000000
2018-03-01,0.00864010,99.6004,1,0.010130,121.148430,0.00003547,51.5281,0,0.000000,0.000000
2018-03-02,0.00308123,99.9085,1,0.029407,140.714500,-0.00905711,50.6224,1,0.056001,337.292732
2018-03-05,0.00777116,100.6856,1,0.021014,182.515670,-0.00789333,49.8331,1,0.040693,341.417110
2018-03-06,0.00018223,100.7038,1,0.026187,222.821570,0.00749020,50.5821,0,0.000000,0.000000
2018-03-07,-0.01679515,99.0243,1,0.020975,181.862990,0.00569471,51.1516,1,0.024389,244.517856
2018-03-08,-0.01281119,97.7432,1,0.017219,122.210080,0.01618708,52.7703,1,0.027332,280.160260
2018-03-09,-0.00271802,97.4714,1,0.020022,123.479020,-0.00944109,51.8262,1,0.029329,282.744620
2018-03-12,-0.00745695,96.7257,1,0.016945,123.403080,0.01434798,53.2610,0,0.000000,0.000000
2018-03-13,0.01573161,98.2988,1,0.006459,81.154950,-0.00372846,52.8881,1,0.029046,263.471494
2018-03-14,0.00145739,98.4446,1,0.015791,161.520160,0.00531355,53.4195,1,0.037415,319.936980
2018-03-15,-0.00213531,98.2311,1,0.014821,120.998390,0.00923478,54.3430,1,0.034342,320.410890
2018-03-16,0.00259528,98.4906,1,0.007322,120.387150,-0.00175532,54.1674,1,0.031942,301.187600
2018-03-19,0.00498191,98.9888,1,0.008149,101.432370,-0.00191597,53.9758,0,0.000000,0.000000
2018-03-20,0.00103200,99.0920,1,0.013740,140.904020,0.00528742,54.5046,0,0.000000,0.000000
2018-03-21,0.00382503,99.4745,1,0.020477,181.231380,0.00794587,55.2992,1,0.028103,279.920948
2018-03-22,0.00500450,99.9749,1,0.012030,141.488220,-0.00481571,54.8176,1,0.025921,281.604810
2018-03-23,-0.00669447,99.3055,1,0.014527,121.841620,-0.00463174,54.3544,0,0.000000,0.000000
2018-03-26,0.00993248,100.2987,1,0.008752,101.776980,0.00516831,54.8713,0,0.000000,0.000000
2018-03-27,0.00593348,100.8921,1,0.013292,124.458740,-0.00977519,53.8937,0,0.000000,0.000000
2018-03-28,0.01090104,101.9822,1,0.016086,122.000720,0.02493689,56.3874,1,0.040401,355.991681
2018-03-29,0.00049732,102.0319,1,0.013118,141.203330,-0.00464852,55.9226,1,0.025852,222.057730
2018-04-02,-0.00998800,101.0331,1,0.010280,122.973890,0.01861544,57.7841,0,0.000000,0.000000
2018-04-03,0.01052551,102.0857,1,0.009039,82.490300,-0.00547696,57.2364,0,0.000000,0.000000
2018-04-04,-0.00464535,101.6211,1,0.015625,142.492370,-0.01168523,56.0679,0,0.000000,0.000000
2018-04-05,-0.00375613,101.2455,1,0.019243,162.183350,-0.00953181,55.1147,0,0.000000,0.000000
2018-04-06,-0.02140066,99.1054,1,0.020226,161.016630,0.00991297,56.1060,1,0.043253,345.152951
2018-04-09,0.00488545,99.5940,1,0.016215,142.691220,-0.00582066,55.5239,0,0.000000,0.000000
2018-04-10,0.00962895,100.5569,1,0.017285,140.812520,0.01019304,56.5433,1,0.036276,335.181638
2018-04-11,-0.00143331,100.4136,1,0.018471,182.026180,-0.00733566,55.8097,1,0.028726,263.019960
2018-04-12,0.00686180,101.0997,1,0.023760,240.236040,-0.01365382,54.4443,1,0.038082,339.596060
2018-04-13,0.00296482,101.3962,1,0.020198,162.056740,-0.00732910,53.7114,1,0.053690,361.784340
2018-04-16,0.00146195,101.5424,1,0.020475,160.914360,0.00015294,53.7267,1,0.048226,360.604260
2018-04-17,-0.00079689,101.4627,1,0.013509,122.122630,-0.00084306,53.6424,0,0.000000,0.000000
2018-04-18,-0.00993794,100.4689,1,0.018134,182.077580,0.00262676,53.9051,0,0.000000,0.000000
2018-04-19,0.00571765,101.0407,1,0.010395,81.680280,-0.00215078,53.6900,1,0.029118,304.989519
2018-04-20,-0.01453932,99.5868,1,0.017332,160.468400,0.00554834,54.2448,0,0.000000,0.000000
2018-04-23,-0.00028677,99.5581,1,0.013227,122.147940,-0.00237595,54.0072,0,0.000000,0.000000
2018-04-24,-0.00698694,98.8594,1,0.016574,160.672870,0.01131609,55.1388,1,0.041371,336.791765
2018-04-25,-0.00642719,98.2167,1,0.008039,81.695880,-0.00116377,55.0225,1,0.027067,201.442800
2018-04-26,-0.01097936,97.1187,1,0.023226,161.308360,0.00331635,55.3541,1,0.042565,301.117450
2018-04-27,-0.00497567,96.6212,1,0.011157,102.065570,0.00107054,55.4611,1,0.033506,321.482140
2018-04-30,-0.00460428,96.1607,1,0.017038,161.430570,0.00430002,55.8911,1,0.034508,301.062680
2018-05-01,0.00938112,97.0989,1,0.014568,140.801870,0.00665007,56.5561,1,0.039833,320.052350
2018-05-02,-0.00629839,96.4690,1,0.020579,200.974100,-0.00389308,56.1668,1,0.037888,321.171980
2018-05-03,0.01134982,97.6040,1,0.011998,121.461840,0.00181565,56.3484,1,0.032905,359.905260
2018-05-04,0.01068339,98.6723,1,0.014271,181.395440,-0.00488879,55.8595,1,0.028069,281.236470
2018-05-07,-0.00378486,98.2938,1,0.026176,222.057810,0.00874106,56.7336,0,0.000000,0.000000
2018-05-08,-0.01243211,97.0506,1,0.018281,181.230370,0.01274807,58.0084,1,0.024123,282.948244
2018-05-09,-0.01200997,95.8496,1,0.023117,161.140230,0.01003642,59.0121,1,0.031188,241.831410
2018-05-10,-0.00079219,95.7704,1,0.014959,122.570520,-0.00217982,58.7941,1,0.031442,242.021530
2018-05-11,0.00099232,95.8697,1,0.017978,141.691160,-0.00569341,58.2248,0,0.000000,0.000000
2018-05-14,-0.00515802,95.3539,1,0.023072,180.694210,0.01250329,59.4751,1,0.036771,342.255262
2018-05-15,-0.01271783,94.0821,1,0.011683,121.163090,0.00522820,59.9979,1,0.022120,260.908440
2018-05-16,-0.00421464,93.6606,1,0.012404,101.830080,0.00913132,60.9110,1,0.029858,280.607140
2018-05-17,-0.01388035,92.2726,1,0.017935,161.239140,0.01078344,61.9894,1,0.027836,241.110330
2018-05-18,0.00054056,92.3266,1,0.016454,101.727580,0.00169715,62.1591,1,0.026485,240.674140
2018-05-21,0.00646621,92.9732,1,0.020679,180.243710,0.00799863,62.9590,1,0.037437,300.540740
2018-05-22,0.00950947,93.9242,1,0.023103,161.641920,-0.00870438,62.0885,1,0.032858,301.660120
2018-05-23,-0.00376920,93.5473,1,0.023370,200.868730,-0.00181245,61.9073,1,0.041085,339.089440
2018-05-24,-0.00395163,93.1521,1,0.017393,81.683210,0.01195972,63.1033,1,0.044408,301.126400
2018-05-25,-0.00432918,92.7192,1,0.015638,121.149130,0.00880118,63.9834,1,0.029202,261.494960
2018-05-29,-0.00754131,91.9651,1,0.016831,140.623880,0.01901351,65.8847,1,0.037169,281.663620
2018-05-30,0.00202413,92.1675,1,0.016437,121.070240,-0.00580720,65.3040,1,0.025860,241.085300
2018-05-31,-0.00474081,91.6934,1,0.011551,122.904350,-0.00715126,64.5889,0,0.000000,0.000000
2018-06-01,-0.00473571,91.2198,1,0.016711,140.588810,0.00322183,64.9111,1,0.041237,381.080152
2018-06-04,-0.00246034,90.9738,1,0.014174,142.128500,0.00907854,65.8189,1,0.042416,341.187480
2018-06-05,-0.00878367,90.0954,1,0.022387,221.941080,0.01089683,66.9086,1,0.025017,262.703190
2018-06-06,-0.00662017,89.4334,1,0.016067,161.273480,0.01133943,68.0425,1,0.025677,221.234500
2018-06-07,0.01406185,90.8396,1,0.018635,181.732670,-0.01606236,66.4363,1,0.037516,282.639500
2018-06-08,-0.00416486,90.4231,1,0.024586,200.027580,-0.00262195,66.1741,1,0.048155,400.105560
2018-06-11,-0.00761105,89.6620,1,0.013045,141.434200,0.01116302,67.2904,0,0.000000,0.000000
2018-06-12,0.01166471,90.8285,1,0.019879,160.951800,-0.01555390,65.7350,1,0.030570,263.675070
2018-06-13,-0.00347969,90.4805,1,0.023019,201.308410,0.00258931,65.9939,1,0.037459,360.989860
2018-06-14,0.00137530,90.6180,1,0.018260,179.999310,-0.00278080,65.7159,1,0.025920,280.079710
2018-06-15,-0.00010092,90.6079,1,0.019422,161.115150,-0.00259977,65.4559,1,0.037977,360.475040
2018-06-18,0.01049774,91.6577,1,0.017416,160.826610,-0.00993432,64.4625,1,0.034712,340.947880
2018-06-19,0.00099786,91.7575,1,0.024614,200.480890,-0.00022845,64.4396,1,0.036815,360.734200
2018-06-20,0.00145293,91.9028,1,0.017727,180.813880,0.00597740,65.0374,1,0.030290,320.416490
2018-06-21,-0.00444301,91.4585,1,0.018471,200.594460,-0.01559571,63.4778,1,0.029501,301.400210
2018-06-22,-0.00704132,90.7544,1,0.015242,140.948330,0.01164076,64.6419,1,0.030424,321.112370
2018-06-25,-0.00912787,89.8416,1,0.020147,181.450090,0.02077244,66.7191,1,0.023656,222.490560
2018-06-26,0.00793252,90.6348,1,0.015548,161.238700,-0.00127577,66.5915,1,0.028337,240.584580
2018-06-27,-0.01481738,89.1531,1,0.027138,221.224440,0.00902539,67.4941,1,0.040951,361.895540
2018-06-28,0.00529530,89.6826,1,0.014110,82.544600,-0.00466615,67.0275,1,0.031905,299.464470
2018-06-29,0.00851454,90.5341,1,0.015246,161.289860,0.00080324,67.1078,0,0.000000,0.000000
2018-07-02,0.00866416,91.4005,1,0.039574,200.024800,-0.00615840,66.4919,1,0.055830,321.777064
2018-07-03,-0.00481128,90.9194,1,0.023678,200.036850,-0.00820024,65.6719,1,0.027174,240.459790
2018-07-05,0.00274613,91.1940,1,0.023307,141.376970,-0.00542514,65.1294,1,0.048204,340.527150
2018-07-06,-0.00645944,90.5480,1,0.011884,161.649340,0.00234463,65.3639,0,0.000000,0.000000
2018-07-09,0.01339442,91.8875,1,0.017258,141.963320,-0.01144485,64.2194,0,0.000000,0.000000
2018-07-10,0.00062051,91.9495,1,0.024269,221.475320,-0.00455194,63.7642,1,0.044824,345.303545
2018-07-11,-0.00109923,91.8396,1,0.022773,201.243720,-0.00848647,62.9155,1,0.041627,361.086710
2018-07-12,0.00166295,92.0059,1,0.020555,200.266930,-0.00413136,62.5024,1,0.038136,378.627680
2018-07-13,0.00824828,92.8307,1,0.015062,140.737050,-0.00493983,62.0084,1,0.040773,320.978740
2018-07-16,0.01449274,94.2800,1,0.032186,300.245770,-0.00980867,61.0275,1,0.037627,360.288610
2018-07-17,-0.00517549,93.7624,1,0.032079,239.622360,0.00158389,61.1859,1,0.042191,339.108140
2018-07-18,-0.00272536,93.4899,1,0.020536,181.489930,-0.00251784,60.9342,1,0.026664,321.797140
2018-07-19,0.01548499,95.0384,1,0.021191,180.307660,-0.02076835,58.8573,1,0.030415,319.854220
2018-07-20,0.00993742,96.0321,1,0.031808,260.936970,-0.01223773,57.6335,1,0.051743,379.976280
2018-07-23,0.00109260,96.1414,1,0.024160,260.079270,0.00319393,57.9529,1,0.040287,379.649470
2018-07-24,0.00092559,96.2340,1,0.024271,199.871000,0.00396420,58.3494,1,0.023250,240.313820
2018-07-25,0.00120769,96.3547,1,0.022101,200.364130,-0.00410632,57.9387,1,0.033532,300.338730
2018-07-26,0.01959373,98.3141,1,0.028817,281.474910,-0.02732747,55.2060,1,0.044277,322.548060
2018-07-27,-0.00099281,98.2148,1,0.025551,203.491410,0.01509812,56.7158,1,0.040898,382.845190
2018-07-30,0.00193331,98.4082,1,0.023699,219.945670,0.01451682,58.1675,1,0.022198,240.201550
2018-07-31,0.00426732,98.8349,1,0.018298,181.099490,-0.00512470,57.6550,1,0.023480,241.195240
2018-08-01,0.00334929,99.1698,1,0.023591,221.749650,-0.00082668,57.5723,1,0.036108,360.729270
2018-08-02,0.00701276,99.8711,1,0.026784,181.430740,0.00681133,58.2535,1,0.046337,299.928980
2018-08-03,0.00012010,99.8831,1,0.018300,140.864660,-0.00169295,58.0842,1,0.028585,302.359170
2018-08-06,0.00201294,100.0844,1,0.008046,121.854550,-0.00526530,57.5576,1,0.035310,341.374250
2018-08-07,0.00041199,100.1256,1,0.026801,221.265080,0.00428061,57.9857,1,0.025109,321.026580
2018-08-08,0.00822538,100.9481,1,0.021032,201.158860,0.00357558,58.3433,1,0.034812,301.258990
2018-08-09,-0.00805458,100.1427,1,0.016588,180.653810,0.00692624,59.0359,1,0.024226,260.855030
2018-08-10,0.01355257,101.4979,1,0.017863,141.059310,-0.00391404,58.6445,1,0.030144,240.707170
2018-08-13,0.00825874,102.3238,1,0.020336,219.783480,-0.00164854,58.4796,1,0.027754,340.200140
2018-08-14,-0.00413931,101.9099,1,0.022961,219.740310,-0.00254302,58.2253,1,0.038072,340.058740
2018-08-15,0.00341387,102.2513,1,0.020013,202.164530,-0.00995732,57.2296,1,0.038832,341.563350
2018-08-16,-0.00262825,101.9884,1,0.021455,219.662240,0.00451573,57.6812,1,0.026387,319.613740
2018-08-17,-0.00465166,101.5233,1,0.016306,162.074090,0.00488908,58.1701,0,0.000000,0.000000
2018-08-20,-0.00620424,100.9029,1,0.018664,181.928220,-0.00205662,57.9644,0,0.000000,0.000000
2018-08-21,0.00225662,101.1285,1,0.025928,201.167000,-0.00522144,57.4423,1,0.026654,323.825758
2018-08-22,-0.00305323,100.8232,1,0.016273,179.574590,0.00731550,58.1738,1,0.022700,299.422050
2018-08-23,-0.00220052,100.6031,1,0.014382,140.766810,0.02570346,60.7442,1,0.020754,220.954730
2018-08-24,0.00593284,101.1964,1,0.023556,180.610530,-0.01145350,59.5988,1,0.026150,222.184960
2018-08-27,0.00127523,101.3239,1,0.027187,240.995240,0.00873443,60.4723,1,0.037937,320.518680
2018-08-28,0.00028379,101.3523,1,0.024751,220.683470,0.00015957,60.4882,1,0.029073,301.347020
2018-08-29,0.00544242,101.8966,1,0.021728,240.512610,-0.00663080,59.8251,1,0.035450,340.363650
2018-08-30,-0.00449478,101.4471,1,0.024078,261.223030,0.00562447,60.3876,1,0.036213,360.815170
2018-08-31,-0.00311314,101.1358,1,0.014424,140.441440,0.00019314,60.4069,1,0.028306,240.611060
2018-09-04,-0.00276276,100.8595,1,0.020526,201.109730,0.00232829,60.6397,1,0.032361,300.629820
2018-09-05,0.01346988,102.2065,1,0.013882,141.985430,0.00014722,60.6544,1,0.025678,280.876090
2018-09-06,0.00054370,102.2609,1,0.027050,221.620670,0.01175990,61.8304,1,0.045260,361.010500
2018-09-07,-0.01072297,101.1886,1,0.022757,221.063940,0.01323035,63.1535,1,0.041405,301.069730
2018-09-10,-0.00659467,100.5291,1,0.010207,121.107280,0.00420619,63.5741,1,0.029191,241.189720
2018-09-11,-0.00188604,100.3405,1,0.015394,161.891660,0.00201337,63.7754,1,0.030033,281.540030
2018-09-12,-0.00210565,100.1299,1,0.023085,181.017810,-0.00332487,63.4429,1,0.030997,281.233510
2018-09-13,0.01548779,101.6787,1,0.024371,181.226040,-0.00913257,62.5297,1,0.039537,321.317590
2018-09-14,-0.00198383,101.4803,1,0.032903,259.697030,0.00092661,62.6223,1,0.046949,360.665760
2018-09-17,0.01587957,103.0683,1,0.019543,181.289180,-0.01321570,61.3008,1,0.028010,281.512830
2018-09-18,-0.00951332,102.1169,1,0.018922,201.224080,-0.00407718,60.8931,1,0.031008,359.557340
2018-09-19,-0.00982230,101.1347,1,0.012080,101.843270,0.00346405,61.2395,1,0.030935,321.143830
2018-09-20,-0.00935120,100.1996,1,0.014250,141.699270,0.00093737,61.3332,1,0.030513,299.800500
2018-09-21,-0.00155182,100.0444,1,0.013012,142.306530,-0.00433910,60.8993,0,0.000000,0.000000
2018-09-24,-0.00406363,99.6381,1,0.015793,180.602990,-0.00039463,60.8598,1,0.036093,341.931523
2018-09-25,-0.00342938,99.2951,1,0.022698,239.915010,0.01097505,61.9573,1,0.029135,339.564710
2018-09-26,0.00401739,99.6969,1,0.014841,120.735840,-0.00193630,61.7637,1,0.025310,260.945000
2018-09-27,-0.00218735,99.4781,1,0.026525,240.280440,0.00742637,62.5063,1,0.040353,318.946960
2018-09-28,0.00205669,99.6838,1,0.022131,220.638910,0.01162942,63.6693,1,0.032378,300.856450
2018-10-01,-0.00735932,98.9479,1,0.012282,161.417100,-0.00647650,63.0216,1,0.014480,181.951840
2018-10-02,-0.00212681,98.7352,1,0.010721,120.385810,0.01778606,64.8002,1,0.031884,358.588690
2018-10-03,-0.00510191,98.2250,1,0.016481,161.708800,-0.00561653,64.2386,1,0.020603,242.341530
2018-10-04,-0.00390159,97.8348,1,0.021159,160.840050,0.00047205,64.2858,1,0.038565,320.476810
2018-10-05,-0.00354890,97.4799,1,0.021060,160.933540,0.01387113,65.6729,1,0.037797,319.634130
2018-10-08,-0.00718479,96.7615,1,0.009839,101.302590,0.02232492,67.9054,1,0.026628,241.728610
2018-10-09,0.00053412,96.8149,1,0.011098,123.103820,-0.00184108,67.7213,1,0.030108,302.055080
2018-10-10,0.00872142,97.6870,1,0.014418,160.695470,-0.00164984,67.5563,1,0.034774,359.727840
2018-10-11,0.00943972,98.6310,1,0.016828,141.190300,-0.00936969,66.6193,0,0.000000,0.000000
2018-10-12,0.00106929,98.7379,1,0.024801,200.513620,-0.00216917,66.4024,0,0.000000,0.000000
2018-10-15,0.00732414,99.4703,1,0.019616,181.392390,-0.01107444,65.2950,1,0.039544,335.306734
2018-10-16,0.01486419,100.9567,1,0.019331,200.488810,-0.01177310,64.1177,1,0.042300,379.449560
2018-10-17,-0.00504195,100.4525,1,0.026625,203.660070,-0.00785925,63.3317,0,0.000000,0.000000
2018-10-18,0.00176497,100.6290,1,0.018523,101.567750,0.00063815,63.3956,1,0.053755,384.398360
2018-10-19,-0.01221144,99.4079,1,0.017934,140.244340,0.02933477,66.3290,1,0.039373,319.382950
2018-10-22,0.00092489,99.5004,1,0.011521,102.760570,-0.01053551,65.2755,1,0.026271,222.526510
2018-10-23,0.00204548,99.7049,1,0.023862,160.934150,-0.00029362,65.2461,1,0.044482,380.025040
2018-10-24,-0.01428038,98.2769,1,0.021508,161.592330,0.01911100,67.1572,1,0.044000,300.912480
2018-10-25,0.02217074,100.4940,1,0.018996,142.437690,-0.01422917,65.7343,1,0.050197,336.963340
2018-10-26,0.02017173,102.5111,1,0.021267,200.851750,0.00363432,66.0977,1,0.052558,384.102960
2018-10-29,-0.00027787,102.4834,1,0.027277,181.313800,-0.01495735,64.6020,0,0.000000,0.000000
2018-10-30,-0.00293153,102.1902,1,0.028783,199.941530,0.00292557,64.8946,1,0.051053,358.592826
2018-10-31,0.01604999,103.7952,1,0.025751,205.617090,-0.01733572,63.1610,0,0.000000,0.000000
2018-11-01,-0.00869397,102.9258,1,0.022887,202.970070,0.01631508,64.7925,1,0.039092,383.364037
2018-11-02,-0.00810847,102.1150,1,0.021897,163.370510,-0.00298855,64.4936,1,0.038505,286.213680
2018-11-05,0.00904927,103.0199,1,0.013533,160.898890,-0.01784027,62.7096,1,0.030497,339.831830
2018-11-06,-0.00159091,102.8608,1,0.015791,162.533600,0.00660314,63.3699,1,0.044556,401.993350
2018-11-07,0.01611367,104.4722,1,0.028993,160.824480,-0.01737226,61.6327,1,0.039606,281.641870
2018-11-08,0.00329486,104.8016,1,0.032334,201.884040,0.00129982,61.7627,0,0.000000,0.000000
2018-11-09,0.00570898,105.3725,1,0.015082,160.741900,-0.00257737,61.5049,1,0.051187,322.376323
2018-11-12,-0.01765132,103.6074,1,0.013932,141.812740,0.04525032,66.0300,1,0.039408,339.835650
2018-11-13,-0.00585371,103.0220,1,0.014241,102.505240,-0.00392584,65.6374,1,0.023854,163.319960
2018-11-14,0.00138539,103.1606,1,0.010481,102.221970,-0.00439478,65.1979,1,0.034388,341.619930
2018-11-15,-0.01795616,101.3650,1,0.020226,141.281460,0.02449281,67.6472,1,0.044289,279.796130
2018-11-16,0.01489768,102.8547,1,0.022722,144.112010,-0.01219349,66.4278,1,0.039069,244.109210
2018-11-19,0.00702286,103.5570,1,0.021444,184.115650,-0.00008124,66.4197,1,0.045054,364.445020
2018-11-20,0.00806101,104.3631,1,0.020139,180.160930,-0.01080485,65.3392,1,0.046915,358.209810
2018-11-21,0.01121230,105.4844,1,0.015220,142.059880,-0.02222936,63.1163,0,0.000000,0.000000
2018-11-23,0.00440153,105.9245,1,0.025397,161.944290,-0.00489788,62.6265,1,0.050238,380.762287
2018-11-26,0.00566381,106.4909,1,0.031889,140.779750,-0.00988333,61.6382,1,0.078073,340.058850
2018-11-27,0.00596977,107.0879,1,0.028093,183.148910,-0.00553502,61.0847,1,0.045092,323.332240
2018-11-28,0.01792398,108.8803,1,0.032882,240.978690,-0.01452165,59.6325,1,0.052015,320.563550
2018-11-29,0.01022220,109.9025,1,0.022080,183.637600,-0.01660365,57.9721,1,0.046775,363.589990
2018-11-30,0.00909809,110.8123,1,0.022511,181.161720,-0.00271438,57.7007,1,0.035758,379.501690
2018-12-03,-0.00952972,109.8593,1,0.018622,181.407240,-0.00650871,57.0498,1,0.036201,341.495020
2018-12-04,0.01090263,110.9496,1,0.014047,124.629810,0.01060847,58.1107,0,0.000000,0.000000
2018-12-06,-0.00396865,110.5527,1,0.024805,219.459990,0.00359954,58.4706,0,0.000000,0.000000
2018-12-07,0.00184083,110.7368,1,0.019507,181.840460,-0.00137204,58.3334,1,0.048314,299.554252
2018-12-10,-0.00348170,110.3886,1,0.020640,160.449150,0.00218045,58.5515,0,0.000000,0.000000
2018-12-11,-0.01775149,108.6135,1,0.027009,161.758210,0.00780255,59.3317,1,0.038115,279.183306
2018-12-12,0.00603367,109.2168,1,0.014213,101.698560,-0.01052106,58.2796,1,0.035246,241.187670
2018-12-13,0.00225352,109.4422,1,0.021808,181.104840,-0.01623264,56.6564,1,0.053054,361.684280
2018-12-14,-0.00183757,109.2584,1,0.030857,161.845740,0.01140493,57.7969,1,0.055167,380.516790
2018-12-17,0.01065531,110.3240,1,0.014519,120.696280,-0.01167076,56.6298,0,0.000000,0.000000
2018-12-18,0.00583638,110.9076,1,0.028812,180.365630,0.00198530,56.8283,0,0.000000,0.000000
2018-12-19,0.01068205,111.9758,1,0.025375,180.754470,-0.01008050,55.8203,1,0.034510,257.687225
2018-12-20,-0.01730254,110.2456,1,0.025374,198.844280,0.00493525,56.3138,0,0.000000,0.000000
2018-12-21,-0.00134033,110.1115,1,0.030283,121.929120,0.00399096,56.7129,0,0.000000,0.000000
2018-12-24,0.01174576,111.2861,1,0.020874,120.853670,-0.00351523,56.3614,0,0.000000,0.000000
2018-12-26,0.00850701,112.1368,1,0.043769,161.793510,0.00960878,57.3222,0,0.000000,0.000000
2018-12-27,-0.00141967,111.9948,1,0.020517,188.367990,0.00573731,57.8960,0,0.000000,0.000000
2018-12-28,-0.00530444,111.4644,1,0.023044,181.596390,0.00111492,58.0075,0,0.000000,0.000000
2018-12-31,-0.00196787,111.2676,1,0.018467,120.523920,-0.00322332,57.6851,1,0.055092,299.576427
2019-01-02,-0.00742784,110.5248,1,0.021554,181.046660,-0.01354483,56.3306,0,0.000000,0.000000
2019-01-03,-0.00672687,109.8521,1,0.030967,222.262130,-0.01011633,55.3190,1,0.050313,341.339942
2019-01-04,-0.00148486,109.7037,1,0.035986,181.830240,-0.01915311,53.4037,1,0.060801,359.563760
2019-01-07,-0.00896693,108.8070,1,0.029053,206.290100,-0.00295004,53.1087,0,0.000000,0.000000
2019-01-08,-0.00144927,108.6620,1,0.018937,122.753700,-0.00059682,53.0490,1,0.047492,348.528430
2019-01-09,0.00265275,108.9273,1,0.022435,122.867950,0.01188775,54.2378,0,0.000000,0.000000
2019-01-10,0.01233536,110.1608,1,0.032744,201.980410,-0.00847484,53.3903,1,0.045624,304.780725
2019-01-11,-0.00045496,110.1153,1,0.028256,182.643600,-0.00191553,53.1988,0,0.000000,0.000000
2019-01-14,0.01277962,111.3933,1,0.026758,180.663780,-0.00725637,52.4731,1,0.062417,321.986152
2019-01-15,0.00470749,111.8641,1,0.019381,160.156260,-0.00073434,52.3997,1,0.036044,318.677080
2019-01-16,0.00223878,112.0879,1,0.027272,202.194670,-0.00512387,51.8873,0,0.000000,0.000000
2019-01-17,-0.01203247,110.8847,1,0.024067,181.074130,0.00732119,52.6194,1,0.041401,303.619128
2019-01-18,-0.00814650,110.0700,1,0.023000,162.316900,0.00028027,52.6474,0,0.000000,0.000000
2019-01-22,0.01354376,111.4244,1,0.026654,143.097050,0.00216225,52.8637,0,0.000000,0.000000
2019-01-23,-0.00790723,110.6337,1,0.033023,219.837450,0.00144327,53.0080,0,0.000000,0.000000
2019-01-24,-0.00030449,110.6032,1,0.019769,121.453380,-0.01448715,51.5593,1,0.047105,301.777123
2019-01-25,-0.01894096,108.7091,1,0.019226,161.125480,0.01368146,52.9274,1,0.042594,321.762190
2019-01-28,0.00868943,109.5781,1,0.010437,102.704350,-0.00508976,52.4184,1,0.030386,243.318500
2019-01-29,0.00203952,109.7820,1,0.027248,220.827240,0.00021741,52.4402,1,0.050959,340.094490
2019-01-30,-0.00404010,109.3780,1,0.013930,140.797480,-0.00278288,52.1619,1,0.033898,300.568040
2019-01-31,-0.00573305,108.8047,1,0.026155,202.352960,0.00069996,52.2319,0,0.000000,0.000000
2019-02-01,0.00306317,109.1110,1,0.017933,143.138370,-0.01428146,50.8038,1,0.040176,323.798063
2019-02-04,0.00830293,109.9413,1,0.022037,161.288650,-0.00575126,50.2286,1,0.055016,380.615310
2019-02-05,0.00312947,110.2543,1,0.028713,221.036530,0.00069054,50.2977,1,0.045236,340.456390
2019-02-06,-0.00483886,109.7704,1,0.028766,260.509260,-0.00571571,49.7261,1,0.041971,361.834050
2019-02-07,0.01263218,111.0336,1,0.025802,161.944780,-0.01006386,48.7197,1,0.045956,340.432520
2019-02-08,-0.00674098,110.3595,1,0.029588,180.809740,0.00586482,49.3062,1,0.038358,359.568330
2019-02-11,-0.00016457,110.3431,1,0.016777,121.583450,-0.00544592,48.7616,1,0.028432,261.488220
2019-02-12,-0.00558764,109.7843,1,0.017084,141.505140,0.00755896,49.5175,1,0.043874,321.023700
2019-02-13,0.00448688,110.2330,1,0.020362,143.173960,-0.01091526,48.4260,1,0.035076,263.008450
2019-02-14,-0.00547282,109.6857,1,0.023892,200.745890,0.00179475,48.6055,1,0.047815,380.823110
2019-02-15,0.00001044,109.6867,1,0.016436,141.022390,0.00365241,48.9707,1,0.026439,260.749930
2019-02-19,0.00145702,109.8325,1,0.016318,141.935760,-0.01254078,47.7166,0,0.000000,0.000000
2019-02-20,-0.00434182,109.3983,1,0.029832,220.978220,0.00902179,48.6188,1,0.046731,402.716120
2019-02-21,-0.00239961,109.1583,1,0.016241,140.413070,-0.00919340,47.6995,1,0.034980,280.849770
2019-02-22,-0.01198116,107.9602,1,0.028916,181.389640,-0.00481844,47.2176,1,0.056884,359.708900
2019-02-25,-0.00682279,107.2779,1,0.019929,183.002880,0.00233627,47.4512,1,0.041783,361.968420
2019-02-26,0.01301587,108.5795,1,0.010053,101.200130,-0.00944256,46.5070,1,0.039066,300.392270
2019-02-27,0.02131774,110.7113,1,0.040276,220.773040,-0.01078618,45.4284,1,0.062628,359.990510
2019-02-28,0.00448449,111.1597,1,0.047311,221.396490,-0.00165021,45.2633,1,0.069881,342.792990
2019-03-01,-0.00447390,110.7123,1,0.019850,160.379820,0.00311716,45.5751,1,0.031264,299.805900
2019-03-04,0.01028592,111.7409,1,0.015728,161.607420,-0.00684097,44.8910,1,0.040907,321.758840
2019-03-05,0.00657383,112.3983,1,0.031097,200.531700,0.00903959,45.7949,1,0.045951,319.636210
2019-03-06,-0.00355780,112.0425,1,0.019240,160.296800,0.00451812,46.2467,1,0.042118,300.701870
2019-03-07,-0.01047930,110.9946,1,0.025800,180.609580,0.01203612,47.4503,1,0.035858,319.521550
2019-03-08,-0.00480752,110.5138,1,0.020702,181.005630,-0.00136219,47.3141,1,0.027639,262.080890
2019-03-11,0.00158113,110.6720,1,0.026557,180.669610,-0.00230820,47.0833,1,0.038120,300.302220
2019-03-12,-0.01006725,109.6652,1,0.042685,242.583150,0.00158644,47.2420,0,0.000000,0.000000
2019-03-13,0.00377876,110.0431,1,0.021254,141.407520,-0.00185869,47.0561,1,0.053189,303.291775
2019-03-14,0.00253111,110.2962,1,0.025529,200.547650,0.00312761,47.3688,1,0.044499,321.008800
2019-03-15,-0.00782845,109.5134,1,0.029145,220.432840,0.00129618,47.4985,1,0.037392,280.426080
2019-03-18,0.01522243,111.0356,1,0.022387,201.403860,-0.00463965,47.0345,1,0.029595,321.233570
2019-03-19,0.00056236,111.0919,1,0.030834,261.107210,0.00010074,47.0446,1,0.040716,301.615130
2019-03-20,-0.01259927,109.8319,1,0.020227,160.436750,0.00388552,47.4331,1,0.033148,300.129110
2019-03-21,-0.00545702,109.2862,1,0.017802,161.382720,0.00256766,47.6899,1,0.043234,320.515700
2019-03-22,-0.02626265,106.6600,1,0.026265,224.507000,-0.00114223,47.5757,0,0.000000,0.000000
2019-03-25,-0.00239709,106.4203,1,0.014649,121.352300,0.00675854,48.2515,1,0.046086,343.361828
2019-03-26,0.00346126,106.7664,1,0.025634,141.195060,-0.00702060,47.5495,1,0.044440,261.556240
2019-03-27,0.00973400,107.7398,1,0.031910,221.090780,0.01092706,48.6422,0,0.000000,0.000000
2019-03-28,-0.00101240,107.6385,1,0.035020,220.311570,0.01282595,49.9248,1,0.033695,261.560861
2019-03-29,-0.00457886,107.1807,1,0.019556,161.242660,-0.00146825,49.7779,1,0.033625,222.154190
2019-04-01,0.00467096,107.6478,1,0.021384,141.442550,0.02238595,52.0165,1,0.049175,321.009380
2019-04-02,-0.00847830,106.7999,1,0.022810,161.929520,0.00728923,52.7455,1,0.040927,263.652690
2019-04-03,-0.00068480,106.7314,1,0.024430,161.776180,0.00560853,53.3063,1,0.043067,281.223730
2019-04-04,-0.00698681,106.0328,1,0.017511,141.786070,0.01101374,54.4077,1,0.039106,301.069440
2019-04-05,-0.00393816,105.6389,1,0.022706,161.898790,0.00113671,54.5214,1,0.039419,261.722880
2019-04-08,-0.00274090,105.3649,1,0.013630,121.722190,0.00579918,55.1013,0,0.000000,0.000000
2019-04-09,0.00570761,105.9356,1,0.027549,161.110620,-0.00477024,54.6243,1,0.038914,282.294465
2019-04-10,0.00277045,106.2127,1,0.022835,180.575530,-0.00262271,54.3620,1,0.041141,299.687750
2019-04-11,-0.01477348,104.7353,1,0.015848,161.175200,0.00220338,54.5823,1,0.040302,341.774030
2019-04-12,-0.00027532,104.7078,1,0.007282,81.948880,0.00467666,55.0500,1,0.043394,301.107000
2019-04-15,-0.00175652,104.5321,1,0.022142,161.552110,-0.00502823,54.5472,1,0.043613,321.496980
2019-04-16,-0.00375880,104.1562,1,0.015160,120.545490,-0.01337469,53.2097,1,0.040809,299.839970
2019-04-17,-0.01554691,102.6016,1,0.022731,161.399180,0.01576837,54.7865,1,0.057403,360.453920
2019-04-18,0.00510360,103.1119,1,0.011460,101.730740,-0.01149480,53.6370,1,0.023660,201.281820
2019-04-22,-0.00728804,102.3831,1,0.033894,201.659680,0.00199758,53.8368,1,0.050232,360.772780
2019-04-23,0.00387891,102.7710,1,0.022589,161.686090,-0.00241200,53.5956,1,0.052900,320.540770
2019-04-24,-0.00199827,102.5712,1,0.034687,261.991580,-0.01804079,51.7915,0,0.000000,0.000000
2019-04-25,0.00039398,102.6106,1,0.029142,161.801720,0.00443452,52.2350,1,0.064278,382.366979
2019-04-26,-0.00345319,102.2653,1,0.031099,181.416740,0.00828783,53.0638,1,0.041067,281.596670
2019-04-29,0.00880986,103.1462,1,0.025824,141.564840,-0.01393477,51.6703,1,0.037597,241.457230
2019-04-30,0.00453557,103.5998,1,0.028383,180.829930,-0.00079136,51.5911,1,0.054276,340.465400
2019-05-01,-0.00705393,102.8944,1,0.022203,181.910800,0.01230598,52.8217,1,0.044802,341.923880
2019-05-02,-0.00607814,102.2866,1,0.031264,180.827110,0.00807280,53.6290,0,0.000000,0.000000
2019-05-03,-0.00694631,101.5920,1,0.017671,142.286350,0.00925355,54.5544,1,0.040575,280.734926
2019-05-06,0.01111572,102.7035,1,0.030218,182.803420,-0.00503955,54.0504,1,0.055305,322.751550
2019-05-07,-0.00975894,101.7276,1,0.029804,219.551110,0.00961878,55.0123,1,0.047982,319.997890
2019-05-08,0.00016857,101.7445,1,0.015313,140.933410,0.00307856,55.3202,0,0.000000,0.000000
2019-05-09,0.00031717,101.7762,1,0.026683,180.674150,0.00819684,56.1398,1,0.058506,318.436770
2019-05-10,-0.00957749,100.8185,1,0.026499,181.065400,0.00759045,56.8989,1,0.044495,321.084210
2019-05-13,-0.02767131,98.0513,1,0.023081,161.649090,0.02668574,59.5675,1,0.041286,301.615780
2019-05-14,0.00789599,98.8409,1,0.017881,123.076010,-0.02256361,57.3111,1,0.031051,221.502460
2019-05-15,-0.00824193,98.0167,1,0.032143,202.563100,0.00113510,57.4246,1,0.052130,401.588070
2019-05-16,-0.00012831,98.0039,1,0.015061,101.646150,0.00374229,57.7988,1,0.036281,320.874140
2019-05-17,0.00258177,98.2621,1,0.023343,161.630550,-0.00674205,57.1246,1,0.037225,281.764070
2019-05-20,-0.01100216,97.1619,1,0.036826,220.367200,0.01976016,59.1007,1,0.061684,359.180780
2019-05-21,0.01536804,98.6987,1,0.015026,101.479230,-0.01047803,58.0529,1,0.030523,201.298200
2019-05-22,-0.00395234,98.3034,1,0.033594,202.331890,0.00879502,58.9324,0,0.000000,0.000000
2019-05-23,-0.02250590,96.0528,1,0.024790,160.528400,0.02373305,61.3057,1,0.048785,281.653135
2019-05-24,0.00287739,96.3406,1,0.017981,102.548580,-0.00278004,61.0277,1,0.037184,240.568010
2019-05-28,0.00210105,96.5507,1,0.023435,160.516260,0.00050827,61.0785,1,0.056133,340.036780
2019-05-29,0.01388355,97.9390,1,0.031885,200.123420,-0.00623644,60.4548,0,0.000000,0.000000
2019-05-30,-0.00664174,97.2749,1,0.031094,200.129940,0.00298578,60.7534,1,0.046912,337.734295
2019-05-31,0.00604755,97.8796,1,0.028845,181.470240,0.01105301,61.8587,1,0.042829,281.491190
2019-06-03,0.00686394,98.5660,1,0.025996,182.800320,-0.00315603,61.5431,1,0.038623,261.262070
2019-06-04,0.02564672,101.1307,1,0.036428,203.000070,-0.01275052,60.2681,1,0.051952,322.583940
2019-06-05,0.01969261,103.1000,1,0.034099,264.020860,-0.02598263,57.6698,1,0.043313,364.393660
2019-06-06,-0.00027734,103.0722,1,0.045234,302.382120,0.00282625,57.9524,1,0.060815,402.617110
2019-06-07,0.00685680,103.7579,1,0.037900,221.570100,-0.00367211,57.5852,1,0.038001,282.054500
2019-06-10,-0.00887139,102.8708,1,0.020829,201.726860,0.00750135,58.3353,1,0.042475,341.568550
2019-06-11,-0.00595032,102.2757,1,0.029902,161.584550,0.00459317,58.7947,1,0.055193,320.907230
2019-06-12,0.00037914,102.3136,1,0.028426,161.089470,-0.01266520,57.5281,1,0.055790,281.026850
2019-06-13,0.00773852,103.0875,1,0.021148,181.038700,-0.00772599,56.7555,1,0.048509,339.729490
2019-06-14,-0.00834352,102.2531,1,0.029672,181.634480,-0.00839041,55.9165,1,0.055641,341.657610
2019-06-17,0.00204944,102.4581,1,0.025256,160.589460,0.00324997,56.2415,1,0.061713,339.240500
2019-06-18,0.01129543,103.5876,1,0.035867,200.465140,0.00062414,56.3039,1,0.058696,341.505670
2019-06-19,0.00374841,103.9625,1,0.031959,222.221610,0.00100772,56.4047,1,0.047848,302.457490
2019-06-20,0.00631936,104.5944,1,0.033184,180.545320,-0.00858878,55.5458,1,0.051708,321.386860
2019-06-21,-0.00898721,103.6957,1,0.033291,181.984160,0.01021812,56.5676,1,0.053378,342.349590
2019-06-24,-0.00144802,103.5509,1,0.027352,201.605710,0.00024291,56.5919,1,0.034169,261.089310
2019-06-25,0.00482325,104.0332,1,0.022595,160.784870,0.00209349,56.8013,1,0.054091,319.668040
2019-06-26,-0.01622511,102.4107,1,0.028811,199.347720,-0.00717813,56.0834,1,0.036643,280.496700
2019-06-27,0.00737245,103.1479,1,0.020705,121.550340,-0.00787191,55.2963,1,0.058211,339.057450
2019-06-28,-0.01314544,101.8334,1,0.025634,181.898370,0.00206977,55.5032,1,0.043353,341.544040
2019-07-01,0.00893001,102.7264,1,0.013669,102.361530,0.00853884,56.3571,0,0.000000,0.000000
2019-07-02,0.00603205,103.3296,1,0.044185,301.982750,-0.01174016,55.1831,1,0.036966,283.257337
2019-07-03,0.00037559,103.3672,1,0.032861,220.777430,0.00294479,55.4776,1,0.050411,380.643410
2019-07-05,-0.00156872,103.2103,1,0.023642,122.059300,-0.00257714,55.2199,0,0.000000,0.000000
2019-07-08,-0.00450364,102.7599,1,0.029324,199.848370,0.00180579,55.4004,1,0.044971,361.539926
2019-07-09,-0.00255686,102.5042,1,0.021456,140.671680,-0.00203274,55.1972,1,0.037714,300.298870
2019-07-10,-0.00542957,101.9613,1,0.020987,181.247870,0.00620662,55.8178,1,0.039558,301.052980
2019-07-11,-0.00084789,101.8765,1,0.019139,141.204650,-0.01685810,54.1320,1,0.034960,281.641940
2019-07-12,0.00029778,101.9063,1,0.019882,141.129570,0.00279304,54.4113,1,0.049476,319.598730
2019-07-15,-0.00155522,101.7508,1,0.020622,101.631620,0.00469997,54.8813,1,0.044943,301.736080
2019-07-16,0.00036610,101.7874,1,0.026340,181.261320,0.00657878,55.5392,1,0.047022,321.421180
2019-07-17,-0.00040941,101.7464,1,0.022461,100.972370,-0.00171141,55.3681,1,0.044331,300.673020
2019-07-18,-0.00271671,101.4748,1,0.013111,140.138040,0.00716623,56.0847,1,0.057267,339.819790
2019-07-19,0.00682335,102.1571,1,0.030795,182.024420,-0.00429263,55.6554,1,0.048503,281.499970
2019-07-22,-0.00769104,101.3880,1,0.032754,240.544570,0.00434368,56.0898,1,0.042502,300.225380
2019-07-23,-0.00469279,100.9187,1,0.024269,161.421510,0.00007696,56.0975,1,0.045794,320.269270
2019-07-24,-0.01718351,99.2004,1,0.020921,121.941150,0.00499826,56.5973,1,0.047724,301.071330
2019-07-25,0.01104697,100.3051,1,0.034683,182.885130,-0.01993824,54.6035,1,0.050584,243.138410
2019-07-26,-0.00697576,99.6075,1,0.043156,220.063080,0.00320143,54.9236,1,0.070057,398.837600
2019-07-29,-0.00593310,99.0142,1,0.014220,122.915680,0.01025022,55.9487,1,0.038868,262.299660
2019-07-30,0.02044418,101.0586,1,0.019092,140.396370,-0.01841253,54.1074,1,0.044693,281.134950
2019-07-31,-0.00362656,100.6959,1,0.029946,200.779870,0.01372929,55.4803,1,0.051701,381.679280
2019-08-01,0.01474063,102.1700,1,0.021057,121.299110,0.00171139,55.6515,0,0.000000,0.000000
2019-08-02,-0.00953361,101.2166,1,0.041951,220.953240,0.01002354,56.6538,1,0.058016,317.871786
2019-08-05,-0.01457974,99.7587,1,0.013104,61.744710,0.01388151,58.0420,1,0.042549,240.643550
2019-08-06,-0.00218685,99.5400,1,0.010525,63.648810,0.00789827,58.8318,0,0.000000,0.000000
2019-08-07,-0.01998681,97.5413,1,0.021251,102.809280,0.00842823,59.6746,0,0.000000,0.000000
2019-08-08,0.00269910,97.8112,1,0.009660,83.085250,0.00548669,60.2233,1,0.047041,279.519099
2019-08-09,0.00183203,97.9944,1,0.018847,142.976570,0.00670318,60.8936,0,0.000000,0.000000
2019-08-12,-0.01011044,96.9834,1,0.024044,160.403890,0.01278440,62.1721,1,0.035200,261.778546
2019-08-13,0.00779936,97.7633,1,0.014184,61.983520,-0.00424602,61.7474,1,0.038432,299.735120
2019-08-14,-0.00883200,96.8801,1,0.023480,141.796560,0.01850694,63.5981,0,0.000000,0.000000
2019-08-15,-0.01896646,94.9834,1,0.037696,162.034080,0.01372786,64.9709,0,0.000000,0.000000
2019-08-16,0.01695628,96.6791,1,0.021362,122.564610,-0.01852922,63.1180,1,0.057692,280.480925
2019-08-19,-0.00378732,96.3003,1,0.043682,223.127870,-0.02270759,60.8472,0,0.000000,0.000000
2019-08-20,-0.00881005,95.4193,1,0.041265,203.398270,0.00211170,61.0584,0,0.000000,0.000000
2019-08-21,0.00093698,95.5130,1,0.030732,180.312380,-0.00014091,61.0443,0,0.000000,0.000000
2019-08-22,-0.00626248,94.8868,1,0.030958,142.299550,0.01336862,62.3812,0,0.000000,0.000000
2019-08-23,-0.01764596,93.1222,1,0.030536,141.691470,0.00831006,63.2122,1,0.061194,306.561668
2019-08-26,-0.00261633,92.8606,1,0.026753,141.256780,0.00435787,63.6480,0,0.000000,0.000000
2019-08-27,0.00195446,93.0560,1,0.024374,122.158160,0.00456703,64.1047,0,0.000000,0.000000
2019-08-28,0.01674138,94.7301,1,0.035462,141.513360,-0.01887822,62.2169,1,0.046902,278.266584
2019-08-29,0.00567596,95.2977,1,0.026844,160.638120,0.00697004,62.9139,1,0.065326,401.000820
2019-08-30,0.00266351,95.5641,1,0.016709,122.756480,0.00766411,63.6803,0,0.000000,0.000000
2019-09-03,-0.02341802,93.2223,1,0.033282,201.731080,-0.00542758,63.1375,1,0.040508,284.118644
2019-09-04,0.00478749,93.7010,1,0.020181,102.304140,-0.00269549,62.8680,1,0.050529,299.516210
2019-09-05,0.01838052,95.5391,1,0.012488,101.481350,0.01724191,64.5922,1,0.046859,322.108780
2019-09-06,-0.00268468,95.2706,1,0.029498,183.283820,0.00669973,65.2621,1,0.037317,242.902690
2019-09-09,0.01147121,96.4177,1,0.044479,241.135370,0.01056671,66.3188,1,0.047709,281.110810
2019-09-10,-0.01190321,95.2274,1,0.037121,183.091220,0.03413020,69.7318,1,0.052600,302.045740
2019-09-11,0.00086442,95.3139,1,0.020168,162.510200,0.00364912,70.0967,1,0.033088,223.339460
2019-09-12,0.00610545,95.9244,1,0.029745,221.080570,-0.00232483,69.8643,1,0.051993,301.997600
2019-09-13,0.00147167,96.0716,1,0.034473,220.905290,-0.01119337,68.7449,1,0.055657,341.151490
2019-09-16,-0.01241809,94.8298,1,0.026069,161.067980,0.02584321,71.3292,1,0.062319,360.261220
2019-09-17,0.02472527,97.3023,1,0.036523,182.238060,-0.01082406,70.2468,1,0.039076,263.795720
2019-09-18,-0.00432779,96.8695,1,0.040469,259.457530,0.00623398,70.8702,1,0.060342,320.014690
2019-09-19,0.00335797,97.2053,1,0.044923,200.843310,-0.01505245,69.3650,1,0.053095,260.479480
2019-09-20,0.00493384,97.6987,1,0.034016,180.669900,0.01004156,70.3691,1,0.077384,340.660170
2019-09-23,-0.00294760,97.4039,1,0.031550,200.947480,-0.00208598,70.1605,1,0.046178,241.379400
2019-09-24,0.00308039,97.7120,1,0.035771,200.767710,-0.01000153,69.1604,1,0.055343,300.512360
2019-09-25,0.00140421,97.8524,1,0.021639,140.494970,-0.00568480,68.5919,1,0.072150,358.871430
2019-09-26,0.00361967,98.2144,1,0.025813,180.568780,-0.00924319,67.6676,1,0.048749,341.389650
2019-09-27,0.00442367,98.6567,1,0.028503,201.142200,-0.00383309,67.2843,1,0.064729,360.330550
2019-09-30,0.01133506,99.7902,1,0.022334,141.179510,-0.00876037,66.4082,1,0.050647,320.683680
2019-10-01,-0.00049596,99.7406,1,0.035506,202.094740,-0.00490109,65.9181,0,0.000000,0.000000
2019-10-02,-0.00115296,99.6253,1,0.020196,121.049570,0.00621353,66.5395,1,0.065887,341.373931
2019-10-03,0.01836115,101.4615,1,0.034425,219.582880,-0.00189914,66.3496,0,0.000000,0.000000
2019-10-04,-0.00556952,100.9045,1,0.044822,220.694900,-0.00782651,65.5669,1,0.065251,298.306826
2019-10-07,0.00115307,101.0198,1,0.028853,181.941290,0.00854272,66.4212,0,0.000000,0.000000
2019-10-08,-0.00953779,100.0660,1,0.030119,160.477420,0.01754471,68.1757,1,0.046449,241.424719
2019-10-09,0.00389777,100.4558,1,0.016013,101.265260,0.00025363,68.2010,0,0.000000,0.000000
2019-10-10,0.00654196,101.1100,1,0.029354,201.603150,-0.00410224,67.7908,0,0.000000,0.000000
2019-10-11,0.01684370,102.7944,1,0.026340,201.720850,0.01357939,69.1487,1,0.051441,320.175690
2019-10-14,-0.00073447,102.7209,1,0.031577,123.033570,0.00236830,69.3856,1,0.044780,264.272180
2019-10-15,0.00905411,103.6263,1,0.017879,120.763870,0.00645280,70.0309,1,0.047590,300.027530
2019-10-16,-0.01203624,102.4227,1,0.018924,121.282050,-0.00517688,69.5132,1,0.043418,281.329810
2019-10-17,0.00962948,103.3857,1,0.014752,121.127960,-0.00860395,68.6528,1,0.037205,300.664450
2019-10-18,0.00123491,103.5092,1,0.020399,161.647000,0.00415407,69.0682,1,0.035813,281.287690
2019-10-21,0.00242934,103.7521,1,0.022206,160.344870,-0.00058266,69.0099,1,0.041996,281.102900
2019-10-22,-0.00824890,102.9272,1,0.027110,221.143480,0.00916136,69.9260,1,0.028944,281.023950
2019-10-23,0.00034108,102.9613,1,0.016872,141.076640,-0.00138676,69.7874,1,0.045976,281.239560
2019-10-24,-0.01670216,101.2911,1,0.014096,161.329200,0.00579484,70.3669,1,0.034146,261.867540
2019-10-25,0.01254529,102.5456,1,0.022031,142.422320,-0.02015393,68.3515,1,0.054863,302.617290
2019-10-28,-0.00275003,102.2706,1,0.027003,202.410000,0.00878315,69.2298,1,0.059265,358.990410
2019-10-29,0.00660502,102.9311,1,0.012138,61.379720,0.00016954,69.2467,1,0.046606,281.240560
2019-10-30,-0.00269838,102.6613,1,0.018248,121.324300,-0.02055696,67.1910,1,0.037526,321.278180
2019-10-31,0.01018149,103.6794,1,0.031221,141.922650,-0.01971315,65.2197,1,0.066165,380.420830
2019-11-01,0.00342778,104.0222,1,0.021012,139.861070,-0.00350311,64.8694,1,0.041831,339.183690
2019-11-04,-0.00366550,103.6557,1,0.024600,163.427910,0.03420544,68.2900,1,0.046996,343.697200
2019-11-05,-0.01132198,102.5235,1,0.015648,142.189890,0.00095068,68.3850,1,0.025622,183.082840
2019-11-06,0.01336718,103.8602,1,0.020382,201.911010,-0.00876225,67.5088,1,0.038285,300.131010
2019-11-07,0.00806850,104.6670,1,0.030260,160.918640,-0.02000957,65.5078,1,0.065447,340.555000
2019-11-08,-0.00306878,104.3602,1,0.024698,221.418490,-0.00433085,65.0748,1,0.046435,400.793330
2019-11-11,0.00888545,105.2487,1,0.022595,120.851880,-0.00374302,64.7005,1,0.038352,300.204850
2019-11-12,-0.01154177,104.0945,1,0.024847,180.822100,0.00430027,65.1305,1,0.047693,339.849610
2019-11-13,0.00436544,104.5311,1,0.017356,141.013230,0.00433993,65.5645,1,0.045657,300.893640
2019-11-14,0.00227181,104.7582,1,0.027509,160.854980,0.00139876,65.7043,1,0.041604,281.528630
2019-11-15,-0.00759286,103.9990,1,0.027646,181.317390,0.00327271,66.0316,1,0.057929,340.722880
2019-11-18,0.00557835,104.5568,1,0.017695,141.480920,-0.00113979,65.9176,1,0.041679,321.757740
2019-11-19,-0.00905417,103.6514,1,0.037477,200.754930,-0.00008284,65.9094,1,0.035994,301.370100
2019-11-20,-0.00309531,103.3419,1,0.020161,121.095940,-0.00240974,65.6684,1,0.036494,261.485450
2019-11-21,-0.01072680,102.2692,1,0.019920,101.893950,-0.00389488,65.2789,1,0.041018,262.011840
2019-11-22,0.00157806,102.4270,1,0.011694,81.811500,0.00341027,65.6199,1,0.047393,320.414650
2019-11-25,-0.00752984,101.6740,1,0.017774,121.715820,-0.00748540,64.8714,1,0.036490,260.979620
2019-11-26,0.00320794,101.9948,1,0.011936,81.955450,-0.00471607,64.3998,1,0.055187,341.582270
2019-11-27,-0.00929454,101.0653,1,0.017084,122.765790,-0.00572868,63.8269,1,0.048098,301.732500
2019-11-29,-0.00284479,100.7809,1,0.025959,181.801150,-0.00393930,63.4330,1,0.059150,361.167690
2019-12-02,-0.00141546,100.6393,1,0.029816,100.630860,0.00387565,63.8205,1,0.056155,259.563820
2019-12-03,-0.00616172,100.0231,1,0.028052,140.850250,0.00158329,63.9789,1,0.055191,321.364760
2019-12-04,0.00416081,100.4392,1,0.012669,121.526680,-0.01036572,62.9423,1,0.038232,300.487560
2019-12-05,0.00258221,100.6974,1,0.010249,120.957410,-0.00187724,62.7546,1,0.040654,342.451360
2019-12-06,0.01570494,102.2679,1,0.029986,160.550890,-0.00754576,62.0000,1,0.064966,320.910950
2019-12-09,0.00231562,102.4995,1,0.028758,161.383660,0.00466942,62.4669,1,0.059738,321.885710
2019-12-10,-0.00430960,102.0685,1,0.028420,160.378740,0.00049616,62.5166,1,0.039564,300.950260
2019-12-11,-0.00616779,101.4518,1,0.034139,160.857200,0.00675874,63.1924,1,0.054996,300.061660
2019-12-12,0.00559956,102.0117,1,0.016674,120.973120,0.02374912,65.5673,1,0.046798,340.471810
2019-12-13,-0.00742916,101.2688,1,0.020746,161.614990,-0.01360227,64.2071,1,0.046767,242.892050
2019-12-16,-0.00476657,100.7921,1,0.024827,200.931410,0.00126556,64.3337,1,0.053844,378.998780
2019-12-17,0.00769603,101.5617,1,0.023277,142.123870,-0.01199173,63.1345,0,0.000000,0.000000
2019-12-18,0.00361257,101.9230,1,0.034773,201.452180,-0.00298175,62.8363,1,0.070645,363.267095
2019-12-19,-0.00195573,101.7274,1,0.024363,161.432830,-0.00380712,62.4556,1,0.063302,321.104610
2019-12-20,-0.00634476,101.0929,1,0.019396,140.919290,-0.01050098,61.4055,1,0.053818,321.221970
2019-12-23,0.01649672,102.7426,1,0.014668,141.421500,-0.02744820,58.6607,1,0.033820,321.470720
2019-12-24,0.00022684,102.7653,1,0.021966,122.426160,-0.00729906,57.9308,1,0.066286,401.410820
2019-12-26,0.00343605,103.1089,1,0.026545,100.669110,-0.01061401,56.8694,1,0.081811,380.050500
2019-12-27,0.00089727,103.1986,1,0.019873,140.290890,-0.00340612,56.5288,1,0.047992,359.987670
2019-12-30,0.00815082,104.0137,1,0.018128,140.337200,-0.00531977,55.9968,1,0.041497,320.313640
2019-12-31,-0.00266880,103.7468,1,0.038600,220.148650,-0.00551811,55.4450,1,0.051511,360.087440
