date,model_ret,model_equity,model_rebalanced,model_cost,model_traded,naive_ret,naive_equity,naive_rebalanced,naive_cost,naive_traded
2015-01-02,0.00543391,100.5434,1,0.042069,200.000000,0.00000000,100.0000,0,0.000000,0.000000
2015-01-05,-0.01353985,99.1894,1,0.035055,240.380360,0.01043497,101.0435,1,0.033743,200.000000
2015-01-06,-0.01356904,97.8325,1,0.032064,161.138250,0.01018385,102.0619,0,0.000000,0.000000
2015-01-07,-0.00833916,96.9986,1,0.020096,121.142760,0.00491659,102.5535,1,0.040941,277.408320
2015-01-08,0.00811709,97.8103,1,0.035901,182.505760,-0.01553994,100.9995,0,0.000000,0.000000
2015-01-09,0.00098233,97.9085,1,0.042947,224.064370,0.00546656,101.5462,0,0.000000,0.000000
2015-01-12,-0.00631213,97.2773,1,0.050143,199.706160,0.01021876,102.5681,1,0.057284,284.140392
2015-01-13,0.00660469,97.9378,1,0.026401,160.682830,-0.00225355,102.3427,1,0.033355,220.962140
2015-01-14,-0.00434305,97.5035,1,0.040435,240.348250,-0.00448243,101.8945,1,0.052143,319.905920
2015-01-15,-0.01389526,96.1140,1,0.043626,220.347630,0.01282544,103.1770,1,0.061576,320.214360
2015-01-16,0.01556978,97.6709,1,0.033422,100.991920,-0.00813766,102.3633,1,0.054646,240.103140
2015-01-20,-0.00055192,97.6157,1,0.063512,322.884260,-0.00387197,101.9761,0,0.000000,0.000000
2015-01-21,0.00101631,97.7174,0,0.000000,0.000000,-0.00373168,101.6029,1,0.047118,321.906939
2015-01-22,0.01743343,99.4607,1,0.030437,240.728667,-0.01608572,99.9943,1,0.057632,321.495290
2015-01-23,-0.00218614,99.2421,0,0.000000,0.000000,-0.00438987,99.5553,0,0.000000,0.000000
2015-01-26,-0.00547206,98.6949,0,0.000000,0.000000,-0.00085234,99.4701,1,0.074554,322.637931
2015-01-27,0.00017597,98.7125,1,0.046763,223.941299,-0.00307848,99.1623,0,0.000000,0.000000
2015-01-28,0.00859009,99.5715,0,0.000000,0.000000,-0.00070565,99.0917,1,0.083115,339.342513
2015-01-29,0.00032143,99.6036,0,0.000000,0.000000,-0.01516359,97.5753,0,0.000000,0.000000
2015-01-30,0.00799961,100.4036,1,0.111579,239.913738,0.00040305,97.6156,0,0.000000,0.000000
2015-02-02,0.00489275,100.8929,1,0.043915,200.090160,-0.00468077,97.1476,0,0.000000,0.000000
2015-02-03,0.00208766,101.1016,1,0.031124,243.116250,-0.01073291,96.0743,0,0.000000,0.000000
2015-02-04,0.00500140,101.6018,1,0.044320,223.697810,0.00078772,96.1530,0,0.000000,0.000000
2015-02-05,-0.00562972,101.0388,1,0.065302,239.044900,-0.01418696,94.7343,1,0.078276,340.924234
2015-02-06,-0.01243067,99.7957,1,0.034867,142.205030,0.00905926,95.6403,0,0.000000,0.000000
2015-02-09,0.00043824,99.8396,1,0.028556,160.218720,0.00728340,96.3686,1,0.039800,321.357565
2015-02-10,0.00240782,100.0804,1,0.027578,220.213580,-0.00670150,95.6985,1,0.038050,279.587500
2015-02-11,-0.00076838,100.0035,0,0.000000,0.000000,0.00042417,95.7409,0,0.000000,0.000000
2015-02-12,-0.00821988,99.1815,0,0.000000,0.000000,0.00429535,96.1704,1,0.048895,302.072064
2015-02-13,-0.01945326,97.2362,1,0.025276,223.795486,0.01641985,97.8124,0,0.000000,0.000000
2015-02-17,-0.00233983,97.0022,1,0.023693,200.127170,0.00474840,98.2872,1,0.046010,224.337316
2015-02-18,0.01546170,98.5484,1,0.045510,200.506170,-0.01298688,96.9885,1,0.067568,280.654730
2015-02-19,-0.00830723,97.7177,0,0.000000,0.000000,-0.01132056,95.8565,1,0.064116,320.406400
2015-02-20,-0.00480108,97.2376,1,0.035558,220.671511,0.00040408,95.8969,1,0.041662,360.063500
2015-02-23,-0.00242504,96.9951,0,0.000000,0.000000,-0.00288801,95.6081,1,0.040751,341.538650
2015-02-24,-0.00030035,96.9650,1,0.035755,281.308897,-0.00105505,95.5026,1,0.035385,281.027610
2015-02-25,0.00311027,97.2760,1,0.031013,200.956340,-0.00802722,94.6999,1,0.044902,320.414600
2015-02-26,0.00329728,97.6058,1,0.065852,180.493860,-0.00298430,94.4014,1,0.135330,379.300800
2015-02-27,0.00141749,97.7475,1,0.018201,179.917920,-0.00386555,94.0149,1,0.051035,299.595900
2015-03-02,-0.00278676,97.4688,1,0.026086,200.652190,-0.00127187,93.8877,1,0.032867,319.983100
2015-03-03,0.00677134,98.1460,1,0.039066,201.933470,-0.01251506,92.6362,1,0.047546,361.931040
2015-03-04,-0.00106490,98.0395,0,0.000000,0.000000,0.00128630,92.7648,1,0.065400,379.541440
2015-03-05,-0.00375924,97.6636,0,0.000000,0.000000,-0.00059823,92.7050,1,0.066063,300.158310
2015-03-06,-0.00728802,96.9348,0,0.000000,0.000000,0.00444559,93.1496,1,0.034461,281.052740
2015-03-09,0.00007706,96.9425,0,0.000000,0.000000,0.00472766,93.6223,0,0.000000,0.000000
2015-03-10,0.00449972,97.3924,0,0.000000,0.000000,-0.00308531,93.3138,1,0.067721,280.216421
2015-03-11,-0.00344899,97.0475,0,0.000000,0.000000,0.00147332,93.4611,0,0.000000,0.000000
2015-03-12,-0.00160195,96.8873,0,0.000000,0.000000,-0.00479274,92.9819,1,0.034354,299.670630
2015-03-13,-0.00155334,96.7320,0,0.000000,0.000000,0.00257403,93.2393,0,0.000000,0.000000
2015-03-16,-0.00752499,95.9795,0,0.000000,0.000000,0.00675482,93.9147,0,0.000000,0.000000
2015-03-17,-0.00191596,95.7879,1,0.027996,262.003577,0.00168359,94.0831,0,0.000000,0.000000
2015-03-18,-0.00517544,95.2704,1,0.026464,160.526140,-0.01094513,92.9886,1,0.041303,324.624230
2015-03-19,0.00699682,95.9701,1,0.028078,222.915460,0.00901407,93.8900,0,0.000000,0.000000
2015-03-20,-0.01492166,94.4779,1,0.023506,200.076180,0.00805172,94.6952,1,0.030228,241.507206
2015-03-23,0.00515499,94.9934,1,0.015211,123.203040,-0.00251659,94.4435,0,0.000000,0.000000
2015-03-24,0.00666000,95.6594,1,0.023810,180.783050,-0.00253166,94.1903,1,0.049366,322.475815
2015-03-25,0.01298256,96.9576,0,0.000000,0.000000,0.00005674,94.1960,1,0.048776,300.035220
2015-03-26,-0.00078903,96.8787,1,0.036743,298.214637,0.00217135,94.4131,0,0.000000,0.000000
2015-03-27,0.00302545,97.1813,1,0.028175,200.386900,-0.00757154,93.6560,1,0.057134,337.248991
2015-03-30,-0.00055713,97.1256,0,0.000000,0.000000,-0.00604473,93.0515,1,0.045403,320.754200
2015-03-31,-0.00345677,96.7799,1,0.033377,304.055646,0.00279785,93.3313,0,0.000000,0.000000
2015-04-01,0.00007491,96.7874,1,0.030069,279.782500,-0.00151582,93.1797,1,0.052252,322.535733
2015-04-02,-0.00256722,96.5307,1,0.021952,180.783720,0.00352515,93.5322,1,0.040555,320.008550
2015-04-06,-0.00389658,96.1410,1,0.014058,161.192730,0.00116987,93.6492,1,0.037013,281.378230
2015-04-07,0.00468629,96.6096,1,0.016151,161.949320,-0.00452700,93.1965,0,0.000000,0.000000
2015-04-08,-0.00240734,96.3689,1,0.028404,279.766020,-0.00093171,93.1034,1,0.053101,320.209440
2015-04-09,-0.00112043,96.2569,1,0.032423,201.057990,0.00988557,94.0919,0,0.000000,0.000000
2015-04-10,-0.00198428,96.0584,1,0.021458,220.489180,0.00354622,94.4465,1,0.042848,281.385910
2015-04-13,0.00398811,96.4572,1,0.029499,240.664810,-0.00487841,93.9587,1,0.033251,280.990710
2015-04-14,0.00523152,96.9804,1,0.025998,239.694870,-0.00733792,93.2249,1,0.061922,339.718950
2015-04-15,0.00220715,97.2011,1,0.026435,220.771970,0.00271784,93.4967,1,0.067376,360.149570
2015-04-16,0.00957275,98.1584,1,0.021735,221.142130,-0.00756421,92.7403,1,0.032361,321.208360
2015-04-17,-0.00573788,97.5846,1,0.035628,299.956950,0.00348880,93.0891,1,0.053770,379.946340
2015-04-20,0.00499070,98.0837,1,0.015640,160.792760,0.00279883,93.3690,0,0.000000,0.000000
2015-04-21,0.00996061,99.0797,1,0.025329,222.260270,0.00061185,93.4302,0,0.000000,0.000000
2015-04-22,-0.00153186,98.9265,1,0.041786,220.764090,-0.00038498,93.3917,1,0.064748,279.889486
2015-04-23,-0.00804424,98.1221,1,0.026104,141.007740,0.00014949,93.4067,1,0.067501,300.555550
2015-04-24,0.00630133,98.7522,1,0.023207,201.698900,-0.00018087,93.3886,1,0.031067,301.021510
2015-04-27,0.00686027,99.4383,1,0.034803,220.208840,-0.00262485,93.1261,1,0.045245,260.297900
2015-04-28,-0.00232249,99.2060,1,0.048879,239.250210,0.00483915,93.6100,1,0.063675,358.974660
2015-04-29,-0.01815572,97.3905,1,0.031392,181.360850,0.01493252,95.1033,1,0.047778,301.233510
2015-04-30,-0.00935572,96.4549,1,0.025622,161.949000,0.00227652,95.3309,1,0.052668,281.089030
2015-05-01,-0.00467449,95.9874,1,0.028729,219.976850,0.00244931,95.5758,0,0.000000,0.000000
2015-05-04,0.00477022,96.4645,1,0.048498,223.295160,-0.00436768,95.1391,0,0.000000,0.000000
2015-05-05,-0.00050478,96.4140,0,0.000000,0.000000,0.00998225,96.1373,0,0.000000,0.000000
2015-05-06,0.00466990,96.8810,1,0.047050,318.539765,0.00202093,96.3394,0,0.000000,0.000000
2015-05-07,0.00242664,97.1236,0,0.000000,0.000000,-0.00492844,95.8465,1,0.065414,299.624747
2015-05-08,0.00105925,97.2296,0,0.000000,0.000000,-0.00011473,95.8351,1,0.055693,341.488310
2015-05-11,-0.00526142,96.7034,0,0.000000,0.000000,-0.00351415,95.4837,0,0.000000,0.000000
2015-05-12,0.00783076,97.4865,1,0.021064,183.826182,-0.00329537,95.1541,1,0.058507,361.623488
2015-05-13,0.00531135,98.0176,1,0.016765,180.556840,-0.01174386,93.9797,1,0.044566,340.447590
2015-05-14,0.00166303,98.1839,1,0.027947,240.868960,-0.00217938,93.7618,1,0.053008,360.131560
2015-05-15,0.00729904,98.9138,1,0.018106,162.619470,-0.01275088,92.4867,0,0.000000,0.000000
2015-05-18,0.00060416,98.9742,1,0.034504,280.113950,-0.00816422,91.6703,1,0.065322,382.598002
2015-05-19,-0.00288437,98.6858,1,0.030087,241.048940,0.00075918,91.7462,1,0.050332,380.735660
2015-05-20,0.00084056,98.7699,1,0.021774,180.355950,-0.00208944,91.5373,1,0.037384,340.257930
2015-05-21,-0.00184655,98.5852,1,0.022995,161.001870,0.00058967,91.5962,1,0.051483,340.988200
2015-05-22,-0.00430643,98.1546,1,0.014973,140.547360,0.00422953,92.0192,1,0.037177,300.750230
2015-05-26,0.00326487,98.4811,1,0.011783,120.814530,-0.00477544,91.5416,0,0.000000,0.000000
2015-05-27,-0.00069002,98.4121,1,0.018082,180.413750,0.00027577,91.5692,0,0.000000,0.000000
2015-05-28,-0.00162911,98.2491,0,0.000000,0.000000,-0.00162902,91.4063,0,0.000000,0.000000
2015-05-29,-0.00600862,97.6483,0,0.000000,0.000000,0.00553905,91.9602,1,0.049295,338.685095
2015-06-01,-0.00142548,97.5057,1,0.020458,201.109148,0.00611195,92.5714,0,0.000000,0.000000
2015-06-02,0.00753785,98.2595,1,0.032675,181.202910,-0.00876345,91.6951,1,0.044225,261.094008
2015-06-03,-0.00489599,97.7699,1,0.033569,219.767000,0.01507463,93.2025,1,0.042857,359.836340
2015-06-04,0.00793706,98.5636,1,0.023054,181.104390,-0.01331105,91.8714,1,0.022605,201.803860
2015-06-05,-0.00662209,97.9014,0,0.000000,0.000000,0.01550527,93.4219,0,0.000000,0.000000
2015-06-08,-0.00017311,97.8841,1,0.021911,161.048752,-0.00778900,92.6430,1,0.018360,140.814427
2015-06-09,-0.00038068,97.8460,1,0.037778,199.832460,0.00557178,93.2002,0,0.000000,0.000000
2015-06-10,-0.00553736,97.2923,0,0.000000,0.000000,-0.00207544,92.9927,1,0.027464,220.055262
2015-06-11,0.00387372,97.6797,1,0.024918,182.152957,-0.00524581,92.4681,0,0.000000,0.000000
2015-06-12,0.00141693,97.8214,1,0.029267,221.343310,0.00474045,92.9421,1,0.047355,383.123013
2015-06-15,-0.00172636,97.6487,1,0.038346,220.022860,0.00728740,93.6709,0,0.000000,0.000000
2015-06-16,0.00045547,97.6943,1,0.021943,180.603570,-0.00019706,93.6512,0,0.000000,0.000000
2015-06-17,-0.00296972,97.3973,1,0.031402,181.816810,0.00366360,94.0175,0,0.000000,0.000000
2015-06-18,-0.00223151,97.1742,1,0.036681,200.834510,0.00809369,94.8269,1,0.039751,301.132724
2015-06-19,-0.01098982,96.0752,1,0.018012,142.951750,-0.00221182,94.6057,0,0.000000,0.000000
2015-06-22,0.00466359,96.5415,1,0.023721,181.900590,0.00051389,94.6571,1,0.051391,342.009130
2015-06-23,0.00101850,96.6434,1,0.021530,180.722060,0.00401294,95.0584,1,0.032676,260.943460
2015-06-24,0.00240649,96.8840,1,0.020461,160.225820,-0.00240393,94.8180,1,0.026763,260.546610
2015-06-25,0.01066295,97.9503,1,0.038045,219.870210,0.00015297,94.8333,0,0.000000,0.000000
2015-06-26,-0.00052702,97.8976,1,0.033872,220.447320,-0.00211455,94.6219,1,0.047255,357.838082
2015-06-29,-0.00573838,97.3238,0,0.000000,0.000000,0.00827578,95.4494,1,0.039182,320.301120
2015-06-30,0.00674679,97.9985,1,0.024151,200.455846,-0.00246650,95.2028,0,0.000000,0.000000
2015-07-01,0.00092193,98.0907,1,0.049327,300.603710,-0.00622097,94.5807,1,0.046677,337.601273
2015-07-02,0.00111577,98.2022,1,0.034943,201.891400,-0.00227570,94.3531,0,0.000000,0.000000
2015-07-06,0.00051389,98.2536,1,0.027011,180.157680,0.00686538,95.0397,1,0.048902,342.370977
2015-07-07,-0.01413565,96.8401,1,0.022555,180.541920,0.00656158,95.6958,1,0.047832,320.851520
2015-07-08,-0.01110437,95.7296,1,0.024597,182.387170,0.01921328,97.6171,1,0.044832,301.903490
2015-07-09,0.01104210,96.8338,1,0.021660,121.388860,-0.01122892,96.4943,0,0.000000,0.000000
2015-07-10,-0.00178751,96.6551,1,0.032351,201.190950,0.00919322,97.4136,1,0.047998,377.705627
2015-07-13,-0.00344886,96.3102,1,0.044096,242.172540,0.01236627,98.6502,0,0.000000,0.000000
2015-07-14,0.00051216,96.3614,1,0.013514,121.975270,0.00110067,98.7603,1,0.024253,223.545962
2015-07-15,0.00052850,96.4143,1,0.020670,140.722790,-0.00213516,98.5468,0,0.000000,0.000000
2015-07-16,0.00701130,97.1154,1,0.020670,120.900080,0.00252263,98.7990,1,0.048717,360.340840
2015-07-17,-0.00380719,96.7347,1,0.022609,162.131820,-0.00056951,98.7421,0,0.000000,0.000000
2015-07-20,-0.00314042,96.4206,1,0.034552,180.146930,0.00725482,99.4675,1,0.045068,321.163179
2015-07-21,-0.00291814,96.1288,1,0.034474,161.285990,0.00804402,100.2719,1,0.037498,301.108690
2015-07-22,0.00355141,96.4840,1,0.017689,142.251540,0.00207420,100.4794,1,0.039540,320.473000
2015-07-23,0.00278410,96.7624,1,0.019060,121.429430,-0.00258506,100.2209,1,0.035286,300.698040
2015-07-24,0.02131700,98.8941,1,0.021650,141.218150,0.02602081,102.8229,1,0.051599,339.327560
2015-07-27,-0.00787323,98.1067,1,0.026963,163.098930,-0.00487390,102.3356,1,0.031150,281.734340
2015-07-28,0.00656343,98.7631,1,0.028307,160.682440,-0.01061564,101.2740,1,0.047234,301.233300
2015-07-29,0.00156032,98.9191,1,0.049448,243.173370,-0.00086978,101.1870,0,0.000000,0.000000
2015-07-30,0.01304239,100.2234,1,0.034501,142.459020,0.00156429,101.3434,0,0.000000,0.000000
2015-07-31,-0.00132487,100.0909,1,0.030057,220.478320,0.00967647,102.3111,1,0.046223,326.386298
2015-08-03,0.00072386,100.1633,1,0.021674,160.760630,0.00313440,102.6245,1,0.033870,241.383650
2015-08-04,0.00901660,101.0649,1,0.025880,200.787840,-0.01047078,101.5774,1,0.033128,280.860590
2015-08-05,-0.00494514,100.5704,1,0.030594,161.750300,0.00024013,101.6015,1,0.043217,340.821030
2015-08-06,0.01729751,102.3002,1,0.022999,141.632980,-0.01785470,99.8160,1,0.046880,301.237830
2015-08-07,0.00882717,103.1829,1,0.035503,200.362910,0.00413123,100.2291,1,0.051817,359.113610
2015-08-10,0.00467595,103.6505,1,0.033775,181.322820,-0.01989101,98.2400,1,0.045801,260.673840
2015-08-11,0.00526813,104.1773,1,0.042797,262.140510,0.01203615,99.4436,0,0.000000,0.000000
2015-08-12,-0.00287505,103.8898,1,0.049375,260.085190,0.01054064,100.4977,1,0.033756,241.409414
2015-08-13,-0.00098244,103.7915,1,0.036594,201.119530,-0.01469675,99.0280,1,0.042555,241.339460
2015-08-14,0.00055161,103.8467,1,0.035689,221.006570,-0.00161454,98.8666,1,0.051934,380.428480
2015-08-17,-0.00041733,103.8050,1,0.022983,141.536570,-0.00980893,97.8857,1,0.039253,281.286860
2015-08-18,-0.00471766,103.3332,1,0.046256,161.634570,0.00070702,97.9564,0,0.000000,0.000000
2015-08-19,-0.00591616,102.7416,1,0.020076,140.726910,0.00110147,98.0665,1,0.037583,301.574698
2015-08-20,-0.00659266,102.0823,1,0.020616,160.324280,0.01359752,99.4263,1,0.046058,299.764750
2015-08-21,0.00009966,102.0923,1,0.023934,160.410650,0.00480220,99.9065,0,0.000000,0.000000
2015-08-24,0.00101103,102.1934,1,0.024437,121.728340,0.00774039,100.6805,0,0.000000,0.000000
2015-08-25,0.01051464,103.2448,1,0.037536,161.564960,-0.00047205,100.6333,0,0.000000,0.000000
2015-08-26,-0.01211148,102.0337,1,0.034428,161.357640,0.00032948,100.6663,0,0.000000,0.000000
2015-08-27,-0.00475862,101.5578,1,0.033132,185.487420,-0.00984665,99.6816,0,0.000000,0.000000
2015-08-28,-0.00925881,100.6320,1,0.023861,164.054270,-0.01331685,98.3499,0,0.000000,0.000000
2015-08-31,0.00023204,100.6552,1,0.022736,121.675780,0.01225110,99.5750,1,0.068130,371.830320
2015-09-01,-0.00020726,100.6344,1,0.036896,160.730560,-0.00423198,99.1518,1,0.044518,260.300120
2015-09-02,-0.00377566,100.2569,1,0.027696,161.107030,0.00204164,99.3560,0,0.000000,0.000000
2015-09-03,0.00212971,100.4698,1,0.033799,203.430690,0.00411652,99.7677,0,0.000000,0.000000
2015-09-04,-0.00070947,100.3989,1,0.043527,160.845810,0.00272171,100.0398,0,0.000000,0.000000
2015-09-08,-0.00464993,99.9339,1,0.026143,141.015620,0.00019412,100.0592,0,0.000000,0.000000
2015-09-09,-0.00121663,99.8122,1,0.051143,204.503550,0.00433315,100.4925,0,0.000000,0.000000
2015-09-10,0.00187667,99.9999,1,0.032223,239.535720,-0.00196674,100.2959,0,0.000000,0.000000
2015-09-11,-0.00019327,99.9806,1,0.025307,160.696510,-0.00243016,100.0529,1,0.058936,359.477315
2015-09-14,0.00214303,100.1949,1,0.042627,181.964700,-0.00044383,100.0085,0,0.000000,0.000000
2015-09-15,0.00024096,100.2190,1,0.042694,121.300190,-0.00027210,99.9813,1,0.058500,321.335190
2015-09-16,-0.00063644,100.1553,1,0.021084,121.817090,0.00471072,100.4523,0,0.000000,0.000000
2015-09-17,0.00147675,100.3030,1,0.022245,141.195460,0.00734387,101.1867,0,0.000000,0.000000
2015-09-18,-0.00090365,100.2126,1,0.025585,140.318660,0.01323249,102.5100,1,0.042251,223.691368
2015-09-21,0.00334259,100.5469,1,0.025201,121.629160,-0.00302352,102.2076,0,0.000000,0.000000
2015-09-22,0.00278433,100.8253,1,0.032167,161.444420,0.00374543,102.5822,1,0.063507,259.554455
2015-09-23,-0.00279466,100.5459,1,0.027766,179.830800,0.00153860,102.7360,0,0.000000,0.000000
2015-09-24,0.00248065,100.7939,1,0.027835,160.843340,-0.00031112,102.7049,1,0.054302,318.879825
2015-09-25,-0.00752667,100.0413,1,0.036887,200.642700,0.01304917,104.0098,1,0.051613,340.329570
2015-09-28,-0.01090164,98.9511,1,0.027404,160.966700,0.02132162,106.1420,1,0.035578,281.899010
2015-09-29,-0.00777323,98.1738,1,0.024463,142.247640,-0.00148894,105.9931,0,0.000000,0.000000
2015-09-30,-0.00768231,97.4055,1,0.018721,141.934900,-0.00280224,105.7129,1,0.057814,376.308148
2015-10-01,-0.01240035,96.1655,1,0.049575,243.157190,0.00669342,106.3822,0,0.000000,0.000000
2015-10-02,-0.02179650,93.9859,1,0.018400,141.910620,0.01426288,107.8085,1,0.055222,326.600051
2015-10-05,0.00716757,94.7026,1,0.017003,83.668150,-0.00958934,106.8496,0,0.000000,0.000000
2015-10-06,-0.00615239,94.0874,1,0.021599,162.889820,-0.00086452,106.7631,0,0.000000,0.000000
2015-10-07,0.02469419,96.5568,1,0.024821,160.810400,-0.02119353,104.6438,1,0.046943,326.387662
2015-10-08,-0.00836999,95.7198,1,0.022279,181.215860,0.00005539,104.6493,1,0.055761,340.341850
2015-10-09,0.01028703,96.7485,1,0.020277,142.665200,-0.00662149,103.9872,0,0.000000,0.000000
2015-10-12,0.00262973,97.0115,1,0.046157,181.339020,0.00003315,103.9905,1,0.055485,322.333693
2015-10-13,-0.00054720,96.9568,1,0.047900,201.027230,0.00842243,104.8327,1,0.050497,280.791220
2015-10-14,-0.00627320,96.3294,1,0.032660,199.652140,-0.00069974,104.7627,0,0.000000,0.000000
2015-10-15,0.01047911,97.3773,1,0.028579,160.410520,0.00146336,104.9091,0,0.000000,0.000000
2015-10-16,-0.01355797,96.0215,1,0.024667,181.334230,0.01073645,105.9827,0,0.000000,0.000000
2015-10-19,0.00218167,96.2397,1,0.014433,121.338970,0.01065255,107.0480,1,0.040785,282.129201
2015-10-20,0.01757696,97.9974,1,0.042974,220.765480,-0.01789965,105.2580,1,0.024975,221.152160
2015-10-21,0.00704829,98.7022,1,0.042391,260.963530,-0.00268844,104.9892,1,0.047314,361.282570
2015-10-22,0.00875806,99.5780,1,0.049924,200.334580,0.00768807,105.7580,1,0.058193,320.668550
2015-10-23,0.00464956,100.0430,1,0.041904,283.996470,-0.01806846,103.9511,0,0.000000,0.000000
2015-10-26,-0.01258824,98.7842,1,0.029144,221.445300,0.00865974,104.8171,1,0.052386,383.885517
2015-10-27,0.00638318,99.4225,1,0.026832,161.262860,0.00559681,105.3768,1,0.042099,281.307740
2015-10-28,0.03456185,102.8787,1,0.041385,182.438470,0.00564048,105.9408,1,0.059452,282.177720
2015-10-29,0.00325009,103.2037,1,0.047981,260.388330,-0.00316575,105.6243,1,0.056395,343.376240
2015-10-30,-0.00326810,102.8769,1,0.033890,200.712690,-0.01088087,104.5362,1,0.047817,320.490620
2015-11-02,0.00338507,103.2154,1,0.033493,182.311860,-0.00688851,103.8473,1,0.045781,360.700030
2015-11-03,-0.00940884,102.2745,1,0.037424,222.072280,0.01091112,104.9384,0,0.000000,0.000000
2015-11-04,-0.00282379,101.9921,1,0.023269,201.268180,0.00098545,105.0370,1,0.032595,262.181200
2015-11-05,-0.01079173,100.9129,1,0.024913,160.499890,0.01005221,106.0422,1,0.042939,320.169760
2015-11-06,-0.00547858,100.3651,1,0.024988,161.832940,0.00206967,106.2492,1,0.037603,261.703960
2015-11-09,0.00288389,100.6535,1,0.022671,181.134790,-0.00687001,105.5622,1,0.035251,300.843930
2015-11-10,0.00116724,100.7702,1,0.029656,200.239860,-0.00907612,104.6546,0,0.000000,0.000000
2015-11-11,0.00231526,101.0017,1,0.041544,241.625300,-0.00075109,104.5794,1,0.057649,380.400136
2015-11-12,-0.00242688,100.7590,1,0.041218,260.264710,0.00179438,104.7589,1,0.040672,280.519240
2015-11-13,0.00842163,101.6012,1,0.020397,160.550910,-0.00247441,104.5114,0,0.000000,0.000000
2015-11-16,0.00064741,101.6659,1,0.029249,219.553500,-0.00188902,104.3225,1,0.050512,337.617506
2015-11-17,-0.00073588,101.5924,1,0.037158,243.250730,-0.00151259,104.1713,0,0.000000,0.000000
2015-11-18,0.00314825,101.9072,1,0.033565,181.087430,-0.00561061,103.6102,1,0.037931,301.517805
2015-11-19,0.00655208,102.5624,1,0.022812,183.314250,-0.01065111,102.5451,0,0.000000,0.000000
2015-11-20,-0.00425774,102.1366,1,0.035264,220.681520,0.00140330,102.6854,1,0.044770,322.437244
2015-11-23,0.00557538,102.6942,1,0.026842,142.267110,-0.00666145,102.0193,1,0.041795,282.238720
2015-11-24,0.01049775,103.7439,1,0.028145,241.103560,-0.00387583,101.6317,1,0.038393,321.865610
2015-11-25,0.00539087,104.2830,1,0.035093,240.261280,-0.00734089,100.8976,1,0.058229,340.801370
2015-11-27,-0.00174650,104.1084,1,0.047600,280.711660,0.00585426,101.4830,1,0.051704,320.830140
2015-11-30,0.00824361,104.9327,1,0.039459,201.257350,-0.00699709,100.7833,1,0.054309,301.239590
2015-12-01,-0.00176617,104.7561,1,0.038287,240.088780,-0.00673372,100.1100,1,0.044662,339.706480
2015-12-02,0.00883331,105.6394,1,0.028959,161.368350,-0.00345441,99.7645,0,0.000000,0.000000
2015-12-03,0.00102746,105.7422,1,0.036544,239.649090,0.01468570,101.2331,0,0.000000,0.000000
2015-12-04,-0.00472729,105.2695,1,0.025189,199.799970,-0.01192603,100.0405,0,0.000000,0.000000
2015-12-07,-0.00806948,104.4625,1,0.037698,223.161200,-0.00602110,99.4384,0,0.000000,0.000000
2015-12-08,-0.00799582,103.6629,1,0.031712,201.292270,0.00132503,99.5709,1,0.050697,297.750985
2015-12-09,0.00502582,104.1655,1,0.039398,141.498750,-0.00980459,98.5904,1,0.055289,280.393420
2015-12-10,0.00511992,104.6775,1,0.036408,200.246860,-0.00368114,98.2223,1,0.062694,378.193170
2015-12-11,0.00284666,104.9622,1,0.033814,220.486420,-0.00614086,97.6082,1,0.046896,320.781640
2015-12-14,-0.00712125,104.2500,1,0.027975,180.865620,-0.00030259,97.5780,0,0.000000,0.000000
2015-12-15,0.00954256,105.2043,1,0.026804,201.193090,-0.00635312,96.9427,1,0.038262,320.227206
2015-12-16,0.00579447,105.7837,1,0.044783,302.192820,-0.00247733,96.6949,0,0.000000,0.000000
2015-12-17,-0.00907647,104.8761,1,0.029887,221.715770,0.00141621,96.8365,0,0.000000,0.000000
2015-12-18,-0.01136033,103.7401,1,0.026683,160.581200,-0.00823650,96.0129,0,0.000000,0.000000
2015-12-21,0.00026624,103.7667,1,0.027146,141.076830,-0.01058106,94.9548,0,0.000000,0.000000
2015-12-22,0.00754100,104.5208,1,0.032460,201.399830,-0.00610221,94.3446,1,0.052651,380.503671
2015-12-23,-0.01729525,102.7913,1,0.036595,261.650300,-0.00077761,94.2668,0,0.000000,0.000000
2015-12-24,0.00459879,103.2511,1,0.031551,223.551470,-0.00278886,93.9879,0,0.000000,0.000000
2015-12-28,-0.00028250,103.2229,1,0.053570,280.470830,0.00189529,94.1774,1,0.076181,343.688923
2015-12-29,0.00197837,103.4207,1,0.031483,220.544920,-0.00391276,93.7862,1,0.044606,320.924950
2015-12-30,0.00115628,103.5364,1,0.032772,201.812640,0.00949698,94.7359,0,0.000000,0.000000
2015-12-31,0.00381002,103.9174,1,0.039918,219.657240,-0.00645135,94.0907,0,0.000000,0.000000
2016-01-04,-0.01135332,102.7820,1,0.027342,200.408160,0.00139972,94.2307,0,0.000000,0.000000
2016-01-05,-0.00190101,102.5919,1,0.038481,160.368550,0.00594855,94.8256,0,0.000000,0.000000
2016-01-06,-0.00041144,102.5508,1,0.031704,161.599920,0.00173711,94.9993,1,0.056799,318.317500
2016-01-07,-0.01432749,101.1180,1,0.032749,140.503540,0.01188371,96.1876,1,0.056499,298.939590
2016-01-08,-0.01028531,100.0895,1,0.017271,101.706560,0.00266723,96.4544,0,0.000000,0.000000
2016-01-11,-0.00323660,99.7658,1,0.018620,121.691700,0.01216536,97.6709,0,0.000000,0.000000
2016-01-12,0.01631359,101.3972,1,0.017911,100.672720,-0.00446826,97.2241,1,0.032726,277.909761
2016-01-13,-0.00879435,100.5178,1,0.045345,300.637410,-0.00698063,96.5260,1,0.049283,321.583960
2016-01-14,0.00380198,100.8980,1,0.032182,180.543110,0.00481575,97.0076,0,0.000000,0.000000
2016-01-15,0.01845483,102.7434,1,0.047767,283.406720,0.00180162,97.1878,0,0.000000,0.000000
2016-01-19,-0.01575368,101.1681,1,0.046558,238.824030,0.00690430,97.8782,0,0.000000,0.000000
2016-01-20,-0.00457348,100.7107,1,0.024388,181.139730,0.00207869,98.0861,1,0.039031,260.501718
2016-01-21,0.01334522,102.0453,1,0.019208,141.019540,-0.01577072,96.5090,1,0.041642,338.960560
2016-01-22,0.00495427,102.5407,1,0.031103,181.231490,0.00019031,96.5280,1,0.051679,342.718750
2016-01-25,0.01793647,104.3343,1,0.039313,244.805930,-0.00840025,95.6880,0,0.000000,0.000000
2016-01-26,-0.01032550,103.3018,1,0.051120,238.395160,0.02883782,98.5718,0,0.000000,0.000000
2016-01-27,0.00257144,103.5589,0,0.000000,0.000000,-0.02304513,96.2673,0,0.000000,0.000000
2016-01-28,0.01384254,104.9432,1,0.038976,221.058946,0.00594502,96.8618,1,0.060058,342.146392
2016-01-29,0.00501934,105.4451,1,0.026506,180.787490,-0.00901984,95.9598,1,0.040574,281.681700
2016-02-01,0.01085561,106.5307,0,0.000000,0.000000,-0.01369000,94.5908,0,0.000000,0.000000
2016-02-02,-0.00794824,105.7358,0,0.000000,0.000000,0.01794719,96.3855,1,0.050781,364.981788
2016-02-03,0.00248482,105.9843,1,0.038738,240.732416,-0.00648773,95.7367,0,0.000000,0.000000
2016-02-04,-0.00999919,104.9844,1,0.039399,223.686120,-0.01892614,93.8441,0,0.000000,0.000000
2016-02-05,-0.01136523,103.8479,1,0.015163,122.490180,0.01066065,94.9102,1,0.048615,362.017614
2016-02-08,-0.01208005,102.6399,1,0.019995,161.605840,0.01374110,96.2843,0,0.000000,0.000000
2016-02-09,0.00056574,102.6965,1,0.027856,141.248250,0.01140438,97.4247,1,0.042742,277.532948
2016-02-10,0.02531806,105.2283,1,0.039694,201.460170,-0.02642774,94.7819,1,0.046514,322.550220
2016-02-11,0.01711643,106.9399,1,0.060187,283.852440,-0.01443704,93.3382,1,0.040344,304.546460
2016-02-12,-0.00283838,106.6561,1,0.048778,198.604090,-0.00993297,92.3449,1,0.044587,297.346440
2016-02-16,-0.00932894,105.7232,1,0.046424,205.047840,0.00252248,92.5972,0,0.000000,0.000000
2016-02-17,0.01014484,106.7377,0,0.000000,0.000000,0.01238916,93.8361,0,0.000000,0.000000
2016-02-18,0.00335652,107.0733,0,0.000000,0.000000,-0.02607317,91.2288,1,0.053387,292.169329
2016-02-19,-0.00171791,106.9015,0,0.000000,0.000000,-0.00050014,91.1788,1,0.046894,358.532750
2016-02-22,-0.00703725,106.1978,0,0.000000,0.000000,-0.01601389,89.5774,1,0.048429,281.254640
2016-02-23,0.00611895,106.8097,0,0.000000,0.000000,0.00870269,90.4477,0,0.000000,0.000000
2016-02-24,0.00455152,107.2648,1,0.051678,346.499992,-0.00259401,90.1883,1,0.061981,321.235312
2016-02-25,-0.00262737,107.0021,1,0.041147,221.468530,-0.00428325,89.7599,1,0.058305,341.235800
2016-02-26,0.00213962,107.2161,1,0.036478,202.320370,0.00384541,90.1445,0,0.000000,0.000000
2016-02-29,0.01151223,108.3673,0,0.000000,0.000000,-0.01403037,88.7414,1,0.042757,303.296356
2016-03-01,0.00161746,108.5290,1,0.033394,260.142242,-0.01647364,87.0941,1,0.057694,358.688160
2016-03-02,-0.00207245,108.3218,0,0.000000,0.000000,-0.01191548,85.9025,0,0.000000,0.000000
2016-03-03,-0.00050735,108.2711,0,0.000000,0.000000,0.00721246,86.6238,1,0.056774,347.035124
2016-03-04,-0.00983263,107.2878,1,0.032893,206.451265,0.00937348,87.5611,0,0.000000,0.000000
2016-03-07,-0.00770593,106.5172,1,0.027453,162.050090,0.00505406,88.0665,1,0.038734,264.097920
2016-03-08,0.02013767,108.5310,1,0.022643,141.806920,-0.02643105,85.4234,1,0.059855,321.345140
2016-03-09,-0.00236064,108.2949,1,0.045334,238.398350,-0.00044903,85.3785,1,0.061223,337.244290
2016-03-10,0.00159218,108.4541,1,0.020272,160.917250,0.00424616,85.8031,1,0.039344,281.520000
2016-03-11,0.01029121,109.4832,1,0.035879,201.094070,-0.01959776,83.8434,1,0.044416,280.657840
2016-03-14,-0.00382622,109.1006,1,0.034322,263.881320,0.00099677,83.9430,0,0.000000,0.000000
2016-03-15,0.00861975,109.9626,1,0.032375,180.700360,0.00188753,84.1318,1,0.048987,264.095072
2016-03-16,0.00022836,109.9854,1,0.040294,219.488830,-0.01421293,82.7105,1,0.063483,359.215780
2016-03-17,-0.00570422,109.4150,1,0.031022,201.378870,0.01425181,84.1357,1,0.067449,342.377550
2016-03-18,0.01172316,110.5873,1,0.019584,183.697720,-0.01182120,82.9536,1,0.041050,222.838970
2016-03-21,-0.00125623,110.4617,0,0.000000,0.000000,-0.00505217,82.4483,1,0.050667,362.742850
2016-03-22,0.00101362,110.5631,1,0.047328,261.799220,-0.00124220,82.3241,1,0.039620,340.241170
2016-03-23,0.00046178,110.6092,1,0.017392,140.768110,-0.00243647,82.0805,1,0.036187,300.879040
2016-03-24,0.00617958,111.2272,1,0.029402,180.356050,-0.00397431,81.6830,1,0.046411,320.080320
2016-03-28,0.01016309,112.2435,1,0.024041,181.262880,-0.01034315,80.6487,1,0.042305,320.758700
2016-03-29,-0.00135911,112.1076,1,0.033381,200.504410,0.00920686,81.5694,1,0.065724,380.119510
2016-03-30,0.00026106,112.1337,0,0.000000,0.000000,0.00002572,81.5720,0,0.000000,0.000000
2016-03-31,-0.00256450,111.8773,1,0.031480,182.820584,-0.00713133,80.8588,1,0.061333,343.263343
2016-04-01,0.01464356,113.3416,1,0.032524,240.797570,-0.02209458,78.6494,1,0.054918,379.754520
2016-04-04,-0.00993428,112.3482,1,0.036338,240.778580,0.01633100,80.2825,1,0.055240,380.704160
2016-04-05,0.00130635,112.4788,1,0.024475,220.760450,0.00052523,80.3350,1,0.044007,301.795900
2016-04-06,-0.01534663,110.9442,1,0.024483,219.478150,0.00710019,81.0450,0,0.000000,0.000000
2016-04-07,0.00724875,111.6690,1,0.019225,143.352300,-0.01248625,79.7964,1,0.040765,261.666527
2016-04-08,-0.00514660,111.1544,1,0.029190,179.456480,0.00837588,80.6340,1,0.042692,338.809500
2016-04-11,-0.00468422,110.6859,1,0.028722,201.061250,0.00499990,81.1340,1,0.030110,241.214360
2016-04-12,-0.01260902,109.4250,1,0.027672,161.255280,0.01340781,82.4748,1,0.030019,221.230600
2016-04-13,-0.00527999,108.8970,1,0.024259,142.373550,0.00765598,83.2404,0,0.000000,0.000000
2016-04-14,-0.00878231,108.0188,1,0.018141,182.853680,0.00263696,83.5041,1,0.046784,325.419969
2016-04-15,0.00688635,108.7074,1,0.025295,199.909970,-0.01302907,82.2012,1,0.027737,260.237900
2016-04-18,0.00291906,108.9994,1,0.031024,240.715710,-0.00605505,81.5956,1,0.049265,380.647350
2016-04-19,-0.00575070,108.4243,1,0.035810,240.852590,-0.00184569,81.4111,0,0.000000,0.000000
2016-04-20,0.00466086,108.8904,1,0.035714,239.964220,-0.00014656,81.3964,1,0.055246,301.352128
2016-04-21,0.01386711,110.2771,1,0.035609,200.924960,0.00578550,81.9750,1,0.053040,300.769430
2016-04-22,0.00143121,110.4202,1,0.040439,202.018540,-0.00567089,81.4079,1,0.070139,300.821530
2016-04-25,-0.00062654,110.3575,1,0.034594,221.159000,0.00262518,81.6704,1,0.065452,361.539010
2016-04-26,-0.00318901,110.0386,1,0.026161,160.431940,-0.00640873,81.0295,1,0.047793,319.894530
2016-04-27,-0.00799015,109.2396,1,0.028165,162.217760,0.00481007,81.5105,1,0.059803,362.180060
2016-04-28,0.00718913,109.9585,1,0.027697,181.765070,-0.00845867,80.6647,1,0.025627,262.416330
2016-04-29,-0.00234242,109.7243,1,0.032372,238.722970,0.00946982,81.6117,1,0.067718,338.381860
2016-05-02,-0.00457524,109.2668,1,0.023264,120.736650,-0.00084761,81.5269,1,0.039031,259.975480
2016-05-03,-0.01497420,107.7694,1,0.027210,181.624280,0.01345421,82.8723,1,0.035979,321.765330
2016-05-04,-0.01452911,106.3165,1,0.036841,140.669870,0.01804347,84.6767,1,0.049133,280.336720
2016-05-05,0.00503555,106.8200,1,0.036905,180.831570,0.00126347,84.8030,1,0.044573,240.959180
2016-05-06,-0.00188608,106.6314,1,0.024478,200.908580,0.00592277,85.3953,1,0.033553,280.407540
2016-05-09,-0.00218052,106.4133,1,0.024372,160.943610,0.00019423,85.4147,1,0.044537,262.238130
2016-05-10,0.00934557,107.3479,1,0.025063,180.882260,-0.01243327,84.1714,1,0.046817,321.016860
2016-05-11,0.00007856,107.3558,1,0.037414,242.999980,-0.01412640,82.7587,0,0.000000,0.000000
2016-05-12,0.00102946,107.4587,1,0.028424,180.489690,0.00209755,82.9685,0,0.000000,0.000000
2016-05-13,-0.00074111,107.3846,1,0.024091,141.134170,-0.00113762,82.8547,1,0.031272,261.993164
2016-05-16,0.00088213,107.4728,1,0.017957,160.350720,-0.00195253,82.6595,0,0.000000,0.000000
2016-05-17,0.00075994,107.5488,1,0.035856,181.981590,-0.00781029,81.8784,0,0.000000,0.000000
2016-05-18,-0.00175634,107.3732,1,0.022214,160.419090,-0.01269202,80.6092,0,0.000000,0.000000
2016-05-19,0.00089016,107.4622,1,0.022094,161.176760,-0.00705323,79.9039,1,0.051533,358.621362
2016-05-20,-0.00332580,107.1296,1,0.027560,219.965710,-0.00705309,79.1986,1,0.044609,340.254410
2016-05-23,-0.00394192,106.7354,1,0.025232,162.039540,-0.00786118,78.4125,0,0.000000,0.000000
2016-05-24,0.00045029,106.7804,1,0.017691,120.419820,0.00145585,78.5581,1,0.047915,361.333327
2016-05-25,-0.00133593,106.6468,1,0.039943,242.979200,0.01514127,80.0722,0,0.000000,0.000000
2016-05-26,0.01283249,107.9301,1,0.041901,181.501110,-0.00234784,79.8374,1,0.037204,244.497068
2016-05-27,-0.00222361,107.7077,1,0.044481,241.540250,-0.00105909,79.7315,1,0.055789,340.634340
2016-05-31,-0.00682832,107.0249,1,0.028752,201.155160,0.00816520,80.5480,0,0.000000,0.000000
2016-06-01,0.00169263,107.1942,1,0.032867,141.228880,-0.00266957,80.2811,1,0.025697,221.822285
2016-06-02,-0.00987230,106.2069,1,0.034520,200.348470,0.00713952,80.9950,1,0.051758,340.741860
2016-06-03,0.00472915,106.6799,1,0.015365,141.522070,-0.00770829,80.2242,1,0.032549,241.412030
2016-06-06,0.00322730,107.0026,1,0.043660,200.030400,-0.01198072,79.0261,1,0.054042,360.068880
2016-06-07,-0.00172858,106.8297,1,0.033758,241.816010,-0.00078344,78.9478,1,0.044804,361.574650
2016-06-08,-0.00117558,106.7122,1,0.033588,180.790620,-0.00311940,78.6358,1,0.045460,300.734400
2016-06-09,-0.00420216,106.2920,1,0.022636,180.964270,0.00466970,79.1028,1,0.029920,280.858280
2016-06-10,0.00075157,106.3671,1,0.017283,160.497640,0.00888463,79.9913,1,0.026067,280.437230
2016-06-13,-0.00644981,105.7221,1,0.017581,179.714080,0.00254999,80.2463,0,0.000000,0.000000
2016-06-14,-0.00568492,105.1536,1,0.025392,180.883320,0.00983032,81.2293,0,0.000000,0.000000
2016-06-15,0.00099315,105.2529,1,0.034565,181.086640,-0.00146354,81.0830,1,0.024014,201.263415
2016-06-16,-0.00764305,104.4886,1,0.021085,160.657840,-0.00397413,80.6855,1,0.034093,300.738420
2016-06-17,0.00419717,104.9084,1,0.017903,161.101220,-0.00374883,80.3107,1,0.059883,381.291080
2016-06-20,-0.00034636,104.8737,1,0.036886,141.307820,-0.00416834,79.8938,1,0.078954,360.322440
2016-06-21,0.00022064,104.8958,1,0.031246,201.584770,0.00322214,80.2160,0,0.000000,0.000000
2016-06-22,-0.00034993,104.8608,1,0.021203,180.748250,-0.00237911,79.9781,1,0.040231,282.549958
2016-06-23,0.00335556,105.1964,1,0.027564,160.043170,0.00042935,80.0211,1,0.041665,359.665600
2016-06-24,0.03446685,108.6430,1,0.043285,223.107560,-0.00413663,79.6074,0,0.000000,0.000000
2016-06-27,-0.02090125,106.5529,1,0.054315,314.360890,-0.01460365,78.1470,0,0.000000,0.000000
2016-06-28,0.00749088,107.3020,1,0.015492,104.115050,-0.01584154,76.5629,1,0.051264,335.093302
2016-06-29,0.00027317,107.3293,1,0.037543,244.435960,-0.01586670,74.9762,0,0.000000,0.000000
2016-06-30,0.00666454,107.9958,1,0.032196,164.748680,-0.01077294,73.8989,0,0.000000,0.000000
2016-07-01,0.00225660,108.2214,1,0.038130,163.541490,0.00087091,73.9860,0,0.000000,0.000000
2016-07-05,0.00671399,108.8928,1,0.027851,180.874370,-0.00087969,73.8980,1,0.038649,330.955436
2016-07-06,-0.00520988,108.3718,1,0.025938,180.210170,-0.00479754,73.4183,1,0.043824,339.222800
2016-07-07,0.00205225,108.5771,1,0.025895,181.350390,0.00488310,73.9066,1,0.040530,341.210790
2016-07-08,-0.00634326,107.9427,1,0.025446,200.555360,0.00870332,74.7769,1,0.036988,300.444780
2016-07-11,-0.01346874,106.5959,1,0.013884,143.182540,0.01026793,75.8037,0,0.000000,0.000000
2016-07-12,-0.02060387,104.5355,1,0.014177,141.487490,0.01257329,77.0611,1,0.037551,264.187981
2016-07-13,0.00924972,105.4605,1,0.029438,102.442330,-0.01211340,75.8497,1,0.032000,281.908240
2016-07-14,-0.00185631,105.2748,1,0.029691,180.405710,-0.00659350,75.1904,1,0.049720,380.173740
2016-07-15,-0.00787613,104.4872,1,0.019473,140.903220,0.00360353,75.5507,1,0.052897,340.071290
2016-07-18,-0.00392635,104.0946,1,0.006465,80.811960,0.00260535,75.8112,1,0.030015,280.569470
2016-07-19,0.00575617,104.6702,1,0.013323,120.737250,0.00181119,75.9924,1,0.024031,240.891050
2016-07-20,0.00277452,104.9476,1,0.010378,81.039440,-0.00751129,75.2412,1,0.048239,320.166630
2016-07-21,-0.02160580,102.7871,1,0.030880,200.632510,0.01356032,76.5973,1,0.047708,380.839130
2016-07-22,-0.00072215,102.7148,1,0.017895,122.647060,0.00450529,77.0478,1,0.041691,341.423700
2016-07-25,0.00103889,102.8187,1,0.021901,182.934820,0.01093700,78.1415,0,0.000000,0.000000
2016-07-26,0.01566402,104.3851,1,0.022038,179.991910,-0.00786954,77.3545,1,0.031364,283.713480
2016-07-27,-0.01650920,102.7342,1,0.029510,220.887220,0.01706447,79.0610,1,0.041273,361.423290
2016-07-28,0.00785388,103.5196,1,0.017182,101.397530,0.00110057,79.1710,1,0.030903,201.475060
2016-07-29,-0.01024009,102.4956,1,0.035519,221.646350,0.00573779,79.7448,1,0.055671,322.039460
2016-08-01,0.00556261,103.0519,1,0.015049,142.149250,0.00495341,80.2402,1,0.042789,301.322890
2016-08-02,-0.00375179,102.6767,1,0.022649,140.254090,0.00569910,80.8101,1,0.040170,280.506330
2016-08-03,-0.00511345,102.1653,1,0.021965,180.665910,-0.02702267,78.1078,0,0.000000,0.000000
2016-08-04,-0.00142631,102.0227,1,0.026651,162.245940,0.00292775,78.4006,1,0.051505,380.564465
2016-08-05,-0.00410752,101.6119,1,0.036902,180.635620,0.00455116,78.8557,1,0.045624,260.697900
2016-08-08,-0.00212844,101.3991,1,0.030634,221.716510,0.00693795,79.5495,1,0.037555,282.312860
2016-08-09,0.00567414,101.9665,1,0.026676,220.617030,-0.00811797,78.7377,1,0.032387,260.601630
2016-08-10,0.00357219,102.3237,1,0.022861,200.281630,0.00000197,78.7379,1,0.044663,400.188450
2016-08-11,0.00569142,102.8929,1,0.037198,179.974940,-0.00646673,78.0912,1,0.029933,260.584080
2016-08-12,0.00241464,103.1343,1,0.031846,200.180240,-0.00530719,77.5605,1,0.040079,320.951040
2016-08-15,-0.00224524,102.9098,1,0.029184,200.388730,-0.00189503,77.3710,1,0.038243,360.347560
2016-08-16,-0.01619339,101.2905,1,0.027929,141.497840,0.01151209,78.5222,1,0.045311,321.374860
2016-08-17,0.00331374,101.6219,1,0.010326,81.841150,-0.00990540,77.5317,0,0.000000,0.000000
2016-08-18,0.00329731,101.9516,1,0.028879,200.555320,0.00409153,77.9408,1,0.051337,380.291386
2016-08-19,-0.00491339,101.4602,1,0.027329,181.305150,-0.00213242,77.7276,1,0.041492,261.684770
2016-08-22,0.00164997,101.6252,1,0.018003,121.369750,0.00072242,77.7998,1,0.038958,340.390170
2016-08-23,-0.00002057,101.6232,1,0.022717,160.723060,-0.00289152,77.5107,1,0.032852,280.966020
2016-08-24,0.01228949,102.8521,1,0.027601,180.995380,-0.00742850,76.7678,1,0.050840,360.710000
2016-08-25,0.00143402,102.9955,1,0.029228,179.383310,-0.00175764,76.5921,1,0.046734,339.172030
2016-08-26,-0.00346853,102.6487,1,0.026903,160.566130,0.00582104,77.1742,1,0.044966,320.423290
2016-08-29,0.00417733,103.0664,1,0.023657,160.351830,-0.00284331,76.8898,1,0.029891,260.575510
2016-08-30,0.00167471,103.2339,1,0.029319,181.371570,0.00722721,77.6126,0,0.000000,0.000000
2016-08-31,0.00322093,103.5560,1,0.024077,180.676770,0.00421111,78.0337,1,0.029099,241.232317
2016-09-01,0.00208930,103.7649,1,0.018250,160.285870,-0.00340404,77.6933,1,0.034144,300.500930
2016-09-02,-0.00482402,103.2825,1,0.023422,160.630460,0.00234343,77.9276,1,0.039597,300.244840
2016-09-06,0.00428586,103.7111,1,0.020554,161.966060,0.00641532,78.5691,0,0.000000,0.000000
2016-09-07,0.00707206,104.4183,1,0.028774,200.004380,-0.00461498,78.1076,1,0.034008,282.183452
2016-09-08,-0.00945048,103.4733,1,0.023258,200.395920,-0.00085155,78.0225,1,0.041195,380.445790
2016-09-09,0.00678547,104.1518,1,0.019213,180.809130,0.00021450,78.0439,1,0.030160,319.640780
2016-09-12,0.00377093,104.5289,1,0.020437,180.138200,-0.00576617,77.4673,0,0.000000,0.000000
2016-09-13,0.00247463,104.7764,1,0.030507,242.629290,0.00129902,77.5972,0,0.000000,0.000000
2016-09-14,-0.00571619,104.2047,1,0.028419,180.353530,-0.00377917,77.2193,0,0.000000,0.000000
2016-09-15,0.00363675,104.5684,1,0.026975,200.777560,-0.00292497,76.9268,1,0.040627,353.652502
2016-09-16,-0.00201729,104.3667,1,0.021319,242.131430,0.00391116,77.3179,0,0.000000,0.000000
2016-09-19,0.00528025,104.8947,1,0.016135,160.496670,-0.00314506,77.0034,1,0.031616,301.959350
2016-09-20,0.00130241,105.0250,1,0.017429,141.554140,0.00357023,77.3604,1,0.040187,341.164350
2016-09-21,-0.00448014,104.5769,1,0.024534,180.708750,-0.00231592,77.1288,1,0.033012,280.641850
2016-09-22,0.00583673,105.1606,1,0.018977,182.761240,-0.00347935,76.7809,0,0.000000,0.000000
2016-09-23,-0.00717429,104.4432,1,0.017359,181.736110,0.00431375,77.2123,0,0.000000,0.000000
2016-09-26,-0.00134927,104.3083,1,0.027507,180.665690,-0.00053477,77.1588,1,0.041247,323.540495
2016-09-27,0.01357466,105.6657,1,0.023654,180.114520,-0.01112512,76.0463,1,0.041672,299.336090
2016-09-28,0.01364589,107.0303,1,0.029261,219.841960,-0.00797579,75.2487,1,0.044439,380.072980
2016-09-29,0.00446664,107.4770,1,0.023406,202.094310,0.00373925,75.6226,1,0.029445,281.519900
2016-09-30,-0.00148322,107.3287,1,0.025152,201.342090,0.00606636,76.2293,0,0.000000,0.000000
2016-10-03,-0.00910843,106.4178,1,0.030393,281.268010,0.01763141,77.9924,1,0.020579,241.901075
2016-10-04,0.00008243,106.4261,1,0.015867,161.121490,0.00992043,78.9845,1,0.029057,241.134920
2016-10-05,-0.00849263,105.5768,1,0.022283,160.822390,0.00530690,79.5152,1,0.029820,240.609800
2016-10-06,-0.00000095,105.5767,1,0.017995,161.855180,0.00140759,79.6559,1,0.028961,261.183690
2016-10-07,0.02038300,107.6150,1,0.009150,100.224060,-0.01375517,78.2804,1,0.036297,280.347720
2016-10-10,0.00261980,107.8770,1,0.024370,239.461790,0.00515649,78.7960,1,0.040041,358.683240
2016-10-11,0.00268037,108.1450,1,0.027373,281.435870,-0.00626398,78.1696,1,0.032958,301.990970
2016-10-12,0.00344446,108.4895,1,0.027994,219.646350,-0.00383598,77.7860,0,0.000000,0.000000
2016-10-13,0.00424127,108.9136,1,0.033363,241.226540,-0.00189824,77.5962,0,0.000000,0.000000
2016-10-14,0.00177223,109.0908,1,0.025707,240.167170,-0.00441651,77.1546,1,0.040551,357.608849
2016-10-17,-0.00039959,109.0508,1,0.034079,200.473690,0.00108549,77.2631,1,0.049661,320.526660
2016-10-18,-0.00437529,108.6133,1,0.028129,200.463460,-0.00079387,77.1837,1,0.049297,340.524870
2016-10-19,-0.00889613,107.7237,1,0.024923,201.418700,0.00597228,77.7810,1,0.046042,321.248730
2016-10-20,0.01292759,109.0165,1,0.017321,181.270190,-0.00746185,77.0348,1,0.022515,222.059710
2016-10-21,0.00361134,109.3776,1,0.017126,159.920780,-0.00401901,76.6329,1,0.042691,318.508530
2016-10-24,0.00522896,109.9005,1,0.024014,180.396800,-0.00059994,76.5729,1,0.054124,360.248310
2016-10-25,-0.00802937,109.0976,1,0.027257,180.122110,0.00902836,77.4757,1,0.038164,300.776130
2016-10-26,-0.04586140,104.5114,1,0.023070,200.506480,0.02630844,80.1066,1,0.031126,280.965800
2016-10-27,-0.00165842,104.3456,1,0.019862,161.319110,0.00637252,80.7438,1,0.033658,282.650550
2016-10-28,0.00243884,104.5895,1,0.026006,140.272400,-0.00712798,80.0310,1,0.043148,240.329450
2016-10-31,-0.00727151,103.8623,1,0.018351,141.631410,0.00479440,80.5105,1,0.041710,321.350410
2016-11-01,0.00745093,104.6074,1,0.013547,121.901920,-0.00987572,79.5229,1,0.032272,261.144850
2016-11-02,-0.00900061,103.7073,1,0.028391,219.834200,0.01923807,81.4467,1,0.046083,358.487180
2016-11-03,-0.00188012,103.5193,1,0.027582,181.489910,0.01735782,83.1825,1,0.029158,240.938550
2016-11-04,0.00715215,104.2345,1,0.021775,161.145650,-0.01130366,82.0521,1,0.026476,242.336520
2016-11-07,-0.01249917,102.9846,1,0.034407,280.957990,0.00835181,82.8873,1,0.036529,300.208930
2016-11-08,0.00330237,103.3149,1,0.034573,204.145790,0.00359212,83.2465,0,0.000000,0.000000
2016-11-09,0.02100894,105.4158,1,0.024936,200.883570,-0.03684707,79.5618,1,0.027857,265.415668
2016-11-10,-0.02585080,102.8307,1,0.024110,200.248690,0.04210164,83.7720,1,0.047326,361.456810
2016-11-11,-0.00659189,102.1715,1,0.010989,103.888470,0.00235047,84.0070,1,0.019193,204.608710
2016-11-14,-0.00654265,101.5172,1,0.019525,142.303580,0.02130884,86.1379,1,0.040806,340.907340
2016-11-15,-0.00079897,101.4373,1,0.021077,203.450920,-0.00656581,85.4813,1,0.032561,264.146970
2016-11-16,0.01322003,102.7593,1,0.017307,182.930580,-0.00176290,85.3050,1,0.039540,362.029320
2016-11-17,-0.01221353,101.5380,1,0.026043,200.287450,0.01646226,86.9512,1,0.039284,340.080170
2016-11-18,0.00674194,102.2122,1,0.018476,141.508750,-0.00638564,86.3127,1,0.034174,261.844810
2016-11-21,-0.00342019,101.8702,1,0.036869,200.772370,-0.00069895,86.2428,1,0.048535,339.975190
2016-11-22,-0.00301244,101.5689,1,0.027024,181.490830,-0.00904548,85.3382,1,0.047598,321.297860
2016-11-23,0.00538102,102.1070,1,0.018188,181.143500,-0.00740881,84.5974,1,0.033741,301.113650
2016-11-25,0.00691674,102.7987,1,0.023456,220.947570,-0.00865814,83.7315,1,0.047694,361.161640
2016-11-28,0.00297368,103.0961,1,0.036372,220.992750,-0.02402723,81.3288,0,0.000000,0.000000
2016-11-29,0.00344449,103.4405,1,0.024261,219.244580,-0.00278640,81.0502,1,0.036150,380.378777
2016-11-30,0.01187678,104.6282,1,0.027132,201.177710,-0.01551943,79.4982,1,0.039363,321.179930
2016-12-01,-0.03357503,101.2707,1,0.024643,222.499690,0.02763838,82.2621,1,0.041762,341.928820
2016-12-02,0.01371840,102.6425,1,0.008130,82.912120,-0.01758864,80.5032,1,0.027834,241.624600
2016-12-05,-0.00278450,102.3641,1,0.019350,180.880610,0.00042120,80.5453,1,0.044060,360.233550
2016-12-06,-0.00035364,102.3287,1,0.012194,121.545920,0.00487068,81.0324,1,0.031822,261.773860
2016-12-07,-0.00442103,101.8866,1,0.015013,141.447270,0.00041500,81.0739,1,0.028410,281.252730
2016-12-08,-0.00373247,101.5134,1,0.022907,182.076650,0.00698958,81.7729,0,0.000000,0.000000
2016-12-09,-0.00653191,100.8602,1,0.019931,161.949240,0.00323848,82.0967,1,0.046492,323.981191
2016-12-12,0.00135554,100.9957,1,0.011766,141.475700,0.00449975,82.5467,1,0.033185,281.126720
2016-12-13,0.00376994,101.3727,1,0.020756,200.994740,-0.00278355,82.2683,1,0.037195,300.536640
2016-12-14,-0.00185345,101.1874,1,0.021935,201.149590,0.00496925,82.7653,1,0.043595,361.259940
2016-12-15,-0.00541151,100.6462,1,0.015721,140.460210,0.00559273,83.3245,0,0.000000,0.000000
2016-12-16,0.00629321,101.2755,1,0.028409,201.333190,-0.00851652,82.4729,1,0.043902,300.078151
2016-12-19,0.00649651,101.9252,1,0.026529,220.738290,-0.00395671,82.0772,1,0.045611,340.087490
2016-12-20,0.00648131,102.5733,1,0.034739,160.863080,-0.00132082,81.9451,1,0.037092,301.044600
2016-12-21,-0.00417947,102.1554,1,0.025947,141.997150,-0.00612922,81.3322,1,0.044662,301.065110
2016-12-22,-0.00004525,102.1508,1,0.022005,160.562060,-0.00411777,80.9204,1,0.045597,359.644960
2016-12-23,-0.00281069,101.8698,1,0.022639,220.142800,-0.00100149,80.8203,1,0.042889,339.987300
2016-12-27,-0.00140763,101.7290,1,0.019433,180.828490,0.00056339,80.8766,1,0.034191,340.648280
2016-12-28,-0.00046095,101.6829,1,0.012535,120.967290,-0.00110678,80.7659,1,0.032588,301.074410
2016-12-29,-0.00720995,100.9619,1,0.032145,200.195980,-0.00409803,80.3561,0,0.000000,0.000000
2016-12-30,-0.00739583,100.2223,1,0.018453,120.930450,0.00358392,80.7145,1,0.052088,378.835856
2017-01-03,0.00422682,100.6450,1,0.022498,220.508390,-0.00086661,80.6279,1,0.034411,280.352360
2017-01-04,0.00458742,101.1038,1,0.022938,221.163000,0.00525313,81.1532,1,0.033847,321.060810
2017-01-05,-0.00927656,100.1761,1,0.024276,182.441500,0.00853776,82.0070,0,0.000000,0.000000
2017-01-06,-0.00285524,99.8906,1,0.025764,200.681140,0.00311906,82.3189,1,0.044334,343.483523
2017-01-09,-0.00686147,99.2044,1,0.020297,141.675320,0.01589131,83.9080,1,0.034869,281.773380
2017-01-10,0.01032253,100.2367,1,0.021047,161.610650,-0.00861744,83.0462,1,0.030624,261.362760
2017-01-11,0.00564665,100.8014,1,0.024285,180.773140,0.00283060,83.3293,1,0.039330,339.766920
2017-01-12,0.00528633,101.3300,1,0.034967,220.752410,-0.00517075,82.8122,1,0.043005,301.550870
2017-01-13,0.00701356,102.0313,1,0.024994,200.236860,-0.00561059,82.2512,1,0.040439,340.099350
2017-01-17,0.00678170,102.7095,1,0.033500,240.398090,-0.01498456,80.7527,1,0.046336,341.051200
2017-01-18,0.00985769,103.6953,1,0.027751,238.930250,-0.00949142,79.8036,1,0.048432,378.399720
2017-01-19,-0.00449967,103.2453,1,0.043337,280.668460,0.00151909,79.9555,1,0.055611,400.720830
2017-01-20,0.00022878,103.2682,1,0.039722,240.139030,-0.00125214,79.8303,1,0.044204,339.372620
2017-01-23,-0.00262231,103.0060,1,0.020401,201.295020,0.00449352,80.2796,1,0.034088,320.699690
2017-01-24,0.00060901,103.0669,1,0.027929,200.790690,0.00191521,80.4711,1,0.028839,320.185420
2017-01-25,-0.01503515,101.5633,1,0.022885,201.508030,0.00681566,81.1527,1,0.027874,282.218580
2017-01-26,0.00053704,101.6171,1,0.028506,223.313450,-0.00978767,80.1739,1,0.041237,262.217180
2017-01-27,0.00169178,101.7862,1,0.023452,221.233510,-0.00219790,79.9542,1,0.036590,340.503510
2017-01-30,-0.00445294,101.3409,1,0.045674,200.495010,0.00010249,79.9644,1,0.067371,320.372540
2017-01-31,-0.00041351,101.2996,1,0.029411,180.992860,0.00038176,80.0026,1,0.057234,319.525020
2017-02-01,0.00625576,101.9252,1,0.032224,181.106140,-0.00707364,79.2952,1,0.050654,280.752910
2017-02-02,0.01433252,103.3584,1,0.035968,219.917220,-0.02129137,77.1661,1,0.044697,359.560370
2017-02-03,0.01627504,104.9859,1,0.038056,222.686000,-0.01965050,75.2010,1,0.046440,360.669920
2017-02-06,0.01289830,106.2757,1,0.040820,262.023700,0.00539879,75.7409,0,0.000000,0.000000
2017-02-07,-0.00607755,105.6680,1,0.027145,259.649890,0.00257623,75.9985,1,0.029517,281.406153
2017-02-08,-0.00083401,105.5846,1,0.023821,161.029550,0.00476963,76.4755,1,0.034327,301.476320
2017-02-09,0.00509761,106.0943,1,0.021859,182.169640,-0.00371545,76.1039,1,0.026865,240.975470
2017-02-10,0.00338935,106.4333,1,0.024855,160.800400,-0.00118187,75.9858,1,0.039337,360.608160
2017-02-13,-0.00492685,105.9406,1,0.030495,161.057610,-0.00325063,75.6607,0,0.000000,0.000000
2017-02-14,0.00054728,105.9953,1,0.023482,161.188830,0.00452881,76.1136,1,0.041889,341.763107
2017-02-15,0.00239744,106.2351,1,0.027586,180.691310,0.00009649,76.1232,1,0.036081,300.793090
2017-02-16,-0.00005205,106.2299,1,0.026105,180.739490,0.00458828,76.5821,1,0.041102,320.652170
2017-02-17,-0.00407366,105.8225,1,0.024386,181.142860,-0.00166523,76.4155,1,0.033383,281.038810
2017-02-21,0.00325247,106.1477,1,0.020923,161.227860,-0.00837445,75.5781,1,0.035045,340.826260
2017-02-22,0.00438904,106.5867,1,0.022726,182.382050,-0.01071383,74.5067,1,0.042883,341.957480
2017-02-23,-0.01090680,105.4960,1,0.020010,181.014550,0.01296688,75.8034,1,0.034222,300.687680
2017-02-24,-0.00114177,105.3818,1,0.021607,161.812270,-0.00252884,75.5505,1,0.038084,281.514830
2017-02-27,0.00808124,106.1899,1,0.031796,201.370190,-0.00412207,75.1383,1,0.036297,301.076400
2017-02-28,0.00207959,106.3979,1,0.029811,200.886500,-0.01376188,73.7621,1,0.040118,340.563270
2017-03-01,0.01350777,107.7487,1,0.035943,240.029410,-0.01262899,72.4992,1,0.048719,379.193190
2017-03-02,-0.00334294,107.4144,1,0.034644,162.480980,-0.01838629,70.6606,1,0.058129,362.697920
2017-03-03,0.00382621,107.7970,1,0.022839,160.608630,-0.00990592,69.6700,1,0.047742,378.790280
2017-03-06,-0.00192428,107.6046,1,0.024808,160.682680,0.00341205,70.0112,1,0.050535,399.551710
2017-03-07,0.00343466,107.9480,1,0.020144,160.464680,-0.00069058,69.9421,1,0.041908,260.200800
2017-03-08,-0.00024638,107.9234,1,0.022138,180.194010,0.00465203,70.4073,1,0.037397,319.903310
2017-03-09,-0.00991710,106.9317,1,0.017430,141.313200,0.00223833,70.6312,1,0.036817,320.573500
2017-03-10,-0.00179052,106.7526,1,0.017452,141.207020,-0.00064970,70.5662,1,0.034240,319.829090
2017-03-13,0.00508352,107.2610,1,0.023988,201.367260,-0.00385192,70.1810,1,0.034082,341.338950
2017-03-14,0.00039272,107.3002,1,0.015658,161.117220,-0.00381395,69.7996,1,0.033185,361.196210
2017-03-15,0.00307321,107.6076,1,0.013249,100.325530,-0.00252091,69.5475,1,0.036321,339.400270
2017-03-16,0.00498467,108.1060,1,0.027293,222.300410,0.00161748,69.7093,0,0.000000,0.000000
2017-03-17,-0.00192327,107.9137,1,0.051047,180.693060,-0.00428727,69.2805,1,0.044957,301.997161
2017-03-20,-0.00302005,107.6117,1,0.027685,200.611460,0.00215427,69.4960,1,0.036673,320.393330
2017-03-21,-0.00614436,106.9973,1,0.017846,180.266860,0.00880475,70.3765,1,0.028145,300.018000
2017-03-22,0.00068598,107.0659,1,0.027442,160.531850,-0.00392404,69.9840,0,0.000000,0.000000
2017-03-23,0.00314136,107.3800,1,0.027064,220.949500,-0.00837329,69.1467,1,0.030529,319.201637
2017-03-24,-0.00264670,107.1153,1,0.021610,160.481160,-0.00180704,68.9660,1,0.039344,339.783640
2017-03-27,-0.00095130,107.0202,1,0.022580,181.226780,0.00061448,69.0275,1,0.034092,301.044580
2017-03-28,0.00436392,107.4566,1,0.030288,220.211690,0.00280510,69.3080,1,0.037380,340.076120
2017-03-29,-0.00148282,107.3083,1,0.025212,200.870060,0.00440293,69.7483,1,0.029297,300.887430
2017-03-30,-0.00253516,107.0548,1,0.034276,221.147410,-0.00456675,69.2916,1,0.038915,281.395230
2017-03-31,0.00245050,107.2998,1,0.021300,181.102800,-0.00234138,69.0575,1,0.046698,340.559700
2017-04-03,-0.00213076,107.0868,1,0.044066,300.181530,-0.00162919,68.8945,1,0.038659,340.121340
2017-04-04,-0.00289528,106.7972,1,0.033978,259.517910,-0.00448307,68.4462,1,0.044407,359.554560
2017-04-05,-0.00300253,106.4970,1,0.024013,220.187870,-0.00825365,67.6209,1,0.030945,300.262420
2017-04-06,0.00898407,107.3954,1,0.029493,240.390740,-0.00738580,66.8823,1,0.048930,379.115560
2017-04-07,-0.00465009,106.9304,1,0.037469,300.987720,0.00305222,67.1875,1,0.040228,321.019470
2017-04-10,0.00196530,107.1269,1,0.026410,200.527860,-0.00500807,66.6867,1,0.030317,279.855550
2017-04-11,0.00395925,107.5228,1,0.022825,200.732040,-0.00317198,66.3695,1,0.037738,320.629930
2017-04-12,-0.00531655,106.9912,1,0.019885,200.759390,-0.00420909,65.9486,1,0.041739,340.671340
2017-04-13,-0.00721584,106.2696,1,0.023844,238.901770,0.00495683,66.4443,1,0.039067,358.809150
2017-04-17,0.00644399,106.9140,1,0.023291,180.258820,-0.00791545,65.6527,0,0.000000,0.000000
2017-04-18,0.00274588,107.1886,1,0.031182,242.343210,0.00568359,66.2211,0,0.000000,0.000000
2017-04-19,0.00039184,107.2278,1,0.035566,319.845190,-0.00022255,66.1988,1,0.031875,281.125833
2017-04-20,-0.00253383,106.9744,1,0.028303,260.650990,0.00283048,66.4819,1,0.034282,320.556700
2017-04-21,0.00447291,107.4217,0,0.000000,0.000000,-0.00320449,66.1614,1,0.053419,341.515650
2017-04-24,0.00207943,107.6296,1,0.042447,241.203941,0.00071570,66.2330,1,0.065350,300.285690
2017-04-25,-0.00984893,106.6447,1,0.051133,302.432070,-0.00424513,65.8085,0,0.000000,0.000000
2017-04-26,-0.00909652,105.7351,1,0.025502,222.301380,0.00175859,65.9843,1,0.038131,382.538959
2017-04-27,-0.00203921,105.5312,1,0.030211,259.965670,-0.00084476,65.8999,1,0.030916,300.047330
2017-04-28,0.00757013,106.2882,1,0.029157,221.275350,-0.00459837,65.4400,1,0.037697,320.530840
2017-05-01,0.00315833,106.6040,1,0.028077,259.197950,0.00063247,65.5033,1,0.035993,338.934060
2017-05-02,-0.00585914,106.0181,1,0.034914,280.830370,0.00860993,66.3643,1,0.031497,280.956620
2017-05-03,0.00160347,106.1784,1,0.030023,201.205740,-0.00508564,65.8557,1,0.035984,241.745050
2017-05-04,-0.00266764,105.9117,1,0.041694,260.530690,0.00058225,65.9139,1,0.037245,320.192620
2017-05-05,0.00472294,106.3840,1,0.034146,241.633150,-0.00265873,65.6481,1,0.032193,301.347670
2017-05-08,0.00456703,106.8407,1,0.028647,281.026680,-0.00402944,65.2451,1,0.030264,321.586040
2017-05-09,-0.00035625,106.8050,1,0.034655,299.546990,0.00120425,65.3655,1,0.036465,359.605840
2017-05-10,0.00342443,107.1475,1,0.027847,200.249270,-0.00762006,64.6035,1,0.050436,300.045870
2017-05-11,0.00103950,107.2514,1,0.020490,200.621570,-0.00174017,64.4295,1,0.040397,380.234630
2017-05-12,-0.00777997,106.4734,1,0.021017,199.752860,0.00774968,65.2045,1,0.040262,339.111820
2017-05-15,0.00146166,106.6196,1,0.020974,180.417960,0.00092078,65.2966,1,0.027882,280.277910
2017-05-16,-0.00686461,105.9331,1,0.025081,221.143460,0.00220986,65.5176,0,0.000000,0.000000
2017-05-17,0.01517889,107.4510,1,0.019821,180.763060,-0.01885784,63.6318,1,0.038304,320.718584
2017-05-18,-0.00334038,107.1170,1,0.031498,219.683050,0.00050292,63.6821,0,0.000000,0.000000
2017-05-19,0.01096363,108.2134,1,0.028337,241.155240,-0.01126972,62.5551,1,0.029932,319.696644
2017-05-22,-0.00561016,107.6523,1,0.034716,301.670400,0.00372517,62.9276,1,0.039453,381.931520
2017-05-23,0.00132670,107.7850,1,0.019900,181.181480,-0.00136443,62.7912,1,0.029113,281.238110
2017-05-24,-0.00089931,107.6951,1,0.030151,260.494710,-0.00129764,62.6614,1,0.033164,320.456170
2017-05-25,0.00011437,107.7065,1,0.030693,221.420800,-0.00258770,62.4026,1,0.040230,321.310760
2017-05-26,0.00406991,108.1135,1,0.019249,222.359770,0.00234868,62.6375,1,0.034632,322.299840
2017-05-30,-0.00108813,108.0047,1,0.020863,200.426140,-0.00319697,62.3178,1,0.036107,320.117840
2017-05-31,-0.00405500,107.5992,1,0.021110,220.268970,0.00291994,62.6098,1,0.036626,319.659930
2017-06-01,0.00693052,108.2922,1,0.023038,180.934150,-0.00746497,61.8633,1,0.028597,280.890840
2017-06-02,0.00021925,108.3142,1,0.038475,282.341370,0.00459477,62.3228,0,0.000000,0.000000
2017-06-05,-0.00529550,107.7846,1,0.034210,301.163260,0.00111193,62.4340,1,0.030907,283.098536
2017-06-06,0.00522069,108.3067,1,0.023741,180.599040,-0.00514682,61.9193,1,0.043312,319.963800
2017-06-07,-0.00258117,108.0486,1,0.022897,200.220950,0.00129214,62.0485,0,0.000000,0.000000
2017-06-08,-0.00027945,108.0206,1,0.032895,240.629080,0.00097423,62.1459,1,0.033777,299.960731
2017-06-09,0.01260716,109.2813,1,0.020414,221.188130,0.01464298,63.6102,1,0.027512,320.839620
2017-06-12,0.00437841,109.7192,0,0.000000,0.000000,0.00134160,63.7444,1,0.026450,242.379850
2017-06-13,0.00081478,109.8007,1,0.034222,301.318156,-0.00273202,63.4712,1,0.035572,301.256030
2017-06-14,-0.00311756,109.4889,1,0.024346,241.088800,-0.00009233,63.4619,1,0.035113,320.921790
2017-06-15,-0.00441302,109.0476,1,0.018502,200.912450,0.00512127,63.9741,1,0.027273,300.291360
2017-06-16,0.00366643,109.4142,1,0.019237,181.056000,-0.00704387,63.2697,1,0.027897,281.172060
2017-06-19,0.00658271,110.0725,1,0.026589,239.865500,-0.00541532,62.7282,1,0.031462,319.587950
2017-06-20,-0.00063117,110.0094,1,0.032347,261.299300,-0.00371738,62.3564,1,0.038048,341.309650
2017-06-21,-0.01009658,108.9997,1,0.020838,219.586730,0.01615045,63.9715,1,0.030355,339.445570
2017-06-22,-0.01331882,107.6679,1,0.028552,201.173500,0.01447217,65.4187,1,0.032263,261.470640
2017-06-23,-0.00901977,106.7659,1,0.011087,101.546750,0.01509651,66.9283,1,0.027539,261.329420
2017-06-26,0.01290521,108.0564,1,0.010509,101.732950,-0.00845691,66.0826,1,0.018731,202.110350
2017-06-27,0.00462411,108.5188,1,0.031519,280.190690,-0.00284464,65.7982,1,0.039164,360.368100
2017-06-28,0.00394458,108.9133,1,0.019272,199.793290,-0.00796891,65.0013,0,0.000000,0.000000
2017-06-29,-0.00167829,108.7454,1,0.034709,221.876270,0.00647315,65.6486,1,0.044455,379.855781
2017-06-30,0.00307993,109.0534,1,0.027097,220.577200,0.00388880,66.0375,0,0.000000,0.000000
2017-07-03,0.00361485,109.4149,1,0.039305,321.191170,0.00243778,66.2813,1,0.037662,300.069108
2017-07-05,0.01447604,110.8625,1,0.048556,181.412770,-0.00829232,65.4520,1,0.065002,302.434280
2017-07-06,-0.00255444,110.6071,1,0.028474,279.902980,-0.00135386,65.3166,1,0.033676,339.594410
2017-07-07,-0.00081676,110.5254,1,0.018506,180.080930,0.01216058,66.5327,0,0.000000,0.000000
2017-07-10,-0.00572008,109.9534,1,0.011678,141.942070,0.00074960,66.6077,0,0.000000,0.000000
2017-07-11,-0.00047168,109.9062,1,0.017268,161.164930,0.00536679,67.1443,1,0.029671,299.477282
2017-07-12,-0.00049307,109.8569,1,0.026687,140.357560,0.00195539,67.3399,1,0.029851,240.583310
2017-07-13,0.00081759,109.9387,1,0.023891,201.721260,-0.00103594,67.2363,0,0.000000,0.000000
2017-07-14,0.00272377,110.2111,1,0.024683,240.245870,0.00144091,67.3804,1,0.035349,321.520445
2017-07-17,0.00011426,110.2225,1,0.023994,200.788680,0.00153467,67.5338,1,0.027663,281.115540
2017-07-18,-0.00462885,109.7596,1,0.021945,180.798100,-0.00041162,67.4927,1,0.034812,301.007070
2017-07-19,0.01115765,110.8754,1,0.009615,120.601600,-0.00703766,66.7889,1,0.024436,260.307750
2017-07-20,-0.00196167,110.6792,1,0.025147,201.154660,0.00592070,67.3810,1,0.040630,341.637250
2017-07-21,0.00501770,111.1810,1,0.016960,181.158660,-0.00419957,66.9610,1,0.047467,340.521120
2017-07-24,0.00424044,111.6050,1,0.027786,181.271610,-0.00297287,66.6637,1,0.041247,301.533870
2017-07-25,-0.00180760,111.4243,1,0.020300,140.491090,-0.00072223,66.5915,1,0.046123,359.805080
2017-07-26,0.01546182,112.9704,1,0.024898,200.963380,-0.02182111,64.4094,1,0.035211,321.556440
2017-07-27,0.00323996,113.2944,1,0.026154,201.525420,-0.02048022,62.3614,1,0.049422,358.789700
2017-07-28,0.00523734,113.8182,1,0.017966,161.595790,-0.01525910,60.8355,1,0.053750,381.072740
2017-07-31,-0.00279191,113.5390,1,0.023161,200.402780,-0.00424756,60.4107,1,0.044706,399.490960
2017-08-01,0.00367366,113.9063,1,0.008094,100.982670,0.00273391,60.6841,1,0.034769,320.446530
2017-08-02,-0.00274848,113.6315,1,0.023288,180.939980,-0.01293329,59.3908,1,0.042269,360.884280
2017-08-03,0.00017474,113.6490,1,0.023056,181.013680,0.00179762,59.5705,1,0.043248,360.342800
2017-08-04,0.01240430,114.8894,1,0.016920,141.141550,-0.01387081,58.1835,1,0.032841,320.202190
2017-08-07,0.00931189,115.8206,1,0.025901,220.965990,-0.01063962,57.1195,1,0.046852,400.495600
2017-08-08,0.00748553,116.5691,1,0.021017,180.216150,0.00393084,57.5126,1,0.032576,359.356550
2017-08-09,0.00715370,117.2845,1,0.021850,180.448970,-0.00762510,56.7501,1,0.026930,260.469280
2017-08-10,-0.00482215,116.8023,1,0.018725,160.434720,0.00907652,57.6577,1,0.039028,360.387900
2017-08-11,0.00823019,117.6253,1,0.021251,180.607850,0.00189653,57.8474,0,0.000000,0.000000
2017-08-14,0.00362184,117.9875,1,0.017686,200.697950,-0.00457325,57.3901,1,0.026875,278.723457
2017-08-15,-0.00855384,117.1321,1,0.023974,202.064030,-0.00943652,56.4464,0,0.000000,0.000000
2017-08-16,0.00289897,117.4220,1,0.013343,161.040330,-0.00140899,56.3055,1,0.032309,361.325141
2017-08-17,-0.00610646,116.8114,1,0.024506,200.967080,0.00282186,56.5877,1,0.037314,321.271950
2017-08-18,0.00057425,116.8688,1,0.012865,141.605700,-0.00392367,56.1953,0,0.000000,0.000000
2017-08-21,-0.00247359,116.6214,1,0.021139,200.421050,-0.00060949,56.1344,1,0.036269,357.925095
2017-08-22,0.00803116,117.4245,1,0.025524,180.601220,-0.00841075,55.2933,1,0.037865,360.392420
2017-08-23,0.00153036,117.5776,1,0.039034,281.453060,0.00267773,55.5611,0,0.000000,0.000000
2017-08-24,-0.00211649,117.3659,1,0.020399,220.647130,-0.00068956,55.4921,1,0.026486,281.441809
2017-08-25,0.00054679,117.4206,1,0.011391,100.555810,-0.00141667,55.3504,1,0.028847,300.329810
2017-08-28,-0.00212920,117.2077,1,0.011650,140.967270,-0.00295038,55.0554,1,0.026568,341.113600
2017-08-29,-0.00043187,117.1645,1,0.019767,160.829590,0.00611897,55.6673,1,0.022153,280.871630
2017-08-30,-0.00921851,116.2427,1,0.015611,140.789520,0.01242792,56.9101,1,0.027218,240.411710
2017-08-31,0.00361418,116.6041,1,0.014282,142.114820,0.00272224,57.1823,1,0.025666,282.574490
2017-09-01,0.00704531,117.3086,1,0.018319,182.257320,-0.00362499,56.8198,1,0.032719,341.264290
2017-09-05,0.00257793,117.5664,1,0.025807,241.050530,0.00543868,57.3637,1,0.033932,340.790000
2017-09-06,0.00492614,118.0590,1,0.019786,181.249440,-0.00105793,57.2579,1,0.031913,300.828360
2017-09-07,0.00203124,118.2621,1,0.019826,161.649320,0.00810222,58.0681,1,0.032278,301.275060
2017-09-08,0.00202750,118.4649,1,0.017150,160.798370,-0.01176426,56.8917,1,0.032936,321.800200
2017-09-11,0.00948554,119.4134,1,0.013686,141.711620,-0.00447543,56.4441,1,0.033643,322.581310
2017-09-12,0.00243014,119.6564,1,0.016576,161.978180,0.00306337,56.7505,0,0.000000,0.000000
2017-09-13,0.01149324,120.8058,1,0.011526,141.180950,0.01094622,57.8451,1,0.033188,363.140216
2017-09-14,0.00245427,121.0512,1,0.015313,161.587230,-0.00445777,57.3993,1,0.020477,220.960210
2017-09-15,0.00617297,121.6685,1,0.017133,160.468920,-0.00272520,57.1268,1,0.034330,340.051320
2017-09-18,0.01460177,123.1287,1,0.018773,160.808110,-0.00595084,56.5317,1,0.030144,340.171850
2017-09-19,-0.00068831,123.0598,1,0.022041,220.801450,0.01587886,58.1196,1,0.027234,340.597240
2017-09-20,0.00066305,123.1261,1,0.010725,101.339090,0.00053997,58.1736,1,0.018033,201.128400
2017-09-21,-0.00254293,122.8719,1,0.021413,142.011130,0.00093318,58.2669,1,0.044492,341.306810
2017-09-22,0.00538346,123.4102,1,0.009474,100.676420,0.00364586,58.6315,1,0.028094,320.215070
2017-09-25,0.00457065,123.8673,1,0.014805,181.190640,0.00567210,59.1987,1,0.026810,280.953280
2017-09-26,-0.00166306,123.7010,1,0.026546,161.573430,-0.00077481,59.1212,1,0.040011,281.219240
2017-09-27,0.00062656,123.7636,1,0.011294,160.653700,0.00370018,59.4913,1,0.022072,280.945710
2017-09-28,-0.00495539,123.2681,1,0.011939,120.887290,-0.00199426,59.2918,1,0.028816,321.132210
2017-09-29,-0.00460512,122.8076,1,0.011072,120.964820,0.00036973,59.3288,1,0.031907,320.736630
2017-10-02,0.00091814,122.8994,1,0.022716,200.882040,0.00602312,59.9311,1,0.039608,281.090440
2017-10-03,0.00162448,123.0618,1,0.014922,141.519810,-0.00224625,59.7065,1,0.028635,282.233200
2017-10-04,-0.00817477,122.2443,1,0.014687,160.678030,0.00028180,59.7347,1,0.025150,280.495550
2017-10-05,0.00567504,122.8119,1,0.025286,181.044230,-0.01053102,58.6816,1,0.027942,341.351670
2017-10-06,-0.00413795,122.3981,1,0.018945,200.766990,-0.00164047,58.5175,1,0.032467,341.138720
2017-10-09,0.00106691,122.5047,1,0.019569,140.585090,0.00009321,58.5268,1,0.043959,359.691900
2017-10-10,-0.00176069,122.3287,1,0.014649,180.238800,-0.00196497,58.3303,1,0.022927,320.162540
2017-10-11,-0.00576088,121.7526,1,0.018298,180.626040,0.00248879,58.5792,1,0.030001,340.550110
2017-10-12,0.00038500,121.7911,1,0.011450,120.684090,0.00572357,59.1516,1,0.025283,260.546380
2017-10-13,-0.00846747,120.9443,1,0.009127,120.240490,0.01526754,60.6783,1,0.024536,301.577020
2017-10-16,0.00982075,121.9264,1,0.013405,181.290120,-0.00264980,60.4134,1,0.028400,302.031170
2017-10-17,-0.00363197,121.5632,1,0.022247,240.463720,-0.01389852,59.0235,1,0.034852,340.779480
2017-10-18,0.00476474,122.0397,1,0.022396,180.930790,-0.00202692,58.8208,1,0.039692,381.108660
2017-10-19,0.00896083,122.9358,1,0.012977,140.804270,-0.01395743,57.4251,1,0.042413,320.419900
2017-10-20,-0.00187268,122.7485,1,0.038178,161.337440,0.00692594,58.1177,1,0.044826,359.719130
2017-10-23,0.00136557,122.8851,1,0.017253,161.369870,-0.00015328,58.1023,1,0.025338,242.784160
2017-10-24,0.00561139,123.4462,1,0.015811,160.263370,-0.00340087,57.7623,1,0.051927,339.836770
2017-10-25,0.01676979,125.1232,1,0.016301,140.378270,-0.00276963,57.4853,1,0.035543,320.872520
2017-10-26,0.02122099,127.2453,1,0.032081,198.771120,0.00081673,57.5670,1,0.039227,319.741300
2017-10-27,-0.00078882,127.1664,1,0.024962,222.100020,0.00023073,57.5900,1,0.036147,362.587180
2017-10-30,-0.01025425,126.1410,1,0.032085,221.115440,0.01112984,58.7030,1,0.027576,301.359800
2017-10-31,-0.00645482,125.4955,1,0.015772,140.859280,-0.00132666,58.5704,1,0.029686,260.800960
2017-11-01,-0.00030646,125.4649,1,0.020926,181.166730,-0.00414995,58.1554,1,0.038375,340.244480
2017-11-02,0.01625713,127.0906,1,0.017417,141.216080,0.00658841,58.8142,1,0.037739,340.687860
2017-11-03,-0.00556179,126.5344,1,0.028189,260.402730,-0.00050808,58.7634,1,0.031288,301.187840
2017-11-06,-0.00215385,126.3190,1,0.016085,161.557010,0.00100662,58.8641,1,0.034038,321.022800
2017-11-07,-0.00741283,125.5777,1,0.019093,141.296320,-0.00366963,58.4971,1,0.038213,320.709060
2017-11-08,-0.00073174,125.5045,1,0.017004,201.273890,0.00225054,58.7221,1,0.033856,340.970790
2017-11-09,-0.00063711,125.4408,1,0.013831,160.373930,0.00281555,59.0037,1,0.027975,301.204630
2017-11-10,-0.00010880,125.4300,1,0.020780,240.290460,-0.00428254,58.5754,1,0.029314,300.380850
2017-11-13,-0.00404100,125.0259,1,0.020300,180.724680,-0.00805703,57.7697,1,0.038443,360.055860
2017-11-14,-0.00412371,124.6135,1,0.014201,180.836300,0.01094468,58.8642,1,0.029942,340.484460
2017-11-15,-0.00262394,124.3511,1,0.015414,180.852750,-0.00529029,58.3352,1,0.019899,261.315430
2017-11-16,0.01470454,125.8215,1,0.007996,101.301280,-0.00809286,57.5259,1,0.032846,358.922250
2017-11-17,-0.00522710,125.2988,1,0.027120,261.673830,-0.00125321,57.4006,1,0.034271,340.992980
2017-11-20,0.00393272,125.6921,1,0.012298,160.918090,0.00258410,57.6590,1,0.027910,300.586930
2017-11-21,0.00289697,125.9818,1,0.009563,140.459750,0.01194682,58.8537,1,0.026718,280.763560
2017-11-22,-0.00759537,125.2223,1,0.017327,221.223720,-0.00308686,58.5450,1,0.028816,282.328340
2017-11-24,0.00060164,125.2824,1,0.015086,181.681290,0.00249731,58.7947,1,0.032599,339.831570
2017-11-27,0.00724931,126.0074,1,0.037009,200.633570,-0.00829436,57.9653,1,0.063216,340.636110
2017-11-28,0.00537895,126.5453,1,0.019085,180.555520,0.01019624,58.9849,1,0.035136,360.415000
2017-11-29,-0.01110235,125.4350,1,0.023255,222.631300,0.02065048,61.0499,1,0.029832,302.207140
2017-11-30,0.00207278,125.6423,1,0.011652,142.974400,0.00260280,61.3102,1,0.020120,224.005700
2017-12-01,0.00042895,125.6852,1,0.017365,161.607830,-0.00446115,60.8641,1,0.027175,281.458580
2017-12-04,-0.00357673,125.3275,1,0.023393,240.099840,0.00304267,61.1684,1,0.038103,340.192480
2017-12-05,-0.00000960,125.3266,1,0.014910,141.136020,-0.00135642,61.0327,1,0.034672,281.365890
2017-12-06,0.00052276,125.3788,1,0.014554,160.665030,-0.01077378,59.9554,1,0.032558,359.390070
2017-12-07,0.00297650,125.6765,1,0.011840,140.342670,-0.00295218,59.6601,1,0.041168,359.624240
2017-12-08,-0.00085273,125.5912,1,0.015323,181.117950,-0.00248431,59.4117,1,0.024701,301.803350
2017-12-11,0.00203615,125.7948,1,0.016185,181.434790,-0.01043345,58.3684,0,0.000000,0.000000
2017-12-12,0.00411921,126.2067,1,0.017139,180.179480,-0.00533816,57.8345,1,0.028966,341.647513
2017-12-13,0.00601700,126.8084,1,0.013280,140.643200,-0.00364662,57.4699,1,0.031982,340.023330
2017-12-14,-0.00127728,126.6807,1,0.022938,220.088140,-0.00868286,56.6016,1,0.040116,360.027740
2017-12-15,-0.00291529,126.3892,1,0.008889,160.083850,-0.01084246,55.5174,0,0.000000,0.000000
2017-12-18,-0.00037204,126.3520,1,0.014784,162.690440,0.00522785,56.0401,0,0.000000,0.000000
2017-12-19,-0.00380762,125.9712,1,0.014622,182.669460,0.01131114,57.1713,1,0.024336,261.814056
2017-12-20,-0.01095961,124.8753,1,0.021701,180.081000,0.02109601,59.2809,1,0.024209,280.632090
2017-12-21,-0.01753628,123.1216,1,0.008128,121.601720,0.02088682,61.3695,1,0.013138,181.727350
2017-12-22,-0.00307667,122.8140,1,0.008317,100.184940,0.00180982,61.5505,1,0.021628,242.038960
2017-12-26,-0.00506317,122.3077,1,0.008577,120.752950,0.00430884,61.9814,1,0.026916,300.303030
2017-12-27,0.00124174,122.4318,1,0.009556,80.960500,-0.00358825,61.6226,1,0.029775,320.906240
2017-12-28,-0.00048760,122.3831,1,0.017240,120.345130,-0.00422376,61.2002,1,0.032796,340.360390
2017-12-29,0.00097744,122.4808,1,0.028396,160.542580,-0.00125719,61.0745,1,0.056329,360.587600
2018-01-02,0.00488727,122.9695,1,0.028163,279.426020,-0.00176453,60.8980,1,0.030683,319.468810
2018-01-03,-0.00597195,122.3723,1,0.025505,201.054970,0.00594099,61.4921,1,0.036091,321.125710
2018-01-04,0.00338527,122.7109,1,0.020453,161.872490,0.00391593,61.8837,1,0.022447,261.856190
2018-01-05,0.00272714,122.9836,1,0.019716,200.977120,-0.00466448,61.4173,1,0.025858,300.797840
2018-01-08,0.00506886,123.4905,1,0.021294,241.370450,-0.00044529,61.3727,1,0.026419,320.886430
2018-01-09,0.00788632,124.2791,1,0.026578,200.948600,-0.00294943,61.0778,1,0.033023,341.287230
2018-01-10,-0.00373989,123.9051,1,0.024329,240.935210,0.00908535,61.9863,1,0.033305,360.663320
2018-01-11,-0.00350985,123.5541,1,0.018005,141.169240,0.01824634,63.8110,1,0.027156,279.740420
2018-01-12,-0.00837661,122.7165,1,0.017251,161.346480,0.01488199,65.2992,1,0.035221,222.264610
2018-01-16,0.00609066,123.3255,1,0.018784,161.678870,-0.00978164,64.3210,1,0.023024,221.730280
2018-01-17,-0.00353379,122.9722,1,0.027599,260.076770,0.00271496,64.5925,1,0.037834,379.273920
2018-01-18,0.00938236,123.9104,1,0.030934,181.612340,-0.00725812,63.8667,0,0.000000,0.000000
2018-01-19,0.01004893,124.9153,1,0.022287,201.192150,-0.00703895,63.1628,1,0.037555,381.289729
2018-01-22,0.00547662,125.4629,1,0.023438,202.128680,-0.00561773,62.6010,1,0.031383,302.661680
2018-01-23,-0.00400409,125.0625,1,0.022729,241.688320,0.00241057,62.8421,1,0.029973,342.169670
2018-01-24,-0.00174328,124.8882,1,0.012208,121.428520,-0.00130330,62.7118,1,0.030060,300.535210
2018-01-25,-0.01311345,123.5769,1,0.026985,180.814120,0.01195922,63.9077,1,0.026208,320.478810
2018-01-26,-0.00842900,122.7340,1,0.020210,181.909960,0.00800723,64.7084,1,0.023527,281.732590
2018-01-29,0.00468295,123.2023,1,0.019795,181.819010,0.00346401,65.0548,1,0.032559,321.683690
2018-01-30,0.01293295,124.4956,1,0.018175,200.344030,-0.01209760,63.8450,1,0.029880,319.345120
2018-01-31,-0.00214561,124.2810,1,0.028691,319.691830,-0.00842798,63.0022,0,0.000000,0.000000
2018-02-01,-0.01050648,123.2303,1,0.026668,219.817330,-0.00961717,62.0405,1,0.038917,358.404592
2018-02-02,0.00694458,123.9248,1,0.023082,202.165980,-0.01191436,60.8491,1,0.055616,379.321220
2018-02-05,-0.00661259,123.2635,1,0.033869,200.800460,-0.01316556,59.5325,0,0.000000,0.000000
2018-02-06,0.01021384,124.2849,1,0.021116,161.297250,0.00818134,60.3507,0,0.000000,0.000000
2018-02-07,-0.00426399,123.8585,1,0.040999,282.082160,0.00667508,61.0182,1,0.032762,256.127152
2018-02-08,-0.00041177,123.8173,1,0.021717,200.837120,0.00313638,61.3318,1,0.028802,320.574330
2018-02-09,0.00494699,124.3120,1,0.027081,219.691700,-0.00095819,61.2360,0,0.000000,0.000000
2018-02-12,-0.00108158,124.2039,1,0.034218,303.170360,-0.00082813,61.1532,0,0.000000,0.000000
2018-02-13,0.00071973,124.2759,1,0.028977,161.539680,-0.00224808,60.9284,1,0.052548,299.251708
2018-02-14,-0.01106653,123.1692,1,0.022303,180.613910,-0.00120250,60.8081,1,0.029430,320.484600
2018-02-15,0.01996458,125.1657,1,0.024522,223.316970,-0.01928211,58.8799,1,0.038961,363.348880
2018-02-16,-0.00050797,125.1149,1,0.032437,302.209840,0.00002824,58.8827,0,0.000000,0.000000
2018-02-20,-0.00434719,124.6802,1,0.023119,200.948380,-0.00081033,58.8017,1,0.036293,304.309811
2018-02-21,0.00877095,125.5572,1,0.027655,200.126800,-0.00190712,58.6110,1,0.035862,319.177360
2018-02-22,0.00651838,126.2091,1,0.026172,202.406370,-0.00465234,58.1458,0,0.000000,0.000000
2018-02-23,0.00263343,126.4724,1,0.029097,240.898850,0.00241404,58.3872,1,0.038166,337.352793
2018-02-26,0.00483030,126.9555,1,0.033180,202.055120,0.00609832,58.9970,0,0.000000,0.000000
2018-02-27,-0.01020423,125.9350,1,0.032603,281.615650,0.00412167,59.4092,1,0.030033,283.383726
2018-02-28,0.00113753,126.0488,1,0.015057,101.576880,-0.00535616,58.8735,0,0.000000,0.000000
2018-03-01,0.00145348,126.1941,1,0.020262,181.221970,-0.01195728,57.6778,0,0.000000,0.000000
2018-03-02,-0.00587551,125.6066,1,0.034951,200.488690,0.00509262,58.1871,1,0.065788,354.340832
2018-03-05,0.01210012,126.8166,1,0.022958,181.150040,-0.00644915,57.5422,1,0.048715,321.214410
2018-03-06,-0.00144663,126.6719,1,0.023323,203.135550,0.00011347,57.5535,0,0.000000,0.000000
2018-03-07,-0.00451845,126.2201,1,0.024625,201.523160,0.00400890,57.9544,1,0.034690,303.933444
2018-03-08,0.00848822,127.0689,1,0.021888,200.487400,-0.01532922,56.4215,1,0.027602,260.679480
2018-03-09,0.00715776,127.7847,1,0.029674,240.996210,-0.00719605,55.7019,1,0.040465,400.742600
2018-03-12,0.00325762,128.1104,1,0.024158,242.403390,0.00744042,56.4459,0,0.000000,0.000000
2018-03-13,-0.00700106,127.4103,1,0.025796,260.585440,0.00710942,57.1569,1,0.025248,282.453504
2018-03-14,0.00155306,127.5656,1,0.017584,161.392950,0.00293329,57.4502,1,0.026981,281.386750
2018-03-15,-0.00121155,127.4445,1,0.016325,160.275030,0.00958921,58.4091,1,0.028259,260.114170
2018-03-16,-0.00022295,127.4222,1,0.034215,180.660450,-0.00014787,58.3943,1,0.031107,261.067440
2018-03-19,-0.00274642,127.1476,1,0.044522,221.067300,-0.00005262,58.3891,0,0.000000,0.000000
2018-03-20,0.00517131,127.6647,1,0.020479,180.195960,0.00249469,58.6385,0,0.000000,0.000000
2018-03-21,-0.00830487,126.8342,1,0.021377,240.749650,0.00216291,58.8548,1,0.025709,300.151256
2018-03-22,0.00862965,127.6972,1,0.022685,201.305430,-0.01573919,57.2809,1,0.052709,300.582700
2018-03-23,-0.00240563,127.4566,1,0.039643,239.466170,0.00014732,57.2956,0,0.000000,0.000000
2018-03-26,0.01004849,128.4615,1,0.033041,180.786640,0.00722323,58.0180,0,0.000000,0.000000
2018-03-27,0.02316732,130.7782,1,0.038748,284.220170,-0.01040250,56.9777,0,0.000000,0.000000
2018-03-28,-0.00990745,129.7874,1,0.033215,280.256720,0.01423090,58.4008,1,0.037250,357.107246
2018-03-29,0.00361436,130.1489,1,0.019334,181.050950,-0.00981300,57.4195,1,0.028940,261.582340
2018-04-02,0.01243052,131.3919,1,0.046978,362.798890,0.00320132,57.7396,0,0.000000,0.000000
2018-04-03,0.00756873,132.1488,1,0.047347,279.268790,-0.00305131,57.4345,0,0.000000,0.000000
2018-04-04,-0.00091094,132.0577,1,0.026824,262.254260,0.00057943,57.4924,0,0.000000,0.000000
2018-04-05,0.00837961,132.8957,1,0.023979,222.020110,-0.01959908,55.5325,0,0.000000,0.000000
2018-04-06,0.00767518,133.6632,1,0.030202,240.820560,-0.01230092,54.3024,1,0.079472,403.347238
2018-04-09,0.00529259,134.1924,1,0.034131,258.957240,0.00339808,54.6422,0,0.000000,0.000000
2018-04-10,-0.00000024,134.1924,1,0.021084,200.499390,0.00248748,54.8910,1,0.039632,238.570819
2018-04-11,0.01100423,135.2928,1,0.031307,263.289400,0.00224453,55.1154,0,0.000000,0.000000
2018-04-12,0.00877454,136.1703,1,0.036996,299.953910,-0.00430150,54.6853,1,0.035240,302.040018
2018-04-13,0.00576104,136.7464,1,0.030486,221.256130,-0.01377267,53.3080,1,0.043057,321.452510
2018-04-16,0.00760615,137.5070,1,0.027645,260.319250,-0.00535654,52.7724,1,0.046964,380.157670
2018-04-17,-0.00502509,137.0045,1,0.027429,262.464160,0.01421360,54.1937,0,0.000000,0.000000
2018-04-18,-0.00596801,136.4077,1,0.013881,182.416000,-0.00128354,54.0654,1,0.015024,204.073937
2018-04-19,0.00118738,136.5264,1,0.044782,201.523700,0.00047310,54.1127,1,0.078530,321.253750
2018-04-20,0.00418829,136.9453,1,0.021901,200.270140,0.01557611,55.6703,1,0.027539,300.102400
2018-04-23,0.00430971,137.3762,1,0.020659,160.257110,0.00411125,56.0814,1,0.026625,240.844850
2018-04-24,-0.00635270,136.7410,1,0.024040,240.669970,0.00386128,56.4676,1,0.026642,300.717850
2018-04-25,-0.00616754,136.1242,1,0.028324,200.940310,-0.00089985,56.3776,1,0.037595,320.326210
2018-04-26,-0.01125900,134.9983,1,0.026250,201.626350,0.01698477,58.0760,1,0.032833,281.821630
2018-04-27,-0.00718777,134.2795,1,0.021467,181.968790,-0.00116221,57.9598,1,0.023741,262.556190
2018-04-30,-0.00719957,133.5596,1,0.009457,121.772130,-0.00206264,57.7536,1,0.023654,301.558220
2018-05-01,-0.00119890,133.4397,1,0.011710,140.575760,0.00073106,57.8267,0,0.000000,0.000000
2018-05-02,-0.01575978,131.8637,1,0.031398,201.197800,0.00914638,58.7413,1,0.041212,320.234245
2018-05-03,-0.00121283,131.7424,1,0.020883,201.405800,-0.00482970,58.2583,1,0.031580,300.792690
2018-05-04,-0.00175468,131.5670,1,0.053588,181.301020,0.00319938,58.5783,1,0.049892,320.236250
2018-05-07,-0.00525870,131.0411,1,0.026170,201.761940,0.00421406,58.9997,0,0.000000,0.000000
2018-05-08,0.00773689,131.8148,1,0.010881,121.153180,0.01404054,60.4037,1,0.031536,282.825834
2018-05-09,-0.00825543,130.9892,1,0.021943,221.952710,0.00991759,61.3955,1,0.023401,281.740910
2018-05-10,-0.00116875,130.8724,1,0.017125,161.486940,-0.00088486,61.3070,1,0.026426,241.942820
2018-05-11,-0.00062099,130.8103,1,0.017019,160.967990,-0.00146311,61.1607,0,0.000000,0.000000
2018-05-14,-0.00910864,129.8994,1,0.010524,120.935360,0.00166505,61.3272,1,0.043005,382.279672
2018-05-15,-0.00012313,129.8871,1,0.010423,100.977860,0.00111565,61.4388,1,0.028495,300.513890
2018-05-16,0.00210182,130.0973,1,0.015878,140.661850,0.00825687,62.2645,1,0.039643,339.424140
2018-05-17,-0.00163622,129.9336,1,0.033022,200.761120,0.00400070,62.6645,1,0.038450,281.513370
2018-05-18,0.00355058,130.2887,1,0.020722,201.192880,-0.00569855,62.0947,1,0.024305,261.122380
2018-05-21,0.00313650,130.6024,1,0.023900,260.887280,0.01152657,63.2473,1,0.034883,340.466070
2018-05-22,-0.00053237,130.5491,1,0.021227,202.021650,-0.00570135,62.6772,0,0.000000,0.000000
2018-05-23,-0.00624392,129.9247,1,0.021212,199.939170,0.00331795,63.0090,1,0.036525,341.921409
2018-05-24,0.00399544,130.3243,1,0.026716,141.295360,-0.00327452,62.6815,1,0.050472,261.170420
2018-05-25,0.00247545,130.5718,1,0.021025,180.427240,-0.00473732,62.2078,1,0.035802,320.258200
2018-05-29,0.00347003,130.9188,1,0.030957,220.966470,0.00043276,62.2511,1,0.043624,340.787270
2018-05-30,0.00482711,131.4015,1,0.018439,179.883920,-0.00408804,61.8423,1,0.030384,279.923900
2018-05-31,-0.00385712,131.0158,1,0.038502,283.322770,-0.00268366,61.5739,0,0.000000,0.000000
2018-06-01,0.01013155,132.0290,1,0.019935,200.276830,-0.00229521,61.3444,0,0.000000,0.000000
2018-06-04,0.00247489,132.2765,1,0.023001,221.095350,0.00642417,61.9868,1,0.041593,363.132736
2018-06-05,-0.00157780,132.1187,1,0.017610,180.912550,0.00404775,62.3916,1,0.027395,241.989650
2018-06-06,0.00442939,132.5616,1,0.014801,161.124310,0.00065772,62.4573,1,0.029428,301.376490
2018-06-07,-0.00237899,132.3237,1,0.020329,181.951480,-0.00616790,61.8406,1,0.031200,262.005400
2018-06-08,0.00887087,133.2108,1,0.022303,180.715350,-0.00297522,61.5430,1,0.048412,360.634070
2018-06-11,-0.00261816,132.9490,1,0.026376,201.640830,0.00354174,61.8972,1,0.044036,360.852310
2018-06-12,-0.00745717,132.2033,1,0.022417,220.342080,0.00222640,62.1198,1,0.027680,300.552850
2018-06-13,0.00195012,132.3983,1,0.013148,161.289040,0.00136885,62.2567,1,0.028405,301.081480
2018-06-14,-0.00189101,132.2092,1,0.018681,199.772200,-0.00929930,61.3268,1,0.032600,319.733150
2018-06-15,-0.00630541,131.5786,1,0.018991,221.325960,0.00436207,61.7630,1,0.037553,360.415730
2018-06-18,0.00383111,131.9618,1,0.010499,121.074490,-0.01519921,60.2431,1,0.028611,320.947620
2018-06-19,0.00086007,132.0478,1,0.014313,180.688650,-0.00650873,59.5922,1,0.033253,379.895130
2018-06-20,-0.00229953,131.8178,1,0.015393,181.478640,0.00276964,59.8692,1,0.033576,340.317340
2018-06-21,-0.00644010,131.1738,1,0.025240,201.147540,0.00482486,60.3517,1,0.023674,241.159500
2018-06-22,-0.00830615,130.3432,1,0.018625,179.995990,0.00054306,60.4060,1,0.033354,299.186600
2018-06-25,-0.00607297,129.7359,1,0.011787,121.603950,0.01317929,61.7239,1,0.032451,321.858540
2018-06-26,-0.00154853,129.5810,1,0.016993,161.043970,-0.00166661,61.5572,1,0.039081,279.478260
2018-06-27,-0.01399976,128.1811,1,0.015416,220.940240,0.01673536,63.2308,1,0.030774,340.466060
2018-06-28,0.00500033,128.6811,1,0.011677,121.401820,-0.00314958,62.9158,1,0.029048,261.096470
2018-06-29,-0.00001127,128.6800,1,0.014587,181.059490,-0.00429454,62.4864,1,0.028414,321.266610
2018-07-02,0.00734165,129.4141,1,0.016025,180.913900,0.00159997,62.6464,1,0.032703,360.344520
2018-07-03,-0.00284265,129.1299,1,0.029165,220.751310,-0.00565431,62.0809,1,0.031731,260.580460
2018-07-05,0.00610045,129.7399,1,0.038865,160.681680,-0.00599989,61.4809,1,0.068849,360.049600
2018-07-06,-0.02123851,127.6161,1,0.016081,162.316550,-0.01747338,59.7336,0,0.000000,0.000000
2018-07-09,0.01952742,129.5688,1,0.020698,122.969770,-0.00979953,58.7537,1,0.039953,324.906804
2018-07-10,0.00887062,130.4559,1,0.027698,242.114320,0.00111949,58.8656,1,0.032461,382.779740
2018-07-11,-0.00554820,129.9010,1,0.025300,240.075380,-0.00002308,58.8633,1,0.038038,320.950350
2018-07-12,-0.00044429,129.8566,1,0.020829,219.969940,-0.00511596,58.3517,1,0.037276,299.679250
2018-07-13,0.00105632,129.9622,1,0.011088,121.594720,0.00167113,58.5188,1,0.029877,321.680600
2018-07-16,0.00105003,130.0673,1,0.010997,120.998560,-0.00380326,58.1385,1,0.025046,300.865930
2018-07-17,0.01499940,131.5672,1,0.030030,181.049720,-0.01431959,56.7065,1,0.025909,300.424620
2018-07-18,0.00334914,131.9021,1,0.013686,200.353110,-0.00441590,56.2649,1,0.032760,360.119970
2018-07-19,0.01227970,133.1301,1,0.014970,200.458380,-0.00724338,55.5406,1,0.028488,340.016490
2018-07-20,0.00455789,133.5859,1,0.030841,241.219080,-0.00445938,55.0947,1,0.052788,400.818610
2018-07-23,0.00565491,134.1514,1,0.028609,219.980330,-0.00712529,54.3821,1,0.038089,319.938170
2018-07-24,-0.00381426,133.7699,1,0.021916,200.065640,-0.00935044,53.4471,1,0.035024,359.456520
2018-07-25,-0.01182442,132.5875,1,0.015292,160.538970,0.00643104,54.0902,1,0.047496,359.472060
2018-07-26,0.00473704,133.0612,1,0.014336,142.442310,-0.01076541,53.0137,1,0.024061,262.581320
2018-07-27,-0.00016023,133.0452,1,0.016623,181.515260,0.00057264,53.0709,1,0.029356,340.998140
2018-07-30,-0.00027958,133.0172,1,0.012998,180.216420,0.00322033,53.3929,0,0.000000,0.000000
2018-07-31,-0.00625818,132.3914,1,0.011678,160.942400,0.00058373,53.4513,1,0.023787,280.015233
2018-08-01,0.00269371,132.6608,1,0.016129,202.212940,0.00330800,53.7821,1,0.030000,361.597640
2018-08-02,0.00747819,133.4086,1,0.018581,201.364420,-0.00405445,53.3767,1,0.036645,320.561060
2018-08-03,0.00477447,133.8860,1,0.019603,162.545520,-0.00807314,52.5694,1,0.031324,281.973740
2018-08-06,0.00654132,134.5402,1,0.014238,181.512990,-0.00334597,52.2348,1,0.026567,361.492630
2018-08-07,0.00714282,135.2544,1,0.013808,140.873290,-0.00443961,51.7908,1,0.022531,321.258890
2018-08-08,-0.01305216,133.9492,1,0.014736,200.975770,0.00766318,52.5571,1,0.023442,320.530750
2018-08-09,-0.00263907,133.6853,1,0.020927,180.754620,-0.00106061,52.4511,1,0.026521,300.837140
2018-08-10,-0.00331918,133.3534,1,0.013098,140.623760,0.00569506,53.0206,1,0.038814,320.209360
2018-08-13,-0.00123501,133.2299,1,0.010631,120.809740,0.00278627,53.2992,0,0.000000,0.000000
2018-08-14,-0.00070704,133.1592,1,0.011964,160.757930,-0.00160803,53.1384,1,0.020273,299.519093
2018-08-15,0.01051156,134.2104,1,0.015754,181.632040,0.00962704,54.1011,0,0.000000,0.000000
2018-08-16,-0.00758127,133.4522,1,0.023907,180.214430,0.00847155,54.9483,1,0.029945,302.428147
2018-08-17,-0.00405353,133.0469,1,0.008813,141.584360,0.00377704,55.3260,0,0.000000,0.000000
2018-08-20,0.00501764,133.5486,1,0.025056,121.304040,-0.00092002,55.2340,1,0.041312,282.710916
2018-08-21,0.01218413,134.7670,1,0.015087,161.041480,0.01489312,56.7233,1,0.022648,280.562530
2018-08-22,-0.00355309,134.4117,1,0.018539,181.297920,0.00583226,57.3065,1,0.017794,201.749720
2018-08-23,-0.00211634,134.2001,1,0.012474,180.562950,0.00137966,57.4445,1,0.022014,280.270780
2018-08-24,0.00147262,134.3474,1,0.022398,240.344800,0.00426226,57.8707,1,0.030444,320.287400
2018-08-27,0.00321118,134.6685,1,0.018572,181.161380,-0.00199840,57.6708,1,0.030070,321.096910
2018-08-28,-0.00053388,134.6151,1,0.028008,161.522690,0.00296546,57.9674,1,0.057614,381.395110
2018-08-29,-0.00150585,134.4645,1,0.016985,201.073500,0.00202832,58.1702,1,0.021998,280.929540
2018-08-30,-0.00196998,134.2675,1,0.043028,201.061440,0.00381390,58.5516,1,0.022510,301.533930
2018-08-31,-0.00000200,134.2673,1,0.018790,100.848510,-0.00617970,57.9336,1,0.042800,279.848260
2018-09-04,-0.00947415,133.3199,1,0.013235,161.004130,0.00081336,58.0150,1,0.034574,359.897530
2018-09-05,0.00111973,133.4319,1,0.030287,161.147440,-0.00079451,57.9355,1,0.029771,301.048970
2018-09-06,-0.00084339,133.3475,1,0.019549,160.396160,0.00404474,58.3400,1,0.030406,341.008220
2018-09-07,0.00912462,134.2600,1,0.011438,140.613010,-0.00215343,58.1247,1,0.019913,321.211060
2018-09-10,-0.00070105,134.1899,1,0.028675,220.041880,-0.00811889,57.3128,1,0.038569,340.028590
2018-09-11,-0.00099459,134.0904,1,0.015759,180.697310,-0.00634747,56.6780,1,0.033757,360.586040
2018-09-12,0.00448539,134.5390,1,0.015681,140.849820,-0.00064784,56.6132,1,0.033544,380.657490
2018-09-13,0.00262865,134.8018,1,0.013605,160.668580,0.00118304,56.7315,1,0.023886,340.914880
2018-09-14,-0.00125911,134.6759,1,0.013091,141.408650,0.01639719,58.3713,1,0.021481,261.239630
2018-09-17,0.01129776,135.8057,1,0.018234,181.086500,-0.00992120,57.3791,1,0.033920,282.634320
2018-09-18,-0.00583282,135.2224,1,0.014742,200.817250,-0.00698030,56.6811,1,0.022380,321.184200
2018-09-19,-0.00091334,135.1311,1,0.015064,181.276000,0.00549199,57.2303,1,0.033571,360.622290
2018-09-20,-0.00455535,134.6755,1,0.012725,140.988770,0.00278840,57.5091,1,0.041960,261.008570
2018-09-21,-0.00617804,134.0577,1,0.014524,101.087530,0.00841194,58.3503,0,0.000000,0.000000
2018-09-24,-0.01249265,132.8085,1,0.012985,121.245920,0.01652748,60.0031,1,0.025682,262.212696
2018-09-25,-0.01511870,131.2966,1,0.011400,121.283600,0.00717477,60.7206,1,0.023273,280.640010
2018-09-26,-0.00953239,130.3434,1,0.008069,101.590010,-0.00514435,60.2061,1,0.019975,280.798590
2018-09-27,-0.00130318,130.2131,1,0.008748,81.229210,0.00078455,60.2846,1,0.026885,320.273160
2018-09-28,0.00283742,130.4968,1,0.016698,161.143410,0.00666546,60.9511,1,0.027244,281.097540
2018-10-01,0.00352272,130.8491,1,0.024638,300.748580,-0.00596208,60.3549,1,0.022048,262.021290
2018-10-02,-0.00002502,130.8466,1,0.024842,259.971630,-0.00041137,60.3138,1,0.029467,359.765100
2018-10-03,0.00529600,131.3762,1,0.022980,240.937460,-0.01207214,59.1066,1,0.028204,321.012690
2018-10-04,-0.00268654,131.1075,1,0.030324,279.980340,-0.00214464,58.8921,1,0.031394,340.460770
2018-10-05,-0.00328243,130.7793,1,0.017013,180.847290,0.00816808,59.7089,1,0.036782,299.567330
2018-10-08,-0.00941519,129.8377,1,0.015329,200.607950,0.01015117,60.7240,1,0.023883,280.262690
2018-10-09,0.00268825,130.1066,1,0.019615,201.972010,-0.01103703,59.6203,1,0.027603,321.194640
2018-10-10,-0.00585722,129.5209,1,0.022902,259.639260,-0.00180423,59.4399,1,0.023303,319.011560
2018-10-11,0.00421911,129.9428,1,0.029299,237.922080,0.00142687,59.5826,0,0.000000,0.000000
2018-10-12,-0.00930511,129.0123,1,0.018161,219.824630,0.00700393,60.2830,0,0.000000,0.000000
2018-10-15,0.00192509,129.2048,1,0.021831,161.578630,-0.00733230,59.5498,1,0.036690,277.018607
2018-10-16,-0.00516954,128.6878,1,0.015044,180.789340,-0.00620793,58.9290,1,0.020823,339.966060
2018-10-17,-0.00291901,128.3959,1,0.020131,224.263710,0.00674585,59.6036,0,0.000000,0.000000
2018-10-18,-0.02171587,126.2243,1,0.023487,200.772750,0.01162529,60.7661,1,0.032561,284.265354
2018-10-19,-0.01656710,124.5676,1,0.032520,181.719300,0.01123457,61.8895,1,0.045983,261.490890
2018-10-22,0.01313769,125.8814,1,0.017381,162.186850,-0.00428580,61.4610,1,0.033180,281.199620
2018-10-23,0.00244524,126.1259,1,0.026946,220.674870,-0.01128557,60.3324,1,0.046587,379.128700
2018-10-24,-0.02625947,123.5000,1,0.030517,220.473650,0.01502939,61.8353,1,0.044821,340.040850
2018-10-25,0.02750589,126.2505,1,0.028011,142.871230,-0.03190274,58.6451,1,0.040154,297.894440
2018-10-26,-0.00863255,125.3873,1,0.048035,282.076500,0.01064707,59.7098,1,0.061603,382.105820
2018-10-29,-0.00267971,125.1193,1,0.026871,200.456960,-0.00812811,58.8970,0,0.000000,0.000000
2018-10-30,0.04414540,129.5339,1,0.055750,241.858340,-0.04768358,54.1286,1,0.062948,320.042620
2018-10-31,0.01210650,130.7445,1,0.041710,325.829450,-0.02187581,51.9410,0,0.000000,0.000000
2018-11-01,0.00876574,131.6211,1,0.038056,281.034720,-0.00028890,51.9121,1,0.048930,406.172153
2018-11-02,0.00063532,131.6846,1,0.035788,221.055150,-0.01796414,50.1157,1,0.042194,321.821840
2018-11-05,0.01164792,132.8494,1,0.027668,239.818060,-0.01440822,48.6749,1,0.033102,340.634600
2018-11-06,0.00039334,132.8887,1,0.030166,261.459840,-0.00487722,48.1872,1,0.038842,361.120040
2018-11-07,-0.00388251,132.5005,1,0.022131,201.676620,-0.00279230,47.9079,1,0.039690,301.339000
2018-11-08,-0.00140074,132.3604,1,0.030094,243.990740,-0.00532433,47.3755,0,0.000000,0.000000
2018-11-09,-0.02272616,130.0878,1,0.032186,260.781460,0.02615159,49.9907,1,0.031501,344.084286
2018-11-12,-0.03543176,126.5446,1,0.018296,182.524090,0.03405276,53.3959,1,0.028074,282.513800
2018-11-13,-0.00972630,125.5720,1,0.030820,162.633380,0.00467220,53.8632,1,0.022210,201.352850
2018-11-14,-0.02957187,122.6148,1,0.020277,181.062410,0.02513944,56.3771,1,0.028096,281.044350
2018-11-15,-0.02236947,120.3779,1,0.025287,182.583610,0.02138568,58.5157,1,0.036852,282.170040
2018-11-16,0.03229306,123.6072,1,0.019464,144.803320,-0.04269362,54.2463,1,0.040892,324.238600
2018-11-19,-0.00300712,123.3065,1,0.020132,204.954550,0.00613798,54.8601,1,0.046292,365.117830
2018-11-20,-0.00703368,122.6031,1,0.032298,199.960040,0.00503956,55.3641,1,0.039804,279.630690
2018-11-21,0.01822086,124.4252,1,0.028534,200.511350,-0.01694912,53.6692,1,0.032812,259.626100
2018-11-23,0.00558339,124.9835,1,0.042081,242.399380,-0.01236368,52.4328,1,0.047368,342.102860
2018-11-26,0.00307413,125.2909,1,0.074577,279.558320,-0.01521058,50.9117,1,0.074968,319.946940
2018-11-27,-0.00058626,125.2323,1,0.031166,242.015230,-0.00587054,50.3247,0,0.000000,0.000000
2018-11-28,-0.00100902,125.1314,1,0.034622,260.741340,-0.00687239,49.6374,1,0.038019,302.856967
2018-11-29,0.00185341,125.3167,1,0.028199,223.245740,-0.00416045,49.2214,0,0.000000,0.000000
2018-11-30,-0.00400430,124.9163,1,0.029060,239.935940,0.01589300,50.8107,1,0.037570,323.204116
2018-12-03,0.00262172,125.1785,1,0.025088,201.525030,-0.00971466,49.8392,1,0.024636,242.679310
2018-12-04,-0.00683981,124.4945,1,0.032781,201.812400,-0.00281661,49.5576,1,0.050861,362.245970
2018-12-06,-0.01932775,122.5617,1,0.023485,200.066900,-0.00662139,48.8954,0,0.000000,0.000000
2018-12-07,-0.01399787,121.1619,1,0.018327,142.094570,0.00366404,49.2618,1,0.045066,354.319649
2018-12-10,-0.00101943,121.0600,1,0.028353,199.991420,0.00743018,50.0049,0,0.000000,0.000000
2018-12-11,-0.00469377,120.5906,1,0.025497,201.574910,-0.00313483,49.6914,1,0.030263,279.031801
2018-12-12,0.00670209,121.2608,1,0.016051,121.501620,0.00090154,49.7815,1,0.045156,340.354900
2018-12-13,-0.01009715,120.2511,1,0.026895,180.822100,-0.01252701,48.5288,1,0.044551,321.713390
2018-12-14,-0.00140660,120.1105,1,0.022690,201.484680,0.00066085,48.5949,1,0.049095,380.149890
2018-12-17,0.00128169,120.2386,1,0.025961,200.489230,0.01058400,49.6533,1,0.035970,338.838680
2018-12-18,-0.01011648,119.2270,1,0.021488,122.860430,0.01462907,51.1162,0,0.000000,0.000000
2018-12-19,0.00727615,119.9546,1,0.037215,240.970780,-0.00946828,50.1694,1,0.036838,278.794829
2018-12-20,-0.00984126,118.9705,1,0.038016,260.035790,0.02066395,52.2358,0,0.000000,0.000000
2018-12-21,-0.00436988,118.5335,1,0.053218,141.469430,0.00740560,52.9763,1,0.057460,280.713223
2018-12-24,0.02259686,120.7932,1,0.019614,161.007330,0.00491075,53.4674,0,0.000000,0.000000
2018-12-26,0.01096223,121.8894,1,0.079547,239.962120,-0.01750264,51.7172,0,0.000000,0.000000
2018-12-27,-0.00069078,121.8203,1,0.041968,307.621590,0.00147609,51.8648,0,0.000000,0.000000
2018-12-28,-0.00093857,121.7264,1,0.054757,261.976490,0.00177111,52.0419,0,0.000000,0.000000
2018-12-31,0.00278180,122.0046,1,0.031530,200.441820,-0.00747538,51.2943,1,0.042018,318.692986
2019-01-02,0.00467890,122.4725,1,0.046190,281.682930,-0.00017614,51.2767,0,0.000000,0.000000
2019-01-03,0.00970966,123.4435,1,0.041794,200.644300,-0.00540106,50.7366,1,0.055656,321.647540
2019-01-04,0.00878951,124.3224,1,0.027379,160.400980,-0.01934524,48.8021,1,0.050474,319.302310
2019-01-07,-0.00445378,123.8771,1,0.035828,285.064770,-0.02671486,46.1306,0,0.000000,0.000000
2019-01-08,-0.01521043,122.3560,1,0.026883,162.057470,0.00818174,46.9488,1,0.053596,364.395052
2019-01-09,-0.00383776,121.9722,1,0.021146,163.761340,0.00827391,47.7762,0,0.000000,0.000000
2019-01-10,0.00149775,122.1220,1,0.020475,101.846670,-0.01086443,46.6897,1,0.044003,242.522411
2019-01-11,-0.00383981,121.7380,1,0.025031,181.325150,-0.00055967,46.6338,0,0.000000,0.000000
2019-01-14,-0.05368968,116.3691,1,0.030498,180.621010,0.05346813,51.9806,1,0.046927,322.235739
2019-01-15,-0.01380526,114.9885,1,0.034996,206.209690,0.01026353,53.0069,1,0.039997,285.130260
2019-01-16,0.00153902,115.1424,1,0.028988,182.820170,-0.00091824,52.9151,1,0.050924,304.470730
2019-01-17,-0.01539204,113.6032,1,0.027294,160.666530,-0.00355736,52.5594,1,0.065116,360.684400
2019-01-18,0.00827185,114.4304,1,0.047425,223.323730,0.00302074,52.8614,0,0.000000,0.000000
2019-01-22,0.00611596,115.0420,1,0.049634,183.791450,0.00413403,53.2748,0,0.000000,0.000000
2019-01-23,-0.00262559,114.7795,1,0.024749,219.548130,0.00769082,54.0439,0,0.000000,0.000000
2019-01-24,0.07703319,122.4828,1,0.033061,181.889910,0.08156616,62.2005,1,0.040214,305.436098
2019-01-25,0.02158434,124.6412,1,0.033316,188.602960,-0.01668333,60.5322,1,0.056583,289.278210
2019-01-28,0.00656677,125.2979,1,0.049703,240.005810,0.00110665,60.6429,1,0.043295,299.622510
2019-01-29,0.01635148,126.9330,1,0.032232,180.257980,0.02210254,62.8531,1,0.053776,320.515680
2019-01-30,-0.00452127,126.4809,1,0.047917,282.251780,-0.00941734,61.9114,1,0.028024,263.634970
2019-01-31,-0.00391432,126.0895,1,0.028822,241.244450,0.00026453,61.9378,1,0.045157,361.342030
2019-02-01,0.00924498,127.0140,1,0.022052,161.627210,-0.00499872,61.4380,1,0.049212,321.627230
2019-02-04,0.00335193,127.3492,1,0.030697,240.511030,0.00489301,61.9273,1,0.063969,361.054320
2019-02-05,0.00645962,127.9951,1,0.025448,201.752030,0.00863244,62.7905,1,0.030826,261.826770
2019-02-06,-0.00491715,127.5034,1,0.034835,221.904910,-0.00387044,62.4035,1,0.037634,261.493650
2019-02-07,0.01757387,129.2608,1,0.030423,199.759960,-0.00415275,61.9882,1,0.053405,320.425730
2019-02-08,0.00303102,129.5639,1,0.049988,260.064090,-0.00846837,61.1414,1,0.061627,321.305590
2019-02-11,0.00426813,129.9907,1,0.031277,180.366930,0.00609898,61.7513,1,0.043702,319.991370
2019-02-12,0.00217827,130.2085,1,0.025513,201.676550,0.01269192,63.0205,1,0.037648,281.748080
2019-02-13,0.00380479,130.5890,1,0.019231,182.280900,0.00012509,63.0330,0,0.000000,0.000000
2019-02-14,0.00627649,131.2167,1,0.032961,221.598910,-0.01588611,61.4443,1,0.038611,323.135192
2019-02-15,0.00594363,131.8110,1,0.041937,220.485710,-0.00718372,60.7260,1,0.060642,321.047480
2019-02-19,0.01856662,133.6677,1,0.022068,202.310600,0.00444613,61.1706,0,0.000000,0.000000
2019-02-20,0.00111529,133.7792,1,0.028571,221.977530,-0.01271832,59.8988,1,0.039782,364.038266
2019-02-21,0.00351557,134.1308,1,0.018393,141.909260,-0.00052591,59.8462,1,0.036071,264.010230
2019-02-22,-0.00652430,133.4784,1,0.025260,221.145790,0.00145070,59.9912,1,0.034040,321.590640
2019-02-25,0.00346248,133.8246,1,0.031022,181.589970,-0.00546563,59.4447,1,0.036753,221.150950
2019-02-26,0.00215310,134.0399,1,0.021420,181.198330,-0.00533965,58.9107,1,0.036155,280.919650
2019-02-27,-0.00139947,133.9000,1,0.025707,200.291030,-0.00388594,58.5221,1,0.040604,339.454910
2019-02-28,-0.00307914,133.5920,1,0.021824,181.214200,0.00372623,58.8947,1,0.040247,340.777790
2019-03-01,-0.00053473,133.5386,1,0.028843,201.185450,-0.00703185,58.1916,1,0.044125,300.904050
2019-03-04,0.00999217,134.5378,1,0.027353,201.980250,-0.01292891,56.8987,1,0.042491,361.777540
2019-03-05,-0.00319065,134.2187,1,0.027405,220.192050,-0.00164790,56.7339,1,0.043290,359.665840
2019-03-06,-0.00314411,133.9043,1,0.027031,180.029000,0.00410557,57.1444,1,0.037863,319.834840
2019-03-07,-0.00882811,133.0215,1,0.014111,140.472300,0.01273985,58.4184,1,0.035345,280.183980
2019-03-08,-0.00994357,132.0272,1,0.015327,121.341820,0.00982440,59.4009,1,0.035760,280.388510
2019-03-11,0.00718357,132.7455,1,0.006703,61.184550,-0.00638615,58.7622,1,0.030655,241.003180
2019-03-12,0.00137907,132.8834,1,0.029943,182.604480,-0.00328047,58.4342,0,0.000000,0.000000
2019-03-13,-0.00262389,132.6210,1,0.031239,200.994830,0.00569673,59.0039,1,0.056837,343.587379
2019-03-14,0.00380924,133.0019,1,0.017346,141.214870,-0.00483939,58.5199,0,0.000000,0.000000
2019-03-15,0.00130141,133.1321,1,0.017409,160.449370,-0.00080339,58.4396,1,0.043299,321.178961
2019-03-18,0.00813944,133.9460,1,0.023696,201.040810,-0.00321009,58.1186,1,0.032859,340.419700
2019-03-19,-0.00710433,133.2356,1,0.022223,180.969260,-0.00005069,58.1135,1,0.045949,340.802250
2019-03-20,-0.00505759,132.7298,1,0.014739,140.730050,0.00931583,59.0451,1,0.039597,339.587400
2019-03-21,-0.00835442,131.8944,1,0.026662,200.774560,0.02087120,61.1322,1,0.037620,280.686560
2019-03-22,0.00754947,132.6493,1,0.035403,182.557160,0.01141189,62.2734,0,0.000000,0.000000
2019-03-25,0.00201079,132.8504,1,0.097851,219.380470,-0.00288531,61.9849,1,0.072371,281.147983
2019-03-26,0.00703125,133.5535,1,0.022035,180.246090,0.00421755,62.4066,1,0.035865,300.809460
2019-03-27,0.00101226,133.6548,1,0.026284,201.830640,0.00084529,62.4912,1,0.043921,322.403820
2019-03-28,-0.00309520,133.3453,1,0.021830,180.298170,-0.00125684,62.3655,1,0.052304,340.676890
2019-03-29,0.00213596,133.5589,1,0.023574,201.857270,-0.00440943,61.9245,1,0.035813,341.703780
2019-04-01,-0.00355717,133.2031,1,0.051047,321.357730,-0.00556818,61.3677,1,0.054148,361.337990
2019-04-02,0.00189263,133.3924,1,0.024127,201.289050,0.00030015,61.3977,1,0.046735,361.874830
2019-04-03,0.00432655,133.8251,1,0.043305,280.610050,-0.00557227,60.8405,1,0.039217,300.385390
2019-04-04,-0.00270124,133.5549,1,0.027504,240.693240,0.00534429,61.3749,1,0.038431,320.582410
2019-04-05,-0.00549587,133.0053,1,0.023567,201.242140,0.00402863,61.7778,1,0.032957,261.475400
2019-04-08,-0.00058796,132.9465,1,0.030266,222.108940,0.00111823,61.8896,1,0.036947,282.380040
2019-04-09,0.00474739,133.4213,1,0.018141,180.600090,-0.00596709,61.2929,1,0.042839,340.482490
2019-04-10,0.00400518,133.8218,1,0.030182,239.947720,0.00170087,61.4630,0,0.000000,0.000000
2019-04-11,0.01513896,135.3357,1,0.030784,220.785400,0.00149628,61.6126,1,0.034482,279.863344
2019-04-12,-0.02740342,132.5954,1,0.046472,300.496240,0.02303412,63.9160,1,0.040998,301.272310
2019-04-15,0.00214301,132.8097,1,0.012959,163.755290,0.00879258,64.7953,0,0.000000,0.000000
2019-04-16,0.00451295,133.2610,1,0.029025,240.182580,-0.01818848,62.9764,1,0.036098,283.970447
2019-04-17,-0.02338678,130.9223,1,0.034388,240.836380,0.03005995,65.9824,1,0.052515,359.865610
2019-04-18,0.00232887,131.1552,1,0.016253,121.050410,-0.00112534,65.8699,1,0.020214,162.553890
2019-04-22,-0.00832704,130.3225,1,0.033854,202.147100,0.00071615,65.9415,1,0.037485,321.748360
2019-04-23,0.01400163,131.7226,1,0.033927,181.930430,-0.01016807,64.9247,1,0.043827,300.773060
2019-04-24,-0.00501624,131.2210,1,0.041094,241.047410,0.00034706,64.9594,0,0.000000,0.000000
2019-04-25,-0.01570371,129.6506,1,0.025501,201.645990,0.00172996,65.1324,1,0.036584,321.794636
2019-04-26,-0.00090467,129.5602,1,0.022537,181.368570,-0.00064548,65.0679,1,0.036398,300.004040
2019-04-29,-0.00849078,128.7111,1,0.028998,221.960850,0.00299322,65.3672,0,0.000000,0.000000
2019-04-30,0.00474890,129.1860,1,0.030500,201.252020,-0.00266325,65.1009,1,0.051795,342.062044
2019-05-01,0.00036060,129.2220,1,0.041910,221.675650,0.00372239,65.4731,1,0.052191,381.808110
2019-05-02,-0.01286350,127.9357,1,0.044840,239.871250,0.00815106,66.2882,1,0.045674,299.792890
2019-05-03,0.00196030,128.1317,1,0.026870,182.364510,-0.00299630,65.9886,1,0.038720,302.152520
2019-05-06,-0.00588400,127.5433,1,0.033230,221.921980,0.00948188,66.9368,0,0.000000,0.000000
2019-05-07,0.00634457,128.1778,1,0.031733,220.339110,-0.00733576,66.2032,1,0.037976,282.644030
2019-05-08,0.00762318,128.9401,1,0.035712,219.686110,0.00066373,66.2696,0,0.000000,0.000000
2019-05-09,-0.00100499,128.8396,1,0.029059,201.188570,-0.00275463,65.9941,1,0.038803,278.439414
2019-05-10,0.00021570,128.8612,1,0.037660,241.401000,0.00605487,66.5996,1,0.040143,320.117280
2019-05-13,-0.00827208,128.0339,1,0.033618,241.450790,0.01719639,68.3192,1,0.034991,281.926770
2019-05-14,0.01583360,129.6173,1,0.036060,278.162830,-0.01449458,66.8698,0,0.000000,0.000000
2019-05-15,-0.00455483,129.1618,1,0.046533,321.455320,0.00703674,67.5734,1,0.050126,378.233140
2019-05-16,0.00101823,129.2636,1,0.025327,181.402350,0.00101074,67.6745,1,0.032946,241.328140
2019-05-17,0.00543429,129.8071,1,0.038731,241.819810,0.00436762,68.1113,0,0.000000,0.000000
2019-05-20,0.00288639,130.0957,1,0.043881,338.784020,0.00033783,68.1451,1,0.043477,322.011601
2019-05-21,0.00068112,130.1638,1,0.036278,200.855520,0.00263345,68.4084,1,0.045035,300.619200
2019-05-22,0.00869611,131.0334,1,0.027969,242.156610,0.01127865,69.5363,0,0.000000,0.000000
2019-05-23,0.00463162,131.4966,1,0.033818,280.206840,0.00320340,69.8566,1,0.035050,302.827514
2019-05-24,0.00841654,132.3383,1,0.036636,260.935620,-0.00461568,69.3950,1,0.039638,240.929310
2019-05-28,0.00060415,132.3987,1,0.044395,321.210710,0.00413446,69.8085,1,0.045074,321.457910
2019-05-29,-0.00260457,132.1382,1,0.038977,239.768550,-0.00213723,69.5948,0,0.000000,0.000000
2019-05-30,0.01350489,133.4887,1,0.030921,180.546320,-0.00707157,68.8876,1,0.055597,339.022507
2019-05-31,0.00111607,133.6003,1,0.046503,240.782650,0.00591172,69.4788,1,0.060448,320.472840
2019-06-03,0.01129687,134.7300,1,0.040843,180.339330,-0.02207545,67.2712,1,0.050505,240.721520
2019-06-04,-0.00314663,134.4153,1,0.034673,260.876170,0.00929288,68.2005,1,0.050172,361.651560
2019-06-05,0.00476407,134.8917,1,0.035533,245.034370,0.00225931,68.4265,0,0.000000,0.000000
2019-06-06,-0.00773951,134.1178,1,0.049931,324.068300,-0.00091237,68.3352,0,0.000000,0.000000
2019-06-07,0.00388109,134.5059,1,0.026261,181.017920,-0.00417852,67.9174,1,0.050132,309.924106
2019-06-10,-0.00179719,134.3262,1,0.038259,241.643310,0.00770041,68.6874,1,0.049369,321.273880
2019-06-11,0.00088281,134.4145,1,0.031009,221.181500,0.00301234,68.9886,1,0.042606,281.605590
2019-06-12,-0.00122638,134.2918,1,0.030568,220.792930,0.00171915,69.1606,1,0.037685,320.595820
2019-06-13,0.00802497,135.0943,1,0.030673,241.069850,-0.00661097,68.4995,1,0.048897,340.622380
2019-06-14,0.00492857,135.5872,1,0.033183,301.281110,-0.00657592,67.8419,1,0.049232,380.686320
2019-06-17,-0.00381572,135.2056,1,0.042222,260.053780,-0.00357829,67.4840,1,0.053329,359.876480
2019-06-18,0.00445161,135.6508,1,0.040119,241.094970,-0.00560694,66.9233,1,0.052164,340.990240
2019-06-19,-0.00730984,134.9198,1,0.034604,241.675280,-0.00006242,66.9171,1,0.052412,361.433790
2019-06-20,-0.01690006,133.2298,1,0.043616,201.465380,0.01283468,68.2006,1,0.058842,320.965290
2019-06-21,0.00894182,134.1240,1,0.034008,183.095730,0.00236838,68.4374,0,0.000000,0.000000
2019-06-24,0.00724957,134.8489,1,0.033833,239.821950,-0.00509806,67.9276,1,0.042466,282.486183
2019-06-25,0.00264336,135.1133,1,0.032054,220.206670,-0.00269334,67.6583,1,0.042224,319.794440
2019-06-26,-0.00741580,134.3717,1,0.033290,240.298150,0.00562781,68.2210,1,0.040749,320.447930
2019-06-27,0.00983665,135.3553,1,0.031745,220.598410,0.01103751,69.3248,1,0.046749,300.520850
2019-06-28,0.00905830,136.2612,1,0.039510,321.472530,-0.00292597,69.0322,0,0.000000,0.000000
2019-07-01,0.00205775,136.4669,1,0.039205,281.416880,0.00488117,69.5203,0,0.000000,0.000000
2019-07-02,0.01781050,138.2480,1,0.027760,161.320120,-0.01353288,68.1670,1,0.040278,304.503488
2019-07-03,0.00256468,138.5045,0,0.000000,0.000000,-0.00114391,68.0526,1,0.054801,400.425210
2019-07-05,0.00006716,138.5112,1,0.079784,281.766304,-0.00035779,68.0169,0,0.000000,0.000000
2019-07-08,0.00795562,139.3067,1,0.026508,200.458100,-0.00838626,67.1782,1,0.045496,342.315958
2019-07-09,-0.00026314,139.2804,0,0.000000,0.000000,-0.00051257,67.1270,1,0.039047,339.603810
2019-07-10,-0.00358086,138.9223,1,0.031176,200.366083,0.00268172,67.3952,1,0.054888,340.643810
2019-07-11,0.00024181,138.9465,0,0.000000,0.000000,0.00174032,67.5692,1,0.039628,261.296480
2019-07-12,0.00605260,139.5518,0,0.000000,0.000000,0.00792854,68.3620,1,0.046536,320.831080
2019-07-15,0.00148682,139.7005,0,0.000000,0.000000,0.00026963,68.3890,1,0.034847,282.132410
2019-07-16,0.00831868,140.5323,0,0.000000,0.000000,-0.00760861,67.6281,1,0.043151,380.239850
2019-07-17,0.00661694,141.1940,0,0.000000,0.000000,-0.00725829,66.9023,1,0.042489,360.670830
2019-07-18,-0.00152904,141.0411,0,0.000000,0.000000,0.00902510,67.8048,1,0.036870,338.894380
2019-07-19,-0.00099064,140.9421,1,0.046614,258.996157,-0.00241942,67.5629,1,0.033642,261.708160
2019-07-22,-0.00368688,140.5734,1,0.034998,141.256050,0.00246270,67.8091,1,0.038940,299.986220
2019-07-23,0.00929790,141.5032,1,0.020500,140.598390,-0.01245950,66.5632,1,0.046200,320.003090
2019-07-24,0.00707558,142.2107,1,0.026192,163.829190,0.00268179,66.8314,1,0.041561,382.520350
2019-07-25,0.01654903,143.8656,1,0.021977,161.029190,-0.01127550,65.7038,1,0.032350,321.271400
2019-07-26,-0.00103572,143.7620,0,0.000000,0.000000,0.00231249,65.9351,1,0.040881,320.103800
2019-07-29,-0.00266550,143.4955,1,0.021470,180.219403,0.00112356,66.0474,1,0.035894,281.686670
2019-07-30,0.01258456,144.7540,0,0.000000,0.000000,-0.01677081,64.3703,1,0.057181,300.397810
2019-07-31,0.01079742,145.8337,1,0.050378,200.550595,-0.00979098,63.3913,1,0.045598,361.593180
2019-08-01,0.00268134,146.1018,0,0.000000,0.000000,0.00339046,63.7303,1,0.058074,339.315420
2019-08-02,0.00188052,146.2899,1,0.031088,199.967919,0.00208201,63.9385,1,0.040059,299.215160
2019-08-05,0.00784142,147.0740,1,0.031768,140.241960,0.01065421,65.0039,1,0.057239,299.965000
2019-08-06,0.00319761,147.3938,0,0.000000,0.000000,0.00205388,65.2093,0,0.000000,0.000000
2019-08-07,0.00291606,147.6854,1,0.028924,161.908949,0.00457295,65.6666,0,0.000000,0.000000
2019-08-08,0.01030026,148.7154,1,0.022344,181.767510,-0.00327353,65.3392,1,0.038703,259.775707
2019-08-09,-0.00275939,148.4395,1,0.019469,163.125150,-0.00212445,65.1268,0,0.000000,0.000000
2019-08-12,-0.01080870,147.3586,1,0.026780,140.476890,0.01371733,66.4985,1,0.053487,361.677889
2019-08-13,0.00521207,147.8798,1,0.049763,140.615450,-0.00395679,66.1029,0,0.000000,0.000000
2019-08-14,0.00198826,148.0786,1,0.027064,181.604990,0.01571088,67.6739,0,0.000000,0.000000
2019-08-15,-0.01532782,146.5459,1,0.036412,199.169250,0.02241787,69.9157,0,0.000000,0.000000
2019-08-16,0.00642608,147.1885,1,0.019252,122.652550,-0.00914763,69.0010,1,0.037133,221.871082
2019-08-19,-0.00546484,146.6420,1,0.035064,202.685800,0.02415152,71.4161,0,0.000000,0.000000
2019-08-20,0.01538963,148.1809,1,0.025537,122.221420,-0.01144698,70.2714,0,0.000000,0.000000
2019-08-21,-0.00962179,147.2188,1,0.035399,200.851100,0.00588417,70.8598,1,0.063163,342.448827
2019-08-22,0.00878715,148.0975,1,0.016555,121.881080,-0.00467874,70.3920,0,0.000000,0.000000
2019-08-23,-0.00596308,147.5012,1,0.025888,159.946370,0.01064168,71.4561,1,0.065522,341.618304
2019-08-26,-0.00467844,147.0333,1,0.014974,101.977100,-0.00052377,71.4038,0,0.000000,0.000000
2019-08-27,0.00003022,147.0364,1,0.023918,121.792090,0.00221681,71.6254,0,0.000000,0.000000
2019-08-28,0.00534981,147.5713,1,0.021009,140.136440,-0.00029249,71.5962,1,0.059129,337.259290
2019-08-29,-0.00756072,146.8153,1,0.024432,141.576870,0.01733480,73.3297,1,0.051880,341.907280
2019-08-30,0.00173447,146.9887,1,0.009073,82.796740,0.00104225,73.4339,0,0.000000,0.000000
2019-09-03,0.00396008,147.3847,1,0.025832,161.236400,-0.01463734,71.9702,1,0.044154,282.741686
2019-09-04,0.00380850,147.7656,1,0.028310,141.100820,-0.00029046,71.9411,1,0.053236,359.768560
2019-09-05,0.01302823,149.0684,1,0.028307,141.902080,-0.02609817,69.3313,0,0.000000,0.000000
2019-09-06,0.00172138,149.2405,1,0.034502,202.372070,-0.00216145,69.1152,1,0.063445,384.828336
2019-09-09,0.00716665,149.9572,1,0.037375,220.981800,-0.00780765,68.3344,1,0.051945,321.199400
2019-09-10,-0.00637996,149.3192,1,0.033076,202.025120,0.02571326,70.9057,1,0.053204,323.284700
2019-09-11,0.00148199,149.4674,1,0.023441,180.999260,0.01069448,71.9752,1,0.035452,241.592590
2019-09-12,0.00116548,149.5839,1,0.020542,161.860420,0.01410489,73.3857,1,0.024521,221.930220
2019-09-13,0.00686872,150.2708,1,0.017848,140.184050,-0.02022966,71.3627,1,0.034286,301.722730
2019-09-16,-0.01347483,148.9233,1,0.033923,181.631780,0.01288465,72.6511,1,0.062325,341.496740
2019-09-17,0.01867924,150.7913,1,0.027206,162.371600,-0.01714614,70.9365,1,0.050404,302.014890
2019-09-18,0.00394472,151.1857,0,0.000000,0.000000,0.00480813,71.4173,1,0.048897,380.817870
2019-09-19,-0.00638356,150.5474,1,0.042966,220.259627,0.00546545,71.9639,1,0.042535,281.109090
2019-09-20,0.00187443,150.7348,0,0.000000,0.000000,-0.00274858,71.6890,1,0.029898,240.862140
2019-09-23,0.00410604,151.1454,0,0.000000,0.000000,-0.00239723,71.4493,1,0.037253,280.352100
2019-09-24,-0.00006333,151.1391,1,0.033893,199.683631,-0.00143903,71.3054,1,0.044303,320.458050
2019-09-25,0.01218321,152.3574,0,0.000000,0.000000,-0.00624543,70.6809,1,0.045143,340.227860
2019-09-26,0.00812356,153.1698,0,0.000000,0.000000,0.00454785,71.1357,1,0.047805,341.191180
2019-09-27,-0.01199944,151.9698,0,0.000000,0.000000,-0.00102325,71.0333,1,0.061135,321.070330
2019-09-30,0.00388768,152.3586,1,0.028052,199.812497,-0.00929716,70.1036,1,0.058386,340.667890
2019-10-01,0.00355169,152.7138,1,0.046741,280.638300,0.01161915,71.2655,1,0.052295,361.518330
2019-10-02,-0.00501107,152.2127,0,0.000000,0.000000,0.01609496,72.8750,0,0.000000,0.000000
2019-10-03,-0.00478034,151.7346,0,0.000000,0.000000,-0.00511730,72.3633,0,0.000000,0.000000
2019-10-04,-0.01385625,150.3490,1,0.031545,219.270535,0.00721360,73.0847,1,0.050070,335.073524
2019-10-07,-0.00578854,149.7701,1,0.025464,143.543380,0.00357063,73.4417,0,0.000000,0.000000
2019-10-08,0.00479259,150.2494,1,0.028321,161.261070,-0.00870894,72.5708,0,0.000000,0.000000
2019-10-09,0.00009583,150.2590,0,0.000000,0.000000,0.00746057,73.3169,0,0.000000,0.000000
2019-10-10,0.03313019,153.5720,1,0.039051,220.575746,-0.03416458,69.9004,0,0.000000,0.000000
2019-10-11,-0.01023650,152.5483,1,0.023730,118.421930,0.01393092,71.2935,1,0.055368,339.558782
2019-10-14,0.00215540,152.7639,1,0.036730,182.537200,-0.00441924,70.8516,1,0.038834,223.422760
2019-10-15,-0.00600236,152.1637,1,0.019766,100.417090,0.00822500,71.6741,1,0.048220,300.089270
2019-10-16,-0.00382946,151.7807,1,0.027806,161.395910,-0.00296516,71.3776,1,0.044986,301.282880
2019-10-17,0.00421454,152.2022,0,0.000000,0.000000,0.00486941,71.8645,1,0.054749,320.581090
2019-10-18,0.00414904,152.6171,1,0.033276,181.470272,0.01298085,73.1626,1,0.053705,301.593710
2019-10-21,-0.00070274,152.5468,1,0.018554,121.383520,-0.00967374,72.1952,1,0.020604,222.084410
2019-10-22,-0.00827282,151.7195,1,0.028242,140.794140,-0.03266667,68.9286,0,0.000000,0.000000
2019-10-23,-0.01075781,150.6437,1,0.018541,141.393500,-0.01628204,67.3004,1,0.048654,343.628934
2019-10-24,0.01223766,151.8675,1,0.024974,101.753540,-0.01854785,65.4456,1,0.051895,362.309250
2019-10-25,0.00378737,152.2462,1,0.024923,159.624300,0.01628119,67.0737,1,0.053861,339.049150
2019-10-28,-0.00154274,152.0920,1,0.024094,160.682820,0.03125622,70.1993,1,0.044998,343.762780
2019-10-29,0.00207580,152.2995,1,0.019320,100.709680,-0.03295209,66.9041,1,0.038099,283.102380
2019-10-30,-0.01124732,151.1748,1,0.025972,141.956660,0.01850663,68.7548,1,0.059647,303.933790
2019-10-31,0.00966592,152.1414,1,0.030078,184.788460,-0.01743123,67.0116,1,0.050953,303.219390
2019-11-01,0.00668796,152.8102,1,0.020034,160.110510,0.00952895,67.9645,1,0.043645,358.071510
2019-11-04,-0.03240919,149.5693,1,0.024589,142.485030,0.04612909,72.5774,1,0.045791,322.552980
2019-11-05,-0.01560341,148.0089,1,0.021761,162.613030,0.02367796,74.9452,1,0.024024,184.040200
2019-11-06,0.02210145,150.2191,1,0.011305,102.128780,-0.02237186,72.7081,1,0.019226,202.304260
2019-11-07,0.00861903,151.0810,1,0.031037,182.200290,-0.00084877,72.6232,1,0.059547,358.734960
2019-11-08,-0.01413630,149.6674,1,0.034820,201.441440,-0.00188994,72.4342,1,0.065024,361.058970
2019-11-11,0.01399040,151.0664,1,0.019940,161.682590,-0.00813376,71.6208,1,0.054996,321.793450
2019-11-12,-0.01217903,149.8485,1,0.021263,160.535080,-0.01931039,69.6898,1,0.047869,319.572520
2019-11-13,0.00099037,149.9475,1,0.025113,181.899480,-0.00281651,69.4081,1,0.049981,381.627670
2019-11-14,0.00679733,150.6273,1,0.021687,139.826510,0.00737746,70.1459,1,0.052324,340.791750
2019-11-15,-0.00417668,150.2096,1,0.021198,161.128920,-0.02201808,67.9441,1,0.037098,301.729350
2019-11-18,0.00185487,150.3951,1,0.022893,181.944690,-0.00991824,66.9522,1,0.050184,362.518030
2019-11-19,-0.00065007,150.3301,1,0.013487,121.440920,0.00821155,67.7734,1,0.046705,339.788140
2019-11-20,-0.01312647,149.0174,1,0.017157,121.235760,-0.00739463,67.0339,1,0.028353,261.951900
2019-11-21,0.00296222,149.3136,1,0.017538,100.768430,-0.00894717,66.1392,1,0.062127,360.719290
2019-11-22,-0.00409069,148.9046,1,0.030339,140.732520,-0.00144121,65.9951,1,0.062031,360.053430
2019-11-25,-0.00296067,148.6085,1,0.026657,141.049370,-0.00136944,65.8581,1,0.053384,321.625330
2019-11-26,0.00276281,148.8848,1,0.030189,181.485050,-0.00097669,65.7605,1,0.048049,321.260000
2019-11-27,-0.00115531,148.7693,1,0.032941,181.253770,-0.00231727,65.5287,1,0.038957,301.140840
2019-11-29,0.00094052,148.8633,1,0.024298,200.894570,-0.00412211,65.1165,1,0.045221,340.857130
2019-12-02,-0.01034468,147.8288,0,0.000000,0.000000,0.00915558,66.0321,0,0.000000,0.000000
2019-12-03,-0.01324385,146.5045,1,0.029975,239.774161,0.00920556,66.9526,0,0.000000,0.000000
2019-12-04,-0.01196938,145.3075,1,0.022958,141.833450,0.00739012,67.6917,1,0.048778,319.413820
2019-12-05,0.00228753,145.5363,1,0.022877,162.180940,-0.00240086,67.4516,1,0.039576,322.934630
2019-12-06,0.00454090,145.9904,1,0.035550,240.637190,-0.00774743,66.6768,1,0.048153,301.289430
2019-12-09,-0.01699361,144.2910,1,0.017141,140.991560,-0.01609381,65.0674,1,0.064171,341.106030
2019-12-10,-0.01216203,143.0748,1,0.020013,121.701460,0.01261331,66.3288,1,0.045729,302.035010
2019-12-11,-0.00054330,143.0205,1,0.024140,182.025930,-0.00663811,65.6650,1,0.038681,281.484460
2019-12-12,0.00369131,143.3896,1,0.026729,200.059570,0.01910407,67.5754,1,0.046753,320.302670
2019-12-13,0.00435864,143.8255,1,0.028426,202.041700,-0.00955581,66.6198,1,0.034881,242.496940
2019-12-16,-0.00765265,143.0602,1,0.039175,219.092010,0.01986227,68.6060,1,0.051993,380.011100
2019-12-17,-0.00072530,142.9877,1,0.020530,161.077590,-0.01597392,67.0086,1,0.033902,263.588420
2019-12-18,-0.00989934,141.9977,1,0.035374,200.582920,0.00457171,67.4658,1,0.050029,341.643210
2019-12-19,-0.00255784,141.7420,1,0.031854,201.278380,-0.00281522,67.1843,1,0.042102,280.936180
2019-12-20,0.00005322,141.7473,1,0.022778,160.358270,-0.00004062,67.1802,1,0.051492,340.650880
2019-12-23,-0.00124530,141.6227,1,0.027590,221.888520,0.00559402,67.7396,0,0.000000,0.000000
2019-12-24,-0.00037204,141.5855,1,0.015724,141.025420,-0.00460167,67.2795,1,0.036507,301.601821
2019-12-26,0.00334809,141.9203,1,0.032871,140.501780,-0.00428001,66.8515,1,0.078291,360.013460
2019-12-27,0.00465597,142.3859,1,0.028493,160.371000,0.00461967,67.3134,1,0.053733,340.316750
2019-12-30,0.00421210,142.8072,1,0.030560,180.023630,-0.00032294,67.2811,1,0.033934,301.057340
2019-12-31,-0.00059291,142.7479,0,0.000000,0.000000,-0.00122470,67.1587,1,0.046390,240.449780
