date,model_ret,model_equity,model_rebalanced,model_cost,model_traded,naive_ret,naive_equity,naive_rebalanced,naive_cost,naive_traded
2015-01-02,0.00297997,100.2980,1,0.040353,200.000000,0.00000000,100.0000,0,0.000000,0.000000
2015-01-05,0.00153547,100.4515,1,0.031693,161.422910,0.00100563,100.1006,1,0.047157,200.000000
2015-01-06,0.00032011,100.4836,0,0.000000,0.000000,0.01223753,101.3243,0,0.000000,0.000000
2015-01-07,-0.00270206,100.2133,1,0.032696,219.159565,0.00307885,101.6322,1,0.038215,219.104328
2015-01-08,0.00004571,100.2179,1,0.061789,242.913110,-0.00658411,100.9738,0,0.000000,0.000000
2015-01-09,0.00107148,100.3251,1,0.044282,164.113480,0.01268128,102.2419,0,0.000000,0.000000
2015-01-12,-0.00561685,99.7634,1,0.040965,219.888090,0.01078937,103.3209,0,0.000000,0.000000
2015-01-13,-0.00269671,99.4937,0,0.000000,0.000000,0.00165810,103.4867,1,0.051390,203.420600
2015-01-14,-0.01066276,98.4274,1,0.027306,181.685342,0.01037373,104.5240,1,0.054617,320.940180
2015-01-15,-0.00852014,97.5754,1,0.017584,140.635550,0.00932284,105.4563,1,0.038256,239.960730
2015-01-16,-0.00257785,97.3176,0,0.000000,0.000000,0.00620425,106.0767,1,0.043315,259.027520
2015-01-20,0.00693320,98.0110,1,0.036230,181.999892,-0.00095178,105.9816,0,0.000000,0.000000
2015-01-21,-0.01164961,96.8460,1,0.040331,219.588410,0.00063573,106.0451,1,0.057917,322.054929
2015-01-22,0.00657980,97.5040,1,0.030580,182.469190,-0.00219282,105.8259,1,0.048462,301.528770
2015-01-23,0.00360250,97.8642,1,0.041750,223.804500,0.00001002,105.8269,0,0.000000,0.000000
2015-01-26,-0.00467906,97.3963,1,0.055906,259.762400,-0.00484784,105.3421,1,0.037464,282.316221
2015-01-27,-0.00723151,96.6732,1,0.028341,182.163920,-0.00281445,105.0606,1,0.053575,361.373840
2015-01-28,0.00306346,96.9795,1,0.034244,180.557010,-0.00184216,104.8764,0,0.000000,0.000000
2015-01-29,-0.00264976,96.7145,1,0.030316,200.461110,-0.00377087,104.4993,0,0.000000,0.000000
2015-01-30,-0.00615471,96.0991,0,0.000000,0.000000,-0.01415338,103.0840,1,0.052268,279.910846
2015-02-02,-0.00417449,95.6816,1,0.031359,201.079561,0.00381765,103.4658,0,0.000000,0.000000
2015-02-03,0.00525663,96.2073,0,0.000000,0.000000,0.00425315,103.8911,1,0.067115,299.538821
2015-02-04,0.00292461,96.4997,1,0.057129,304.114027,-0.01880632,102.0104,0,0.000000,0.000000
2015-02-05,0.01152642,97.6524,1,0.046788,280.027870,-0.00830371,101.1801,1,0.065881,382.864719
2015-02-06,-0.00487447,97.1649,1,0.062027,302.432270,-0.01258898,99.9212,1,0.047508,321.833850
2015-02-09,-0.00319402,96.8455,1,0.037152,220.512320,0.00627358,100.5485,1,0.051272,341.563590
2015-02-10,-0.00571767,96.2738,1,0.044787,200.551850,0.00933088,101.4816,1,0.063642,299.843650
2015-02-11,0.00563608,96.8374,1,0.035812,185.246800,-0.00452950,101.0287,0,0.000000,0.000000
2015-02-12,-0.01295761,95.5416,1,0.029751,182.290920,-0.00880357,100.1483,1,0.059317,325.019739
2015-02-13,-0.00958638,94.5830,1,0.033788,180.749630,0.00752005,100.9003,0,0.000000,0.000000
2015-02-17,0.00400573,94.9836,1,0.025837,181.623090,-0.00435214,100.4651,1,0.052584,283.535052
2015-02-18,0.00846915,95.8305,1,0.037955,180.379330,0.00726696,101.1918,1,0.065104,379.936510
2015-02-19,-0.00067472,95.7630,1,0.048722,200.903330,-0.00874369,100.3174,1,0.061229,281.599260
2015-02-20,0.00170934,95.9339,1,0.042986,240.153090,-0.00789608,99.5278,1,0.050238,339.735420
2015-02-23,0.00071247,96.0052,1,0.037543,241.421280,-0.01767567,97.7602,0,0.000000,0.000000
2015-02-24,0.00454009,96.4592,1,0.034231,180.896170,-0.01017079,96.7432,1,0.049309,403.059735
2015-02-25,-0.00390576,96.0686,1,0.052586,221.736000,-0.00126614,96.6166,1,0.055814,341.183730
2015-02-26,-0.00031886,96.0367,1,0.025836,160.756290,-0.01104401,95.5122,1,0.057301,280.383860
2015-02-27,0.00195748,96.2325,1,0.032862,160.635210,-0.00884122,94.6280,1,0.056542,280.299380
2015-03-02,-0.00208094,96.0244,1,0.041194,180.741250,-0.01022690,93.6053,1,0.073640,339.823680
2015-03-03,0.00053471,96.0778,1,0.026069,181.505660,-0.00636063,92.9693,1,0.072143,341.706430
2015-03-04,0.00113319,96.1912,0,0.000000,0.000000,-0.00591761,92.3775,1,0.049091,320.180880
2015-03-05,0.00758868,96.9500,1,0.025972,141.047647,0.00042530,92.4200,1,0.049250,319.900730
2015-03-06,-0.00559157,96.3909,1,0.033147,220.894600,-0.00047867,92.3722,1,0.070707,301.078560
2015-03-09,0.00551765,96.9426,1,0.041315,239.434230,0.00881712,93.2539,0,0.000000,0.000000
2015-03-10,-0.00256857,96.6858,1,0.040207,221.350280,0.00723512,93.9774,1,0.042918,240.440077
2015-03-11,0.00082208,96.7680,0,0.000000,0.000000,-0.01258130,92.7193,0,0.000000,0.000000
2015-03-12,0.00360138,97.1281,1,0.032952,199.679417,-0.00197603,92.5217,1,0.050943,320.001507
2015-03-13,-0.00648010,96.4801,1,0.030220,222.758930,0.00153663,92.6753,0,0.000000,0.000000
2015-03-16,-0.00454732,96.0254,1,0.021542,140.827970,0.00801719,93.4771,1,0.041171,302.002112
2015-03-17,-0.00057636,95.9678,1,0.023106,182.571910,0.00505351,93.9824,0,0.000000,0.000000
2015-03-18,-0.00237078,95.7307,1,0.027528,160.555850,0.01172137,95.1545,1,0.038893,262.221221
2015-03-19,0.00337610,96.0683,1,0.024380,162.525470,0.01020093,96.1746,0,0.000000,0.000000
2015-03-20,0.00628366,96.6967,1,0.031484,200.972410,-0.00882734,95.2919,1,0.034084,243.545919
2015-03-23,0.01000551,97.6972,1,0.043319,262.585170,-0.00103195,95.1887,0,0.000000,0.000000
2015-03-24,0.00097006,97.7942,1,0.033754,240.749010,-0.00186225,95.0025,1,0.046455,321.625824
2015-03-25,-0.00655380,97.1388,0,0.000000,0.000000,0.00862790,95.8653,1,0.049720,299.737930
2015-03-26,0.00046036,97.1849,1,0.024734,180.376295,0.00033408,95.8987,0,0.000000,0.000000
2015-03-27,0.00495107,97.6800,0,0.000000,0.000000,-0.00305073,95.5936,1,0.045133,299.206323
2015-03-30,-0.00040137,97.6398,0,0.000000,0.000000,-0.00016685,95.5769,1,0.056895,341.530340
2015-03-31,0.00727983,98.3678,1,0.047967,302.811132,0.00005834,95.5828,0,0.000000,0.000000
2015-04-01,0.00117595,98.4854,1,0.042655,260.296370,-0.00296550,95.2862,1,0.048450,303.025020
2015-04-02,-0.00089822,98.3956,0,0.000000,0.000000,-0.00189353,95.0969,1,0.055533,319.050500
2015-04-06,0.00488226,98.8838,1,0.038834,239.630255,-0.00210915,94.8859,1,0.042045,262.212340
2015-04-07,0.00509704,99.3935,1,0.038626,181.347860,-0.00932669,93.9533,1,0.049369,301.393430
2015-04-08,0.00132911,99.5264,0,0.000000,0.000000,-0.00028637,93.9246,1,0.054377,339.899540
2015-04-09,-0.00091246,99.4352,1,0.039866,161.005480,-0.00415700,93.5089,1,0.053870,340.955860
2015-04-10,0.00655063,100.0902,1,0.033247,181.110480,0.00140616,93.6495,1,0.049304,301.611190
2015-04-13,0.01480200,101.5704,1,0.029060,180.434130,-0.01106770,92.5428,1,0.048490,360.583700
2015-04-14,-0.00574070,100.9964,0,0.000000,0.000000,0.00419393,92.9622,1,0.057687,319.383380
2015-04-15,-0.00078576,100.9178,1,0.019586,160.902428,0.00363374,93.3255,1,0.056676,301.367080
2015-04-16,-0.00504255,100.4135,1,0.039295,242.141770,-0.00786696,92.5389,1,0.047276,282.788590
2015-04-17,-0.00286225,100.1273,1,0.023775,180.511460,-0.00060460,92.4784,1,0.046690,340.708240
2015-04-20,0.00727694,100.8550,1,0.036506,199.968370,-0.00082655,92.3957,0,0.000000,0.000000
2015-04-21,-0.00414732,100.4403,1,0.033222,201.438760,-0.00309545,92.0862,1,0.060805,339.276184
2015-04-22,0.00405559,100.8458,1,0.025451,159.860190,-0.00586492,91.4997,1,0.057282,301.176040
2015-04-23,-0.00471091,100.3748,1,0.027531,180.805110,-0.00467201,91.0325,1,0.048721,301.198670
2015-04-24,-0.00472043,99.9027,1,0.032153,141.306020,0.00292402,91.3249,1,0.065968,380.601740
2015-04-27,0.00439715,100.3424,1,0.027955,161.349410,-0.01010824,90.3141,1,0.047594,341.234130
2015-04-28,-0.00093644,100.2488,1,0.033594,200.027770,0.01445994,91.7601,1,0.063266,358.913390
2015-04-29,-0.00030877,100.2179,1,0.035027,160.365970,-0.00084450,91.6756,1,0.048370,322.374540
2015-04-30,-0.01646223,98.5717,1,0.047513,201.122510,0.01973046,93.6487,1,0.045744,240.318620
2015-05-01,0.00729920,99.3016,1,0.034630,200.755610,0.00124806,93.7735,0,0.000000,0.000000
2015-05-04,0.00307396,99.6090,1,0.038054,182.435510,0.00595006,94.3685,0,0.000000,0.000000
2015-05-05,-0.00437864,99.1711,1,0.032254,200.830470,-0.00453456,93.9150,1,0.037336,302.680244
2015-05-06,0.00000823,99.1720,1,0.038717,159.889430,0.00288352,94.2034,0,0.000000,0.000000
2015-05-07,0.00215520,99.3875,1,0.034640,180.668500,0.00365455,94.5688,1,0.056715,337.401087
2015-05-08,0.00011692,99.3992,1,0.042718,181.419720,-0.01431154,93.1377,1,0.054834,321.098170
2015-05-11,-0.00424642,98.9745,1,0.031512,183.506170,-0.00903241,92.2344,0,0.000000,0.000000
2015-05-12,-0.00318853,98.6557,1,0.029253,180.871790,-0.00780594,91.4538,1,0.065774,342.954081
2015-05-13,0.00096648,98.7523,1,0.021802,161.416840,0.01233640,92.6875,1,0.043120,320.726520
2015-05-14,0.00482489,99.2348,1,0.065821,221.326530,-0.00442909,92.2446,1,0.043389,301.714160
2015-05-15,0.00292343,99.5272,1,0.050577,182.636730,-0.00780841,91.4637,0,0.000000,0.000000
2015-05-18,-0.00009622,99.5175,1,0.029862,180.151940,-0.00319992,91.1437,1,0.063742,363.197096
2015-05-19,-0.00575310,98.9422,1,0.025660,161.437060,0.00458348,91.6021,1,0.064462,321.577470
2015-05-20,0.00409972,99.3522,1,0.023668,180.883270,0.00466034,92.0681,1,0.043486,300.915550
2015-05-21,-0.01536119,97.8161,1,0.028709,200.060300,-0.00035301,92.0328,1,0.047191,320.687460
2015-05-22,0.00898993,98.7151,1,0.034507,201.554550,-0.02182796,89.8500,1,0.058946,320.113890
2015-05-26,0.00204153,98.9192,1,0.026807,180.814280,-0.00130145,89.7199,1,0.059335,361.188830
2015-05-27,-0.00070562,98.8487,1,0.045612,239.345480,0.00540104,90.2600,0,0.000000,0.000000
2015-05-28,0.00523361,99.3720,1,0.052639,222.757790,0.00178749,90.4387,0,0.000000,0.000000
2015-05-29,-0.02166320,97.2057,1,0.047470,220.529460,0.00215562,90.6543,1,0.056778,318.633928
2015-06-01,0.00089399,97.2951,1,0.049971,222.152210,0.00316749,90.9710,1,0.051851,279.576960
2015-06-02,0.00123974,97.4191,1,0.039256,220.696270,-0.00424577,90.5465,1,0.038267,261.166880
2015-06-03,-0.00121837,97.2972,1,0.049157,261.094450,0.02321772,92.8682,1,0.060148,360.620290
2015-06-04,-0.00658596,96.6386,1,0.021606,161.299280,-0.00281519,92.5867,1,0.021309,142.436840
2015-06-05,0.00213315,96.8520,1,0.042945,240.288710,0.01392333,93.9791,0,0.000000,0.000000
2015-06-08,0.00240998,97.0930,1,0.028612,180.809960,-0.00588511,93.3905,1,0.029101,201.000552
2015-06-09,-0.00333071,96.7599,1,0.030241,180.002650,0.00679147,94.0697,0,0.000000,0.000000
2015-06-10,-0.00171797,96.5881,1,0.027637,180.421090,0.00214156,94.2838,1,0.036784,259.889190
2015-06-11,-0.00143811,96.4443,1,0.021371,141.996040,-0.00835818,93.4480,0,0.000000,0.000000
2015-06-12,-0.00156382,96.2879,1,0.017262,141.608280,-0.00626940,92.8211,1,0.058620,383.128947
2015-06-15,0.00727638,97.0155,1,0.028442,220.237400,0.00375843,93.1969,0,0.000000,0.000000
2015-06-16,0.00227545,97.2431,1,0.029845,199.420860,0.00404769,93.6017,0,0.000000,0.000000
2015-06-17,-0.00033966,97.2091,1,0.031196,161.595870,0.00206191,93.8079,1,0.045429,319.942421
2015-06-18,-0.00805179,96.4039,1,0.060569,200.739150,0.00893872,94.7018,1,0.061138,280.667680
2015-06-19,-0.00334582,96.0694,1,0.058682,201.521630,-0.00504654,94.1971,0,0.000000,0.000000
2015-06-22,-0.00110240,95.9591,1,0.032500,220.619480,-0.00265219,93.9319,1,0.043809,321.212968
2015-06-23,-0.00409470,95.5496,1,0.026450,180.794640,0.00806646,94.7385,1,0.032594,240.487850
2015-06-24,0.00590075,96.1397,1,0.022255,180.531400,0.00485854,95.2244,1,0.024556,221.144460
2015-06-25,-0.00053123,96.0866,1,0.041203,259.711530,0.00168224,95.3926,0,0.000000,0.000000
2015-06-26,-0.00297016,95.7896,1,0.036976,221.825960,-0.00359835,95.0328,1,0.045695,298.982350
2015-06-29,0.00576433,96.3660,1,0.024737,160.762980,-0.00191054,94.8417,1,0.050374,340.455840
2015-06-30,-0.00805762,95.5602,1,0.039172,278.861090,-0.00506373,94.3353,0,0.000000,0.000000
2015-07-01,-0.00375525,95.1847,0,0.000000,0.000000,-0.00258157,94.0772,1,0.060847,357.898613
2015-07-02,0.00807713,95.9924,1,0.042617,263.199920,0.00351155,94.4283,1,0.055105,342.146410
2015-07-06,-0.00959139,95.0333,0,0.000000,0.000000,0.00297940,94.7263,1,0.052900,299.941700
2015-07-07,0.00221246,95.2545,1,0.029724,161.823682,0.00339460,95.0657,1,0.042290,300.766280
2015-07-08,-0.00649000,94.6055,1,0.022510,140.466670,0.00183639,95.2494,1,0.052921,321.175850
2015-07-09,0.00170383,94.7759,1,0.059487,219.470910,-0.00814011,94.4354,0,0.000000,0.000000
2015-07-10,0.00025745,94.8017,1,0.041695,240.441270,0.00286951,94.7223,1,0.056509,338.600517
2015-07-13,0.00474669,95.2763,1,0.032611,162.555720,0.00654723,95.3770,0,0.000000,0.000000
2015-07-14,0.00893822,96.1702,1,0.034388,182.000780,-0.00485037,94.8920,0,0.000000,0.000000
2015-07-15,-0.00468644,95.7015,1,0.036134,200.988750,-0.00233263,94.6587,1,0.050323,344.776306
2015-07-16,-0.00338192,95.3633,1,0.043842,200.152310,-0.00062464,94.5963,1,0.058654,319.120660
2015-07-17,-0.00525874,94.8375,1,0.022654,141.830590,0.00278292,94.8746,1,0.054928,341.049490
2015-07-20,-0.00767569,94.0699,1,0.028699,160.374760,0.01112232,95.9868,1,0.046838,280.195900
2015-07-21,0.00489871,94.5598,1,0.028039,161.323130,-0.00972034,95.0148,1,0.044244,261.868130
2015-07-22,0.00883346,95.4431,1,0.036874,141.230130,-0.00253153,94.7616,1,0.071973,360.394930
2015-07-23,-0.00028889,95.4142,1,0.040789,202.318680,-0.00326136,94.4355,1,0.057716,300.991320
2015-07-24,-0.00580596,94.8336,0,0.000000,0.000000,-0.01425324,93.0102,1,0.050634,300.936060
2015-07-27,0.00502551,95.3362,1,0.027399,160.446055,-0.00764674,92.2455,0,0.000000,0.000000
2015-07-28,0.01312177,96.6483,0,0.000000,0.000000,-0.00005625,92.2399,1,0.059985,377.020130
2015-07-29,0.00178384,96.8267,1,0.051146,282.272994,0.00017562,92.2574,0,0.000000,0.000000
2015-07-30,-0.01235084,95.5916,1,0.033734,161.516650,-0.00436592,91.8208,0,0.000000,0.000000
2015-07-31,0.01171889,96.7635,1,0.018631,122.311310,-0.00786665,91.0342,1,0.063975,364.377877
2015-08-03,-0.01511518,95.2520,1,0.037808,102.441560,0.00842629,91.8768,1,0.073171,322.109750
2015-08-04,-0.00861552,94.3905,1,0.029902,141.453810,-0.00270539,91.6063,1,0.050009,280.765060
2015-08-05,-0.00251601,94.1389,1,0.024991,161.180950,0.00674558,92.2808,1,0.043182,320.431510
2015-08-06,-0.00539971,93.5989,1,0.028171,142.930210,-0.00571143,91.7097,1,0.047273,262.810280
2015-08-07,-0.00127709,93.4712,1,0.027279,180.281760,0.00115197,91.8249,1,0.057243,359.407590
2015-08-10,0.00957239,94.4284,1,0.025351,161.540830,-0.00975421,90.8494,1,0.044801,281.033800
2015-08-11,-0.00970127,93.4583,1,0.042987,202.443270,-0.02388376,88.4611,0,0.000000,0.000000
2015-08-12,-0.00912728,92.5456,1,0.050548,220.345140,0.01446114,89.9072,1,0.051476,278.178915
2015-08-13,0.00280134,92.8257,1,0.016276,101.832260,-0.00712230,89.1950,1,0.035120,203.028150
2015-08-14,-0.00040938,92.7848,1,0.038808,200.927550,0.00012200,89.2072,1,0.066750,340.785650
2015-08-17,0.00014638,92.7994,1,0.050552,181.753250,0.00362967,89.5701,0,0.000000,0.000000
2015-08-18,-0.00778905,92.0205,1,0.027155,122.080330,-0.00588270,88.9819,1,0.061400,303.468761
2015-08-19,-0.00172397,91.8481,1,0.025887,141.303510,-0.00017257,88.9646,1,0.066897,358.907710
2015-08-20,-0.00148810,91.6993,1,0.025560,140.257710,0.00071522,89.0361,1,0.048798,299.886360
2015-08-21,-0.00014378,91.6849,1,0.032078,161.396470,-0.00278422,88.7577,0,0.000000,0.000000
2015-08-24,-0.00669295,91.0156,1,0.039675,220.307400,0.01112191,89.8699,0,0.000000,0.000000
2015-08-25,-0.00824462,90.1912,1,0.039802,162.421400,0.00206809,90.0767,0,0.000000,0.000000
2015-08-26,0.00471575,90.6627,1,0.033865,161.771920,-0.00724185,89.3525,0,0.000000,0.000000
2015-08-27,-0.00278866,90.3839,1,0.055236,305.395860,-0.01879141,87.4734,0,0.000000,0.000000
2015-08-28,0.00175471,90.5593,1,0.027119,144.546650,-0.00703434,86.7699,0,0.000000,0.000000
2015-08-31,-0.00350596,90.2087,1,0.038266,221.005190,0.00488758,87.2587,1,0.069572,392.287253
2015-09-01,-0.00901825,89.3069,1,0.024825,160.319310,-0.00580339,86.6784,0,0.000000,0.000000
2015-09-02,0.00040160,89.3471,1,0.053500,238.493140,-0.00496763,86.1816,0,0.000000,0.000000
2015-09-03,-0.00329707,89.0174,1,0.061947,364.103880,0.00989577,87.1712,0,0.000000,0.000000
2015-09-04,-0.00179882,88.8375,1,0.041742,180.800420,-0.00213806,86.9574,1,0.055236,297.613705
2015-09-08,0.01085372,89.9229,1,0.055158,258.862520,0.00540984,87.4983,0,0.000000,0.000000
2015-09-09,0.00191536,90.1144,1,0.077914,365.908270,-0.00389480,87.1089,0,0.000000,0.000000
2015-09-10,-0.00334916,89.7795,1,0.075456,337.958230,0.00098502,87.2074,0,0.000000,0.000000
2015-09-11,-0.00403279,89.3762,1,0.050289,261.582120,0.00103125,87.3105,1,0.055125,280.568861
2015-09-14,-0.00320305,89.0559,1,0.031625,161.445910,0.00306453,87.6169,1,0.055257,301.987510
2015-09-15,0.00482818,89.5387,1,0.032092,200.501120,-0.00979349,86.6376,1,0.049189,300.275570
2015-09-16,0.00634864,90.1736,1,0.033496,221.870730,-0.01193042,85.4446,0,0.000000,0.000000
2015-09-17,0.01499188,91.6728,1,0.020492,142.284860,-0.00304967,85.1396,0,0.000000,0.000000
2015-09-18,0.00125682,91.7984,1,0.045768,259.746540,0.00821157,85.9607,1,0.054883,324.805566
2015-09-21,0.00292089,92.0905,0,0.000000,0.000000,-0.00091148,85.8696,0,0.000000,0.000000
2015-09-22,-0.00399291,91.6912,1,0.045031,259.083974,0.00784846,86.6544,1,0.061834,318.653712
2015-09-23,-0.00680000,91.0112,1,0.047730,259.273160,0.00568704,87.2231,0,0.000000,0.000000
2015-09-24,0.00959279,91.9705,1,0.036491,220.852830,-0.00828440,86.3947,1,0.054490,337.685636
2015-09-25,0.00227665,92.1982,1,0.035535,180.663170,0.01697995,88.0927,1,0.054055,340.298990
2015-09-28,0.00838110,93.0363,1,0.038290,200.569880,0.02294274,90.3870,1,0.049336,281.791590
2015-09-29,-0.00719341,92.3170,1,0.077921,376.012720,0.00915762,91.3027,0,0.000000,0.000000
2015-09-30,0.00261858,92.5788,1,0.077312,321.290740,-0.00491531,90.8112,1,0.067101,318.735549
2015-10-01,-0.00753486,91.8253,1,0.039076,243.876350,-0.00377808,90.4334,0,0.000000,0.000000
2015-10-02,0.01752720,93.5780,1,0.036420,200.649730,-0.01988487,88.4449,1,0.047377,323.550118
2015-10-05,-0.00680556,92.8975,1,0.048216,263.163080,-0.00705325,87.7396,0,0.000000,0.000000
2015-10-06,-0.01903516,90.9940,1,0.038316,184.487140,-0.01230437,86.5092,0,0.000000,0.000000
2015-10-07,0.01142827,92.1368,1,0.038593,181.581080,-0.00592405,85.9167,1,0.052355,388.121880
2015-10-08,-0.00515229,91.6216,1,0.040259,202.787860,0.01517369,87.4341,0,0.000000,0.000000
2015-10-09,-0.00020983,91.6006,1,0.037343,182.348910,-0.01288420,86.1457,0,0.000000,0.000000
2015-10-12,0.00582709,92.1833,1,0.029471,141.512900,0.00487630,86.6333,1,0.060600,364.250253
2015-10-13,0.00004831,92.1881,1,0.026849,161.418880,0.00497431,87.1308,1,0.048869,281.385390
2015-10-14,-0.00155256,92.0329,1,0.034766,220.048260,-0.01927488,85.2033,0,0.000000,0.000000
2015-10-15,0.00429887,92.4628,1,0.037613,181.526470,-0.00609222,84.5940,1,0.067212,360.398166
2015-10-16,0.00613119,93.0759,1,0.051941,242.353920,-0.01238921,83.3551,0,0.000000,0.000000
2015-10-19,0.01281529,94.3574,1,0.041401,199.852300,0.00549251,83.9044,1,0.069079,382.911361
2015-10-20,0.00165989,94.5234,0,0.000000,0.000000,-0.00624119,83.2803,1,0.035819,281.342450
2015-10-21,0.01037458,95.5609,1,0.029092,182.218890,0.00263638,83.5439,1,0.065512,340.493320
2015-10-22,0.00727208,96.2881,0,0.000000,0.000000,0.01601527,85.1454,1,0.064313,259.743310
2015-10-23,-0.00437476,95.8506,1,0.052986,221.494275,-0.00312754,84.8327,1,0.057044,283.972660
2015-10-26,0.00136590,95.9872,1,0.023420,164.284850,-0.00433236,84.3994,1,0.049446,343.499090
2015-10-27,-0.00622298,95.3649,1,0.044238,240.255970,0.00660438,85.0599,1,0.049162,280.735350
2015-10-28,-0.00465811,94.8991,1,0.035361,221.577120,-0.00766098,84.2938,1,0.040818,281.057160
2015-10-29,0.00232084,95.1312,1,0.031086,201.272210,0.00143287,84.4371,0,0.000000,0.000000
2015-10-30,-0.00226908,94.9042,1,0.043888,240.606510,-0.00829803,83.6073,1,0.049863,304.659967
2015-11-02,-0.00095755,94.8085,1,0.046755,222.265080,-0.00533598,83.0737,1,0.065768,341.762520
2015-11-03,0.00528822,95.3373,1,0.043718,203.110760,-0.00404793,82.6689,0,0.000000,0.000000
2015-11-04,0.01452821,96.7901,1,0.055179,280.686040,-0.01089325,81.5795,1,0.070135,362.374924
2015-11-05,0.01140878,97.9310,1,0.051092,260.968220,0.00096359,81.6759,1,0.057831,359.868630
2015-11-06,-0.01211501,96.7195,1,0.048081,222.794790,0.00993649,82.6695,1,0.060761,340.747090
2015-11-09,0.00472153,97.1917,1,0.045917,181.354460,-0.00034878,82.6347,1,0.052588,302.084490
2015-11-10,0.01526009,98.7177,1,0.040221,220.403830,-0.02026247,80.6084,0,0.000000,0.000000
2015-11-11,-0.00353375,98.3643,1,0.044315,241.353050,0.01498029,82.1065,1,0.070411,398.429066
2015-11-12,-0.00340059,98.0242,1,0.034049,198.755420,-0.00078129,82.0283,1,0.042459,222.147320
2015-11-13,-0.00592186,97.4321,0,0.000000,0.000000,-0.00200797,81.8275,0,0.000000,0.000000
2015-11-16,0.00212626,97.6447,0,0.000000,0.000000,0.00281973,82.1095,1,0.061617,298.460792
2015-11-17,0.00785889,98.4306,1,0.033601,219.517631,-0.01098099,81.0114,0,0.000000,0.000000
2015-11-18,-0.01213942,97.2166,1,0.031942,160.358730,0.00491808,81.5032,1,0.053942,322.937329
2015-11-19,-0.01320138,95.8965,1,0.022598,144.033560,-0.01269182,80.2340,0,0.000000,0.000000
2015-11-20,-0.01005261,94.8912,1,0.031641,179.719860,-0.00251053,79.9830,1,0.058873,363.594019
2015-11-23,-0.01014411,93.8768,1,0.043921,202.263400,0.00734342,80.7173,1,0.049138,322.549600
2015-11-24,-0.00265417,93.6114,1,0.022617,121.513570,0.00376446,81.0938,1,0.041824,281.590200
2015-11-25,-0.00184337,93.4271,1,0.020877,141.322640,-0.00326736,80.7670,1,0.048366,280.866870
2015-11-27,0.00889298,94.3164,1,0.030662,141.228120,-0.00310103,80.4569,1,0.049553,280.525950
2015-11-30,0.00784336,95.1007,1,0.049314,201.473740,-0.00950931,79.5060,1,0.076131,340.979650
2015-12-01,0.00435449,95.5361,1,0.042741,220.912190,-0.00724719,78.7813,1,0.047639,339.912500
2015-12-02,-0.00666027,94.8701,1,0.047737,241.725010,0.01228998,80.0103,0,0.000000,0.000000
2015-12-03,0.00328251,95.1984,0,0.000000,0.000000,0.01111041,81.1213,0,0.000000,0.000000
2015-12-04,-0.00179323,95.0190,1,0.041993,240.423205,0.00108983,81.2303,0,0.000000,0.000000
2015-12-07,-0.00792797,94.2262,1,0.043357,283.314950,0.00882738,82.1130,0,0.000000,0.000000
2015-12-08,0.02776770,97.0030,0,0.000000,0.000000,-0.01658957,80.4541,0,0.000000,0.000000
2015-12-09,0.01185195,98.1882,0,0.000000,0.000000,0.00145455,80.5995,1,0.078045,376.133121
2015-12-10,-0.00030311,98.1579,0,0.000000,0.000000,-0.00050866,80.5487,0,0.000000,0.000000
2015-12-11,-0.00506225,97.6517,0,0.000000,0.000000,-0.01974947,78.5737,1,0.045627,298.682142
2015-12-14,-0.01506626,96.1451,0,0.000000,0.000000,-0.00536695,78.0370,0,0.000000,0.000000
2015-12-15,-0.01540705,94.6043,0,0.000000,0.000000,-0.00162078,77.8749,1,0.069338,317.281143
2015-12-16,-0.00362989,94.2414,1,0.041049,180.075306,0.00689716,78.5647,1,0.058384,342.366640
2015-12-17,0.00746602,94.9880,1,0.014858,83.501140,-0.00373427,78.1912,0,0.000000,0.000000
2015-12-18,0.00424027,95.4120,0,0.000000,0.000000,-0.00084138,78.1071,0,0.000000,0.000000
2015-12-21,0.00187439,95.5994,1,0.043561,220.299780,-0.00089493,78.0176,0,0.000000,0.000000
2015-12-22,0.00839956,96.4394,1,0.040444,242.428360,0.00057020,78.0746,0,0.000000,0.000000
2015-12-23,-0.00215048,96.2243,1,0.042388,222.153100,0.00188384,78.2630,0,0.000000,0.000000
2015-12-24,0.00405739,96.6301,1,0.035411,202.982360,-0.00441443,77.8216,0,0.000000,0.000000
2015-12-28,-0.00770416,95.8597,1,0.063896,240.893130,0.00591311,78.4129,1,0.098029,384.099107
2015-12-29,-0.00148221,95.7114,1,0.033791,200.541920,-0.00798528,77.6143,1,0.044868,240.900800
2015-12-30,0.00530852,96.2423,1,0.047648,241.610030,0.01089234,78.7036,0,0.000000,0.000000
2015-12-31,-0.00400206,95.8421,1,0.042706,200.435060,-0.01250975,77.4526,0,0.000000,0.000000
2016-01-04,-0.00739467,95.1026,1,0.030957,220.002000,-0.00384232,77.0684,0,0.000000,0.000000
2016-01-05,-0.00293938,94.8087,1,0.026038,161.380670,0.01399224,78.4676,0,0.000000,0.000000
2016-01-06,-0.00173538,94.6351,1,0.034688,201.425800,0.01740961,80.2086,1,0.046599,240.090391
2016-01-07,-0.01677466,92.9577,0,0.000000,0.000000,-0.00602553,79.6060,0,0.000000,0.000000
2016-01-08,-0.00520637,92.4370,1,0.040127,237.959501,0.00155627,79.7616,0,0.000000,0.000000
2016-01-11,-0.00927707,91.5093,0,0.000000,0.000000,-0.01283494,78.4781,1,0.040374,257.275273
2016-01-12,0.00211311,91.7206,1,0.037509,200.989950,-0.00230411,78.2477,1,0.056701,359.670220
2016-01-13,-0.00916363,90.8043,0,0.000000,0.000000,-0.01985402,76.2623,1,0.059522,341.496450
2016-01-14,0.00554047,91.3583,1,0.030543,159.854044,-0.00675557,75.5868,0,0.000000,0.000000
2016-01-15,-0.01369304,89.9890,0,0.000000,0.000000,-0.00265702,75.3211,0,0.000000,0.000000
2016-01-19,-0.01606042,88.3830,0,0.000000,0.000000,0.00298653,75.6197,0,0.000000,0.000000
2016-01-20,-0.00056183,88.3268,0,0.000000,0.000000,0.00149999,75.7697,1,0.065131,280.424656
2016-01-21,-0.00154009,88.1728,0,0.000000,0.000000,0.01180201,76.9499,1,0.080559,339.193310
2016-01-22,-0.00400351,87.7724,1,0.036111,204.395998,-0.00080079,76.8698,1,0.042529,301.717660
2016-01-25,-0.01039319,86.7331,1,0.027849,143.891320,0.00859036,77.7289,0,0.000000,0.000000
2016-01-26,0.01576247,88.3094,1,0.046103,258.518850,0.01322023,79.0509,0,0.000000,0.000000
2016-01-27,0.00501652,88.8110,0,0.000000,0.000000,0.00042555,79.0935,0,0.000000,0.000000
2016-01-28,-0.00417839,88.3932,1,0.032499,164.605024,0.01429133,80.5226,1,0.064657,302.537263
2016-01-29,-0.00256651,88.1365,0,0.000000,0.000000,-0.00651860,79.8707,1,0.049740,281.049110
2016-02-01,0.00030761,88.1673,1,0.037049,207.701115,-0.00897215,78.9735,0,0.000000,0.000000
2016-02-02,-0.00445336,87.7219,0,0.000000,0.000000,0.00852174,79.8257,1,0.070056,386.668927
2016-02-03,-0.00999727,86.7222,0,0.000000,0.000000,-0.01365142,78.4605,0,0.000000,0.000000
2016-02-04,0.04044753,90.7670,1,0.031997,161.708963,-0.02440024,76.0205,1,0.066434,379.253670
2016-02-05,-0.01323850,89.4431,0,0.000000,0.000000,-0.01814762,74.2058,1,0.060232,358.963370
2016-02-08,-0.01039326,88.4038,0,0.000000,0.000000,0.02793718,76.9995,1,0.062672,356.924990
2016-02-09,0.00714367,89.1182,0,0.000000,0.000000,-0.02101466,74.8980,1,0.040456,259.712770
2016-02-10,0.01582061,90.7002,0,0.000000,0.000000,-0.00435565,74.4624,1,0.074415,361.743030
2016-02-11,0.00130607,90.8308,0,0.000000,0.000000,-0.00478050,73.9844,1,0.071280,362.563230
2016-02-12,-0.00381852,90.4490,0,0.000000,0.000000,0.00468504,74.4529,0,0.000000,0.000000
2016-02-16,0.00226781,90.6758,1,0.044039,220.411273,0.00588051,75.0409,0,0.000000,0.000000
2016-02-17,0.00564463,91.2402,0,0.000000,0.000000,0.01894543,76.9355,0,0.000000,0.000000
2016-02-18,0.00149227,91.3895,1,0.025543,149.859977,-0.00188189,76.7473,0,0.000000,0.000000
2016-02-19,0.00264642,91.6541,0,0.000000,0.000000,0.00590149,77.3375,1,0.056851,307.732916
2016-02-22,-0.00012765,91.6413,1,0.029665,220.171220,-0.00896177,76.4413,1,0.062427,321.422280
2016-02-23,0.00049394,91.6907,0,0.000000,0.000000,-0.00642014,75.7993,0,0.000000,0.000000
2016-02-24,0.01450516,93.1412,1,0.040264,162.270593,0.00580438,76.3797,1,0.068502,342.229174
2016-02-25,-0.00489591,92.6516,1,0.041551,182.644720,-0.02955425,73.4243,1,0.045835,262.726400
2016-02-26,0.01350586,94.0022,0,0.000000,0.000000,0.01453454,74.8777,0,0.000000,0.000000
2016-02-29,-0.00681688,93.3205,0,0.000000,0.000000,-0.01104298,73.7734,1,0.050898,241.731380
2016-03-01,0.00661131,93.9817,1,0.046589,261.150980,-0.00829136,72.9443,1,0.057186,358.291520
2016-03-02,0.01240652,95.2223,0,0.000000,0.000000,0.00979517,73.9238,0,0.000000,0.000000
2016-03-03,-0.00647326,94.5750,0,0.000000,0.000000,0.00009002,73.9328,1,0.055218,288.206191
2016-03-04,0.00079199,94.6542,0,0.000000,0.000000,-0.00150550,73.7823,1,0.050490,301.619460
2016-03-07,-0.00162549,94.4917,0,0.000000,0.000000,-0.01786269,71.9960,1,0.058479,320.631800
2016-03-08,0.00318935,94.8106,1,0.049425,252.320151,-0.01972366,70.0236,1,0.080296,322.971670
2016-03-09,-0.00238474,94.5721,1,0.034054,240.099820,0.00828566,70.8522,0,0.000000,0.000000
2016-03-10,0.00806885,95.3790,1,0.047075,281.740580,-0.00918381,69.9338,1,0.046391,219.882592
2016-03-11,0.00333356,95.7124,1,0.032154,201.040480,-0.01080651,68.8532,1,0.057541,300.999810
2016-03-14,-0.00414444,95.2979,1,0.028134,183.989230,0.00472498,69.3257,0,0.000000,0.000000
2016-03-15,0.00058281,95.3562,0,0.000000,0.000000,0.00457116,69.7828,1,0.042544,263.574435
2016-03-16,0.00798465,96.1547,0,0.000000,0.000000,-0.00805631,68.9771,1,0.054981,280.708320
2016-03-17,-0.01698960,94.4557,1,0.040620,221.349380,-0.00883024,68.0941,1,0.073214,362.563290
2016-03-18,0.01581429,96.0371,0,0.000000,0.000000,-0.01176177,66.9179,1,0.060737,320.835290
2016-03-21,0.00258298,96.2954,0,0.000000,0.000000,-0.00136348,66.7816,1,0.068648,361.195620
2016-03-22,0.00312455,96.6079,1,0.036295,223.747267,0.00022911,66.8045,1,0.060159,340.202460
2016-03-23,-0.00056256,96.5516,1,0.029236,160.299370,-0.00848435,65.9561,1,0.048355,300.819930
2016-03-24,0.00306434,96.8581,0,0.000000,0.000000,0.00231567,66.1876,1,0.053793,339.092180
2016-03-28,0.00022263,96.8803,0,0.000000,0.000000,-0.00291102,65.8965,1,0.061152,300.337620
2016-03-29,0.00402392,97.2827,0,0.000000,0.000000,0.00648351,66.5449,1,0.085309,360.451650
2016-03-30,0.00169099,97.4518,1,0.030141,183.169366,-0.00006239,66.5386,0,0.000000,0.000000
2016-03-31,0.00136427,97.5882,0,0.000000,0.000000,-0.01456698,65.0820,1,0.067158,323.161946
2016-04-01,0.00182621,97.7709,1,0.036829,199.876359,-0.00839549,64.2424,1,0.069129,360.386380
2016-04-04,0.00263072,98.0339,0,0.000000,0.000000,-0.00718777,63.5236,0,0.000000,0.000000
2016-04-05,0.00176170,98.2101,0,0.000000,0.000000,0.00127676,63.6513,0,0.000000,0.000000
2016-04-06,-0.00352065,97.8580,0,0.000000,0.000000,0.00080776,63.7321,0,0.000000,0.000000
2016-04-07,-0.01065728,96.7923,0,0.000000,0.000000,0.00846460,64.5785,0,0.000000,0.000000
2016-04-08,0.00246778,97.0391,0,0.000000,0.000000,0.00675623,65.2542,0,0.000000,0.000000
2016-04-11,0.00956325,97.9954,1,0.047325,241.302843,0.00056649,65.3108,1,0.053421,259.835981
2016-04-12,-0.00900977,97.0944,0,0.000000,0.000000,-0.01196900,64.1139,1,0.054320,280.425850
2016-04-13,0.01648861,98.7433,0,0.000000,0.000000,0.02385083,66.4990,0,0.000000,0.000000
2016-04-14,-0.00028279,98.7150,0,0.000000,0.000000,0.00361712,66.8607,1,0.035418,225.614425
2016-04-15,-0.00159830,98.5552,1,0.031640,224.059531,0.00135757,66.9965,1,0.041403,279.895750
2016-04-18,0.00076197,98.6314,1,0.030023,141.275950,0.00056772,67.0532,1,0.048138,281.505620
2016-04-19,-0.00917608,97.7138,0,0.000000,0.000000,0.00334344,67.3876,0,0.000000,0.000000
2016-04-20,0.00154832,97.8686,0,0.000000,0.000000,-0.00383625,67.0040,1,0.043305,262.632102
2016-04-21,0.00473637,98.3422,1,0.021453,163.497420,0.01489500,68.4935,1,0.047440,321.369000
2016-04-22,-0.00438715,97.9035,1,0.023965,159.293830,-0.00056118,68.4373,1,0.043908,260.839020
2016-04-25,-0.00383269,97.5203,1,0.022929,141.885610,-0.00406162,68.0312,1,0.055742,341.448950
2016-04-26,-0.00184059,97.3362,0,0.000000,0.000000,-0.01029745,67.0014,1,0.044865,279.712860
2016-04-27,-0.00333701,97.0025,1,0.013391,101.458424,-0.01054075,65.9474,0,0.000000,0.000000
2016-04-28,-0.00497976,96.5045,1,0.021726,101.169090,-0.00109578,65.8378,1,0.068428,362.778523
2016-04-29,-0.01784071,94.7205,1,0.044521,239.517590,0.00323309,66.1611,1,0.058091,299.003710
2016-05-02,-0.01321062,93.3994,1,0.025422,142.924830,0.00529344,66.6904,0,0.000000,0.000000
2016-05-03,-0.00337718,93.0617,1,0.026138,162.845000,0.00710304,67.4007,0,0.000000,0.000000
2016-05-04,-0.00329752,92.7319,0,0.000000,0.000000,0.00759953,68.1607,1,0.071357,338.362907
2016-05-05,-0.00400395,92.3315,0,0.000000,0.000000,0.00005657,68.1663,1,0.045063,280.885110
2016-05-06,-0.00247757,92.0838,1,0.011247,83.107190,0.00550267,68.7166,1,0.066953,361.044440
2016-05-09,-0.00152509,91.9313,0,0.000000,0.000000,-0.00914229,67.8024,1,0.061679,301.651740
2016-05-10,-0.00721360,91.2099,0,0.000000,0.000000,0.00448048,68.2504,1,0.071232,360.696590
2016-05-11,-0.00045826,91.1641,1,0.032076,164.921268,-0.00746406,67.5040,0,0.000000,0.000000
2016-05-12,0.00120411,91.2845,0,0.000000,0.000000,-0.00871623,66.6324,1,0.059443,359.091893
2016-05-13,0.00416380,91.7009,0,0.000000,0.000000,-0.00841436,65.7910,1,0.053516,319.864380
2016-05-16,-0.00129254,91.5716,0,0.000000,0.000000,-0.00747405,65.0436,0,0.000000,0.000000
2016-05-17,0.00186426,91.7580,0,0.000000,0.000000,0.00328455,65.3720,0,0.000000,0.000000
2016-05-18,-0.00160355,91.5977,0,0.000000,0.000000,0.00851446,66.2235,1,0.060524,300.478417
2016-05-19,-0.00287478,91.3102,0,0.000000,0.000000,-0.01994808,64.2286,1,0.034158,240.600530
2016-05-20,0.01061530,92.3717,0,0.000000,0.000000,-0.01309467,62.9192,1,0.067337,379.399270
2016-05-23,0.00711605,93.0833,0,0.000000,0.000000,-0.00379458,62.5397,0,0.000000,0.000000
2016-05-24,0.00789947,93.8733,0,0.000000,0.000000,-0.00999415,61.5403,1,0.059485,361.484915
2016-05-25,-0.00379393,93.4939,0,0.000000,0.000000,0.01242023,62.7823,0,0.000000,0.000000
2016-05-26,0.00156245,93.6501,0,0.000000,0.000000,-0.00549874,62.2325,1,0.040614,284.525433
2016-05-27,0.00451827,94.1020,0,0.000000,0.000000,-0.00565701,61.6668,1,0.055321,340.085020
2016-05-31,0.00601645,94.7036,0,0.000000,0.000000,0.00071863,61.7386,0,0.000000,0.000000
2016-06-01,0.00542986,95.2466,0,0.000000,0.000000,-0.00922478,60.8161,1,0.053898,342.009783
2016-06-02,0.00310871,95.5575,0,0.000000,0.000000,0.00871686,61.6878,1,0.059174,320.721420
2016-06-03,0.00934106,96.4916,0,0.000000,0.000000,-0.00875713,60.8121,1,0.045413,261.573060
2016-06-06,0.00567278,97.0589,0,0.000000,0.000000,-0.00239108,60.5730,1,0.039318,319.701320
2016-06-07,0.00941267,98.0001,1,0.043733,308.438274,-0.00710339,59.8627,1,0.053029,321.620630
2016-06-08,0.00020717,98.0208,0,0.000000,0.000000,-0.00090844,59.7718,1,0.059864,381.374930
2016-06-09,-0.01041296,96.9795,0,0.000000,0.000000,-0.01148995,58.6228,1,0.047845,280.617060
2016-06-10,-0.00232159,96.7474,1,0.030659,183.186763,0.00110920,58.7337,1,0.050260,361.029630
2016-06-13,-0.00381747,96.3656,1,0.021637,180.429560,0.00489828,59.2236,0,0.000000,0.000000
2016-06-14,-0.01507923,94.8577,0,0.000000,0.000000,0.00422625,59.6462,0,0.000000,0.000000
2016-06-15,0.00377393,95.2351,1,0.025597,180.667842,-0.01053892,58.5923,1,0.038472,257.360512
2016-06-16,-0.00944340,94.2908,1,0.024660,161.312810,0.00310396,58.9027,1,0.053884,340.627760
2016-06-17,-0.00176070,94.1147,0,0.000000,0.000000,-0.00501505,58.4012,1,0.050715,321.034180
2016-06-20,0.01500226,95.6149,1,0.023424,161.885193,-0.01356860,57.0443,1,0.062500,340.983770
2016-06-21,-0.00465045,95.1499,1,0.023125,142.452930,0.01103279,58.1476,0,0.000000,0.000000
2016-06-22,0.00723867,95.8737,0,0.000000,0.000000,-0.00709669,57.4379,1,0.059089,223.861757
2016-06-23,0.00828251,96.7020,0,0.000000,0.000000,0.00663466,58.1014,1,0.065924,360.219200
2016-06-24,-0.01820095,94.8819,0,0.000000,0.000000,-0.00543743,57.5577,0,0.000000,0.000000
2016-06-27,-0.04961497,89.9204,1,0.053257,316.499643,-0.01363435,56.1942,0,0.000000,0.000000
2016-06-28,0.01056707,90.9771,1,0.019343,145.235880,-0.01027347,55.1669,0,0.000000,0.000000
2016-06-29,0.00265058,91.2422,0,0.000000,0.000000,0.00584874,55.7518,0,0.000000,0.000000
2016-06-30,-0.00116127,91.1260,0,0.000000,0.000000,0.00236333,55.9881,0,0.000000,0.000000
2016-07-01,-0.00275417,90.8506,0,0.000000,0.000000,0.00295904,56.2840,0,0.000000,0.000000
2016-07-05,-0.03540630,87.3100,0,0.000000,0.000000,0.00153788,56.4378,1,0.051392,319.124042
2016-07-06,-0.01081007,86.2290,1,0.031117,227.472362,-0.00381467,56.0563,1,0.049577,320.138560
2016-07-07,-0.01130931,85.0981,0,0.000000,0.000000,-0.00438021,55.6183,1,0.052941,340.696650
2016-07-08,-0.00234653,84.8634,0,0.000000,0.000000,0.00816829,56.4351,1,0.053131,299.601800
2016-07-11,-0.00093112,84.7703,0,0.000000,0.000000,0.01150496,57.5856,0,0.000000,0.000000
2016-07-12,0.00402164,85.1725,0,0.000000,0.000000,0.01689999,59.2756,1,0.039951,265.411804
2016-07-13,0.00724702,85.8972,0,0.000000,0.000000,-0.00579225,58.6964,1,0.035455,223.290830
2016-07-14,0.00026760,85.9239,0,0.000000,0.000000,-0.00045073,58.6513,1,0.044623,340.669750
2016-07-15,-0.00140677,85.7832,0,0.000000,0.000000,0.00323226,58.9746,1,0.047694,340.494990
2016-07-18,0.01004158,86.7874,0,0.000000,0.000000,-0.00095865,58.8787,1,0.058515,280.616280
2016-07-19,-0.00486506,86.3009,0,0.000000,0.000000,-0.00904890,57.9738,1,0.058750,320.588510
2016-07-20,-0.00853048,85.4478,1,0.048398,309.364236,-0.00634653,57.3391,1,0.060883,399.226180
2016-07-21,-0.01447355,84.0005,0,0.000000,0.000000,0.01635716,58.9749,1,0.037144,321.493670
2016-07-22,0.00033219,84.0337,1,0.027421,182.955622,0.00490954,59.4658,1,0.042356,281.287080
2016-07-25,-0.00409711,83.6240,0,0.000000,0.000000,-0.00181615,59.2842,0,0.000000,0.000000
2016-07-26,0.00233192,83.8572,1,0.037478,202.042890,0.01396716,60.6809,1,0.057224,361.167506
2016-07-27,0.00661082,84.5183,1,0.026918,163.170930,0.01753417,62.4343,1,0.033623,283.264900
2016-07-28,-0.00314566,84.2037,0,0.000000,0.000000,-0.00907376,61.5270,1,0.037696,201.293160
2016-07-29,0.00475235,84.6789,0,0.000000,0.000000,0.00276667,61.8036,1,0.045693,302.027740
2016-08-01,0.00172320,84.8513,0,0.000000,0.000000,-0.00280498,61.5231,1,0.044518,341.052060
2016-08-02,-0.00500821,84.3504,0,0.000000,0.000000,-0.01219473,60.3037,1,0.056683,320.140500
2016-08-03,-0.00470635,83.8798,1,0.036745,260.531545,-0.00415702,59.8880,0,0.000000,0.000000
2016-08-04,-0.00099008,83.7808,0,0.000000,0.000000,-0.00263030,59.6249,1,0.063620,340.872637
2016-08-05,0.01226783,85.0076,0,0.000000,0.000000,0.00759604,60.3845,1,0.062276,360.234310
2016-08-08,0.00199941,85.2075,1,0.046559,284.414867,-0.00339890,60.0446,1,0.054670,322.189480
2016-08-09,-0.00350752,84.8568,0,0.000000,0.000000,0.01475384,61.5200,1,0.054286,339.968100
2016-08-10,-0.00126098,84.7307,1,0.040048,279.982367,0.00131515,61.6515,1,0.035815,281.914390
2016-08-11,-0.00260963,84.4697,1,0.027013,182.120930,0.00633493,62.2850,1,0.041547,261.886270
2016-08-12,-0.00389954,84.0797,1,0.018194,141.403410,0.00516360,62.8014,1,0.043770,301.386960
2016-08-15,0.00794389,84.8741,1,0.024471,140.925960,-0.00661995,62.1394,1,0.036195,280.605910
2016-08-16,-0.00583132,84.2910,1,0.031462,141.769620,0.00480544,62.6199,1,0.050456,321.669640
2016-08-17,0.01306733,85.5977,1,0.038537,180.725350,-0.00898049,61.7219,0,0.000000,0.000000
2016-08-18,0.00666990,86.2647,0,0.000000,0.000000,-0.00114132,61.6078,1,0.043652,319.277709
2016-08-19,-0.01129988,85.1347,0,0.000000,0.000000,-0.00194480,61.4133,1,0.048050,340.811900
2016-08-22,0.00669833,85.8046,1,0.026257,220.476853,-0.01311380,60.1019,1,0.042620,320.441370
2016-08-23,0.00509599,86.3142,0,0.000000,0.000000,-0.00386584,59.7153,1,0.056434,400.410820
2016-08-24,-0.00465015,85.8492,0,0.000000,0.000000,-0.00450880,59.2644,1,0.052810,341.122610
2016-08-25,0.00685884,86.5350,1,0.049936,320.533775,-0.00074332,59.1901,0,0.000000,0.000000
2016-08-26,0.00132112,86.6672,1,0.022668,141.165200,0.00542651,59.7328,1,0.060239,359.865454
2016-08-29,-0.00184608,86.4825,1,0.026788,160.312080,-0.00025876,59.7069,1,0.045226,280.045050
2016-08-30,-0.00748496,85.7340,0,0.000000,0.000000,0.00417044,60.1239,0,0.000000,0.000000
2016-08-31,-0.00372737,85.3613,0,0.000000,0.000000,0.00278011,60.4019,1,0.033189,281.609222
2016-09-01,0.01406314,86.7676,0,0.000000,0.000000,-0.01403960,58.9980,1,0.041090,319.689500
2016-09-02,-0.00498100,86.2695,0,0.000000,0.000000,-0.00436532,58.5614,1,0.047722,360.907490
2016-09-06,0.00467890,86.7374,0,0.000000,0.000000,0.00286620,58.8481,0,0.000000,0.000000
2016-09-07,-0.00284016,86.4534,0,0.000000,0.000000,-0.00057543,58.7905,1,0.048163,300.886633
2016-09-08,-0.00164040,86.2894,1,0.037840,263.148280,0.00131364,58.9219,1,0.047246,361.172660
2016-09-09,-0.01599710,84.6897,1,0.020750,200.298140,0.01011103,59.9330,1,0.046667,300.016670
2016-09-12,-0.00263491,84.4262,1,0.030711,239.918820,-0.00280531,59.6525,0,0.000000,0.000000
2016-09-13,0.00045733,84.4719,1,0.053377,343.420580,-0.00192433,59.4600,0,0.000000,0.000000
2016-09-14,-0.00203086,84.2688,0,0.000000,0.000000,0.00587454,60.0475,0,0.000000,0.000000
2016-09-15,0.00141787,84.4106,0,0.000000,0.000000,0.00371150,60.4186,1,0.049870,277.845115
2016-09-16,0.00019481,84.4301,0,0.000000,0.000000,0.00860508,61.2791,0,0.000000,0.000000
2016-09-19,0.00971599,85.4017,0,0.000000,0.000000,-0.00365539,60.9136,1,0.047259,303.132298
2016-09-20,-0.00203051,85.1986,0,0.000000,0.000000,-0.00160617,60.7530,1,0.050827,321.486340
2016-09-21,0.00594093,85.7927,0,0.000000,0.000000,0.00457316,61.2103,1,0.042194,280.218710
2016-09-22,0.00727850,86.5206,0,0.000000,0.000000,0.00456289,61.6666,0,0.000000,0.000000
2016-09-23,0.00106667,86.6272,0,0.000000,0.000000,-0.00684662,60.9819,0,0.000000,0.000000
2016-09-26,-0.00138890,86.4883,1,0.043610,263.452929,-0.00061705,60.9202,1,0.048485,383.718908
2016-09-27,0.00097649,86.5860,1,0.022241,200.297400,-0.00676282,60.2439,0,0.000000,0.000000
2016-09-28,0.01544243,88.1302,1,0.032307,221.465330,-0.00302260,59.9417,0,0.000000,0.000000
2016-09-29,0.00286885,88.4171,0,0.000000,0.000000,-0.00832459,59.1092,1,0.047839,360.886653
2016-09-30,0.00725670,89.1428,0,0.000000,0.000000,0.00306392,59.4156,0,0.000000,0.000000
2016-10-03,-0.01176259,87.9665,1,0.024179,201.710872,0.01091957,60.5076,1,0.043553,320.985403
2016-10-04,0.00132964,88.0995,0,0.000000,0.000000,-0.00004232,60.5033,1,0.027602,240.709570
2016-10-05,-0.00380863,87.7186,1,0.021603,162.095662,-0.00116234,60.3871,1,0.041054,319.637610
2016-10-06,0.00151172,87.8698,1,0.019068,141.412500,-0.00595074,59.7920,1,0.045664,301.094500
2016-10-07,0.00132442,88.0022,0,0.000000,0.000000,-0.00586043,59.2060,1,0.050843,380.342270
2016-10-10,-0.00025744,87.9765,0,0.000000,0.000000,0.00197438,59.4034,1,0.041902,319.150820
2016-10-11,-0.00570891,87.4056,1,0.036391,220.873192,0.00204944,59.6084,1,0.046926,301.490660
2016-10-12,0.01098912,88.5045,0,0.000000,0.000000,0.00201259,59.8096,0,0.000000,0.000000
2016-10-13,-0.00100316,88.4042,0,0.000000,0.000000,0.01176229,60.9858,1,0.041921,299.423432
2016-10-14,0.00346659,88.7509,0,0.000000,0.000000,0.00020035,61.0059,1,0.041805,280.263090
2016-10-17,-0.00739437,88.0114,1,0.036687,259.095320,0.01106426,62.1123,1,0.051724,300.349100
2016-10-18,0.00686838,88.6983,0,0.000000,0.000000,-0.00100266,62.0120,1,0.034546,260.909110
2016-10-19,0.00715130,89.4134,0,0.000000,0.000000,0.00851196,62.8632,1,0.045224,341.455000
2016-10-20,-0.00508594,88.9048,1,0.030854,223.082284,-0.00069319,62.7939,1,0.031179,261.664680
2016-10-21,-0.00345847,88.5590,0,0.000000,0.000000,0.00011548,62.8055,1,0.038942,300.717160
2016-10-24,-0.00524009,88.0349,1,0.019299,161.318823,-0.00340081,62.4654,1,0.059661,319.815890
2016-10-25,-0.02352924,85.6820,0,0.000000,0.000000,-0.01553412,60.9120,1,0.044242,321.701320
2016-10-26,0.00707428,86.3895,0,0.000000,0.000000,-0.00181563,60.7304,1,0.044533,338.409470
2016-10-27,-0.00506992,85.8825,0,0.000000,0.000000,0.00310716,61.0411,1,0.041364,320.038570
2016-10-28,-0.00544213,85.3382,1,0.026843,223.052697,-0.00809854,60.2313,1,0.032824,260.294700
2016-10-31,0.00838753,86.1770,0,0.000000,0.000000,-0.00420584,59.8107,1,0.044574,320.328030
2016-11-01,-0.01286950,84.8900,1,0.031130,202.731119,0.00839009,60.6497,0,0.000000,0.000000
2016-11-02,-0.00439543,84.4505,1,0.010433,101.545900,0.00098530,60.7482,1,0.057830,341.309791
2016-11-03,0.00290642,84.7411,1,0.014928,121.426350,-0.00065086,60.6831,0,0.000000,0.000000
2016-11-04,0.01813210,86.5544,0,0.000000,0.000000,-0.01354743,59.3284,1,0.040873,298.652657
2016-11-07,-0.00569348,85.9850,0,0.000000,0.000000,-0.00234939,59.0935,1,0.047569,341.244410
2016-11-08,-0.01014823,84.9702,1,0.031153,205.268141,0.00544927,59.6384,0,0.000000,0.000000
2016-11-09,0.00780365,85.7506,1,0.018915,122.076230,-0.04501316,55.1371,1,0.038866,266.544063
2016-11-10,-0.00796607,84.9539,1,0.036227,242.044580,0.02494290,57.6314,1,0.058120,361.548130
2016-11-11,-0.01123431,83.8305,1,0.017091,123.925080,0.00197269,57.8286,1,0.026841,184.148410
2016-11-14,0.00163937,83.9944,1,0.021453,181.257080,0.01170847,58.9995,1,0.053453,320.700330
2016-11-15,0.02145147,86.1396,1,0.017943,144.182210,-0.00089001,58.9105,1,0.045041,283.668980
2016-11-16,0.00013959,86.1536,0,0.000000,0.000000,-0.00213311,58.6972,1,0.040411,302.554380
2016-11-17,-0.00121742,86.0318,0,0.000000,0.000000,-0.00763993,57.9332,1,0.056833,319.890440
2016-11-18,-0.00971734,85.0601,1,0.022214,183.636773,0.00200948,58.1341,1,0.050542,381.783920
2016-11-21,-0.00082330,84.9777,1,0.023290,181.176340,0.00535617,58.6697,1,0.042613,300.602110
2016-11-22,0.00503015,85.4808,1,0.025235,202.177980,-0.00664661,58.0051,0,0.000000,0.000000
2016-11-23,0.01126582,86.6073,1,0.021438,161.856310,-0.00385702,57.6194,1,0.046452,324.148820
2016-11-25,0.00702123,87.3095,1,0.024617,201.858640,-0.00975763,56.6436,1,0.045693,321.859510
2016-11-28,0.00186299,87.4958,0,0.000000,0.000000,0.01033665,57.6773,1,0.077865,340.591190
2016-11-29,-0.00189768,87.3060,0,0.000000,0.000000,0.00378635,58.0559,1,0.044095,299.828730
2016-11-30,-0.00291358,87.0146,1,0.030938,241.563133,-0.00557595,57.4983,1,0.046155,321.241350
2016-12-01,-0.01482997,85.5316,1,0.029377,220.406460,0.01863243,59.3616,1,0.049497,299.053460
2016-12-02,0.00569967,86.1016,1,0.031373,241.629340,-0.01095249,58.2663,1,0.034649,241.362560
2016-12-05,0.00133263,86.2349,0,0.000000,0.000000,-0.00664720,57.6016,1,0.049720,340.033540
2016-12-06,0.00081968,86.3168,0,0.000000,0.000000,-0.00001627,57.6000,1,0.045517,323.214480
2016-12-07,0.00767448,87.0843,0,0.000000,0.000000,0.00179121,57.7791,1,0.040899,321.500450
2016-12-08,0.00134673,87.2190,0,0.000000,0.000000,-0.01755941,56.0231,0,0.000000,0.000000
2016-12-09,0.00151658,87.3706,1,0.027882,248.450272,-0.00846330,55.1768,1,0.056830,382.681170
2016-12-12,0.01545457,88.9161,0,0.000000,0.000000,0.00070586,55.2474,1,0.048544,339.993700
2016-12-13,0.00809953,89.7260,0,0.000000,0.000000,-0.00371263,54.8761,1,0.046673,300.604750
2016-12-14,-0.00722014,89.0040,0,0.000000,0.000000,0.00683871,55.5600,1,0.057039,341.670770
2016-12-15,-0.00258086,88.7459,1,0.032486,280.276045,0.01092798,56.6528,1,0.043472,320.328670
2016-12-16,0.00755114,89.5010,1,0.019786,163.180140,-0.00593045,56.0598,1,0.028025,242.778270
2016-12-19,0.00342416,89.8435,1,0.022634,202.476320,-0.00288629,55.7711,1,0.049759,340.633780
2016-12-20,-0.00499324,89.3441,1,0.024324,160.339670,0.00466699,56.2378,1,0.051981,360.614290
2016-12-21,0.01029008,90.3731,1,0.044372,161.381940,-0.00582106,55.6557,1,0.073976,260.938540
2016-12-22,-0.00659678,89.7135,0,0.000000,0.000000,-0.00544174,55.1116,1,0.057854,379.706290
2016-12-23,-0.00237551,89.4759,1,0.033501,220.989574,0.00454355,55.5659,1,0.042715,339.295020
2016-12-27,0.00267745,89.7437,0,0.000000,0.000000,-0.00195664,55.3702,1,0.048764,321.086350
2016-12-28,0.00157901,89.9016,0,0.000000,0.000000,0.00186378,55.5566,0,0.000000,0.000000
2016-12-29,0.00246100,90.1477,0,0.000000,0.000000,-0.00834181,54.7224,0,0.000000,0.000000
2016-12-30,0.00676953,90.8246,0,0.000000,0.000000,-0.00097822,54.6246,1,0.058752,379.112127
2017-01-03,0.01078209,91.9028,1,0.037921,260.172754,-0.00996117,53.6285,1,0.037907,280.746290
2017-01-04,-0.00511082,91.3917,1,0.040252,280.424910,0.00118165,53.7467,1,0.046175,340.230430
2017-01-05,0.00103451,91.4952,1,0.032999,222.940510,-0.01469343,52.2773,0,0.000000,0.000000
2017-01-06,-0.00857947,90.6372,1,0.067397,338.819290,-0.00203747,52.0736,1,0.053367,402.244628
2017-01-09,-0.00669671,89.9676,1,0.023181,161.901490,0.01266122,53.3397,1,0.043238,361.305560
2017-01-10,-0.00170406,89.7972,1,0.042316,239.646990,-0.00337111,53.0026,1,0.033001,280.744520
2017-01-11,-0.00427658,89.3695,1,0.042728,181.440250,0.00052467,53.0551,1,0.047843,361.251870
2017-01-12,-0.00707145,88.6624,1,0.044445,220.760310,-0.00398270,52.6568,1,0.038970,320.334250
2017-01-13,0.00644665,89.3070,1,0.030165,259.464880,-0.00423477,52.2333,1,0.052277,360.157520
2017-01-17,0.00871508,90.1785,1,0.027742,180.909590,-0.02239788,49.9935,1,0.051348,320.617340
2017-01-18,0.00270140,90.4487,1,0.051300,279.193070,-0.00931199,49.0623,1,0.057399,398.331220
2017-01-19,0.00063708,90.5124,1,0.031962,220.520140,-0.00918995,48.1433,1,0.047655,360.574900
2017-01-20,0.00576218,91.0886,1,0.032472,219.404430,0.00147885,48.2912,0,0.000000,0.000000
2017-01-23,-0.00066854,91.0218,1,0.038224,260.329350,-0.00470674,47.8205,1,0.036284,299.093968
2017-01-24,0.00509409,91.5312,1,0.033191,200.000670,0.00552591,48.3731,1,0.031179,280.027910
2017-01-25,-0.00992084,90.5391,1,0.035724,242.208560,0.00544297,48.9174,1,0.037613,302.229910
2017-01-26,0.00630373,91.1695,1,0.037007,201.567840,-0.01875017,47.0424,1,0.039637,301.672410
2017-01-27,0.00807742,91.9772,1,0.030418,219.726040,-0.00789280,46.2531,1,0.047940,381.240280
2017-01-30,-0.00961402,91.0158,1,0.032612,220.088340,0.00177769,46.4309,1,0.051241,320.208440
2017-01-31,-0.00518821,90.4970,1,0.032991,238.955390,0.00833461,47.2644,0,0.000000,0.000000
2017-02-01,0.00615498,91.1125,1,0.029622,221.020350,-0.00460253,46.8041,1,0.038813,259.243292
2017-02-02,0.01281572,92.3940,1,0.051688,260.321680,-0.01193280,45.6108,1,0.046330,360.084080
2017-02-03,0.00514199,92.9082,1,0.046491,300.611900,-0.00623484,44.9873,1,0.060584,400.719330
2017-02-06,0.01107647,94.0159,1,0.052013,281.958870,-0.01557184,43.4302,1,0.050314,321.946820
2017-02-07,0.00357875,94.3738,1,0.042535,261.143340,-0.00340630,43.0895,1,0.039660,341.073030
2017-02-08,0.00507920,94.8817,1,0.041220,240.141990,-0.00320682,42.7688,1,0.073832,380.152950
2017-02-09,-0.00526070,94.3556,1,0.027220,220.694060,0.00228769,42.9976,1,0.039601,301.199590
2017-02-10,0.00688785,95.0444,1,0.034865,222.231070,0.00079056,43.0767,1,0.046324,322.729850
2017-02-13,-0.00740725,94.3037,1,0.058775,300.490650,-0.00101873,42.9748,1,0.052313,341.972400
2017-02-14,-0.00963072,93.3406,1,0.031992,201.712630,0.00860912,43.8357,1,0.043198,340.755240
2017-02-15,0.00166921,93.5075,1,0.026279,200.942760,0.00383502,44.2192,1,0.030588,261.269030
2017-02-16,-0.01710008,91.7975,1,0.033208,221.512180,-0.01327988,42.8912,1,0.041148,261.881430
2017-02-17,0.01128119,92.9256,1,0.037381,238.976700,-0.01142607,41.7486,1,0.048737,340.819680
2017-02-21,0.00646448,93.5721,1,0.053372,280.392640,-0.00643666,41.1050,1,0.068656,340.171830
2017-02-22,-0.00591696,92.9804,1,0.040676,301.749980,-0.00078348,41.0266,0,0.000000,0.000000
2017-02-23,-0.00172012,92.8084,1,0.045142,299.512580,-0.00288298,40.7383,1,0.058718,361.437335
2017-02-24,-0.01286077,91.5223,1,0.037947,241.039930,0.00187726,40.9260,1,0.046354,301.216000
2017-02-27,0.00674659,92.1970,1,0.027981,200.857830,-0.00732182,40.1938,1,0.044582,321.827280
2017-02-28,-0.00765089,91.4319,1,0.046029,241.084520,-0.00400650,39.7932,1,0.069450,380.639520
2017-03-01,0.00192731,91.6246,1,0.042999,259.845100,-0.01173417,38.6198,1,0.052427,339.168120
2017-03-02,0.01358846,92.9834,1,0.034804,202.439190,0.00773989,39.3938,0,0.000000,0.000000
2017-03-03,0.00293666,93.2771,1,0.048674,319.052110,-0.01076353,38.3174,1,0.039253,262.073877
2017-03-06,-0.00110865,93.1662,1,0.037745,240.053680,-0.00155454,38.1620,1,0.046724,380.526960
2017-03-07,-0.00773700,92.3925,1,0.021170,200.059600,0.00697471,38.8594,0,0.000000,0.000000
2017-03-08,-0.01200493,91.1920,1,0.028083,199.861090,0.00360995,39.2204,1,0.039415,299.566113
2017-03-09,-0.00017182,91.1749,1,0.031752,220.191590,0.00264299,39.4847,1,0.044111,300.736450
2017-03-10,0.00551144,91.7260,1,0.045306,239.877290,-0.00038723,39.4460,1,0.045923,300.458870
2017-03-13,-0.00212103,91.5139,1,0.040733,240.714930,0.00344513,39.7905,1,0.047687,321.091160
2017-03-14,0.00080949,91.5949,1,0.030221,161.132450,0.00855703,40.6462,1,0.037317,281.060200
2017-03-15,0.00427188,92.0220,1,0.025472,180.159450,0.00156283,40.8025,1,0.032847,240.704700
2017-03-16,0.00449122,92.4712,1,0.031238,202.672420,0.00561265,41.3638,0,0.000000,0.000000
2017-03-17,0.01208243,93.6794,1,0.045787,299.820880,-0.00694649,40.6691,1,0.050509,323.246006
2017-03-20,0.00218221,93.8976,1,0.035009,260.929910,-0.00115863,40.5533,1,0.041273,340.682560
2017-03-21,0.00478206,94.3758,1,0.043244,279.958110,-0.01276963,39.2763,1,0.040873,299.464790
2017-03-22,-0.00171312,94.2045,1,0.041832,258.923270,0.00153582,39.4299,0,0.000000,0.000000
2017-03-23,0.00525743,94.7303,1,0.029247,220.925020,-0.00541871,38.8880,1,0.040651,260.019811
2017-03-24,-0.00240631,94.4896,1,0.040171,260.495970,-0.00086145,38.8019,1,0.055885,361.236880
2017-03-27,0.00538320,95.0280,1,0.039270,260.356260,0.01206060,40.0079,1,0.042710,281.263020
2017-03-28,-0.00011134,95.0168,1,0.035964,260.296330,0.00103454,40.1114,1,0.040206,280.962690
2017-03-29,-0.00295220,94.7216,1,0.038670,242.109990,0.00748134,40.8595,0,0.000000,0.000000
2017-03-30,0.00740036,95.4616,1,0.045574,280.216330,-0.01059538,39.8000,1,0.033128,261.991612
2017-03-31,0.00772950,96.2346,1,0.035700,280.351770,-0.01079849,38.7201,1,0.041599,340.271990
2017-04-03,0.00452301,96.6869,1,0.040559,280.021110,-0.00003461,38.7167,1,0.056211,360.511050
2017-04-04,0.00175417,96.8623,1,0.038303,239.730860,-0.00561791,38.1549,1,0.060041,339.868850
2017-04-05,-0.00426920,96.4354,1,0.037560,200.424640,-0.00418379,37.7365,1,0.062649,300.151850
2017-04-06,0.01209657,97.6450,1,0.032603,220.541360,-0.01228740,36.5078,1,0.047500,319.851010
2017-04-07,0.00203813,97.8489,1,0.044887,281.792700,-0.00385705,36.1220,1,0.059395,401.897020
2017-04-10,0.00830119,98.6790,1,0.041801,299.450260,-0.01044320,35.0777,1,0.047680,319.667050
2017-04-11,-0.00362281,98.3167,1,0.032381,240.493400,-0.00129527,34.9482,1,0.047507,340.689680
2017-04-12,-0.00827360,97.4893,1,0.041300,260.372200,0.00473923,35.4221,1,0.034177,280.865300
2017-04-13,-0.00235159,97.2542,1,0.025579,200.560760,0.00295998,35.7181,1,0.040262,239.879480
2017-04-17,0.00030410,97.2846,1,0.025750,219.881620,-0.00321529,35.3966,0,0.000000,0.000000
2017-04-18,0.00152379,97.4370,1,0.036941,241.964340,-0.00078806,35.3178,0,0.000000,0.000000
2017-04-19,-0.00187522,97.2494,1,0.037392,240.037840,-0.00362613,34.9552,1,0.044223,300.045083
2017-04-20,-0.00056143,97.1933,1,0.041903,280.416630,0.00831505,35.7867,1,0.041555,321.101430
2017-04-21,0.00699645,97.8929,1,0.030115,202.575340,-0.00361616,35.4251,1,0.039626,302.535860
2017-04-24,0.00331861,98.2248,1,0.028659,179.712100,-0.00036444,35.3886,1,0.046074,299.644430
2017-04-25,-0.00452152,97.7727,1,0.036892,262.227280,0.00250964,35.6396,0,0.000000,0.000000
2017-04-26,-0.00394915,97.3777,1,0.035775,221.370340,-0.00539291,35.1003,1,0.037181,302.892277
2017-04-27,0.00578371,97.9561,1,0.030079,201.118880,0.01031761,36.1321,1,0.050769,340.929190
2017-04-28,0.00105973,98.0621,1,0.033627,240.479330,-0.00468884,35.6632,1,0.052864,361.722450
2017-05-01,0.00067263,98.1293,1,0.040097,240.512500,-0.00205316,35.4579,1,0.041796,339.550140
2017-05-02,-0.02286287,95.8431,1,0.040297,181.020180,0.00166554,35.6244,1,0.044306,321.216840
2017-05-03,-0.01336241,94.5068,1,0.025701,182.816310,-0.00692323,34.9321,1,0.053903,343.566080
2017-05-04,-0.00015927,94.4909,1,0.035837,260.897900,0.00918120,35.8502,1,0.057950,359.586240
2017-05-05,-0.00299353,94.1915,1,0.041283,240.791450,0.00139180,35.9894,1,0.047710,321.755450
2017-05-08,-0.00153173,94.0384,1,0.038973,221.894610,0.00151570,36.1410,1,0.046250,321.713690
2017-05-09,-0.00509720,93.5286,1,0.040410,279.361900,0.00316123,36.4571,1,0.041777,279.816460
2017-05-10,-0.00013302,93.5153,1,0.024362,180.400250,-0.00099609,36.3575,1,0.033729,280.939780
2017-05-11,0.00245739,93.7611,1,0.019321,140.866740,-0.00395361,35.9621,1,0.053531,340.654620
2017-05-12,0.00409842,94.1709,1,0.023638,199.119580,0.00264852,36.2270,1,0.041458,319.549690
2017-05-15,-0.00001604,94.1693,1,0.035584,259.187000,-0.00945259,35.2817,1,0.051209,300.753470
2017-05-16,-0.01767889,92.4014,1,0.044169,281.397100,0.00768436,36.0501,0,0.000000,0.000000
2017-05-17,0.00755757,93.1572,1,0.029873,199.739120,-0.01901394,34.1487,1,0.045084,301.640237
2017-05-18,-0.00931521,92.2257,1,0.041571,298.279150,-0.00191686,33.9571,0,0.000000,0.000000
2017-05-19,0.01072296,93.2980,1,0.034024,220.783590,0.00523431,34.4805,1,0.040559,320.133798
2017-05-22,-0.00199541,93.0984,1,0.071001,261.747440,-0.00100273,34.3802,0,0.000000,0.000000
2017-05-23,0.00632316,93.7307,1,0.042544,261.571080,-0.00360712,34.0195,0,0.000000,0.000000
2017-05-24,-0.00034490,93.6962,1,0.036060,260.669600,-0.00695534,33.3240,1,0.047864,342.503706
2017-05-25,-0.00674546,93.0217,1,0.037386,260.495150,0.00486392,33.8104,1,0.051798,340.833770
2017-05-26,0.00385883,93.4076,1,0.035397,260.706240,-0.00335697,33.4747,1,0.032977,241.443590
2017-05-30,0.00329179,93.7368,1,0.030521,239.545160,-0.00407134,33.0675,1,0.044934,339.666540
2017-05-31,-0.00533373,93.2034,1,0.035913,280.498260,0.00586953,33.6545,1,0.038397,321.060420
2017-06-01,0.00316301,93.5197,1,0.043939,260.762780,-0.00716398,32.9381,1,0.041878,261.051730
2017-06-02,-0.00167278,93.3524,1,0.045578,203.388200,0.01278573,34.2167,0,0.000000,0.000000
2017-06-05,-0.00677042,92.6754,1,0.079952,280.154580,0.00221643,34.4383,1,0.033637,282.393986
2017-06-06,-0.00380454,92.2949,1,0.031784,180.193030,-0.00477495,33.9608,1,0.042855,300.358860
2017-06-07,-0.00192328,92.1026,1,0.043448,239.937890,0.00226336,34.1871,1,0.041064,340.238680
2017-06-08,0.00481664,92.5843,1,0.030776,221.321760,-0.00116496,34.0706,1,0.048816,301.089480
2017-06-09,0.00184846,92.7691,1,0.030684,221.056300,0.00332786,34.4034,1,0.039184,301.811840
2017-06-12,-0.00447282,92.3218,1,0.063962,280.519550,0.02095373,36.4988,1,0.065267,301.117390
2017-06-13,-0.00326182,91.9956,1,0.033632,181.907900,-0.00503068,35.9957,1,0.025698,221.912420
2017-06-14,-0.00244319,91.7513,1,0.034669,221.814950,0.00755521,36.7513,0,0.000000,0.000000
2017-06-15,-0.00263581,91.4877,1,0.039981,240.511890,0.00322162,37.0734,1,0.043008,281.825672
2017-06-16,0.00490666,91.9784,1,0.062554,300.203580,-0.00398009,36.6754,1,0.065299,341.214550
2017-06-19,0.01299521,93.2779,1,0.059389,240.136800,-0.01228805,35.4466,1,0.058385,319.923990
2017-06-20,0.00107166,93.3851,1,0.064154,220.505850,0.00043386,35.4900,1,0.059634,360.018520
2017-06-21,-0.00275017,93.1101,1,0.038347,279.717620,0.00494336,35.9843,1,0.037414,279.653920
2017-06-22,0.00705885,93.8160,1,0.027305,200.613790,0.00156216,36.1405,1,0.051534,300.966630
2017-06-23,-0.00255122,93.5608,1,0.024782,161.232030,0.02463518,38.6041,1,0.046732,301.203070
2017-06-26,0.00195235,93.7561,1,0.032415,181.288840,0.00690259,39.2943,1,0.039301,222.753310
2017-06-27,-0.00783268,92.9728,1,0.056468,261.439310,0.00833847,40.1282,1,0.057483,281.553380
2017-06-28,0.00086773,93.0596,1,0.030577,199.712460,-0.00211266,39.9169,0,0.000000,0.000000
2017-06-29,-0.00546511,92.5131,1,0.055961,201.745890,0.01132301,41.0492,0,0.000000,0.000000
2017-06-30,-0.00027298,92.4858,1,0.033538,219.550090,-0.00614569,40.4346,0,0.000000,0.000000
2017-07-03,0.01094051,93.5798,1,0.031689,180.769840,-0.00846347,39.5883,1,0.036817,339.800162
2017-07-05,0.01031113,94.6109,1,0.071817,261.115500,-0.02047001,37.5413,1,0.084641,361.592230
2017-07-06,-0.00119280,94.4917,1,0.043100,219.926670,0.00265605,37.8069,1,0.056855,359.812120
2017-07-07,0.00229220,94.7209,1,0.044420,259.775780,0.00085234,37.8921,0,0.000000,0.000000
2017-07-10,-0.00683332,94.0375,1,0.024272,202.307580,0.00220799,38.1129,0,0.000000,0.000000
2017-07-11,0.00774862,94.8124,1,0.030548,181.008180,0.00160576,38.2735,1,0.030654,301.095255
2017-07-12,-0.00060219,94.7522,1,0.037189,240.434970,0.00234551,38.5081,1,0.040829,300.511570
2017-07-13,-0.00312227,94.4400,1,0.035997,201.782110,0.00403820,38.9119,0,0.000000,0.000000
2017-07-14,-0.00132023,94.3079,1,0.032393,201.460130,-0.00140926,38.7709,1,0.036976,282.663301
2017-07-17,0.00400921,94.7089,1,0.030379,201.406490,-0.00730609,38.0403,1,0.036709,301.397570
2017-07-18,0.00652371,95.3612,1,0.034069,260.727980,-0.00275695,37.7646,1,0.044175,380.414480
2017-07-19,0.00104273,95.4655,1,0.037747,220.371780,-0.00182987,37.5817,1,0.049997,320.074840
2017-07-20,0.00002583,95.4681,1,0.030477,221.284720,0.01390373,38.9720,0,0.000000,0.000000
2017-07-21,-0.00448536,95.0195,1,0.043006,260.485320,-0.00144361,38.8277,1,0.031721,202.456618
2017-07-24,0.00485713,95.5053,1,0.025237,240.541210,-0.00797449,38.0302,1,0.034559,280.849160
2017-07-25,-0.00123179,95.3821,1,0.025389,200.505990,0.00536739,38.5670,1,0.041331,359.842490
2017-07-26,0.00812698,96.1948,1,0.029912,201.440850,0.00679700,39.2467,1,0.036090,321.237090
2017-07-27,0.00159467,96.3542,1,0.048543,259.739510,-0.00573040,38.6736,1,0.043420,320.899130
2017-07-28,0.01177558,97.5318,1,0.037722,260.927510,-0.01411674,37.2619,1,0.046084,359.416660
2017-07-31,0.00149613,97.6814,1,0.053117,299.265140,-0.00905313,36.3566,1,0.050643,399.019610
2017-08-01,0.00361984,98.0434,1,0.052926,200.186510,-0.00676626,35.6800,1,0.064826,358.964890
2017-08-02,0.01311238,99.3546,1,0.058362,240.990330,0.00034575,35.7146,1,0.073725,360.660360
2017-08-03,-0.00739779,98.6149,1,0.045189,258.671580,-0.00290209,35.4244,1,0.049049,320.122720
2017-08-04,0.00007136,98.6220,1,0.046274,239.728390,0.00452888,35.8773,1,0.048742,340.144420
2017-08-07,0.00809304,99.4313,1,0.044486,240.743790,0.00625215,36.5025,1,0.038355,321.303850
2017-08-08,-0.00593775,98.8375,1,0.027815,200.733170,0.02560945,39.0634,1,0.048265,282.144890
2017-08-09,0.00068652,98.9062,1,0.034738,242.396620,-0.00645415,38.4180,1,0.027695,242.985470
2017-08-10,-0.00865599,98.0406,1,0.040599,259.652890,0.00897865,39.3159,1,0.055005,359.485560
2017-08-11,0.01142131,99.1827,1,0.039949,200.400480,0.00473688,39.7896,0,0.000000,0.000000
2017-08-14,0.00213272,99.3960,1,0.030588,220.686700,-0.00595826,39.1937,1,0.053486,298.705918
2017-08-15,-0.00255806,99.1402,1,0.063456,222.073600,-0.00075205,39.1185,0,0.000000,0.000000
2017-08-16,0.00227496,99.3677,1,0.070724,240.845830,-0.00396302,38.7222,1,0.055322,302.436120
2017-08-17,0.00722738,100.0904,1,0.028382,221.002180,-0.01879947,36.8423,1,0.035657,320.939900
2017-08-18,0.00155248,100.2457,1,0.045802,338.455180,-0.00405967,36.4363,0,0.000000,0.000000
2017-08-21,0.00170042,100.4157,1,0.033698,239.899270,-0.00211288,36.2250,1,0.039048,317.643411
2017-08-22,0.00430755,100.8465,1,0.043645,241.042400,-0.00716575,35.5084,1,0.041145,320.974260
2017-08-23,-0.00086205,100.7602,1,0.042545,242.035280,-0.00606840,34.9016,0,0.000000,0.000000
2017-08-24,0.01047616,101.8079,1,0.035304,240.819880,-0.00401801,34.4998,1,0.063391,342.604780
2017-08-25,0.00084425,101.8923,1,0.038485,280.293880,-0.00456139,34.0437,1,0.039369,340.342570
2017-08-28,0.00450153,102.3424,1,0.044157,221.032330,-0.00494246,33.5494,1,0.053166,281.672170
2017-08-29,-0.00203065,102.1394,1,0.026755,220.383390,0.00390443,33.9399,1,0.050007,360.093980
2017-08-30,-0.00154379,101.9850,1,0.034029,200.356110,0.00280003,34.2199,1,0.056167,280.194610
2017-08-31,0.00153550,102.1385,1,0.026410,201.298390,-0.00236070,33.9838,1,0.038570,301.283130
2017-09-01,-0.00265590,101.8730,1,0.029940,221.586980,0.00160783,34.1446,1,0.035587,302.247280
2017-09-05,0.00625024,102.4980,1,0.037756,241.417330,-0.00748170,33.3964,1,0.083460,341.295550
2017-09-06,-0.00273136,102.2248,1,0.042916,259.171060,-0.00783144,32.6133,1,0.043444,339.127270
2017-09-07,0.00774965,102.9998,1,0.031835,260.473480,-0.00351670,32.2616,1,0.046390,340.740040
2017-09-08,0.00263302,103.2631,1,0.055618,220.125580,-0.00183826,32.0778,1,0.071666,320.411960
2017-09-11,0.00407209,103.6703,1,0.103141,241.494760,-0.01122767,30.9550,1,0.110757,322.016480
2017-09-12,-0.00574877,103.0954,1,0.049027,242.803790,0.00762522,31.7175,0,0.000000,0.000000
2017-09-13,-0.00234165,102.8613,1,0.033395,221.713990,-0.00088799,31.6287,1,0.033569,282.831366
2017-09-14,0.00374171,103.2354,1,0.021039,180.890310,-0.00138947,31.4898,1,0.030597,319.225950
2017-09-15,0.00228517,103.4640,1,0.032353,180.966430,0.00466252,31.9560,1,0.047578,340.112430
2017-09-18,-0.00787542,102.6764,1,0.023592,201.094150,0.01167351,33.1234,1,0.048759,281.281570
2017-09-19,-0.00584069,102.0924,1,0.036669,280.669770,0.00832856,33.9562,1,0.028354,261.625510
2017-09-20,0.00119620,102.2120,1,0.027940,220.425460,-0.00951245,33.0050,1,0.023115,241.181590
2017-09-21,-0.00547975,101.6640,1,0.042685,219.758660,0.00448464,33.4535,1,0.059786,379.950170
2017-09-22,0.01199355,102.8634,1,0.030075,200.254390,-0.00207555,33.2459,1,0.048415,240.519270
2017-09-25,-0.00743786,102.1196,1,0.035806,280.533210,-0.00285366,32.9605,1,0.051426,300.399480
2017-09-26,-0.00196978,101.9226,1,0.039098,299.742140,0.00323973,33.2845,1,0.040977,340.602880
2017-09-27,-0.00025844,101.8967,1,0.031004,240.954560,-0.00741527,32.5430,1,0.026617,281.295430
2017-09-28,-0.00275788,101.6210,1,0.030678,201.354540,0.00403554,32.9465,1,0.041066,361.494910
2017-09-29,0.00276004,101.8970,1,0.027856,221.034690,-0.00208115,32.7384,1,0.032015,281.255380
2017-10-02,0.00562298,102.4593,1,0.031922,220.497500,-0.01053101,31.6853,1,0.033621,300.745460
2017-10-03,-0.00294148,102.1651,1,0.072078,221.179400,-0.00247199,31.4381,1,0.036709,321.156340
2017-10-04,0.00140382,102.3055,1,0.033628,240.894470,-0.00199757,31.2384,1,0.039817,320.999850
2017-10-05,-0.00411122,101.8944,1,0.022752,180.636210,-0.00063179,31.1752,1,0.034239,320.750140
2017-10-06,0.00375739,102.2701,1,0.023451,200.875750,-0.00563358,30.6118,1,0.034468,320.818080
2017-10-09,-0.00052813,102.2173,1,0.039633,239.816590,0.00404717,31.0165,1,0.030503,339.782310
2017-10-10,-0.01345201,100.8721,1,0.030381,258.629360,0.00848711,31.8653,1,0.035909,319.908040
2017-10-11,0.00643935,101.5160,1,0.041245,279.727540,0.00032731,31.8980,1,0.028359,301.314780
2017-10-12,-0.00097943,101.4181,1,0.045893,260.210840,0.00000807,31.8988,1,0.034083,300.505070
2017-10-13,0.00362903,101.7810,1,0.033767,241.220890,-0.01006964,30.8918,1,0.036814,320.894310
2017-10-16,0.00278238,102.0592,1,0.042042,259.776430,0.00616844,31.5087,1,0.056656,399.654310
2017-10-17,0.00503622,102.5629,1,0.056188,240.086020,-0.01023125,30.4856,1,0.061125,280.852160
2017-10-18,0.00671549,103.2344,1,0.047521,320.169090,0.00221875,30.7074,1,0.044315,360.424660
2017-10-19,0.00155782,103.3902,1,0.044608,301.057170,-0.00089594,30.6178,1,0.034504,281.495790
2017-10-20,-0.01039966,102.3502,1,0.054446,300.515710,0.01629987,32.2478,1,0.054953,320.612750
2017-10-23,0.00544012,102.8942,1,0.028428,201.976500,-0.00986500,31.2613,0,0.000000,0.000000
2017-10-24,0.00178955,103.0732,1,0.039795,280.141340,-0.00508565,30.7528,1,0.036235,383.273071
2017-10-25,0.01441040,104.5142,1,0.030050,261.206350,-0.00634648,30.1181,1,0.039088,340.868310
2017-10-26,0.01380680,105.8949,1,0.033030,240.516950,-0.00067994,30.0501,1,0.040244,338.828180
2017-10-27,0.00953562,106.8485,1,0.030838,242.133690,-0.00363963,29.6861,1,0.035123,321.758830
2017-10-30,0.00419135,107.2676,1,0.102995,281.653580,-0.00620658,29.0655,1,0.076078,341.753400
2017-10-31,0.00241735,107.5093,1,0.032665,278.908650,0.00372348,29.4378,0,0.000000,0.000000
2017-11-01,0.00300076,107.8094,1,0.028684,221.700260,-0.00757636,28.6802,1,0.048026,299.775903
2017-11-02,0.00120380,107.9298,1,0.047370,240.527040,0.02323445,31.0036,1,0.077355,361.167110
2017-11-03,0.01395939,109.3257,1,0.035101,260.670670,0.00112360,31.1160,1,0.036970,242.474100
2017-11-06,0.00869346,110.1951,1,0.027854,241.870100,-0.00530734,30.5853,1,0.045674,362.290290
2017-11-07,0.01370774,111.5659,1,0.035416,279.912040,-0.00374294,30.2110,1,0.034874,280.154760
2017-11-08,0.00609092,112.1749,1,0.031438,280.716150,-0.00212832,29.9981,1,0.037662,319.589340
2017-11-09,-0.00369957,111.8050,1,0.028047,220.080930,0.00433769,30.4319,1,0.031411,300.788970
2017-11-10,0.00369574,112.1746,1,0.032006,220.734530,-0.00290120,30.1418,1,0.036630,300.811240
2017-11-13,0.00090036,112.2646,1,0.025194,240.354820,0.00019811,30.1616,1,0.043649,379.756230
2017-11-14,-0.00244632,112.0200,1,0.041422,220.697270,0.01247276,31.4089,1,0.072854,301.266300
2017-11-15,-0.00155870,111.8641,1,0.033820,220.923970,0.00418922,31.8278,1,0.039418,261.808250
2017-11-16,-0.01215086,110.6490,1,0.029146,220.528910,0.01163180,32.9910,1,0.034170,280.469960
2017-11-17,0.00239597,110.8886,1,0.041513,203.376280,0.00298982,33.2900,0,0.000000,0.000000
2017-11-20,-0.00319202,110.5694,1,0.047842,280.333850,0.00265468,33.5554,1,0.054522,342.711867
2017-11-21,-0.00169726,110.3997,1,0.032566,240.660300,-0.00089388,33.4660,1,0.039508,300.488410
2017-11-22,-0.00608455,109.7912,1,0.038405,240.186500,-0.00192480,33.2736,1,0.058280,340.838780
2017-11-24,-0.00028625,109.7626,1,0.028125,180.809310,-0.00302798,32.9708,1,0.050018,319.916740
2017-11-27,-0.00140770,109.6218,1,0.036810,180.683940,-0.00203967,32.7668,1,0.056097,320.537500
2017-11-28,-0.01225577,108.3963,1,0.028657,260.230400,0.00493778,33.2606,1,0.037732,320.431590
2017-11-29,-0.00958141,107.4381,1,0.036871,182.621320,0.00309819,33.5704,0,0.000000,0.000000
2017-11-30,-0.00131699,107.3064,1,0.017559,182.056410,-0.00033173,33.5372,1,0.032583,304.632001
2017-12-01,-0.00327169,106.9792,1,0.016839,182.351220,0.00149555,33.6868,0,0.000000,0.000000
2017-12-04,-0.00543254,106.4360,1,0.051534,298.988830,-0.00016267,33.6705,1,0.050327,301.680543
2017-12-05,0.01119843,107.5558,1,0.016847,161.550560,-0.01181679,32.4888,1,0.034499,302.227720
2017-12-06,0.01578205,109.1340,1,0.032275,258.585430,-0.00752651,31.7362,1,0.048941,358.379620
2017-12-07,-0.00316988,108.8170,1,0.029978,261.793700,0.00064042,31.8002,1,0.030638,282.164810
2017-12-08,-0.00791980,108.0251,1,0.021950,161.234490,0.00888387,32.6886,1,0.041753,322.119500
2017-12-11,-0.00203704,107.8214,1,0.015934,141.782930,-0.01578251,31.1104,0,0.000000,0.000000
2017-12-12,0.00337906,108.1593,1,0.043654,280.296610,-0.01172358,29.9380,1,0.065838,401.347513
2017-12-13,-0.00522377,107.6369,1,0.031477,279.489280,0.00086377,30.0244,1,0.050823,359.713560
2017-12-14,0.00013432,107.6503,1,0.044308,240.287660,-0.00571223,29.4532,1,0.050733,300.950040
2017-12-15,-0.00303249,107.3471,1,0.034569,218.936740,-0.00387960,29.0652,0,0.000000,0.000000
2017-12-18,0.00248663,107.5957,1,0.027667,262.140460,0.00560913,29.6261,0,0.000000,0.000000
2017-12-19,-0.00196580,107.3992,1,0.026950,222.141070,-0.00129927,29.4962,1,0.032577,301.994625
2017-12-20,0.00091729,107.4909,1,0.036381,280.031850,0.00716570,30.2128,1,0.049470,339.431790
2017-12-21,-0.00589886,106.9010,1,0.044516,300.633890,0.00870284,31.0830,1,0.035326,260.645040
2017-12-22,-0.00091007,106.8100,1,0.034007,200.683990,-0.00120967,30.9621,1,0.029757,240.457250
2017-12-26,-0.00321654,106.4883,1,0.034914,260.456780,-0.00031856,30.9302,1,0.045416,340.199750
2017-12-27,0.00145337,106.6337,1,0.039773,240.815720,0.00035860,30.9661,1,0.049720,341.141940
2017-12-28,0.00831088,107.4648,1,0.036362,280.441730,-0.00448970,30.5171,1,0.036830,320.409220
2017-12-29,0.00374469,107.8392,1,0.039921,320.703310,-0.00386828,30.1303,1,0.042228,360.608000
2018-01-02,0.00144348,107.9836,0,0.000000,0.000000,-0.00963069,29.1672,1,0.028539,319.410840
2018-01-03,0.00326335,108.3099,1,0.051165,281.293391,0.00636374,29.8036,1,0.071406,381.297830
2018-01-04,-0.00782281,107.5276,1,0.021121,181.509040,0.01023222,30.8268,1,0.042658,261.841600
2018-01-05,-0.00543095,106.9845,1,0.020695,201.331740,0.00471343,31.2981,1,0.018387,221.758300
2018-01-08,-0.00009087,106.9755,1,0.015177,141.440400,0.00012774,31.3109,1,0.026776,281.703570
2018-01-09,-0.01066265,105.9092,1,0.013315,121.472310,0.00284441,31.5954,1,0.053159,261.237190
2018-01-10,-0.00297457,105.6117,1,0.022657,162.021030,0.00960407,32.5558,1,0.057593,321.165240
2018-01-11,-0.00621396,104.9903,1,0.013066,161.138280,0.01236237,33.7920,1,0.021563,221.035440
2018-01-12,-0.00807130,104.1832,1,0.024490,182.773750,0.00733038,34.5250,1,0.025892,243.363780
2018-01-16,0.00095465,104.2787,1,0.019515,181.170720,0.00097906,34.6229,1,0.021984,241.582150
2018-01-17,-0.00543165,103.7355,1,0.021085,199.978540,0.00765280,35.3882,1,0.040400,360.015470
2018-01-18,-0.01216543,102.5190,1,0.015693,142.514040,0.00082352,35.4706,0,0.000000,0.000000
2018-01-19,-0.00159753,102.3592,1,0.023713,181.188610,0.00493668,35.9642,1,0.034502,322.815515
2018-01-22,-0.00214989,102.1442,1,0.026559,201.192220,0.00005422,35.9697,1,0.033028,301.429010
2018-01-23,0.00086303,102.2305,1,0.014357,141.216890,0.00161777,36.1314,1,0.043273,321.494030
2018-01-24,-0.00505485,101.7250,1,0.020115,161.134200,-0.00687091,35.4444,1,0.040001,340.960490
2018-01-25,-0.00372092,101.3529,1,0.022702,180.783610,0.00458225,35.9026,1,0.035065,380.317310
2018-01-26,0.00108123,101.4611,1,0.015357,160.957230,-0.00717347,35.1852,1,0.028197,281.358330
2018-01-29,0.00310311,101.7714,1,0.020329,202.476820,-0.00319484,34.8657,0,0.000000,0.000000
2018-01-30,0.00097421,101.8688,1,0.019469,199.801700,0.01086741,35.9525,0,0.000000,0.000000
2018-01-31,0.00145076,102.0139,1,0.024364,199.547210,0.00332551,36.2850,0,0.000000,0.000000
2018-02-01,0.01215018,103.2289,1,0.035292,200.824340,-0.01285049,35.0000,1,0.040179,281.071571
2018-02-02,0.00421391,103.6503,1,0.048739,259.738410,-0.00984765,34.0152,1,0.086995,339.394070
2018-02-05,-0.00181812,103.4685,1,0.034212,298.012230,-0.01179614,32.8356,0,0.000000,0.000000
2018-02-06,-0.01123967,102.3445,1,0.032847,181.585060,0.00938726,33.7743,0,0.000000,0.000000
2018-02-07,-0.00017789,102.3267,1,0.038999,283.734560,-0.00810041,32.9643,1,0.029951,275.805714
2018-02-08,0.00519560,102.8463,1,0.056930,280.574430,-0.00459521,32.5048,1,0.046851,379.101430
2018-02-09,0.00401850,103.2481,1,0.026870,257.247390,-0.00521179,31.9836,0,0.000000,0.000000
2018-02-12,0.00840876,104.0890,1,0.036654,342.526460,0.00124314,32.1079,0,0.000000,0.000000
2018-02-13,-0.00515647,103.5734,1,0.061847,262.706190,0.00098179,32.2061,0,0.000000,0.000000
2018-02-14,-0.00349767,103.2236,1,0.041547,181.046120,0.00283968,32.4901,1,0.058992,299.549072
2018-02-15,-0.00181410,103.0422,1,0.018440,143.785880,-0.01737374,30.7527,1,0.051414,323.187860
2018-02-16,0.01007030,104.0492,1,0.032750,201.585370,0.00487633,31.2403,1,0.040227,341.937760
2018-02-20,0.01116447,105.1657,1,0.036823,201.237260,-0.01170538,30.0698,1,0.038198,260.723700
2018-02-21,-0.00568544,104.5971,1,0.039154,240.570990,-0.01355581,28.7142,1,0.054301,339.847820
2018-02-22,0.02554065,107.1512,1,0.060735,219.886750,-0.01986133,26.7281,1,0.070493,319.674280
2018-02-23,-0.00660243,106.4909,1,0.040353,221.263600,0.00579533,27.3076,1,0.071547,400.335520
2018-02-26,0.00265699,106.7566,1,0.046071,203.349130,-0.00476364,26.8312,0,0.000000,0.000000
2018-02-27,-0.00613046,106.1436,1,0.015576,141.748350,-0.00397332,26.4339,1,0.053142,345.014677
2018-02-28,0.00099647,106.2432,1,0.033173,239.355990,-0.00045970,26.3879,0,0.000000,0.000000
2018-03-01,-0.00109584,106.1336,1,0.057044,259.941020,0.00465001,26.8529,0,0.000000,0.000000
2018-03-02,-0.00437567,105.6961,1,0.087127,221.094620,-0.00069523,26.7834,1,0.036683,277.159956
2018-03-05,0.01345059,107.0411,1,0.043281,241.527520,-0.00885270,25.8981,1,0.054590,341.919000
2018-03-06,0.00103630,107.1448,1,0.047000,242.591440,0.00590406,26.4885,0,0.000000,0.000000
2018-03-07,0.00555288,107.7001,1,0.057112,201.800370,-0.00164934,26.3236,1,0.053694,322.809137
2018-03-08,-0.00253662,107.4464,1,0.019382,160.857700,-0.00482545,25.8411,1,0.046715,340.561300
2018-03-09,-0.00461706,106.9847,1,0.021396,161.192280,-0.00330458,25.5106,1,0.030718,301.404850
2018-03-12,0.00625045,107.6097,1,0.022065,182.770410,-0.00211392,25.2992,0,0.000000,0.000000
2018-03-13,0.00164114,107.7739,1,0.028286,200.761870,0.00076267,25.3755,1,0.033093,322.854671
2018-03-14,0.00092056,107.8659,1,0.037924,220.239780,-0.00352230,25.0233,1,0.045270,340.423080
2018-03-15,0.00081865,107.9478,1,0.031255,180.454100,0.00281734,25.3050,1,0.045466,318.774260
2018-03-16,0.00138484,108.0863,1,0.016476,160.081840,0.00600968,25.9060,1,0.037262,340.079340
2018-03-19,-0.00035867,108.0504,1,0.023137,200.997580,-0.00076483,25.8295,1,0.032223,321.877030
2018-03-20,-0.00307554,107.7428,1,0.026664,239.718950,-0.00255129,25.5743,0,0.000000,0.000000
2018-03-21,0.00351095,108.0939,1,0.020685,180.809970,-0.00693141,24.8812,1,0.038991,339.019081
2018-03-22,-0.00007371,108.0866,1,0.044431,241.252780,-0.00816361,24.0648,1,0.042341,360.646430
2018-03-23,-0.00980362,107.1062,1,0.037732,297.630400,0.00188688,24.2535,0,0.000000,0.000000
2018-03-26,0.00847021,107.9532,1,0.020979,181.349950,0.00103515,24.3570,0,0.000000,0.000000
2018-03-27,0.01402553,109.3558,1,0.044417,324.367560,-0.01326203,23.0308,0,0.000000,0.000000
2018-03-28,-0.00408190,108.9476,1,0.049180,356.878310,0.02140804,25.1716,1,0.039006,336.340344
2018-03-29,0.01359000,110.3066,1,0.060240,241.449650,-0.01030188,24.1415,1,0.041428,242.161490
2018-04-02,0.00866913,111.1735,1,0.055907,262.974880,0.00875545,25.0170,0,0.000000,0.000000
2018-04-03,0.01039980,112.2135,1,0.047030,336.252140,0.00160157,25.1772,0,0.000000,0.000000
2018-04-04,-0.00062120,112.1514,1,0.058850,382.513810,-0.00012760,25.1644,0,0.000000,0.000000
2018-04-05,0.00393871,112.5452,1,0.025919,182.641570,-0.00891939,24.2725,0,0.000000,0.000000
2018-04-06,-0.00179911,112.3653,1,0.024901,201.472630,-0.00348052,23.9244,1,0.057622,364.442109
2018-04-09,-0.00386085,111.9792,1,0.049335,297.475370,0.00138116,24.0625,0,0.000000,0.000000
2018-04-10,-0.00920070,111.0592,1,0.039360,300.858770,0.01252269,25.3148,1,0.038361,297.583377
2018-04-11,-0.00126142,110.9330,1,0.025402,164.184290,-0.00564046,24.7508,0,0.000000,0.000000
2018-04-12,-0.00739455,110.1936,1,0.049225,240.069900,-0.00565978,24.1848,1,0.039108,342.875857
2018-04-13,0.01161663,111.3552,1,0.038817,202.486270,-0.01395557,22.7892,1,0.044327,361.566330
2018-04-16,-0.00347146,111.0081,1,0.029496,200.103020,-0.00671442,22.1178,1,0.045912,379.842410
2018-04-17,0.01149268,112.1573,1,0.035222,221.728670,-0.00065786,22.0520,0,0.000000,0.000000
2018-04-18,-0.00405881,111.7515,1,0.045271,243.223690,-0.00330122,21.7219,1,0.030222,304.966526
2018-04-19,-0.00221819,111.5296,1,0.036459,261.134610,0.00221920,21.9438,1,0.036180,341.209580
2018-04-20,-0.00449802,111.0798,1,0.034232,219.425340,0.00515930,22.4597,0,0.000000,0.000000
2018-04-23,-0.00641646,110.4382,1,0.025166,120.999530,-0.00682360,21.7774,0,0.000000,0.000000
2018-04-24,-0.01131947,109.3063,1,0.023087,180.755320,0.00887522,22.6649,1,0.039138,338.667761
2018-04-25,-0.01333829,107.9724,1,0.019589,159.730620,-0.00145666,22.5192,1,0.038876,319.945400
2018-04-26,0.00726123,108.6985,1,0.020317,142.059240,-0.00490061,22.0292,1,0.050851,341.800450
2018-04-27,0.00298925,108.9975,1,0.026125,162.414420,-0.00147352,21.8818,1,0.054152,381.586790
2018-04-30,-0.00373434,108.6240,1,0.040664,220.288070,-0.00116463,21.7653,1,0.054913,359.993440
2018-05-01,0.00198134,108.8222,1,0.025906,160.451070,0.00430338,22.1957,0,0.000000,0.000000
2018-05-02,0.00259499,109.0817,1,0.059361,181.526260,-0.00692254,21.5034,1,0.024304,260.335060
2018-05-03,0.00263297,109.3450,1,0.041243,239.559220,0.00208949,21.7124,1,0.047171,319.374230
2018-05-04,0.00582744,109.9277,1,0.031656,220.624120,-0.00410631,21.3017,1,0.067971,340.711080
2018-05-07,0.00520824,110.4485,1,0.048026,282.549540,-0.00889355,20.4124,0,0.000000,0.000000
2018-05-08,-0.00214834,110.2337,1,0.032504,241.121990,0.01875060,22.2874,1,0.038220,362.897552
2018-05-09,-0.00662094,109.5716,1,0.033834,180.917110,0.00382175,22.6696,1,0.036685,222.496620
2018-05-10,-0.00005466,109.5661,1,0.025316,201.072300,-0.00398874,22.2707,1,0.030994,261.027560
2018-05-11,-0.00868491,108.6977,1,0.024621,201.977650,-0.00411319,21.8594,0,0.000000,0.000000
2018-05-14,0.02077152,110.7748,1,0.022098,180.710010,-0.01391210,20.4682,1,0.039990,362.995911
2018-05-15,-0.01334243,109.4406,1,0.032513,241.704970,0.01474232,21.9424,1,0.047238,341.248700
2018-05-16,-0.00227277,109.2133,1,0.028647,201.190990,0.00511199,22.4536,1,0.033361,261.545770
2018-05-17,0.00068597,109.2819,1,0.029133,200.970230,-0.00051492,22.4022,1,0.030382,281.857340
2018-05-18,0.00563658,109.8455,1,0.022382,180.755550,-0.00162648,22.2395,1,0.030878,300.760350
2018-05-21,-0.00215462,109.6301,1,0.027382,220.895760,0.00993667,23.2332,1,0.029533,301.141650
2018-05-22,0.00750106,110.3802,1,0.031884,222.400560,0.00288843,23.5220,1,0.035137,282.499340
2018-05-23,0.00759981,111.1402,1,0.025709,180.700630,-0.00655646,22.8664,1,0.039316,300.589920
2018-05-24,0.00980900,112.1211,1,0.041680,299.745410,-0.00302644,22.5637,1,0.041334,340.265250
2018-05-25,-0.00573745,111.5473,1,0.033635,241.195800,0.00199656,22.7634,1,0.042574,320.737070
2018-05-29,-0.00499817,111.0475,1,0.024857,180.931250,0.01336689,24.1001,1,0.035731,281.532110
2018-05-30,0.00278530,111.3260,1,0.031730,240.075640,-0.00556539,23.5435,1,0.036899,260.075300
2018-05-31,-0.00567033,110.7590,1,0.035463,282.882900,-0.00077217,23.4663,0,0.000000,0.000000
2018-06-01,0.00141016,110.9000,1,0.026524,219.272490,-0.00645447,22.8209,0,0.000000,0.000000
2018-06-04,-0.00920752,109.9793,1,0.043592,321.963500,0.00188406,23.0093,1,0.060124,382.617762
2018-06-05,-0.00144900,109.8344,1,0.024070,201.065940,0.00455780,23.4651,1,0.028500,261.880450
2018-06-06,-0.00958693,108.8757,1,0.035813,241.189630,0.00624189,24.0892,1,0.038781,261.049120
2018-06-07,0.00133608,109.0093,1,0.023012,162.461600,-0.00100055,23.9892,1,0.038455,322.296230
2018-06-08,-0.00483194,108.5261,1,0.030794,200.914900,0.00206539,24.1957,1,0.037581,340.386500
2018-06-11,-0.00050463,108.4756,1,0.034803,241.820060,-0.00035073,24.1607,0,0.000000,0.000000
2018-06-12,-0.00285320,108.1903,1,0.033840,200.687020,0.00109017,24.2697,1,0.035273,342.142234
2018-06-13,-0.00154372,108.0359,1,0.027572,181.820160,-0.00274650,23.9950,1,0.040220,281.792230
2018-06-14,0.00000838,108.0368,1,0.040132,219.902120,-0.00305614,23.6894,1,0.057554,318.695710
2018-06-15,-0.00959907,107.0769,1,0.028777,181.166110,0.00336339,24.0257,1,0.040801,321.197280
2018-06-18,-0.00472701,106.6042,1,0.021141,179.507450,0.00310671,24.3364,1,0.034629,300.433160
2018-06-19,0.00672647,107.2768,1,0.027423,199.936880,0.00774100,25.1105,1,0.032640,300.818760
2018-06-20,0.00079944,107.3568,1,0.033756,200.941850,-0.00100294,25.0102,1,0.034964,260.147440
2018-06-21,-0.01102974,106.2538,1,0.037454,221.788280,0.00959736,25.9700,1,0.043094,301.329710
2018-06-22,-0.00591547,105.6622,1,0.028477,220.049980,0.01299217,27.2692,1,0.025083,260.718170
2018-06-25,-0.00828220,104.8340,1,0.023550,162.142190,0.00655953,27.9251,1,0.030957,261.758900
2018-06-26,0.00119208,104.9532,1,0.024792,180.718210,-0.00551920,27.3732,1,0.037690,319.321830
2018-06-27,-0.00217319,104.7359,1,0.020999,200.571060,-0.00020413,27.3528,1,0.034693,360.243610
2018-06-28,-0.00391675,104.3442,1,0.025645,238.908180,0.00286450,27.6392,0,0.000000,0.000000
2018-06-29,0.00366338,104.7106,1,0.016822,181.322710,0.00261464,27.9007,1,0.032446,318.740857
2018-07-02,0.01158316,105.8689,1,0.041384,180.980020,-0.00337420,27.5633,1,0.047570,260.803310
2018-07-03,0.00686263,106.5551,1,0.067767,260.257040,-0.01053377,26.5099,1,0.063087,320.347270
2018-07-05,0.00419506,106.9746,1,0.045194,219.910290,-0.00283390,26.2265,1,0.084750,399.559350
2018-07-06,-0.00208567,106.7661,1,0.030307,202.167160,-0.00188636,26.0379,0,0.000000,0.000000
2018-07-09,-0.00049796,106.7163,1,0.030076,201.024080,-0.00173701,25.8642,0,0.000000,0.000000
2018-07-10,0.00516895,107.2332,1,0.027215,182.856000,-0.00495288,25.3689,1,0.045228,325.594188
2018-07-11,-0.00868195,106.3650,1,0.027435,200.665670,0.00224130,25.5930,1,0.042090,380.390460
2018-07-12,0.00706089,107.0711,1,0.031671,140.949340,-0.00325801,25.2672,1,0.033681,299.153720
2018-07-13,-0.00263862,106.8072,1,0.034482,221.312220,0.00250160,25.5174,1,0.033350,301.567100
2018-07-16,0.00195213,107.0024,1,0.030847,200.831160,-0.00553213,24.9642,1,0.032113,300.901490
2018-07-17,0.00192047,107.1945,1,0.025203,200.658420,0.00180027,25.1442,1,0.037233,340.084640
2018-07-18,0.00598459,107.7929,1,0.043031,181.605830,0.00206712,25.3509,1,0.071748,341.462840
2018-07-19,0.01454851,109.2478,1,0.034639,200.831690,-0.01947281,23.4036,1,0.046961,301.191480
2018-07-20,-0.00472567,108.7752,1,0.024687,180.065630,0.00103573,23.5072,1,0.039437,359.814960
2018-07-23,-0.00263269,108.5119,0,0.000000,0.000000,-0.00204091,23.3031,1,0.045741,300.252590
2018-07-24,-0.01108909,107.4030,1,0.020219,200.052116,-0.00808692,22.4944,1,0.049242,340.657650
2018-07-25,-0.00887467,106.5156,1,0.022167,180.601030,0.00349829,22.8443,1,0.033451,321.960590
2018-07-26,0.00742410,107.2580,1,0.019140,162.348960,-0.00007321,22.8369,1,0.026751,303.012280
2018-07-27,-0.01793965,105.4640,1,0.029495,243.852650,0.02243645,25.0806,1,0.036135,342.125950
2018-07-30,-0.01051606,104.4124,1,0.032436,220.763410,0.00573713,25.6543,1,0.035147,241.088920
2018-07-31,-0.00549707,103.8627,1,0.030417,200.452010,0.00624450,26.2787,1,0.034500,259.930540
2018-08-01,0.01684635,105.5473,1,0.027995,182.219070,-0.00448418,25.8303,1,0.052558,282.169350
2018-08-02,0.00697413,106.2447,1,0.076907,280.101010,0.01265113,27.0954,1,0.062477,340.177940
2018-08-03,0.00206521,106.4513,1,0.043699,203.669140,-0.01389759,25.7057,1,0.042569,262.729890
2018-08-06,-0.00671090,105.7802,1,0.026700,221.175880,-0.00209052,25.4966,1,0.042622,359.951990
2018-08-07,0.02090057,107.8702,1,0.027343,220.437410,-0.00567414,24.9292,1,0.036694,341.076890
2018-08-08,-0.00102716,107.7675,1,0.025986,222.768440,-0.00883834,24.0454,1,0.034594,300.902220
2018-08-09,-0.00062548,107.7050,1,0.030128,260.515370,-0.00072404,23.9730,1,0.044434,359.655920
2018-08-10,-0.00838110,106.8669,1,0.038790,200.977920,0.01185618,25.1586,1,0.031862,300.770030
2018-08-13,-0.00500816,106.3660,1,0.024216,180.267740,0.00824331,25.9829,0,0.000000,0.000000
2018-08-14,-0.00440884,105.9252,1,0.025964,140.793760,0.00324281,26.3072,1,0.028919,299.690427
2018-08-15,-0.00155783,105.7694,1,0.032693,201.871840,0.00661578,26.9688,0,0.000000,0.000000
2018-08-16,0.00836073,106.6055,1,0.034567,279.180970,-0.00489347,26.4794,1,0.029487,302.045247
2018-08-17,0.00502527,107.1080,1,0.052613,281.775520,-0.00531253,25.9482,1,0.038003,321.508980
2018-08-20,-0.00055271,107.0527,1,0.029331,240.694660,0.00389843,26.3380,1,0.042837,380.872910
2018-08-21,0.00200233,107.2529,1,0.022587,201.187620,-0.00215919,26.1221,1,0.038289,320.918380
2018-08-22,-0.00183846,107.0691,1,0.025936,220.898080,-0.00094206,26.0279,1,0.034946,320.999770
2018-08-23,-0.01118584,105.9505,1,0.026284,220.009810,0.00197103,26.2250,1,0.035897,320.074480
2018-08-24,-0.00045203,105.9053,1,0.020023,200.378320,-0.00301837,25.9232,1,0.030667,340.092940
2018-08-27,0.00044854,105.9502,1,0.017836,141.207280,0.00961810,26.8850,1,0.032350,341.108890
2018-08-28,-0.00151509,105.7987,1,0.028349,181.666150,-0.00333371,26.5516,1,0.025801,261.763020
2018-08-29,-0.00479305,105.3193,1,0.028115,221.148760,0.00020623,26.5722,1,0.046007,340.386230
2018-08-30,0.00150261,105.4696,1,0.022149,160.685090,-0.00475419,26.0968,1,0.051559,300.858990
2018-08-31,-0.00506313,104.9633,1,0.021133,199.372590,-0.00400494,25.6963,1,0.035654,278.928080
2018-09-04,0.00139820,105.1031,1,0.027480,240.735940,-0.00259817,25.4365,1,0.038937,320.882020
2018-09-05,0.01180945,106.2841,1,0.041315,160.738140,0.00709187,26.1457,1,0.048283,300.194300
2018-09-06,-0.00566956,105.7171,1,0.046256,300.443320,0.01489721,27.6354,1,0.041429,260.447390
2018-09-07,-0.00526221,105.1909,1,0.017791,220.865440,0.00809724,28.4451,1,0.030446,261.548530
2018-09-10,0.00135918,105.3268,1,0.029112,259.094630,-0.00614611,27.8305,1,0.040871,320.041250
2018-09-11,0.00081041,105.4078,1,0.020689,200.827450,-0.00866994,26.9635,1,0.045164,340.753820
2018-09-12,-0.00131229,105.2766,1,0.022309,220.625410,-0.00249630,26.7139,1,0.039720,340.792110
2018-09-13,-0.00374917,104.9017,1,0.017947,160.271720,0.00732710,27.4466,1,0.027100,301.152490
2018-09-14,0.00546154,105.4479,1,0.028276,181.936550,-0.00150816,27.2958,1,0.032226,281.650630
2018-09-17,0.00896300,106.3442,1,0.022110,200.509390,-0.01359183,25.9366,1,0.035773,340.562650
2018-09-18,0.00502513,106.8467,1,0.027967,239.367430,-0.00837344,25.0993,1,0.043194,358.750190
2018-09-19,0.00180161,107.0268,1,0.030589,260.877500,-0.00375721,24.7235,1,0.049471,400.468210
2018-09-20,-0.00696455,106.3304,1,0.021865,201.016310,0.00330228,25.0538,1,0.035682,320.773050
2018-09-21,-0.00437560,105.8928,1,0.020920,202.238150,0.00339309,25.3931,1,0.029731,302.141630
2018-09-24,-0.00296843,105.5960,1,0.018753,161.078340,0.00186803,25.5799,1,0.039077,280.767200
2018-09-25,0.00155538,105.7515,1,0.012202,160.926270,0.00333452,25.9133,0,0.000000,0.000000
2018-09-26,-0.00601812,105.1497,1,0.027762,200.863000,0.00373408,26.2867,1,0.047352,319.632576
2018-09-27,-0.00037010,105.1127,1,0.041240,279.346930,0.00237165,26.5239,1,0.039435,339.198820
2018-09-28,0.00237553,105.3502,1,0.035697,221.257530,0.00216958,26.7409,1,0.025172,260.871240
2018-10-01,-0.00116918,105.2333,1,0.038128,241.085290,-0.00276577,26.4643,1,0.037697,320.557810
2018-10-02,0.00858640,106.0920,1,0.043610,260.196230,-0.00002209,26.4621,1,0.045409,340.233680
2018-10-03,0.00088932,106.1809,1,0.039268,241.208990,-0.01698971,24.7631,1,0.054741,340.856900
2018-10-04,-0.00609706,105.5712,1,0.030346,220.526360,0.00128829,24.8919,1,0.039511,379.360690
2018-10-05,-0.00479305,105.0919,1,0.016265,181.384680,0.00921812,25.8137,1,0.028438,319.247760
2018-10-08,-0.01007181,104.0847,1,0.043221,220.446080,0.01735177,27.5489,1,0.023393,260.493290
2018-10-09,-0.01371871,102.7128,1,0.032441,202.297720,0.01800819,29.3497,1,0.026021,222.059750
2018-10-10,-0.00508713,102.2041,1,0.019503,180.522390,0.01576897,30.9266,1,0.036393,260.954740
2018-10-11,0.00674231,102.8783,1,0.025309,200.326870,-0.00577293,30.3493,0,0.000000,0.000000
2018-10-12,-0.01411065,101.4673,1,0.019165,162.032600,0.00250938,30.6003,0,0.000000,0.000000
2018-10-15,0.00083884,101.5512,1,0.033666,262.162160,-0.00704975,29.8953,1,0.051305,315.384779
2018-10-16,0.00067163,101.6183,1,0.027357,240.111930,-0.00703553,29.1918,1,0.037433,300.422250
2018-10-17,-0.00324412,101.2939,1,0.026312,223.903160,-0.01194815,27.9969,0,0.000000,0.000000
2018-10-18,-0.00151160,101.1428,1,0.019540,180.848900,-0.00194426,27.8025,1,0.043766,363.777002
2018-10-19,0.00259672,101.4024,1,0.038068,179.747560,0.00098264,27.9008,0,0.000000,0.000000
2018-10-22,-0.00273559,101.1289,1,0.040189,200.587240,-0.01235592,26.6652,1,0.034812,297.100214
2018-10-23,-0.00351629,100.7772,1,0.026619,240.553410,-0.01686771,24.9784,1,0.050901,380.006680
2018-10-24,-0.01367697,99.4095,1,0.033127,200.198090,0.00645601,25.6240,1,0.083229,340.706570
2018-10-25,-0.00038561,99.3710,1,0.032661,219.021050,0.02114252,27.7383,0,0.000000,0.000000
2018-10-26,-0.01212176,98.1588,1,0.060836,324.300320,0.01300925,29.0392,1,0.047225,281.492940
2018-10-29,-0.00906637,97.2522,1,0.076817,277.742100,0.01336449,30.3756,0,0.000000,0.000000
2018-10-30,0.00401083,97.6533,1,0.081947,221.281820,-0.01816526,28.5591,1,0.030596,260.645002
2018-10-31,-0.00140413,97.5128,1,0.051933,265.334190,-0.01891777,26.6673,0,0.000000,0.000000
2018-11-01,-0.00934887,96.5780,1,0.057737,241.974860,0.00838849,27.5062,1,0.044301,365.197415
2018-11-02,0.00643789,97.2217,1,0.055341,203.412270,0.00359937,27.8661,1,0.032693,322.722850
2018-11-05,0.00357777,97.5795,1,0.040273,200.136430,-0.00941116,26.9250,1,0.034106,280.886430
2018-11-06,-0.00476623,97.1029,1,0.021623,143.468750,-0.00442673,26.4823,1,0.043403,322.637150
2018-11-07,0.00645870,97.7488,1,0.026920,182.659220,-0.01764151,24.7182,0,0.000000,0.000000
2018-11-08,0.02006288,99.7551,1,0.042012,223.804010,0.00752221,25.4704,0,0.000000,0.000000
2018-11-09,0.00069803,99.8249,1,0.032667,258.032540,0.00540302,26.0107,1,0.057288,285.513827
2018-11-12,-0.01037907,98.7869,1,0.036337,219.634670,0.01066956,27.0777,1,0.043384,300.051090
2018-11-13,-0.00052144,98.7348,1,0.035854,199.703690,-0.00427056,26.6506,0,0.000000,0.000000
2018-11-14,-0.01159471,97.5753,1,0.041141,260.511850,-0.00507386,26.1432,1,0.045036,318.446330
2018-11-15,0.00310516,97.8859,1,0.036334,160.860310,0.01609728,27.7530,1,0.052392,298.971990
2018-11-16,0.00356274,98.2421,1,0.024626,202.388490,0.00003364,27.7563,1,0.020036,203.592340
2018-11-19,0.00224044,98.4662,1,0.037486,221.586000,-0.00792000,26.9643,1,0.045520,302.727940
2018-11-20,0.00827220,99.2934,1,0.040600,256.765390,-0.01916076,25.0482,1,0.046856,338.616420
2018-11-21,-0.00117444,99.1759,1,0.038934,259.627140,-0.00140100,24.9081,1,0.037160,320.446820
2018-11-23,-0.00509557,98.6664,1,0.029687,182.659170,-0.00187738,24.7204,1,0.051498,321.845040
2018-11-26,-0.00011707,98.6547,1,0.027437,140.716710,-0.00500031,24.2204,1,0.119231,320.866120
2018-11-27,-0.00512411,98.1423,1,0.031211,242.879430,0.01658151,25.8785,0,0.000000,0.000000
2018-11-28,0.00398096,98.5404,1,0.038274,199.401980,-0.01824991,24.0535,1,0.037051,284.024369
2018-11-29,0.00313187,98.8536,1,0.044513,245.312570,0.00485491,24.5390,0,0.000000,0.000000
2018-11-30,0.00941784,99.7953,1,0.030986,239.782780,-0.00412301,24.1267,1,0.036381,322.932487
2018-12-03,-0.00569720,99.2256,1,0.040090,261.589250,-0.00196625,23.9301,1,0.055665,361.751720
2018-12-04,0.00380740,99.6064,1,0.029520,182.179450,-0.02049343,21.8808,1,0.045203,322.258160
2018-12-06,0.00554941,100.1613,1,0.056149,277.277440,-0.00034554,21.8462,0,0.000000,0.000000
2018-12-07,-0.00217238,99.9441,1,0.036498,280.840430,0.00338285,22.1845,1,0.039535,316.793453
2018-12-10,-0.00995058,98.9490,1,0.046438,279.065760,0.00038808,22.2233,0,0.000000,0.000000
2018-12-11,-0.01174703,97.7743,1,0.048263,262.250960,0.00246863,22.4702,1,0.044457,279.671854
2018-12-12,-0.00604733,97.1696,1,0.020983,161.523880,0.00224149,22.6943,1,0.036631,280.817080
2018-12-13,0.00581306,97.7509,1,0.029404,182.112990,-0.00821436,21.8729,1,0.049136,302.703040
2018-12-14,0.01151888,98.9028,1,0.035652,200.409510,0.00611863,22.4847,1,0.053237,320.143100
2018-12-17,0.00232324,99.1351,1,0.044576,240.731900,-0.01684269,20.8005,0,0.000000,0.000000
2018-12-18,0.00459905,99.5950,1,0.035845,161.298120,-0.00620378,20.1801,0,0.000000,0.000000
2018-12-19,0.01548493,101.1435,1,0.054997,281.907710,-0.00453757,19.7263,1,0.038197,297.103912
2018-12-20,-0.01245514,99.8980,1,0.058714,317.154970,-0.00085418,19.6409,0,0.000000,0.000000
2018-12-21,-0.00087267,99.8107,1,0.034477,200.555640,-0.00044186,19.5967,0,0.000000,0.000000
2018-12-24,0.00798619,100.6093,1,0.089141,220.462470,-0.00074894,19.5218,0,0.000000,0.000000
2018-12-26,0.01101127,101.7104,1,0.181853,296.357820,0.00944892,20.4667,0,0.000000,0.000000
2018-12-27,-0.00012553,101.6979,1,0.054103,289.724600,0.00742420,21.2091,0,0.000000,0.000000
2018-12-28,0.00600864,102.2988,1,0.068586,241.920290,0.00230910,21.4400,0,0.000000,0.000000
2018-12-31,-0.00431477,101.8673,1,0.050077,239.974610,0.00142971,21.5830,1,0.048499,299.412118
2019-01-02,-0.00258660,101.6086,1,0.032020,282.777240,-0.01016066,20.5670,0,0.000000,0.000000
2019-01-03,0.01928404,103.5370,1,0.034696,181.457900,-0.01061951,19.5050,1,0.079741,322.069876
2019-01-04,-0.01312621,102.2244,1,0.044791,181.179240,0.01467604,20.9726,0,0.000000,0.000000
2019-01-07,-0.01155402,101.0690,1,0.062442,266.364930,0.00121957,21.0946,0,0.000000,0.000000
2019-01-08,-0.00484146,100.5849,1,0.021486,122.554820,0.00851682,21.9462,1,0.059698,303.571686
2019-01-09,-0.00411634,100.1732,1,0.026084,162.986740,-0.00699489,21.2468,1,0.048679,323.174580
2019-01-10,0.01112534,101.2858,1,0.026006,180.687910,-0.01217776,20.0290,1,0.055126,343.307630
2019-01-11,-0.00799122,100.4866,1,0.033102,221.157760,-0.00215699,19.8133,1,0.053039,342.171870
2019-01-14,0.00020966,100.5076,1,0.033354,181.645980,-0.00135200,19.6781,1,0.058220,281.545920
2019-01-15,0.00713564,101.2212,1,0.024246,180.302980,-0.01042619,18.6355,1,0.037199,320.168240
2019-01-16,-0.00164880,101.0563,1,0.046310,221.784390,0.00877803,19.5133,1,0.053257,381.771340
2019-01-17,0.00066720,101.1230,1,0.047440,241.324870,-0.00895638,18.6176,1,0.051118,321.019540
2019-01-18,-0.01263997,99.8590,1,0.038337,182.158740,0.01067671,19.6853,1,0.065369,362.126560
2019-01-22,0.01501359,101.3604,1,0.047871,223.855520,-0.01308728,18.3766,0,0.000000,0.000000
2019-01-23,0.00361550,101.7219,1,0.044180,240.515190,0.01328361,19.7049,1,0.065549,341.371575
2019-01-24,-0.01166634,100.5553,1,0.043824,200.984130,-0.00216500,19.4884,1,0.036020,241.415110
2019-01-25,-0.01631071,98.9242,1,0.039321,201.465010,0.00599764,20.0882,1,0.046236,342.558260
2019-01-28,0.00657594,99.5818,1,0.021286,182.612830,-0.00205989,19.8822,0,0.000000,0.000000
2019-01-29,-0.00391476,99.1903,1,0.029266,159.993000,-0.00057730,19.8245,1,0.047110,302.152477
2019-01-30,0.00113237,99.3036,1,0.024203,160.735270,0.00222224,20.0467,1,0.038746,301.549020
2019-01-31,0.00218224,99.5218,1,0.029066,202.699660,-0.00682250,19.3645,1,0.042790,282.151510
2019-02-01,0.00873090,100.3949,1,0.029550,201.615570,-0.02657795,16.7067,1,0.043305,302.069140
2019-02-04,0.00756039,101.1509,1,0.049241,240.909460,-0.00051501,16.6552,1,0.066541,400.428570
2019-02-05,0.00130710,101.2816,1,0.024970,201.858540,-0.02143610,14.5115,1,0.037110,301.671900
2019-02-06,-0.00840540,100.4411,1,0.027570,200.805360,0.00580516,15.0921,1,0.046914,381.583740
2019-02-07,0.02902713,103.3438,1,0.031487,181.163930,-0.02285384,12.8067,1,0.043124,280.934570
2019-02-08,0.01145192,104.4890,0,0.000000,0.000000,0.00122777,12.9295,1,0.053343,338.525780
2019-02-11,-0.00313555,104.1754,1,0.043305,317.799900,0.00143548,13.0730,1,0.033892,301.032060
2019-02-12,-0.01197005,102.9784,1,0.050515,241.352150,0.00131426,13.2044,1,0.059124,301.055620
2019-02-13,0.00343099,103.3215,1,0.014821,102.505710,-0.00053820,13.1506,0,0.000000,0.000000
2019-02-14,0.00164829,103.4864,1,0.027841,240.918360,-0.00627566,12.5230,1,0.037286,344.050041
2019-02-15,-0.00291660,103.1947,1,0.037310,180.585390,-0.00482428,12.0406,1,0.051348,260.002560
2019-02-19,0.00187102,103.3818,1,0.025518,201.892950,-0.00359161,11.6815,0,0.000000,0.000000
2019-02-20,-0.01720406,101.6614,1,0.031276,240.569380,0.00208991,11.8904,1,0.051569,363.451984
2019-02-21,0.01443848,103.1053,1,0.031522,182.327470,-0.00882858,11.0076,1,0.049418,301.758920
2019-02-22,-0.00451674,102.6536,1,0.037654,279.691610,0.00417566,11.4252,1,0.050384,379.420780
2019-02-25,-0.00698330,101.9552,1,0.062680,222.348820,-0.00951840,10.4733,0,0.000000,0.000000
2019-02-26,0.00709769,102.6650,1,0.021441,140.988730,-0.00743820,9.7295,1,0.063240,381.190573
2019-02-27,0.01167001,103.8320,1,0.025189,220.381250,0.00039080,9.7686,1,0.049340,359.360620
2019-02-28,0.01320687,105.1527,1,0.037403,260.812490,0.00930230,10.6988,1,0.056720,340.781800
2019-03-01,0.01567666,106.7204,1,0.025214,260.257910,-0.02327829,8.3710,1,0.032219,300.735090
2019-03-04,0.00413454,107.1338,1,0.039946,241.465960,-0.00661510,7.7095,1,0.065520,382.555890
2019-03-05,0.00517617,107.6514,1,0.026313,180.458020,-0.00333663,7.3758,1,0.046083,319.966790
2019-03-06,0.00863925,108.5154,1,0.029725,200.113730,-0.00600829,6.7750,1,0.042229,339.989280
2019-03-07,-0.00035180,108.4802,1,0.038480,219.354990,0.00043268,6.8182,0,0.000000,0.000000
2019-03-08,0.00600311,109.0805,1,0.017349,160.655320,0.00832638,7.6509,1,0.055812,298.554188
2019-03-11,-0.01194547,107.8860,1,0.050027,221.031120,0.00039024,7.6899,1,0.039976,280.613170
2019-03-12,-0.00807974,107.0780,1,0.016244,162.987320,-0.00109405,7.5805,0,0.000000,0.000000
2019-03-13,-0.00294009,106.7840,1,0.027829,202.050410,0.01168768,8.7493,1,0.044982,284.631885
2019-03-14,0.00137658,106.9216,1,0.026232,201.426200,-0.00297893,8.4514,1,0.029193,242.430330
2019-03-15,0.00183678,107.1053,1,0.023452,200.139270,0.00711415,9.1628,1,0.040615,340.243280
2019-03-18,-0.00177295,106.9280,1,0.018615,160.507330,-0.01098185,8.0646,1,0.030335,260.943530
2019-03-19,-0.00068206,106.8598,1,0.025666,180.872160,-0.00204207,7.8604,1,0.051977,341.311470
2019-03-20,-0.00166037,106.6938,1,0.021867,180.300160,0.00547876,8.4083,1,0.047004,320.696970
2019-03-21,-0.01506769,105.1870,1,0.042709,220.526730,0.00552197,8.9605,1,0.053373,320.014200
2019-03-22,0.01205738,106.3927,1,0.029582,183.686040,0.01276242,10.2367,0,0.000000,0.000000
2019-03-25,-0.00224166,106.1686,1,0.050386,258.470460,0.01078145,11.3149,0,0.000000,0.000000
2019-03-26,0.00729548,106.8981,1,0.034262,240.758040,0.00851219,12.1661,1,0.038281,239.887876
2019-03-27,-0.00598139,106.3000,1,0.044579,281.850970,0.00721622,12.8877,0,0.000000,0.000000
2019-03-28,-0.00693380,105.6066,1,0.038510,240.877960,0.00965246,13.8529,1,0.027234,261.436166
2019-03-29,0.00409812,106.0164,1,0.037888,181.839450,-0.00105376,13.7476,0,0.000000,0.000000
2019-04-01,-0.00908887,105.1075,1,0.049797,241.649680,0.00744703,14.4923,1,0.056807,323.734673
2019-04-02,-0.00445806,104.6617,1,0.043896,241.690690,0.00232962,14.7252,1,0.038768,282.919370
2019-04-03,-0.00176849,104.4849,1,0.026509,141.008630,-0.01009230,13.7160,1,0.047100,320.454390
2019-04-04,0.00059238,104.5441,1,0.030462,200.733020,-0.01010360,12.7056,1,0.047450,380.206070
2019-04-05,-0.00776447,103.7677,1,0.036967,180.303040,0.00317731,13.0234,1,0.065639,380.557450
2019-04-08,0.00159558,103.9272,1,0.021282,141.786280,-0.00516204,12.5072,1,0.045064,301.775770
2019-04-09,0.00993948,104.9212,1,0.024332,161.238680,-0.00809200,11.6980,1,0.044420,321.108760
2019-04-10,-0.00797108,104.1241,1,0.047668,239.753460,0.00740766,12.4387,0,0.000000,0.000000
2019-04-11,-0.00050264,104.0738,1,0.032804,181.184920,0.00347056,12.7858,1,0.038164,260.967398
2019-04-12,-0.00925545,103.1482,1,0.026265,160.914040,0.01974497,14.7603,1,0.044093,281.284020
2019-04-15,0.00400804,103.5491,1,0.029666,162.143140,-0.00868989,13.8913,1,0.037879,242.537790
2019-04-16,-0.01914155,101.6349,1,0.023525,180.495710,-0.00339680,13.5516,1,0.053130,359.398850
2019-04-17,-0.01112781,100.5221,1,0.040191,220.200190,0.02416034,15.9677,1,0.045336,301.188530
2019-04-18,0.00634073,101.1562,1,0.022577,121.367250,-0.01361958,14.6057,1,0.039308,221.140510
2019-04-22,-0.00266015,100.8902,1,0.019095,141.538490,-0.00257455,14.3482,1,0.051295,380.988130
2019-04-23,-0.00389938,100.5002,1,0.034438,200.466480,-0.01236687,13.1116,1,0.050397,300.576180
2019-04-24,-0.00483946,100.0163,1,0.029556,182.771940,0.00945872,14.0574,1,0.048638,362.494630
2019-04-25,0.01176348,101.1926,1,0.042822,201.294250,-0.00103413,13.9540,1,0.047283,241.782550
2019-04-26,-0.00579208,100.6134,1,0.045708,240.213510,-0.00605048,13.3490,1,0.059138,320.333090
2019-04-29,-0.00281381,100.3320,1,0.029081,202.496100,0.00195781,13.5447,1,0.044809,342.163810
2019-04-30,0.01198467,101.5305,1,0.028343,201.230460,-0.00344474,13.2003,1,0.044534,300.788450
2019-05-01,-0.01905563,99.6250,0,0.000000,0.000000,-0.00846504,12.3538,1,0.062814,361.449000
2019-05-02,-0.00359712,99.2652,1,0.037692,240.464187,0.00280596,12.6344,0,0.000000,0.000000
2019-05-03,0.00300739,99.5660,1,0.053461,241.835460,-0.00152658,12.4817,1,0.042318,299.621468
2019-05-06,0.00218483,99.7845,1,0.035127,242.905720,0.00209056,12.6908,0,0.000000,0.000000
2019-05-07,-0.00652387,99.1321,1,0.029737,199.948950,0.00641988,13.3327,1,0.036082,262.255242
2019-05-08,-0.00125093,99.0070,0,0.000000,0.000000,-0.00344726,12.9880,0,0.000000,0.000000
2019-05-09,0.00266301,99.2733,1,0.038989,239.736187,-0.00282415,12.7056,1,0.046095,316.863870
2019-05-10,-0.01746903,97.5264,0,0.000000,0.000000,-0.00399872,12.3057,1,0.049882,320.655800
2019-05-13,-0.00420688,97.1057,1,0.033378,200.317709,0.02226626,14.5324,1,0.052754,340.215450
2019-05-14,0.00707011,97.8127,0,0.000000,0.000000,-0.00694600,13.8378,0,0.000000,0.000000
2019-05-15,0.01906226,99.7189,1,0.047524,278.755076,-0.01566046,12.2717,1,0.050856,358.891115
2019-05-16,0.00854306,100.5732,1,0.056964,279.877850,-0.01214081,11.0576,1,0.060141,359.307070
2019-05-17,0.01425181,101.9984,1,0.041059,261.137490,-0.00298052,10.7596,1,0.053772,341.004840
2019-05-20,0.00144945,102.1434,0,0.000000,0.000000,0.01475970,12.2356,1,0.040400,319.982820
2019-05-21,0.00029695,102.1731,0,0.000000,0.000000,-0.00444720,11.7908,1,0.037570,220.939530
2019-05-22,0.02175575,104.3486,1,0.052015,280.432796,0.00109106,11.8999,0,0.000000,0.000000
2019-05-23,0.01034701,105.3833,1,0.043699,260.086990,0.02537604,14.4375,1,0.041706,260.687543
2019-05-24,0.00315956,105.6993,0,0.000000,0.000000,0.00117099,14.5546,0,0.000000,0.000000
2019-05-28,0.00635563,106.3348,1,0.049887,258.879350,0.00488458,15.0431,1,0.046622,278.780317
2019-05-29,0.00241709,106.5766,1,0.038261,238.815030,0.00173471,15.2166,0,0.000000,0.000000
2019-05-30,-0.00625338,105.9512,1,0.027438,141.873810,0.00796909,16.0135,1,0.052651,298.694152
2019-05-31,-0.00689842,105.2614,1,0.026052,181.155200,0.00834988,16.8485,1,0.041872,261.217300
2019-06-03,-0.01244638,104.0167,1,0.030148,220.975330,-0.01222336,15.6261,1,0.041856,299.760500
2019-06-04,-0.01762389,102.2544,1,0.037969,241.851970,-0.00675920,14.9502,1,0.061020,362.234280
2019-06-05,0.01610337,103.8647,1,0.029373,204.153840,-0.01358529,13.5917,0,0.000000,0.000000
2019-06-06,-0.00576268,103.2884,1,0.043148,302.638590,0.00336780,13.9285,1,0.055370,387.211761
2019-06-07,0.00724985,104.0134,1,0.032755,221.374180,-0.00995245,12.9332,1,0.046895,301.088110
2019-06-10,-0.01080847,102.9326,1,0.040807,261.099240,0.01172617,14.1058,1,0.047463,321.702870
2019-06-11,-0.00438815,102.4937,1,0.022435,161.266920,0.00633396,14.7392,1,0.037634,281.883360
2019-06-12,0.01802395,104.2961,1,0.034175,220.529260,-0.00505677,14.2336,1,0.044717,300.416090
2019-06-13,-0.00322930,103.9732,0,0.000000,0.000000,-0.00708771,13.5248,1,0.043641,340.975860
2019-06-14,0.01687274,105.6605,1,0.040936,240.304394,-0.00989233,12.5356,1,0.060003,361.866130
2019-06-17,0.00956325,106.6168,1,0.058295,280.258230,-0.01196035,11.3395,1,0.079755,379.139550
2019-06-18,0.00135385,106.7522,0,0.000000,0.000000,-0.00907584,10.4319,1,0.050384,360.193940
2019-06-19,0.00301275,107.0535,1,0.046475,281.452416,-0.00352036,10.0799,1,0.059406,342.759480
2019-06-20,-0.00501344,106.5521,1,0.051644,240.731910,-0.00849963,9.2299,1,0.069893,380.655390
2019-06-21,-0.00362019,106.1901,1,0.027959,181.392680,0.00549323,9.7793,0,0.000000,0.000000
2019-06-24,0.00194917,106.3850,1,0.024653,161.184180,-0.00414663,9.3646,1,0.048493,301.026452
2019-06-25,0.00773351,107.1584,1,0.034199,219.609810,-0.00257596,9.1070,1,0.048206,300.377790
2019-06-26,-0.03205279,103.9531,0,0.000000,0.000000,-0.00601239,8.5058,1,0.047439,319.035610
2019-06-27,0.00467585,104.4207,0,0.000000,0.000000,-0.00464205,8.0416,1,0.052525,320.572620
2019-06-28,-0.00478241,103.9424,1,0.039031,242.494165,0.00825769,8.8673,0,0.000000,0.000000
2019-07-01,-0.00370703,103.5717,1,0.030773,202.203890,0.00989339,9.8567,0,0.000000,0.000000
2019-07-02,0.01272011,104.8437,1,0.028239,161.365470,-0.00956578,8.9001,1,0.045838,264.349421
2019-07-03,-0.01509974,103.3338,1,0.041294,239.916750,0.00626075,9.5262,1,0.054695,379.449880
2019-07-05,-0.00210649,103.1231,1,0.055189,223.236320,-0.00999183,8.5270,0,0.000000,0.000000
2019-07-08,0.00570556,103.6937,1,0.030924,180.223660,-0.01845769,6.6812,1,0.059999,382.125122
2019-07-09,0.00149267,103.8429,1,0.025473,160.225600,0.00218898,6.9001,1,0.069192,378.315610
2019-07-10,0.00298675,104.1416,1,0.026125,160.528600,-0.00772945,6.1272,1,0.050815,321.186790
2019-07-11,-0.00168080,103.9735,1,0.032620,200.222020,0.00248685,6.3758,1,0.043075,321.129230
2019-07-12,-0.01785403,102.1881,1,0.030553,202.923080,0.00620613,6.9965,1,0.050547,301.620180
2019-07-15,0.00042244,102.2304,1,0.031516,182.545210,-0.00283529,6.7129,1,0.045589,302.454080
2019-07-16,-0.00988265,101.2421,1,0.020715,180.629920,0.00236370,6.9493,1,0.050410,339.891400
2019-07-17,0.00941943,102.1841,1,0.024317,141.997130,-0.01257043,5.6923,1,0.035993,281.430120
2019-07-18,-0.00408519,101.7755,1,0.032459,219.335360,-0.00460932,5.2313,0,0.000000,0.000000
2019-07-19,-0.00647460,101.1281,1,0.035450,221.747680,-0.00060613,5.1707,1,0.044853,318.951721
2019-07-22,0.00234796,101.3629,1,0.038114,220.051370,-0.00460145,4.7106,1,0.057655,319.742880
2019-07-23,0.00318141,101.6810,1,0.026199,201.526570,-0.01731675,2.9789,1,0.050775,360.525490
2019-07-24,-0.01671718,100.0093,1,0.033808,222.384460,0.00383156,3.3620,0,0.000000,0.000000
2019-07-25,0.01397307,101.4066,1,0.023723,181.371030,-0.01122114,2.2399,1,0.048314,363.919538
2019-07-26,0.01061749,102.4684,1,0.044841,220.714890,0.00866259,3.1062,1,0.069151,320.762260
2019-07-29,0.01049113,103.5175,1,0.031457,223.184790,0.00577699,3.6839,1,0.040701,282.235130
2019-07-30,-0.02708790,100.8087,1,0.038620,240.855390,-0.00908173,2.7757,1,0.037453,300.852760
2019-07-31,-0.00930044,99.8786,1,0.053344,222.882610,0.00859520,3.6352,1,0.057020,281.766180
2019-08-01,0.02249620,102.1283,1,0.035060,180.618740,-0.00868216,2.7670,0,0.000000,0.000000
2019-08-02,-0.00070792,102.0575,1,0.021892,163.759320,-0.00655859,2.1112,1,0.054579,337.051078
2019-08-05,0.01262271,103.3197,1,0.035559,199.287340,0.00684655,2.7958,1,0.056475,339.655600
2019-08-06,0.01546437,104.8662,1,0.029933,181.909450,0.00665922,3.4617,0,0.000000,0.000000
2019-08-07,0.00717391,105.5836,1,0.051869,303.028450,0.00525162,3.9869,0,0.000000,0.000000
2019-08-08,0.00035053,105.6186,1,0.032247,221.131680,-0.01262524,2.7244,1,0.053864,278.920101
2019-08-09,0.00764904,106.3835,1,0.032686,243.777640,0.00368999,3.0934,0,0.000000,0.000000
2019-08-12,0.01206609,107.5901,1,0.037061,219.459390,0.00897174,3.9906,1,0.052616,322.168197
2019-08-13,-0.01883217,105.7069,0,0.000000,0.000000,-0.00348202,3.6423,0,0.000000,0.000000
2019-08-14,0.00837108,106.5440,1,0.032752,181.887054,0.01825458,5.4678,0,0.000000,0.000000
2019-08-15,0.01082182,107.6262,0,0.000000,0.000000,0.02681225,8.1490,0,0.000000,0.000000
2019-08-16,-0.00325332,107.3009,1,0.046792,277.826021,-0.01226657,6.9224,1,0.049047,242.526765
2019-08-19,-0.00779600,106.5213,1,0.046480,243.482980,-0.00647138,6.2752,0,0.000000,0.000000
2019-08-20,0.00321238,106.8425,1,0.033652,182.447740,-0.00107602,6.1676,0,0.000000,0.000000
2019-08-21,-0.00703024,106.1395,1,0.047844,239.550470,-0.00489315,5.6783,0,0.000000,0.000000
2019-08-22,0.01502269,107.6418,1,0.024121,121.857480,0.00035747,5.7141,0,0.000000,0.000000
2019-08-23,0.01773674,109.4154,1,0.040356,200.270370,0.00631584,6.3457,1,0.059906,347.218584
2019-08-26,0.00346831,109.7623,0,0.000000,0.000000,0.00015215,6.3609,0,0.000000,0.000000
2019-08-27,-0.01054719,108.7075,1,0.044999,178.614234,0.00733847,7.0947,1,0.071803,317.864571
2019-08-28,0.00058616,108.7662,0,0.000000,0.000000,-0.00705064,6.3897,1,0.050604,340.476070
2019-08-29,-0.01294489,107.4717,1,0.052139,261.382162,-0.01560353,4.8293,0,0.000000,0.000000
2019-08-30,0.00375328,107.8470,1,0.026662,143.319930,-0.00316202,4.5131,0,0.000000,0.000000
2019-09-03,0.02566789,110.4138,1,0.029631,121.127510,0.00108726,4.6218,1,0.069984,385.439621
2019-09-04,-0.01154084,109.2597,0,0.000000,0.000000,-0.00640744,3.9811,1,0.068214,339.073670
2019-09-05,-0.03065443,106.1943,1,0.025233,162.568525,-0.02418990,1.5621,0,0.000000,0.000000
2019-09-06,-0.00068842,106.1254,1,0.025992,143.138070,-0.00804940,0.7571,1,0.043020,381.965221
2019-09-09,-0.03356160,102.7693,1,0.026880,141.968630,-0.00612580,0.1446,1,0.068080,341.052880
2019-09-10,-0.02090899,100.6784,1,0.031119,163.316060,0.02516205,2.6608,1,0.062285,324.144840
2019-09-11,-0.00916805,99.7615,1,0.032715,143.023040,0.00523419,3.1842,1,0.042471,222.800310
2019-09-12,0.00803783,100.5653,1,0.038827,161.606990,0.00228337,3.4125,1,0.064533,302.882470
2019-09-13,-0.00265523,100.2998,1,0.032983,200.384370,-0.00583340,2.8292,1,0.061330,341.091970
2019-09-16,-0.00377477,99.9223,1,0.048057,220.804600,-0.00581560,2.2476,1,0.067210,360.790930
2019-09-17,0.02144455,102.0668,1,0.034875,180.397760,-0.01506443,0.7412,1,0.053973,320.059230
2019-09-18,0.00432576,102.4994,1,0.044844,239.563610,-0.00235338,0.5058,1,0.054398,360.707310
2019-09-19,0.00072293,102.5717,1,0.049987,220.734640,0.00534870,1.0407,1,0.082970,339.865480
2019-09-20,0.00200225,102.7719,1,0.047055,220.280840,0.00627444,1.6682,1,0.051796,300.725300
2019-09-23,0.00364571,103.1364,1,0.026649,161.295460,-0.00589152,1.0790,1,0.040882,280.580700
2019-09-24,0.00740122,103.8766,1,0.061838,280.034560,0.00151692,1.2307,1,0.071208,360.015610
2019-09-25,-0.01496872,102.3797,1,0.031302,180.937960,-0.00028428,1.2023,1,0.061348,339.420440
2019-09-26,0.01275708,103.6554,1,0.025982,142.794950,-0.00537454,0.6648,1,0.053634,342.351180
2019-09-27,0.00334651,103.9901,1,0.046529,220.541850,-0.00947533,-0.2827,1,0.058953,320.211140
2019-09-30,0.00708437,104.6985,1,0.035563,181.230260,-0.01271332,-1.5540,1,0.053312,321.219680
2019-10-01,0.01249156,105.9477,1,0.033284,201.738460,0.00104873,-1.4492,1,0.063997,341.088620
2019-10-02,0.01012238,106.9599,1,0.035622,200.115800,0.00367280,-1.0819,0,0.000000,0.000000
2019-10-03,-0.00058552,106.9013,1,0.033882,140.756880,0.00714941,-0.3670,0,0.000000,0.000000
2019-10-04,-0.00268111,106.6332,1,0.032451,201.548070,-0.00429191,-0.7961,1,0.053001,278.690268
2019-10-07,0.00223362,106.8566,1,0.038288,222.273680,0.00091449,-0.7047,0,0.000000,0.000000
2019-10-08,0.00468542,107.3251,1,0.044108,259.926170,0.01140908,0.4362,1,0.046662,301.750769
2019-10-09,0.00506458,107.8316,0,0.000000,0.000000,-0.00968495,-0.5323,0,0.000000,0.000000
2019-10-10,0.00191141,108.0227,1,0.029319,179.747555,-0.00053891,-0.5862,0,0.000000,0.000000
2019-10-11,-0.02114429,105.9083,1,0.033459,180.733380,0.00901199,0.3150,1,0.061211,340.388932
2019-10-14,0.00749995,106.6583,1,0.020315,123.228390,-0.00603030,-0.2880,0,0.000000,0.000000
2019-10-15,-0.01701430,104.9569,1,0.029410,219.403070,0.00583490,0.2955,1,0.054120,343.849593
2019-10-16,0.00768325,105.7252,1,0.021015,142.255380,-0.00049223,0.2463,0,0.000000,0.000000
2019-10-17,0.00153828,105.8790,1,0.038692,259.785760,-0.00648688,-0.4024,1,0.048398,341.790585
2019-10-18,0.00145136,106.0242,1,0.044474,261.387720,-0.00127488,-0.5299,1,0.059578,361.869710
2019-10-21,-0.00103789,105.9204,1,0.033229,200.293390,-0.00430471,-0.9604,1,0.050121,280.866810
2019-10-22,-0.01021034,104.8993,1,0.031684,220.926960,0.01011610,0.0512,1,0.044460,301.668950
2019-10-23,0.00271046,105.1704,1,0.028594,181.053130,-0.00599708,-0.5485,1,0.050838,281.309870
2019-10-24,0.00926684,106.0971,1,0.039736,220.707800,-0.01541816,-2.0903,1,0.059746,320.896870
2019-10-25,-0.01169269,104.9278,1,0.037449,201.584780,-0.00777716,-2.8680,1,0.052026,319.236750
2019-10-28,-0.01566676,103.3611,1,0.033046,201.227780,0.00841845,-2.0262,1,0.072305,361.496610
2019-10-29,-0.00514694,102.8464,1,0.026904,161.955450,0.00132873,-1.8933,1,0.051287,241.737330
2019-10-30,0.02125729,104.9722,1,0.030071,181.853990,-0.01541003,-3.4343,1,0.052413,301.951480
2019-10-31,-0.00006239,104.9659,1,0.053489,280.639060,-0.01154390,-4.5887,1,0.072810,379.785030
2019-11-01,0.00061984,105.0279,1,0.039266,220.533470,-0.01266210,-5.8549,1,0.063640,319.686300
2019-11-04,-0.01210939,103.8170,1,0.047309,221.626230,0.00953111,-4.9018,1,0.058099,321.141450
2019-11-05,-0.00775516,103.0414,1,0.035616,200.835070,0.00385142,-4.5166,1,0.056648,262.287710
2019-11-06,0.00674127,103.7156,1,0.024133,161.158580,-0.00595121,-5.1118,1,0.063041,300.292490
2019-11-07,-0.00503970,103.2116,1,0.051530,261.078760,-0.03574215,-8.6860,1,0.068665,360.407820
2019-11-08,-0.00781495,102.4301,1,0.031065,180.974800,0.00296759,-8.3892,1,0.059141,382.397630
2019-11-11,0.01074733,103.5048,1,0.023657,121.056850,-0.01678330,-10.0675,1,0.053210,340.778340
2019-11-12,-0.00274046,103.2308,1,0.033346,180.709170,0.00545481,-9.5221,1,0.070599,378.627760
2019-11-13,0.00773488,104.0043,1,0.021672,160.402260,0.00167673,-9.3544,1,0.045327,300.910720
2019-11-14,0.00352869,104.3571,1,0.038401,221.317520,0.00139415,-9.2150,1,0.056325,360.828480
2019-11-15,0.00135258,104.4924,1,0.038372,240.447850,-0.01084222,-10.2992,1,0.052752,340.397620
2019-11-18,0.00470288,104.9627,1,0.025102,223.126310,-0.00997318,-11.2965,1,0.055398,360.779190
2019-11-19,0.01372707,106.3354,1,0.027403,160.045810,0.00039084,-11.2574,1,0.060456,359.653720
2019-11-20,0.00712099,107.0475,1,0.032491,201.164830,0.00124044,-11.1334,1,0.054666,341.136140
2019-11-21,-0.00246117,106.8014,1,0.043807,220.303590,0.00746028,-10.3874,1,0.058872,320.451830
2019-11-22,-0.00119445,106.6819,1,0.023865,160.243410,-0.01079152,-11.4665,1,0.038862,240.198280
2019-11-25,-0.01206620,105.4753,1,0.028290,221.576900,0.01131358,-10.3352,1,0.060022,342.016590
2019-11-26,0.00952169,106.4275,1,0.039431,201.934610,-0.01219584,-11.5547,0,0.000000,0.000000
2019-11-27,-0.00395739,106.0317,1,0.036269,220.768520,-0.00894022,-12.4488,1,0.068412,361.426225
2019-11-29,0.00942765,106.9745,1,0.028085,201.044070,-0.00978399,-13.4272,1,0.061429,361.461770
2019-12-02,0.00626608,107.6011,1,0.047182,199.919490,-0.00176582,-13.6037,0,0.000000,0.000000
2019-12-03,0.00798051,108.3992,1,0.027059,200.775070,-0.00400923,-14.0047,0,0.000000,0.000000
2019-12-04,-0.00584145,107.8150,1,0.031935,161.500570,-0.01047001,-15.0517,1,0.054841,298.053880
2019-12-05,-0.00249328,107.5657,1,0.030828,202.240330,-0.00121371,-15.1730,0,0.000000,0.000000
2019-12-06,-0.00730573,106.8351,1,0.036963,161.449320,-0.00065882,-15.2389,1,0.068502,323.140157
2019-12-09,0.00333683,107.1688,1,0.026777,161.574370,-0.00568661,-15.8076,1,0.062961,301.574480
2019-12-10,0.00497022,107.6658,1,0.037298,239.718360,-0.00966851,-16.7744,1,0.051141,359.727160
2019-12-11,0.00062279,107.7281,1,0.032451,220.715220,-0.00301694,-17.0761,1,0.063744,360.404030
2019-12-12,-0.00627028,107.1011,1,0.036868,240.349910,0.00208000,-16.8681,1,0.064340,321.076750
2019-12-13,0.00404657,107.5057,1,0.046493,202.228280,-0.00687416,-17.5555,1,0.067546,283.369160
2019-12-16,-0.00430207,107.0755,1,0.029837,179.767490,-0.00208871,-17.7644,1,0.061511,339.642050
2019-12-17,-0.00532116,106.5434,1,0.036606,221.356210,0.00124494,-17.6399,1,0.071916,342.112180
2019-12-18,0.01093433,107.6369,1,0.029157,181.057710,-0.00601001,-18.2409,1,0.049481,301.210270
2019-12-19,0.00043963,107.6808,1,0.025437,220.999610,0.00193495,-18.0474,1,0.045125,340.726360
2019-12-20,-0.00228389,107.4524,1,0.022529,201.068360,-0.00717010,-18.7644,1,0.044720,321.856640
2019-12-23,0.00258265,107.7107,1,0.028875,181.311960,-0.01296000,-20.0604,1,0.053780,341.529670
2019-12-24,0.00484579,108.1953,1,0.038021,240.938700,-0.00991343,-21.0518,1,0.071603,381.076380
2019-12-26,-0.00555291,107.6400,1,0.059061,239.977100,0.00100011,-20.9518,1,0.104959,380.137520
2019-12-27,0.00413247,108.0532,1,0.026973,160.648250,-0.00053647,-21.0054,1,0.043447,280.698130
2019-12-30,0.00081212,108.1344,0,0.000000,0.000000,-0.00359830,-21.3652,1,0.046580,320.458880
2019-12-31,-0.00185099,107.9493,1,0.035139,199.751257,0.00290074,-21.0752,1,0.058326,339.691650
