date,model_ret,model_equity,model_rebalanced,model_cost,model_traded,naive_ret,naive_equity,naive_rebalanced,naive_cost,naive_traded
2015-01-02,-0.00088607,99.9114,1,0.029247,200.000000,0.00000000,100.0000,0,0.000000,0.000000
2015-01-05,-0.00686333,99.2251,1,0.022623,161.588760,0.01043497,101.0435,1,0.033743,200.000000
2015-01-06,-0.00981388,98.2437,1,0.025358,180.485170,0.01018385,102.0619,0,0.000000,0.000000
2015-01-07,-0.00198851,98.0448,1,0.011171,81.123150,0.00491659,102.5535,1,0.040941,277.408320
2015-01-08,0.00530530,98.5754,1,0.019130,142.375140,-0.01553994,100.9995,0,0.000000,0.000000
2015-01-09,-0.00681557,97.8938,1,0.018387,123.838820,0.00546656,101.5462,0,0.000000,0.000000
2015-01-12,0.00324910,98.2187,1,0.043630,160.393170,0.01021876,102.5681,1,0.057284,284.140392
2015-01-13,-0.00156753,98.0620,1,0.020473,140.890420,-0.00225355,102.3427,1,0.033355,220.962140
2015-01-14,-0.00523539,97.5384,1,0.022529,161.139560,-0.00448243,101.8945,1,0.052143,319.905920
2015-01-15,-0.01311775,96.2266,1,0.018375,140.792690,0.01282544,103.1770,1,0.061576,320.214360
2015-01-16,0.00694361,96.9210,1,0.021969,180.155800,-0.00813766,102.3633,1,0.054646,240.103140
2015-01-20,-0.00355112,96.5659,1,0.019102,142.748330,-0.00387197,101.9761,0,0.000000,0.000000
2015-01-21,0.00226536,96.7924,1,0.015074,140.937570,-0.00373168,101.6029,1,0.047118,321.906939
2015-01-22,0.01382880,98.1753,1,0.020890,161.149950,-0.01608572,99.9943,1,0.057632,321.495290
2015-01-23,0.00183568,98.3589,1,0.025162,143.003410,-0.00438987,99.5553,0,0.000000,0.000000
2015-01-26,-0.00607092,97.7518,0,0.000000,0.000000,-0.00085234,99.4701,1,0.074554,322.637931
2015-01-27,0.00213695,97.9655,0,0.000000,0.000000,-0.00307848,99.1623,0,0.000000,0.000000
2015-01-28,0.00383554,98.3490,0,0.000000,0.000000,-0.00070565,99.0917,1,0.083115,339.342513
2015-01-29,-0.00534199,97.8148,0,0.000000,0.000000,-0.01516359,97.5753,0,0.000000,0.000000
2015-01-30,0.00032695,97.8475,0,0.000000,0.000000,0.00040305,97.6156,0,0.000000,0.000000
2015-02-02,-0.00458531,97.3890,0,0.000000,0.000000,-0.00468077,97.1476,0,0.000000,0.000000
2015-02-03,0.01307523,98.6965,1,0.011857,102.809482,-0.01073291,96.0743,0,0.000000,0.000000
2015-02-04,0.00499299,99.1958,1,0.010421,123.442860,0.00078772,96.1530,0,0.000000,0.000000
2015-02-05,0.00151641,99.3475,1,0.034479,199.733840,-0.01418696,94.7343,1,0.078276,340.924234
2015-02-06,-0.00423196,98.9243,1,0.030246,161.811660,0.00905926,95.6403,0,0.000000,0.000000
2015-02-09,-0.00379000,98.5453,1,0.026610,141.398090,0.00728340,96.3686,1,0.039800,321.357565
2015-02-10,0.00670874,99.2161,1,0.020126,140.609490,-0.00670150,95.6985,1,0.038050,279.587500
2015-02-11,0.00137558,99.3537,1,0.024462,181.718060,0.00042417,95.7409,0,0.000000,0.000000
2015-02-12,-0.00011305,99.3424,1,0.036925,200.899580,0.00429535,96.1704,1,0.048895,302.072064
2015-02-13,-0.01595214,97.7472,1,0.024014,182.725480,0.01641985,97.8124,0,0.000000,0.000000
2015-02-17,-0.00968166,96.7790,1,0.019906,162.205080,0.00474840,98.2872,1,0.046010,224.337316
2015-02-18,0.01797148,98.5762,1,0.041902,141.171060,-0.01298688,96.9885,1,0.067568,280.654730
2015-02-19,-0.01016296,97.5599,1,0.034496,140.058490,-0.01132056,95.8565,1,0.064116,320.406400
2015-02-20,-0.00720580,96.8393,1,0.011600,121.900820,0.00040408,95.8969,1,0.041662,360.063500
2015-02-23,-0.00689286,96.1500,1,0.020186,121.470640,-0.00288801,95.6081,1,0.040751,341.538650
2015-02-24,0.00577128,96.7271,1,0.017072,120.990180,-0.00105505,95.5026,1,0.035385,281.027610
2015-02-25,0.00129964,96.8571,1,0.041796,181.291660,-0.00802722,94.6999,1,0.044902,320.414600
2015-02-26,0.00014763,96.8718,1,0.063257,160.377240,-0.00298430,94.4014,1,0.135330,379.300800
2015-02-27,0.00312029,97.1839,1,0.019371,139.883360,-0.00386555,94.0149,1,0.051035,299.595900
2015-03-02,-0.00388915,96.7950,1,0.027405,180.768040,-0.00127187,93.8877,1,0.032867,319.983100
2015-03-03,0.00283768,97.0787,1,0.015092,141.875430,-0.01251506,92.6362,1,0.047546,361.931040
2015-03-04,-0.01014408,96.0643,1,0.047028,200.185400,0.00128630,92.7648,1,0.065400,379.541440
2015-03-05,-0.00197549,95.8668,1,0.052559,140.692920,-0.00059823,92.7050,1,0.066063,300.158310
2015-03-06,0.00035940,95.9027,1,0.022280,141.214050,0.00444559,93.1496,1,0.034461,281.052740
2015-03-09,0.00379841,96.2826,1,0.029589,160.432360,0.00472766,93.6223,0,0.000000,0.000000
2015-03-10,0.00904111,97.1867,1,0.049359,141.126410,-0.00308531,93.3138,1,0.067721,280.216421
2015-03-11,0.00351737,97.5384,1,0.023863,160.171330,0.00147332,93.4611,0,0.000000,0.000000
2015-03-12,0.00544475,98.0829,1,0.022865,121.159080,-0.00479274,92.9819,1,0.034354,299.670630
2015-03-13,-0.00242315,97.8406,1,0.013475,122.459520,0.00257403,93.2393,0,0.000000,0.000000
2015-03-16,-0.01587053,96.2535,0,0.000000,0.000000,0.00675482,93.9147,0,0.000000,0.000000
2015-03-17,0.00393369,96.6469,1,0.026271,182.881053,0.00168359,94.0831,0,0.000000,0.000000
2015-03-18,-0.00310474,96.3364,0,0.000000,0.000000,-0.01094513,92.9886,1,0.041303,324.624230
2015-03-19,-0.00180761,96.1556,0,0.000000,0.000000,0.00901407,93.8900,0,0.000000,0.000000
2015-03-20,-0.00135640,96.0200,0,0.000000,0.000000,0.00805172,94.6952,1,0.030228,241.507206
2015-03-23,-0.00461950,95.5581,0,0.000000,0.000000,-0.00251659,94.4435,0,0.000000,0.000000
2015-03-24,0.00039010,95.5971,1,0.021990,164.108743,-0.00253166,94.1903,1,0.049366,322.475815
2015-03-25,0.00427738,96.0248,0,0.000000,0.000000,0.00005674,94.1960,1,0.048776,300.035220
2015-03-26,0.00327808,96.3526,1,0.043642,278.782556,0.00217135,94.4131,0,0.000000,0.000000
2015-03-27,0.00118815,96.4714,1,0.016255,140.489250,-0.00757154,93.6560,1,0.057134,337.248991
2015-03-30,0.00389811,96.8612,1,0.028019,181.402590,-0.00604473,93.0515,1,0.045403,320.754200
2015-03-31,0.00242990,97.1042,1,0.022850,163.204390,0.00279785,93.3313,0,0.000000,0.000000
2015-04-01,0.00289070,97.3933,1,0.031950,179.656240,-0.00151582,93.1797,1,0.052252,322.535733
2015-04-02,-0.00151050,97.2422,1,0.019040,120.939100,0.00352515,93.5322,1,0.040555,320.008550
2015-04-06,0.00401584,97.6438,1,0.018716,121.555330,0.00116987,93.6492,1,0.037013,281.378230
2015-04-07,0.00083310,97.7271,1,0.016250,181.309220,-0.00452700,93.1965,0,0.000000,0.000000
2015-04-08,0.00863335,98.5905,1,0.022665,160.163760,-0.00093171,93.1034,1,0.053101,320.209440
2015-04-09,-0.00014721,98.5758,1,0.030151,181.802960,0.00988557,94.0919,0,0.000000,0.000000
2015-04-10,-0.00068949,98.5068,1,0.022259,100.946090,0.00354622,94.4465,1,0.042848,281.385910
2015-04-13,0.00244914,98.7517,1,0.016636,140.924330,-0.00487841,93.9587,1,0.033251,280.990710
2015-04-14,-0.00047206,98.7045,1,0.016506,100.661350,-0.00733792,93.2249,1,0.061922,339.718950
2015-04-15,0.00674118,99.3786,1,0.015472,101.068080,0.00271784,93.4967,1,0.067376,360.149570
2015-04-16,0.00489214,99.8678,1,0.009136,101.197650,-0.00756421,92.7403,1,0.032361,321.208360
2015-04-17,0.00013387,99.8812,1,0.019073,140.674090,0.00348880,93.0891,1,0.053770,379.946340
2015-04-20,0.00465912,100.3471,1,0.022728,160.095600,0.00279883,93.3690,0,0.000000,0.000000
2015-04-21,0.00577946,100.9251,1,0.030334,202.144540,0.00061185,93.4302,0,0.000000,0.000000
2015-04-22,-0.00914017,100.0111,1,0.044107,219.952580,-0.00038498,93.3917,1,0.064748,279.889486
2015-04-23,-0.00174027,99.8370,1,0.026617,121.190330,0.00014949,93.4067,1,0.067501,300.555550
2015-04-24,-0.00310739,99.5263,1,0.040029,181.117830,-0.00018087,93.3886,1,0.031067,301.021510
2015-04-27,0.00193911,99.7202,1,0.028899,140.776630,-0.00262485,93.1261,1,0.045245,260.297900
2015-04-28,-0.00011404,99.7088,1,0.025214,179.943890,0.00483915,93.6100,1,0.063675,358.974660
2015-04-29,-0.00494593,99.2142,1,0.024243,181.020310,0.01493252,95.1033,1,0.047778,301.233510
2015-04-30,-0.00821954,98.3923,1,0.026304,180.270670,0.00227652,95.3309,1,0.052668,281.089030
2015-05-01,-0.00789181,97.6031,1,0.018641,121.921630,0.00244931,95.5758,0,0.000000,0.000000
2015-05-04,0.01040344,98.6434,1,0.045616,182.400900,-0.00436768,95.1391,0,0.000000,0.000000
2015-05-05,-0.00261430,98.3820,1,0.028250,161.554820,0.00998225,96.1373,0,0.000000,0.000000
2015-05-06,-0.00674398,97.7076,1,0.023178,179.927220,0.00202093,96.3394,0,0.000000,0.000000
2015-05-07,0.00447947,98.1555,1,0.013743,101.459760,-0.00492844,95.8465,1,0.065414,299.624747
2015-05-08,0.00027146,98.1827,1,0.028794,221.524650,-0.00011473,95.8351,1,0.055693,341.488310
2015-05-11,0.00053479,98.2362,1,0.018971,162.117960,-0.00351415,95.4837,0,0.000000,0.000000
2015-05-12,-0.00141484,98.0947,1,0.025764,160.705830,-0.00329537,95.1541,1,0.058507,361.623488
2015-05-13,0.00197869,98.2926,1,0.017401,120.719460,-0.01174386,93.9797,1,0.044566,340.447590
2015-05-14,-0.00073663,98.2189,1,0.021063,160.862570,-0.00217938,93.7618,1,0.053008,360.131560
2015-05-15,0.00364248,98.5831,0,0.000000,0.000000,-0.01275088,92.4867,0,0.000000,0.000000
2015-05-18,0.00734617,99.3178,1,0.034313,243.002173,-0.00816422,91.6703,1,0.065322,382.598002
2015-05-19,0.00596487,99.9142,0,0.000000,0.000000,0.00075918,91.7462,1,0.050332,380.735660
2015-05-20,0.00341068,100.2553,1,0.043652,261.311452,-0.00208944,91.5373,1,0.037384,340.257930
2015-05-21,-0.00055294,100.2000,1,0.042094,260.359220,0.00058967,91.5962,1,0.051483,340.988200
2015-05-22,0.00380437,100.5805,1,0.028453,220.922040,0.00422953,92.0192,1,0.037177,300.750230
2015-05-26,0.00026400,100.6069,1,0.034150,239.908390,-0.00477544,91.5416,0,0.000000,0.000000
2015-05-27,0.00205674,100.8125,1,0.031656,259.454310,0.00027577,91.5692,0,0.000000,0.000000
2015-05-28,0.00110714,100.9232,1,0.035826,221.805010,-0.00162902,91.4063,0,0.000000,0.000000
2015-05-29,-0.00696706,100.2265,1,0.028896,200.316240,0.00553905,91.9602,1,0.049295,338.685095
2015-06-01,0.00232997,100.4595,1,0.033063,160.930290,0.00611195,92.5714,0,0.000000,0.000000
2015-06-02,0.00742720,101.2023,1,0.020490,181.246280,-0.00876345,91.6951,1,0.044225,261.094008
2015-06-03,0.00269019,101.4713,1,0.024881,239.960730,0.01507463,93.2025,1,0.042857,359.836340
2015-06-04,0.01019261,102.4905,1,0.030739,161.656760,-0.01331105,91.8714,1,0.022605,201.803860
2015-06-05,-0.00650550,101.8400,1,0.033500,239.961960,0.01550527,93.4219,0,0.000000,0.000000
2015-06-08,0.00569312,102.4093,1,0.020568,161.273690,-0.00778900,92.6430,1,0.018360,140.814427
2015-06-09,-0.00534877,101.8744,1,0.020087,199.530900,0.00557178,93.2002,0,0.000000,0.000000
2015-06-10,0.00480064,102.3545,1,0.019846,180.560270,-0.00207544,92.9927,1,0.027464,220.055262
2015-06-11,-0.00062854,102.2916,1,0.021234,162.220610,-0.00524581,92.4681,0,0.000000,0.000000
2015-06-12,0.00106259,102.3979,1,0.028381,221.159080,0.00474045,92.9421,1,0.047355,383.123013
2015-06-15,-0.00932614,101.4653,1,0.036374,219.924620,0.00728740,93.6709,0,0.000000,0.000000
2015-06-16,-0.00098848,101.3664,1,0.017758,121.038880,-0.00019706,93.6512,0,0.000000,0.000000
2015-06-17,-0.00044639,101.3218,1,0.036459,201.701450,0.00366360,94.0175,0,0.000000,0.000000
2015-06-18,-0.00503793,100.8180,1,0.026553,180.361360,0.00809369,94.8269,1,0.039751,301.132724
2015-06-19,-0.01531096,99.2869,1,0.021476,162.901620,-0.00221182,94.6057,0,0.000000,0.000000
2015-06-22,0.00004841,99.2917,1,0.042989,181.736000,0.00051389,94.6571,1,0.051391,342.009130
2015-06-23,-0.00695880,98.5959,1,0.028430,181.054730,0.00401294,95.0584,1,0.032676,260.943460
2015-06-24,0.00501520,99.0974,0,0.000000,0.000000,-0.00240393,94.8180,1,0.026763,260.546610
2015-06-25,0.00314300,99.4117,1,0.038290,239.100241,0.00015297,94.8333,0,0.000000,0.000000
2015-06-26,0.00359515,99.7712,1,0.022775,180.646270,-0.00211455,94.6219,1,0.047255,357.838082
2015-06-29,-0.00638628,99.1326,1,0.029968,180.529230,0.00827578,95.4494,1,0.039182,320.301120
2015-06-30,0.00627015,99.7596,1,0.039815,180.234320,-0.00246650,95.2028,0,0.000000,0.000000
2015-07-01,0.00104659,99.8642,1,0.024901,181.082470,-0.00622097,94.5807,1,0.046677,337.601273
2015-07-02,0.00550666,100.4149,1,0.034164,162.049380,-0.00227570,94.3531,0,0.000000,0.000000
2015-07-06,-0.00806423,99.6085,1,0.024353,179.631490,0.00686538,95.0397,1,0.048902,342.370977
2015-07-07,-0.01592925,98.0156,1,0.029775,180.997810,0.00656158,95.6958,1,0.047832,320.851520
2015-07-08,-0.01390870,96.6247,1,0.027230,102.130230,0.01921328,97.6171,1,0.044832,301.903490
2015-07-09,0.00820251,97.4449,1,0.027829,141.337160,-0.01122892,96.4943,0,0.000000,0.000000
2015-07-10,0.00250146,97.6951,1,0.029844,201.475140,0.00919322,97.4136,1,0.047998,377.705627
2015-07-13,0.00380083,98.0752,1,0.028527,202.292090,0.01236627,98.6502,0,0.000000,0.000000
2015-07-14,0.00260684,98.3359,1,0.010316,121.913030,0.00110067,98.7603,1,0.024253,223.545962
2015-07-15,0.00271456,98.6073,1,0.036254,180.559200,-0.00213516,98.5468,0,0.000000,0.000000
2015-07-16,0.00165461,98.7728,1,0.016899,140.626270,0.00252263,98.7990,1,0.048717,360.340840
2015-07-17,-0.00353476,98.4193,1,0.010236,102.043340,-0.00056951,98.7421,0,0.000000,0.000000
2015-07-20,-0.00314821,98.1045,1,0.027001,140.551560,0.00725482,99.4675,1,0.045068,321.163179
2015-07-21,-0.00834757,97.2697,1,0.028257,161.394060,0.00804402,100.2719,1,0.037498,301.108690
2015-07-22,0.00301451,97.5712,1,0.017509,140.924600,0.00207420,100.4794,1,0.039540,320.473000
2015-07-23,0.01030454,98.6016,1,0.026216,181.566680,-0.00258506,100.2209,1,0.035286,300.698040
2015-07-24,-0.00701955,97.8997,1,0.028835,201.635690,0.02602081,102.8229,1,0.051599,339.327560
2015-07-27,-0.00626729,97.2729,1,0.016979,140.822480,-0.00487390,102.3356,1,0.031150,281.734340
2015-07-28,0.01291192,98.5641,1,0.017168,101.003510,-0.01061564,101.2740,1,0.047234,301.233300
2015-07-29,0.00447476,99.0116,1,0.032904,202.971300,-0.00086978,101.1870,0,0.000000,0.000000
2015-07-30,0.00162174,99.1738,1,0.032556,201.997940,0.00156429,101.3434,0,0.000000,0.000000
2015-07-31,-0.00373324,98.8005,1,0.028424,181.401030,0.00967647,102.3111,1,0.046223,326.386298
2015-08-03,-0.00663587,98.1369,1,0.018747,141.202420,0.00313440,102.6245,1,0.033870,241.383650
2015-08-04,0.00448949,98.5858,1,0.011781,81.049000,-0.01047078,101.5774,1,0.033128,280.860590
2015-08-05,0.00136765,98.7226,1,0.032905,200.459890,0.00024013,101.6015,1,0.043217,340.821030
2015-08-06,0.01790410,100.5130,1,0.037120,241.170170,-0.01785470,99.8160,1,0.046880,301.237830
2015-08-07,-0.00132893,100.3801,1,0.038013,239.301530,0.00413123,100.2291,1,0.051817,359.113610
2015-08-10,0.00373597,100.7537,1,0.031243,141.379240,-0.01989101,98.2400,1,0.045801,260.673840
2015-08-11,-0.00249413,100.5043,1,0.021533,121.940260,0.01203615,99.4436,0,0.000000,0.000000
2015-08-12,-0.01365742,99.1385,1,0.030082,180.334740,0.01054064,100.4977,1,0.033756,241.409414
2015-08-13,0.00962881,100.1014,1,0.014629,101.665800,-0.01469675,99.0280,1,0.042555,241.339460
2015-08-14,0.00411077,100.5125,1,0.012053,140.780610,-0.00161454,98.8666,1,0.051934,380.428480
2015-08-17,0.00142980,100.6555,1,0.027500,161.458730,-0.00980893,97.8857,1,0.039253,281.286860
2015-08-18,-0.00249455,100.4060,1,0.031145,181.220960,0.00070702,97.9564,0,0.000000,0.000000
2015-08-19,-0.01001732,99.4043,1,0.021852,180.478590,0.00110147,98.0665,1,0.037583,301.574698
2015-08-20,-0.01098851,98.3054,1,0.018481,141.043460,0.01359752,99.4263,1,0.046058,299.764750
2015-08-21,-0.01074285,97.2312,1,0.028755,180.001070,0.00480220,99.9065,0,0.000000,0.000000
2015-08-24,-0.00213953,97.0172,1,0.019403,122.123970,0.00774039,100.6805,0,0.000000,0.000000
2015-08-25,0.00573681,97.5909,1,0.038459,143.525590,-0.00047205,100.6333,0,0.000000,0.000000
2015-08-26,0.00159362,97.7502,1,0.024898,162.864000,0.00032948,100.6663,0,0.000000,0.000000
2015-08-27,0.00420418,98.1707,1,0.057142,265.996360,-0.00984665,99.6816,0,0.000000,0.000000
2015-08-28,-0.00328996,97.8417,1,0.023976,164.708560,-0.01331685,98.3499,0,0.000000,0.000000
2015-08-31,-0.00114459,97.7272,1,0.026869,101.299920,0.01225110,99.5750,1,0.068130,371.830320
2015-09-01,0.00068253,97.7955,1,0.024757,140.396230,-0.00423198,99.1518,1,0.044518,260.300120
2015-09-02,-0.00190659,97.6048,1,0.034709,219.325110,0.00204164,99.3560,0,0.000000,0.000000
2015-09-03,0.00240904,97.8457,1,0.042126,263.960850,0.00411652,99.7677,0,0.000000,0.000000
2015-09-04,-0.00177823,97.6679,1,0.012713,101.419290,0.00272171,100.0398,0,0.000000,0.000000
2015-09-08,-0.00060656,97.6072,1,0.024686,160.220790,0.00019412,100.0592,0,0.000000,0.000000
2015-09-09,-0.00197669,97.4096,1,0.035719,204.695690,0.00433315,100.4925,0,0.000000,0.000000
2015-09-10,0.00094494,97.5041,0,0.000000,0.000000,-0.00196674,100.2959,0,0.000000,0.000000
2015-09-11,0.00088176,97.5922,1,0.021654,140.899163,-0.00243016,100.0529,1,0.058936,359.477315
2015-09-14,0.00311144,97.9034,1,0.025116,181.405930,-0.00044383,100.0085,0,0.000000,0.000000
2015-09-15,0.00394718,98.2981,0,0.000000,0.000000,-0.00027210,99.9813,1,0.058500,321.335190
2015-09-16,-0.00096805,98.2013,1,0.030195,221.371388,0.00471072,100.4523,0,0.000000,0.000000
2015-09-17,-0.00447031,97.7543,0,0.000000,0.000000,0.00734387,101.1867,0,0.000000,0.000000
2015-09-18,-0.00027778,97.7265,0,0.000000,0.000000,0.01323249,102.5100,1,0.042251,223.691368
2015-09-21,0.00995664,98.7221,0,0.000000,0.000000,-0.00302352,102.2076,0,0.000000,0.000000
2015-09-22,-0.00189012,98.5331,1,0.036922,260.169171,0.00374543,102.5822,1,0.063507,259.554455
2015-09-23,0.00357081,98.8902,0,0.000000,0.000000,0.00153860,102.7360,0,0.000000,0.000000
2015-09-24,0.00303617,99.1938,1,0.041993,279.586720,-0.00031112,102.7049,1,0.054302,318.879825
2015-09-25,0.00582604,99.7764,0,0.000000,0.000000,0.01304917,104.0098,1,0.051613,340.329570
2015-09-28,-0.01512271,98.2642,1,0.038291,259.714467,0.02132162,106.1420,1,0.035578,281.899010
2015-09-29,-0.01050418,97.2137,1,0.029168,200.600000,-0.00148894,105.9931,0,0.000000,0.000000
2015-09-30,-0.00076513,97.1372,1,0.011993,121.745970,-0.00280224,105.7129,1,0.057814,376.308148
2015-10-01,0.00323445,97.4607,1,0.026315,203.820460,0.00669342,106.3822,0,0.000000,0.000000
2015-10-02,-0.01683066,95.7776,1,0.021966,182.610880,0.01426288,107.8085,1,0.055222,326.600051
2015-10-05,0.00242804,96.0204,1,0.018726,143.940540,-0.00958934,106.8496,0,0.000000,0.000000
2015-10-06,-0.00803673,95.2167,1,0.022263,182.536090,-0.00086452,106.7631,0,0.000000,0.000000
2015-10-07,0.02840992,98.0577,1,0.019408,141.213570,-0.02119353,104.6438,1,0.046943,326.387662
2015-10-08,-0.00669477,97.3883,1,0.031287,241.279400,0.00005539,104.6493,1,0.055761,340.341850
2015-10-09,0.00729432,98.1177,1,0.022858,181.779870,-0.00662149,103.9872,0,0.000000,0.000000
2015-10-12,-0.00117082,98.0006,1,0.036962,200.450450,0.00003315,103.9905,1,0.055485,322.333693
2015-10-13,-0.00134048,97.8666,1,0.037128,180.813440,0.00842243,104.8327,1,0.050497,280.791220
2015-10-14,-0.00938671,96.9279,1,0.027401,180.527880,-0.00069974,104.7627,0,0.000000,0.000000
2015-10-15,-0.01134433,95.7935,1,0.020993,160.940870,0.00146336,104.9091,0,0.000000,0.000000
2015-10-16,-0.01080408,94.7130,1,0.027648,163.150000,0.01073645,105.9827,0,0.000000,0.000000
2015-10-19,0.00601977,95.3150,1,0.026733,141.606020,0.01065255,107.0480,1,0.040785,282.129201
2015-10-20,0.00804146,96.1192,1,0.016524,161.207310,-0.01789965,105.2580,1,0.024975,221.152160
2015-10-21,-0.00388076,95.7311,1,0.033206,240.406010,-0.00268844,104.9892,1,0.047314,361.282570
2015-10-22,-0.00473532,95.2576,1,0.028262,160.565010,0.00768807,105.7580,1,0.058193,320.668550
2015-10-23,-0.00221552,95.0360,1,0.032682,243.632350,-0.01806846,103.9511,0,0.000000,0.000000
2015-10-26,0.00697545,95.7336,1,0.027395,181.645190,0.00865974,104.8171,1,0.052386,383.885517
2015-10-27,-0.01825463,93.9081,1,0.023593,179.740240,0.00559681,105.3768,1,0.042099,281.307740
2015-10-28,0.02542283,96.4504,1,0.023567,181.985310,0.00564048,105.9408,1,0.059452,282.177720
2015-10-29,0.00211045,96.6614,1,0.031405,221.490990,-0.00316575,105.6243,1,0.056395,343.376240
2015-10-30,-0.00193736,96.4677,1,0.042666,200.836030,-0.01088087,104.5362,1,0.047817,320.490620
2015-11-02,-0.00029434,96.4382,1,0.027544,220.387910,-0.00688851,103.8473,1,0.045781,360.700030
2015-11-03,-0.00389290,96.0490,1,0.036270,242.396970,0.01091112,104.9384,0,0.000000,0.000000
2015-11-04,-0.00272135,95.7768,1,0.029555,201.311480,0.00098545,105.0370,1,0.032595,262.181200
2015-11-05,-0.00794089,94.9827,1,0.009899,121.122100,0.01005221,106.0422,1,0.042939,320.169760
2015-11-06,0.01822729,96.8055,1,0.014211,141.053030,0.00206967,106.2492,1,0.037603,261.703960
2015-11-09,-0.00455476,96.3500,1,0.034716,239.909320,-0.00687001,105.5622,1,0.035251,300.843930
2015-11-10,-0.00460899,95.8891,1,0.027359,180.226060,-0.00907612,104.6546,0,0.000000,0.000000
2015-11-11,-0.00335510,95.5536,1,0.022020,141.337460,-0.00075109,104.5794,1,0.057649,380.400136
2015-11-12,-0.00445108,95.1085,1,0.029908,201.136250,0.00179438,104.7589,1,0.040672,280.519240
2015-11-13,0.00696756,95.8052,1,0.012124,141.300700,-0.00247441,104.5114,0,0.000000,0.000000
2015-11-16,-0.00255003,95.5502,1,0.020153,161.030560,-0.00188902,104.3225,1,0.050512,337.617506
2015-11-17,0.00694422,96.2446,1,0.027168,182.935630,-0.00151259,104.1713,0,0.000000,0.000000
2015-11-18,0.00768385,97.0130,1,0.024645,140.502370,-0.00561061,103.6102,1,0.037931,301.517805
2015-11-19,-0.00060787,96.9522,1,0.021097,183.204890,-0.01065111,102.5451,0,0.000000,0.000000
2015-11-20,0.01029650,97.9819,1,0.019220,140.425690,0.00140330,102.6854,1,0.044770,322.437244
2015-11-23,-0.00559534,97.4224,1,0.030824,141.988150,-0.00666145,102.0193,1,0.041795,282.238720
2015-11-24,0.01774941,99.1973,1,0.027099,140.961050,-0.00387583,101.6317,1,0.038393,321.865610
2015-11-25,-0.00503733,98.6936,1,0.024163,161.816880,-0.00734089,100.8976,1,0.058229,340.801370
2015-11-27,0.00023600,98.7172,1,0.019380,120.829090,0.00585426,101.4830,1,0.051704,320.830140
2015-11-30,0.00907295,99.6245,1,0.025285,141.160260,-0.00699709,100.7833,1,0.054309,301.239590
2015-12-01,-0.00190368,99.4341,1,0.038318,161.190780,-0.00673372,100.1100,1,0.044662,339.706480
2015-12-02,0.01115066,100.5492,1,0.011674,101.636870,-0.00345441,99.7645,0,0.000000,0.000000
2015-12-03,0.01333745,101.8829,1,0.029175,179.511440,0.01468570,101.2331,0,0.000000,0.000000
2015-12-04,-0.00790327,101.0926,1,0.021667,161.291520,-0.01192603,100.0405,0,0.000000,0.000000
2015-12-07,-0.01068989,100.0236,1,0.023119,143.495120,-0.00602110,99.4384,0,0.000000,0.000000
2015-12-08,0.00014369,100.0380,1,0.028571,161.471830,0.00132503,99.5709,1,0.050697,297.750985
2015-12-09,-0.00661689,99.3763,1,0.039019,180.644200,-0.00980459,98.5904,1,0.055289,280.393420
2015-12-10,-0.00244541,99.1317,1,0.025461,161.106470,-0.00368114,98.2223,1,0.062694,378.193170
2015-12-11,0.00478935,99.6107,1,0.031865,201.402700,-0.00614086,97.6082,1,0.046896,320.781640
2015-12-14,-0.00507470,99.1032,1,0.022250,160.273340,-0.00030259,97.5780,0,0.000000,0.000000
2015-12-15,-0.00415188,98.6880,1,0.011818,101.404820,-0.00635312,96.9427,1,0.038262,320.227206
2015-12-16,-0.01338701,97.3493,1,0.018681,162.151430,-0.00247733,96.6949,0,0.000000,0.000000
2015-12-17,-0.00796776,96.5525,1,0.013156,102.797480,0.00141621,96.8365,0,0.000000,0.000000
2015-12-18,-0.01245990,95.3065,1,0.019800,121.041080,-0.00823650,96.0129,0,0.000000,0.000000
2015-12-21,0.00153703,95.4602,1,0.037627,180.844030,-0.01058106,94.9548,0,0.000000,0.000000
2015-12-22,0.00440873,95.9011,1,0.023907,161.483870,-0.00610221,94.3446,1,0.052651,380.503671
2015-12-23,-0.01556115,94.3450,1,0.019395,181.741940,-0.00077761,94.2668,0,0.000000,0.000000
2015-12-24,0.00493833,94.8388,1,0.016757,123.255440,-0.00278886,93.9879,0,0.000000,0.000000
2015-12-28,0.00538961,95.3778,1,0.019659,100.994370,0.00189529,94.1774,1,0.076181,343.688923
2015-12-29,0.00158990,95.5368,1,0.021110,140.496840,-0.00391276,93.7862,1,0.044606,320.924950
2015-12-30,0.00560794,96.0976,1,0.023506,161.363040,0.00949698,94.7359,0,0.000000,0.000000
2015-12-31,-0.00043645,96.0539,1,0.032695,160.420940,-0.00645135,94.0907,0,0.000000,0.000000
2016-01-04,-0.00921247,95.1327,1,0.020897,180.266030,0.00139972,94.2307,0,0.000000,0.000000
2016-01-05,0.00141841,95.2745,1,0.023469,160.932690,0.00594855,94.8256,0,0.000000,0.000000
2016-01-06,0.00663772,95.9383,1,0.029268,201.688730,0.00173711,94.9993,1,0.056799,318.317500
2016-01-07,0.01114729,97.0530,1,0.036141,141.370600,0.01188371,96.1876,1,0.056499,298.939590
2016-01-08,-0.00832194,96.2208,1,0.030994,160.502270,0.00266723,96.4544,0,0.000000,0.000000
2016-01-11,0.00892770,97.1136,1,0.025610,141.484020,0.01216536,97.6709,0,0.000000,0.000000
2016-01-12,-0.00268921,96.8447,1,0.015761,101.308420,-0.00446826,97.2241,1,0.032726,277.909761
2016-01-13,-0.00955250,95.8894,1,0.010340,81.505680,-0.00698063,96.5260,1,0.049283,321.583960
2016-01-14,-0.00593855,95.2956,1,0.035695,199.454770,0.00481575,97.0076,0,0.000000,0.000000
2016-01-15,0.01392108,96.6877,1,0.036682,222.163400,0.00180162,97.1878,0,0.000000,0.000000
2016-01-19,-0.00817343,95.8703,1,0.037093,220.286590,0.00690430,97.8782,0,0.000000,0.000000
2016-01-20,-0.01423509,94.4468,1,0.021159,121.991690,0.00207869,98.0861,1,0.039031,260.501718
2016-01-21,0.01472744,95.9196,1,0.038126,121.750750,-0.01577072,96.5090,1,0.041642,338.960560
2016-01-22,0.00326487,96.2461,1,0.021553,142.172030,0.00019031,96.5280,1,0.051679,342.718750
2016-01-25,0.01203687,97.4497,1,0.025113,184.098920,-0.00840025,95.6880,0,0.000000,0.000000
2016-01-26,-0.00790104,96.6596,1,0.051374,238.746220,0.02883782,98.5718,0,0.000000,0.000000
2016-01-27,0.00534880,97.1945,1,0.017900,165.067730,-0.02304513,96.2673,0,0.000000,0.000000
2016-01-28,0.00387750,97.5823,1,0.025720,121.335000,0.00594502,96.8618,1,0.060058,342.146392
2016-01-29,0.00521231,98.1035,1,0.023389,161.841230,-0.00901984,95.9598,1,0.040574,281.681700
2016-02-01,0.01403930,99.5074,1,0.027290,185.293160,-0.01369000,94.5908,0,0.000000,0.000000
2016-02-02,0.00997771,100.5052,1,0.021899,160.618080,0.01794719,96.3855,1,0.050781,364.981788
2016-02-03,0.00484701,100.9899,1,0.053209,258.677770,-0.00648773,95.7367,0,0.000000,0.000000
2016-02-04,-0.00294572,100.6953,1,0.038962,203.690490,-0.01892614,93.8441,0,0.000000,0.000000
2016-02-05,-0.00667499,100.0278,1,0.025109,162.751970,0.01066065,94.9102,1,0.048615,362.017614
2016-02-08,0.00655323,100.6832,1,0.019367,139.333970,0.01374110,96.2843,0,0.000000,0.000000
2016-02-09,0.00336844,101.0200,1,0.024076,141.121010,0.01140438,97.4247,1,0.042742,277.532948
2016-02-10,-0.01438277,99.5817,1,0.033897,201.597840,-0.02642774,94.7819,1,0.046514,322.550220
2016-02-11,-0.00673328,98.9084,1,0.033448,221.286240,-0.01443704,93.3382,1,0.040344,304.546460
2016-02-12,-0.00627774,98.2806,1,0.022774,120.710040,-0.00993297,92.3449,1,0.044587,297.346440
2016-02-16,-0.01485290,96.7953,1,0.027370,143.521300,0.00252248,92.5972,0,0.000000,0.000000
2016-02-17,0.00417321,97.2127,1,0.012589,104.218340,0.01238916,93.8361,0,0.000000,0.000000
2016-02-18,0.00834391,98.0470,1,0.022759,64.072110,-0.02607317,91.2288,1,0.053387,292.169329
2016-02-19,-0.00392847,97.6542,1,0.013707,101.347730,-0.00050014,91.1788,1,0.046894,358.532750
2016-02-22,-0.01323280,96.3309,1,0.014780,101.260080,-0.01601389,89.5774,1,0.048429,281.254640
2016-02-23,0.01417935,97.7489,1,0.013735,83.863280,0.00870269,90.4477,0,0.000000,0.000000
2016-02-24,0.00171207,97.9201,1,0.033903,120.370550,-0.00259401,90.1883,1,0.061981,321.235312
2016-02-25,-0.00486362,97.4337,1,0.028852,141.284390,-0.00428325,89.7599,1,0.058305,341.235800
2016-02-26,-0.00095859,97.3378,1,0.021069,122.806030,0.00384541,90.1445,0,0.000000,0.000000
2016-02-29,0.01507727,98.8456,1,0.020803,121.167450,-0.01403037,88.7414,1,0.042757,303.296356
2016-03-01,-0.00847413,97.9982,1,0.025523,140.971610,-0.01647364,87.0941,1,0.057694,358.688160
2016-03-02,-0.00427264,97.5709,1,0.017694,85.156090,-0.01191548,85.9025,0,0.000000,0.000000
2016-03-03,-0.00741411,96.8295,1,0.017321,102.213330,0.00721246,86.6238,1,0.056774,347.035124
2016-03-04,-0.00243215,96.5863,1,0.007945,61.914610,0.00937348,87.5611,0,0.000000,0.000000
2016-03-07,-0.00573506,96.0128,1,0.012106,101.949790,0.00505406,88.0665,1,0.038734,264.097920
2016-03-08,0.01563178,97.5759,1,0.042622,181.611960,-0.02643105,85.4234,1,0.059855,321.345140
2016-03-09,-0.00637999,96.9379,1,0.023609,122.784960,-0.00044903,85.3785,1,0.061223,337.244290
2016-03-10,0.00151582,97.0895,1,0.015808,141.713130,0.00424616,85.8031,1,0.039344,281.520000
2016-03-11,0.00984413,98.0739,1,0.036827,200.774270,-0.01959776,83.8434,1,0.044416,280.657840
2016-03-14,-0.00173623,97.9003,1,0.038583,242.701800,0.00099677,83.9430,0,0.000000,0.000000
2016-03-15,0.00535895,98.4362,1,0.031955,220.519160,0.00188753,84.1318,1,0.048987,264.095072
2016-03-16,0.00709098,99.1453,1,0.036992,160.002470,-0.01421293,82.7105,1,0.063483,359.215780
2016-03-17,-0.00685874,98.4594,1,0.025964,202.347570,0.01425181,84.1357,1,0.067449,342.377550
2016-03-18,0.00850394,99.3098,1,0.013796,123.686570,-0.01182120,82.9536,1,0.041050,222.838970
2016-03-21,0.00546959,99.8568,1,0.032541,241.535250,-0.00505217,82.4483,1,0.050667,362.742850
2016-03-22,-0.00639545,99.2172,1,0.026285,220.439280,-0.00124220,82.3241,1,0.039620,340.241170
2016-03-23,-0.01264504,97.9527,1,0.018374,140.904800,-0.00243647,82.0805,1,0.036187,300.879040
2016-03-24,0.00338158,98.2909,1,0.024952,181.212630,-0.00397431,81.6830,1,0.046411,320.080320
2016-03-28,0.00425087,98.7160,1,0.012513,121.268470,-0.01034315,80.6487,1,0.042305,320.758700
2016-03-29,-0.00774119,97.9419,1,0.025159,180.465240,0.00920686,81.5694,1,0.065724,380.119510
2016-03-30,0.00484361,98.4262,1,0.021059,182.923700,0.00002572,81.5720,0,0.000000,0.000000
2016-03-31,0.00331107,98.7573,1,0.038553,240.765860,-0.00713133,80.8588,1,0.061333,343.263343
2016-04-01,0.00672951,99.4303,1,0.040299,240.587280,-0.02209458,78.6494,1,0.054918,379.754520
2016-04-04,-0.02429696,97.0006,1,0.032066,220.720350,0.01633100,80.2825,1,0.055240,380.704160
2016-04-05,0.00345528,97.3461,1,0.022202,182.419610,0.00052523,80.3350,1,0.044007,301.795900
2016-04-06,-0.01841695,95.5044,1,0.024875,219.514550,0.00710019,81.0450,0,0.000000,0.000000
2016-04-07,0.00412435,95.9168,1,0.026525,223.607720,-0.01248625,79.7964,1,0.040765,261.666527
2016-04-08,-0.00326163,95.5907,1,0.027413,219.445260,0.00837588,80.6340,1,0.042692,338.809500
2016-04-11,0.00076181,95.6669,1,0.019049,200.935470,0.00499990,81.1340,1,0.030110,241.214360
2016-04-12,-0.01159366,94.5075,1,0.032276,181.323490,0.01340781,82.4748,1,0.030019,221.230600
2016-04-13,0.00388618,94.8961,1,0.012072,102.493830,0.00765598,83.2404,0,0.000000,0.000000
2016-04-14,-0.00518527,94.3776,1,0.037457,242.885810,0.00263696,83.5041,1,0.046784,325.419969
2016-04-15,0.01101355,95.4789,1,0.018455,160.688570,-0.01302907,82.2012,1,0.027737,260.237900
2016-04-18,0.00175425,95.6544,1,0.031215,241.131970,-0.00605505,81.5956,1,0.049265,380.647350
2016-04-19,0.00056780,95.7112,1,0.032500,221.773580,-0.00184569,81.4111,0,0.000000,0.000000
2016-04-20,0.00217981,95.9291,1,0.034369,221.148080,-0.00014656,81.3964,1,0.055246,301.352128
2016-04-21,-0.00399467,95.5297,1,0.026617,181.814110,0.00578550,81.9750,1,0.053040,300.769430
2016-04-22,0.00727326,96.2570,1,0.047414,201.422690,-0.00567089,81.4079,1,0.070139,300.821530
2016-04-25,-0.00570580,95.6864,1,0.026230,182.276700,0.00262518,81.6704,1,0.065452,361.539010
2016-04-26,-0.00064395,95.6220,1,0.031565,160.616470,-0.00640873,81.0295,1,0.047793,319.894530
2016-04-27,-0.00237869,95.3841,1,0.030689,201.864910,0.00481007,81.5105,1,0.059803,362.180060
2016-04-28,0.00306552,95.6907,1,0.015908,123.106840,-0.00845867,80.6647,1,0.025627,262.416330
2016-04-29,-0.00677837,95.0129,1,0.022427,199.234880,0.00946982,81.6117,1,0.067718,338.381860
2016-05-02,-0.00205993,94.8069,1,0.018053,100.743130,-0.00084761,81.5269,1,0.039031,259.975480
2016-05-03,-0.01230171,93.5767,1,0.022751,181.509220,0.01345421,82.8723,1,0.035979,321.765330
2016-05-04,-0.01489968,92.0867,1,0.029608,180.504080,0.01804347,84.6767,1,0.049133,280.336720
2016-05-05,-0.00473741,91.6130,1,0.011611,102.093420,0.00126347,84.8030,1,0.044573,240.959180
2016-05-06,-0.00218500,91.3945,1,0.008550,80.972990,0.00592277,85.3953,1,0.033553,280.407540
2016-05-09,-0.00380020,91.0145,1,0.015070,141.024010,0.00019423,85.4147,1,0.044537,262.238130
2016-05-10,0.00928036,91.9425,1,0.018944,121.019890,-0.01243327,84.1714,1,0.046817,321.016860
2016-05-11,-0.00060018,91.8825,1,0.036748,182.892300,-0.01412640,82.7587,0,0.000000,0.000000
2016-05-12,-0.00216749,91.6657,1,0.034559,200.030790,0.00209755,82.9685,0,0.000000,0.000000
2016-05-13,-0.00259499,91.4062,1,0.027889,200.634050,-0.00113762,82.8547,1,0.031272,261.993164
2016-05-16,0.00666668,92.0729,1,0.021092,180.283010,-0.00195253,82.6595,0,0.000000,0.000000
2016-05-17,0.00101705,92.1746,1,0.029895,161.776880,-0.00781029,81.8784,0,0.000000,0.000000
2016-05-18,-0.00079186,92.0954,1,0.034726,140.959020,-0.01269202,80.6092,0,0.000000,0.000000
2016-05-19,0.00128992,92.2244,1,0.023478,141.198520,-0.00705323,79.9039,1,0.051533,358.621362
2016-05-20,-0.00526637,91.6978,1,0.015667,121.289590,-0.00705309,79.1986,1,0.044609,340.254410
2016-05-23,-0.00710094,90.9877,1,0.025614,122.004330,-0.00786118,78.4125,0,0.000000,0.000000
2016-05-24,0.00128229,91.1159,1,0.017241,120.697420,0.00145585,78.5581,1,0.047915,361.333327
2016-05-25,-0.00320687,90.7952,1,0.026887,183.083450,0.01514127,80.0722,0,0.000000,0.000000
2016-05-26,0.01155552,91.9508,1,0.026238,121.239400,-0.00234784,79.8374,1,0.037204,244.497068
2016-05-27,0.00215424,92.1662,1,0.026286,121.803970,-0.00105909,79.7315,1,0.055789,340.634340
2016-05-31,-0.00728041,91.4382,1,0.020441,200.837610,0.00816520,80.5480,0,0.000000,0.000000
2016-06-01,-0.00371039,91.0671,1,0.027859,121.045260,-0.00266957,80.2811,1,0.025697,221.822285
2016-06-02,-0.00811245,90.2559,1,0.012095,100.771800,0.00713952,80.9950,1,0.051758,340.741860
2016-06-03,0.00250355,90.5062,1,0.020355,161.279890,-0.00770829,80.2242,1,0.032549,241.412030
2016-06-06,-0.00109698,90.3965,1,0.029258,199.731010,-0.01198072,79.0261,1,0.054042,360.068880
2016-06-07,-0.00087694,90.3088,1,0.020514,161.094140,-0.00078344,78.9478,1,0.044804,361.574650
2016-06-08,-0.00073834,90.2350,1,0.014384,100.974020,-0.00311940,78.6358,1,0.045460,300.734400
2016-06-09,-0.00862011,89.3730,1,0.017841,140.872370,0.00466970,79.1028,1,0.029920,280.858280
2016-06-10,-0.00524564,88.8484,1,0.011344,120.956810,0.00888463,79.9913,1,0.026067,280.437230
2016-06-13,-0.00077183,88.7712,1,0.010103,100.575720,0.00254999,80.2463,0,0.000000,0.000000
2016-06-14,-0.00865238,87.9060,1,0.018488,121.066100,0.00983032,81.2293,0,0.000000,0.000000
2016-06-15,-0.00191606,87.7144,1,0.018436,141.344030,-0.00146354,81.0830,1,0.024014,201.263415
2016-06-16,-0.00621221,87.0932,1,0.008381,81.461630,-0.00397413,80.6855,1,0.034093,300.738420
2016-06-17,0.00269490,87.3627,1,0.015160,141.202160,-0.00374883,80.3107,1,0.059883,381.291080
2016-06-20,0.00178689,87.5414,1,0.022611,181.340770,-0.00416834,79.8938,1,0.078954,360.322440
2016-06-21,-0.00327807,87.2136,1,0.014497,121.840620,0.00322214,80.2160,0,0.000000,0.000000
2016-06-22,0.00112741,87.3263,1,0.015229,101.399410,-0.00237911,79.9781,1,0.040231,282.549958
2016-06-23,0.01084131,88.4104,1,0.010719,100.688070,0.00042935,80.0211,1,0.041665,359.665600
2016-06-24,0.01509458,89.9199,1,0.026042,202.472410,-0.00413663,79.6074,0,0.000000,0.000000
2016-06-27,-0.03405598,86.5143,1,0.043138,237.075860,-0.01460365,78.1470,0,0.000000,0.000000
2016-06-28,0.01394840,87.9091,1,0.013420,103.537800,-0.01584154,76.5629,1,0.051264,335.093302
2016-06-29,0.00795170,88.7043,1,0.035070,204.163420,-0.01586670,74.9762,0,0.000000,0.000000
2016-06-30,0.01717972,90.4223,1,0.028758,183.570340,-0.01077294,73.8989,0,0.000000,0.000000
2016-07-01,-0.00088375,90.3339,1,0.025455,203.673010,0.00087091,73.9860,0,0.000000,0.000000
2016-07-05,-0.00308817,90.0251,1,0.029157,220.722360,-0.00087969,73.8980,1,0.038649,330.955436
2016-07-06,-0.00386393,89.6387,1,0.018063,140.416120,-0.00479754,73.4183,1,0.043824,339.222800
2016-07-07,0.00945756,90.5844,1,0.018084,181.546230,0.00488310,73.9066,1,0.040530,341.210790
2016-07-08,0.00298288,90.8827,1,0.025232,140.820700,0.00870332,74.7769,1,0.036988,300.444780
2016-07-11,-0.00572765,90.3100,1,0.020535,143.631440,0.01026793,75.8037,0,0.000000,0.000000
2016-07-12,-0.01816556,88.4934,1,0.008576,100.815710,0.01257329,77.0611,1,0.037551,264.187981
2016-07-13,0.00505527,88.9989,1,0.013683,81.958660,-0.01211340,75.8497,1,0.032000,281.908240
2016-07-14,-0.00656630,88.3423,1,0.022390,139.895330,-0.00659350,75.1904,1,0.049720,380.173740
2016-07-15,-0.00764560,87.5777,1,0.018240,141.755080,0.00360353,75.5507,1,0.052897,340.071290
2016-07-18,-0.00474915,87.1028,1,0.015625,160.794500,0.00260535,75.8112,1,0.030015,280.569470
2016-07-19,0.00625818,87.7286,1,0.018442,140.844790,0.00181119,75.9924,1,0.024031,240.891050
2016-07-20,0.00167094,87.8957,1,0.017596,180.941540,-0.00751129,75.2412,1,0.048239,320.166630
2016-07-21,-0.01960662,85.9351,1,0.019042,140.609710,0.01356032,76.5973,1,0.047708,380.839130
2016-07-22,-0.00516139,85.4189,1,0.013089,122.316340,0.00450529,77.0478,1,0.041691,341.423700
2016-07-25,-0.00200855,85.2181,1,0.016755,122.427950,0.01093700,78.1415,0,0.000000,0.000000
2016-07-26,0.03050212,88.2683,1,0.014248,140.236960,-0.00786954,77.3545,1,0.031364,283.713480
2016-07-27,0.00118495,88.3868,1,0.032955,201.515840,0.01706447,79.0610,1,0.041273,361.423290
2016-07-28,0.00934849,89.3216,1,0.029111,142.611870,0.00110057,79.1710,1,0.030903,201.475060
2016-07-29,-0.00141785,89.1799,1,0.011525,122.015280,0.00573779,79.7448,1,0.055671,322.039460
2016-08-01,0.01036076,90.2159,1,0.015374,141.488100,0.00495341,80.2402,1,0.042789,301.322890
2016-08-02,-0.00721008,89.4949,1,0.019798,140.829690,0.00569910,80.8101,1,0.040170,280.506330
2016-08-03,0.00929365,90.4243,1,0.019525,161.427070,-0.02702267,78.1078,0,0.000000,0.000000
2016-08-04,-0.00196150,90.2281,1,0.019980,181.416210,0.00292775,78.4006,1,0.051505,380.564465
2016-08-05,0.00175793,90.4039,1,0.026247,160.638410,0.00455116,78.8557,1,0.045624,260.697900
2016-08-08,-0.00479867,89.9241,1,0.027127,162.061960,0.00693795,79.5495,1,0.037555,282.312860
2016-08-09,0.00546120,90.4702,1,0.018680,180.493580,-0.00811797,78.7377,1,0.032387,260.601630
2016-08-10,0.00347990,90.8182,1,0.017750,160.509640,0.00000197,78.7379,1,0.044663,400.188450
2016-08-11,0.00570274,91.3885,1,0.028826,180.666300,-0.00646673,78.0912,1,0.029933,260.584080
2016-08-12,-0.00265561,91.1229,1,0.013351,140.630280,-0.00530719,77.5605,1,0.040079,320.951040
2016-08-15,0.00438665,91.5616,1,0.012305,140.849170,-0.00189503,77.3710,1,0.038243,360.347560
2016-08-16,-0.00794411,90.7671,1,0.023491,141.240550,0.01151209,78.5222,1,0.045311,321.374860
2016-08-17,-0.00366089,90.4011,1,0.017149,141.106120,-0.00990540,77.5317,0,0.000000,0.000000
2016-08-18,0.00368781,90.7698,1,0.024169,141.003320,0.00409153,77.9408,1,0.051337,380.291386
2016-08-19,-0.00435369,90.3345,1,0.026219,200.901430,-0.00213242,77.7276,1,0.041492,261.684770
2016-08-22,0.00210052,90.5445,1,0.015308,81.301550,0.00072242,77.7998,1,0.038958,340.390170
2016-08-23,-0.00318560,90.2260,1,0.016870,120.858060,-0.00289152,77.5107,1,0.032852,280.966020
2016-08-24,0.00224776,90.4507,1,0.020224,160.978330,-0.00742850,76.7678,1,0.050840,360.710000
2016-08-25,0.00264195,90.7149,1,0.017825,140.568860,-0.00175764,76.5921,1,0.046734,339.172030
2016-08-26,-0.00142097,90.5728,1,0.015717,141.030920,0.00582104,77.1742,1,0.044966,320.423290
2016-08-29,-0.00204826,90.3680,1,0.024036,219.868500,-0.00284331,76.8898,1,0.029891,260.575510
2016-08-30,-0.00002912,90.3651,1,0.015772,161.365190,0.00722721,77.6126,0,0.000000,0.000000
2016-08-31,0.00361309,90.7264,1,0.013901,120.818780,0.00421111,78.0337,1,0.029099,241.232317
2016-09-01,-0.00101733,90.6247,1,0.010723,100.686010,-0.00340404,77.6933,1,0.034144,300.500930
2016-09-02,0.00094173,90.7188,1,0.013687,120.618710,0.00234343,77.9276,1,0.039597,300.244840
2016-09-06,0.00288241,91.0071,1,0.012939,121.429300,0.00641532,78.5691,0,0.000000,0.000000
2016-09-07,0.00626448,91.6335,1,0.012742,120.820420,-0.00461498,78.1076,1,0.034008,282.183452
2016-09-08,-0.00270202,91.3633,1,0.018372,100.995730,-0.00085155,78.0225,1,0.041195,380.445790
2016-09-09,0.00289829,91.6532,1,0.015421,161.098170,0.00021450,78.0439,1,0.030160,319.640780
2016-09-12,-0.00155125,91.4980,1,0.016545,180.159310,-0.00576617,77.4673,0,0.000000,0.000000
2016-09-13,0.00340346,91.8384,1,0.030794,262.640620,0.00129902,77.5972,0,0.000000,0.000000
2016-09-14,-0.00195480,91.6429,1,0.036740,239.841340,-0.00377917,77.2193,0,0.000000,0.000000
2016-09-15,0.00067133,91.7100,1,0.018217,140.869320,-0.00292497,76.9268,1,0.040627,353.652502
2016-09-16,-0.00006409,91.7036,1,0.018389,201.761410,0.00391116,77.3179,0,0.000000,0.000000
2016-09-19,0.00526868,92.2305,1,0.017842,121.098400,-0.00314506,77.0034,1,0.031616,301.959350
2016-09-20,0.00226160,92.4567,1,0.010230,101.266170,0.00357023,77.3604,1,0.040187,341.164350
2016-09-21,0.00063016,92.5197,1,0.010294,140.930910,-0.00231592,77.1288,1,0.033012,280.641850
2016-09-22,0.00384203,92.9039,1,0.018737,182.943850,-0.00347935,76.7809,0,0.000000,0.000000
2016-09-23,-0.00725432,92.1784,1,0.011642,122.082220,0.00431375,77.2123,0,0.000000,0.000000
2016-09-26,-0.00184623,91.9938,1,0.011983,120.576290,-0.00053477,77.1588,1,0.041247,323.540495
2016-09-27,0.00437611,92.4314,1,0.007159,61.107680,-0.01112512,76.0463,1,0.041672,299.336090
2016-09-28,0.00153694,92.5851,1,0.026406,161.257270,-0.00797579,75.2487,1,0.044439,380.072980
2016-09-29,-0.00115809,92.4693,1,0.004749,61.508900,0.00373925,75.6226,1,0.029445,281.519900
2016-09-30,0.00098367,92.5677,1,0.016633,141.168700,0.00606636,76.2293,0,0.000000,0.000000
2016-10-03,-0.00103597,92.4641,1,0.009387,121.966200,0.01763141,77.9924,1,0.020579,241.901075
2016-10-04,0.00006382,92.4705,1,0.014088,121.652150,0.00992043,78.9845,1,0.029057,241.134920
2016-10-05,0.00149191,92.6197,0,0.000000,0.000000,0.00530690,79.5152,1,0.029820,240.609800
2016-10-06,0.00642464,93.2621,1,0.012506,141.062652,0.00140759,79.6559,1,0.028961,261.183690
2016-10-07,-0.00327130,92.9350,0,0.000000,0.000000,-0.01375517,78.2804,1,0.036297,280.347720
2016-10-10,0.00945015,93.8800,0,0.000000,0.000000,0.00515649,78.7960,1,0.040041,358.683240
2016-10-11,-0.00502683,93.3773,1,0.025873,219.919695,-0.00626398,78.1696,1,0.032958,301.990970
2016-10-12,-0.00110626,93.2667,1,0.023356,160.595450,-0.00383598,77.7860,0,0.000000,0.000000
2016-10-13,-0.00174674,93.0920,1,0.016234,141.187330,-0.00189824,77.5962,0,0.000000,0.000000
2016-10-14,-0.00159967,92.9321,1,0.015007,160.335640,-0.00441651,77.1546,1,0.040551,357.608849
2016-10-17,0.00049549,92.9816,1,0.017471,140.915600,0.00108549,77.2631,1,0.049661,320.526660
2016-10-18,0.01105947,94.0876,1,0.021033,141.298700,-0.00079387,77.1837,1,0.049297,340.524870
2016-10-19,-0.00238954,93.8486,1,0.025994,141.604800,0.00597228,77.7810,1,0.046042,321.248730
2016-10-20,0.01500797,95.3494,1,0.019843,121.305920,-0.00746185,77.0348,1,0.022515,222.059710
2016-10-21,0.00242326,95.5917,1,0.022044,160.271180,-0.00401901,76.6329,1,0.042691,318.508530
2016-10-24,0.00488424,96.0801,1,0.022466,160.582190,-0.00059994,76.5729,1,0.054124,360.248310
2016-10-25,0.01024485,97.1046,1,0.007915,80.917170,0.00902836,77.4757,1,0.038164,300.776130
2016-10-26,-0.00712775,96.3919,1,0.012875,100.783300,0.02630844,80.1066,1,0.031126,280.965800
2016-10-27,0.00195532,96.5874,1,0.014018,104.352120,0.00637252,80.7438,1,0.033658,282.650550
2016-10-28,0.00389401,96.9768,1,0.015669,142.040290,-0.00712798,80.0310,1,0.043148,240.329450
2016-10-31,0.00773338,97.7501,1,0.020552,141.296110,0.00479440,80.5105,1,0.041710,321.350410
2016-11-01,-0.00196292,97.5538,1,0.018292,141.612930,-0.00987572,79.5229,1,0.032272,261.144850
2016-11-02,-0.00455240,97.0986,1,0.025420,180.726740,0.01923807,81.4467,1,0.046083,358.487180
2016-11-03,-0.00430223,96.6684,1,0.024973,142.034500,0.01735782,83.1825,1,0.029158,240.938550
2016-11-04,-0.00677890,95.9905,1,0.013300,101.379450,-0.01130366,82.0521,1,0.026476,242.336520
2016-11-07,0.00060087,96.0506,1,0.021223,140.917430,0.00835181,82.8873,1,0.036529,300.208930
2016-11-08,0.00137613,96.1882,1,0.021267,163.452370,0.00359212,83.2465,0,0.000000,0.000000
2016-11-09,0.01983925,98.1721,1,0.014935,101.517480,-0.03684707,79.5618,1,0.027857,265.415668
2016-11-10,-0.02400948,95.7712,1,0.027258,238.955600,0.04210164,83.7720,1,0.047326,361.456810
2016-11-11,0.00405764,96.1769,1,0.015906,123.265010,0.00235047,84.0070,1,0.019193,204.608710
2016-11-14,-0.01330570,94.8464,1,0.014660,102.377490,0.02130884,86.1379,1,0.040806,340.907340
2016-11-15,0.01674866,96.5212,1,0.011974,102.949650,-0.00656581,85.4813,1,0.032561,264.146970
2016-11-16,0.00934996,97.4562,1,0.018414,142.157300,-0.00176290,85.3050,1,0.039540,362.029320
2016-11-17,0.00013895,97.4701,0,0.000000,0.000000,0.01646226,86.9512,1,0.039284,340.080170
2016-11-18,0.00038311,97.5084,0,0.000000,0.000000,-0.00638564,86.3127,1,0.034174,261.844810
2016-11-21,-0.00025076,97.4833,0,0.000000,0.000000,-0.00069895,86.2428,1,0.048535,339.975190
2016-11-22,-0.00311506,97.1718,0,0.000000,0.000000,-0.00904548,85.3382,1,0.047598,321.297860
2016-11-23,-0.00674924,96.4969,0,0.000000,0.000000,-0.00740881,84.5974,1,0.033741,301.113650
2016-11-25,0.00715070,97.2120,0,0.000000,0.000000,-0.00865814,83.7315,1,0.047694,361.161640
2016-11-28,-0.00179326,97.0327,1,0.045656,262.944907,-0.02402723,81.3288,0,0.000000,0.000000
2016-11-29,-0.00524104,96.5086,0,0.000000,0.000000,-0.00278640,81.0502,1,0.036150,380.378777
2016-11-30,0.02029044,98.5376,0,0.000000,0.000000,-0.01551943,79.4982,1,0.039363,321.179930
2016-12-01,-0.01612180,96.9254,1,0.030700,242.468842,0.02763838,82.2621,1,0.041762,341.928820
2016-12-02,0.01295997,98.2214,1,0.012343,62.837420,-0.01758864,80.5032,1,0.027834,241.624600
2016-12-05,0.00542950,98.7644,1,0.023800,161.750440,0.00042120,80.5453,1,0.044060,360.233550
2016-12-06,-0.00871482,97.8929,1,0.021292,141.142270,0.00487068,81.0324,1,0.031822,261.773860
2016-12-07,0.00026197,97.9191,1,0.011773,161.200070,0.00041500,81.0739,1,0.028410,281.252730
2016-12-08,-0.00014637,97.9044,1,0.012707,142.344330,0.00698958,81.7729,0,0.000000,0.000000
2016-12-09,-0.00546754,97.3577,1,0.020444,161.001050,0.00323848,82.0967,1,0.046492,323.981191
2016-12-12,-0.00973684,96.3840,1,0.014724,121.855970,0.00449975,82.5467,1,0.033185,281.126720
2016-12-13,-0.00421462,95.9625,1,0.003642,41.352740,-0.00278355,82.2683,1,0.037195,300.536640
2016-12-14,-0.00129939,95.8326,1,0.016339,121.036120,0.00496925,82.7653,1,0.043595,361.259940
2016-12-15,0.00656283,96.4889,1,0.022347,199.944260,0.00559273,83.3245,0,0.000000,0.000000
2016-12-16,0.00364314,96.8532,1,0.021316,161.907570,-0.00851652,82.4729,1,0.043902,300.078151
2016-12-19,-0.00524471,96.3287,1,0.012891,140.975290,-0.00395671,82.0772,1,0.045611,340.087490
2016-12-20,-0.00078230,96.2505,1,0.009770,101.448480,-0.00132082,81.9451,1,0.037092,301.044600
2016-12-21,0.00698838,96.9493,1,0.028682,121.864980,-0.00612922,81.3322,1,0.044662,301.065110
2016-12-22,-0.01067456,95.8819,1,0.026796,160.985400,-0.00411777,80.9204,1,0.045597,359.644960
2016-12-23,-0.00426133,95.4558,1,0.013313,120.768240,-0.00100149,80.8203,1,0.042889,339.987300
2016-12-27,0.00184505,95.6403,1,0.016255,120.706780,0.00056339,80.8766,1,0.034191,340.648280
2016-12-28,-0.00487135,95.1531,1,0.013785,121.350600,-0.00110678,80.7659,1,0.032588,301.074410
2016-12-29,0.00268060,95.4212,1,0.024590,160.526470,-0.00409803,80.3561,0,0.000000,0.000000
2016-12-30,-0.00542508,94.8787,1,0.022618,181.227470,0.00358392,80.7145,1,0.052088,378.835856
2017-01-03,0.00085391,94.9641,1,0.016069,121.199130,-0.00086661,80.6279,1,0.034411,280.352360
2017-01-04,0.00038845,95.0029,1,0.015535,121.736800,0.00525313,81.1532,1,0.033847,321.060810
2017-01-05,-0.00311289,94.6916,1,0.017249,162.177820,0.00853776,82.0070,0,0.000000,0.000000
2017-01-06,-0.00686283,94.0053,1,0.021073,181.053880,0.00311906,82.3189,1,0.044334,343.483523
2017-01-09,-0.00266447,93.7389,1,0.022837,201.199270,0.01589131,83.9080,1,0.034869,281.773380
2017-01-10,0.00337984,94.0769,1,0.017096,201.022010,-0.00861744,83.0462,1,0.030624,261.362760
2017-01-11,-0.00032507,94.0444,1,0.010327,100.839200,0.00283060,83.3293,1,0.039330,339.766920
2017-01-12,0.00234329,94.2787,1,0.021861,180.962480,-0.00517075,82.8122,1,0.043005,301.550870
2017-01-13,-0.00087996,94.1907,1,0.014656,120.718030,-0.00561059,82.2512,1,0.040439,340.099350
2017-01-17,-0.00027380,94.1633,1,0.014500,141.249380,-0.01498456,80.7527,1,0.046336,341.051200
2017-01-18,0.00236175,94.3995,1,0.017705,181.318220,-0.00949142,79.8036,1,0.048432,378.399720
2017-01-19,-0.00223286,94.1762,1,0.018716,201.039340,0.00151909,79.9555,1,0.055611,400.720830
2017-01-20,-0.00051022,94.1252,1,0.017862,140.844930,-0.00125214,79.8303,1,0.044204,339.372620
2017-01-23,-0.00334962,93.7902,1,0.011792,121.197100,0.00449352,80.2796,1,0.034088,320.699690
2017-01-24,0.00008352,93.7986,1,0.011538,140.821710,0.00191521,80.4711,1,0.028839,320.185420
2017-01-25,0.01403264,95.2018,1,0.011546,122.377850,0.00681566,81.1527,1,0.027874,282.218580
2017-01-26,-0.00469440,94.7324,1,0.050730,223.512310,-0.00978767,80.1739,1,0.041237,262.217180
2017-01-27,-0.00027851,94.7046,1,0.021181,141.558150,-0.00219790,79.9542,1,0.036590,340.503510
2017-01-30,-0.00303824,94.4007,1,0.045974,140.866270,0.00010249,79.9644,1,0.067371,320.372540
2017-01-31,0.00521519,94.9222,1,0.035181,200.791150,0.00038176,80.0026,1,0.057234,319.525020
2017-02-01,0.00673931,95.5962,1,0.016679,161.513100,-0.00707364,79.2952,1,0.050654,280.752910
2017-02-02,0.00379590,95.9758,1,0.033840,199.824770,-0.02129137,77.1661,1,0.044697,359.560370
2017-02-03,0.00844049,96.8198,1,0.024291,180.590150,-0.01965050,75.2010,1,0.046440,360.669920
2017-02-06,0.00459620,97.2794,1,0.040540,261.740920,0.00539879,75.7409,0,0.000000,0.000000
2017-02-07,0.00341906,97.6213,1,0.021724,200.052820,0.00257623,75.9985,1,0.029517,281.406153
2017-02-08,0.00067453,97.6888,1,0.020297,141.810150,0.00476963,76.4755,1,0.034327,301.476320
2017-02-09,0.00868355,98.5572,1,0.023105,160.875670,-0.00371545,76.1039,1,0.026865,240.975470
2017-02-10,0.00272250,98.8294,1,0.028710,201.430640,-0.00118187,75.9858,1,0.039337,360.608160
2017-02-13,0.00441725,99.2711,1,0.020365,141.612500,-0.00325063,75.6607,0,0.000000,0.000000
2017-02-14,-0.00348955,98.9222,1,0.020475,160.866470,0.00452881,76.1136,1,0.041889,341.763107
2017-02-15,0.01180839,100.1030,1,0.019641,160.887640,0.00009649,76.1232,1,0.036081,300.793090
2017-02-16,0.00518531,100.6215,1,0.021279,161.871320,0.00458828,76.5821,1,0.041102,320.652170
2017-02-17,-0.00615207,100.0063,1,0.016017,121.068790,-0.00166523,76.4155,1,0.033383,281.038810
2017-02-21,-0.00743506,99.2628,1,0.007076,81.530690,-0.00837445,75.5781,1,0.035045,340.826260
2017-02-22,0.00059855,99.3227,1,0.016355,142.901910,-0.01071383,74.5067,1,0.042883,341.957480
2017-02-23,-0.01377445,97.9452,1,0.021715,221.213270,0.01296688,75.8034,1,0.034222,300.687680
2017-02-24,-0.00158244,97.7870,1,0.017824,141.669210,-0.00252884,75.5505,1,0.038084,281.514830
2017-02-27,0.01116186,98.9032,1,0.009414,81.713100,-0.00412207,75.1383,1,0.036297,301.076400
2017-02-28,-0.00963064,97.9401,1,0.008294,101.747600,-0.01376188,73.7621,1,0.040118,340.563270
2017-03-01,0.00932042,98.8722,1,0.010718,121.458310,-0.01262899,72.4992,1,0.048719,379.193190
2017-03-02,-0.00499869,98.3723,1,0.012549,102.736440,-0.01838629,70.6606,1,0.058129,362.697920
2017-03-03,0.00416205,98.7885,1,0.024725,180.864060,-0.00990592,69.6700,1,0.047742,378.790280
2017-03-06,0.00532524,99.3210,1,0.011976,100.707190,0.00341205,70.0112,1,0.050535,399.551710
2017-03-07,-0.00054056,99.2670,1,0.020296,180.483020,-0.00069058,69.9421,1,0.041908,260.200800
2017-03-08,0.00582164,99.8491,1,0.010416,101.171220,0.00465203,70.4073,1,0.037397,319.903310
2017-03-09,0.00339617,100.1887,1,0.017853,140.221380,0.00223833,70.6312,1,0.036817,320.573500
2017-03-10,-0.00366732,99.8220,1,0.011462,121.823350,-0.00064970,70.5662,1,0.034240,319.829090
2017-03-13,-0.00107192,99.7148,1,0.016052,140.828150,-0.00385192,70.1810,1,0.034082,341.338950
2017-03-14,0.00334476,100.0493,1,0.013484,140.627080,-0.00381395,69.7996,1,0.033185,361.196210
2017-03-15,-0.00275706,99.7736,1,0.016686,180.304580,-0.00252091,69.5475,1,0.036321,339.400270
2017-03-16,0.00856038,100.6296,1,0.025222,242.401620,0.00161748,69.7093,0,0.000000,0.000000
2017-03-17,-0.00435766,100.1939,1,0.057686,260.432280,-0.00428727,69.2805,1,0.044957,301.997161
2017-03-20,-0.00878674,99.3152,1,0.029144,220.596560,0.00215427,69.4960,1,0.036673,320.393330
2017-03-21,-0.00639079,98.6761,1,0.016189,160.143230,0.00880475,70.3765,1,0.028145,300.018000
2017-03-22,0.00100424,98.7765,1,0.026076,220.855110,-0.00392404,69.9840,0,0.000000,0.000000
2017-03-23,0.00105046,98.8816,1,0.037954,260.985480,-0.00837329,69.1467,1,0.030529,319.201637
2017-03-24,-0.00597931,98.2836,1,0.024751,200.688760,-0.00180704,68.9660,1,0.039344,339.783640
2017-03-27,-0.00392499,97.8911,1,0.024269,180.722780,0.00061448,69.0275,1,0.034092,301.044580
2017-03-28,0.00684986,98.5761,1,0.013924,160.571950,0.00280510,69.3080,1,0.037380,340.076120
2017-03-29,0.00239643,98.8158,1,0.018177,161.260250,0.00440293,69.7483,1,0.029297,300.887430
2017-03-30,0.00771333,99.5871,1,0.022297,140.902420,-0.00456675,69.2916,1,0.038915,281.395230
2017-03-31,-0.00100261,99.4868,1,0.014921,141.466190,-0.00234138,69.0575,1,0.046698,340.559700
2017-04-03,-0.00166641,99.3202,1,0.022631,180.307780,-0.00162919,68.8945,1,0.038659,340.121340
2017-04-04,0.00258724,99.5789,1,0.018846,140.768570,-0.00448307,68.4462,1,0.044407,359.554560
2017-04-05,-0.00702702,98.8762,1,0.021732,180.642350,-0.00825365,67.6209,1,0.030945,300.262420
2017-04-06,0.00225757,99.1020,1,0.020673,140.659770,-0.00738580,66.8823,1,0.048930,379.115560
2017-04-07,-0.00047801,99.0542,1,0.017961,141.305570,0.00305222,67.1875,1,0.040228,321.019470
2017-04-10,0.00535845,99.5900,1,0.012605,141.088660,-0.00500807,66.6867,1,0.030317,279.855550
2017-04-11,0.00479815,100.0698,1,0.015315,180.884970,-0.00317198,66.3695,1,0.037738,320.629930
2017-04-12,-0.00643655,99.4262,1,0.012775,141.285070,-0.00420909,65.9486,1,0.041739,340.671340
2017-04-13,-0.00148083,99.2781,1,0.015333,140.623840,0.00495683,66.4443,1,0.039067,358.809150
2017-04-17,0.01035713,100.3138,1,0.022907,180.588450,-0.00791545,65.6527,0,0.000000,0.000000
2017-04-18,0.00660005,100.9738,1,0.018865,182.456760,0.00568359,66.2211,0,0.000000,0.000000
2017-04-19,0.00601260,101.5751,1,0.018200,180.664470,-0.00022255,66.1988,1,0.031875,281.125833
2017-04-20,0.01908657,103.4837,1,0.031573,140.474080,0.00283048,66.4819,1,0.034282,320.556700
2017-04-21,0.00452510,103.9363,1,0.016780,141.919570,-0.00320449,66.1614,1,0.053419,341.515650
2017-04-24,0.01250345,105.1866,1,0.011815,121.027070,0.00071570,66.2330,1,0.065350,300.285690
2017-04-25,-0.00071024,105.1156,1,0.015634,122.140200,-0.00424513,65.8085,0,0.000000,0.000000
2017-04-26,-0.00008843,105.1067,1,0.010603,82.189330,0.00175859,65.9843,1,0.038131,382.538959
2017-04-27,0.00745584,105.8523,1,0.010956,121.228000,-0.00084476,65.8999,1,0.030916,300.047330
2017-04-28,0.00065797,105.9181,1,0.016603,141.485400,-0.00459837,65.4400,1,0.037697,320.530840
2017-05-01,0.00504170,106.4223,1,0.020850,181.125140,0.00063247,65.5033,1,0.035993,338.934060
2017-05-02,-0.01058681,105.3636,1,0.018711,161.305460,0.00860993,66.3643,1,0.031497,280.956620
2017-05-03,0.00825349,106.1890,1,0.012961,101.690510,-0.00508564,65.8557,1,0.035984,241.745050
2017-05-04,0.00040879,106.2298,1,0.018151,180.170170,0.00058225,65.9139,1,0.037245,320.192620
2017-05-05,0.00329378,106.5592,1,0.012052,141.405270,-0.00265873,65.6481,1,0.032193,301.347670
2017-05-08,-0.00573812,105.9854,1,0.025382,180.879010,-0.00402944,65.2451,1,0.030264,321.586040
2017-05-09,0.00140177,106.1256,1,0.020703,180.866490,0.00120425,65.3655,1,0.036465,359.605840
2017-05-10,0.00175085,106.3007,1,0.023805,180.639100,-0.00762006,64.6035,1,0.050436,300.045870
2017-05-11,-0.00164962,106.1357,1,0.009852,140.486850,-0.00174017,64.4295,1,0.040397,380.234630
2017-05-12,-0.01108061,105.0276,1,0.011521,101.150830,0.00774968,65.2045,1,0.040262,339.111820
2017-05-15,0.00221807,105.2494,1,0.008383,101.055120,0.00092078,65.2966,1,0.027882,280.277910
2017-05-16,-0.00173678,105.0758,1,0.015818,141.278210,0.00220986,65.5176,0,0.000000,0.000000
2017-05-17,0.00010863,105.0866,1,0.010227,120.757140,-0.01885784,63.6318,1,0.038304,320.718584
2017-05-18,-0.00714825,104.3718,1,0.015725,140.955950,0.00050292,63.6821,0,0.000000,0.000000
2017-05-19,0.01262632,105.6344,1,0.012078,100.890200,-0.01126972,62.5551,1,0.029932,319.696644
2017-05-22,-0.00180761,105.4537,1,0.018491,182.050170,0.00372517,62.9276,1,0.039453,381.931520
2017-05-23,-0.00205838,105.2478,1,0.012058,121.435710,-0.00136443,62.7912,1,0.029113,281.238110
2017-05-24,-0.00481182,104.7667,1,0.011062,121.052800,-0.00129764,62.6614,1,0.033164,320.456170
2017-05-25,-0.00097186,104.6695,1,0.020186,161.657540,-0.00258770,62.4026,1,0.040230,321.310760
2017-05-26,-0.00104019,104.5654,1,0.011729,121.902940,0.00234868,62.6375,1,0.034632,322.299840
2017-05-30,-0.00592183,103.9733,1,0.006803,80.815730,-0.00319697,62.3178,1,0.036107,320.117840
2017-05-31,-0.00532421,103.4408,1,0.012661,141.232420,0.00291994,62.6098,1,0.036626,319.659930
2017-06-01,0.00964947,104.4058,1,0.006673,81.375060,-0.00746497,61.8633,1,0.028597,280.890840
2017-06-02,0.00541906,104.9477,1,0.022814,202.550000,0.00459477,62.3228,0,0.000000,0.000000
2017-06-05,-0.00688446,104.2593,1,0.016036,161.287440,0.00111193,62.4340,1,0.030907,283.098536
2017-06-06,0.00415383,104.6746,1,0.020617,140.784590,-0.00514682,61.9193,1,0.043312,319.963800
2017-06-07,-0.00044290,104.6303,1,0.015300,141.236860,0.00129214,62.0485,0,0.000000,0.000000
2017-06-08,0.01035251,105.6656,1,0.019079,161.115890,0.00097423,62.1459,1,0.033777,299.960731
2017-06-09,0.01852572,107.5182,1,0.008608,121.625970,0.01464298,63.6102,1,0.027512,320.839620
2017-06-12,0.00738216,108.2564,1,0.012894,161.255880,0.00134160,63.7444,1,0.026450,242.379850
2017-06-13,0.00713077,108.9695,1,0.019013,161.675570,-0.00273202,63.4712,1,0.035572,301.256030
2017-06-14,0.00024687,108.9941,1,0.016923,161.595830,-0.00009233,63.4619,1,0.035113,320.921790
2017-06-15,0.00072103,109.0663,1,0.009877,120.209590,0.00512127,63.9741,1,0.027273,300.291360
2017-06-16,-0.00199771,108.8665,1,0.010531,81.008500,-0.00704387,63.2697,1,0.027897,281.172060
2017-06-19,0.00272052,109.1385,1,0.007378,120.813700,-0.00541532,62.7282,1,0.031462,319.587950
2017-06-20,-0.01110703,108.0278,1,0.016473,161.197110,-0.00371738,62.3564,1,0.038048,341.309650
2017-06-21,-0.01506844,106.5210,1,0.014254,160.910210,0.01615045,63.9715,1,0.030355,339.445570
2017-06-22,-0.00764197,105.7568,1,0.008977,121.643330,0.01447217,65.4187,1,0.032263,261.470640
2017-06-23,-0.00443049,105.3137,1,0.012019,121.267180,0.01509651,66.9283,1,0.027539,261.329420
2017-06-26,0.00880113,106.1939,1,0.012667,141.736850,-0.00845691,66.0826,1,0.018731,202.110350
2017-06-27,0.01153069,107.3469,1,0.015991,140.931740,-0.00284464,65.7982,1,0.039164,360.368100
2017-06-28,0.00669895,108.0168,1,0.021695,180.798340,-0.00796891,65.0013,0,0.000000,0.000000
2017-06-29,0.00582342,108.5992,1,0.034758,261.528770,0.00647315,65.6486,1,0.044455,379.855781
2017-06-30,0.00024338,108.6235,0,0.000000,0.000000,0.00388880,66.0375,0,0.000000,0.000000
2017-07-03,-0.00064868,108.5586,1,0.023228,220.442752,0.00243778,66.2813,1,0.037662,300.069108
2017-07-05,-0.00236233,108.3224,1,0.032203,181.935420,-0.00829232,65.4520,1,0.065002,302.434280
2017-07-06,-0.00325608,107.9968,1,0.018368,201.267430,-0.00135386,65.3166,1,0.033676,339.594410
2017-07-07,-0.00912713,107.0841,1,0.015283,160.541400,0.01216058,66.5327,0,0.000000,0.000000
2017-07-10,-0.01046358,106.0377,1,0.013668,141.720850,0.00074960,66.6077,0,0.000000,0.000000
2017-07-11,-0.00356752,105.6810,1,0.014582,120.195490,0.00536679,67.1443,1,0.029671,299.477282
2017-07-12,-0.00221486,105.4595,1,0.016666,140.635050,0.00195539,67.3399,1,0.029851,240.583310
2017-07-13,-0.00244583,105.2149,1,0.016073,161.435760,-0.00103594,67.2363,0,0.000000,0.000000
2017-07-14,-0.00147511,105.0674,1,0.008361,100.824930,0.00144091,67.3804,1,0.035349,321.520445
2017-07-17,-0.00447943,104.6194,1,0.014623,181.132570,0.00153467,67.5338,1,0.027663,281.115540
2017-07-18,-0.00404631,104.2148,1,0.014281,101.276940,-0.00041162,67.4927,1,0.034812,301.007070
2017-07-19,0.00609092,104.8239,1,0.006318,100.809950,-0.00703766,66.7889,1,0.024436,260.307750
2017-07-20,-0.00340338,104.4836,1,0.017268,162.007450,0.00592070,67.3810,1,0.040630,341.637250
2017-07-21,0.01003315,105.4869,1,0.010915,140.874950,-0.00419957,66.9610,1,0.047467,340.521120
2017-07-24,0.00260824,105.7477,1,0.034986,201.619050,-0.00297287,66.6637,1,0.041247,301.533870
2017-07-25,-0.01760531,103.9872,1,0.016641,140.726170,-0.00072223,66.5915,1,0.046123,359.805080
2017-07-26,0.00780430,104.7676,1,0.015290,142.189870,-0.02182111,64.4094,1,0.035211,321.556440
2017-07-27,0.00837826,105.6054,1,0.018874,160.184420,-0.02048022,62.3614,1,0.049422,358.789700
2017-07-28,0.00903946,106.5094,1,0.026504,143.250560,-0.01525910,60.8355,1,0.053750,381.072740
2017-07-31,0.00206393,106.7158,1,0.010757,81.284150,-0.00424756,60.4107,1,0.044706,399.490960
2017-08-01,-0.00357574,106.3582,1,0.014304,160.108110,0.00273391,60.6841,1,0.034769,320.446530
2017-08-02,0.01263149,107.6213,1,0.024391,201.290810,-0.01293329,59.3908,1,0.042269,360.884280
2017-08-03,-0.00067240,107.5541,1,0.030440,241.554140,0.00179762,59.5705,1,0.043248,360.342800
2017-08-04,0.01244899,108.7990,1,0.021471,181.239880,-0.01387081,58.1835,1,0.032841,320.202190
2017-08-07,0.01025555,109.8246,1,0.026365,240.893910,-0.01063962,57.1195,1,0.046852,400.495600
2017-08-08,0.00410938,110.2355,1,0.026632,220.065500,0.00393084,57.5126,1,0.032576,359.356550
2017-08-09,0.00901569,111.1371,0,0.000000,0.000000,-0.00762510,56.7501,1,0.026930,260.469280
2017-08-10,0.00752178,111.8892,0,0.000000,0.000000,0.00907652,57.6577,1,0.039028,360.387900
2017-08-11,0.00695702,112.5849,1,0.038878,337.738734,0.00189653,57.8474,0,0.000000,0.000000
2017-08-14,0.00143662,112.7286,0,0.000000,0.000000,-0.00457325,57.3901,1,0.026875,278.723457
2017-08-15,-0.00273702,112.4549,1,0.020512,202.070959,-0.00943652,56.4464,0,0.000000,0.000000
2017-08-16,0.00145295,112.6002,1,0.015175,200.604230,-0.00140899,56.3055,1,0.032309,361.325141
2017-08-17,-0.00457739,112.1425,1,0.012579,141.011210,0.00282186,56.5877,1,0.037314,321.271950
2017-08-18,0.00068703,112.2112,1,0.020237,160.863540,-0.00392367,56.1953,0,0.000000,0.000000
2017-08-21,-0.00417598,111.7936,1,0.019188,180.341640,-0.00060949,56.1344,1,0.036269,357.925095
2017-08-22,0.00600433,112.3940,1,0.011207,140.738770,-0.00841075,55.2933,1,0.037865,360.392420
2017-08-23,-0.00164232,112.2298,1,0.021792,141.857620,0.00267773,55.5611,0,0.000000,0.000000
2017-08-24,-0.00737316,111.4925,1,0.012246,140.701940,-0.00068956,55.4921,1,0.026486,281.441809
2017-08-25,-0.00449533,111.0429,1,0.007283,60.322310,-0.00141667,55.3504,1,0.028847,300.329810
2017-08-28,-0.01004259,110.0387,1,0.010999,141.267890,-0.00295038,55.0554,1,0.026568,341.113600
2017-08-29,-0.00808617,109.2300,1,0.019037,160.950460,0.00611897,55.6673,1,0.022153,280.871630
2017-08-30,-0.01134384,108.0957,1,0.012054,101.203120,0.01242792,56.9101,1,0.027218,240.411710
2017-08-31,0.00303270,108.3989,1,0.006800,82.006250,0.00272224,57.1823,1,0.025666,282.574490
2017-09-01,0.00434823,108.8338,1,0.015867,182.574470,-0.00362499,56.8198,1,0.032719,341.264290
2017-09-05,-0.00558211,108.2755,1,0.018121,180.968390,0.00543868,57.3637,1,0.033932,340.790000
2017-09-06,0.00521899,108.7974,1,0.021221,181.618170,-0.00105793,57.2579,1,0.031913,300.828360
2017-09-07,-0.01794382,107.0031,1,0.012812,140.903520,0.00810222,58.0681,1,0.032278,301.275060
2017-09-08,0.00406797,107.4099,1,0.016733,161.601050,-0.01176426,56.8917,1,0.032936,321.800200
2017-09-11,0.01575373,108.9852,1,0.008967,122.424210,-0.00447543,56.4441,1,0.033643,322.581310
2017-09-12,-0.00095421,108.8898,1,0.015921,161.306860,0.00306337,56.7505,0,0.000000,0.000000
2017-09-13,0.00488508,109.3783,1,0.014032,161.782100,0.01094622,57.8451,1,0.033188,363.140216
2017-09-14,0.00354011,109.7323,1,0.010579,140.856220,-0.00445777,57.3993,1,0.020477,220.960210
2017-09-15,0.00620797,110.3531,1,0.012313,161.088990,-0.00272520,57.1268,1,0.034330,340.051320
2017-09-18,0.01136080,111.4892,1,0.013340,180.834330,-0.00595084,56.5317,1,0.030144,340.171850
2017-09-19,-0.00686336,110.8029,1,0.017136,220.595960,0.01587886,58.1196,1,0.027234,340.597240
2017-09-20,-0.00317473,110.4854,1,0.017363,220.769520,0.00053997,58.1736,1,0.018033,201.128400
2017-09-21,-0.00295152,110.1902,1,0.020902,161.412910,0.00093318,58.2669,1,0.044492,341.306810
2017-09-22,0.00397403,110.5876,1,0.014967,180.439870,0.00364586,58.6315,1,0.028094,320.215070
2017-09-25,0.00053280,110.6409,1,0.017000,200.852810,0.00567210,59.1987,1,0.026810,280.953280
2017-09-26,-0.00133417,110.5075,1,0.022747,161.632000,-0.00077481,59.1212,1,0.040011,281.219240
2017-09-27,-0.00580983,109.9265,0,0.000000,0.000000,0.00370018,59.4913,1,0.022072,280.945710
2017-09-28,-0.00145019,109.7815,1,0.018909,201.929680,-0.00199426,59.2918,1,0.028816,321.132210
2017-09-29,0.00020292,109.8018,1,0.012418,161.063370,0.00036973,59.3288,1,0.031907,320.736630
2017-10-02,-0.00059745,109.7421,1,0.010415,180.876590,0.00602312,59.9311,1,0.039608,281.090440
2017-10-03,0.00110380,109.8524,1,0.020930,221.377290,-0.00224625,59.7065,1,0.028635,282.233200
2017-10-04,-0.00466782,109.3857,1,0.013952,200.913110,0.00028180,59.7347,1,0.025150,280.495550
2017-10-05,0.00424550,109.8102,1,0.014640,181.506250,-0.01053102,58.6816,1,0.027942,341.351670
2017-10-06,-0.00414896,109.3953,1,0.015106,181.813090,-0.00164047,58.5175,1,0.032467,341.138720
2017-10-09,-0.00115447,109.2799,1,0.019297,160.163370,0.00009321,58.5268,1,0.043959,359.691900
2017-10-10,0.00226287,109.5061,1,0.012043,140.624390,-0.00196497,58.3303,1,0.022927,320.162540
2017-10-11,-0.00461366,109.0448,1,0.017846,200.492810,0.00248879,58.5792,1,0.030001,340.550110
2017-10-12,-0.00056075,108.9887,1,0.016185,180.700680,0.00572357,59.1516,1,0.025283,260.546380
2017-10-13,-0.01043558,107.9451,1,0.018188,241.385010,0.01526754,60.6783,1,0.024536,301.577020
2017-10-16,0.00047550,107.9927,1,0.014150,181.665470,-0.00264980,60.4134,1,0.028400,302.031170
2017-10-17,0.01454778,109.4475,1,0.018752,240.840900,-0.01389852,59.0235,1,0.034852,340.779480
2017-10-18,-0.00694579,108.7529,1,0.019889,241.267510,-0.00202692,58.8208,1,0.039692,381.108660
2017-10-19,0.02061730,110.8146,1,0.008210,101.519150,-0.01395743,57.4251,1,0.042413,320.419900
2017-10-20,0.00073417,110.8880,1,0.027483,220.999940,0.00692594,58.1177,1,0.044826,359.719130
2017-10-23,0.00238186,111.1262,1,0.022874,141.795040,-0.00015328,58.1023,1,0.025338,242.784160
2017-10-24,0.00422879,111.5491,1,0.013681,140.901860,-0.00340087,57.7623,1,0.051927,339.836770
2017-10-25,0.01181795,112.7309,1,0.016205,220.168900,-0.00276963,57.4853,1,0.035543,320.872520
2017-10-26,0.00926864,113.6578,1,0.015096,199.432540,0.00081673,57.5670,1,0.039227,319.741300
2017-10-27,0.00223940,113.8817,1,0.016820,201.951640,0.00023073,57.5900,1,0.036147,362.587180
2017-10-30,0.00217056,114.0988,1,0.025364,201.281220,0.01112984,58.7030,1,0.027576,301.359800
2017-10-31,-0.00335853,113.7629,1,0.016143,200.788280,-0.00132666,58.5704,1,0.029686,260.800960
2017-11-01,-0.00046105,113.7168,1,0.014975,140.805430,-0.00414995,58.1554,1,0.038375,340.244480
2017-11-02,0.00691367,114.4082,1,0.013413,141.757910,0.00658841,58.8142,1,0.037739,340.687860
2017-11-03,-0.00880109,113.5281,1,0.027559,240.992320,-0.00050808,58.7634,1,0.031288,301.187840
2017-11-06,-0.01173967,112.3541,1,0.012147,141.273430,0.00100662,58.8641,1,0.034038,321.022800
2017-11-07,-0.00408832,111.9453,1,0.019902,121.128760,-0.00366963,58.4971,1,0.038213,320.709060
2017-11-08,-0.00669773,111.2755,1,0.017193,180.999430,0.00225054,58.7221,1,0.033856,340.970790
2017-11-09,-0.00586092,110.6894,1,0.009112,121.738780,0.00281555,59.0037,1,0.027975,301.204630
2017-11-10,-0.00052178,110.6372,1,0.009918,101.302540,-0.00428254,58.5754,1,0.029314,300.380850
2017-11-13,0.00796467,111.4337,1,0.015293,140.990360,-0.00805703,57.7697,1,0.038443,360.055860
2017-11-14,-0.00202043,111.2316,1,0.016423,180.798140,0.01094468,58.8642,1,0.029942,340.484460
2017-11-15,0.00670491,111.9021,1,0.012879,161.538720,-0.00529029,58.3352,1,0.019899,261.315430
2017-11-16,0.00997015,112.8992,1,0.010325,160.539890,-0.00809286,57.5259,1,0.032846,358.922250
2017-11-17,-0.00527221,112.3719,1,0.010221,161.643280,-0.00125321,57.4006,1,0.034271,340.992980
2017-11-20,0.00234669,112.6066,1,0.014581,220.883160,0.00258410,57.6590,1,0.027910,300.586930
2017-11-21,-0.00060957,112.5456,1,0.013917,160.862770,0.01194682,58.8537,1,0.026718,280.763560
2017-11-22,0.00407598,112.9532,1,0.014892,141.593880,-0.00308686,58.5450,1,0.028816,282.328340
2017-11-24,-0.00185758,112.7675,1,0.015958,181.008030,0.00249731,58.7947,1,0.032599,339.831570
2017-11-27,0.00879406,113.6469,1,0.019534,140.966300,-0.00829436,57.9653,1,0.063216,340.636110
2017-11-28,0.00445618,114.0925,1,0.013572,200.687660,0.01019624,58.9849,1,0.035136,360.415000
2017-11-29,-0.01525728,112.5668,1,0.027748,243.449210,0.02065048,61.0499,1,0.029832,302.207140
2017-11-30,0.00036596,112.6034,1,0.011594,123.263420,0.00260280,61.3102,1,0.020120,224.005700
2017-12-01,-0.00176168,112.4272,1,0.006858,102.378890,-0.00446115,60.8641,1,0.027175,281.458580
2017-12-04,-0.00009003,112.4182,1,0.013363,161.143630,0.00304267,61.1684,1,0.038103,340.192480
2017-12-05,0.00337311,112.7555,1,0.017949,181.346680,-0.00135642,61.0327,1,0.034672,281.365890
2017-12-06,-0.00001324,112.7542,1,0.013744,160.943060,-0.01077378,59.9554,1,0.032558,359.390070
2017-12-07,0.00454054,113.2082,1,0.013016,180.651160,-0.00295218,59.6601,1,0.041168,359.624240
2017-12-08,-0.00176669,113.0316,1,0.012629,161.757030,-0.00248431,59.4117,1,0.024701,301.803350
2017-12-11,-0.00010448,113.0211,1,0.014438,141.660200,-0.01043345,58.3684,0,0.000000,0.000000
2017-12-12,0.00743505,113.7646,1,0.008085,141.158950,-0.00533816,57.8345,1,0.028966,341.647513
2017-12-13,0.00925780,114.6904,1,0.015590,160.790050,-0.00364662,57.4699,1,0.031982,340.023330
2017-12-14,-0.00256063,114.4343,1,0.008023,101.321830,-0.00868286,56.6016,1,0.040116,360.027740
2017-12-15,-0.00340988,114.0934,1,0.011858,120.895340,-0.01084246,55.5174,0,0.000000,0.000000
2017-12-18,-0.00186740,113.9066,1,0.006470,102.635850,0.00522785,56.0401,0,0.000000,0.000000
2017-12-19,-0.00388538,113.5181,1,0.012928,143.067650,0.01131114,57.1713,1,0.024336,261.814056
2017-12-20,0.00274229,113.7923,1,0.010891,121.318210,0.02109601,59.2809,1,0.024209,280.632090
2017-12-21,-0.01424820,112.3675,1,0.016110,180.814460,0.02088682,61.3695,1,0.013138,181.727350
2017-12-22,-0.00233835,112.1337,1,0.007185,102.612910,0.00180982,61.5505,1,0.021628,242.038960
2017-12-26,-0.00246052,111.8876,1,0.009622,160.722250,0.00430884,61.9814,1,0.026916,300.303030
2017-12-27,0.00451407,112.3390,1,0.009753,121.013410,-0.00358825,61.6226,1,0.029775,320.906240
2017-12-28,-0.00040017,112.2990,1,0.016867,160.788260,-0.00422376,61.2002,1,0.032796,340.360390
2017-12-29,0.00400503,112.6995,1,0.022247,140.919170,-0.00125719,61.0745,1,0.056329,360.587600
2018-01-02,-0.00804661,111.8948,1,0.008901,100.670830,-0.00176453,60.8980,1,0.030683,319.468810
2018-01-03,-0.00403466,111.4914,1,0.010736,121.783700,0.00594099,61.4921,1,0.036091,321.125710
2018-01-04,0.00245406,111.7368,1,0.006084,102.462950,0.00391593,61.8837,1,0.022447,261.856190
2018-01-05,-0.00018306,111.7185,1,0.011416,141.292990,-0.00466448,61.4173,1,0.025858,300.797840
2018-01-08,0.00822167,112.5406,1,0.013273,141.598930,-0.00044529,61.3727,1,0.026419,320.886430
2018-01-09,-0.00036537,112.5041,1,0.012637,120.942380,-0.00294943,61.0778,1,0.033023,341.287230
2018-01-10,0.00126742,112.6308,1,0.007868,121.229160,0.00908535,61.9863,1,0.033305,360.663320
2018-01-11,-0.00112644,112.5182,1,0.012784,140.627730,0.01824634,63.8110,1,0.027156,279.740420
2018-01-12,0.00208459,112.7267,1,0.008901,81.585400,0.01488199,65.2992,1,0.035221,222.264610
2018-01-16,0.00169599,112.8963,1,0.012201,122.109680,-0.00978164,64.3210,1,0.023024,221.730280
2018-01-17,-0.00613567,112.2827,1,0.007637,101.211280,0.00271496,64.5925,1,0.037834,379.273920
2018-01-18,-0.00048704,112.2340,1,0.005104,62.248610,-0.00725812,63.8667,0,0.000000,0.000000
2018-01-19,-0.00016427,112.2176,1,0.009017,81.919700,-0.00703895,63.1628,1,0.037555,381.289729
2018-01-22,-0.01191060,111.0265,1,0.003850,61.438730,-0.00561773,62.6010,1,0.031383,302.661680
2018-01-23,-0.00078705,110.9478,1,0.006645,62.745490,0.00241057,62.8421,1,0.029973,342.169670
2018-01-24,-0.00432580,110.5152,1,0.004750,81.306680,-0.00130330,62.7118,1,0.030060,300.535210
2018-01-25,-0.01360541,109.1547,1,0.006771,80.547150,0.01195922,63.9077,1,0.026208,320.478810
2018-01-26,-0.01091564,108.0631,1,0.011914,121.962590,0.00800723,64.7084,1,0.023527,281.732590
2018-01-29,0.00323859,108.3870,1,0.008051,82.039450,0.00346401,65.0548,1,0.032559,321.683690
2018-01-30,0.00144957,108.5319,1,0.009413,121.031550,-0.01209760,63.8450,1,0.029880,319.345120
2018-01-31,0.00670835,109.2028,1,0.013465,160.636910,-0.00842798,63.0022,0,0.000000,0.000000
2018-02-01,-0.01147356,108.0554,1,0.008316,61.800580,-0.00961717,62.0405,1,0.038917,358.404592
2018-02-02,-0.00339874,107.7155,1,0.013614,102.335420,-0.01191436,60.8491,1,0.055616,379.321220
2018-02-05,-0.00407972,107.3076,1,0.030502,180.269800,-0.01316556,59.5325,0,0.000000,0.000000
2018-02-06,0.00541892,107.8495,1,0.015038,180.134050,0.00818134,60.3507,0,0.000000,0.000000
2018-02-07,-0.00403360,107.4461,1,0.029080,241.877250,0.00667508,61.0182,1,0.032762,256.127152
2018-02-08,0.00051049,107.4971,1,0.015311,141.356940,0.00313638,61.3318,1,0.028802,320.574330
2018-02-09,0.00309523,107.8067,1,0.026617,238.870680,-0.00095819,61.2360,0,0.000000,0.000000
2018-02-12,0.01044568,108.8512,1,0.029762,242.997920,-0.00082813,61.1532,0,0.000000,0.000000
2018-02-13,0.00343931,109.1952,1,0.031629,182.547030,-0.00224808,60.9284,1,0.052548,299.251708
2018-02-14,0.01769251,110.9644,1,0.013679,140.765240,-0.00120250,60.8081,1,0.029430,320.484600
2018-02-15,0.01595120,112.5595,1,0.028990,261.209590,-0.01928211,58.8799,1,0.038961,363.348880
2018-02-16,0.00058764,112.6183,1,0.021696,262.065750,0.00002824,58.8827,0,0.000000,0.000000
2018-02-20,-0.00086981,112.5313,1,0.028341,221.211920,-0.00081033,58.8017,1,0.036293,304.309811
2018-02-21,-0.00353264,112.1781,1,0.020714,179.844660,-0.00190712,58.6110,1,0.035862,319.177360
2018-02-22,0.00262144,112.4402,1,0.014516,141.289350,-0.00465234,58.1458,0,0.000000,0.000000
2018-02-23,-0.00724358,111.7158,1,0.015478,161.288780,0.00241404,58.3872,1,0.038166,337.352793
2018-02-26,0.00248202,111.9640,1,0.017128,183.191980,0.00609832,58.9970,0,0.000000,0.000000
2018-02-27,-0.00278440,111.6856,1,0.017710,181.345150,0.00412167,59.4092,1,0.030033,283.383726
2018-02-28,0.00079697,111.7653,1,0.022353,240.155690,-0.00535616,58.8735,0,0.000000,0.000000
2018-03-01,0.00327102,112.0924,1,0.015398,161.138930,-0.01195728,57.6778,0,0.000000,0.000000
2018-03-02,-0.00047137,112.0453,1,0.016227,140.757260,0.00509262,58.1871,1,0.065788,354.340832
2018-03-05,-0.00024189,112.0211,1,0.022839,161.326270,-0.00644915,57.5422,1,0.048715,321.214410
2018-03-06,-0.00300845,111.7202,1,0.020415,162.540190,0.00011347,57.5535,0,0.000000,0.000000
2018-03-07,0.00775218,112.4954,1,0.024952,181.323730,0.00400890,57.9544,1,0.034690,303.933444
2018-03-08,0.00672397,113.1678,1,0.019193,200.868390,-0.01532922,56.4215,1,0.027602,260.679480
2018-03-09,0.01249269,114.4171,1,0.022881,241.159090,-0.00719605,55.7019,1,0.040465,400.742600
2018-03-12,-0.00038766,114.3783,1,0.019886,243.112770,0.00744042,56.4459,0,0.000000,0.000000
2018-03-13,-0.00336021,114.0423,1,0.015331,181.246300,0.00710942,57.1569,1,0.025248,282.453504
2018-03-14,-0.00413958,113.6284,1,0.016078,161.321190,0.00293329,57.4502,1,0.026981,281.386750
2018-03-15,-0.00469820,113.1585,1,0.013260,121.259220,0.00958921,58.4091,1,0.028259,260.114170
2018-03-16,-0.00129145,113.0294,1,0.011835,141.167480,-0.00014787,58.3943,1,0.031107,261.067440
2018-03-19,-0.00223463,112.8059,1,0.018313,161.552870,-0.00005262,58.3891,0,0.000000,0.000000
2018-03-20,0.00474753,113.2807,1,0.009157,101.355930,0.00249469,58.6385,0,0.000000,0.000000
2018-03-21,0.00722190,114.0029,1,0.015750,180.289630,0.00216291,58.8548,1,0.025709,300.151256
2018-03-22,0.01193029,115.1959,1,0.014881,160.806780,-0.01573919,57.2809,1,0.052709,300.582700
2018-03-23,-0.00435991,114.7599,1,0.034841,219.334150,0.00014732,57.2956,0,0.000000,0.000000
2018-03-26,0.00987831,115.7478,1,0.032239,200.588050,0.00722323,58.0180,0,0.000000,0.000000
2018-03-27,0.01504235,117.2520,1,0.025995,244.331890,-0.01040250,56.9777,0,0.000000,0.000000
2018-03-28,-0.00485114,116.7669,1,0.035424,299.832170,0.01423090,58.4008,1,0.037250,357.107246
2018-03-29,0.01572034,118.3389,1,0.029846,221.345030,-0.00981300,57.4195,1,0.028940,261.582340
2018-04-02,0.00692665,119.0316,1,0.031335,222.320020,0.00320132,57.7396,0,0.000000,0.000000
2018-04-03,0.00238643,119.2702,1,0.032287,219.431560,-0.00305131,57.4345,0,0.000000,0.000000
2018-04-04,0.00043478,119.3137,1,0.017482,222.019250,0.00057943,57.4924,0,0.000000,0.000000
2018-04-05,0.01087182,120.4009,1,0.029398,241.964940,-0.01959908,55.5325,0,0.000000,0.000000
2018-04-06,0.01323973,121.7248,1,0.033227,281.372360,-0.01230092,54.3024,1,0.079472,403.347238
2018-04-09,0.00590596,122.3154,1,0.036584,318.101820,0.00339808,54.6422,0,0.000000,0.000000
2018-04-10,-0.00250350,122.0651,1,0.021340,219.683800,0.00248748,54.8910,1,0.039632,238.570819
2018-04-11,0.01205304,123.2704,1,0.029586,262.747710,0.00224453,55.1154,0,0.000000,0.000000
2018-04-12,0.00901648,124.1720,1,0.029472,279.586750,-0.00430150,54.6853,1,0.035240,302.040018
2018-04-13,0.01567075,125.7391,1,0.036045,220.732380,-0.01377267,53.3080,1,0.043057,321.452510
2018-04-16,-0.00150513,125.5886,1,0.037033,319.649220,-0.00535654,52.7724,1,0.046964,380.157670
2018-04-17,0.00094341,125.6829,1,0.019609,222.083040,0.01421360,54.1937,0,0.000000,0.000000
2018-04-18,-0.00652553,125.0304,1,0.017203,161.119290,-0.00128354,54.0654,1,0.015024,204.073937
2018-04-19,0.00128924,125.1593,1,0.046266,221.523250,0.00047310,54.1127,1,0.078530,321.253750
2018-04-20,-0.00404412,124.7549,1,0.021992,240.534790,0.01557611,55.6703,1,0.027539,300.102400
2018-04-23,-0.00239530,124.5154,1,0.021190,200.201440,0.00411125,56.0814,1,0.026625,240.844850
2018-04-24,0.00529163,125.0445,1,0.012847,140.799040,0.00386128,56.4676,1,0.026642,300.717850
2018-04-25,-0.00110165,124.9344,1,0.035275,280.379990,-0.00089985,56.3776,1,0.037595,320.326210
2018-04-26,-0.01309166,123.6252,1,0.027726,241.519730,0.01698477,58.0760,1,0.032833,281.821630
2018-04-27,-0.00323296,123.3019,1,0.017986,182.888080,-0.00116221,57.9598,1,0.023741,262.556190
2018-04-30,0.00083336,123.3852,1,0.016954,181.340050,-0.00206264,57.7536,1,0.023654,301.558220
2018-05-01,0.00365051,123.7503,1,0.022489,200.152750,0.00073106,57.8267,0,0.000000,0.000000
2018-05-02,-0.01318879,122.4314,1,0.036439,240.625200,0.00914638,58.7413,1,0.041212,320.234245
2018-05-03,-0.00168109,122.2633,1,0.015219,161.101580,-0.00482970,58.2583,1,0.031580,300.792690
2018-05-04,0.00001992,122.2653,1,0.031538,161.944010,0.00319938,58.5783,1,0.049892,320.236250
2018-05-07,-0.00991072,121.2742,1,0.023202,142.115730,0.00421406,58.9997,0,0.000000,0.000000
2018-05-08,-0.00823538,120.4507,1,0.006618,41.436170,0.01404054,60.4037,1,0.031536,282.825834
2018-05-09,-0.00621696,119.8290,1,0.013746,143.230860,0.00991759,61.3955,1,0.023401,281.740910
2018-05-10,0.00200388,120.0294,1,0.007162,81.957290,-0.00088486,61.3070,1,0.026426,241.942820
2018-05-11,-0.00902699,119.1267,1,0.017619,161.886850,-0.00146311,61.1607,0,0.000000,0.000000
2018-05-14,-0.00581655,118.5450,1,0.015735,141.448320,0.00166505,61.3272,1,0.043005,382.279672
2018-05-15,0.00162885,118.7079,1,0.007365,101.190540,0.00111565,61.4388,1,0.028495,300.513890
2018-05-16,-0.00887880,117.8200,1,0.023950,220.253210,0.00825687,62.2645,1,0.039643,339.424140
2018-05-17,-0.00344885,117.4752,1,0.022315,121.527210,0.00400070,62.6645,1,0.038450,281.513370
2018-05-18,-0.00422608,117.0525,1,0.010938,141.135290,-0.00569855,62.0947,1,0.024305,261.122380
2018-05-21,-0.00681660,116.3709,1,0.014150,181.073450,0.01152657,63.2473,1,0.034883,340.466070
2018-05-22,0.00978957,117.3498,1,0.010263,121.534890,-0.00570135,62.6772,0,0.000000,0.000000
2018-05-23,-0.00331044,117.0188,1,0.022544,220.207280,0.00331795,63.0090,1,0.036525,341.921409
2018-05-24,0.00084990,117.1038,1,0.029510,201.189220,-0.00327452,62.6815,1,0.050472,261.170420
2018-05-25,0.00701952,117.8057,1,0.014148,160.479240,-0.00473732,62.2078,1,0.035802,320.258200
2018-05-29,0.00521822,118.3276,1,0.029468,240.845980,0.00043276,62.2511,1,0.043624,340.787270
2018-05-30,0.00528915,118.8565,1,0.018615,200.342070,-0.00408804,61.8423,1,0.030384,279.923900
2018-05-31,0.00404749,119.2612,1,0.019731,222.901450,-0.00268366,61.5739,0,0.000000,0.000000
2018-06-01,0.00019910,119.2811,1,0.024420,199.859160,-0.00229521,61.3444,0,0.000000,0.000000
2018-06-04,-0.00032820,119.2483,1,0.019550,201.482410,0.00642417,61.9868,1,0.041593,363.132736
2018-06-05,-0.00633671,118.6146,1,0.009071,101.739310,0.00404775,62.3916,1,0.027395,241.989650
2018-06-06,-0.00665511,117.9491,1,0.014871,160.636820,0.00065772,62.4573,1,0.029428,301.376490
2018-06-07,-0.00079080,117.8701,1,0.021250,162.092540,-0.00616790,61.8406,1,0.031200,262.005400
2018-06-08,0.01428147,119.2982,1,0.016903,160.738850,-0.00297522,61.5430,1,0.048412,360.634070
2018-06-11,-0.00161057,119.1371,1,0.027077,201.438990,0.00354174,61.8972,1,0.044036,360.852310
2018-06-12,-0.00032843,119.1043,1,0.014943,180.020060,0.00222640,62.1198,1,0.027680,300.552850
2018-06-13,-0.00724903,118.3794,1,0.012313,161.499000,0.00136885,62.2567,1,0.028405,301.081480
2018-06-14,0.00273608,118.6530,1,0.012362,140.237470,-0.00929930,61.3268,1,0.032600,319.733150
2018-06-15,-0.00305696,118.3473,1,0.017086,201.106450,0.00436207,61.7630,1,0.037553,360.415730
2018-06-18,-0.00359094,117.9882,1,0.007444,121.232110,-0.01519921,60.2431,1,0.028611,320.947620
2018-06-19,-0.00448096,117.5401,1,0.010716,141.017310,-0.00650873,59.5922,1,0.033253,379.895130
2018-06-20,-0.00172995,117.3671,1,0.008965,140.634800,0.00276964,59.8692,1,0.033576,340.317340
2018-06-21,-0.01107971,116.2592,1,0.014941,161.295250,0.00482486,60.3517,1,0.023674,241.159500
2018-06-22,-0.00227759,116.0314,1,0.012469,122.147390,0.00054306,60.4060,1,0.033354,299.186600
2018-06-25,-0.00639972,115.3914,1,0.018852,201.867010,0.01317929,61.7239,1,0.032451,321.858540
2018-06-26,-0.00135471,115.2560,1,0.039381,200.475580,-0.00166661,61.5572,1,0.039081,279.478260
2018-06-27,-0.00725052,114.5309,1,0.008012,120.827670,0.01673536,63.2308,1,0.030774,340.466060
2018-06-28,0.00465844,114.9967,1,0.015746,160.863880,-0.00314958,62.9158,1,0.029048,261.096470
2018-06-29,0.00282994,115.2797,1,0.009236,140.590110,-0.00429454,62.4864,1,0.028414,321.266610
2018-07-02,-0.00359459,114.9203,1,0.015179,160.620510,0.00159997,62.6464,1,0.032703,360.344520
2018-07-03,-0.00473290,114.4470,0,0.000000,0.000000,-0.00565431,62.0809,1,0.031731,260.580460
2018-07-05,-0.00075521,114.3715,0,0.000000,0.000000,-0.00599989,61.4809,1,0.068849,360.049600
2018-07-06,-0.02048986,112.3225,0,0.000000,0.000000,-0.01747338,59.7336,0,0.000000,0.000000
2018-07-09,0.01804667,114.1271,0,0.000000,0.000000,-0.00979953,58.7537,1,0.039953,324.906804
2018-07-10,0.00489734,114.6169,0,0.000000,0.000000,0.00111949,58.8656,1,0.032461,382.779740
2018-07-11,0.00073057,114.6899,1,0.022353,205.255230,-0.00002308,58.8633,1,0.038038,320.950350
2018-07-12,-0.00314597,114.3753,0,0.000000,0.000000,-0.00511596,58.3517,1,0.037276,299.679250
2018-07-13,-0.00279350,114.0960,1,0.013130,121.528355,0.00167113,58.5188,1,0.029877,321.680600
2018-07-16,0.00142096,114.2381,1,0.008644,101.152380,-0.00380326,58.1385,1,0.025046,300.865930
2018-07-17,-0.00066070,114.1720,1,0.021400,120.863300,-0.01431959,56.7065,1,0.025909,300.424620
2018-07-18,0.00565139,114.7372,1,0.007701,101.686090,-0.00441590,56.2649,1,0.032760,360.119970
2018-07-19,0.01161522,115.8987,1,0.010318,160.469860,-0.00724338,55.5406,1,0.028488,340.016490
2018-07-20,-0.00081294,115.8174,1,0.022064,141.914660,-0.00445938,55.0947,1,0.052788,400.818610
2018-07-23,0.00108080,115.9255,1,0.014640,141.196230,-0.00712529,54.3821,1,0.038089,319.938170
2018-07-24,-0.00885811,115.0397,1,0.008171,101.390560,-0.00935044,53.4471,1,0.035024,359.456520
2018-07-25,-0.00705549,114.3341,1,0.026959,141.915460,0.00643104,54.0902,1,0.047496,359.472060
2018-07-26,0.00522984,114.8571,1,0.008266,122.129430,-0.01076541,53.0137,1,0.024061,262.581320
2018-07-27,0.00325939,115.1830,1,0.008531,121.406530,0.00057264,53.0709,1,0.029356,340.998140
2018-07-30,-0.00026832,115.1562,1,0.007002,80.905150,0.00322033,53.3929,0,0.000000,0.000000
2018-07-31,-0.00242605,114.9136,1,0.006395,100.841870,0.00058373,53.4513,1,0.023787,280.015233
2018-08-01,0.00451751,115.3653,1,0.006299,101.601430,0.00330800,53.7821,1,0.030000,361.597640
2018-08-02,0.00415615,115.7810,1,0.013805,141.951310,-0.00405445,53.3767,1,0.036645,320.561060
2018-08-03,0.00034283,115.8152,1,0.017167,142.264520,-0.00807314,52.5694,1,0.031324,281.973740
2018-08-06,-0.00006749,115.8085,1,0.014319,201.130950,-0.00334597,52.2348,1,0.026567,361.492630
2018-08-07,0.00617183,116.4257,1,0.008027,121.829830,-0.00443961,51.7908,1,0.022531,321.258890
2018-08-08,-0.00125058,116.3006,1,0.006098,81.529730,0.00766318,52.5571,1,0.023442,320.530750
2018-08-09,0.00056952,116.3576,1,0.014848,140.710840,-0.00106061,52.4511,1,0.026521,300.837140
2018-08-10,0.00034749,116.3923,1,0.011021,120.946260,0.00569506,53.0206,1,0.038814,320.209360
2018-08-13,-0.00616227,115.7761,1,0.010867,140.435710,0.00278627,53.2992,0,0.000000,0.000000
2018-08-14,0.00004825,115.7809,1,0.004865,100.655300,-0.00160803,53.1384,1,0.020273,299.519093
2018-08-15,-0.00448438,115.3325,1,0.022978,161.835550,0.00962704,54.1011,0,0.000000,0.000000
2018-08-16,-0.00080231,115.2522,1,0.007261,121.544740,0.00847155,54.9483,1,0.029945,302.428147
2018-08-17,0.00187385,115.4396,1,0.013935,161.548930,0.00377704,55.3260,0,0.000000,0.000000
2018-08-20,0.01142335,116.5820,1,0.012455,141.224880,-0.00092002,55.2340,1,0.041312,282.710916
2018-08-21,-0.00149204,116.4328,1,0.013284,160.630190,0.01489312,56.7233,1,0.022648,280.562530
2018-08-22,-0.00144187,116.2886,1,0.012547,122.073080,0.00583226,57.3065,1,0.017794,201.749720
2018-08-23,0.00596878,116.8855,1,0.007082,100.825880,0.00137966,57.4445,1,0.022014,280.270780
2018-08-24,0.00393589,117.2790,1,0.011601,140.641040,0.00426226,57.8707,1,0.030444,320.287400
2018-08-27,0.00874786,118.1538,1,0.008414,121.181530,-0.00199840,57.6708,1,0.030070,321.096910
2018-08-28,-0.00320347,117.8335,1,0.008447,121.066040,0.00296546,57.9674,1,0.057614,381.395110
2018-08-29,-0.00700904,117.1326,1,0.009134,141.439660,0.00202832,58.1702,1,0.021998,280.929540
2018-08-30,-0.00603846,116.5287,1,0.034426,141.055150,0.00381390,58.5516,1,0.022510,301.533930
2018-08-31,0.00530656,117.0594,1,0.008914,100.565340,-0.00617970,57.9336,1,0.042800,279.848260
2018-09-04,-0.00201665,116.8577,1,0.016735,200.796630,0.00081336,58.0150,1,0.034574,359.897530
2018-09-05,-0.00281413,116.5763,1,0.025123,140.746330,-0.00079451,57.9355,1,0.029771,301.048970
2018-09-06,-0.00088876,116.4874,1,0.012166,140.988270,0.00404474,58.3400,1,0.030406,341.008220
2018-09-07,0.00565044,117.0525,1,0.004806,81.483950,-0.00215343,58.1247,1,0.019913,321.211060
2018-09-10,-0.00231161,116.8213,1,0.019521,140.932430,-0.00811889,57.3128,1,0.038569,340.028590
2018-09-11,0.00391240,117.2126,1,0.008840,121.174660,-0.00634747,56.6780,1,0.033757,360.586040
2018-09-12,0.00275400,117.4880,1,0.007540,100.966200,-0.00064784,56.6132,1,0.033544,380.657490
2018-09-13,-0.00416690,117.0713,1,0.004230,81.370580,0.00118304,56.7315,1,0.023886,340.914880
2018-09-14,-0.00287200,116.7841,1,0.007960,101.434760,0.01639719,58.3713,1,0.021481,261.239630
2018-09-17,0.00785610,117.5697,1,0.009250,101.268220,-0.00992120,57.3791,1,0.033920,282.634320
2018-09-18,0.00631880,118.2016,1,0.009640,140.676660,-0.00698030,56.6811,1,0.022380,321.184200
2018-09-19,0.00447721,118.6493,1,0.013099,160.958420,0.00549199,57.2303,1,0.033571,360.622290
2018-09-20,0.00310281,118.9596,1,0.019639,160.041660,0.00278840,57.5091,1,0.041960,261.008570
2018-09-21,-0.01505867,117.4537,1,0.016437,161.238560,0.00841194,58.3503,0,0.000000,0.000000
2018-09-24,0.00334071,117.7878,1,0.007689,100.791590,0.01652748,60.0031,1,0.025682,262.212696
2018-09-25,-0.00696015,117.0917,1,0.011915,180.139160,0.00717477,60.7206,1,0.023273,280.640010
2018-09-26,0.00092329,117.1841,1,0.013061,120.716660,-0.00514435,60.2061,1,0.019975,280.798590
2018-09-27,-0.01204226,115.9798,1,0.012076,140.769210,0.00078455,60.2846,1,0.026885,320.273160
2018-09-28,-0.00010362,115.9695,1,0.011942,142.322570,0.00666546,60.9511,1,0.027244,281.097540
2018-10-01,-0.00351019,115.6185,1,0.008819,141.137100,-0.00596208,60.3549,1,0.022048,262.021290
2018-10-02,-0.00466324,115.1521,1,0.005694,101.252120,-0.00041137,60.3138,1,0.029467,359.765100
2018-10-03,0.00699166,115.8513,1,0.006564,100.725750,-0.01207214,59.1066,1,0.028204,321.012690
2018-10-04,-0.00479544,115.3718,1,0.017554,200.723750,-0.00214464,58.8921,1,0.031394,340.460770
2018-10-05,-0.00319362,115.0524,1,0.016382,81.033750,0.00816808,59.7089,1,0.036782,299.567330
2018-10-08,-0.00478057,114.5743,1,0.012727,160.618440,0.01015117,60.7240,1,0.023883,280.262690
2018-10-09,-0.00145995,114.4284,1,0.010845,121.094510,-0.01103703,59.6203,1,0.027603,321.194640
2018-10-10,-0.00555551,113.8728,1,0.011261,140.518170,-0.00180423,59.4399,1,0.023303,319.011560
2018-10-11,0.00521696,114.3945,1,0.017224,160.003910,0.00142687,59.5826,0,0.000000,0.000000
2018-10-12,0.00142638,114.5371,1,0.014862,219.371740,0.00700393,60.2830,0,0.000000,0.000000
2018-10-15,0.00470712,115.0078,1,0.024198,201.501160,-0.00733230,59.5498,1,0.036690,277.018607
2018-10-16,0.00367315,115.3752,1,0.015445,181.131770,-0.00620793,58.9290,1,0.020823,339.966060
2018-10-17,-0.00067092,115.3081,1,0.017062,223.767600,0.00674585,59.6036,0,0.000000,0.000000
2018-10-18,-0.01565106,113.7430,1,0.013266,161.139990,0.01162529,60.7661,1,0.032561,284.265354
2018-10-19,-0.02246711,111.4963,1,0.018781,181.400920,0.01123457,61.8895,1,0.045983,261.490890
2018-10-22,0.00554979,112.0512,1,0.009231,102.475390,-0.00428580,61.4610,1,0.033180,281.199620
2018-10-23,0.00662889,112.7141,1,0.021271,200.511930,-0.01128557,60.3324,1,0.046587,379.128700
2018-10-24,-0.00595314,112.1188,1,0.020384,200.603740,0.01502939,61.8353,1,0.044821,340.040850
2018-10-25,0.01894554,114.0134,1,0.027956,200.270770,-0.03190274,58.6451,1,0.040154,297.894440
2018-10-26,-0.00462548,113.5508,1,0.042438,282.253830,0.01064707,59.7098,1,0.061603,382.105820
2018-10-29,-0.00861266,112.6895,1,0.019246,180.640530,-0.00812811,58.8970,0,0.000000,0.000000
2018-10-30,0.03601860,116.2914,1,0.049700,201.453000,-0.04768358,54.1286,1,0.062948,320.042620
2018-10-31,0.00472869,116.7643,1,0.025311,247.073780,-0.02187581,51.9410,0,0.000000,0.000000
2018-11-01,-0.01945294,114.8190,1,0.024204,201.771680,-0.00028890,51.9121,1,0.048930,406.172153
2018-11-02,-0.00200787,114.6182,1,0.016967,163.003910,-0.01796414,50.1157,1,0.042194,321.821840
2018-11-05,0.01459341,116.0775,1,0.018739,160.474320,-0.01440822,48.6749,1,0.033102,340.634600
2018-11-06,0.00204971,116.2825,1,0.019229,240.873820,-0.00487722,48.1872,1,0.038842,361.120040
2018-11-07,-0.00049185,116.2333,1,0.018935,181.665500,-0.00279230,47.9079,1,0.039690,301.339000
2018-11-08,-0.00343038,115.8903,1,0.020868,203.294190,-0.00532433,47.3755,0,0.000000,0.000000
2018-11-09,-0.01118334,114.7719,1,0.006884,81.553390,0.02615159,49.9907,1,0.031501,344.084286
2018-11-12,-0.02557205,112.2147,1,0.011155,142.857130,0.03405276,53.3959,1,0.028074,282.513800
2018-11-13,-0.00750497,111.4642,1,0.026067,143.639890,0.00467220,53.8632,1,0.022210,201.352850
2018-11-14,-0.02345519,109.1187,1,0.016959,160.919810,0.02513944,56.3771,1,0.028096,281.044350
2018-11-15,-0.01425046,107.6937,1,0.017816,143.273120,0.02138568,58.5157,1,0.036852,282.170040
2018-11-16,0.03770817,111.4645,1,0.037363,304.252310,-0.04269362,54.2463,1,0.040892,324.238600
2018-11-19,-0.00307723,111.1568,1,0.025573,224.953880,0.00613798,54.8601,1,0.046292,365.117830
2018-11-20,0.00071956,111.2287,1,0.031164,220.214290,0.00503956,55.3641,1,0.039804,279.630690
2018-11-21,0.02378442,113.6072,1,0.019368,160.650080,-0.01694912,53.6692,1,0.032812,259.626100
2018-11-23,0.00722989,114.3302,1,0.029751,241.140870,-0.01236368,52.4328,1,0.047368,342.102860
2018-11-26,0.00544808,114.8750,1,0.056332,219.372880,-0.01521058,50.9117,1,0.074968,319.946940
2018-11-27,-0.01175373,113.6996,1,0.033663,281.484080,-0.00587054,50.3247,0,0.000000,0.000000
2018-11-28,0.00496814,114.1964,1,0.024576,221.745590,-0.00687239,49.6374,1,0.038019,302.856967
2018-11-29,0.00206492,114.4029,1,0.017558,183.102830,-0.00416045,49.2214,0,0.000000,0.000000
2018-11-30,-0.00472004,113.9309,1,0.020764,180.574630,0.01589300,50.8107,1,0.037570,323.204116
2018-12-03,-0.00420646,113.5103,1,0.015186,141.473400,-0.00971466,49.8392,1,0.024636,242.679310
2018-12-04,-0.01011038,112.4992,1,0.020468,142.300800,-0.00281661,49.5576,1,0.050861,362.245970
2018-12-06,0.00033639,112.5329,1,0.027811,219.346690,-0.00662139,48.8954,0,0.000000,0.000000
2018-12-07,-0.01557017,110.9758,1,0.025087,220.510290,0.00366404,49.2618,1,0.045066,354.319649
2018-12-10,-0.00414056,110.5618,1,0.022106,160.195770,0.00743018,50.0049,0,0.000000,0.000000
2018-12-11,-0.01049925,109.5119,1,0.019665,160.964890,-0.00313483,49.6914,1,0.030263,279.031801
2018-12-12,0.00608356,110.1202,1,0.021664,141.115140,0.00090154,49.7815,1,0.045156,340.354900
2018-12-13,-0.00940087,109.1801,1,0.022097,180.778580,-0.01252701,48.5288,1,0.044551,321.713390
2018-12-14,-0.00467926,108.7122,1,0.027326,240.385930,0.00066085,48.5949,1,0.049095,380.149890
2018-12-17,0.00539852,109.2520,1,0.019858,180.641200,0.01058400,49.6533,1,0.035970,338.838680
2018-12-18,0.00874341,110.1264,1,0.011189,101.564350,0.01462907,51.1162,0,0.000000,0.000000
2018-12-19,0.00056744,110.1831,1,0.026126,200.027290,-0.00946828,50.1694,1,0.036838,278.794829
2018-12-20,0.01499595,111.6827,1,0.019105,160.386410,0.02066395,52.2358,0,0.000000,0.000000
2018-12-21,-0.00974913,110.7078,1,0.018773,178.071840,0.00740560,52.9763,1,0.057460,280.713223
2018-12-24,0.01361608,112.0694,1,0.008832,81.775020,0.00491075,53.4674,0,0.000000,0.000000
2018-12-26,0.01285747,113.3552,1,0.042343,159.814340,-0.01750264,51.7172,0,0.000000,0.000000
2018-12-27,-0.00234473,113.1207,1,0.029733,289.053230,0.00147609,51.8648,0,0.000000,0.000000
2018-12-28,-0.00124416,112.9963,1,0.019506,182.145020,0.00177111,52.0419,0,0.000000,0.000000
2018-12-31,0.00170192,113.1665,1,0.022668,140.854330,-0.00747538,51.2943,1,0.042018,318.692986
2019-01-02,-0.00082212,113.0843,1,0.020952,122.361320,-0.00017614,51.2767,0,0.000000,0.000000
2019-01-03,-0.00463364,112.6209,1,0.028754,199.804260,-0.00540106,50.7366,1,0.055656,321.647540
2019-01-04,0.00784531,113.4054,1,0.027199,219.240770,-0.01934524,48.8021,1,0.050474,319.302310
2019-01-07,0.01768437,115.1739,1,0.034523,264.898790,-0.02671486,46.1306,0,0.000000,0.000000
2019-01-08,-0.00513283,114.6606,1,0.015353,119.966580,0.00818174,46.9488,1,0.053596,364.395052
2019-01-09,0.00237082,114.8977,1,0.009978,82.307530,0.00827391,47.7762,0,0.000000,0.000000
2019-01-10,0.00188506,115.0862,1,0.025434,141.810300,-0.01086443,46.6897,1,0.044003,242.522411
2019-01-11,-0.00246821,114.8394,1,0.019751,141.913320,-0.00055967,46.6338,0,0.000000,0.000000
2019-01-14,0.00108296,114.9476,1,0.018804,140.723690,0.05346813,51.9806,1,0.046927,322.235739
2019-01-15,-0.01732124,113.2155,1,0.023094,160.504100,0.01026353,53.0069,1,0.039997,285.130260
2019-01-16,0.00715648,113.9312,1,0.024242,164.452950,-0.00091824,52.9151,1,0.050924,304.470730
2019-01-17,-0.01435900,112.4953,1,0.017740,121.625830,-0.00355736,52.5594,1,0.065116,360.684400
2019-01-18,0.01227008,113.7223,1,0.040722,163.652620,0.00302074,52.8614,0,0.000000,0.000000
2019-01-22,-0.00422699,113.2996,1,0.029009,144.157270,0.00413403,53.2748,0,0.000000,0.000000
2019-01-23,0.01097856,114.3974,1,0.034564,140.901630,0.00769082,54.0439,0,0.000000,0.000000
2019-01-24,0.00534564,114.9320,1,0.020956,161.951400,0.08156616,62.2005,1,0.040214,305.436098
2019-01-25,-0.00062618,114.8694,1,0.028928,141.354820,-0.01668333,60.5322,1,0.056583,289.278210
2019-01-28,0.00599311,115.4687,1,0.039289,181.057930,0.00110665,60.6429,1,0.043295,299.622510
2019-01-29,0.00167442,115.6361,1,0.024658,120.681020,0.02210254,62.8531,1,0.053776,320.515680
2019-01-30,0.00323763,115.9599,1,0.021297,102.217400,-0.00941734,61.9114,1,0.028024,263.634970
2019-01-31,-0.00346943,115.6130,1,0.024113,141.683120,0.00026453,61.9378,1,0.045157,361.342030
2019-02-01,0.00833652,116.4466,1,0.019558,121.764810,-0.00499872,61.4380,1,0.049212,321.627230
2019-02-04,0.00082566,116.5292,1,0.015594,121.623190,0.00489301,61.9273,1,0.063969,361.054320
2019-02-05,0.00770687,117.2999,1,0.016013,182.070640,0.00863244,62.7905,1,0.030826,261.826770
2019-02-06,0.00098406,117.3983,1,0.019594,141.511740,-0.00387044,62.4035,1,0.037634,261.493650
2019-02-07,-0.00329732,117.0685,1,0.033832,220.873960,-0.00415275,61.9882,1,0.053405,320.425730
2019-02-08,0.00306951,117.3755,1,0.025429,160.139240,-0.00846837,61.1414,1,0.061627,321.305590
2019-02-11,0.00113240,117.4887,1,0.020300,140.815900,0.00609898,61.7513,1,0.043702,319.991370
2019-02-12,-0.00029646,117.4591,1,0.018506,141.101080,0.01269192,63.0205,1,0.037648,281.748080
2019-02-13,0.00671817,118.1309,1,0.014123,162.445140,0.00012509,63.0330,0,0.000000,0.000000
2019-02-14,-0.01054898,117.0760,1,0.017188,141.640500,-0.01588611,61.4443,1,0.038611,323.135192
2019-02-15,-0.00617834,116.4582,1,0.028374,141.162630,-0.00718372,60.7260,1,0.060642,321.047480
2019-02-19,0.00422263,116.8804,1,0.007697,82.266580,0.00444613,61.1706,0,0.000000,0.000000
2019-02-20,-0.00007671,116.8728,1,0.015361,161.078000,-0.01271832,59.8988,1,0.039782,364.038266
2019-02-21,0.00609375,117.4821,1,0.010045,81.138650,-0.00052591,59.8462,1,0.036071,264.010230
2019-02-22,0.00051026,117.5332,1,0.012954,82.241960,0.00145070,59.9912,1,0.034040,321.590640
2019-02-25,0.00543624,118.0768,1,0.018436,101.592460,-0.00546563,59.4447,1,0.036753,221.150950
2019-02-26,-0.00288475,117.7883,1,0.015495,100.556740,-0.00533965,58.9107,1,0.036155,280.919650
2019-02-27,0.00896349,118.6847,1,0.021241,180.145900,-0.00388594,58.5221,1,0.040604,339.454910
2019-02-28,-0.00441835,118.2428,1,0.017425,160.720010,0.00372623,58.8947,1,0.040247,340.777790
2019-03-01,0.00119869,118.3627,1,0.025961,160.580190,-0.00703185,58.1916,1,0.044125,300.904050
2019-03-04,0.00129975,118.4927,1,0.020205,201.008870,-0.01292891,56.8987,1,0.042491,361.777540
2019-03-05,-0.00067998,118.4247,1,0.016898,159.910440,-0.00164790,56.7339,1,0.043290,359.665840
2019-03-06,-0.00241401,118.1833,1,0.021831,180.411780,0.00410557,57.1444,1,0.037863,319.834840
2019-03-07,-0.00744331,117.4389,1,0.017441,180.371710,0.01273985,58.4184,1,0.035345,280.183980
2019-03-08,0.00068400,117.5073,1,0.014990,120.532910,0.00982440,59.4009,1,0.035760,280.388510
2019-03-11,0.00341000,117.8483,1,0.021800,199.880590,-0.00638615,58.7622,1,0.030655,241.003180
2019-03-12,0.00306054,118.1544,1,0.028976,202.182140,-0.00328047,58.4342,0,0.000000,0.000000
2019-03-13,-0.00282019,117.8724,1,0.029779,201.138610,0.00569673,59.0039,1,0.056837,343.587379
2019-03-14,0.00147241,118.0196,1,0.015019,161.810800,-0.00483939,58.5199,0,0.000000,0.000000
2019-03-15,0.00373719,118.3933,1,0.022311,220.564220,-0.00080339,58.4396,1,0.043299,321.178961
2019-03-18,0.00253171,118.6465,1,0.018469,181.149490,-0.00321009,58.1186,1,0.032859,340.419700
2019-03-19,0.00104553,118.7511,1,0.018617,181.567020,-0.00005069,58.1135,1,0.045949,340.802250
2019-03-20,-0.00101536,118.6495,1,0.018056,160.072950,0.00931583,59.0451,1,0.039597,339.587400
2019-03-21,0.02239741,120.8893,1,0.032819,240.465700,0.02087120,61.1322,1,0.037620,280.686560
2019-03-22,-0.01081655,119.8076,1,0.027585,179.391280,0.01141189,62.2734,0,0.000000,0.000000
2019-03-25,0.00014078,119.8217,1,0.020852,139.985330,-0.00288531,61.9849,1,0.072371,281.147983
2019-03-26,0.00333670,120.1554,1,0.012800,120.684350,0.00421755,62.4066,1,0.035865,300.809460
2019-03-27,0.00601332,120.7567,1,0.021608,161.461590,0.00084529,62.4912,1,0.043921,322.403820
2019-03-28,0.00141160,120.8978,1,0.012190,100.601720,-0.00125684,62.3655,1,0.052304,340.676890
2019-03-29,0.00309822,121.2077,1,0.015528,161.444670,-0.00440943,61.9245,1,0.035813,341.703780
2019-04-01,0.01322998,122.5307,1,0.019452,141.270090,-0.00556818,61.3677,1,0.054148,361.337990
2019-04-02,-0.00571170,121.9595,1,0.022930,182.217310,0.00030015,61.3977,1,0.046735,361.874830
2019-04-03,0.00725630,122.6851,1,0.021070,140.565960,-0.00557227,60.8405,1,0.039217,300.385390
2019-04-04,0.00082657,122.7678,1,0.026553,200.482920,0.00534429,61.3749,1,0.038431,320.582410
2019-04-05,-0.00257838,122.5099,1,0.014408,141.356250,0.00402863,61.7778,1,0.032957,261.475400
2019-04-08,0.00045216,122.5552,1,0.028444,201.407190,0.00111823,61.8896,1,0.036947,282.380040
2019-04-09,0.00906267,123.4614,1,0.021943,120.364000,-0.00596709,61.2929,1,0.042839,340.482490
2019-04-10,-0.00215245,123.2462,1,0.027895,200.930710,0.00170087,61.4630,0,0.000000,0.000000
2019-04-11,0.01486493,124.7327,1,0.030167,221.580210,0.00149628,61.6126,1,0.034482,279.863344
2019-04-12,-0.00629016,124.1037,1,0.028216,201.778260,0.02303412,63.9160,1,0.040998,301.272310
2019-04-15,0.00425576,124.5292,1,0.016104,161.579720,0.00879258,64.7953,0,0.000000,0.000000
2019-04-16,-0.00384035,124.1452,1,0.012675,121.270860,-0.01818848,62.9764,1,0.036098,283.970447
2019-04-17,-0.01030281,123.1149,1,0.007231,81.707660,0.03005995,65.9824,1,0.052515,359.865610
2019-04-18,0.00804873,123.9198,1,0.024317,160.899830,-0.00112534,65.8699,1,0.020214,162.553890
2019-04-22,-0.00233740,123.6861,1,0.029280,141.284430,0.00071615,65.9415,1,0.037485,321.748360
2019-04-23,0.01853214,125.5393,1,0.027036,181.154920,-0.01016807,64.9247,1,0.043827,300.773060
2019-04-24,0.00086865,125.6261,1,0.017205,142.596530,0.00034706,64.9594,0,0.000000,0.000000
2019-04-25,0.00148138,125.7743,1,0.030352,201.135650,0.00172996,65.1324,1,0.036584,321.794636
2019-04-26,0.00604975,126.3792,1,0.032365,220.730490,-0.00064548,65.0679,1,0.036398,300.004040
2019-04-29,-0.00047669,126.3316,1,0.023879,201.841320,0.00299322,65.3672,0,0.000000,0.000000
2019-04-30,0.00807023,127.1386,1,0.032637,260.480290,-0.00266325,65.1009,1,0.051795,342.062044
2019-05-01,0.00847099,127.9857,1,0.027901,181.749000,0.00372239,65.4731,1,0.052191,381.808110
2019-05-02,0.00708799,128.6945,1,0.028041,161.075900,0.00815106,66.2882,1,0.045674,299.792890
2019-05-03,0.00003217,128.6977,1,0.025683,182.271320,-0.00299630,65.9886,1,0.038720,302.152520
2019-05-06,0.00679634,129.3774,1,0.028366,161.869120,0.00948188,66.9368,0,0.000000,0.000000
2019-05-07,0.00061288,129.4386,1,0.024312,160.386220,-0.00733576,66.2032,1,0.037976,282.644030
2019-05-08,0.00712362,130.1510,1,0.029728,239.394100,0.00066373,66.2696,0,0.000000,0.000000
2019-05-09,-0.00790686,129.3603,1,0.028286,220.478350,-0.00275463,65.9941,1,0.038803,278.439414
2019-05-10,-0.00437243,128.9231,1,0.032013,260.221040,0.00605487,66.5996,1,0.040143,320.117280
2019-05-13,-0.01145731,127.7773,1,0.023421,181.779310,0.01719639,68.3192,1,0.034991,281.926770
2019-05-14,0.01540228,129.3176,1,0.018952,159.914310,-0.01449458,66.8698,0,0.000000,0.000000
2019-05-15,-0.00312008,129.0056,1,0.040768,262.201960,0.00703674,67.5734,1,0.050126,378.233140
2019-05-16,-0.00746815,128.2587,1,0.027155,221.312340,0.00101074,67.6745,1,0.032946,241.328140
2019-05-17,-0.00983065,127.2757,1,0.023435,161.338960,0.00436762,68.1113,0,0.000000,0.000000
2019-05-20,-0.00086517,127.1892,1,0.018737,160.920470,0.00033783,68.1451,1,0.043477,322.011601
2019-05-21,0.00666083,127.8552,1,0.021277,140.968980,0.00263345,68.4084,1,0.045035,300.619200
2019-05-22,-0.00473774,127.3815,1,0.019464,182.180100,0.01127865,69.5363,0,0.000000,0.000000
2019-05-23,-0.00081029,127.3004,1,0.019599,140.658770,0.00320340,69.8566,1,0.035050,302.827514
2019-05-24,0.00322429,127.6229,1,0.022381,142.596630,-0.00461568,69.3950,1,0.039638,240.929310
2019-05-28,0.00610531,128.2334,1,0.019849,141.245970,0.00413446,69.8085,1,0.045074,321.457910
2019-05-29,-0.00138368,128.0950,1,0.019568,160.314380,-0.00213723,69.5948,0,0.000000,0.000000
2019-05-30,-0.01598803,126.4962,1,0.028783,160.732880,-0.00707157,68.8876,1,0.055597,339.022507
2019-05-31,-0.01062283,125.4339,1,0.011543,81.248040,0.00591172,69.4788,1,0.060448,320.472840
2019-06-03,0.01178337,126.6123,1,0.020313,121.058280,-0.02207545,67.2712,1,0.050505,240.721520
2019-06-04,0.01454410,128.0667,1,0.016370,101.668550,0.00929288,68.2005,1,0.050172,361.651560
2019-06-05,0.00353328,128.4200,1,0.019082,143.596380,0.00225931,68.4265,0,0.000000,0.000000
2019-06-06,-0.00581196,127.8388,1,0.016816,162.175590,-0.00091237,68.3352,0,0.000000,0.000000
2019-06-07,0.00023478,127.8623,1,0.013272,80.995720,-0.00417852,67.9174,1,0.050132,309.924106
2019-06-10,0.01189387,129.0517,1,0.027413,141.759790,0.00770041,68.6874,1,0.049369,321.273880
2019-06-11,0.00568602,129.6203,1,0.015818,120.794400,0.00301234,68.9886,1,0.042606,281.605590
2019-06-12,-0.00902031,128.7183,1,0.022471,180.640620,0.00171915,69.1606,1,0.037685,320.595820
2019-06-13,0.00264163,128.9824,1,0.018267,120.965040,-0.00661097,68.4995,1,0.048897,340.622380
2019-06-14,-0.00158721,128.8237,1,0.016611,101.356950,-0.00657592,67.8419,1,0.049232,380.686320
2019-06-17,0.00249941,129.0736,1,0.018389,140.697610,-0.00357829,67.4840,1,0.053329,359.876480
2019-06-18,0.01259907,130.3336,1,0.026253,160.619270,-0.00560694,66.9233,1,0.052164,340.990240
2019-06-19,-0.00212987,130.1206,1,0.014767,102.233700,-0.00006242,66.9171,1,0.052412,361.433790
2019-06-20,0.00121376,130.2419,1,0.019094,81.926940,0.01283468,68.2006,1,0.058842,320.965290
2019-06-21,-0.00401413,129.8405,1,0.010093,81.498830,0.00236838,68.4374,0,0.000000,0.000000
2019-06-24,0.00012852,129.8534,1,0.015058,140.437580,-0.00509806,67.9276,1,0.042466,282.486183
2019-06-25,0.00599354,130.4527,1,0.020976,120.682590,-0.00269334,67.6583,1,0.042224,319.794440
2019-06-26,0.00828363,131.2811,1,0.014197,121.166170,0.00562781,68.2210,1,0.040749,320.447930
2019-06-27,-0.00168579,131.1125,1,0.009989,61.110400,0.01103751,69.3248,1,0.046749,300.520850
2019-06-28,0.01633555,132.7461,1,0.010055,122.907170,-0.00292597,69.0322,0,0.000000,0.000000
2019-07-01,-0.00105209,132.6409,1,0.017589,122.345650,0.00488117,69.5203,0,0.000000,0.000000
2019-07-02,0.01171655,133.8125,1,0.014915,101.600140,-0.01353288,68.1670,1,0.040278,304.503488
2019-07-03,0.00815099,134.6276,1,0.017681,161.889790,-0.00114391,68.0526,1,0.054801,400.425210
2019-07-05,0.00273431,134.9010,1,0.037769,142.282000,-0.00035779,68.0169,0,0.000000,0.000000
2019-07-08,0.00365013,135.2661,1,0.012457,140.568080,-0.00838626,67.1782,1,0.045496,342.315958
2019-07-09,-0.00100121,135.1659,1,0.018331,160.494790,-0.00051257,67.1270,1,0.039047,339.603810
2019-07-10,0.00713569,135.8795,1,0.019511,121.104930,0.00268172,67.3952,1,0.054888,340.643810
2019-07-11,-0.00378197,135.5013,1,0.014707,101.024040,0.00174032,67.5692,1,0.039628,261.296480
2019-07-12,-0.00268802,135.2325,1,0.018692,121.344950,0.00792854,68.3620,1,0.046536,320.831080
2019-07-15,-0.00234582,134.9979,1,0.020292,161.065830,0.00026963,68.3890,1,0.034847,282.132410
2019-07-16,0.01082844,136.0808,1,0.015676,121.784590,-0.00760861,67.6281,1,0.043151,380.239850
2019-07-17,-0.00391079,135.6897,1,0.013439,101.085240,-0.00725829,66.9023,1,0.042489,360.670830
2019-07-18,-0.00585908,135.1038,1,0.012898,100.381380,0.00902510,67.8048,1,0.036870,338.894380
2019-07-19,-0.00120913,134.9829,1,0.015943,139.977270,-0.00241942,67.5629,1,0.033642,261.708160
2019-07-22,0.00363071,135.3459,1,0.035789,180.076250,0.00246270,67.8091,1,0.038940,299.986220
2019-07-23,0.01178772,136.5247,1,0.025468,160.539480,-0.01245950,66.5632,1,0.046200,320.003090
2019-07-24,-0.00078082,136.4466,1,0.018082,162.684420,0.00268179,66.8314,1,0.041561,382.520350
2019-07-25,0.00764275,137.2109,1,0.011945,122.464240,-0.01127550,65.7038,1,0.032350,321.271400
2019-07-26,-0.00322790,136.8881,1,0.010390,81.009880,0.00231249,65.9351,1,0.040881,320.103800
2019-07-29,-0.00227300,136.6608,1,0.013050,141.670380,0.00112356,66.0474,1,0.035894,281.686670
2019-07-30,0.02172586,138.8334,1,0.017234,100.959190,-0.01677081,64.3703,1,0.057181,300.397810
2019-07-31,0.00022471,138.8559,1,0.030739,161.955560,-0.00979098,63.3913,1,0.045598,361.593180
2019-08-01,-0.01601932,137.2539,1,0.030812,219.719030,0.00339046,63.7303,1,0.058074,339.315420
2019-08-02,0.00502704,137.7566,1,0.020296,141.510640,0.00208201,63.9385,1,0.040059,299.215160
2019-08-05,-0.00166394,137.5903,1,0.017074,140.650680,0.01065421,65.0039,1,0.057239,299.965000
2019-08-06,-0.00688494,136.9018,1,0.029134,141.466480,0.00205388,65.2093,0,0.000000,0.000000
2019-08-07,-0.00297736,136.6040,1,0.031306,222.813360,0.00457295,65.6666,0,0.000000,0.000000
2019-08-08,0.00004594,136.6086,1,0.017666,121.148470,-0.00327353,65.3392,1,0.038703,259.775707
2019-08-09,0.00513003,137.1216,1,0.026597,203.318060,-0.00212445,65.1268,0,0.000000,0.000000
2019-08-12,-0.00691390,136.4302,1,0.025560,200.191780,0.01371733,66.4985,1,0.053487,361.677889
2019-08-13,0.00132073,136.5623,1,0.056077,180.192870,-0.00395679,66.1029,0,0.000000,0.000000
2019-08-14,-0.00385276,136.1770,1,0.014566,161.335430,0.01571088,67.6739,0,0.000000,0.000000
2019-08-15,-0.02418976,133.7581,1,0.035436,200.313650,0.02241787,69.9157,0,0.000000,0.000000
2019-08-16,0.00915161,134.6732,1,0.021319,162.341680,-0.00914763,69.0010,1,0.037133,221.871082
2019-08-19,-0.02682137,131.9911,1,0.027157,182.744520,0.02415152,71.4161,0,0.000000,0.000000
2019-08-20,0.01518166,133.5092,1,0.025414,164.895460,-0.01144698,70.2714,0,0.000000,0.000000
2019-08-21,0.00037681,133.5469,1,0.025309,240.211860,0.00588417,70.8598,1,0.063163,342.448827
2019-08-22,-0.00020758,133.5262,1,0.013658,142.001690,-0.00467874,70.3920,0,0.000000,0.000000
2019-08-23,-0.00994731,132.5314,1,0.027961,180.566160,0.01064168,71.4561,1,0.065522,341.618304
2019-08-26,0.00472588,133.0040,1,0.019662,141.931090,-0.00052377,71.4038,0,0.000000,0.000000
2019-08-27,-0.00975109,132.0289,1,0.050549,242.420830,0.00221681,71.6254,0,0.000000,0.000000
2019-08-28,0.00443535,132.4724,1,0.019985,121.418960,-0.00029249,71.5962,1,0.059129,337.259290
2019-08-29,0.00120618,132.5931,1,0.027762,160.878360,0.01733480,73.3297,1,0.051880,341.907280
2019-08-30,-0.00690325,131.9027,1,0.016425,122.838580,0.00104225,73.4339,0,0.000000,0.000000
2019-09-03,0.01153142,133.0559,1,0.020528,161.194880,-0.01463734,71.9702,1,0.044154,282.741686
2019-09-04,0.00585962,133.6418,1,0.025108,219.941830,-0.00029046,71.9411,1,0.053236,359.768560
2019-09-05,0.01454829,135.0967,1,0.027161,181.767090,-0.02609817,69.3313,0,0.000000,0.000000
2019-09-06,-0.00294499,134.8022,0,0.000000,0.000000,-0.00216145,69.1152,1,0.063445,384.828336
2019-09-09,0.00643401,135.4456,0,0.000000,0.000000,-0.00780765,68.3344,1,0.051945,321.199400
2019-09-10,0.00696818,136.1424,0,0.000000,0.000000,0.02571326,70.9057,1,0.053204,323.284700
2019-09-11,-0.00325051,135.8173,0,0.000000,0.000000,0.01069448,71.9752,1,0.035452,241.592590
2019-09-12,-0.01250648,134.5667,0,0.000000,0.000000,0.01410489,73.3857,1,0.024521,221.930220
2019-09-13,0.01336409,135.9031,0,0.000000,0.000000,-0.02022966,71.3627,1,0.034286,301.722730
2019-09-16,0.00367701,136.2708,0,0.000000,0.000000,0.01288465,72.6511,1,0.062325,341.496740
2019-09-17,-0.00447276,135.8235,0,0.000000,0.000000,-0.01714614,70.9365,1,0.050404,302.014890
2019-09-18,-0.00033911,135.7896,0,0.000000,0.000000,0.00480813,71.4173,1,0.048897,380.817870
2019-09-19,0.00349289,136.1389,1,0.062841,327.376382,0.00546545,71.9639,1,0.042535,281.109090
2019-09-20,0.00613362,136.7523,1,0.015908,121.126890,-0.00274858,71.6890,1,0.029898,240.862140
2019-09-23,0.00487311,137.2396,1,0.019949,220.961670,-0.00239723,71.4493,1,0.037253,280.352100
2019-09-24,0.00964105,138.2037,1,0.027115,201.021440,-0.00143903,71.3054,1,0.044303,320.458050
2019-09-25,-0.00542465,137.6612,1,0.017995,141.617680,-0.00624543,70.6809,1,0.045143,340.227860
2019-09-26,0.00040465,137.7017,1,0.027515,181.624090,0.00454785,71.1357,1,0.047805,341.191180
2019-09-27,-0.00354365,137.3473,1,0.032105,161.893280,-0.00102325,71.0333,1,0.061135,321.070330
2019-09-30,0.00131549,137.4789,1,0.027431,161.470420,-0.00929716,70.1036,1,0.058386,340.667890
2019-10-01,0.01001645,138.4805,1,0.031055,181.528220,0.01161915,71.2655,1,0.052295,361.518330
2019-10-02,0.01138195,139.6187,1,0.038265,239.240380,0.01609496,72.8750,0,0.000000,0.000000
2019-10-03,0.01242899,140.8616,1,0.021931,141.263380,-0.00511730,72.3633,0,0.000000,0.000000
2019-10-04,-0.00331007,140.5306,1,0.025197,162.130850,0.00721360,73.0847,1,0.050070,335.073524
2019-10-07,0.00245216,140.7758,1,0.028854,182.583690,0.00357063,73.4417,0,0.000000,0.000000
2019-10-08,-0.00015409,140.7604,1,0.017949,81.673110,-0.00870894,72.5708,0,0.000000,0.000000
2019-10-09,0.00359693,141.1201,1,0.029637,180.075800,0.00746057,73.3169,0,0.000000,0.000000
2019-10-10,0.03268420,144.3885,1,0.035390,221.846330,-0.03416458,69.9004,0,0.000000,0.000000
2019-10-11,0.01812698,146.2012,1,0.029292,118.595190,0.01393092,71.2935,1,0.055368,339.558782
2019-10-14,-0.00258447,145.9428,1,0.022747,142.533470,-0.00441924,70.8516,1,0.038834,223.422760
2019-10-15,0.00943010,146.8858,1,0.020420,140.645440,0.00822500,71.6741,1,0.048220,300.089270
2019-10-16,0.00154141,147.0399,1,0.022449,121.343110,-0.00296516,71.3776,1,0.044986,301.282880
2019-10-17,0.00814090,147.8540,1,0.021970,140.832750,0.00486941,71.8645,1,0.054749,320.581090
2019-10-18,-0.00060882,147.7931,1,0.027632,142.686840,0.01298085,73.1626,1,0.053705,301.593710
2019-10-21,0.00200853,147.9940,1,0.010317,101.414430,-0.00967374,72.1952,1,0.020604,222.084410
2019-10-22,0.00141945,148.1359,1,0.033455,220.654670,-0.03266667,68.9286,0,0.000000,0.000000
2019-10-23,-0.00174197,147.9617,1,0.016837,141.865460,-0.01628204,67.3004,1,0.048654,343.628934
2019-10-24,-0.00013900,147.9478,1,0.013840,121.231720,-0.01854785,65.4456,1,0.051895,362.309250
2019-10-25,-0.00095743,147.8521,1,0.022373,161.304220,0.01628119,67.0737,1,0.053861,339.049150
2019-10-28,-0.03294233,144.5579,1,0.022673,140.925450,0.03125622,70.1993,1,0.044998,343.762780
2019-10-29,0.03434043,147.9919,1,0.024397,124.020260,-0.03295209,66.9041,1,0.038099,283.102380
2019-10-30,0.02324642,150.3165,1,0.024158,144.837080,0.01850663,68.7548,1,0.059647,303.933790
2019-10-31,0.01149897,151.4664,1,0.012843,123.521880,-0.01743123,67.0116,1,0.050953,303.219390
2019-11-01,0.01280104,152.7465,1,0.015696,160.037180,0.00952895,67.9645,1,0.043645,358.071510
2019-11-04,-0.00660559,152.0860,1,0.031169,162.831160,0.04612909,72.5774,1,0.045791,322.552980
2019-11-05,0.00134221,152.2202,1,0.038909,240.150390,0.02367796,74.9452,1,0.024024,184.040200
2019-11-06,0.00396659,152.6169,1,0.018231,162.107170,-0.02237186,72.7081,1,0.019226,202.304260
2019-11-07,-0.02869185,149.7477,1,0.025515,203.224190,-0.00084877,72.6232,1,0.059547,358.734960
2019-11-08,0.00097769,149.8454,1,0.026741,142.559970,-0.00188994,72.4342,1,0.065024,361.058970
2019-11-11,0.00829988,150.6754,1,0.019702,161.306250,-0.00813376,71.6208,1,0.054996,321.793450
2019-11-12,0.01370451,152.0459,1,0.013969,141.488130,-0.01931039,69.6898,1,0.047869,319.572520
2019-11-13,0.00756241,152.8021,1,0.018899,202.011560,-0.00281651,69.4081,1,0.049981,381.627670
2019-11-14,-0.00201140,152.6010,1,0.020700,180.743120,0.00737746,70.1459,1,0.052324,340.791750
2019-11-15,0.00329777,152.9308,1,0.022943,201.427300,-0.02201808,67.9441,1,0.037098,301.729350
2019-11-18,-0.00474273,152.4565,1,0.015603,163.278760,-0.00991824,66.9522,1,0.050184,362.518030
2019-11-19,-0.00486573,151.9699,1,0.015323,181.455970,0.00821155,67.7734,1,0.046705,339.788140
2019-11-20,0.00224121,152.1940,1,0.011749,101.682130,-0.00739463,67.0339,1,0.028353,261.951900
2019-11-21,-0.00566020,151.6280,1,0.040640,200.660550,-0.00894717,66.1392,1,0.062127,360.719290
2019-11-22,-0.00680524,150.9475,1,0.020384,160.561720,-0.00144121,65.9951,1,0.062031,360.053430
2019-11-25,-0.00318395,150.6291,1,0.018065,161.415120,-0.00136944,65.8581,1,0.053384,321.625330
2019-11-26,0.00642352,151.2715,1,0.031438,201.191630,-0.00097669,65.7605,1,0.048049,321.260000
2019-11-27,0.00054126,151.3256,1,0.021364,161.246290,-0.00231727,65.5287,1,0.038957,301.140840
2019-11-29,0.00199343,151.5249,1,0.022417,200.715770,-0.00412211,65.1165,1,0.045221,340.857130
2019-12-02,-0.00615615,150.9093,1,0.027085,120.292440,0.00915558,66.0321,0,0.000000,0.000000
2019-12-03,0.00170744,151.0800,1,0.025376,200.814390,0.00920556,66.9526,0,0.000000,0.000000
2019-12-04,-0.00967533,150.1125,1,0.021573,200.741540,0.00739012,67.6917,1,0.048778,319.413820
2019-12-05,-0.00487417,149.6251,1,0.028167,242.207460,-0.00240086,67.4516,1,0.039576,322.934630
2019-12-06,0.00273921,149.8990,1,0.017699,161.407130,-0.00774743,66.6768,1,0.048153,301.289430
2019-12-09,-0.02182672,147.7163,1,0.015092,121.414980,-0.01609381,65.0674,1,0.064171,341.106030
2019-12-10,-0.01029129,146.6872,1,0.013819,141.939960,0.01261331,66.3288,1,0.045729,302.035010
2019-12-11,0.00383973,147.0712,1,0.017037,161.147710,-0.00663811,65.6650,1,0.038681,281.484460
2019-12-12,0.01168907,148.2401,1,0.016513,140.997510,0.01910407,67.5754,1,0.046753,320.302670
2019-12-13,0.00473224,148.7133,1,0.024126,201.551760,-0.00955581,66.6198,1,0.034881,242.496940
2019-12-16,-0.00722555,147.9908,1,0.022015,140.668150,0.01986227,68.6060,1,0.051993,380.011100
2019-12-17,0.01203800,149.1946,1,0.013750,101.683380,-0.01597392,67.0086,1,0.033902,263.588420
2019-12-18,-0.00336451,148.8581,1,0.028841,162.774130,0.00457171,67.4658,1,0.050029,341.643210
2019-12-19,-0.00294304,148.5638,1,0.016754,121.042630,-0.00281522,67.1843,1,0.042102,280.936180
2019-12-20,0.01042029,149.6058,1,0.018381,141.510470,-0.00004062,67.1802,1,0.051492,340.650880
2019-12-23,-0.00933297,148.6725,1,0.027837,201.994710,0.00559402,67.7396,0,0.000000,0.000000
2019-12-24,0.00574150,149.2467,1,0.013610,141.184780,-0.00460167,67.2795,1,0.036507,301.601821
2019-12-26,0.00263202,149.5099,1,0.045428,220.618720,-0.00428001,66.8515,1,0.078291,360.013460
2019-12-27,0.00773735,150.2836,1,0.020085,140.670330,0.00461967,67.3134,1,0.053733,340.316750
2019-12-30,-0.00258402,150.0252,1,0.030772,220.415060,-0.00032294,67.2811,1,0.033934,301.057340
2019-12-31,-0.00042991,149.9822,1,0.026141,140.571690,-0.00122470,67.1587,1,0.046390,240.449780
