date,model_ret,model_equity,model_rebalanced,model_cost,model_traded,naive_ret,naive_equity,naive_rebalanced,naive_cost,naive_traded
2015-01-02,-0.00314017,99.6860,1,0.036607,200.000000,0.00000000,100.0000,0,0.000000,0.000000
2015-01-05,-0.01616213,98.0698,1,0.027333,140.517010,0.00414168,100.4142,1,0.038452,200.000000
2015-01-06,-0.00766407,97.3034,1,0.031367,180.361940,0.01189887,101.6041,0,0.000000,0.000000
2015-01-07,-0.00514159,96.7892,1,0.037109,219.824320,0.00163008,101.7671,1,0.047572,297.671421
2015-01-08,-0.00031818,96.7574,1,0.036608,221.492570,-0.01653856,100.1132,0,0.000000,0.000000
2015-01-09,-0.00287709,96.4697,1,0.048259,283.845550,0.00483019,100.5962,0,0.000000,0.000000
2015-01-12,0.00196655,96.6663,1,0.050425,279.183130,0.02038699,102.6349,0,0.000000,0.000000
2015-01-13,0.00525928,97.1923,1,0.036282,239.861420,0.00289268,102.9242,1,0.037332,222.676051
2015-01-14,-0.00063172,97.1291,1,0.056772,300.154230,0.00451520,103.3757,1,0.044500,300.598720
2015-01-15,0.01641213,98.7703,1,0.028087,241.092500,0.00432682,103.8084,1,0.043758,321.047340
2015-01-16,-0.00529251,98.2411,1,0.026661,239.132840,0.00092335,103.9007,1,0.027005,179.550900
2015-01-20,-0.01254670,96.9864,1,0.038810,202.257470,0.00327331,104.2281,0,0.000000,0.000000
2015-01-21,-0.00183459,96.8029,1,0.048959,299.991060,-0.00051997,104.1761,1,0.035627,262.961577
2015-01-22,-0.00988664,95.8143,1,0.045324,282.608440,-0.01058136,103.1179,1,0.063226,341.235070
2015-01-23,0.00122040,95.9363,1,0.035320,263.529780,-0.00753335,102.3646,0,0.000000,0.000000
2015-01-26,-0.00047223,95.8891,1,0.030503,181.711400,-0.00591233,101.7734,1,0.047933,323.038742
2015-01-27,-0.02063754,93.8253,1,0.035114,261.550180,-0.02759532,99.0138,1,0.048522,341.302680
2015-01-28,0.00180338,94.0057,1,0.031462,201.396200,0.00494456,99.5083,1,0.061334,361.231110
2015-01-29,-0.01451102,92.5546,1,0.047642,238.363500,0.00024980,99.5333,0,0.000000,0.000000
2015-01-30,0.00767080,93.3216,1,0.027860,163.261800,0.00249349,99.7826,1,0.050001,319.983147
2015-02-02,-0.00676219,92.6454,1,0.029749,200.072520,-0.00732570,99.0500,0,0.000000,0.000000
2015-02-03,-0.00672659,91.9728,1,0.036379,241.956630,0.01312473,100.3625,1,0.045947,299.128614
2015-02-04,-0.00383194,91.5896,1,0.037144,223.855080,-0.00453086,99.9094,0,0.000000,0.000000
2015-02-05,-0.00562080,91.0275,1,0.030230,240.820510,0.00780491,100.6899,1,0.051539,343.168214
2015-02-06,-0.00935836,90.0916,1,0.029436,222.836430,0.02353410,103.0433,0,0.000000,0.000000
2015-02-09,0.00561793,90.6534,1,0.043057,279.642200,0.00023454,103.0668,1,0.038266,283.008197
2015-02-10,-0.00124174,90.5293,1,0.039574,220.356070,-0.00655015,102.4118,1,0.052045,299.906720
2015-02-11,0.00447425,90.9767,1,0.042315,283.906840,0.00380281,102.7921,0,0.000000,0.000000
2015-02-12,0.01185018,92.1617,1,0.053472,300.169000,0.00730698,103.5227,1,0.039102,282.983191
2015-02-13,-0.00180578,91.9811,1,0.041258,263.217890,0.02718199,106.2409,0,0.000000,0.000000
2015-02-17,-0.00063746,91.9174,1,0.041946,281.542780,0.00412982,106.6539,1,0.025318,205.090425
2015-02-18,0.01738078,93.6555,1,0.031822,200.635180,-0.00956357,105.6976,1,0.047977,340.377160
2015-02-19,0.00056428,93.7119,1,0.028982,202.493540,-0.01929947,103.7676,1,0.049837,320.889800
2015-02-20,0.00119318,93.8312,1,0.030272,219.049750,0.00422794,104.1904,1,0.048586,379.374710
2015-02-23,-0.00328103,93.5031,1,0.051563,240.952190,-0.00376571,103.8138,1,0.047891,261.200880
2015-02-24,-0.00457204,93.0459,1,0.033484,220.907180,-0.01154524,102.6593,1,0.045384,320.610500
2015-02-25,-0.00979419,92.0665,1,0.036219,241.264080,-0.00693864,101.9655,1,0.052364,360.540680
2015-02-26,0.00166393,92.2329,1,0.041237,299.171400,0.02725125,104.6906,1,0.047625,359.486040
2015-02-27,-0.00669267,91.5636,1,0.028427,219.857570,0.00180547,104.8711,1,0.030173,242.124250
2015-03-02,-0.00786074,90.7775,1,0.028994,221.644020,-0.01484823,103.3863,1,0.041033,341.779480
2015-03-03,0.01075401,91.8529,1,0.039569,261.436880,-0.00982467,102.4038,1,0.055167,362.323650
2015-03-04,-0.00957081,90.8959,1,0.042221,280.201090,-0.00267210,102.1366,1,0.043680,359.993060
2015-03-05,0.00547797,91.4437,1,0.034833,240.010900,0.00510785,102.6474,1,0.033555,300.490650
2015-03-06,-0.00008934,91.4347,1,0.033824,241.159910,-0.00233089,102.4143,1,0.032229,261.225780
2015-03-09,-0.00190704,91.2440,1,0.034504,239.592950,0.01024510,103.4388,0,0.000000,0.000000
2015-03-10,-0.00938970,90.3050,1,0.035360,260.668960,0.00097482,103.5363,1,0.034208,199.880240
2015-03-11,0.00758204,91.0632,1,0.031736,239.955950,0.00790590,104.3269,0,0.000000,0.000000
2015-03-12,-0.01368604,89.6946,1,0.034774,220.444120,0.00339151,104.6661,1,0.034939,240.487840
2015-03-13,0.00502835,90.1975,1,0.031335,224.587090,0.00396769,105.0628,0,0.000000,0.000000
2015-03-16,-0.01297544,88.8999,1,0.042694,279.750330,0.01148656,106.2115,1,0.032244,262.813262
2015-03-17,0.01289791,90.1897,1,0.046799,262.206410,-0.00736546,105.4749,0,0.000000,0.000000
2015-03-18,0.00458695,90.6484,1,0.036055,240.738810,0.00039451,105.5144,1,0.044969,304.361536
2015-03-19,-0.00475492,90.1729,1,0.033282,242.792990,0.00126697,105.6411,0,0.000000,0.000000
2015-03-20,-0.00305711,89.8672,1,0.041191,300.111890,-0.01014965,104.6261,1,0.044945,302.366831
2015-03-23,-0.00095519,89.7717,1,0.034099,262.178560,-0.00249330,104.3768,0,0.000000,0.000000
2015-03-24,0.00680334,90.4520,1,0.035036,280.669580,0.01188224,105.5650,1,0.042146,321.880336
2015-03-25,0.01270883,91.7229,1,0.028027,201.171610,-0.00189870,105.3751,0,0.000000,0.000000
2015-03-26,0.00624188,92.3471,1,0.042952,297.883030,-0.00033641,105.3415,0,0.000000,0.000000
2015-03-27,0.01069152,93.4163,1,0.036518,260.807220,-0.01289119,104.0524,1,0.044539,316.996493
2015-03-30,0.01757984,95.1742,1,0.039196,281.701530,-0.00448561,103.6038,1,0.051551,382.033460
2015-03-31,-0.00547265,94.6270,1,0.050145,361.427620,0.00529812,104.1336,0,0.000000,0.000000
2015-04-01,-0.00896296,93.7307,1,0.049956,339.337820,-0.00940802,103.1928,1,0.032242,241.902272
2015-04-02,0.00125826,93.8565,1,0.045574,279.576840,-0.00355598,102.8372,1,0.042268,299.661740
2015-04-06,-0.00088204,93.7683,1,0.041074,301.655200,0.00092485,102.9297,1,0.049965,341.792250
2015-04-07,0.00541793,94.3101,1,0.031787,242.086510,-0.01035528,101.8942,1,0.042228,301.672790
2015-04-08,0.00210442,94.5205,1,0.045858,240.473940,0.00263298,102.1575,1,0.057152,339.718940
2015-04-09,-0.00483340,94.0372,1,0.036960,241.536340,0.01451710,103.6092,1,0.037430,300.715470
2015-04-10,0.00092239,94.1294,1,0.035981,240.489440,-0.00760475,102.8487,1,0.042125,281.704400
2015-04-13,0.00929075,95.0585,1,0.024135,201.763860,-0.00987494,101.8612,1,0.056304,380.606490
2015-04-14,0.00095837,95.1543,1,0.042773,260.346650,0.00003175,101.8644,1,0.048975,359.549930
2015-04-15,-0.00174085,94.9803,1,0.041965,280.373590,-0.00171143,101.6933,1,0.036443,300.534130
2015-04-16,0.00376782,95.3570,1,0.036168,240.664440,-0.00147749,101.5455,1,0.039809,321.029440
2015-04-17,0.00127613,95.4847,1,0.030157,220.518310,0.00728319,102.2738,1,0.044041,340.425140
2015-04-20,-0.00653910,94.8307,1,0.035990,220.019710,0.00849379,103.1232,0,0.000000,0.000000
2015-04-21,0.00212767,95.0435,1,0.039543,222.189580,0.00130820,103.2540,0,0.000000,0.000000
2015-04-22,-0.00110944,94.9326,1,0.040904,240.921530,0.00788317,104.0424,1,0.041103,321.415150
2015-04-23,0.00372618,95.3052,1,0.036802,240.600360,-0.00514017,103.5283,1,0.035077,281.321100
2015-04-24,-0.00112567,95.1926,1,0.039537,280.078760,0.00425150,103.9535,1,0.035850,301.191880
2015-04-27,-0.00459608,94.7330,1,0.036668,240.123850,-0.01126786,102.8267,1,0.046646,301.287140
2015-04-28,0.00235760,94.9688,1,0.034140,200.558660,0.00112716,102.9394,0,0.000000,0.000000
2015-04-29,0.00412075,95.3809,1,0.027255,181.070500,-0.00557279,102.3821,1,0.037649,280.615226
2015-04-30,0.01616253,96.9971,1,0.046637,220.527250,-0.02308140,100.0740,1,0.064520,299.462730
2015-05-01,-0.02664102,94.3330,1,0.056872,319.381390,-0.00852762,99.2212,0,0.000000,0.000000
2015-05-04,0.00315598,94.6486,1,0.040032,244.601950,0.00356041,99.5773,0,0.000000,0.000000
2015-05-05,-0.00793996,93.8546,1,0.043116,241.578610,0.01608106,101.1854,1,0.032934,223.713535
2015-05-06,-0.00090528,93.7641,1,0.038088,259.959260,-0.00585527,100.5999,0,0.000000,0.000000
2015-05-07,-0.00254750,93.5093,1,0.048360,280.315080,-0.00539994,100.0599,1,0.050494,358.768727
2015-05-08,-0.00881052,92.6283,1,0.038382,241.193490,-0.00166467,99.8934,0,0.000000,0.000000
2015-05-11,0.00339764,92.9680,1,0.064026,282.461410,0.00737921,100.6313,0,0.000000,0.000000
2015-05-12,0.00942420,93.9105,1,0.040870,260.543090,-0.00803633,99.8277,1,0.036523,262.587245
2015-05-13,-0.00735903,93.1746,1,0.038613,220.075710,-0.00378621,99.4491,1,0.046561,359.474970
2015-05-14,-0.01160013,92.0145,1,0.032143,200.000530,0.00576963,100.0260,1,0.050797,340.326360
2015-05-15,0.00352036,92.3666,1,0.040264,262.095670,-0.01045685,98.9803,0,0.000000,0.000000
2015-05-18,0.00907950,93.2745,1,0.030810,240.891460,-0.00891243,98.0891,1,0.042953,363.651470
2015-05-19,0.00061812,93.3363,1,0.031658,241.790720,-0.01863172,96.2259,1,0.045342,362.205110
2015-05-20,0.00364191,93.7005,1,0.043209,300.351010,-0.00554464,95.6715,1,0.049694,322.047050
2015-05-21,0.00184494,93.8850,1,0.049006,300.310140,-0.00939046,94.7324,1,0.036476,300.258510
2015-05-22,0.00160636,94.0457,1,0.036214,240.578140,-0.00380403,94.3520,1,0.045233,361.697490
2015-05-26,0.00361752,94.4074,1,0.041868,260.563530,-0.00839277,93.5127,1,0.040767,319.651510
2015-05-27,-0.00296803,94.1106,1,0.036593,239.289960,0.00024876,93.5376,0,0.000000,0.000000
2015-05-28,0.00089883,94.2005,1,0.031207,182.386190,-0.00182923,93.3547,0,0.000000,0.000000
2015-05-29,-0.00469835,93.7307,1,0.049615,280.596730,-0.00470080,92.8846,1,0.046980,300.680214
2015-06-01,-0.00260315,93.4703,1,0.037045,299.289040,-0.00046542,92.8381,1,0.040912,339.565600
2015-06-02,-0.00466829,93.0035,1,0.044919,280.320830,-0.00704983,92.1331,1,0.043843,301.206230
2015-06-03,-0.00556184,92.4473,1,0.038274,280.298030,0.01903698,94.0368,1,0.050192,380.123140
2015-06-04,-0.00203311,92.2440,1,0.031871,222.930790,-0.00247682,93.7891,1,0.031902,221.639410
2015-06-05,-0.00701008,91.5430,1,0.043808,279.760200,0.01604906,95.3940,0,0.000000,0.000000
2015-06-08,0.00688823,92.2318,1,0.038607,200.739900,-0.00124895,95.2691,1,0.036605,201.555107
2015-06-09,0.00215247,92.4471,1,0.032413,239.583430,-0.00051269,95.2178,1,0.051819,339.295550
2015-06-10,-0.00946474,91.5006,1,0.033484,260.381160,0.00598642,95.8165,1,0.051868,320.203890
2015-06-11,0.00757570,92.2582,1,0.020020,183.182390,-0.00169998,95.6465,0,0.000000,0.000000
2015-06-12,-0.00194568,92.0636,1,0.031848,201.021230,-0.00447584,95.1989,1,0.055144,303.122750
2015-06-15,-0.00567048,91.4966,1,0.052108,319.704140,0.00333305,95.5322,0,0.000000,0.000000
2015-06-16,0.00317328,91.8139,1,0.043642,220.135240,-0.00496420,95.0358,0,0.000000,0.000000
2015-06-17,-0.01044694,90.7692,1,0.047604,320.710950,-0.00211312,94.8245,1,0.052642,378.619425
2015-06-18,0.00394504,91.1637,1,0.034216,261.541170,-0.00850722,93.9737,1,0.047732,361.371430
2015-06-19,-0.00658998,90.5047,1,0.034528,282.504500,-0.00343480,93.6303,0,0.000000,0.000000
2015-06-22,0.00124614,90.6293,1,0.031636,259.291150,0.00754937,94.3852,1,0.041763,341.824547
2015-06-23,0.00070674,90.7000,1,0.039536,241.246710,-0.00368862,94.0163,1,0.032582,261.542580
2015-06-24,-0.00128689,90.5713,1,0.021179,160.994690,0.00006140,94.0225,1,0.044980,300.786820
2015-06-25,-0.00671984,89.8993,1,0.038864,220.234670,0.00637874,94.6604,0,0.000000,0.000000
2015-06-26,0.00668209,90.5675,1,0.038611,260.523000,-0.00331499,94.3289,1,0.038949,299.018554
2015-06-29,0.00708691,91.2762,1,0.025659,180.860900,0.01284374,95.6132,1,0.061226,340.982950
2015-06-30,0.00790632,92.0669,1,0.032018,258.295510,-0.00454623,95.1586,0,0.000000,0.000000
2015-07-01,0.00165888,92.2327,1,0.046692,300.603930,-0.00185805,94.9728,1,0.042375,299.198829
2015-07-02,0.00226915,92.4597,1,0.031935,221.503580,-0.00272215,94.7006,1,0.038745,321.678910
2015-07-06,-0.00203773,92.2559,1,0.051433,320.731210,0.00031553,94.7321,1,0.047377,320.779730
2015-07-07,-0.01605328,90.6506,1,0.028638,199.911860,0.00720823,95.4530,1,0.048577,320.044010
2015-07-08,-0.01454364,89.1962,1,0.031504,182.852790,0.00403658,95.8566,1,0.041482,262.907460
2015-07-09,0.01651613,90.8478,1,0.025767,140.770020,-0.01466049,94.3906,0,0.000000,0.000000
2015-07-10,0.00447788,91.2956,1,0.040092,261.426660,0.00227731,94.6183,1,0.050659,359.510411
2015-07-13,-0.00138438,91.1572,1,0.039048,322.358900,0.00892520,95.5108,0,0.000000,0.000000
2015-07-14,-0.00239387,90.9178,1,0.032337,242.377150,0.00512623,96.0234,0,0.000000,0.000000
2015-07-15,0.00634862,91.5526,1,0.042558,260.689650,-0.00410713,95.6127,1,0.045993,324.639196
2015-07-16,-0.00520908,91.0317,1,0.046148,260.181240,0.00691885,96.3046,1,0.052195,319.892420
2015-07-17,-0.00015980,91.0157,1,0.038940,221.862060,-0.00720992,95.5836,0,0.000000,0.000000
2015-07-20,-0.00401120,90.6146,1,0.030600,240.090880,-0.00784986,94.7986,0,0.000000,0.000000
2015-07-21,0.00609577,91.2242,1,0.017323,180.131660,0.00287846,95.0865,1,0.051494,341.423891
2015-07-22,-0.00609023,90.6152,1,0.036803,259.514840,-0.00019083,95.0674,1,0.042753,280.225560
2015-07-23,0.00974879,91.5901,1,0.039961,301.258160,-0.00937517,94.1299,1,0.034387,260.775230
2015-07-24,0.00262811,91.8529,1,0.049749,279.828620,-0.01048755,93.0811,1,0.056735,319.989150
2015-07-27,0.01162426,93.0153,1,0.045054,259.449600,0.02085016,95.1661,1,0.064234,338.691040
2015-07-28,0.00178075,93.1934,1,0.056455,278.705700,-0.01216960,93.9492,1,0.030950,201.198350
2015-07-29,0.00407677,93.6010,1,0.051673,322.596030,-0.00761456,93.1877,0,0.000000,0.000000
2015-07-30,0.01727511,95.3286,1,0.055659,261.384310,-0.01230999,91.9567,1,0.064699,363.658580
2015-07-31,-0.00926401,94.4022,1,0.039791,264.479770,0.00135630,92.0924,1,0.053040,340.534540
2015-08-03,0.00170252,94.5724,1,0.039148,261.014190,0.01454011,93.5464,1,0.057539,281.637170
2015-08-04,-0.02411884,92.1605,1,0.043354,261.406740,0.01659039,95.2054,1,0.033991,241.364310
2015-08-05,-0.00145327,92.0152,1,0.031847,222.129610,0.00978079,96.1835,1,0.041681,302.473270
2015-08-06,0.00542940,92.5581,1,0.030920,221.330820,-0.01241736,94.9418,1,0.035486,261.465900
2015-08-07,0.00473601,93.0317,1,0.030069,201.310180,-0.00117827,94.8239,1,0.057507,359.286690
2015-08-10,0.00470551,93.5023,1,0.051629,281.077710,-0.02335666,92.4883,1,0.043666,261.581280
2015-08-11,0.00528095,94.0304,1,0.035895,222.755920,-0.02138155,90.3501,1,0.051855,382.559740
2015-08-12,-0.00058189,93.9722,1,0.031419,199.441350,0.00598979,90.9491,1,0.052061,378.676300
2015-08-13,0.00085843,94.0580,1,0.032537,219.922850,-0.00711249,90.2378,1,0.041269,282.116140
2015-08-14,0.00313069,94.3711,1,0.044881,280.406620,-0.00068086,90.1698,1,0.054536,360.988340
2015-08-17,0.00271199,94.6423,1,0.043891,242.006970,-0.00351436,89.8183,0,0.000000,0.000000
2015-08-18,-0.00376607,94.2657,1,0.044757,261.558110,-0.01301979,88.5163,1,0.056789,362.622655
2015-08-19,-0.00897263,93.3684,1,0.035933,220.023010,0.00200967,88.7173,1,0.055713,378.617830
2015-08-20,-0.00222038,93.1464,1,0.040478,219.694150,0.01240787,89.9581,1,0.049573,300.675500
2015-08-21,0.00054841,93.2012,1,0.029019,179.782680,0.00294509,90.2526,0,0.000000,0.000000
2015-08-24,0.00801568,94.0028,1,0.030242,141.777600,0.00384451,90.6371,0,0.000000,0.000000
2015-08-25,-0.01329195,92.6736,1,0.030005,181.450970,-0.01619527,89.0175,0,0.000000,0.000000
2015-08-26,-0.01017647,91.6560,1,0.032357,161.592970,0.00893275,89.9108,1,0.045915,327.467181
2015-08-27,0.01144598,92.8006,0,0.000000,0.000000,0.00387628,90.2984,0,0.000000,0.000000
2015-08-28,0.00363831,93.1644,1,0.058789,391.731252,-0.00248905,90.0495,0,0.000000,0.000000
2015-08-31,-0.00872638,92.2918,1,0.048468,340.747520,0.00010716,90.0602,1,0.047954,349.973774
2015-09-01,0.00410055,92.7018,1,0.045945,279.144030,0.00479673,90.5399,0,0.000000,0.000000
2015-09-02,0.00069835,92.7716,1,0.039345,296.881760,-0.00714073,89.8258,0,0.000000,0.000000
2015-09-03,0.00025923,92.7976,1,0.039577,263.299720,0.00470801,90.2966,0,0.000000,0.000000
2015-09-04,-0.00427623,92.3699,1,0.040353,261.359860,-0.00832248,89.4644,1,0.041888,258.795029
2015-09-08,0.00823942,93.1939,1,0.063358,318.183390,0.00183070,89.6475,0,0.000000,0.000000
2015-09-09,-0.00302521,92.8914,1,0.034591,245.163520,0.00522359,90.1698,0,0.000000,0.000000
2015-09-10,-0.00655752,92.2356,1,0.062832,377.515770,0.00237396,90.4072,0,0.000000,0.000000
2015-09-11,-0.00660554,91.5751,1,0.045944,280.853600,-0.00045038,90.3622,1,0.050628,321.511352
2015-09-14,-0.00363261,91.2118,1,0.048361,301.418470,0.00531965,90.8941,1,0.051275,361.168890
2015-09-15,-0.00766055,90.4457,1,0.049615,320.265280,-0.00050642,90.8435,1,0.045332,300.563580
2015-09-16,-0.00485008,89.9607,1,0.049808,302.685640,-0.00421093,90.4224,0,0.000000,0.000000
2015-09-17,-0.00388773,89.5720,1,0.034723,241.603740,-0.00447857,89.9746,1,0.052497,364.672317
2015-09-18,-0.00020339,89.5516,1,0.027299,180.130410,0.02150647,92.1252,1,0.054743,339.962300
2015-09-21,-0.00199017,89.3526,1,0.040307,238.402240,0.00153353,92.2786,0,0.000000,0.000000
2015-09-22,0.00368834,89.7214,1,0.034486,201.026590,0.01313345,93.5919,1,0.045555,319.218559
2015-09-23,-0.00040728,89.6807,1,0.039868,277.472020,0.01372709,94.9646,0,0.000000,0.000000
2015-09-24,-0.00492066,89.1886,1,0.034466,240.075300,-0.00277794,94.6868,1,0.036374,260.237383
2015-09-25,-0.00207732,88.9809,1,0.040442,240.219520,0.01094848,95.7817,1,0.048272,300.173940
2015-09-28,-0.01358660,87.6223,1,0.042150,281.178030,0.00627610,96.4093,1,0.045330,281.904120
2015-09-29,0.00625186,88.2474,1,0.043694,257.778530,-0.00658606,95.7507,0,0.000000,0.000000
2015-09-30,0.00483730,88.7312,1,0.037900,240.444580,-0.00837408,94.9133,1,0.051618,337.144532
2015-10-01,-0.00534805,88.1964,1,0.042545,263.286950,0.00362667,95.2759,0,0.000000,0.000000
2015-10-02,0.00625137,88.8215,1,0.046563,300.120700,-0.00082417,95.1935,1,0.056697,363.647058
2015-10-05,0.01485221,90.3067,1,0.053189,302.997060,0.00379051,95.5726,0,0.000000,0.000000
2015-10-06,-0.00821057,89.4857,1,0.051117,284.409290,-0.00252864,95.3197,0,0.000000,0.000000
2015-10-07,0.00767267,90.2529,1,0.040963,260.438920,0.00315447,95.6351,1,0.045453,346.335950
2015-10-08,-0.00024836,90.2281,1,0.045976,282.363550,-0.00113295,95.5218,1,0.055735,362.226480
2015-10-09,-0.00159208,90.0689,1,0.044448,282.173600,-0.00191564,95.3303,1,0.043154,281.797080
2015-10-12,0.00148708,90.2176,1,0.034452,241.958380,0.00070189,95.4005,1,0.051071,362.212370
2015-10-13,-0.00876017,89.3416,1,0.049627,320.503560,0.00341214,95.7417,1,0.044946,301.079840
2015-10-14,-0.01209874,88.1317,1,0.028004,220.204890,0.00224753,95.9664,1,0.037647,280.262060
2015-10-15,0.01225368,89.3571,1,0.030362,220.657550,-0.01298066,94.6684,1,0.043506,300.072580
2015-10-16,-0.00834977,88.5221,1,0.040607,263.623730,-0.00734530,93.9338,0,0.000000,0.000000
2015-10-19,-0.00104600,88.4175,1,0.041210,260.443550,0.00140215,94.0741,1,0.057625,362.215808
2015-10-20,-0.00427326,87.9902,1,0.031446,241.023070,-0.01680439,92.3936,1,0.042279,280.414420
2015-10-21,0.00329348,88.3195,1,0.038952,240.192640,-0.00789124,91.6045,1,0.056014,380.272360
2015-10-22,0.00086746,88.4063,1,0.042614,239.129560,-0.00577139,91.0274,1,0.069779,318.617770
2015-10-23,0.00532807,88.9391,1,0.053633,342.938080,-0.00900176,90.1272,0,0.000000,0.000000
2015-10-26,0.01489114,90.4282,1,0.048096,300.857420,0.00391530,90.5187,1,0.050240,324.406823
2015-10-27,-0.00150946,90.2772,1,0.025676,182.107710,0.01095107,91.6138,1,0.051473,340.877810
2015-10-28,0.01514698,91.7919,1,0.042032,220.316910,-0.01435082,90.1787,1,0.050032,299.515380
2015-10-29,-0.00482323,91.3096,1,0.043633,284.933230,0.00780037,90.9588,1,0.043783,322.947750
2015-10-30,0.00520788,91.8304,1,0.041152,280.833070,-0.01681334,89.2774,1,0.042354,321.251340
2015-11-02,-0.01020235,90.8102,1,0.029255,202.039920,-0.01443106,87.8343,1,0.051846,322.038600
2015-11-03,-0.01807713,89.0025,1,0.031923,242.930180,-0.00661402,87.1729,0,0.000000,0.000000
2015-11-04,-0.00459977,88.5425,1,0.041887,222.795770,-0.01021739,86.1512,1,0.053699,304.093746
2015-11-05,-0.00014101,88.5284,1,0.042241,300.694710,-0.00184068,85.9671,1,0.048978,339.482980
2015-11-06,-0.00105536,88.4228,1,0.024646,181.235320,0.00195650,86.1628,1,0.046560,300.149750
2015-11-09,-0.01314340,87.1085,1,0.043440,243.129510,-0.01250985,84.9118,1,0.042945,281.258670
2015-11-10,-0.01328530,85.7800,1,0.041050,220.156560,0.00191496,85.1033,1,0.046094,358.970540
2015-11-11,-0.00796715,84.9833,1,0.042505,281.109240,-0.01079601,84.0237,1,0.042791,281.705850
2015-11-12,-0.00266236,84.7170,1,0.037256,220.340490,0.01219010,85.2427,1,0.058260,339.836590
2015-11-13,0.00731775,85.4488,1,0.018825,161.019600,0.00919900,86.1626,0,0.000000,0.000000
2015-11-16,-0.00475019,84.9738,1,0.026519,160.789220,0.00339350,86.5019,1,0.050710,298.448644
2015-11-17,0.00089206,85.0630,1,0.030664,162.460520,-0.00911911,85.5900,0,0.000000,0.000000
2015-11-18,-0.00789142,84.2738,1,0.049032,240.579350,-0.00048421,85.5416,1,0.056361,341.898277
2015-11-19,-0.00175037,84.0988,1,0.025107,164.219830,0.00052654,85.5943,0,0.000000,0.000000
2015-11-20,-0.00541547,83.5573,1,0.047007,240.828710,-0.00163084,85.4312,1,0.049244,323.621784
2015-11-23,-0.00601230,82.9560,1,0.035760,221.302180,-0.00090141,85.3410,1,0.055571,340.993180
2015-11-24,-0.00158457,82.7976,1,0.038197,261.014310,0.01369452,86.7105,1,0.042578,300.820350
2015-11-25,0.01599795,84.3974,1,0.033305,222.581660,-0.02110586,84.5999,1,0.040216,282.381050
2015-11-27,0.00115237,84.5126,1,0.028143,182.675500,0.00321055,84.9210,1,0.060735,319.341850
2015-11-30,-0.00030270,84.4823,1,0.049780,279.964540,-0.01800906,83.1201,1,0.063566,321.062650
2015-12-01,-0.00130694,84.3516,1,0.037154,240.453470,-0.00013377,83.1067,1,0.060117,340.000260
2015-12-02,-0.02400316,81.9513,1,0.048796,281.491000,-0.02345418,80.7613,0,0.000000,0.000000
2015-12-03,0.00456722,82.4080,1,0.040478,219.247540,0.00490952,81.2522,0,0.000000,0.000000
2015-12-04,-0.00015845,82.3922,1,0.041135,240.818640,-0.01106182,80.1460,0,0.000000,0.000000
2015-12-07,-0.00157715,82.2345,1,0.054035,263.793450,0.00966266,81.1123,0,0.000000,0.000000
2015-12-08,0.01388560,83.6230,1,0.048730,260.617680,0.00972218,82.0845,1,0.043712,282.909214
2015-12-09,0.01077840,84.7009,1,0.046180,259.334990,-0.00695922,81.3886,1,0.037082,240.887250
2015-12-10,0.00970443,85.6713,1,0.039287,240.221420,-0.00904292,80.4843,1,0.049542,340.202000
2015-12-11,0.00896401,86.5677,1,0.034009,202.094730,-0.00975303,79.5090,1,0.060763,360.200850
2015-12-14,0.00316576,86.8843,1,0.036994,218.987230,-0.00151428,79.3576,0,0.000000,0.000000
2015-12-15,0.01346628,88.2309,1,0.046122,239.963870,-0.01169387,78.1882,1,0.072147,338.973261
2015-12-16,0.00397157,88.6281,1,0.032703,242.695550,-0.00484323,77.7039,1,0.053813,342.199120
2015-12-17,-0.01427139,87.2009,1,0.041259,282.939340,-0.00534298,77.1696,0,0.000000,0.000000
2015-12-18,-0.01438802,85.7621,1,0.041272,259.164280,-0.00540998,76.6286,1,0.055238,320.653597
2015-12-21,-0.01389343,84.3728,1,0.038503,222.114490,0.01551214,78.1798,0,0.000000,0.000000
2015-12-22,-0.00063032,84.3098,1,0.048892,241.868660,-0.01535182,76.6446,1,0.038672,261.963975
2015-12-23,-0.00350718,83.9591,1,0.055198,301.956540,0.00349801,76.9944,0,0.000000,0.000000
2015-12-24,0.00301286,84.2603,1,0.041654,282.437100,-0.00269782,76.7246,0,0.000000,0.000000
2015-12-28,0.00961904,85.2222,1,0.062626,300.432220,0.00448857,77.1735,1,0.083373,345.802511
2015-12-29,-0.00533891,84.6884,1,0.031861,200.413070,-0.00026646,77.1468,1,0.056476,320.894010
2015-12-30,0.00096210,84.7846,1,0.045990,262.320030,0.00747417,77.8942,0,0.000000,0.000000
2015-12-31,-0.01782631,83.0019,1,0.041301,239.465500,-0.00459050,77.4352,0,0.000000,0.000000
2016-01-04,0.00062112,83.0640,1,0.035458,200.181610,0.00275138,77.7103,0,0.000000,0.000000
2016-01-05,-0.00627138,82.4369,1,0.032288,201.218290,0.00332916,78.0432,0,0.000000,0.000000
2016-01-06,-0.01056496,81.3804,1,0.035056,221.620150,0.00324076,78.3673,1,0.054424,321.561213
2016-01-07,-0.00208095,81.1723,1,0.043185,259.266500,0.00567635,78.9350,1,0.053295,298.362540
2016-01-08,-0.00771892,80.4004,1,0.044952,258.670810,0.00893631,79.8286,0,0.000000,0.000000
2016-01-11,0.01485231,81.8857,1,0.042209,239.919620,0.01570467,81.3991,0,0.000000,0.000000
2016-01-12,0.00599899,82.4856,1,0.041521,202.226480,-0.00008363,81.3907,1,0.048813,276.956941
2016-01-13,-0.01193121,81.2924,1,0.039581,242.568420,-0.01555339,79.8354,1,0.052619,302.667690
2016-01-14,-0.01569829,79.7226,1,0.042789,257.689760,-0.02056517,77.7788,0,0.000000,0.000000
2016-01-15,-0.01209293,78.5133,1,0.043693,262.918080,0.00542486,78.3213,0,0.000000,0.000000
2016-01-19,0.00085807,78.5991,1,0.049233,258.326400,-0.01489798,76.8315,0,0.000000,0.000000
2016-01-20,0.00254055,78.8532,1,0.049955,239.722800,-0.00948873,75.8826,1,0.060923,355.847966
2016-01-21,-0.01881180,76.9720,1,0.075760,298.912290,-0.00203026,75.6796,1,0.060586,338.284370
2016-01-22,-0.01368694,75.6033,1,0.046484,243.397520,-0.02049979,73.6296,1,0.066739,322.212480
2016-01-25,-0.02263945,73.3394,1,0.052165,243.345890,-0.02441073,71.1886,0,0.000000,0.000000
2016-01-26,-0.00807071,72.5323,1,0.057421,259.392300,0.00089048,71.2776,0,0.000000,0.000000
2016-01-27,-0.01248961,71.2833,1,0.062491,284.449050,-0.00273689,71.0039,0,0.000000,0.000000
2016-01-28,-0.00239203,71.0441,1,0.065503,279.798710,0.01054160,72.0581,1,0.063110,300.797821
2016-01-29,-0.00294568,70.7495,1,0.061138,280.526980,0.01036255,73.0943,1,0.049775,281.678130
2016-02-01,-0.00413410,70.3361,1,0.052070,245.939670,-0.00922158,72.1722,0,0.000000,0.000000
2016-02-02,0.00475885,70.8120,1,0.058005,280.627680,0.00262215,72.4344,1,0.064915,366.740389
2016-02-03,-0.00182779,70.6292,1,0.057319,279.512850,0.01001538,73.4359,1,0.053962,318.544910
2016-02-04,0.00780462,71.4097,1,0.065248,322.314580,0.00882549,74.3185,1,0.048561,283.409360
2016-02-05,0.00881252,72.2910,1,0.048778,262.298950,-0.00596418,73.7221,1,0.039258,263.621170
2016-02-08,-0.00855245,71.4357,1,0.048915,259.571830,-0.00444261,73.2778,0,0.000000,0.000000
2016-02-09,0.00678570,72.1143,1,0.052610,278.565190,0.00649797,73.9276,0,0.000000,0.000000
2016-02-10,0.00748184,72.8625,1,0.053216,220.643640,-0.00040871,73.8867,1,0.054141,277.432179
2016-02-11,-0.00371227,72.4912,1,0.051127,242.052180,0.02547477,76.4342,1,0.066453,321.714570
2016-02-12,0.00458104,72.9493,1,0.059516,241.021820,0.00945365,77.3796,0,0.000000,0.000000
2016-02-16,0.00719079,73.6684,1,0.054241,284.273460,-0.00969383,76.4102,0,0.000000,0.000000
2016-02-17,-0.00076618,73.5918,1,0.036948,184.875040,-0.00691797,75.7184,0,0.000000,0.000000
2016-02-18,-0.00129376,73.4624,1,0.064776,304.323950,-0.02171965,73.5464,0,0.000000,0.000000
2016-02-19,0.02001646,75.4641,1,0.049574,281.061380,-0.02928876,70.6176,1,0.060096,386.536292
2016-02-22,-0.00439165,75.0249,1,0.052465,299.572160,-0.01464471,69.1531,1,0.069701,379.607780
2016-02-23,0.00118034,75.1429,1,0.041436,224.174840,0.00564789,69.7179,0,0.000000,0.000000
2016-02-24,0.01265670,76.4086,1,0.058060,278.925150,-0.00874424,68.8435,1,0.046314,261.670853
2016-02-25,-0.00321139,76.0875,1,0.058869,283.081390,-0.01635696,67.2078,1,0.078406,322.245850
2016-02-26,-0.01085062,75.0024,1,0.043512,242.620030,0.00414164,67.6219,0,0.000000,0.000000
2016-02-29,0.00083150,75.0856,1,0.044040,261.806930,-0.00643922,66.9780,1,0.044512,303.780720
2016-03-01,-0.00532390,74.5532,1,0.048090,240.219410,-0.01876166,65.1018,1,0.051696,360.865850
2016-03-02,-0.00181509,74.3717,1,0.043379,266.299660,-0.00945080,64.1568,0,0.000000,0.000000
2016-03-03,0.00101372,74.4730,1,0.049138,281.782550,0.00933534,65.0903,1,0.068296,367.435527
2016-03-04,0.00360276,74.8333,1,0.031294,201.023050,0.01433494,66.5238,1,0.040116,261.815390
2016-03-07,0.00068857,74.9022,1,0.049033,241.345870,0.00634632,67.1584,1,0.047418,261.905730
2016-03-08,-0.00377200,74.5250,1,0.041730,281.283890,-0.00932882,66.2255,1,0.047332,282.379390
2016-03-09,-0.01002058,73.5229,1,0.038718,240.023210,-0.00994275,65.2313,1,0.064645,357.438550
2016-03-10,-0.00883169,72.6397,1,0.045899,261.266040,0.00665773,65.8970,1,0.059437,342.370690
2016-03-11,0.01068062,73.7078,1,0.048338,201.401750,-0.00291990,65.6050,1,0.046690,241.544010
2016-03-14,-0.00251856,73.4559,1,0.048376,264.004180,-0.00027745,65.5773,0,0.000000,0.000000
2016-03-15,-0.00558731,72.8972,1,0.043531,260.511740,0.00618725,66.1960,1,0.060435,303.686865
2016-03-16,0.00400547,73.2978,1,0.044743,239.785940,-0.00370035,65.8260,1,0.046225,280.271320
2016-03-17,0.01194958,74.4927,1,0.042742,242.470750,-0.00459829,65.3662,0,0.000000,0.000000
2016-03-18,0.00738259,75.2310,1,0.047281,262.936480,-0.01391714,63.9744,1,0.061104,364.720758
2016-03-21,-0.00011711,75.2193,1,0.052021,321.565660,-0.00230635,63.7438,1,0.058215,381.020550
2016-03-22,0.00672984,75.8923,1,0.034006,200.016470,-0.00818138,62.9257,1,0.041208,300.221980
2016-03-23,0.00091537,75.9838,1,0.030423,200.468690,-0.00537418,62.3883,1,0.048818,339.994710
2016-03-24,0.00450090,76.4339,1,0.048250,258.580100,-0.00259569,62.1287,1,0.056199,338.644060
2016-03-28,0.00564618,76.9985,1,0.037962,201.090860,-0.01409615,60.7191,1,0.049535,301.097390
2016-03-29,0.00455390,77.4539,1,0.037870,221.051000,-0.01125217,59.5939,1,0.057917,340.929540
2016-03-30,-0.00661258,76.7926,1,0.034668,222.693720,0.00311960,59.9058,0,0.000000,0.000000
2016-03-31,-0.01084207,75.7084,1,0.028487,201.848450,-0.00969911,58.9359,1,0.046761,263.154822
2016-04-01,0.01452228,77.1607,1,0.035002,200.563560,-0.00296065,58.6398,1,0.047905,340.424590
2016-04-04,-0.00567643,76.5930,1,0.047293,280.943810,-0.00203366,58.4365,1,0.049676,321.681520
2016-04-05,0.01099604,77.6926,1,0.034266,220.932070,0.01200940,59.6374,0,0.000000,0.000000
2016-04-06,-0.00147867,77.5447,1,0.043727,240.280950,0.00293237,59.9306,0,0.000000,0.000000
2016-04-07,0.00500030,78.0448,1,0.032570,202.428560,0.00512657,60.4433,0,0.000000,0.000000
2016-04-08,-0.00241250,77.8035,1,0.037980,219.768500,0.00582418,61.0257,0,0.000000,0.000000
2016-04-11,0.00399227,78.2028,1,0.038423,241.422250,-0.00141001,60.8847,1,0.048741,260.109818
2016-04-12,-0.00361186,77.8416,1,0.037306,201.095930,0.00803054,61.6878,1,0.064546,340.115500
2016-04-13,-0.01381657,76.4599,1,0.035757,202.469960,0.01438084,63.1259,0,0.000000,0.000000
2016-04-14,0.00562392,77.0223,1,0.044918,243.418260,-0.00320523,62.8053,1,0.048843,286.450176
2016-04-15,0.00159155,77.1815,1,0.048575,279.995450,-0.01546647,61.2587,1,0.045507,299.989620
2016-04-18,-0.01490664,75.6908,1,0.041834,260.827610,0.01232860,62.4915,1,0.058630,380.400100
2016-04-19,-0.00422130,75.2687,1,0.031160,201.787930,0.00444523,62.9361,0,0.000000,0.000000
2016-04-20,-0.01489423,73.7792,1,0.052973,281.935370,-0.00053684,62.8824,1,0.044554,284.624894
2016-04-21,0.00585415,74.3647,1,0.041735,220.924650,0.03570354,66.4527,1,0.047106,301.294570
2016-04-22,-0.00531375,73.8333,1,0.045645,300.237610,-0.00729152,65.7236,1,0.029062,182.726660
2016-04-25,0.00165207,73.9985,1,0.057353,320.457570,-0.00119783,65.6038,1,0.063413,360.981410
2016-04-26,-0.00021292,73.9772,1,0.044562,299.597140,-0.01127794,64.4760,1,0.052754,339.819970
2016-04-27,-0.00288206,73.6890,1,0.049146,281.355930,0.00406830,64.8828,1,0.057230,361.045400
2016-04-28,-0.00586288,73.1027,1,0.049398,281.088460,-0.00208535,64.6743,1,0.040915,262.019640
2016-04-29,0.00088828,73.1915,1,0.057672,299.468830,0.00737759,65.4121,1,0.042141,258.367860
2016-05-02,0.00416395,73.6079,1,0.038055,239.979500,-0.00826728,64.5853,1,0.050568,260.961340
2016-05-03,-0.00249589,73.3583,1,0.050419,303.239830,0.02383481,66.9688,0,0.000000,0.000000
2016-05-04,0.00432261,73.7906,1,0.053729,318.834530,0.01289846,68.2587,0,0.000000,0.000000
2016-05-05,-0.00082026,73.7086,1,0.039566,200.643110,0.00439803,68.6985,1,0.040647,241.851322
2016-05-06,0.00817687,74.5263,1,0.037223,201.024300,-0.00131971,68.5665,1,0.045021,280.823650
2016-05-09,-0.00389150,74.1371,1,0.038720,221.477790,-0.00397327,68.1692,1,0.055567,361.654190
2016-05-10,-0.00495169,73.6419,1,0.029269,221.685810,-0.01612975,66.5562,1,0.051915,321.511760
2016-05-11,-0.00256899,73.3850,1,0.036449,183.201720,-0.01233708,65.3225,0,0.000000,0.000000
2016-05-12,0.00411036,73.7961,1,0.034334,220.749870,-0.00372769,64.9497,1,0.050009,320.945794
2016-05-13,0.01032325,74.8284,1,0.044995,260.184650,0.00262606,65.2123,1,0.056564,340.860560
2016-05-16,-0.00626504,74.2019,1,0.038864,199.354000,-0.00626931,64.5854,0,0.000000,0.000000
2016-05-17,-0.00132084,74.0698,1,0.049654,282.158360,-0.01007226,63.5782,0,0.000000,0.000000
2016-05-18,-0.00816604,73.2532,1,0.048034,280.056070,0.00086637,63.6648,0,0.000000,0.000000
2016-05-19,0.00510812,73.7640,1,0.035958,241.130490,-0.01866045,61.7988,1,0.041765,317.641650
2016-05-20,-0.00211405,73.5526,1,0.050945,320.289990,-0.00720049,61.0787,1,0.057189,380.075520
2016-05-23,0.00542208,74.0948,1,0.047762,302.650200,0.00080879,61.1596,0,0.000000,0.000000
2016-05-24,0.00011698,74.1065,1,0.041142,259.822210,-0.01274224,59.8854,1,0.043624,322.259787
2016-05-25,0.00389865,74.4964,1,0.023625,163.598260,0.00956815,60.8422,0,0.000000,0.000000
2016-05-26,-0.00148511,74.3479,1,0.041441,261.319170,0.00264978,61.1072,1,0.040922,243.734542
2016-05-27,0.00886001,75.2339,1,0.047449,279.824870,-0.00807974,60.2992,1,0.041034,321.019520
2016-05-31,0.01256038,76.4899,1,0.039532,262.057330,0.00869440,61.1686,0,0.000000,0.000000
2016-06-01,0.00840512,77.3304,1,0.043298,280.882510,0.00141302,61.3099,1,0.037948,262.463976
2016-06-02,0.00410748,77.7412,1,0.041402,241.298850,0.00495987,61.8059,1,0.052213,340.980990
2016-06-03,-0.00517346,77.2238,1,0.044436,261.304070,0.00618000,62.4239,1,0.034590,281.839600
2016-06-06,0.00095859,77.3197,1,0.044321,280.350410,-0.00030754,62.3932,1,0.044594,320.784610
2016-06-07,-0.00424567,76.8951,1,0.058157,321.837680,-0.00916787,61.4764,1,0.043707,341.881240
2016-06-08,0.00133436,77.0286,1,0.045644,280.777770,-0.00494242,60.9821,1,0.056352,360.977440
2016-06-09,-0.00133650,76.8949,1,0.046640,301.132540,0.01847142,62.8293,1,0.043848,300.501550
2016-06-10,0.00906732,77.8016,1,0.032738,261.204510,0.01613487,64.4428,1,0.035703,241.816990
2016-06-13,-0.00208117,77.5935,1,0.040047,238.597990,0.00006714,64.4495,0,0.000000,0.000000
2016-06-14,-0.01821816,75.7717,1,0.032526,199.652570,0.02224553,66.6740,0,0.000000,0.000000
2016-06-15,0.00223097,75.9948,1,0.037763,240.597690,-0.00259856,66.4142,1,0.016886,122.708783
2016-06-16,0.00110824,76.1056,1,0.044126,240.839380,0.00248681,66.6629,1,0.042389,340.034070
2016-06-17,0.01150012,77.2556,1,0.053358,260.869830,-0.00153244,66.5096,1,0.040834,301.331770
2016-06-20,-0.00645891,76.6097,1,0.054411,360.489370,-0.01185525,65.3241,1,0.050805,301.369210
2016-06-21,0.00001054,76.6108,1,0.039376,242.335000,-0.00813937,64.5101,1,0.057457,361.763420
2016-06-22,0.00424257,77.0351,1,0.066093,319.872790,-0.00720667,63.7895,1,0.060017,340.037760
2016-06-23,-0.00321278,76.7138,1,0.040528,240.781190,-0.00016844,63.7726,1,0.050064,320.058050
2016-06-24,0.00232119,76.9459,1,0.050021,263.623030,-0.01449441,62.3232,0,0.000000,0.000000
2016-06-27,0.00676086,77.6220,1,0.033644,196.990180,0.00216117,62.5393,0,0.000000,0.000000
2016-06-28,-0.00035593,77.5864,1,0.039493,200.315090,0.00007514,62.5468,0,0.000000,0.000000
2016-06-29,-0.00294961,77.2914,1,0.048751,263.815740,-0.00195159,62.3517,0,0.000000,0.000000
2016-06-30,0.00016646,77.3081,1,0.042734,264.344570,-0.00172120,62.1795,0,0.000000,0.000000
2016-07-01,0.00286584,77.5947,1,0.037436,244.171960,-0.00318796,61.8607,0,0.000000,0.000000
2016-07-05,0.00215046,77.8097,1,0.038674,220.928960,-0.00151432,61.7093,1,0.058192,323.699729
2016-07-06,0.00328884,78.1386,1,0.031706,238.813860,-0.00856877,60.8524,1,0.049127,318.798700
2016-07-07,0.00891093,79.0297,1,0.044697,300.834150,0.01125327,61.9778,1,0.050553,360.480110
2016-07-08,-0.00140783,78.8889,1,0.043763,261.008990,0.00788960,62.7667,1,0.029370,221.581680
2016-07-11,-0.00025778,78.8631,1,0.026108,183.173320,0.01068375,63.8351,0,0.000000,0.000000
2016-07-12,0.00212479,79.0756,1,0.031301,242.275410,0.01243307,65.0784,1,0.032093,224.898759
2016-07-13,0.00160436,79.2360,1,0.034854,222.445140,-0.00184495,64.8939,1,0.035825,261.844440
2016-07-14,0.00048640,79.2847,1,0.042450,260.280810,-0.01500011,63.3939,1,0.047341,360.635570
2016-07-15,-0.00204067,79.0806,1,0.026897,181.793070,-0.00090731,63.3032,1,0.057481,380.477970
2016-07-18,0.00151137,79.2317,1,0.037893,220.558150,-0.00253781,63.0494,1,0.044161,300.947090
2016-07-19,0.00699722,79.9315,1,0.038238,221.282110,-0.00329871,62.7195,1,0.041911,301.233020
2016-07-20,-0.00152045,79.7794,1,0.032465,220.202500,-0.00567772,62.1517,1,0.043482,339.579320
2016-07-21,0.00114262,79.8937,1,0.038278,221.613680,-0.00869944,61.2818,1,0.056574,381.792530
2016-07-22,0.00675072,80.5688,1,0.042538,259.804020,-0.00851070,60.4307,1,0.050870,359.944570
2016-07-25,0.00187172,80.7559,1,0.041528,260.628770,-0.00619961,59.8108,1,0.050351,360.715500
2016-07-26,0.00004616,80.7605,1,0.042304,280.249620,0.00278906,60.0897,1,0.045234,360.286390
2016-07-27,-0.00278398,80.4821,1,0.043058,280.931940,0.00109503,60.1992,1,0.033837,301.034300
2016-07-28,-0.01045114,79.4370,1,0.042694,279.561500,0.00264634,60.4638,1,0.041636,279.844040
2016-07-29,0.00199076,79.6361,1,0.030934,180.911800,-0.00133282,60.3305,1,0.046782,301.551950
2016-08-01,-0.00407921,79.2282,1,0.028801,201.027090,0.00531699,60.8622,1,0.046251,262.431540
2016-08-02,0.00197669,79.4259,1,0.039761,240.903460,-0.00310559,60.5517,1,0.037799,260.760870
2016-08-03,-0.00625453,78.8004,1,0.026073,160.231150,-0.01220890,59.3308,0,0.000000,0.000000
2016-08-04,-0.00268604,78.5318,1,0.047874,221.433140,-0.01533255,57.7975,1,0.061205,379.471327
2016-08-05,-0.00215737,78.3161,1,0.052207,339.484150,-0.00862227,56.9353,1,0.059497,399.781650
2016-08-08,-0.00004381,78.3117,1,0.035151,222.404690,0.00648190,57.5835,1,0.040650,342.684710
2016-08-09,-0.00150687,78.1610,1,0.029527,161.161030,-0.00008466,57.5750,1,0.037206,300.907140
2016-08-10,0.00285961,78.4470,1,0.034759,199.982440,-0.00709852,56.8652,1,0.046412,341.066720
2016-08-11,0.00044411,78.4914,1,0.035319,220.124700,0.00041077,56.9062,1,0.045103,359.497580
2016-08-12,0.00803183,79.2946,1,0.036367,261.625190,0.00103295,57.0095,0,0.000000,0.000000
2016-08-15,-0.00738201,78.5564,1,0.031461,261.004790,-0.01358999,55.6505,1,0.032959,261.275699
2016-08-16,0.00322159,78.8785,1,0.036091,201.893680,0.00205280,55.8558,1,0.046550,360.542460
2016-08-17,0.00351563,79.2301,1,0.037947,239.700670,-0.00686462,55.1694,0,0.000000,0.000000
2016-08-18,0.00201527,79.4316,1,0.040813,260.780970,-0.00107190,55.0622,1,0.056550,379.344999
2016-08-19,-0.00568253,78.8633,1,0.040783,281.227180,-0.00603094,54.4591,1,0.037814,280.755060
2016-08-22,0.00258543,79.1219,1,0.037377,240.249630,-0.00674354,53.7847,1,0.047274,339.387200
2016-08-23,-0.00466878,78.6550,1,0.025938,220.879680,0.01608643,55.3934,1,0.053857,380.363860
2016-08-24,0.00202714,78.8577,1,0.030256,201.080880,-0.00395454,54.9979,1,0.044234,323.204900
2016-08-25,-0.01463388,77.3943,1,0.036428,279.201350,-0.00388981,54.6089,1,0.048521,339.384580
2016-08-26,-0.00371255,77.0231,1,0.031035,259.692340,0.00301592,54.9105,1,0.046138,340.437820
2016-08-29,0.00400166,77.4232,1,0.043444,279.307320,-0.00484898,54.4256,1,0.039798,280.486350
2016-08-30,0.00964682,78.3879,1,0.032428,241.369110,-0.00118640,54.3070,0,0.000000,0.000000
2016-08-31,0.00024956,78.4129,1,0.030414,201.278090,-0.01313946,52.9930,1,0.031476,262.226128
2016-09-01,0.00128924,78.5418,1,0.026126,160.652230,-0.00016344,52.9767,1,0.052394,359.649630
2016-09-02,0.00785601,79.3274,1,0.018269,180.728410,-0.00794831,52.1819,1,0.045221,320.746210
2016-09-06,0.00388024,79.7154,1,0.040286,282.266370,-0.00132560,52.0493,0,0.000000,0.000000
2016-09-07,0.00549634,80.2651,1,0.030596,200.328790,0.00165016,52.2143,1,0.049364,361.289124
2016-09-08,0.00113722,80.3788,1,0.027958,240.303530,0.00453599,52.6679,1,0.041681,301.150140
2016-09-09,-0.01116921,79.2619,1,0.031241,259.581280,-0.00775026,51.8929,1,0.025676,219.783020
2016-09-12,-0.00440945,78.8209,1,0.036515,240.076820,0.00631053,52.5239,0,0.000000,0.000000
2016-09-13,-0.01139418,77.6815,1,0.032388,243.620590,-0.01212606,51.3113,0,0.000000,0.000000
2016-09-14,-0.01034353,76.6472,1,0.031513,239.732790,-0.00159393,51.1519,0,0.000000,0.000000
2016-09-15,-0.00753837,75.8933,1,0.039217,240.988920,0.00185027,51.3370,1,0.044643,335.314659
2016-09-16,0.00256209,76.1495,1,0.036881,242.534360,0.00176689,51.5137,0,0.000000,0.000000
2016-09-19,-0.00231102,75.9184,1,0.029722,259.876290,0.00558637,52.0723,1,0.035513,262.676002
2016-09-20,0.00186823,76.1052,1,0.036747,260.808140,0.00034598,52.1069,1,0.041542,281.137270
2016-09-21,0.00168463,76.2737,1,0.043567,300.066330,0.00810175,52.9171,1,0.041765,280.971140
2016-09-22,-0.00193047,76.0807,1,0.032117,223.195930,0.00181148,53.0982,0,0.000000,0.000000
2016-09-23,0.00557006,76.6377,1,0.046314,301.507510,0.00469320,53.5675,1,0.047420,284.563319
2016-09-26,0.00517408,77.1551,1,0.053832,338.911580,0.00772946,54.3405,1,0.033014,280.452500
2016-09-27,0.00165463,77.3205,1,0.045957,298.946020,-0.00489404,53.8511,0,0.000000,0.000000
2016-09-28,-0.00127247,77.1933,1,0.040817,241.039200,0.00438306,54.2894,1,0.043784,358.622700
2016-09-29,0.00113761,77.3071,1,0.040319,241.424530,0.00213517,54.5029,1,0.049413,320.963730
2016-09-30,-0.00201668,77.1054,1,0.033778,219.935100,0.00615681,55.1186,0,0.000000,0.000000
2016-10-03,-0.01238637,75.8667,1,0.030927,221.899810,0.02724899,57.8435,1,0.039641,280.839772
2016-10-04,-0.00758960,75.1078,1,0.046620,261.637050,0.00898943,58.7424,1,0.032657,222.052680
2016-10-05,-0.00538288,74.5695,1,0.029618,180.685300,0.02329804,61.0722,1,0.041576,279.639600
2016-10-06,-0.00440499,74.1290,1,0.030959,201.464110,-0.00829540,60.2427,1,0.033920,222.009380
2016-10-07,0.00435037,74.5640,1,0.035523,241.049960,0.00066332,60.3090,1,0.040448,360.580220
2016-10-10,-0.00144299,74.4197,1,0.036209,238.811140,0.00200378,60.5094,0,0.000000,0.000000
2016-10-11,-0.00074434,74.3453,1,0.036464,221.468390,-0.00156199,60.3532,1,0.039649,320.806234
2016-10-12,-0.00187433,74.1579,1,0.039633,219.932130,-0.00272247,60.0810,0,0.000000,0.000000
2016-10-13,0.00501908,74.6598,1,0.020172,200.223100,0.01095609,61.1766,1,0.043811,357.310504
2016-10-14,-0.00145989,74.5138,1,0.029929,220.291280,-0.00674179,60.5024,1,0.029259,220.752320
2016-10-17,-0.00176177,74.3376,1,0.032607,220.793800,0.00400150,60.9025,1,0.049340,360.149920
2016-10-18,-0.00850374,73.4872,1,0.042474,261.612910,-0.00975157,59.9274,1,0.040537,300.758370
2016-10-19,0.00154442,73.6417,1,0.033078,222.142180,0.00348735,60.2761,1,0.059935,362.112280
2016-10-20,-0.00870482,72.7712,1,0.031972,201.787540,-0.01320947,58.9552,1,0.040327,281.881330
2016-10-21,0.00021268,72.7925,1,0.031932,219.483430,0.00265927,59.2211,1,0.044083,340.178560
2016-10-24,0.00699828,73.4923,1,0.030492,240.395900,0.00171616,59.3927,1,0.042364,320.139670
2016-10-25,-0.00216392,73.2759,1,0.043182,240.546420,0.00793945,60.1867,0,0.000000,0.000000
2016-10-26,-0.00695437,72.5805,1,0.060857,259.760710,0.02332140,62.5188,1,0.037130,281.242684
2016-10-27,0.00181482,72.7619,1,0.042868,200.338320,0.00800194,63.3190,1,0.026016,241.698030
2016-10-28,-0.00303626,72.4583,1,0.033016,259.932770,0.00259885,63.5789,1,0.039445,260.949090
2016-10-31,0.01135318,73.5936,1,0.048852,181.196350,-0.01101676,62.4772,1,0.048546,300.468590
2016-11-01,-0.00365742,73.2279,1,0.037572,241.369250,-0.01255129,61.2221,1,0.050479,300.484030
2016-11-02,0.00667190,73.8951,1,0.026040,200.088430,0.00430340,61.6524,1,0.067250,379.021570
2016-11-03,-0.00693442,73.2016,1,0.041362,259.476450,0.00275102,61.9275,0,0.000000,0.000000
2016-11-04,-0.00751841,72.4498,1,0.060831,221.271020,0.00223255,62.1508,1,0.056565,319.734179
2016-11-07,-0.00010988,72.4388,1,0.051088,281.850970,0.00289863,62.4406,1,0.042147,321.837160
2016-11-08,0.00201448,72.6403,1,0.051752,244.540720,0.01102127,63.5428,0,0.000000,0.000000
2016-11-09,0.00279956,72.9202,1,0.020994,162.272940,-0.00862369,62.6804,1,0.036799,246.422159
2016-11-10,0.00420699,73.3409,1,0.046001,242.749950,0.03983471,66.6639,1,0.057869,362.165370
2016-11-11,-0.00111572,73.2294,1,0.050022,318.654240,0.00029425,66.6933,1,0.035435,262.025400
2016-11-14,0.00224451,73.4538,1,0.022799,161.731310,-0.00028766,66.6645,1,0.046766,320.174020
2016-11-15,0.00586176,74.0400,1,0.025564,182.917230,-0.01275903,65.3886,1,0.052123,302.844160
2016-11-16,0.01174247,75.2142,1,0.036913,182.049860,0.00287428,65.6760,1,0.061802,361.381560
2016-11-17,0.01795732,77.0100,1,0.037088,220.636440,0.01507992,67.1840,1,0.052948,301.076350
2016-11-18,-0.00369855,76.6401,1,0.032415,202.135900,-0.00313831,66.8702,1,0.044521,302.922420
2016-11-21,0.00266161,76.9063,1,0.026519,180.369320,0.00466579,67.3368,1,0.042311,319.508430
2016-11-22,0.01181904,78.0882,1,0.036036,201.955560,-0.02123814,65.2130,1,0.045854,282.116170
2016-11-23,0.00056241,78.1444,1,0.034729,220.801960,-0.00792720,64.4203,1,0.055300,340.188460
2016-11-25,0.00431852,78.5763,1,0.034398,200.625910,-0.00771360,63.6489,1,0.058030,360.860200
2016-11-28,0.00416360,78.9926,1,0.055320,221.258030,0.00614182,64.2631,1,0.067528,362.074370
2016-11-29,0.00324114,79.3167,1,0.048746,280.372400,-0.00182599,64.0805,1,0.046779,241.624230
2016-11-30,-0.00933134,78.3836,1,0.036744,240.717120,-0.01402694,62.6778,1,0.052234,320.697660
2016-12-01,0.00451544,78.8351,1,0.036366,180.741150,0.02465690,65.1435,1,0.053800,359.088280
2016-12-02,0.00014458,78.8496,1,0.048042,300.012350,-0.01974150,63.1693,1,0.039460,221.792710
2016-12-05,-0.00480204,78.3694,1,0.041594,261.420540,-0.00551258,62.6181,1,0.047878,380.681690
2016-12-06,-0.00777376,77.5920,1,0.036626,261.886490,0.00225684,62.8437,1,0.051386,321.647400
2016-12-07,0.00508200,78.1002,1,0.043130,261.177790,-0.00300045,62.5437,1,0.044655,321.569510
2016-12-08,-0.01544647,76.5556,1,0.042847,243.245430,0.01061496,63.6052,1,0.041334,341.586590
2016-12-09,0.00736134,77.2917,1,0.046626,240.739500,-0.01168432,62.4368,1,0.047402,302.532010
2016-12-12,0.00341484,77.6332,1,0.026666,181.492780,0.00080426,62.5172,1,0.053524,341.507210
2016-12-13,-0.00520637,77.1126,1,0.049177,279.925910,0.01478164,63.9954,1,0.053556,299.662370
2016-12-14,0.00440197,77.5528,1,0.031673,220.604280,-0.00021320,63.9740,1,0.035040,261.867180
2016-12-15,0.00576094,78.1288,1,0.028766,200.765310,-0.00162134,63.8119,0,0.000000,0.000000
2016-12-16,-0.01192223,76.9366,1,0.043243,261.455140,-0.00897484,62.9144,1,0.044744,359.198511
2016-12-19,-0.01081774,75.8549,1,0.046474,280.234260,0.00304359,63.2188,1,0.041371,359.864380
2016-12-20,-0.00425563,75.4293,1,0.039763,221.318120,-0.00720220,62.4986,1,0.040740,281.302950
2016-12-21,0.00330199,75.7595,1,0.039621,280.654600,0.00126905,62.6255,1,0.056915,360.441560
2016-12-22,0.00319382,76.0789,1,0.036068,221.083620,0.01005081,63.6305,1,0.035889,300.949060
2016-12-23,0.00091566,76.1704,1,0.051584,259.656410,-0.00458576,63.1720,1,0.041386,260.742070
2016-12-27,0.00292580,76.4630,1,0.037240,220.845170,-0.00042941,63.1290,1,0.055461,340.393410
2016-12-28,0.00256258,76.7193,1,0.039492,221.028840,-0.00462767,62.6663,1,0.039137,260.900420
2016-12-29,-0.00101681,76.6176,1,0.036371,200.408030,0.00210651,62.8769,0,0.000000,0.000000
2016-12-30,-0.00165017,76.4526,1,0.034997,200.964050,-0.00139668,62.7372,1,0.047118,299.101822
2017-01-03,0.00510085,76.9627,1,0.049095,299.337560,0.00128102,62.8653,1,0.041878,320.344650
2017-01-04,-0.00804027,76.1586,1,0.050417,261.333520,-0.00379710,62.4856,1,0.042100,281.586040
2017-01-05,-0.00816273,75.3424,1,0.033303,222.802670,0.00237667,62.7233,0,0.000000,0.000000
2017-01-06,-0.00031572,75.3108,1,0.034082,181.088330,0.00305931,63.0292,1,0.039009,321.822973
2017-01-09,0.00237601,75.5484,1,0.053949,280.495350,0.00346265,63.3755,1,0.040185,301.004160
2017-01-10,-0.00067845,75.4805,1,0.053625,319.819090,0.01533280,64.9088,1,0.032640,279.893350
2017-01-11,0.00348332,75.8289,1,0.028978,221.240940,-0.00566350,64.3424,1,0.039210,222.069580
2017-01-12,0.00189389,76.0183,1,0.022101,161.609490,-0.01006339,63.3361,1,0.056989,340.806060
2017-01-13,-0.00257982,75.7603,1,0.043182,260.161990,-0.01285531,62.0506,1,0.057331,340.477610
2017-01-17,0.00835970,76.5963,1,0.026110,181.454780,-0.01060415,60.9901,1,0.053595,361.128820
2017-01-18,-0.00456655,76.1396,1,0.046465,261.155840,-0.00965040,60.0251,1,0.053050,360.270540
2017-01-19,-0.00224452,75.9151,1,0.024902,220.598510,-0.00206918,59.8182,1,0.054748,380.602370
2017-01-20,-0.01858869,74.0563,1,0.040089,200.312570,0.00940240,60.7584,0,0.000000,0.000000
2017-01-23,-0.00973638,73.0826,1,0.014978,142.700100,0.00234769,60.9932,1,0.047561,321.196760
2017-01-24,0.00298158,73.3808,1,0.032492,160.519580,0.00864153,61.8573,1,0.042087,280.798670
2017-01-25,-0.01245859,72.1349,1,0.029589,162.466230,-0.00512152,61.3452,0,0.000000,0.000000
2017-01-26,0.00557556,72.6925,1,0.022774,162.324110,0.00674896,62.0201,1,0.051324,364.785697
2017-01-27,-0.01432764,71.2597,1,0.023634,160.563250,-0.00005886,62.0142,1,0.029366,260.671320
2017-01-30,-0.00080254,71.1795,1,0.038334,181.042690,0.00011165,62.0254,1,0.031465,300.483060
2017-01-31,0.00337588,71.5171,1,0.039492,160.652880,0.00051816,62.0772,1,0.038264,280.192910
2017-02-01,0.00194640,71.7117,1,0.033310,201.645900,-0.00586082,61.4911,1,0.041622,321.157760
2017-02-02,0.00741558,72.4533,1,0.042872,260.249770,-0.01919156,59.5719,1,0.050946,379.250600
2017-02-03,0.00936856,73.3901,1,0.055514,341.831370,-0.00328653,59.2433,1,0.054753,381.072110
2017-02-06,0.00554435,73.9446,1,0.042435,282.114770,0.00587348,59.8306,0,0.000000,0.000000
2017-02-07,-0.00182789,73.7618,1,0.042949,279.668230,0.00463049,60.2937,1,0.040551,281.882064
2017-02-08,0.00010303,73.7721,1,0.038737,199.894180,0.00144721,60.4384,1,0.044919,240.760360
2017-02-09,0.00237025,74.0091,1,0.034995,220.156500,-0.02111175,58.3272,1,0.045285,320.910900
2017-02-10,0.00183204,74.1923,1,0.046076,261.537140,-0.00130935,58.1963,1,0.050415,382.623210
2017-02-13,0.00605237,74.7975,1,0.051863,301.930300,0.00312980,58.5093,1,0.047500,341.936020
2017-02-14,-0.00008662,74.7889,1,0.043042,281.374200,-0.01201856,57.3074,1,0.046336,321.468540
2017-02-15,-0.00211115,74.5778,1,0.036995,261.664460,-0.00146200,57.1612,1,0.040610,341.463060
2017-02-16,0.00147369,74.7251,1,0.031201,201.331240,-0.01094696,56.0665,1,0.048946,321.166610
2017-02-17,0.00237722,74.9628,1,0.030128,220.402390,-0.00160882,55.9056,1,0.051062,339.217070
2017-02-21,0.00596223,75.5591,1,0.027547,200.997430,-0.00067337,55.8383,1,0.044877,320.231900
2017-02-22,0.00795875,76.3549,1,0.045605,261.490790,-0.00247938,55.5904,0,0.000000,0.000000
2017-02-23,-0.00698691,75.6563,1,0.051771,279.683540,0.02130758,57.7211,1,0.042422,339.577298
2017-02-24,-0.01129703,74.5266,1,0.063013,281.112020,-0.01350763,56.3704,1,0.025423,202.822960
2017-02-27,-0.00490547,74.0360,1,0.032277,262.974150,-0.01229270,55.1411,1,0.044650,283.751140
2017-02-28,0.00621415,74.6574,1,0.041545,240.357790,-0.01826359,53.3147,1,0.048279,380.294780
2017-03-01,0.00005102,74.6625,1,0.042478,260.265640,-0.00411266,52.9035,1,0.042416,379.743700
2017-03-02,0.00423349,75.0859,1,0.035751,222.205780,-0.01305620,51.5979,1,0.043590,322.058950
2017-03-03,-0.00270322,74.8155,1,0.032292,239.588140,-0.00577054,51.0208,1,0.043784,340.059170
2017-03-06,-0.00407680,74.4079,1,0.030970,260.902770,0.00037419,51.0582,1,0.047311,320.441550
2017-03-07,-0.00371553,74.0363,1,0.043833,239.603590,0.00015536,51.0738,1,0.038264,279.850650
2017-03-08,0.00113019,74.1493,1,0.040411,239.751620,0.00058622,51.1324,1,0.038008,259.920720
2017-03-09,0.00286545,74.4359,1,0.048955,280.124070,0.00455280,51.5877,1,0.043190,319.949790
2017-03-10,-0.00422019,74.0139,1,0.028539,220.624880,0.00215780,51.8034,1,0.044550,300.733890
2017-03-13,-0.00105506,73.9084,1,0.030786,220.817940,0.00056273,51.8597,1,0.046157,321.093150
2017-03-14,0.00240379,74.1487,1,0.047821,300.608400,0.00357891,52.2176,1,0.046939,280.872350
2017-03-15,-0.00472919,73.6758,1,0.025939,160.434140,0.00180167,52.3978,1,0.030703,300.227670
2017-03-16,0.00613135,74.2889,1,0.033845,222.463700,-0.01104712,51.2931,0,0.000000,0.000000
2017-03-17,-0.00386656,73.9023,1,0.030306,200.624380,-0.01142467,50.1506,1,0.050947,401.715397
2017-03-20,0.00039477,73.9418,1,0.037263,241.458770,0.00366951,50.5175,1,0.037959,340.433940
2017-03-21,-0.00182284,73.7595,1,0.046714,259.756360,-0.01028931,49.4886,1,0.033101,259.691330
2017-03-22,0.00328693,74.0882,1,0.029487,140.456650,-0.00184356,49.3042,1,0.057446,377.918550
2017-03-23,0.00171403,74.2596,1,0.040167,281.069180,-0.00202946,49.1013,1,0.042556,301.172210
2017-03-24,-0.00152865,74.1067,1,0.047695,280.454150,-0.00041329,49.0600,1,0.041579,360.362110
2017-03-27,-0.00668914,73.4378,1,0.038864,260.510990,0.00520672,49.5806,1,0.048878,360.021270
2017-03-28,-0.00539570,72.8982,1,0.045060,280.436550,0.00902304,50.4830,1,0.034766,241.181110
2017-03-29,-0.00507006,72.3912,1,0.046686,261.021690,0.00552905,51.0359,0,0.000000,0.000000
2017-03-30,0.00830343,73.2216,1,0.036747,280.651900,-0.00766494,50.2694,1,0.040804,301.121189
2017-03-31,0.00476618,73.6982,1,0.034572,220.957390,-0.00572208,49.6972,1,0.038908,321.365070
2017-04-03,0.00037077,73.7353,1,0.036753,180.923790,-0.00231009,49.4661,1,0.039869,320.584860
2017-04-04,-0.00325704,73.4096,1,0.035464,259.922150,-0.00243591,49.2226,1,0.045881,279.362440
2017-04-05,-0.00366942,73.0426,1,0.048302,260.515840,0.00659997,49.8826,1,0.059533,340.466150
2017-04-06,0.00449319,73.4919,1,0.051051,239.689060,-0.01020087,48.8625,1,0.041627,300.218370
2017-04-07,-0.00098641,73.3933,1,0.033291,222.353670,-0.00037800,48.8247,1,0.058420,380.816340
2017-04-10,-0.00063382,73.3299,1,0.043092,240.020710,-0.00434758,48.3899,1,0.047568,319.993420
2017-04-11,0.00310539,73.6405,1,0.034941,200.226350,-0.00669380,47.7205,1,0.051880,320.547930
2017-04-12,0.00357202,73.9977,1,0.024598,160.972000,0.00652003,48.3725,1,0.049577,300.800520
2017-04-13,-0.00005851,73.9918,1,0.028661,239.537400,0.00865018,49.2375,1,0.045572,300.054740
2017-04-17,-0.00364266,73.6275,1,0.038366,259.314790,-0.00500117,48.7374,0,0.000000,0.000000
2017-04-18,-0.00236925,73.3906,1,0.028065,181.906040,0.00559902,49.2973,0,0.000000,0.000000
2017-04-19,-0.00697851,72.6928,1,0.033231,261.070260,0.00597168,49.8945,1,0.043222,341.084639
2017-04-20,0.00631262,73.3240,1,0.034528,279.904000,0.01659623,51.5541,1,0.033587,241.253890
2017-04-21,0.00598363,73.9224,1,0.045217,282.433770,0.00091310,51.6454,1,0.028800,262.308490
2017-04-24,-0.00439337,73.4831,1,0.033417,240.544320,-0.00949018,50.6964,1,0.037508,300.863850
2017-04-25,-0.00230635,73.2524,1,0.030505,242.986860,-0.00355105,50.3413,0,0.000000,0.000000
2017-04-26,-0.00969355,72.2831,1,0.038965,300.366950,0.01047374,51.3887,1,0.059186,383.060791
2017-04-27,-0.01314470,70.9686,1,0.045680,260.384210,0.00760893,52.1496,1,0.041917,261.599800
2017-04-28,0.00683348,71.6519,1,0.023402,201.229730,-0.01545285,50.6043,1,0.049125,281.465390
2017-05-01,-0.00661699,70.9902,1,0.027259,181.148230,0.00247642,50.8519,1,0.053098,399.056460
2017-05-02,0.00077681,71.0679,1,0.019969,180.495380,0.00313490,51.1654,1,0.059410,320.484740
2017-05-03,0.01087306,72.1552,1,0.029674,220.751410,0.01317640,52.4831,1,0.046770,340.852160
2017-05-04,-0.00958859,71.1964,1,0.035189,260.514680,0.01017812,53.5009,1,0.027468,241.923710
2017-05-05,0.00024239,71.2206,1,0.032811,221.313050,-0.01109572,52.3913,1,0.047692,261.711660
2017-05-08,-0.00131943,71.0887,1,0.030983,201.232190,-0.00352360,52.0389,1,0.056320,341.662480
2017-05-09,-0.00120785,70.9679,1,0.036585,279.597400,0.00251834,52.2908,1,0.054846,359.482120
2017-05-10,0.01544999,72.5129,1,0.044001,260.582040,-0.00436725,51.8541,1,0.047885,341.118960
2017-05-11,-0.00006069,72.5068,1,0.024809,261.020320,-0.00145650,51.7084,1,0.044610,360.714500
2017-05-12,0.00040379,72.5472,1,0.032581,200.531780,0.00274926,51.9833,1,0.033774,279.918680
2017-05-15,-0.00333627,72.2136,1,0.021057,161.038060,-0.00273900,51.7094,1,0.045490,299.864700
2017-05-16,-0.00670825,71.5427,1,0.036585,221.852750,-0.00580024,51.1294,0,0.000000,0.000000
2017-05-17,0.01268179,72.8109,1,0.050161,300.511580,-0.03348366,47.7810,1,0.045316,360.890155
2017-05-18,-0.00573135,72.2378,1,0.041815,259.716480,0.00206411,47.9874,0,0.000000,0.000000
2017-05-19,0.00345771,72.5836,1,0.043999,241.266440,-0.01044846,46.9426,1,0.048186,318.712855
2017-05-22,0.00111964,72.6955,1,0.038596,242.185390,0.00583414,47.5260,0,0.000000,0.000000
2017-05-23,-0.00857282,71.8382,1,0.033012,201.099100,0.00791412,48.3174,0,0.000000,0.000000
2017-05-24,-0.01136656,70.7016,1,0.027396,201.370330,0.00278595,48.5960,1,0.042175,304.530539
2017-05-25,0.01662765,72.3643,1,0.027155,241.100520,-0.01860861,46.7352,1,0.037241,302.003690
2017-05-26,-0.00326922,72.0374,1,0.021652,183.750480,-0.00603832,46.1313,1,0.036572,303.313180
2017-05-30,0.00370041,72.4075,1,0.028069,200.456130,0.00102616,46.2339,1,0.040594,340.196160
2017-05-31,-0.00190850,72.2166,1,0.030310,240.168010,0.00892529,47.1265,1,0.041701,320.385790
2017-06-01,0.00891617,73.1082,1,0.029423,220.343480,-0.01073046,46.0534,1,0.030696,221.469930
2017-06-02,-0.00328658,72.7796,1,0.034328,222.765160,-0.00024616,46.0288,0,0.000000,0.000000
2017-06-05,-0.00264118,72.5155,1,0.031958,200.975470,-0.00312406,45.7164,1,0.046536,303.853201
2017-06-06,0.00085826,72.6013,1,0.023704,240.438500,-0.00093801,45.6226,1,0.053321,359.582470
2017-06-07,-0.00218675,72.3826,1,0.027425,180.416950,-0.00267766,45.3548,1,0.048516,320.580140
2017-06-08,0.00202318,72.5849,1,0.027252,221.536850,0.00886273,46.2411,1,0.040787,281.209650
2017-06-09,-0.00219332,72.3656,1,0.028732,180.887050,0.00125937,46.3671,1,0.037513,281.349200
2017-06-12,0.00124256,72.4898,1,0.039564,221.493080,0.01470782,47.8378,1,0.042088,321.446230
2017-06-13,-0.00319860,72.1700,1,0.047440,260.581920,-0.00636375,47.2015,1,0.042855,221.539230
2017-06-14,0.00769119,72.9391,1,0.030971,241.507640,0.00111595,47.3131,1,0.043975,321.724080
2017-06-15,0.00185664,73.1248,1,0.033846,240.049690,0.00604948,47.9180,1,0.040912,320.283350
2017-06-16,0.01244482,74.3693,1,0.025968,181.215050,0.00311464,48.2295,1,0.040026,261.267740
2017-06-19,0.00306423,74.6757,1,0.033217,240.808570,-0.00457130,47.7723,1,0.032010,302.325590
2017-06-20,-0.00478912,74.1968,1,0.048902,261.469880,0.00492497,48.2648,1,0.041023,361.169740
2017-06-21,-0.00385866,73.8109,1,0.036056,260.371430,0.00342114,48.6069,1,0.037736,300.275700
2017-06-22,0.00714353,74.5253,1,0.032417,240.696270,0.00518580,49.1255,1,0.037570,260.668830
2017-06-23,0.00804442,75.3297,1,0.037208,240.757630,0.00569234,49.6948,1,0.033426,261.190450
2017-06-26,0.00827949,76.1576,1,0.033491,241.646910,-0.01650124,48.0446,1,0.030764,281.450880
2017-06-27,-0.00506999,75.6506,1,0.053949,281.000820,0.00932640,48.9773,1,0.045540,360.707300
2017-06-28,-0.00771563,74.8791,1,0.040353,200.733030,0.00842666,49.8199,1,0.045004,259.999220
2017-06-29,-0.00751580,74.1275,1,0.008350,102.184110,0.00106788,49.9267,1,0.040942,282.726790
2017-06-30,0.00132305,74.2598,1,0.034565,278.695550,0.00617364,50.5441,1,0.043326,338.703450
2017-07-03,-0.00600422,73.6594,1,0.044812,280.826610,0.00422962,50.9671,1,0.043588,301.089070
2017-07-05,-0.00242741,73.4166,1,0.045121,241.023750,-0.02291587,48.6755,1,0.061547,321.067810
2017-07-06,-0.00033502,73.3831,1,0.035892,220.417300,0.00608983,49.2845,1,0.044867,380.330720
2017-07-07,-0.00511919,72.8712,1,0.028679,239.679830,0.00932654,50.2171,0,0.000000,0.000000
2017-07-10,0.00496809,73.3680,1,0.032291,221.739600,0.01342735,51.5598,0,0.000000,0.000000
2017-07-11,0.00559220,73.9273,1,0.026740,200.121980,-0.00111865,51.4480,1,0.026385,203.028988
2017-07-12,0.02873740,76.8010,1,0.029560,200.845100,0.03164705,54.6127,1,0.041535,320.069720
2017-07-13,0.00538701,77.3397,1,0.029949,184.424760,0.00201232,54.8139,0,0.000000,0.000000
2017-07-14,0.00317599,77.6573,1,0.034321,280.787150,0.00573074,55.3870,1,0.042206,325.664658
2017-07-17,0.00488631,78.1459,1,0.043859,281.817740,-0.00470182,54.9168,1,0.040382,301.861220
2017-07-18,-0.00084863,78.0611,1,0.034283,240.887230,-0.00829369,54.0874,1,0.051609,340.340920
2017-07-19,-0.00735867,77.3252,1,0.033097,180.521840,0.01170645,55.2581,1,0.037205,340.399720
2017-07-20,0.01809662,79.1349,1,0.036168,261.928950,0.00458945,55.7170,0,0.000000,0.000000
2017-07-21,-0.00739342,78.3955,1,0.030122,261.145970,0.00204549,55.9216,1,0.033031,222.830675
2017-07-24,0.00201170,78.5967,1,0.027660,240.809060,-0.00815615,55.1060,1,0.034765,300.799120
2017-07-25,-0.01268551,77.3281,1,0.039301,240.415110,-0.00222523,54.8834,1,0.035473,319.435910
2017-07-26,-0.00181367,77.1468,1,0.045687,261.426090,0.00052312,54.9358,1,0.039618,321.520690
2017-07-27,-0.00109496,77.0373,1,0.038986,280.856820,-0.00997693,53.9381,1,0.045893,340.717850
2017-07-28,-0.00643485,76.3938,1,0.025015,221.194230,-0.01411883,52.5262,1,0.044753,339.721080
2017-07-31,-0.00078370,76.3154,1,0.053070,239.720830,-0.00310202,52.2160,1,0.064842,299.286330
2017-08-01,-0.00438808,75.8766,1,0.026118,220.439560,0.00568834,52.7848,1,0.029746,299.988520
2017-08-02,0.00269485,76.1461,1,0.053525,279.809990,0.00550236,53.3350,1,0.044954,280.940520
2017-08-03,0.00756097,76.9022,1,0.029523,259.985370,0.00401985,53.7370,1,0.040955,300.735270
2017-08-04,0.00631891,77.5341,1,0.038959,222.182120,-0.00765632,52.9714,1,0.043602,280.318740
2017-08-07,-0.00330517,77.2036,1,0.038947,221.123510,-0.00069493,52.9019,1,0.055243,360.457190
2017-08-08,-0.00239975,76.9636,1,0.030865,200.827930,-0.00427375,52.4745,1,0.038425,280.825250
2017-08-09,-0.00389921,76.5737,1,0.040871,239.749670,0.00803007,53.2775,1,0.044203,299.642270
2017-08-10,-0.00024629,76.5490,1,0.034289,240.999530,0.01388128,54.6657,1,0.030612,281.318850
2017-08-11,-0.00132344,76.4167,1,0.020684,180.786680,-0.00911268,53.7544,1,0.036398,279.623540
2017-08-14,-0.00065109,76.3516,1,0.032669,260.459760,0.00317710,54.0721,1,0.043620,340.716230
2017-08-15,-0.00576384,75.7752,1,0.027914,222.611760,-0.00145627,53.9265,0,0.000000,0.000000
2017-08-16,0.00062880,75.8381,1,0.025290,239.626670,-0.00424803,53.5017,1,0.043373,362.289708
2017-08-17,0.00471074,76.3092,1,0.027446,261.638770,0.00359020,53.8607,1,0.047530,381.066690
2017-08-18,0.00470516,76.7797,1,0.040534,279.494640,-0.00114023,53.7467,0,0.000000,0.000000
2017-08-21,-0.00557596,76.2221,1,0.044756,260.429650,-0.00635435,53.1112,1,0.038195,317.891042
2017-08-22,0.00382864,76.6049,1,0.044736,240.836260,-0.00253589,52.8576,1,0.035689,340.654380
2017-08-23,-0.00246772,76.3582,1,0.018232,181.707520,-0.00618173,52.2395,1,0.039893,341.598660
2017-08-24,-0.00211341,76.1468,1,0.024341,240.070560,-0.00504210,51.7353,1,0.038810,359.762620
2017-08-25,0.00319534,76.4664,1,0.029276,260.655120,0.00603837,52.3391,1,0.040993,360.124200
2017-08-28,0.00080701,76.5471,1,0.022299,201.309930,-0.00634997,51.7041,1,0.036247,281.211710
2017-08-29,0.00249867,76.7969,1,0.035713,220.031140,-0.00883134,50.8210,1,0.046754,360.103370
2017-08-30,0.00950865,77.7478,1,0.039715,280.232020,0.00135732,50.9567,1,0.048818,299.200560
2017-08-31,0.00260314,78.0081,1,0.033756,221.220380,0.00123863,51.0806,1,0.050817,321.459330
2017-09-01,0.00366741,78.3748,1,0.015619,121.577970,-0.00493686,50.5869,1,0.043476,301.026000
2017-09-05,0.00093473,78.4683,1,0.030747,261.400360,-0.00017755,50.5691,1,0.045815,340.530670
2017-09-06,0.00250344,78.7187,1,0.028446,219.919560,-0.00057764,50.5114,1,0.041744,319.739600
2017-09-07,-0.00785284,77.9334,1,0.034584,260.715450,-0.00602705,49.9087,1,0.039115,320.423080
2017-09-08,0.00586517,78.5199,1,0.031283,240.118920,-0.02192121,47.7165,1,0.048071,360.608390
2017-09-11,0.00521391,79.0413,1,0.029579,220.482940,0.01380386,49.0969,1,0.054784,379.590910
2017-09-12,-0.00664315,78.3770,1,0.032875,223.048050,-0.00525088,48.5718,0,0.000000,0.000000
2017-09-13,0.00867386,79.2444,1,0.033474,261.269320,-0.00382472,48.1894,1,0.053312,382.012768
2017-09-14,0.00069404,79.3138,1,0.022736,202.253600,0.01225784,49.4151,1,0.037186,298.429360
2017-09-15,0.00740964,80.0547,1,0.028086,240.123280,0.01032378,50.4475,1,0.039702,281.415590
2017-09-18,-0.00472052,79.5827,1,0.030512,259.845610,-0.00990158,49.4574,1,0.029768,261.681360
2017-09-19,-0.00255590,79.3271,1,0.026950,240.319160,0.00953222,50.4106,1,0.035738,320.996470
2017-09-20,-0.00321730,79.0054,1,0.028500,240.922340,-0.00296665,50.1139,1,0.036125,281.610040
2017-09-21,0.00339448,79.3448,1,0.024562,240.734810,0.00312006,50.4259,1,0.038224,341.034960
2017-09-22,-0.00255170,79.0896,1,0.018940,180.648490,0.00916739,51.3427,1,0.028511,280.277090
2017-09-25,0.00669102,79.7587,1,0.022898,200.705290,-0.00840367,50.5023,1,0.034237,301.998750
2017-09-26,0.00053144,79.8119,1,0.039166,300.715000,0.00015565,50.5179,1,0.037545,340.342030
2017-09-27,-0.00245685,79.5662,1,0.036945,281.595410,0.01122158,51.6400,1,0.037572,301.390330
2017-09-28,-0.00007018,79.5592,1,0.034238,301.885180,-0.00468322,51.1717,1,0.022672,222.534610
2017-09-29,-0.00125866,79.4333,1,0.036666,260.059900,-0.00477420,50.6943,1,0.048020,340.488330
2017-10-02,0.00768340,80.2016,1,0.035440,241.094500,-0.01183218,49.5111,1,0.039538,340.838660
2017-10-03,-0.00303914,79.8977,1,0.039424,280.744740,0.00169056,49.6801,1,0.056614,400.738320
2017-10-04,0.00469702,80.3674,1,0.022198,200.791210,-0.00720261,48.9599,1,0.030051,281.281410
2017-10-05,0.00143469,80.5109,1,0.021171,181.279820,0.00160544,49.1204,1,0.040636,341.687630
2017-10-06,0.00203530,80.7144,1,0.026610,220.938880,0.00562322,49.6827,1,0.032408,281.196060
2017-10-09,0.00391635,81.1061,1,0.041035,300.095340,0.00033136,49.7159,1,0.034334,300.792810
2017-10-10,-0.00245234,80.8608,1,0.037034,260.102310,0.00106407,49.8223,1,0.036103,320.211150
2017-10-11,-0.00080082,80.7808,1,0.038582,240.225340,-0.00216386,49.6059,1,0.038436,321.198070
2017-10-12,-0.00612844,80.1679,1,0.018544,181.029520,0.00233567,49.8394,1,0.038403,340.838970
2017-10-13,0.00200888,80.3688,1,0.015202,160.959140,-0.00054924,49.7845,1,0.035474,320.664810
2017-10-16,-0.00109483,80.2593,1,0.026453,182.123330,0.00598995,50.3835,1,0.033725,321.027110
2017-10-17,0.00912531,81.1718,1,0.040069,260.214650,-0.00652926,49.7306,1,0.037726,300.943520
2017-10-18,-0.00051690,81.1202,1,0.033620,220.196160,-0.00916005,48.8146,1,0.037025,280.309420
2017-10-19,-0.01032300,80.0879,1,0.049040,260.761030,0.00232984,49.0476,1,0.048086,400.965380
2017-10-20,-0.00487267,79.6006,1,0.042057,241.246680,0.00621663,49.6692,1,0.039407,321.228990
2017-10-23,0.00026478,79.6271,1,0.026682,201.501390,-0.01237343,48.4319,1,0.041053,282.127710
2017-10-24,-0.00946223,78.6808,1,0.021273,180.020080,-0.01262291,47.1696,1,0.047341,338.948210
2017-10-25,-0.00902396,77.7784,1,0.027406,201.249910,-0.00005009,47.1646,1,0.042609,341.450050
2017-10-26,-0.00880865,76.8976,1,0.037495,240.054910,-0.01816292,45.3483,1,0.042712,319.484340
2017-10-27,0.00864577,77.7622,1,0.043043,281.516230,0.02996878,48.3452,1,0.031422,322.932860
2017-10-30,0.00299493,78.0617,1,0.035257,203.601720,-0.00738090,47.6071,1,0.027680,264.468020
2017-10-31,0.00048415,78.1101,1,0.035585,279.820470,-0.00182112,47.4250,1,0.043502,339.560950
2017-11-01,0.00077108,78.1872,1,0.030682,241.982380,-0.01148984,46.2760,1,0.036374,303.165010
2017-11-02,0.00456235,78.6434,1,0.052325,319.535510,0.00491041,46.7670,1,0.049679,339.397890
2017-11-03,0.00119984,78.7634,1,0.042326,261.888820,0.00736252,47.5033,1,0.032088,281.758640
2017-11-06,-0.00215135,78.5483,1,0.024965,220.477990,-0.00576942,46.9263,1,0.037492,301.788320
2017-11-07,0.00569511,79.1178,1,0.039489,281.640570,-0.00029459,46.8969,1,0.029299,279.948450
2017-11-08,-0.01622086,77.4957,1,0.028716,239.771700,-0.00088671,46.8082,1,0.028011,300.981760
2017-11-09,0.01148757,78.6444,1,0.035733,282.339410,-0.00656173,46.1520,1,0.027723,301.261680
2017-11-10,-0.00861400,77.7830,1,0.028320,201.980290,-0.00428453,45.7236,1,0.037813,359.573350
2017-11-13,-0.00898472,76.8846,1,0.023482,260.522860,0.00183912,45.9075,1,0.037578,359.706660
2017-11-14,0.00272070,77.1566,1,0.022520,221.697890,0.00042584,45.9501,1,0.025696,302.225710
2017-11-15,-0.00424127,76.7325,1,0.022227,240.639450,0.00494743,46.4448,1,0.034647,320.572840
2017-11-16,0.00159893,76.8924,1,0.034387,259.760680,-0.00678680,45.7661,1,0.030170,299.748690
2017-11-17,0.00587281,77.4797,1,0.026339,201.512640,-0.00012209,45.7539,1,0.031499,322.242550
2017-11-20,0.00574540,78.0542,1,0.016430,161.044800,0.00435480,46.1894,1,0.039160,340.621650
2017-11-21,0.00181943,78.2362,1,0.030807,280.710970,0.00752393,46.9418,1,0.029487,260.947360
2017-11-22,0.00389460,78.6256,1,0.032440,261.431950,-0.00456437,46.4854,1,0.026827,281.206800
2017-11-24,-0.00698129,77.9275,1,0.033979,320.274380,-0.00266251,46.2191,1,0.043951,299.649230
2017-11-27,0.00235594,78.1631,1,0.039836,220.679310,-0.00886246,45.3329,1,0.058116,320.632600
2017-11-28,0.00128529,78.2916,1,0.046171,240.192890,0.00387677,45.7205,1,0.040083,359.853610
2017-11-29,-0.00688693,77.6029,1,0.034423,203.008720,0.00309080,46.0296,1,0.044660,362.208720
2017-11-30,0.00098396,77.7013,1,0.015634,161.008150,0.00296905,46.3265,1,0.032155,302.609980
2017-12-01,0.00106453,77.8078,1,0.038437,261.125130,-0.00297071,46.0295,1,0.038751,301.452680
2017-12-04,-0.00215859,77.5919,1,0.032349,319.617090,0.01158016,47.1875,1,0.042304,319.787760
2017-12-05,-0.00060330,77.5316,1,0.025400,221.558170,-0.00591713,46.5958,1,0.030213,282.023240
2017-12-06,-0.00151316,77.3803,1,0.020146,200.218790,-0.00205094,46.3907,1,0.034714,319.560580
2017-12-07,0.00190562,77.5708,1,0.031358,279.491950,0.00527931,46.9186,1,0.035459,320.321200
2017-12-08,0.00134731,77.7056,1,0.040509,301.638360,-0.00184082,46.7345,1,0.041832,301.742810
2017-12-11,0.00488318,78.1939,1,0.040362,300.779420,0.00275066,47.0096,1,0.043984,301.224030
2017-12-12,0.00151865,78.3457,1,0.030705,280.399200,-0.00048232,46.9614,1,0.038802,320.602730
2017-12-13,0.00423847,78.7696,1,0.029363,280.525790,0.00090369,47.0517,1,0.043861,359.846850
2017-12-14,0.00647774,79.4174,1,0.039726,340.462650,0.00005637,47.0574,1,0.037263,320.411870
2017-12-15,0.00251634,79.6690,1,0.029586,260.004660,-0.00235414,46.8219,1,0.035024,279.867700
2017-12-18,-0.01169754,78.4993,1,0.031664,262.004540,-0.01029816,45.7921,0,0.000000,0.000000
2017-12-19,0.01450848,79.9501,1,0.033902,261.339850,0.00723298,46.5154,1,0.039782,362.964177
2017-12-20,-0.00754075,79.1960,1,0.031785,221.559110,0.00257565,46.7730,1,0.025135,260.503080
2017-12-21,-0.00279127,78.9169,1,0.023987,200.888810,0.00109115,46.8821,1,0.030355,280.985980
2017-12-22,0.00732584,79.6495,1,0.024336,221.012820,-0.00389151,46.4930,1,0.041241,321.238090
2017-12-26,-0.00482290,79.1672,1,0.040780,299.940500,-0.00144765,46.3482,1,0.038845,321.055370
2017-12-27,-0.00497961,78.6692,1,0.024481,220.229990,-0.00407220,45.9410,1,0.033200,319.720880
2017-12-28,0.00255886,78.9251,1,0.022434,201.239400,-0.00326376,45.6146,1,0.043266,360.514540
2017-12-29,-0.00145837,78.7793,1,0.031967,261.145360,0.00444055,46.0587,1,0.033915,320.710510
2018-01-02,0.00074454,78.8537,1,0.035226,299.769390,-0.00837001,45.2217,1,0.031881,299.600390
2018-01-03,-0.00176724,78.6770,1,0.037704,242.063980,0.00253667,45.4753,1,0.040933,343.281800
2018-01-04,-0.00401996,78.2750,1,0.029136,240.396160,0.00977940,46.4533,1,0.039940,320.588060
2018-01-05,0.00000502,78.2755,1,0.029978,241.364640,0.00266578,46.7198,1,0.035982,301.383060
2018-01-08,-0.00542365,77.7331,1,0.037595,321.252800,0.00162078,46.8819,1,0.041142,321.464680
2018-01-09,-0.00028406,77.7047,1,0.025376,220.649690,-0.00986406,45.8955,1,0.035516,261.192120
2018-01-10,0.00877140,78.5819,1,0.023880,200.684330,0.01419493,47.3150,1,0.038367,379.544050
2018-01-11,-0.00036678,78.5452,1,0.021328,239.606400,0.00915069,48.2301,1,0.025601,220.964660
2018-01-12,-0.00269133,78.2761,1,0.024853,201.707470,0.01872340,50.1024,1,0.027620,262.856110
2018-01-16,0.00211855,78.4879,1,0.030415,260.636940,-0.01016090,49.0863,1,0.026850,201.898040
2018-01-17,0.00276655,78.7646,1,0.025975,239.947270,0.00107403,49.1937,1,0.046917,379.179280
2018-01-18,0.00064080,78.8287,1,0.025670,201.234270,-0.00703896,48.4898,0,0.000000,0.000000
2018-01-19,-0.00945030,77.8836,1,0.033870,239.810710,0.00166818,48.6566,1,0.040692,341.670795
2018-01-22,-0.00173907,77.7097,1,0.047997,321.006020,-0.00614447,48.0422,1,0.041437,322.560190
2018-01-23,0.00880329,78.5901,1,0.036041,240.341370,-0.00201536,47.8407,1,0.032956,261.754270
2018-01-24,-0.00360388,78.2297,1,0.019468,162.136410,-0.00363495,47.4772,1,0.032175,261.570200
2018-01-25,0.00142980,78.3726,1,0.030710,220.613640,-0.00230329,47.2468,1,0.027329,300.264360
2018-01-26,-0.01526563,76.8461,1,0.027163,221.704350,-0.01903421,45.3434,1,0.039351,360.970340
2018-01-29,-0.01250263,75.5958,1,0.023833,242.071100,0.00485400,45.8288,1,0.051350,382.328130
2018-01-30,-0.00375287,75.2205,1,0.030277,259.772270,-0.00532725,45.2961,1,0.037485,319.412910
2018-01-31,0.00022979,75.2435,1,0.023031,180.747790,0.01049286,46.3454,1,0.038684,358.936440
2018-02-01,-0.01135389,74.1081,1,0.031919,221.195030,-0.01825597,44.5198,1,0.041077,301.152110
2018-02-02,-0.00789701,73.3184,1,0.025271,202.674290,-0.02545622,41.9742,1,0.046992,359.189880
2018-02-05,0.00838709,74.1571,1,0.041461,297.546250,-0.01133826,40.8403,0,0.000000,0.000000
2018-02-06,0.00051337,74.2085,1,0.032773,219.645150,0.02057406,42.8977,0,0.000000,0.000000
2018-02-07,0.01560348,75.7688,1,0.041092,261.774350,0.00224105,43.1218,1,0.034755,257.021100
2018-02-08,0.01405044,77.1739,1,0.045726,320.698340,-0.00771961,42.3499,1,0.042121,340.356020
2018-02-09,-0.00286189,76.8877,1,0.046039,295.669290,-0.00898062,41.4518,0,0.000000,0.000000
2018-02-12,-0.01647026,75.2406,1,0.032416,244.363510,-0.00164548,41.2873,0,0.000000,0.000000
2018-02-13,0.00391265,75.6319,1,0.026795,221.864890,-0.00368033,40.9192,1,0.049203,338.112043
2018-02-14,0.00927713,76.5596,1,0.043717,300.305860,-0.00014906,40.9043,1,0.048006,360.262130
2018-02-15,-0.00233601,76.3260,1,0.034651,242.005510,-0.01288719,39.6156,1,0.038099,323.565700
2018-02-16,-0.00250801,76.0752,1,0.026831,242.754730,0.00962387,40.5780,1,0.046263,383.241040
2018-02-20,0.00360746,76.4360,1,0.026824,220.375330,-0.01378350,39.1997,1,0.029610,261.258130
2018-02-21,0.00612455,77.0484,1,0.033875,260.873650,0.00681154,39.8808,1,0.050516,378.999080
2018-02-22,-0.00138581,76.9098,1,0.023861,180.206550,-0.01336253,38.5446,1,0.048483,319.666190
2018-02-23,0.00793114,77.7030,1,0.036836,260.660540,-0.00741323,37.8032,1,0.045253,380.409750
2018-02-26,0.01131381,78.8343,1,0.038559,263.533710,0.00095587,37.8988,0,0.000000,0.000000
2018-02-27,0.00312144,79.1465,1,0.026416,182.052100,0.00559132,38.4580,1,0.033758,323.632378
2018-02-28,-0.02468802,76.6777,1,0.025192,200.084760,-0.02166782,36.2912,0,0.000000,0.000000
2018-03-01,0.00077012,76.7547,1,0.023968,203.192690,-0.03073834,33.2173,0,0.000000,0.000000
2018-03-02,-0.00419152,76.3355,1,0.026482,180.713660,-0.01446524,31.7708,1,0.063774,379.435150
2018-03-05,0.00625656,76.9612,1,0.035224,242.708810,0.00363065,32.1339,1,0.042835,342.107090
2018-03-06,0.00685645,77.6468,1,0.033835,242.354420,0.00017294,32.1512,0,0.000000,0.000000
2018-03-07,-0.00992997,76.6538,1,0.041447,301.994480,-0.00073449,32.0777,1,0.044749,344.364677
2018-03-08,0.00266164,76.9200,1,0.025386,240.092670,-0.00098443,31.9793,1,0.026403,239.398380
2018-03-09,0.00845475,77.7655,1,0.037855,281.291410,0.00878643,32.8579,1,0.044657,300.610280
2018-03-12,-0.00356950,77.4085,1,0.031860,203.375310,0.01190997,34.0489,0,0.000000,0.000000
2018-03-13,-0.00332385,77.0761,1,0.032795,279.729270,0.00025913,34.0748,1,0.030117,243.748688
2018-03-14,-0.00705412,76.3707,1,0.024762,199.966350,0.00777200,34.8520,1,0.039960,339.496630
2018-03-15,0.00261203,76.6319,1,0.025197,259.737390,0.00553459,35.4055,1,0.030991,300.336840
2018-03-16,-0.00344327,76.2876,1,0.023717,219.777820,0.00405168,35.8107,1,0.028382,300.800810
2018-03-19,-0.00740409,75.5472,1,0.025059,180.928950,0.00514812,36.3255,1,0.029588,261.185770
2018-03-20,0.00144375,75.6916,1,0.027695,279.308650,0.00190354,36.5158,0,0.000000,0.000000
2018-03-21,0.00132141,75.8237,1,0.035939,220.917990,-0.00257772,36.2581,1,0.034852,299.930127
2018-03-22,0.00510950,76.3347,1,0.046270,339.613580,-0.00562800,35.6953,1,0.038280,340.124440
2018-03-23,0.00343463,76.6781,1,0.040997,337.561180,0.01667676,37.3629,1,0.044234,357.076820
2018-03-26,-0.00296157,76.3820,1,0.038437,279.174160,-0.02485674,34.8773,0,0.000000,0.000000
2018-03-27,-0.00369417,76.0126,1,0.038737,265.244260,0.03233759,38.1110,0,0.000000,0.000000
2018-03-28,0.00713767,76.7263,1,0.040743,299.427900,0.01314667,39.4257,1,0.021193,161.152266
2018-03-29,-0.00422731,76.3036,1,0.028811,241.381370,-0.01567464,37.8582,1,0.032434,281.528360
2018-04-02,-0.01181088,75.1225,1,0.019738,202.697100,-0.00927026,36.9312,1,0.047856,382.334070
2018-04-03,0.00324719,75.4472,1,0.059281,317.147690,0.01507461,38.4387,0,0.000000,0.000000
2018-04-04,0.00535661,75.9829,1,0.034579,242.774240,0.00127215,38.5659,0,0.000000,0.000000
2018-04-05,-0.00492836,75.4900,1,0.023036,201.667240,0.00254460,38.8203,0,0.000000,0.000000
2018-04-06,-0.01714557,73.7755,1,0.025647,241.149580,-0.00098032,38.7223,1,0.031152,282.936105
2018-04-09,0.00563654,74.3391,1,0.045326,337.608990,0.00674995,39.3973,0,0.000000,0.000000
2018-04-10,0.00653776,74.9929,1,0.040944,300.359720,-0.00340669,39.0566,1,0.036759,259.526949
2018-04-11,-0.00412129,74.5808,1,0.028879,222.796320,-0.00345082,38.7115,1,0.044382,323.680850
2018-04-12,0.00059604,74.6404,1,0.037136,299.710930,-0.01520877,37.1907,1,0.041487,359.589240
2018-04-13,-0.00246139,74.3943,1,0.039719,322.633620,-0.01673994,35.5167,1,0.047154,381.773790
2018-04-16,0.00121364,74.5156,1,0.047616,300.433520,0.00005578,35.5222,1,0.047942,399.748920
2018-04-17,0.00317679,74.8333,1,0.033891,262.068080,-0.01053688,34.4686,0,0.000000,0.000000
2018-04-18,0.00030898,74.8642,1,0.027722,262.135170,-0.00686234,33.7823,0,0.000000,0.000000
2018-04-19,0.00627269,75.4915,1,0.025161,221.302220,-0.00198373,33.5840,1,0.044013,384.018741
2018-04-20,-0.00183298,75.3082,1,0.021108,181.790150,0.00135282,33.7192,1,0.034108,319.545780
2018-04-23,0.00572956,75.8811,1,0.034074,240.102890,-0.00600213,33.1190,0,0.000000,0.000000
2018-04-24,0.01213909,77.0950,1,0.034121,221.085990,0.00909900,34.0289,1,0.037010,281.473352
2018-04-25,-0.00976343,76.1187,1,0.029503,220.538290,-0.01869762,32.1592,1,0.033232,320.448670
2018-04-26,0.02273613,78.3923,1,0.030687,201.346420,0.02082787,34.2419,1,0.035013,300.053830
2018-04-27,0.00628392,79.0207,1,0.022568,202.223420,0.01755336,35.9973,1,0.033744,243.389140
2018-04-30,-0.00100036,78.9207,1,0.019536,142.550500,-0.00343590,35.6537,1,0.025710,222.522740
2018-05-01,-0.00140893,78.7798,1,0.035023,240.183600,-0.00467252,35.1864,1,0.037222,279.739280
2018-05-02,0.00167827,78.9476,1,0.037163,261.339430,-0.00110640,35.0758,1,0.043760,340.938970
2018-05-03,0.00687735,79.6353,1,0.041315,240.624390,0.00596727,35.6725,1,0.036963,320.156620
2018-05-04,0.00067151,79.7025,1,0.029659,221.001350,-0.00640616,35.0319,1,0.042086,281.046430
2018-05-07,0.01979723,81.6822,1,0.039237,283.143050,0.00550201,35.5821,0,0.000000,0.000000
2018-05-08,-0.01139340,80.5429,1,0.030790,240.444880,0.00144049,35.7262,1,0.037491,284.394026
2018-05-09,0.02633180,83.1760,1,0.033300,300.307310,0.02089708,37.8159,1,0.037572,320.898100
2018-05-10,0.00072580,83.2486,1,0.035450,264.425820,-0.00576444,37.2394,1,0.022884,162.903820
2018-05-11,0.00918999,84.1676,1,0.039301,262.375970,-0.00389658,36.8498,0,0.000000,0.000000
2018-05-14,-0.00325298,83.8423,1,0.036658,280.032720,0.00430255,37.2800,1,0.041125,342.036648
2018-05-15,0.00183371,84.0257,1,0.032739,220.757580,0.00279347,37.5594,1,0.038413,280.537520
2018-05-16,0.00040511,84.0662,1,0.032579,259.355750,0.00062191,37.6216,1,0.029299,259.764280
2018-05-17,-0.00422998,83.6432,1,0.029678,221.298570,0.00089342,37.7109,1,0.042938,301.284650
2018-05-18,0.00003050,83.6463,1,0.023850,261.033940,0.00294424,38.0053,1,0.029836,281.313820
2018-05-21,-0.00318610,83.3276,1,0.050260,280.205840,0.01072998,39.0783,1,0.043372,320.392900
2018-05-22,-0.00429897,82.8977,1,0.031607,282.011030,-0.00040177,39.0381,1,0.029967,322.594210
2018-05-23,0.00051529,82.9493,1,0.023501,200.476010,0.00102104,39.1403,1,0.040926,320.089650
2018-05-24,0.00614368,83.5636,1,0.030332,260.071830,0.00128965,39.2692,1,0.038525,320.394310
2018-05-25,0.00322178,83.8858,1,0.030792,281.126980,0.00940682,40.2099,1,0.036038,301.524150
2018-05-29,0.00006539,83.8924,1,0.030201,220.918010,0.01177192,41.3871,1,0.032568,241.058960
2018-05-30,0.00332983,84.2253,1,0.031427,201.273600,-0.01080003,40.3071,0,0.000000,0.000000
2018-05-31,-0.00244666,83.9807,1,0.037986,302.373110,-0.01597165,38.7099,0,0.000000,0.000000
2018-06-01,-0.00521626,83.4590,1,0.040936,279.303300,-0.00635322,38.0746,0,0.000000,0.000000
2018-06-04,-0.00515995,82.9431,1,0.030525,242.417890,0.00818478,38.8931,1,0.037082,319.775997
2018-06-05,0.00066573,83.0096,1,0.033517,280.441450,0.00675253,39.5683,1,0.026727,260.785420
2018-06-06,-0.00014707,82.9949,1,0.030667,200.805030,0.01217671,40.7860,1,0.032559,280.408940
2018-06-07,-0.00507665,82.4873,1,0.022985,181.526320,-0.00293980,40.4920,1,0.037260,262.548090
2018-06-08,0.00809397,83.2967,1,0.043023,240.989420,-0.00529800,39.9622,1,0.042240,320.485040
2018-06-11,-0.00150960,83.1457,1,0.020740,201.096420,-0.00304461,39.6578,1,0.034681,320.680940
2018-06-12,-0.00384696,82.7610,1,0.023096,240.808840,-0.00774516,38.8832,1,0.030076,320.545460
2018-06-13,-0.00437799,82.3232,1,0.022219,200.904540,0.01286479,40.1697,1,0.038001,341.907140
2018-06-14,-0.00406923,81.9163,1,0.030533,219.990240,0.00300601,40.4703,1,0.026149,241.250280
2018-06-15,0.00272483,82.1888,1,0.023747,200.461890,0.00432834,40.9032,1,0.032186,281.463650
2018-06-18,0.00675528,82.8643,1,0.019782,221.413830,-0.00424873,40.4783,1,0.028563,301.345780
2018-06-19,0.00532244,83.3965,1,0.022696,280.889650,0.00916866,41.3951,1,0.040564,320.369730
2018-06-20,0.00315919,83.7124,1,0.023751,220.143740,0.00727750,42.1229,1,0.028940,240.928050
2018-06-21,0.00031231,83.7437,1,0.026239,200.923350,-0.00070183,42.0527,1,0.037033,281.185110
2018-06-22,-0.00732081,83.0116,1,0.029421,240.467530,0.00575209,42.6279,1,0.030171,299.757130
2018-06-25,0.00652255,83.6639,1,0.014755,161.554600,0.00466355,43.0943,1,0.037525,301.453300
2018-06-26,-0.00092347,83.5715,1,0.028177,239.316410,-0.00620143,42.4741,1,0.034483,279.123280
2018-06-27,0.00075195,83.6467,1,0.022015,220.381990,0.00089265,42.5634,1,0.043005,380.785760
2018-06-28,0.00136965,83.7837,1,0.037215,260.509230,-0.00404960,42.1584,1,0.035360,299.212770
2018-06-29,-0.00835656,82.9480,1,0.029346,240.993780,-0.00062278,42.0962,1,0.032958,341.437340
2018-07-02,0.00291232,83.2392,1,0.034058,240.385390,-0.00748162,41.3480,1,0.039542,339.793300
2018-07-03,-0.00467481,82.7718,1,0.015671,141.519250,-0.00762228,40.5858,1,0.051528,340.984120
2018-07-05,-0.00905106,81.8667,1,0.041506,240.205530,-0.00255401,40.3304,1,0.065881,379.535260
2018-07-06,-0.00344673,81.5220,1,0.033933,241.833500,-0.00425322,39.9051,0,0.000000,0.000000
2018-07-09,-0.00908295,80.6137,1,0.029125,221.628980,-0.00910467,38.9946,0,0.000000,0.000000
2018-07-10,0.00875652,81.4893,1,0.028238,262.792310,-0.00740758,38.2538,1,0.042898,344.691237
2018-07-11,-0.00473234,81.0161,1,0.025764,241.268090,-0.00947278,37.3065,1,0.038038,360.519800
2018-07-12,-0.00163952,80.8522,1,0.040932,339.756970,-0.00871285,36.4353,1,0.036035,358.744380
2018-07-13,0.00695229,81.5474,1,0.027931,242.322900,-0.00109189,36.3261,1,0.040079,381.273350
2018-07-16,0.00450971,81.9984,1,0.035389,260.557720,0.00096507,36.4226,1,0.041073,340.398890
2018-07-17,0.00195983,82.1943,1,0.030877,299.724120,-0.00266923,36.1557,1,0.038343,320.049620
2018-07-18,0.00768745,82.9631,1,0.029195,281.974780,0.00343799,36.4995,1,0.036761,341.489800
2018-07-19,0.00860918,83.8240,1,0.028572,201.378780,-0.02476332,34.0231,1,0.027892,320.624460
2018-07-20,0.00589655,84.4137,1,0.032845,280.372350,0.00907756,34.9309,1,0.043234,380.433340
2018-07-23,-0.00338785,84.0749,1,0.030355,239.966580,0.00449800,35.3807,1,0.033130,280.792050
2018-07-24,0.01132394,85.2073,1,0.023366,220.947690,-0.00101093,35.2796,1,0.027743,320.973290
2018-07-25,-0.00186785,85.0205,1,0.026325,279.423380,0.00353293,35.6329,1,0.030367,300.889230
2018-07-26,0.00183093,85.2036,1,0.029357,241.477520,0.01409257,37.0421,0,0.000000,0.000000
2018-07-27,0.00607743,85.8113,1,0.032657,281.035590,0.01183464,38.2256,1,0.025356,264.392787
2018-07-30,0.02131786,87.9431,1,0.041734,320.870300,0.02110461,40.3361,1,0.028599,320.831120
2018-07-31,0.00033574,87.9767,1,0.027006,261.285280,-0.00712026,39.6240,1,0.025906,222.325380
2018-08-01,-0.01625145,86.3515,1,0.025045,222.104740,-0.01827102,37.7969,0,0.000000,0.000000
2018-08-02,-0.00229430,86.1221,1,0.026670,260.171160,0.00397614,38.1946,1,0.038746,360.389852
2018-08-03,-0.00875038,85.2471,1,0.022188,221.528500,-0.00839170,37.3554,1,0.029410,242.487720
2018-08-06,0.00032982,85.2800,1,0.029628,262.007510,-0.00041681,37.3137,1,0.037411,341.055700
2018-08-07,0.00192483,85.4725,1,0.022547,201.646670,-0.00096873,37.2168,1,0.032273,301.643010
2018-08-08,0.00659068,86.1316,1,0.037602,281.894010,-0.01552062,35.6648,1,0.032432,321.811420
2018-08-09,-0.00213591,85.9180,1,0.030801,221.485510,-0.00097486,35.5673,1,0.039306,338.325710
2018-08-10,-0.00116716,85.8013,1,0.037086,280.890330,0.00515993,36.0833,1,0.035957,320.448340
2018-08-13,0.00225158,86.0264,1,0.024982,259.810710,0.00335333,36.4186,1,0.024677,300.802550
2018-08-14,0.00082037,86.1085,1,0.027933,200.831820,-0.00585754,35.8328,1,0.033614,299.922070
2018-08-15,-0.00066848,86.0416,1,0.023048,181.572250,0.01445111,37.2780,0,0.000000,0.000000
2018-08-16,0.00460483,86.5021,1,0.040107,279.875500,0.00169894,37.4479,1,0.026286,261.299588
2018-08-17,0.00192168,86.6943,1,0.041962,261.096970,0.00172332,37.6202,0,0.000000,0.000000
2018-08-20,0.00164571,86.8589,1,0.027899,241.313830,-0.00354772,37.2654,0,0.000000,0.000000
2018-08-21,0.00430216,87.2891,1,0.033124,241.015950,0.00618284,37.8837,1,0.042766,362.729045
2018-08-22,0.00047760,87.3368,1,0.030120,260.997960,0.00185765,38.0695,1,0.026225,261.294750
2018-08-23,-0.00174726,87.1621,1,0.029986,260.163700,-0.00333122,37.7363,1,0.036172,339.514370
2018-08-24,0.00345015,87.5071,1,0.021375,220.634100,-0.00427439,37.3089,1,0.028619,360.042150
2018-08-27,0.00139653,87.6468,1,0.039537,341.024590,0.00171320,37.4802,1,0.032690,281.421900
2018-08-28,0.00677256,88.3240,1,0.025154,302.043550,0.00760469,38.2407,1,0.036321,341.187610
2018-08-29,-0.00210449,88.1136,1,0.028119,320.173350,0.00211824,38.4525,1,0.030336,261.001870
2018-08-30,-0.00290421,87.8232,1,0.030481,261.293830,-0.01419132,37.0334,1,0.044412,360.961580
2018-08-31,0.00392090,88.2153,1,0.026310,240.457520,0.00547492,37.5809,1,0.040638,337.675300
2018-09-04,-0.00417822,87.7974,1,0.015972,161.440620,0.00521226,38.1021,1,0.021864,280.988450
2018-09-05,-0.00276061,87.5214,1,0.017071,161.149410,-0.01151782,36.9503,1,0.028112,241.463410
2018-09-06,0.00633265,88.1546,1,0.025865,280.387350,-0.00163759,36.7866,1,0.034459,359.570250
2018-09-07,-0.00127676,88.0270,1,0.022166,241.039190,0.00015331,36.8019,1,0.028419,361.548400
2018-09-10,-0.00219574,87.8074,1,0.037314,320.117630,0.00074783,36.8767,1,0.031457,319.767010
2018-09-11,0.00442170,88.2496,1,0.023720,221.976280,-0.00034070,36.8426,1,0.027510,301.548100
2018-09-12,-0.00966143,87.2834,1,0.027003,240.440290,0.00259724,37.1023,1,0.027726,301.137160
2018-09-13,-0.00582139,86.7013,1,0.027469,260.029100,0.00021605,37.1239,1,0.032015,301.361850
2018-09-14,-0.00692971,86.0083,1,0.033021,281.677010,-0.00820918,36.3030,0,0.000000,0.000000
2018-09-17,0.00757990,86.7663,1,0.021930,221.544610,-0.01078022,35.2250,1,0.037992,382.901826
2018-09-18,-0.00049336,86.7170,1,0.026636,240.478540,-0.01290577,33.9344,1,0.028647,320.508210
2018-09-19,0.00620664,87.3376,1,0.026986,201.464840,-0.00239864,33.6946,1,0.034894,360.674990
2018-09-20,-0.00660849,86.6768,1,0.031869,240.439370,0.00950307,34.6449,1,0.031573,339.876910
2018-09-21,-0.00194870,86.4819,1,0.026910,261.889280,-0.00207290,34.4376,0,0.000000,0.000000
2018-09-24,-0.00222312,86.2596,1,0.019972,200.970200,-0.00236520,34.2011,1,0.032660,361.959786
2018-09-25,-0.00494766,85.7648,1,0.034746,300.056220,-0.00508398,33.6927,1,0.025078,280.418220
2018-09-26,0.00804172,86.5690,1,0.031008,241.142040,0.00537858,34.2305,1,0.033562,320.882440
2018-09-27,0.00478623,87.0476,1,0.029157,279.590100,-0.01150579,33.0799,1,0.037949,260.277000
2018-09-28,0.00181842,87.2295,1,0.046008,280.251860,0.01064169,34.1441,1,0.043891,379.730410
2018-10-01,0.00347011,87.5765,1,0.033329,321.200950,-0.01492475,32.6516,1,0.027525,281.775280
2018-10-02,0.00417881,87.9944,1,0.030919,280.336220,0.00772959,33.4246,1,0.041121,380.012470
2018-10-03,0.00442562,88.4369,1,0.025528,259.717140,-0.01210318,32.2143,1,0.032058,340.637480
2018-10-04,0.00220585,88.6575,1,0.026225,260.550710,-0.00864959,31.3493,1,0.041989,379.565860
2018-10-05,0.00421546,89.0790,1,0.027154,319.551790,0.00623359,31.9727,1,0.034891,339.843470
2018-10-08,0.00241186,89.3202,1,0.036694,280.653700,0.00925955,32.8986,1,0.036475,300.221110
2018-10-09,-0.00790726,88.5295,1,0.021906,240.537600,0.00084006,32.9826,1,0.030314,321.046170
2018-10-10,0.00122257,88.6518,1,0.022323,219.629640,0.00886372,33.8690,1,0.036508,340.616180
2018-10-11,0.00192690,88.8445,1,0.023100,241.590780,-0.01311951,32.5570,0,0.000000,0.000000
2018-10-12,-0.00838315,88.0061,1,0.020195,161.209150,0.00006218,32.5633,0,0.000000,0.000000
2018-10-15,0.00135602,88.1417,1,0.024788,183.132520,-0.01305005,31.2583,1,0.040155,314.899065
2018-10-16,-0.00792491,87.3492,1,0.022301,200.695010,-0.00019501,31.2388,1,0.043781,379.696630
2018-10-17,0.01221694,88.5709,1,0.035076,285.449690,0.00341030,31.5798,0,0.000000,0.000000
2018-10-18,0.00517044,89.0880,1,0.041406,300.025230,0.00322287,31.9021,1,0.044673,304.643152
2018-10-19,-0.01435270,87.6527,1,0.023950,239.464030,0.01048937,32.9510,0,0.000000,0.000000
2018-10-22,0.00197070,87.8498,1,0.011000,140.463020,-0.00862055,32.0890,1,0.024125,277.492549
2018-10-23,-0.00749124,87.1007,1,0.027404,239.777370,-0.01220844,30.8681,1,0.030224,340.267510
2018-10-24,-0.00709285,86.3914,1,0.037035,259.316920,0.03366119,34.2342,1,0.040751,338.433640
2018-10-25,-0.01342334,85.0490,1,0.038544,239.695270,-0.04017339,30.2169,1,0.039569,239.432750
2018-10-26,-0.00698416,84.3506,1,0.036226,245.772910,0.02855881,33.0728,1,0.048719,342.183230
2018-10-29,0.00624066,84.9747,1,0.020734,200.251290,-0.01846945,31.2258,0,0.000000,0.000000
2018-10-30,0.01140141,86.1148,1,0.048779,279.875480,-0.03503120,27.7227,1,0.066370,378.566015
2018-10-31,-0.00935739,85.1791,1,0.029169,186.295940,-0.02558293,25.1644,0,0.000000,0.000000
2018-11-01,-0.00302643,84.8764,1,0.035193,283.311430,0.01019043,26.1835,1,0.035117,348.035412
2018-11-02,0.00346230,85.2227,1,0.037050,303.365050,0.00190057,26.3735,1,0.033613,322.587580
2018-11-05,0.00273920,85.4966,1,0.051270,339.578860,-0.00401362,25.9722,1,0.044132,339.580590
2018-11-06,0.00998091,86.4947,1,0.032699,241.635690,0.00854141,26.8263,1,0.046289,302.478770
2018-11-07,0.00868679,87.3634,1,0.032581,262.767950,0.00283287,27.1096,1,0.029833,242.090250
2018-11-08,0.00130425,87.4938,1,0.045205,243.762240,0.02199745,29.3093,0,0.000000,0.000000
2018-11-09,-0.01684642,85.8092,1,0.024152,200.842470,-0.00269903,29.0394,1,0.027253,222.182632
2018-11-12,0.00592200,86.4014,1,0.020590,181.296830,0.02668355,31.7078,1,0.039715,319.295890
2018-11-13,-0.00305402,86.0960,1,0.027922,259.137830,0.00540046,32.2478,1,0.025934,201.403670
2018-11-14,0.00050115,86.1461,1,0.037905,319.969240,0.00120312,32.3681,1,0.031688,280.796040
2018-11-15,-0.00042355,86.1037,1,0.036725,200.218940,-0.00071269,32.2969,1,0.037009,319.397900
2018-11-16,0.00115198,86.2189,1,0.032832,223.847270,0.00160456,32.4573,0,0.000000,0.000000
2018-11-19,-0.00874807,85.3441,1,0.044917,280.087610,0.01888982,34.3463,1,0.049178,283.029300
2018-11-20,0.00479098,85.8232,1,0.018342,199.764330,0.00362949,34.7093,1,0.037941,260.295540
2018-11-21,0.01373403,87.1966,1,0.044087,258.625080,-0.02488430,32.2208,0,0.000000,0.000000
2018-11-23,-0.00028341,87.1683,1,0.031671,242.724370,-0.00955440,31.2654,1,0.059270,379.862474
2018-11-26,0.00389432,87.5577,1,0.088058,280.851470,-0.00936724,30.3287,1,0.082254,359.682690
2018-11-27,-0.00079434,87.4783,1,0.029744,283.139590,0.00847008,31.1757,0,0.000000,0.000000
2018-11-28,0.01664924,89.1432,1,0.039046,300.237530,-0.01040251,30.1354,1,0.036641,262.603667
2018-11-29,0.00713078,89.8563,1,0.033602,243.896310,-0.00094616,30.0408,0,0.000000,0.000000
2018-11-30,-0.00766215,89.0900,1,0.031675,260.357900,-0.00472051,29.5688,1,0.039831,302.804947
2018-12-03,-0.00278331,88.8117,1,0.032051,241.487080,-0.00700343,28.8684,1,0.035983,341.664860
2018-12-04,-0.00987986,87.8237,1,0.033596,201.945960,-0.00055272,28.8131,1,0.041182,323.077440
2018-12-06,0.00360157,88.1839,1,0.036363,257.476610,-0.00866110,27.9470,0,0.000000,0.000000
2018-12-07,-0.00942842,87.2410,1,0.026882,222.786760,-0.00359575,27.5875,1,0.032255,335.723527
2018-12-10,0.01115675,88.3567,0,0.000000,0.000000,0.01492123,29.0796,0,0.000000,0.000000
2018-12-11,0.00439136,88.7959,1,0.023954,140.548487,0.00865449,29.9450,1,0.033081,258.363078
2018-12-12,-0.00256013,88.5398,1,0.023363,200.486510,-0.00063748,29.8813,1,0.043018,320.295110
2018-12-13,-0.01797093,86.7427,1,0.043053,280.635330,-0.02127851,27.7534,1,0.055061,361.413730
2018-12-14,-0.00040845,86.7019,1,0.045955,300.583300,0.00499789,28.2532,1,0.056491,379.552610
2018-12-17,0.00379496,87.0814,1,0.015634,160.721710,-0.00689840,27.5634,0,0.000000,0.000000
2018-12-18,0.01377889,88.4593,1,0.041351,259.450730,0.00764786,28.3282,0,0.000000,0.000000
2018-12-19,0.02106158,90.5654,1,0.037082,221.192280,0.01643816,29.9720,1,0.040034,294.547996
2018-12-20,-0.00704672,89.8608,1,0.063752,298.484800,-0.00431228,29.5407,0,0.000000,0.000000
2018-12-21,-0.00301846,89.5589,1,0.049836,278.096020,-0.00155817,29.3849,0,0.000000,0.000000
2018-12-24,0.00492611,90.0515,1,0.030429,220.042890,-0.01092212,28.2927,0,0.000000,0.000000
2018-12-26,0.01064936,91.1165,1,0.092854,277.786820,0.01172689,29.4654,0,0.000000,0.000000
2018-12-27,0.00379592,91.4961,1,0.064048,350.354750,-0.00074226,29.3912,0,0.000000,0.000000
2018-12-28,0.00491235,91.9873,1,0.023985,202.411140,-0.00064117,29.3271,0,0.000000,0.000000
2018-12-31,0.00155161,92.1425,1,0.035919,240.332560,0.00151290,29.4784,1,0.049900,358.536818
2019-01-02,0.00665110,92.8076,1,0.027680,261.767760,-0.00608981,28.8694,0,0.000000,0.000000
2019-01-03,-0.00976017,91.8316,1,0.032907,260.246310,-0.03902265,24.9671,1,0.040105,322.115513
2019-01-04,-0.00761241,91.0703,1,0.054431,297.136250,-0.04052449,20.9147,1,0.054469,396.199180
2019-01-07,0.01204775,92.2751,1,0.026795,248.689230,-0.01953448,18.9612,0,0.000000,0.000000
2019-01-08,-0.00395656,91.8794,1,0.042386,303.020430,0.01276775,20.2380,1,0.065135,407.624236
2019-01-09,0.00755762,92.6352,1,0.037388,282.784750,0.00319957,20.5579,0,0.000000,0.000000
2019-01-10,-0.00626663,92.0085,1,0.047683,281.868790,-0.01093845,19.4641,1,0.037835,283.784160
2019-01-11,-0.00286189,91.7223,1,0.051599,342.298440,-0.00305313,19.1588,1,0.051853,362.173570
2019-01-14,0.00585153,92.3075,1,0.027257,201.393010,0.00544334,19.7031,1,0.036176,301.041380
2019-01-15,-0.00647679,91.6598,1,0.021779,240.965690,-0.00812082,18.8910,1,0.035912,260.322990
2019-01-16,0.00496121,92.1559,1,0.044299,281.478240,0.00367539,19.2586,1,0.058781,341.206190
2019-01-17,-0.00538882,91.6171,1,0.040032,261.454040,-0.00488871,18.7697,1,0.042961,301.139100
2019-01-18,-0.00392633,91.2244,1,0.027403,262.053030,-0.00061678,18.7080,0,0.000000,0.000000
2019-01-22,-0.00854243,90.3702,1,0.037303,263.282390,-0.00421369,18.2867,0,0.000000,0.000000
2019-01-23,0.00774490,91.1447,1,0.033210,278.895500,0.00600305,18.8870,1,0.037895,343.876058
2019-01-24,0.01805536,92.9502,1,0.046514,320.148720,0.00100960,18.9879,1,0.041470,320.701200
2019-01-25,-0.00778562,92.1716,1,0.044422,301.892750,0.00217958,19.2059,1,0.052292,341.971690
2019-01-28,0.00405119,92.5768,1,0.022461,162.997980,-0.00272599,18.9333,1,0.035769,322.708870
2019-01-29,0.00075315,92.6521,1,0.035965,280.021500,-0.00528865,18.4044,1,0.030805,319.387210
2019-01-30,0.00548819,93.2009,1,0.038941,260.951660,0.00491539,18.8960,1,0.038361,321.137120
2019-01-31,0.01304331,94.5052,1,0.035119,221.745260,0.00385422,19.2814,0,0.000000,0.000000
2019-02-01,-0.00275188,94.2300,1,0.040018,221.323530,-0.00833059,18.4483,1,0.041989,302.733955
2019-02-04,-0.00449991,93.7801,1,0.039021,321.294570,0.00085722,18.5340,1,0.051018,360.388070
2019-02-05,0.00458128,94.2382,1,0.037732,261.819090,0.00132490,18.6665,1,0.037040,301.390100
2019-02-06,-0.00306430,93.9318,1,0.029500,241.846800,0.01514210,20.1807,1,0.036310,300.939030
2019-02-07,0.00269606,94.2014,1,0.041224,259.971390,-0.02447682,17.7331,1,0.036522,281.477060
2019-02-08,-0.00137449,94.0639,1,0.038039,281.252130,0.00760702,18.4938,1,0.038738,360.011400
2019-02-11,0.00972754,95.0367,1,0.021836,180.567930,0.00297702,18.7915,1,0.029258,280.789420
2019-02-12,-0.01203424,93.8332,1,0.031754,280.466770,-0.00317717,18.4737,1,0.023977,241.700900
2019-02-13,0.00277560,94.1108,1,0.027680,242.911070,-0.00141177,18.3326,0,0.000000,0.000000
2019-02-14,0.01007399,95.1182,1,0.032461,281.264100,0.00455845,18.7884,1,0.039365,302.912134
2019-02-15,-0.00356065,94.7621,1,0.028995,261.144240,-0.01190835,17.5976,1,0.028525,300.576530
2019-02-19,-0.00114982,94.6472,1,0.025042,222.237390,0.00126360,17.7239,0,0.000000,0.000000
2019-02-20,-0.00041820,94.6053,1,0.033370,260.698640,0.00228893,17.9528,1,0.038457,323.395614
2019-02-21,-0.00606639,93.9987,1,0.033679,280.808690,-0.00985980,16.9669,1,0.028530,280.944370
2019-02-22,0.00655286,94.6540,1,0.024604,200.857300,0.00884892,17.8517,1,0.048608,379.959410
2019-02-25,0.01014076,95.6681,1,0.028614,241.070670,-0.00451165,17.4006,1,0.024615,242.066060
2019-02-26,0.00308504,95.9766,1,0.030746,240.765970,-0.00180664,17.2199,1,0.037124,339.951730
2019-02-27,-0.00133719,95.8428,1,0.028709,240.165350,-0.01515568,15.7043,1,0.039128,339.735100
2019-02-28,0.00520154,96.3630,1,0.029496,261.637450,-0.00489182,15.2152,1,0.053042,399.479080
2019-03-01,-0.00008430,96.3546,1,0.032030,239.994670,-0.00122037,15.0931,1,0.044387,340.520340
2019-03-04,0.00483040,96.8376,1,0.033400,261.620460,-0.00961162,14.1320,1,0.033472,301.197990
2019-03-05,-0.00462157,96.3754,1,0.040697,300.267400,0.00078304,14.2103,1,0.047276,379.088590
2019-03-06,-0.00021385,96.3541,1,0.022105,180.417960,-0.00238481,13.9718,1,0.040911,280.501240
2019-03-07,-0.01070132,95.2839,1,0.039542,259.450820,0.00595619,14.5674,0,0.000000,0.000000
2019-03-08,0.00513761,95.7977,1,0.030409,279.015430,-0.00374657,14.1928,1,0.034907,279.295501
2019-03-11,0.01011412,96.8091,1,0.019978,199.919650,-0.00244319,13.9484,1,0.040849,320.261950
2019-03-12,-0.00420857,96.3882,1,0.023807,182.797670,0.00117955,14.0664,0,0.000000,0.000000
2019-03-13,-0.00501396,95.8869,1,0.041706,281.110810,-0.00388440,13.6779,1,0.038110,283.381269
2019-03-14,0.00088431,95.9753,1,0.040079,301.210430,0.00087893,13.7658,0,0.000000,0.000000
2019-03-15,0.00307409,96.2827,1,0.029141,219.805070,-0.00432034,13.3338,1,0.031134,321.478959
2019-03-18,0.00031231,96.3139,1,0.038089,261.417890,-0.00214799,13.1190,1,0.038579,341.320340
2019-03-19,-0.00279312,96.0346,1,0.034892,301.699320,0.00069433,13.1884,1,0.031777,341.224560
2019-03-20,-0.00350898,95.6837,1,0.030018,240.314460,0.00181198,13.3696,1,0.043962,339.625610
2019-03-21,-0.00293310,95.3904,1,0.043290,318.119520,0.00577840,13.9475,1,0.039850,320.176800
2019-03-22,-0.00906686,94.4837,1,0.029396,243.578700,0.02081556,16.0290,0,0.000000,0.000000
2019-03-25,0.00013170,94.4969,1,0.031300,239.367770,0.00608964,16.6380,0,0.000000,0.000000
2019-03-26,0.00150270,94.6472,1,0.046340,261.050890,-0.00510130,16.1279,1,0.047490,300.052811
2019-03-27,0.01168553,95.8157,1,0.048857,362.020410,-0.00008130,16.1197,0,0.000000,0.000000
2019-03-28,0.00634114,96.4498,1,0.045296,339.681350,0.00323430,16.4432,1,0.035910,281.588146
2019-03-29,-0.00149791,96.3000,1,0.040131,321.225610,-0.00127994,16.3152,1,0.030504,282.398700
2019-04-01,-0.00734346,95.5657,1,0.044636,321.144740,0.00175112,16.4903,1,0.045158,341.066750
2019-04-02,0.00591824,96.1575,1,0.042406,303.537690,-0.00215692,16.2746,1,0.035812,322.199650
2019-04-03,0.00076688,96.2342,1,0.025262,240.417670,-0.00398421,15.8762,1,0.041841,340.158900
2019-04-04,0.00209882,96.4441,1,0.027388,222.179330,0.00705892,16.5821,1,0.045858,361.538200
2019-04-05,0.00201161,96.6452,1,0.035529,300.636910,-0.00428728,16.1533,1,0.040748,321.001390
2019-04-08,-0.00380610,96.2646,1,0.044570,301.251830,-0.00108504,16.0448,0,0.000000,0.000000
2019-04-09,-0.00585955,95.6787,1,0.034675,261.100020,-0.01020687,15.0241,1,0.041297,301.062769
2019-04-10,0.00325432,96.0041,1,0.047818,278.955720,-0.00395272,14.6289,1,0.051622,379.356190
2019-04-11,-0.00336442,95.6677,1,0.027692,221.734270,0.00290459,14.9193,1,0.040201,321.433230
2019-04-12,0.00005318,95.6730,1,0.030502,221.390470,0.00758016,15.6774,1,0.035604,281.295280
2019-04-15,0.00559239,96.2322,1,0.032541,221.283880,0.00082324,15.7597,1,0.023486,241.430240
2019-04-16,0.01590999,97.8232,1,0.036631,299.962320,0.00290645,16.0503,1,0.040425,320.371990
2019-04-17,-0.00037566,97.7857,1,0.040186,261.117510,0.01350327,17.4006,1,0.043803,321.979750
2019-04-18,0.00359145,98.1448,1,0.031965,259.663560,0.00338461,17.7391,1,0.034439,260.297850
2019-04-22,0.00230546,98.3753,1,0.030214,261.253210,-0.00220914,17.5182,1,0.047964,341.479860
2019-04-23,0.00597332,98.9727,1,0.043568,279.688980,-0.00433357,17.0848,1,0.050857,300.387730
2019-04-24,0.00065601,99.0383,1,0.024469,184.022180,-0.00327787,16.7571,0,0.000000,0.000000
2019-04-25,-0.01763941,97.2743,1,0.035111,241.427370,0.00195506,16.9526,1,0.049084,343.120033
2019-04-26,0.00161802,97.4361,1,0.031718,262.046870,0.01152293,18.1049,1,0.046567,341.037290
2019-04-29,-0.00308094,97.1280,1,0.028794,240.801460,0.01282915,19.3878,1,0.034335,262.233820
2019-04-30,0.00947544,98.0756,1,0.046506,260.928260,-0.01258602,18.1292,1,0.048862,241.626530
2019-05-01,-0.00406669,97.6689,1,0.025919,240.856470,0.00020623,18.1498,1,0.045657,360.704420
2019-05-02,0.00670287,98.3392,1,0.032823,240.503830,-0.00065018,18.0848,0,0.000000,0.000000
2019-05-03,-0.00013514,98.3257,1,0.032784,241.695730,-0.00224627,17.8601,1,0.053967,339.270097
2019-05-06,-0.00167868,98.1578,1,0.029158,242.431730,0.00912385,18.7725,0,0.000000,0.000000
2019-05-07,0.00175938,98.3338,1,0.049502,279.866310,0.00943207,19.7157,1,0.049893,261.158615
2019-05-08,-0.01136451,97.1973,1,0.034031,240.680920,0.00606426,20.3222,0,0.000000,0.000000
2019-05-09,-0.00742106,96.4552,1,0.044726,239.924940,-0.00692036,19.6301,1,0.042976,298.074719
2019-05-10,0.00450310,96.9055,1,0.047500,239.696200,0.01323328,20.9535,1,0.052052,319.708420
2019-05-13,-0.01366266,95.5393,1,0.036226,280.664010,0.03886093,24.8395,1,0.029807,242.124920
2019-05-14,-0.00517276,95.0220,1,0.045696,238.561240,-0.02044783,22.7948,1,0.023183,180.660060
2019-05-15,-0.00352158,94.6698,1,0.044198,261.751500,0.00624196,23.4190,1,0.045254,380.719520
2019-05-16,-0.01068958,93.6009,1,0.051278,220.783900,-0.00496573,22.9224,1,0.040293,280.887450
2019-05-17,-0.00559355,93.0415,1,0.047775,241.831360,-0.00664143,22.2582,0,0.000000,0.000000
2019-05-20,0.00110456,93.1520,1,0.038384,240.064340,0.01759082,24.0173,1,0.052448,320.409326
2019-05-21,0.01376858,94.5288,1,0.023272,200.435980,-0.01326815,22.6905,1,0.037975,261.246110
2019-05-22,-0.00583088,93.9457,1,0.034478,221.745890,-0.00708919,21.9816,1,0.057009,382.248440
2019-05-23,-0.00201908,93.7438,1,0.049858,319.813850,0.00965954,22.9475,1,0.049376,360.221070
2019-05-24,0.00459607,94.2034,1,0.050033,317.887610,-0.00536165,22.4114,1,0.038115,260.160170
2019-05-28,0.00678501,94.8819,1,0.043919,260.770340,-0.00147229,22.2642,1,0.056369,360.269690
2019-05-29,0.00466466,95.3484,1,0.035284,239.936140,0.00180379,22.4445,0,0.000000,0.000000
2019-05-30,-0.00203576,95.1448,1,0.054606,279.671610,0.00033391,22.4779,1,0.047319,278.677930
2019-05-31,-0.00292768,94.8521,1,0.057188,300.780070,0.00087037,22.5650,1,0.051403,321.097630
2019-06-03,-0.02215414,92.6366,1,0.034784,278.528200,-0.00129381,22.4356,1,0.037591,299.788520
2019-06-04,0.00155868,92.7925,1,0.051712,320.454670,-0.00906220,21.5294,1,0.050970,321.428910
2019-06-05,-0.01230446,91.5621,1,0.033036,225.381100,0.00550017,22.0794,0,0.000000,0.000000
2019-06-06,-0.00172006,91.3901,1,0.037746,301.418230,-0.00787627,21.2917,1,0.036277,307.298191
2019-06-07,-0.00096261,91.2938,1,0.069571,301.749220,-0.00611203,20.6805,0,0.000000,0.000000
2019-06-10,0.01034152,92.3279,1,0.029488,221.693810,0.01761139,22.4417,1,0.042081,322.439395
2019-06-11,0.00166144,92.4941,1,0.043036,280.562020,-0.00079257,22.3624,1,0.039017,261.962800
2019-06-12,0.00771405,93.2655,1,0.046775,320.115120,-0.00555932,21.8065,1,0.035902,300.426220
2019-06-13,0.00531831,93.7973,1,0.024829,181.199500,-0.00723083,21.0834,1,0.041923,320.287210
2019-06-14,-0.00479682,93.3176,1,0.027082,161.348560,0.00161229,21.2446,1,0.053671,340.820520
2019-06-17,-0.00882970,92.4347,1,0.033290,200.563320,-0.00950059,20.2946,1,0.036989,300.348680
2019-06-18,0.01051352,93.4860,1,0.033158,220.924960,0.00548065,20.8426,1,0.061875,380.056590
2019-06-19,0.00089044,93.5751,1,0.031846,162.992750,-0.01979611,18.8630,1,0.054561,303.278300
2019-06-20,-0.00063790,93.5113,1,0.023160,201.766170,0.00363051,19.2261,1,0.056139,380.819630
2019-06-21,0.00698383,94.2097,1,0.038547,262.055550,-0.00186613,19.0395,0,0.000000,0.000000
2019-06-24,-0.00110615,94.0990,1,0.041795,260.252490,0.00080959,19.1204,1,0.056031,361.402408
2019-06-25,-0.00092246,94.0068,1,0.041316,300.232140,-0.00373768,18.7467,1,0.038398,260.269590
2019-06-26,0.00138778,94.1456,1,0.041402,259.746330,-0.00988607,17.7581,1,0.047267,319.354310
2019-06-27,0.00219093,94.3647,1,0.031557,259.996820,0.00769509,18.5276,1,0.041711,380.169640
2019-06-28,-0.00957198,93.4075,1,0.032118,241.271210,0.00476961,19.0045,1,0.024289,221.321400
2019-07-01,0.00459863,93.8673,1,0.030417,222.220600,0.01578936,20.5835,0,0.000000,0.000000
2019-07-02,-0.00370602,93.4967,1,0.055122,321.617520,-0.01239265,19.3442,1,0.038605,203.377017
2019-07-03,-0.00256588,93.2401,1,0.042748,299.755740,0.00670504,20.0147,1,0.050036,360.167560
2019-07-05,-0.00060161,93.1800,1,0.053531,241.807340,-0.00369867,19.6448,0,0.000000,0.000000
2019-07-08,-0.00575730,92.6043,1,0.037490,280.769890,-0.00958680,18.6862,1,0.039340,321.808125
2019-07-09,-0.00583912,92.0203,1,0.024282,180.860360,0.00468120,19.1543,1,0.049330,338.460900
2019-07-10,0.00263504,92.2838,1,0.041886,280.128190,0.00688970,19.8432,1,0.031950,261.187130
2019-07-11,-0.00474769,91.8091,1,0.036399,240.215970,-0.00388342,19.4549,1,0.020292,200.768840
2019-07-12,-0.00795975,91.0131,1,0.046695,260.971290,0.00100325,19.5552,1,0.048345,320.632430
2019-07-15,0.00126373,91.1395,1,0.031997,222.079340,-0.00223778,19.3315,1,0.041318,341.526950
2019-07-16,-0.00475715,90.6638,1,0.041825,240.434270,0.00729313,20.0608,1,0.049837,340.314820
2019-07-17,-0.00828345,89.8354,1,0.035215,241.281530,-0.00924561,19.1362,1,0.038271,321.826970
2019-07-18,-0.00624604,89.2108,1,0.027814,260.071630,0.00415493,19.5517,1,0.038447,339.955350
2019-07-19,-0.01098938,88.1119,1,0.022788,181.501550,0.00441076,19.9928,1,0.044654,301.552300
2019-07-22,-0.01085013,87.0269,1,0.040063,260.247410,-0.00153264,19.8395,1,0.052214,321.048990
2019-07-23,0.00225553,87.2524,1,0.029717,220.939970,0.00864908,20.7044,1,0.055912,339.887910
2019-07-24,0.01833383,89.0858,1,0.024767,242.607850,0.02983655,23.6881,1,0.040485,323.384020
2019-07-25,0.00687458,89.7733,1,0.034112,223.831550,-0.00854172,22.8339,1,0.039252,264.237860
2019-07-26,-0.01049376,88.7239,1,0.051526,300.847990,0.00574196,23.4081,1,0.051704,379.010760
2019-07-29,0.00591006,89.3149,1,0.026704,203.569750,0.01174201,24.5823,0,0.000000,0.000000
2019-07-30,-0.00342254,88.9726,1,0.040324,259.282970,-0.00562744,24.0196,1,0.032944,245.506370
2019-07-31,-0.00110468,88.8622,1,0.023138,201.103030,-0.00416164,23.6034,1,0.035064,281.857840
2019-08-01,0.00203505,89.0657,1,0.043085,239.835670,0.00116799,23.7202,0,0.000000,0.000000
2019-08-02,-0.00828166,88.2375,1,0.050496,219.156430,0.00400724,24.1209,1,0.045306,299.341130
2019-08-05,-0.00267129,87.9704,1,0.043659,258.951290,0.00988073,25.1090,1,0.043027,319.508210
2019-08-06,-0.02430072,85.5403,1,0.046022,257.500970,-0.00002704,25.1063,0,0.000000,0.000000
2019-08-07,-0.01879121,83.6612,1,0.039621,241.177710,0.00943460,26.0497,1,0.037310,278.198434
2019-08-08,0.00700980,84.3622,1,0.024870,221.589500,-0.01529833,24.5199,1,0.043113,262.607210
2019-08-09,0.00062671,84.4248,1,0.047299,243.834910,0.00772816,25.2927,0,0.000000,0.000000
2019-08-12,0.00107271,84.5321,1,0.043189,277.840790,0.01530053,26.8228,1,0.043187,283.132080
2019-08-13,0.00991604,85.5237,1,0.034656,239.597400,-0.02973431,23.8493,0,0.000000,0.000000
2019-08-14,0.00968026,86.4917,1,0.042644,263.303800,0.00095588,23.9449,1,0.064152,361.711414
2019-08-15,-0.00385473,86.1063,1,0.024953,200.429450,-0.01732413,22.2125,0,0.000000,0.000000
2019-08-16,-0.00018064,86.0882,1,0.051994,300.137300,-0.01232720,20.9798,1,0.045120,318.333658
2019-08-19,0.00030085,86.1183,1,0.071205,303.176950,0.00110706,21.0905,0,0.000000,0.000000
2019-08-20,0.00882230,87.0005,1,0.040570,221.559690,0.01152221,22.2427,0,0.000000,0.000000
2019-08-21,0.00192171,87.1927,1,0.043239,239.993400,0.00189415,22.4321,0,0.000000,0.000000
2019-08-22,-0.00344837,86.8478,1,0.044207,300.959070,0.00316078,22.7482,0,0.000000,0.000000
2019-08-23,-0.00918942,85.9289,1,0.049072,221.270030,0.00729903,23.4781,1,0.054987,305.081089
2019-08-26,0.00841499,86.7704,0,0.000000,0.000000,-0.00210638,23.2675,0,0.000000,0.000000
2019-08-27,-0.00380655,86.3897,1,0.060435,317.450425,0.00269668,23.5372,0,0.000000,0.000000
2019-08-28,-0.00059618,86.3301,1,0.045458,260.148940,-0.00188999,23.3482,1,0.057239,296.641795
2019-08-29,-0.00372846,85.9573,1,0.068916,281.308040,-0.01246574,22.1016,0,0.000000,0.000000
2019-08-30,-0.00433182,85.5241,1,0.046472,261.840590,-0.00138339,21.9632,0,0.000000,0.000000
2019-09-03,-0.00819771,84.7043,1,0.045701,201.457990,-0.00774319,21.1889,1,0.072039,365.328218
2019-09-04,-0.00648756,84.0556,1,0.040466,259.059370,-0.00745804,20.4431,1,0.047244,319.645620
2019-09-05,-0.01487001,82.5686,1,0.042241,302.218550,-0.04011879,16.4312,0,0.000000,0.000000
2019-09-06,-0.00182703,82.3859,1,0.020483,204.917460,0.00876788,17.3080,1,0.055732,404.138652
2019-09-09,0.00817306,83.2032,1,0.043974,341.347180,-0.00549274,16.7588,1,0.043824,281.002500
2019-09-10,0.00259986,83.4632,1,0.039654,282.662480,0.03833587,20.5923,1,0.045783,320.348650
2019-09-11,0.00081370,83.5445,1,0.051740,302.399280,0.02364218,22.9566,1,0.042672,245.045970
2019-09-12,0.00949477,84.4940,1,0.032833,261.704630,-0.00058046,22.8985,1,0.028646,202.883590
2019-09-13,-0.00058666,84.4353,1,0.053076,280.861230,-0.01150964,21.7475,1,0.055704,341.128420
2019-09-16,0.00413096,84.8484,1,0.026114,220.902190,-0.01465412,20.2821,1,0.053622,360.473860
2019-09-17,0.00042856,84.8913,1,0.050304,261.297490,-0.01015619,19.2665,1,0.045599,320.267670
2019-09-18,-0.00213389,84.6779,1,0.027129,180.532300,0.00192067,19.4586,1,0.054513,339.708120
2019-09-19,0.01066980,85.7449,1,0.037790,220.009660,0.00624220,20.0828,1,0.044100,280.042340
2019-09-20,-0.01230406,84.5145,1,0.048876,260.809770,-0.00719248,19.3636,1,0.044028,241.832040
2019-09-23,0.00964945,85.4794,1,0.029245,219.799810,-0.01140192,18.2234,1,0.055622,339.294600
2019-09-24,-0.01568896,83.9105,1,0.050486,260.379810,0.00303019,18.5264,1,0.064311,380.417410
2019-09-25,-0.00279619,83.6309,1,0.059199,299.994350,-0.01298648,17.2277,1,0.050268,300.142550
2019-09-26,-0.00703027,82.9279,1,0.039217,222.398100,-0.00294361,16.9334,1,0.057451,381.606620
2019-09-27,-0.00502987,82.4249,1,0.066497,279.461270,-0.01757263,15.1761,1,0.068013,339.846830
2019-09-30,0.00181320,82.6062,1,0.030500,240.850190,-0.00211742,14.9644,1,0.062722,398.434290
2019-10-01,0.00115286,82.7215,1,0.032414,241.106400,0.00768571,15.7329,1,0.032269,301.430200
2019-10-02,-0.00583345,82.1382,1,0.050885,258.327720,0.00292048,16.0250,0,0.000000,0.000000
2019-10-03,0.00243195,82.3814,1,0.043585,239.182700,-0.00638685,15.3863,0,0.000000,0.000000
2019-10-04,0.00141897,82.5233,1,0.028513,161.650240,0.02045957,17.4323,1,0.063193,336.691092
2019-10-07,0.00490868,83.0141,1,0.032882,223.128650,-0.00166879,17.2654,0,0.000000,0.000000
2019-10-08,0.00442951,83.4571,1,0.049499,259.631330,-0.00106425,17.1590,1,0.046785,301.340997
2019-10-09,0.00884942,84.3420,1,0.055058,318.199570,0.00881240,18.0402,0,0.000000,0.000000
2019-10-10,-0.00710355,83.6317,1,0.032025,242.344760,0.00117220,18.1574,1,0.041260,278.687092
2019-10-11,-0.00421640,83.2100,1,0.054480,261.585770,0.02083783,20.2412,1,0.064287,341.416760
2019-10-14,-0.01376558,81.8335,1,0.049708,243.944280,-0.01167076,19.0741,0,0.000000,0.000000
2019-10-15,0.00090169,81.9236,1,0.048731,279.813530,-0.00050083,19.0240,1,0.062073,402.651966
2019-10-16,0.00761104,82.6847,1,0.051486,282.112980,-0.00932701,18.0913,1,0.045421,321.667270
2019-10-17,0.00234817,82.9195,1,0.045363,299.400070,-0.00263005,17.8283,1,0.047055,359.229240
2019-10-18,-0.00498837,82.4207,1,0.049167,300.903180,0.00332086,18.1604,1,0.048034,301.630670
2019-10-21,0.00907753,83.3285,1,0.037567,300.627710,0.00286513,18.4469,1,0.044037,360.578060
2019-10-22,-0.00544622,82.7838,1,0.022702,221.842520,0.01749833,20.1968,0,0.000000,0.000000
2019-10-23,-0.01138964,81.6449,1,0.049884,280.956020,0.00813791,21.0106,1,0.037559,243.648512
2019-10-24,0.00234839,81.8797,1,0.037001,281.797800,0.00112992,21.1236,1,0.033878,261.013530
2019-10-25,-0.00007191,81.8725,1,0.039141,201.847700,-0.00078539,21.0450,1,0.043699,322.145510
2019-10-28,0.01111097,82.9836,1,0.030583,182.051870,0.00707947,21.7530,1,0.047223,321.350160
2019-10-29,-0.00651096,82.3325,1,0.038966,261.475800,-0.00715355,21.0376,1,0.051865,300.656750
2019-10-30,0.00308978,82.6415,1,0.036872,300.442990,-0.00127262,20.9103,1,0.036472,360.630530
2019-10-31,0.00320888,82.9624,1,0.035432,221.115950,0.02185365,23.0957,1,0.049115,321.358950
2019-11-01,-0.00602325,82.3601,1,0.029455,259.322000,-0.01649164,21.4465,1,0.030774,260.684200
2019-11-04,-0.02122905,80.2372,1,0.041375,222.923570,0.02865769,24.3123,1,0.054541,362.016370
2019-11-05,0.00777647,81.0148,1,0.037333,242.550450,0.00237732,24.5500,1,0.038898,242.750050
2019-11-06,-0.00965910,80.0489,1,0.031270,261.080000,0.00872971,25.4230,1,0.041169,341.991710
2019-11-07,0.00089650,80.1386,1,0.042610,299.051580,-0.01332474,24.0905,1,0.034874,281.661440
2019-11-08,0.01648017,81.7866,1,0.034923,280.115380,0.00717096,24.8076,1,0.059904,379.344500
2019-11-11,-0.00323111,81.4635,1,0.038951,303.190300,-0.00134874,24.6728,1,0.024714,240.830540
2019-11-12,0.01874316,83.3378,1,0.029324,279.871980,0.01307326,25.9801,1,0.031594,280.176060
2019-11-13,-0.01022494,82.3153,1,0.047274,261.239340,0.00576655,26.5567,1,0.047385,281.718260
2019-11-14,-0.00653391,81.6619,1,0.031401,240.386300,-0.00191189,26.3656,1,0.032569,281.153400
2019-11-15,0.00549380,82.2113,1,0.033980,261.500450,-0.00895932,25.4696,1,0.046562,321.558000
2019-11-18,-0.00727842,81.4834,1,0.030362,201.926040,0.00094749,25.5644,0,0.000000,0.000000
2019-11-19,-0.00226443,81.2570,1,0.048783,280.290860,0.00578246,26.1426,1,0.044164,301.281452
2019-11-20,0.01251518,82.5085,1,0.043092,300.632160,0.00868360,27.0110,1,0.025910,260.821830
2019-11-21,0.00270908,82.7794,1,0.040392,240.910190,0.00220032,27.2310,1,0.039408,281.410630
2019-11-22,-0.00353955,82.4255,1,0.032915,259.905940,0.00303572,27.5346,1,0.053748,319.465300
2019-11-25,-0.00214168,82.2113,1,0.042828,301.196500,0.01395704,28.9303,1,0.041556,301.472160
2019-11-26,0.00763484,82.9748,1,0.040236,282.172700,-0.02048043,26.8822,1,0.031913,261.839840
2019-11-27,-0.00139971,82.8348,1,0.027701,222.239740,-0.00360109,26.5221,1,0.046889,339.977370
2019-11-29,-0.00035006,82.7998,1,0.034266,240.715890,0.00071388,26.5935,1,0.037082,341.042240
2019-12-02,0.00419311,83.2191,1,0.065519,260.056580,0.00284615,26.8781,0,0.000000,0.000000
2019-12-03,-0.00280167,82.9389,1,0.019107,140.814030,-0.00895638,25.9825,0,0.000000,0.000000
2019-12-04,-0.00433739,82.5052,1,0.044219,280.184280,-0.00823517,25.1590,1,0.046227,356.339131
2019-12-05,0.00061702,82.5669,1,0.027028,222.209640,0.00021043,25.1800,1,0.060807,400.461110
2019-12-06,0.00088916,82.6558,1,0.037744,260.835230,0.00335112,25.5151,1,0.045608,301.580470
2019-12-09,-0.00851687,81.8041,1,0.040117,301.114740,0.00027162,25.5423,1,0.040938,282.072120
2019-12-10,-0.00602611,81.2015,1,0.041801,299.782390,-0.00091940,25.4504,1,0.050220,340.152120
2019-12-11,-0.00368790,80.8327,1,0.045630,280.104350,0.00890475,26.3408,1,0.046375,280.628640
2019-12-12,0.00156774,80.9895,1,0.035506,281.464260,0.00452119,26.7930,1,0.038741,281.535790
2019-12-13,0.00654610,81.6441,1,0.042330,242.395960,-0.01640177,25.1528,1,0.065357,342.070480
2019-12-16,-0.00872877,80.7712,1,0.044097,300.486400,-0.00884794,24.2680,1,0.053074,359.528340
2019-12-17,0.00248833,81.0201,1,0.031167,302.789640,0.00468864,24.7368,1,0.045416,361.925500
2019-12-18,-0.00349678,80.6704,1,0.041688,320.222200,0.00054961,24.7918,1,0.032709,300.900680
2019-12-19,0.00138734,80.8091,1,0.040276,280.345770,0.00282994,25.0748,1,0.043946,301.013930
2019-12-20,-0.00800202,80.0089,1,0.039082,240.736250,-0.01101844,23.9730,1,0.045354,261.359740
2019-12-23,-0.00315538,79.6934,1,0.033008,261.773860,-0.00859646,23.1133,1,0.039236,341.544930
2019-12-24,-0.00189391,79.5040,1,0.043501,260.814810,-0.00055339,23.0580,1,0.058939,380.187850
2019-12-26,-0.00146090,79.3579,1,0.074430,260.682330,0.00027002,23.0850,1,0.085638,300.683720
2019-12-27,-0.00424301,78.9336,1,0.048941,260.741740,-0.00427707,22.6573,1,0.054457,320.892640
2019-12-30,-0.00383996,78.5496,1,0.042726,320.458660,0.00097934,22.7552,1,0.057836,379.915450
2019-12-31,0.00142129,78.6917,1,0.043401,240.108630,-0.00139583,22.6156,1,0.044303,299.988210
