date,model_ret,model_equity,model_rebalanced,model_cost,model_traded,naive_ret,naive_equity,naive_rebalanced,naive_cost,naive_traded
2015-01-02,0.01077351,101.0774,1,0.023779,200.000000,0.00000000,100.0000,0,0.000000,0.000000
2015-01-05,-0.00372599,100.7048,1,0.059659,360.794390,0.00414168,100.4142,1,0.038452,200.000000
2015-01-06,-0.01908046,98.7967,1,0.046786,239.735800,0.01189887,101.6041,0,0.000000,0.000000
2015-01-07,0.00887550,99.6843,1,0.029850,201.043760,0.00163008,101.7671,1,0.047572,297.671421
2015-01-08,-0.00434447,99.2498,1,0.052427,321.989660,-0.01653856,100.1132,0,0.000000,0.000000
2015-01-09,-0.00133314,99.1165,1,0.044064,304.009440,0.00483019,100.5962,0,0.000000,0.000000
2015-01-12,0.01410860,100.5274,1,0.035990,260.046530,0.02038699,102.6349,0,0.000000,0.000000
2015-01-13,-0.00264010,100.2633,1,0.060880,338.415810,0.00289268,102.9242,1,0.037332,222.676051
2015-01-14,-0.00423030,99.8403,1,0.042440,320.326230,0.00451520,103.3757,1,0.044500,300.598720
2015-01-15,-0.00101605,99.7387,1,0.041355,320.723030,0.00432682,103.8084,1,0.043758,321.047340
2015-01-16,-0.00443468,99.2952,1,0.034448,238.707010,0.00092335,103.9007,1,0.027005,179.550900
2015-01-20,-0.00870917,98.4243,1,0.037597,262.447800,0.00327331,104.2281,0,0.000000,0.000000
2015-01-21,-0.00474275,97.9500,1,0.033695,281.221420,-0.00051997,104.1761,1,0.035627,262.961577
2015-01-22,0.00876592,98.8266,1,0.050818,301.409560,-0.01058136,103.1179,1,0.063226,341.235070
2015-01-23,0.00618785,99.4454,1,0.039725,303.021610,-0.00753335,102.3646,0,0.000000,0.000000
2015-01-26,0.00014502,99.4599,1,0.042008,299.750070,-0.00591233,101.7734,1,0.047933,323.038742
2015-01-27,0.00565835,100.0258,1,0.035675,301.462370,-0.02759532,99.0138,1,0.048522,341.302680
2015-01-28,-0.00132541,99.8932,1,0.048611,319.571790,0.00494456,99.5083,1,0.061334,361.231110
2015-01-29,-0.00208937,99.6843,1,0.052997,318.873790,0.00024980,99.5333,0,0.000000,0.000000
2015-01-30,-0.00557535,99.1267,1,0.058815,323.615540,0.00249349,99.7826,1,0.050001,319.983147
2015-02-02,0.00541582,99.6683,1,0.045478,299.105360,-0.00732570,99.0500,0,0.000000,0.000000
2015-02-03,-0.02095763,97.5726,1,0.053573,322.558060,0.01312473,100.3625,1,0.045947,299.128614
2015-02-04,-0.00353038,97.2195,1,0.042098,283.981910,-0.00453086,99.9094,0,0.000000,0.000000
2015-02-05,-0.00201378,97.0182,1,0.050128,260.306080,0.00780491,100.6899,1,0.051539,343.168214
2015-02-06,-0.00173676,96.8445,1,0.040626,302.971250,0.02353410,103.0433,0,0.000000,0.000000
2015-02-09,0.00217377,97.0619,1,0.042063,320.620530,0.00023454,103.0668,1,0.038266,283.008197
2015-02-10,0.00470054,97.5319,1,0.046456,299.227820,-0.00655015,102.4118,1,0.052045,299.906720
2015-02-11,0.00604652,98.1366,1,0.034058,283.811730,0.00380281,102.7921,0,0.000000,0.000000
2015-02-12,-0.01487377,96.6492,1,0.044977,339.282890,0.00730698,103.5227,1,0.039102,282.983191
2015-02-13,-0.02822109,93.8271,1,0.028639,221.917420,0.02718199,106.2409,0,0.000000,0.000000
2015-02-17,-0.00462947,93.3641,1,0.025087,203.424850,0.00412982,106.6539,1,0.025318,205.090425
2015-02-18,0.01890970,95.2551,1,0.043570,320.513320,-0.00956357,105.6976,1,0.047977,340.377160
2015-02-19,0.01863954,97.1191,1,0.054076,340.280120,-0.01929947,103.7676,1,0.049837,320.889800
2015-02-20,-0.00306553,96.8125,1,0.045183,359.230570,0.00422794,104.1904,1,0.048586,379.374710
2015-02-23,0.00123323,96.9358,1,0.048907,241.343390,-0.00376571,103.8138,1,0.047891,261.200880
2015-02-24,0.00359285,97.2951,1,0.043225,300.606210,-0.01154524,102.6593,1,0.045384,320.610500
2015-02-25,0.01650586,98.9457,1,0.046084,340.646370,-0.00693864,101.9655,1,0.052364,360.540680
2015-02-26,-0.00722442,98.2233,1,0.047762,358.560050,0.02725125,104.6906,1,0.047625,359.486040
2015-02-27,-0.00285439,97.9378,1,0.035019,260.063940,0.00180547,104.8711,1,0.030173,242.124250
2015-03-02,0.01413766,99.3516,1,0.040384,321.710780,-0.01484823,103.3863,1,0.041033,341.779480
2015-03-03,0.00363822,99.7154,1,0.052938,341.810930,-0.00982467,102.4038,1,0.055167,362.323650
2015-03-04,0.00121065,99.8365,1,0.035205,300.423300,-0.00267210,102.1366,1,0.043680,359.993060
2015-03-05,-0.00592116,99.2444,1,0.028896,240.758870,0.00510785,102.6474,1,0.033555,300.490650
2015-03-06,0.00263154,99.5075,1,0.030116,221.233260,-0.00233089,102.4143,1,0.032229,261.225780
2015-03-09,0.00990909,100.4984,1,0.049451,338.132730,0.01024510,103.4388,0,0.000000,0.000000
2015-03-10,-0.00414723,100.0837,1,0.061803,400.130440,0.00097482,103.5363,1,0.034208,199.880240
2015-03-11,0.01126902,101.2106,1,0.038208,318.635420,0.00790590,104.3269,0,0.000000,0.000000
2015-03-12,-0.00671048,100.5395,1,0.042348,339.943370,0.00339151,104.6661,1,0.034939,240.487840
2015-03-13,0.00842211,101.3818,1,0.051119,343.802620,0.00396769,105.0628,0,0.000000,0.000000
2015-03-16,-0.01126672,100.2551,1,0.046022,319.441350,0.01148656,106.2115,1,0.032244,262.813262
2015-03-17,-0.00132385,100.1227,1,0.032875,263.078350,-0.00736546,105.4749,0,0.000000,0.000000
2015-03-18,-0.00808552,99.3141,1,0.043912,300.305390,0.00039451,105.5144,1,0.044969,304.361536
2015-03-19,0.00935135,100.2493,1,0.026105,243.286460,0.00126697,105.6411,0,0.000000,0.000000
2015-03-20,0.00448405,100.6977,1,0.036865,300.190000,-0.01014965,104.6261,1,0.044945,302.366831
2015-03-23,0.00276398,100.9741,1,0.040042,322.176330,-0.00249330,104.3768,0,0.000000,0.000000
2015-03-24,-0.01023897,99.9502,1,0.042937,319.729460,0.01188224,105.5650,1,0.042146,321.880336
2015-03-25,0.00750065,100.7003,1,0.021705,200.509780,-0.00189870,105.3751,0,0.000000,0.000000
2015-03-26,-0.00680717,100.0195,1,0.042257,336.789150,-0.00033641,105.3415,0,0.000000,0.000000
2015-03-27,0.00834247,100.8538,1,0.041233,300.725260,-0.01289119,104.0524,1,0.044539,316.996493
2015-03-30,0.02161716,103.0155,1,0.041504,321.994980,-0.00448561,103.6038,1,0.051551,382.033460
2015-03-31,0.00152037,103.1675,1,0.048673,340.968800,0.00529812,104.1336,0,0.000000,0.000000
2015-04-01,0.00633674,103.8012,1,0.040426,279.373750,-0.00940802,103.1928,1,0.032242,241.902272
2015-04-02,0.00288818,104.0900,1,0.043412,318.331800,-0.00355598,102.8372,1,0.042268,299.661740
2015-04-06,-0.00070036,104.0200,1,0.040866,301.602650,0.00092485,102.9297,1,0.049965,341.792250
2015-04-07,0.00504039,104.5240,1,0.037401,261.738730,-0.01035528,101.8942,1,0.042228,301.672790
2015-04-08,-0.00195345,104.3287,1,0.050045,339.474840,0.00263298,102.1575,1,0.057152,339.718940
2015-04-09,-0.01700046,102.6286,1,0.036156,280.653820,0.01451710,103.6092,1,0.037430,300.715470
2015-04-10,0.00495943,103.1246,1,0.032927,202.078830,-0.00760475,102.8487,1,0.042125,281.704400
2015-04-13,0.00943995,104.0686,1,0.054915,360.662370,-0.00987494,101.8612,1,0.056304,380.606490
2015-04-14,0.00342968,104.4115,1,0.045422,319.652170,0.00003175,101.8644,1,0.048975,359.549930
2015-04-15,0.00124582,104.5361,1,0.043038,320.032850,-0.00171143,101.6933,1,0.036443,300.534130
2015-04-16,0.00263610,104.7997,1,0.033560,260.917140,-0.00147749,101.5455,1,0.039809,321.029440
2015-04-17,-0.00765636,104.0341,1,0.039686,320.442410,0.00728319,102.2738,1,0.044041,340.425140
2015-04-20,-0.00571940,103.4622,1,0.030630,240.330170,0.00849379,103.1232,0,0.000000,0.000000
2015-04-21,0.00602024,104.0642,1,0.037186,322.243870,0.00130820,103.2540,0,0.000000,0.000000
2015-04-22,-0.00450293,103.6139,1,0.048673,339.338570,0.00788317,104.0424,1,0.041103,321.415150
2015-04-23,0.00759813,104.3737,1,0.041497,281.177140,-0.00514017,103.5283,1,0.035077,281.321100
2015-04-24,-0.00521310,103.8524,1,0.043080,341.056290,0.00425150,103.9535,1,0.035850,301.191880
2015-04-27,0.00854388,104.7068,1,0.033782,261.641650,-0.01126786,102.8267,1,0.046646,301.287140
2015-04-28,0.00324274,105.0311,1,0.037246,319.330530,0.00112716,102.9394,0,0.000000,0.000000
2015-04-29,0.00817276,105.8483,1,0.047744,320.925280,-0.00557279,102.3821,1,0.037649,280.615226
2015-04-30,0.01254904,107.1032,1,0.058246,279.262760,-0.02308140,100.0740,1,0.064520,299.462730
2015-05-01,0.00161620,107.2649,1,0.070430,319.603530,-0.00852762,99.2212,0,0.000000,0.000000
2015-05-04,-0.00107721,107.1571,1,0.043851,303.960650,0.00356041,99.5773,0,0.000000,0.000000
2015-05-05,-0.00593899,106.5632,1,0.049929,301.568470,0.01608106,101.1854,1,0.032934,223.713535
2015-05-06,-0.00035571,106.5277,1,0.041731,278.587590,-0.00585527,100.5999,0,0.000000,0.000000
2015-05-07,0.00243604,106.7713,1,0.042186,300.122620,-0.00539994,100.0599,1,0.050494,358.768727
2015-05-08,-0.00843412,105.9279,1,0.033122,281.299430,-0.00166467,99.8934,0,0.000000,0.000000
2015-05-11,0.00002868,105.9307,1,0.054002,302.354230,0.00737921,100.6313,0,0.000000,0.000000
2015-05-12,0.00683304,106.6140,1,0.043006,300.770170,-0.00803633,99.8277,1,0.036523,262.587245
2015-05-13,0.00495126,107.1092,1,0.044834,339.477250,-0.00378621,99.4491,1,0.046561,359.474970
2015-05-14,-0.00485061,106.6241,1,0.035231,300.105780,0.00576963,100.0260,1,0.050797,340.326360
2015-05-15,0.00410993,107.0351,1,0.037797,262.548970,-0.01045685,98.9803,0,0.000000,0.000000
2015-05-18,0.00223356,107.2584,1,0.043094,340.687890,-0.00891243,98.0891,1,0.042953,363.651470
2015-05-19,0.02022066,109.2805,1,0.036404,321.578270,-0.01863172,96.2259,1,0.045342,362.205110
2015-05-20,0.00456212,109.7367,1,0.042528,342.107990,-0.00554464,95.6715,1,0.049694,322.047050
2015-05-21,0.00555280,110.2920,1,0.030110,280.440340,-0.00939046,94.7324,1,0.036476,300.258510
2015-05-22,0.00064664,110.3567,1,0.041846,321.703190,-0.00380403,94.3520,1,0.045233,361.697490
2015-05-26,0.00601359,110.9580,1,0.042001,279.957030,-0.00839277,93.5127,1,0.040767,319.651510
2015-05-27,-0.00587432,110.3706,1,0.038962,259.541900,0.00024876,93.5376,0,0.000000,0.000000
2015-05-28,0.00554718,110.9253,1,0.038162,282.139610,-0.00182923,93.3547,0,0.000000,0.000000
2015-05-29,-0.00132948,110.7924,1,0.049558,340.441940,-0.00470080,92.8846,1,0.046980,300.680214
2015-06-01,0.00833903,111.6263,1,0.035347,260.275150,-0.00046542,92.8381,1,0.040912,339.565600
2015-06-02,0.00432155,112.0584,1,0.053625,320.464450,-0.00704983,92.1331,1,0.043843,301.206230
2015-06-03,-0.01829841,110.2286,1,0.040311,300.223820,0.01903698,94.0368,1,0.050192,380.123140
2015-06-04,0.00279428,110.5080,1,0.027322,182.036290,-0.00247682,93.7891,1,0.031902,221.639410
2015-06-05,0.00332132,110.8401,1,0.044958,319.757110,0.01604906,95.3940,0,0.000000,0.000000
2015-06-08,0.00700317,111.5405,1,0.042823,299.897130,-0.00124895,95.2691,1,0.036605,201.555107
2015-06-09,-0.00112458,111.4280,1,0.052268,338.673500,-0.00051269,95.2178,1,0.051819,339.295550
2015-06-10,-0.00679483,110.7485,1,0.047383,320.243330,0.00598642,95.8165,1,0.051868,320.203890
2015-06-11,0.00591771,111.3403,1,0.035939,262.211060,-0.00169998,95.6465,0,0.000000,0.000000
2015-06-12,0.00174189,111.5145,1,0.051091,321.091550,-0.00447584,95.1989,1,0.055144,303.122750
2015-06-15,0.00626437,112.1409,1,0.053813,299.882380,0.00333305,95.5322,0,0.000000,0.000000
2015-06-16,-0.00490931,111.6500,1,0.043511,299.280730,-0.00496420,95.0358,0,0.000000,0.000000
2015-06-17,-0.00211311,111.4387,1,0.027781,240.785000,-0.00211312,94.8245,1,0.052642,378.619425
2015-06-18,0.00409589,111.8483,1,0.037421,280.956450,-0.00850722,93.9737,1,0.047732,361.371430
2015-06-19,-0.00734884,111.1134,1,0.041914,302.558010,-0.00343480,93.6303,0,0.000000,0.000000
2015-06-22,-0.00637799,110.4756,1,0.035859,260.166190,0.00754937,94.3852,1,0.041763,341.824547
2015-06-23,0.00137913,110.6135,1,0.035237,240.990600,-0.00368862,94.0163,1,0.032582,261.542580
2015-06-24,-0.00305088,110.3084,1,0.044288,320.302110,0.00006140,94.0225,1,0.044980,300.786820
2015-06-25,-0.00255047,110.0534,1,0.038897,259.484840,0.00637874,94.6604,0,0.000000,0.000000
2015-06-26,0.00329828,110.3832,1,0.044192,300.078790,-0.00331499,94.3289,1,0.038949,299.018554
2015-06-29,-0.00879244,109.5039,1,0.058224,340.664040,0.01284374,95.6132,1,0.061226,340.982950
2015-06-30,0.00721779,110.2257,1,0.038921,277.686980,-0.00454623,95.1586,0,0.000000,0.000000
2015-07-01,0.00600261,110.8260,1,0.050409,341.482560,-0.00185805,94.9728,1,0.042375,299.198829
2015-07-02,-0.00026609,110.7994,1,0.039309,321.561390,-0.00272215,94.7006,1,0.038745,321.678910
2015-07-06,0.00239598,111.0390,1,0.045062,320.051080,0.00031553,94.7321,1,0.047377,320.779730
2015-07-07,-0.00870177,110.1688,1,0.047837,299.696940,0.00720823,95.4530,1,0.048577,320.044010
2015-07-08,-0.00265281,109.9035,1,0.044391,282.876620,0.00403658,95.8566,1,0.041482,262.907460
2015-07-09,0.00595526,110.4990,1,0.053554,219.469190,-0.01466049,94.3906,0,0.000000,0.000000
2015-07-10,0.00025851,110.5249,1,0.049979,321.535400,0.00227731,94.6183,1,0.050659,359.510411
2015-07-13,-0.01349943,109.1749,1,0.032313,242.689810,0.00892520,95.5108,0,0.000000,0.000000
2015-07-14,0.00098921,109.2739,1,0.024359,202.648630,0.00512623,96.0234,0,0.000000,0.000000
2015-07-15,0.00483813,109.7577,1,0.047897,301.038260,-0.00410713,95.6127,1,0.045993,324.639196
2015-07-16,-0.01116547,108.6411,1,0.048407,319.966750,0.00691885,96.3046,1,0.052195,319.892420
2015-07-17,0.00016693,108.6578,1,0.039127,242.201880,-0.00720992,95.5836,0,0.000000,0.000000
2015-07-20,-0.00002126,108.6557,1,0.034156,259.694400,-0.00784986,94.7986,0,0.000000,0.000000
2015-07-21,-0.00682950,107.9727,1,0.036740,280.111370,0.00287846,95.0865,1,0.051494,341.423891
2015-07-22,-0.00035273,107.9375,1,0.035573,240.494430,-0.00019083,95.0674,1,0.042753,280.225560
2015-07-23,0.00850137,108.7876,1,0.039643,300.638700,-0.00937517,94.1299,1,0.034387,260.775230
2015-07-24,0.00998253,109.7859,1,0.060017,320.199180,-0.01048755,93.0811,1,0.056735,319.989150
2015-07-27,-0.01568358,108.2175,1,0.057468,318.758350,0.02085016,95.1661,1,0.064234,338.691040
2015-07-28,0.00633818,108.8513,1,0.031992,220.460230,-0.01216960,93.9492,1,0.030950,201.198350
2015-07-29,0.00738052,109.5894,1,0.046158,322.211810,-0.00761456,93.1877,0,0.000000,0.000000
2015-07-30,0.00049715,109.6391,1,0.055835,300.361010,-0.01230999,91.9567,1,0.064699,363.658580
2015-07-31,-0.00551112,109.0880,1,0.042622,280.964910,0.00135630,92.0924,1,0.053040,340.534540
2015-08-03,-0.01144275,107.9437,1,0.057035,261.474530,0.01454011,93.5464,1,0.057539,281.637170
2015-08-04,-0.01891354,106.0524,1,0.047264,300.371760,0.01659039,95.2054,1,0.033991,241.364310
2015-08-05,-0.00491670,105.5607,1,0.034430,242.687890,0.00978079,96.1835,1,0.041681,302.473270
2015-08-06,0.00815762,106.3764,1,0.038688,281.244600,-0.01241736,94.9418,1,0.035486,261.465900
2015-08-07,-0.00217763,106.1587,1,0.056923,339.088810,-0.00117827,94.8239,1,0.057507,359.286690
2015-08-10,0.01431261,107.5899,1,0.045199,281.518100,-0.02335666,92.4883,1,0.043666,261.581280
2015-08-11,0.02074348,109.6643,1,0.042152,322.888860,-0.02138155,90.3501,1,0.051855,382.559740
2015-08-12,-0.00903184,108.7611,1,0.041524,318.799440,0.00598979,90.9491,1,0.052061,378.676300
2015-08-13,0.00745063,109.5062,1,0.043187,282.180660,-0.00711249,90.2378,1,0.041269,282.116140
2015-08-14,-0.00102808,109.4034,1,0.049538,321.091810,-0.00068086,90.1698,1,0.054536,360.988340
2015-08-17,0.00102614,109.5060,1,0.043096,261.393290,-0.00351436,89.8183,0,0.000000,0.000000
2015-08-18,0.01219749,110.7257,1,0.042631,261.678130,-0.01301979,88.5163,1,0.056789,362.622655
2015-08-19,-0.00292459,110.4333,1,0.060609,398.578060,0.00200967,88.7173,1,0.055713,378.617830
2015-08-20,-0.00451889,109.9814,1,0.040569,280.603470,0.01240787,89.9581,1,0.049573,300.675500
2015-08-21,-0.01197511,108.7839,1,0.045711,258.029020,0.00294509,90.2526,0,0.000000,0.000000
2015-08-24,0.00533977,109.3178,1,0.039663,219.190500,0.00384451,90.6371,0,0.000000,0.000000
2015-08-25,0.02571917,111.8898,0,0.000000,0.000000,-0.01619527,89.0175,0,0.000000,0.000000
2015-08-26,-0.00946431,110.9433,1,0.043551,315.720234,0.00893275,89.9108,1,0.045915,327.467181
2015-08-27,-0.00913804,110.0295,1,0.036234,266.098060,0.00387628,90.2984,0,0.000000,0.000000
2015-08-28,-0.01084165,108.9454,1,0.045345,264.906330,-0.00248905,90.0495,0,0.000000,0.000000
2015-08-31,-0.00288206,108.6572,1,0.028026,221.250820,0.00010716,90.0602,1,0.047954,349.973774
2015-09-01,0.00621055,109.2782,1,0.040195,259.719440,0.00479673,90.5399,0,0.000000,0.000000
2015-09-02,-0.01057939,108.2203,0,0.000000,0.000000,-0.00714073,89.8258,0,0.000000,0.000000
2015-09-03,-0.00006220,108.2140,1,0.033080,240.436497,0.00470801,90.2966,0,0.000000,0.000000
2015-09-04,0.01274905,109.4890,1,0.051505,281.380460,-0.00832248,89.4644,1,0.041888,258.795029
2015-09-08,-0.00208607,109.2803,1,0.068747,357.520610,0.00183070,89.6475,0,0.000000,0.000000
2015-09-09,-0.00246282,109.0341,1,0.062602,305.868180,0.00522359,90.1698,0,0.000000,0.000000
2015-09-10,0.00148316,109.1824,1,0.040414,239.184260,0.00237396,90.4072,0,0.000000,0.000000
2015-09-11,-0.00380870,108.8015,1,0.047790,301.088210,-0.00045038,90.3622,1,0.050628,321.511352
2015-09-14,-0.00665014,108.1365,1,0.034754,241.233120,0.00531965,90.8941,1,0.051275,361.168890
2015-09-15,0.00717035,108.8535,1,0.027545,200.755020,-0.00050642,90.8435,1,0.045332,300.563580
2015-09-16,0.00232727,109.0863,1,0.050183,321.677160,-0.00421093,90.4224,0,0.000000,0.000000
2015-09-17,0.00384724,109.4710,1,0.049046,321.642310,-0.00447857,89.9746,1,0.052497,364.672317
2015-09-18,-0.01983105,107.4879,1,0.047585,299.996310,0.02150647,92.1252,1,0.054743,339.962300
2015-09-21,-0.01210028,106.2778,1,0.031758,239.444200,0.00153353,92.2786,0,0.000000,0.000000
2015-09-22,-0.00904583,105.3733,1,0.041253,282.000250,0.01313345,93.5919,1,0.045555,319.218559
2015-09-23,-0.00789368,104.5839,1,0.035478,260.123590,0.01372709,94.9646,0,0.000000,0.000000
2015-09-24,-0.00290941,104.2930,1,0.038541,261.138710,-0.00277794,94.6868,1,0.036374,260.237383
2015-09-25,-0.00795875,103.4971,1,0.042245,260.498440,0.01094848,95.7817,1,0.048272,300.173940
2015-09-28,0.00233757,103.7308,1,0.037643,241.627570,0.00627610,96.4093,1,0.045330,281.904120
2015-09-29,-0.00966080,102.7648,1,0.038310,297.230000,-0.00658606,95.7507,0,0.000000,0.000000
2015-09-30,0.01021208,103.7860,1,0.044142,321.285030,-0.00837408,94.9133,1,0.051618,337.144532
2015-10-01,-0.00049676,103.7363,1,0.052916,343.257050,0.00362667,95.2759,0,0.000000,0.000000
2015-10-02,0.00540484,104.2768,1,0.044666,320.422980,-0.00082417,95.1935,1,0.056697,363.647058
2015-10-05,-0.00133321,104.1435,1,0.047971,362.743310,0.00379051,95.5726,0,0.000000,0.000000
2015-10-06,-0.01851004,102.2924,1,0.041284,284.582470,-0.00252864,95.3197,0,0.000000,0.000000
2015-10-07,-0.00722551,101.5699,1,0.030141,201.132700,0.00315447,95.6351,1,0.045453,346.335950
2015-10-08,0.00029610,101.5995,1,0.046180,302.829290,-0.00113295,95.5218,1,0.055735,362.226480
2015-10-09,0.00303629,101.9031,1,0.033591,261.713270,-0.00191564,95.3303,1,0.043154,281.797080
2015-10-12,-0.00080635,101.8225,1,0.040625,302.534160,0.00070189,95.4005,1,0.051071,362.212370
2015-10-13,-0.00390396,101.4321,1,0.037296,280.859710,0.00341214,95.7417,1,0.044946,301.079840
2015-10-14,0.00323467,101.7556,1,0.032983,240.264320,0.00224753,95.9664,1,0.037647,280.262060
2015-10-15,0.01242745,102.9983,1,0.036255,259.589630,-0.01298066,94.6684,1,0.043506,300.072580
2015-10-16,-0.00351895,102.6464,1,0.045595,323.144420,-0.00734530,93.9338,0,0.000000,0.000000
2015-10-19,0.00350766,102.9972,1,0.042594,280.907320,0.00140215,94.0741,1,0.057625,362.215808
2015-10-20,0.02312550,105.3097,1,0.039940,260.204840,-0.01680439,92.3936,1,0.042279,280.414420
2015-10-21,0.01095805,106.4055,1,0.053685,359.238590,-0.00789124,91.6045,1,0.056014,380.272360
2015-10-22,-0.00208606,106.1969,1,0.063346,278.876710,-0.00577139,91.0274,1,0.069779,318.617770
2015-10-23,-0.00031139,106.1658,1,0.048859,303.272040,-0.00900176,90.1272,0,0.000000,0.000000
2015-10-26,0.00237849,106.4036,1,0.042221,281.772140,0.00391530,90.5187,1,0.050240,324.406823
2015-10-27,-0.00804248,105.5994,1,0.044768,299.995890,0.01095107,91.6138,1,0.051473,340.877810
2015-10-28,0.01939128,107.5385,1,0.050382,319.662060,-0.01435082,90.1787,1,0.050032,299.515380
2015-10-29,-0.00508311,107.0302,1,0.044921,322.639010,0.00780037,90.9588,1,0.043783,322.947750
2015-10-30,0.02306436,109.3367,1,0.040554,301.095190,-0.01681334,89.2774,1,0.042354,321.251340
2015-11-02,0.01009449,110.3461,1,0.050701,321.752190,-0.01443106,87.8343,1,0.051846,322.038600
2015-11-03,-0.00823369,109.5227,1,0.045759,302.861050,-0.00661402,87.1729,0,0.000000,0.000000
2015-11-04,0.01170708,110.6934,1,0.042852,261.610510,-0.01021739,86.1512,1,0.053699,304.093746
2015-11-05,-0.00160381,110.5331,1,0.036541,280.249720,-0.00184068,85.9671,1,0.048978,339.482980
2015-11-06,-0.03193046,107.3400,1,0.034206,240.768980,0.00195650,86.1628,1,0.046560,300.149750
2015-11-09,0.01110890,108.4509,1,0.033240,203.665020,-0.01250985,84.9118,1,0.042945,281.258670
2015-11-10,0.00485382,108.9363,1,0.046968,339.062690,0.00191496,85.1033,1,0.046094,358.970540
2015-11-11,0.01386963,110.3232,1,0.044187,301.580650,-0.01079601,84.0237,1,0.042791,281.705850
2015-11-12,-0.00636558,109.6867,1,0.052628,359.291530,0.01219010,85.2427,1,0.058260,339.836590
2015-11-13,0.00256606,109.9433,1,0.042274,279.001770,0.00919900,86.1626,0,0.000000,0.000000
2015-11-16,-0.00494710,109.4486,1,0.059470,319.376360,0.00339350,86.5019,1,0.050710,298.448644
2015-11-17,0.00523039,109.9716,1,0.033061,262.561500,-0.00911911,85.5900,0,0.000000,0.000000
2015-11-18,-0.00243770,109.7279,1,0.056650,340.011500,-0.00048421,85.5416,1,0.056361,341.898277
2015-11-19,0.01519462,111.2473,1,0.042648,224.047160,0.00052654,85.5943,0,0.000000,0.000000
2015-11-20,0.00101247,111.3486,1,0.057083,320.368970,-0.00163084,85.4312,1,0.049244,323.621784
2015-11-23,0.00126549,111.4751,1,0.052491,320.948690,-0.00090141,85.3410,1,0.055571,340.993180
2015-11-24,-0.02004599,109.4705,1,0.043469,300.296940,0.01369452,86.7105,1,0.042578,300.820350
2015-11-25,0.02076657,111.5472,1,0.032473,222.267450,-0.02110586,84.5999,1,0.040216,282.381050
2015-11-27,-0.00404394,111.1428,1,0.054754,279.303090,0.00321055,84.9210,1,0.060735,319.341850
2015-11-30,0.01313865,112.4566,1,0.068355,341.238640,-0.01800906,83.1201,1,0.063566,321.062650
2015-12-01,-0.00646052,111.8106,1,0.059852,320.107100,-0.00013377,83.1067,1,0.060117,340.000260
2015-12-02,0.00127454,111.9380,1,0.048256,241.566380,-0.02345418,80.7613,0,0.000000,0.000000
2015-12-03,0.00921824,112.8599,1,0.053116,318.194710,0.00490952,81.2522,0,0.000000,0.000000
2015-12-04,0.01196481,114.0563,1,0.055549,318.704540,-0.01106182,80.1460,0,0.000000,0.000000
2015-12-07,0.00485987,114.5423,1,0.063943,321.538750,0.00966266,81.1123,0,0.000000,0.000000
2015-12-08,-0.01054913,113.4874,1,0.047273,281.424770,0.00972218,82.0845,1,0.043712,282.909214
2015-12-09,0.00616377,114.1038,1,0.039023,280.441280,-0.00695922,81.3886,1,0.037082,240.887250
2015-12-10,0.00770752,114.8746,1,0.047248,339.288540,-0.00904292,80.4843,1,0.049542,340.202000
2015-12-11,0.00908548,115.7831,1,0.057552,340.106840,-0.00975303,79.5090,1,0.060763,360.200850
2015-12-14,-0.02730768,113.0523,1,0.047348,318.254140,-0.00151428,79.3576,0,0.000000,0.000000
2015-12-15,0.00761084,113.8134,1,0.034196,202.449100,-0.01169387,78.1882,1,0.072147,338.973261
2015-12-16,0.00018119,113.8315,1,0.049731,342.256460,-0.00484323,77.7039,1,0.053813,342.199120
2015-12-17,0.00545841,114.3774,1,0.048079,282.879010,-0.00534298,77.1696,0,0.000000,0.000000
2015-12-18,0.00595655,114.9730,1,0.056365,298.984600,-0.00540998,76.6286,1,0.055238,320.653597
2015-12-21,-0.01121754,113.8513,1,0.047354,338.135020,0.01551214,78.1798,0,0.000000,0.000000
2015-12-22,0.01389873,115.2411,1,0.044197,282.620060,-0.01535182,76.6446,1,0.038672,261.963975
2015-12-23,-0.00729558,114.5116,1,0.061888,342.056530,0.00349801,76.9944,0,0.000000,0.000000
2015-12-24,0.00559038,115.0706,1,0.046352,263.482210,-0.00269782,76.7246,0,0.000000,0.000000
2015-12-28,-0.00504941,114.5657,1,0.068071,320.425350,0.00448857,77.1735,1,0.083373,345.802511
2015-12-29,-0.00040888,114.5248,1,0.037928,281.085470,-0.00026646,77.1468,1,0.056476,320.894010
2015-12-30,0.00472211,114.9970,1,0.050219,281.815900,0.00747417,77.8942,0,0.000000,0.000000
2015-12-31,0.00757605,115.7546,1,0.041055,258.992990,-0.00459050,77.4352,0,0.000000,0.000000
2016-01-04,-0.00052209,115.7024,1,0.058519,279.744800,0.00275138,77.7103,0,0.000000,0.000000
2016-01-05,0.00687938,116.3903,1,0.057312,279.508110,0.00332916,78.0432,0,0.000000,0.000000
2016-01-06,-0.00468926,115.9214,1,0.038156,200.974970,0.00324076,78.3673,1,0.054424,321.561213
2016-01-07,0.00691279,116.6127,1,0.042341,239.442730,0.00567635,78.9350,1,0.053295,298.362540
2016-01-08,-0.00616372,115.9963,1,0.062092,317.749640,0.00893631,79.8286,0,0.000000,0.000000
2016-01-11,-0.00183214,115.8131,1,0.047194,279.724080,0.01570467,81.3991,0,0.000000,0.000000
2016-01-12,0.00096881,115.9100,1,0.056049,280.701480,-0.00008363,81.3907,1,0.048813,276.956941
2016-01-13,0.01671523,117.5815,1,0.047637,282.392630,-0.01555339,79.8354,1,0.052619,302.667690
2016-01-14,-0.00516641,117.0649,1,0.063971,357.476260,-0.02056517,77.7788,0,0.000000,0.000000
2016-01-15,0.00618912,117.6838,1,0.047878,304.042210,0.00542486,78.3213,0,0.000000,0.000000
2016-01-19,0.00391885,118.0757,1,0.048485,299.039390,-0.01489798,76.8315,0,0.000000,0.000000
2016-01-20,0.01499435,119.5751,1,0.051935,339.283690,-0.00948873,75.8826,1,0.060923,355.847966
2016-01-21,-0.00276785,119.2983,1,0.059975,338.042170,-0.00203026,75.6796,1,0.060586,338.284370
2016-01-22,0.01544940,120.8433,1,0.065020,321.972430,-0.02049979,73.6296,1,0.066739,322.212480
2016-01-25,-0.01437943,119.4053,1,0.065253,303.846560,-0.02441073,71.1886,0,0.000000,0.000000
2016-01-26,0.00332470,119.7378,1,0.045460,279.255910,0.00089048,71.2776,0,0.000000,0.000000
2016-01-27,0.01405866,121.1437,1,0.059474,284.322550,-0.00273689,71.0039,0,0.000000,0.000000
2016-01-28,-0.01895263,119.2484,1,0.062103,338.556880,0.01054160,72.0581,1,0.063110,300.797821
2016-01-29,-0.01446661,117.8017,1,0.043171,242.444460,0.01036255,73.0943,1,0.049775,281.678130
2016-02-01,0.00233226,118.0350,1,0.044804,265.503250,-0.00922158,72.1722,0,0.000000,0.000000
2016-02-02,-0.00165239,117.8697,1,0.049389,280.901690,0.00262215,72.4344,1,0.064915,366.740389
2016-02-03,-0.01619545,116.2502,1,0.052475,317.606630,0.01001538,73.4359,1,0.053962,318.544910
2016-02-04,-0.01325519,114.9247,1,0.042939,263.540830,0.00882549,74.3185,1,0.048561,283.409360
2016-02-05,0.00423879,115.3485,1,0.035231,223.913000,-0.00596418,73.7221,1,0.039258,263.621170
2016-02-08,-0.00946160,114.4024,1,0.068550,319.362510,-0.00444261,73.2778,0,0.000000,0.000000
2016-02-09,0.00048499,114.4509,1,0.054971,297.962130,0.00649797,73.9276,0,0.000000,0.000000
2016-02-10,0.00909938,115.3608,1,0.061622,300.288470,-0.00040871,73.8867,1,0.054141,277.432179
2016-02-11,-0.02385368,112.9754,1,0.076528,381.053360,0.02547477,76.4342,1,0.066453,321.714570
2016-02-12,0.01984563,114.9600,1,0.051397,240.900460,0.00945365,77.3796,0,0.000000,0.000000
2016-02-16,-0.01937029,113.0230,1,0.061459,363.242820,-0.00969383,76.4102,0,0.000000,0.000000
2016-02-17,-0.01907880,111.1151,1,0.034630,204.906850,-0.00691797,75.7184,0,0.000000,0.000000
2016-02-18,0.01896075,113.0112,1,0.036835,183.594330,-0.02171965,73.5464,0,0.000000,0.000000
2016-02-19,0.02850013,115.8612,1,0.042847,300.985710,-0.02928876,70.6176,1,0.060096,386.536292
2016-02-22,0.00753389,116.6146,1,0.063131,359.297180,-0.01464471,69.1531,1,0.069701,379.607780
2016-02-23,0.00853830,117.4684,1,0.065950,343.627520,0.00564789,69.7179,0,0.000000,0.000000
2016-02-24,0.00062791,117.5312,1,0.057169,298.266800,-0.00874424,68.8435,1,0.046314,261.670853
2016-02-25,0.02738948,120.2701,1,0.076262,301.811440,-0.01635696,67.2078,1,0.078406,322.245850
2016-02-26,0.00081638,120.3518,1,0.059932,343.102550,0.00414164,67.6219,0,0.000000,0.000000
2016-02-29,0.00052181,120.4040,1,0.051979,321.718070,-0.00643922,66.9780,1,0.044512,303.780720
2016-03-01,0.01353477,121.7574,1,0.047813,301.301520,-0.01876166,65.1018,1,0.051696,360.865850
2016-03-02,-0.00528851,121.2286,1,0.064471,366.125070,-0.00945080,64.1568,0,0.000000,0.000000
2016-03-03,-0.01190911,120.0377,1,0.051691,322.015720,0.00933534,65.0903,1,0.068296,367.435527
2016-03-04,-0.01433744,118.6039,1,0.036034,241.836360,0.01433494,66.5238,1,0.040116,261.815390
2016-03-07,-0.00538493,118.0654,1,0.046263,261.784950,0.00634632,67.1584,1,0.047418,261.905730
2016-03-08,0.01412900,119.4783,1,0.043520,282.279590,-0.00932882,66.2255,1,0.047332,282.379390
2016-03-09,-0.00014448,119.4639,1,0.054598,337.766760,-0.00994275,65.2313,1,0.064645,357.438550
2016-03-10,-0.00236129,119.2278,1,0.047779,301.501610,0.00665773,65.8970,1,0.059437,342.370690
2016-03-11,-0.00405421,118.8223,1,0.047091,261.305390,-0.00291990,65.6050,1,0.046690,241.544010
2016-03-14,0.00504266,119.3266,1,0.058504,343.917650,-0.00027745,65.5773,0,0.000000,0.000000
2016-03-15,-0.00206850,119.1198,1,0.059990,320.243690,0.00618725,66.1960,1,0.060435,303.686865
2016-03-16,0.00327457,119.4472,1,0.053033,300.091140,-0.00370035,65.8260,1,0.046225,280.271320
2016-03-17,-0.01021464,118.4257,1,0.052984,322.444210,-0.00459829,65.3662,0,0.000000,0.000000
2016-03-18,0.00729140,119.1549,1,0.041750,202.285200,-0.01391714,63.9744,1,0.061104,364.720758
2016-03-21,-0.00244782,118.9101,1,0.055372,341.339670,-0.00230635,63.7438,1,0.058215,381.020550
2016-03-22,0.00949647,119.8598,1,0.039403,260.044810,-0.00818138,62.9257,1,0.041208,300.221980
2016-03-23,0.00799950,120.6597,1,0.045540,319.967930,-0.00537418,62.3883,1,0.048818,339.994710
2016-03-24,0.00341953,121.0017,1,0.057337,338.626810,-0.00259569,62.1287,1,0.056199,338.644060
2016-03-28,0.01448593,122.4502,1,0.051957,320.554770,-0.01409615,60.7191,1,0.049535,301.097390
2016-03-29,0.01083291,123.5335,1,0.064889,361.021010,-0.01125217,59.5939,1,0.057917,340.929540
2016-03-30,0.00491910,124.0255,1,0.058550,362.960300,0.00311960,59.9058,0,0.000000,0.000000
2016-03-31,0.00658661,124.6841,1,0.054609,360.477020,-0.00969911,58.9359,1,0.046761,263.154822
2016-04-01,0.00538229,125.2223,1,0.049011,320.116050,-0.00296065,58.6398,1,0.047905,340.424590
2016-04-04,-0.00204067,125.0183,1,0.044387,281.513460,-0.00203366,58.4365,1,0.049676,321.681520
2016-04-05,0.00788941,125.8072,1,0.041499,299.714720,0.01200940,59.6374,0,0.000000,0.000000
2016-04-06,-0.00262170,125.5450,1,0.049680,259.781420,0.00293237,59.9306,0,0.000000,0.000000
2016-04-07,0.00835952,126.3810,1,0.044838,282.352190,0.00512657,60.4433,0,0.000000,0.000000
2016-04-08,-0.00710241,125.6708,1,0.051481,279.314290,0.00582418,61.0257,0,0.000000,0.000000
2016-04-11,-0.00714646,124.9561,1,0.048926,301.400440,-0.00141001,60.8847,1,0.048741,260.109818
2016-04-12,-0.00968245,123.9879,1,0.052465,261.013700,0.00803054,61.6878,1,0.064546,340.115500
2016-04-13,-0.01138442,122.8494,1,0.041652,222.422920,0.01438084,63.1259,0,0.000000,0.000000
2016-04-14,-0.00246325,122.6031,1,0.041195,243.743430,-0.00320523,62.8053,1,0.048843,286.450176
2016-04-15,0.01461556,124.0647,1,0.030624,220.134970,-0.01546647,61.2587,1,0.045507,299.989620
2016-04-18,-0.00848102,123.2166,1,0.054992,380.292720,0.01232860,62.4915,1,0.058630,380.400100
2016-04-19,-0.01376894,121.8397,1,0.038824,241.830650,0.00444523,62.9361,0,0.000000,0.000000
2016-04-20,-0.00305540,121.5341,1,0.039430,262.084370,-0.00053684,62.8824,1,0.044554,284.624894
2016-04-21,-0.02126313,119.4078,1,0.049613,320.823890,0.03570354,66.4527,1,0.047106,301.294570
2016-04-22,0.00801025,120.2088,1,0.039555,240.816280,-0.00729152,65.7236,1,0.029062,182.726660
2016-04-25,0.00482114,120.6909,1,0.061546,361.261220,-0.00119783,65.6038,1,0.063413,360.981410
2016-04-26,0.01019294,121.7102,1,0.052426,340.061360,-0.01127794,64.4760,1,0.052754,339.819970
2016-04-27,-0.00508122,121.2021,1,0.059312,361.307760,0.00406830,64.8828,1,0.057230,361.045400
2016-04-28,0.00994175,122.1963,1,0.041005,242.176350,-0.00208535,64.6743,1,0.040915,262.019640
2016-04-29,-0.01142304,121.0540,1,0.043874,298.114580,0.00737759,65.4121,1,0.042141,258.367860
2016-05-02,0.00821565,121.8756,1,0.040175,241.067870,-0.00826728,64.5853,1,0.050568,260.961340
2016-05-03,0.00534906,122.4105,1,0.057404,342.554420,0.02383481,66.9688,0,0.000000,0.000000
2016-05-04,-0.00735016,121.6754,1,0.043356,299.884390,0.01289846,68.2587,0,0.000000,0.000000
2016-05-05,-0.00065312,121.6101,1,0.046142,260.294780,0.00439803,68.6985,1,0.040647,241.851322
2016-05-06,-0.00234809,121.3753,1,0.048709,301.093390,-0.00131971,68.5665,1,0.045021,280.823650
2016-05-09,0.00511510,121.8868,1,0.050390,301.242000,-0.00397327,68.1692,1,0.055567,361.654190
2016-05-10,0.01070764,122.9576,1,0.054976,301.562580,-0.01612975,66.5562,1,0.051915,321.511760
2016-05-11,0.00147415,123.1050,1,0.058325,342.572220,-0.01233708,65.3225,0,0.000000,0.000000
2016-05-12,0.00856772,123.9618,1,0.039678,280.427040,-0.00372769,64.9497,1,0.050009,320.945794
2016-05-13,0.00057714,124.0195,1,0.052336,320.027090,0.00262606,65.2123,1,0.056564,340.860560
2016-05-16,0.00415513,124.4350,1,0.051077,279.823190,-0.00626931,64.5854,0,0.000000,0.000000
2016-05-17,-0.00089441,124.3456,1,0.049231,322.064670,-0.01007226,63.5782,0,0.000000,0.000000
2016-05-18,-0.01865973,122.4796,1,0.031413,240.859410,0.00086637,63.6648,0,0.000000,0.000000
2016-05-19,0.01831720,124.3113,1,0.035760,201.448460,-0.01866045,61.7988,1,0.041765,317.641650
2016-05-20,0.00537172,124.8485,1,0.058058,379.958860,-0.00720049,61.0787,1,0.057189,380.075520
2016-05-23,-0.00639768,124.2087,1,0.040448,301.938950,0.00080879,61.1596,0,0.000000,0.000000
2016-05-24,0.01620745,125.8295,1,0.044765,260.569940,-0.01274224,59.8854,1,0.043624,322.259787
2016-05-25,0.00226789,126.0563,1,0.050441,341.868070,0.00956815,60.8422,0,0.000000,0.000000
2016-05-26,-0.00161869,125.8944,1,0.049329,301.510250,0.00264978,61.1072,1,0.040922,243.734542
2016-05-27,0.00202883,126.0973,1,0.038827,300.974520,-0.00807974,60.2992,1,0.041034,321.019520
2016-05-31,-0.00357985,125.7393,1,0.045805,341.584470,0.00869440,61.1686,0,0.000000,0.000000
2016-06-01,-0.00315948,125.4233,1,0.032268,220.752560,0.00141302,61.3099,1,0.037948,262.463976
2016-06-02,-0.00613510,124.8098,1,0.048190,300.939380,0.00495987,61.8059,1,0.052213,340.980990
2016-06-03,-0.00568608,124.2412,1,0.031728,241.952840,0.00618000,62.4239,1,0.034590,281.839600
2016-06-06,0.00135707,124.3769,1,0.041673,280.910580,-0.00030754,62.3932,1,0.044594,320.784610
2016-06-07,0.00239406,124.6163,1,0.044584,321.919660,-0.00916787,61.4764,1,0.043707,341.881240
2016-06-08,0.01095568,125.7119,1,0.055372,360.347410,-0.00494242,60.9821,1,0.056352,360.977440
2016-06-09,-0.01703241,124.0087,1,0.044931,300.795200,0.01847142,62.8293,1,0.043848,300.501550
2016-06-10,-0.01920886,122.0878,1,0.041646,261.442190,0.01613487,64.4428,1,0.035703,241.816990
2016-06-13,-0.00307002,121.7808,1,0.025782,220.487380,0.00006714,64.4495,0,0.000000,0.000000
2016-06-14,-0.00376622,121.4041,1,0.041552,279.665820,0.02224553,66.6740,0,0.000000,0.000000
2016-06-15,0.00080622,121.4848,1,0.041678,300.119510,-0.00259856,66.4142,1,0.016886,122.708783
2016-06-16,-0.00273984,121.2108,1,0.043394,280.362560,0.00248681,66.6629,1,0.042389,340.034070
2016-06-17,-0.00009205,121.2016,1,0.040225,281.126770,-0.00153244,66.5096,1,0.040834,301.331770
2016-06-20,0.01081435,122.2830,1,0.044345,281.148680,-0.01185525,65.3241,1,0.050805,301.369210
2016-06-21,0.00668587,122.9516,1,0.052963,341.667560,-0.00813937,64.5101,1,0.057457,361.763420
2016-06-22,0.00921031,123.8726,1,0.058439,320.144930,-0.00720667,63.7895,1,0.060017,340.037760
2016-06-23,-0.00615549,123.2571,1,0.055149,339.878110,-0.00016844,63.7726,1,0.050064,320.058050
2016-06-24,0.05300098,128.5572,1,0.053322,283.998380,-0.01449441,62.3232,0,0.000000,0.000000
2016-06-27,-0.05468393,123.0888,1,0.059823,393.420700,0.00216117,62.5393,0,0.000000,0.000000
2016-06-28,0.01713749,124.8025,1,0.021241,122.168730,0.00007514,62.5468,0,0.000000,0.000000
2016-06-29,-0.01086231,123.7163,1,0.059071,383.350310,-0.00195159,62.3517,0,0.000000,0.000000
2016-06-30,0.01545565,125.2619,1,0.039615,243.987460,-0.00172120,62.1795,0,0.000000,0.000000
2016-07-01,0.00067292,125.3292,1,0.040568,305.865120,-0.00318796,61.8607,0,0.000000,0.000000
2016-07-05,0.00844313,126.1735,1,0.054697,320.711540,-0.00151432,61.7093,1,0.058192,323.699729
2016-07-06,0.00472588,126.6461,1,0.050312,337.945870,-0.00856877,60.8524,1,0.049127,318.798700
2016-07-07,-0.00887969,125.7581,1,0.050789,360.709480,0.01125327,61.9778,1,0.050553,360.480110
2016-07-08,-0.01011708,124.7464,1,0.030698,241.737160,0.00788960,62.7667,1,0.029370,221.581680
2016-07-11,-0.01524235,123.2222,1,0.040735,263.255630,0.01068375,63.8351,0,0.000000,0.000000
2016-07-12,-0.02543862,120.6783,1,0.025362,181.657400,0.01243307,65.0784,1,0.032093,224.898759
2016-07-13,0.00265583,120.9439,1,0.026747,183.364080,-0.00184495,64.8939,1,0.035825,261.844440
2016-07-14,0.00750106,121.6940,1,0.047394,340.581350,-0.01500011,63.3939,1,0.047341,360.635570
2016-07-15,0.00045731,121.7397,1,0.054209,340.370840,-0.00090731,63.3032,1,0.057481,380.477970
2016-07-18,0.00017312,121.7570,1,0.044188,280.947540,-0.00253781,63.0494,1,0.044161,300.947090
2016-07-19,0.00464285,122.2213,1,0.035655,241.242660,-0.00329871,62.7195,1,0.041911,301.233020
2016-07-20,0.00386204,122.6075,1,0.046426,339.945040,-0.00567772,62.1517,1,0.043482,339.579320
2016-07-21,0.00798851,123.4064,1,0.061529,401.479330,-0.00869944,61.2818,1,0.056574,381.792530
2016-07-22,0.00671405,124.0778,1,0.056235,379.600440,-0.00851070,60.4307,1,0.050870,359.944570
2016-07-25,0.00224613,124.3024,1,0.046137,300.852400,-0.00619961,59.8108,1,0.050351,360.715500
2016-07-26,-0.00232516,124.0699,1,0.042926,320.585250,0.00278906,60.0897,1,0.045234,360.286390
2016-07-27,-0.00993670,123.0762,1,0.034590,301.049850,0.00109503,60.1992,1,0.033837,301.034300
2016-07-28,-0.00211610,122.8646,1,0.033010,240.929460,0.00264634,60.4638,1,0.041636,279.844040
2016-07-29,0.00196218,123.0608,1,0.047662,301.076920,-0.00133282,60.3305,1,0.046782,301.551950
2016-08-01,-0.00839752,122.2210,1,0.039292,242.260220,0.00531699,60.8622,1,0.046251,262.431540
2016-08-02,0.00381938,122.6030,1,0.026282,201.063580,-0.00310559,60.5517,1,0.037799,260.760870
2016-08-03,-0.00386673,122.2163,1,0.051623,319.455820,-0.01220890,59.3308,0,0.000000,0.000000
2016-08-04,0.01079421,123.2957,1,0.043609,300.930270,-0.01533255,57.7975,1,0.061205,379.471327
2016-08-05,0.00607546,123.9033,1,0.051394,359.806070,-0.00862227,56.9353,1,0.059497,399.781650
2016-08-08,-0.00827325,123.0760,1,0.041135,342.177600,0.00648190,57.5835,1,0.040650,342.684710
2016-08-09,0.00555492,123.6314,1,0.029178,261.039150,-0.00008466,57.5750,1,0.037206,300.907140
2016-08-10,0.00592068,124.2235,1,0.046222,280.752190,-0.00709852,56.8652,1,0.046412,341.066720
2016-08-11,-0.00185470,124.0380,1,0.035300,299.817470,0.00041077,56.9062,1,0.045103,359.497580
2016-08-12,0.01157873,125.1959,1,0.033487,261.215950,0.00103295,57.0095,0,0.000000,0.000000
2016-08-15,0.00606311,125.8022,1,0.044269,300.340160,-0.01358999,55.6505,1,0.032959,261.275699
2016-08-16,-0.00724631,125.0776,1,0.048971,301.412400,0.00205280,55.8558,1,0.046550,360.542460
2016-08-17,0.00290463,125.3681,1,0.029727,199.905900,-0.00686462,55.1694,0,0.000000,0.000000
2016-08-18,-0.00375151,124.9929,1,0.043841,241.830190,-0.00107190,55.0622,1,0.056550,379.344999
2016-08-19,-0.00000822,124.9921,1,0.033562,260.998670,-0.00603094,54.4591,1,0.037814,280.755060
2016-08-22,0.00736787,125.7289,1,0.040463,279.874560,-0.00674354,53.7847,1,0.047274,339.387200
2016-08-23,-0.02150398,123.5785,1,0.050498,360.475410,0.01608643,55.3934,1,0.053857,380.363860
2016-08-24,0.00464488,124.0430,1,0.037332,263.391500,-0.00395454,54.9979,1,0.044234,323.204900
2016-08-25,0.00295546,124.3385,1,0.039514,299.461860,-0.00388981,54.6089,1,0.048521,339.384580
2016-08-26,-0.00328778,124.0097,1,0.038538,300.481680,0.00301592,54.9105,1,0.046138,340.437820
2016-08-29,0.00185181,124.1949,1,0.032359,240.571880,-0.00484898,54.4256,1,0.039798,280.486350
2016-08-30,-0.00928758,123.2662,1,0.044678,321.462240,-0.00118640,54.3070,0,0.000000,0.000000
2016-08-31,0.00837755,124.1039,1,0.036325,241.332440,-0.01313946,52.9930,1,0.031476,262.226128
2016-09-01,-0.00379827,123.7241,1,0.049107,339.585120,-0.00016344,52.9767,1,0.052394,359.649630
2016-09-02,0.01046054,124.7701,1,0.037306,281.323900,-0.00794831,52.1819,1,0.045221,320.746210
2016-09-06,-0.00558491,124.2116,1,0.048461,341.116860,-0.00132560,52.0493,0,0.000000,0.000000
2016-09-07,-0.00433882,123.7778,1,0.030532,240.651110,0.00165016,52.2143,1,0.049364,361.289124
2016-09-08,0.00065663,123.8434,1,0.027887,221.100310,0.00453599,52.6679,1,0.041681,301.150140
2016-09-09,-0.00267391,123.5760,1,0.031101,299.604890,-0.00775026,51.8929,1,0.025676,219.783020
2016-09-12,0.00461695,124.0377,1,0.040365,277.519630,0.00631053,52.5239,0,0.000000,0.000000
2016-09-13,0.00106483,124.1442,1,0.050257,363.336060,-0.01212606,51.3113,0,0.000000,0.000000
2016-09-14,-0.01060490,123.0837,1,0.036190,219.001300,-0.00159393,51.1519,0,0.000000,0.000000
2016-09-15,-0.00701490,122.3822,1,0.025430,221.333180,0.00185027,51.3370,1,0.044643,335.314659
2016-09-16,0.00401226,122.7835,1,0.031284,242.816040,0.00176689,51.5137,0,0.000000,0.000000
2016-09-19,-0.00607515,122.1759,1,0.037235,339.776930,0.00558637,52.0723,1,0.035513,262.676002
2016-09-20,0.00105227,122.2812,1,0.039713,281.297780,0.00034598,52.1069,1,0.041542,281.137270
2016-09-21,-0.00402021,121.8792,1,0.049101,320.620420,0.00810175,52.9171,1,0.041765,280.971140
2016-09-22,0.00219753,122.0989,1,0.040117,263.476220,0.00181148,53.0982,0,0.000000,0.000000
2016-09-23,-0.00807946,121.2910,1,0.039296,281.641130,0.00469320,53.5675,1,0.047420,284.563319
2016-09-26,-0.00535960,120.7550,1,0.022600,201.018290,0.00772946,54.3405,1,0.033014,280.452500
2016-09-27,0.00523966,121.2790,1,0.024804,220.343560,-0.00489404,53.8511,0,0.000000,0.000000
2016-09-28,-0.00701064,120.5779,1,0.040594,340.488470,0.00438306,54.2894,1,0.043784,358.622700
2016-09-29,-0.00272133,120.3058,1,0.037973,261.142110,0.00213517,54.5029,1,0.049413,320.963730
2016-09-30,-0.00523411,119.7824,1,0.039591,259.073320,0.00615681,55.1186,0,0.000000,0.000000
2016-10-03,-0.02170006,117.6123,1,0.039206,302.662660,0.02724899,57.8435,1,0.039641,280.839772
2016-10-04,-0.01343937,116.2684,1,0.038317,261.865060,0.00898943,58.7424,1,0.032657,222.052680
2016-10-05,-0.02261945,114.0065,1,0.032975,220.402020,0.02329804,61.0722,1,0.041576,279.639600
2016-10-06,0.00535050,114.5415,1,0.023680,182.011770,-0.00829540,60.2427,1,0.033920,222.009380
2016-10-07,0.00178828,114.7203,1,0.042102,320.790550,0.00066332,60.3090,1,0.040448,360.580220
2016-10-10,-0.00063193,114.6572,1,0.038133,279.416970,0.00200378,60.5094,0,0.000000,0.000000
2016-10-11,0.00008366,114.6655,1,0.040034,261.318680,-0.00156199,60.3532,1,0.039649,320.806234
2016-10-12,0.00450102,115.1156,1,0.044338,278.123280,-0.00272247,60.0810,0,0.000000,0.000000
2016-10-13,-0.00627235,114.4884,1,0.043405,320.027780,0.01095609,61.1766,1,0.043811,357.310504
2016-10-14,0.01412459,115.9008,1,0.031441,240.428830,-0.00674179,60.5024,1,0.029259,220.752320
2016-10-17,0.00403673,116.3045,1,0.046507,339.954760,0.00400150,60.9025,1,0.049340,360.149920
2016-10-18,0.00896997,117.2015,1,0.041873,321.325960,-0.00975157,59.9274,1,0.040537,300.758370
2016-10-19,-0.00477609,116.7239,1,0.057219,321.890970,0.00348735,60.2761,1,0.059935,362.112280
2016-10-20,0.01355621,118.0795,1,0.034709,261.892030,-0.01320947,58.9552,1,0.040327,281.881330
2016-10-21,0.00106276,118.1858,1,0.035764,280.933290,0.00265927,59.2211,1,0.044083,340.178560
2016-10-24,-0.00011450,118.1744,1,0.044670,300.024860,0.00171616,59.3927,1,0.042364,320.139670
2016-10-25,-0.00246358,117.9280,1,0.053408,301.038980,0.00793945,60.1867,0,0.000000,0.000000
2016-10-26,-0.02141683,115.7863,1,0.036363,260.141710,0.02332140,62.5188,1,0.037130,281.242684
2016-10-27,-0.00187917,115.5984,1,0.023827,221.592560,0.00800194,63.3190,1,0.026016,241.698030
2016-10-28,-0.00475253,115.1231,1,0.041533,260.727210,0.00259885,63.5789,1,0.039445,260.949090
2016-10-31,0.01232719,116.3559,1,0.046621,260.626900,-0.01101676,62.4772,1,0.048546,300.468590
2016-11-01,0.00949895,117.3058,1,0.045435,280.189000,-0.01255129,61.2221,1,0.050479,300.484030
2016-11-02,-0.01509773,115.7960,1,0.061283,378.289610,0.00430340,61.6524,1,0.067250,379.021570
2016-11-03,-0.00622272,115.1737,1,0.052462,260.600750,0.00275102,61.9275,0,0.000000,0.000000
2016-11-04,-0.00284177,114.8895,1,0.058287,281.292910,0.00223255,62.1508,1,0.056565,319.734179
2016-11-07,-0.00315338,114.5742,1,0.039988,302.034430,0.00289863,62.4406,1,0.042147,321.837160
2016-11-08,-0.00375540,114.1987,1,0.055780,284.334090,0.01102127,63.5428,0,0.000000,0.000000
2016-11-09,0.01144129,115.3428,1,0.051891,341.617520,-0.00862369,62.6804,1,0.036799,246.422159
2016-11-10,-0.04700525,110.6423,1,0.053805,323.515280,0.03983471,66.6639,1,0.057869,362.165370
2016-11-11,-0.00115043,110.5272,1,0.028453,223.118160,0.00029425,66.6933,1,0.035435,262.025400
2016-11-14,-0.00405766,110.1215,1,0.040596,280.263770,-0.00028766,66.6645,1,0.046766,320.174020
2016-11-15,0.01003019,111.1245,1,0.056071,322.362330,-0.01275903,65.3886,1,0.052123,302.844160
2016-11-16,-0.00422986,110.7015,1,0.045156,321.310630,0.00287428,65.6760,1,0.061802,361.381560
2016-11-17,-0.01304614,109.3969,1,0.042934,280.847190,0.01507992,67.1840,1,0.052948,301.076350
2016-11-18,0.00103492,109.5004,1,0.046208,342.321340,-0.00313831,66.8702,1,0.044521,302.922420
2016-11-21,-0.00631791,108.8686,1,0.032461,239.842360,0.00466579,67.3368,1,0.042311,319.508430
2016-11-22,0.02180716,111.0493,1,0.042494,262.206610,-0.02123814,65.2130,1,0.045854,282.116170
2016-11-23,0.00722770,111.7721,1,0.056930,340.011030,-0.00792720,64.4203,1,0.055300,340.188460
2016-11-25,0.00600637,112.3727,1,0.059123,340.844240,-0.00771360,63.6489,1,0.058030,360.860200
2016-11-28,-0.00814424,111.5583,1,0.059474,322.016060,0.00614182,64.2631,1,0.067528,362.074370
2016-11-29,0.00284471,111.8427,1,0.049439,280.783790,-0.00182599,64.0805,1,0.046779,241.624230
2016-11-30,0.00662504,112.5052,1,0.048986,320.518610,-0.01402694,62.6778,1,0.052234,320.697660
2016-12-01,-0.02688021,109.8172,1,0.038721,280.625030,0.02465690,65.1435,1,0.053800,359.088280
2016-12-02,0.01961465,111.7787,1,0.032465,201.601140,-0.01974150,63.1693,1,0.039460,221.792710
2016-12-05,0.00092721,111.8714,1,0.044489,360.710530,-0.00551258,62.6181,1,0.047878,380.681690
2016-12-06,-0.00404519,111.4669,1,0.049389,301.961430,0.00225684,62.8437,1,0.051386,321.647400
2016-12-07,0.00102656,111.5695,1,0.025634,201.551190,-0.00300045,62.5437,1,0.044655,321.569510
2016-12-08,-0.01278952,110.2906,1,0.042412,302.452950,0.01061496,63.6052,1,0.041334,341.586590
2016-12-09,0.00891264,111.1819,1,0.041746,242.797760,-0.01168432,62.4368,1,0.047402,302.532010
2016-12-12,0.00242277,111.4241,1,0.041833,301.277110,0.00080426,62.5172,1,0.053524,341.507210
2016-12-13,-0.00728218,110.6959,1,0.042288,299.492870,0.01478164,63.9954,1,0.053556,299.662370
2016-12-14,-0.00059664,110.6363,1,0.038284,261.427070,-0.00021320,63.9740,1,0.035040,261.867180
2016-12-15,0.00059757,110.6960,1,0.045343,298.890040,-0.00162134,63.8119,0,0.000000,0.000000
2016-12-16,0.01003458,111.6995,1,0.043332,321.227380,-0.00897484,62.9144,1,0.044744,359.198511
2016-12-19,-0.00262121,111.4373,1,0.039081,320.033350,0.00304359,63.2188,1,0.041371,359.864380
2016-12-20,0.00649518,112.0869,1,0.040732,261.330040,-0.00720220,62.4986,1,0.040740,281.302950
2016-12-21,-0.00304901,111.7820,1,0.051721,320.834190,0.00126905,62.6255,1,0.056915,360.441560
2016-12-22,-0.00475171,111.3068,1,0.040981,320.667180,0.01005081,63.6305,1,0.035889,300.949060
2016-12-23,0.00291388,111.5982,1,0.047552,279.839770,-0.00458576,63.1720,1,0.041386,260.742070
2016-12-27,-0.00232093,111.3661,1,0.043683,320.356920,-0.00042941,63.1290,1,0.055461,340.393410
2016-12-28,0.00446656,111.8127,1,0.043394,240.988070,-0.00462767,62.6663,1,0.039137,260.900420
2016-12-29,-0.00068630,111.7441,1,0.054610,298.502710,0.00210651,62.8769,0,0.000000,0.000000
2016-12-30,0.00065375,111.8095,1,0.049995,320.816240,-0.00139668,62.7372,1,0.047118,299.101822
2017-01-03,-0.00345520,111.4640,1,0.039880,319.645910,0.00128102,62.8653,1,0.041878,320.344650
2017-01-04,0.00225944,111.6899,1,0.031076,221.594200,-0.00379710,62.4856,1,0.042100,281.586040
2017-01-05,-0.00310241,111.3797,1,0.058441,302.617700,0.00237667,62.7233,0,0.000000,0.000000
2017-01-06,-0.00298054,111.0816,1,0.032234,220.003040,0.00305931,63.0292,1,0.039009,321.822973
2017-01-09,-0.00200213,110.8814,1,0.034213,260.806720,0.00346265,63.3755,1,0.040185,301.004160
2017-01-10,-0.01466677,109.4147,1,0.036697,299.863900,0.01533280,64.9088,1,0.032640,279.893350
2017-01-11,0.00457096,109.8718,1,0.043894,261.933640,-0.00566350,64.3424,1,0.039210,222.069580
2017-01-12,0.00909830,110.7817,1,0.045320,301.083110,-0.01006339,63.3361,1,0.056989,340.806060
2017-01-13,0.01359294,112.1409,1,0.040566,280.405050,-0.01285531,62.0506,1,0.057331,340.477610
2017-01-17,0.01150665,113.2916,1,0.055735,341.062540,-0.01060415,60.9901,1,0.053595,361.128820
2017-01-18,0.00526171,113.8178,1,0.053309,320.462340,-0.00965040,60.0251,1,0.053050,360.270540
2017-01-19,0.00214058,114.0318,1,0.047792,320.534340,-0.00206918,59.8182,1,0.054748,380.602370
2017-01-20,-0.00307137,113.7247,1,0.043357,279.377830,0.00940240,60.7584,0,0.000000,0.000000
2017-01-23,-0.00229250,113.4955,1,0.033870,260.642480,0.00234769,60.9932,1,0.047561,321.196760
2017-01-24,-0.00827276,112.6682,1,0.043636,280.545920,0.00864153,61.8573,1,0.042087,280.798670
2017-01-25,-0.00741735,111.9264,1,0.053105,263.050940,-0.00512152,61.3452,0,0.000000,0.000000
2017-01-26,-0.00477874,111.4486,1,0.037654,281.304250,0.00674896,62.0201,1,0.051324,364.785697
2017-01-27,0.00193779,111.6423,1,0.027261,200.658180,-0.00005886,62.0142,1,0.029366,260.671320
2017-01-30,0.00103499,111.7458,1,0.031591,279.836560,0.00011165,62.0254,1,0.031465,300.483060
2017-01-31,0.00543492,112.2893,1,0.037108,240.306610,0.00051816,62.0772,1,0.038264,280.192910
2017-02-01,-0.00158723,112.1306,1,0.037973,281.351320,-0.00586082,61.4911,1,0.041622,321.157760
2017-02-02,0.00820218,112.9508,1,0.036042,260.285450,-0.01919156,59.5719,1,0.050946,379.250600
2017-02-03,0.00154505,113.1053,1,0.051725,361.475820,-0.00328653,59.2433,1,0.054753,381.072110
2017-02-06,-0.00661184,112.4442,1,0.037074,302.065630,0.00587348,59.8306,0,0.000000,0.000000
2017-02-07,-0.00615423,111.8287,1,0.031713,240.701770,0.00463049,60.2937,1,0.040551,281.882064
2017-02-08,0.00065377,111.8941,1,0.045703,240.925890,0.00144721,60.4384,1,0.044919,240.760360
2017-02-09,0.01696428,113.5905,1,0.042702,280.980320,-0.02111175,58.3272,1,0.045285,320.910900
2017-02-10,0.00107096,113.6976,1,0.046914,323.075670,-0.00130935,58.1963,1,0.050415,382.623210
2017-02-13,-0.00376076,113.3216,1,0.041216,301.870830,0.00312980,58.5093,1,0.047500,341.936020
2017-02-14,0.00972429,114.2940,1,0.049651,341.603120,-0.01201856,57.3074,1,0.046336,321.468540
2017-02-15,-0.00124149,114.1698,1,0.036089,301.416940,-0.00146200,57.1612,1,0.040610,341.463060
2017-02-16,0.02299365,116.4692,1,0.032845,221.156480,-0.01094696,56.0665,1,0.048946,321.166610
2017-02-17,-0.00261117,116.2081,1,0.049197,339.094930,-0.00160882,55.9056,1,0.051062,339.217070
2017-02-21,0.00290763,116.4988,1,0.043587,280.547820,-0.00067337,55.8383,1,0.044877,320.231900
2017-02-22,0.00311127,116.8100,1,0.052663,321.502410,-0.00247938,55.5904,0,0.000000,0.000000
2017-02-23,-0.01005611,115.8044,1,0.055591,339.120090,0.02130758,57.7211,1,0.042422,339.577298
2017-02-24,0.01165643,116.9700,1,0.028247,222.266720,-0.01350763,56.3704,1,0.025423,202.822960
2017-02-27,0.00837025,117.8070,1,0.043815,283.567270,-0.01229270,55.1411,1,0.044650,283.751140
2017-02-28,0.01404309,119.2113,1,0.044491,340.262020,-0.01826359,53.3147,1,0.048279,380.294780
2017-03-01,0.00248631,119.4600,1,0.037349,339.628500,-0.00411266,52.9035,1,0.042416,379.743700
2017-03-02,0.01387662,120.8476,1,0.042838,322.061240,-0.01305620,51.5979,1,0.043590,322.058950
2017-03-03,-0.00038025,120.8096,1,0.037815,300.493680,-0.00577054,51.0208,1,0.043784,340.059170
2017-03-06,-0.00011541,120.7981,1,0.044811,280.702730,0.00037419,51.0582,1,0.047311,320.441550
2017-03-07,-0.00306857,120.4912,1,0.034767,260.018770,0.00015536,51.0738,1,0.038264,279.850650
2017-03-08,-0.00655687,119.8355,1,0.034977,220.155470,0.00058622,51.1324,1,0.038008,259.920720
2017-03-09,-0.00100806,119.7347,1,0.034216,280.680950,0.00455280,51.5877,1,0.043190,319.949790
2017-03-10,-0.00386730,119.3480,1,0.045500,320.409290,0.00215780,51.8034,1,0.044550,300.733890
2017-03-13,-0.00294404,119.0536,1,0.037654,241.382330,0.00056273,51.8597,1,0.046157,321.093150
2017-03-14,-0.00547902,118.5057,1,0.038172,240.914290,0.00357891,52.2176,1,0.046939,280.872350
2017-03-15,0.00227692,118.7334,1,0.023638,260.482630,0.00180167,52.3978,1,0.030703,300.227670
2017-03-16,-0.00182188,118.5512,1,0.040538,302.913430,-0.01104712,51.2931,0,0.000000,0.000000
2017-03-17,0.00983734,119.5349,1,0.035066,320.075930,-0.01142467,50.1506,1,0.050947,401.715397
2017-03-20,-0.00325398,119.2095,1,0.043158,340.616480,0.00366951,50.5175,1,0.037959,340.433940
2017-03-21,0.00747814,119.9573,1,0.047716,319.264940,-0.01028931,49.4886,1,0.033101,259.691330
2017-03-22,0.00163118,120.1205,1,0.036862,298.512890,-0.00184356,49.3042,1,0.057446,377.918550
2017-03-23,0.00540717,120.6612,1,0.041793,320.991180,-0.00202946,49.1013,1,0.042556,301.172210
2017-03-24,-0.00056260,120.6049,1,0.038110,300.888370,-0.00041329,49.0600,1,0.041579,360.362110
2017-03-27,-0.01215234,119.3897,1,0.041704,300.176370,0.00520672,49.5806,1,0.048878,360.021270
2017-03-28,-0.00664290,118.7254,1,0.028610,200.911670,0.00902304,50.4830,1,0.034766,241.181110
2017-03-29,-0.00091715,118.6337,1,0.029085,242.054800,0.00552905,51.0359,0,0.000000,0.000000
2017-03-30,0.00506045,119.1397,1,0.030645,280.394630,-0.00766494,50.2694,1,0.040804,301.121189
2017-03-31,0.00907497,120.0472,1,0.038093,301.038050,-0.00572208,49.6972,1,0.038908,321.365070
2017-04-03,0.00094262,120.1415,1,0.058388,340.324190,-0.00231009,49.4661,1,0.039869,320.584860
2017-04-04,-0.00391023,119.7505,1,0.047253,279.610850,-0.00243591,49.2226,1,0.045881,279.362440
2017-04-05,-0.00462720,119.2877,1,0.042930,240.819510,0.00659997,49.8826,1,0.059533,340.466150
2017-04-06,0.00779707,120.0674,1,0.036003,260.290270,-0.01020087,48.8625,1,0.041627,300.218370
2017-04-07,-0.00056781,120.0107,1,0.051901,340.929070,-0.00037800,48.8247,1,0.058420,380.816340
2017-04-10,0.00553724,120.5644,1,0.048756,319.830900,-0.00434758,48.3899,1,0.047568,319.993420
2017-04-11,0.00959737,121.5241,1,0.055683,360.382080,-0.00669380,47.7205,1,0.051880,320.547930
2017-04-12,-0.01122495,120.4016,1,0.050735,300.809740,0.00652003,48.3725,1,0.049577,300.800520
2017-04-13,-0.00640484,119.7611,1,0.039574,240.645600,0.00865018,49.2375,1,0.045572,300.054740
2017-04-17,0.00147905,119.9090,1,0.026305,220.207530,-0.00500117,48.7374,0,0.000000,0.000000
2017-04-18,-0.00116308,119.7927,1,0.044518,301.960890,0.00559902,49.2973,0,0.000000,0.000000
2017-04-19,-0.00845877,118.9469,1,0.034177,280.539170,0.00597168,49.8945,1,0.043222,341.084639
2017-04-20,-0.01958439,116.9884,1,0.024079,181.388500,0.01659623,51.5541,1,0.033587,241.253890
2017-04-21,-0.00213693,116.7747,1,0.023593,182.559960,0.00091310,51.6454,1,0.028800,262.308490
2017-04-24,0.00629723,117.4045,1,0.030387,220.876280,-0.00949018,50.6964,1,0.037508,300.863850
2017-04-25,-0.00145442,117.2590,1,0.046482,322.844630,-0.00355105,50.3413,0,0.000000,0.000000
2017-04-26,-0.01184570,116.0744,1,0.045480,281.379540,0.01047374,51.3887,1,0.059186,383.060791
2017-04-27,-0.00458562,115.6159,1,0.036872,241.684350,0.00760893,52.1496,1,0.041917,261.599800
2017-04-28,0.01140509,116.7564,1,0.050391,301.281530,-0.01545285,50.6043,1,0.049125,281.465390
2017-05-01,-0.00159043,116.5973,1,0.042603,339.173260,0.00247642,50.8519,1,0.053098,399.056460
2017-05-02,-0.00246246,116.3511,1,0.040906,260.680780,0.00313490,51.1654,1,0.059410,320.484740
2017-05-03,-0.01824684,114.5264,1,0.049844,340.849700,0.01317640,52.4831,1,0.046770,340.852160
2017-05-04,-0.00647115,113.8793,1,0.021795,181.803440,0.01017812,53.5009,1,0.027468,241.923710
2017-05-05,0.00802929,114.6822,1,0.037401,241.426260,-0.01109572,52.3913,1,0.047692,261.711660
2017-05-08,0.00007083,114.6893,1,0.056697,341.585670,-0.00352360,52.0389,1,0.056320,341.662480
2017-05-09,-0.00706280,113.9830,1,0.042050,299.987560,0.00251834,52.2908,1,0.054846,359.482120
2017-05-10,0.00007411,113.9904,1,0.041439,281.444470,-0.00436725,51.8541,1,0.047885,341.118960
2017-05-11,-0.00001399,113.9890,1,0.042939,300.658730,-0.00145650,51.7084,1,0.044610,360.714500
2017-05-12,-0.00022637,113.9664,1,0.031577,300.086800,0.00274926,51.9833,1,0.033774,279.918680
2017-05-15,0.00156114,114.1225,1,0.039456,279.711360,-0.00273900,51.7094,1,0.045490,299.864700
2017-05-16,-0.00573770,113.5488,1,0.041950,301.551790,-0.00580024,51.1294,0,0.000000,0.000000
2017-05-17,0.03480543,117.0293,1,0.030677,241.221720,-0.03348366,47.7810,1,0.045316,360.890155
2017-05-18,-0.00058659,116.9706,1,0.051069,376.319920,0.00206411,47.9874,0,0.000000,0.000000
2017-05-19,0.00668416,117.6391,1,0.045374,301.579210,-0.01044846,46.9426,1,0.048186,318.712855
2017-05-22,0.00328046,117.9671,1,0.041424,342.318150,0.00583414,47.5260,0,0.000000,0.000000
2017-05-23,-0.00238236,117.7289,1,0.034566,301.268890,0.00791412,48.3174,0,0.000000,0.000000
2017-05-24,-0.00291916,117.4369,1,0.042376,280.856690,0.00278595,48.5960,1,0.042175,304.530539
2017-05-25,0.01740873,119.1778,1,0.045087,301.597940,-0.01860861,46.7352,1,0.037241,302.003690
2017-05-26,0.00699388,119.8772,1,0.027242,223.358400,-0.00603832,46.1313,1,0.036572,303.313180
2017-05-30,-0.00282021,119.5952,1,0.036291,299.834410,0.00102616,46.2339,1,0.040594,340.196160
2017-05-31,-0.00363234,119.2320,1,0.028314,260.628510,0.00892529,47.1265,1,0.041701,320.385790
2017-06-01,0.00388231,119.6202,1,0.027799,241.016800,-0.01073046,46.0534,1,0.030696,221.469930
2017-06-02,0.00762028,120.3822,1,0.037112,263.502330,-0.00024616,46.0288,0,0.000000,0.000000
2017-06-05,0.00326677,120.7089,1,0.039203,281.335760,-0.00312406,45.7164,1,0.046536,303.853201
2017-06-06,-0.00252930,120.4560,1,0.043980,319.749100,-0.00093801,45.6226,1,0.053321,359.582470
2017-06-07,-0.00249922,120.2060,1,0.040982,300.015890,-0.00267766,45.3548,1,0.048516,320.580140
2017-06-08,-0.00340758,119.8653,1,0.037258,241.073480,0.00886273,46.2411,1,0.040787,281.209650
2017-06-09,-0.00010711,119.8546,1,0.042271,321.208880,0.00125937,46.3671,1,0.037513,281.349200
2017-06-12,-0.01182507,118.6721,1,0.045557,301.109100,0.01470782,47.8378,1,0.042088,321.446230
2017-06-13,0.00137357,118.8094,1,0.038753,201.267730,-0.00636375,47.2015,1,0.042855,221.539230
2017-06-14,0.00142114,118.9515,1,0.034696,261.122730,0.00111595,47.3131,1,0.043975,321.724080
2017-06-15,-0.00698657,118.2529,1,0.046397,320.232410,0.00604948,47.9180,1,0.040912,320.283350
2017-06-16,-0.00338313,117.9146,1,0.035673,241.363900,0.00311464,48.2295,1,0.040026,261.267740
2017-06-19,0.00094285,118.0088,1,0.030755,281.538920,-0.00457130,47.7723,1,0.032010,302.325590
2017-06-20,-0.00520341,117.4885,1,0.046111,341.202620,0.00492497,48.2648,1,0.041023,361.169740
2017-06-21,-0.00764535,116.7240,1,0.030395,240.460690,0.00342114,48.6069,1,0.037736,300.275700
2017-06-22,-0.00594590,116.1294,1,0.036570,240.856720,0.00518580,49.1255,1,0.037570,260.668830
2017-06-23,-0.00673938,115.4554,1,0.026588,200.918700,0.00569234,49.6948,1,0.033426,261.190450
2017-06-26,0.01479775,116.9352,1,0.018935,241.236790,-0.01650124,48.0446,1,0.030764,281.450880
2017-06-27,-0.00645850,116.2894,1,0.041950,320.962590,0.00932640,48.9773,1,0.045540,360.707300
2017-06-28,-0.00810218,115.4792,1,0.043908,259.460820,0.00842666,49.8199,1,0.045004,259.999220
2017-06-29,-0.00106638,115.3725,1,0.040878,262.232090,0.00106788,49.9267,1,0.040942,282.726790
2017-06-30,-0.00194351,115.1782,1,0.043781,299.297220,0.00617364,50.5441,1,0.043326,338.703450
2017-07-03,-0.00912819,114.2653,1,0.034169,280.375750,0.00422962,50.9671,1,0.043588,301.089070
2017-07-05,0.02176379,116.4417,1,0.050391,241.193670,-0.02291587,48.6755,1,0.061547,321.067810
2017-07-06,-0.00339148,116.1026,1,0.043738,360.330990,0.00608983,49.2845,1,0.044867,380.330720
2017-07-07,-0.00203864,115.8987,1,0.040494,299.148510,0.00932654,50.2171,0,0.000000,0.000000
2017-07-10,-0.00359865,115.5388,1,0.030435,261.421470,0.01342735,51.5598,0,0.000000,0.000000
2017-07-11,-0.00093489,115.4454,1,0.042459,299.851470,-0.00111865,51.4480,1,0.026385,203.028988
2017-07-12,-0.03401358,112.0440,1,0.037128,260.232590,0.03164705,54.6127,1,0.041535,320.069720
2017-07-13,0.00566060,112.6101,1,0.029110,224.384590,0.00201232,54.8139,0,0.000000,0.000000
2017-07-14,-0.00395499,112.2146,1,0.040719,340.849450,0.00573074,55.3870,1,0.042206,325.664658
2017-07-17,0.00574668,112.7892,1,0.031072,301.925800,-0.00470182,54.9168,1,0.040382,301.861220
2017-07-18,0.00898718,113.6879,1,0.042172,320.306040,-0.00829369,54.0874,1,0.051609,340.340920
2017-07-19,-0.00853171,112.8348,1,0.041341,360.028130,0.01170645,55.2581,1,0.037205,340.399720
2017-07-20,0.00321736,113.1565,1,0.032304,221.671510,0.00458945,55.7170,0,0.000000,0.000000
2017-07-21,-0.00343531,112.8130,1,0.027121,240.418660,0.00204549,55.9216,1,0.033031,222.830675
2017-07-24,0.00892599,113.7056,1,0.025601,220.936190,-0.00815615,55.1060,1,0.034765,300.799120
2017-07-25,-0.00318816,113.3868,1,0.032706,319.449700,-0.00222523,54.8834,1,0.035473,319.435910
2017-07-26,-0.00012538,113.3742,1,0.038068,281.761550,0.00052312,54.9358,1,0.039618,321.520690
2017-07-27,0.00672329,114.0466,1,0.034251,260.977730,-0.00997693,53.9381,1,0.045893,340.717850
2017-07-28,0.00045148,114.0917,1,0.033782,299.592680,-0.01411883,52.5262,1,0.044753,339.721080
2017-07-31,0.00437423,114.5291,1,0.047797,260.649530,-0.00310202,52.2160,1,0.064842,299.286330
2017-08-01,-0.00507741,114.0214,1,0.042931,299.967420,0.00568834,52.7848,1,0.029746,299.988520
2017-08-02,-0.00429489,113.5919,1,0.041329,260.926070,0.00550236,53.3350,1,0.044954,280.940520
2017-08-03,0.00023261,113.6152,1,0.042849,300.263660,0.00401985,53.7370,1,0.040955,300.735270
2017-08-04,0.00192702,113.8079,1,0.031348,279.887090,-0.00765632,52.9714,1,0.043602,280.318740
2017-08-07,0.00302557,114.1104,1,0.042303,280.690550,-0.00069493,52.9019,1,0.055243,360.457190
2017-08-08,0.00694925,114.8053,1,0.030195,261.505520,-0.00427375,52.4745,1,0.038425,280.825250
2017-08-09,-0.00919576,113.8858,1,0.039056,299.931700,0.00803007,53.2775,1,0.044203,299.642270
2017-08-10,-0.00835401,113.0504,1,0.030091,221.450200,0.01388128,54.6657,1,0.030612,281.318850
2017-08-11,0.00565339,113.6157,1,0.024411,239.600450,-0.00911268,53.7544,1,0.036398,279.623540
2017-08-14,-0.00683683,112.9320,1,0.044043,340.493010,0.00317710,54.0721,1,0.043620,340.716230
2017-08-15,-0.00037666,112.8944,1,0.014716,202.263260,-0.00145627,53.9265,0,0.000000,0.000000
2017-08-16,0.00866877,113.7612,1,0.032643,260.017270,-0.00424803,53.5017,1,0.043373,362.289708
2017-08-17,-0.00132387,113.6288,1,0.044787,361.356140,0.00359020,53.8607,1,0.047530,381.066690
2017-08-18,-0.00210670,113.4182,1,0.039260,259.520220,-0.00114023,53.7467,0,0.000000,0.000000
2017-08-21,0.00596264,114.0144,1,0.037966,300.524210,-0.00635435,53.1112,1,0.038195,317.891042
2017-08-22,0.00087146,114.1016,1,0.039294,300.627550,-0.00253589,52.8576,1,0.035689,340.654380
2017-08-23,0.00520887,114.6225,1,0.042293,281.559640,-0.00618173,52.2395,1,0.039893,341.598660
2017-08-24,0.00544566,115.1670,1,0.034554,300.378960,-0.00504210,51.7353,1,0.038810,359.762620
2017-08-25,-0.00413377,114.7537,1,0.037107,340.212020,0.00603837,52.3391,1,0.040993,360.124200
2017-08-28,0.00561593,115.3153,1,0.029217,241.101530,-0.00634997,51.7041,1,0.036247,281.211710
2017-08-29,0.01133790,116.4490,1,0.039680,359.945170,-0.00883134,50.8210,1,0.046754,360.103370
2017-08-30,-0.00584248,115.8648,1,0.036608,259.175410,0.00135732,50.9567,1,0.048818,299.200560
2017-08-31,-0.00159894,115.7049,1,0.030464,241.742720,0.00123863,51.0806,1,0.050817,321.459330
2017-09-01,0.00357284,116.0622,1,0.037106,281.084930,-0.00493686,50.5869,1,0.043476,301.026000
2017-09-05,0.00065083,116.1273,1,0.044127,340.357250,-0.00017755,50.5691,1,0.045815,340.530670
2017-09-06,-0.00048222,116.0790,1,0.041232,319.720950,-0.00057764,50.5114,1,0.041744,319.739600
2017-09-07,-0.00161786,115.9173,1,0.034926,280.446090,-0.00602705,49.9087,1,0.039115,320.423080
2017-09-08,0.01360419,117.2777,1,0.039121,300.465920,-0.02192121,47.7165,1,0.048071,360.608390
2017-09-11,-0.01175545,116.1021,1,0.050415,380.515780,0.01380386,49.0969,1,0.054784,379.590910
2017-09-12,-0.00469678,115.6325,1,0.042228,283.012970,-0.00525088,48.5718,0,0.000000,0.000000
2017-09-13,0.00018741,115.6512,1,0.044519,301.365850,-0.00382472,48.1894,1,0.053312,382.012768
2017-09-14,-0.00973808,114.6774,1,0.019478,219.094440,0.01225784,49.4151,1,0.037186,298.429360
2017-09-15,-0.01188602,113.4888,1,0.038512,281.433870,0.01032378,50.4475,1,0.039702,281.415590
2017-09-18,0.01071212,114.5600,1,0.031268,242.059130,-0.00990158,49.4574,1,0.029768,261.681360
2017-09-19,-0.00593436,113.9666,1,0.032556,300.353220,0.00953222,50.4106,1,0.035738,320.996470
2017-09-20,0.00737275,114.7038,1,0.034795,281.095620,-0.00296665,50.1139,1,0.036125,281.610040
2017-09-21,-0.00027691,114.6761,1,0.032841,300.539030,0.00312006,50.4259,1,0.038224,341.034960
2017-09-22,-0.01151399,113.5247,1,0.028259,279.782710,0.00916739,51.3427,1,0.028511,280.277090
2017-09-25,0.01631297,115.1560,1,0.019273,261.795060,-0.00840367,50.5023,1,0.034237,301.998750
2017-09-26,0.00299571,115.4556,1,0.035289,359.883130,0.00015565,50.5179,1,0.037545,340.342030
2017-09-27,-0.01785285,113.6703,1,0.040085,340.564320,0.01122158,51.6400,1,0.037572,301.390330
2017-09-28,0.00397049,114.0674,1,0.020341,202.419520,-0.00468322,51.1717,1,0.022672,222.534610
2017-09-29,0.00284229,114.3516,1,0.039261,260.547970,-0.00477420,50.6943,1,0.048020,340.488330
2017-10-02,0.00561494,114.9131,1,0.043366,320.910730,-0.01183218,49.5111,1,0.039538,340.838660
2017-10-03,-0.00043344,114.8698,1,0.042684,320.261800,0.00169056,49.6801,1,0.056614,400.738320
2017-10-04,0.00445573,115.3153,1,0.032447,281.098120,-0.00720261,48.9599,1,0.030051,281.281410
2017-10-05,-0.00409437,114.9059,1,0.031857,301.694900,0.00160544,49.1204,1,0.040636,341.687630
2017-10-06,-0.00521254,114.3846,1,0.029834,241.075780,0.00562322,49.6827,1,0.032408,281.196060
2017-10-09,0.00357987,114.7426,1,0.035843,260.537220,0.00033136,49.7159,1,0.034334,300.792810
2017-10-10,0.00148502,114.8911,1,0.030628,299.975010,0.00106407,49.8223,1,0.036103,320.211150
2017-10-11,-0.00213332,114.6778,1,0.034382,260.773310,-0.00216386,49.6059,1,0.038436,321.198070
2017-10-12,-0.00331968,114.3458,1,0.034398,301.010530,0.00233567,49.8394,1,0.038403,340.838970
2017-10-13,-0.00945122,113.4007,1,0.025762,240.495710,-0.00054924,49.7845,1,0.035474,320.664810
2017-10-16,-0.00265902,113.1348,1,0.026542,281.241520,0.00598995,50.3835,1,0.033725,321.027110
2017-10-17,0.00999763,114.1346,1,0.030527,260.628420,-0.00652926,49.7306,1,0.037726,300.943520
2017-10-18,0.00628116,114.7627,1,0.040064,319.899590,-0.00916005,48.8146,1,0.037025,280.309420
2017-10-19,-0.00091120,114.6716,1,0.041780,361.162540,0.00232984,49.0476,1,0.048086,400.965380
2017-10-20,-0.00623762,114.0478,1,0.035052,320.721360,0.00621663,49.6692,1,0.039407,321.228990
2017-10-23,0.00220304,114.2681,1,0.039686,281.928250,-0.01237343,48.4319,1,0.041053,282.127710
2017-10-24,0.01097565,115.3657,1,0.040105,279.905230,-0.01262291,47.1696,1,0.047341,338.948210
2017-10-25,-0.00193980,115.1717,1,0.043960,341.527330,-0.00005009,47.1646,1,0.042609,341.450050
2017-10-26,0.02241749,117.4134,1,0.038471,279.793060,-0.01816292,45.3483,1,0.042712,319.484340
2017-10-27,-0.03137328,114.2761,1,0.029908,323.589340,0.02996878,48.3452,1,0.031422,322.932860
2017-10-30,0.00111925,114.3880,1,0.023015,244.701660,-0.00738090,47.6071,1,0.027680,264.468020
2017-10-31,0.00145761,114.5338,1,0.029819,220.739600,-0.00182112,47.4250,1,0.043502,339.560950
2017-11-01,0.00981042,115.5148,1,0.034648,282.622220,-0.01148984,46.2760,1,0.036374,303.165010
2017-11-02,-0.00147732,115.3671,1,0.061382,299.486710,0.00491041,46.7670,1,0.049679,339.397890
2017-11-03,-0.00930560,114.4365,1,0.026360,262.107670,0.00736252,47.5033,1,0.032088,281.758640
2017-11-06,0.00327519,114.7641,1,0.031281,262.047400,-0.00576942,46.9263,1,0.037492,301.788320
2017-11-07,0.00477711,115.2418,1,0.030239,260.196680,-0.00029459,46.8969,1,0.029299,279.948450
2017-11-08,0.00117243,115.3590,1,0.032297,300.958310,-0.00088671,46.8082,1,0.028011,300.981760
2017-11-09,0.00634763,115.9938,1,0.033847,301.102840,-0.00656173,46.1520,1,0.027723,301.261680
2017-11-10,0.00306090,116.2999,1,0.039210,319.601950,-0.00428453,45.7236,1,0.037813,359.573350
2017-11-13,-0.00560349,115.7395,1,0.035809,319.918060,0.00183912,45.9075,1,0.037578,359.706660
2017-11-14,0.00178590,115.9181,1,0.018120,202.726240,0.00042584,45.9501,1,0.025696,302.225710
2017-11-15,-0.00004470,115.9136,1,0.034060,280.128790,0.00494743,46.4448,1,0.034647,320.572840
2017-11-16,0.00554562,116.4682,1,0.035128,338.923110,-0.00678680,45.7661,1,0.030170,299.748690
2017-11-17,0.00398870,116.8671,1,0.041780,321.080610,-0.00012209,45.7539,1,0.031499,322.242550
2017-11-20,-0.00623656,116.2434,1,0.031326,320.262790,0.00435480,46.1894,1,0.039160,340.621650
2017-11-21,-0.00895532,115.3479,1,0.026802,220.833670,0.00752393,46.9418,1,0.029487,260.947360
2017-11-22,-0.00225476,115.1224,1,0.030496,281.388450,-0.00456437,46.4854,1,0.026827,281.206800
2017-11-24,-0.00008681,115.1137,1,0.034991,240.388460,-0.00266251,46.2191,1,0.043951,299.649230
2017-11-27,0.00990863,116.1046,1,0.052537,280.413970,-0.00886246,45.3329,1,0.058116,320.632600
2017-11-28,0.00035917,116.1405,1,0.037213,379.718380,0.00387677,45.7205,1,0.040083,359.853610
2017-11-29,-0.01831547,114.3090,1,0.030957,321.986150,0.00309080,46.0296,1,0.044660,362.208720
2017-11-30,-0.00167453,114.1415,1,0.018143,182.965010,0.00296905,46.3265,1,0.032155,302.609980
2017-12-01,0.00274441,114.4160,1,0.032089,241.517410,-0.00297071,46.0295,1,0.038751,301.452680
2017-12-04,-0.01001557,113.4144,1,0.040617,299.785350,0.01158016,47.1875,1,0.042304,319.787760
2017-12-05,0.00527092,113.9415,1,0.025098,242.664340,-0.00591713,46.5958,1,0.030213,282.023240
2017-12-06,0.00322731,114.2642,1,0.035289,299.729910,-0.00205094,46.3907,1,0.034714,319.560580
2017-12-07,-0.00608120,113.6561,1,0.031740,260.134980,0.00527931,46.9186,1,0.035459,320.321200
2017-12-08,-0.00549291,113.1068,1,0.036991,261.426440,-0.00184082,46.7345,1,0.041832,301.742810
2017-12-11,-0.00157810,112.9490,1,0.035290,261.540320,0.00275066,47.0096,1,0.043984,301.224030
2017-12-12,-0.00132674,112.8163,1,0.031814,280.490740,-0.00048232,46.9614,1,0.038802,320.602730
2017-12-13,0.00121128,112.9375,1,0.041362,320.367820,0.00090369,47.0517,1,0.043861,359.846850
2017-12-14,0.00069226,113.0067,1,0.030394,300.243710,0.00005637,47.0574,1,0.037263,320.411870
2017-12-15,0.00293081,113.2998,1,0.032469,279.610860,-0.00235414,46.8219,1,0.035024,279.867700
2017-12-18,-0.01440864,111.8589,1,0.033054,282.330990,-0.01029816,45.7921,0,0.000000,0.000000
2017-12-19,-0.01316971,110.5419,1,0.019851,201.682630,0.00723298,46.5154,1,0.039782,362.964177
2017-12-20,-0.00051666,110.4903,1,0.022266,220.849500,0.00257565,46.7730,1,0.025135,260.503080
2017-12-21,-0.00172228,110.3180,1,0.020118,220.547580,0.00109115,46.8821,1,0.030355,280.985980
2017-12-22,0.00166211,110.4842,1,0.029319,260.499470,-0.00389151,46.4930,1,0.041241,321.238090
2017-12-26,-0.00055051,110.4292,1,0.036651,281.105650,-0.00144765,46.3482,1,0.038845,321.055370
2017-12-27,0.00660516,111.0897,1,0.034034,280.169240,-0.00407220,45.9410,1,0.033200,319.720880
2017-12-28,-0.00083942,111.0058,1,0.032972,300.512390,-0.00326376,45.6146,1,0.043266,360.514540
2017-12-29,0.00057055,111.0628,1,0.025825,240.756610,0.00444055,46.0587,1,0.033915,320.710510
2018-01-02,-0.00222391,110.8404,1,0.035251,319.414940,-0.00837001,45.2217,1,0.031881,299.600390
2018-01-03,-0.00369844,110.4706,1,0.026574,263.240320,0.00253667,45.4753,1,0.040933,343.281800
2018-01-04,-0.00882315,109.5883,1,0.025525,180.579770,0.00977940,46.4533,1,0.039940,320.588060
2018-01-05,-0.00919334,108.6689,1,0.029074,241.301570,0.00266578,46.7198,1,0.035982,301.383060
2018-01-08,-0.00076103,108.5928,1,0.029873,221.494180,0.00162078,46.8819,1,0.041142,321.464680
2018-01-09,0.00551452,109.1443,1,0.029048,241.322410,-0.00986406,45.8955,1,0.035516,261.192120
2018-01-10,-0.01518641,107.6256,1,0.032001,319.704480,0.01419493,47.3150,1,0.038367,379.544050
2018-01-11,-0.01406198,106.2194,1,0.020858,161.227440,0.00915069,48.2301,1,0.025601,220.964660
2018-01-12,-0.02167562,104.0519,1,0.020332,202.749340,0.01872340,50.1024,1,0.027620,262.856110
2018-01-16,0.01079276,105.1312,1,0.023714,201.968750,-0.01016090,49.0863,1,0.026850,201.898040
2018-01-17,-0.00404248,104.7269,1,0.039228,319.626590,0.00107403,49.1937,1,0.046917,379.179280
2018-01-18,-0.00267658,104.4593,1,0.029078,242.483080,-0.00703896,48.4898,0,0.000000,0.000000
2018-01-19,-0.00477097,103.9822,1,0.032947,240.852820,0.00166818,48.6566,1,0.040692,341.670795
2018-01-22,0.00286289,104.2684,1,0.031871,241.711210,-0.00614447,48.0422,1,0.041437,322.560190
2018-01-23,0.00702189,104.9706,1,0.025531,221.850960,-0.00201536,47.8407,1,0.032956,261.754270
2018-01-24,0.00149188,105.1198,1,0.035622,281.182640,-0.00363495,47.4772,1,0.032175,261.570200
2018-01-25,0.00626786,105.7466,1,0.031434,319.596370,-0.00230329,47.2468,1,0.027329,300.264360
2018-01-26,0.01973187,107.7198,1,0.036183,301.166840,-0.01903421,45.3434,1,0.039351,360.970340
2018-01-29,-0.00877474,106.8423,1,0.046394,362.358690,0.00485400,45.8288,1,0.051350,382.328130
2018-01-30,0.00338594,107.1809,1,0.030046,240.401100,-0.00532725,45.2961,1,0.037485,319.412910
2018-01-31,-0.00679172,106.5017,1,0.031092,299.420300,0.01049286,46.3454,1,0.038684,358.936440
2018-02-01,0.00677753,107.1795,1,0.038107,261.491080,-0.01825597,44.5198,1,0.041077,301.152110
2018-02-02,0.02186526,109.3660,1,0.043414,339.838280,-0.02545622,41.9742,1,0.046992,359.189880
2018-02-05,-0.00744065,108.6220,1,0.038485,337.649980,-0.01133826,40.8403,0,0.000000,0.000000
2018-02-06,0.01137897,109.7599,0,0.000000,0.000000,0.02057406,42.8977,0,0.000000,0.000000
2018-02-07,-0.00274502,109.4854,1,0.046602,336.653362,0.00224105,43.1218,1,0.034755,257.021100
2018-02-08,0.00944442,110.4298,1,0.032598,300.911460,-0.00771961,42.3499,1,0.042121,340.356020
2018-02-09,0.00696363,111.1262,0,0.000000,0.000000,-0.00898062,41.4518,0,0.000000,0.000000
2018-02-12,0.00706281,111.8324,1,0.032749,279.260732,-0.00164548,41.2873,0,0.000000,0.000000
2018-02-13,0.01061559,112.8940,1,0.045381,302.068890,-0.00368033,40.9192,1,0.049203,338.112043
2018-02-14,-0.00556256,112.3377,1,0.047656,379.356480,-0.00014906,40.9043,1,0.048006,360.262130
2018-02-15,0.01532505,113.8702,1,0.035355,303.423180,-0.01288719,39.6156,1,0.038099,323.565700
2018-02-16,-0.00953114,112.9171,1,0.051124,383.396060,0.00962387,40.5780,1,0.046263,383.241040
2018-02-20,0.00796117,113.7132,1,0.024253,221.229070,-0.01378350,39.1997,1,0.029610,261.258130
2018-02-21,-0.00925690,112.7876,1,0.040270,319.878510,0.00681154,39.8808,1,0.050516,378.999080
2018-02-22,0.01294156,114.0817,1,0.041594,260.487860,-0.01336253,38.5446,1,0.048483,319.666190
2018-02-23,0.00060171,114.1419,1,0.047609,340.581110,-0.00741323,37.8032,1,0.045253,380.409750
2018-02-26,0.00175536,114.3174,1,0.039774,302.502700,0.00095587,37.8988,0,0.000000,0.000000
2018-02-27,-0.00633900,113.6835,1,0.037220,301.240570,0.00559132,38.4580,1,0.033758,323.632378
2018-02-28,0.03352758,117.0363,1,0.027272,219.623040,-0.02166782,36.2912,0,0.000000,0.000000
2018-03-01,-0.01020817,116.0155,1,0.053377,342.045030,-0.03073834,33.2173,0,0.000000,0.000000
2018-03-02,0.00795313,116.8108,1,0.043607,280.008180,-0.01446524,31.7708,1,0.063774,379.435150
2018-03-05,-0.00377610,116.4332,1,0.046380,341.915340,0.00363065,32.1339,1,0.042835,342.107090
2018-03-06,0.00692503,117.1257,1,0.040977,262.536590,0.00017294,32.1512,0,0.000000,0.000000
2018-03-07,0.00288688,117.4144,1,0.044822,341.305140,-0.00073449,32.0777,1,0.044749,344.364677
2018-03-08,0.00249522,117.6639,1,0.028328,239.252650,-0.00098443,31.9793,1,0.026403,239.398380
2018-03-09,-0.00864046,116.7998,1,0.045366,320.404490,0.00878643,32.8579,1,0.044657,300.610280
2018-03-12,0.00818666,117.6185,1,0.036974,282.813320,0.01190997,34.0489,0,0.000000,0.000000
2018-03-13,0.00176013,117.7945,1,0.037617,319.763360,0.00025913,34.0748,1,0.030117,243.748688
2018-03-14,-0.00268193,117.5263,1,0.036093,299.367850,0.00777200,34.8520,1,0.039960,339.496630
2018-03-15,-0.00946740,116.5796,1,0.029860,280.035900,0.00553459,35.4055,1,0.030991,300.336840
2018-03-16,-0.00409903,116.1697,1,0.024173,200.860040,0.00405168,35.8107,1,0.028382,300.800810
2018-03-19,-0.00615007,115.5547,1,0.020617,221.253550,0.00514812,36.3255,1,0.029588,261.185770
2018-03-20,-0.00226578,115.3281,1,0.030038,239.869090,0.00190354,36.5158,0,0.000000,0.000000
2018-03-21,0.00780694,116.1088,1,0.032816,260.777560,-0.00257772,36.2581,1,0.034852,299.930127
2018-03-22,0.00678074,116.7869,1,0.037926,319.814710,-0.00562800,35.6953,1,0.038280,340.124440
2018-03-23,-0.01571451,115.2154,1,0.047141,317.846300,0.01667676,37.3629,1,0.044234,357.076820
2018-03-26,0.00713072,115.9285,1,0.032098,239.972050,-0.02485674,34.8773,0,0.000000,0.000000
2018-03-27,0.02883369,118.8118,1,0.032971,325.150650,0.03233759,38.1110,0,0.000000,0.000000
2018-03-28,-0.00991178,117.8207,1,0.046748,378.858600,0.01314667,39.4257,1,0.021193,161.152266
2018-03-29,0.01120318,118.9410,1,0.029802,281.137590,-0.01567464,37.8582,1,0.032434,281.528360
2018-04-02,0.00799192,119.7402,1,0.039128,361.780480,-0.00927026,36.9312,1,0.047856,382.334070
2018-04-03,0.00095247,119.8354,1,0.039433,336.431620,0.01507461,38.4387,0,0.000000,0.000000
2018-04-04,-0.00301763,119.5337,1,0.043373,342.929000,0.00127215,38.5659,0,0.000000,0.000000
2018-04-05,0.01102372,120.6360,1,0.032868,281.717330,0.00254460,38.8203,0,0.000000,0.000000
2018-04-06,-0.00019553,120.6165,1,0.041293,360.966660,-0.00098032,38.7223,1,0.031152,282.936105
2018-04-09,0.00661672,121.2782,1,0.038038,297.007460,0.00674995,39.3973,0,0.000000,0.000000
2018-04-10,0.01138866,122.4170,1,0.046904,360.693770,-0.00340669,39.0566,1,0.036759,259.526949
2018-04-11,-0.00016848,122.4002,1,0.050338,362.680090,-0.00345082,38.7115,1,0.044382,323.680850
2018-04-12,0.01390037,123.7902,1,0.035663,319.916870,-0.01520877,37.1907,1,0.041487,359.589240
2018-04-13,0.01664855,125.4551,1,0.043985,361.562820,-0.01673994,35.5167,1,0.047154,381.773790
2018-04-16,-0.00122010,125.3331,1,0.050220,399.681940,0.00005578,35.5222,1,0.047942,399.748920
2018-04-17,-0.00294532,125.0385,1,0.045552,302.545730,-0.01053688,34.4686,0,0.000000,0.000000
2018-04-18,-0.00726911,124.3116,1,0.043301,301.834900,-0.00686234,33.7823,0,0.000000,0.000000
2018-04-19,0.00480288,124.7919,1,0.038322,261.505370,-0.00198373,33.5840,1,0.044013,384.018741
2018-04-20,0.00007170,124.7991,1,0.030460,240.746150,0.00135282,33.7192,1,0.034108,319.545780
2018-04-23,-0.00235737,124.5633,1,0.033667,279.189430,-0.00600213,33.1190,0,0.000000,0.000000
2018-04-24,-0.01099987,123.4633,1,0.037517,261.809670,0.00909900,34.0289,1,0.037010,281.473352
2018-04-25,0.02015859,125.4792,1,0.025731,260.908550,-0.01869762,32.1592,1,0.033232,320.448670
2018-04-26,-0.01460717,124.0185,1,0.031937,300.053430,0.02082787,34.2419,1,0.035013,300.053830
2018-04-27,-0.01350344,122.6681,1,0.028654,223.084020,0.01755336,35.9973,1,0.033744,243.389140
2018-04-30,0.00349718,123.0179,1,0.029292,222.005170,-0.00343590,35.6537,1,0.025710,222.522740
2018-05-01,0.00495698,123.5136,1,0.036202,259.664370,-0.00467252,35.1864,1,0.037222,279.739280
2018-05-02,-0.00771089,122.7425,1,0.040809,300.654260,-0.00110640,35.0758,1,0.043760,340.938970
2018-05-03,-0.00467603,122.2749,1,0.031223,260.511380,0.00596727,35.6725,1,0.036963,320.156620
2018-05-04,0.00373861,122.6487,1,0.028809,241.214840,-0.00640616,35.0319,1,0.042086,281.046430
2018-05-07,-0.00089627,122.5591,1,0.032367,303.912990,0.00550201,35.5821,0,0.000000,0.000000
2018-05-08,-0.00447652,122.1115,1,0.033052,260.740400,0.00144049,35.7262,1,0.037491,284.394026
2018-05-09,-0.02433574,119.6779,1,0.034334,280.463760,0.02089708,37.8159,1,0.037572,320.898100
2018-05-10,0.00421776,120.0997,1,0.020634,143.060200,-0.00576444,37.2394,1,0.022884,162.903820
2018-05-11,0.00143707,120.2434,1,0.030663,281.680370,-0.00389658,36.8498,0,0.000000,0.000000
2018-05-14,-0.00433252,119.8101,1,0.034642,281.122430,0.00430255,37.2800,1,0.041125,342.036648
2018-05-15,-0.00551766,119.2583,1,0.033766,240.635850,0.00279347,37.5594,1,0.038413,280.537520
2018-05-16,-0.00200931,119.0574,1,0.025301,240.678880,0.00062191,37.6216,1,0.029299,259.764280
2018-05-17,-0.01019051,118.0384,1,0.038111,281.559250,0.00089342,37.7109,1,0.042938,301.284650
2018-05-18,-0.00573636,117.4647,1,0.032456,261.135420,0.00294424,38.0053,1,0.029836,281.313820
2018-05-21,-0.00847791,116.6169,1,0.023531,240.616180,0.01072998,39.0783,1,0.043372,320.392900
2018-05-22,0.00441101,117.0580,1,0.038109,322.188080,-0.00040177,39.0381,1,0.029967,322.594210
2018-05-23,0.00663280,117.7213,1,0.038510,319.872110,0.00102104,39.1403,1,0.040926,320.089650
2018-05-24,0.00129860,117.8512,1,0.042840,359.854930,0.00128965,39.2692,1,0.038525,320.394310
2018-05-25,-0.00947528,116.9036,1,0.033458,260.627580,0.00940682,40.2099,1,0.036038,301.524150
2018-05-29,-0.01098801,115.8048,1,0.038151,280.773410,0.01177192,41.3871,1,0.032568,241.058960
2018-05-30,0.01001330,116.8062,1,0.022650,221.217730,-0.01080003,40.3071,0,0.000000,0.000000
2018-05-31,0.00175377,116.9815,1,0.033463,303.353800,-0.01597165,38.7099,0,0.000000,0.000000
2018-06-01,-0.00118021,116.8635,1,0.036041,299.465700,-0.00635322,38.0746,0,0.000000,0.000000
2018-06-04,-0.00780867,116.0827,1,0.044617,301.047400,0.00818478,38.8931,1,0.037082,319.775997
2018-06-05,-0.01115310,114.9674,1,0.018910,201.445990,0.00675253,39.5683,1,0.026727,260.785420
2018-06-06,-0.01474905,113.4924,1,0.028715,200.941020,0.01217671,40.7860,1,0.032559,280.408940
2018-06-07,0.00034747,113.5272,1,0.034193,222.658570,-0.00293980,40.4920,1,0.037260,262.548090
2018-06-08,0.00659991,114.1872,1,0.034659,280.747040,-0.00529800,39.9622,1,0.042240,320.485040
2018-06-11,-0.00342836,113.8443,1,0.027146,300.753950,-0.00304461,39.6578,1,0.034681,320.680940
2018-06-12,0.00751470,114.5958,1,0.022860,240.864870,-0.00774516,38.8832,1,0.030076,320.545460
2018-06-13,-0.01799555,112.7963,1,0.035345,321.664930,0.01286479,40.1697,1,0.038001,341.907140
2018-06-14,-0.00279352,112.5169,1,0.026272,201.544510,0.00300601,40.4703,1,0.026149,241.250280
2018-06-15,-0.00108754,112.4082,1,0.026034,221.452460,0.00432834,40.9032,1,0.032186,281.463650
2018-06-18,-0.00306604,112.1016,1,0.034004,301.182540,-0.00424873,40.4783,1,0.028563,301.345780
2018-06-19,-0.00176874,111.9247,1,0.020984,240.894780,0.00916866,41.3951,1,0.040564,320.369730
2018-06-20,-0.01079497,110.8452,1,0.035257,280.066230,0.00727750,42.1229,1,0.028940,240.928050
2018-06-21,-0.00103240,110.7419,1,0.028510,221.751320,-0.00070183,42.0527,1,0.037033,281.185110
2018-06-22,-0.00210096,110.5318,1,0.025336,240.136030,0.00575209,42.6279,1,0.030171,299.757130
2018-06-25,0.00663526,111.1954,1,0.031984,301.380660,0.00466355,43.0943,1,0.037525,301.453300
2018-06-26,0.00934766,112.1301,1,0.030384,238.543290,-0.00620143,42.4741,1,0.034483,279.123280
2018-06-27,0.00114032,112.2442,1,0.036538,360.798990,0.00089265,42.5634,1,0.043005,380.785760
2018-06-28,-0.00238647,112.0055,1,0.035467,299.249090,-0.00404960,42.1584,1,0.035360,299.212770
2018-06-29,0.00272645,112.2782,1,0.031685,300.957300,-0.00062278,42.0962,1,0.032958,341.437340
2018-07-02,0.00694664,112.9728,1,0.035436,299.993510,-0.00748162,41.3480,1,0.039542,339.793300
2018-07-03,0.00598746,113.5716,1,0.040894,300.906220,-0.00762228,40.5858,1,0.051528,340.984120
2018-07-05,-0.00297335,113.2742,1,0.053285,339.798820,-0.00255401,40.3304,1,0.065881,379.535260
2018-07-06,-0.00433873,112.8404,1,0.027953,282.294670,-0.00425322,39.9051,0,0.000000,0.000000
2018-07-09,0.00550466,113.3908,1,0.026844,241.810220,-0.00910467,38.9946,0,0.000000,0.000000
2018-07-10,0.00787954,114.1788,1,0.027386,281.807570,-0.00740758,38.2538,1,0.042898,344.691237
2018-07-11,0.00446928,114.6257,1,0.042412,360.643140,-0.00947278,37.3065,1,0.038038,360.519800
2018-07-12,0.00860675,115.4864,1,0.034765,298.956760,-0.00871285,36.4353,1,0.036035,358.744380
2018-07-13,-0.00038111,115.4483,1,0.044391,381.313380,-0.00109189,36.3261,1,0.040079,381.273350
2018-07-16,-0.00160253,115.2880,1,0.035543,260.467800,0.00096507,36.4226,1,0.041073,340.398890
2018-07-17,0.00072612,115.3606,1,0.032068,300.176430,-0.00266923,36.1557,1,0.038343,320.049620
2018-07-18,-0.00499550,114.8611,1,0.028580,281.527920,0.00343799,36.4995,1,0.036761,341.489800
2018-07-19,0.02448238,117.3093,1,0.032152,280.892810,-0.02476332,34.0231,1,0.027892,320.624460
2018-07-20,-0.00633380,116.6759,1,0.033590,360.630110,0.00907756,34.9309,1,0.043234,380.433340
2018-07-23,-0.00319627,116.3563,1,0.029867,280.440850,0.00449800,35.3807,1,0.033130,280.792050
2018-07-24,0.00672801,117.0291,1,0.030789,300.724460,-0.00101093,35.2796,1,0.027743,320.973290
2018-07-25,-0.00342754,116.6864,1,0.033874,300.119250,0.00353293,35.6329,1,0.030367,300.889230
2018-07-26,0.00650017,117.3364,1,0.029593,283.133860,0.01409257,37.0421,0,0.000000,0.000000
2018-07-27,-0.00336697,116.9997,1,0.038667,340.818650,0.01183464,38.2256,1,0.025356,264.392787
2018-07-30,-0.01279657,115.7200,1,0.028637,279.503190,0.02110461,40.3361,1,0.028599,320.831120
2018-07-31,0.00294904,116.0149,1,0.025416,201.580780,-0.00712026,39.6240,1,0.025906,222.325380
2018-08-01,-0.00322091,115.6928,1,0.028211,321.645260,-0.01827102,37.7969,0,0.000000,0.000000
2018-08-02,0.00018775,115.7116,1,0.029615,280.302140,0.00397614,38.1946,1,0.038746,360.389852
2018-08-03,0.00531543,116.2432,1,0.030487,262.228510,-0.00839170,37.3554,1,0.029410,242.487720
2018-08-06,0.00622833,116.8660,1,0.041807,341.269950,-0.00041681,37.3137,1,0.037411,341.055700
2018-08-07,0.00552103,117.4181,1,0.031457,282.129020,-0.00096873,37.2168,1,0.032273,301.643010
2018-08-08,0.00649277,118.0674,1,0.033543,301.245680,-0.01552062,35.6648,1,0.032432,321.811420
2018-08-09,-0.00411096,117.6563,1,0.033876,299.712520,-0.00097486,35.5673,1,0.039306,338.325710
2018-08-10,-0.00390502,117.2658,1,0.028682,260.628000,0.00515993,36.0833,1,0.035957,320.448340
2018-08-13,0.00021696,117.2875,1,0.018034,220.872460,0.00335333,36.4186,1,0.024677,300.802550
2018-08-14,0.00797872,118.0853,1,0.033388,299.622770,-0.00585754,35.8328,1,0.033614,299.922070
2018-08-15,0.01204387,119.2897,1,0.042083,361.445100,0.01445111,37.2780,0,0.000000,0.000000
2018-08-16,0.00040691,119.3304,1,0.044659,358.842170,0.00169894,37.4479,1,0.026286,261.299588
2018-08-17,-0.00506483,118.8239,1,0.036593,301.406490,0.00172332,37.6202,0,0.000000,0.000000
2018-08-20,-0.00545384,118.2786,1,0.027824,301.280790,-0.00354772,37.2654,0,0.000000,0.000000
2018-08-21,-0.00320666,117.9579,1,0.024776,240.763220,0.00618284,37.8837,1,0.042766,362.729045
2018-08-22,-0.00605363,117.3525,1,0.027863,281.121110,0.00185765,38.0695,1,0.026225,261.294750
2018-08-23,0.00142001,117.4945,1,0.030739,300.188080,-0.00333122,37.7363,1,0.036172,339.514370
2018-08-24,0.00487059,117.9816,1,0.026001,320.112960,-0.00427439,37.3089,1,0.028619,360.042150
2018-08-27,-0.00270254,117.7113,1,0.037664,320.587340,0.00171320,37.4802,1,0.032690,281.421900
2018-08-28,-0.00231775,117.4796,1,0.026795,321.073130,0.00760469,38.2407,1,0.036321,341.187610
2018-08-29,-0.00277764,117.2018,1,0.031754,320.366580,0.00211824,38.4525,1,0.030336,261.001870
2018-08-30,0.01454189,118.6560,1,0.035141,320.883830,-0.01419132,37.0334,1,0.044412,360.961580
2018-08-31,-0.00347424,118.3086,1,0.039444,357.458030,0.00547492,37.5809,1,0.040638,337.675300
2018-09-04,-0.00279572,118.0290,1,0.022892,280.778260,0.00521226,38.1021,1,0.021864,280.988450
2018-09-05,0.00969275,118.9983,1,0.030625,261.147260,-0.01151782,36.9503,1,0.028112,241.463410
2018-09-06,0.00151038,119.1493,1,0.032542,339.396640,-0.00163759,36.7866,1,0.034459,359.570250
2018-09-07,-0.00280701,118.8686,1,0.025611,321.607320,0.00015331,36.8019,1,0.028419,361.548400
2018-09-10,0.00159592,119.0282,1,0.025588,240.017010,0.00074783,36.8767,1,0.031457,319.767010
2018-09-11,-0.00092199,118.9360,1,0.024249,281.583580,-0.00034070,36.8426,1,0.027510,301.548100
2018-09-12,-0.00134618,118.8014,1,0.025978,281.138990,0.00259724,37.1023,1,0.027726,301.137160
2018-09-13,-0.00279183,118.5222,1,0.031043,301.288660,0.00021605,37.1239,1,0.032015,301.361850
2018-09-14,-0.00401984,118.1202,1,0.028534,282.400460,-0.00820918,36.3030,0,0.000000,0.000000
2018-09-17,0.01405683,119.5259,1,0.026517,261.345590,-0.01078022,35.2250,1,0.037992,382.901826
2018-09-18,0.00554168,120.0801,1,0.030322,339.818900,-0.01290577,33.9344,1,0.028647,320.508210
2018-09-19,-0.00298068,119.7820,1,0.030028,340.509290,-0.00239864,33.6946,1,0.034894,360.674990
2018-09-20,-0.01458306,118.3237,1,0.023376,260.436300,0.00950307,34.6449,1,0.031573,339.876910
2018-09-21,-0.00257653,118.0660,1,0.017563,202.130410,-0.00207290,34.4376,0,0.000000,0.000000
2018-09-24,-0.00619996,117.4460,1,0.019336,240.860770,-0.00236520,34.2011,1,0.032660,361.959786
2018-09-25,0.00082784,117.5288,1,0.029156,241.554240,-0.00508398,33.6927,1,0.025078,280.418220
2018-09-26,-0.00747355,116.7815,1,0.029465,281.348660,0.00537858,34.2305,1,0.033562,320.882440
2018-09-27,0.01067062,117.8485,1,0.035328,280.128910,-0.01150579,33.0799,1,0.037949,260.277000
2018-09-28,-0.01148477,116.7000,1,0.039037,339.830990,0.01064169,34.1441,1,0.043891,379.730410
2018-10-01,0.00987542,117.6876,1,0.024868,281.739260,-0.01492475,32.6516,1,0.027525,281.775280
2018-10-02,-0.00884172,116.8034,1,0.040452,340.362930,0.00772959,33.4246,1,0.041121,380.012470
2018-10-03,0.00817025,117.6204,1,0.029005,340.572000,-0.01210318,32.2143,1,0.032058,340.637480
2018-10-04,0.00423875,118.0443,1,0.031325,319.775210,-0.00864959,31.3493,1,0.041989,379.565860
2018-10-05,-0.00359132,117.6852,1,0.029152,300.103340,0.00623359,31.9727,1,0.034891,339.843470
2018-10-08,-0.00779903,116.9053,1,0.033173,280.078620,0.00925955,32.8986,1,0.036475,300.221110
2018-10-09,-0.00033848,116.8714,1,0.030228,301.087210,0.00084006,32.9826,1,0.030314,321.046170
2018-10-10,-0.01450065,115.4214,1,0.028405,280.832820,0.00886372,33.8690,1,0.036508,340.616180
2018-10-11,0.01001409,116.4228,1,0.023251,219.678560,-0.01311951,32.5570,0,0.000000,0.000000
2018-10-12,-0.00884967,115.5378,1,0.037257,337.029140,0.00006218,32.5633,0,0.000000,0.000000
2018-10-15,0.01055831,116.5936,1,0.025619,243.217870,-0.01305005,31.2583,1,0.040155,314.899065
2018-10-16,0.00016474,116.6101,1,0.040036,360.170990,-0.00019501,31.2388,1,0.043781,379.696630
2018-10-17,0.00333492,116.9436,1,0.028798,304.919070,0.00341030,31.5798,0,0.000000,0.000000
2018-10-18,-0.00459563,116.4840,1,0.034423,260.560210,0.00322287,31.9021,1,0.044673,304.643152
2018-10-19,-0.01312670,115.1714,1,0.031810,279.805240,0.01048937,32.9510,0,0.000000,0.000000
2018-10-22,0.00810993,115.9824,1,0.026937,281.114640,-0.00862055,32.0890,1,0.024125,277.492549
2018-10-23,0.00472636,116.4550,1,0.034714,359.854750,-0.01220844,30.8681,1,0.030224,340.267510
2018-10-24,-0.01923293,114.5317,1,0.042903,339.074190,0.03366119,34.2342,1,0.040751,338.433640
2018-10-25,0.03051411,117.5831,1,0.041769,278.671250,-0.04017339,30.2169,1,0.039569,239.432750
2018-10-26,-0.02131907,115.4512,1,0.043697,322.445580,0.02855881,33.0728,1,0.048719,342.183230
2018-10-29,0.00505475,115.9567,1,0.021835,240.851230,-0.01846945,31.2258,0,0.000000,0.000000
2018-10-30,0.01847585,117.8043,1,0.047355,260.048710,-0.03503120,27.7227,1,0.066370,378.566015
2018-10-31,0.00056914,117.8612,1,0.049246,345.579360,-0.02558293,25.1644,0,0.000000,0.000000
2018-11-01,-0.01422700,116.4385,1,0.032250,322.782700,0.01019043,26.1835,1,0.035117,348.035412
2018-11-02,-0.00232534,116.2060,1,0.025224,282.487010,0.00190057,26.3735,1,0.033613,322.587580
2018-11-05,0.00612525,116.8185,1,0.037195,299.995110,-0.00401362,25.9722,1,0.044132,339.580590
2018-11-06,-0.00464997,116.3535,1,0.042637,282.926040,0.00854141,26.8263,1,0.046289,302.478770
2018-11-07,-0.00603663,115.7498,1,0.037533,281.985440,0.00283287,27.1096,1,0.029833,242.090250
2018-11-08,0.00896135,116.6460,1,0.039395,305.057210,0.02199745,29.3093,0,0.000000,0.000000
2018-11-09,0.00781039,117.4270,1,0.043591,359.192930,-0.00269903,29.0394,1,0.027253,222.182632
2018-11-12,-0.02417903,115.0091,1,0.036913,338.744370,0.02668355,31.7078,1,0.039715,319.295890
2018-11-13,-0.00836223,114.1729,1,0.024753,200.699230,0.00540046,32.2478,1,0.025934,201.403670
2018-11-14,-0.00178057,113.9948,1,0.028947,241.041530,0.00120312,32.3681,1,0.031688,280.796040
2018-11-15,-0.00054042,113.9408,1,0.031812,260.107010,-0.00071269,32.2969,1,0.037009,319.397900
2018-11-16,0.00244455,114.1852,1,0.034115,283.085010,0.00160456,32.4573,0,0.000000,0.000000
2018-11-19,-0.01590496,112.5947,1,0.041186,300.974090,0.01888982,34.3463,1,0.049178,283.029300
2018-11-20,0.00344390,112.9391,1,0.028530,241.056910,0.00362949,34.7093,1,0.037941,260.295540
2018-11-21,0.01409088,114.3482,1,0.043432,319.608800,-0.02488430,32.2208,0,0.000000,0.000000
2018-11-23,0.01092885,115.4411,1,0.055225,341.644500,-0.00955440,31.2654,1,0.059270,379.862474
2018-11-26,0.00789082,116.2302,1,0.093788,359.832930,-0.00936724,30.3287,1,0.082254,359.682690
2018-11-27,0.00986059,117.2162,1,0.036251,383.524110,0.00847008,31.1757,0,0.000000,0.000000
2018-11-28,0.00509550,117.7258,1,0.038560,339.940730,-0.01040251,30.1354,1,0.036641,262.603667
2018-11-29,0.00656610,118.3824,1,0.049650,362.851890,-0.00094616,30.0408,0,0.000000,0.000000
2018-11-30,0.00715470,119.0979,1,0.038160,339.323900,-0.00472051,29.5688,1,0.039831,302.804947
2018-12-03,0.00082733,119.1806,1,0.036807,321.521690,-0.00700343,28.8684,1,0.035983,341.664860
2018-12-04,0.00068895,119.2495,1,0.047265,342.786900,-0.00055272,28.8131,1,0.041182,323.077440
2018-12-06,-0.01836519,117.4130,1,0.040469,316.557140,-0.00866110,27.9470,0,0.000000,0.000000
2018-12-07,0.00025458,117.4384,1,0.027962,281.306110,-0.00359575,27.5875,1,0.032255,335.723527
2018-12-10,0.00289644,117.7281,1,0.042806,317.161620,0.01492123,29.0796,0,0.000000,0.000000
2018-12-11,-0.00471227,117.2568,1,0.037867,320.486810,0.00865449,29.9450,1,0.033081,258.363078
2018-12-12,0.00408784,117.6656,1,0.038976,280.874440,-0.00063748,29.8813,1,0.043018,320.295110
2018-12-13,0.01565727,119.2314,1,0.046503,340.978680,-0.02127851,27.7534,1,0.055061,361.413730
2018-12-14,-0.00780554,118.4508,1,0.049024,339.690370,0.00499789,28.2532,1,0.056491,379.552610
2018-12-17,0.00022472,118.4733,1,0.022518,240.561690,-0.00689840,27.5634,0,0.000000,0.000000
2018-12-18,0.00255698,118.7290,1,0.032272,258.645090,0.00764786,28.3282,0,0.000000,0.000000
2018-12-19,-0.01742792,116.9862,1,0.046622,339.802070,0.01643816,29.9720,1,0.040034,294.547996
2018-12-20,0.00333698,117.3199,1,0.033932,219.305090,-0.00431228,29.5407,0,0.000000,0.000000
2018-12-21,-0.00673350,116.6465,1,0.040310,278.345930,-0.00155817,29.3849,0,0.000000,0.000000
2018-12-24,0.00455879,117.1024,1,0.024251,220.093520,-0.01092212,28.2927,0,0.000000,0.000000
2018-12-26,-0.02009842,115.0926,1,0.073862,276.687810,0.01172689,29.4654,0,0.000000,0.000000
2018-12-27,0.00486990,115.5795,0,0.000000,0.000000,-0.00074226,29.3912,0,0.000000,0.000000
2018-12-28,0.00658850,116.2384,1,0.052550,329.735176,-0.00064117,29.3271,0,0.000000,0.000000
2018-12-31,-0.00515618,115.7228,1,0.052408,340.065840,0.00151290,29.4784,1,0.049900,358.536818
2019-01-02,-0.00882072,114.8407,1,0.027392,282.037370,-0.00608981,28.8694,0,0.000000,0.000000
2019-01-03,0.03109215,117.9499,1,0.029845,280.339040,-0.03902265,24.9671,1,0.040105,322.115513
2019-01-04,0.03409292,121.3592,1,0.045498,337.667480,-0.04052449,20.9147,1,0.054469,396.199180
2019-01-07,-0.01457764,119.9015,1,0.041464,385.697630,-0.01953448,18.9612,0,0.000000,0.000000
2019-01-08,-0.00784976,119.1165,1,0.029346,182.960580,0.01276775,20.2380,1,0.065135,407.624236
2019-01-09,0.00486297,119.6028,1,0.036013,283.412590,0.00319957,20.5579,0,0.000000,0.000000
2019-01-10,0.00927380,120.5302,1,0.053290,361.564730,-0.01093845,19.4641,1,0.037835,283.784160
2019-01-11,-0.00431303,120.0989,1,0.052183,342.546910,-0.00305313,19.1588,1,0.051853,362.173570
2019-01-14,-0.00707852,119.3910,1,0.034502,281.043400,0.00544334,19.7031,1,0.036176,301.041380
2019-01-15,0.00957772,120.3488,1,0.032788,259.667730,-0.00812082,18.8910,1,0.035912,260.322990
2019-01-16,0.00137577,120.4863,1,0.055483,341.112680,0.00367539,19.2586,1,0.058781,341.206190
2019-01-17,0.00044322,120.5307,1,0.043798,320.934280,-0.00488871,18.7697,1,0.042961,301.139100
2019-01-18,-0.01261445,119.2692,1,0.030665,282.313580,-0.00061678,18.7080,0,0.000000,0.000000
2019-01-22,0.01583890,120.8531,1,0.024390,203.252760,-0.00421369,18.2867,0,0.000000,0.000000
2019-01-23,-0.00570204,120.2829,1,0.044324,398.414860,0.00600305,18.8870,1,0.037895,343.876058
2019-01-24,-0.00718167,119.5647,1,0.028027,261.190320,0.00100960,18.9879,1,0.041470,320.701200
2019-01-25,-0.01289628,118.2751,1,0.048568,341.860160,0.00217958,19.2059,1,0.052292,341.971690
2019-01-28,0.00413376,118.6885,1,0.032274,263.579200,-0.00272599,18.9333,1,0.035769,322.708870
2019-01-29,0.01174949,119.8634,1,0.028481,279.389790,-0.00528865,18.4044,1,0.030805,319.387210
2019-01-30,-0.00462612,119.4008,1,0.044092,360.586490,0.00491539,18.8960,1,0.038361,321.137120
2019-01-31,0.00239000,119.6398,1,0.027730,282.588300,0.00385422,19.2814,0,0.000000,0.000000
2019-02-01,0.00277702,119.9175,1,0.041668,321.855590,-0.00833059,18.4483,1,0.041989,302.733955
2019-02-04,-0.00246573,119.6710,1,0.042833,300.720570,0.00085722,18.5340,1,0.051018,360.388070
2019-02-05,0.00115625,119.7866,1,0.031035,241.244640,0.00132490,18.6665,1,0.037040,301.390100
2019-02-06,-0.02159485,117.6271,1,0.034025,300.925220,0.01514210,20.1807,1,0.036310,300.939030
2019-02-07,0.02766059,120.3932,1,0.032911,241.769020,-0.02447682,17.7331,1,0.036522,281.477060
2019-02-08,-0.00910077,119.4831,1,0.040517,379.988330,0.00760702,18.4938,1,0.038738,360.011400
2019-02-11,-0.00317877,119.1652,1,0.026717,261.031080,0.00297702,18.7915,1,0.029258,280.789420
2019-02-12,0.00005197,119.1704,1,0.023573,221.875660,-0.00317717,18.4737,1,0.023977,241.700900
2019-02-13,0.00518549,119.6890,1,0.032841,302.985310,-0.00141177,18.3326,0,0.000000,0.000000
2019-02-14,-0.00497044,119.1919,1,0.040034,341.094250,0.00455845,18.7884,1,0.039365,302.912134
2019-02-15,0.01368752,120.5607,1,0.026358,260.741950,-0.01190835,17.5976,1,0.028525,300.576530
2019-02-19,-0.00413455,120.1472,1,0.043345,362.063910,0.00126360,17.7239,0,0.000000,0.000000
2019-02-20,-0.01564203,118.5830,1,0.029553,241.186230,0.00228893,17.9528,1,0.038457,323.395614
2019-02-21,0.00922438,119.5054,1,0.023272,241.962250,-0.00985980,16.9669,1,0.028530,280.944370
2019-02-22,-0.01052721,118.4527,1,0.041621,359.899470,0.00884892,17.8517,1,0.048608,379.959410
2019-02-25,0.00160078,118.6128,1,0.031432,281.808360,-0.00451165,17.4006,1,0.024615,242.066060
2019-02-26,0.00379497,118.9923,1,0.037073,300.059070,-0.00180664,17.2199,1,0.037124,339.951730
2019-02-27,0.01459697,120.4520,1,0.038153,319.436470,-0.01515568,15.7043,1,0.039128,339.735100
2019-02-28,0.00596747,121.0487,1,0.050243,379.695690,-0.00489182,15.2152,1,0.053042,399.479080
2019-03-01,-0.00099682,120.9491,1,0.050462,340.194390,-0.00122037,15.0931,1,0.044387,340.520340
2019-03-04,0.00882713,121.8318,1,0.036797,321.354320,-0.00961162,14.1320,1,0.033472,301.197990
2019-03-05,-0.00313569,121.5182,1,0.041739,339.205150,0.00078304,14.2103,1,0.047276,379.088590
2019-03-06,-0.00239666,121.2785,1,0.030866,260.591030,-0.00238481,13.9718,1,0.040911,280.501240
2019-03-07,-0.01629164,119.6494,1,0.041074,279.422700,0.00595619,14.5674,0,0.000000,0.000000
2019-03-08,0.00063803,119.7132,1,0.027567,240.993270,-0.00374657,14.1928,1,0.034907,279.295501
2019-03-11,0.00299429,120.0126,1,0.040461,340.339750,-0.00244319,13.9484,1,0.040849,320.261950
2019-03-12,-0.00294212,119.7184,1,0.032212,323.140650,0.00117955,14.0664,0,0.000000,0.000000
2019-03-13,0.00340759,120.0591,1,0.038181,261.120240,-0.00388440,13.6779,1,0.038110,283.381269
2019-03-14,-0.00270382,119.7888,1,0.039762,361.519900,0.00087893,13.7658,0,0.000000,0.000000
2019-03-15,0.00826465,120.6152,1,0.023985,200.922340,-0.00432034,13.3338,1,0.031134,321.478959
2019-03-18,0.00530750,121.1460,1,0.036180,321.937990,-0.00214799,13.1190,1,0.038579,341.320340
2019-03-19,-0.00204652,120.9413,1,0.029032,300.998150,0.00069433,13.1884,1,0.031777,341.224560
2019-03-20,-0.00235994,120.7053,1,0.035364,299.869520,0.00181198,13.3696,1,0.043962,339.625610
2019-03-21,-0.00445566,120.2598,1,0.037916,319.519070,0.00577840,13.9475,1,0.039850,320.176800
2019-03-22,-0.00933188,119.3266,1,0.029138,242.970730,0.02081556,16.0290,0,0.000000,0.000000
2019-03-25,0.00145661,119.4722,1,0.025049,239.786590,0.00608964,16.6380,0,0.000000,0.000000
2019-03-26,0.01057241,120.5295,1,0.050119,281.003390,-0.00510130,16.1279,1,0.047490,300.052811
2019-03-27,-0.00672981,119.8565,1,0.041101,362.123780,-0.00008130,16.1197,0,0.000000,0.000000
2019-03-28,-0.00253912,119.6026,1,0.031422,240.630980,0.00323430,16.4432,1,0.035910,281.588146
2019-03-29,0.00205736,119.8083,1,0.033504,262.154170,-0.00127994,16.3152,1,0.030504,282.398700
2019-04-01,-0.00003494,119.8048,1,0.041674,320.966960,0.00175112,16.4903,1,0.045158,341.066750
2019-04-02,0.00137114,119.9419,1,0.035186,301.859400,-0.00215692,16.2746,1,0.035812,322.199650
2019-04-03,0.00239178,120.1811,1,0.043742,320.579920,-0.00398421,15.8762,1,0.041841,340.158900
2019-04-04,-0.00853600,119.3275,1,0.042260,321.546820,0.00705892,16.5821,1,0.045858,361.538200
2019-04-05,0.00528304,119.8558,1,0.035606,281.021120,-0.00428728,16.1533,1,0.040748,321.001390
2019-04-08,0.00146391,120.0022,1,0.039929,321.632930,-0.00108504,16.0448,0,0.000000,0.000000
2019-04-09,0.01262441,121.2647,1,0.037309,300.532840,-0.01020687,15.0241,1,0.041297,301.062769
2019-04-10,-0.00161016,121.1036,1,0.051676,359.235210,-0.00395272,14.6289,1,0.051622,379.356190
2019-04-11,0.00021342,121.1250,1,0.035968,281.347560,0.00290459,14.9193,1,0.040201,321.433230
2019-04-12,-0.00351716,120.7733,1,0.038816,321.664810,0.00758016,15.6774,1,0.035604,281.295280
2019-04-15,-0.00478755,120.2945,1,0.030665,281.710140,0.00082324,15.7597,1,0.023486,241.430240
2019-04-16,-0.01111446,119.1831,1,0.037706,280.141530,0.00290645,16.0503,1,0.040425,320.371990
2019-04-17,-0.01110151,118.0729,1,0.040091,302.063800,0.01350327,17.4006,1,0.043803,321.979750
2019-04-18,-0.00058699,118.0142,1,0.031369,240.656860,0.00338461,17.7391,1,0.034439,260.297850
2019-04-22,0.00125795,118.1400,1,0.036425,281.271650,-0.00220914,17.5182,1,0.047964,341.479860
2019-04-23,0.01463249,119.6033,1,0.043251,260.644940,-0.00433357,17.0848,1,0.050857,300.387730
2019-04-24,-0.00246723,119.3565,1,0.046473,303.785180,-0.00327787,16.7571,0,0.000000,0.000000
2019-04-25,0.01072509,120.4290,1,0.040161,222.448810,0.00195506,16.9526,1,0.049084,343.120033
2019-04-26,-0.01001776,119.4273,1,0.044626,319.990710,0.01152293,18.1049,1,0.046567,341.037290
2019-04-29,-0.01080314,118.3470,1,0.029864,262.114570,0.01282915,19.3878,1,0.034335,262.233820
2019-04-30,0.01302330,119.6493,1,0.033060,241.353350,-0.01258602,18.1292,1,0.048862,241.626530
2019-05-01,-0.01353905,118.2954,1,0.035105,320.688910,0.00020623,18.1498,1,0.045657,360.704420
2019-05-02,0.00148383,118.4438,1,0.028607,240.000540,-0.00065018,18.0848,0,0.000000,0.000000
2019-05-03,0.00163042,118.6068,1,0.050618,320.812170,-0.00224627,17.8601,1,0.053967,339.270097
2019-05-06,-0.00439588,118.1672,1,0.036228,281.767360,0.00912385,18.7725,0,0.000000,0.000000
2019-05-07,-0.01258755,116.9085,1,0.035805,220.648980,0.00943207,19.7157,1,0.049893,261.158615
2019-05-08,0.00428390,117.3369,1,0.035440,259.552330,0.00606426,20.3222,0,0.000000,0.000000
2019-05-09,0.00696179,118.0330,1,0.037601,280.597590,-0.00692036,19.6301,1,0.042976,298.074719
2019-05-10,-0.01254448,116.7786,1,0.048478,279.563600,0.01323328,20.9535,1,0.052052,319.708420
2019-05-13,-0.04386382,112.3922,1,0.032212,221.794230,0.03886093,24.8395,1,0.029807,242.124920
2019-05-14,0.01942397,114.3346,1,0.023053,142.109030,-0.02044783,22.7948,1,0.023183,180.660060
2019-05-15,-0.00966545,113.3681,1,0.041835,360.932830,0.00624196,23.4190,1,0.045254,380.719520
2019-05-16,0.00151512,113.5196,1,0.047858,261.381510,-0.00496573,22.9224,1,0.040293,280.887450
2019-05-17,-0.00297856,113.2217,1,0.053886,282.130710,-0.00664143,22.2582,0,0.000000,0.000000
2019-05-20,-0.02028965,111.1927,1,0.053155,319.462630,0.01759082,24.0173,1,0.052448,320.409326
2019-05-21,0.01560646,112.7534,1,0.030754,201.110090,-0.01326815,22.6905,1,0.037975,261.246110
2019-05-22,0.00619915,113.3733,1,0.037935,322.165020,-0.00708919,21.9816,1,0.057009,382.248440
2019-05-23,-0.01106245,112.2671,1,0.049755,340.067490,0.00965954,22.9475,1,0.049376,360.221070
2019-05-24,0.00113703,112.3808,1,0.038227,240.100450,-0.00536165,22.4114,1,0.038115,260.160170
2019-05-28,0.00088363,112.4691,1,0.049407,280.336850,-0.00147229,22.2642,1,0.056369,360.269690
2019-05-29,0.00168713,112.6378,1,0.050167,338.250930,0.00180379,22.4445,0,0.000000,0.000000
2019-05-30,0.00014695,112.6525,1,0.048525,319.536260,0.00033391,22.4779,1,0.047319,278.677930
2019-05-31,0.00025112,112.6776,1,0.045278,281.138220,0.00087037,22.5650,1,0.051403,321.097630
2019-06-03,0.00419921,113.0976,1,0.031899,239.998870,-0.00129381,22.4356,1,0.037591,299.788520
2019-06-04,0.01079791,114.1774,1,0.045189,320.987240,-0.00906220,21.5294,1,0.050970,321.428910
2019-06-05,0.01295884,115.4732,1,0.053746,325.448700,0.00550017,22.0794,0,0.000000,0.000000
2019-06-06,0.00176862,115.6501,1,0.047238,382.642990,-0.00787627,21.2917,1,0.036277,307.298191
2019-06-07,0.00316525,115.9666,1,0.044005,281.492080,-0.00611203,20.6805,0,0.000000,0.000000
2019-06-10,-0.01543135,114.4235,1,0.055305,321.320390,0.01761139,22.4417,1,0.042081,322.439395
2019-06-11,-0.00217174,114.2063,1,0.037934,241.567250,-0.00079257,22.3624,1,0.039017,261.962800
2019-06-12,0.00244525,114.4508,1,0.028955,260.603200,-0.00555932,21.8065,1,0.035902,300.426220
2019-06-13,0.00488026,114.9389,1,0.024404,260.133860,-0.00723083,21.0834,1,0.041923,320.287210
2019-06-14,-0.00236128,114.7027,1,0.047248,301.046110,0.00161229,21.2446,1,0.053671,340.820520
2019-06-17,0.01322672,116.0254,1,0.037108,300.621200,-0.00950059,20.2946,1,0.036989,300.348680
2019-06-18,-0.00461358,115.5641,1,0.059148,380.013120,0.00548065,20.8426,1,0.061875,380.056590
2019-06-19,0.02161377,117.7254,1,0.047613,283.336270,-0.01979611,18.8630,1,0.054561,303.278300
2019-06-20,0.00384819,118.1103,1,0.055781,380.914130,0.00363051,19.2261,1,0.056139,380.819630
2019-06-21,-0.00259431,117.8508,1,0.045511,301.642700,-0.00186613,19.0395,0,0.000000,0.000000
2019-06-24,-0.00525436,117.3254,1,0.040756,300.453040,0.00080959,19.1204,1,0.056031,361.402408
2019-06-25,0.00097671,117.4231,1,0.037859,280.084140,-0.00373768,18.7467,1,0.038398,260.269590
2019-06-26,0.00288806,117.7119,1,0.029574,240.261070,-0.00988607,17.7581,1,0.047267,319.354310
2019-06-27,-0.00217493,117.4944,1,0.041513,320.730720,0.00769509,18.5276,1,0.041711,380.169640
2019-06-28,-0.00896387,116.5980,1,0.029677,240.830140,0.00476961,19.0045,1,0.024289,221.321400
2019-07-01,-0.01049957,115.5480,1,0.034947,302.248570,0.01578936,20.5835,0,0.000000,0.000000
2019-07-02,0.01635019,117.1830,1,0.048401,261.928610,-0.01239265,19.3442,1,0.038605,203.377017
2019-07-03,-0.00557406,116.6256,1,0.053166,360.562240,0.00670504,20.0147,1,0.050036,360.167560
2019-07-05,0.00198028,116.8237,1,0.052192,241.918280,-0.00369867,19.6448,0,0.000000,0.000000
2019-07-08,0.00598627,117.4223,1,0.031033,280.374200,-0.00958680,18.6862,1,0.039340,321.808125
2019-07-09,-0.00371544,117.0508,1,0.034804,299.289220,0.00468120,19.1543,1,0.049330,338.460900
2019-07-10,-0.00350819,116.6999,1,0.039269,301.046280,0.00688970,19.8432,1,0.031950,261.187130
2019-07-11,0.00286518,116.9865,1,0.015822,180.762950,-0.00388342,19.4549,1,0.020292,200.768840
2019-07-12,0.00073679,117.0601,1,0.046161,300.418920,0.00100325,19.5552,1,0.048345,320.632430
2019-07-15,0.00395556,117.4557,1,0.027574,262.060260,-0.00223778,19.3315,1,0.041318,341.526950
2019-07-16,-0.00361810,117.0939,1,0.039700,299.760050,0.00729313,20.0608,1,0.049837,340.314820
2019-07-17,0.00300486,117.3944,1,0.038254,301.407530,-0.00924561,19.1362,1,0.038271,321.826970
2019-07-18,-0.00207062,117.1873,1,0.036942,320.648820,0.00415493,19.5517,1,0.038447,339.955350
2019-07-19,-0.00719261,116.4680,1,0.044351,321.133160,0.00441076,19.9928,1,0.044654,301.552300
2019-07-22,-0.00226387,116.2417,1,0.042647,300.638230,-0.00153264,19.8395,1,0.052214,321.048990
2019-07-23,-0.00224451,116.0172,1,0.038501,240.237860,0.00864908,20.7044,1,0.055912,339.887910
2019-07-24,-0.02854613,113.1626,1,0.035233,322.035190,0.02983655,23.6881,1,0.040485,323.384020
2019-07-25,0.01644439,114.8070,1,0.024091,224.367420,-0.00854172,22.8339,1,0.039252,264.237860
2019-07-26,-0.01797890,113.0091,1,0.051370,360.090210,0.00574196,23.4081,1,0.051704,379.010760
2019-07-29,-0.00760667,112.2485,1,0.035367,283.826380,0.01174201,24.5823,0,0.000000,0.000000
2019-07-30,0.00796039,113.0445,1,0.028401,240.241220,-0.00562744,24.0196,1,0.032944,245.506370
2019-07-31,0.00588723,113.6332,1,0.026847,222.733840,-0.00416164,23.6034,1,0.035064,281.857840
2019-08-01,-0.00519457,113.1138,1,0.054187,319.192430,0.00116799,23.7202,0,0.000000,0.000000
2019-08-02,-0.00179767,112.9340,1,0.044957,297.951350,0.00400724,24.1209,1,0.045306,299.341130
2019-08-05,-0.01379924,111.5541,1,0.041784,279.879370,0.00988073,25.1090,1,0.043027,319.508210
2019-08-06,0.00235067,111.7892,1,0.033663,238.667420,-0.00002704,25.1063,0,0.000000,0.000000
2019-08-07,-0.01371646,110.4175,1,0.028186,222.880470,0.00943460,26.0497,1,0.037310,278.198434
2019-08-08,0.01623477,112.0410,1,0.034093,242.736780,-0.01529833,24.5199,1,0.043113,262.607210
2019-08-09,0.01242564,113.2835,1,0.059946,344.230770,0.00772816,25.2927,0,0.000000,0.000000
2019-08-12,-0.01125793,112.1578,1,0.042273,298.578150,0.01530053,26.8228,1,0.043187,283.132080
2019-08-13,0.00044588,112.2023,1,0.039532,239.985460,-0.02973431,23.8493,0,0.000000,0.000000
2019-08-14,-0.00627632,111.5747,1,0.046332,262.914960,0.00095588,23.9449,1,0.064152,361.711414
2019-08-15,-0.02298098,109.2766,1,0.043218,259.217200,-0.01732413,22.2125,0,0.000000,0.000000
2019-08-16,0.01436005,110.7126,1,0.030795,182.685700,-0.01232720,20.9798,1,0.045120,318.333658
2019-08-19,-0.00157990,110.5546,1,0.061140,363.145860,0.00110706,21.0905,0,0.000000,0.000000
2019-08-20,-0.00453424,110.1012,1,0.052784,341.711850,0.01152221,22.2427,0,0.000000,0.000000
2019-08-21,0.00201720,110.3029,1,0.058230,299.479920,0.00189415,22.4321,0,0.000000,0.000000
2019-08-22,0.00181365,110.4843,1,0.043855,281.166730,0.00316078,22.7482,0,0.000000,0.000000
2019-08-23,-0.00866355,109.6179,1,0.044015,280.676300,0.00729903,23.4781,1,0.054987,305.081089
2019-08-26,-0.00359411,109.2585,1,0.052861,297.845280,-0.00210638,23.2675,0,0.000000,0.000000
2019-08-27,-0.00487756,108.7708,1,0.049796,242.253130,0.00269668,23.5372,0,0.000000,0.000000
2019-08-28,0.00337481,109.1082,1,0.036949,240.327420,-0.00188999,23.3482,1,0.057239,296.641795
2019-08-29,0.01191854,110.3001,1,0.065966,281.515170,-0.01246574,22.1016,0,0.000000,0.000000
2019-08-30,0.00047855,110.3480,1,0.057055,301.230320,-0.00138339,21.9632,0,0.000000,0.000000
2019-09-03,-0.00797801,109.5502,1,0.050911,280.996290,-0.00774319,21.1889,1,0.072039,365.328218
2019-09-04,0.00473611,110.0238,1,0.036849,259.907450,-0.00745804,20.4431,1,0.047244,319.645620
2019-09-05,-0.01532614,108.4912,1,0.054294,342.221840,-0.04011879,16.4312,0,0.000000,0.000000
2019-09-06,-0.00967699,107.5235,1,0.045269,263.943500,0.00876788,17.3080,1,0.055732,404.138652
2019-09-09,0.00928021,108.4515,1,0.037759,261.043390,-0.00549274,16.7588,1,0.043824,281.002500
2019-09-10,-0.03765201,104.6863,1,0.051091,341.351240,0.03833587,20.5923,1,0.045783,320.348650
2019-09-11,-0.02503421,102.1829,1,0.041091,244.758110,0.02364218,22.9566,1,0.042672,245.045970
2019-09-12,0.00075210,102.2581,1,0.025220,202.731910,-0.00058046,22.8985,1,0.028646,202.883590
2019-09-13,0.00832457,103.0905,1,0.053073,321.268430,-0.01150964,21.7475,1,0.055704,341.128420
2019-09-16,0.01900172,104.9907,1,0.042758,300.849510,-0.01465412,20.2821,1,0.053622,360.473860
2019-09-17,0.00994922,105.9856,1,0.054438,339.882270,-0.01015619,19.2665,1,0.045599,320.267670
2019-09-18,-0.00088102,105.8975,1,0.049442,320.128900,0.00192067,19.4586,1,0.054513,339.708120
2019-09-19,-0.01158592,104.7389,1,0.052902,319.644580,0.00624220,20.0828,1,0.044100,280.042340
2019-09-20,0.00720652,105.4596,1,0.051318,261.354410,-0.00719248,19.3636,1,0.044028,241.832040
2019-09-23,0.00297062,105.7566,1,0.053878,319.598090,-0.01140192,18.2234,1,0.055622,339.294600
2019-09-24,-0.00694923,105.0617,1,0.061413,361.110100,0.00303019,18.5264,1,0.064311,380.417410
2019-09-25,0.01539938,106.6016,1,0.031122,200.678990,-0.01298648,17.2277,1,0.050268,300.142550
2019-09-26,0.00963258,107.5649,1,0.072692,381.751220,-0.00294361,16.9334,1,0.057451,381.606620
2019-09-27,0.00711670,108.2766,1,0.071130,360.057910,-0.01757263,15.1761,1,0.068013,339.846830
2019-09-30,-0.00178181,108.0984,1,0.047091,299.247960,-0.00211742,14.9644,1,0.062722,398.434290
2019-10-01,-0.00775150,107.3232,1,0.030850,241.279810,0.00768571,15.7329,1,0.032269,301.430200
2019-10-02,-0.00761275,106.5620,1,0.046675,299.022960,0.00292048,16.0250,0,0.000000,0.000000
2019-10-03,0.00690637,107.2526,1,0.047183,239.735760,-0.00638685,15.3863,0,0.000000,0.000000
2019-10-04,-0.01921089,105.3315,1,0.050799,321.679780,0.02045957,17.4323,1,0.063193,336.691092
2019-10-07,0.00431596,105.7631,1,0.033814,284.251350,-0.00166879,17.2654,0,0.000000,0.000000
2019-10-08,-0.00726389,105.0367,1,0.048569,260.138430,-0.00106425,17.1590,1,0.046785,301.340997
2019-10-09,0.01217422,106.2541,1,0.048798,298.811860,0.00881240,18.0402,0,0.000000,0.000000
2019-10-10,0.00111694,106.3658,1,0.062766,361.418120,0.00117220,18.1574,1,0.041260,278.687092
2019-10-11,-0.01689814,104.6760,1,0.064604,321.910160,0.02083783,20.2412,1,0.064287,341.416760
2019-10-14,0.00338083,105.0141,1,0.038557,203.695310,-0.01167076,19.0741,0,0.000000,0.000000
2019-10-15,0.00245580,105.2597,1,0.061710,339.902680,-0.00050083,19.0240,1,0.062073,402.651966
2019-10-16,0.00763168,106.0229,1,0.061202,321.056850,-0.00932701,18.0913,1,0.045421,321.667270
2019-10-17,-0.00067025,105.9558,1,0.036745,279.631550,-0.00263005,17.8283,1,0.047055,359.229240
2019-10-18,-0.00671741,105.2841,1,0.049391,281.269620,0.00332086,18.1604,1,0.048034,301.630670
2019-10-21,-0.00212163,105.0719,1,0.031103,261.010490,0.00286513,18.4469,1,0.044037,360.578060
2019-10-22,-0.02453632,102.6183,1,0.031472,242.526860,0.01749833,20.1968,0,0.000000,0.000000
2019-10-23,-0.00384716,102.2336,1,0.046056,262.316380,0.00813791,21.0106,1,0.037559,243.648512
2019-10-24,0.00677432,102.9110,1,0.045198,280.663540,0.00112992,21.1236,1,0.033878,261.013530
2019-10-25,0.00213675,103.1247,1,0.048285,301.463810,-0.00078539,21.0450,1,0.043699,322.145510
2019-10-28,-0.01054773,102.0699,1,0.058453,340.994240,0.00707947,21.7530,1,0.047223,321.350160
2019-10-29,0.00531558,102.6015,1,0.045792,241.214920,-0.00715355,21.0376,1,0.051865,300.656750
2019-10-30,-0.00383674,102.2178,1,0.029624,320.799010,-0.00127262,20.9103,1,0.036472,360.630530
2019-10-31,-0.01952279,100.2655,1,0.040609,261.520210,0.02185365,23.0957,1,0.049115,321.358950
2019-11-01,0.01288698,101.5542,1,0.030032,280.599650,-0.01649164,21.4465,1,0.030774,260.684200
2019-11-04,-0.03789830,97.7644,1,0.054270,342.394110,0.02865769,24.3123,1,0.054541,362.016370
2019-11-05,0.00328216,98.0926,1,0.035874,203.453940,0.00237732,24.5500,1,0.038898,242.750050
2019-11-06,-0.00687645,97.4050,1,0.029335,262.582630,0.00872971,25.4230,1,0.041169,341.991710
2019-11-07,0.00109104,97.5141,1,0.039576,281.569750,-0.01332474,24.0905,1,0.034874,281.661440
2019-11-08,-0.00984704,96.5294,1,0.049634,320.029820,0.00717096,24.8076,1,0.059904,379.344500
2019-11-11,0.00011109,96.5405,1,0.028711,261.348350,-0.00134874,24.6728,1,0.024714,240.830540
2019-11-12,-0.01118125,95.4223,1,0.028525,260.252480,0.01307326,25.9801,1,0.031594,280.176060
2019-11-13,-0.00250659,95.1717,1,0.046009,281.181560,0.00576655,26.5567,1,0.047385,281.718260
2019-11-14,0.00420906,95.5926,1,0.041804,320.953450,-0.00191189,26.3656,1,0.032569,281.153400
2019-11-15,0.00725834,96.3184,1,0.040706,321.186150,-0.00895932,25.4696,1,0.046562,321.558000
2019-11-18,-0.00053612,96.2648,1,0.050482,321.941280,0.00094749,25.5644,0,0.000000,0.000000
2019-11-19,-0.00373065,95.8917,1,0.041795,280.834870,0.00578246,26.1426,1,0.044164,301.281452
2019-11-20,-0.00927947,94.9638,1,0.029407,240.926830,0.00868360,27.0110,1,0.025910,260.821830
2019-11-21,-0.00355120,94.6087,1,0.043470,301.320800,0.00220032,27.2310,1,0.039408,281.410630
2019-11-22,-0.00813109,93.7956,1,0.044349,319.472310,0.00303572,27.5346,1,0.053748,319.465300
2019-11-25,-0.01058458,92.7371,1,0.030888,221.918580,0.01395704,28.9303,1,0.041556,301.472160
2019-11-26,0.01915370,94.6525,1,0.031010,222.072690,-0.02048043,26.8822,1,0.031913,261.839840
2019-11-27,0.00357574,95.0101,1,0.039586,279.520160,-0.00360109,26.5221,1,0.046889,339.977370
2019-11-29,-0.00212662,94.7974,1,0.046612,360.568880,0.00071388,26.5935,1,0.037082,341.042240
2019-12-02,-0.00417717,94.3797,1,0.065977,280.052870,0.00284615,26.8781,0,0.000000,0.000000
2019-12-03,0.00037200,94.4169,1,0.035720,239.905400,-0.00895638,25.9825,0,0.000000,0.000000
2019-12-04,0.00800930,95.2178,1,0.035200,240.591340,-0.00823517,25.1590,1,0.046227,356.339131
2019-12-05,-0.00124186,95.0936,1,0.040466,280.295270,0.00021043,25.1800,1,0.060807,400.461110
2019-12-06,-0.00481908,94.6117,1,0.039958,241.163720,0.00335112,25.5151,1,0.045608,301.580470
2019-12-09,-0.00031438,94.5803,1,0.033388,242.185370,0.00027162,25.5423,1,0.040938,282.072120
2019-12-10,-0.00503172,94.0771,1,0.037542,240.314510,-0.00091940,25.4504,1,0.050220,340.152120
2019-12-11,-0.00832513,93.2446,1,0.047083,240.509510,0.00890475,26.3408,1,0.046375,280.628640
2019-12-12,-0.00191665,93.0529,1,0.030015,221.428510,0.00452119,26.7930,1,0.038741,281.535790
2019-12-13,0.01300430,94.3534,1,0.050590,262.657270,-0.01640177,25.1528,1,0.065357,342.070480
2019-12-16,0.00682519,95.0359,1,0.054821,359.560440,-0.00884794,24.2680,1,0.053074,359.528340
2019-12-17,-0.00604860,94.4310,1,0.048920,341.780400,0.00468864,24.7368,1,0.045416,361.925500
2019-12-18,-0.00065656,94.3654,1,0.029156,241.189420,0.00054961,24.7918,1,0.032709,300.900680
2019-12-19,-0.00328237,94.0371,1,0.047227,300.949580,0.00282994,25.0748,1,0.043946,301.013930
2019-12-20,0.00773753,94.8109,1,0.031357,201.337030,-0.01101844,23.9730,1,0.045354,261.359740
2019-12-23,0.00491015,95.3019,1,0.031435,281.898430,-0.00859646,23.1133,1,0.039236,341.544930
2019-12-24,-0.00122378,95.1795,1,0.040178,300.666110,-0.00055339,23.0580,1,0.058939,380.187850
2019-12-26,-0.00100718,95.0788,1,0.081148,280.532940,0.00027002,23.0850,1,0.085638,300.683720
2019-12-27,0.00270944,95.3497,1,0.042206,241.076570,-0.00427707,22.6573,1,0.054457,320.892640
2019-12-30,-0.00250045,95.0997,1,0.048285,300.021830,0.00097934,22.7552,1,0.057836,379.915450
2019-12-31,0.00195030,95.2947,1,0.033320,220.285580,-0.00139583,22.6156,1,0.044303,299.988210
