date,model_ret,model_equity,model_rebalanced,model_cost,model_traded,naive_ret,naive_equity,naive_rebalanced,naive_cost,naive_traded
2015-01-02,0.00314433,100.3144,1,0.048307,200.000000,0.00000000,100.0000,0,0.000000,0.000000
2015-01-05,-0.00368241,99.9462,1,0.039241,221.029860,0.01043497,101.0435,1,0.033743,200.000000
2015-01-06,-0.00922496,99.0237,1,0.027826,140.764700,0.01018385,102.0619,0,0.000000,0.000000
2015-01-07,-0.01209585,97.8141,1,0.018835,140.565430,0.00491659,102.5535,1,0.040941,277.408320
2015-01-08,0.01383673,99.1978,1,0.026357,162.697750,-0.01553994,100.9995,0,0.000000,0.000000
2015-01-09,-0.00365310,98.8325,1,0.033470,263.075090,0.00546656,101.5462,0,0.000000,0.000000
2015-01-12,-0.01158920,97.6736,1,0.035720,258.896900,0.01021876,102.5681,1,0.057284,284.140392
2015-01-13,-0.00074630,97.5989,1,0.026360,161.360560,-0.00225355,102.3427,1,0.033355,220.962140
2015-01-14,-0.00159131,97.4398,1,0.033051,220.253070,-0.00448243,101.8945,1,0.052143,319.905920
2015-01-15,-0.01536009,95.9038,1,0.020959,140.612180,0.01282544,103.1770,1,0.061576,320.214360
2015-01-16,0.00999956,96.9037,1,0.019514,121.185370,-0.00813766,102.3633,1,0.054646,240.103140
2015-01-20,-0.00239733,96.6640,1,0.056233,322.141910,-0.00387197,101.9761,0,0.000000,0.000000
2015-01-21,0.00049558,96.7136,1,0.026422,180.736440,-0.00373168,101.6029,1,0.047118,321.906939
2015-01-22,0.01555151,98.2687,1,0.023549,181.080000,-0.01608572,99.9943,1,0.057632,321.495290
2015-01-23,-0.00308933,97.9598,1,0.040873,282.230840,-0.00438987,99.5553,0,0.000000,0.000000
2015-01-26,-0.00764158,97.1956,1,0.028268,180.766580,-0.00085234,99.4701,1,0.074554,322.637931
2015-01-27,0.00867791,98.0634,1,0.022699,161.616890,-0.00307848,99.1623,0,0.000000,0.000000
2015-01-28,0.00624170,98.6876,1,0.027490,200.767510,-0.00070565,99.0917,1,0.083115,339.342513
2015-01-29,0.00699810,99.3874,1,0.029390,159.682360,-0.01516359,97.5753,0,0.000000,0.000000
2015-01-30,-0.00560357,98.8270,1,0.124177,302.704820,0.00040305,97.6156,0,0.000000,0.000000
2015-02-02,0.00054646,98.8817,1,0.064554,298.181820,-0.00468077,97.1476,0,0.000000,0.000000
2015-02-03,0.00765857,99.6475,1,0.023613,162.686260,-0.01073291,96.0743,0,0.000000,0.000000
2015-02-04,-0.00964072,98.6835,1,0.040182,224.052230,0.00078772,96.1530,0,0.000000,0.000000
2015-02-05,0.00563491,99.2470,1,0.019889,140.633490,-0.01418696,94.7343,1,0.078276,340.924234
2015-02-06,-0.01215902,98.0311,1,0.033772,181.945700,0.00905926,95.6403,0,0.000000,0.000000
2015-02-09,-0.00660602,97.3705,1,0.017362,140.564710,0.00728340,96.3686,1,0.039800,321.357565
2015-02-10,0.00207245,97.5777,1,0.013475,101.059420,-0.00670150,95.6985,1,0.038050,279.587500
2015-02-11,0.00175056,97.7528,1,0.026744,141.566640,0.00042417,95.7409,0,0.000000,0.000000
2015-02-12,0.00148410,97.9012,1,0.034110,160.370000,0.00429535,96.1704,1,0.048895,302.072064
2015-02-13,-0.02174198,95.7270,1,0.034838,201.890640,0.01641985,97.8124,0,0.000000,0.000000
2015-02-17,-0.00791078,94.9359,1,0.039118,162.236880,0.00474840,98.2872,1,0.046010,224.337316
2015-02-18,0.01379700,96.3156,1,0.037430,140.935460,-0.01298688,96.9885,1,0.067568,280.654730
2015-02-19,-0.01447357,94.8682,1,0.051927,199.350910,-0.01132056,95.8565,1,0.064116,320.406400
2015-02-20,0.00411460,95.2797,1,0.024310,180.272990,0.00040408,95.8969,1,0.041662,360.063500
2015-02-23,-0.00240999,95.0387,1,0.023889,161.040650,-0.00288801,95.6081,1,0.040751,341.538650
2015-02-24,0.00173723,95.2124,1,0.025567,200.344410,-0.00105505,95.5026,1,0.035385,281.027610
2015-02-25,-0.00653592,94.5588,1,0.033212,181.135790,-0.00802722,94.6999,1,0.044902,320.414600
2015-02-26,0.00261633,94.8205,1,0.063807,120.880580,-0.00298430,94.4014,1,0.135330,379.300800
2015-02-27,0.00202094,95.0226,1,0.032466,140.205000,-0.00386555,94.0149,1,0.051035,299.595900
2015-03-02,0.00411679,95.4342,1,0.037521,280.371660,-0.00127187,93.8877,1,0.032867,319.983100
2015-03-03,0.00638879,96.0731,1,0.027341,181.767260,-0.01251506,92.6362,1,0.047546,361.931040
2015-03-04,0.00296758,96.3699,0,0.000000,0.000000,0.00128630,92.7648,1,0.065400,379.541440
2015-03-05,-0.00238426,96.1314,0,0.000000,0.000000,-0.00059823,92.7050,1,0.066063,300.158310
2015-03-06,0.01099415,97.2309,1,0.045625,299.745056,0.00444559,93.1496,1,0.034461,281.052740
2015-03-09,0.00547719,97.7786,0,0.000000,0.000000,0.00472766,93.6223,0,0.000000,0.000000
2015-03-10,-0.00721197,97.0574,0,0.000000,0.000000,-0.00308531,93.3138,1,0.067721,280.216421
2015-03-11,0.00869992,97.9274,0,0.000000,0.000000,0.00147332,93.4611,0,0.000000,0.000000
2015-03-12,0.00614456,98.5418,0,0.000000,0.000000,-0.00479274,92.9819,1,0.034354,299.670630
2015-03-13,0.00335482,98.8773,1,0.038808,240.393443,0.00257403,93.2393,0,0.000000,0.000000
2015-03-16,-0.00307290,98.5700,1,0.030710,160.586090,0.00675482,93.9147,0,0.000000,0.000000
2015-03-17,-0.00168794,98.4012,1,0.021064,162.511240,0.00168359,94.0831,0,0.000000,0.000000
2015-03-18,-0.01642957,96.7583,1,0.026027,160.346430,-0.01094513,92.9886,1,0.041303,324.624230
2015-03-19,0.00445461,97.2037,1,0.014979,142.935290,0.00901407,93.8900,0,0.000000,0.000000
2015-03-20,-0.00604765,96.5990,1,0.021035,161.310820,0.00805172,94.6952,1,0.030228,241.507206
2015-03-23,0.00708198,97.3072,1,0.022972,223.034710,-0.00251659,94.4435,0,0.000000,0.000000
2015-03-24,0.00905023,98.2122,1,0.027377,220.724710,-0.00253166,94.1903,1,0.049366,322.475815
2015-03-25,-0.00283495,97.9287,1,0.027705,200.449900,0.00005674,94.1960,1,0.048776,300.035220
2015-03-26,0.00403205,98.3319,1,0.016885,121.627290,0.00217135,94.4131,0,0.000000,0.000000
2015-03-27,-0.00147041,98.1849,0,0.000000,0.000000,-0.00757154,93.6560,1,0.057134,337.248991
2015-03-30,-0.00043141,98.1417,1,0.038391,240.977701,-0.00604473,93.0515,1,0.045403,320.754200
2015-03-31,-0.00359726,97.7820,1,0.023256,202.868210,0.00279785,93.3313,0,0.000000,0.000000
2015-04-01,-0.00304949,97.4770,1,0.049469,279.237390,-0.00151582,93.1797,1,0.052252,322.535733
2015-04-02,-0.00229117,97.2479,1,0.033847,140.231520,0.00352515,93.5322,1,0.040555,320.008550
2015-04-06,-0.00595646,96.6523,1,0.014436,120.703170,0.00116987,93.6492,1,0.037013,281.378230
2015-04-07,0.00596414,97.2487,1,0.022246,122.114130,-0.00452700,93.1965,0,0.000000,0.000000
2015-04-08,0.00568415,97.8171,1,0.023135,180.050720,-0.00093171,93.1034,1,0.053101,320.209440
2015-04-09,0.00021280,97.8384,1,0.022330,140.618990,0.00988557,94.0919,0,0.000000,0.000000
2015-04-10,-0.00035850,97.8025,1,0.021540,160.432250,0.00354622,94.4465,1,0.042848,281.385910
2015-04-13,0.00389252,98.1918,1,0.017228,120.458710,-0.00487841,93.9587,1,0.033251,280.990710
2015-04-14,0.00116034,98.3078,1,0.026766,180.556560,-0.00733792,93.2249,1,0.061922,339.718950
2015-04-15,-0.00244588,98.0632,1,0.044778,140.810760,0.00271784,93.4967,1,0.067376,360.149570
2015-04-16,0.00243735,98.3070,1,0.019345,161.191370,-0.00756421,92.7403,1,0.032361,321.208360
2015-04-17,-0.00500949,97.8060,1,0.039399,220.091620,0.00348880,93.0891,1,0.053770,379.946340
2015-04-20,0.00219993,98.0260,1,0.022827,180.102350,0.00279883,93.3690,0,0.000000,0.000000
2015-04-21,-0.00085951,97.9401,1,0.030121,201.751260,0.00061185,93.4302,0,0.000000,0.000000
2015-04-22,0.00290512,98.2306,1,0.040068,180.900890,-0.00038498,93.3917,1,0.064748,279.889486
2015-04-23,-0.00602335,97.6282,1,0.040015,200.907780,0.00014949,93.4067,1,0.067501,300.555550
2015-04-24,-0.00107992,97.5202,1,0.013102,121.428600,-0.00018087,93.3886,1,0.031067,301.021510
2015-04-27,0.00399362,97.9196,1,0.025458,160.934850,-0.00262485,93.1261,1,0.045245,260.297900
2015-04-28,0.00333807,98.2534,1,0.032363,219.145120,0.00483915,93.6100,1,0.063675,358.974660
2015-04-29,-0.00147272,98.1061,1,0.026362,180.552670,0.01493252,95.1033,1,0.047778,301.233510
2015-04-30,-0.00027047,98.0791,1,0.031947,160.763090,0.00227652,95.3309,1,0.052668,281.089030
2015-05-01,-0.01470688,96.6084,1,0.029638,239.552500,0.00244931,95.5758,0,0.000000,0.000000
2015-05-04,0.00349960,96.9584,1,0.026700,182.617650,-0.00436768,95.1391,0,0.000000,0.000000
2015-05-05,-0.00008064,96.9503,1,0.028634,181.168420,0.00998225,96.1373,0,0.000000,0.000000
2015-05-06,-0.00294394,96.6559,1,0.019014,180.555370,0.00202093,96.3394,0,0.000000,0.000000
2015-05-07,0.00377289,97.0332,1,0.045431,161.092920,-0.00492844,95.8465,1,0.065414,299.624747
2015-05-08,-0.00485292,96.5479,1,0.032142,161.114340,-0.00011473,95.8351,1,0.055693,341.488310
2015-05-11,0.00276080,96.8240,1,0.012350,102.005810,-0.00351415,95.4837,0,0.000000,0.000000
2015-05-12,0.00217138,97.0411,1,0.024422,160.000030,-0.00329537,95.1541,1,0.058507,361.623488
2015-05-13,0.00603946,97.6451,1,0.021264,200.407260,-0.01174386,93.9797,1,0.044566,340.447590
2015-05-14,0.00154478,97.7995,1,0.022182,180.385230,-0.00217938,93.7618,1,0.053008,360.131560
2015-05-15,0.00208298,98.0078,1,0.023602,182.348740,-0.01275088,92.4867,0,0.000000,0.000000
2015-05-18,0.00496361,98.5042,1,0.021739,180.500340,-0.00816422,91.6703,1,0.065322,382.598002
2015-05-19,0.00260498,98.7647,1,0.020662,161.331200,0.00075918,91.7462,1,0.050332,380.735660
2015-05-20,0.00292366,99.0571,1,0.028074,180.381820,-0.00208944,91.5373,1,0.037384,340.257930
2015-05-21,-0.00256292,98.8008,1,0.032052,180.555640,0.00058967,91.5962,1,0.051483,340.988200
2015-05-22,-0.00175451,98.6253,1,0.022411,180.550040,0.00422953,92.0192,1,0.037177,300.750230
2015-05-26,0.00282969,98.9083,1,0.021041,140.243200,-0.00477544,91.5416,0,0.000000,0.000000
2015-05-27,0.00206654,99.1150,1,0.019156,180.230170,0.00027577,91.5692,0,0.000000,0.000000
2015-05-28,-0.00327669,98.7873,1,0.022149,181.963990,-0.00162902,91.4063,0,0.000000,0.000000
2015-05-29,-0.00899562,97.8877,1,0.023482,180.395000,0.00553905,91.9602,1,0.049295,338.685095
2015-06-01,-0.00862903,97.0248,1,0.035013,200.417740,0.00611195,92.5714,0,0.000000,0.000000
2015-06-02,0.00923999,97.9488,1,0.014571,80.947250,-0.00876345,91.6951,1,0.044225,261.094008
2015-06-03,-0.00107415,97.8414,1,0.023915,200.140010,0.01507463,93.2025,1,0.042857,359.836340
2015-06-04,0.00397223,98.2386,1,0.012387,102.118400,-0.01331105,91.8714,1,0.022605,201.803860
2015-06-05,0.00631305,98.8699,1,0.026055,160.893530,0.01550527,93.4219,0,0.000000,0.000000
2015-06-08,0.00300346,99.1703,1,0.023794,161.232240,-0.00778900,92.6430,1,0.018360,140.814427
2015-06-09,0.00416565,99.5868,1,0.018795,160.759640,0.00557178,93.2002,0,0.000000,0.000000
2015-06-10,0.00071394,99.6582,1,0.013526,121.001080,-0.00207544,92.9927,1,0.027464,220.055262
2015-06-11,0.00454287,100.1125,1,0.029403,182.437280,-0.00524581,92.4681,0,0.000000,0.000000
2015-06-12,0.00180934,100.2935,1,0.015736,141.607950,0.00474045,92.9421,1,0.047355,383.123013
2015-06-15,0.00129718,100.4232,1,0.031062,140.531070,0.00728740,93.6709,0,0.000000,0.000000
2015-06-16,0.00237681,100.6609,1,0.014569,120.548380,-0.00019706,93.6512,0,0.000000,0.000000
2015-06-17,-0.00099173,100.5617,1,0.030753,162.026950,0.00366360,94.0175,0,0.000000,0.000000
2015-06-18,-0.00592996,99.9687,1,0.023296,121.175280,0.00809369,94.8269,1,0.039751,301.132724
2015-06-19,-0.00370426,99.5983,1,0.018846,142.112920,-0.00221182,94.6057,0,0.000000,0.000000
2015-06-22,0.00375160,99.9734,1,0.035950,140.538140,0.00051389,94.6571,1,0.051391,342.009130
2015-06-23,0.00241769,100.2152,1,0.015451,120.804850,0.00401294,95.0584,1,0.032676,260.943460
2015-06-24,-0.00260892,99.9543,1,0.018712,160.481880,-0.00240393,94.8180,1,0.026763,260.546610
2015-06-25,0.00842912,100.7972,1,0.021498,180.159880,0.00015297,94.8333,0,0.000000,0.000000
2015-06-26,-0.00044684,100.7525,1,0.020344,140.291950,-0.00211455,94.6219,1,0.047255,357.838082
2015-06-29,-0.00043370,100.7092,1,0.021210,200.483200,0.00827578,95.4494,1,0.039182,320.301120
2015-06-30,0.00041023,100.7502,1,0.031157,161.774700,-0.00246650,95.2028,0,0.000000,0.000000
2015-07-01,0.00926842,101.6770,1,0.035628,241.289580,-0.00622097,94.5807,1,0.046677,337.601273
2015-07-02,-0.00388529,101.2885,1,0.047679,241.916730,-0.00227570,94.3531,0,0.000000,0.000000
2015-07-06,-0.00258171,101.0303,1,0.028281,220.562470,0.00686538,95.0397,1,0.048902,342.370977
2015-07-07,-0.01398332,99.6320,1,0.027532,200.723610,0.00656158,95.6958,1,0.047832,320.851520
2015-07-08,-0.01249195,98.3828,1,0.030215,201.796640,0.01921328,97.6171,1,0.044832,301.903490
2015-07-09,0.00978681,99.3615,1,0.039429,199.954020,-0.01122892,96.4943,0,0.000000,0.000000
2015-07-10,-0.00690288,98.6712,1,0.042998,300.762450,0.00919322,97.4136,1,0.047998,377.705627
2015-07-13,-0.01095639,97.5755,1,0.036439,202.504110,0.01236627,98.6502,0,0.000000,0.000000
2015-07-14,0.00023918,97.5995,1,0.021972,182.113120,0.00110067,98.7603,1,0.024253,223.545962
2015-07-15,0.00431938,98.0314,1,0.038542,220.976630,-0.00213516,98.5468,0,0.000000,0.000000
2015-07-16,0.00064540,98.0959,1,0.021990,180.214600,0.00252263,98.7990,1,0.048717,360.340840
2015-07-17,-0.00113565,97.9824,1,0.019245,161.544330,-0.00056951,98.7421,0,0.000000,0.000000
2015-07-20,-0.01035060,96.9473,1,0.028080,220.123860,0.00725482,99.4675,1,0.045068,321.163179
2015-07-21,0.00038291,96.9856,1,0.036249,161.301200,0.00804402,100.2719,1,0.037498,301.108690
2015-07-22,0.00343737,97.3293,1,0.026433,181.342460,0.00207420,100.4794,1,0.039540,320.473000
2015-07-23,0.00164917,97.4943,1,0.035753,240.647270,-0.00258506,100.2209,1,0.035286,300.698040
2015-07-24,-0.00300954,97.1933,1,0.037384,240.219350,0.02602081,102.8229,1,0.051599,339.327560
2015-07-27,-0.00066097,97.1272,1,0.022607,161.372070,-0.00487390,102.3356,1,0.031150,281.734340
2015-07-28,0.00500084,97.6273,1,0.041416,220.182850,-0.01061564,101.2740,1,0.047234,301.233300
2015-07-29,-0.00178924,97.4484,1,0.043504,284.013340,-0.00086978,101.1870,0,0.000000,0.000000
2015-07-30,0.00337684,97.7861,1,0.043836,242.702040,0.00156429,101.3434,0,0.000000,0.000000
2015-07-31,0.00041176,97.8272,1,0.039114,221.003140,0.00967647,102.3111,1,0.046223,326.386298
2015-08-03,0.00344444,98.1717,1,0.037096,220.095950,0.00313440,102.6245,1,0.033870,241.383650
2015-08-04,-0.00233290,97.9384,1,0.018560,161.430400,-0.01047078,101.5774,1,0.033128,280.860590
2015-08-05,0.00162494,98.1009,1,0.015436,121.045850,0.00024013,101.6015,1,0.043217,340.821030
2015-08-06,0.00930118,99.0310,1,0.029452,181.684030,-0.01785470,99.8160,1,0.046880,301.237830
2015-08-07,0.00261419,99.2924,1,0.024941,180.658550,0.00413123,100.2291,1,0.051817,359.113610
2015-08-10,-0.00345219,98.9472,1,0.029049,121.844040,-0.01989101,98.2400,1,0.045801,260.673840
2015-08-11,0.00440497,99.3877,1,0.021623,162.062210,0.01203615,99.4436,0,0.000000,0.000000
2015-08-12,-0.00222625,99.1651,1,0.035395,199.836040,0.01054064,100.4977,1,0.033756,241.409414
2015-08-13,-0.00285078,98.8800,1,0.030868,161.519490,-0.01469675,99.0280,1,0.042555,241.339460
2015-08-14,0.00189725,99.0697,1,0.020965,161.309910,-0.00161454,98.8666,1,0.051934,380.428480
2015-08-17,-0.00001213,99.0685,1,0.027163,181.344450,-0.00980893,97.8857,1,0.039253,281.286860
2015-08-18,-0.00279408,98.7891,1,0.037848,121.439270,0.00070702,97.9564,0,0.000000,0.000000
2015-08-19,-0.01289544,97.4996,1,0.015374,140.422260,0.00110147,98.0665,1,0.037583,301.574698
2015-08-20,-0.00229643,97.2699,1,0.016453,140.972170,0.01359752,99.4263,1,0.046058,299.764750
2015-08-21,-0.00569482,96.7004,1,0.016672,141.093550,0.00480220,99.9065,0,0.000000,0.000000
2015-08-24,0.00274681,96.9751,1,0.028039,160.985090,0.00774039,100.6805,0,0.000000,0.000000
2015-08-25,0.00789869,97.7650,1,0.032801,142.384560,-0.00047205,100.6333,0,0.000000,0.000000
2015-08-26,-0.00191759,97.5732,0,0.000000,0.000000,0.00032948,100.6663,0,0.000000,0.000000
2015-08-27,-0.00227872,97.3453,1,0.060782,341.842839,-0.00984665,99.6816,0,0.000000,0.000000
2015-08-28,-0.00755992,96.5894,1,0.029792,184.325630,-0.01331685,98.3499,0,0.000000,0.000000
2015-08-31,-0.00048932,96.5404,1,0.038072,181.363120,0.01225110,99.5750,1,0.068130,371.830320
2015-09-01,-0.00048079,96.4923,1,0.042819,260.328020,-0.00423198,99.1518,1,0.044518,260.300120
2015-09-02,-0.00748042,95.7443,1,0.040202,179.943340,0.00204164,99.3560,0,0.000000,0.000000
2015-09-03,-0.00149841,95.5945,1,0.036301,202.783680,0.00411652,99.7677,0,0.000000,0.000000
2015-09-04,-0.00227092,95.3674,1,0.034932,201.544580,0.00272171,100.0398,0,0.000000,0.000000
2015-09-08,-0.00845882,94.5215,1,0.035742,160.400880,0.00019412,100.0592,0,0.000000,0.000000
2015-09-09,-0.00041787,94.4797,1,0.032827,144.092300,0.00433315,100.4925,0,0.000000,0.000000
2015-09-10,0.00059011,94.5387,1,0.027159,160.152140,-0.00196674,100.2959,0,0.000000,0.000000
2015-09-11,0.00100661,94.6394,1,0.022019,160.970030,-0.00243016,100.0529,1,0.058936,359.477315
2015-09-14,0.00315989,94.9554,1,0.031721,162.147600,-0.00044383,100.0085,0,0.000000,0.000000
2015-09-15,0.00088971,95.0443,1,0.030809,180.192970,-0.00027210,99.9813,1,0.058500,321.335190
2015-09-16,-0.00688856,94.3555,1,0.028816,181.997280,0.00471072,100.4523,0,0.000000,0.000000
2015-09-17,0.00377151,94.7326,1,0.024059,142.002160,0.00734387,101.1867,0,0.000000,0.000000
2015-09-18,-0.00041448,94.6912,1,0.020368,140.616310,0.01323249,102.5100,1,0.042251,223.691368
2015-09-21,0.00279182,94.9704,1,0.020458,140.957300,-0.00302352,102.2076,0,0.000000,0.000000
2015-09-22,0.00407866,95.3782,1,0.023484,181.314980,0.00374543,102.5822,1,0.063507,259.554455
2015-09-23,-0.00241655,95.1366,1,0.021955,160.724910,0.00153860,102.7360,0,0.000000,0.000000
2015-09-24,0.00413228,95.5498,1,0.018632,140.973380,-0.00031112,102.7049,1,0.054302,318.879825
2015-09-25,-0.00287008,95.2628,1,0.027608,219.798960,0.01304917,104.0098,1,0.051613,340.329570
2015-09-28,0.00036922,95.2997,1,0.038738,181.143800,0.02132162,106.1420,1,0.035578,281.899010
2015-09-29,0.00035066,95.3348,1,0.016904,103.572360,-0.00148894,105.9931,0,0.000000,0.000000
2015-09-30,-0.01527774,93.8070,1,0.031544,201.310870,-0.00280224,105.7129,1,0.057814,376.308148
2015-10-01,0.00416526,94.2235,1,0.024174,243.523850,0.00669342,106.3822,0,0.000000,0.000000
2015-10-02,-0.00798839,93.4247,1,0.034489,161.559840,0.01426288,107.8085,1,0.055222,326.600051
2015-10-05,0.00255276,93.6800,1,0.035564,162.910470,-0.00958934,106.8496,0,0.000000,0.000000
2015-10-06,-0.00075709,93.6043,1,0.015299,122.769440,-0.00086452,106.7631,0,0.000000,0.000000
2015-10-07,0.02277166,95.8814,1,0.021774,160.580930,-0.02119353,104.6438,1,0.046943,326.387662
2015-10-08,-0.01556538,94.3249,1,0.025618,179.823540,0.00005539,104.6493,1,0.055761,340.341850
2015-10-09,0.01026034,95.3509,1,0.017396,122.864360,-0.00662149,103.9872,0,0.000000,0.000000
2015-10-12,-0.00108928,95.2420,1,0.024388,180.231810,0.00003315,103.9905,1,0.055485,322.333693
2015-10-13,-0.00250857,94.9911,1,0.029497,160.831700,0.00842243,104.8327,1,0.050497,280.791220
2015-10-14,-0.01132025,93.8591,1,0.019925,100.645920,-0.00069974,104.7627,0,0.000000,0.000000
2015-10-15,-0.00224331,93.6348,1,0.009971,81.315280,0.00146336,104.9091,0,0.000000,0.000000
2015-10-16,-0.01254081,92.3807,1,0.014761,122.685660,0.01073645,105.9827,0,0.000000,0.000000
2015-10-19,-0.00117442,92.2633,1,0.011142,82.444420,0.01065255,107.0480,1,0.040785,282.129201
2015-10-20,0.01482171,93.7454,1,0.028939,140.463640,-0.01789965,105.2580,1,0.024975,221.152160
2015-10-21,0.00078187,93.8236,1,0.028813,181.282370,-0.00268844,104.9892,1,0.047314,361.282570
2015-10-22,0.00627832,94.4514,1,0.035398,200.225160,0.00768807,105.7580,1,0.058193,320.668550
2015-10-23,0.00275419,94.7269,1,0.034741,244.495570,-0.01806846,103.9511,0,0.000000,0.000000
2015-10-26,-0.00654343,94.0725,1,0.017473,141.558160,0.00865974,104.8171,1,0.052386,383.885517
2015-10-27,-0.00705662,93.3669,1,0.025382,180.937630,0.00559681,105.3768,1,0.042099,281.307740
2015-10-28,0.00829523,94.1964,1,0.037767,141.797360,0.00564048,105.9408,1,0.059452,282.177720
2015-10-29,0.00194239,94.3906,1,0.026461,183.169590,-0.00316575,105.6243,1,0.056395,343.376240
2015-10-30,-0.00192010,94.1986,1,0.018850,140.686400,-0.01088087,104.5362,1,0.047817,320.490620
2015-11-02,0.00473965,94.6726,1,0.041365,240.515580,-0.00688851,103.8473,1,0.045781,360.700030
2015-11-03,-0.00414735,94.2578,1,0.034535,222.242910,0.01091112,104.9384,0,0.000000,0.000000
2015-11-04,0.00383352,94.6412,1,0.026168,161.375260,0.00098545,105.0370,1,0.032595,262.181200
2015-11-05,-0.00708537,93.9327,1,0.032727,260.316920,0.01005221,106.0422,1,0.042939,320.169760
2015-11-06,0.00041458,93.9741,1,0.014602,141.733650,0.00206967,106.2492,1,0.037603,261.703960
2015-11-09,0.00491036,94.4651,1,0.024434,180.798640,-0.00687001,105.5622,1,0.035251,300.843930
2015-11-10,0.00050590,94.5157,1,0.023690,220.481450,-0.00907612,104.6546,0,0.000000,0.000000
2015-11-11,0.00438398,94.9541,1,0.025002,161.452540,-0.00075109,104.5794,1,0.057649,380.400136
2015-11-12,0.00056782,95.0109,1,0.028718,219.840940,0.00179438,104.7589,1,0.040672,280.519240
2015-11-13,0.00316490,95.3274,1,0.027200,220.053840,-0.00247441,104.5114,0,0.000000,0.000000
2015-11-16,0.00062775,95.3902,1,0.026575,200.544510,-0.00188902,104.3225,1,0.050512,337.617506
2015-11-17,0.00403568,95.7938,1,0.031532,222.543910,-0.00151259,104.1713,0,0.000000,0.000000
2015-11-18,0.00466042,96.2598,1,0.024108,200.479700,-0.00561061,103.6102,1,0.037931,301.517805
2015-11-19,0.00166135,96.4259,1,0.027035,223.277490,-0.01065111,102.5451,0,0.000000,0.000000
2015-11-20,0.00214995,96.6409,1,0.020575,160.873090,0.00140330,102.6854,1,0.044770,322.437244
2015-11-23,0.00528874,97.1698,1,0.036666,221.814710,-0.00666145,102.0193,1,0.041795,282.238720
2015-11-24,0.01074469,98.2443,1,0.036831,240.983740,-0.00387583,101.6317,1,0.038393,321.865610
2015-11-25,0.00389694,98.6340,1,0.035396,240.340000,-0.00734089,100.8976,1,0.058229,340.801370
2015-11-27,0.00464663,99.0986,1,0.026327,200.950010,0.00585426,101.4830,1,0.051704,320.830140
2015-11-30,0.01139335,100.2380,1,0.037075,221.192990,-0.00699709,100.7833,1,0.054309,301.239590
2015-12-01,0.00214849,100.4528,1,0.035241,260.160270,-0.00673372,100.1100,1,0.044662,339.706480
2015-12-02,0.00931941,101.3848,1,0.037249,241.848230,-0.00345441,99.7645,0,0.000000,0.000000
2015-12-03,0.00261948,101.6467,1,0.033222,200.313990,0.01468570,101.2331,0,0.000000,0.000000
2015-12-04,0.00343600,101.9903,1,0.041840,200.231090,-0.01192603,100.0405,0,0.000000,0.000000
2015-12-07,-0.00797595,101.1927,1,0.036565,223.087380,-0.00602110,99.4384,0,0.000000,0.000000
2015-12-08,-0.00584544,100.6082,1,0.029944,181.745370,0.00132503,99.5709,1,0.050697,297.750985
2015-12-09,-0.00158815,100.4493,1,0.034855,161.058080,-0.00980459,98.5904,1,0.055289,280.393420
2015-12-10,0.00067100,100.5164,1,0.035690,219.829520,-0.00368114,98.2223,1,0.062694,378.193170
2015-12-11,0.01206460,101.7229,1,0.030120,200.787110,-0.00614086,97.6082,1,0.046896,320.781640
2015-12-14,-0.00264723,101.4582,1,0.033783,239.317160,-0.00030259,97.5780,0,0.000000,0.000000
2015-12-15,0.00046840,101.5050,1,0.020900,160.794820,-0.00635312,96.9427,1,0.038262,320.227206
2015-12-16,-0.00389367,101.1157,1,0.035487,262.180400,-0.00247733,96.6949,0,0.000000,0.000000
2015-12-17,0.00088757,101.2044,1,0.038683,202.368200,0.00141621,96.8365,0,0.000000,0.000000
2015-12-18,-0.00283743,100.9207,1,0.022363,140.372940,-0.00823650,96.0129,0,0.000000,0.000000
2015-12-21,-0.00571347,100.3493,1,0.029797,141.066720,-0.01058106,94.9548,0,0.000000,0.000000
2015-12-22,-0.00219887,100.1294,1,0.029037,162.003910,-0.00610221,94.3446,1,0.052651,380.503671
2015-12-23,-0.01760317,98.3691,1,0.026497,182.080830,-0.00077761,94.2668,0,0.000000,0.000000
2015-12-24,0.00549545,98.9187,1,0.020455,123.674900,-0.00278886,93.9879,0,0.000000,0.000000
2015-12-28,0.00779191,99.6979,1,0.025059,121.138980,0.00189529,94.1774,1,0.076181,343.688923
2015-12-29,0.00336425,100.0343,1,0.019905,140.198390,-0.00391276,93.7862,1,0.044606,320.924950
2015-12-30,0.00864645,100.8989,1,0.030215,181.194130,0.00949698,94.7359,0,0.000000,0.000000
2015-12-31,-0.00468311,100.4306,1,0.035771,180.705700,-0.00645135,94.0907,0,0.000000,0.000000
2016-01-04,-0.01303185,99.1274,1,0.030355,239.467860,0.00139972,94.2307,0,0.000000,0.000000
2016-01-05,0.00142222,99.2696,1,0.036158,160.368250,0.00594855,94.8256,0,0.000000,0.000000
2016-01-06,0.00123389,99.3930,1,0.045741,261.193100,0.00173711,94.9993,1,0.056799,318.317500
2016-01-07,-0.01852437,97.5406,1,0.036237,219.660790,0.01188371,96.1876,1,0.056499,298.939590
2016-01-08,-0.01206657,96.3339,1,0.041727,160.555580,0.00266723,96.4544,0,0.000000,0.000000
2016-01-11,-0.00445190,95.8888,1,0.029310,141.601870,0.01216536,97.6709,0,0.000000,0.000000
2016-01-12,0.01346907,97.2357,1,0.021653,140.670960,-0.00446826,97.2241,1,0.032726,277.909761
2016-01-13,-0.00352765,96.8829,1,0.043115,300.845500,-0.00698063,96.5260,1,0.049283,321.583960
2016-01-14,0.00849511,97.7324,1,0.042859,258.650290,0.00481575,97.0076,0,0.000000,0.000000
2016-01-15,0.01213677,98.9461,1,0.059903,323.234530,0.00180162,97.1878,0,0.000000,0.000000
2016-01-19,-0.01132973,97.8131,1,0.056053,277.990260,0.00690430,97.8782,0,0.000000,0.000000
2016-01-20,-0.00763619,97.0495,1,0.033119,220.834940,0.00207869,98.0861,1,0.039031,260.501718
2016-01-21,0.00708143,97.7576,1,0.032137,181.066080,-0.01577072,96.5090,1,0.041642,338.960560
2016-01-22,-0.00298199,97.4594,1,0.036349,241.807700,0.00019031,96.5280,1,0.051679,342.718750
2016-01-25,0.01639793,99.0992,1,0.035747,224.379150,-0.00840025,95.6880,0,0.000000,0.000000
2016-01-26,-0.00095015,99.0042,1,0.060775,277.516480,0.02883782,98.5718,0,0.000000,0.000000
2016-01-27,0.01323525,100.3277,1,0.035745,264.297300,-0.02304513,96.2673,0,0.000000,0.000000
2016-01-28,-0.01431335,98.8964,1,0.048175,240.513070,0.00594502,96.8618,1,0.060058,342.146392
2016-01-29,0.00501175,99.3976,1,0.040835,162.850780,-0.00901984,95.9598,1,0.040574,281.681700
2016-02-01,0.00764535,100.1621,0,0.000000,0.000000,-0.01369000,94.5908,0,0.000000,0.000000
2016-02-02,-0.00182685,99.9794,1,0.042935,264.616791,0.01794719,96.3855,1,0.050781,364.981788
2016-02-03,0.00605926,100.5854,1,0.027564,180.196090,-0.00648773,95.7367,0,0.000000,0.000000
2016-02-04,-0.00721932,99.8634,1,0.049282,223.650510,-0.01892614,93.8441,0,0.000000,0.000000
2016-02-05,-0.01603966,98.2595,1,0.021036,141.866270,0.01066065,94.9102,1,0.048615,362.017614
2016-02-08,0.00605601,98.8651,1,0.032219,141.538470,0.01374110,96.2843,0,0.000000,0.000000
2016-02-09,0.00813342,99.6784,1,0.026098,161.105140,0.01140438,97.4247,1,0.042742,277.532948
2016-02-10,0.01209862,100.8883,0,0.000000,0.000000,-0.02642774,94.7819,1,0.046514,322.550220
2016-02-11,0.00782743,101.6710,0,0.000000,0.000000,-0.01443704,93.3382,1,0.040344,304.546460
2016-02-12,-0.00739420,100.9316,1,0.055250,277.141270,-0.00993297,92.3449,1,0.044587,297.346440
2016-02-16,-0.01087726,99.8439,1,0.032826,163.475590,0.00252248,92.5972,0,0.000000,0.000000
2016-02-17,-0.00977034,98.8668,1,0.019374,143.973340,0.01238916,93.8361,0,0.000000,0.000000
2016-02-18,0.00255888,99.1227,1,0.041442,162.431000,-0.02607317,91.2288,1,0.053387,292.169329
2016-02-19,0.00174869,99.2976,1,0.023471,160.983110,-0.00050014,91.1788,1,0.046894,358.532750
2016-02-22,0.00548644,99.8462,1,0.048336,200.814320,-0.01601389,89.5774,1,0.048429,281.254640
2016-02-23,0.01581157,101.4274,1,0.041283,242.910440,0.00870269,90.4477,0,0.000000,0.000000
2016-02-24,0.00559832,101.9872,1,0.045508,199.141740,-0.00259401,90.1883,1,0.061981,321.235312
2016-02-25,0.00131846,102.1191,0,0.000000,0.000000,-0.00428325,89.7599,1,0.058305,341.235800
2016-02-26,-0.00378828,101.7402,1,0.026698,223.291567,0.00384541,90.1445,0,0.000000,0.000000
2016-02-29,0.00995214,102.7354,1,0.022326,141.255390,-0.01403037,88.7414,1,0.042757,303.296356
2016-03-01,-0.00978006,101.7574,1,0.023026,181.146520,-0.01647364,87.0941,1,0.057694,358.688160
2016-03-02,0.00220912,101.9784,1,0.012348,103.665700,-0.01191548,85.9025,0,0.000000,0.000000
2016-03-03,-0.00502874,101.4755,1,0.016814,141.248180,0.00721246,86.6238,1,0.056774,347.035124
2016-03-04,-0.01089267,100.3862,1,0.014017,101.798620,0.00937348,87.5611,0,0.000000,0.000000
2016-03-07,-0.00703493,99.6827,1,0.010933,82.143930,0.00505406,88.0665,1,0.038734,264.097920
2016-03-08,0.02577279,102.2600,1,0.019741,161.597300,-0.02643105,85.4234,1,0.059855,321.345140
2016-03-09,-0.00269251,101.9907,1,0.025991,161.844440,-0.00044903,85.3785,1,0.061223,337.244290
2016-03-10,-0.00110264,101.8805,1,0.035264,181.254480,0.00424616,85.8031,1,0.039344,281.520000
2016-03-11,-0.00272537,101.6079,1,0.029507,180.852500,-0.01959776,83.8434,1,0.044416,280.657840
2016-03-14,0.00264103,101.8720,1,0.023987,203.799070,0.00099677,83.9430,0,0.000000,0.000000
2016-03-15,0.00818979,102.6910,1,0.018481,120.460150,0.00188753,84.1318,1,0.048987,264.095072
2016-03-16,-0.00937765,101.7533,1,0.031005,140.807000,-0.01421293,82.7105,1,0.063483,359.215780
2016-03-17,-0.00170237,101.5830,1,0.022997,161.947080,0.01425181,84.1357,1,0.067449,342.377550
2016-03-18,0.00095117,101.6781,1,0.034713,163.392120,-0.01182120,82.9536,1,0.041050,222.838970
2016-03-21,0.00141383,101.8195,1,0.020847,161.664710,-0.00505217,82.4483,1,0.050667,362.742850
2016-03-22,-0.00467719,101.3518,1,0.015269,120.478850,-0.00124220,82.3241,1,0.039620,340.241170
2016-03-23,0.01290692,102.6425,1,0.030298,160.462230,-0.00243647,82.0805,1,0.036187,300.879040
2016-03-24,0.00168156,102.8107,1,0.018094,139.853530,-0.00397431,81.6830,1,0.046411,320.080320
2016-03-28,0.01539434,104.3501,1,0.023166,141.092530,-0.01034315,80.6487,1,0.042305,320.758700
2016-03-29,-0.00417820,103.9323,1,0.026920,160.969000,0.00920686,81.5694,1,0.065724,380.119510
2016-03-30,0.00803996,104.7363,1,0.027684,162.719360,0.00002572,81.5720,0,0.000000,0.000000
2016-03-31,0.00006415,104.7427,1,0.033985,200.917660,-0.00713133,80.8588,1,0.061333,343.263343
2016-04-01,0.01263075,106.0058,1,0.049235,299.754380,-0.02209458,78.6494,1,0.054918,379.754520
2016-04-04,-0.02254889,103.7509,1,0.025399,181.112050,0.01633100,80.2825,1,0.055240,380.704160
2016-04-05,0.00403799,104.1547,1,0.016011,122.091430,0.00052523,80.3350,1,0.044007,301.795900
2016-04-06,-0.02112087,102.0426,1,0.019687,140.358810,0.00710019,81.0450,0,0.000000,0.000000
2016-04-07,0.00792266,102.8348,1,0.022134,162.972800,-0.01248625,79.7964,1,0.040765,261.666527
2016-04-08,-0.00078175,102.7567,1,0.019705,160.377420,0.00837588,80.6340,1,0.042692,338.809500
2016-04-11,0.00142846,102.8995,1,0.017544,160.563050,0.00499990,81.1340,1,0.030110,241.214360
2016-04-12,-0.00106093,102.7934,1,0.022783,140.899210,0.01340781,82.4748,1,0.030019,221.230600
2016-04-13,0.01159660,103.9531,1,0.027300,142.566450,0.00765598,83.2404,0,0.000000,0.000000
2016-04-14,-0.00571677,103.3814,1,0.013707,123.123620,0.00263696,83.5041,1,0.046784,325.419969
2016-04-15,0.00031330,103.4127,1,0.025260,140.642770,-0.01302907,82.2012,1,0.027737,260.237900
2016-04-18,-0.00263748,103.1490,1,0.028678,140.284010,-0.00605505,81.5956,1,0.049265,380.647350
2016-04-19,-0.00546840,102.6021,1,0.026250,181.262770,-0.00184569,81.4111,0,0.000000,0.000000
2016-04-20,-0.00302687,102.2995,1,0.028137,180.277330,-0.00014656,81.3964,1,0.055246,301.352128
2016-04-21,-0.00203337,102.0961,1,0.032427,220.618230,0.00578550,81.9750,1,0.053040,300.769430
2016-04-22,0.00027250,102.1234,1,0.027660,122.526790,-0.00567089,81.4079,1,0.070139,300.821530
2016-04-25,-0.00346008,101.7774,1,0.018098,122.497050,0.00262518,81.6704,1,0.065452,361.539010
2016-04-26,-0.00273621,101.5037,1,0.023481,120.557550,-0.00640873,81.0295,1,0.047793,319.894530
2016-04-27,-0.01710132,99.7936,1,0.022862,142.826020,0.00481007,81.5105,1,0.059803,362.180060
2016-04-28,0.00643255,100.4369,1,0.008665,102.451270,-0.00845867,80.6647,1,0.025627,262.416330
2016-04-29,0.00243094,100.6800,1,0.028056,180.305100,0.00946982,81.6117,1,0.067718,338.381860
2016-05-02,-0.00243060,100.4369,1,0.031460,180.038290,-0.00084761,81.5269,1,0.039031,259.975480
2016-05-03,-0.01423899,99.0130,1,0.022589,161.579800,0.01345421,82.8723,1,0.035979,321.765330
2016-05-04,-0.02559597,96.4534,1,0.018207,121.292330,0.01804347,84.6767,1,0.049133,280.336720
2016-05-05,0.00715497,97.1689,1,0.011703,102.406590,0.00126347,84.8030,1,0.044573,240.959180
2016-05-06,-0.00621394,96.5475,1,0.023714,181.163200,0.00592277,85.3953,1,0.033553,280.407540
2016-05-09,-0.00818096,95.7294,1,0.023236,181.530600,0.00019423,85.4147,1,0.044537,262.238130
2016-05-10,0.00423361,96.1528,1,0.026559,181.797080,-0.01243327,84.1714,1,0.046817,321.016860
2016-05-11,-0.00169637,95.9831,1,0.024497,203.457140,-0.01412640,82.7587,0,0.000000,0.000000
2016-05-12,-0.00258426,95.7247,1,0.016936,121.786660,0.00209755,82.9685,0,0.000000,0.000000
2016-05-13,-0.00319133,95.4056,1,0.010733,121.159970,-0.00113762,82.8547,1,0.031272,261.993164
2016-05-16,0.00582504,95.9881,1,0.017316,121.180840,-0.00195253,82.6595,0,0.000000,0.000000
2016-05-17,-0.00309756,95.6783,1,0.033796,261.945040,-0.00781029,81.8784,0,0.000000,0.000000
2016-05-18,0.00348053,96.0264,1,0.021657,200.865800,-0.01269202,80.6092,0,0.000000,0.000000
2016-05-19,0.00164476,96.1908,1,0.026224,141.075970,-0.00705323,79.9039,1,0.051533,358.621362
2016-05-20,-0.00198856,95.9920,1,0.037836,161.172920,-0.00705309,79.1986,1,0.044609,340.254410
2016-05-23,-0.00561221,95.4308,1,0.015001,142.172720,-0.00786118,78.4125,0,0.000000,0.000000
2016-05-24,0.00045905,95.4767,1,0.017415,140.827860,0.00145585,78.5581,1,0.047915,361.333327
2016-05-25,0.00356190,95.8329,1,0.016090,123.141960,0.01514127,80.0722,0,0.000000,0.000000
2016-05-26,0.00924324,96.7572,1,0.033186,161.638420,-0.00234784,79.8374,1,0.037204,244.497068
2016-05-27,0.00097216,96.8544,1,0.038384,181.567010,-0.00105909,79.7315,1,0.055789,340.634340
2016-05-31,-0.00468069,96.3863,1,0.018229,141.356980,0.00816520,80.5480,0,0.000000,0.000000
2016-06-01,-0.00270488,96.1159,1,0.030588,280.578580,-0.00266957,80.2811,1,0.025697,221.822285
2016-06-02,-0.00369297,95.7466,1,0.015247,100.792060,0.00713952,80.9950,1,0.051758,340.741860
2016-06-03,0.00549713,96.2963,1,0.014267,141.108530,-0.00770829,80.2242,1,0.032549,241.412030
2016-06-06,-0.01122294,95.1740,1,0.025724,179.531780,-0.01198072,79.0261,1,0.054042,360.068880
2016-06-07,-0.00330750,94.8432,1,0.021260,141.738910,-0.00078344,78.9478,1,0.044804,361.574650
2016-06-08,0.00502642,95.3459,1,0.018578,120.822970,-0.00311940,78.6358,1,0.045460,300.734400
2016-06-09,-0.00029652,95.3162,1,0.014922,141.455420,0.00466970,79.1028,1,0.029920,280.858280
2016-06-10,0.00071935,95.3881,1,0.014055,160.364270,0.00888463,79.9913,1,0.026067,280.437230
2016-06-13,-0.00372853,95.0153,1,0.014383,100.133530,0.00254999,80.2463,0,0.000000,0.000000
2016-06-14,-0.00833088,94.1822,1,0.018988,140.802050,0.00983032,81.2293,0,0.000000,0.000000
2016-06-15,0.00069232,94.2514,1,0.017328,141.252380,-0.00146354,81.0830,1,0.024014,201.263415
2016-06-16,-0.00170501,94.0809,1,0.023101,141.319860,-0.00397413,80.6855,1,0.034093,300.738420
2016-06-17,0.00332813,94.4138,1,0.017937,121.199300,-0.00374883,80.3107,1,0.059883,381.291080
2016-06-20,0.00003143,94.4169,1,0.038627,181.281070,-0.00416834,79.8938,1,0.078954,360.322440
2016-06-21,-0.00244412,94.1725,1,0.025522,161.944530,0.00322214,80.2160,0,0.000000,0.000000
2016-06-22,0.00291974,94.4645,1,0.008076,80.643270,-0.00237911,79.9781,1,0.040231,282.549958
2016-06-23,-0.00127465,94.3370,1,0.018245,140.362390,0.00042935,80.0211,1,0.041665,359.665600
2016-06-24,0.02111064,96.4481,1,0.023536,163.064820,-0.00413663,79.6074,0,0.000000,0.000000
2016-06-27,-0.00863214,95.5848,1,0.038804,239.191740,-0.01460365,78.1470,0,0.000000,0.000000
2016-06-28,0.00731711,96.3166,1,0.022029,160.128630,-0.01584154,76.5629,1,0.051264,335.093302
2016-06-29,0.00086946,96.4035,1,0.027154,202.716240,-0.01586670,74.9762,0,0.000000,0.000000
2016-06-30,0.00218610,96.6221,1,0.018700,164.379260,-0.01077294,73.8989,0,0.000000,0.000000
2016-07-01,0.00027958,96.6501,1,0.052272,263.859870,0.00087091,73.9860,0,0.000000,0.000000
2016-07-05,0.01102289,97.7524,0,0.000000,0.000000,-0.00087969,73.8980,1,0.038649,330.955436
2016-07-06,-0.00998801,96.7536,0,0.000000,0.000000,-0.00479754,73.4183,1,0.043824,339.222800
2016-07-07,-0.00104971,96.6486,1,0.027241,200.471209,0.00488310,73.9066,1,0.040530,341.210790
2016-07-08,-0.00276704,96.3719,1,0.012614,101.026770,0.00870332,74.7769,1,0.036988,300.444780
2016-07-11,-0.00587449,95.7844,1,0.018219,163.448230,0.01026793,75.8037,0,0.000000,0.000000
2016-07-12,-0.01136362,94.6481,1,0.022652,120.928810,0.01257329,77.0611,1,0.037551,264.187981
2016-07-13,0.00832092,95.4802,1,0.021528,141.452790,-0.01211340,75.8497,1,0.032000,281.908240
2016-07-14,-0.00502894,94.9773,1,0.028534,219.547260,-0.00659350,75.1904,1,0.049720,380.173740
2016-07-15,-0.00726778,94.2505,1,0.020238,121.094920,0.00360353,75.5507,1,0.052897,340.071290
2016-07-18,-0.00563904,93.6866,1,0.015784,140.767260,0.00260535,75.8112,1,0.030015,280.569470
2016-07-19,0.00304839,93.9914,1,0.013831,120.734400,0.00181119,75.9924,1,0.024031,240.891050
2016-07-20,0.00244115,94.2355,1,0.013375,121.014090,-0.00751129,75.2412,1,0.048239,320.166630
2016-07-21,-0.01762171,92.4734,1,0.020011,141.531970,0.01356032,76.5973,1,0.047708,380.839130
2016-07-22,-0.00634469,91.8389,1,0.015729,122.665140,0.00450529,77.0478,1,0.041691,341.423700
2016-07-25,-0.00418742,91.4202,1,0.012832,122.456240,0.01093700,78.1415,0,0.000000,0.000000
2016-07-26,0.01151268,92.5714,1,0.023112,140.558370,-0.00786954,77.3545,1,0.031364,283.713480
2016-07-27,0.00339909,92.9113,1,0.025041,201.672020,0.01706447,79.0610,1,0.041273,361.423290
2016-07-28,0.00656682,93.5680,1,0.014228,103.281070,0.00110057,79.1710,1,0.030903,201.475060
2016-07-29,-0.00925733,92.6423,1,0.035873,241.296090,0.00573779,79.7448,1,0.055671,322.039460
2016-08-01,0.00555973,93.1983,1,0.031637,221.612580,0.00495341,80.2402,1,0.042789,301.322890
2016-08-02,-0.00725437,92.4728,1,0.020607,140.001470,0.00569910,80.8101,1,0.040170,280.506330
2016-08-03,-0.00967433,91.5054,1,0.013323,120.853810,-0.02702267,78.1078,0,0.000000,0.000000
2016-08-04,0.00387765,91.8931,1,0.020795,162.142090,0.00292775,78.4006,1,0.051505,380.564465
2016-08-05,-0.01511479,90.3817,1,0.029829,180.586080,0.00455116,78.8557,1,0.045624,260.697900
2016-08-08,-0.00185249,90.1964,1,0.019209,141.421630,0.00693795,79.5495,1,0.037555,282.312860
2016-08-09,0.00391765,90.5882,1,0.015895,140.742020,-0.00811797,78.7377,1,0.032387,260.601630
2016-08-10,0.00321853,90.9100,1,0.022167,180.250200,0.00000197,78.7379,1,0.044663,400.188450
2016-08-11,0.00084785,90.9948,1,0.021595,140.677600,-0.00646673,78.0912,1,0.029933,260.584080
2016-08-12,0.00211121,91.2059,1,0.032039,200.801100,-0.00530719,77.5605,1,0.040079,320.951040
2016-08-15,-0.00573317,90.6326,1,0.021657,180.454640,-0.00189503,77.3710,1,0.038243,360.347560
2016-08-16,-0.01443045,89.1896,1,0.028585,180.604660,0.01151209,78.5222,1,0.045311,321.374860
2016-08-17,0.00846926,90.0365,1,0.016994,139.996720,-0.00990540,77.5317,0,0.000000,0.000000
2016-08-18,0.00130877,90.1674,1,0.023383,121.159020,0.00409153,77.9408,1,0.051337,380.291386
2016-08-19,-0.00448672,89.7187,1,0.024652,181.154880,-0.00213242,77.7276,1,0.041492,261.684770
2016-08-22,0.00176959,89.8957,1,0.016801,101.473560,0.00072242,77.7998,1,0.038958,340.390170
2016-08-23,-0.00520340,89.3753,1,0.018620,140.732980,-0.00289152,77.5107,1,0.032852,280.966020
2016-08-24,0.01275995,90.6513,1,0.017845,101.042560,-0.00742850,76.7678,1,0.050840,360.710000
2016-08-25,0.00193550,90.8449,1,0.030480,199.072920,-0.00175764,76.5921,1,0.046734,339.172030
2016-08-26,-0.00104610,90.7403,1,0.026950,200.285530,0.00582104,77.1742,1,0.044966,320.423290
2016-08-29,0.00363437,91.1037,1,0.023733,140.869640,-0.00284331,76.8898,1,0.029891,260.575510
2016-08-30,0.00030591,91.1343,1,0.020239,161.237710,0.00722721,77.6126,0,0.000000,0.000000
2016-08-31,0.00529470,91.6638,1,0.027950,200.889350,0.00421111,78.0337,1,0.029099,241.232317
2016-09-01,0.00231285,91.8951,1,0.037395,320.531760,-0.00340404,77.6933,1,0.034144,300.500930
2016-09-02,-0.00200598,91.6945,1,0.024388,200.487140,0.00234343,77.9276,1,0.039597,300.244840
2016-09-06,0.00263510,91.9580,1,0.016230,181.609090,0.00641532,78.5691,0,0.000000,0.000000
2016-09-07,0.00353244,92.3112,1,0.023656,160.653900,-0.00461498,78.1076,1,0.034008,282.183452
2016-09-08,-0.00406896,91.9043,1,0.012856,160.739420,-0.00085155,78.0225,1,0.041195,380.445790
2016-09-09,0.00116333,92.0206,1,0.012257,140.631780,0.00021450,78.0439,1,0.030160,319.640780
2016-09-12,0.00267569,92.2882,1,0.028641,200.146530,-0.00576617,77.4673,0,0.000000,0.000000
2016-09-13,0.00107879,92.3961,1,0.026931,202.351770,0.00129902,77.5972,0,0.000000,0.000000
2016-09-14,-0.00032956,92.3631,1,0.030666,220.193530,-0.00377917,77.2193,0,0.000000,0.000000
2016-09-15,0.00030661,92.3938,1,0.022929,160.758550,-0.00292497,76.9268,1,0.040627,353.652502
2016-09-16,-0.00143860,92.2499,1,0.015590,181.894310,0.00391116,77.3179,0,0.000000,0.000000
2016-09-19,0.00352361,92.6023,1,0.013699,140.420670,-0.00314506,77.0034,1,0.031616,301.959350
2016-09-20,-0.00472057,92.1302,1,0.021807,181.370580,0.00357023,77.3604,1,0.040187,341.164350
2016-09-21,0.00153214,92.2835,1,0.023706,140.819410,-0.00231592,77.1288,1,0.033012,280.641850
2016-09-22,0.00424086,92.7075,1,0.013694,122.685780,-0.00347935,76.7809,0,0.000000,0.000000
2016-09-23,0.00395176,93.1027,1,0.015534,142.170260,0.00431375,77.2123,0,0.000000,0.000000
2016-09-26,0.00068557,93.1713,1,0.024143,180.540910,-0.00053477,77.1588,1,0.041247,323.540495
2016-09-27,0.00596164,93.7674,1,0.032976,200.013620,-0.01112512,76.0463,1,0.041672,299.336090
2016-09-28,0.01105141,94.8726,1,0.022229,220.592560,-0.00797579,75.2487,1,0.044439,380.072980
2016-09-29,0.00137023,95.0096,1,0.027067,201.883270,0.00373925,75.6226,1,0.029445,281.519900
2016-09-30,-0.01173176,93.8364,1,0.020086,161.873430,0.00606636,76.2293,0,0.000000,0.000000
2016-10-03,-0.00587032,93.2494,1,0.034532,281.191270,0.01763141,77.9924,1,0.020579,241.901075
2016-10-04,-0.00013316,93.2361,1,0.016526,141.071580,0.00992043,78.9845,1,0.029057,241.134920
2016-10-05,-0.00985518,92.2506,1,0.019808,161.153870,0.00530690,79.5152,1,0.029820,240.609800
2016-10-06,0.00091922,92.3425,1,0.021808,181.448090,0.00140759,79.6559,1,0.028961,261.183690
2016-10-07,0.02008784,94.3513,1,0.023216,180.198250,-0.01375517,78.2804,1,0.036297,280.347720
2016-10-10,-0.00042914,94.3084,1,0.024404,220.963760,0.00515649,78.7960,1,0.040041,358.683240
2016-10-11,-0.00052812,94.2555,1,0.033092,241.121770,-0.00626398,78.1696,1,0.032958,301.990970
2016-10-12,0.00148894,94.4044,1,0.023376,180.296260,-0.00383598,77.7860,0,0.000000,0.000000
2016-10-13,0.00039951,94.4444,1,0.034179,221.407290,-0.00189824,77.5962,0,0.000000,0.000000
2016-10-14,0.00287516,94.7319,1,0.020694,200.451530,-0.00441651,77.1546,1,0.040551,357.608849
2016-10-17,-0.00939986,93.7919,1,0.031316,200.316570,0.00108549,77.2631,1,0.049661,320.526660
2016-10-18,0.00234803,94.0267,1,0.025137,140.516690,-0.00079387,77.1837,1,0.049297,340.524870
2016-10-19,-0.00766405,93.2603,1,0.032845,221.326000,0.00597228,77.7810,1,0.046042,321.248730
2016-10-20,0.00508442,93.7688,1,0.024678,201.510640,-0.00746185,77.0348,1,0.022515,222.059710
2016-10-21,0.00521029,94.2898,1,0.015101,160.176980,-0.00401901,76.6329,1,0.042691,318.508530
2016-10-24,0.00487755,94.7775,1,0.035765,240.104230,-0.00059994,76.5729,1,0.054124,360.248310
2016-10-25,-0.00995156,93.7824,1,0.029076,180.386280,0.00902836,77.4757,1,0.038164,300.776130
2016-10-26,-0.03081258,90.7011,1,0.020178,141.485100,0.02630844,80.1066,1,0.031126,280.965800
2016-10-27,-0.00198101,90.5030,1,0.015191,123.353660,0.00637252,80.7438,1,0.033658,282.650550
2016-10-28,0.00286499,90.7895,1,0.031751,180.550930,-0.00712798,80.0310,1,0.043148,240.329450
2016-10-31,0.00580463,91.3700,1,0.029807,181.245610,0.00479440,80.5105,1,0.041710,321.350410
2016-11-01,-0.00136398,91.2336,1,0.047538,340.614330,-0.00987572,79.5229,1,0.032272,261.144850
2016-11-02,-0.00036877,91.1967,1,0.017687,121.221740,0.01923807,81.4467,1,0.046083,358.487180
2016-11-03,0.00093705,91.2904,1,0.013845,121.137170,0.01735782,83.1825,1,0.029158,240.938550
2016-11-04,-0.00817725,90.4727,1,0.012695,141.384390,-0.01130366,82.0521,1,0.026476,242.336520
2016-11-07,-0.00189659,90.2830,1,0.016789,141.244450,0.00835181,82.8873,1,0.036529,300.208930
2016-11-08,0.00344757,90.6278,1,0.030933,204.792130,0.00359212,83.2465,0,0.000000,0.000000
2016-11-09,0.02165486,92.7933,1,0.017284,141.259830,-0.03684707,79.5618,1,0.027857,265.415668
2016-11-10,-0.02968967,89.8243,1,0.026187,182.479050,0.04210164,83.7720,1,0.047326,361.456810
2016-11-11,0.01917863,91.7422,1,0.010307,83.816540,0.00235047,84.0070,1,0.019193,204.608710
2016-11-14,-0.00190332,91.5518,1,0.024062,180.424830,0.02130884,86.1379,1,0.040806,340.907340
2016-11-15,-0.01672268,89.8796,1,0.019678,163.467610,-0.00656581,85.4813,1,0.032561,264.146970
2016-11-16,0.00506250,90.3858,1,0.020340,141.489510,-0.00176290,85.3050,1,0.039540,362.029320
2016-11-17,0.00128940,90.5148,1,0.025660,201.341110,0.01646226,86.9512,1,0.039284,340.080170
2016-11-18,-0.00170732,90.3440,1,0.025122,142.030140,-0.00638564,86.3127,1,0.034174,261.844810
2016-11-21,-0.00175095,90.1689,1,0.020945,161.158810,-0.00069895,86.2428,1,0.048535,339.975190
2016-11-22,0.00848172,91.0171,1,0.019328,121.538750,-0.00904548,85.3382,1,0.047598,321.297860
2016-11-23,-0.00412522,90.6046,1,0.022982,221.807400,-0.00740881,84.5974,1,0.033741,301.113650
2016-11-25,0.00225226,90.8298,1,0.024994,161.648200,-0.00865814,83.7315,1,0.047694,361.161640
2016-11-28,-0.00403236,90.4266,1,0.035976,181.445680,-0.02402723,81.3288,0,0.000000,0.000000
2016-11-29,-0.00690930,89.7356,1,0.018490,161.157780,-0.00278640,81.0502,1,0.036150,380.378777
2016-11-30,0.02875015,92.6107,1,0.021225,201.652900,-0.01551943,79.4982,1,0.039363,321.179930
2016-12-01,-0.03454399,89.1563,1,0.037739,321.471400,0.02763838,82.2621,1,0.041762,341.928820
2016-12-02,0.01719008,90.8753,1,0.012452,103.265680,-0.01758864,80.5032,1,0.027834,241.624600
2016-12-05,0.00220836,91.0961,1,0.024394,180.498540,0.00042120,80.5453,1,0.044060,360.233550
2016-12-06,-0.00053651,91.0425,1,0.012101,80.973650,0.00487068,81.0324,1,0.031822,261.773860
2016-12-07,0.00007961,91.0504,1,0.010349,121.428890,0.00041500,81.0739,1,0.028410,281.252730
2016-12-08,-0.00256702,90.7937,1,0.016122,182.157030,0.00698958,81.7729,0,0.000000,0.000000
2016-12-09,-0.01112774,89.6809,1,0.014974,161.771680,0.00323848,82.0967,1,0.046492,323.981191
2016-12-12,0.00556427,90.2374,1,0.010243,141.319940,0.00449975,82.5467,1,0.033185,281.126720
2016-12-13,0.00189807,90.4272,1,0.018363,160.947970,-0.00278355,82.2683,1,0.037195,300.536640
2016-12-14,0.00331432,90.7586,1,0.017278,161.519870,0.00496925,82.7653,1,0.043595,361.259940
2016-12-15,-0.00364410,90.3942,1,0.029090,239.400830,0.00559273,83.3245,0,0.000000,0.000000
2016-12-16,0.00509732,90.9039,1,0.025698,161.308380,-0.00851652,82.4729,1,0.043902,300.078151
2016-12-19,0.00729465,91.6334,1,0.028245,220.116730,-0.00395671,82.0772,1,0.045611,340.087490
2016-12-20,0.00346736,91.9801,1,0.018904,200.646030,-0.00132082,81.9451,1,0.037092,301.044600
2016-12-21,0.00184024,92.1642,1,0.024406,142.007020,-0.00612922,81.3322,1,0.044662,301.065110
2016-12-22,-0.00388892,91.7753,1,0.031662,240.304210,-0.00411777,80.9204,1,0.045597,359.644960
2016-12-23,-0.00435198,91.3401,1,0.024288,180.411050,-0.00100149,80.8203,1,0.042889,339.987300
2016-12-27,0.00228450,91.5685,1,0.014120,120.856730,0.00056339,80.8766,1,0.034191,340.648280
2016-12-28,-0.00390779,91.1777,1,0.025349,180.808090,-0.00110678,80.7659,1,0.032588,301.074410
2016-12-29,-0.00592559,90.5852,1,0.032259,200.525970,-0.00409803,80.3561,0,0.000000,0.000000
2016-12-30,-0.00498611,90.0866,1,0.013411,120.900380,0.00358392,80.7145,1,0.052088,378.835856
2017-01-03,-0.00755909,89.3307,1,0.026409,260.087220,-0.00086661,80.6279,1,0.034411,280.352360
2017-01-04,-0.00222394,89.1083,1,0.023994,221.472560,0.00525313,81.1532,1,0.033847,321.060810
2017-01-05,0.00170245,89.2785,1,0.023995,181.960380,0.00853776,82.0070,0,0.000000,0.000000
2017-01-06,0.00227133,89.5056,1,0.018237,180.082100,0.00311906,82.3189,1,0.044334,343.483523
2017-01-09,-0.00938597,88.5670,1,0.025987,201.528110,0.01589131,83.9080,1,0.034869,281.773380
2017-01-10,0.00760630,89.3277,1,0.023540,180.465170,-0.00861744,83.0462,1,0.030624,261.362760
2017-01-11,0.00375316,89.7030,1,0.019454,180.221350,0.00283060,83.3293,1,0.039330,339.766920
2017-01-12,0.00332789,90.0358,1,0.027601,240.679970,-0.00517075,82.8122,1,0.043005,301.550870
2017-01-13,0.00154461,90.1902,1,0.020509,200.323050,-0.00561059,82.2512,1,0.040439,340.099350
2017-01-17,0.01027731,91.2180,1,0.030489,260.506110,-0.01498456,80.7527,1,0.046336,341.051200
2017-01-18,0.00459951,91.6779,1,0.033509,180.343300,-0.00949142,79.8036,1,0.048432,378.399720
2017-01-19,-0.00192370,91.4856,1,0.039810,261.059640,0.00151909,79.9555,1,0.055611,400.720830
2017-01-20,-0.00341132,91.1444,1,0.027802,220.281460,-0.00125214,79.8303,1,0.044204,339.372620
2017-01-23,0.00173729,91.3181,1,0.032431,201.076650,0.00449352,80.2796,1,0.034088,320.699690
2017-01-24,-0.00446280,90.8719,1,0.025730,200.243580,0.00191521,80.4711,1,0.028839,320.185420
2017-01-25,-0.01103612,89.7683,1,0.017602,181.198170,0.00681566,81.1527,1,0.027874,282.218580
2017-01-26,0.00917658,90.6859,1,0.028292,182.394090,-0.00978767,80.1739,1,0.041237,262.217180
2017-01-27,0.00842558,91.5285,1,0.026562,240.607470,-0.00219790,79.9542,1,0.036590,340.503510
2017-01-30,0.00446309,91.9748,1,0.044871,260.073460,0.00010249,79.9644,1,0.067371,320.372540
2017-01-31,0.00094601,92.0694,1,0.033469,219.914440,0.00038176,80.0026,1,0.057234,319.525020
2017-02-01,0.00501181,92.5706,1,0.045349,320.359410,-0.00707364,79.2952,1,0.050654,280.752910
2017-02-02,0.01020556,93.5911,1,0.031554,200.333630,-0.02129137,77.1661,1,0.044697,359.560370
2017-02-03,0.00950234,94.5414,1,0.027716,200.434310,-0.01965050,75.2010,1,0.046440,360.669920
2017-02-06,0.01045011,95.5864,1,0.039149,262.154270,0.00539879,75.7409,0,0.000000,0.000000
2017-02-07,-0.00050040,95.5363,1,0.031840,239.555920,0.00257623,75.9985,1,0.029517,281.406153
2017-02-08,-0.02138448,93.3979,1,0.028008,201.796620,0.00476963,76.4755,1,0.034327,301.476320
2017-02-09,0.00822945,94.2208,1,0.023575,182.281620,-0.00371545,76.1039,1,0.026865,240.975470
2017-02-10,0.00195690,94.4165,1,0.029590,261.404500,-0.00118187,75.9858,1,0.039337,360.608160
2017-02-13,-0.00451093,93.9654,1,0.024203,201.060940,-0.00325063,75.6607,0,0.000000,0.000000
2017-02-14,0.00157028,94.1224,1,0.023982,181.395050,0.00452881,76.1136,1,0.041889,341.763107
2017-02-15,0.00759123,94.8816,1,0.028887,220.930190,0.00009649,76.1232,1,0.036081,300.793090
2017-02-16,0.00222316,95.1039,1,0.023374,182.401990,0.00458828,76.5821,1,0.041102,320.652170
2017-02-17,-0.00995290,94.1086,1,0.025240,220.270210,-0.00166523,76.4155,1,0.033383,281.038810
2017-02-21,-0.00042904,94.0657,1,0.029804,220.677230,-0.00837445,75.5781,1,0.035045,340.826260
2017-02-22,0.00353405,94.4191,1,0.040295,182.872600,-0.01071383,74.5067,1,0.042883,341.957480
2017-02-23,-0.01621536,92.7976,1,0.032386,241.455980,0.01296688,75.8034,1,0.034222,300.687680
2017-02-24,-0.00591794,92.2058,1,0.028954,199.392130,-0.00252884,75.5505,1,0.038084,281.514830
2017-02-27,0.01336646,93.5424,1,0.026534,201.015740,-0.00412207,75.1383,1,0.036297,301.076400
2017-02-28,-0.00058659,93.4838,1,0.029019,221.264840,-0.01376188,73.7621,1,0.040118,340.563270
2017-03-01,0.00525339,94.0091,1,0.042481,319.903720,-0.01262899,72.4992,1,0.048719,379.193190
2017-03-02,0.01064312,95.0734,1,0.035408,182.200600,-0.01838629,70.6606,1,0.058129,362.697920
2017-03-03,0.00561933,95.6353,1,0.033807,219.992780,-0.00990592,69.6700,1,0.047742,378.790280
2017-03-06,0.00428578,96.0639,1,0.041182,220.761420,0.00341205,70.0112,1,0.050535,399.551710
2017-03-07,0.00195462,96.2594,1,0.037878,220.358420,-0.00069058,69.9421,1,0.041908,260.200800
2017-03-08,0.00438484,96.6979,1,0.024976,180.068280,0.00465203,70.4073,1,0.037397,319.903310
2017-03-09,-0.00059771,96.6381,1,0.018141,140.374520,0.00223833,70.6312,1,0.036817,320.573500
2017-03-10,0.00132804,96.7709,1,0.015776,140.944470,-0.00064970,70.5662,1,0.034240,319.829090
2017-03-13,-0.00165155,96.6057,1,0.029205,240.664880,-0.00385192,70.1810,1,0.034082,341.338950
2017-03-14,0.00218379,96.8241,1,0.017741,160.833470,-0.00381395,69.7996,1,0.033185,361.196210
2017-03-15,0.00576115,97.4002,1,0.016275,140.331560,-0.00252091,69.5475,1,0.036321,339.400270
2017-03-16,0.01039761,98.4400,1,0.025109,221.920150,0.00161748,69.7093,0,0.000000,0.000000
2017-03-17,0.00091940,98.5319,1,0.059720,260.049630,-0.00428727,69.2805,1,0.044957,301.997161
2017-03-20,-0.00405916,98.1260,1,0.023446,180.833820,0.00215427,69.4960,1,0.036673,320.393330
2017-03-21,0.00110804,98.2368,1,0.018036,160.612010,0.00880475,70.3765,1,0.028145,300.018000
2017-03-22,-0.00030742,98.2061,1,0.030422,220.547420,-0.00392404,69.9840,0,0.000000,0.000000
2017-03-23,0.00459198,98.6653,1,0.032382,181.397960,-0.00837329,69.1467,1,0.030529,319.201637
2017-03-24,0.00068950,98.7342,1,0.017490,180.157980,-0.00180704,68.9660,1,0.039344,339.783640
2017-03-27,-0.00298313,98.4359,1,0.026363,200.484360,0.00061448,69.0275,1,0.034092,301.044580
2017-03-28,-0.00298435,98.1375,1,0.024905,200.425950,0.00280510,69.3080,1,0.037380,340.076120
2017-03-29,-0.00294835,97.8426,1,0.016275,141.588770,0.00440293,69.7483,1,0.029297,300.887430
2017-03-30,-0.00374359,97.4683,1,0.011789,121.657700,-0.00456675,69.2916,1,0.038915,281.395230
2017-03-31,-0.00118463,97.3498,1,0.010983,121.300710,-0.00234138,69.0575,1,0.046698,340.559700
2017-04-03,0.00143418,97.4932,1,0.034052,320.351860,-0.00162919,68.8945,1,0.038659,340.121340
2017-04-04,-0.00200990,97.2923,1,0.029850,260.623410,-0.00448307,68.4462,1,0.044407,359.554560
2017-04-05,0.00495644,97.7879,1,0.029666,260.762480,-0.00825365,67.6209,1,0.030945,300.262420
2017-04-06,0.00516503,98.3044,1,0.031557,259.850110,-0.00738580,66.8823,1,0.048930,379.115560
2017-04-07,-0.00165350,98.1390,1,0.039630,321.023960,0.00305222,67.1875,1,0.040228,321.019470
2017-04-10,0.00581018,98.7201,1,0.025352,200.281160,-0.00500807,66.6867,1,0.030317,279.855550
2017-04-11,0.00081090,98.8012,1,0.030570,260.295290,-0.00317198,66.3695,1,0.037738,320.629930
2017-04-12,0.01477372,100.2785,1,0.021168,200.343960,-0.00420909,65.9486,1,0.041739,340.671340
2017-04-13,-0.00456275,99.8223,1,0.033885,299.422540,0.00495683,66.4443,1,0.039067,358.809150
2017-04-17,-0.00361773,99.4605,1,0.023263,200.530990,-0.00791545,65.6527,0,0.000000,0.000000
2017-04-18,0.00321974,99.7825,1,0.026616,222.215730,0.00568359,66.2211,0,0.000000,0.000000
2017-04-19,-0.00305016,99.4774,1,0.027066,239.994130,-0.00022255,66.1988,1,0.031875,281.125833
2017-04-20,-0.01389084,98.0884,1,0.024804,240.672570,0.00283048,66.4819,1,0.034282,320.556700
2017-04-21,0.00065744,98.1541,1,0.032636,201.931940,-0.00320449,66.1614,1,0.053419,341.515650
2017-04-24,-0.00450655,97.7034,1,0.042385,240.544740,0.00071570,66.2330,1,0.065350,300.285690
2017-04-25,-0.00979119,96.7243,1,0.037979,282.266690,-0.00424513,65.8085,0,0.000000,0.000000
2017-04-26,-0.00878578,95.8457,1,0.020738,202.460940,0.00175859,65.9843,1,0.038131,382.538959
2017-04-27,0.01027068,96.8728,1,0.021472,180.433460,-0.00084476,65.8999,1,0.030916,300.047330
2017-04-28,0.00587682,97.4605,1,0.033888,300.202940,-0.00459837,65.4400,1,0.037697,320.530840
2017-05-01,-0.00188739,97.2718,1,0.041119,358.335050,0.00063247,65.5033,1,0.035993,338.934060
2017-05-02,-0.01281413,95.9903,1,0.013563,140.987700,0.00860993,66.3643,1,0.031497,280.956620
2017-05-03,0.00891887,96.8822,1,0.014663,81.645770,-0.00508564,65.8557,1,0.035984,241.745050
2017-05-04,0.00475891,97.3581,1,0.026869,180.724050,0.00058225,65.9139,1,0.037245,320.192620
2017-05-05,-0.00040089,97.3180,1,0.020359,161.121080,-0.00265873,65.6481,1,0.032193,301.347670
2017-05-08,0.00260040,97.5781,1,0.026150,200.955750,-0.00402944,65.2451,1,0.030264,321.586040
2017-05-09,-0.00551764,97.0263,1,0.013314,120.500890,0.00120425,65.3655,1,0.036465,359.605840
2017-05-10,0.00800351,97.8267,1,0.021199,120.717150,-0.00762006,64.6035,1,0.050436,300.045870
2017-05-11,0.00416096,98.2428,1,0.017134,200.850850,-0.00174017,64.4295,1,0.040397,380.234630
2017-05-12,-0.00320591,97.9222,1,0.016601,140.588570,0.00774968,65.2045,1,0.040262,339.111820
2017-05-15,0.00348689,98.2709,1,0.014591,140.192070,0.00092078,65.2966,1,0.027882,280.277910
2017-05-16,0.00153923,98.4248,1,0.024077,201.179800,0.00220986,65.5176,0,0.000000,0.000000
2017-05-17,0.00205690,98.6305,1,0.013040,120.186980,-0.01885784,63.6318,1,0.038304,320.718584
2017-05-18,-0.00501514,98.1290,1,0.021124,160.801930,0.00050292,63.6821,0,0.000000,0.000000
2017-05-19,0.00475124,98.6041,1,0.021426,141.269070,-0.01126972,62.5551,1,0.029932,319.696644
2017-05-22,0.00079303,98.6834,1,0.016697,141.958750,0.00372517,62.9276,1,0.039453,381.931520
2017-05-23,0.00446294,99.1297,1,0.025396,200.984140,-0.00136443,62.7912,1,0.029113,281.238110
2017-05-24,0.00215283,99.3450,1,0.021017,180.726270,-0.00129764,62.6614,1,0.033164,320.456170
2017-05-25,0.00571533,99.9165,1,0.027867,200.824020,-0.00258770,62.4026,1,0.040230,321.310760
2017-05-26,-0.00238021,99.6785,1,0.019021,182.045620,0.00234868,62.6375,1,0.034632,322.299840
2017-05-30,0.00538367,100.2168,1,0.017673,140.941220,-0.00319697,62.3178,1,0.036107,320.117840
2017-05-31,-0.00018819,100.1980,1,0.021379,160.335540,0.00291994,62.6098,1,0.036626,319.659930
2017-06-01,0.00879679,101.0777,1,0.023791,300.822320,-0.00746497,61.8633,1,0.028597,280.890840
2017-06-02,0.00563827,101.6415,1,0.048223,342.570890,0.00459477,62.3228,0,0.000000,0.000000
2017-06-05,-0.00459187,101.1823,1,0.034567,280.420030,0.00111193,62.4340,1,0.030907,283.098536
2017-06-06,0.00363131,101.5455,1,0.027399,220.425220,-0.00514682,61.9193,1,0.043312,319.963800
2017-06-07,0.00437137,101.9826,1,0.026183,219.784690,0.00129214,62.0485,0,0.000000,0.000000
2017-06-08,-0.00024716,101.9579,1,0.025396,180.431440,0.00097423,62.1459,1,0.033777,299.960731
2017-06-09,0.00084571,102.0425,1,0.021829,220.951700,0.01464298,63.6102,1,0.027512,320.839620
2017-06-12,0.00190348,102.2328,1,0.013972,141.301460,0.00134160,63.7444,1,0.026450,242.379850
2017-06-13,0.00559399,102.7922,1,0.022341,240.993020,-0.00273202,63.4712,1,0.035572,301.256030
2017-06-14,0.00656210,103.4484,1,0.028960,260.701780,-0.00009233,63.4619,1,0.035113,320.921790
2017-06-15,0.00193950,103.6424,1,0.032860,320.189130,0.00512127,63.9741,1,0.027273,300.291360
2017-06-16,0.00606767,104.2491,1,0.029553,220.857010,-0.00704387,63.2697,1,0.027897,281.172060
2017-06-19,0.00368617,104.6178,1,0.018263,199.886380,-0.00541532,62.7282,1,0.031462,319.587950
2017-06-20,0.00403396,105.0212,1,0.027844,241.331660,-0.00371738,62.3564,1,0.038048,341.309650
2017-06-21,-0.00272058,104.7491,1,0.021698,220.305900,0.01615045,63.9715,1,0.030355,339.445570
2017-06-22,-0.00762418,103.9867,1,0.033688,240.906520,0.01447217,65.4187,1,0.032263,261.470640
2017-06-23,-0.01147110,102.8396,1,0.019250,201.293270,0.01509651,66.9283,1,0.027539,261.329420
2017-06-26,0.00740384,103.5799,1,0.014536,121.542220,-0.00845691,66.0826,1,0.018731,202.110350
2017-06-27,0.00513227,104.0932,1,0.025173,220.725800,-0.00284464,65.7982,1,0.039164,360.368100
2017-06-28,-0.00848608,103.2446,1,0.022758,199.908560,-0.00796891,65.0013,0,0.000000,0.000000
2017-06-29,0.00088640,103.3332,1,0.025800,181.727130,0.00647315,65.6486,1,0.044455,379.855781
2017-06-30,-0.00586700,102.7465,1,0.017050,160.036500,0.00388880,66.0375,0,0.000000,0.000000
2017-07-03,0.00190233,102.9367,1,0.032657,240.895210,0.00243778,66.2813,1,0.037662,300.069108
2017-07-05,0.00797272,103.7340,1,0.049578,182.247370,-0.00829232,65.4520,1,0.065002,302.434280
2017-07-06,-0.00383063,103.3509,1,0.025863,259.669370,-0.00135386,65.3166,1,0.033676,339.594410
2017-07-07,-0.00838348,102.5126,1,0.016708,180.416300,0.01216058,66.5327,0,0.000000,0.000000
2017-07-10,-0.00195390,102.3172,1,0.018130,142.173440,0.00074960,66.6077,0,0.000000,0.000000
2017-07-11,-0.00159666,102.1575,1,0.021246,160.909700,0.00536679,67.1443,1,0.029671,299.477282
2017-07-12,-0.00031347,102.1262,1,0.017847,120.595240,0.00195539,67.3399,1,0.029851,240.583310
2017-07-13,0.00519218,102.6454,1,0.018582,181.867060,-0.00103594,67.2363,0,0.000000,0.000000
2017-07-14,-0.00008669,102.6367,1,0.020439,180.200840,0.00144091,67.3804,1,0.035349,321.520445
2017-07-17,0.00186709,102.8235,1,0.021691,180.685510,0.00153467,67.5338,1,0.027663,281.115540
2017-07-18,-0.00575328,102.2481,1,0.020678,180.728860,-0.00041162,67.4927,1,0.034812,301.007070
2017-07-19,0.00617108,102.8652,1,0.014262,160.831250,-0.00703766,66.7889,1,0.024436,260.307750
2017-07-20,-0.00305760,102.5595,1,0.028070,201.929190,0.00592070,67.3810,1,0.040630,341.637250
2017-07-21,0.00664177,103.2237,1,0.034773,240.903350,-0.00419957,66.9610,1,0.047467,340.521120
2017-07-24,0.00034463,103.2581,1,0.033417,201.205690,-0.00297287,66.6637,1,0.041247,301.533870
2017-07-25,-0.00881671,102.3764,1,0.022421,160.683000,-0.00072223,66.5915,1,0.046123,359.805080
2017-07-26,0.02127209,104.5037,1,0.026321,240.124090,-0.02182111,64.4094,1,0.035211,321.556440
2017-07-27,0.01935910,106.4396,1,0.026980,198.910070,-0.02048022,62.3614,1,0.049422,358.789700
2017-07-28,0.00559728,106.9993,1,0.034192,261.387290,-0.01525910,60.8355,1,0.053750,381.072740
2017-07-31,-0.00062240,106.9371,1,0.027200,200.479380,-0.00424756,60.4107,1,0.044706,399.490960
2017-08-01,-0.00066816,106.8702,0,0.000000,0.000000,0.00273391,60.6841,1,0.034769,320.446530
2017-08-02,0.00591466,107.4617,1,0.025764,221.605709,-0.01293329,59.3908,1,0.042269,360.884280
2017-08-03,0.00107832,107.5695,0,0.000000,0.000000,0.00179762,59.5705,1,0.043248,360.342800
2017-08-04,-0.00229272,107.3403,0,0.000000,0.000000,-0.01387081,58.1835,1,0.032841,320.202190
2017-08-07,-0.00272132,107.0681,0,0.000000,0.000000,-0.01063962,57.1195,1,0.046852,400.495600
2017-08-08,-0.00801242,106.2669,0,0.000000,0.000000,0.00393084,57.5126,1,0.032576,359.356550
2017-08-09,0.00324413,106.5913,0,0.000000,0.000000,-0.00762510,56.7501,1,0.026930,260.469280
2017-08-10,0.00344770,106.9361,0,0.000000,0.000000,0.00907652,57.6577,1,0.039028,360.387900
2017-08-11,0.00580182,107.5163,0,0.000000,0.000000,0.00189653,57.8474,0,0.000000,0.000000
2017-08-14,-0.00304361,107.2119,0,0.000000,0.000000,-0.00457325,57.3901,1,0.026875,278.723457
2017-08-15,0.00699058,107.9110,1,0.026332,281.782725,-0.00943652,56.4464,0,0.000000,0.000000
2017-08-16,-0.00273166,107.6378,0,0.000000,0.000000,-0.00140899,56.3055,1,0.032309,361.325141
2017-08-17,-0.00704113,106.9337,1,0.027203,240.803824,0.00282186,56.5877,1,0.037314,321.271950
2017-08-18,0.00507717,107.4414,0,0.000000,0.000000,-0.00392367,56.1953,0,0.000000,0.000000
2017-08-21,-0.00679050,106.7623,0,0.000000,0.000000,-0.00060949,56.1344,1,0.036269,357.925095
2017-08-22,0.00242298,107.0046,1,0.026982,238.884531,-0.00841075,55.2933,1,0.037865,360.392420
2017-08-23,-0.00453624,106.5510,0,0.000000,0.000000,0.00267773,55.5611,0,0.000000,0.000000
2017-08-24,-0.00140013,106.4110,0,0.000000,0.000000,-0.00068956,55.4921,1,0.026486,281.441809
2017-08-25,-0.00023803,106.3872,0,0.000000,0.000000,-0.00141667,55.3504,1,0.028847,300.329810
2017-08-28,-0.00403632,105.9836,0,0.000000,0.000000,-0.00295038,55.0554,1,0.026568,341.113600
2017-08-29,0.00503123,106.4867,0,0.000000,0.000000,0.00611897,55.6673,1,0.022153,280.871630
2017-08-30,0.00332653,106.8193,0,0.000000,0.000000,0.01242792,56.9101,1,0.027218,240.411710
2017-08-31,-0.00377581,106.4418,0,0.000000,0.000000,0.00272224,57.1823,1,0.025666,282.574490
2017-09-01,0.00166153,106.6079,1,0.027247,304.678686,-0.00362499,56.8198,1,0.032719,341.264290
2017-09-05,-0.00211367,106.3965,1,0.022047,200.718720,0.00543868,57.3637,1,0.033932,340.790000
2017-09-06,0.00629191,107.0257,1,0.024399,220.842520,-0.00105793,57.2579,1,0.031913,300.828360
2017-09-07,-0.01738955,105.2868,1,0.021905,200.769570,0.00810222,58.0681,1,0.032278,301.275060
2017-09-08,0.01257743,106.5445,1,0.020297,181.852270,-0.01176426,56.8917,1,0.032936,321.800200
2017-09-11,0.01129856,107.6744,1,0.014174,142.472420,-0.00447543,56.4441,1,0.033643,322.581310
2017-09-12,0.00729180,108.4036,1,0.018480,161.435130,0.00306337,56.7505,0,0.000000,0.000000
2017-09-13,0.00265202,108.6688,1,0.019268,180.743600,0.01094622,57.8451,1,0.033188,363.140216
2017-09-14,-0.00132763,108.5360,1,0.019053,200.376570,-0.00445777,57.3993,1,0.020477,220.960210
2017-09-15,0.00448655,108.9847,1,0.023195,200.541990,-0.00272520,57.1268,1,0.034330,340.051320
2017-09-18,0.00984853,109.9695,1,0.014837,180.435710,-0.00595084,56.5317,1,0.030144,340.171850
2017-09-19,-0.00702526,109.2670,1,0.017636,180.797050,0.01587886,58.1196,1,0.027234,340.597240
2017-09-20,0.00298118,109.5651,1,0.013762,140.667010,0.00053997,58.1736,1,0.018033,201.128400
2017-09-21,0.00058624,109.6237,1,0.028766,221.606140,0.00093318,58.2669,1,0.044492,341.306810
2017-09-22,0.00174554,109.7983,1,0.016936,160.569290,0.00364586,58.6315,1,0.028094,320.215070
2017-09-25,0.00005551,109.8038,1,0.015389,180.948230,0.00567210,59.1987,1,0.026810,280.953280
2017-09-26,-0.00011965,109.7919,1,0.026635,181.252480,-0.00077481,59.1212,1,0.040011,281.219240
2017-09-27,-0.00208667,109.5832,1,0.016407,160.741050,0.00370018,59.4913,1,0.022072,280.945710
2017-09-28,0.00135579,109.7188,1,0.014641,141.330480,-0.00199426,59.2918,1,0.028816,321.132210
2017-09-29,-0.00165885,109.5529,1,0.019425,180.919940,0.00036973,59.3288,1,0.031907,320.736630
2017-10-02,-0.00231853,109.3210,1,0.038243,301.070160,0.00602312,59.9311,1,0.039608,281.090440
2017-10-03,0.00567211,109.8882,1,0.013509,141.682390,-0.00224625,59.7065,1,0.028635,282.233200
2017-10-04,0.00811295,110.6995,1,0.020635,200.527040,0.00028180,59.7347,1,0.025150,280.495550
2017-10-05,-0.00161747,110.5378,1,0.017217,160.646910,-0.01053102,58.6816,1,0.027942,341.351670
2017-10-06,0.00293203,110.8310,1,0.016437,180.914670,-0.00164047,58.5175,1,0.032467,341.138720
2017-10-09,0.00323680,111.1547,1,0.013380,140.567820,0.00009321,58.5268,1,0.043959,359.691900
2017-10-10,0.00593324,111.7480,1,0.012846,160.086800,-0.00196497,58.3303,1,0.022927,320.162540
2017-10-11,0.00251267,111.9993,1,0.023433,240.479810,0.00248879,58.5792,1,0.030001,340.550110
2017-10-12,-0.00708472,111.2908,1,0.013102,160.107400,0.00572357,59.1516,1,0.025283,260.546380
2017-10-13,-0.01524837,109.7660,1,0.017747,161.197950,0.01526754,60.6783,1,0.024536,301.577020
2017-10-16,0.00036549,109.8025,1,0.018181,182.085570,-0.00264980,60.4134,1,0.028400,302.031170
2017-10-17,0.00794676,110.5972,1,0.019034,180.838510,-0.01389852,59.0235,1,0.034852,340.779480
2017-10-18,0.00617400,111.2146,1,0.017970,141.198950,-0.00202692,58.8208,1,0.039692,381.108660
2017-10-19,0.00908377,112.1230,1,0.016543,161.385170,-0.01395743,57.4251,1,0.042413,320.419900
2017-10-20,0.00006559,112.1295,1,0.031691,219.468660,0.00692594,58.1177,1,0.044826,359.719130
2017-10-23,0.00039396,112.1689,1,0.016314,162.416830,-0.00015328,58.1023,1,0.025338,242.784160
2017-10-24,0.00906839,113.0758,1,0.035091,220.656890,-0.00340087,57.7623,1,0.051927,339.836770
2017-10-25,0.00519905,113.5957,1,0.029635,241.683190,-0.00276963,57.4853,1,0.035543,320.872520
2017-10-26,0.00363164,113.9588,1,0.029456,180.295860,0.00081673,57.5670,1,0.039227,319.741300
2017-10-27,0.00084813,114.0436,1,0.024717,201.844700,0.00023073,57.5900,1,0.036147,362.587180
2017-10-30,0.00124955,114.1686,1,0.025165,221.423370,0.01112984,58.7030,1,0.027576,301.359800
2017-10-31,-0.00330547,113.8380,1,0.012627,140.631940,-0.00132666,58.5704,1,0.029686,260.800960
2017-11-01,0.00007910,113.8460,1,0.029480,241.006300,-0.00414995,58.1554,1,0.038375,340.244480
2017-11-02,0.00904079,114.7500,1,0.028561,221.364270,0.00658841,58.8142,1,0.037739,340.687860
2017-11-03,-0.00404241,114.3458,1,0.029631,260.939980,-0.00050808,58.7634,1,0.031288,301.187840
2017-11-06,-0.00414102,113.9317,1,0.021352,201.103290,0.00100662,58.8641,1,0.034038,321.022800
2017-11-07,-0.00456845,113.4749,1,0.030285,200.743350,-0.00366963,58.4971,1,0.038213,320.709060
2017-11-08,0.00028463,113.5033,1,0.020387,201.161600,0.00225054,58.7221,1,0.033856,340.970790
2017-11-09,-0.00790414,112.7129,1,0.023894,220.724530,0.00281555,59.0037,1,0.027975,301.204630
2017-11-10,0.00339546,113.0524,1,0.015784,161.112760,-0.00428254,58.5754,1,0.029314,300.380850
2017-11-13,0.00149863,113.2023,1,0.038497,260.255650,-0.00805703,57.7697,1,0.038443,360.055860
2017-11-14,-0.00902165,112.3001,1,0.027795,240.877240,0.01094468,58.8642,1,0.029942,340.484460
2017-11-15,0.00050716,112.3509,1,0.012514,141.404990,-0.00529029,58.3352,1,0.019899,261.315430
2017-11-16,0.01439025,113.7899,1,0.020255,180.794070,-0.00809286,57.5259,1,0.032846,358.922250
2017-11-17,-0.00296800,113.4931,1,0.028160,261.508680,-0.00125321,57.4006,1,0.034271,340.992980
2017-11-20,0.00088339,113.5814,1,0.020461,200.905960,0.00258410,57.6590,1,0.027910,300.586930
2017-11-21,-0.00993204,112.5882,1,0.017794,200.840400,0.01194682,58.8537,1,0.026718,280.763560
2017-11-22,-0.00514951,112.0733,1,0.020081,222.265490,-0.00308686,58.5450,1,0.028816,282.328340
2017-11-24,-0.00224138,111.8491,1,0.022648,241.487790,0.00249731,58.7947,1,0.032599,339.831570
2017-11-27,0.00488498,112.3376,1,0.042252,220.577850,-0.00829436,57.9653,1,0.063216,340.636110
2017-11-28,-0.00074904,112.2627,1,0.026894,280.543310,0.01019624,58.9849,1,0.035136,360.415000
2017-11-29,-0.02605413,109.6573,1,0.026933,262.918950,0.02065048,61.0499,1,0.029832,302.207140
2017-11-30,0.00366711,110.0240,1,0.017259,163.282900,0.00260280,61.3102,1,0.020120,224.005700
2017-12-01,-0.00174002,109.8500,1,0.033252,321.241570,-0.00446115,60.8641,1,0.027175,281.458580
2017-12-04,0.00589283,110.4393,1,0.011187,100.938090,0.00304267,61.1684,1,0.038103,340.192480
2017-12-05,-0.00428916,110.0104,1,0.006146,81.262710,-0.00135642,61.0327,1,0.034672,281.365890
2017-12-06,0.00419072,110.4295,1,0.008878,121.166010,-0.01077378,59.9554,1,0.032558,359.390070
2017-12-07,0.00162856,110.5923,1,0.016904,121.137270,-0.00295218,59.6601,1,0.041168,359.624240
2017-12-08,-0.00167315,110.4250,1,0.012995,181.023720,-0.00248431,59.4117,1,0.024701,301.803350
2017-12-11,0.00311914,110.7369,1,0.015246,161.491060,-0.01043345,58.3684,0,0.000000,0.000000
2017-12-12,0.00374393,111.1113,1,0.010057,120.994540,-0.00533816,57.8345,1,0.028966,341.647513
2017-12-13,0.00009467,111.1208,1,0.009163,121.074450,-0.00364662,57.4699,1,0.031982,340.023330
2017-12-14,0.00094843,111.2156,1,0.017027,120.622170,-0.00868286,56.6016,1,0.040116,360.027740
2017-12-15,0.00006600,111.2222,1,0.008240,100.265930,-0.01084246,55.5174,0,0.000000,0.000000
2017-12-18,-0.00281382,110.9408,1,0.017702,182.619660,0.00522785,56.0401,0,0.000000,0.000000
2017-12-19,-0.01857488,109.0833,1,0.011478,121.550740,0.01131114,57.1713,1,0.024336,261.814056
2017-12-20,-0.01429637,107.6537,1,0.012477,101.520710,0.02109601,59.2809,1,0.024209,280.632090
2017-12-21,-0.01266526,106.3872,1,0.011376,61.999380,0.02088682,61.3695,1,0.013138,181.727350
2017-12-22,-0.00147057,106.2401,1,0.014637,139.906750,0.00180982,61.5505,1,0.021628,242.038960
2017-12-26,-0.00632973,105.6072,1,0.009263,100.711660,0.00430884,61.9814,1,0.026916,300.303030
2017-12-27,0.00234252,105.8414,1,0.008478,101.434250,-0.00358825,61.6226,1,0.029775,320.906240
2017-12-28,0.00360786,106.2022,1,0.015444,120.654510,-0.00422376,61.2002,1,0.032796,340.360390
2017-12-29,-0.00112257,106.0899,1,0.029697,180.917990,-0.00125719,61.0745,1,0.056329,360.587600
2018-01-02,0.00506567,106.5965,1,0.020273,259.910080,-0.00176453,60.8980,1,0.030683,319.468810
2018-01-03,-0.00381708,106.2148,1,0.026978,240.636580,0.00594099,61.4921,1,0.036091,321.125710
2018-01-04,0.00273502,106.4883,1,0.016048,181.790350,0.00391593,61.8837,1,0.022447,261.856190
2018-01-05,0.00026412,106.5147,1,0.020028,240.889170,-0.00466448,61.4173,1,0.025858,300.797840
2018-01-08,0.01141315,107.6560,1,0.018105,200.649120,-0.00044529,61.3727,1,0.026419,320.886430
2018-01-09,-0.00395373,107.2607,1,0.023153,240.857300,-0.00294943,61.0778,1,0.033023,341.287230
2018-01-10,-0.00689632,106.5710,1,0.018232,220.819720,0.00908535,61.9863,1,0.033305,360.663320
2018-01-11,-0.00824528,105.7465,1,0.017088,160.319240,0.01824634,63.8110,1,0.027156,279.740420
2018-01-12,-0.01429998,104.3165,1,0.020988,222.157220,0.01488199,65.2992,1,0.035221,222.264610
2018-01-16,0.00670342,104.9868,1,0.011858,121.553790,-0.00978164,64.3210,1,0.023024,221.730280
2018-01-17,0.00060501,105.0473,1,0.020219,220.151380,0.00271496,64.5925,1,0.037834,379.273920
2018-01-18,-0.00284943,104.7624,1,0.028603,181.701900,-0.00725812,63.8667,0,0.000000,0.000000
2018-01-19,0.00717715,105.4801,1,0.025005,180.650460,-0.00703895,63.1628,1,0.037555,381.289729
2018-01-22,-0.00125310,105.3548,1,0.012270,142.250840,-0.00561773,62.6010,1,0.031383,302.661680
2018-01-23,0.00781766,106.1366,1,0.022624,241.289080,0.00241057,62.8421,1,0.029973,342.169670
2018-01-24,0.00412957,106.5495,1,0.020753,241.137510,-0.00130330,62.7118,1,0.030060,300.535210
2018-01-25,-0.01290226,105.2593,1,0.035716,240.831130,0.01195922,63.9077,1,0.026208,320.478810
2018-01-26,-0.01655623,103.6037,1,0.016403,162.160990,0.00800723,64.7084,1,0.023527,281.732590
2018-01-29,0.00278914,103.8826,1,0.015256,162.156920,0.00346401,65.0548,1,0.032559,321.683690
2018-01-30,-0.00052201,103.8304,1,0.017961,200.386490,-0.01209760,63.8450,1,0.029880,319.345120
2018-01-31,0.00912976,104.7434,1,0.011574,160.617640,-0.00842798,63.0022,0,0.000000,0.000000
2018-02-01,-0.00234828,104.5085,1,0.036778,339.944670,-0.00961717,62.0405,1,0.038917,358.404592
2018-02-02,-0.00515850,103.9927,1,0.044230,281.445750,-0.01191436,60.8491,1,0.055616,379.321220
2018-02-05,-0.01365789,102.6269,1,0.023739,201.168680,-0.01316556,59.5325,0,0.000000,0.000000
2018-02-06,0.00345624,102.9725,1,0.020556,161.535270,0.00818134,60.3507,0,0.000000,0.000000
2018-02-07,-0.00242913,102.7296,1,0.027123,262.850000,0.00667508,61.0182,1,0.032762,256.127152
2018-02-08,-0.00462067,102.2675,1,0.019497,200.827550,0.00313638,61.3318,1,0.028802,320.574330
2018-02-09,0.00261639,102.5292,1,0.025391,199.755510,-0.00095819,61.2360,0,0.000000,0.000000
2018-02-12,0.00207846,102.7370,1,0.033094,302.639430,-0.00082813,61.1532,0,0.000000,0.000000
2018-02-13,0.00345277,103.0823,1,0.046033,222.095680,-0.00224808,60.9284,1,0.052548,299.251708
2018-02-14,0.00103168,103.1855,1,0.025642,220.730070,-0.00120250,60.8081,1,0.029430,320.484600
2018-02-15,0.01714845,104.9003,1,0.031275,284.526770,-0.01928211,58.8799,1,0.038961,363.348880
2018-02-16,-0.00709874,104.1904,1,0.031214,282.151080,0.00002824,58.8827,0,0.000000,0.000000
2018-02-20,-0.00085030,104.1054,1,0.022850,181.474160,-0.00081033,58.8017,1,0.036293,304.309811
2018-02-21,0.01078079,105.1835,1,0.021211,199.769960,-0.00190712,58.6110,1,0.035862,319.177360
2018-02-22,0.00449311,105.6328,1,0.035279,258.533530,-0.00465234,58.1458,0,0.000000,0.000000
2018-02-23,-0.00852551,104.7802,1,0.026461,260.666390,0.00241404,58.3872,1,0.038166,337.352793
2018-02-26,0.00240380,105.0206,1,0.020670,222.575230,0.00609832,58.9970,0,0.000000,0.000000
2018-02-27,-0.00491999,104.5286,1,0.022279,241.250630,0.00412167,59.4092,1,0.030033,283.383726
2018-02-28,0.00283413,104.8120,1,0.018497,180.669100,-0.00535616,58.8735,0,0.000000,0.000000
2018-03-01,0.00094555,104.9066,1,0.027465,279.108730,-0.01195728,57.6778,0,0.000000,0.000000
2018-03-02,0.00006635,104.9132,1,0.045805,259.920840,0.00509262,58.1871,1,0.065788,354.340832
2018-03-05,0.00152662,105.0659,1,0.042568,260.945760,-0.00644915,57.5422,1,0.048715,321.214410
2018-03-06,-0.00556368,104.5095,1,0.025648,243.049890,0.00011347,57.5535,0,0.000000,0.000000
2018-03-07,-0.00240723,104.2688,1,0.036603,280.829360,0.00400890,57.9544,1,0.034690,303.933444
2018-03-08,0.01157577,105.4264,1,0.020653,241.000160,-0.01532922,56.4215,1,0.027602,260.679480
2018-03-09,-0.00379466,105.0469,1,0.031906,320.716950,-0.00719605,55.7019,1,0.040465,400.742600
2018-03-12,0.00748378,105.7953,1,0.034722,263.190860,0.00744042,56.4459,0,0.000000,0.000000
2018-03-13,-0.01145136,104.6502,1,0.023166,259.903240,0.00710942,57.1569,1,0.025248,282.453504
2018-03-14,0.00698234,105.3484,1,0.018046,181.141870,0.00293329,57.4502,1,0.026981,281.386750
2018-03-15,-0.01063785,104.2846,1,0.025265,259.927360,0.00958921,58.4091,1,0.028259,260.114170
2018-03-16,-0.00056423,104.2282,1,0.019703,181.283100,-0.00014787,58.3943,1,0.031107,261.067440
2018-03-19,-0.00386300,103.8419,1,0.028120,201.446460,-0.00005262,58.3891,0,0.000000,0.000000
2018-03-20,-0.00410501,103.4314,1,0.015551,120.500020,0.00249469,58.6385,0,0.000000,0.000000
2018-03-21,0.00082210,103.5136,1,0.041530,220.867150,0.00216291,58.8548,1,0.025709,300.151256
2018-03-22,0.01757262,105.2709,1,0.037818,240.365740,-0.01573919,57.2809,1,0.052709,300.582700
2018-03-23,-0.00434258,104.8366,1,0.048898,337.667600,0.00014732,57.2956,0,0.000000,0.000000
2018-03-26,0.00390871,105.2275,1,0.030889,220.604740,0.00722323,58.0180,0,0.000000,0.000000
2018-03-27,0.01267693,106.4952,1,0.018647,204.542260,-0.01040250,56.9777,0,0.000000,0.000000
2018-03-28,-0.00221709,106.2735,1,0.027479,240.714040,0.01423090,58.4008,1,0.037250,357.107246
2018-03-29,0.00516830,106.7903,1,0.026630,221.731530,-0.00981300,57.4195,1,0.028940,261.582340
2018-04-02,0.01014881,107.8052,1,0.050179,362.089820,0.00320132,57.7396,0,0.000000,0.000000
2018-04-03,0.00550271,108.3554,1,0.051279,298.484300,-0.00305131,57.4345,0,0.000000,0.000000
2018-04-04,-0.00705045,107.6504,1,0.028825,242.326090,0.00057943,57.4924,0,0.000000,0.000000
2018-04-05,0.00315775,107.9662,1,0.022515,202.322620,-0.01959908,55.5325,0,0.000000,0.000000
2018-04-06,0.01973177,109.9393,1,0.038183,281.253310,-0.01230092,54.3024,1,0.079472,403.347238
2018-04-09,0.00361569,110.3009,1,0.031841,259.218300,0.00339808,54.6422,0,0.000000,0.000000
2018-04-10,-0.00742790,109.5581,1,0.048780,300.449530,0.00248748,54.8910,1,0.039632,238.570819
2018-04-11,0.00922069,110.4802,1,0.017211,161.828870,0.00224453,55.1154,0,0.000000,0.000000
2018-04-12,-0.00144779,110.3354,1,0.017899,180.438260,-0.00430150,54.6853,1,0.035240,302.040018
2018-04-13,0.01207972,111.5434,1,0.026558,160.626220,-0.01377267,53.3080,1,0.043057,321.452510
2018-04-16,0.00241946,111.7853,1,0.035964,259.966190,-0.00535654,52.7724,1,0.046964,380.157670
2018-04-17,-0.00326492,111.4588,1,0.026452,241.828550,0.01421360,54.1937,0,0.000000,0.000000
2018-04-18,-0.00226447,111.2324,1,0.013937,181.428120,-0.00128354,54.0654,1,0.015024,204.073937
2018-04-19,-0.00140247,111.0921,1,0.043887,180.771890,0.00047310,54.1127,1,0.078530,321.253750
2018-04-20,-0.00698627,110.3935,1,0.025927,239.952320,0.01557611,55.6703,1,0.027539,300.102400
2018-04-23,0.00125467,110.5190,1,0.022613,200.726320,0.00411125,56.0814,1,0.026625,240.844850
2018-04-24,0.00767318,111.2863,1,0.022592,160.683280,0.00386128,56.4676,1,0.026642,300.717850
2018-04-25,-0.00406298,110.8800,1,0.032998,260.124630,-0.00089985,56.3776,1,0.037595,320.326210
2018-04-26,-0.00687541,110.1925,1,0.030411,201.272820,0.01698477,58.0760,1,0.032833,281.821630
2018-04-27,0.00295931,110.4884,1,0.024229,182.681550,-0.00116221,57.9598,1,0.023741,262.556190
2018-04-30,0.00359584,110.8480,1,0.018116,202.503260,-0.00206264,57.7536,1,0.023654,301.558220
2018-05-01,-0.00013869,110.8341,1,0.022979,239.759580,0.00073106,57.8267,0,0.000000,0.000000
2018-05-02,-0.00714444,110.1197,1,0.039544,161.292230,0.00914638,58.7413,1,0.041212,320.234245
2018-05-03,0.00033915,110.1536,1,0.016765,162.401380,-0.00482970,58.2583,1,0.031580,300.792690
2018-05-04,0.00003848,110.1574,1,0.028332,160.681560,0.00319938,58.5783,1,0.049892,320.236250
2018-05-07,-0.00260401,109.8970,1,0.027411,181.821640,0.00421406,58.9997,0,0.000000,0.000000
2018-05-08,0.00556399,110.4534,1,0.012891,100.934070,0.01404054,60.4037,1,0.031536,282.825834
2018-05-09,-0.00799733,109.6537,1,0.013883,162.532930,0.00991759,61.3955,1,0.023401,281.740910
2018-05-10,-0.00282786,109.3709,1,0.024136,201.442870,-0.00088486,61.3070,1,0.026426,241.942820
2018-05-11,0.00305396,109.6763,1,0.022104,180.993850,-0.00146311,61.1607,0,0.000000,0.000000
2018-05-14,-0.00871739,108.8046,1,0.018239,160.643220,0.00166505,61.3272,1,0.043005,382.279672
2018-05-15,0.00050197,108.8548,1,0.007043,81.128860,0.00111565,61.4388,1,0.028495,300.513890
2018-05-16,-0.00324265,108.5305,1,0.015835,139.624900,0.00825687,62.2645,1,0.039643,339.424140
2018-05-17,0.00739996,109.2705,1,0.020354,121.589370,0.00400070,62.6645,1,0.038450,281.513370
2018-05-18,0.00354942,109.6254,1,0.020858,201.522650,-0.00569855,62.0947,1,0.024305,261.122380
2018-05-21,-0.00135277,109.4902,1,0.020127,200.893260,0.01152657,63.2473,1,0.034883,340.466070
2018-05-22,-0.00579474,108.9107,1,0.011084,122.399610,-0.00570135,62.6772,0,0.000000,0.000000
2018-05-23,-0.00419031,108.4917,1,0.023171,200.297010,0.00331795,63.0090,1,0.036525,341.921409
2018-05-24,0.00106523,108.5982,1,0.012257,121.373980,-0.00327452,62.6815,1,0.050472,261.170420
2018-05-25,-0.00344927,108.2532,1,0.014547,160.548660,-0.00473732,62.2078,1,0.035802,320.258200
2018-05-29,0.00120810,108.3741,1,0.017610,141.084120,0.00043276,62.2511,1,0.043624,340.787270
2018-05-30,-0.00130168,108.2439,1,0.018698,179.671740,-0.00408804,61.8423,1,0.030384,279.923900
2018-05-31,-0.00636021,107.6079,1,0.024601,222.935370,-0.00268366,61.5739,0,0.000000,0.000000
2018-06-01,0.00768182,108.3761,1,0.029918,259.120300,-0.00229521,61.3444,0,0.000000,0.000000
2018-06-04,-0.00384365,107.9917,1,0.020895,180.848420,0.00642417,61.9868,1,0.041593,363.132736
2018-06-05,-0.00800183,107.1915,1,0.015963,161.672930,0.00404775,62.3916,1,0.027395,241.989650
2018-06-06,0.00231981,107.4235,1,0.020259,181.433660,0.00065772,62.4573,1,0.029428,301.376490
2018-06-07,-0.00153144,107.2703,1,0.026834,181.540140,-0.00616790,61.8406,1,0.031200,262.005400
2018-06-08,0.00265204,107.5355,1,0.029606,240.646370,-0.00297522,61.5430,1,0.048412,360.634070
2018-06-11,0.00616628,108.1522,1,0.024442,161.331770,0.00354174,61.8972,1,0.044036,360.852310
2018-06-12,-0.00899605,107.2526,1,0.014745,160.371230,0.00222640,62.1198,1,0.027680,300.552850
2018-06-13,-0.00507265,106.7453,1,0.013585,141.329680,0.00136885,62.2567,1,0.028405,301.081480
2018-06-14,-0.00143779,106.6015,1,0.016009,159.984280,-0.00929930,61.3268,1,0.032600,319.733150
2018-06-15,-0.00578717,106.0228,1,0.016507,161.024670,0.00436207,61.7630,1,0.037553,360.415730
2018-06-18,-0.00205409,105.8174,1,0.014409,141.103650,-0.01519921,60.2431,1,0.028611,320.947620
2018-06-19,-0.00447451,105.3699,1,0.010581,121.093560,-0.00650873,59.5922,1,0.033253,379.895130
2018-06-20,-0.00159712,105.2102,1,0.012262,160.811430,0.00276964,59.8692,1,0.033576,340.317340
2018-06-21,-0.00624167,104.5861,1,0.017197,201.200890,0.00482486,60.3517,1,0.023674,241.159500
2018-06-22,-0.00246531,104.3395,1,0.019731,180.328530,0.00054306,60.4060,1,0.033354,299.186600
2018-06-25,-0.00843168,103.4964,1,0.022888,202.163980,0.01317929,61.7239,1,0.032451,321.858540
2018-06-26,0.00560390,104.0568,1,0.018130,161.176760,-0.00166661,61.5572,1,0.039081,279.478260
2018-06-27,-0.00144442,103.9123,0,0.000000,0.000000,0.01673536,63.2308,1,0.030774,340.466060
2018-06-28,0.00188965,104.1013,1,0.026625,220.135387,-0.00314958,62.9158,1,0.029048,261.096470
2018-06-29,0.00034187,104.1355,1,0.022243,221.213590,-0.00429454,62.4864,1,0.028414,321.266610
2018-07-02,0.00136260,104.2717,1,0.021720,220.553310,0.00159997,62.6464,1,0.032703,360.344520
2018-07-03,-0.00188620,104.0831,1,0.027130,200.930860,-0.00565431,62.0809,1,0.031731,260.580460
2018-07-05,0.00505389,104.5885,1,0.049531,220.650110,-0.00599989,61.4809,1,0.068849,360.049600
2018-07-06,-0.01904361,102.6841,1,0.018711,222.077780,-0.01747338,59.7336,0,0.000000,0.000000
2018-07-09,0.01855708,104.5398,1,0.028012,202.662970,-0.00979953,58.7537,1,0.039953,324.906804
2018-07-10,0.00742195,105.2820,1,0.016585,182.244420,0.00111949,58.8656,1,0.032461,382.779740
2018-07-11,-0.00306940,104.9751,1,0.026950,240.055080,-0.00002308,58.8633,1,0.038038,320.950350
2018-07-12,-0.00010835,104.9643,1,0.029405,199.998090,-0.00511596,58.3517,1,0.037276,299.679250
2018-07-13,-0.00011816,104.9524,1,0.015506,181.423890,0.00167113,58.5188,1,0.029877,321.680600
2018-07-16,0.00432552,105.3850,1,0.013178,140.760990,-0.00380326,58.1385,1,0.025046,300.865930
2018-07-17,0.01365820,106.7508,1,0.013910,180.933950,-0.01431959,56.7065,1,0.025909,300.424620
2018-07-18,0.00821731,107.5726,1,0.016889,220.342210,-0.00441590,56.2649,1,0.032760,360.119970
2018-07-19,0.00911910,108.4845,1,0.017870,240.655380,-0.00724338,55.5406,1,0.028488,340.016490
2018-07-20,-0.00115928,108.3685,1,0.032108,260.705280,-0.00445938,55.0947,1,0.052788,400.818610
2018-07-23,0.00523475,108.8920,1,0.021265,160.176240,-0.00712529,54.3821,1,0.038089,319.938170
2018-07-24,0.00040970,108.9330,1,0.019120,200.071480,-0.00935044,53.4471,1,0.035024,359.456520
2018-07-25,-0.00597494,108.3355,1,0.028694,160.390970,0.00643104,54.0902,1,0.047496,359.472060
2018-07-26,0.01022447,109.3579,1,0.018493,202.081520,-0.01076541,53.0137,1,0.024061,262.581320
2018-07-27,0.00090839,109.4488,1,0.019081,221.033560,0.00057264,53.0709,1,0.029356,340.998140
2018-07-30,0.00701743,110.1505,1,0.013417,200.097960,0.00322033,53.3929,0,0.000000,0.000000
2018-07-31,-0.00359110,109.7914,1,0.016030,220.477380,0.00058373,53.4513,1,0.023787,280.015233
2018-08-01,0.00750254,110.5417,0,0.000000,0.000000,0.00330800,53.7821,1,0.030000,361.597640
2018-08-02,0.00932550,111.4742,1,0.034960,301.798662,-0.00405445,53.3767,1,0.036645,320.561060
2018-08-03,0.00397101,111.8713,1,0.023839,242.837710,-0.00807314,52.5694,1,0.031324,281.973740
2018-08-06,0.00933223,112.8045,1,0.018857,221.142660,-0.00334597,52.2348,1,0.026567,361.492630
2018-08-07,0.00868472,113.6730,1,0.010958,142.122520,-0.00443961,51.7908,1,0.022531,321.258890
2018-08-08,-0.00148271,113.5247,0,0.000000,0.000000,0.00766318,52.5571,1,0.023442,320.530750
2018-08-09,0.00371874,113.8966,1,0.023056,260.385317,-0.00106061,52.4511,1,0.026521,300.837140
2018-08-10,-0.00479051,113.4176,1,0.029411,260.679370,0.00569506,53.0206,1,0.038814,320.209360
2018-08-13,-0.00335233,113.0823,0,0.000000,0.000000,0.00278627,53.2992,0,0.000000,0.000000
2018-08-14,0.00252744,113.3351,1,0.009706,160.735879,-0.00160803,53.1384,1,0.020273,299.519093
2018-08-15,-0.00664627,112.6704,0,0.000000,0.000000,0.00962704,54.1011,0,0.000000,0.000000
2018-08-16,-0.00161920,112.5085,1,0.012550,142.188116,0.00847155,54.9483,1,0.029945,302.428147
2018-08-17,-0.00206692,112.3018,1,0.013032,161.748570,0.00377704,55.3260,0,0.000000,0.000000
2018-08-20,0.00716546,113.0184,1,0.017414,141.327440,-0.00092002,55.2340,1,0.041312,282.710916
2018-08-21,0.00721528,113.7399,1,0.010052,140.396360,0.01489312,56.7233,1,0.022648,280.562530
2018-08-22,-0.00430162,113.3097,1,0.019232,161.128540,0.00583226,57.3065,1,0.017794,201.749720
2018-08-23,-0.00050069,113.2597,1,0.010239,140.725810,0.00137966,57.4445,1,0.022014,280.270780
2018-08-24,-0.00084806,113.1749,1,0.015056,180.564470,0.00426226,57.8707,1,0.030444,320.287400
2018-08-27,0.00576988,113.7519,1,0.018982,220.870090,-0.00199840,57.6708,1,0.030070,321.096910
2018-08-28,0.00266084,114.0179,0,0.000000,0.000000,0.00296546,57.9674,1,0.057614,381.395110
2018-08-29,-0.00841627,113.1763,1,0.018357,201.882145,0.00202832,58.1702,1,0.021998,280.929540
2018-08-30,-0.00357250,112.8191,1,0.012540,161.538810,0.00381390,58.5516,1,0.022510,301.533930
2018-08-31,0.00470471,113.2895,1,0.023329,140.419650,-0.00617970,57.9336,1,0.042800,279.848260
2018-09-04,-0.00954666,112.3349,1,0.029846,300.300540,0.00081336,58.0150,1,0.034574,359.897530
2018-09-05,0.00238573,112.5734,1,0.015377,161.403220,-0.00079451,57.9355,1,0.029771,301.048970
2018-09-06,-0.00426979,112.1465,1,0.018599,200.928470,0.00404474,58.3400,1,0.030406,341.008220
2018-09-07,0.00653301,112.7998,1,0.011579,181.120260,-0.00215343,58.1247,1,0.019913,321.211060
2018-09-10,0.00575319,113.3751,1,0.023631,260.260140,-0.00811889,57.3128,1,0.038569,340.028590
2018-09-11,0.00410433,113.7855,1,0.016407,220.208210,-0.00634747,56.6780,1,0.033757,360.586040
2018-09-12,-0.00276313,113.5092,1,0.013003,201.074540,-0.00064784,56.6132,1,0.033544,380.657490
2018-09-13,0.00172214,113.6814,1,0.015876,221.096970,0.00118304,56.7315,1,0.023886,340.914880
2018-09-14,-0.01600938,112.0805,1,0.017068,221.126830,0.01639719,58.3713,1,0.021481,261.239630
2018-09-17,0.01533899,113.6144,1,0.024941,202.454110,-0.00992120,57.3791,1,0.033920,282.634320
2018-09-18,0.00576116,114.1905,1,0.017584,241.522120,-0.00698030,56.6811,1,0.022380,321.184200
2018-09-19,0.00105810,114.2963,1,0.027560,281.123020,0.00549199,57.2303,1,0.033571,360.622290
2018-09-20,-0.00127455,114.1688,1,0.031355,220.544370,0.00278840,57.5091,1,0.041960,261.008570
2018-09-21,0.00015721,114.1846,1,0.012889,181.091100,0.00841194,58.3503,0,0.000000,0.000000
2018-09-24,-0.00545367,113.6392,1,0.014317,160.535410,0.01652748,60.0031,1,0.025682,262.212696
2018-09-25,-0.00971148,112.6680,1,0.017318,221.149850,0.00717477,60.7206,1,0.023273,280.640010
2018-09-26,-0.00702111,111.9659,1,0.010431,142.158250,-0.00514435,60.2061,1,0.019975,280.798590
2018-09-27,-0.01181920,110.7840,1,0.010730,161.016680,0.00078455,60.2846,1,0.026885,320.273160
2018-09-28,-0.00298199,110.4858,1,0.019779,200.142070,0.00666546,60.9511,1,0.027244,281.097540
2018-10-01,-0.00579728,109.9061,1,0.026248,360.591780,-0.00596208,60.3549,1,0.022048,262.021290
2018-10-02,-0.00005199,109.9009,1,0.013769,120.795300,-0.00041137,60.3138,1,0.029467,359.765100
2018-10-03,-0.00153487,109.7474,1,0.006247,100.875570,-0.01207214,59.1066,1,0.028204,321.012690
2018-10-04,0.00059898,109.8073,1,0.009982,141.134640,-0.00214464,58.8921,1,0.031394,340.460770
2018-10-05,-0.00648003,109.1593,1,0.021203,140.552100,0.00816808,59.7089,1,0.036782,299.567330
2018-10-08,-0.00398520,108.7608,1,0.007210,120.839300,0.01015117,60.7240,1,0.023883,280.262690
2018-10-09,0.00418123,109.1789,1,0.012357,121.343610,-0.01103703,59.6203,1,0.027603,321.194640
2018-10-10,-0.00676724,108.5022,1,0.012874,162.214600,-0.00180423,59.4399,1,0.023303,319.011560
2018-10-11,0.00161314,108.6635,1,0.012496,140.990990,0.00142687,59.5826,0,0.000000,0.000000
2018-10-12,-0.01489709,107.1738,1,0.003819,63.851550,0.00700393,60.2830,0,0.000000,0.000000
2018-10-15,0.00389285,107.5631,1,0.012025,101.854650,-0.00733230,59.5498,1,0.036690,277.018607
2018-10-16,-0.01421539,106.1415,1,0.005619,81.408330,-0.00620793,58.9290,1,0.020823,339.966060
2018-10-17,0.00728525,106.8701,1,0.003595,64.631440,0.00674585,59.6036,0,0.000000,0.000000
2018-10-18,-0.00138891,106.7312,1,0.022921,101.999460,0.01162529,60.7661,1,0.032561,284.265354
2018-10-19,0.00523833,107.2550,1,0.028277,101.953650,0.01123457,61.8895,1,0.045983,261.490890
2018-10-22,0.00918735,108.1737,1,0.025325,141.644270,-0.00428580,61.4610,1,0.033180,281.199620
2018-10-23,-0.00027455,108.1463,1,0.021005,142.152540,-0.01128557,60.3324,1,0.046587,379.128700
2018-10-24,-0.01032441,107.1138,1,0.016011,141.560650,0.01502939,61.8353,1,0.044821,340.040850
2018-10-25,0.00889453,108.0033,1,0.012667,122.208850,-0.03190274,58.6451,1,0.040154,297.894440
2018-10-26,0.00065981,108.0693,1,0.018169,183.722420,0.01064707,59.7098,1,0.061603,382.105820
2018-10-29,0.01223662,109.2929,1,0.010668,82.717670,-0.00812811,58.8970,0,0.000000,0.000000
2018-10-30,0.02513447,111.8064,1,0.053783,181.569990,-0.04768358,54.1286,1,0.062948,320.042620
2018-10-31,-0.00740890,111.0655,1,0.029320,246.056110,-0.02187581,51.9410,0,0.000000,0.000000
2018-11-01,0.00058877,111.1244,1,0.040273,281.388410,-0.00028890,51.9121,1,0.048930,406.172153
2018-11-02,-0.00093186,111.0312,1,0.034566,222.346290,-0.01796414,50.1157,1,0.042194,321.821840
2018-11-05,0.02208357,113.2395,1,0.018223,199.493480,-0.01440822,48.6749,1,0.033102,340.634600
2018-11-06,0.00279789,113.5193,1,0.031421,260.549380,-0.00487722,48.1872,1,0.038842,361.120040
2018-11-07,-0.00566492,112.9528,1,0.025732,221.762090,-0.00279230,47.9079,1,0.039690,301.339000
2018-11-08,0.00459657,113.4125,1,0.018383,163.342280,-0.00532433,47.3755,0,0.000000,0.000000
2018-11-09,-0.01398155,112.0143,1,0.020205,180.325360,0.02615159,49.9907,1,0.031501,344.084286
2018-11-12,-0.00444721,111.5696,1,0.018311,142.617950,0.03405276,53.3959,1,0.028074,282.513800
2018-11-13,-0.00771340,110.7983,1,0.039500,219.317510,0.00467220,53.8632,1,0.022210,201.352850
2018-11-14,0.01936110,112.7344,1,0.019590,180.806320,0.02513944,56.3771,1,0.028096,281.044350
2018-11-15,0.02962522,115.6969,1,0.022708,163.111780,0.02138568,58.5157,1,0.036852,282.170040
2018-11-16,0.00439622,116.1365,1,0.022868,159.769810,-0.04269362,54.2463,1,0.040892,324.238600
2018-11-19,0.01194827,117.3314,1,0.023433,180.991330,0.00613798,54.8601,1,0.046292,365.117830
2018-11-20,-0.00724987,116.6064,1,0.035557,199.317720,0.00503956,55.3641,1,0.039804,279.630690
2018-11-21,-0.00195150,116.4112,1,0.021880,160.198230,-0.01694912,53.6692,1,0.032812,259.626100
2018-11-23,0.00651709,117.0629,1,0.044081,281.374330,-0.01236368,52.4328,1,0.047368,342.102860
2018-11-26,0.00039894,117.1028,1,0.046486,219.506510,-0.01521058,50.9117,1,0.074968,319.946940
2018-11-27,-0.00809581,116.2932,1,0.031851,241.602160,-0.00587054,50.3247,0,0.000000,0.000000
2018-11-28,-0.01256577,115.0367,1,0.014097,141.018950,-0.00687239,49.6374,1,0.038019,302.856967
2018-11-29,0.00072725,115.1094,1,0.029915,204.369000,-0.00416045,49.2214,0,0.000000,0.000000
2018-11-30,0.01278528,116.3879,1,0.018162,120.292620,0.01589300,50.8107,1,0.037570,323.204116
2018-12-03,0.00118693,116.5066,1,0.032167,259.797170,-0.00971466,49.8392,1,0.024636,242.679310
2018-12-04,-0.00365726,116.1409,1,0.025666,162.206160,-0.00281661,49.5576,1,0.050861,362.245970
2018-12-06,-0.01239644,114.9012,1,0.023254,198.985440,-0.00662139,48.8954,0,0.000000,0.000000
2018-12-07,-0.00939673,113.9616,1,0.016423,121.562870,0.00366404,49.2618,1,0.045066,354.319649
2018-12-10,-0.00303760,113.6578,1,0.016380,121.000230,0.00743018,50.0049,0,0.000000,0.000000
2018-12-11,-0.01234585,112.4232,1,0.015125,120.924080,-0.00313483,49.6914,1,0.030263,279.031801
2018-12-12,0.00874209,113.2974,1,0.012071,81.231060,0.00090154,49.7815,1,0.045156,340.354900
2018-12-13,-0.00631270,112.6662,1,0.022230,180.987160,-0.01252701,48.5288,1,0.044551,321.713390
2018-12-14,0.00016135,112.6823,1,0.022425,161.305340,0.00066085,48.5949,1,0.049095,380.149890
2018-12-17,0.00240626,112.9229,1,0.014824,140.426240,0.01058400,49.6533,1,0.035970,338.838680
2018-12-18,0.01560448,114.4834,1,0.027122,181.256370,0.01462907,51.1162,0,0.000000,0.000000
2018-12-19,0.00726766,115.2101,1,0.032864,219.873170,-0.00946828,50.1694,1,0.036838,278.794829
2018-12-20,-0.01170796,114.0393,1,0.023846,160.847310,0.02066395,52.2358,0,0.000000,0.000000
2018-12-21,-0.00719639,113.3197,1,0.030649,101.316450,0.00740560,52.9763,1,0.057460,280.713223
2018-12-24,0.01180467,114.5002,1,0.018373,121.149790,0.00491075,53.4674,0,0.000000,0.000000
2018-12-26,-0.00257067,114.2431,1,0.054697,199.897780,-0.01750264,51.7172,0,0.000000,0.000000
2018-12-27,0.00156602,114.3997,1,0.023958,186.704910,0.00147609,51.8648,0,0.000000,0.000000
2018-12-28,0.00100114,114.4998,1,0.015336,122.199160,0.00177111,52.0419,0,0.000000,0.000000
2018-12-31,0.00321124,114.8209,1,0.020296,100.567990,-0.00747538,51.2943,1,0.042018,318.692986
2019-01-02,0.00172287,114.9932,1,0.040933,281.934640,-0.00017614,51.2767,0,0.000000,0.000000
2019-01-03,0.00959573,115.9528,1,0.039117,200.976320,-0.00540106,50.7366,1,0.055656,321.647540
2019-01-04,0.00500046,116.4529,1,0.043804,239.744570,-0.01934524,48.8021,1,0.050474,319.302310
2019-01-07,0.01512353,117.9652,1,0.041467,305.396970,-0.02671486,46.1306,0,0.000000,0.000000
2019-01-08,-0.00494221,117.4710,1,0.031111,199.770980,0.00818174,46.9488,1,0.053596,364.395052
2019-01-09,-0.00243773,117.2272,1,0.028153,202.684110,0.00827391,47.7762,0,0.000000,0.000000
2019-01-10,0.00494365,117.7216,1,0.025685,181.818620,-0.01086443,46.6897,1,0.044003,242.522411
2019-01-11,-0.00088696,117.6329,1,0.040186,201.870150,-0.00055967,46.6338,0,0.000000,0.000000
2019-01-14,-0.04846112,112.7868,1,0.028392,160.726670,0.05346813,51.9806,1,0.046927,322.235739
2019-01-15,-0.01525515,111.2613,1,0.035255,225.704960,0.01026353,53.0069,1,0.039997,285.130260
2019-01-16,0.00055792,111.3170,1,0.037108,224.319260,-0.00091824,52.9151,1,0.050924,304.470730
2019-01-17,-0.00465438,110.8516,1,0.039218,180.939460,-0.00355736,52.5594,1,0.065116,360.684400
2019-01-18,0.01025381,111.8770,1,0.047009,182.448200,0.00302074,52.8614,0,0.000000,0.000000
2019-01-22,0.00089600,111.9666,1,0.046420,203.653970,0.00413403,53.2748,0,0.000000,0.000000
2019-01-23,-0.00174849,111.7917,1,0.020629,200.648120,0.00769082,54.0439,0,0.000000,0.000000
2019-01-24,-0.07360703,104.4310,1,0.024803,181.506080,0.08156616,62.2005,1,0.040214,305.436098
2019-01-25,0.02266692,106.6977,1,0.037258,228.787280,-0.01668333,60.5322,1,0.056583,289.278210
2019-01-28,0.00937830,107.6356,1,0.053480,260.340990,0.00110665,60.6429,1,0.043295,299.622510
2019-01-29,-0.00978041,106.6575,1,0.044181,240.506350,0.02210254,62.8531,1,0.053776,320.515680
2019-01-30,0.00527863,107.1854,1,0.029387,203.818860,-0.00941734,61.9114,1,0.028024,263.634970
2019-01-31,0.00122921,107.3083,1,0.047519,282.432590,0.00026453,61.9378,1,0.045157,361.342030
2019-02-01,0.00711042,108.0193,1,0.045268,281.020800,-0.00499872,61.4380,1,0.049212,321.627230
2019-02-04,0.00231117,108.2505,1,0.026563,181.771730,0.00489301,61.9273,1,0.063969,361.054320
2019-02-05,0.00003667,108.2541,1,0.030843,261.446780,0.00863244,62.7905,1,0.030826,261.826770
2019-02-06,0.00419196,108.6733,1,0.025244,180.645890,-0.00387044,62.4035,1,0.037634,261.493650
2019-02-07,0.01820182,110.4935,1,0.038238,200.040600,-0.00415275,61.9882,1,0.053405,320.425730
2019-02-08,-0.00166100,110.3274,1,0.040570,200.926760,-0.00846837,61.1414,1,0.061627,321.305590
2019-02-11,-0.00306752,110.0207,1,0.021982,140.648630,0.00609898,61.7513,1,0.043702,319.991370
2019-02-12,-0.00219828,109.8008,1,0.019288,141.732910,0.01269192,63.0205,1,0.037648,281.748080
2019-02-13,0.00288230,110.0891,1,0.019690,183.374060,0.00012509,63.0330,0,0.000000,0.000000
2019-02-14,0.00249447,110.3385,1,0.021073,181.535220,-0.01588611,61.4443,1,0.038611,323.135192
2019-02-15,-0.00442711,109.8958,1,0.026381,180.410660,-0.00718372,60.7260,1,0.060642,321.047480
2019-02-19,0.00646366,110.5422,1,0.021454,162.712170,0.00444613,61.1706,0,0.000000,0.000000
2019-02-20,0.00283832,110.8260,1,0.022848,200.350020,-0.01271832,59.8988,1,0.039782,364.038266
2019-02-21,0.00283522,111.1095,1,0.024728,162.136620,-0.00052591,59.8462,1,0.036071,264.010230
2019-02-22,-0.00637695,110.4718,1,0.015145,141.664130,0.00145070,59.9912,1,0.034040,321.590640
2019-02-25,0.00001480,110.4733,1,0.019880,141.634610,-0.00546563,59.4447,1,0.036753,221.150950
2019-02-26,0.00495008,110.9683,1,0.018932,180.592880,-0.00533965,58.9107,1,0.036155,280.919650
2019-02-27,0.00323008,111.2913,1,0.028712,199.183180,-0.00388594,58.5221,1,0.040604,339.454910
2019-02-28,0.00499052,111.7904,1,0.019378,140.871840,0.00372623,58.8947,1,0.040247,340.777790
2019-03-01,0.00454253,112.2446,1,0.038117,260.419090,-0.00703185,58.1916,1,0.044125,300.904050
2019-03-04,0.00586949,112.8316,1,0.036501,301.330630,-0.01292891,56.8987,1,0.042491,361.777540
2019-03-05,0.00186877,113.0184,1,0.039913,299.766070,-0.00164790,56.7339,1,0.043290,359.665840
2019-03-06,-0.00275812,112.7426,1,0.036902,240.165650,0.00410557,57.1444,1,0.037863,319.834840
2019-03-07,-0.00904005,111.8386,1,0.034935,220.284570,0.01273985,58.4184,1,0.035345,280.183980
2019-03-08,-0.00916920,110.9217,1,0.021690,180.736370,0.00982440,59.4009,1,0.035760,280.388510
2019-03-11,0.00094508,111.0162,1,0.018242,161.023110,-0.00638615,58.7622,1,0.030655,241.003180
2019-03-12,-0.00410058,110.6062,1,0.032488,222.448310,-0.00328047,58.4342,0,0.000000,0.000000
2019-03-13,-0.00640457,109.9657,1,0.028527,201.117230,0.00569673,59.0039,1,0.056837,343.587379
2019-03-14,0.00246728,110.2124,1,0.025602,181.588530,-0.00483939,58.5199,0,0.000000,0.000000
2019-03-15,-0.00187848,110.0246,1,0.026498,200.117630,-0.00080339,58.4396,1,0.043299,321.178961
2019-03-18,0.00197039,110.2216,1,0.032201,261.043910,-0.00321009,58.1186,1,0.032859,340.419700
2019-03-19,-0.00272449,109.9492,1,0.032009,240.621780,-0.00005069,58.1135,1,0.045949,340.802250
2019-03-20,-0.00123594,109.8256,1,0.028484,200.417840,0.00931583,59.0451,1,0.039597,339.587400
2019-03-21,-0.00929494,108.8961,1,0.033924,240.391670,0.02087120,61.1322,1,0.037620,280.686560
2019-03-22,0.00015641,108.9117,1,0.019589,182.872830,0.01141189,62.2734,0,0.000000,0.000000
2019-03-25,-0.00777051,108.1347,1,0.064621,239.563790,-0.00288531,61.9849,1,0.072371,281.147983
2019-03-26,-0.00565345,107.5693,1,0.025015,201.445270,0.00421755,62.4066,1,0.035865,300.809460
2019-03-27,0.00300274,107.8696,1,0.025936,202.230750,0.00084529,62.4912,1,0.043921,322.403820
2019-03-28,-0.00747171,107.1224,1,0.027141,200.782370,-0.00125684,62.3655,1,0.052304,340.676890
2019-03-29,0.00146811,107.2692,1,0.025119,201.569370,-0.00440943,61.9245,1,0.035813,341.703780
2019-04-01,0.00378096,107.6473,1,0.039714,261.346630,-0.00556818,61.3677,1,0.054148,361.337990
2019-04-02,-0.00178447,107.4689,1,0.022757,221.155910,0.00030015,61.3977,1,0.046735,361.874830
2019-04-03,0.00933335,108.4022,1,0.034865,200.344050,-0.00557227,60.8405,1,0.039217,300.385390
2019-04-04,-0.00313047,108.0892,1,0.024587,200.771340,0.00534429,61.3749,1,0.038431,320.582410
2019-04-05,-0.00728565,107.3606,1,0.019745,161.562300,0.00402863,61.7778,1,0.032957,261.475400
2019-04-08,0.00068940,107.4296,1,0.029950,201.899200,0.00111823,61.8896,1,0.036947,282.380040
2019-04-09,0.00597652,108.0272,1,0.028268,200.545530,-0.00596709,61.2929,1,0.042839,340.482490
2019-04-10,0.00322138,108.3493,1,0.035672,239.888620,0.00170087,61.4630,0,0.000000,0.000000
2019-04-11,0.01827895,110.1772,1,0.034245,240.857570,0.00149628,61.6126,1,0.034482,279.863344
2019-04-12,-0.02860997,107.3162,1,0.030987,240.767720,0.02303412,63.9160,1,0.040998,301.272310
2019-04-15,0.00552111,107.8684,1,0.013009,123.842810,0.00879258,64.7953,0,0.000000,0.000000
2019-04-16,0.01575045,109.4434,1,0.038025,259.613060,-0.01818848,62.9764,1,0.036098,283.970447
2019-04-17,-0.02132978,107.3104,1,0.032508,199.981030,0.03005995,65.9824,1,0.052515,359.865610
2019-04-18,-0.00272976,107.0374,1,0.016186,120.663570,-0.00112534,65.8699,1,0.020214,162.553890
2019-04-22,-0.00450615,106.5868,1,0.035605,201.528070,0.00071615,65.9415,1,0.037485,321.748360
2019-04-23,0.00615868,107.2027,1,0.042652,281.285330,-0.01016807,64.9247,1,0.043827,300.773060
2019-04-24,0.00555772,107.7585,1,0.035388,201.402300,0.00034706,64.9594,0,0.000000,0.000000
2019-04-25,-0.01052808,106.7057,1,0.032268,220.306500,0.00172996,65.1324,1,0.036584,321.794636
2019-04-26,-0.00647069,106.0586,1,0.021309,160.812000,-0.00064548,65.0679,1,0.036398,300.004040
2019-04-29,-0.00614327,105.4443,1,0.019307,182.211920,0.00299322,65.3672,0,0.000000,0.000000
2019-04-30,0.00228291,105.6726,1,0.033059,201.562080,-0.00266325,65.1009,1,0.051795,342.062044
2019-05-01,-0.00254941,105.4176,1,0.030771,201.593870,0.00372239,65.4731,1,0.052191,381.808110
2019-05-02,-0.01231658,104.1860,1,0.028438,180.831630,0.00815106,66.2882,1,0.045674,299.792890
2019-05-03,-0.00185910,104.0000,1,0.016770,121.618620,-0.00299630,65.9886,1,0.038720,302.152520
2019-05-06,-0.00712494,103.2876,1,0.025134,141.841920,0.00948188,66.9368,0,0.000000,0.000000
2019-05-07,0.00561897,103.8494,1,0.018113,121.385760,-0.00733576,66.2032,1,0.037976,282.644030
2019-05-08,-0.00438359,103.4111,1,0.035309,220.029410,0.00066373,66.2696,0,0.000000,0.000000
2019-05-09,-0.00314399,103.0967,1,0.026679,220.003770,-0.00275463,65.9941,1,0.038803,278.439414
2019-05-10,0.00069107,103.1658,1,0.026913,180.821040,0.00605487,66.5996,1,0.040143,320.117280
2019-05-13,-0.01412190,101.7536,1,0.023180,201.840140,0.01719639,68.3192,1,0.034991,281.926770
2019-05-14,0.00953688,102.7073,1,0.019482,159.893810,-0.01449458,66.8698,0,0.000000,0.000000
2019-05-15,0.00115146,102.8224,1,0.025374,181.194850,0.00703674,67.5734,1,0.050126,378.233140
2019-05-16,0.00021924,102.8444,1,0.020886,141.405480,0.00101074,67.6745,1,0.032946,241.328140
2019-05-17,0.00863844,103.7082,1,0.035586,221.148470,0.00436762,68.1113,0,0.000000,0.000000
2019-05-20,-0.00190633,103.5176,1,0.030003,259.569870,0.00033783,68.1451,1,0.043477,322.011601
2019-05-21,0.00246293,103.7639,1,0.031777,160.893110,0.00263345,68.4084,1,0.045035,300.619200
2019-05-22,0.00585743,104.3496,1,0.020847,162.203790,0.01127865,69.5363,0,0.000000,0.000000
2019-05-23,0.00439334,104.7889,1,0.028426,180.344990,0.00320340,69.8566,1,0.035050,302.827514
2019-05-24,0.00321946,105.1109,1,0.041434,240.140140,-0.00461568,69.3950,1,0.039638,240.929310
2019-05-28,-0.00395696,104.7152,1,0.031146,201.017920,0.00413446,69.8085,1,0.045074,321.457910
2019-05-29,0.00245962,104.9612,1,0.033268,159.585430,-0.00213723,69.5948,0,0.000000,0.000000
2019-05-30,0.00471651,105.4328,1,0.024189,140.500850,-0.00707157,68.8876,1,0.055597,339.022507
2019-05-31,0.00185515,105.6183,1,0.034055,200.284960,0.00591172,69.4788,1,0.060448,320.472840
2019-06-03,0.01672047,107.2904,1,0.046773,240.502210,-0.02207545,67.2712,1,0.050505,240.721520
2019-06-04,0.00288000,107.5784,1,0.035920,221.107760,0.00929288,68.2005,1,0.050172,361.651560
2019-06-05,0.00116579,107.6949,1,0.033891,223.591900,0.00225931,68.4265,0,0.000000,0.000000
2019-06-06,-0.00568051,107.1269,1,0.028021,162.703970,-0.00091237,68.3352,0,0.000000,0.000000
2019-06-07,0.00176434,107.3033,1,0.033196,161.002790,-0.00417852,67.9174,1,0.050132,309.924106
2019-06-10,0.00036367,107.3397,1,0.039743,221.479930,0.00770041,68.6874,1,0.049369,321.273880
2019-06-11,0.00320242,107.6599,1,0.032108,221.083650,0.00301234,68.9886,1,0.042606,281.605590
2019-06-12,-0.00607276,107.0527,1,0.027136,220.577990,0.00171915,69.1606,1,0.037685,320.595820
2019-06-13,0.00966078,108.0187,1,0.029832,200.967160,-0.00661097,68.4995,1,0.048897,340.622380
2019-06-14,0.00719983,108.7387,1,0.036857,221.142470,-0.00657592,67.8419,1,0.049232,380.686320
2019-06-17,0.00402207,109.1409,1,0.028633,200.619060,-0.00357829,67.4840,1,0.053329,359.876480
2019-06-18,-0.00212250,108.9287,1,0.037630,220.753220,-0.00560694,66.9233,1,0.052164,340.990240
2019-06-19,-0.00556314,108.3724,1,0.028484,181.768660,-0.00006242,66.9171,1,0.052412,361.433790
2019-06-20,-0.01762646,106.6097,1,0.043116,222.045650,0.01283468,68.2006,1,0.058842,320.965290
2019-06-21,0.00297238,106.9070,1,0.024812,183.306450,0.00236838,68.4374,0,0.000000,0.000000
2019-06-24,0.00209159,107.1161,1,0.035061,240.412770,-0.00509806,67.9276,1,0.042466,282.486183
2019-06-25,0.00545211,107.6613,1,0.024259,180.771700,-0.00269334,67.6583,1,0.042224,319.794440
2019-06-26,-0.00286082,107.3752,1,0.022352,220.352110,0.00562781,68.2210,1,0.040749,320.447930
2019-06-27,0.00008270,107.3835,1,0.021610,161.254030,0.01103751,69.3248,1,0.046749,300.520850
2019-06-28,0.00889693,108.2732,1,0.023497,182.711420,-0.00292597,69.0322,0,0.000000,0.000000
2019-07-01,0.00270518,108.5437,1,0.033052,221.785570,0.00488117,69.5203,0,0.000000,0.000000
2019-07-02,0.00462272,109.0060,0,0.000000,0.000000,-0.01353288,68.1670,1,0.040278,304.503488
2019-07-03,0.00253736,109.2597,1,0.028704,182.050627,-0.00114391,68.0526,1,0.054801,400.425210
2019-07-05,-0.00022149,109.2376,0,0.000000,0.000000,-0.00035779,68.0169,0,0.000000,0.000000
2019-07-08,0.00293939,109.5315,0,0.000000,0.000000,-0.00838626,67.1782,1,0.045496,342.315958
2019-07-09,0.00462935,109.9945,0,0.000000,0.000000,-0.00051257,67.1270,1,0.039047,339.603810
2019-07-10,-0.00101555,109.8929,0,0.000000,0.000000,0.00268172,67.3952,1,0.054888,340.643810
2019-07-11,-0.00858862,109.0340,0,0.000000,0.000000,0.00174032,67.5692,1,0.039628,261.296480
2019-07-12,-0.01850893,107.1832,0,0.000000,0.000000,0.00792854,68.3620,1,0.046536,320.831080
2019-07-15,-0.00939002,106.2442,0,0.000000,0.000000,0.00026963,68.3890,1,0.034847,282.132410
2019-07-16,-0.00431228,105.8129,0,0.000000,0.000000,-0.00760861,67.6281,1,0.043151,380.239850
2019-07-17,0.00349315,106.1622,0,0.000000,0.000000,-0.00725829,66.9023,1,0.042489,360.670830
2019-07-18,-0.00055613,106.1066,0,0.000000,0.000000,0.00902510,67.8048,1,0.036870,338.894380
2019-07-19,-0.00689172,105.4175,0,0.000000,0.000000,-0.00241942,67.5629,1,0.033642,261.708160
2019-07-22,-0.00165486,105.2520,0,0.000000,0.000000,0.00246270,67.8091,1,0.038940,299.986220
2019-07-23,0.00230127,105.4821,0,0.000000,0.000000,-0.01245950,66.5632,1,0.046200,320.003090
2019-07-24,-0.00717959,104.7641,0,0.000000,0.000000,0.00268179,66.8314,1,0.041561,382.520350
2019-07-25,0.00101882,104.8660,0,0.000000,0.000000,-0.01127550,65.7038,1,0.032350,321.271400
2019-07-26,0.00338738,105.2048,0,0.000000,0.000000,0.00231249,65.9351,1,0.040881,320.103800
2019-07-29,-0.00198336,105.0064,0,0.000000,0.000000,0.00112356,66.0474,1,0.035894,281.686670
2019-07-30,-0.00546486,104.4599,0,0.000000,0.000000,-0.01677081,64.3703,1,0.057181,300.397810
2019-07-31,-0.00029936,104.4300,0,0.000000,0.000000,-0.00979098,63.3913,1,0.045598,361.593180
2019-08-01,-0.01256935,103.1731,1,0.052645,320.208233,0.00339046,63.7303,1,0.058074,339.315420
2019-08-02,0.00130557,103.3036,1,0.030573,200.465290,0.00208201,63.9385,1,0.040059,299.215160
2019-08-05,0.00673358,103.9770,1,0.038582,200.158290,0.01065421,65.0039,1,0.057239,299.965000
2019-08-06,0.00030175,104.0072,1,0.020555,122.185480,0.00205388,65.2093,0,0.000000,0.000000
2019-08-07,-0.00268876,103.7383,1,0.038866,222.679370,0.00457295,65.6666,0,0.000000,0.000000
2019-08-08,0.00608519,104.3468,1,0.030901,181.062930,-0.00327353,65.3392,1,0.038703,259.775707
2019-08-09,0.00412772,104.7596,1,0.030808,223.266700,-0.00212445,65.1268,0,0.000000,0.000000
2019-08-12,-0.01279162,103.4804,1,0.036922,220.479860,0.01371733,66.4985,1,0.053487,361.677889
2019-08-13,0.00121098,103.6015,1,0.047152,121.566360,-0.00395679,66.1029,0,0.000000,0.000000
2019-08-14,-0.01175949,102.4256,1,0.024589,161.923210,0.01571088,67.6739,0,0.000000,0.000000
2019-08-15,-0.01475952,100.9496,1,0.018602,142.367840,0.02241787,69.9157,0,0.000000,0.000000
2019-08-16,0.00671902,101.6215,1,0.022108,162.325530,-0.00914763,69.0010,1,0.037133,221.871082
2019-08-19,-0.02647905,98.9736,1,0.031155,143.094310,0.02415152,71.4161,0,0.000000,0.000000
2019-08-20,0.01381936,100.3555,1,0.021074,124.254130,-0.01144698,70.2714,0,0.000000,0.000000
2019-08-21,-0.00722146,99.6334,1,0.039656,201.182070,0.00588417,70.8598,1,0.063163,342.448827
2019-08-22,0.01219896,100.8533,1,0.024274,141.792570,-0.00467874,70.3920,0,0.000000,0.000000
2019-08-23,-0.01011948,99.8413,1,0.036848,200.236410,0.01064168,71.4561,1,0.065522,341.618304
2019-08-26,0.00410659,100.2520,1,0.017141,141.761980,-0.00052377,71.4038,0,0.000000,0.000000
2019-08-27,0.00049471,100.3015,1,0.045669,162.296180,0.00221681,71.6254,0,0.000000,0.000000
2019-08-28,-0.00184067,100.1174,1,0.029437,140.631580,-0.00029249,71.5962,1,0.059129,337.259290
2019-08-29,-0.00565803,99.5516,1,0.020853,121.815570,0.01733480,73.3297,1,0.051880,341.907280
2019-08-30,-0.00315830,99.2358,1,0.033910,182.268790,0.00104225,73.4339,0,0.000000,0.000000
2019-09-03,0.00884384,100.1201,0,0.000000,0.000000,-0.01463734,71.9702,1,0.044154,282.741686
2019-09-04,0.00324923,100.4451,1,0.040477,240.489801,-0.00029046,71.9411,1,0.053236,359.768560
2019-09-05,-0.00667649,99.7774,1,0.021659,141.914040,-0.02609817,69.3313,0,0.000000,0.000000
2019-09-06,-0.00019686,99.7577,1,0.029076,162.201910,-0.00216145,69.1152,1,0.063445,384.828336
2019-09-09,-0.00069203,99.6885,1,0.023813,181.033170,-0.00780765,68.3344,1,0.051945,321.199400
2019-09-10,-0.01593945,98.0946,1,0.037485,183.425610,0.02571326,70.9057,1,0.053204,323.284700
2019-09-11,-0.00159728,97.9349,1,0.025688,162.070440,0.01069448,71.9752,1,0.035452,241.592590
2019-09-12,0.00623110,98.5580,1,0.021150,161.633560,0.01410489,73.3857,1,0.024521,221.930220
2019-09-13,0.01791192,100.3492,1,0.021858,141.209540,-0.02022966,71.3627,1,0.034286,301.722730
2019-09-16,-0.00735747,99.6134,1,0.035067,161.741710,0.01288465,72.6511,1,0.062325,341.496740
2019-09-17,0.00689091,100.3025,1,0.029049,142.504220,-0.01714614,70.9365,1,0.050404,302.014890
2019-09-18,-0.00367105,99.9354,1,0.034615,220.815300,0.00480813,71.4173,1,0.048897,380.817870
2019-09-19,-0.01504283,98.4311,1,0.034473,160.694250,0.00546545,71.9639,1,0.042535,281.109090
2019-09-20,0.00040437,98.4716,1,0.008613,81.519930,-0.00274858,71.6890,1,0.029898,240.862140
2019-09-23,-0.00325281,98.1463,1,0.022461,140.509170,-0.00239723,71.4493,1,0.037253,280.352100
2019-09-24,-0.00783204,97.3631,1,0.025934,140.488280,-0.00143903,71.3054,1,0.044303,320.458050
2019-09-25,0.00748799,98.1119,1,0.024491,121.088630,-0.00624543,70.6809,1,0.045143,340.227860
2019-09-26,-0.00978692,97.1332,1,0.016962,121.262190,0.00454785,71.1357,1,0.047805,341.191180
2019-09-27,-0.00119367,97.0138,1,0.024817,121.414090,-0.00102325,71.0333,1,0.061135,321.070330
2019-09-30,0.00199392,97.2132,1,0.018008,81.660410,-0.00929716,70.1036,1,0.058386,340.667890
2019-10-01,-0.00617592,96.5956,1,0.032312,280.983000,0.01161915,71.2655,1,0.052295,361.518330
2019-10-02,-0.02307358,94.2883,1,0.033438,200.362340,0.01609496,72.8750,0,0.000000,0.000000
2019-10-03,0.00385800,94.6741,1,0.015910,142.331660,-0.00511730,72.3633,0,0.000000,0.000000
2019-10-04,-0.00905909,93.7681,1,0.036609,242.332270,0.00721360,73.0847,1,0.050070,335.073524
2019-10-07,-0.00641232,93.1269,1,0.045032,264.047720,0.00357063,73.4417,0,0.000000,0.000000
2019-10-08,0.00231963,93.3589,1,0.020807,181.248660,-0.00870894,72.5708,0,0.000000,0.000000
2019-10-09,0.00494122,93.8530,1,0.033678,199.993950,0.00746057,73.3169,0,0.000000,0.000000
2019-10-10,-0.00793140,93.0599,1,0.030250,242.021820,-0.03416458,69.9004,0,0.000000,0.000000
2019-10-11,-0.01181178,91.8787,1,0.036708,221.652050,0.01393092,71.2935,1,0.055368,339.558782
2019-10-14,0.00152523,92.0312,1,0.029627,143.067310,-0.00441924,70.8516,1,0.038834,223.422760
2019-10-15,-0.01104331,90.9269,1,0.035191,240.402410,0.00822500,71.6741,1,0.048220,300.089270
2019-10-16,-0.00035181,90.8917,1,0.021721,141.935100,-0.00296516,71.3776,1,0.044986,301.282880
2019-10-17,-0.00315348,90.5763,1,0.036278,220.941280,0.00486941,71.8645,1,0.054749,320.581090
2019-10-18,-0.01019532,89.5568,1,0.037462,202.425050,0.01298085,73.1626,1,0.053705,301.593710
2019-10-21,0.00828331,90.3851,1,0.020719,181.675850,-0.00967374,72.1952,1,0.020604,222.084410
2019-10-22,0.00583039,90.9682,1,0.057131,301.761510,-0.03266667,68.9286,0,0.000000,0.000000
2019-10-23,0.01077884,92.0461,1,0.032986,222.058510,-0.01628204,67.3004,1,0.048654,343.628934
2019-10-24,0.01466221,93.5123,1,0.023879,201.682590,-0.01854785,65.4456,1,0.051895,362.309250
2019-10-25,-0.01847064,91.6652,1,0.035874,219.393200,0.01628119,67.0737,1,0.053861,339.049150
2019-10-28,-0.03180598,88.4846,1,0.038048,284.175930,0.03125622,70.1993,1,0.044998,343.762780
2019-10-29,0.03021651,91.5063,1,0.027469,183.416750,-0.03295209,66.9041,1,0.038099,283.102380
2019-10-30,-0.02175304,89.3310,1,0.050374,245.290300,0.01850663,68.7548,1,0.059647,303.933790
2019-10-31,0.01294583,90.6256,1,0.046987,263.916830,-0.01743123,67.0116,1,0.050953,303.219390
2019-11-01,0.00302858,90.9284,1,0.038502,299.177590,0.00952895,67.9645,1,0.043645,358.071510
2019-11-04,-0.04118195,86.8102,1,0.030885,241.983840,0.04612909,72.5774,1,0.045791,322.552980
2019-11-05,-0.01578584,85.2316,1,0.011144,83.926550,0.02367796,74.9452,1,0.024024,184.040200
2019-11-06,0.02554670,87.7863,1,0.017260,142.986320,-0.02237186,72.7081,1,0.019226,202.304260
2019-11-07,-0.00394436,87.3919,1,0.051506,318.955210,-0.00084877,72.6232,1,0.059547,358.734960
2019-11-08,-0.00842638,86.5492,1,0.042668,260.086990,-0.00188994,72.4342,1,0.065024,361.058970
2019-11-11,0.01161197,87.7104,1,0.037403,221.257910,-0.00813376,71.6208,1,0.054996,321.793450
2019-11-12,0.00540234,88.2507,1,0.036476,259.760040,-0.01931039,69.6898,1,0.047869,319.572520
2019-11-13,0.00434780,88.6854,1,0.027020,260.536730,-0.00281651,69.4081,1,0.049981,381.627670
2019-11-14,-0.00019810,88.6656,1,0.031740,241.033700,0.00737746,70.1459,1,0.052324,340.791750
2019-11-15,0.00257502,88.9231,1,0.030658,261.330810,-0.02201808,67.9441,1,0.037098,301.729350
2019-11-18,0.00922573,89.8457,1,0.037787,241.246780,-0.00991824,66.9522,1,0.050184,362.518030
2019-11-19,-0.00188882,89.6568,1,0.036472,280.051060,0.00821155,67.7734,1,0.046705,339.788140
2019-11-20,0.00272053,89.9289,1,0.025177,221.287410,-0.00739463,67.0339,1,0.028353,261.951900
2019-11-21,0.00353097,90.2820,1,0.053353,240.404410,-0.00894717,66.1392,1,0.062127,360.719290
2019-11-22,-0.00583018,89.6990,1,0.042338,240.409810,-0.00144121,65.9951,1,0.062031,360.053430
2019-11-25,0.00452085,90.1510,1,0.028755,201.417500,-0.00136944,65.8581,1,0.053384,321.625330
2019-11-26,0.00372343,90.5234,1,0.028687,241.235540,-0.00097669,65.7605,1,0.048049,321.260000
2019-11-27,0.00231044,90.7544,1,0.035426,241.373190,-0.00231727,65.5287,1,0.038957,301.140840
2019-11-29,0.00280770,91.0352,1,0.032110,260.886490,-0.00412211,65.1165,1,0.045221,340.857130
2019-12-02,0.01306242,92.3414,1,0.081168,299.119360,0.00915558,66.0321,0,0.000000,0.000000
2019-12-03,-0.01101636,91.2398,1,0.029896,141.095430,0.00920556,66.9526,0,0.000000,0.000000
2019-12-04,-0.00794808,90.4450,1,0.024998,161.451300,0.00739012,67.6917,1,0.048778,319.413820
2019-12-05,0.00202331,90.6473,1,0.034579,222.809490,-0.00240086,67.4516,1,0.039576,322.934630
2019-12-06,0.00960476,91.6078,1,0.025194,180.451790,-0.00774743,66.6768,1,0.048153,301.289430
2019-12-09,0.01486225,93.0940,1,0.045685,201.036650,-0.01609381,65.0674,1,0.064171,341.106030
2019-12-10,-0.01078477,92.0156,1,0.039037,201.995790,0.01261331,66.3288,1,0.045729,302.035010
2019-12-11,0.00237952,92.2535,1,0.024288,181.531540,-0.00663811,65.6650,1,0.038681,281.484460
2019-12-12,-0.01105737,91.1478,1,0.035177,239.991160,0.01910407,67.5754,1,0.046753,320.302670
2019-12-13,-0.00192571,90.9552,1,0.019771,142.236380,-0.00955581,66.6198,1,0.034881,242.496940
2019-12-16,-0.01874731,89.0805,1,0.024681,160.745620,0.01986227,68.6060,1,0.051993,380.011100
2019-12-17,0.01905549,90.9860,1,0.017781,122.663270,-0.01597392,67.0086,1,0.033902,263.588420
2019-12-18,-0.01010560,89.9755,1,0.033810,181.753770,0.00457171,67.4658,1,0.050029,341.643210
2019-12-19,-0.00280770,89.6947,1,0.027670,200.690750,-0.00281522,67.1843,1,0.042102,280.936180
2019-12-20,0.00123609,89.8183,1,0.022551,180.722240,-0.00004062,67.1802,1,0.051492,340.650880
2019-12-23,-0.00080134,89.7382,1,0.030884,222.387340,0.00559402,67.7396,0,0.000000,0.000000
2019-12-24,0.00120573,89.8587,1,0.028877,180.218190,-0.00460167,67.2795,1,0.036507,301.601821
2019-12-26,0.00208116,90.0668,1,0.034844,160.710870,-0.00428001,66.8515,1,0.078291,360.013460
2019-12-27,-0.00131041,89.9358,1,0.021681,160.314620,0.00461967,67.3134,1,0.053733,340.316750
2019-12-30,0.00464700,90.4005,1,0.028280,200.777920,-0.00032294,67.2811,1,0.033934,301.057340
2019-12-31,0.00088511,90.4890,1,0.033589,160.380140,-0.00122470,67.1587,1,0.046390,240.449780
