date,model_ret,model_equity,model_rebalanced,model_cost,model_traded,naive_ret,naive_equity,naive_rebalanced,naive_cost,naive_traded
2015-01-02,0.00205664,100.2057,1,0.045316,200.000000,0.00000000,100.0000,0,0.000000,0.000000
2015-01-05,0.00811532,101.0172,1,0.031948,221.484900,0.00100563,100.1006,1,0.047157,200.000000
2015-01-06,-0.00065352,100.9518,1,0.042142,239.886760,0.01223753,101.3243,0,0.000000,0.000000
2015-01-07,0.00214928,101.1668,1,0.027282,141.923630,0.00307885,101.6322,1,0.038215,219.104328
2015-01-08,-0.00168795,100.9980,1,0.117415,363.527950,-0.00658411,100.9738,0,0.000000,0.000000
2015-01-09,0.00316125,101.3141,1,0.054605,223.924680,0.01268128,102.2419,0,0.000000,0.000000
2015-01-12,-0.00112840,101.2013,1,0.068280,239.111250,0.01078937,103.3209,0,0.000000,0.000000
2015-01-13,0.00086967,101.2882,1,0.043193,141.021040,0.00165810,103.4867,1,0.051390,203.420600
2015-01-14,0.00540708,101.8289,1,0.046582,240.848860,0.01037373,104.5240,1,0.054617,320.940180
2015-01-15,-0.00173693,101.6552,1,0.048763,220.640810,0.00932284,105.4563,1,0.038256,239.960730
2015-01-16,-0.00131722,101.5235,1,0.025042,121.458090,0.00620425,106.0767,1,0.043315,259.027520
2015-01-20,0.00660936,102.1845,1,0.064194,283.245660,-0.00095178,105.9816,0,0.000000,0.000000
2015-01-21,-0.00051014,102.1334,1,0.049894,259.511310,0.00063573,106.0451,1,0.057917,322.054929
2015-01-22,0.00130513,102.2640,1,0.044637,241.992500,-0.00219282,105.8259,1,0.048462,301.528770
2015-01-23,-0.00051339,102.2126,1,0.044559,243.424970,0.00001002,105.8269,0,0.000000,0.000000
2015-01-26,-0.00186237,102.0264,1,0.051007,239.421860,-0.00484784,105.3421,1,0.037464,282.316221
2015-01-27,-0.00537240,101.4891,1,0.029830,182.512390,-0.00281445,105.0606,1,0.053575,361.373840
2015-01-28,0.01059908,102.5490,1,0.031062,180.364690,-0.00184216,104.8764,0,0.000000,0.000000
2015-01-29,0.01111654,103.6607,1,0.040176,161.542410,-0.00377087,104.4993,0,0.000000,0.000000
2015-01-30,0.01033328,104.6940,1,0.070532,263.401510,-0.01415338,103.0840,1,0.052268,279.910846
2015-02-02,-0.00793631,103.9004,1,0.040201,238.404520,0.00381765,103.4658,0,0.000000,0.000000
2015-02-03,-0.00540944,103.3595,1,0.083574,242.618870,0.00425315,103.8911,1,0.067115,299.538821
2015-02-04,0.00092418,103.4519,1,0.050412,164.055810,-0.01880632,102.0104,0,0.000000,0.000000
2015-02-05,0.00915681,104.3676,1,0.031879,201.333510,-0.00830371,101.1801,1,0.065881,382.864719
2015-02-06,-0.00121934,104.2456,1,0.061864,242.701700,-0.01258898,99.9212,1,0.047508,321.833850
2015-02-09,-0.00618879,103.6267,1,0.055139,281.054650,0.00627358,100.5485,1,0.051272,341.563590
2015-02-10,-0.01479770,102.1470,1,0.027940,160.628920,0.00933088,101.4816,1,0.063642,299.843650
2015-02-11,0.00395884,102.5429,1,0.028836,203.473310,-0.00452950,101.0287,0,0.000000,0.000000
2015-02-12,-0.01338723,101.2041,1,0.036413,201.416840,-0.00880357,100.1483,1,0.059317,325.019739
2015-02-13,-0.00296576,100.9076,1,0.033596,161.617310,0.00752005,100.9003,0,0.000000,0.000000
2015-02-17,0.00241439,101.1490,1,0.026051,160.956300,-0.00435214,100.4651,1,0.052584,283.535052
2015-02-18,-0.00012610,101.1364,1,0.045020,220.608910,0.00726696,101.1918,1,0.065104,379.936510
2015-02-19,-0.00042091,101.0943,1,0.041491,221.047950,-0.00874369,100.3174,1,0.061229,281.599260
2015-02-20,-0.00398351,100.6959,1,0.035871,199.906200,-0.00789608,99.5278,1,0.050238,339.735420
2015-02-23,0.00693106,101.3891,1,0.034384,222.084420,-0.01767567,97.7602,0,0.000000,0.000000
2015-02-24,0.00367614,101.7567,1,0.033586,161.257290,-0.01017079,96.7432,1,0.049309,403.059735
2015-02-25,-0.00114494,101.6422,1,0.045594,201.551960,-0.00126614,96.6166,1,0.055814,341.183730
2015-02-26,0.01494104,103.1363,1,0.026886,160.954940,-0.01104401,95.5122,1,0.057301,280.383860
2015-02-27,0.00029982,103.1663,1,0.034788,141.776450,-0.00884122,94.6280,1,0.056542,280.299380
2015-03-02,0.01133018,104.2993,1,0.038882,160.428090,-0.01022690,93.6053,1,0.073640,339.823680
2015-03-03,-0.00368681,103.9306,1,0.055901,201.806320,-0.00636063,92.9693,1,0.072143,341.706430
2015-03-04,0.00361871,104.2925,1,0.049479,220.470860,-0.00591761,92.3775,1,0.049091,320.180880
2015-03-05,0.00080022,104.3725,1,0.035188,200.677050,0.00042530,92.4200,1,0.049250,319.900730
2015-03-06,0.00143944,104.5164,1,0.061146,221.092150,-0.00047867,92.3722,1,0.070707,301.078560
2015-03-09,-0.01235094,103.2813,1,0.061334,259.573470,0.00881712,93.2539,0,0.000000,0.000000
2015-03-10,-0.00483299,102.7980,1,0.029309,240.761340,0.00723512,93.9774,1,0.042918,240.440077
2015-03-11,0.00812025,103.6101,1,0.032055,199.840270,-0.01258130,92.7193,0,0.000000,0.000000
2015-03-12,-0.00396800,103.2133,1,0.039240,202.061580,-0.00197603,92.5217,1,0.050943,320.001507
2015-03-13,-0.00608151,102.6051,1,0.036581,222.397920,0.00153663,92.6753,0,0.000000,0.000000
2015-03-16,-0.00293389,102.3117,1,0.047869,260.080130,0.00801719,93.4771,1,0.041171,302.002112
2015-03-17,-0.00233393,102.0783,1,0.033123,182.514900,0.00505351,93.9824,0,0.000000,0.000000
2015-03-18,-0.01333061,100.7453,1,0.039841,180.571170,0.01172137,95.1545,1,0.038893,262.221221
2015-03-19,0.00117762,100.8630,1,0.040198,183.407080,0.01020093,96.1746,0,0.000000,0.000000
2015-03-20,0.00524015,101.3870,1,0.027515,180.944160,-0.00882734,95.2919,1,0.034084,243.545919
2015-03-23,-0.00121260,101.2658,1,0.050420,301.977230,-0.00103195,95.1887,0,0.000000,0.000000
2015-03-24,0.00078927,101.3447,1,0.047053,279.557100,-0.00186225,95.0025,1,0.046455,321.625824
2015-03-25,-0.00263314,101.0814,1,0.027014,161.228900,0.00862790,95.8653,1,0.049720,299.737930
2015-03-26,0.00082665,101.1641,1,0.025575,161.284000,0.00033408,95.8987,0,0.000000,0.000000
2015-03-27,0.00310271,101.4743,1,0.032569,200.974860,-0.00305073,95.5936,1,0.045133,299.206323
2015-03-30,0.00199975,101.6743,1,0.045015,261.339280,-0.00016685,95.5769,1,0.056895,341.530340
2015-03-31,0.00645559,102.3199,1,0.048311,223.153490,0.00005834,95.5828,0,0.000000,0.000000
2015-04-01,0.00315567,102.6354,1,0.052293,280.563610,-0.00296550,95.2862,1,0.048450,303.025020
2015-04-02,-0.00088390,102.5470,1,0.038940,200.312100,-0.00189353,95.0969,1,0.055533,319.050500
2015-04-06,0.00411422,102.9585,1,0.035118,181.469630,-0.00210915,94.8859,1,0.042045,262.212340
2015-04-07,0.00845303,103.8038,1,0.035437,221.217900,-0.00932669,93.9533,1,0.049369,301.393430
2015-04-08,-0.00159325,103.6444,1,0.045605,259.727360,-0.00028637,93.9246,1,0.054377,339.899540
2015-04-09,-0.00014502,103.6299,1,0.047022,261.435940,-0.00415700,93.5089,1,0.053870,340.955860
2015-04-10,0.00230059,103.8600,1,0.038261,221.105300,0.00140616,93.6495,1,0.049304,301.611190
2015-04-13,0.00901111,104.7611,1,0.034729,220.119200,-0.01106770,92.5428,1,0.048490,360.583700
2015-04-14,0.00136504,104.8976,1,0.060246,259.665380,0.00419393,92.9622,1,0.057687,319.383380
2015-04-15,-0.00485369,104.4122,1,0.053949,200.935450,0.00363374,93.3255,1,0.056676,301.367080
2015-04-16,-0.00619568,103.7927,1,0.033818,221.871720,-0.00786696,92.5389,1,0.047276,282.788590
2015-04-17,-0.00198283,103.5944,1,0.040443,260.146610,-0.00060460,92.4784,1,0.046690,340.708240
2015-04-20,0.00885601,104.4800,1,0.031629,160.498180,-0.00082655,92.3957,0,0.000000,0.000000
2015-04-21,0.00296073,104.7761,1,0.051967,261.899070,-0.00309545,92.0862,1,0.060805,339.276184
2015-04-22,-0.00611180,104.1649,1,0.056040,261.160180,-0.00586492,91.4997,1,0.057282,301.176040
2015-04-23,-0.00349003,103.8159,1,0.034913,220.910740,-0.00467201,91.0325,1,0.048721,301.198670
2015-04-24,-0.00361438,103.4545,1,0.031658,201.075710,0.00292402,91.3249,1,0.065968,380.601740
2015-04-27,0.00455297,103.9097,1,0.025813,161.071200,-0.01010824,90.3141,1,0.047594,341.234130
2015-04-28,-0.01298760,102.6110,1,0.038140,200.174970,0.01445994,91.7601,1,0.063266,358.913390
2015-04-29,0.00070465,102.6815,1,0.040725,222.908400,-0.00084450,91.6756,1,0.048370,322.374540
2015-04-30,-0.00624418,102.0570,1,0.031908,160.754090,0.01973046,93.6487,1,0.045744,240.318620
2015-05-01,0.00163647,102.2207,1,0.028693,161.433470,0.00124806,93.7735,0,0.000000,0.000000
2015-05-04,0.00221423,102.4421,1,0.045357,222.593220,0.00595006,94.3685,0,0.000000,0.000000
2015-05-05,-0.00057376,102.3847,1,0.034316,221.136380,-0.00453456,93.9150,1,0.037336,302.680244
2015-05-06,-0.00138596,102.2461,1,0.059136,298.464320,0.00288352,94.2034,0,0.000000,0.000000
2015-05-07,-0.00111887,102.1342,1,0.067127,281.118800,0.00365455,94.5688,1,0.056715,337.401087
2015-05-08,-0.01386237,100.7480,1,0.036087,181.147840,-0.01431154,93.1377,1,0.054834,321.098170
2015-05-11,-0.00235720,100.5123,1,0.033740,183.281830,-0.00903241,92.2344,0,0.000000,0.000000
2015-05-12,-0.00168021,100.3443,1,0.031151,200.689320,-0.00780594,91.4538,1,0.065774,342.954081
2015-05-13,-0.00169389,100.1749,1,0.033419,220.607750,0.01233640,92.6875,1,0.043120,320.726520
2015-05-14,0.00250734,100.4256,1,0.044956,240.925650,-0.00442909,92.2446,1,0.043389,301.714160
2015-05-15,0.00247375,100.6730,1,0.036435,182.693610,-0.00780841,91.4637,0,0.000000,0.000000
2015-05-18,0.00729989,101.4030,1,0.028561,180.084790,-0.00319992,91.1437,1,0.063742,363.197096
2015-05-19,0.00047066,101.4500,1,0.055964,221.208770,0.00458348,91.6021,1,0.064462,321.577470
2015-05-20,0.00456531,101.9066,1,0.037669,180.710550,0.00466034,92.0681,1,0.043486,300.915550
2015-05-21,-0.00650170,101.2564,1,0.035020,200.175820,-0.00035301,92.0328,1,0.047191,320.687460
2015-05-22,-0.00488792,100.7676,1,0.027362,160.563350,-0.02182796,89.8500,1,0.058946,320.113890
2015-05-26,0.00387048,101.1547,1,0.028222,181.430290,-0.00130145,89.7199,1,0.059335,361.188830
2015-05-27,0.00281255,101.4359,1,0.037045,180.389790,0.00540104,90.2600,0,0.000000,0.000000
2015-05-28,0.00320755,101.7567,1,0.058965,262.734900,0.00178749,90.4387,0,0.000000,0.000000
2015-05-29,-0.00367649,101.3890,1,0.043009,200.691280,0.00215562,90.6543,1,0.056778,318.633928
2015-06-01,-0.00065760,101.3233,1,0.044070,200.177680,0.00316749,90.9710,1,0.051851,279.576960
2015-06-02,-0.00023299,101.3000,1,0.025659,121.352070,-0.00424577,90.5465,1,0.038267,261.166880
2015-06-03,0.01173498,102.4735,1,0.028892,181.103620,0.02321772,92.8682,1,0.060148,360.620290
2015-06-04,-0.01135398,101.3381,1,0.030978,181.178930,-0.00281519,92.5867,1,0.021309,142.436840
2015-06-05,0.00095122,101.4332,1,0.040968,220.405020,0.01392333,93.9791,0,0.000000,0.000000
2015-06-08,0.01080154,102.5133,1,0.028976,180.785530,-0.00588511,93.3905,1,0.029101,201.000552
2015-06-09,0.00273264,102.7866,1,0.035536,161.071610,0.00679147,94.0697,0,0.000000,0.000000
2015-06-10,-0.00055533,102.7311,1,0.047733,201.030460,0.00214156,94.2838,1,0.036784,259.889190
2015-06-11,-0.00203246,102.5278,1,0.029266,202.018940,-0.00835818,93.4480,0,0.000000,0.000000
2015-06-12,0.00528746,103.0566,1,0.018884,141.630820,-0.00626940,92.8211,1,0.058620,383.128947
2015-06-15,0.00699755,103.7563,1,0.044375,160.405130,0.00375843,93.1969,0,0.000000,0.000000
2015-06-16,0.00253159,104.0095,1,0.030771,160.568830,0.00404769,93.6017,0,0.000000,0.000000
2015-06-17,0.00733705,104.7432,1,0.040595,201.270470,0.00206191,93.8079,1,0.045429,319.942421
2015-06-18,-0.00306173,104.4370,1,0.051903,200.363080,0.00893872,94.7018,1,0.061138,280.667680
2015-06-19,-0.00083046,104.3540,1,0.067676,243.012970,-0.00504654,94.1971,0,0.000000,0.000000
2015-06-22,-0.00207305,104.1467,1,0.034705,221.140710,-0.00265219,93.9319,1,0.043809,321.212968
2015-06-23,-0.00222520,103.9241,1,0.025070,179.922720,0.00806646,94.7385,1,0.032594,240.487850
2015-06-24,-0.00881336,103.0428,1,0.027146,141.127950,0.00485854,95.2244,1,0.024556,221.144460
2015-06-25,0.00926724,103.9695,1,0.045596,220.009470,0.00168224,95.3926,0,0.000000,0.000000
2015-06-26,0.00342574,104.3121,1,0.033246,182.029240,-0.00359835,95.0328,1,0.045695,298.982350
2015-06-29,0.00009905,104.3220,1,0.016685,101.246300,-0.00191054,94.8417,1,0.050374,340.455840
2015-06-30,-0.00426378,103.8956,1,0.030778,220.109870,-0.00506373,94.3353,0,0.000000,0.000000
2015-07-01,-0.00990924,102.9047,1,0.030054,201.535000,-0.00258157,94.0772,1,0.060847,357.898613
2015-07-02,0.01329709,104.2344,1,0.030961,221.902750,0.00351155,94.4283,1,0.055105,342.146410
2015-07-06,-0.00556270,103.6782,1,0.052910,240.614170,0.00297940,94.7263,1,0.052900,299.941700
2015-07-07,0.00242353,103.9205,1,0.016187,101.490980,0.00339460,95.0657,1,0.042290,300.766280
2015-07-08,0.00367000,104.2875,1,0.042110,262.179780,0.00183639,95.2494,1,0.052921,321.175850
2015-07-09,-0.00049867,104.2376,1,0.071417,298.587590,-0.00814011,94.4354,0,0.000000,0.000000
2015-07-10,0.00229846,104.4675,1,0.043724,241.292010,0.00286951,94.7223,1,0.056509,338.600517
2015-07-13,0.00894361,105.3618,1,0.041669,202.869690,0.00654723,95.3770,0,0.000000,0.000000
2015-07-14,0.00690212,106.0521,1,0.037228,182.441170,-0.00485037,94.8920,0,0.000000,0.000000
2015-07-15,0.00135395,106.1875,1,0.033515,201.581240,-0.00233263,94.6587,1,0.050323,344.776306
2015-07-16,-0.00525858,105.6616,1,0.043298,220.322630,-0.00062464,94.5963,1,0.058654,319.120660
2015-07-17,-0.00314297,105.3473,1,0.037217,241.368580,0.00278292,94.8746,1,0.054928,341.049490
2015-07-20,0.00047113,105.3944,1,0.036067,220.230720,0.01112232,95.9868,1,0.046838,280.195900
2015-07-21,0.00384789,105.7792,1,0.033211,161.706800,-0.00972034,95.0148,1,0.044244,261.868130
2015-07-22,0.00554946,106.3341,1,0.059404,240.852520,-0.00253153,94.7616,1,0.071973,360.394930
2015-07-23,-0.00371859,105.9623,1,0.047509,261.972030,-0.00326136,94.4355,1,0.057716,300.991320
2015-07-24,0.00597027,106.5593,1,0.044543,200.940370,-0.01425324,93.0102,1,0.050634,300.936060
2015-07-27,-0.00319990,106.2393,1,0.041510,219.815710,-0.00764674,92.2455,0,0.000000,0.000000
2015-07-28,-0.01537681,104.7016,1,0.035211,142.156440,-0.00005625,92.2399,1,0.059985,377.020130
2015-07-29,-0.00245684,104.4560,1,0.036974,203.557430,0.00017562,92.2574,0,0.000000,0.000000
2015-07-30,-0.00398084,104.0579,1,0.035584,162.035210,-0.00436592,91.8208,0,0.000000,0.000000
2015-07-31,0.00657604,104.7155,1,0.033056,181.455460,-0.00786665,91.0342,1,0.063975,364.377877
2015-08-03,-0.00207328,104.5081,1,0.060968,201.422140,0.00842629,91.8768,1,0.073171,322.109750
2015-08-04,-0.00880326,103.6278,1,0.039906,161.995740,-0.00270539,91.6063,1,0.050009,280.765060
2015-08-05,-0.02261080,101.3667,1,0.020380,141.348800,0.00674558,92.2808,1,0.043182,320.431510
2015-08-06,-0.00083181,101.2836,1,0.032071,161.004220,-0.00571143,91.7097,1,0.047273,262.810280
2015-08-07,0.00027736,101.3113,1,0.036554,219.992790,0.00115197,91.8249,1,0.057243,359.407590
2015-08-10,0.00215662,101.5270,1,0.045298,221.735110,-0.00975421,90.8494,1,0.044801,281.033800
2015-08-11,0.01499866,103.0268,1,0.061714,282.686360,-0.02388376,88.4611,0,0.000000,0.000000
2015-08-12,0.00324170,103.3510,1,0.066160,297.801340,0.01446114,89.9072,1,0.051476,278.178915
2015-08-13,0.00402472,103.7535,1,0.046648,202.995970,-0.00712230,89.1950,1,0.035120,203.028150
2015-08-14,0.00330194,104.0837,1,0.055546,220.647460,0.00012200,89.2072,1,0.066750,340.785650
2015-08-17,-0.00470189,103.6135,1,0.041389,181.517840,0.00362967,89.5701,0,0.000000,0.000000
2015-08-18,-0.00047484,103.5660,1,0.033044,162.230400,-0.00588270,88.9819,1,0.061400,303.468761
2015-08-19,-0.00411888,103.1541,1,0.029338,140.899440,-0.00017257,88.9646,1,0.066897,358.907710
2015-08-20,-0.00024731,103.1294,1,0.036691,200.905030,0.00071522,89.0361,1,0.048798,299.886360
2015-08-21,-0.00182621,102.9467,1,0.031051,220.456420,-0.00278422,88.7577,0,0.000000,0.000000
2015-08-24,-0.00938016,102.0087,1,0.027156,142.715030,0.01112191,89.8699,0,0.000000,0.000000
2015-08-25,-0.00187146,101.8216,0,0.000000,0.000000,0.00206809,90.0767,0,0.000000,0.000000
2015-08-26,0.01115711,102.9373,1,0.042219,241.109398,-0.00724185,89.3525,0,0.000000,0.000000
2015-08-27,-0.00721684,102.2156,1,0.056744,326.447550,-0.01879141,87.4734,0,0.000000,0.000000
2015-08-28,-0.00236055,101.9796,1,0.030345,184.565720,-0.00703434,86.7699,0,0.000000,0.000000
2015-08-31,-0.00835956,101.1436,1,0.029596,140.918250,0.00488758,87.2587,1,0.069572,392.287253
2015-09-01,0.00387869,101.5315,1,0.042851,199.786580,-0.00580339,86.6784,0,0.000000,0.000000
2015-09-02,0.00681192,102.2127,1,0.043488,258.391400,-0.00496763,86.1816,0,0.000000,0.000000
2015-09-03,0.00273561,102.4862,1,0.069259,383.622200,0.00989577,87.1712,0,0.000000,0.000000
2015-09-04,0.00153875,102.6401,1,0.062575,280.743040,-0.00213806,86.9574,1,0.055236,297.613705
2015-09-08,0.00883997,103.5241,1,0.053713,259.347370,0.00540984,87.4983,0,0.000000,0.000000
2015-09-09,0.00679868,104.2040,1,0.065572,345.361150,-0.00389480,87.1089,0,0.000000,0.000000
2015-09-10,-0.00181631,104.0223,1,0.077201,357.999980,0.00098502,87.2074,0,0.000000,0.000000
2015-09-11,-0.00657698,103.3646,1,0.045818,221.942690,0.00103125,87.3105,1,0.055125,280.568861
2015-09-14,0.00035003,103.3996,1,0.032707,201.523200,0.00306453,87.6169,1,0.055257,301.987510
2015-09-15,-0.00562887,102.8368,1,0.033817,181.064290,-0.00979349,86.6376,1,0.049189,300.275570
2015-09-16,0.00299335,103.1361,1,0.036475,222.425870,-0.01193042,85.4446,0,0.000000,0.000000
2015-09-17,0.00787037,103.9231,1,0.041503,222.476370,-0.00304967,85.1396,0,0.000000,0.000000
2015-09-18,0.00249063,104.1722,1,0.051457,240.498740,0.00821157,85.9607,1,0.054883,324.805566
2015-09-21,0.00123506,104.2957,1,0.027264,180.592100,-0.00091148,85.8696,0,0.000000,0.000000
2015-09-22,-0.00424084,103.8716,1,0.036034,181.755290,0.00784846,86.6544,1,0.061834,318.653712
2015-09-23,-0.00020908,103.8507,1,0.035068,200.276010,0.00568704,87.2231,0,0.000000,0.000000
2015-09-24,0.00668284,104.5190,1,0.035656,180.438200,-0.00828440,86.3947,1,0.054490,337.685636
2015-09-25,-0.00818507,103.7005,1,0.034147,161.896360,0.01697995,88.0927,1,0.054055,340.298990
2015-09-28,0.01340919,105.0414,1,0.052271,281.941800,0.02294274,90.3870,1,0.049336,281.791590
2015-09-29,-0.00762225,104.2792,1,0.056845,278.586530,0.00915762,91.3027,0,0.000000,0.000000
2015-09-30,-0.00921710,103.3575,1,0.046060,242.124080,-0.00491531,90.8112,1,0.067101,318.735549
2015-10-01,0.00231908,103.5894,1,0.040172,243.745370,-0.00377808,90.4334,0,0.000000,0.000000
2015-10-02,0.01041373,104.6307,1,0.042957,240.011880,-0.01988487,88.4449,1,0.047377,323.550118
2015-10-05,-0.01013337,103.6174,1,0.054977,282.609670,-0.00705325,87.7396,0,0.000000,0.000000
2015-10-06,-0.01251382,102.3660,1,0.039842,184.055640,-0.01230437,86.5092,0,0.000000,0.000000
2015-10-07,0.00468968,102.8350,1,0.038602,180.729320,-0.00592405,85.9167,1,0.052355,388.121880
2015-10-08,0.00088593,102.9236,1,0.039557,201.939850,0.01517369,87.4341,0,0.000000,0.000000
2015-10-09,0.00506094,103.4297,1,0.035946,182.171670,-0.01288420,86.1457,0,0.000000,0.000000
2015-10-12,0.00216960,103.6466,1,0.034920,202.006040,0.00487630,86.6333,1,0.060600,364.250253
2015-10-13,0.00250581,103.8972,1,0.027699,181.093620,0.00497431,87.1308,1,0.048869,281.385390
2015-10-14,-0.01659491,102.2377,1,0.038111,160.730200,-0.01927488,85.2033,0,0.000000,0.000000
2015-10-15,0.00694672,102.9324,1,0.027258,163.069600,-0.00609222,84.5940,1,0.067212,360.398166
2015-10-16,0.00309658,103.2421,1,0.061682,242.961870,-0.01238921,83.3551,0,0.000000,0.000000
2015-10-19,0.00574727,103.8168,1,0.034503,180.719800,0.00549251,83.9044,1,0.069079,382.911361
2015-10-20,0.00889026,104.7058,1,0.028464,182.734530,-0.00624119,83.2803,1,0.035819,281.342450
2015-10-21,0.01243496,105.9493,1,0.049134,221.003870,0.00263638,83.5439,1,0.065512,340.493320
2015-10-22,0.04921837,110.8711,1,0.059113,219.798510,0.01601527,85.1454,1,0.064313,259.743310
2015-10-23,-0.01120562,109.7506,1,0.062732,245.078610,-0.00312754,84.8327,1,0.057044,283.972660
2015-10-26,0.00716463,110.4670,1,0.040637,243.207910,-0.00433236,84.3994,1,0.049446,343.499090
2015-10-27,-0.00231199,110.2358,1,0.058369,299.647100,0.00660438,85.0599,1,0.049162,280.735350
2015-10-28,0.00328927,110.5648,1,0.038653,241.022390,-0.00766098,84.2938,1,0.040818,281.057160
2015-10-29,0.00694425,111.2592,1,0.043655,263.906620,0.00143287,84.4371,0,0.000000,0.000000
2015-10-30,0.02391892,113.6511,1,0.051938,260.228600,-0.00829803,83.6073,1,0.049863,304.659967
2015-11-02,-0.00254378,113.3967,1,0.047988,224.675650,-0.00533598,83.0737,1,0.065768,341.762520
2015-11-03,0.00726365,114.1231,1,0.045875,243.661050,-0.00404793,82.6689,0,0.000000,0.000000
2015-11-04,-0.00492107,113.6310,1,0.049067,260.669180,-0.01089325,81.5795,1,0.070135,362.374924
2015-11-05,0.00153193,113.7842,1,0.043057,220.838200,0.00096359,81.6759,1,0.057831,359.868630
2015-11-06,-0.01086620,112.6975,1,0.046660,241.536350,0.00993649,82.6695,1,0.060761,340.747090
2015-11-09,-0.00778060,111.9195,1,0.054300,261.388560,-0.00034878,82.6347,1,0.052588,302.084490
2015-11-10,0.00209259,112.1287,1,0.031391,180.462640,-0.02026247,80.6084,0,0.000000,0.000000
2015-11-11,0.01219329,113.3481,1,0.040981,221.602490,0.01498029,82.1065,1,0.070411,398.429066
2015-11-12,0.01005478,114.3535,1,0.039242,221.666710,-0.00078129,82.0283,1,0.042459,222.147320
2015-11-13,-0.01033233,113.3203,1,0.044303,239.806100,-0.00200797,81.8275,0,0.000000,0.000000
2015-11-16,-0.01377853,111.9425,1,0.044763,201.158510,0.00281973,82.1095,1,0.061617,298.460792
2015-11-17,0.00300911,112.2434,1,0.050039,302.558210,-0.01098099,81.0114,0,0.000000,0.000000
2015-11-18,0.00215742,112.4591,1,0.052298,260.194930,0.00491808,81.5032,1,0.053942,322.937329
2015-11-19,0.00144706,112.6038,1,0.062574,283.135580,-0.01269182,80.2340,0,0.000000,0.000000
2015-11-20,-0.00972167,111.6317,1,0.055877,240.423580,-0.00251053,79.9830,1,0.058873,363.594019
2015-11-23,-0.01269169,110.3625,1,0.048669,202.757690,0.00734342,80.7173,1,0.049138,322.549600
2015-11-24,-0.00791377,109.5711,1,0.024727,121.493240,0.00376446,81.0938,1,0.041824,281.590200
2015-11-25,-0.00072115,109.4990,1,0.040995,201.291870,-0.00326736,80.7670,1,0.048366,280.866870
2015-11-27,0.00681955,110.1809,1,0.044365,200.607500,-0.00310103,80.4569,1,0.049553,280.525950
2015-11-30,0.00054526,110.2355,1,0.063634,241.564240,-0.00950931,79.5060,1,0.076131,340.979650
2015-12-01,-0.00554244,109.6812,1,0.037504,220.350000,-0.00724719,78.7813,1,0.047639,339.912500
2015-12-02,-0.00523236,109.1580,1,0.032566,182.101080,0.01228998,80.0103,0,0.000000,0.000000
2015-12-03,0.00924957,110.0830,1,0.049103,219.389310,0.01111041,81.1213,0,0.000000,0.000000
2015-12-04,-0.00103416,109.9795,1,0.043946,240.265700,0.00108983,81.2303,0,0.000000,0.000000
2015-12-07,-0.00531338,109.4482,1,0.053468,303.371790,0.00882738,82.1130,0,0.000000,0.000000
2015-12-08,0.00924062,110.3723,1,0.046188,239.827110,-0.01658957,80.4541,0,0.000000,0.000000
2015-12-09,-0.00945921,109.4263,1,0.061701,279.794990,0.00145455,80.5995,1,0.078045,376.133121
2015-12-10,-0.00050181,109.3762,1,0.030641,181.543360,-0.00050866,80.5487,0,0.000000,0.000000
2015-12-11,0.01011448,110.3876,1,0.054592,301.700480,-0.01974947,78.5737,1,0.045627,298.682142
2015-12-14,0.01088442,111.4760,1,0.063848,356.450860,-0.00536695,78.0370,0,0.000000,0.000000
2015-12-15,-0.00847218,110.6288,1,0.047888,261.011950,-0.00162078,77.8749,1,0.069338,317.281143
2015-12-16,-0.00843200,109.7856,1,0.047080,262.531930,0.00689716,78.5647,1,0.058384,342.366640
2015-12-17,0.00767907,110.5535,1,0.032993,182.883660,-0.00373427,78.1912,0,0.000000,0.000000
2015-12-18,-0.00028143,110.5254,1,0.067173,339.290660,-0.00084138,78.1071,0,0.000000,0.000000
2015-12-21,0.00237780,110.7632,1,0.041700,162.182250,-0.00089493,78.0176,0,0.000000,0.000000
2015-12-22,-0.00407774,110.3554,1,0.071434,322.439860,0.00057020,78.0746,0,0.000000,0.000000
2015-12-23,-0.01282043,109.0734,1,0.040783,182.538000,0.00188384,78.2630,0,0.000000,0.000000
2015-12-24,0.00226787,109.3001,1,0.030823,143.870700,-0.00441443,77.8216,0,0.000000,0.000000
2015-12-28,0.00415453,109.7156,1,0.075987,220.229310,0.00591311,78.4129,1,0.098029,384.099107
2015-12-29,-0.00147451,109.5681,1,0.039501,200.881400,-0.00798528,77.6143,1,0.044868,240.900800
2015-12-30,0.00253933,109.8221,1,0.057957,241.843010,0.01089234,78.7036,0,0.000000,0.000000
2015-12-31,-0.00667199,109.1549,1,0.056679,279.246830,-0.01250975,77.4526,0,0.000000,0.000000
2016-01-04,0.00039264,109.1941,0,0.000000,0.000000,-0.00384232,77.0684,0,0.000000,0.000000
2016-01-05,0.00205476,109.3996,0,0.000000,0.000000,0.01399224,78.4676,0,0.000000,0.000000
2016-01-06,0.00665232,110.0649,0,0.000000,0.000000,0.01740961,80.2086,1,0.046599,240.090391
2016-01-07,-0.00868291,109.1966,0,0.000000,0.000000,-0.00602553,79.6060,0,0.000000,0.000000
2016-01-08,-0.01127541,108.0690,0,0.000000,0.000000,0.00155627,79.7616,0,0.000000,0.000000
2016-01-11,0.00716325,108.7853,0,0.000000,0.000000,-0.01283494,78.4781,1,0.040374,257.275273
2016-01-12,0.00442699,109.2280,0,0.000000,0.000000,-0.00230411,78.2477,1,0.056701,359.670220
2016-01-13,0.00638201,109.8662,0,0.000000,0.000000,-0.01985402,76.2623,1,0.059522,341.496450
2016-01-14,-0.00101185,109.7651,0,0.000000,0.000000,-0.00675557,75.5868,0,0.000000,0.000000
2016-01-15,-0.00364196,109.4009,0,0.000000,0.000000,-0.00265702,75.3211,0,0.000000,0.000000
2016-01-19,0.00450966,109.8518,0,0.000000,0.000000,0.00298653,75.6197,0,0.000000,0.000000
2016-01-20,-0.00915746,108.9361,0,0.000000,0.000000,0.00149999,75.7697,1,0.065131,280.424656
2016-01-21,-0.00600979,108.3351,0,0.000000,0.000000,0.01180201,76.9499,1,0.080559,339.193310
2016-01-22,0.00393888,108.7290,0,0.000000,0.000000,-0.00080079,76.8698,1,0.042529,301.717660
2016-01-25,-0.00530113,108.1989,0,0.000000,0.000000,0.00859036,77.7289,0,0.000000,0.000000
2016-01-26,-0.01209288,106.9896,0,0.000000,0.000000,0.01322023,79.0509,0,0.000000,0.000000
2016-01-27,0.00249422,107.2390,0,0.000000,0.000000,0.00042555,79.0935,0,0.000000,0.000000
2016-01-28,0.00099733,107.3387,0,0.000000,0.000000,0.01429133,80.5226,1,0.064657,302.537263
2016-01-29,-0.00864065,106.4747,0,0.000000,0.000000,-0.00651860,79.8707,1,0.049740,281.049110
2016-02-01,0.00263212,106.7379,1,0.052358,327.122809,-0.00897215,78.9735,0,0.000000,0.000000
2016-02-02,-0.00824613,105.9133,0,0.000000,0.000000,0.00852174,79.8257,1,0.070056,386.668927
2016-02-03,-0.00726490,105.1868,0,0.000000,0.000000,-0.01365142,78.4605,0,0.000000,0.000000
2016-02-04,0.01184441,106.3712,0,0.000000,0.000000,-0.02440024,76.0205,1,0.066434,379.253670
2016-02-05,-0.00702251,105.6690,0,0.000000,0.000000,-0.01814762,74.2058,1,0.060232,358.963370
2016-02-08,-0.00255280,105.4137,0,0.000000,0.000000,0.02793718,76.9995,1,0.062672,356.924990
2016-02-09,0.01675653,107.0894,0,0.000000,0.000000,-0.02101466,74.8980,1,0.040456,259.712770
2016-02-10,0.00584077,107.6734,0,0.000000,0.000000,-0.00435565,74.4624,1,0.074415,361.743030
2016-02-11,-0.01011098,106.6623,0,0.000000,0.000000,-0.00478050,73.9844,1,0.071280,362.563230
2016-02-12,-0.00692227,105.9701,0,0.000000,0.000000,0.00468504,74.4529,0,0.000000,0.000000
2016-02-16,0.01187399,107.1575,0,0.000000,0.000000,0.00588051,75.0409,0,0.000000,0.000000
2016-02-17,-0.00469470,106.6880,0,0.000000,0.000000,0.01894543,76.9355,0,0.000000,0.000000
2016-02-18,0.01079242,107.7673,1,0.034218,243.799232,-0.00188189,76.7473,0,0.000000,0.000000
2016-02-19,0.00395732,108.1630,0,0.000000,0.000000,0.00590149,77.3375,1,0.056851,307.732916
2016-02-22,-0.01250694,106.9123,0,0.000000,0.000000,-0.00896177,76.4413,1,0.062427,321.422280
2016-02-23,0.01137068,108.0494,0,0.000000,0.000000,-0.00642014,75.7993,0,0.000000,0.000000
2016-02-24,-0.00466014,107.5834,0,0.000000,0.000000,0.00580438,76.3797,1,0.068502,342.229174
2016-02-25,0.01452746,109.0361,0,0.000000,0.000000,-0.02955425,73.4243,1,0.045835,262.726400
2016-02-26,0.00363314,109.3994,0,0.000000,0.000000,0.01453454,74.8777,0,0.000000,0.000000
2016-02-29,-0.00767637,108.6318,0,0.000000,0.000000,-0.01104298,73.7734,1,0.050898,241.731380
2016-03-01,0.00056057,108.6879,0,0.000000,0.000000,-0.00829136,72.9443,1,0.057186,358.291520
2016-03-02,-0.00105009,108.5828,1,0.050319,289.402512,0.00979517,73.9238,0,0.000000,0.000000
2016-03-03,0.00243883,108.8267,0,0.000000,0.000000,0.00009002,73.9328,1,0.055218,288.206191
2016-03-04,-0.00624503,108.2022,0,0.000000,0.000000,-0.00150550,73.7823,1,0.050490,301.619460
2016-03-07,-0.01068673,107.1335,0,0.000000,0.000000,-0.01786269,71.9960,1,0.058479,320.631800
2016-03-08,0.00021839,107.1554,0,0.000000,0.000000,-0.01972366,70.0236,1,0.080296,322.971670
2016-03-09,0.00082425,107.2378,0,0.000000,0.000000,0.00828566,70.8522,0,0.000000,0.000000
2016-03-10,-0.00733281,106.5045,0,0.000000,0.000000,-0.00918381,69.9338,1,0.046391,219.882592
2016-03-11,0.00052793,106.5573,0,0.000000,0.000000,-0.01080651,68.8532,1,0.057541,300.999810
2016-03-14,-0.00179706,106.3776,1,0.041306,249.410254,0.00472498,69.3257,0,0.000000,0.000000
2016-03-15,0.01238308,107.6159,0,0.000000,0.000000,0.00457116,69.7828,1,0.042544,263.574435
2016-03-16,-0.00728167,106.8878,0,0.000000,0.000000,-0.00805631,68.9771,1,0.054981,280.708320
2016-03-17,-0.00221569,106.6662,0,0.000000,0.000000,-0.00883024,68.0941,1,0.073214,362.563290
2016-03-18,0.00191418,106.8576,0,0.000000,0.000000,-0.01176177,66.9179,1,0.060737,320.835290
2016-03-21,-0.00793282,106.0643,0,0.000000,0.000000,-0.00136348,66.7816,1,0.068648,361.195620
2016-03-22,0.00171989,106.2363,0,0.000000,0.000000,0.00022911,66.8045,1,0.060159,340.202460
2016-03-23,0.01278608,107.5149,0,0.000000,0.000000,-0.00848435,65.9561,1,0.048355,300.819930
2016-03-24,0.00493919,108.0088,0,0.000000,0.000000,0.00231567,66.1876,1,0.053793,339.092180
2016-03-28,0.00487823,108.4967,0,0.000000,0.000000,-0.00291102,65.8965,1,0.061152,300.337620
2016-03-29,0.00433131,108.9298,0,0.000000,0.000000,0.00648351,66.5449,1,0.085309,360.451650
2016-03-30,0.00421114,109.3509,0,0.000000,0.000000,-0.00006239,66.5386,0,0.000000,0.000000
2016-03-31,-0.00062779,109.2881,0,0.000000,0.000000,-0.01456698,65.0820,1,0.067158,323.161946
2016-04-01,0.00428725,109.7169,0,0.000000,0.000000,-0.00839549,64.2424,1,0.069129,360.386380
2016-04-04,0.00601953,110.3188,0,0.000000,0.000000,-0.00718777,63.5236,0,0.000000,0.000000
2016-04-05,-0.00299147,110.0197,0,0.000000,0.000000,0.00127676,63.6513,0,0.000000,0.000000
2016-04-06,-0.00128167,109.8915,0,0.000000,0.000000,0.00080776,63.7321,0,0.000000,0.000000
2016-04-07,0.01038024,110.9295,0,0.000000,0.000000,0.00846460,64.5785,0,0.000000,0.000000
2016-04-08,0.00476695,111.4062,0,0.000000,0.000000,0.00675623,65.2542,0,0.000000,0.000000
2016-04-11,-0.00186322,111.2199,0,0.000000,0.000000,0.00056649,65.3108,1,0.053421,259.835981
2016-04-12,0.00366157,111.5860,0,0.000000,0.000000,-0.01196900,64.1139,1,0.054320,280.425850
2016-04-13,-0.01769549,109.8165,0,0.000000,0.000000,0.02385083,66.4990,0,0.000000,0.000000
2016-04-14,0.00032775,109.8493,0,0.000000,0.000000,0.00361712,66.8607,1,0.035418,225.614425
2016-04-15,0.00005222,109.8545,0,0.000000,0.000000,0.00135757,66.9965,1,0.041403,279.895750
2016-04-18,0.00321066,110.1756,0,0.000000,0.000000,0.00056772,67.0532,1,0.048138,281.505620
2016-04-19,-0.00255418,109.9201,0,0.000000,0.000000,0.00334344,67.3876,0,0.000000,0.000000
2016-04-20,-0.01043484,108.8767,0,0.000000,0.000000,-0.00383625,67.0040,1,0.043305,262.632102
2016-04-21,-0.00716010,108.1606,0,0.000000,0.000000,0.01489500,68.4935,1,0.047440,321.369000
2016-04-22,0.00357777,108.5184,0,0.000000,0.000000,-0.00056118,68.4373,1,0.043908,260.839020
2016-04-25,0.00717672,109.2361,0,0.000000,0.000000,-0.00406162,68.0312,1,0.055742,341.448950
2016-04-26,-0.00206259,109.0298,0,0.000000,0.000000,-0.01029745,67.0014,1,0.044865,279.712860
2016-04-27,0.01425890,110.4557,0,0.000000,0.000000,-0.01054075,65.9474,0,0.000000,0.000000
2016-04-28,0.00904809,111.3605,0,0.000000,0.000000,-0.00109578,65.8378,1,0.068428,362.778523
2016-04-29,0.03471244,114.8318,0,0.000000,0.000000,0.00323309,66.1611,1,0.058091,299.003710
2016-05-02,0.00007777,114.8396,0,0.000000,0.000000,0.00529344,66.6904,0,0.000000,0.000000
2016-05-03,0.01359565,116.1991,0,0.000000,0.000000,0.00710304,67.4007,0,0.000000,0.000000
2016-05-04,0.00674154,116.8733,0,0.000000,0.000000,0.00759953,68.1607,1,0.071357,338.362907
2016-05-05,0.00804424,117.6777,0,0.000000,0.000000,0.00005657,68.1663,1,0.045063,280.885110
2016-05-06,0.01057250,118.7349,0,0.000000,0.000000,0.00550267,68.7166,1,0.066953,361.044440
2016-05-09,0.00787590,119.5225,0,0.000000,0.000000,-0.00914229,67.8024,1,0.061679,301.651740
2016-05-10,0.01173186,120.6957,0,0.000000,0.000000,0.00448048,68.2504,1,0.071232,360.696590
2016-05-11,0.00146445,120.8422,0,0.000000,0.000000,-0.00746406,67.5040,0,0.000000,0.000000
2016-05-12,0.00832212,121.6744,0,0.000000,0.000000,-0.00871623,66.6324,1,0.059443,359.091893
2016-05-13,0.00011482,121.6859,0,0.000000,0.000000,-0.00841436,65.7910,1,0.053516,319.864380
2016-05-16,0.00241741,121.9276,0,0.000000,0.000000,-0.00747405,65.0436,0,0.000000,0.000000
2016-05-17,-0.00530786,121.3968,0,0.000000,0.000000,0.00328455,65.3720,0,0.000000,0.000000
2016-05-18,-0.01728718,119.6681,0,0.000000,0.000000,0.00851446,66.2235,1,0.060524,300.478417
2016-05-19,0.01353805,121.0219,0,0.000000,0.000000,-0.01994808,64.2286,1,0.034158,240.600530
2016-05-20,-0.00793638,120.2283,0,0.000000,0.000000,-0.01309467,62.9192,1,0.067337,379.399270
2016-05-23,-0.00627264,119.6010,0,0.000000,0.000000,-0.00379458,62.5397,0,0.000000,0.000000
2016-05-24,0.00162891,119.7639,0,0.000000,0.000000,-0.00999415,61.5403,1,0.059485,361.484915
2016-05-25,-0.00803183,118.9607,0,0.000000,0.000000,0.01242023,62.7823,0,0.000000,0.000000
2016-05-26,0.00825029,119.7857,0,0.000000,0.000000,-0.00549874,62.2325,1,0.040614,284.525433
2016-05-27,-0.00658947,119.1268,0,0.000000,0.000000,-0.00565701,61.6668,1,0.055321,340.085020
2016-05-31,-0.00707736,118.4191,0,0.000000,0.000000,0.00071863,61.7386,0,0.000000,0.000000
2016-06-01,0.00051050,118.4701,0,0.000000,0.000000,-0.00922478,60.8161,1,0.053898,342.009783
2016-06-02,-0.00082893,118.3872,0,0.000000,0.000000,0.00871686,61.6878,1,0.059174,320.721420
2016-06-03,0.00901603,119.2888,0,0.000000,0.000000,-0.00875713,60.8121,1,0.045413,261.573060
2016-06-06,-0.00508989,118.7798,0,0.000000,0.000000,-0.00239108,60.5730,1,0.039318,319.701320
2016-06-07,-0.00634219,118.1456,0,0.000000,0.000000,-0.00710339,59.8627,1,0.053029,321.620630
2016-06-08,0.00189951,118.3356,0,0.000000,0.000000,-0.00090844,59.7718,1,0.059864,381.374930
2016-06-09,0.00780626,119.1162,0,0.000000,0.000000,-0.01148995,58.6228,1,0.047845,280.617060
2016-06-10,0.00346963,119.4631,0,0.000000,0.000000,0.00110920,58.7337,1,0.050260,361.029630
2016-06-13,-0.00562111,118.9010,0,0.000000,0.000000,0.00489828,59.2236,0,0.000000,0.000000
2016-06-14,0.00944838,119.8459,0,0.000000,0.000000,0.00422625,59.6462,0,0.000000,0.000000
2016-06-15,-0.00667055,119.1788,0,0.000000,0.000000,-0.01053892,58.5923,1,0.038472,257.360512
2016-06-16,-0.00303162,118.8757,0,0.000000,0.000000,0.00310396,58.9027,1,0.053884,340.627760
2016-06-17,-0.00277205,118.5985,0,0.000000,0.000000,-0.00501505,58.4012,1,0.050715,321.034180
2016-06-20,-0.00159556,118.4389,0,0.000000,0.000000,-0.01356860,57.0443,1,0.062500,340.983770
2016-06-21,-0.00317528,118.1214,0,0.000000,0.000000,0.01103279,58.1476,0,0.000000,0.000000
2016-06-22,0.00408782,118.5302,0,0.000000,0.000000,-0.00709669,57.4379,1,0.059089,223.861757
2016-06-23,-0.00323557,118.2066,0,0.000000,0.000000,0.00663466,58.1014,1,0.065924,360.219200
2016-06-24,0.03864410,122.0710,0,0.000000,0.000000,-0.00543743,57.5577,0,0.000000,0.000000
2016-06-27,0.03172703,125.2437,0,0.000000,0.000000,-0.01363435,56.1942,0,0.000000,0.000000
2016-06-28,-0.00737923,124.5058,0,0.000000,0.000000,-0.01027347,55.1669,0,0.000000,0.000000
2016-06-29,-0.01189599,123.3162,0,0.000000,0.000000,0.00584874,55.7518,0,0.000000,0.000000
2016-06-30,0.00282893,123.5991,0,0.000000,0.000000,0.00236333,55.9881,0,0.000000,0.000000
2016-07-01,0.00525954,124.1250,0,0.000000,0.000000,0.00295904,56.2840,0,0.000000,0.000000
2016-07-05,0.01686547,125.8116,0,0.000000,0.000000,0.00153788,56.4378,1,0.051392,319.124042
2016-07-06,-0.00267299,125.5443,0,0.000000,0.000000,-0.00381467,56.0563,1,0.049577,320.138560
2016-07-07,-0.00789205,124.7551,0,0.000000,0.000000,-0.00438021,55.6183,1,0.052941,340.696650
2016-07-08,-0.00272952,124.4821,0,0.000000,0.000000,0.00816829,56.4351,1,0.053131,299.601800
2016-07-11,-0.01370973,123.1112,0,0.000000,0.000000,0.01150496,57.5856,0,0.000000,0.000000
2016-07-12,-0.01819744,121.2914,0,0.000000,0.000000,0.01689999,59.2756,1,0.039951,265.411804
2016-07-13,0.00304735,121.5961,0,0.000000,0.000000,-0.00579225,58.6964,1,0.035455,223.290830
2016-07-14,-0.01022036,120.5741,0,0.000000,0.000000,-0.00045073,58.6513,1,0.044623,340.669750
2016-07-15,-0.00049511,120.5246,0,0.000000,0.000000,0.00323226,58.9746,1,0.047694,340.494990
2016-07-18,-0.01122860,119.4017,0,0.000000,0.000000,-0.00095865,58.8787,1,0.058515,280.616280
2016-07-19,0.00884268,120.2860,0,0.000000,0.000000,-0.00904890,57.9738,1,0.058750,320.588510
2016-07-20,-0.00253739,120.0323,0,0.000000,0.000000,-0.00634653,57.3391,1,0.060883,399.226180
2016-07-21,0.01252852,121.2851,0,0.000000,0.000000,0.01635716,58.9749,1,0.037144,321.493670
2016-07-22,-0.00039484,121.2456,0,0.000000,0.000000,0.00490954,59.4658,1,0.042356,281.287080
2016-07-25,-0.00857513,120.3881,0,0.000000,0.000000,-0.00181615,59.2842,0,0.000000,0.000000
2016-07-26,-0.00968739,119.4194,0,0.000000,0.000000,0.01396716,60.6809,1,0.057224,361.167506
2016-07-27,-0.00539589,118.8798,0,0.000000,0.000000,0.01753417,62.4343,1,0.033623,283.264900
2016-07-28,-0.00658011,118.2218,0,0.000000,0.000000,-0.00907376,61.5270,1,0.037696,201.293160
2016-07-29,0.00275566,118.4973,0,0.000000,0.000000,0.00276667,61.8036,1,0.045693,302.027740
2016-08-01,-0.00453581,118.0438,0,0.000000,0.000000,-0.00280498,61.5231,1,0.044518,341.052060
2016-08-02,0.02186778,120.2305,0,0.000000,0.000000,-0.01219473,60.3037,1,0.056683,320.140500
2016-08-03,-0.00598557,119.6320,0,0.000000,0.000000,-0.00415702,59.8880,0,0.000000,0.000000
2016-08-04,-0.00351993,119.2800,0,0.000000,0.000000,-0.00263030,59.6249,1,0.063620,340.872637
2016-08-05,-0.02092868,117.1871,0,0.000000,0.000000,0.00759604,60.3845,1,0.062276,360.234310
2016-08-08,-0.00554011,116.6331,0,0.000000,0.000000,-0.00339890,60.0446,1,0.054670,322.189480
2016-08-09,-0.01123680,115.5094,0,0.000000,0.000000,0.01475384,61.5200,1,0.054286,339.968100
2016-08-10,-0.00171194,115.3382,0,0.000000,0.000000,0.00131515,61.6515,1,0.035815,281.914390
2016-08-11,-0.00138403,115.1998,0,0.000000,0.000000,0.00633493,62.2850,1,0.041547,261.886270
2016-08-12,0.00038104,115.2379,0,0.000000,0.000000,0.00516360,62.8014,1,0.043770,301.386960
2016-08-15,-0.01364298,113.8736,0,0.000000,0.000000,-0.00661995,62.1394,1,0.036195,280.605910
2016-08-16,-0.00599832,113.2738,0,0.000000,0.000000,0.00480544,62.6199,1,0.050456,321.669640
2016-08-17,0.00729816,114.0036,0,0.000000,0.000000,-0.00898049,61.7219,0,0.000000,0.000000
2016-08-18,0.00708251,114.7119,0,0.000000,0.000000,-0.00114132,61.6078,1,0.043652,319.277709
2016-08-19,-0.00351142,114.3607,0,0.000000,0.000000,-0.00194480,61.4133,1,0.048050,340.811900
2016-08-22,-0.00496479,113.8643,0,0.000000,0.000000,-0.01311380,60.1019,1,0.042620,320.441370
2016-08-23,-0.00838092,113.0262,0,0.000000,0.000000,-0.00386584,59.7153,1,0.056434,400.410820
2016-08-24,0.00022055,113.0482,0,0.000000,0.000000,-0.00450880,59.2644,1,0.052810,341.122610
2016-08-25,-0.00353343,112.6949,0,0.000000,0.000000,-0.00074332,59.1901,0,0.000000,0.000000
2016-08-26,-0.00580598,112.1143,0,0.000000,0.000000,0.00542651,59.7328,1,0.060239,359.865454
2016-08-29,0.00341667,112.4559,0,0.000000,0.000000,-0.00025876,59.7069,1,0.045226,280.045050
2016-08-30,-0.00513278,111.9427,0,0.000000,0.000000,0.00417044,60.1239,0,0.000000,0.000000
2016-08-31,-0.00121644,111.8210,0,0.000000,0.000000,0.00278011,60.4019,1,0.033189,281.609222
2016-09-01,-0.00796362,111.0247,0,0.000000,0.000000,-0.01403960,58.9980,1,0.041090,319.689500
2016-09-02,-0.00010787,111.0139,0,0.000000,0.000000,-0.00436532,58.5614,1,0.047722,360.907490
2016-09-06,0.00033510,111.0474,0,0.000000,0.000000,0.00286620,58.8481,0,0.000000,0.000000
2016-09-07,-0.00673755,110.3736,0,0.000000,0.000000,-0.00057543,58.7905,1,0.048163,300.886633
2016-09-08,0.00510602,110.8842,0,0.000000,0.000000,0.00131364,58.9219,1,0.047246,361.172660
2016-09-09,-0.00615451,110.2688,0,0.000000,0.000000,0.01011103,59.9330,1,0.046667,300.016670
2016-09-12,-0.00084150,110.1846,0,0.000000,0.000000,-0.00280531,59.6525,0,0.000000,0.000000
2016-09-13,-0.00130599,110.0540,0,0.000000,0.000000,-0.00192433,59.4600,0,0.000000,0.000000
2016-09-14,-0.00192308,109.8617,0,0.000000,0.000000,0.00587454,60.0475,0,0.000000,0.000000
2016-09-15,-0.00579058,109.2827,0,0.000000,0.000000,0.00371150,60.4186,1,0.049870,277.845115
2016-09-16,-0.00160962,109.1217,0,0.000000,0.000000,0.00860508,61.2791,0,0.000000,0.000000
2016-09-19,0.00131731,109.2534,0,0.000000,0.000000,-0.00365539,60.9136,1,0.047259,303.132298
2016-09-20,0.00081047,109.3345,0,0.000000,0.000000,-0.00160617,60.7530,1,0.050827,321.486340
2016-09-21,-0.00286420,109.0481,0,0.000000,0.000000,0.00457316,61.2103,1,0.042194,280.218710
2016-09-22,0.00093511,109.1416,0,0.000000,0.000000,0.00456289,61.6666,0,0.000000,0.000000
2016-09-23,-0.00036055,109.1055,0,0.000000,0.000000,-0.00684662,60.9819,0,0.000000,0.000000
2016-09-26,0.00589131,109.6946,0,0.000000,0.000000,-0.00061705,60.9202,1,0.048485,383.718908
2016-09-27,-0.01564812,108.1298,0,0.000000,0.000000,-0.00676282,60.2439,0,0.000000,0.000000
2016-09-28,0.00420623,108.5505,0,0.000000,0.000000,-0.00302260,59.9417,0,0.000000,0.000000
2016-09-29,-0.00242568,108.3079,0,0.000000,0.000000,-0.00832459,59.1092,1,0.047839,360.886653
2016-09-30,-0.00537798,107.7701,0,0.000000,0.000000,0.00306392,59.4156,0,0.000000,0.000000
2016-10-03,-0.00615668,107.1544,0,0.000000,0.000000,0.01091957,60.5076,1,0.043553,320.985403
2016-10-04,-0.00653718,106.5007,0,0.000000,0.000000,-0.00004232,60.5033,1,0.027602,240.709570
2016-10-05,-0.00707486,105.7932,0,0.000000,0.000000,-0.00116234,60.3871,1,0.041054,319.637610
2016-10-06,0.00106107,105.8993,0,0.000000,0.000000,-0.00595074,59.7920,1,0.045664,301.094500
2016-10-07,0.00593978,106.4933,0,0.000000,0.000000,-0.00586043,59.2060,1,0.050843,380.342270
2016-10-10,-0.00231564,106.2617,0,0.000000,0.000000,0.00197438,59.4034,1,0.041902,319.150820
2016-10-11,-0.00500247,105.7615,0,0.000000,0.000000,0.00204944,59.6084,1,0.046926,301.490660
2016-10-12,0.00270667,106.0322,0,0.000000,0.000000,0.00201259,59.8096,0,0.000000,0.000000
2016-10-13,0.01229577,107.2617,0,0.000000,0.000000,0.01176229,60.9858,1,0.041921,299.423432
2016-10-14,-0.00517705,106.7440,0,0.000000,0.000000,0.00020035,61.0059,1,0.041805,280.263090
2016-10-17,0.00108294,106.8523,0,0.000000,0.000000,0.01106426,62.1123,1,0.051724,300.349100
2016-10-18,-0.00117214,106.7351,0,0.000000,0.000000,-0.00100266,62.0120,1,0.034546,260.909110
2016-10-19,-0.01357844,105.3773,0,0.000000,0.000000,0.00851196,62.8632,1,0.045224,341.455000
2016-10-20,-0.00245229,105.1320,0,0.000000,0.000000,-0.00069319,62.7939,1,0.031179,261.664680
2016-10-21,-0.00409731,104.7223,0,0.000000,0.000000,0.00011548,62.8055,1,0.038942,300.717160
2016-10-24,-0.00592345,104.1300,0,0.000000,0.000000,-0.00340081,62.4654,1,0.059661,319.815890
2016-10-25,-0.00241914,103.8881,0,0.000000,0.000000,-0.01553412,60.9120,1,0.044242,321.701320
2016-10-26,0.00198039,104.0861,0,0.000000,0.000000,-0.00181563,60.7304,1,0.044533,338.409470
2016-10-27,0.01000752,105.0868,0,0.000000,0.000000,0.00310716,61.0411,1,0.041364,320.038570
2016-10-28,0.00128993,105.2158,0,0.000000,0.000000,-0.00809854,60.2313,1,0.032824,260.294700
2016-10-31,0.01008272,106.2241,0,0.000000,0.000000,-0.00420584,59.8107,1,0.044574,320.328030
2016-11-01,-0.01123029,105.1011,0,0.000000,0.000000,0.00839009,60.6497,0,0.000000,0.000000
2016-11-02,0.00146563,105.2476,0,0.000000,0.000000,0.00098530,60.7482,1,0.057830,341.309791
2016-11-03,-0.00119868,105.1278,0,0.000000,0.000000,-0.00065086,60.6831,0,0.000000,0.000000
2016-11-04,0.01056648,106.1844,0,0.000000,0.000000,-0.01354743,59.3284,1,0.040873,298.652657
2016-11-07,0.00343216,106.5276,0,0.000000,0.000000,-0.00234939,59.0935,1,0.047569,341.244410
2016-11-08,-0.01071622,105.4560,1,0.054322,324.032562,0.00544927,59.6384,0,0.000000,0.000000
2016-11-09,-0.01501300,103.9547,0,0.000000,0.000000,-0.04501316,55.1371,1,0.038866,266.544063
2016-11-10,-0.01841647,102.1131,0,0.000000,0.000000,0.02494290,57.6314,1,0.058120,361.548130
2016-11-11,-0.01301208,100.8119,1,0.023448,186.026422,0.00197269,57.8286,1,0.026841,184.148410
2016-11-14,-0.00077605,100.7343,0,0.000000,0.000000,0.01170847,58.9995,1,0.053453,320.700330
2016-11-15,0.00557491,101.2917,1,0.026549,203.414620,-0.00089001,58.9105,1,0.045041,283.668980
2016-11-16,0.00504052,101.7958,0,0.000000,0.000000,-0.00213311,58.6972,1,0.040411,302.554380
2016-11-17,-0.00495762,101.3000,0,0.000000,0.000000,-0.00763993,57.9332,1,0.056833,319.890440
2016-11-18,-0.00401619,100.8984,0,0.000000,0.000000,0.00200948,58.1341,1,0.050542,381.783920
2016-11-21,-0.00124249,100.7742,0,0.000000,0.000000,0.00535617,58.6697,1,0.042613,300.602110
2016-11-22,-0.00988524,99.7856,0,0.000000,0.000000,-0.00664661,58.0051,0,0.000000,0.000000
2016-11-23,-0.00301181,99.4845,0,0.000000,0.000000,-0.00385702,57.6194,1,0.046452,324.148820
2016-11-25,0.00792864,100.2773,0,0.000000,0.000000,-0.00975763,56.6436,1,0.045693,321.859510
2016-11-28,0.00962042,101.2394,0,0.000000,0.000000,0.01033665,57.6773,1,0.077865,340.591190
2016-11-29,0.00884280,102.1236,0,0.000000,0.000000,0.00378635,58.0559,1,0.044095,299.828730
2016-11-30,-0.01245559,100.8781,0,0.000000,0.000000,-0.00557595,57.4983,1,0.046155,321.241350
2016-12-01,-0.02065890,98.8122,0,0.000000,0.000000,0.01863243,59.3616,1,0.049497,299.053460
2016-12-02,-0.00366806,98.4454,0,0.000000,0.000000,-0.01095249,58.2663,1,0.034649,241.362560
2016-12-05,0.00030144,98.4755,0,0.000000,0.000000,-0.00664720,57.6016,1,0.049720,340.033540
2016-12-06,0.00374444,98.8500,0,0.000000,0.000000,-0.00001627,57.6000,1,0.045517,323.214480
2016-12-07,-0.01988064,96.8619,0,0.000000,0.000000,0.00179121,57.7791,1,0.040899,321.500450
2016-12-08,-0.01584537,95.2774,0,0.000000,0.000000,-0.01755941,56.0231,0,0.000000,0.000000
2016-12-09,0.00764397,96.0418,0,0.000000,0.000000,-0.00846330,55.1768,1,0.056830,382.681170
2016-12-12,0.01388451,97.4302,0,0.000000,0.000000,0.00070586,55.2474,1,0.048544,339.993700
2016-12-13,0.00725806,98.1560,0,0.000000,0.000000,-0.00371263,54.8761,1,0.046673,300.604750
2016-12-14,-0.01488912,96.6671,0,0.000000,0.000000,0.00683871,55.5600,1,0.057039,341.670770
2016-12-15,-0.00140152,96.5270,0,0.000000,0.000000,0.01092798,56.6528,1,0.043472,320.328670
2016-12-16,0.01661765,98.1887,0,0.000000,0.000000,-0.00593045,56.0598,1,0.028025,242.778270
2016-12-19,-0.00017133,98.1716,0,0.000000,0.000000,-0.00288629,55.7711,1,0.049759,340.633780
2016-12-20,-0.00930184,97.2414,0,0.000000,0.000000,0.00466699,56.2378,1,0.051981,360.614290
2016-12-21,0.00396528,97.6379,0,0.000000,0.000000,-0.00582106,55.6557,1,0.073976,260.938540
2016-12-22,0.00192292,97.8302,0,0.000000,0.000000,-0.00544174,55.1116,1,0.057854,379.706290
2016-12-23,0.00224200,98.0544,0,0.000000,0.000000,0.00454355,55.5659,1,0.042715,339.295020
2016-12-27,-0.00108166,97.9463,0,0.000000,0.000000,-0.00195664,55.3702,1,0.048764,321.086350
2016-12-28,-0.00019223,97.9271,0,0.000000,0.000000,0.00186378,55.5566,0,0.000000,0.000000
2016-12-29,0.00747051,98.6741,0,0.000000,0.000000,-0.00834181,54.7224,0,0.000000,0.000000
2016-12-30,-0.00292013,98.3821,0,0.000000,0.000000,-0.00097822,54.6246,1,0.058752,379.112127
2017-01-03,0.00472110,98.8542,1,0.036060,266.847686,-0.00996117,53.6285,1,0.037907,280.746290
2017-01-04,-0.00596488,98.2577,1,0.036718,260.866490,0.00118165,53.7467,1,0.046175,340.230430
2017-01-05,-0.00684942,97.5728,1,0.027752,162.762410,-0.01469343,52.2773,0,0.000000,0.000000
2017-01-06,-0.00216371,97.3564,1,0.028541,220.885650,-0.00203747,52.0736,1,0.053367,402.244628
2017-01-09,-0.00611223,96.7452,1,0.027813,221.305930,0.01266122,53.3397,1,0.043238,361.305560
2017-01-10,-0.00351755,96.3934,1,0.020895,181.915010,-0.00337111,53.0026,1,0.033001,280.744520
2017-01-11,-0.00429862,95.9636,1,0.028092,200.834400,0.00052467,53.0551,1,0.047843,361.251870
2017-01-12,-0.00169623,95.7939,1,0.025203,180.979710,-0.00398270,52.6568,1,0.038970,320.334250
2017-01-13,-0.00240589,95.5533,1,0.024649,201.436340,-0.00423477,52.2333,1,0.052277,360.157520
2017-01-17,0.01051934,96.6053,1,0.026746,200.667020,-0.02239788,49.9935,1,0.051348,320.617340
2017-01-18,0.00623683,97.2290,1,0.033757,259.765900,-0.00931199,49.0623,1,0.057399,398.331220
2017-01-19,0.00754884,97.9838,1,0.030886,181.405360,-0.00918995,48.1433,1,0.047655,360.574900
2017-01-20,-0.00013788,97.9701,1,0.036538,220.371390,0.00147885,48.2912,0,0.000000,0.000000
2017-01-23,-0.00199836,97.7702,1,0.039186,260.559670,-0.00470674,47.8205,1,0.036284,299.093968
2017-01-24,-0.00499978,97.2702,1,0.027128,181.083150,0.00552591,48.3731,1,0.031179,280.027910
2017-01-25,0.00030481,97.3007,1,0.037049,202.810450,0.00544297,48.9174,1,0.037613,302.229910
2017-01-26,0.00843911,98.1446,1,0.029139,201.434530,-0.01875017,47.0424,1,0.039637,301.672410
2017-01-27,0.00655774,98.8004,1,0.024866,201.020410,-0.00789280,46.2531,1,0.047940,381.240280
2017-01-30,-0.00271032,98.5294,1,0.042722,241.067980,0.00177769,46.4309,1,0.051241,320.208440
2017-01-31,0.00348716,98.8781,1,0.031594,181.354190,0.00833461,47.2644,0,0.000000,0.000000
2017-02-01,0.00166478,99.0446,1,0.016082,143.023230,-0.00460253,46.8041,1,0.038813,259.243292
2017-02-02,0.00860502,99.9051,1,0.029248,181.101220,-0.01193280,45.6108,1,0.046330,360.084080
2017-02-03,-0.00633517,99.2716,1,0.033147,221.821350,-0.00623484,44.9873,1,0.060584,400.719330
2017-02-06,0.01036357,100.3079,1,0.035353,201.927970,-0.01557184,43.4302,1,0.050314,321.946820
2017-02-07,0.00567143,100.8751,1,0.027417,201.796150,-0.00340630,43.0895,1,0.039660,341.073030
2017-02-08,-0.00198259,100.6768,1,0.023849,160.888320,-0.00320682,42.7688,1,0.073832,380.152950
2017-02-09,-0.00542421,100.1344,1,0.015271,161.076230,0.00228769,42.9976,1,0.039601,301.199590
2017-02-10,0.00497316,100.6317,1,0.031854,223.633910,0.00079056,43.0767,1,0.046324,322.729850
2017-02-13,-0.00319278,100.3124,1,0.038478,240.729290,-0.00101873,42.9748,1,0.052313,341.972400
2017-02-14,-0.00668110,99.6443,1,0.031600,241.152180,0.00860912,43.8357,1,0.043198,340.755240
2017-02-15,-0.00476872,99.1674,1,0.012982,121.053090,0.00383502,44.2192,1,0.030588,261.269030
2017-02-16,-0.02437920,96.7295,1,0.021240,121.849250,-0.01327988,42.8912,1,0.041148,261.881430
2017-02-17,0.00546944,97.2765,1,0.040016,178.781320,-0.01142607,41.7486,1,0.048737,340.819680
2017-02-21,0.00598186,97.8746,1,0.027794,220.506040,-0.00643666,41.1050,1,0.068656,340.171830
2017-02-22,-0.00173499,97.7011,1,0.022289,181.660120,-0.00078348,41.0266,0,0.000000,0.000000
2017-02-23,0.00826426,98.5276,1,0.024334,140.931770,-0.00288298,40.7383,1,0.058718,361.437335
2017-02-24,-0.00337336,98.1902,1,0.027596,141.432360,0.00187726,40.9260,1,0.046354,301.216000
2017-02-27,0.00433004,98.6232,1,0.033136,180.967680,-0.00732182,40.1938,1,0.044582,321.827280
2017-02-28,-0.00241531,98.3817,1,0.035901,181.324900,-0.00400650,39.7932,1,0.069450,380.639520
2017-03-01,0.00054003,98.4357,1,0.023457,200.061630,-0.01173417,38.6198,1,0.052427,339.168120
2017-03-02,0.00283026,98.7187,1,0.055844,263.112820,0.00773989,39.3938,0,0.000000,0.000000
2017-03-03,0.00675454,99.3942,1,0.048976,298.653310,-0.01076353,38.3174,1,0.039253,262.073877
2017-03-06,-0.00483309,98.9109,1,0.031599,201.147510,-0.00155454,38.1620,1,0.046724,380.526960
2017-03-07,-0.00362523,98.5484,1,0.025683,200.646790,0.00697471,38.8594,0,0.000000,0.000000
2017-03-08,-0.00668010,97.8803,1,0.026550,181.075680,0.00360995,39.2204,1,0.039415,299.566113
2017-03-09,-0.00367092,97.5133,1,0.030342,221.013100,0.00264299,39.4847,1,0.044111,300.736450
2017-03-10,0.00181462,97.6947,1,0.026708,141.227870,-0.00038723,39.4460,1,0.045923,300.458870
2017-03-13,0.00091941,97.7867,1,0.026249,181.278890,0.00344513,39.7905,1,0.047687,321.091160
2017-03-14,-0.00146541,97.6401,1,0.029551,180.994050,0.00855703,40.6462,1,0.037317,281.060200
2017-03-15,0.00294066,97.9342,1,0.025224,140.537070,0.00156283,40.8025,1,0.032847,240.704700
2017-03-16,0.00403675,98.3379,1,0.031925,202.726850,0.00561265,41.3638,0,0.000000,0.000000
2017-03-17,-0.00178966,98.1589,1,0.027226,220.685400,-0.00694649,40.6691,1,0.050509,323.246006
2017-03-20,-0.00287423,97.8715,1,0.019963,161.107200,-0.00115863,40.5533,1,0.041273,340.682560
2017-03-21,-0.00622542,97.2489,1,0.027652,180.400980,-0.01276963,39.2763,1,0.040873,299.464790
2017-03-22,0.00141313,97.3902,1,0.036217,240.619570,0.00153582,39.4299,0,0.000000,0.000000
2017-03-23,-0.00211902,97.1783,1,0.032902,241.420690,-0.00541871,38.8880,1,0.040651,260.019811
2017-03-24,-0.00235065,96.9433,1,0.038945,240.172140,-0.00086145,38.8019,1,0.055885,361.236880
2017-03-27,0.00199072,97.1423,1,0.021468,140.647400,0.01206060,40.0079,1,0.042710,281.263020
2017-03-28,0.00223325,97.3657,1,0.020495,120.799720,0.00103454,40.1114,1,0.040206,280.962690
2017-03-29,-0.00672264,96.6934,1,0.027544,181.726320,0.00748134,40.8595,0,0.000000,0.000000
2017-03-30,0.00793117,97.4865,1,0.020773,120.874940,-0.01059538,39.8000,1,0.033128,261.991612
2017-03-31,-0.00146417,97.3401,1,0.025307,180.957550,-0.01079849,38.7201,1,0.041599,340.271990
2017-04-03,0.00093674,97.4338,1,0.029176,180.979270,-0.00003461,38.7167,1,0.056211,360.511050
2017-04-04,0.00272583,97.7064,1,0.034507,160.901030,-0.00561791,38.1549,1,0.060041,339.868850
2017-04-05,-0.00600835,97.1055,1,0.030335,121.666570,-0.00418379,37.7365,1,0.062649,300.151850
2017-04-06,0.00844040,97.9496,1,0.023240,140.535640,-0.01228740,36.5078,1,0.047500,319.851010
2017-04-07,-0.00211154,97.7384,1,0.026014,181.761560,-0.00385705,36.1220,1,0.059395,401.897020
2017-04-10,0.00260615,97.9990,1,0.024615,160.255900,-0.01044320,35.0777,1,0.047680,319.667050
2017-04-11,-0.00492832,97.5062,1,0.028142,181.162250,-0.00129527,34.9482,1,0.047507,340.689680
2017-04-12,-0.00197122,97.3091,1,0.021432,181.386730,0.00473923,35.4221,1,0.034177,280.865300
2017-04-13,-0.00175711,97.1334,1,0.031691,180.811950,0.00295998,35.7181,1,0.040262,239.879480
2017-04-17,-0.00047545,97.0858,1,0.021245,180.642300,-0.00321529,35.3966,0,0.000000,0.000000
2017-04-18,0.00173844,97.2597,1,0.024256,161.779160,-0.00078806,35.3178,0,0.000000,0.000000
2017-04-19,0.00047256,97.3069,1,0.022404,160.713380,-0.00362613,34.9552,1,0.044223,300.045083
2017-04-20,-0.00054478,97.2524,1,0.022748,181.085620,0.00831505,35.7867,1,0.041555,321.101430
2017-04-21,-0.00342319,96.9101,1,0.019999,162.901570,-0.00361616,35.4251,1,0.039626,302.535860
2017-04-24,-0.00712136,96.1980,1,0.037886,200.423300,-0.00036444,35.3886,1,0.046074,299.644430
2017-04-25,0.00879125,97.0771,1,0.026195,202.472630,0.00250964,35.6396,0,0.000000,0.000000
2017-04-26,-0.00014828,97.0623,1,0.020308,142.648040,-0.00539291,35.1003,1,0.037181,302.892277
2017-04-27,0.01047156,98.1094,1,0.026894,181.460120,0.01031761,36.1321,1,0.050769,340.929190
2017-04-28,-0.00326326,97.7831,1,0.033126,201.955330,-0.00468884,35.6632,1,0.052864,361.722450
2017-05-01,0.00928579,98.7117,1,0.034891,280.077220,-0.00205316,35.4579,1,0.041796,339.550140
2017-05-02,-0.02534858,96.1768,1,0.028208,180.649590,0.00166554,35.6244,1,0.044306,321.216840
2017-05-03,-0.00962019,95.2148,1,0.020089,142.794370,-0.00692323,34.9321,1,0.053903,343.566080
2017-05-04,-0.00065198,95.1496,1,0.022478,181.093510,0.00918120,35.8502,1,0.057950,359.586240
2017-05-05,-0.00433078,94.7165,1,0.023328,202.092520,0.00139180,35.9894,1,0.047710,321.755450
2017-05-08,-0.00083867,94.6327,1,0.024187,201.796710,0.00151570,36.1410,1,0.046250,321.713690
2017-05-09,-0.00370868,94.2618,1,0.029718,240.320540,0.00316123,36.4571,1,0.041777,279.816460
2017-05-10,0.00234192,94.4960,1,0.019278,160.537110,-0.00099609,36.3575,1,0.033729,280.939780
2017-05-11,-0.00148984,94.3470,1,0.024294,201.137410,-0.00395361,35.9621,1,0.053531,340.654620
2017-05-12,-0.00057595,94.2894,1,0.026095,181.520730,0.00264852,36.2270,1,0.041458,319.549690
2017-05-15,0.00530618,94.8200,1,0.026692,181.257140,-0.00945259,35.2817,1,0.051209,300.753470
2017-05-16,-0.00264655,94.5554,1,0.030515,221.904910,0.00768436,36.0501,0,0.000000,0.000000
2017-05-17,-0.00668946,93.8864,1,0.017136,161.584860,-0.01901394,34.1487,1,0.045084,301.640237
2017-05-18,-0.00493176,93.3933,1,0.031406,181.625470,-0.00191686,33.9571,0,0.000000,0.000000
2017-05-19,0.00543856,93.9371,1,0.032744,220.542030,0.00523431,34.4805,1,0.040559,320.133798
2017-05-22,-0.00037239,93.8999,1,0.038669,161.816740,-0.00100273,34.3802,0,0.000000,0.000000
2017-05-23,0.00856187,94.7561,1,0.031893,221.590210,-0.00360712,34.0195,0,0.000000,0.000000
2017-05-24,0.00504863,95.2609,1,0.033357,181.474840,-0.00695534,33.3240,1,0.047864,342.503706
2017-05-25,-0.00830175,94.4308,1,0.028115,181.755840,0.00486392,33.8104,1,0.051798,340.833770
2017-05-26,0.00123322,94.5541,1,0.025648,181.849560,-0.00335697,33.4747,1,0.032977,241.443590
2017-05-30,-0.00300440,94.2536,1,0.025170,160.142210,-0.00407134,33.0675,1,0.044934,339.666540
2017-05-31,-0.00084409,94.1692,1,0.020079,160.833110,0.00586953,33.6545,1,0.038397,321.060420
2017-06-01,0.00865897,95.0351,1,0.033563,161.099030,-0.00716398,32.9381,1,0.041878,261.051730
2017-06-02,-0.00833778,94.2013,1,0.052148,242.717880,0.01278573,34.2167,0,0.000000,0.000000
2017-06-05,-0.00408864,93.7925,1,0.052954,280.876330,0.00221643,34.4383,1,0.033637,282.393986
2017-06-06,0.00038556,93.8310,1,0.030824,180.711070,-0.00477495,33.9608,1,0.042855,300.358860
2017-06-07,0.00304015,94.1351,1,0.026215,181.150820,0.00226336,34.1871,1,0.041064,340.238680
2017-06-08,0.00984037,95.1191,1,0.020183,140.864130,-0.00116496,34.0706,1,0.048816,301.089480
2017-06-09,0.00896022,96.0151,1,0.027948,202.036400,0.00332786,34.4034,1,0.039184,301.811840
2017-06-12,0.00272610,96.2877,1,0.054210,201.576710,0.02095373,36.4988,1,0.065267,301.117390
2017-06-13,0.00047545,96.3353,1,0.030895,121.938140,-0.00503068,35.9957,1,0.025698,221.912420
2017-06-14,-0.00109120,96.2261,1,0.035110,201.459660,0.00755521,36.7513,0,0.000000,0.000000
2017-06-15,-0.01404668,94.8215,1,0.043088,220.564450,0.00322162,37.0734,1,0.043008,281.825672
2017-06-16,0.00356372,95.1779,1,0.045018,162.064780,-0.00398009,36.6754,1,0.065299,341.214550
2017-06-19,0.00820613,95.9985,1,0.053847,160.930730,-0.01228805,35.4466,1,0.058385,319.923990
2017-06-20,0.00466656,96.4651,1,0.066034,261.860040,0.00043386,35.4900,1,0.059634,360.018520
2017-06-21,-0.00242810,96.2223,1,0.027510,220.671710,0.00494336,35.9843,1,0.037414,279.653920
2017-06-22,0.00317129,96.5394,1,0.021191,180.950100,0.00156216,36.1405,1,0.051534,300.966630
2017-06-23,0.00112012,96.6514,1,0.022568,161.021500,0.02463518,38.6041,1,0.046732,301.203070
2017-06-26,0.00525838,97.1773,1,0.027042,141.012420,0.00690259,39.2943,1,0.039301,222.753310
2017-06-27,-0.00870985,96.3063,1,0.039115,181.721400,0.00833847,40.1282,1,0.057483,281.553380
2017-06-28,-0.00222187,96.0841,1,0.019657,141.882170,-0.00211266,39.9169,0,0.000000,0.000000
2017-06-29,-0.00565366,95.5187,1,0.084486,242.388910,0.01132301,41.0492,0,0.000000,0.000000
2017-06-30,-0.00506771,95.0120,1,0.039881,239.984940,-0.00614569,40.4346,0,0.000000,0.000000
2017-07-03,-0.00542849,94.4691,1,0.031229,220.963890,-0.00846347,39.5883,1,0.036817,339.800162
2017-07-05,0.00929116,95.3982,1,0.029854,200.976340,-0.02047001,37.5413,1,0.084641,361.592230
2017-07-06,-0.00163702,95.2345,1,0.036622,200.427270,0.00265605,37.8069,1,0.056855,359.812120
2017-07-07,0.00922720,96.1573,1,0.034880,200.321460,0.00085234,37.8921,0,0.000000,0.000000
2017-07-10,-0.00037680,96.1196,1,0.028610,242.116640,0.00220799,38.1129,0,0.000000,0.000000
2017-07-11,0.00696190,96.8158,1,0.032850,200.597910,0.00160576,38.2735,1,0.030654,301.095255
2017-07-12,-0.00319874,96.4959,1,0.029644,220.671880,0.00234551,38.5081,1,0.040829,300.511570
2017-07-13,-0.00371662,96.1242,0,0.000000,0.000000,0.00403820,38.9119,0,0.000000,0.000000
2017-07-14,-0.00227679,95.8966,1,0.026579,162.158920,-0.00140926,38.7709,1,0.036976,282.663301
2017-07-17,0.00146541,96.0431,1,0.020459,181.950500,-0.00730609,38.0403,1,0.036709,301.397570
2017-07-18,0.00564754,96.6079,0,0.000000,0.000000,-0.00275695,37.7646,1,0.044175,380.414480
2017-07-19,-0.00014681,96.5932,1,0.031631,181.724707,-0.00182987,37.5817,1,0.049997,320.074840
2017-07-20,-0.00002717,96.5905,1,0.036877,281.666230,0.01390373,38.9720,0,0.000000,0.000000
2017-07-21,-0.00259600,96.3309,1,0.020990,200.837540,-0.00144361,38.8277,1,0.031721,202.456618
2017-07-24,-0.00151777,96.1791,1,0.023377,160.864610,-0.00797449,38.0302,1,0.034559,280.849160
2017-07-25,0.00198881,96.3780,1,0.022009,220.037040,0.00536739,38.5670,1,0.041331,359.842490
2017-07-26,0.00270963,96.6489,1,0.019057,161.070530,0.00679700,39.2467,1,0.036090,321.237090
2017-07-27,-0.00039024,96.6099,1,0.040834,220.875040,-0.00573040,38.6736,1,0.043420,320.899130
2017-07-28,0.00436610,97.0465,1,0.031350,200.116570,-0.01411674,37.2619,1,0.046084,359.416660
2017-07-31,-0.00081378,96.9651,1,0.042108,239.910860,-0.00905313,36.3566,1,0.050643,399.019610
2017-08-01,0.00184112,97.1492,1,0.058008,220.343690,-0.00676626,35.6800,1,0.064826,358.964890
2017-08-02,-0.00269609,96.8796,1,0.062659,240.898560,0.00034575,35.7146,1,0.073725,360.660360
2017-08-03,-0.00233497,96.6461,1,0.042907,241.916030,-0.00290209,35.4244,1,0.049049,320.122720
2017-08-04,-0.00546532,96.0996,1,0.053012,280.719530,0.00452888,35.8773,1,0.048742,340.144420
2017-08-07,-0.01211016,94.8886,1,0.038136,199.760920,0.00625215,36.5025,1,0.038355,321.303850
2017-08-08,-0.01014878,93.8737,1,0.020558,202.018340,0.02560945,39.0634,1,0.048265,282.144890
2017-08-09,-0.00305291,93.5684,1,0.025771,183.538320,-0.00645415,38.4180,1,0.027695,242.985470
2017-08-10,-0.00796391,92.7720,1,0.030991,220.449140,0.00897865,39.3159,1,0.055005,359.485560
2017-08-11,-0.00316351,92.4557,1,0.047211,181.434020,0.00473688,39.7896,0,0.000000,0.000000
2017-08-14,-0.00088903,92.3668,1,0.031103,241.236040,-0.00595826,39.1937,1,0.053486,298.705918
2017-08-15,0.00386192,92.7530,1,0.062248,201.693620,-0.00075205,39.1185,0,0.000000,0.000000
2017-08-16,0.00276687,93.0297,1,0.066953,220.475340,-0.00396302,38.7222,1,0.055322,302.436120
2017-08-17,0.01044520,94.0742,1,0.032600,261.196120,-0.01879947,36.8423,1,0.035657,320.939900
2017-08-18,0.00062550,94.1367,1,0.030400,220.137680,-0.00405967,36.4363,0,0.000000,0.000000
2017-08-21,0.00250208,94.3869,1,0.028892,220.678170,-0.00211288,36.2250,1,0.039048,317.643411
2017-08-22,-0.00133024,94.2539,1,0.033904,201.535200,-0.00716575,35.5084,1,0.041145,320.974260
2017-08-23,-0.00106923,94.1470,1,0.040243,222.243620,-0.00606840,34.9016,0,0.000000,0.000000
2017-08-24,0.00197522,94.3445,1,0.027218,181.461420,-0.00401801,34.4998,1,0.063391,342.604780
2017-08-25,-0.00252979,94.0915,1,0.021969,180.767380,-0.00456139,34.0437,1,0.039369,340.342570
2017-08-28,-0.00006746,94.0848,1,0.018906,141.513970,-0.00494246,33.5494,1,0.053166,281.672170
2017-08-29,-0.00388319,93.6965,1,0.022679,160.857660,0.00390443,33.9399,1,0.050007,360.093980
2017-08-30,0.00404156,94.1006,1,0.017284,140.743380,0.00280003,34.2199,1,0.056167,280.194610
2017-08-31,-0.00015782,94.0848,1,0.014202,101.074960,-0.00236070,33.9838,1,0.038570,301.283130
2017-09-01,-0.00241941,93.8429,1,0.028171,202.214580,0.00160783,34.1446,1,0.035587,302.247280
2017-09-05,-0.00011957,93.8309,1,0.035857,221.653570,-0.00748170,33.3964,1,0.083460,341.295550
2017-09-06,-0.00410196,93.4207,1,0.029246,200.035180,-0.00783144,32.6133,1,0.043444,339.127270
2017-09-07,0.00707134,94.1279,1,0.030416,221.027070,-0.00351670,32.2616,1,0.046390,340.740040
2017-09-08,0.00696874,94.8247,1,0.053726,220.411670,-0.00183826,32.0778,1,0.071666,320.411960
2017-09-11,0.00438569,95.2633,1,0.097921,222.038860,-0.01122767,30.9550,1,0.110757,322.016480
2017-09-12,-0.00075562,95.1878,1,0.045052,242.553130,0.00762522,31.7175,0,0.000000,0.000000
2017-09-13,0.00089947,95.2777,1,0.021463,181.261070,-0.00088799,31.6287,1,0.033569,282.831366
2017-09-14,0.00176629,95.4543,1,0.015441,140.823450,-0.00138947,31.4898,1,0.030597,319.225950
2017-09-15,0.00637821,96.0922,1,0.028899,221.103830,0.00466252,31.9560,1,0.047578,340.112430
2017-09-18,0.00123053,96.2152,1,0.021837,201.219480,0.01167351,33.1234,1,0.048759,281.281570
2017-09-19,-0.00275360,95.9398,1,0.024580,201.669310,0.00832856,33.9562,1,0.028354,261.625510
2017-09-20,-0.00027600,95.9122,1,0.023320,201.986940,-0.00951245,33.0050,1,0.023115,241.181590
2017-09-21,-0.00407086,95.5052,1,0.040386,180.979780,0.00448464,33.4535,1,0.059786,379.950170
2017-09-22,0.00352338,95.8575,1,0.035012,240.453140,-0.00207555,33.2459,1,0.048415,240.519270
2017-09-25,0.00081643,95.9391,1,0.031387,201.533330,-0.00285366,32.9605,1,0.051426,300.399480
2017-09-26,-0.00725164,95.2140,1,0.023844,181.516790,0.00323973,33.2845,1,0.040977,340.602880
2017-09-27,0.00529295,95.7433,1,0.015445,121.185580,-0.00741527,32.5430,1,0.026617,281.295430
2017-09-28,-0.00639345,95.1039,1,0.025375,181.343020,0.00403554,32.9465,1,0.041066,361.494910
2017-09-29,-0.00662892,94.4410,1,0.022102,181.397930,-0.00208115,32.7384,1,0.032015,281.255380
2017-10-02,-0.00057731,94.3833,1,0.025211,221.046230,-0.01053101,31.6853,1,0.033621,300.745460
2017-10-03,-0.00472736,93.9106,1,0.064866,181.507320,-0.00247199,31.4381,1,0.036709,321.156340
2017-10-04,-0.00019622,93.8909,1,0.023622,221.370710,-0.00199757,31.2384,1,0.039817,320.999850
2017-10-05,-0.00315545,93.5754,1,0.025605,201.167780,-0.00063179,31.1752,1,0.034239,320.750140
2017-10-06,0.00001754,93.5772,1,0.033206,200.802640,-0.00563358,30.6118,1,0.034468,320.818080
2017-10-09,0.00429298,94.0065,1,0.022472,220.783400,0.00404717,31.0165,1,0.030503,339.782310
2017-10-10,-0.00528888,93.4776,1,0.026638,239.509450,0.00848711,31.8653,1,0.035909,319.908040
2017-10-11,0.00389766,93.8673,1,0.020034,180.572250,0.00032731,31.8980,1,0.028359,301.314780
2017-10-12,-0.00323938,93.5434,1,0.028108,220.748100,0.00000807,31.8988,1,0.034083,300.505070
2017-10-13,0.00122745,93.6661,1,0.032255,241.397990,-0.01006964,30.8918,1,0.036814,320.894310
2017-10-16,0.00131349,93.7975,1,0.031551,200.084440,0.00616844,31.5087,1,0.056656,399.654310
2017-10-17,0.00026217,93.8237,1,0.044193,180.470380,-0.01023125,30.4856,1,0.061125,280.852160
2017-10-18,0.00213386,94.0371,1,0.024674,160.865470,0.00221875,30.7074,1,0.044315,360.424660
2017-10-19,-0.00373164,93.6639,1,0.016934,181.218740,-0.00089594,30.6178,1,0.034504,281.495790
2017-10-20,-0.00588250,93.0757,1,0.040420,200.467850,0.01629987,32.2478,1,0.054953,320.612750
2017-10-23,0.00230811,93.3065,1,0.020609,162.123130,-0.00986500,31.2613,0,0.000000,0.000000
2017-10-24,-0.00054581,93.2519,1,0.019531,180.244920,-0.00508565,30.7528,1,0.036235,383.273071
2017-10-25,-0.00783251,92.4687,1,0.027411,241.144430,-0.00634648,30.1181,1,0.039088,340.868310
2017-10-26,0.00394337,92.8630,1,0.016973,160.671940,-0.00067994,30.0501,1,0.040244,338.828180
2017-10-27,-0.00057843,92.8051,1,0.028193,201.693490,-0.00363963,29.6861,1,0.035123,321.758830
2017-10-30,-0.00071427,92.7337,1,0.091507,222.066810,-0.00620658,29.0655,1,0.076078,341.753400
2017-10-31,-0.00082042,92.6517,1,0.024262,161.013040,0.00372348,29.4378,0,0.000000,0.000000
2017-11-01,0.01235944,93.8876,1,0.022816,222.054820,-0.00757636,28.6802,1,0.048026,299.775903
2017-11-02,-0.00578929,93.3087,1,0.039959,240.827160,0.02323445,31.0036,1,0.077355,361.167110
2017-11-03,-0.01218561,92.0901,1,0.033821,220.367330,0.00112360,31.1160,1,0.036970,242.474100
2017-11-06,0.01044765,93.1349,1,0.019745,201.880140,-0.00530734,30.5853,1,0.045674,362.290290
2017-11-07,0.01748330,94.8832,1,0.017470,141.671250,-0.00374294,30.2110,1,0.034874,280.154760
2017-11-08,0.00147201,95.0304,1,0.021399,241.225400,-0.00212832,29.9981,1,0.037662,319.589340
2017-11-09,-0.00219100,94.8113,1,0.017510,161.288320,0.00433769,30.4319,1,0.031411,300.788970
2017-11-10,-0.00058157,94.7532,1,0.019887,181.392950,-0.00290120,30.1418,1,0.036630,300.811240
2017-11-13,0.00561110,95.3143,1,0.023460,181.058310,0.00019811,30.1616,1,0.043649,379.756230
2017-11-14,-0.00039989,95.2743,1,0.039559,221.692830,0.01247276,31.4089,1,0.072854,301.266300
2017-11-15,0.00257922,95.5322,1,0.014198,140.342530,0.00418922,31.8278,1,0.039418,261.808250
2017-11-16,-0.00383366,95.1489,1,0.018336,161.601840,0.01163180,32.9910,1,0.034170,280.469960
2017-11-17,0.00090753,95.2396,1,0.022747,201.770690,0.00298982,33.2900,0,0.000000,0.000000
2017-11-20,0.00364057,95.6037,1,0.015903,180.894680,0.00265468,33.5554,1,0.054522,342.711867
2017-11-21,-0.00443838,95.1598,1,0.016648,161.011320,-0.00089388,33.4660,1,0.039508,300.488410
2017-11-22,0.00218479,95.3783,1,0.018421,181.432330,-0.00192480,33.2736,1,0.058280,340.838780
2017-11-24,0.00339825,95.7181,1,0.016735,140.643940,-0.00302798,32.9708,1,0.050018,319.916740
2017-11-27,-0.00183243,95.5349,1,0.035143,180.668500,-0.00203967,32.7668,1,0.056097,320.537500
2017-11-28,-0.01452018,94.0829,1,0.031468,180.404500,0.00493778,33.2606,1,0.037732,320.431590
2017-11-29,-0.00845375,93.2375,1,0.015525,161.965890,0.00309819,33.5704,0,0.000000,0.000000
2017-11-30,0.00294977,93.5325,1,0.021883,202.882310,-0.00033173,33.5372,1,0.032583,304.632001
2017-12-01,0.00032135,93.5646,1,0.023955,241.991220,0.00149555,33.6868,0,0.000000,0.000000
2017-12-04,-0.01180677,92.3839,1,0.022907,200.546030,-0.00016267,33.6705,1,0.050327,301.680543
2017-12-05,-0.00002905,92.3810,1,0.019415,203.311630,-0.01181679,32.4888,1,0.034499,302.227720
2017-12-06,-0.00675612,91.7054,1,0.018872,181.184250,-0.00752651,31.7362,1,0.048941,358.379620
2017-12-07,0.00069835,91.7752,1,0.009295,121.511760,0.00064042,31.8002,1,0.030638,282.164810
2017-12-08,-0.00811979,90.9633,1,0.019809,161.174690,0.00888387,32.6886,1,0.041753,322.119500
2017-12-11,0.00072932,91.0362,1,0.018248,141.514550,-0.01578251,31.1104,0,0.000000,0.000000
2017-12-12,0.00381548,91.4177,1,0.030572,180.838740,-0.01172358,29.9380,1,0.065838,401.347513
2017-12-13,-0.00780642,90.6371,1,0.031502,180.878340,0.00086377,30.0244,1,0.050823,359.713560
2017-12-14,-0.00131133,90.5060,1,0.018443,141.534980,-0.00571223,29.4532,1,0.050733,300.950040
2017-12-15,-0.00330161,90.1758,1,0.015901,160.195270,-0.00387960,29.0652,0,0.000000,0.000000
2017-12-18,0.00399334,90.5751,1,0.030066,182.618060,0.00560913,29.6261,0,0.000000,0.000000
2017-12-19,-0.00502170,90.0730,1,0.020010,141.786240,-0.00129927,29.4962,1,0.032577,301.994625
2017-12-20,-0.00213978,89.8590,1,0.012848,121.209340,0.00716570,30.2128,1,0.049470,339.431790
2017-12-21,-0.00029784,89.8292,1,0.015174,161.302110,0.00870284,31.0830,1,0.035326,260.645040
2017-12-22,0.00090113,89.9193,1,0.017937,140.758830,-0.00120967,30.9621,1,0.029757,240.457250
2017-12-26,-0.00444335,89.4750,1,0.014645,160.872910,-0.00031856,30.9302,1,0.045416,340.199750
2017-12-27,0.00382480,89.8575,1,0.013110,121.075070,0.00035860,30.9661,1,0.049720,341.141940
2017-12-28,0.00128105,89.9856,1,0.015935,120.115910,-0.00448970,30.5171,1,0.036830,320.409220
2017-12-29,0.00550757,90.5363,1,0.024393,181.307180,-0.00386828,30.1303,1,0.042228,360.608000
2018-01-02,0.00155818,90.6921,1,0.039822,319.593530,-0.00963069,29.1672,1,0.028539,319.410840
2018-01-03,0.00176622,90.8688,1,0.047148,262.245340,0.00636374,29.8036,1,0.071406,381.297830
2018-01-04,-0.00906379,89.9624,1,0.021089,202.115310,0.01023222,30.8268,1,0.042658,261.841600
2018-01-05,0.00172185,90.1346,1,0.018265,201.075490,0.00471343,31.2981,1,0.018387,221.758300
2018-01-08,0.00013027,90.1476,1,0.017243,181.475570,0.00012774,31.3109,1,0.026776,281.703570
2018-01-09,-0.01222315,88.9253,1,0.016995,161.743310,0.00284441,31.5954,1,0.053159,261.237190
2018-01-10,-0.00190325,88.7350,1,0.023845,181.349780,0.00960407,32.5558,1,0.057593,321.165240
2018-01-11,0.00617009,89.3520,1,0.026171,200.614860,0.01236237,33.7920,1,0.021563,221.035440
2018-01-12,-0.00501236,88.8507,1,0.034816,222.726860,0.00733038,34.5250,1,0.025892,243.363780
2018-01-16,0.00162499,89.0132,1,0.019691,161.293880,0.00097906,34.6229,1,0.021984,241.582150
2018-01-17,-0.00311445,88.7018,1,0.038015,260.888810,0.00765280,35.3882,1,0.040400,360.015470
2018-01-18,-0.00460083,88.2417,1,0.041433,282.191590,0.00082352,35.4706,0,0.000000,0.000000
2018-01-19,0.00121040,88.3627,1,0.028670,220.854730,0.00493668,35.9642,1,0.034502,322.815515
2018-01-22,-0.00444985,87.9178,1,0.027025,241.674830,0.00005422,35.9697,1,0.033028,301.429010
2018-01-23,-0.00059718,87.8580,1,0.023148,161.499500,0.00161777,36.1314,1,0.043273,321.494030
2018-01-24,0.00424782,88.2828,1,0.019878,181.090150,-0.00687091,35.4444,1,0.040001,340.960490
2018-01-25,-0.00233536,88.0493,1,0.023556,221.475020,0.00458225,35.9026,1,0.035065,380.317310
2018-01-26,0.00626168,88.6755,1,0.016562,161.440180,-0.00717347,35.1852,1,0.028197,281.358330
2018-01-29,0.00263567,88.9390,1,0.023103,222.595290,-0.00319484,34.8657,0,0.000000,0.000000
2018-01-30,-0.00792934,88.1461,1,0.040184,240.194490,0.01086741,35.9525,0,0.000000,0.000000
2018-01-31,-0.01516975,86.6291,1,0.016005,141.642730,0.00332551,36.2850,0,0.000000,0.000000
2018-02-01,0.00590931,87.2200,1,0.024769,201.423610,-0.01285049,35.0000,1,0.040179,281.071571
2018-02-02,0.01026553,88.2466,1,0.035247,200.632600,-0.00984765,34.0152,1,0.086995,339.394070
2018-02-05,-0.00755313,87.4913,1,0.039043,259.289500,-0.01179614,32.8356,0,0.000000,0.000000
2018-02-06,0.01055099,88.5464,1,0.011561,103.494670,0.00938726,33.7743,0,0.000000,0.000000
2018-02-07,-0.00111619,88.4348,1,0.061109,362.249320,-0.00810041,32.9643,1,0.029951,275.805714
2018-02-08,-0.00291044,88.1437,1,0.038464,220.846230,-0.00459521,32.5048,1,0.046851,379.101430
2018-02-09,0.00022485,88.1662,1,0.024815,219.554580,-0.00521179,31.9836,0,0.000000,0.000000
2018-02-12,0.00720615,88.8868,1,0.036265,303.155900,0.00124314,32.1079,0,0.000000,0.000000
2018-02-13,-0.00409131,88.4777,1,0.056981,222.640160,0.00098179,32.2061,0,0.000000,0.000000
2018-02-14,0.00094289,88.5720,1,0.041431,181.846990,0.00283968,32.4901,1,0.058992,299.549072
2018-02-15,-0.01024927,87.5471,1,0.021607,163.838800,-0.01737374,30.7527,1,0.051414,323.187860
2018-02-16,0.00647516,88.1946,1,0.033074,201.640640,0.00487633,31.2403,1,0.040227,341.937760
2018-02-20,0.00826292,89.0209,1,0.035058,201.736630,-0.01170538,30.0698,1,0.038198,260.723700
2018-02-21,-0.00068450,88.9524,1,0.040250,220.512270,-0.01355581,28.7142,1,0.054301,339.847820
2018-02-22,0.01089563,90.0420,1,0.055347,180.760260,-0.01986133,26.7281,1,0.070493,319.674280
2018-02-23,-0.00804898,89.2371,1,0.043468,162.638890,0.00579533,27.3076,1,0.071547,400.335520
2018-02-26,0.00190337,89.4274,1,0.020913,143.523890,-0.00476364,26.8312,0,0.000000,0.000000
2018-02-27,-0.00004838,89.4226,1,0.019388,161.773110,-0.00397332,26.4339,1,0.053142,345.014677
2018-02-28,0.00368959,89.7915,1,0.023931,219.764510,-0.00045970,26.3879,0,0.000000,0.000000
2018-03-01,-0.00925170,88.8664,1,0.029480,121.920850,0.00465001,26.8529,0,0.000000,0.000000
2018-03-02,0.00035055,88.9014,1,0.047595,142.472770,-0.00069523,26.7834,1,0.036683,277.159956
2018-03-05,-0.00036726,88.8647,1,0.036786,202.002810,-0.00885270,25.8981,1,0.054590,341.919000
2018-03-06,-0.00345038,88.5197,1,0.038928,202.893940,0.00590406,26.4885,0,0.000000,0.000000
2018-03-07,0.00428965,88.9486,1,0.050695,161.929230,-0.00164934,26.3236,1,0.053694,322.809137
2018-03-08,-0.00258836,88.6898,1,0.019776,161.193180,-0.00482545,25.8411,1,0.046715,340.561300
2018-03-09,-0.00731130,87.9587,1,0.019930,161.156600,-0.00330458,25.5106,1,0.030718,301.404850
2018-03-12,0.01104196,89.0628,1,0.017414,143.490120,-0.00211392,25.2992,0,0.000000,0.000000
2018-03-13,0.00089318,89.1522,1,0.028042,221.044030,0.00076267,25.3755,1,0.033093,322.854671
2018-03-14,0.00293165,89.4453,1,0.025225,220.381200,-0.00352230,25.0233,1,0.045270,340.423080
2018-03-15,-0.00467453,88.9779,1,0.020873,160.586010,0.00281734,25.3050,1,0.045466,318.774260
2018-03-16,0.00431973,89.4099,1,0.013767,141.172240,0.00600968,25.9060,1,0.037262,340.079340
2018-03-19,-0.00608669,88.8012,1,0.023209,241.160920,-0.00076483,25.8295,1,0.032223,321.877030
2018-03-20,-0.00013176,88.7880,1,0.023486,219.805380,-0.00255129,25.5743,0,0.000000,0.000000
2018-03-21,0.01149706,89.9377,1,0.016594,141.121170,-0.00693141,24.8812,1,0.038991,339.019081
2018-03-22,0.00192158,90.1299,1,0.027092,241.061540,-0.00816361,24.0648,1,0.042341,360.646430
2018-03-23,-0.00691883,89.4380,1,0.029593,240.091450,0.00188688,24.2535,0,0.000000,0.000000
2018-03-26,0.00532424,89.9704,1,0.012886,103.244810,0.00103515,24.3570,0,0.000000,0.000000
2018-03-27,0.00002206,89.9726,1,0.053734,384.652830,-0.01326203,23.0308,0,0.000000,0.000000
2018-03-28,-0.00635669,89.3369,1,0.047029,318.642940,0.02140804,25.1716,1,0.039006,336.340344
2018-03-29,0.00413763,89.7507,1,0.034117,162.068840,-0.01030188,24.1415,1,0.041428,242.161490
2018-04-02,0.00766139,90.5169,1,0.035471,203.287240,0.00875545,25.0170,0,0.000000,0.000000
2018-04-03,-0.00552350,89.9645,1,0.062970,258.734490,0.00160157,25.1772,0,0.000000,0.000000
2018-04-04,0.00368638,90.3331,1,0.021772,183.246200,-0.00012760,25.1644,0,0.000000,0.000000
2018-04-05,-0.00343731,89.9894,1,0.030941,201.562390,-0.00891939,24.2725,0,0.000000,0.000000
2018-04-06,0.00320663,90.3101,1,0.020327,180.923110,-0.00348052,23.9244,1,0.057622,364.442109
2018-04-09,-0.00232834,90.0772,1,0.044234,240.207230,0.00138116,24.0625,0,0.000000,0.000000
2018-04-10,-0.00117059,89.9602,1,0.024389,200.989860,0.01252269,25.3148,1,0.038361,297.583377
2018-04-11,0.00362618,90.3228,1,0.029122,184.465790,-0.00564046,24.7508,0,0.000000,0.000000
2018-04-12,0.01041277,91.3641,1,0.048063,259.699120,-0.00565978,24.1848,1,0.039108,342.875857
2018-04-13,0.00186156,91.5502,1,0.038674,181.561600,-0.01395557,22.7892,1,0.044327,361.566330
2018-04-16,-0.00799967,90.7503,1,0.029317,200.615010,-0.00671442,22.1178,1,0.045912,379.842410
2018-04-17,-0.00034372,90.7159,1,0.025332,202.138290,-0.00065786,22.0520,0,0.000000,0.000000
2018-04-18,-0.00815464,89.9004,1,0.018274,142.433620,-0.00330122,21.7219,1,0.030222,304.966526
2018-04-19,0.00007030,89.9075,1,0.013070,121.555510,0.00221920,21.9438,1,0.036180,341.209580
2018-04-20,-0.00320256,89.5872,1,0.032186,161.300400,0.00515930,22.4597,0,0.000000,0.000000
2018-04-23,0.00477364,90.0646,1,0.025656,101.537490,-0.00682360,21.7774,0,0.000000,0.000000
2018-04-24,-0.00680999,89.3836,1,0.023239,161.175960,0.00887522,22.6649,1,0.039138,338.667761
2018-04-25,-0.00516024,88.8675,1,0.016474,181.201540,-0.00145666,22.5192,1,0.038876,319.945400
2018-04-26,0.00869262,89.7368,1,0.020428,162.914130,-0.00490061,22.0292,1,0.050851,341.800450
2018-04-27,-0.00753843,88.9830,1,0.025393,261.614830,-0.00147352,21.8818,1,0.054152,381.586790
2018-04-30,0.00253911,89.2369,1,0.028969,220.736970,-0.00116463,21.7653,1,0.054913,359.993440
2018-05-01,-0.00677582,88.5593,1,0.055792,200.114300,0.00430338,22.1957,0,0.000000,0.000000
2018-05-02,-0.00939463,87.6198,1,0.062683,221.602690,-0.00692254,21.5034,1,0.024304,260.335060
2018-05-03,-0.01652633,85.9672,1,0.041413,241.056220,0.00208949,21.7124,1,0.047171,319.374230
2018-05-04,0.01273836,87.2410,1,0.028414,162.215360,-0.00410631,21.3017,1,0.067971,340.711080
2018-05-07,-0.00258221,86.9828,1,0.042661,302.426830,-0.00889355,20.4124,0,0.000000,0.000000
2018-05-08,-0.00793569,86.1892,1,0.024049,181.100840,0.01875060,22.2874,1,0.038220,362.897552
2018-05-09,-0.00334812,85.8544,1,0.027552,141.780900,0.00382175,22.6696,1,0.036685,222.496620
2018-05-10,-0.00076445,85.7780,1,0.020945,181.663900,-0.00398874,22.2707,1,0.030994,261.027560
2018-05-11,0.03262712,89.0407,1,0.016408,162.031780,-0.00411319,21.8594,0,0.000000,0.000000
2018-05-14,0.01320038,90.3607,1,0.016082,157.563360,-0.01391210,20.4682,1,0.039990,362.995911
2018-05-15,-0.01377283,88.9834,1,0.026743,182.146780,0.01474232,21.9424,1,0.047238,341.248700
2018-05-16,-0.00515641,88.4678,1,0.027651,161.732400,0.00511199,22.4536,1,0.033361,261.545770
2018-05-17,0.00002777,88.4706,1,0.023523,141.345970,-0.00051492,22.4022,1,0.030382,281.857340
2018-05-18,0.00573734,89.0443,1,0.017506,141.161780,-0.00162648,22.2395,1,0.030878,300.760350
2018-05-21,-0.00470769,88.5736,1,0.023059,181.249320,0.00993667,23.2332,1,0.029533,301.141650
2018-05-22,0.00553589,89.1271,1,0.031121,222.959430,0.00288843,23.5220,1,0.035137,282.499340
2018-05-23,0.01792561,90.9197,1,0.034329,221.482810,-0.00655646,22.8664,1,0.039316,300.589920
2018-05-24,-0.00249533,90.6702,1,0.038033,242.710110,-0.00302644,22.5637,1,0.041334,340.265250
2018-05-25,-0.00556597,90.1136,1,0.034197,201.207360,0.00199656,22.7634,1,0.042574,320.737070
2018-05-29,-0.00502563,89.6110,1,0.027333,221.455400,0.01336689,24.1001,1,0.035731,281.532110
2018-05-30,0.00078883,89.6899,1,0.034947,220.676130,-0.00556539,23.5435,1,0.036899,260.075300
2018-05-31,-0.00534143,89.1557,1,0.042293,262.383570,-0.00077217,23.4663,0,0.000000,0.000000
2018-06-01,-0.00497711,88.6580,1,0.027221,259.642830,-0.00645447,22.8209,0,0.000000,0.000000
2018-06-04,-0.00520049,88.1380,1,0.038349,222.343710,0.00188406,23.0093,1,0.060124,382.617762
2018-06-05,0.00519141,88.6571,1,0.022679,181.802760,0.00455780,23.4651,1,0.028500,261.880450
2018-06-06,-0.00780643,87.8765,1,0.031433,201.689460,0.00624189,24.0892,1,0.038781,261.049120
2018-06-07,0.00165482,88.0420,1,0.022098,183.082550,-0.00100055,23.9892,1,0.038455,322.296230
2018-06-08,-0.00058279,87.9837,1,0.032659,220.964220,0.00206539,24.1957,1,0.037581,340.386500
2018-06-11,-0.00502684,87.4810,1,0.030204,181.818220,-0.00035073,24.1607,0,0.000000,0.000000
2018-06-12,-0.00089676,87.3913,1,0.023456,181.521440,0.00109017,24.2697,1,0.035273,342.142234
2018-06-13,-0.01083357,86.3080,1,0.023267,161.841720,-0.00274650,23.9950,1,0.040220,281.792230
2018-06-14,-0.00320062,85.9879,1,0.035782,180.865650,-0.00305614,23.6894,1,0.057554,318.695710
2018-06-15,-0.00883671,85.1042,1,0.030651,220.925020,0.00336339,24.0257,1,0.040801,321.197280
2018-06-18,-0.00468491,84.6357,1,0.024641,241.137680,0.00310671,24.3364,1,0.034629,300.433160
2018-06-19,0.00538434,85.1742,1,0.015616,181.296710,0.00774100,25.1105,1,0.032640,300.818760
2018-06-20,-0.00231158,84.9430,1,0.020338,160.827210,-0.00100294,25.0102,1,0.034964,260.147440
2018-06-21,-0.00340832,84.6022,1,0.016952,161.156700,0.00959736,25.9700,1,0.043094,301.329710
2018-06-22,-0.01325644,83.2765,1,0.023064,239.665180,0.01299217,27.2692,1,0.025083,260.718170
2018-06-25,-0.00532612,82.7439,1,0.021332,202.220240,0.00655953,27.9251,1,0.030957,261.758900
2018-06-26,-0.00813466,81.9305,1,0.027706,240.441760,-0.00551920,27.3732,1,0.037690,319.321830
2018-06-27,0.00439246,82.3697,1,0.019584,161.031580,-0.00020413,27.3528,1,0.034693,360.243610
2018-06-28,0.00121328,82.4910,1,0.042682,181.261610,0.00286450,27.6392,0,0.000000,0.000000
2018-06-29,-0.00292142,82.1989,1,0.028772,260.997570,0.00261464,27.9007,1,0.032446,318.740857
2018-07-02,-0.00014284,82.1846,1,0.019484,181.065630,-0.00337420,27.5633,1,0.047570,260.803310
2018-07-03,0.01024757,83.2094,1,0.032543,162.182680,-0.01053377,26.5099,1,0.063087,320.347270
2018-07-05,-0.00057862,83.1515,1,0.034532,180.675320,-0.00283390,26.2265,1,0.084750,399.559350
2018-07-06,0.00202534,83.3540,1,0.017106,162.065010,-0.00188636,26.0379,0,0.000000,0.000000
2018-07-09,-0.00254908,83.0991,1,0.016448,161.336480,-0.00173701,25.8642,0,0.000000,0.000000
2018-07-10,-0.00027396,83.0717,1,0.015656,162.019200,-0.00495288,25.3689,1,0.045228,325.594188
2018-07-11,-0.00178976,82.8928,1,0.021856,181.068820,0.00224130,25.5930,1,0.042090,380.390460
2018-07-12,-0.00294370,82.5984,1,0.019990,181.082960,-0.00325801,25.2672,1,0.033681,299.153720
2018-07-13,-0.00527630,82.0708,1,0.024540,221.795520,0.00250160,25.5174,1,0.033350,301.567100
2018-07-16,-0.00455274,81.6155,1,0.020134,140.948690,-0.00553213,24.9642,1,0.032113,300.901490
2018-07-17,-0.00272274,81.3432,1,0.022154,180.971720,0.00180027,25.1442,1,0.037233,340.084640
2018-07-18,0.00312241,81.6555,1,0.022799,201.698580,0.00206712,25.3509,1,0.071748,341.462840
2018-07-19,0.01936291,83.5917,1,0.024819,180.766680,-0.01947281,23.4036,1,0.046961,301.191480
2018-07-20,0.00133662,83.7254,1,0.031688,241.431930,0.00103573,23.5072,1,0.039437,359.814960
2018-07-23,-0.00217622,83.5078,1,0.028202,180.811210,-0.00204091,23.3031,1,0.045741,300.252590
2018-07-24,0.01932445,85.4402,1,0.033785,181.447960,-0.00808692,22.4944,1,0.049242,340.657650
2018-07-25,-0.00416113,85.0241,1,0.028163,241.662850,0.00349829,22.8443,1,0.033451,321.960590
2018-07-26,0.01890914,86.9150,1,0.021156,222.286810,-0.00007321,22.8369,1,0.026751,303.012280
2018-07-27,-0.02027123,84.8879,1,0.033613,242.944250,0.02243645,25.0806,1,0.036135,342.125950
2018-07-30,-0.00389576,84.4983,1,0.012326,101.862790,0.00573713,25.6543,1,0.035147,241.088920
2018-07-31,0.00057384,84.5557,1,0.011706,101.484310,0.00624450,26.2787,1,0.034500,259.930540
2018-08-01,0.00962174,85.5179,1,0.040496,162.860050,-0.00448418,25.8303,1,0.052558,282.169350
2018-08-02,-0.00653244,84.8647,1,0.045724,200.747730,0.01265113,27.0954,1,0.062477,340.177940
2018-08-03,-0.01096370,83.7683,1,0.033700,163.806760,-0.01389759,25.7057,1,0.042569,262.729890
2018-08-06,-0.00224568,83.5437,1,0.019518,161.567070,-0.00209052,25.4966,1,0.042622,359.951990
2018-08-07,0.01929686,85.4734,1,0.014484,101.201270,-0.00567414,24.9292,1,0.036694,341.076890
2018-08-08,0.00576556,86.0500,1,0.016454,142.521270,-0.00883834,24.0454,1,0.034594,300.902220
2018-08-09,0.00050977,86.1009,1,0.010843,120.725750,-0.00072404,23.9730,1,0.044434,359.655920
2018-08-10,0.00166787,86.2677,1,0.034323,180.576820,0.01185618,25.1586,1,0.031862,300.770030
2018-08-13,-0.00838503,85.4292,1,0.017653,160.840010,0.00824331,25.9829,0,0.000000,0.000000
2018-08-14,0.00118316,85.5475,1,0.011554,81.480130,0.00324281,26.3072,1,0.028919,299.690427
2018-08-15,0.00205528,85.7531,1,0.022592,181.772230,0.00661578,26.9688,0,0.000000,0.000000
2018-08-16,0.00952526,86.7056,1,0.029454,220.418860,-0.00489347,26.4794,1,0.029487,302.045247
2018-08-17,0.00242280,86.9479,1,0.041720,182.143680,-0.00531253,25.9482,1,0.038003,321.508980
2018-08-20,-0.00366012,86.5819,1,0.019752,160.947780,0.00389843,26.3380,1,0.042837,380.872910
2018-08-21,0.00036700,86.6186,1,0.012250,101.358280,-0.00215919,26.1221,1,0.038289,320.918380
2018-08-22,-0.00213876,86.4047,1,0.012686,141.695230,-0.00094206,26.0279,1,0.034946,320.999770
2018-08-23,-0.00114531,86.2901,1,0.022471,200.523370,0.00197103,26.2250,1,0.035897,320.074480
2018-08-24,-0.00143751,86.1464,1,0.010921,140.426360,-0.00301837,25.9232,1,0.030667,340.092940
2018-08-27,-0.00251168,85.8952,1,0.014028,160.958890,0.00961810,26.8850,1,0.032350,341.108890
2018-08-28,0.00336123,86.2314,1,0.015067,121.645320,-0.00333371,26.5516,1,0.025801,261.763020
2018-08-29,-0.00106305,86.1250,1,0.018585,120.918270,0.00020623,26.5722,1,0.046007,340.386230
2018-08-30,0.00410135,86.5352,1,0.021175,140.586500,-0.00475419,26.0968,1,0.051559,300.858990
2018-08-31,-0.00167747,86.3674,1,0.019237,141.129890,-0.00400494,25.6963,1,0.035654,278.928080
2018-09-04,0.00115373,86.4828,1,0.015957,181.278490,-0.00259817,25.4365,1,0.038937,320.882020
2018-09-05,0.00710939,87.1937,1,0.032971,201.370210,0.00709187,26.1457,1,0.048283,300.194300
2018-09-06,0.00184466,87.3782,1,0.023004,141.599570,0.01489721,27.6354,1,0.041429,260.447390
2018-09-07,0.00136918,87.5151,1,0.014892,161.663010,0.00809724,28.4451,1,0.030446,261.548530
2018-09-10,-0.00530647,86.9845,1,0.018497,160.608210,-0.00614611,27.8305,1,0.040871,320.041250
2018-09-11,0.00532449,87.5169,1,0.010351,141.812330,-0.00866994,26.9635,1,0.045164,340.753820
2018-09-12,-0.00822797,86.6941,1,0.013287,161.146000,-0.00249630,26.7139,1,0.039720,340.792110
2018-09-13,-0.00350816,86.3433,1,0.013736,141.217510,0.00732710,27.4466,1,0.027100,301.152490
2018-09-14,-0.00068266,86.2751,1,0.012956,121.648240,-0.00150816,27.2958,1,0.032226,281.650630
2018-09-17,0.01168302,87.4434,1,0.012808,141.485050,-0.01359183,25.9366,1,0.035773,340.562650
2018-09-18,0.00205752,87.6491,1,0.016908,141.088110,-0.00837344,25.0993,1,0.043194,358.750190
2018-09-19,-0.01256380,86.3927,1,0.020080,140.968620,-0.00375721,24.7235,1,0.049471,400.468210
2018-09-20,-0.00269677,86.1230,1,0.015857,141.276720,0.00330228,25.0538,1,0.035682,320.773050
2018-09-21,-0.00099253,86.0238,1,0.016103,141.654340,0.00339309,25.3931,1,0.029731,302.141630
2018-09-24,0.00324290,86.3481,1,0.007650,101.202310,0.00186803,25.5799,1,0.039077,280.767200
2018-09-25,-0.00433172,85.9149,1,0.013002,100.861380,0.00333452,25.9133,0,0.000000,0.000000
2018-09-26,-0.00231406,85.6835,1,0.021836,161.694970,0.00373408,26.2867,1,0.047352,319.632576
2018-09-27,0.00123924,85.8074,1,0.021596,141.167630,0.00237165,26.5239,1,0.039435,339.198820
2018-09-28,0.00488617,86.2960,1,0.026043,141.530260,0.00216958,26.7409,1,0.025172,260.871240
2018-10-01,-0.00750714,85.5453,1,0.030824,201.268580,-0.00276577,26.4643,1,0.037697,320.557810
2018-10-02,0.00169243,85.7146,1,0.033317,181.160310,-0.00002209,26.4621,1,0.045409,340.233680
2018-10-03,0.00743374,86.4580,1,0.033326,220.083480,-0.01698971,24.7631,1,0.054741,340.856900
2018-10-04,0.00958904,87.4169,1,0.021206,181.561420,0.00128829,24.8919,1,0.039511,379.360690
2018-10-05,-0.00073345,87.3435,1,0.030685,200.597690,0.00921812,25.8137,1,0.028438,319.247760
2018-10-08,0.00225046,87.5686,1,0.039524,200.590820,0.01735177,27.5489,1,0.023393,260.493290
2018-10-09,0.00214572,87.7831,1,0.033518,261.547510,0.01800819,29.3497,1,0.026021,222.059750
2018-10-10,0.00465341,88.2485,1,0.020849,181.251910,0.01576897,30.9266,1,0.036393,260.954740
2018-10-11,-0.00452176,87.7963,1,0.037826,278.736850,-0.00577293,30.3493,0,0.000000,0.000000
2018-10-12,-0.00505222,87.2911,1,0.012712,102.466390,0.00250938,30.6003,0,0.000000,0.000000
2018-10-15,-0.00233331,87.0577,1,0.049851,281.976750,-0.00704975,29.8953,1,0.051305,315.384779
2018-10-16,-0.00316128,86.7416,1,0.017808,181.923940,-0.00703553,29.1918,1,0.037433,300.422250
2018-10-17,0.00023718,86.7653,1,0.035452,204.130480,-0.01194815,27.9969,0,0.000000,0.000000
2018-10-18,0.00405294,87.1706,1,0.031376,260.487950,-0.00194426,27.8025,1,0.043766,363.777002
2018-10-19,0.00254640,87.4253,1,0.033220,220.323510,0.00098264,27.9008,0,0.000000,0.000000
2018-10-22,0.00263790,87.6891,1,0.031970,161.935220,-0.01235592,26.6652,1,0.034812,297.100214
2018-10-23,-0.01141560,86.5475,1,0.036290,201.501480,-0.01686771,24.9784,1,0.050901,380.006680
2018-10-24,-0.01533740,85.0138,1,0.032840,202.696130,0.00645601,25.6240,1,0.083229,340.706570
2018-10-25,-0.01790815,83.2229,1,0.048545,183.233760,0.02114252,27.7383,0,0.000000,0.000000
2018-10-26,-0.01314072,81.9089,1,0.063422,325.817070,0.01300925,29.0392,1,0.047225,281.492940
2018-10-29,-0.00211715,81.6972,1,0.051745,260.249670,0.01336449,30.3756,0,0.000000,0.000000
2018-10-30,0.00840974,82.5381,1,0.055776,261.967590,-0.01816526,28.5591,1,0.030596,260.645002
2018-10-31,-0.00596732,81.9414,1,0.040282,244.836150,-0.01891777,26.6673,0,0.000000,0.000000
2018-11-01,-0.00054119,81.8873,1,0.043219,182.942470,0.00838849,27.5062,1,0.044301,365.197415
2018-11-02,0.00657477,82.5448,1,0.022503,162.660340,0.00359937,27.8661,1,0.032693,322.722850
2018-11-05,-0.00402934,82.1418,1,0.029154,181.361500,-0.00941116,26.9250,1,0.034106,280.886430
2018-11-06,0.01971013,84.1128,1,0.035547,202.097440,-0.00442673,26.4823,1,0.043403,322.637150
2018-11-07,0.00485892,84.5987,1,0.026678,181.271920,-0.01764151,24.7182,0,0.000000,0.000000
2018-11-08,0.02708758,87.3075,1,0.029862,182.785550,0.00752221,25.4704,0,0.000000,0.000000
2018-11-09,0.00621714,87.9292,1,0.046906,199.424820,0.00540302,26.0107,1,0.057288,285.513827
2018-11-12,-0.00152822,87.7764,1,0.029172,160.134460,0.01066956,27.0777,1,0.043384,300.051090
2018-11-13,-0.00148534,87.6278,1,0.027744,122.313450,-0.00427056,26.6506,0,0.000000,0.000000
2018-11-14,0.01254611,88.8825,1,0.032159,202.142870,-0.00507386,26.1432,1,0.045036,318.446330
2018-11-15,-0.01259020,87.6234,1,0.046830,241.530450,0.01609728,27.7530,1,0.052392,298.971990
2018-11-16,0.01330372,88.9538,1,0.031048,204.173050,0.00003364,27.7563,1,0.020036,203.592340
2018-11-19,-0.00878011,88.0758,1,0.037911,222.000940,-0.00792000,26.9643,1,0.045520,302.727940
2018-11-20,-0.00043320,88.0325,1,0.039920,241.854160,-0.01916076,25.0482,1,0.046856,338.616420
2018-11-21,-0.01035842,86.9966,1,0.035832,182.513220,-0.00140100,24.9081,1,0.037160,320.446820
2018-11-23,0.00109407,87.1060,1,0.048053,262.669710,-0.00187738,24.7204,1,0.051498,321.845040
2018-11-26,-0.00191717,86.9143,1,0.064457,160.863360,-0.00500031,24.2204,1,0.119231,320.866120
2018-11-27,0.00428621,87.3429,1,0.021369,202.831640,0.01658151,25.8785,0,0.000000,0.000000
2018-11-28,-0.00811868,86.5311,1,0.035838,220.968250,-0.01824991,24.0535,1,0.037051,284.024369
2018-11-29,-0.00157682,86.3734,1,0.041822,285.586770,0.00485491,24.5390,0,0.000000,0.000000
2018-11-30,0.00461585,86.8350,1,0.042075,279.474920,-0.00412301,24.1267,1,0.036381,322.932487
2018-12-03,-0.00478455,86.3565,1,0.035215,202.183700,-0.00196625,23.9301,1,0.055665,361.751720
2018-12-04,0.00268774,86.6253,1,0.032196,222.327400,-0.02049343,21.8808,1,0.045203,322.258160
2018-12-06,0.00693295,87.3186,1,0.044555,201.383910,-0.00034554,21.8462,0,0.000000,0.000000
2018-12-07,0.01188672,88.5073,1,0.023638,182.712150,0.00338285,22.1845,1,0.039535,316.793453
2018-12-10,-0.00991115,87.5161,1,0.027735,182.870710,0.00038808,22.2233,0,0.000000,0.000000
2018-12-11,0.00233552,87.7497,1,0.035528,201.851840,0.00246863,22.4702,1,0.044457,279.671854
2018-12-12,-0.00160531,87.5892,1,0.018241,161.569760,0.00224149,22.6943,1,0.036631,280.817080
2018-12-13,0.00013825,87.6030,1,0.037045,182.637290,-0.00821436,21.8729,1,0.049136,302.703040
2018-12-14,0.00470696,88.0737,1,0.041484,221.247190,0.00611863,22.4847,1,0.053237,320.143100
2018-12-17,-0.01978712,86.0950,1,0.029552,142.777640,-0.01684269,20.8005,0,0.000000,0.000000
2018-12-18,-0.00964244,85.1307,1,0.021394,142.585000,-0.00620378,20.1801,0,0.000000,0.000000
2018-12-19,0.01515112,86.6458,1,0.025378,182.386750,-0.00453757,19.7263,1,0.038197,297.103912
2018-12-20,-0.00235935,86.4099,1,0.036585,162.078410,-0.00085418,19.6409,0,0.000000,0.000000
2018-12-21,-0.00024917,86.3850,1,0.021487,102.342610,-0.00044186,19.5967,0,0.000000,0.000000
2018-12-24,0.00182046,86.5670,1,0.018964,102.851310,-0.00074894,19.5218,0,0.000000,0.000000
2018-12-26,-0.00306991,86.2600,1,0.106561,181.519990,0.00944892,20.4667,0,0.000000,0.000000
2018-12-27,-0.00523910,85.7361,1,0.081460,368.882250,0.00742420,21.2091,0,0.000000,0.000000
2018-12-28,0.00470121,86.2063,1,0.036009,182.374070,0.00230910,21.4400,0,0.000000,0.000000
2018-12-31,-0.00418270,85.7880,1,0.045870,220.547570,0.00142971,21.5830,1,0.048499,299.412118
2019-01-02,-0.00878536,84.9095,0,0.000000,0.000000,-0.01016066,20.5670,0,0.000000,0.000000
2019-01-03,0.01389465,86.2989,1,0.078375,322.084707,-0.01061951,19.5050,1,0.079741,322.069876
2019-01-04,-0.00692390,85.6065,1,0.054210,240.275360,0.01467604,20.9726,0,0.000000,0.000000
2019-01-07,0.00506424,86.1130,1,0.079016,387.127160,0.00121957,21.0946,0,0.000000,0.000000
2019-01-08,-0.00921788,85.1912,1,0.054058,282.777420,0.00851682,21.9462,1,0.059698,303.571686
2019-01-09,0.00425586,85.6168,1,0.024524,163.368010,-0.00699489,21.2468,1,0.048679,323.174580
2019-01-10,0.01085681,86.7024,1,0.045589,320.776910,-0.01217776,20.0290,1,0.055126,343.307630
2019-01-11,-0.00227369,86.4751,1,0.051119,341.396650,-0.00215699,19.8133,1,0.053039,342.171870
2019-01-14,0.00272779,86.7478,1,0.059231,301.756890,-0.00135200,19.6781,1,0.058220,281.545920
2019-01-15,0.00682789,87.4306,1,0.040061,280.107490,-0.01042619,18.6355,1,0.037199,320.168240
2019-01-16,-0.00582872,86.8478,0,0.000000,0.000000,0.00877803,19.5133,1,0.053257,381.771340
2019-01-17,0.00683197,87.5310,1,0.031873,223.434096,-0.00895638,18.6176,1,0.051118,321.019540
2019-01-18,-0.01102100,86.4289,1,0.058530,261.303790,0.01067671,19.6853,1,0.065369,362.126560
2019-01-22,0.00909277,87.3381,1,0.050673,223.934190,-0.01308728,18.3766,0,0.000000,0.000000
2019-01-23,0.00542248,87.8804,1,0.051402,279.265290,0.01328361,19.7049,1,0.065549,341.371575
2019-01-24,-0.00649283,87.2311,0,0.000000,0.000000,-0.00216500,19.4884,1,0.036020,241.415110
2019-01-25,-0.01119838,86.1113,1,0.042008,280.804066,0.00599764,20.0882,1,0.046236,342.558260
2019-01-28,0.00218052,86.3293,1,0.037368,262.846270,-0.00205989,19.8822,0,0.000000,0.000000
2019-01-29,0.00020157,86.3495,1,0.036353,220.044620,-0.00057730,19.8245,1,0.047110,302.152477
2019-01-30,-0.00302225,86.0472,0,0.000000,0.000000,0.00222224,20.0467,1,0.038746,301.549020
2019-01-31,0.00279262,86.3265,1,0.042448,262.649182,-0.00682250,19.3645,1,0.042790,282.151510
2019-02-01,-0.00817332,85.5092,0,0.000000,0.000000,-0.02657795,16.7067,1,0.043305,302.069140
2019-02-04,-0.00670713,84.8385,1,0.066753,261.757069,-0.00051501,16.6552,1,0.066541,400.428570
2019-02-05,0.00516550,85.3550,1,0.031870,201.274840,-0.02143610,14.5115,1,0.037110,301.671900
2019-02-06,-0.01090862,84.2641,1,0.033112,239.726700,0.00580516,15.0921,1,0.046914,381.583740
2019-02-07,0.02575940,86.8401,1,0.050180,260.325850,-0.02285384,12.8067,1,0.043124,280.934570
2019-02-08,0.00451243,87.2913,1,0.048357,280.370700,0.00122777,12.9295,1,0.053343,338.525780
2019-02-11,0.01160758,88.4521,1,0.041352,320.497840,0.00143548,13.0730,1,0.033892,301.032060
2019-02-12,-0.00030487,88.4216,1,0.067077,321.496010,0.00131426,13.2044,1,0.059124,301.055620
2019-02-13,-0.00638253,87.7834,1,0.042383,302.811510,-0.00053820,13.1506,0,0.000000,0.000000
2019-02-14,-0.00772636,87.0107,0,0.000000,0.000000,-0.00627566,12.5230,1,0.037286,344.050041
2019-02-15,0.00228452,87.2392,1,0.040248,241.779860,-0.00482428,12.0406,1,0.051348,260.002560
2019-02-19,0.00230346,87.4695,1,0.050574,242.780400,-0.00359161,11.6815,0,0.000000,0.000000
2019-02-20,0.00101363,87.5709,1,0.036177,220.553560,0.00208991,11.8904,1,0.051569,363.451984
2019-02-21,0.00080057,87.6509,0,0.000000,0.000000,-0.00882858,11.0076,1,0.049418,301.758920
2019-02-22,-0.00259792,87.3911,1,0.061642,301.323159,0.00417566,11.4252,1,0.050384,379.420780
2019-02-25,-0.00556463,86.8347,1,0.053753,262.251230,-0.00951840,10.4733,0,0.000000,0.000000
2019-02-26,0.00626705,87.4614,1,0.036155,241.170230,-0.00743820,9.7295,1,0.063240,381.190573
2019-02-27,0.00984255,88.4456,0,0.000000,0.000000,0.00039080,9.7686,1,0.049340,359.360620
2019-02-28,0.00691197,89.1368,1,0.051053,280.403552,0.00930230,10.6988,1,0.056720,340.781800
2019-03-01,0.01172472,90.3093,1,0.028068,260.905350,-0.02327829,8.3710,1,0.032219,300.735090
2019-03-04,0.00455784,90.7651,0,0.000000,0.000000,-0.00661510,7.7095,1,0.065520,382.555890
2019-03-05,0.00550278,91.3154,1,0.045412,281.978605,-0.00333663,7.3758,1,0.046083,319.966790
2019-03-06,0.00775387,92.0908,1,0.036053,259.932490,-0.00600829,6.7750,1,0.042229,339.989280
2019-03-07,0.00745806,92.8366,1,0.054494,338.300840,0.00043268,6.8182,0,0.000000,0.000000
2019-03-08,0.01029747,93.8663,0,0.000000,0.000000,0.00832638,7.6509,1,0.055812,298.554188
2019-03-11,-0.00376563,93.4897,1,0.057453,261.307767,0.00039024,7.6899,1,0.039976,280.613170
2019-03-12,-0.00852548,92.6372,0,0.000000,0.000000,-0.00109405,7.5805,0,0.000000,0.000000
2019-03-13,0.00076658,92.7139,1,0.042122,224.237382,0.01168768,8.7493,1,0.044982,284.631885
2019-03-14,0.00230394,92.9443,0,0.000000,0.000000,-0.00297893,8.4514,1,0.029193,242.430330
2019-03-15,-0.00022852,92.9214,1,0.023532,222.170689,0.00711415,9.1628,1,0.040615,340.243280
2019-03-18,-0.01007972,91.9134,0,0.000000,0.000000,-0.01098185,8.0646,1,0.030335,260.943530
2019-03-19,-0.00203490,91.7099,1,0.017590,162.151853,-0.00204207,7.8604,1,0.051977,341.311470
2019-03-20,-0.00637190,91.0727,1,0.052840,280.287060,0.00547876,8.4083,1,0.047004,320.696970
2019-03-21,-0.00610967,90.4618,1,0.058367,280.005370,0.00552197,8.9605,1,0.053373,320.014200
2019-03-22,-0.00664974,89.7968,1,0.037614,263.315500,0.01276242,10.2367,0,0.000000,0.000000
2019-03-25,-0.00273922,89.5229,1,0.057772,316.175760,0.01078145,11.3149,0,0.000000,0.000000
2019-03-26,0.01354845,90.8777,0,0.000000,0.000000,0.00851219,12.1661,1,0.038281,239.887876
2019-03-27,-0.00031523,90.8462,1,0.054683,343.864912,0.00721622,12.8877,0,0.000000,0.000000
2019-03-28,-0.00646853,90.1994,0,0.000000,0.000000,0.00965246,13.8529,1,0.027234,261.436166
2019-03-29,0.00498352,90.6977,1,0.031298,182.592706,-0.00105376,13.7476,0,0.000000,0.000000
2019-04-01,0.00800557,91.4983,0,0.000000,0.000000,0.00744703,14.4923,1,0.056807,323.734673
2019-04-02,-0.00466603,91.0317,1,0.037033,245.408706,0.00232962,14.7252,1,0.038768,282.919370
2019-04-03,0.00631913,91.6636,1,0.041797,280.123250,-0.01009230,13.7160,1,0.047100,320.454390
2019-04-04,0.00076986,91.7406,1,0.041904,300.873850,-0.01010360,12.7056,1,0.047450,380.206070
2019-04-05,-0.00456522,91.2840,1,0.038422,241.067490,0.00317731,13.0234,1,0.065639,380.557450
2019-04-08,0.00274871,91.5589,1,0.039469,241.626560,-0.00516204,12.5072,1,0.045064,301.775770
2019-04-09,0.00594047,92.1530,1,0.033653,260.980940,-0.00809200,11.6980,1,0.044420,321.108760
2019-04-10,-0.00037265,92.1157,1,0.051005,279.341640,0.00740766,12.4387,0,0.000000,0.000000
2019-04-11,-0.00398102,91.7176,1,0.039592,241.398140,0.00347056,12.7858,1,0.038164,260.967398
2019-04-12,-0.00923111,90.7945,1,0.041701,260.802750,0.01974497,14.7603,1,0.044093,281.284020
2019-04-15,-0.00147723,90.6468,1,0.036833,241.867690,-0.00868989,13.8913,1,0.037879,242.537790
2019-04-16,-0.02140781,88.5060,0,0.000000,0.000000,-0.00339680,13.5516,1,0.053130,359.398850
2019-04-17,-0.00095297,88.4107,1,0.028747,181.418504,0.02416034,15.9677,1,0.045336,301.188530
2019-04-18,0.00053102,88.4638,1,0.037918,240.434370,-0.01361958,14.6057,1,0.039308,221.140510
2019-04-22,-0.00712304,87.7515,0,0.000000,0.000000,-0.00257455,14.3482,1,0.051295,380.988130
2019-04-23,0.00146611,87.8981,1,0.043909,280.489465,-0.01236687,13.1116,1,0.050397,300.576180
2019-04-24,-0.00111456,87.7866,1,0.037616,262.891700,0.00945872,14.0574,1,0.048638,362.494630
2019-04-25,0.00735282,88.5219,1,0.048468,261.271400,-0.00103413,13.9540,1,0.047283,241.782550
2019-04-26,-0.00770386,87.7515,1,0.052986,279.104250,-0.00605048,13.3490,1,0.059138,320.333090
2019-04-29,-0.00715632,87.0359,1,0.032352,201.799140,0.00195781,13.5447,1,0.044809,342.163810
2019-04-30,0.00017646,87.0535,1,0.040264,240.684080,-0.00344474,13.2003,1,0.044534,300.788450
2019-05-01,0.01224072,88.2776,1,0.050678,260.238590,-0.00846504,12.3538,1,0.062814,361.449000
2019-05-02,-0.01245093,87.0325,1,0.050583,337.454250,0.00280596,12.6344,0,0.000000,0.000000
2019-05-03,-0.00223224,86.8093,1,0.046294,301.185790,-0.00152658,12.4817,1,0.042318,299.621468
2019-05-06,0.01002652,87.8119,1,0.030698,202.366070,0.00209056,12.6908,0,0.000000,0.000000
2019-05-07,-0.00454797,87.3571,1,0.041487,279.761250,0.00641988,13.3327,1,0.036082,262.255242
2019-05-08,0.00161082,87.5182,1,0.037228,279.797470,-0.00344726,12.9880,0,0.000000,0.000000
2019-05-09,0.00431460,87.9497,1,0.039960,260.838950,-0.00282415,12.7056,1,0.046095,316.863870
2019-05-10,-0.02181817,85.7679,0,0.000000,0.000000,-0.00399872,12.3057,1,0.049882,320.655800
2019-05-13,-0.02369253,83.3986,1,0.039203,240.461812,0.02226626,14.5324,1,0.052754,340.215450
2019-05-14,0.00979580,84.3782,1,0.044740,297.057790,-0.00694600,13.8378,0,0.000000,0.000000
2019-05-15,0.01182461,85.5607,1,0.054769,361.857180,-0.01566046,12.2717,1,0.050856,358.891115
2019-05-16,-0.01650371,83.9103,0,0.000000,0.000000,-0.01214081,11.0576,1,0.060141,359.307070
2019-05-17,-0.00069412,83.8409,1,0.032322,221.263367,-0.00298052,10.7596,1,0.053772,341.004840
2019-05-20,0.00440997,84.2819,1,0.050003,339.001110,0.01475970,12.2356,1,0.040400,319.982820
2019-05-21,-0.00210029,84.0718,1,0.051439,279.819080,-0.00444720,11.7908,1,0.037570,220.939530
2019-05-22,-0.00413178,83.6587,0,0.000000,0.000000,0.00109106,11.8999,0,0.000000,0.000000
2019-05-23,0.00169595,83.8283,1,0.050415,261.293966,0.02537604,14.4375,1,0.041706,260.687543
2019-05-24,-0.00607222,83.2210,1,0.037712,220.617690,0.00117099,14.5546,0,0.000000,0.000000
2019-05-28,0.00405352,83.6264,0,0.000000,0.000000,0.00488458,15.0431,1,0.046622,278.780317
2019-05-29,-0.00109985,83.5164,0,0.000000,0.000000,0.00173471,15.2166,0,0.000000,0.000000
2019-05-30,-0.00807038,82.7094,1,0.057538,280.836986,0.00796909,16.0135,1,0.052651,298.694152
2019-05-31,-0.00655756,82.0536,1,0.042566,260.506980,0.00834988,16.8485,1,0.041872,261.217300
2019-06-03,-0.01257970,80.7956,1,0.033940,240.481730,-0.01222336,15.6261,1,0.041856,299.760500
2019-06-04,-0.00185540,80.6101,0,0.000000,0.000000,-0.00675920,14.9502,1,0.061020,362.234280
2019-06-05,0.00463609,81.0737,1,0.046571,286.340578,-0.01358529,13.5917,0,0.000000,0.000000
2019-06-06,-0.00505207,80.5685,1,0.052167,321.146900,0.00336780,13.9285,1,0.055370,387.211761
2019-06-07,-0.00129651,80.4389,1,0.048961,301.216760,-0.00995245,12.9332,1,0.046895,301.088110
2019-06-10,-0.01198058,79.2408,1,0.050448,281.112210,0.01172617,14.1058,1,0.047463,321.702870
2019-06-11,-0.00066874,79.1739,1,0.033204,202.850870,0.00633396,14.7392,1,0.037634,281.883360
2019-06-12,0.00977792,80.1517,1,0.044018,239.741270,-0.00505677,14.2336,1,0.044717,300.416090
2019-06-13,0.00581433,80.7332,1,0.043467,280.608230,-0.00708771,13.5248,1,0.043641,340.975860
2019-06-14,-0.00192714,80.5404,0,0.000000,0.000000,-0.00989233,12.5356,1,0.060003,361.866130
2019-06-17,0.00558319,81.0988,1,0.059141,241.169630,-0.01196035,11.3395,1,0.079755,379.139550
2019-06-18,0.00211235,81.3100,1,0.060055,380.006040,-0.00907584,10.4319,1,0.050384,360.193940
2019-06-19,-0.00998886,80.3111,1,0.054096,262.174010,-0.00352036,10.0799,1,0.059406,342.759480
2019-06-20,-0.00337354,79.9738,1,0.059304,299.873690,-0.00849963,9.2299,1,0.069893,380.655390
2019-06-21,0.00013425,79.9872,1,0.031265,202.162990,0.00549323,9.7793,0,0.000000,0.000000
2019-06-24,0.00434216,80.4214,1,0.038104,259.723050,-0.00414663,9.3646,1,0.048493,301.026452
2019-06-25,-0.00752964,79.6684,1,0.034074,260.158940,-0.00257596,9.1070,1,0.048206,300.377790
2019-06-26,-0.00567706,79.1007,1,0.032046,220.771650,-0.00601239,8.5058,1,0.047439,319.035610
2019-06-27,-0.00401958,78.6988,1,0.051468,261.465280,-0.00464205,8.0416,1,0.052525,320.572620
2019-06-28,-0.00519703,78.1791,1,0.038723,261.247150,0.00825769,8.8673,0,0.000000,0.000000
2019-07-01,-0.00388952,77.7901,1,0.052572,262.169700,0.00989339,9.8567,0,0.000000,0.000000
2019-07-02,-0.00064163,77.7259,1,0.049253,282.038780,-0.00956578,8.9001,1,0.045838,264.349421
2019-07-03,-0.01320851,76.4051,1,0.048531,299.498510,0.00626075,9.5262,1,0.054695,379.449880
2019-07-05,0.00055198,76.4603,0,0.000000,0.000000,-0.00999183,8.5270,0,0.000000,0.000000
2019-07-08,0.01388110,77.8484,1,0.043220,264.187894,-0.01845769,6.6812,1,0.059999,382.125122
2019-07-09,0.00103669,77.9521,1,0.047321,278.975890,0.00218898,6.9001,1,0.069192,378.315610
2019-07-10,-0.00670208,77.2819,0,0.000000,0.000000,-0.00772945,6.1272,1,0.050815,321.186790
2019-07-11,0.00367934,77.6498,1,0.042056,280.922852,0.00248685,6.3758,1,0.043075,321.129230
2019-07-12,-0.00237228,77.4126,1,0.040558,282.169090,0.00620613,6.9965,1,0.050547,301.620180
2019-07-15,0.00783780,78.1964,1,0.047780,283.105770,-0.00283529,6.7129,1,0.045589,302.454080
2019-07-16,-0.00195392,78.0010,1,0.033622,219.884260,0.00236370,6.9493,1,0.050410,339.891400
2019-07-17,0.01195710,79.1967,1,0.048730,261.455810,-0.01257043,5.6923,1,0.035993,281.430120
2019-07-18,0.00112872,79.3095,1,0.047008,279.328480,-0.00460932,5.2313,0,0.000000,0.000000
2019-07-19,-0.01030897,78.2786,0,0.000000,0.000000,-0.00060613,5.1707,1,0.044853,318.951721
2019-07-22,-0.00398485,77.8802,1,0.036765,202.285567,-0.00460145,4.7106,1,0.057655,319.742880
2019-07-23,-0.00230703,77.6495,0,0.000000,0.000000,-0.01731675,2.9789,1,0.050775,360.525490
2019-07-24,-0.00873119,76.7763,1,0.041129,303.212255,0.00383156,3.3620,0,0.000000,0.000000
2019-07-25,0.01591772,78.3681,1,0.026358,200.785830,-0.01122114,2.2399,1,0.048314,363.919538
2019-07-26,-0.02873810,75.4943,0,0.000000,0.000000,0.00866259,3.1062,1,0.069151,320.762260
2019-07-29,0.00329818,75.8241,1,0.051632,259.609208,0.00577699,3.6839,1,0.040701,282.235130
2019-07-30,-0.00571635,75.2525,1,0.047995,299.963570,-0.00908173,2.7757,1,0.037453,300.852760
2019-07-31,-0.00716033,74.5365,1,0.060873,242.863580,0.00859520,3.6352,1,0.057020,281.766180
2019-08-01,0.02379969,76.9164,1,0.059951,258.980660,-0.00868216,2.7670,0,0.000000,0.000000
2019-08-02,0.00167718,77.0841,1,0.025542,163.305000,-0.00655859,2.1112,1,0.054579,337.051078
2019-08-05,-0.01101759,75.9824,1,0.059349,339.593300,0.00684655,2.7958,1,0.056475,339.655600
2019-08-06,0.00456384,76.4388,1,0.054606,335.608330,0.00665922,3.4617,0,0.000000,0.000000
2019-08-07,-0.00257958,76.1808,1,0.061558,363.518230,0.00525162,3.9869,0,0.000000,0.000000
2019-08-08,0.02005522,78.1863,1,0.056858,280.311000,-0.01262524,2.7244,1,0.053864,278.920101
2019-08-09,-0.00408238,77.7781,1,0.063208,364.580460,0.00368999,3.0934,0,0.000000,0.000000
2019-08-12,0.00132814,77.9109,1,0.077616,338.159950,0.00897174,3.9906,1,0.052616,322.168197
2019-08-13,-0.00256417,77.6545,1,0.056747,240.621390,-0.00348202,3.6423,0,0.000000,0.000000
2019-08-14,-0.01401513,76.2530,1,0.063473,324.256610,0.01825458,5.4678,0,0.000000,0.000000
2019-08-15,0.02671330,78.9243,1,0.070460,335.345820,0.02681225,8.1490,0,0.000000,0.000000
2019-08-16,0.01110727,80.0350,1,0.059523,282.640530,-0.01226657,6.9224,1,0.049047,242.526765
2019-08-19,-0.00193897,79.8411,1,0.062797,284.093070,-0.00647138,6.2752,0,0.000000,0.000000
2019-08-20,-0.00624599,79.2165,1,0.042169,202.643160,-0.00107602,6.1676,0,0.000000,0.000000
2019-08-21,-0.00559867,78.6567,1,0.054007,318.828050,-0.00489315,5.6783,0,0.000000,0.000000
2019-08-22,0.01333725,79.9904,1,0.078185,321.765460,0.00035747,5.7141,0,0.000000,0.000000
2019-08-23,0.00930991,80.9214,1,0.080199,359.476230,0.00631584,6.3457,1,0.059906,347.218584
2019-08-26,0.00665924,81.5873,1,0.050916,299.159110,0.00015215,6.3609,0,0.000000,0.000000
2019-08-27,-0.01395611,80.1917,1,0.092631,380.982800,0.00733847,7.0947,1,0.071803,317.864571
2019-08-28,-0.00015877,80.1758,1,0.055697,299.694800,-0.00705064,6.3897,1,0.050604,340.476070
2019-08-29,-0.00342923,79.8329,0,0.000000,0.000000,-0.01560353,4.8293,0,0.000000,0.000000
2019-08-30,0.00328304,80.1612,1,0.059976,306.399890,-0.00316202,4.5131,0,0.000000,0.000000
2019-09-03,0.00659185,80.8204,1,0.036075,201.147680,0.00108726,4.6218,1,0.069984,385.439621
2019-09-04,0.00301573,81.1220,1,0.068947,358.618860,-0.00640744,3.9811,1,0.068214,339.073670
2019-09-05,-0.01893949,79.2280,1,0.062579,342.584140,-0.02418990,1.5621,0,0.000000,0.000000
2019-09-06,-0.00064203,79.1638,1,0.035853,264.135230,-0.00804940,0.7571,1,0.043020,381.965221
2019-09-09,-0.01506652,77.6572,1,0.059722,280.665670,-0.00612580,0.1446,1,0.068080,341.052880
2019-09-10,-0.01404194,76.2530,1,0.055564,303.151230,0.02516205,2.6608,1,0.062285,324.144840
2019-09-11,-0.01408687,74.8443,1,0.045127,161.410090,0.00523419,3.1842,1,0.042471,222.800310
2019-09-12,-0.00239050,74.6052,1,0.043360,201.923100,0.00228337,3.4125,1,0.064533,302.882470
2019-09-13,0.00088699,74.6939,1,0.051251,259.472810,-0.00583340,2.8292,1,0.061330,341.091970
2019-09-16,0.00459307,75.1532,1,0.070633,281.187930,-0.00581560,2.2476,1,0.067210,360.790930
2019-09-17,0.02663802,77.8170,1,0.044378,220.945040,-0.01506443,0.7412,1,0.053973,320.059230
2019-09-18,0.00024612,77.8416,0,0.000000,0.000000,-0.00235338,0.5058,1,0.054398,360.707310
2019-09-19,-0.00321375,77.5203,0,0.000000,0.000000,0.00534870,1.0407,1,0.082970,339.865480
2019-09-20,0.00130978,77.6512,0,0.000000,0.000000,0.00627444,1.6682,1,0.051796,300.725300
2019-09-23,0.00515138,78.1664,1,0.060902,337.518934,-0.00589152,1.0790,1,0.040882,280.580700
2019-09-24,0.00004555,78.1709,1,0.066125,320.396100,0.00151692,1.2307,1,0.071208,360.015610
2019-09-25,-0.00145995,78.0249,0,0.000000,0.000000,-0.00028428,1.2023,1,0.061348,339.420440
2019-09-26,-0.00092589,77.9324,1,0.048349,301.549122,-0.00537454,0.6648,1,0.053634,342.351180
2019-09-27,0.00017885,77.9502,0,0.000000,0.000000,-0.00947533,-0.2827,1,0.058953,320.211140
2019-09-30,0.00735519,78.6858,1,0.043241,200.123074,-0.01271332,-1.5540,1,0.053312,321.219680
2019-10-01,0.00651667,79.3374,1,0.045033,221.735420,0.00104873,-1.4492,1,0.063997,341.088620
2019-10-02,-0.00014850,79.3226,1,0.069470,317.521400,0.00367280,-1.0819,0,0.000000,0.000000
2019-10-03,0.00387709,79.7103,1,0.057171,240.210740,0.00714941,-0.3670,0,0.000000,0.000000
2019-10-04,-0.00083591,79.6267,0,0.000000,0.000000,-0.00429191,-0.7961,1,0.053001,278.690268
2019-10-07,-0.00324348,79.3023,1,0.063068,344.492131,0.00091449,-0.7047,0,0.000000,0.000000
2019-10-08,0.00127272,79.4296,0,0.000000,0.000000,0.01140908,0.4362,1,0.046662,301.750769
2019-10-09,-0.01238160,78.1915,1,0.066330,375.254207,-0.00968495,-0.5323,0,0.000000,0.000000
2019-10-10,0.00183363,78.3748,0,0.000000,0.000000,-0.00053891,-0.5862,0,0.000000,0.000000
2019-10-11,-0.00462357,77.9125,1,0.063667,384.366456,0.00901199,0.3150,1,0.061211,340.388932
2019-10-14,0.00469055,78.3815,1,0.053655,283.868710,-0.00603030,-0.2880,0,0.000000,0.000000
2019-10-15,0.00002102,78.3836,1,0.044008,279.669390,0.00583490,0.2955,1,0.054120,343.849593
2019-10-16,0.00079130,78.4627,1,0.062980,322.456890,-0.00049223,0.2463,0,0.000000,0.000000
2019-10-17,0.00166967,78.6297,1,0.059103,319.179070,-0.00648688,-0.4024,1,0.048398,341.790585
2019-10-18,-0.00270412,78.3593,0,0.000000,0.000000,-0.00127488,-0.5299,1,0.059578,361.869710
2019-10-21,0.00937230,79.2965,0,0.000000,0.000000,-0.00430471,-0.9604,1,0.050121,280.866810
2019-10-22,-0.00647174,78.6494,1,0.064654,342.477448,0.01011610,0.0512,1,0.044460,301.668950
2019-10-23,0.00157199,78.8066,1,0.047831,241.040100,-0.00599708,-0.5485,1,0.050838,281.309870
2019-10-24,0.00465015,79.2716,0,0.000000,0.000000,-0.01541816,-2.0903,1,0.059746,320.896870
2019-10-25,-0.00060720,79.2109,1,0.067290,321.379306,-0.00777716,-2.8680,1,0.052026,319.236750
2019-10-28,-0.00941830,78.2690,1,0.063310,302.056350,0.00841845,-2.0262,1,0.072305,361.496610
2019-10-29,0.01055021,79.3240,1,0.042659,221.874680,0.00132873,-1.8933,1,0.051287,241.737330
2019-10-30,0.01005420,80.3295,1,0.053130,242.748600,-0.01541003,-3.4343,1,0.052413,301.951480
2019-10-31,-0.00320663,80.0088,1,0.053523,280.707790,-0.01154390,-4.5887,1,0.072810,379.785030
2019-11-01,0.01423274,81.4321,1,0.053946,240.910460,-0.01266210,-5.8549,1,0.063640,319.686300
2019-11-04,-0.00461501,80.9706,1,0.079531,381.183680,0.00953111,-4.9018,1,0.058099,321.141450
2019-11-05,-0.00624597,80.3460,1,0.052827,280.568030,0.00385142,-4.5166,1,0.056648,262.287710
2019-11-06,0.01295400,81.6414,1,0.044710,220.254710,-0.00595121,-5.1118,1,0.063041,300.292490
2019-11-07,0.00378946,82.0203,1,0.068834,358.984030,-0.03574215,-8.6860,1,0.068665,360.407820
2019-11-08,-0.00701243,81.3191,1,0.057943,300.434240,0.00296759,-8.3892,1,0.059141,382.397630
2019-11-11,0.01202838,82.5219,1,0.048752,241.294140,-0.01678330,-10.0675,1,0.053210,340.778340
2019-11-12,0.00204490,82.7264,1,0.045100,221.486170,0.00545481,-9.5221,1,0.070599,378.627760
2019-11-13,0.00475698,83.2021,1,0.051422,240.626390,0.00167673,-9.3544,1,0.045327,300.910720
2019-11-14,0.00286051,83.4882,1,0.057169,281.146800,0.00139415,-9.2150,1,0.056325,360.828480
2019-11-15,-0.00000429,83.4877,0,0.000000,0.000000,-0.01084222,-10.2992,1,0.052752,340.397620
2019-11-18,-0.00126269,83.3615,1,0.049559,302.634580,-0.00997318,-11.2965,1,0.055398,360.779190
2019-11-19,0.01336333,84.6978,1,0.044407,240.581950,0.00039084,-11.2574,1,0.060456,359.653720
2019-11-20,0.00956274,85.6541,0,0.000000,0.000000,0.00124044,-11.1334,1,0.054666,341.136140
2019-11-21,-0.00494580,85.1595,1,0.060130,278.865389,0.00746028,-10.3874,1,0.058872,320.451830
2019-11-22,0.00450633,85.6101,1,0.052547,259.658010,-0.01079152,-11.4665,1,0.038862,240.198280
2019-11-25,-0.01640802,83.9693,1,0.052382,321.497260,0.01131358,-10.3352,1,0.060022,342.016590
2019-11-26,0.00375353,84.3447,1,0.039067,202.227920,-0.01219584,-11.5547,0,0.000000,0.000000
2019-11-27,-0.00510843,83.8338,1,0.048163,280.250520,-0.00894022,-12.4488,1,0.068412,361.426225
2019-11-29,0.01184290,85.0181,0,0.000000,0.000000,-0.00978399,-13.4272,1,0.061429,361.461770
2019-12-02,0.00567252,85.5854,1,0.085268,339.454784,-0.00176582,-13.6037,0,0.000000,0.000000
2019-12-03,0.00203804,85.7892,1,0.056136,279.627780,-0.00400923,-14.0047,0,0.000000,0.000000
2019-12-04,0.00113347,85.9025,1,0.045013,260.449500,-0.01047001,-15.0517,1,0.054841,298.053880
2019-12-05,-0.00809703,85.0928,0,0.000000,0.000000,-0.00121371,-15.1730,0,0.000000,0.000000
2019-12-06,0.00054748,85.1476,1,0.045512,243.215439,-0.00065882,-15.2389,1,0.068502,323.140157
2019-12-09,0.00728064,85.8756,1,0.052926,241.815480,-0.00568661,-15.8076,1,0.062961,301.574480
2019-12-10,-0.00491447,85.3842,0,0.000000,0.000000,-0.00966851,-16.7744,1,0.051141,359.727160
2019-12-11,0.00921276,86.3055,1,0.047784,259.864645,-0.00301694,-17.0761,1,0.063744,360.404030
2019-12-12,-0.00558045,85.7474,1,0.049895,281.507220,0.00208000,-16.8681,1,0.064340,321.076750
2019-12-13,-0.00013007,85.7344,1,0.042867,183.173310,-0.00687416,-17.5555,1,0.067546,283.369160
2019-12-16,0.00293676,86.0281,0,0.000000,0.000000,-0.00208871,-17.7644,1,0.061511,339.642050
2019-12-17,0.00336572,86.3647,1,0.045768,261.961712,0.00124494,-17.6399,1,0.071916,342.112180
2019-12-18,-0.01005895,85.3588,0,0.000000,0.000000,-0.00601001,-18.2409,1,0.049481,301.210270
2019-12-19,0.00399431,85.7582,1,0.019979,181.919306,0.00193495,-18.0474,1,0.045125,340.726360
2019-12-20,0.00896604,86.6548,0,0.000000,0.000000,-0.00717010,-18.7644,1,0.044720,321.856640
2019-12-23,-0.00453149,86.2016,1,0.045849,282.093039,-0.01296000,-20.0604,1,0.053780,341.529670
2019-12-24,0.00564921,86.7666,1,0.058589,300.277960,-0.00991343,-21.0518,1,0.071603,381.076380
2019-12-26,0.00233134,86.9997,0,0.000000,0.000000,0.00100011,-20.9518,1,0.104959,380.137520
2019-12-27,-0.00196042,86.8037,1,0.065822,280.535053,-0.00053647,-21.0054,1,0.043447,280.698130
2019-12-30,0.00314538,87.1182,0,0.000000,0.000000,-0.00359830,-21.3652,1,0.046580,320.458880
2019-12-31,0.00567068,87.6853,0,0.000000,0.000000,0.00290074,-21.0752,1,0.058326,339.691650
