arm,panel,seed,window,n_days,pearson_ic,pearson_t,rank_ic,net_pct,sharpe,mdd_pct,turnover,cost_pct,trigger_rate,avg_hold_days
onenas_8isl,set1,42,2020,253,-0.025956231707473118,-1.8601658306779492,-0.026947335489644085,-56.80191568291642,-2.2123039576256462,70.3530359754416,0.9781126335968378,12.426335682916406,1.0,1.0
onenas_8isl,set1,42,2021,252,0.006909984402632832,0.5145333289102414,0.0017228225461552412,2.205865529542968,0.14103736814458073,14.415359161740291,0.751867662103174,7.851384470457026,1.0,1.0
onenas_8isl,set1,42,2022,251,0.0068715693541223696,0.5494783835068671,-0.0017954750600395113,6.030268536630457,0.34843526825800014,11.715978918563453,0.7583013069721117,6.904031463369537,1.0,1.0
onenas_8isl,set1,42,2023,250,0.005585575454334798,0.44619122263031147,-0.0013138165224202436,-6.680545742540121,-0.45542051464502414,11.260306554859863,0.9408966698000001,6.595235742540115,1.0,1.0
onenas_8isl,set1,42,2024,243,0.021946985491320743,1.931033195118882,0.01629601916780977,24.8181797346693,1.9102887973919491,7.458153340198222,1.0409471403292176,8.125250265330697,1.0,1.0
onenas_8isl,set1,42,2022-24,744,0.011363273179918478,1.6197829369922918,0.004275288020299458,24.17272073844282,0.5344522562847949,13.208067221265217,0.91184294092742,21.61969926155716,1.0,1.0
onenas_8isl,set1,42,2020-24,1249,0.002905255959433251,0.506449196463405,-0.0025642196238158817,-30.414205621252194,-0.3411367853516856,70.3530359754416,0.8923622644515621,41.8882956212522,1.0,1.0
onenas_8isl,set1,43,2020,253,-0.009504250815760803,-0.6521870618815326,-0.007395668461493447,-28.097034966411428,-1.1019756716528524,55.704145546029835,0.8751000701581026,11.102854966411407,1.0,1.0
onenas_8isl,set1,43,2021,252,0.020677872319313666,1.7067869479925986,0.014849673847471542,20.544511397226763,1.3211904239044796,10.178961582405584,0.7599305761904763,7.917018602773223,1.0,1.0
onenas_8isl,set1,43,2022,251,-0.003091771047395081,-0.25657691875886784,-0.004610575137161106,-2.2201577693541483,-0.1418872707557348,10.72359699175186,0.8329668254980082,7.043387769354146,1.0,1.0
onenas_8isl,set1,43,2023,250,0.014535375434363932,1.2548192252353962,0.007975012881625294,8.577407527222809,0.583224079718573,11.790062717739074,0.7734229835999996,5.330942472777203,1.0,1.0
onenas_8isl,set1,43,2024,243,0.01119794567170434,0.9913761025939536,0.010561942451354037,4.954042580977254,0.34751963407066694,10.18205709341076,0.6663045045267492,5.087007419022757,1.0,1.0
onenas_8isl,set1,43,2022-24,744,0.0074985351127943205,1.1147879498931124,0.004573993113787523,11.336261384882855,0.25430969917650914,18.520396243117194,0.7573205370967733,17.436368615117107,1.0,1.0
onenas_8isl,set1,43,2020-24,1249,0.006713497591672166,1.2104302077327713,0.0042226297561752625,3.7724228294301847,0.04284480990961992,55.704145546029835,0.7818728024419538,36.46755717056978,1.0,1.0
onenas_8isl,set1,44,2020,253,-0.010941932884192056,-0.6678549147400936,-0.010699705086981339,-39.291742898280766,-1.1527028132303532,57.54252605387571,0.9175651849802375,11.895382898280722,1.0,1.0
onenas_8isl,set1,44,2021,252,0.012668061226295319,0.8698021842974999,0.008736815185006868,4.624277043657752,0.24483005849328088,16.648686404550773,1.1249458156746042,11.616062956342244,1.0,1.0
onenas_8isl,set1,44,2022,251,-0.00033881098157637995,-0.023900619063845673,-0.002050284222142944,-4.5170224376235035,-0.23720708130197773,14.707598445055892,1.1103445848605578,9.431752437623496,1.0,1.0
onenas_8isl,set1,44,2023,250,0.016127159893805938,1.1807137879109737,0.013130186370350622,-2.266539234414189,-0.13398823439001759,14.036623202961335,1.0009876053999995,6.686089234414187,1.0,1.0
onenas_8isl,set1,44,2024,243,0.023122407152869617,1.7107116864349656,0.01736632114367744,8.045691953097542,0.47586915709904093,7.585328032883316,1.0123533288065842,7.537028046902463,1.0,1.0
onenas_8isl,set1,44,2022-24,744,0.012856845907557974,1.6148854729769562,0.009392394207988432,1.2533408050046835,0.023706293569541452,22.052340881869238,1.0422647712365594,23.663659194995283,1.0,1.0
onenas_8isl,set1,44,2020-24,1249,0.007998027033265784,1.2320957164905564,0.005190226845763687,-33.43276097663585,-0.30273246887827476,57.54252605387571,1.0339363112089675,47.193740976635766,1.0,1.0
onenas_8isl,set2,42,2020,253,0.008253319464116402,0.4762789149641702,0.0011574709401983127,4.6486713118516185,0.12261221060062062,37.23392307661036,1.0593050808300397,13.901008688148366,1.0,1.0
onenas_8isl,set2,42,2021,252,0.020731965332831698,1.3634836745557004,0.012033584902983783,11.055728048072774,0.6357841960969317,10.570101120528696,1.1111816757936503,11.949811951927224,1.0,1.0
onenas_8isl,set2,42,2022,251,0.008620341523907307,0.6953357088958807,0.010517191551161277,0.011076894931084345,0.0006175347699660152,24.563862065574916,1.3063414603585661,13.072583105068924,1.0,1.0
onenas_8isl,set2,42,2023,250,0.02565549139644108,1.8744207537530773,0.02490264663427288,27.924743767915512,1.7731009654308598,7.815216151947886,1.1907202597999997,9.832986232084512,1.0,1.0
onenas_8isl,set2,42,2024,245,0.019293385085486735,1.7087864600779543,0.016101396328989517,13.609965738587029,1.0262970031630614,6.867171667181131,1.204972620816326,10.772084261412981,1.0,1.0
onenas_8isl,set2,42,2022-24,746,0.017834393991360914,2.47045170386622,0.01717200916690634,41.543543061391986,0.8796270444589367,24.563862065574916,1.234974461729223,33.67989693860806,1.0,1.0
onenas_8isl,set2,42,2020-24,1251,0.01648041807022404,2.601508155769658,0.012898179362057728,57.22512768343604,0.5155337210477492,37.23392307661036,1.1745196823741006,59.553532316564024,1.0,1.0
onenas_8isl,set2,43,2020,253,0.0009690637406857004,0.06803070124474116,-0.0023852755792421114,-12.661918636758712,-0.4486258766926832,37.58733183454134,1.207565316798419,15.912708636758738,1.0,1.0
onenas_8isl,set2,43,2021,252,0.018106271965545935,1.4099659287488888,0.015333974608452566,16.27350822743096,1.0906008494310313,9.824896580938304,1.1761596678571427,12.930831772569043,1.0,1.0
onenas_8isl,set2,43,2022,251,0.007092828357566718,0.5541354234558944,0.008443926246575263,-10.568381951569233,-0.6194967179119043,19.18574083928286,0.9744749007968124,9.797591951569236,1.0,1.0
onenas_8isl,set2,43,2023,250,0.022291604030721113,1.7545489345258936,0.020470817405362017,6.333539114934301,0.42153785191165416,9.33213730212356,0.9670679278000006,7.536130885065705,1.0,1.0
onenas_8isl,set2,43,2024,245,0.037463759240897905,3.5161759095602285,0.0353450638001831,31.051363200195247,2.761311004345562,3.9792214027009756,1.2424528448979586,10.950356799804757,1.0,1.0
onenas_8isl,set2,43,2022-24,746,0.022160619221782172,3.16598155108404,0.021309209745677956,26.802985861545515,0.6102689587872643,19.18574083928286,1.0612041914209123,28.29761413845447,1.0,1.0
onenas_8isl,set2,43,2020-24,1251,0.017058173941775025,2.996326170109993,0.015313634972068384,30.41440627532316,0.33443252382625444,37.58733183454134,1.1141320203437257,57.141323724676894,1.0,1.0
onenas_8isl,set2,44,2020,253,0.01803808599006412,1.1636529087363676,0.016587140775306,17.482126037522455,0.5667758968767532,37.83532338606353,1.1373055098814235,14.658393962477522,1.0,1.0
onenas_8isl,set2,44,2021,252,0.020674776744158692,1.4471654147569821,0.020662965458813794,9.572964551831847,0.5736849579765918,12.59277037184473,1.0873065523809513,11.840255448168154,1.0,1.0
onenas_8isl,set2,44,2022,251,0.014659768905025477,1.0705104264594805,0.0225072361034415,9.880113560458001,0.5515015235504998,20.410246202057067,0.960837663545817,9.334206439541985,1.0,1.0
onenas_8isl,set2,44,2023,250,0.015927874510219712,1.2175510252359547,0.01856749320999348,3.6957480892766776,0.22974982462760335,10.11636740455996,0.9438789520000006,7.2698519107233235,1.0,1.0
onenas_8isl,set2,44,2024,245,0.04212235168915184,3.555355226508631,0.037566946322500384,29.08374497004732,2.3712091037989884,4.176014032871707,1.0236139234693875,9.11763502995268,1.0,1.0
onenas_8isl,set2,44,2022-24,746,0.024103950116030184,3.2310430458250767,0.026132830312968876,42.650437549677136,0.9129193630336288,20.410246202057067,0.9764418617292224,25.730862450322817,1.0,1.0
onenas_8isl,set2,44,2020-24,1251,0.02218643187975437,3.6068533692036246,0.02310048387310014,69.71349034797552,0.7068731546016961,37.83532338606353,1.0312391659872098,52.22154965202435,1.0,1.0
onenas_8isl,set3,42,2020,253,0.009551511881500422,0.6552306637345905,0.004193297634303306,30.739241799915067,1.0662674734316064,23.26618955640464,0.8627262555335966,10.23233820008493,1.0,1.0
onenas_8isl,set3,42,2021,252,0.00859916252928183,0.702343861739743,0.010988511570995464,1.170545386800587,0.07466287722700368,14.515679235409928,0.5984162843253967,6.1095446131993985,1.0,1.0
onenas_8isl,set3,42,2022,251,0.00034611142058303115,0.031031359261869285,0.004159748557803771,-13.139217607890192,-0.8372185666600962,33.50691986658116,0.7389153233067728,6.664747607890201,1.0,1.0
onenas_8isl,set3,42,2023,250,0.012835979225187973,1.1193140111661033,0.01331153027207704,4.129529538369397,0.2945690371366971,12.086551346093927,0.7106253017999999,5.074830461630601,1.0,1.0
onenas_8isl,set3,42,2024,244,-0.005370492926725317,-0.4241650654851082,-0.005128067805872643,-12.322834107320416,-0.8360052088580816,14.902799878921478,0.7669977571721316,5.889414107320415,1.0,1.0
onenas_8isl,set3,42,2022-24,745,0.0026650583875736343,0.39260412763369196,0.004188900552208163,-21.314966977674985,-0.4793631290436371,33.50691986658116,0.7374267324832218,17.61143697767499,1.0,1.0
onenas_8isl,set3,42,2020-24,1250,0.00525519196971279,0.9420692017410445,0.00556059210301174,10.609581417617369,0.11410614689335746,32.232043693580955,0.7343755949199998,33.93855858238267,1.0,1.0
onenas_8isl,set3,43,2020,253,0.008202918073362308,0.5413529675461117,0.004138856562876055,22.92886827800036,0.7512130317205751,33.18079269929234,0.7005424150197631,8.263931721999635,1.0,1.0
onenas_8isl,set3,43,2021,252,0.0101586943054951,0.7190149935611424,0.012263306712160884,0.09560077039457168,0.005432120373370793,18.828225753416486,0.6702487369047617,6.7816992296054215,1.0,1.0
onenas_8isl,set3,43,2022,251,0.004394807057277606,0.3256716031329421,0.006371179556992479,9.803426836072763,0.5328631358900403,17.70864326247584,0.7806546300796807,7.026863163927237,1.0,1.0
onenas_8isl,set3,43,2023,250,0.004753742929350513,0.40037124280823,0.005874705711784033,-4.491230873274728,-0.3359452876121404,9.41124201283101,0.6775736635999999,4.772890873274728,1.0,1.0
onenas_8isl,set3,43,2024,244,0.008918651730853827,0.7508080481110356,0.005938640277065094,11.130286099334326,0.771240004454558,7.872839863304253,0.6825254635245901,5.273643900665674,1.0,1.0
onenas_8isl,set3,43,2022-24,745,0.005996890370527034,0.8352534774497962,0.006062913723966447,16.442997511296333,0.35305520460270085,17.70864326247584,0.7133921379194621,17.072882488703694,1.0,1.0
onenas_8isl,set3,43,2020-24,1250,0.0072824100508704645,1.217689290499799,0.006923483780981751,39.46448439780409,0.39939975379102177,33.18079269929234,0.702262907720001,32.121495602195914,1.0,1.0
onenas_8isl,set3,44,2020,253,0.011417208444418177,0.7410906462901677,0.00874894860859153,-0.04681961084134958,-0.0014672278512016877,40.14459463909323,1.0316544999999997,12.360699610841344,1.0,1.0
onenas_8isl,set3,44,2021,252,0.012534249124475955,0.8353303379453489,0.01274681974073233,-4.382769019381332,-0.22372844742261142,21.52173987022301,0.9708723988095241,9.922729019381332,1.0,1.0
onenas_8isl,set3,44,2022,251,0.0034984966226165835,0.21266113971833572,0.0025766200016149126,-12.381846175041241,-0.5499863969064752,24.348056472556635,0.9974332878486054,8.59542617504124,1.0,1.0
onenas_8isl,set3,44,2023,250,0.01061314022723409,0.8418971874670507,0.011865648457568607,-0.9349256826594057,-0.062314981281326634,11.191844441845298,0.9075802400000011,6.188795682659401,1.0,1.0
onenas_8isl,set3,44,2024,244,0.005258546211100279,0.421613319013241,0.0021775173232479275,-9.099016782839428,-0.6253209511035169,15.002153673115878,0.9431178635245908,6.9790167828394285,1.0,1.0
onenas_8isl,set3,44,2022-24,745,0.006462406690729872,0.8007049347738436,0.005563030821033542,-22.402584043335143,-0.42224132845788176,26.569760040034364,0.9489619505369119,21.750034043335106,1.0,1.0
onenas_8isl,set3,44,2020-24,1250,0.008689342000319575,1.341656490531006,0.007656112427446554,-26.83762110000153,-0.24881626958605985,40.14459463909323,0.9699701035599992,44.0389111000015,1.0,1.0
onenas_8isl,set4,42,2020,252,-0.005800119487746711,-0.4139094727497766,-0.009784351831741622,-11.617020598742924,-0.47536987128208874,27.63176891734683,1.0182924194444443,12.351350598742924,1.0,1.0
onenas_8isl,set4,42,2021,252,0.01904542489952857,1.4042992056768626,0.019923674057688065,0.863333445932132,0.059428265151782095,14.900220572869797,0.690325088888889,7.198076554067873,1.0,1.0
onenas_8isl,set4,42,2022,251,0.013578442970050418,1.0034793203358219,0.011534822788566797,-5.10682015787787,-0.31053871660349086,13.280266253186031,1.0876779396414338,9.474980157877873,1.0,1.0
onenas_8isl,set4,42,2023,250,0.036435537194983846,2.9253431632326636,0.03663518185639151,34.22068135485953,2.771810077200301,3.075180190927533,1.0399575682000013,7.623798645140466,1.0,1.0
onenas_8isl,set4,42,2024,246,0.018979043890853982,1.8281097372965465,0.029887941117390286,13.68336625683771,1.2866680315274237,11.701167081914019,0.7185929613821138,5.558123743162294,1.0,1.0
onenas_8isl,set4,42,2022-24,747,0.02300658404468367,3.2623848345947337,0.025979209503221086,42.8252340733303,1.067725924203554,13.280266253186031,0.9496289303882199,22.628895926669717,1.0,1.0
onenas_8isl,set4,42,2020-24,1251,0.016405863505313957,2.8469957994945347,0.017555218784847847,32.0872281971869,0.3919227567780549,27.63176891734683,0.9112343700239809,42.162641802813056,1.0,1.0
onenas_8isl,set4,43,2020,252,0.004798442445207631,0.31480992287621845,0.0024703701739934246,15.17134584368798,0.4965862214122559,26.09803515805248,0.7811886478174601,9.60451415631201,1.0,1.0
onenas_8isl,set4,43,2021,252,0.010600694643434824,0.7861141868711247,0.017073507154683715,-10.176662473854133,-0.7050762004827618,20.12174020430553,0.7294783914682538,7.53850247385414,1.0,1.0
onenas_8isl,set4,43,2022,251,0.015143093723091736,1.0525541929076763,0.01350927150904762,-24.90133166033635,-1.474521567200591,27.11393775887862,1.221708315737052,10.917381660336341,1.0,1.0
onenas_8isl,set4,43,2023,250,0.028641510985807764,2.3023543226437098,0.029652069010252045,15.473056532265142,1.2682838909631158,4.6152803810300185,1.3893133593999993,10.233713467734857,1.0,1.0
onenas_8isl,set4,43,2024,246,0.02192940811757037,1.7671376759189585,0.02706274789568671,-3.8370134712871,-0.3314260137753689,10.915834102214234,1.141917193495935,8.710863471287102,1.0,1.0
onenas_8isl,set4,43,2022-24,747,0.021895486837845108,2.892750926702773,0.023375208010271615,-13.269033049363522,-0.3212934482126827,27.11393775887862,1.251527445247657,29.865703049363525,1.0,1.0
onenas_8isl,set4,43,2020-24,1251,0.016176267957000938,2.651821155000127,0.01789475417306118,-8.258002451935265,-0.08950788912125338,38.696114349239444,1.0516334585131908,46.99237245193515,1.0,1.0
onenas_8isl,set4,44,2020,252,-0.0024308042757295724,-0.1512429988708176,-0.008967007214078719,-25.339511803552316,-0.9221033039520201,37.22170473985726,0.6915241918650794,8.279781803552325,1.0,1.0
onenas_8isl,set4,44,2021,252,0.01570392652921774,1.1779551735563654,0.01637231619719703,14.194186932616311,1.0040651614652982,9.063858660932869,0.46734587361111124,4.9953530673837045,1.0,1.0
onenas_8isl,set4,44,2022,251,0.0028712901156855166,0.2079545634760323,-0.004498781101675073,-6.529398757818461,-0.41147890729723113,17.68695050462844,0.5553014368525896,5.028098757818466,1.0,1.0
onenas_8isl,set4,44,2023,250,0.031577789539468354,2.6598054721032325,0.03246863007638721,24.78597912351847,2.1154948814563155,7.941363776960089,0.8098340776000001,5.506170876481517,1.0,1.0
onenas_8isl,set4,44,2024,246,0.02799412072968116,2.855283347142466,0.03249874112505523,16.63703004874894,1.6942436172693476,7.579105995334273,0.5754523642276425,4.335329951251023,1.0,1.0
onenas_8isl,set4,44,2022-24,747,0.020751934274974192,3.0006635188065585,0.020057100106211437,34.9136777691129,0.9153233310375807,17.68695050462844,0.6464593711512717,14.849532230887135,1.0,1.0
onenas_8isl,set4,44,2020-24,1251,0.015065165236838327,2.5557505984558335,0.013468258707502607,23.82252956576619,0.2810816282554978,37.22170473985726,0.61842847713829,28.07049043423382,1.0,1.0
onenas_8isl,set1,45,2020,253,0.01865784177287188,1.3894640559788292,0.017105970248988685,-1.3527682164783938,-0.05287627711637506,41.982589547098485,1.0366977379446636,12.780888216478354,1.0,1.0
onenas_8isl,set1,45,2021,252,0.017005111423483883,1.5279539663572195,0.01131971099702118,0.15815406593365797,0.010772025027933417,10.59976777369279,0.9780149418650795,9.776835934066336,1.0,1.0
onenas_8isl,set1,45,2022,251,-0.0022297340072500176,-0.19114776127796898,-0.010682953257649449,3.560154812547504,0.21826910272479286,18.56595000881355,0.9055519569721122,7.734155187452494,1.0,1.0
onenas_8isl,set1,45,2023,250,0.007991209654579777,0.6397860952292023,0.008553617101173468,7.307531521371359,0.521654051180279,8.167593094453743,0.8640131415999999,5.755098478628635,1.0,1.0
onenas_8isl,set1,45,2024,243,0.0287097306417983,2.4246243619942587,0.02437189655056856,26.50464576259341,1.8384389782009232,7.720034396290831,0.8627984858024688,6.5463242374065915,1.0,1.0
onenas_8isl,set1,45,2022-24,744,0.011309951241642713,1.6298879283303371,0.007230314340606875,37.38337626402533,0.8343822954122666,18.56595000881355,0.8772323612231182,20.024533735974657,1.0,1.0
onenas_8isl,set1,45,2020-24,1249,0.013947418551670709,2.568540161122545,0.010055829874823851,36.214494912235324,0.41382361729555445,41.982589547098485,0.9297999402722177,42.55652508776463,1.0,1.0
onenas_8isl,set1,46,2020,253,7.672928308495988e-05,0.00551516151546205,-0.0024810387073607118,-16.65318637382854,-0.6066006585444265,40.55783934231849,0.7359390756916993,9.739286373828543,1.0,1.0
onenas_8isl,set1,46,2021,252,0.010633379981856563,0.7143358540500288,0.004203649622740355,9.03737728417464,0.5027652452688517,11.230398608975309,0.658958833730159,7.06685271582536,1.0,1.0
onenas_8isl,set1,46,2022,251,0.009030309236174218,0.6307117185701526,-2.130316282480034e-05,20.68707683279125,1.0975325542275383,10.991460592095107,0.6649525539840637,5.652923167208743,1.0,1.0
onenas_8isl,set1,46,2023,250,0.0012753753815805428,0.10090859074333132,-0.0021042736391380513,-5.286926347391491,-0.3613888655346741,13.173402520525732,0.6634630175999997,4.371356347391492,1.0,1.0
onenas_8isl,set1,46,2024,243,0.025542488875922982,2.1132663536764125,0.024659149720242083,5.009867959724396,0.32146756049597514,10.050249190674672,0.7864875144032925,5.856762040275605,1.0,1.0
onenas_8isl,set1,46,2022-24,744,0.01181757561898407,1.5661541722025056,0.007339728331136141,20.4273038002971,0.41428888154167726,14.183318263880675,0.7030818243951612,15.863756199702868,1.0,1.0
onenas_8isl,set1,46,2020-24,1249,0.009200400740250208,1.510147608499563,0.004717673971444034,12.853646947649972,0.13261795703681017,40.55783934231849,0.7000467120096074,32.627743052350105,1.0,1.0
onenas_8isl,set1,47,2020,253,-0.0077340785697863,-0.588481326200288,-0.011792448063062691,-47.038236387256475,-1.92078743352661,52.07050294739245,0.9029235539525687,12.111106387256479,1.0,1.0
onenas_8isl,set1,47,2021,252,0.010415417541519999,0.7865040604111965,0.0078535210894286,-0.2121367938029398,-0.013265487838222149,15.17343225080639,0.8598860869047616,9.104586793802934,1.0,1.0
onenas_8isl,set1,47,2022,251,0.004396228227199167,0.32694018959377674,0.004007045995316253,1.5735089749164382,0.08368348902031741,21.406759933232557,0.6860582587649404,6.247021025083551,1.0,1.0
onenas_8isl,set1,47,2023,250,-0.0014723901928818622,-0.11730568372675353,-0.002962810854116685,9.683211408016197,0.6617723660182824,7.732209669920706,0.5068698040000001,3.4111185919838003,1.0,1.0
onenas_8isl,set1,47,2024,243,0.006065592429486155,0.4668740227000953,0.005130985353271882,-4.294097765966547,-0.26340560891078374,15.198095229110223,0.6059100676954731,4.649587765966545,1.0,1.0
onenas_8isl,set1,47,2022-24,744,0.002969482119854381,0.39598058621907256,0.002032117301263811,6.997921648987039,0.14014381876138826,21.406759933232557,0.5979327699596774,14.27242835101295,1.0,1.0
onenas_8isl,set1,47,2020-24,1249,0.002303649351063864,0.39419529262760755,0.0004063196370868069,-40.22619660791042,-0.43797351111229954,68.11867412154086,0.7119342287029622,35.46186660791045,1.0,1.0
onenas_8isl,set2,45,2020,253,0.02726915384013236,1.7212077484309696,0.027300091707419538,20.851910831301005,0.6905902401175527,32.287506406093264,1.3704021001976283,17.553659168698992,1.0,1.0
onenas_8isl,set2,45,2021,252,0.01934750851674598,1.275752442287943,0.01939843492661961,9.887085746130131,0.5892766860131473,12.897049054071235,1.1873324869047623,13.046774253869875,1.0,1.0
onenas_8isl,set2,45,2022,251,-0.0007156531892699886,-0.055501122767159274,-0.0013080413870425087,-14.252813800391802,-0.7478371278059536,35.4172975385506,1.2782669189243032,12.300273800391835,1.0,1.0
onenas_8isl,set2,45,2023,250,0.023831622160472216,1.7826249099004896,0.022527176317786186,16.248125807192253,1.0122347099240998,9.882374999918655,1.4078832184,11.307514192807748,1.0,1.0
onenas_8isl,set2,45,2024,245,0.03768802454972194,3.068068086955541,0.031643201096401355,24.8687544515416,1.8249337375658932,7.016015302416164,1.361757168571429,11.999275548458394,1.0,1.0
onenas_8isl,set2,45,2022-24,746,0.02012311341058065,2.704564463625154,0.017501420857797868,26.873898882494668,0.5465685350514412,35.4172975385506,1.3493934481233243,35.597231117505345,1.0,1.0
onenas_8isl,set2,45,2020-24,1251,0.021412078874553646,3.4190860677876183,0.01986521883565347,57.592498594263105,0.577635349150007,32.287506406093264,1.3213282182653865,66.21806140573685,1.0,1.0
onenas_8isl,set2,46,2020,253,0.003818126948806367,0.27808924561340476,0.007063327775841647,-14.708998777523108,-0.5032174285593226,48.226577578524335,1.0214879290513834,12.741668777523117,1.0,1.0
onenas_8isl,set2,46,2021,252,0.01728175894162319,1.3517176119795884,0.008943647439271393,11.9086582118325,0.8325724995757301,11.66615311246364,0.7959749319444442,8.607921788167486,1.0,1.0
onenas_8isl,set2,46,2022,251,0.008455254989199986,0.7138608717322293,0.01192019377681134,2.160840633502177,0.14209125290859617,19.792210951585602,0.5732598657370519,5.761069366497825,1.0,1.0
onenas_8isl,set2,46,2023,250,0.012637026232702445,0.9628394377671582,0.007153101264798498,-5.893197569562134,-0.38999526536077717,13.826334546663771,0.7179733012000011,5.989547569562125,1.0,1.0
onenas_8isl,set2,46,2024,245,0.042939157573673635,4.1648883527383385,0.035161232792878847,41.096647489773694,3.687588174968445,3.394292077514643,0.6644895612244899,5.676382510226262,1.0,1.0
onenas_8isl,set2,46,2022-24,746,0.02118179512870625,3.0935847398195984,0.017955423576990065,37.37071555495,0.8914283508335216,19.792210951585602,0.6517240912868637,17.42057444504996,1.0,1.0
onenas_8isl,set2,46,2020-24,1251,0.016884579166548258,3.0327579418365205,0.013937303813284506,34.61158596242429,0.3826722955765979,48.226577578524335,0.7548545400879295,38.72895403757562,1.0,1.0
onenas_8isl,set2,47,2020,253,0.008290190455815551,0.5448253786276673,0.003975852694992023,-2.1051857441149506,-0.06975381108016537,27.070895174774407,1.2720077990118575,16.43325574411493,1.0,1.0
onenas_8isl,set2,47,2021,252,0.024925436893767406,1.6571416352128694,0.0267684288775707,11.237390275886963,0.6649711086181713,16.393222217713525,1.2832188373015874,14.337659724113026,1.0,1.0
onenas_8isl,set2,47,2022,251,0.016414639249477298,1.2911605086283906,0.012927860413748202,0.6629921979404466,0.03771561938129668,28.449251857844914,1.2814728501992039,12.349347802059544,1.0,1.0
onenas_8isl,set2,47,2023,250,0.006779503928836927,0.5280498158889434,0.004621159664097257,-12.036525943917013,-0.815663191139641,16.350324099650017,1.2462488735999997,9.751165943917009,1.0,1.0
onenas_8isl,set2,47,2024,245,0.04286180392661431,3.7987047586992535,0.03601269328021654,28.00193379187334,2.2899162939323885,6.6159733277766835,1.2341890581632655,10.610166208126666,1.0,1.0
onenas_8isl,set2,47,2022-24,746,0.021871437527947128,3.0712112470608206,0.01772559347657931,16.608994187347047,0.3687849105388541,28.449251857844914,1.2556056649463825,32.73008581265296,1.0,1.0
onenas_8isl,set2,47,2020-24,1251,0.01973998455507534,3.2609940515306204,0.016766448874907247,25.749389810855256,0.26694816795643617,27.070895174774407,1.2646536972422082,63.492810189144805,1.0,1.0
onenas_8isl,set3,45,2020,253,-0.004203254621872532,-0.2762141246853335,-0.0059899479220997314,19.963757758313648,0.6708914726987467,33.40791331197052,0.9373667256916992,10.95391224168634,1.0,1.0
onenas_8isl,set3,45,2021,252,0.009078670078862174,0.6929040838324125,0.013206351905250014,-20.163677411490838,-1.3054444247026629,22.523483945707014,0.7236740853174607,7.7219374114908454,1.0,1.0
onenas_8isl,set3,45,2022,251,0.013607689848205394,1.0945312155319196,0.01382008791381957,4.193417070205771,0.2515175356039033,21.01294012334615,0.9176809970119523,8.026102929794217,1.0,1.0
onenas_8isl,set3,45,2023,250,0.020841210105278198,1.678401649855251,0.01759116248503124,16.018089138751943,1.1031862341542378,9.06144269178998,0.8764425483999997,6.437300861248037,1.0,1.0
onenas_8isl,set3,45,2024,244,0.0014830795020929592,0.11048838797032981,-0.0019632005553591246,-15.56565052189234,-0.940271493684827,25.29970612169358,0.898972592827869,6.929060521892341,1.0,1.0
onenas_8isl,set3,45,2022-24,745,0.01206403231775809,1.6390727194333286,0.009916257385394492,4.650169308131046,0.09717291924982853,21.2612411458497,0.8967816723489936,21.388150691868926,1.0,1.0
onenas_8isl,set3,45,2020-24,1250,0.008169684413815433,1.3677714930083784,0.007360124486360534,4.470487702804189,0.04611680646056346,41.28802634174083,0.8697083833999991,40.043762297195826,1.0,1.0
onenas_8isl,set3,46,2020,253,0.00716569338746687,0.5375202000110736,0.006969093798346785,-7.268370807391546,-0.249879969819072,31.8073400555562,0.8584654705533598,9.68880080739156,1.0,1.0
onenas_8isl,set3,46,2021,252,0.009360076815392466,0.711778285487504,0.0070731971649803755,-1.5503588122917653,-0.09263416669299375,17.366297824216563,0.9909873234126987,10.266708812291776,1.0,1.0
onenas_8isl,set3,46,2022,251,-0.001750623362233692,-0.15358642152732668,-0.001510833378385637,-11.87237665046665,-0.750639080835885,27.158896746630578,0.8899677067729084,7.5200266504666535,1.0,1.0
onenas_8isl,set3,46,2023,250,0.004883988234984491,0.42219448763919676,0.0011489664337284023,-6.966940647445129,-0.5079456739682412,13.632970197936386,1.1720232940000002,8.380110647445134,1.0,1.0
onenas_8isl,set3,46,2024,244,0.003597360034062334,0.31843872505041404,0.005512407755996695,0.2585109152433115,0.01810143484895808,12.869474771144812,1.097361093647541,8.315199084756694,1.0,1.0
onenas_8isl,set3,46,2022-24,745,0.0022273106619284267,0.33809178369815607,0.0016819462052624153,-18.592938150868857,-0.4241600233758351,28.29076344974371,1.0536148748322136,24.22746815086888,1.0,1.0
onenas_8isl,set3,46,2020-24,1250,0.00466480498211576,0.8562687503706808,0.0038389410715818323,-27.40316142901812,-0.2925413541891742,40.503925319480146,1.0012626549200003,44.1744714290181,1.0,1.0
onenas_8isl,set3,47,2020,253,0.011837589677970162,0.8251034312402113,0.008097430973009865,13.050738054971486,0.4734626658534589,24.85701116157134,0.9107172999999995,10.927351945028535,1.0,1.0
onenas_8isl,set3,47,2021,252,0.015965517079039957,1.3273014803039462,0.021410481689960664,6.042151984605081,0.40277552769771224,16.06114919357034,0.7959840023809532,8.288828015394934,1.0,1.0
onenas_8isl,set3,47,2022,251,0.007396843306668693,0.634442619678559,0.007443213494236655,-1.4445023017977516,-0.08739281788340597,20.973178784960865,0.7765471938247015,6.761652301797746,1.0,1.0
onenas_8isl,set3,47,2023,250,0.011894546769848389,1.0255043243743889,0.012500656183284472,15.641894014030155,1.133804032142697,7.922113444110418,0.7147479838000004,5.128405985969851,1.0,1.0
onenas_8isl,set3,47,2024,244,0.0044037831898755715,0.4238579996493665,0.009960125514656012,-0.10148444029990777,-0.008351623348164649,12.596729365754339,0.7694907323770491,5.883684440299901,1.0,1.0
onenas_8isl,set3,47,2022-24,745,0.007925862363443727,1.2221561631972635,0.009964672830135014,14.123178578931247,0.3304866167485447,20.973178784960865,0.7523009336241612,17.746471421068726,1.0,1.0
onenas_8isl,set3,47,2020-24,1250,0.010338390362568091,1.9129862087621663,0.011894218144393735,33.23051023122803,0.37343919072313886,27.864153599254177,0.7929404394400003,36.9482097687719,1.0,1.0
onenas_8isl,set4,45,2020,252,0.006074144612463752,0.3959965592654356,0.0021114556602775955,11.15479033182705,0.380831274375384,33.86122072065598,0.6390290857142855,7.5092896681729595,1.0,1.0
onenas_8isl,set4,45,2021,252,0.009837995837374925,0.740929622138858,0.012160618268603065,9.527827364472,0.6965910072693763,12.004510105616092,0.5511027952380951,5.805962635527991,1.0,1.0
onenas_8isl,set4,45,2022,251,-0.00018992826474384294,-0.01486963080436093,-0.0027594941113987925,-2.153171523398013,-0.14620493695555628,15.132853539826247,0.6657654025896411,5.733991523398016,1.0,1.0
onenas_8isl,set4,45,2023,250,0.01979489451750124,1.7616534685848828,0.020098751726429706,18.760521577073263,1.6295897285037308,6.292629429896428,0.7171339104000002,5.452278422926735,1.0,1.0
onenas_8isl,set4,45,2024,246,0.016321453507253558,1.533418373249249,0.018650595839810907,3.461271664804734,0.323319549682295,8.155318279543666,0.9032954024390248,6.9718283351952675,1.0,1.0
onenas_8isl,set4,45,2022-24,747,0.01193591592732126,1.7826634570526938,0.011941233582650352,20.08545443673113,0.5389884574559249,15.132853539826247,0.760380330388219,18.141265563268856,1.0,1.0
onenas_8isl,set4,45,2020-24,1251,0.010332524852972282,1.8088803564464715,0.010005327031429048,40.81945035592512,0.4714738959658752,33.86122072065598,0.6928329686250998,31.405139644075003,1.0,1.0
onenas_8isl,set4,46,2020,252,0.0009631381910465742,0.06050061931735402,0.0036532274924731276,2.838269207441968,0.09471479250874097,22.414504928277225,0.8916603509920636,10.222040792558024,1.0,1.0
onenas_8isl,set4,46,2021,252,0.020871286683079526,1.5174932887840424,0.024033819273697028,14.627582158510632,0.993958965730962,15.971136075391026,0.7284486017857148,7.313867841489374,1.0,1.0
onenas_8isl,set4,46,2022,251,0.00920030871476157,0.7164060592068091,0.008951786878388936,-12.030457462465666,-0.7457123935899416,18.258241185882433,1.105799286454184,9.821007462465657,1.0,1.0
onenas_8isl,set4,46,2023,250,0.02832169166964496,2.1944284088164743,0.0288762074984662,21.943651219635175,1.6815540026321258,6.5713089633883035,0.9277993344000008,6.900758780364821,1.0,1.0
onenas_8isl,set4,46,2024,246,0.0205992079325526,1.8726546760627132,0.024554222020121412,7.702116802253216,0.7203866154214585,5.762850513976885,0.8675041863821141,6.5335531977467864,1.0,1.0
onenas_8isl,set4,46,2022-24,747,0.019353554961478406,2.7275304838495784,0.0207580843347283,17.60860159609726,0.4357347992830894,18.258241185882433,0.9678854411646581,23.26202840390274,1.0,1.0
onenas_8isl,set4,46,2020-24,1251,0.015954740707037667,2.6631831060630855,0.01797236193694398,35.0917074034796,0.3863369231478168,22.414504928277225,0.904067519144685,40.78068259652038,1.0,1.0
onenas_8isl,set4,47,2020,252,-0.002873193053146485,-0.1733145130251493,-0.0019792117362569315,-13.12575877589301,-0.40990982473991244,30.39080830581088,0.9606223353174602,11.520178775893008,1.0,1.0
onenas_8isl,set4,47,2021,252,0.013868879367320867,1.0728493274501723,0.020809375632181628,-1.4253681466728503,-0.1080696623345795,17.412354555966644,0.8874681140873012,9.361628146672851,1.0,1.0
onenas_8isl,set4,47,2022,251,0.010031184477063138,0.7491303300232354,0.014508905894976517,-3.4935618684819056,-0.2259194529564963,12.770955177802303,1.1295789575697208,10.124801868481901,1.0,1.0
onenas_8isl,set4,47,2023,250,0.030681448824593453,2.6023987235705337,0.03023070459175694,13.676339403866624,1.0997603482792457,5.621038395957944,0.9435629848000004,7.2453405961333806,1.0,1.0
onenas_8isl,set4,47,2024,246,0.018321913705167177,1.7221570410124019,0.020746301920361934,15.656955806020074,1.6145547579971007,4.052485067206128,0.9277262237804875,7.040764193979914,1.0,1.0
onenas_8isl,set4,47,2022-24,747,0.019672530497138317,2.837834228826714,0.021824634270398095,25.858298780441668,0.6771676148456319,12.770955177802303,1.000585466599733,24.39234121955834,1.0,1.0
onenas_8isl,set4,47,2020-24,1251,0.013961865093952251,2.3578818224166045,0.01682510239948873,11.291822759208971,0.12332962338701572,30.39080830581088,0.9699963161870521,45.289497240791,1.0,1.0
onenas_8isl,set1,48,2020,253,-0.028368112600055236,-1.889179363085702,-0.027867109525610122,-40.705897270935594,-1.5071199830239077,50.4399610869247,1.014480078853755,13.192547270935604,1.0,1.0
onenas_8isl,set1,48,2021,252,0.013249333980273222,0.9044296727249681,0.0049968792937806605,9.956568099608067,0.5617342389280273,9.939172014818224,0.7056366996031744,7.392211900391938,1.0,1.0
onenas_8isl,set1,48,2022,251,-4.68884229515352e-05,-0.003535395574936657,-0.0018255847943294907,-0.5695415143727751,-0.029968719574531663,21.282527537368342,0.8792736362549796,7.778831514372782,1.0,1.0
onenas_8isl,set1,48,2023,250,0.0024104291371264902,0.19833625866981758,0.003055098909470578,-3.694238588335394,-0.28089776904563546,10.06455317475949,1.1581560804000004,8.075018588335393,1.0,1.0
onenas_8isl,set1,48,2024,243,0.020623374095907816,1.884858850217082,0.013160368828550198,7.5346450512459935,0.6078308852302348,7.092820857499758,1.2273897716049393,9.699684948754,1.0,1.0
onenas_8isl,set1,48,2022-24,744,0.007529997574497831,1.0708259016854231,0.004709035711463226,3.2865765672158984,0.07256911565825347,21.282527537368342,1.0856183371639794,25.5378234327841,1.0,1.0
onenas_8isl,set1,48,2020-24,1249,0.0014123441718504946,0.2365375030532726,-0.0018315793103426694,-27.420465925957586,-0.2954242404425673,53.09704335626998,0.9939952526020829,46.08029592595765,1.0,1.0
onenas_8isl,set1,49,2020,253,-0.021169082241002394,-1.3907176421956888,-0.017644096332860525,-51.9824214185937,-1.5541673150235695,64.7114987468082,0.7803510677865613,9.492401418593692,1.0,1.0
onenas_8isl,set1,49,2021,252,-0.003088094315540544,-0.23997754231244411,0.00071574278211061,-18.491422247840166,-1.133099372388816,26.413931104124323,0.9867886089285711,10.308362247840167,1.0,1.0
onenas_8isl,set1,49,2022,251,-0.0010091113778288169,-0.06099887080444766,0.005175401065088413,-13.787965293383431,-0.6187826395533763,23.218657043760267,0.9666688187250991,8.123215293383426,1.0,1.0
onenas_8isl,set1,49,2023,250,0.009707226120393759,0.7021696259056217,0.006996844827386969,-12.5725936068212,-0.723256432223097,18.131619917376756,1.2338197894000005,8.520923606821192,1.0,1.0
onenas_8isl,set1,49,2024,243,0.02483789194279498,1.9661620558675805,0.01877132914289131,12.590033706360652,0.9240918909871277,8.63154224621492,1.2159676697530868,9.794396293639355,1.0,1.0
onenas_8isl,set1,49,2022-24,744,0.011033773274680898,1.3214795034307583,0.01022805088159479,-13.766842762242046,-0.25404034109333873,36.32603390104606,1.137461699260752,26.434852762242052,1.0,1.0
onenas_8isl,set1,49,2020-24,1249,0.001661448952660334,0.25931578593718857,0.0026629949277699625,-84.2232766645479,-0.7759495049086033,99.75863495581123,1.0338557494395522,46.2182066645478,1.0,1.0
onenas_8isl,set1,50,2020,253,-0.02138674641612441,-1.3605730173758706,-0.021217095416787082,-56.782098112633975,-1.896462199594396,81.1216827732544,0.8718078466403163,11.306218112633953,1.0,1.0
onenas_8isl,set1,50,2021,252,0.006917151528473149,0.4277866257217147,0.0019692673209502063,-9.38821516349001,-0.47254191883663105,19.434228749779848,0.8525270948412695,8.549445163490011,1.0,1.0
onenas_8isl,set1,50,2022,251,0.005952974171709452,0.3792357561748879,0.0007954357467244409,-1.3028819129680032,-0.061601715171017396,18.094974216063843,1.044171609163346,8.797241912968015,1.0,1.0
onenas_8isl,set1,50,2023,250,0.004125118122423464,0.310423049342648,0.0064620488601316245,-6.635387308973109,-0.41863443050193483,10.512919811375014,1.0118510409999997,6.928347308973113,1.0,1.0
onenas_8isl,set1,50,2024,243,0.02668113776358655,2.200122758228803,0.027041413736726003,24.533959900877722,1.5694795861934745,6.989256769843023,0.7676342886831263,6.0197500991222626,1.0,1.0
onenas_8isl,set1,50,2022-24,744,0.012108860919699555,1.517874337945568,0.011271814684791881,16.62097619022308,0.3129430132365764,18.094974216063843,0.9417886851478507,21.72005380977696,1.0,1.0
onenas_8isl,set1,50,2020-24,1249,0.004276435441274807,0.6489698896328219,0.0028138993994535465,-49.5582083951968,-0.46929455659279457,82.55384696807864,0.9097758168935148,41.58458839519676,1.0,1.0
onenas_8isl,set1,51,2020,253,-0.011159822268484085,-0.7893061050433454,-0.012082629381133091,-44.407217626657605,-1.5964387505842412,64.46187627123957,0.8606210956521734,11.575597626657629,1.0,1.0
onenas_8isl,set1,51,2021,252,0.014878804754245616,1.2332741275882257,0.008822282919263628,13.256769798818556,0.903107336906456,7.658323529956755,0.7694932529761909,8.00208020118143,1.0,1.0
onenas_8isl,set1,51,2022,251,-0.0005209536845204733,-0.03907992365110169,-0.0026764611474621434,6.751957953427498,0.37966834433772056,13.380572944333036,0.8783954946215146,7.4377020465724994,1.0,1.0
onenas_8isl,set1,51,2023,250,0.0018410140230642358,0.14672870641285207,0.005941692551230056,-14.359420712924992,-1.0034555705039794,17.773589879403715,0.9251086429999996,6.184870712924979,1.0,1.0
onenas_8isl,set1,51,2024,243,0.025232853503395988,1.9921193412724485,0.02295178012451223,20.684814864516074,1.3438914882163668,7.170842757856863,1.0127400773662552,7.5930951354839324,1.0,1.0
onenas_8isl,set1,51,2022-24,744,0.008684243994995488,1.169421346764233,0.008589938118348102,13.09502880950262,0.2746289441556931,22.03953763614768,0.937575687567205,21.19799119049736,1.0,1.0
onenas_8isl,set1,51,2020-24,1249,0.005914412567189798,1.0187582971053628,0.004449338688774019,-18.049845345396662,-0.19319004498286815,64.46187627123957,0.8879236972778224,40.770095345396676,1.0,1.0
onenas_8isl,set2,48,2020,253,0.01733921088886166,1.1333520804180386,0.012226024632902066,24.70540460950086,0.7563175859188483,29.812544578176087,1.087930351976285,13.740185390499128,1.0,1.0
onenas_8isl,set2,48,2021,252,0.014137526696963405,0.9190771446890493,0.01367690288682799,8.464501786038445,0.49186678838945624,21.548058323354145,1.008901526984127,11.18359821396154,1.0,1.0
onenas_8isl,set2,48,2022,251,0.015824802601357518,1.2328882895591566,0.015366003063864321,6.217247230164861,0.3606662127713728,24.637058312306863,0.9414538996015935,9.497522769835157,1.0,1.0
onenas_8isl,set2,48,2023,250,0.01916845639711644,1.4883357672274553,0.016370767276972373,6.025586747304661,0.40371065534663475,10.300088683661308,1.0057750925999995,7.919463252695342,1.0,1.0
onenas_8isl,set2,48,2024,245,0.03398951002226867,3.1108526576932305,0.028644081849120397,25.091492641856057,2.0220426149867072,8.363746650915548,0.9229231573469393,8.15241735814394,1.0,1.0
onenas_8isl,set2,48,2022-24,746,0.022910951082675136,3.2367293236564945,0.020063483433388117,37.33053597082463,0.8317544183181922,24.637058312306863,0.9579936030160852,25.57319402917542,1.0,1.0
onenas_8isl,set2,48,2020-24,1251,0.02001682381310345,3.2937761766668663,0.01719194436523774,70.49103120161226,0.7012660914895793,29.812544578176087,0.9946989426858512,50.50638879838768,1.0,1.0
onenas_8isl,set2,49,2020,253,0.021835292827801608,1.3688203705886721,0.0205543541324727,36.54024851138802,1.0176639377876748,30.8240081396635,1.2742045452569173,16.47859148861196,1.0,1.0
onenas_8isl,set2,49,2021,252,0.02726108634835697,1.8315501564330616,0.02704254614389501,14.183087265990322,0.8722585312404907,13.917206652884884,1.2582033438492066,14.06944273400969,1.0,1.0
onenas_8isl,set2,49,2022,251,0.019727799957013955,1.4478171114968332,0.01531083476926495,5.731801121601639,0.30076647340895324,22.850313931498395,1.3274287029880483,13.407138878398355,1.0,1.0
onenas_8isl,set2,49,2023,250,0.02376909223357056,1.7185849799683333,0.022202145640684245,20.632937562758816,1.2471090650413548,8.355221909012004,1.369193847000001,11.118132437241194,1.0,1.0
onenas_8isl,set2,49,2024,245,0.0333224474137957,2.639564524486237,0.031873315196224696,17.644560621236604,1.2350937338124737,12.756495276334116,1.3678257832653062,12.507429378763385,1.0,1.0
onenas_8isl,set2,49,2022-24,746,0.02554685048791298,3.3098609014846816,0.02305967581813889,44.0252350583271,0.8783473056884449,22.850313931498395,1.3550935062332414,37.016764941672896,1.0,1.0
onenas_8isl,set2,49,2020-24,1251,0.02514154541103346,3.9500586292145923,0.02335530886019884,94.74444154260993,0.8692019745567053,30.8240081396635,1.3194686258193458,67.56892845739002,1.0,1.0
onenas_8isl,set2,50,2020,253,0.017848518550158003,1.2309352951332173,0.016870078817157477,12.445365478772386,0.43369354257551396,24.1545892614978,1.1274912383399214,14.473984521227628,1.0,1.0
onenas_8isl,set2,50,2021,252,0.0249278158376739,1.7556619001611768,0.024342642898760376,9.890740933414452,0.582697548813084,17.1241011356759,1.1724099134920636,12.758399066585536,1.0,1.0
onenas_8isl,set2,50,2022,251,0.019594594978747437,1.4306316827863899,0.018870276975805265,4.224943975800504,0.2195720576457193,25.707767204653692,1.2673566079681262,12.218366024199497,1.0,1.0
onenas_8isl,set2,50,2023,250,0.019752114476885407,1.5183193231550718,0.02098003963912272,10.395905148855267,0.7022366458419897,11.367057491401926,1.269235953599999,10.163754851144747,1.0,1.0
onenas_8isl,set2,50,2024,245,0.03317512094805443,2.8772323345417616,0.033136752037148304,21.12972520622639,1.5930921045685351,8.95633796765834,1.3732112432653052,11.780104793773612,1.0,1.0
onenas_8isl,set2,50,2022-24,746,0.024107475323271156,3.2658168569956088,0.02426267249304174,35.72690021771242,0.7472665390269839,25.707767204653692,1.3039536398793556,34.185899782287564,1.0,1.0
onenas_8isl,set2,50,2020-24,1251,0.02300692356150604,3.8292597666810044,0.022783716731444918,58.048954072060496,0.601431809211358,24.1545892614978,1.2420209525179862,61.43233592793957,1.0,1.0
onenas_8isl,set2,51,2020,253,0.01762206120702067,1.1587910025332522,0.01363271964875442,8.048281952957957,0.2392271923754282,41.72202859266788,1.3494023786561269,18.55397804704204,1.0,1.0
onenas_8isl,set2,51,2021,252,0.021720745139764228,1.5091286538424886,0.024452854887506068,19.68841688492316,1.2038468642259363,16.374422261076713,1.3396467757936512,15.808983115076856,1.0,1.0
onenas_8isl,set2,51,2022,251,0.008249357212961413,0.6489456610834299,0.006831988298743306,-12.636779896492307,-0.73941987533903,33.52276489500239,1.296013840836653,12.931989896492327,1.0,1.0
onenas_8isl,set2,51,2023,250,0.01172427785304797,0.9170387239573409,0.014832854557070962,-10.205395336663774,-0.6567644959803152,16.760395915736208,1.1690050849999993,8.956895336663774,1.0,1.0
onenas_8isl,set2,51,2024,245,0.031262899495486135,2.570076255255632,0.03196216387150001,15.725595080052901,1.1326405709674918,9.76280226784289,1.3863780391836729,12.210584919947085,1.0,1.0
onenas_8isl,set2,51,2022-24,746,0.016971941689154692,2.3400010827184006,0.01776645154258688,-7.112918262310219,-0.15249564659179066,33.52276489500239,1.2839293644101872,34.0958082623102,1.0,1.0
onenas_8isl,set2,51,2020-24,1251,0.018060014197207222,2.9890191000366113,0.018277354399325506,20.59745244852442,0.20047442122506628,41.72202859266788,1.3091243790967213,68.4850975514756,1.0,1.0
onenas_8isl,set3,48,2020,253,-0.001853794522086005,-0.12333510401152903,-0.00479651800347562,20.910214663230278,0.7174321308629165,21.843975339315335,0.7311935411067195,8.842945336769734,1.0,1.0
onenas_8isl,set3,48,2021,252,0.0009247611029613585,0.07605516381372122,-0.0001974862403766506,0.2821983770598738,0.018780157581769964,12.479862217130623,0.678398400198413,7.066011622940128,1.0,1.0
onenas_8isl,set3,48,2022,251,-0.0011796849903726353,-0.08749644804236612,0.0069253418993418326,4.863363243936619,0.25101406710802077,21.30161787294564,0.7292368747011955,6.617566756063383,1.0,1.0
onenas_8isl,set3,48,2023,250,0.012652043870132704,1.258607941481569,0.013264624971551998,10.087894024831881,0.8458682632146342,7.994616971390049,0.8754610557999999,6.259025975168123,1.0,1.0
onenas_8isl,set3,48,2024,244,-0.016362228050266433,-1.4899997845465813,-0.008265648871937765,-12.522685947533487,-0.9662709488252964,17.63416840586207,0.7779598436475407,6.078295947533474,1.0,1.0
onenas_8isl,set3,48,2022-24,745,-0.0015107028312957983,-0.2251630779893897,0.004077313738080517,2.4477848592294227,0.054078795935339666,21.30161787294564,0.7932002132885903,18.935675140770584,1.0,1.0
onenas_8isl,set3,48,2020-24,1250,-0.0010891550603654922,-0.19499690570519357,0.0014194505179325897,23.655933903417967,0.25300454667797595,23.218977303568536,0.7572778213999996,34.828896096582056,1.0,1.0
onenas_8isl,set3,49,2020,253,0.005597210945543332,0.359554075130385,0.0052464323093649665,12.882758983564763,0.4078590074245471,44.01656450867744,0.8605766326086963,10.491901016435225,1.0,1.0
onenas_8isl,set3,49,2021,252,0.015872356137223646,1.1678906683679882,0.018079451915080143,26.085307889262037,1.5634233285469314,7.427081765420082,0.8159355111111115,8.384092110737937,1.0,1.0
onenas_8isl,set3,49,2022,251,0.005823492748808691,0.43087552027839565,0.006935424762383771,-14.056878281705268,-0.7196162673269412,20.451964697090876,1.0686326561752975,9.302128281705281,1.0,1.0
onenas_8isl,set3,49,2023,250,0.00790179287001552,0.6706507183300343,0.00990569620874172,1.3667075419110224,0.10409724588050083,11.576942377674108,1.0078841552,7.154952458088968,1.0,1.0
onenas_8isl,set3,49,2024,244,0.005273210357615044,0.4125282582557089,0.00787204646939749,-14.378761221084963,-0.9499561548886446,16.706914291483844,1.0677421608606559,8.157171221084964,1.0,1.0
onenas_8isl,set3,49,2022-24,745,0.0063406821808227164,0.8648527795028508,0.008238919471243951,-27.063926566833306,-0.5592949456682762,30.216020040962242,1.047688482953019,24.609246566833306,1.0,1.0
onenas_8isl,set3,49,2020-24,1250,0.008111789072412614,1.343145702002045,0.00961709141035702,11.923565977813679,0.11784441317953122,44.01656450867744,0.9630271195200006,43.46581402218622,1.0,1.0
onenas_8isl,set3,50,2020,253,-0.00604208494019037,-0.4437323364410832,-0.00199435028504114,-13.335106690967285,-0.5181073526265297,35.31988147521932,0.9490156847826094,11.210406690967284,1.0,1.0
onenas_8isl,set3,50,2021,252,0.002785812363776268,0.21409057658791883,0.007481775089193406,0.5446814214948528,0.03128114076530488,15.83535181077278,0.7114137490079362,7.290968578505145,1.0,1.0
onenas_8isl,set3,50,2022,251,-0.0014307770578762017,-0.11308287462505845,0.0058459118696974,-17.753746697256666,-1.0617482628424382,26.24234345558401,0.8478834328685266,7.646586697256691,1.0,1.0
onenas_8isl,set3,50,2023,250,0.02198856240343518,1.771222077319127,0.020821344009080093,28.757456454946663,2.008519248158819,4.816419807886808,1.1946846710000005,8.538163545053347,1.0,1.0
onenas_8isl,set3,50,2024,244,0.0031262710367052754,0.25947256279318887,0.003595715623817712,-16.430990483400905,-1.2008780536709291,19.04812277650562,1.5256021129098365,11.932760483400905,1.0,1.0
onenas_8isl,set3,50,2022-24,745,0.007920571399044238,1.1080227017055013,0.0101342476426518,-5.427511954762769,-0.12064881245191512,26.24234345558401,1.185960579127517,28.1177419547628,1.0,1.0
onenas_8isl,set3,50,2020-24,1250,0.00405936233447313,0.7110030190526075,0.007144680955309538,-18.192825028924542,-0.20142689911576636,37.297747218529175,1.0418674959199998,46.59400502892446,1.0,1.0
onenas_8isl,set3,51,2020,253,0.0037291981182267665,0.22720066000216027,-0.0015172927350096148,9.5561901759459,0.3214984790011352,38.191661736695025,0.7392299177865609,8.68010982405409,1.0,1.0
onenas_8isl,set3,51,2021,252,0.0015436835585746905,0.10054202422414105,-0.0025546765243025064,-14.240073934768565,-0.7588422605360049,26.412766761570243,0.7535973045634925,7.871343934768562,1.0,1.0
onenas_8isl,set3,51,2022,251,0.006535788346484922,0.4199886788472566,0.005157322020900866,2.038668212589698,0.0941017393412659,13.485794582182745,0.8268025874501989,7.355521787410298,1.0,1.0
onenas_8isl,set3,51,2023,250,0.008784487256488633,0.6937529264130284,0.004263849234106366,-2.396340618616071,-0.15867647262043086,10.636968091112271,0.8286100686000001,5.858070618616072,1.0,1.0
onenas_8isl,set3,51,2024,244,0.00450309703292913,0.3459399174188286,0.003831234682325999,0.27756513469925886,0.017900378634750476,11.940362218348895,0.7931458440573771,6.287574865300738,1.0,1.0
onenas_8isl,set3,51,2022-24,745,0.006624644785402118,0.8309925138527501,0.00442318308491309,-0.06924204466209366,-0.001308666776412164,13.485794582182745,0.8161216836912747,19.49030204466211,1.0,1.0
onenas_8isl,set3,51,2020-24,1250,0.005014284596637424,0.7636230908745546,0.0018140942817428706,-4.7418608436744165,-0.04564421139818552,38.191661736695025,0.7879660674399989,36.03049084367441,1.0,1.0
onenas_8isl,set4,48,2020,252,0.006322439641260567,0.41596871340086705,0.0003798404822924502,-6.546469707780017,-0.2650268410892055,22.31391417050543,0.8463921446428571,9.931869707780029,1.0,1.0
onenas_8isl,set4,48,2021,252,0.01820829106797346,1.3815893185797876,0.0219723175192557,8.06531506591807,0.5553813669185538,13.348175173652487,0.7386266876984128,7.582914934081928,1.0,1.0
onenas_8isl,set4,48,2022,251,0.021735094366225227,1.647782691952046,0.021701515064413833,16.544262310469744,1.0903890811139205,12.547355055599485,1.153963146613546,10.361187689530261,1.0,1.0
onenas_8isl,set4,48,2023,250,0.03657688303237077,2.89337243333888,0.0359217288630479,21.61024680699091,1.7482653624738222,7.207776198637992,1.1720394650000001,8.116283193009085,1.0,1.0
onenas_8isl,set4,48,2024,246,0.022907749612764875,2.1685359657437666,0.028070067069403792,8.892195143024512,0.8550179980814281,6.135159380985882,0.9079912971544714,7.1041548569754855,1.0,1.0
onenas_8isl,set4,48,2022-24,747,0.027088401403956325,3.847306105113963,0.028557896915666906,47.04129033739716,1.2281291949255082,12.547355055599485,1.079813619410978,25.587039662602805,1.0,1.0
onenas_8isl,set4,48,2020-24,1251,0.021116530765373585,3.616666168733057,0.021555150129810803,48.56094176103461,0.6011100179675873,22.31391417050543,0.9640743711830543,43.101018238965345,1.0,1.0
onenas_8isl,set4,49,2020,252,0.010707589805006327,0.6883735900468367,0.004457269641834873,13.060911804427189,0.4701867159782264,18.41529880321736,0.8972263912698419,10.436828195572797,1.0,1.0
onenas_8isl,set4,49,2021,252,0.009769295509784361,0.7545856965346549,0.013961453181994337,-7.8081262851428095,-0.5515537035841725,20.915565994554676,0.7764121748015869,8.059336285142807,1.0,1.0
onenas_8isl,set4,49,2022,251,0.009708314112001537,0.7949040068537375,0.01090611841516304,-4.465951707919712,-0.32753102036117837,13.117547866721052,0.9790795910358567,8.732921707919703,1.0,1.0
onenas_8isl,set4,49,2023,250,0.01744394395304809,1.3995496698051846,0.018487172454998608,7.140784049268563,0.5757668965188766,9.083969796979204,1.0256079026000002,7.436845950731442,1.0,1.0
onenas_8isl,set4,49,2024,246,0.013524771992963596,1.2659466193958941,0.013368125213816388,-1.4049023362587116,-0.14080206249382915,10.710643316712055,0.8845243093495939,6.78095233625871,1.0,1.0
onenas_8isl,set4,49,2022-24,747,0.01355403847475696,1.987492721205164,0.014254066450541374,1.2683621814333665,0.035009033886267846,19.398774639010558,0.9633804179384202,22.95228781856661,1.0,1.0
onenas_8isl,set4,49,2020-24,1251,0.012218258864884656,2.1223495175936815,0.012221667298288863,6.549819423383553,0.07822055094349456,26.722553311151852,0.9120826041966421,41.41978057661641,1.0,1.0
onenas_8isl,set4,50,2020,252,0.007025881735508022,0.45844760520922395,0.0024778432703614107,9.389642871304178,0.3705593207014566,21.371603602853174,0.8199872621031752,9.845917128695827,1.0,1.0
onenas_8isl,set4,50,2021,252,0.014262250428010772,1.1063389649878204,0.016758920775118074,7.200359466157279,0.51230181457006,10.195014551426377,0.47295067956349185,5.17425053384272,1.0,1.0
onenas_8isl,set4,50,2022,251,0.0012472000588511867,0.09660560847813758,-0.0008796618765731869,-5.5700810271267365,-0.3595302140131532,16.18448622032613,0.7504850737051796,6.643931027126735,1.0,1.0
onenas_8isl,set4,50,2023,250,0.03765189792027797,3.0211463074769616,0.03546439005607074,34.253292887938265,2.7422949758823667,4.839819024560195,0.7911244953999998,5.844857112061726,1.0,1.0
onenas_8isl,set4,50,2024,246,0.02482013856033884,2.455316211304841,0.02868190108270742,15.855205634706312,1.5450093024231963,8.625208018126331,0.733560515650407,5.642124365293694,1.0,1.0
onenas_8isl,set4,50,2022-24,747,0.0211938096126968,3.0758665025939114,0.02101880863365976,44.55802298485854,1.1482541901468186,16.18448622032613,0.7575835980589035,18.111307015141474,1.0,1.0
onenas_8isl,set4,50,2020-24,1251,0.016943553226132075,2.942063257259341,0.016425831006238747,61.166068170731734,0.7485862970607745,21.371603602853174,0.712425815267785,33.1134318292682,1.0,1.0
onenas_8isl,set4,51,2020,252,0.015923620583391973,1.0873826217856157,0.014484879886231887,21.453039610754722,0.8745114983330493,14.585154597865408,0.8939513523809528,10.63783038924528,1.0,1.0
onenas_8isl,set4,51,2021,252,0.011266739469895948,0.8679941078330425,0.013538020222157401,5.360229446228024,0.3663118100948242,12.575671036874358,0.5620713378968256,5.813020553771983,1.0,1.0
onenas_8isl,set4,51,2022,251,0.007182368459631828,0.5311340730668999,0.006198270326734878,-3.320278904644971,-0.21902517617797765,11.95278548060143,0.870875901593625,7.650788904644964,1.0,1.0
onenas_8isl,set4,51,2023,250,0.031835401518568174,2.7745379524434926,0.0309520408799376,29.496342499133,2.3805064754662593,6.093264611845204,0.6514179391999998,4.656597500866991,1.0,1.0
onenas_8isl,set4,51,2024,246,0.024273497176520897,2.440707231928499,0.0255810496196513,21.33155709935934,2.127220528042668,6.34653738727465,0.5465989296747966,4.138642900640665,1.0,1.0
onenas_8isl,set4,51,2022-24,747,0.021061452702053222,3.1006694888713406,0.020865748699369576,47.51774823293088,1.2473984292393125,11.95278548060143,0.6901095841365463,16.435901767069083,1.0,1.0
onenas_8isl,set4,51,2020-24,1251,0.018053457955125748,3.19423750130432,0.018104304640881835,74.34977277190472,0.9244068894535135,14.585154597865408,0.7047484799760211,32.86799722809534,1.0,1.0
onenas_20isl,set1,42,2020,253,-0.014339222127863779,-0.955619540835951,-0.020024780454418287,-24.753183659652166,-0.8821707934619125,40.75835654954466,0.8628174239130437,11.087823659652155,1.0,1.0
onenas_20isl,set1,42,2021,252,0.008460560041209831,0.5870283697287927,0.003375558324667947,-0.6733296705166733,-0.04027700253376531,18.115379838230833,0.7094572158730166,7.425809670516674,1.0,1.0
onenas_20isl,set1,42,2022,251,0.01148299345507674,0.7842779359259188,0.0016683203243667132,10.42372336166657,0.5117830880799253,13.601127300376376,0.6884349503984066,5.836976638333413,1.0,1.0
onenas_20isl,set1,42,2023,250,0.00916172704385997,0.7082073254259108,0.006135902671963284,-7.136783872159983,-0.47410916244893647,11.585269353772167,0.6631780031999998,4.42380387215999,1.0,1.0
onenas_20isl,set1,42,2024,243,0.02432475542074535,2.030772070080443,0.0192082884258815,8.0329659880965,0.5120854145724523,11.786639948401914,0.6732905419753085,5.192324011903505,1.0,1.0
onenas_20isl,set1,42,2022-24,744,0.014897283179341907,1.947695054486395,0.008898303974322676,11.330272449418844,0.2199987102041636,14.88148696723377,0.6739307528225809,15.44273755058113,1.0,1.0
onenas_20isl,set1,42,2020-24,1249,0.007676394409500173,1.2373393096573222,0.0019253077660084602,-14.060463386702846,-0.14262918552561005,40.75835654954466,0.7188905785428348,33.92059338670288,1.0,1.0
onenas_20isl,set1,43,2020,253,0.00017567617407716286,0.013891631620789897,-0.00039629446813497555,-14.58231687790732,-0.510498607943354,45.685370774521886,0.7577739612648222,10.275626877907309,1.0,1.0
onenas_20isl,set1,43,2021,252,0.019782855335392285,1.7517268243663513,0.014503757895018782,14.154795414507015,0.9867392402296332,10.073030112321426,0.849153717857143,8.607534585492969,1.0,1.0
onenas_20isl,set1,43,2022,251,-0.0049297394137730296,-0.41310803212820285,-0.005281408433467919,-6.926204771680969,-0.41643378747005877,17.438514281545448,0.8423745436254978,7.27109477168096,1.0,1.0
onenas_20isl,set1,43,2023,250,0.008564394883740205,0.6761692988490033,0.005553632443027228,-4.127069376944232,-0.275216795404748,18.89155852327514,0.7544360661999998,4.980129376944226,1.0,1.0
onenas_20isl,set1,43,2024,243,0.03247074467335146,2.794884693087181,0.026028493877675668,9.895812428596514,0.6850006439322993,11.261342006113455,1.0876936189300412,8.204067571403481,1.0,1.0
onenas_20isl,set1,43,2022-24,744,0.011820060596374233,1.6901468128930213,0.008585616406225198,-1.1388026139217655,-0.024707433287477914,27.506533307669155,0.8916122334005371,20.43663261392175,1.0,1.0
onenas_20isl,set1,43,2020-24,1249,0.011067934908136758,2.051958194757357,0.007960274696027328,-1.5448396141519505,-0.016653807078218043,45.685370774521886,0.8554676631305053,39.29830961415192,1.0,1.0
onenas_20isl,set1,44,2020,253,-0.017183327294400086,-1.2639324015033986,-0.01296127680320941,-40.81991303038721,-1.4481279754262868,56.569819018398526,0.5429440970355733,7.012913030387274,1.0,1.0
onenas_20isl,set1,44,2021,252,0.017175504595237156,1.3574063393946814,0.008131181295760822,5.3348078701995005,0.34136732811892645,12.14147306671167,0.5157239553571432,5.265622129800494,1.0,1.0
onenas_20isl,set1,44,2022,251,0.0005523419913247003,0.046122530725309016,-0.006276656873261431,5.979522653021946,0.3687482328670319,11.571920321724392,0.4868035569721114,4.077397346978056,1.0,1.0
onenas_20isl,set1,44,2023,250,0.010296714564439828,0.9420034586221526,0.008329305263789881,13.473696024829703,1.0908022633599557,7.778529947496778,0.5156646871999997,3.531373975170302,1.0,1.0
onenas_20isl,set1,44,2024,243,0.016299373633306326,1.5358203342910872,0.0075425030660195335,12.006080512739485,0.9223050856493201,7.817159357164501,0.6050953567901238,4.73424948726051,1.0,1.0
onenas_20isl,set1,44,2022-24,744,0.008969844454067061,1.3878416346876734,0.003144776459410749,31.48461546960325,0.7530400841223778,11.571920321724392,0.5339338862231182,12.317704530396776,1.0,1.0
onenas_20isl,set1,44,2020-24,1249,0.005327789933020362,0.9896542845199782,0.0008883653651892269,-3.9453944281164617,-0.0438649982089988,56.569819018398526,0.530977564131305,24.541144428116564,1.0,1.0
onenas_20isl,set1,45,2020,253,-0.004594192106063579,-0.28702979735824197,-0.012078844096501212,9.76965030361319,0.30965441962659435,25.817080315519636,0.7833065361660081,10.386689696386792,1.0,1.0
onenas_20isl,set1,45,2021,252,0.01130408218661167,0.7846021841175709,0.00223580349892065,4.79571377435579,0.27989724367700064,11.815438873002321,0.8382026069444447,8.428596225644208,1.0,1.0
onenas_20isl,set1,45,2022,251,-0.0033248600337658332,-0.26905159980607596,-0.015161008886685276,4.95523461635718,0.30656253184640275,10.217686012807638,0.719039530876494,6.2148053836428145,1.0,1.0
onenas_20isl,set1,45,2023,250,0.002731787186163815,0.21943903034494358,-0.0037703888100056216,6.793501467508461,0.4908980136479799,11.305973814610514,0.7214987216000001,5.0170685324915425,1.0,1.0
onenas_20isl,set1,45,2024,243,0.022230803585228238,1.958987749070532,0.01043987152268843,10.283467491013091,0.7685126878418748,11.248771403293022,1.0248479590534976,7.975512508986913,1.0,1.0
onenas_20isl,set1,45,2022-24,744,0.00705711317107015,1.011828284370027,-0.0029719377057071525,22.0500916902315,0.5075047845399177,13.262939157738169,0.8190802348118277,19.189498309768467,1.0,1.0
onenas_20isl,set1,45,2020-24,1249,0.0055538753462516,0.923387148846912,-0.003765930126287369,36.60992500350738,0.3752831129717845,25.817080315519636,0.8153035953963159,38.01031499649267,1.0,1.0
onenas_20isl,set1,46,2020,253,-0.012881526453300613,-0.9414673346312975,-0.016793607196323338,-65.63646147974069,-2.4630287441085663,69.4253721386973,1.0060449418972337,13.422171479740712,1.0,1.0
onenas_20isl,set1,46,2021,252,0.012471653335483307,0.9467957603687814,0.007620266095210753,-0.997653320936922,-0.061147679668566435,15.272750025325877,0.9544469873015876,9.89646332093692,1.0,1.0
onenas_20isl,set1,46,2022,251,0.0027358823567894598,0.2202787036231562,-0.001678380122461674,-1.9314010050527703,-0.11526386110146443,13.728145895966948,0.7766048784860557,6.653811005052762,1.0,1.0
onenas_20isl,set1,46,2023,250,0.015407684810875186,1.1672989500732638,0.014172914746474788,-3.1509014687893195,-0.1912021554263073,13.395702035082339,0.7478184236,5.0350914687893225,1.0,1.0
onenas_20isl,set1,46,2024,243,0.022236660981937006,1.6422772484436952,0.018794746247543917,1.5046425359440783,0.09163366929414171,13.353446280406175,0.7956614765432096,5.908927464055926,1.0,1.0
onenas_20isl,set1,46,2022-24,744,0.013363086415166196,1.774329679208124,0.010334783083379017,-3.555127490545801,-0.07168570452658277,19.541485707896523,0.7718172172043009,17.575297490545825,1.0,1.0
onenas_20isl,set1,46,2020-24,1249,0.007867067046229293,1.331655873394783,0.004291915972263646,-70.18805467680512,-0.7397837808762905,82.19279339808358,0.8559580642113689,40.89274467680503,1.0,1.0
onenas_20isl,set1,47,2020,253,-0.007798313822753748,-0.5080473007530503,-0.009625647799662549,-23.44973685130984,-0.7896744124083014,36.22052361140274,0.7126868511857707,9.36321685130985,1.0,1.0
onenas_20isl,set1,47,2021,252,0.009789920397991439,0.6915766761357054,0.0041358149889356485,5.218011560179757,0.31902449236672975,14.749440190079863,0.7975556938492063,8.058678439820241,1.0,1.0
onenas_20isl,set1,47,2022,251,0.007605184500739644,0.5310564598256021,0.007449816839341268,12.501801312108778,0.6710292065478392,13.273897646653465,0.6480264621513939,5.564528687891221,1.0,1.0
onenas_20isl,set1,47,2023,250,0.005796664479838112,0.43095302350675563,0.003917663932671594,-8.790251996232143,-0.5633100638754597,10.83445906923547,0.7531671775999998,5.239461996232148,1.0,1.0
onenas_20isl,set1,47,2024,243,0.030367355302680536,2.5718932918742183,0.024170682033028145,25.78030984659189,1.6750451694927553,8.32322976917233,0.7343951006172835,5.724450153408113,1.0,1.0
onenas_20isl,set1,47,2022-24,744,0.01443190157015664,1.8844440231099588,0.011724187827780102,29.51255122883311,0.5926764878488369,13.273897646653465,0.7106291866263438,16.507748771166906,1.0,1.0
onenas_20isl,set1,47,2020-24,1249,0.008992330913797988,1.4468317823214278,0.0058684805666657765,11.282851636601322,0.11375255462981541,36.22052361140274,0.7282738301040841,33.92761836339859,1.0,1.0
onenas_20isl,set1,48,2020,253,-0.010864201366083783,-0.7613483193782951,-0.011272492667693186,-33.10852857572193,-1.1436824169895523,37.55496836948149,0.7839167381422925,10.602628575721944,1.0,1.0
onenas_20isl,set1,48,2021,252,0.011707751086042238,0.9606167916570553,0.007878172126262288,5.8140713616039115,0.3681924346156076,10.565919030273824,0.743114426190476,7.585188638396097,1.0,1.0
onenas_20isl,set1,48,2022,251,0.00030623077479901596,0.02448014738085443,-0.002224637343411732,-1.4744732991696001,-0.08595610574502822,14.3251201703508,0.8881642669322712,7.668233299169591,1.0,1.0
onenas_20isl,set1,48,2023,250,0.017409521808066843,1.4751683255372565,0.011674011894184662,3.5606139341657754,0.25310485888172907,8.794015857781687,1.0478373514000006,7.196116065834226,1.0,1.0
onenas_20isl,set1,48,2024,243,0.022255256134868576,1.767374709591353,0.016541996682209317,7.678157884960084,0.4941664651640881,7.46440161409757,1.0744682816872426,8.32294211503992,1.0,1.0
onenas_20isl,set1,48,2022-24,744,0.013222139270516584,1.8618053805523336,0.00857503251898748,9.76750617876878,0.2084855404463602,14.3251201703508,1.0025347947580636,23.184083821231194,1.0,1.0
onenas_20isl,set1,48,2020-24,1249,0.008037615648781249,1.413910778075669,0.004414077602096402,-17.49423891285433,-0.18378574790321386,42.009115327808374,0.9053609306645309,41.339188912854276,1.0,1.0
onenas_20isl,set1,49,2020,253,-0.01777301144338335,-1.2761776155140012,-0.01671971647706886,-26.482607030177057,-0.997027829005764,44.62301941505365,0.9223844719367591,11.706827030177049,1.0,1.0
onenas_20isl,set1,49,2021,252,0.010696488543547019,0.7159242170275916,-0.0004805768026483127,2.9278600017715117,0.1677935547855972,15.455617004849842,0.7648382964285712,7.5941399982285,1.0,1.0
onenas_20isl,set1,49,2022,251,0.0024652159070570846,0.16499773522995853,-0.009416999456925488,0.23232459325849128,0.01182891309052127,15.801621479235331,0.8957199826693231,7.5384354067415,1.0,1.0
onenas_20isl,set1,49,2023,250,0.02502018681949479,2.0331549294829427,0.01948643440332592,15.493449849748822,1.070616955934191,7.742623625854734,0.9088132250000011,6.0130001502511865,1.0,1.0
onenas_20isl,set1,49,2024,243,0.025865514306205532,2.034684333240481,0.018736999645513897,19.47322600203549,1.2962160430998506,6.0388953758183055,1.0096740047325101,7.619663997964526,1.0,1.0
onenas_20isl,set1,49,2022-24,744,0.017687010583270144,2.2882733671212008,0.009490635283606262,35.20636060371558,0.7107514260880037,15.801621479235331,0.9370750322580654,21.163739396284356,1.0,1.0
onenas_20isl,set1,49,2020-24,1249,0.00909373826401189,1.4688040692812505,0.002169606907956176,11.65155181421847,0.12204296564172469,44.62301941505365,0.8992796012810242,40.464768185781566,1.0,1.0
onenas_20isl,set1,50,2020,253,-0.008687694811233108,-0.563864999709319,-0.014870731492542333,-41.60602204772853,-1.4109739358946116,49.31812006160616,0.8295138841897232,11.04714204772853,1.0,1.0
onenas_20isl,set1,50,2021,252,0.01212222569203309,0.8979522738921529,0.005602396196507762,12.017938948971665,0.7813072348611972,10.128781363086388,0.6275609718253968,6.46934105102833,1.0,1.0
onenas_20isl,set1,50,2022,251,-0.0007759054637998688,-0.06367427890139817,-0.007137081165711749,1.68012268194898,0.09698133545506123,12.319614340591198,0.6975738607569718,5.923167318051017,1.0,1.0
onenas_20isl,set1,50,2023,250,0.01235849736881984,0.9820319096730744,0.007581723320115633,-8.694624462988457,-0.5918171060351856,15.8195211128264,0.6930369003999999,4.660554462988451,1.0,1.0
onenas_20isl,set1,50,2024,243,0.025268736159218427,2.046257488562237,0.019208528921515883,13.56113296155573,0.8827113834118834,12.238463269479533,0.7481839779835394,5.821067038444268,1.0,1.0
onenas_20isl,set1,50,2022-24,744,0.012144052362206002,1.6994502207056732,0.006413569872800563,6.567609963243498,0.1384077261959079,15.566877165160387,0.7115147335349462,16.383810036756486,1.0,1.0
onenas_20isl,set1,50,2020-24,1249,0.007919927177447253,1.3335763481558127,0.0019385146191115811,-22.973398340820047,-0.23872181011005927,49.31812006160616,0.7176908020416336,33.85321834082001,1.0,1.0
onenas_20isl,set1,51,2020,253,-0.014979890053720624,-1.020559591658632,-0.01824156829908912,-22.03036051966756,-0.7800272759201768,40.017599186120314,0.7161807418972336,9.643140519667533,1.0,1.0
onenas_20isl,set1,51,2021,252,0.0012117964741493012,0.09132453437795252,-0.0061179314489486665,-9.27153379174062,-0.5959108935434783,16.92712718381609,0.6907302394841267,7.050973791740606,1.0,1.0
onenas_20isl,set1,51,2022,251,0.004018317126300967,0.2747978988451504,-0.0030302841672937906,9.373277867367621,0.46595300725127226,14.288765135834083,0.7304474063745016,6.26460213263238,1.0,1.0
onenas_20isl,set1,51,2023,250,0.014288997306145478,1.1211519842893594,0.012261308885549447,-3.095357386526539,-0.2192589330147102,14.660156978891523,0.7026746519999998,4.753447386526533,1.0,1.0
onenas_20isl,set1,51,2024,243,0.029048837449097982,2.254801829923662,0.025593804878882916,6.5178116705024225,0.4163333901826992,8.411204535579486,0.8893661415637859,6.755268329497581,1.0,1.0
onenas_20isl,set1,51,2022-24,744,0.015644777453452576,2.0136734359600736,0.011457016775490818,12.811817799621169,0.2543531901776585,14.432835132638605,0.7722185898521507,17.757232200378816,1.0,1.0
onenas_20isl,set1,51,2020-24,1249,0.006529363453373116,1.06648694317597,0.0018952641922822713,-18.46870996922735,-0.1905995318056313,46.037090631894586,0.7438770785028033,34.42997996922737,1.0,1.0
onenas_20isl,set2,42,2020,253,0.027116196698530305,1.8205724303597033,0.023811770179151807,22.299180415631444,0.7657033657078134,24.274658316553026,1.2519151847826089,16.203999584368542,1.0,1.0
onenas_20isl,set2,42,2021,252,0.018984777713244822,1.32677375750604,0.01939053374671641,20.35699200252809,1.2354859323053877,10.131994954014353,1.04460246765873,11.435647997471893,1.0,1.0
onenas_20isl,set2,42,2022,251,-0.0008703883384731079,-0.06951698821481016,-0.004346379712270348,-16.631406029522523,-0.8899056126055893,33.94326503996637,1.1474639027888445,11.324566029522511,1.0,1.0
onenas_20isl,set2,42,2023,250,0.028526012755685854,2.155638786960663,0.025307262920419505,16.97702654430587,1.1798183226300962,9.786190047608583,1.0615320998,8.467093455694119,1.0,1.0
onenas_20isl,set2,42,2024,245,0.0425265460594288,3.7034243952166093,0.03609690268909549,29.920945826938596,2.2234523178145627,8.950815292900396,1.0926711508163276,9.735684173061424,1.0,1.0
onenas_20isl,set2,42,2022-24,746,0.023233296917593533,3.2238561951665177,0.018873479331304847,30.275292332210224,0.6432346770197958,33.94326503996637,1.1008062389410194,29.518617667789773,1.0,1.0
onenas_20isl,set2,42,2020-24,1251,0.023162750798553667,3.8717442153672748,0.01997634527630005,72.91508734488988,0.7585459281989522,24.326562355717847,1.1202159406474832,57.174642655110155,1.0,1.0
onenas_20isl,set2,43,2020,253,0.017437484758609758,1.1169044575029101,0.01847349251625622,10.384255252329028,0.3238662974554312,41.352835812125576,1.164369485177866,15.064454747670954,1.0,1.0
onenas_20isl,set2,43,2021,252,0.02736823777819261,1.8533441914567599,0.02440704737160064,18.193733670208083,1.0767482300991171,14.22373669998267,1.2075524960317459,13.302816329791904,1.0,1.0
onenas_20isl,set2,43,2022,251,0.008021373382931234,0.6315235962508029,0.009629952850232023,-4.553089245854535,-0.2707540920262282,26.51295262251195,1.2222241041832667,11.89123924585453,1.0,1.0
onenas_20isl,set2,43,2023,250,0.013561734017071394,1.0046785389543351,0.011993964283839769,-4.479195543099727,-0.27909488310775804,12.52597906220288,1.1320963954000012,8.770215543099722,1.0,1.0
onenas_20isl,set2,43,2024,245,0.04522763303868363,3.7269857422438695,0.04072147941729167,36.605415944797564,2.779876901330774,8.103375953810769,1.2673299857142861,11.066614055202448,1.0,1.0
onenas_20isl,set2,43,2022-24,746,0.0220972765654974,2.9844214901828976,0.02063320602359871,27.56866628484659,0.5952562113077314,26.51295262251195,1.2077690837131356,31.73253371515343,1.0,1.0
onenas_20isl,set2,43,2020-24,1251,0.022216664973536304,3.592199788686851,0.020956627688138153,56.11864712145761,0.5590524100213726,41.352835812125576,1.1991988296962424,60.127812878542294,1.0,1.0
onenas_20isl,set2,44,2020,253,0.008345844607130327,0.5416042323386585,0.005674760426938218,-0.5742410447954014,-0.016676165718068896,30.532390834019868,1.2445351895256922,15.6784010447954,1.0,1.0
onenas_20isl,set2,44,2021,252,0.03327668633037952,2.30011328259003,0.03202869292416732,15.100014539552776,0.8771233280024815,15.513740297266176,1.2144374240079363,13.311825460447228,1.0,1.0
onenas_20isl,set2,44,2022,251,0.01791463023687463,1.3200116566287086,0.015619147821983564,9.519749776442236,0.5026593758279683,27.43068692664386,1.1718959316733057,11.245460223557778,1.0,1.0
onenas_20isl,set2,44,2023,250,0.01407622053042214,1.0975341937081158,0.014550615943677162,6.351054166971609,0.4372792002590051,11.717390674688783,1.239250684,9.749065833028377,1.0,1.0
onenas_20isl,set2,44,2024,245,0.03957349294754129,3.1759605018391084,0.03544887575622744,18.391378047899043,1.3848126277131658,8.932261584358402,1.3878153528571422,11.990011952100952,1.0,1.0
onenas_20isl,set2,44,2022-24,746,0.02374146527373814,3.170103750652427,0.02177350489210843,34.2432609759621,0.7255383766107731,27.43068692664386,1.2669803308310994,33.003459024037916,1.0,1.0
onenas_20isl,set2,44,2020-24,1251,0.022548646470877873,3.6514720941249386,0.020583516910006733,48.77597524855719,0.464058337187117,30.532390834019868,1.251787268105514,61.98674475144282,1.0,1.0
onenas_20isl,set2,45,2020,253,0.019404774699949865,1.1978365399467705,0.018338417081183167,26.569131983737233,0.8224856741489995,34.39571590263804,1.2350394482213438,15.814358016262743,1.0,1.0
onenas_20isl,set2,45,2021,252,0.029296649879639494,1.9359237670097242,0.030718953921980013,15.942131756889788,0.91765258653452,12.905326412118805,1.2502663273809522,13.807598243110208,1.0,1.0
onenas_20isl,set2,45,2022,251,0.01609165586318393,1.1722280416214037,0.01476063680070357,15.69283157488167,0.8416340871614465,24.00933553258417,1.2824837569721108,12.532198425118315,1.0,1.0
onenas_20isl,set2,45,2023,250,0.024098221232130755,1.7709246494861777,0.023005452399390024,16.759988975070463,1.0785156711683261,9.396559570974215,1.2362730054000004,10.006421024929537,1.0,1.0
onenas_20isl,set2,45,2024,245,0.0398225119490048,3.348986018412917,0.03399654028714111,34.80079654151915,2.7166256315674895,5.0253687253167065,1.168084760000001,10.366393458480845,1.0,1.0
onenas_20isl,set2,45,2022-24,746,0.02656846696675339,3.5081724843294166,0.023841066095407072,67.25158431748153,1.4176416604927595,24.00933553258417,1.2302281806970508,32.90704568251844,1.0,1.0
onenas_20isl,set2,45,2020-24,1251,0.02566925669540731,4.040703519902195,0.02411369401842684,109.74854928245301,1.0756484188378963,34.39571590263804,1.2356493318145487,62.543300717546984,1.0,1.0
onenas_20isl,set2,46,2020,253,0.016817836758745198,1.0952364440380369,0.013893244553475926,28.07596306024015,0.8090726149004803,31.861398478013008,1.1492372541501978,15.19108693975985,1.0,1.0
onenas_20isl,set2,46,2021,252,0.019543419956959577,1.3722199742054026,0.019452805961350208,11.427945619431572,0.6887848252170448,18.389783563676236,1.129567633928573,12.619854380568427,1.0,1.0
onenas_20isl,set2,46,2022,251,0.0074703200177057266,0.5925015306588265,0.00741078455937406,-5.906158080449939,-0.35445195328554735,25.064639059332762,1.096503740438247,11.426328080449945,1.0,1.0
onenas_20isl,set2,46,2023,250,0.01127774024354252,0.8566333495112495,0.01041377306536127,0.8457991358341753,0.05621299985891165,7.605071024738781,1.0988211792000002,8.939500864165824,1.0,1.0
onenas_20isl,set2,46,2024,245,0.03670941785206377,3.3607668665854664,0.028652541286614604,19.910791306909854,1.6168012621777088,6.974822330878062,1.0272607489795924,9.465738693090149,1.0,1.0
onenas_20isl,set2,46,2022-24,746,0.018348917907621172,2.5841185670217475,0.015393328158128399,14.851262737838331,0.3353198161890887,25.064639059332762,1.0748090247319033,29.83073726216165,1.0,1.0
onenas_20isl,set2,46,2020-24,1251,0.018279893915429064,3.057791700843167,0.0159076904718253,54.35674855891399,0.5281238967240656,31.861398478013008,1.100903247961632,57.640101441086024,1.0,1.0
onenas_20isl,set2,47,2020,253,0.026685978816743193,1.7995800508245803,0.02487322544935277,15.781165377515451,0.5780722123472046,28.6097822192318,1.305467868577076,16.821074622484545,1.0,1.0
onenas_20isl,set2,47,2021,252,0.020201982684928666,1.3626856236766678,0.022280333652289635,-2.5062589681060228,-0.14373248415052836,18.051253612771838,1.2136030009920633,13.532588968106019,1.0,1.0
onenas_20isl,set2,47,2022,251,0.022600696755825937,1.7687138233962967,0.015999852180800713,5.9504292884271734,0.32623969984117424,17.58136813040446,1.2917303434262957,13.008880711572834,1.0,1.0
onenas_20isl,set2,47,2023,250,0.018164903774276046,1.376690675744803,0.015552147398138259,3.1651085394064333,0.21548704396282306,8.765398905052127,1.4398010073999992,11.56637146059357,1.0,1.0
onenas_20isl,set2,47,2024,245,0.04331381378620432,3.6079195261380286,0.03777077467536878,28.41325551150362,2.027682860563991,8.397464582723005,1.3717118406122453,11.896614488496361,1.0,1.0
onenas_20isl,set2,47,2022-24,746,0.027916736202280634,3.813214028841766,0.02299978490935777,37.50562818177803,0.7943721604704022,17.58136813040446,1.368687056836463,36.495031818221904,1.0,1.0
onenas_20isl,set2,47,2020-24,1251,0.026113778964140237,4.298196212059667,0.023233740736566057,50.749795206610074,0.5373966154460139,28.6097822192318,1.3252334382493987,66.87943479339,1.0,1.0
onenas_20isl,set2,48,2020,253,0.017057086568845494,1.1385700816998259,0.020854120099931702,23.057568763401402,0.7645642101160097,28.46911519032122,1.1440469420948618,14.48833123659859,1.0,1.0
onenas_20isl,set2,48,2021,252,0.035998742627951795,2.431934720374239,0.03451853357841871,28.138041747331837,1.6837724945385577,8.389121843492555,1.1778904565476185,12.965648252668178,1.0,1.0
onenas_20isl,set2,48,2022,251,0.005270979882938536,0.3920720931316382,0.006764825463816832,-10.973513131487609,-0.5870313624844948,33.56071141418961,1.0991283679282868,10.784233131487603,1.0,1.0
onenas_20isl,set2,48,2023,250,0.02499663523753762,1.8942712154203956,0.020356816361207498,13.624357165966064,0.9061840136325479,8.726724028196324,1.1804958963999996,9.194142834033947,1.0,1.0
onenas_20isl,set2,48,2024,245,0.04116928681394072,3.607593169192716,0.034767514817543504,27.2108764682091,2.1594722523888006,10.618380144556221,1.0958119073469392,9.364273531790872,1.0,1.0
onenas_20isl,set2,48,2022-24,746,0.023671112639969766,3.2150721294960585,0.02051637588742367,29.858246969702506,0.6366191912859873,33.56071141418961,1.1261078143431635,29.346123030297477,1.0,1.0
onenas_20isl,set2,48,2020-24,1251,0.024816767444907444,4.0628892267331915,0.023405259199889922,81.05979987481605,0.8291501994157078,28.46911519032122,1.1401798733413293,56.79416012518401,1.0,1.0
onenas_20isl,set2,49,2020,253,0.007199608530883054,0.46647288924520686,0.006879107205270358,-2.9219883661012354,-0.09348725715777635,41.06990058491808,1.1263644480237143,14.226128366101214,1.0,1.0
onenas_20isl,set2,49,2021,252,0.034944721904309806,2.361285310510151,0.02961393274268104,27.239038356549333,1.5856733916962564,11.2959902565099,1.1199100478174606,12.436121643450685,1.0,1.0
onenas_20isl,set2,49,2022,251,0.013167897884901287,1.0347763376747021,0.011099907740256099,3.3311148873533947,0.18622879824505623,18.537856241228578,0.9644988312749005,9.697225112646604,1.0,1.0
onenas_20isl,set2,49,2023,250,0.018556504793845664,1.4050894200107082,0.014760029580000038,12.501572127662552,0.8243961891736162,12.68372067064846,1.0327094576000009,8.191797872337437,1.0,1.0
onenas_20isl,set2,49,2024,245,0.03811698502414747,3.376752126075811,0.034809000407668635,32.31312167836571,2.491215226287735,6.738192798207206,1.1738079097959186,10.578478321634282,1.0,1.0
onenas_20isl,set2,49,2022-24,746,0.02316746635186029,3.222741793976128,0.020112988388315156,48.14498151687548,1.0385517964964008,18.537856241228578,1.0566360811662199,28.46832848312447,1.0,1.0
onenas_20isl,set2,49,2020-24,1251,0.022310552179606136,3.6677915217786463,0.019350451248418967,72.46005554423203,0.7287407202240018,41.06990058491808,1.0834151259392482,55.13255445576795,1.0,1.0
onenas_20isl,set2,50,2020,253,0.012133750820222796,0.7919734270364677,0.01080179961983747,0.18393886136006948,0.006350796060523364,38.48413594281696,1.275217883794467,16.667911138639912,1.0,1.0
onenas_20isl,set2,50,2021,252,0.018601848224254012,1.265540002912669,0.018957376337816162,6.032625917116519,0.3598891864059441,15.81099894355206,1.2483446603174604,13.562584082883468,1.0,1.0
onenas_20isl,set2,50,2022,251,0.013453888522726139,1.0314755259864485,0.005145325806299277,21.294524767415083,1.1476654362481642,19.913970737882124,1.1068443274900401,10.608575232584915,1.0,1.0
onenas_20isl,set2,50,2023,250,0.023963737974067995,1.8325577220782319,0.01823208572820689,16.52620121463484,1.0628469173201698,11.935726844596685,1.0461481827999994,8.119488785365157,1.0,1.0
onenas_20isl,set2,50,2024,245,0.03971116947453647,3.5847763294465924,0.03506557451254114,27.346834169166968,2.1883647079923043,8.366774554037725,1.1474578806122446,9.965565830833045,1.0,1.0
onenas_20isl,set2,50,2022-24,746,0.025599325782818642,3.559689600161285,0.01935732434987322,65.14991339818198,1.3843072256941007,19.913970737882124,1.1014437416890086,28.711276601817975,1.0,1.0
onenas_20isl,set2,50,2020-24,1251,0.02146650818865793,3.5428128848772587,0.017546505280538745,71.3589912571927,0.7421024865298269,38.48413594281696,1.1662715760191835,58.94925874280719,1.0,1.0
onenas_20isl,set2,51,2020,253,0.020848343070175235,1.4878296884945081,0.022992316874960325,16.8121118887704,0.57725616665122,23.959852978131398,1.2302754300395258,15.93319811122961,1.0,1.0
onenas_20isl,set2,51,2021,252,0.024619886347847317,1.8533782759698096,0.022656632422086206,16.776278832758106,1.0680573852487358,11.553247769125452,1.1548209942460315,13.006191167241905,1.0,1.0
onenas_20isl,set2,51,2022,251,0.013241448832779017,1.0829879858825733,0.00928577704338365,9.744927065391188,0.5501398380932125,21.734730245284496,1.2351866888446217,12.09604293460882,1.0,1.0
onenas_20isl,set2,51,2023,250,0.0175137243684952,1.3502989336758813,0.014676928620834178,9.06908946036303,0.6022809476048852,14.949911087012415,1.2971331745999992,10.601030539636957,1.0,1.0
onenas_20isl,set2,51,2024,245,0.0336345408888913,2.8868822633118176,0.028353623599079097,12.753055538725844,0.9804153989073203,7.844904964485054,1.2654966873469389,11.492674461274166,1.0,1.0
onenas_20isl,set2,51,2022-24,746,0.021370639768002263,3.009501669386213,0.017354691655324692,31.581062799076044,0.686090580872038,21.734730245284496,1.266034249798926,34.1757572009239,1.0,1.0
onenas_20isl,set2,51,2020-24,1251,0.02191953590994533,3.8118863063086295,0.019562851730298085,65.16707807900575,0.688689341342007,23.959852978131398,1.2367312108313362,63.11752192099415,1.0,1.0
onenas_20isl,set3,42,2020,253,-0.016111461808174236,-0.9999127877031995,-0.020652792944503038,-25.473718325709516,-0.8025811246945568,52.09215143987716,0.76402876541502,9.647728325709526,1.0,1.0
onenas_20isl,set3,42,2021,252,0.013927549113340008,0.977204150438648,0.011311902292866195,5.070104893852633,0.28799266130669704,12.976560254816391,0.5968549107142861,6.242065106147367,1.0,1.0
onenas_20isl,set3,42,2022,251,0.007022707765883889,0.4436044987462632,0.01152986414149086,-2.6617256054525913,-0.119034102910929,25.561539776432753,0.6004025713147412,5.411105605452607,1.0,1.0
onenas_20isl,set3,42,2023,250,0.023124840630912864,1.8318806308058893,0.0231781913484069,27.819342004600518,1.9321703651590387,6.332523221972999,0.6351746144000004,4.54396799539948,1.0,1.0
onenas_20isl,set3,42,2024,244,0.003534617104275877,0.2756329879987613,0.005800834657793442,-2.141158130936336,-0.13073702850640959,14.819313493853661,0.6650967622950823,5.196978130936335,1.0,1.0
onenas_20isl,set3,42,2022-24,745,0.011283699839474338,1.4109218174102784,0.013562345494117492,23.045596483030447,0.426459786202082,25.561539776432753,0.631931877919463,15.122913516969586,1.0,1.0
onenas_20isl,set3,42,2020-24,1250,0.00627191913560159,0.971939509108645,0.006183512124768434,2.667619162577583,0.024975936768856562,52.09215143987716,0.6512893847600004,30.987070837422394,1.0,1.0
onenas_20isl,set3,43,2020,253,0.0024515536990755717,0.16713665612277953,-0.004902920177437522,10.56361678077573,0.38922728529682576,33.31744231161801,0.6756816505928854,8.359183219224258,1.0,1.0
onenas_20isl,set3,43,2021,252,0.012402368534741262,1.060873187195506,0.01281798403939079,1.774018855999997,0.12481475269373281,10.42193312402368,0.5277785823412696,5.3662211440000025,1.0,1.0
onenas_20isl,set3,43,2022,251,0.0034999939480118143,0.2576077470960544,0.0070626355518576475,13.873883268660983,0.7130098883534429,24.221962277214246,0.6002437111553788,5.283226731339024,1.0,1.0
onenas_20isl,set3,43,2023,250,0.01824395673135671,1.5527379685879823,0.015336619506138797,32.4973494763591,2.2727723577408345,5.74729573789802,0.7591710308,5.42659052364089,1.0,1.0
onenas_20isl,set3,43,2024,244,-0.0034905748034273743,-0.2663186273295304,-0.002238199737822911,-16.551908442178057,-1.0640528622787089,20.733594848740807,0.9053798202868856,6.702458442178065,1.0,1.0
onenas_20isl,set3,43,2022-24,745,0.006158103908394452,0.8312017427138058,0.0067929606228485625,29.848655855900404,0.5993869028758084,24.221962277214246,0.7524512424161083,17.382944144099604,1.0,1.0
onenas_20isl,set3,43,2020-24,1250,0.0066667418946998016,1.1464083617694494,0.005640359069645572,42.234259301725615,0.45056502906971313,33.31744231161801,0.6907514944799995,31.06038069827434,1.0,1.0
onenas_20isl,set3,44,2020,253,0.009942578554240281,0.6706408398844009,0.005954871190391746,37.93327575592098,1.28580614090354,15.263460797508541,0.699411433399209,8.196424244079012,1.0,1.0
onenas_20isl,set3,44,2021,252,0.010553224512470162,0.837263762003302,0.011784552177777085,7.4982551705931915,0.48243231646855456,13.507585594819469,0.486403038888889,4.956114829406788,1.0,1.0
onenas_20isl,set3,44,2022,251,0.002761007571381514,0.1971607772306842,0.010919157467566457,1.3835348946813304,0.06939100069545179,23.381137502341232,0.7107362023904383,6.262065105318674,1.0,1.0
onenas_20isl,set3,44,2023,250,0.01374011433354373,1.1202770696594013,0.013909581005228312,13.051810785235277,0.9211740936645777,8.155121232275704,0.7353826774000004,5.284509214764728,1.0,1.0
onenas_20isl,set3,44,2024,244,-0.003950568793256797,-0.3158390532478452,0.0017128460830132585,-14.795540257615574,-1.0184259654741616,22.694987397508328,0.8133151215163936,6.179200257615576,1.0,1.0
onenas_20isl,set3,44,2022-24,745,0.004247117715769177,0.5680374473892806,0.008907433852243615,-0.3315915435861204,-0.006739304917346403,23.381137502341232,0.7512763093288579,17.697171543586112,1.0,1.0
onenas_20isl,set3,44,2020-24,1250,0.006671190119690662,1.1233770477593044,0.008889862223912344,45.13422662750517,0.46156539327692747,23.018247512561572,0.6868282246400006,30.81542337249477,1.0,1.0
onenas_20isl,set3,45,2020,253,0.0005246143323221713,0.03289687670982899,0.0023331139988799847,15.207062337025492,0.520374131889663,32.802759984950384,0.944863246047431,11.64991766297451,1.0,1.0
onenas_20isl,set3,45,2021,252,0.007998394973731409,0.5661979562371104,0.006775752363092106,3.2582351960914027,0.18954830424996602,14.535173624600938,0.7767935426587307,8.360624803908598,1.0,1.0
onenas_20isl,set3,45,2022,251,0.001412657566787454,0.11952585291926278,0.003719956261975211,-18.87404198840515,-1.1806544866178288,34.365383884221856,0.9440437438247012,8.389341988405105,1.0,1.0
onenas_20isl,set3,45,2023,250,0.008718542441188802,0.7493433973662484,0.00322348406864485,5.007582137829444,0.3610377897742228,7.708980324515881,0.9323214359999998,6.676567862170554,1.0,1.0
onenas_20isl,set3,45,2024,244,0.005131578373365663,0.4385643655657088,0.006690472699777912,-8.666344344682335,-0.587066338272866,17.22171983700181,0.9918566616803275,7.8203943446823265,1.0,1.0
onenas_20isl,set3,45,2022-24,745,0.005082305748539689,0.7520106832643766,0.004526248829077585,-22.52542679518324,-0.5042824145681228,34.365383884221856,0.9557752597315435,22.878926795183197,1.0,1.0
onenas_20isl,set3,45,2020-24,1250,0.004747712593695927,0.8060842757866925,0.004535858251902918,-4.062672279013109,-0.04277430672311713,34.86006940313459,0.9177340227999996,42.89201227901313,1.0,1.0
onenas_20isl,set3,46,2020,253,-0.009278424474299517,-0.6225639097123264,-0.0075502298875888205,-9.89873974088556,-0.36225801062049307,38.5753517988223,0.8254185108695659,10.05057974088553,1.0,1.0
onenas_20isl,set3,46,2021,252,0.0146395326438443,1.2572086027255875,0.014220995168573208,8.460289675461869,0.6059452456626047,13.860493377174759,0.6461197896825397,6.41768032453814,1.0,1.0
onenas_20isl,set3,46,2022,251,0.003826958009032257,0.29129430502636433,0.007253956290817651,-13.18627563883986,-0.7036988781214752,27.438081874164034,0.7109553547808762,6.401815638839883,1.0,1.0
onenas_20isl,set3,46,2023,250,0.013663993642457035,1.1878960928914495,0.016298329535397893,23.143742369256653,1.7136139394128151,8.711885212230289,0.6621066236,4.8100376307433494,1.0,1.0
onenas_20isl,set3,46,2024,244,0.000577029667455933,0.047440487782735824,0.003805587315259128,-2.699630089285677,-0.19462236027638774,10.480798963352155,0.6800228252049179,5.205070089285682,1.0,1.0
onenas_20isl,set3,46,2022-24,745,0.006063570617101482,0.8552367201849016,0.009159582171500579,7.279131343543509,0.15605371760595002,27.438081874164034,0.6831067262416103,16.39562865645653,1.0,1.0
onenas_20isl,set3,46,2020-24,1250,0.0046872647551932725,0.8227278244876036,0.006797897070950727,5.8601304656964945,0.06434922888273034,38.5753517988223,0.7041451845600014,32.84443953430344,1.0,1.0
onenas_20isl,set3,47,2020,253,0.008419833386573526,0.5963328159663671,0.003535505534539197,12.01767560167579,0.43919001455756135,21.296460539856366,1.0139312790513824,12.332104398324198,1.0,1.0
onenas_20isl,set3,47,2021,252,0.015228970551971885,1.1506067188090052,0.017297961738446617,10.047042733043773,0.6169658524292644,12.393554873037479,0.8803073369047623,9.159427266956214,1.0,1.0
onenas_20isl,set3,47,2022,251,0.007070340495852189,0.5476882232894644,0.009985479714523968,15.217587434768781,0.8519508504936516,20.635572068911852,0.6346864966135458,5.611012565231236,1.0,1.0
onenas_20isl,set3,47,2023,250,0.0211095978717647,1.7344756787285613,0.020344653327698567,33.54289669170829,2.1622209529371945,8.183372384133964,0.7067306177999995,5.016313308291716,1.0,1.0
onenas_20isl,set3,47,2024,244,0.00047012060972024525,0.03665776017381372,0.0023191242158598067,-4.482960944932183,-0.318228010025816,8.48522188827957,0.7131034211065572,5.486340944932186,1.0,1.0
onenas_20isl,set3,47,2022-24,745,0.009619817934458812,1.3189580142834487,0.010950852414684497,44.30443721075977,0.9293736486410883,20.635572068911852,0.6830820585234896,16.086752789240272,1.0,1.0
onenas_20isl,set3,47,2020-24,1250,0.010507746229657472,1.798669880015814,0.010729563445813533,66.38570127818679,0.7072647755402524,24.308452894801466,0.7893361766800002,37.5617387218133,1.0,1.0
onenas_20isl,set3,48,2020,253,-0.0029069282802363034,-0.18669339900526247,-0.007012632875169603,36.35820754566207,1.2837945107680298,23.64938239078444,0.7660633063241106,9.215132454337908,1.0,1.0
onenas_20isl,set3,48,2021,252,0.012357667100265096,0.8914397278956446,0.009885903932804332,8.805434824734602,0.5145908691444375,14.372874918794915,0.7464434619047619,7.597055175265405,1.0,1.0
onenas_20isl,set3,48,2022,251,0.005996707469306713,0.3979194780180602,0.007698367838696167,3.2294786192843548,0.15082640384350554,23.059996727127846,0.6957188820717135,6.00753138071565,1.0,1.0
onenas_20isl,set3,48,2023,250,0.025098499652065,1.9690057301961812,0.024129316852370908,20.035011636662208,1.3798866638342737,11.453256687358444,0.7860751113999997,5.647098363337781,1.0,1.0
onenas_20isl,set3,48,2024,244,-0.001209884690401849,-0.08807696803965372,-0.000598604950985939,-7.351640685904513,-0.47842918361418424,13.66560712598352,0.703869275614754,5.56063068590451,1.0,1.0
onenas_20isl,set3,48,2022-24,745,0.010046424997790848,1.252778970792238,0.010494711318879055,15.939458114874986,0.30634590801187705,23.059996727127846,0.727247595100671,17.188651885125008,1.0,1.0
onenas_20isl,set3,48,2020-24,1250,0.007890612702176968,1.239251206774664,0.006828489284970944,61.13185159422896,0.6127849368790922,23.64938239078444,0.7384237389599998,33.972088405771196,1.0,1.0
onenas_20isl,set3,49,2020,253,-0.0030082134157798715,-0.20864839242759892,-0.003930147781489587,-3.344048025690679,-0.12591509698226705,44.009339569871415,0.8137394436758898,10.087888025690681,1.0,1.0
onenas_20isl,set3,49,2021,252,0.017389204870892037,1.321673165820623,0.02212067564547405,9.845311566928267,0.5876188961559735,9.830984804991385,0.7492797527777774,7.894168433071734,1.0,1.0
onenas_20isl,set3,49,2022,251,0.005880694230074566,0.3789441935867098,0.00976598062816965,-5.815473447458907,-0.2638909961726518,27.190548044652356,0.692346132270916,6.135873447458916,1.0,1.0
onenas_20isl,set3,49,2023,250,0.024005160598435916,2.0073970922960904,0.024763827201111206,18.405644821021973,1.3018656000747082,7.301494663525089,1.0259087262,7.337855178978031,1.0,1.0
onenas_20isl,set3,49,2024,244,-0.0032113786735960236,-0.24231712608508804,-0.005800158985657464,-17.759726383265868,-1.0893915915905301,23.52910495101134,0.9589989850409831,7.220366383265871,1.0,1.0
onenas_20isl,set3,49,2022-24,745,0.008984923496644657,1.1384817043034428,0.009700643148252298,-5.164005298741875,-0.09674576981446034,27.190548044652356,0.8910802887919468,20.688545298741875,1.0,1.0
onenas_20isl,set3,49,2020-24,1250,0.008251815710618197,1.3448592904935877,0.009445649615512445,1.3286272129591963,0.013530859383359262,44.009339569871415,0.846850931000001,38.679232787040746,1.0,1.0
onenas_20isl,set3,50,2020,253,0.00804365918130386,0.5896468459421728,0.0024581671020788877,22.489087353928028,0.8277169390252895,20.39822304783093,0.7982291252964425,9.627202646071979,1.0,1.0
onenas_20isl,set3,50,2021,252,0.009901411488387985,0.8028989168248664,0.011092882810021125,-0.4405706181186026,-0.029697083170362588,16.32205558252925,0.6439377783730158,6.4472206181186,1.0,1.0
onenas_20isl,set3,50,2022,251,0.005620109745262925,0.4844935611348943,0.008896818367149431,-11.94970882809066,-0.7354023853934708,22.60793883832386,0.8559572362549804,7.617418828090667,1.0,1.0
onenas_20isl,set3,50,2023,250,0.016445298526063794,1.2617302879412646,0.017128606731679145,24.712258093375723,1.616112607918725,13.382419291644018,0.6186398302,4.366701906624271,1.0,1.0
onenas_20isl,set3,50,2024,244,-0.0007461582705367763,-0.0571500851565051,-0.0001557162161836066,-11.116842979187345,-0.7061548534206936,16.772808220713955,0.6755066301229506,5.136492979187349,1.0,1.0
onenas_20isl,set3,50,2022-24,745,0.007167663838343578,0.9881528316588645,0.008694306491712071,1.6869812950798833,0.03563113105570179,22.60793883832386,0.7150910773154371,17.0793387049201,1.0,1.0
onenas_20isl,set3,50,2020-24,1250,0.0078960888220077,1.3863257801491773,0.00791566486502142,23.773312410312105,0.2580016296602857,27.156514798052694,0.71686815144,33.1159475896879,1.0,1.0
onenas_20isl,set3,51,2020,253,-0.007888891883596547,-0.5220865957657005,-0.0089476372475723,10.854940362046692,0.4138696601045321,25.991002892496855,0.8559990201581029,10.229759637953306,1.0,1.0
onenas_20isl,set3,51,2021,252,0.011001479212834371,0.8530152085830969,0.014440359393167514,7.518708446322166,0.4650962164863644,14.746123003881099,0.7919214478174607,8.140371553677825,1.0,1.0
onenas_20isl,set3,51,2022,251,0.006647014637414163,0.5295442728239567,0.01212569210751522,-4.793039020480775,-0.2705072693893697,19.307393773767025,0.7053994388446216,6.205689020480778,1.0,1.0
onenas_20isl,set3,51,2023,250,0.015968276153634227,1.2807525759691676,0.02239297143540325,11.55376256719811,0.7766474005818204,12.666543933959446,0.5850998131999999,4.03730743280189,1.0,1.0
onenas_20isl,set3,51,2024,244,-0.003758998111726262,-0.3041568935379683,-0.0006149403886788326,-9.035045084202167,-0.6022286115529052,18.304397912885612,0.8703962596311479,6.697045084202148,1.0,1.0
onenas_20isl,set3,51,2022-24,745,0.006366810970655433,0.8852967957965601,0.011398316943623487,-2.2352656097467425,-0.046860350410462846,19.307393773767025,0.7173405030201343,16.90098560974673,1.0,1.0
onenas_20isl,set3,51,2020-24,1250,0.004415805830578108,0.7522519916935159,0.007893571573153535,16.16397422521612,0.1753404794423413,25.991002892496855,0.7599734282000005,35.24552577478377,1.0,1.0
onenas_20isl,set4,42,2020,252,0.004369386538019399,0.2632107571294384,-0.0026188944516920987,5.0308732584310105,0.14555786599567033,40.97431413241122,0.6801934924603172,8.026706741568992,1.0,1.0
onenas_20isl,set4,42,2021,252,0.007914829421802843,0.5554270026595113,0.007949191203672457,-4.6776718955594285,-0.28877877928557294,21.126848487718224,0.5770622561507937,6.143901895559427,1.0,1.0
onenas_20isl,set4,42,2022,251,0.011244735508841443,0.7970583237502544,0.0026390196024910473,-4.778011471432941,-0.2926973080220668,16.49803276452988,0.7658383549800799,6.6949214714329495,1.0,1.0
onenas_20isl,set4,42,2023,250,0.03569519903582715,2.878593358764146,0.03392798139565284,24.57686627958707,1.8999919163358754,5.736123735179323,0.8197509137999996,5.772563720412933,1.0,1.0
onenas_20isl,set4,42,2024,246,0.02159217896401914,1.9863361726450046,0.026695256007252827,17.09911351075199,1.644638413419832,11.683041668988357,0.7252564443089428,5.685656489248009,1.0,1.0
onenas_20isl,set4,42,2022-24,747,0.022835213382630157,3.151451173834099,0.0210326937709808,36.91655389927577,0.9164830161834575,16.49803276452988,0.7702529654618463,18.13455610072422,1.0,1.0
onenas_20isl,set4,42,2020-24,1251,0.016109933508153422,2.609083165320155,0.013632819367243572,37.30871428461074,0.3743966689334774,40.97431413241122,0.7128036347322149,32.26620571538927,1.0,1.0
onenas_20isl,set4,43,2020,252,0.005617808433096382,0.36501362487888966,2.6223420207081173e-05,3.413384318643573,0.13914545743879728,17.04264466403367,0.6904871535714289,8.167965681356423,1.0,1.0
onenas_20isl,set4,43,2021,252,0.014239657339095858,1.1022257099232782,0.018020591888031703,11.014274065962084,0.7628722455899767,13.83021538477295,0.5066542019841271,5.447195934037908,1.0,1.0
onenas_20isl,set4,43,2022,251,-0.0013419009739395315,-0.09586028288108095,-0.002938954517522644,-7.932157799353617,-0.5021557894801645,17.12870273185107,0.6756683958167338,5.991907799353616,1.0,1.0
onenas_20isl,set4,43,2023,250,0.034080461498308956,2.6779765311299224,0.03468660500241235,28.80130077763205,2.2529552515564557,9.067882560275214,0.7830948107999997,5.986539222367968,1.0,1.0
onenas_20isl,set4,43,2024,246,0.024798518082087793,2.4036283744483145,0.03183534046306438,17.541053648486923,1.6875060841073994,5.838130207208319,0.6768378178861789,5.097086351513065,1.0,1.0
onenas_20isl,set4,43,2022-24,747,0.019121464094125875,2.6523649103324396,0.02110504340109604,38.42952948806154,0.9719083572099583,17.12870273185107,0.7112093415662655,17.056200511938442,1.0,1.0
onenas_20isl,set4,43,2020-24,1251,0.015417917708157036,2.610747182076411,0.01623762180519178,52.8963608383198,0.6497592266546556,17.168708842712675,0.6650422586330924,30.632189161680213,1.0,1.0
onenas_20isl,set4,44,2020,252,-0.005303438383066847,-0.3268446220993808,-0.005644154963115203,-6.936721731724468,-0.22618372713550453,34.83376368880201,0.8725438422619045,10.228981731724474,1.0,1.0
onenas_20isl,set4,44,2021,252,0.015466297657454841,1.135829372422416,0.016610536901492605,0.042224545708633286,0.0028569656713791445,18.17341746776786,0.7381233894841271,7.685305454291363,1.0,1.0
onenas_20isl,set4,44,2022,251,0.01317677807219752,0.9293929827583696,0.010174755765359979,2.835281630816783,0.17696280030120562,16.104965121696686,0.93585850936255,8.195398369183236,1.0,1.0
onenas_20isl,set4,44,2023,250,0.024901982433511067,1.8708234368928731,0.024264666393960972,14.865241931934115,1.1259371284323894,8.270236510613136,0.9660075429999998,7.08347806806589,1.0,1.0
onenas_20isl,set4,44,2024,246,0.01902448873412133,1.6622579718213146,0.01865747729938568,7.959051238314649,0.7250821032931887,9.53811781201734,0.92588466402439,7.127028761685347,1.0,1.0
onenas_20isl,set4,44,2022-24,747,0.019026628022882443,2.5284920568778793,0.017683761326967168,25.664898981549733,0.6323647436742307,17.875711531105985,0.9425294501338704,22.40058101845028,1.0,1.0
onenas_20isl,set4,44,2020-24,1251,0.013408418601310118,2.1637610142671897,0.012768423628869369,18.77458762477428,0.20368401245071732,34.83376368880201,0.8873470298161465,40.310682375225724,1.0,1.0
onenas_20isl,set4,45,2020,252,0.008149215830126072,0.5129112485897792,0.008540657187957343,4.002713702512577,0.1286002138274901,29.6234359309462,0.7404694095238094,8.71035629748743,1.0,1.0
onenas_20isl,set4,45,2021,252,0.01749802368121613,1.3191546105126575,0.017752102233419692,2.464056067616098,0.17258005533727694,17.013699952174797,0.662793537896825,7.021503932383899,1.0,1.0
onenas_20isl,set4,45,2022,251,0.008642574399026727,0.6379410903670583,0.008035174167472039,-3.0856940894535074,-0.19966411185320376,10.696118617399534,1.0587809866533862,9.339944089453498,1.0,1.0
onenas_20isl,set4,45,2023,250,0.030707687756152863,2.570328195004182,0.03325837846018388,23.00926315720687,1.879381603524528,7.7452565184456885,0.9684050287999999,6.797276842793128,1.0,1.0
onenas_20isl,set4,45,2024,246,0.02573201488922622,2.478775977241265,0.031031212055255927,16.249392936316475,1.594343780307528,5.05464244471107,0.7075143780487805,5.31398706368351,1.0,1.0
onenas_20isl,set4,45,2022-24,747,0.02165499836137023,3.1131207422021787,0.024049667331558784,36.169235441793866,0.941913282278561,10.696118617399534,0.9129926338018748,21.454934558206126,1.0,1.0
onenas_20isl,set4,45,2020-24,1251,0.018097032879937507,3.0769076455918625,0.019656975915956373,42.644745655487036,0.4688602008466902,29.6234359309462,0.8278487525179853,37.17805434451303,1.0,1.0
onenas_20isl,set4,46,2020,252,0.008122877078738894,0.5397424892057574,0.005338705238428733,1.5718491896480578,0.057082659094836244,32.18352391228787,0.8247538408730154,10.062620810351929,1.0,1.0
onenas_20isl,set4,46,2021,252,0.012789796229240697,0.8979006715818791,0.01373042786284871,0.6801827476221746,0.04217639024652487,19.366610367196422,0.6816904626984129,7.3841272523778345,1.0,1.0
onenas_20isl,set4,46,2022,251,0.013225554706713126,0.8907417264600416,0.008727081994950162,8.179195811068045,0.4881889484978696,13.029030309212427,0.9429450310756963,8.236994188931961,1.0,1.0
onenas_20isl,set4,46,2023,250,0.03312866990139074,2.5282011831811264,0.03397793772552757,21.160564539431075,1.6613418907429742,4.559793470318141,0.9970881761999998,7.387015460568927,1.0,1.0
onenas_20isl,set4,46,2024,246,0.018768846755403936,1.6703283509253664,0.023751425390967414,2.67636013264329,0.2575959514882381,10.20590379895093,0.9389333717479679,7.3139898673567085,1.0,1.0
onenas_20isl,set4,46,2022-24,747,0.021712072300618522,2.8569627219788423,0.022125612661703303,32.008085467043514,0.789026040406929,13.029030309212427,0.9602774771084338,22.946034532956446,1.0,1.0
onenas_20isl,set4,46,2020-24,1251,0.017177387435789677,2.787415660120674,0.017052960991058578,34.29716415200203,0.3884371320923642,32.18352391228787,0.876469078896884,40.355735847998034,1.0,1.0
onenas_20isl,set4,47,2020,252,0.009141374557135627,0.5540136412206702,0.0042555092181090414,15.67143933757406,0.5353114317228899,32.598792928877344,0.6423278289682538,7.552220662425929,1.0,1.0
onenas_20isl,set4,47,2021,252,0.011906332242474926,0.8229430920692062,0.015190728608021693,-5.331221797464864,-0.3427275225809296,20.71483198308543,0.6567353057539682,7.038541797464877,1.0,1.0
onenas_20isl,set4,47,2022,251,0.00973165181037706,0.6906340252725451,0.006617953640779962,-1.154996713424697,-0.07172718138381443,14.515558569987306,0.9178395882470118,8.150306713424698,1.0,1.0
onenas_20isl,set4,47,2023,250,0.030010726978006406,2.3801456849709597,0.032058933092232254,19.437556260862447,1.512913768520196,4.813431373445135,0.8549947383999998,6.308913739137543,1.0,1.0
onenas_20isl,set4,47,2024,246,0.0218922560894371,2.0972923668311516,0.02670445714236988,7.453236804781812,0.7946621637393102,6.1558013201053665,0.8255572939024391,6.303273195218179,1.0,1.0
onenas_20isl,set4,47,2022-24,747,0.020523187880733307,2.8461849537718993,0.021747170139112214,25.745877298379998,0.658107546031457,15.993339593934364,0.8664172139223564,20.75241270161998,1.0,1.0
onenas_20isl,set4,47,2020-24,1251,0.01649467902510764,2.6747885844979287,0.01690294806243147,36.11476065419703,0.40365033030458947,32.598792928877344,0.7787274761790571,35.314509345802946,1.0,1.0
onenas_20isl,set4,48,2020,252,0.0011486663465861313,0.07367009132666623,-0.002114047649836343,7.004878604759041,0.25959451865660266,27.505781458399248,0.7973333438492074,9.298581395240953,1.0,1.0
onenas_20isl,set4,48,2021,252,0.016772593870265144,1.2115784181416918,0.018987945351164045,2.2996911800784905,0.15269997882693256,20.054333120988964,0.7527749801587302,7.626518819921506,1.0,1.0
onenas_20isl,set4,48,2022,251,0.0022457703264930624,0.17194409718916231,0.00012123987922286016,-14.000800704280161,-0.9193153706355089,23.63340998383473,0.9007733587649401,7.882770704280165,1.0,1.0
onenas_20isl,set4,48,2023,250,0.028317810391141368,2.318012753841864,0.029337411910969762,14.337171155381906,1.1432100607189513,7.074441154859795,0.7732896482000002,5.682908844618103,1.0,1.0
onenas_20isl,set4,48,2024,246,0.022428759419105784,2.025405065503601,0.030489484996700837,10.765036144039787,0.9674687008388287,8.133567735623465,0.7944011032520324,5.997813855960214,1.0,1.0
onenas_20isl,set4,48,2022-24,747,0.017617959527222376,2.508899790922919,0.01989986277994081,11.11861058249053,0.28352736565992065,23.63340998383473,0.8222787885542167,19.546289417509442,1.0,1.0
onenas_20isl,set4,48,2020-24,1251,0.014130114581520092,2.3818960290492077,0.015281710405555848,20.42880564656627,0.23910300399075315,30.11616594767591,0.803260119104715,36.465764353433755,1.0,1.0
onenas_20isl,set4,49,2020,252,-0.0061763815718031455,-0.4045795669524304,-0.007201116997900048,-16.832402268308503,-0.5914266104780023,39.48184359908169,0.8730377501984128,10.494342268308515,1.0,1.0
onenas_20isl,set4,49,2021,252,0.013092777876859312,0.953766280626883,0.015303052202424089,-2.515759265600713,-0.16212995173518585,20.273447704212533,0.7897681789682539,8.342139265600707,1.0,1.0
onenas_20isl,set4,49,2022,251,0.012148121016092438,0.9034595583485077,0.01044727890815494,9.587934326583436,0.6038880590659147,12.175148584345097,1.0143878752988054,9.02474567341655,1.0,1.0
onenas_20isl,set4,49,2023,250,0.03212488606915414,2.53785974267508,0.03211938124661975,14.345868137431214,1.1250577377098057,8.883152752810053,1.0732787384,7.8097618625687835,1.0,1.0
onenas_20isl,set4,49,2024,246,0.025084624211131494,2.3652797194426642,0.02871197297497594,8.895261497634845,0.8798208220028573,8.321995165492273,0.8732394099593495,6.543908502365158,1.0,1.0
onenas_20isl,set4,49,2022-24,747,0.02309399926140034,3.249305345201677,0.023715204376768283,32.84166879141043,0.8361886191546583,12.175148584345097,0.9872185277108442,23.36581120858955,1.0,1.0
onenas_20isl,set4,49,2020-24,1251,0.01518317291537986,2.560767078605747,0.01579292193524058,13.471935436707405,0.15259681786135582,39.48184359908169,0.9246913561950446,42.2238645632926,1.0,1.0
onenas_20isl,set4,50,2020,252,0.005736955366370699,0.38093009494233804,0.0016529277048592966,-1.021757053665064,-0.038866604116668875,35.155669817955676,0.7522757027777778,9.087347053665063,1.0,1.0
onenas_20isl,set4,50,2021,252,0.015827556678306185,1.1623749216970403,0.01830696602444022,3.6054838755966814,0.23696258071722373,16.222371398049752,0.5563880660714284,5.9612561244033175,1.0,1.0
onenas_20isl,set4,50,2022,251,0.004472185036110613,0.32114568163251067,0.0004397768794504521,-10.432023899095634,-0.6367433945460387,17.115963809916295,0.9102635209163347,7.945933899095639,1.0,1.0
onenas_20isl,set4,50,2023,250,0.039377282258171234,3.1192166416857274,0.03787316710635603,27.350569021562514,2.1195394825457963,5.186036916097069,1.1299429641999996,7.874810978437494,1.0,1.0
onenas_20isl,set4,50,2024,246,0.02616046816106792,2.58904753461044,0.028693627000641937,24.32314050009456,2.401746019130671,4.650388459341183,0.6596333347560978,4.912769499905438,1.0,1.0
onenas_20isl,set4,50,2022-24,747,0.023296270650909334,3.263388926449726,0.022272166018057545,41.23796595132145,1.0264655675451133,17.115963809916295,0.9016487500669347,20.73723404867859,1.0,1.0
onenas_20isl,set4,50,2020-24,1251,0.01825465324659303,3.091216328054326,0.017319905064166637,43.84806135567321,0.5142277803189287,35.155669817955676,0.8016209100319759,35.759468644326795,1.0,1.0
onenas_20isl,set4,51,2020,252,0.003814674165332715,0.25977647855212715,-0.0008618558274031588,-18.41447923032893,-0.7081205696863608,36.70271817742336,0.8266193793650793,9.68603923032895,1.0,1.0
onenas_20isl,set4,51,2021,252,0.016174431061988674,1.370452907359214,0.02165900239140855,9.428767667625287,0.7120331039177066,11.60740926592727,0.7066018263888887,7.3699023323747035,1.0,1.0
onenas_20isl,set4,51,2022,251,0.0008450444708606114,0.06674010062861263,0.001716916016687245,-0.8791158631835373,-0.061555009435798655,9.85044795975947,1.0189267569721119,8.893775863183526,1.0,1.0
onenas_20isl,set4,51,2023,250,0.030336940967840308,2.5530875470088628,0.029586813414335025,20.218616923258008,1.8064630043829317,6.900758180439757,1.0080450296000003,6.997003076741981,1.0,1.0
onenas_20isl,set4,51,2024,246,0.01832514293077167,1.7772840019705436,0.020266699971220607,5.37008133310189,0.5221416721954086,6.274843613871145,1.0386081878048774,8.071408666898114,1.0,1.0
onenas_20isl,set4,51,2022-24,747,0.016471655374987827,2.441369253189101,0.017152955109360806,24.710145103744903,0.6848555750087163,9.85044795975947,1.0213697977242295,23.961624896255053,1.0,1.0
onenas_20isl,set4,51,2020-24,1251,0.013862175125820046,2.5059978712795203,0.014431765308410779,15.736210496228809,0.196631663107029,36.70271817742336,0.9184222027577933,41.00578950377127,1.0,1.0
onenas_40isl,set1,42,2020,253,-0.0035128091243721384,-0.2492445065867452,-0.008518911286880785,-19.2834856160068,-0.827851512012432,44.138770210541516,0.8261414717391307,11.006745616006764,1.0,1.0
onenas_40isl,set1,42,2021,252,0.008043845341833883,0.5923975513891787,0.0005057920883839347,2.8217051150123345,0.1626340902641007,17.730892700327946,0.7876081180555553,8.258194884987665,1.0,1.0
onenas_40isl,set1,42,2022,251,0.003156937767479716,0.21549039016643096,-0.0031461458529210783,3.7042393940403677,0.18469687750352284,14.0688615535385,0.6810128627490041,5.853280605959624,1.0,1.0
onenas_40isl,set1,42,2023,250,0.012112808818237978,0.924812651344789,0.011436299477216529,-3.989817632441925,-0.2563872573638308,16.73452058567621,0.6751654966000001,4.484197632441935,1.0,1.0
onenas_40isl,set1,42,2024,243,0.029848226163062683,2.4759264063749424,0.024336850810861496,9.29681014555545,0.5603959324124339,9.330966459452988,0.8406774288065847,6.349079854444545,1.0,1.0
onenas_40isl,set1,42,2022-24,744,0.014884022233630563,1.932736769947305,0.010730170708683179,9.038182715428333,0.17236944625974582,20.828645389046574,0.7298607055107518,16.659607284571656,1.0,1.0
onenas_40isl,set1,42,2020-24,1249,0.009777438638508513,1.614401030200394,0.004768152168096235,-7.397592904163278,-0.07895513733397733,44.138770210541516,0.7603869632506016,35.89854290416325,1.0,1.0
onenas_40isl,set1,43,2020,253,-0.001802215166677746,-0.13240220533876879,-0.008853091881673344,-13.769878774738151,-0.5951216084413538,42.69592684077166,0.7903223197628455,10.413388774738143,1.0,1.0
onenas_40isl,set1,43,2021,252,0.0130160089323328,0.9222726420179883,0.007097302796559665,4.934905140071769,0.2824909228945953,11.414755088017369,0.64451003015873,6.56301485992823,1.0,1.0
onenas_40isl,set1,43,2022,251,0.006941316008841657,0.4572835478687858,0.0025365268352357632,15.344389130540609,0.736151760824458,11.280687347612089,0.608721062948207,5.065080869459413,1.0,1.0
onenas_40isl,set1,43,2023,250,0.0076109053892117725,0.5520308193060999,0.004431369991241003,1.5077256508006374,0.0916798226565117,14.19568558296258,0.6014460855999997,4.072084349199358,1.0,1.0
onenas_40isl,set1,43,2024,243,0.030322793357699208,2.4297274154776147,0.024869215941772344,8.294816913553044,0.5162823332296705,11.289978574848138,0.7794293255144039,5.843053086446953,1.0,1.0
onenas_40isl,set1,43,2022-24,744,0.014803004639036443,1.8462429416000736,0.01046737931089396,25.180678045342663,0.4695028571579645,15.205413125941144,0.6604250047043007,14.946471954657373,1.0,1.0
onenas_40isl,set1,43,2020-24,1249,0.011078870508584067,1.7856797062312766,0.0058738336797236074,16.388447657861764,0.1729769971513548,42.69592684077166,0.683059209007206,31.880132342138257,1.0,1.0
onenas_40isl,set1,44,2020,253,-0.012383412217945908,-0.8467141683063882,-0.012268839755040735,-34.741440897115794,-1.198185117980662,56.157474949220266,0.8129468045454544,10.489560897115796,1.0,1.0
onenas_40isl,set1,44,2021,252,0.016505966029985587,1.2771821915140706,0.009543188126063301,14.18882280442312,0.9295617208394298,9.497215079437623,0.690644984722222,7.375807195576892,1.0,1.0
onenas_40isl,set1,44,2022,251,0.00025829330926720005,0.01929410579932013,-0.003690842938456141,4.680366337026035,0.26113482243665775,20.073784464602635,0.769225187848605,6.816303662973969,1.0,1.0
onenas_40isl,set1,44,2023,250,0.00869935316715177,0.648271136115191,0.004029328316317491,8.045200533009886,0.5080563434668549,10.577080877766042,0.8724495258,5.940949466990116,1.0,1.0
onenas_40isl,set1,44,2024,243,0.027016806830039496,2.0245446434138885,0.022943441299458307,18.76583276175338,1.135411698800416,9.720316357812466,1.0441563224279837,7.72904723824662,1.0,1.0
onenas_40isl,set1,44,2022-24,744,0.011834346736711838,1.5312190042133682,0.007602401528622648,31.506508994646893,0.6264597385637084,20.073784464602635,0.8929064460349453,20.471191005353145,1.0,1.0
onenas_40isl,set1,44,2020-24,1249,0.007871300336693088,1.2976142432112918,0.003968818004033543,10.972071976968095,0.11218074276789049,56.157474949220266,0.8355135028823065,38.31837802303184,1.0,1.0
onenas_40isl,set1,45,2020,253,-0.008751376886411026,-0.6261558651878915,-0.015699704705675607,-23.311476929117827,-1.0483238882463086,36.18662629196027,0.8806423920948615,11.753966929117801,1.0,1.0
onenas_40isl,set1,45,2021,252,0.014759228288023403,1.06058223622583,0.006561857747705367,6.017500926691613,0.35046562847207596,13.093124293383168,0.8827761321428573,9.549119073308379,1.0,1.0
onenas_40isl,set1,45,2022,251,-0.012805622978849416,-0.9566031633328463,-0.013551846368030489,-19.95928767787925,-1.1048187673515606,23.9247755363262,0.9499856290836648,8.248147677879256,1.0,1.0
onenas_40isl,set1,45,2023,250,0.022405445651682572,1.801723662293507,0.016808924523531305,26.7213358516481,1.65207533691437,10.986618293145742,0.9195897737999996,6.201644148351911,1.0,1.0
onenas_40isl,set1,45,2024,243,0.027356340062074845,2.1684897605473727,0.017692078919627416,10.003632011358214,0.6836060488823585,8.825627428174574,1.1425003261316864,8.70682798864179,1.0,1.0
onenas_40isl,set1,45,2022-24,744,0.012143468656335511,1.6356658162585624,0.006854694717710531,16.771626905451107,0.34175440087449305,26.049626399977893,1.0027909766801064,23.150673094548925,1.0,1.0
onenas_40isl,set1,45,2020-24,1249,0.008438725265519234,1.417199270472939,0.0022269461424038904,-0.5097361847342288,-0.0057189876032525564,42.95319444842923,0.9536849154523616,44.44114618473412,1.0,1.0
onenas_40isl,set1,46,2020,253,-0.006678590933799155,-0.46518781084752303,-0.012412832813943628,-17.73717857076627,-0.7344311373010921,38.1573924435159,1.0135883104743082,12.970408570766272,1.0,1.0
onenas_40isl,set1,46,2021,252,0.014169332966217255,0.9623799599780374,0.007862940979659916,4.9709855534591165,0.2729285926433826,14.792785505094022,0.8397435355158726,8.671484446540877,1.0,1.0
onenas_40isl,set1,46,2022,251,0.00162847463003264,0.1185307827219191,-0.0007555952715696032,4.977571369235123,0.2734557326102828,11.997303288295164,0.9009230669322714,7.74586863076487,1.0,1.0
onenas_40isl,set1,46,2023,250,0.013467344875527162,1.0128930425299703,0.009302892089635634,-0.03573585986127465,-0.002179900009250923,10.336982015605727,0.9923422322000002,6.839815859861278,1.0,1.0
onenas_40isl,set1,46,2024,243,0.0345759193222927,2.8127067533410206,0.027882562625697927,21.172837254378443,1.3679099073860734,5.896403548715611,0.9945814067901233,7.510222745621569,1.0,1.0
onenas_40isl,set1,46,2022-24,744,0.01636765019668966,2.1555539257108434,0.011977864687217116,26.1226215763509,0.5212354462890191,15.812149656724836,0.9612978953629036,22.087958423649123,1.0,1.0
onenas_40isl,set1,46,2020-24,1249,0.011255820774677874,1.8322031129706766,0.006207002203551718,13.357091296333865,0.14292319967710893,38.1573924435159,0.9472156693755,43.729188703666125,1.0,1.0
onenas_40isl,set1,47,2020,253,-0.0037925081095596695,-0.2799514534437002,-0.011124688019670882,-14.951180760103663,-0.5759612529776731,37.59709699433908,0.6549931092885373,8.802410760103657,1.0,1.0
onenas_40isl,set1,47,2021,252,0.008050069537077128,0.5880366774453257,0.0006234406897954861,2.418806811774263,0.14077361387333232,13.041125944012938,0.5846703831349206,5.789223188225726,1.0,1.0
onenas_40isl,set1,47,2022,251,0.007655967510012594,0.5702396946223284,0.004968828010574504,17.93925046880693,0.9865777503488635,8.937045809607417,0.5632970896414339,4.772689531193083,1.0,1.0
onenas_40isl,set1,47,2023,250,0.003162024283643971,0.2625927890364028,0.0008340915166429053,-5.76497343808243,-0.4178650948439219,14.896537071995365,0.49151754899999994,3.3214334380824266,1.0,1.0
onenas_40isl,set1,47,2024,243,0.023175697557460396,1.9090478517565093,0.020175043445504613,17.0859867647299,1.1386778963621247,6.786572841956989,0.6658269755144036,5.179033235270088,1.0,1.0
onenas_40isl,set1,47,2022-24,744,0.011214850030090096,1.54682649824652,0.008546013799828693,29.290964969735395,0.6196748349401259,16.02014208195547,0.5709268859543013,13.242455030264615,1.0,1.0
onenas_40isl,set1,47,2020-24,1249,0.007536398233796534,1.2966767752497355,0.0029630066068248814,16.799624437876755,0.18186387528128453,37.59709699433908,0.5899396712970373,27.793055562123218,1.0,1.0
onenas_40isl,set1,48,2020,253,-0.0054755718979280455,-0.4060624086206026,-0.006409957918610884,-33.23306578620195,-1.2792128739636368,49.87267270460662,0.9829243448616605,12.844645786201935,1.0,1.0
onenas_40isl,set1,48,2021,252,0.007801659228649397,0.6198120359852826,0.001264348733387939,3.361962928802225,0.2126026220552015,11.542891715913116,0.8830929845238096,9.156667071197766,1.0,1.0
onenas_40isl,set1,48,2022,251,-0.0034069443277039476,-0.27125343656413015,-0.01137484666793692,-6.816812068623196,-0.41636796195905523,17.90979278396873,0.8215185565737049,6.883522068623194,1.0,1.0
onenas_40isl,set1,48,2023,250,0.016895838678151923,1.292035722587065,0.013424301387854635,3.6497319312123153,0.23329483340581056,11.88217201286648,1.0884235473999992,7.230968068787686,1.0,1.0
onenas_40isl,set1,48,2024,243,0.03247442654636771,2.408023170300726,0.02610244146026871,18.82721944165154,1.166209669571044,7.804197496438348,1.2026782619341563,8.980560558348456,1.0,1.0
onenas_40isl,set1,48,2022-24,744,0.015134546094155425,2.008121698715922,0.009198766274404285,15.657409661563474,0.3251655367802508,17.90979278396873,1.0356943188172043,23.09778033843652,1.0,1.0
onenas_40isl,set1,48,2020-24,1249,0.00948022476340712,1.6243560051677335,0.004436171845926337,-14.189697826320927,-0.1541807728475987,49.87267270460662,0.9939869160528427,45.07509782632094,1.0,1.0
onenas_40isl,set1,49,2020,253,-0.006453333775336361,-0.4426523720483275,-0.010599891579344354,-39.653450312008474,-1.2918318794200292,54.640507483990255,0.6969351764822137,9.312110312008437,1.0,1.0
onenas_40isl,set1,49,2021,252,0.011146173714279997,0.8590966536748931,0.0012035084399495382,6.933949946119398,0.44817108894813357,11.234058968632992,0.6024487757936506,6.036700053880609,1.0,1.0
onenas_40isl,set1,49,2022,251,0.003075585632451083,0.23551533922112153,-0.0014908640805092125,-4.322141052973348,-0.24158876244106467,19.190266093635998,0.6233730370517927,5.430281052973359,1.0,1.0
onenas_40isl,set1,49,2023,250,0.00834831526498752,0.7034553046296192,0.007714822645432012,-0.4893482790365786,-0.03386666657275754,10.388276621781051,0.8007053157999999,5.4382482790365785,1.0,1.0
onenas_40isl,set1,49,2024,243,0.02630998043820755,2.3010251389387815,0.019480570998650467,21.796844048975466,1.5097887393958969,8.699664373252656,0.8799809950617281,6.829475951024549,1.0,1.0
onenas_40isl,set1,49,2022-24,744,0.01243598932322115,1.7719093222992983,0.00845198592718045,17.01957795736303,0.3622668395432732,19.190266093635998,0.7654354966397845,17.663782042637,1.0,1.0
onenas_40isl,set1,49,2020-24,1249,0.00834949430529623,1.4526328734106178,0.003130335538122831,-15.682974333721406,-0.16043425389118102,54.640507483990255,0.7182056870696572,32.99564433372131,1.0,1.0
onenas_40isl,set1,50,2020,253,0.0026592902601333514,0.19118048416910757,-0.0026323778239107447,-10.836852919546068,-0.3716080941879664,46.020614747868024,0.6801133737154151,9.284852919546081,1.0,1.0
onenas_40isl,set1,50,2021,252,0.013547168484124293,1.0686990750134184,0.0064033974857068575,5.688180418385347,0.37466374185062423,11.148238677729626,0.7086865740079363,7.207449581614651,1.0,1.0
onenas_40isl,set1,50,2022,251,0.004207152785328576,0.32432505955007446,-0.0015332608458755075,6.298224662952279,0.36507179645562193,12.86929542218555,0.5759409800796811,5.048945337047729,1.0,1.0
onenas_40isl,set1,50,2023,250,0.013848415118166837,1.0826211581743401,0.011621085443977048,7.212615428758008,0.4966324330355742,9.627291828130256,0.6534072866000001,4.380554571241992,1.0,1.0
onenas_40isl,set1,50,2024,243,0.026397349123191534,2.131790899688305,0.024196518102011486,11.241645891184517,0.7266036288650912,8.4115671151182,0.7018237236625514,5.386414108815484,1.0,1.0
onenas_40isl,set1,50,2022-24,744,0.014694428717197214,2.0006014848212366,0.011290560198210082,24.77661352069576,0.5238517053957121,12.86929542218555,0.6416183805779571,14.791786479304257,1.0,1.0
onenas_40isl,set1,50,2020-24,1249,0.01202509356237613,2.074995420476661,0.007484260499933554,19.67093647273648,0.2063992548790153,46.020614747868024,0.6622371831064854,31.241093527263498,1.0,1.0
onenas_40isl,set1,51,2020,253,-0.0067277717106748154,-0.48624977955012627,-0.006155688807811702,-6.314777891228552,-0.27409643560633334,29.969046424485455,0.7756230885375491,10.640317891228527,1.0,1.0
onenas_40isl,set1,51,2021,252,0.009870180380281543,0.7382693301641818,0.0016380744717619813,-3.008257772501825,-0.1838331320609301,17.09629854671501,0.7127601680555554,7.373297772501819,1.0,1.0
onenas_40isl,set1,51,2022,251,0.004720248456137209,0.34761733421326513,0.003225030468333698,11.558692347047343,0.6128816139137245,16.564528418177662,0.6007077792828689,5.228147652952648,1.0,1.0
onenas_40isl,set1,51,2023,250,0.010054467544914493,0.789201330388071,0.0055442724402104395,-3.4574840330693384,-0.2307884289250163,15.53474776938728,0.7102862466,4.856734033069337,1.0,1.0
onenas_40isl,set1,51,2024,243,0.0221496936981107,1.7759671601213478,0.0188933420983304,4.315401185313091,0.2792288747285378,9.567883422718637,0.8073131617283953,6.132238814686921,1.0,1.0
onenas_40isl,set1,51,2022-24,744,0.012205342496451563,1.6335422754283015,0.009121818397175612,12.445761927643645,0.2515301780640345,16.564528418177662,0.7039421395833323,16.187968072356362,1.0,1.0
onenas_40isl,set1,51,2020-24,1249,0.007899066477494138,1.3366105411598277,0.004517244504408578,3.160150048465668,0.03523165476448036,30.50351723962697,0.7196128042033628,34.164159951534266,1.0,1.0
onenas_40isl,set2,42,2020,253,0.020251820135717864,1.3460339148036895,0.017524694630839412,9.06748435610659,0.2999143699244831,42.58154612232373,1.1913511911067196,15.809845643893414,1.0,1.0
onenas_40isl,set2,42,2021,252,0.02595761043327724,1.8249526003541883,0.023059191642652452,5.467465060753797,0.33477835785113796,13.622807376033835,1.1589477706349205,12.770574939246194,1.0,1.0
onenas_40isl,set2,42,2022,251,0.003554505716181378,0.28136253673577766,0.003348202567258544,-9.680233779006771,-0.5227504081091837,32.5820288960321,1.25098151693227,12.532053779006763,1.0,1.0
onenas_40isl,set2,42,2023,250,0.020869483651106677,1.5716818169495241,0.01896447702247029,9.289843330419005,0.6241978995130454,11.10465844229614,1.1828192618000002,9.29897666958099,1.0,1.0
onenas_40isl,set2,42,2024,245,0.03359031017491862,2.9468719757622477,0.031470258149032274,17.458751242223073,1.3688861508282428,8.576595329069727,1.1931094857142859,10.512888757776919,1.0,1.0
onenas_40isl,set2,42,2022-24,746,0.019221418016612958,2.6668949981747345,0.01781733424465466,17.067907131270722,0.3660398327712092,32.5820288960321,1.2096721443699754,32.34437286872926,1.0,1.0
onenas_40isl,set2,42,2020-24,1251,0.02078673554269842,3.470216540717029,0.018814065053607644,31.58892925019396,0.324613880724499,42.58154612232373,1.1959215033972832,60.93872074980614,1.0,1.0
onenas_40isl,set2,43,2020,253,0.022743493512777335,1.5040222100212668,0.022283317413193657,24.921898483305025,0.8770448655025924,26.60474226381671,1.192661793083004,15.430071516694976,1.0,1.0
onenas_40isl,set2,43,2021,252,0.01960658475119024,1.288108240727549,0.018323396458077918,8.17598613102294,0.4653346184152737,19.942975316994588,1.110339765277778,12.324583868977063,1.0,1.0
onenas_40isl,set2,43,2022,251,0.014142863506212666,1.041480431754469,0.012803801872673907,8.49306753204242,0.48723022153411005,26.71438860614261,0.9968796336653386,9.947152467957583,1.0,1.0
onenas_40isl,set2,43,2023,250,0.020540652541211204,1.506586334280194,0.021995867782086738,10.245901090873373,0.6538705371648902,8.871814860782685,1.030503891,8.306438909126621,1.0,1.0
onenas_40isl,set2,43,2024,245,0.043695239708553726,3.7327036239878586,0.0395481323611812,41.554615837105125,3.29022998877203,4.399413121178412,0.9976873112244907,8.574144162894902,1.0,1.0
onenas_40isl,set2,43,2022-24,746,0.025992433785466302,3.4550754701556796,0.024667578611330065,60.29465201389811,1.3081965543456264,26.71438860614261,1.008681147386058,26.82666798610192,1.0,1.0
onenas_40isl,set2,43,2020-24,1251,0.024049015843317714,3.8601327670526038,0.022907425145504284,93.38685343140159,0.98051621121232,26.60474226381671,1.0665390081934463,54.58700656859853,1.0,1.0
onenas_40isl,set2,44,2020,253,0.019490613330131877,1.2242515220423231,0.018001244401502855,1.3652865812934438,0.04128448375402951,47.05628771969159,1.2372324584980234,15.552483418706556,1.0,1.0
onenas_40isl,set2,44,2021,252,0.025337270175952154,1.6522031866231341,0.02168179929552513,8.006964730854834,0.45701960007651815,19.987085508835918,1.2817200855158728,14.137085269145166,1.0,1.0
onenas_40isl,set2,44,2022,251,0.013315729209213742,0.9923742195296453,0.014609212594850558,10.603211181352304,0.570891591816367,27.74205740304395,1.1855985998007972,11.715378818647697,1.0,1.0
onenas_40isl,set2,44,2023,250,0.013934363248259916,1.0410223325631247,0.01704742114682745,-1.665069697729753,-0.10476151874300646,12.310320863187542,1.1640059022000004,9.24265969772975,1.0,1.0
onenas_40isl,set2,44,2024,245,0.03644928864034921,3.043058547604734,0.03578271554739497,16.21991869449776,1.2296365551859756,10.81256137570666,1.2599611887755104,11.316541305502238,1.0,1.0
onenas_40isl,set2,44,2022-24,746,0.021120528901425194,2.8228016054237606,0.022380070988104718,25.15077800780139,0.5238838428447526,27.74205740304395,1.20385283357909,32.28186199219866,1.0,1.0
onenas_40isl,set2,44,2020-24,1251,0.02164031320329855,3.4325467344556175,0.021353845893827876,34.51033635617681,0.3324847203507906,47.05628771969159,1.226461045443644,61.984123643823224,1.0,1.0
onenas_40isl,set2,45,2020,253,0.01009447685097292,0.6138439949132498,0.008232902232533671,-6.343250613289484,-0.2037210008568094,41.210624065556864,1.2121743160079057,15.585840613289452,1.0,1.0
onenas_40isl,set2,45,2021,252,0.025037533705916337,1.6200637047101882,0.0212775833166745,12.759182918958459,0.71698541411786,20.011977882880434,1.2079766936507934,13.307817081041556,1.0,1.0
onenas_40isl,set2,45,2022,251,0.00760478031994158,0.5884648516470607,0.008636975849891,-12.606705733854529,-0.7014167714458787,27.2317380778827,1.2224714047808756,12.131355733854557,1.0,1.0
onenas_40isl,set2,45,2023,250,0.02552777826849072,1.9415061026727858,0.019950245296777448,14.584064381666103,0.9591744238651781,10.062407292734859,1.2069570785999995,9.795515618333893,1.0,1.0
onenas_40isl,set2,45,2024,245,0.038873887304477474,3.417026081212459,0.03400711860795684,30.16431712897758,2.4003063187162725,5.908700672759324,1.1834335469387753,10.29332287102241,1.0,1.0
onenas_40isl,set2,45,2022-24,746,0.023880491711829762,3.300185664286726,0.02076030337998181,32.13835498631573,0.6953125425774441,27.2317380778827,1.2052536065013397,32.22351501368427,1.0,1.0
onenas_40isl,set2,45,2020-24,1251,0.02132550595860279,3.4007980235579556,0.01833098447809706,38.542694622473796,0.38675185534383927,41.210624065556864,1.207373886730614,61.1287653775262,1.0,1.0
onenas_40isl,set2,46,2020,253,0.02279226991759152,1.393034968337292,0.018893680950977883,23.408678759043667,0.7553943279081927,29.624196515036605,1.312224271541502,16.90360124095632,1.0,1.0
onenas_40isl,set2,46,2021,252,0.029929913465677773,1.9826442382814902,0.028586029471500046,16.021567259960985,0.9270072779201259,16.748085844446866,1.2946723446428563,14.382832740039007,1.0,1.0
onenas_40isl,set2,46,2022,251,0.017325479543256778,1.404766548755352,0.008878384730802009,11.87391813255138,0.6554353478054356,17.90175497534894,1.2404866376494021,12.377051867448612,1.0,1.0
onenas_40isl,set2,46,2023,250,0.015802937159095986,1.1648865326010873,0.012433124313964783,3.713608342426538,0.2401247675348683,10.868576179352194,1.2671563893999997,10.022971657573475,1.0,1.0
onenas_40isl,set2,46,2024,245,0.031992199569749,2.8106773235477274,0.02925355887251978,16.200047008963768,1.2721374931096874,11.307643655825338,1.2782427279591835,10.822582991036239,1.0,1.0
onenas_40isl,set2,46,2022-24,746,0.02163206239908842,3.0057715191131433,0.01676122998617942,31.778897427804214,0.6809411387293238,17.90175497534894,1.2630273339142093,33.23128257219575,1.0,1.0
onenas_40isl,set2,46,2020-24,1251,0.023538210257571066,3.791115801515165,0.019574467048045774,71.17871190179812,0.7166650034474635,29.624196515036605,1.2798426387689847,64.5481480982021,1.0,1.0
onenas_40isl,set2,47,2020,253,0.018289216331438582,1.1648959694925904,0.020697993156651683,30.500855358341145,0.934396758549621,36.169167439591526,1.144173584189723,15.127184641658836,1.0,1.0
onenas_40isl,set2,47,2021,252,0.02988376124370682,2.1677974630139376,0.027761083228089845,15.29550401684543,0.9552169567478066,10.744819238419694,1.1245534811507936,12.308715983154572,1.0,1.0
onenas_40isl,set2,47,2022,251,0.0039360999345014825,0.30236080312202934,0.0024444510083319005,-8.930574413747102,-0.47960629325100995,29.986717702124444,0.9971703079681269,9.8839944137471,1.0,1.0
onenas_40isl,set2,47,2023,250,0.023470691714437275,1.8315410249284045,0.019749991565140602,7.939576361957224,0.5587651925205885,8.14838411572558,1.0842787608,8.387773638042768,1.0,1.0
onenas_40isl,set2,47,2024,245,0.036732829058354864,3.31159492834759,0.03270717250114894,20.20659519828741,1.6460759253332566,7.026073933223934,1.0946774265306123,9.630134801712584,1.0,1.0
onenas_40isl,set2,47,2022-24,746,0.021253588648077915,2.975964332761908,0.01818272433935382,19.206783198775586,0.41998807568827634,29.986717702124444,1.0594513355898099,27.9107168012244,1.0,1.0
onenas_40isl,set2,47,2020-24,1251,0.022392531332321473,3.7384999622445862,0.02062086139030333,64.99504841482839,0.6488254089083756,36.169167439591526,1.0897914286570736,55.3547115851717,1.0,1.0
onenas_40isl,set2,48,2020,253,0.01806482237275996,1.2067857381403848,0.017093569617616614,23.68720595837966,0.8010932611690449,26.834050209313258,1.0747714128458505,13.439344041620345,1.0,1.0
onenas_40isl,set2,48,2021,252,0.027012324481721552,1.9589038914419796,0.023965367676298834,9.5803060866993,0.5952333432410118,15.751346008259759,1.089181015476191,11.836473913300704,1.0,1.0
onenas_40isl,set2,48,2022,251,0.006620683211541135,0.5103839987065795,0.010843832890965008,-8.464363201332148,-0.4687537430114061,38.944614757584745,0.9798762352589647,9.779163201332178,1.0,1.0
onenas_40isl,set2,48,2023,250,0.014606678438575632,1.1063265822074113,0.015331103556066225,7.039466420223309,0.4636407765656948,8.222400662165148,0.9981213007999998,7.8459935797766835,1.0,1.0
onenas_40isl,set2,48,2024,245,0.04489710620523805,3.994509095862703,0.04154996693777184,29.927621396121324,2.3246699797695016,8.106832031184284,1.1389415334693878,10.024868603878666,1.0,1.0
onenas_40isl,set2,48,2022-24,746,0.02186763018233789,3.0187536148424106,0.0224320641345883,28.50198123438617,0.6125826809579568,38.944614757584745,1.038895799061663,27.65076876561385,1.0,1.0
onenas_40isl,set2,48,2020-24,1251,0.022134898437830664,3.71588123552497,0.021661283462899427,61.759852757981356,0.6430885262423478,30.67785796300774,1.0563718785371732,52.936227242018504,1.0,1.0
onenas_40isl,set2,49,2020,253,0.022569467782453296,1.4290338673215193,0.023687702294517787,27.675293308511346,0.7977413930925833,34.591922467226844,1.2496322464426883,16.26450669148862,1.0,1.0
onenas_40isl,set2,49,2021,252,0.02574623513856247,1.7014646505731765,0.023802239396626804,13.814737989793658,0.7788924345672776,18.84483197800296,1.2061635317460315,13.448702010206357,1.0,1.0
onenas_40isl,set2,49,2022,251,0.01298781590099546,0.9735577321753844,0.012920420479557413,11.929776753320393,0.6551584664593348,29.012837358856995,1.0588630505976089,10.7484432466796,1.0,1.0
onenas_40isl,set2,49,2023,250,0.014131364813753008,1.0928484312041467,0.017018482438736698,-0.6840568180731823,-0.04646572512636387,10.185811036447017,1.0253489811999996,8.251636818073187,1.0,1.0
onenas_40isl,set2,49,2024,245,0.04170667945341948,3.761267800556543,0.036120860333188516,34.37352429209841,2.869538921182893,6.641191166376591,0.9587139579591839,8.526645707901613,1.0,1.0
onenas_40isl,set2,49,2022-24,746,0.022802841100101747,3.1536392750991036,0.021913213045153177,45.62352156592245,1.0024660854093868,29.012837358856995,1.0147410156836465,27.522448434077535,1.0,1.0
onenas_40isl,set2,49,2020-24,1251,0.023348558005239262,3.786932075971559,0.02265260586742384,87.09794359909665,0.8318388487434552,34.591922467226844,1.1010565709832125,57.251266400903376,1.0,1.0
onenas_40isl,set2,50,2020,253,0.023666492117124297,1.4016407265375643,0.02143597395223178,28.987597853799073,0.775809855776123,41.773021520386585,1.2718429440711474,16.390272146200907,1.0,1.0
onenas_40isl,set2,50,2021,252,0.031117767776146207,2.082668115857447,0.028970964317111478,19.83001021573709,1.150718640809758,11.644423342420842,1.214088371031746,13.236959784262908,1.0,1.0
onenas_40isl,set2,50,2022,251,0.006919932145488779,0.5438149559986666,0.004712227080177333,5.795295300949807,0.3168089335536405,24.488203044894277,1.0080507517928288,10.0222946990502,1.0,1.0
onenas_40isl,set2,50,2023,250,0.014844005975981792,1.1329494986742392,0.013801950131469747,-1.9346236900448441,-0.13214211766500775,11.507701039970067,1.032381116,8.113533690044845,1.0,1.0
onenas_40isl,set2,50,2024,245,0.04409632667454677,3.8749285423098985,0.040670354111031225,34.46551565566025,2.673444904660021,6.497473581523552,1.145349884489796,9.843364344339761,1.0,1.0
onenas_40isl,set2,50,2022-24,746,0.021784858576108686,3.0274285902174123,0.019567685371574526,38.322436437922256,0.8277458656184081,24.488203044894277,1.0622299526809649,27.98294356207776,1.0,1.0
onenas_40isl,set2,50,2020-24,1251,0.024045407260590262,3.847030229932107,0.021839710395700502,87.12472884901216,0.7970839033157878,41.773021520386585,1.1355436227018385,57.625491150987735,1.0,1.0
onenas_40isl,set2,51,2020,253,0.017959526556093643,1.208324875077739,0.01574641234198961,-4.855532699978326,-0.17377730442335687,42.563167313671904,1.2618815762845847,16.056562699978286,1.0,1.0
onenas_40isl,set2,51,2021,252,0.029651692874720796,1.8966970486726804,0.027899008110167385,15.932911015836233,0.9259930431258231,16.908961979668703,1.399680943452381,15.569018984163757,1.0,1.0
onenas_40isl,set2,51,2022,251,0.006471797332913404,0.5136920205346525,0.008039172833823213,-2.3100358062291306,-0.1265860944817014,31.29525051979375,1.2500692330677299,12.076995806229132,1.0,1.0
onenas_40isl,set2,51,2023,250,0.01756114803609389,1.296792579985337,0.01500796549746622,7.605306687045377,0.47660421571129835,11.380832784018734,1.2549330239999994,9.761153312954614,1.0,1.0
onenas_40isl,set2,51,2024,245,0.03897674967401771,3.237263483757146,0.03660864370924573,28.022952686920515,2.0935643707658427,6.775124746542444,1.2498790016326529,10.9354473130795,1.0,1.0
onenas_40isl,set2,51,2022-24,746,0.020863286608202528,2.8313577344006986,0.01975729418823242,33.316875039269284,0.6954860050973258,31.29525051979375,1.2525711954423588,32.77494496073076,1.0,1.0
onenas_40isl,set2,51,2020-24,1251,0.02204636181681888,3.5668782616974553,0.020586198106080686,44.37181177356168,0.463506041319654,42.563167313671904,1.284737716546762,64.42296822643829,1.0,1.0
onenas_40isl,set3,42,2020,253,-0.005455867378762795,-0.37882562257642227,-0.00915027292231233,-7.323200566795249,-0.263801929063054,47.86762485071178,0.7256028507905141,8.841790566795234,1.0,1.0
onenas_40isl,set3,42,2021,252,0.015959287057245142,1.3022502608698852,0.02132588692229373,5.893680936875283,0.3856026589913061,11.210286068424216,0.6424859876984124,6.562099063124728,1.0,1.0
onenas_40isl,set3,42,2022,251,0.007229640231318823,0.5496007492917575,0.013064280099461827,7.465536605400544,0.4184741858646953,19.39846416059267,0.5993130231075696,5.410463394599451,1.0,1.0
onenas_40isl,set3,42,2023,250,0.020402514608007554,1.6440096986720074,0.020222658570186135,20.538172135102442,1.4664234225059063,9.09222505073842,0.7274469793999997,5.2568578648975635,1.0,1.0
onenas_40isl,set3,42,2024,244,-0.00532355045146711,-0.4011335906432271,-0.0034760554845050936,-13.731913318002487,-0.8634795658430678,18.777595538610615,0.70271554897541,5.371833318002496,1.0,1.0
onenas_40isl,set3,42,2022-24,745,0.007538687301885824,1.008531214880364,0.010049183099721087,14.30942773517062,0.2982128186828662,19.39846416059267,0.6745808496644291,16.00152226482934,1.0,1.0
onenas_40isl,set3,42,2020-24,1250,0.006606182345202963,1.12585715914075,0.008436596691492167,12.904571966598349,0.13745327085948233,47.86762485071178,0.6779661194799997,31.380748033401634,1.0,1.0
onenas_40isl,set3,43,2020,253,-0.008428950906290814,-0.5410782114969598,-0.010607475932128813,-6.2530677045028575,-0.20479898010320127,40.57204882947214,0.945721675296443,11.893527704502853,1.0,1.0
onenas_40isl,set3,43,2021,252,0.015366932313006244,1.1677570081886819,0.018476934207975304,7.313264450472265,0.4370734417046296,12.269290417591105,0.7953648632936512,8.200395549527723,1.0,1.0
onenas_40isl,set3,43,2022,251,-0.0031561067518381127,-0.24475462967469505,0.003020208331220439,-14.646639077172214,-0.8200774256156891,34.296084541393284,0.7860225944223107,7.207429077172247,1.0,1.0
onenas_40isl,set3,43,2023,250,0.013702051019644718,1.0817121835300136,0.013198956250893259,28.693810820354944,2.011005203837384,6.881734288629553,0.8346647228000001,5.94497917964506,1.0,1.0
onenas_40isl,set3,43,2024,244,0.0044066816248733865,0.35121693183394265,0.002274022647679516,-7.844993564058486,-0.5418165778834276,9.232709128376227,0.8914688336065575,7.01325356405849,1.0,1.0
onenas_40isl,set3,43,2022-24,745,0.004977933257273723,0.678990347891304,0.006191507221333486,6.22932118266009,0.13279220148953444,34.296084541393284,0.8356865135570469,20.138518817339982,1.0,1.0
onenas_40isl,set3,43,2020-24,1250,0.004358802112203933,0.7259212142100273,0.005268135111579707,7.318433536155801,0.074431363456932,41.23012164137519,0.8496011388000003,40.20352646384422,1.0,1.0
onenas_40isl,set3,44,2020,253,0.00796086836004294,0.5309803740106709,0.003603794946561818,38.20171990609016,1.2704274493537335,22.887114995217715,0.7299864369565213,8.817070093909827,1.0,1.0
onenas_40isl,set3,44,2021,252,0.011568132406253267,0.9376904067325086,0.018327066312570053,-4.669339773398524,-0.3057180289294682,17.12884050298209,0.6300177714285714,6.543129773398533,1.0,1.0
onenas_40isl,set3,44,2022,251,0.012994284136641542,0.9203340438459,0.012110663034310404,15.854725096192702,0.8162871926290195,15.013754573948082,0.7498062701195218,6.843624903807285,1.0,1.0
onenas_40isl,set3,44,2023,250,0.013697069765418311,1.1343449192337849,0.015901703959540384,13.771899982231428,0.9754423619764908,9.569507919266496,0.7534981341999993,5.351200017768571,1.0,1.0
onenas_40isl,set3,44,2024,244,-0.002780317347129239,-0.22322328390180607,0.0008577716898960251,-11.975453738148484,-0.7680462008656519,18.803095718028974,0.7456335184426227,5.860803738148477,1.0,1.0
onenas_40isl,set3,44,2022-24,745,0.008063671579801443,1.0812757197854188,0.009697313696418304,17.6664700817222,0.3565388783523314,15.013754573948082,0.7487523780536918,18.040329918277777,1.0,1.0
onenas_40isl,set3,44,2020-24,1250,0.008749363510734992,1.4769786270453003,0.010203743628863544,51.254870205024226,0.5192282944951138,22.887114995217715,0.7204710151599992,33.34450979497569,1.0,1.0
onenas_40isl,set3,45,2020,253,0.008386855886628925,0.575872872223959,0.0048793769883775755,28.178254070985336,1.0176990276130267,18.90241577325444,0.9974900762845847,12.381835929014652,1.0,1.0
onenas_40isl,set3,45,2021,252,0.014088699537902198,1.0697062753159368,0.020787713322289868,10.90925005967494,0.6613461131663356,12.526465059987185,0.8621590499999993,8.95883994032506,1.0,1.0
onenas_40isl,set3,45,2022,251,0.0032075634111926655,0.26363712723382426,0.0051711229795943755,-14.202297705254358,-0.8527943282565098,19.154240477618117,0.7716040607569729,6.882147705254351,1.0,1.0
onenas_40isl,set3,45,2023,250,0.013740844605859897,1.1345609858808348,0.013006426674492148,2.0809727845352635,0.14505937690420342,9.504770889335346,1.0262395314,7.393517215464735,1.0,1.0
onenas_40isl,set3,45,2024,244,0.0018096042039124395,0.14570889954743174,0.0046131273594570655,-13.90662776542873,-0.9482405225308451,20.106304386859332,0.8864299141393438,6.937437765428725,1.0,1.0
onenas_40isl,set3,45,2022-24,745,0.00628436643413284,0.8908068306942017,0.00761766659356879,-26.019971917374797,-0.5692045225732717,30.85345892270493,0.8945316397986578,21.205121917374797,1.0,1.0
onenas_40isl,set3,45,2020-24,1250,0.008283263853037952,1.4340092548508825,0.009718518197988258,13.074749954522543,0.14060278218237873,28.45950716835151,0.90869450148,42.53858004547752,1.0,1.0
onenas_40isl,set3,46,2020,253,0.0004574465190789343,0.03193214571435367,-0.000611125613950033,15.243163891743313,0.6134261432233516,22.704054289268072,0.6895759681818181,8.533436108256694,1.0,1.0
onenas_40isl,set3,46,2021,252,0.012306117330487979,1.201623515163778,0.019073527509702915,8.71232457922859,0.6820726554922809,5.798173047581307,0.5560324287698412,5.999175420771414,1.0,1.0
onenas_40isl,set3,46,2022,251,0.0042792963589149136,0.3168305022066685,0.006367078753983631,7.956871525982121,0.40023553024728026,19.587660403409956,0.5983959653386453,5.275498474017871,1.0,1.0
onenas_40isl,set3,46,2023,250,0.019330352250812845,1.5628662570338085,0.020230653192733136,29.591194043350406,2.088490814115503,7.679976621788642,0.6102953815999996,4.504735956649602,1.0,1.0
onenas_40isl,set3,46,2024,244,-0.004568598850242277,-0.3504349969535268,-0.003700527986934775,-16.636496409792677,-1.056341902898974,21.269575777497188,0.5152154983606557,3.912706409792679,1.0,1.0
onenas_40isl,set3,46,2022-24,745,0.006432152119908375,0.8584222411878962,0.007721974814256498,20.947398112542707,0.41607343448644235,19.587660403409956,0.5736865021476502,13.657111887457217,1.0,1.0
onenas_40isl,set3,46,2020-24,1250,0.006407063092753346,1.1225980908657,0.008323828310989493,44.944958006404626,0.49941288282860635,22.704054289268072,0.5927965632799995,28.147651993595343,1.0,1.0
onenas_40isl,set3,47,2020,253,-0.002735739047737656,-0.1737072010891116,-0.008143060942631751,2.9181262963369643,0.10277386653369831,43.030167094026375,0.7634829298418973,9.675263703663042,1.0,1.0
onenas_40isl,set3,47,2021,252,0.012818832361961572,0.9205972565378231,0.013776312627209268,6.887865518900606,0.4049105442630961,10.074839344709911,0.5518464753968254,5.726024481099392,1.0,1.0
onenas_40isl,set3,47,2022,251,0.01358956581820545,0.8876596237416142,0.016327708132944613,4.94909524266137,0.24018477728055385,21.997622272319674,0.6602875749003982,6.127904757338639,1.0,1.0
onenas_40isl,set3,47,2023,250,0.025208278577931554,1.9406562613778564,0.02491572572612125,36.748937887592135,2.4843707160443445,7.2566480953508785,0.7681474206000005,5.5534221124078575,1.0,1.0
onenas_40isl,set3,47,2024,244,-0.0066434814323124685,-0.515434106734127,-0.004803760373564723,-18.069766265998265,-1.1230126299563725,24.80232989688571,0.8221774463114754,6.391046265998267,1.0,1.0
onenas_40isl,set3,47,2022-24,745,0.010861800262239228,1.3632137108203684,0.012288682740603515,23.64279422505732,0.45386150319814195,21.997622272319674,0.7481770363758383,18.057845774942656,1.0,1.0
onenas_40isl,set3,47,2020-24,1250,0.00850419597720394,1.335495234427025,0.008453204004256417,33.480529303403024,0.33560574979012364,43.030167094026375,0.7111442239999991,33.427390696597,1.0,1.0
onenas_40isl,set3,48,2020,253,-0.005119112439435858,-0.3252496543091287,-0.009814407337961097,4.793265997181068,0.15056475194717228,39.075949631556185,0.6975980934782607,8.363604002818882,1.0,1.0
onenas_40isl,set3,48,2021,252,0.007288870192584085,0.5205509393093184,0.010508523363505985,2.711492808125822,0.14938944869020312,13.631292666550914,0.6051989626984128,6.202997191874183,1.0,1.0
onenas_40isl,set3,48,2022,251,0.008211615221575158,0.5571564833640185,0.011805128783605269,13.959288641548264,0.6896202901617575,18.535768330650676,0.6090332964143425,5.460911358451724,1.0,1.0
onenas_40isl,set3,48,2023,250,0.009482297148319717,0.7675471345848143,0.006691225687149402,6.806590587939845,0.4702876810696954,7.837823380514076,0.6500051269999995,4.766549412060167,1.0,1.0
onenas_40isl,set3,48,2024,244,0.002484934521701462,0.1906671921982066,0.006990368638900656,-2.8323186082017573,-0.17452801439483223,13.137316126339915,0.6735131206967213,5.371218608201758,1.0,1.0
onenas_40isl,set3,48,2022-24,745,0.006762434538242216,0.8736514577113703,0.008512139187065816,17.96511631891579,0.3496900507418208,18.535768330650676,0.6423042603355714,15.567123681084226,1.0,1.0
onenas_40isl,set3,48,2020-24,1250,0.0044637388578754955,0.711595956966542,0.005205317220370707,25.49627061001076,0.24258273334200722,39.075949631556185,0.6455457294000001,30.107329389989236,1.0,1.0
onenas_40isl,set3,49,2020,253,0.0010754506236809959,0.07367677302863722,-0.005194163467043968,7.4550926861826,0.2628516808269864,32.444404587428465,0.8605289616600795,10.674927313817394,1.0,1.0
onenas_40isl,set3,49,2021,252,0.012464799844304453,1.0453227904343385,0.015479495540276077,1.3598027494892595,0.09117583022316343,14.17669136613612,0.691583579563492,7.1459372505107455,1.0,1.0
onenas_40isl,set3,49,2022,251,0.004683343234105227,0.3365923721963648,0.00996255413156028,1.118443551028451,0.058483605110459524,21.88445133207479,0.8210405159362554,7.4861664489715505,1.0,1.0
onenas_40isl,set3,49,2023,250,0.01687570907494235,1.4126432671306504,0.018915017178788202,10.285043503321738,0.7200517501756787,8.793199326256481,0.8520488871999998,6.237146496678253,1.0,1.0
onenas_40isl,set3,49,2024,244,-0.0029930571932898324,-0.2585467460183429,0.002344144438788577,-7.791370571639201,-0.5499301818132198,14.611702923397853,0.7949273575819673,6.143240571639193,1.0,1.0
onenas_40isl,set3,49,2022-24,745,0.006260591228635283,0.8651128592623435,0.010471579362124957,3.6263037836763905,0.07557735107221783,21.88445133207479,0.8219656808724838,19.852366216323606,1.0,1.0
onenas_40isl,set3,49,2020-24,1250,0.0064618872271114385,1.1237665468879503,0.008310428915016432,12.466005584722513,0.13196905092449157,32.444404587428465,0.8030931810800012,37.648424415277475,1.0,1.0
onenas_40isl,set3,50,2020,253,-0.0017231460825079068,-0.11015634828580236,-0.0041136263573123616,-9.922401722964548,-0.3379744319009385,54.15596381693704,0.8207914296442681,10.068481722964588,1.0,1.0
onenas_40isl,set3,50,2021,252,0.012502330490572058,1.0035018195577137,0.01443833579247694,-0.4280334674078446,-0.027883985219622445,13.890078268693909,0.7369093920634917,7.407683467407845,1.0,1.0
onenas_40isl,set3,50,2022,251,0.009186566349803497,0.6683976949842485,0.010238861070383564,-2.152930795713506,-0.11945172316755089,19.3904604029788,0.8095181262948207,7.097690795713503,1.0,1.0
onenas_40isl,set3,50,2023,250,0.01478755351500502,1.185577706087091,0.01619192663742005,10.239555959674064,0.7133275454663996,11.988934405343501,0.8648987241999991,6.171554040325937,1.0,1.0
onenas_40isl,set3,50,2024,244,-0.003583277294248899,-0.272299552078924,0.0002361464563733953,-13.80014602861489,-0.8355264569791663,21.643023584515188,0.765350680942623,5.947026028614886,1.0,1.0
onenas_40isl,set3,50,2022-24,745,0.006883754191617716,0.9081157338852832,0.008960477212585766,-5.694035302947987,-0.11603205780395155,20.143004230000106,0.8125783797315437,19.19678530294795,1.0,1.0
onenas_40isl,set3,50,2020-24,1250,0.006274422558003883,1.0357505594115866,0.007418614939744445,-16.004813283367643,-0.16464347702647758,54.15596381693704,0.7983539729999996,36.63329328336765,1.0,1.0
onenas_40isl,set3,51,2020,253,-0.0017531732114772183,-0.11281445513850033,-0.0046164358550262125,1.271299503430376,0.041474842115807195,36.16952500297046,0.7780429375494069,9.552360496569598,1.0,1.0
onenas_40isl,set3,51,2021,252,0.014391180304989282,1.048331192557968,0.012960406386373002,5.398385983014201,0.3148973177745957,13.518396963849302,0.7006403817460323,7.258684016985784,1.0,1.0
onenas_40isl,set3,51,2022,251,0.012111006260253594,0.8239764986718805,0.015164111026444658,2.139750693536826,0.10745826573420089,26.08197321206671,0.6373544179282873,5.567459306463185,1.0,1.0
onenas_40isl,set3,51,2023,250,0.017188117521136678,1.412517014678908,0.019775802688947408,17.234696240182974,1.228517764971917,8.629871816972392,0.7756546002000003,5.53913375981702,1.0,1.0
onenas_40isl,set3,51,2024,244,-0.0015569744803364109,-0.12368651399485207,0.001966444422209744,-14.228676983245029,-0.9540726353937292,22.890316782944183,0.8591156567622962,6.729226983245036,1.0,1.0
onenas_40isl,set3,51,2022-24,745,0.009338241850209022,1.2248907630494712,0.012389201313951194,5.159624389154749,0.1044117037003181,26.08197321206671,0.7553315004697985,17.821965610845275,1.0,1.0
onenas_40isl,set3,51,2020-24,1250,0.008112011834207433,1.3132809394145861,0.009062415293550403,11.853632078441395,0.11750765348327877,36.16952500297046,0.7484331291999993,34.608687921558584,1.0,1.0
onenas_40isl,set4,42,2020,252,0.009071224627411415,0.5550835444434395,0.004014873773346486,12.87452621592135,0.4359676190084499,28.253188531472652,0.6486686472222225,7.699573784078643,1.0,1.0
onenas_40isl,set4,42,2021,252,0.013176930262914582,0.9523233983410295,0.017582102158830264,3.2048345006478547,0.21164463609220865,16.095877721471066,0.5302200851190478,5.662095499352139,1.0,1.0
onenas_40isl,set4,42,2022,251,0.012580484789131093,0.8843310575109444,0.008524152453225842,5.948183554516887,0.36403657692552294,11.559132010771178,0.912651382669323,8.039036445483116,1.0,1.0
onenas_40isl,set4,42,2023,250,0.03253089185036088,2.530799530066555,0.03222329105432608,24.42938570628091,1.988275540175681,5.385743383463977,1.0547704243999998,7.435854293719084,1.0,1.0
onenas_40isl,set4,42,2024,246,0.019865225069878506,1.7724708251832952,0.025084356317164422,11.007817276166266,0.9956585244935972,10.637235934050684,0.9029269556910576,6.9706027238337445,1.0,1.0
onenas_40isl,set4,42,2022-24,747,0.021656318623630853,2.922199708820544,0.021909152186564466,41.388152988021396,1.0300001192240904,11.559132010771178,0.9567492072289154,22.442727011978594,1.0,1.0
onenas_40isl,set4,42,2020-24,1251,0.0174131135445359,2.819536830239199,0.017432913363926616,57.49712834425298,0.6367174099964973,28.253188531472652,0.8083792384092716,35.774781655747056,1.0,1.0
onenas_40isl,set4,43,2020,252,0.013879060436688113,0.8882100322524333,0.009613439164304616,27.01329541219191,0.9811105036128266,27.165017302333876,0.8309039605158733,9.728554587808109,1.0,1.0
onenas_40isl,set4,43,2021,252,0.01859314679483503,1.3190880131478355,0.0236747727917175,1.0811129521329912,0.07217325836344389,19.553422583568317,0.6801288015873014,7.202577047867018,1.0,1.0
onenas_40isl,set4,43,2022,251,0.008645859784624224,0.6043379091026423,0.0025578546039549577,0.009841044038097383,0.00057697696501149,15.856991733733524,0.9601161934262951,8.370778955961905,1.0,1.0
onenas_40isl,set4,43,2023,250,0.03493682136187386,2.7270205244214143,0.03578830594569786,27.739212499504795,2.2232130055467842,5.421924927661019,0.9243394088,6.455427500495222,1.0,1.0
onenas_40isl,set4,43,2024,246,0.02528677466204355,2.407335184886853,0.03019293647776536,21.00914349054051,1.9691085844341103,6.726726922774308,0.7265097886178863,5.392576509459501,1.0,1.0
onenas_40isl,set4,43,2022-24,747,0.022924849683094873,3.1349961559594117,0.022779866620545434,48.76096377762684,1.1906498777358938,15.856991733733524,0.8714778926372162,20.216016222373156,1.0,1.0
onenas_40isl,set4,43,2020-24,1251,0.02023010306603971,3.3267449371377915,0.02030790549837331,76.86234439839242,0.877308058108931,27.165017302333876,0.8246866479616309,37.14017560160757,1.0,1.0
onenas_40isl,set4,44,2020,252,0.009583354502079127,0.5772541893975438,0.005791711751033062,5.817522200135556,0.17605955990144417,37.44702564652591,0.664349778373016,7.628027799864453,1.0,1.0
onenas_40isl,set4,44,2021,252,0.014739312275421561,1.072505815283395,0.017741073655857538,-0.40904338598192463,-0.027749752076881528,16.68659929487824,0.5687474404761902,5.881673385981926,1.0,1.0
onenas_40isl,set4,44,2022,251,0.005521407888123309,0.3933214474944919,0.003992224732146304,-9.053471706996339,-0.5525928826082199,16.15330335780415,0.8400774912350597,7.241511706996332,1.0,1.0
onenas_40isl,set4,44,2023,250,0.025578821128500448,2.1259982340938555,0.022314894927871455,17.709361597447884,1.434658649280463,5.0958644764005,0.9355918583999997,6.971238402552106,1.0,1.0
onenas_40isl,set4,44,2024,246,0.027178538052968895,2.668897382431418,0.03120655112429164,19.076023715539577,1.8176112356809133,6.033759990367419,0.6809332451219514,5.060396284460435,1.0,1.0
onenas_40isl,set4,44,2022-24,747,0.019366129883633735,2.746853964513463,0.019086457451555995,27.740425358896292,0.6955943510544311,16.456510572676496,0.8187025052208832,19.26463464110368,1.0,1.0
onenas_40isl,set4,44,2020-24,1251,0.016463478058357,2.724552192481003,0.01613736661778478,33.162159405293494,0.3468421353931993,37.44702564652591,0.7370285472422072,32.76108059470651,1.0,1.0
onenas_40isl,set4,45,2020,252,0.008957969078529821,0.5849345918065796,0.0041177140919901375,12.41562143902244,0.46967230217991573,25.44467086087282,0.682410938293651,7.913588560977584,1.0,1.0
onenas_40isl,set4,45,2021,252,0.008859601088172867,0.6234736725430038,0.009160616869538493,0.6331177522996528,0.0408360814431877,17.35007494144106,0.5519209339285712,5.870332247700349,1.0,1.0
onenas_40isl,set4,45,2022,251,0.010722505170457766,0.7720857556380931,0.00440812272506216,2.5670147424035403,0.1643907678409435,15.649966035822086,0.7335013709163343,6.366695257596465,1.0,1.0
onenas_40isl,set4,45,2023,250,0.03352190821113563,2.646430614100262,0.030676427745931073,22.22855755048188,1.7115248004658983,8.184475482515268,0.9394814922000002,6.938272449518126,1.0,1.0
onenas_40isl,set4,45,2024,246,0.021073712616932416,2.0239684422798785,0.025944831833847742,11.47802944046717,1.1032686657280986,8.06674700839002,0.7946747313008136,5.986690559532837,1.0,1.0
onenas_40isl,set4,45,2022-24,747,0.021761658841143523,3.032905917488649,0.020291799694243527,36.27233314531211,0.9193929412021128,16.13608679016579,0.8224533103078984,19.29292685468787,1.0,1.0
onenas_40isl,set4,45,2020-24,1251,0.016583522650953843,2.7626618198348742,0.01479145785284183,49.348637869438406,0.5793792527469405,25.44467086087282,0.7391976571542758,33.049282130561636,1.0,1.0
onenas_40isl,set4,46,2020,252,0.005600168158992758,0.35470381866963335,-0.0003962327788311321,2.2365808797467266,0.07459770774116853,28.45146211200697,0.7323285769841273,8.690689120253253,1.0,1.0
onenas_40isl,set4,46,2021,252,0.01913080263114002,1.39275918783501,0.01984671671058798,10.96318129120237,0.7387829422749257,13.964341859589288,0.6094701795634918,6.29629870879763,1.0,1.0
onenas_40isl,set4,46,2022,251,0.012098344199217546,0.8616428779296201,0.009399182890565584,5.731151681209527,0.36446929169891856,15.809966506021192,0.9781346842629485,8.499748318790465,1.0,1.0
onenas_40isl,set4,46,2023,250,0.0325304164945309,2.5156719036834057,0.03433643016989676,21.400518732185528,1.621410129259537,5.685080636340223,1.0262106739999997,7.089681267814459,1.0,1.0
onenas_40isl,set4,46,2024,246,0.02513684817307413,2.227157049660384,0.030824833554562676,19.22919428499688,1.7034302654523505,7.028436264830278,0.8305753117886178,6.410125715003123,1.0,1.0
onenas_40isl,set4,46,2022-24,747,0.023230191657580408,3.1394366916685827,0.024800818611015487,46.3615122188141,1.1445652880052863,15.809966506021192,0.946031311914324,21.998907781185896,1.0,1.0
onenas_40isl,set4,46,2020-24,1251,0.018853043810812185,3.088441762491809,0.01872720499858617,59.59904596054918,0.654692653730573,28.45146211200697,0.8348758058752999,36.948124039450846,1.0,1.0
onenas_40isl,set4,47,2020,252,0.00860040273331459,0.5239385160274584,0.005135815424868344,3.115282882575675,0.10733484709153082,24.88605237078898,0.699599482142857,8.188197117424329,1.0,1.0
onenas_40isl,set4,47,2021,252,0.01410766039216929,1.0853512281658615,0.017572566995279804,2.3282003226750243,0.16968112151085113,17.80707609788031,0.4675848569444447,5.044379677324958,1.0,1.0
onenas_40isl,set4,47,2022,251,0.010676131916990024,0.8324402164580075,0.005475863963398404,0.9041286258311063,0.06357787680444103,13.721510250783997,0.8109493025896416,7.088881374168881,1.0,1.0
onenas_40isl,set4,47,2023,250,0.0276428660107109,2.2975204663324624,0.026696188906788237,25.27290268112236,2.1364904135328624,5.159202640502276,0.9287147382,6.498017318877616,1.0,1.0
onenas_40isl,set4,47,2024,246,0.01910625797072426,1.7923231792907468,0.02594426517967601,2.659479998392516,0.2531500032051847,9.031731511160118,0.9170612449186999,6.9572600016074855,1.0,1.0
onenas_40isl,set4,47,2022-24,747,0.019130609202999194,2.789089543994734,0.01931831099827357,28.866028704299936,0.7838915222987088,13.721510250783997,0.8850422702811229,20.51464129570006,1.0,1.0
onenas_40isl,set4,47,2020-24,1251,0.015997599506204923,2.723104987857643,0.01610974475266802,34.35022038370768,0.4000984898974493,24.88605237078898,0.7632035411670676,33.70650961629234,1.0,1.0
onenas_40isl,set4,48,2020,252,0.00816827960906272,0.4972496778201944,0.004676966988542723,8.501372237981492,0.2728941443214283,31.317852762207725,0.6915226490079366,8.328757762018531,1.0,1.0
onenas_40isl,set4,48,2021,252,0.01151695092138892,0.8534993624074895,0.018735141428334205,-2.8429931691262866,-0.19456724011467527,19.517449810940988,0.5056879648809522,5.497213169126272,1.0,1.0
onenas_40isl,set4,48,2022,251,0.0040390766516309835,0.3040464669871381,0.0009020019609858141,-4.2043268554105895,-0.28836768880367036,13.185772991263972,0.7585910105577695,6.784946855410587,1.0,1.0
onenas_40isl,set4,48,2023,250,0.032146988136441,2.705551484948338,0.033118910745354495,30.665801555962986,2.5315813979416952,3.8041415689299223,0.8884043472000002,6.534118444037003,1.0,1.0
onenas_40isl,set4,48,2024,246,0.02260178706004708,2.178398741267708,0.02765925945890607,12.469431034844574,1.1944050745778523,7.268528889874178,0.9128736792682927,7.09319896515543,1.0,1.0
onenas_40isl,set4,48,2022-24,747,0.01955902930447282,2.8388540797761714,0.020495726914908915,38.95325555631109,1.0389828514082229,13.185772991263972,0.8520493004016061,20.3899144436889,1.0,1.0
onenas_40isl,set4,48,2020-24,1251,0.01564450278506397,2.636314383512246,0.01695456381014384,44.647464199439135,0.49258339302424553,31.317852762207725,0.7493131527178263,34.180055800560815,1.0,1.0
onenas_40isl,set4,49,2020,252,0.01108736309718252,0.7336386123799156,0.006900583352763675,25.718524156647977,0.9177266618644488,21.45745871114651,0.6927239109126982,8.155315843352021,1.0,1.0
onenas_40isl,set4,49,2021,252,0.015358135087988464,1.1673312753336864,0.016637373256452457,8.03853553419574,0.551868470074615,13.566139174659122,0.5384732783730157,5.5337344658042715,1.0,1.0
onenas_40isl,set4,49,2022,251,0.006411862805576916,0.4733482676324046,0.006900733203807358,-5.664484017302163,-0.37099791951404765,15.53388811998681,0.827078160159363,7.23241401730216,1.0,1.0
onenas_40isl,set4,49,2023,250,0.03532319935317916,2.8080929833171973,0.03149575567095899,22.022785138108343,1.7320729425473473,5.530801192176531,1.0011974592000004,7.357414861891662,1.0,1.0
onenas_40isl,set4,49,2024,246,0.024607827637034587,2.3442493864793597,0.028509075542475556,18.073310108256628,1.6712787041487982,7.217564866557677,0.7858000439024394,6.121099891743367,1.0,1.0
onenas_40isl,set4,49,2022-24,747,0.022079923696392376,3.108718993934444,0.022247999377971058,34.43991843767647,0.8795637664762241,15.53388811998681,0.8716274702141901,20.702621562323532,1.0,1.0
onenas_40isl,set4,49,2020-24,1251,0.018511565582628457,3.1638439655881485,0.018026235492299637,68.23267909500217,0.7875676346229092,21.45745871114651,0.7677709515587534,34.355970904997875,1.0,1.0
onenas_40isl,set4,50,2020,252,0.0005555282359434927,0.0355145727451427,-0.003112939608887695,1.0857845423715797,0.03613367134686022,33.0319188207936,0.7849928557539682,9.219095457628425,1.0,1.0
onenas_40isl,set4,50,2021,252,0.017273184559038104,1.2467207116221761,0.019517668275821583,5.2959336922332785,0.34697166342030145,16.90125232999104,0.6083520384920634,6.320356307766725,1.0,1.0
onenas_40isl,set4,50,2022,251,0.008883336724912268,0.6380363394219595,0.002802157959226482,-9.57772964014016,-0.5951084066038888,18.100590366911227,0.9519075125498014,8.435159640140157,1.0,1.0
onenas_40isl,set4,50,2023,250,0.03475988536571562,2.746149113247415,0.03575526794270009,27.93239865844972,2.182431219635739,4.060476846797447,1.0530148326000002,7.282461341550269,1.0,1.0
onenas_40isl,set4,50,2024,246,0.027364837295391003,2.528673268764626,0.02980733226490336,13.627928025113839,1.3631495949026422,6.432696350199546,0.9259150912601622,7.157371974886165,1.0,1.0
onenas_40isl,set4,50,2022-24,747,0.0236297708621795,3.2596297769343288,0.02272391214271365,32.00241797348479,0.8081360259863535,18.100590366911227,0.9765218262382863,22.8551720265152,1.0,1.0
onenas_40isl,set4,50,2020-24,1251,0.017701258559858865,2.931820463171475,0.01687350439222577,38.42475879281563,0.42311443529202913,33.0319188207936,0.8633054113908859,38.35400120718437,1.0,1.0
onenas_40isl,set4,51,2020,252,0.01292758141801815,0.7985119750720636,0.00950927851267303,6.396365975956833,0.21964855085707713,29.566820332012583,0.8134633188492062,9.792634024043172,1.0,1.0
onenas_40isl,set4,51,2021,252,0.01694134058161709,1.2439137751261864,0.022979918019750516,5.75184022043347,0.3848059354666959,13.26946496817452,0.6669474319444443,7.169519779566521,1.0,1.0
onenas_40isl,set4,51,2022,251,0.01128942784195718,0.8058875110800734,0.008992462804344441,2.1603709359366934,0.13551256801169123,10.966764011781416,0.9595475567729085,8.614079064063308,1.0,1.0
onenas_40isl,set4,51,2023,250,0.03467325234990621,2.875554816173008,0.032786717808869,27.438837638029668,2.386963720892893,6.414950219984977,1.0028375339999998,7.263052361970337,1.0,1.0
onenas_40isl,set4,51,2024,246,0.02606575607623399,2.5364955588013496,0.03057242545936898,16.570882710766867,1.6453006847684504,5.317369169232284,0.7856951276422766,5.939727289233117,1.0,1.0
onenas_40isl,set4,51,2022-24,747,0.023981439719627025,3.3953496225735895,0.024062388593189387,46.17423175741954,1.2087625935567519,10.966764011781416,0.9167861145916995,21.812718242580434,1.0,1.0
onenas_40isl,set4,51,2020-24,1251,0.020336613760567085,3.3941898273652353,0.020912775224047327,58.367434187913034,0.6631721584385089,29.566820332012583,0.8453358635491602,38.729875812086995,1.0,1.0
buy_hold,set1,0,2020,253,nan,nan,nan,16.817888396200935,0.5690602072180289,36.91759707978154,0.001976284584980237,0.0161013579100186,0.003952569169960474,nan
ew_daily,set1,0,2020,253,nan,nan,nan,27.099645478767254,0.737355263843146,41.893033259983845,0.012507072292490122,0.17281652123274804,1.0,nan
buy_hold,set1,0,2021,252,nan,nan,nan,29.28261047556213,1.9194756869074985,6.271077052433592,0.001984126984126984,0.02434312836602206,0.003968253968253968,nan
ew_daily,set1,0,2021,252,nan,nan,nan,26.95346923199099,2.0833511604594364,5.00869472234747,0.008434254841269837,0.09453076800900234,1.0,nan
buy_hold,set1,0,2022,251,nan,nan,nan,-5.632577788659631,-0.2846784147517513,17.656115354374567,0.00199203187250996,0.015209138026383238,0.00398406374501992,nan
ew_daily,set1,0,2022,251,nan,nan,nan,-3.3877256669078926,-0.1536819217001033,18.318514322637146,0.010252937529880483,0.0896216669078915,1.0,nan
buy_hold,set1,0,2023,250,nan,nan,nan,6.665404779623244,0.4639819147300185,17.304907042962313,0.002,0.010565049611232719,0.004,nan
ew_daily,set1,0,2023,250,nan,nan,nan,7.444436156759449,0.5136016118883424,16.5224751838574,0.008194806800000001,0.053423843240554485,1.0,nan
buy_hold,set1,0,2024,252,nan,nan,nan,4.587910171953183,0.36492700270632655,8.075321228058026,0.001984126984126984,0.014026832819602635,0.003968253968253968,nan
ew_daily,set1,0,2024,252,nan,nan,nan,5.501083830753071,0.44439352279529065,7.569809011719619,0.008111596349206354,0.06493616924692906,1.0,nan
buy_hold,set1,0,2022-24,753,nan,nan,nan,4.169985215427929,0.0902212973613385,17.656115354374567,0.0006640106241699867,0.015209138026383238,0.0013280212483399733,nan
ew_daily,set1,0,2022-24,753,nan,nan,nan,9.582213002944936,0.1900357915890632,18.318514322637146,0.007534204887118193,0.18356299705505397,1.0,nan
buy_hold,set1,0,2020-24,1258,nan,nan,nan,57.77782068833004,0.4734337985177402,36.91759707978154,0.000397456279809221,0.0161013579100186,0.000794912559618442,nan
ew_daily,set1,0,2020-24,1258,nan,nan,nan,63.674526952668664,0.586508707745109,41.893033259983845,0.007926816271860086,0.4117110473311923,1.0,nan
buy_hold,set2,0,2020,253,nan,nan,nan,16.230247688101887,0.5476424029626451,36.56884162032309,0.001976284584980237,0.019367135846305637,0.003952569169960474,nan
ew_daily,set2,0,2020,253,nan,nan,nan,26.935491417091207,0.715552496831643,41.95933658777854,0.013022265533596828,0.17934058290878763,1.0,nan
buy_hold,set2,0,2021,252,nan,nan,nan,33.48452884728684,1.9234109392426122,6.206763644524034,0.001984126984126984,0.02836051859646357,0.003968253968253968,nan
ew_daily,set2,0,2021,252,nan,nan,nan,30.429671119250546,2.108103080570957,4.970177811634329,0.008538939087301583,0.10345688074946022,1.0,nan
buy_hold,set2,0,2022,251,nan,nan,nan,-10.325564814083123,-0.48530604010023626,20.15607945035664,0.00199203187250996,0.020076855458970897,0.00398406374501992,nan
ew_daily,set2,0,2022,251,nan,nan,nan,-7.6532966765311805,-0.3161833078916454,21.918365003388526,0.010553790876494011,0.10325067653117481,1.0,nan
buy_hold,set2,0,2023,250,nan,nan,nan,17.011290858387593,1.032950007033344,13.348540015435217,0.002,0.012576342118816137,0.004,nan
ew_daily,set2,0,2023,250,nan,nan,nan,17.43934102644966,1.1041854837659304,12.501588103823986,0.008472125599999996,0.06589897355034044,1.0,nan
buy_hold,set2,0,2024,252,nan,nan,nan,14.575379058746456,1.0489791918715485,7.768381698698031,0.001984126984126984,0.013031105825495609,0.003968253968253968,nan
ew_daily,set2,0,2024,252,nan,nan,nan,15.10295515611417,1.1649620617769822,7.241116643284343,0.007918903452380948,0.06729084388583485,1.0,nan
buy_hold,set2,0,2022-24,753,nan,nan,nan,19.808006639850152,0.38627384268324055,20.15607945035664,0.0006640106241699867,0.020076855458970897,0.0013280212483399733,nan
ew_daily,set2,0,2022-24,753,nan,nan,nan,24.91444045358893,0.4542814508183061,21.918365003388526,0.007662179043824688,0.2109995464110462,1.0,nan
buy_hold,set2,0,2020-24,1258,nan,nan,nan,79.12768465863425,0.5992521401432988,36.56884162032309,0.000397456279809221,0.019367135846305637,0.000794912559618442,nan
ew_daily,set2,0,2020-24,1258,nan,nan,nan,82.32765032025924,0.7195159487580449,41.95933658777854,0.00812732158982511,0.4457496797408652,1.0,nan
buy_hold,set3,0,2020,253,nan,nan,nan,9.65303304549968,0.3137068492838687,38.848221205900664,0.001976284584980237,0.014662712846483895,0.003952569169960474,nan
ew_daily,set3,0,2020,253,nan,nan,nan,21.288680617796913,0.5328973121156203,44.35438294980807,0.013224043952569155,0.1573873822030708,1.0,nan
buy_hold,set3,0,2021,252,nan,nan,nan,29.552680884985815,1.76937097005246,6.477103126992416,0.001984126984126984,0.022259101985046197,0.003968253968253968,nan
ew_daily,set3,0,2021,252,nan,nan,nan,28.396104823034463,2.0168502390385274,5.20449941896575,0.008644569722222219,0.09744517696552193,1.0,nan
buy_hold,set3,0,2022,251,nan,nan,nan,-9.073609072767294,-0.4437010646269724,19.8106972888932,0.00199203187250996,0.015586168811669849,0.00398406374501992,nan
ew_daily,set3,0,2022,251,nan,nan,nan,-7.205311943430484,-0.3092245336138002,21.265468426908907,0.010397345697211157,0.09501794343047384,1.0,nan
buy_hold,set3,0,2023,250,nan,nan,nan,16.570831376248268,1.0384215861568153,15.181484782099295,0.002,0.013515688488758915,0.004,nan
ew_daily,set3,0,2023,250,nan,nan,nan,16.620993251414355,1.0940953365382582,13.871195598248654,0.008402999759999995,0.0607247485856559,1.0,nan
buy_hold,set3,0,2024,252,nan,nan,nan,17.31189445057186,1.2292246751196407,7.273151258626383,0.001984126984126984,0.014141373296211875,0.003968253968253968,nan
ew_daily,set3,0,2024,252,nan,nan,nan,16.23020391482111,1.262047843801849,5.878152955437642,0.008068480952380951,0.06489808517889652,1.0,nan
buy_hold,set3,0,2022-24,753,nan,nan,nan,30.04638121093936,0.5911426461728783,19.8106972888932,0.0006640106241699867,0.015586168811669849,0.0013280212483399733,nan
ew_daily,set3,0,2022-24,753,nan,nan,nan,25.673330389204292,0.48388114337243576,21.265468426908907,0.007637845949535198,0.19319561079572253,1.0,nan
buy_hold,set3,0,2020-24,1258,nan,nan,nan,82.30287430529621,0.6597585167713806,38.848221205900664,0.000397456279809221,0.014662712846483895,0.000794912559618442,nan
ew_daily,set3,0,2020-24,1258,nan,nan,nan,75.39562958396809,0.6464270296221816,44.35438294980807,0.008174610007949137,0.4105144160318757,1.0,nan
buy_hold,set4,0,2020,252,nan,nan,nan,6.186330188188111,0.20957202194362534,38.875007450906764,0.001984126984126984,0.014059359309042993,0.003968253968253968,nan
ew_daily,set4,0,2020,252,nan,nan,nan,18.209189760170908,0.4877754482680975,43.915917825989496,0.01243989583333334,0.1477722398290806,1.0,nan
buy_hold,set4,0,2021,252,nan,nan,nan,33.428055936392184,2.0700487283938576,6.257730909673649,0.001984126984126984,0.030200015542505728,0.003968253968253968,nan
ew_daily,set4,0,2021,252,nan,nan,nan,29.621549827574416,2.1769430484531047,5.02338483245905,0.007936980912698411,0.09348217242556753,1.0,nan
buy_hold,set4,0,2022,251,nan,nan,nan,-6.813759021891351,-0.3591931523186216,17.83949070121473,0.00199203187250996,0.015787923362772103,0.00398406374501992,nan
ew_daily,set4,0,2022,251,nan,nan,nan,-4.969236371355746,-0.23481165116779104,18.68520327883584,0.009553107569721116,0.08526637135573903,1.0,nan
buy_hold,set4,0,2023,250,nan,nan,nan,13.06323125010049,0.938487935019121,10.045043183316753,0.002,0.01373995986569787,0.004,nan
ew_daily,set4,0,2023,250,nan,nan,nan,13.76724301806329,1.0192587547706744,9.468100384820557,0.007593505400000006,0.05579298193670997,1.0,nan
buy_hold,set4,0,2024,252,nan,nan,nan,12.402456144123924,1.0223582332854215,7.53610755082407,0.001984126984126984,0.014508767374116193,0.003968253968253968,nan
ew_daily,set4,0,2024,252,nan,nan,nan,12.114991180460278,1.093238775895739,6.3965587810342655,0.007171752936507928,0.05540081953972111,1.0,nan
buy_hold,set4,0,2022-24,753,nan,nan,nan,17.690205317012893,0.39236404956760773,17.83949070121473,0.0006640106241699867,0.015787923362772103,0.0013280212483399733,nan
ew_daily,set4,0,2022-24,753,nan,nan,nan,20.941088971182683,0.4408314692725188,18.68520327883584,0.0067850877689243074,0.1683690288172956,1.0,nan
buy_hold,set4,0,2020-24,1257,nan,nan,nan,64.51472995469798,0.5769976837616638,38.875007450906764,0.0003977724741447892,0.014059359309042993,0.0007955449482895784,nan
ew_daily,set4,0,2020-24,1257,nan,nan,nan,68.81743013380567,0.6383372590940226,43.915917825989496,0.007360391503579934,0.3640218661943301,1.0,nan
