date,model_ret,model_equity,model_rebalanced,model_cost,model_traded,naive_ret,naive_equity,naive_rebalanced,naive_cost,naive_traded
2015-01-02,-0.00135899,99.8641,1,0.027349,200.000000,0.00000000,100.0000,0,0.000000,0.000000
2015-01-05,0.00644178,100.5083,1,0.031572,200.295530,0.00414168,100.4142,1,0.038452,200.000000
2015-01-06,0.00634455,101.1427,1,0.048385,238.404770,0.01189887,101.6041,0,0.000000,0.000000
2015-01-07,0.01216809,102.3595,1,0.041751,240.074140,0.00163008,101.7671,1,0.047572,297.671421
2015-01-08,-0.00331040,102.0285,1,0.047560,241.936340,-0.01653856,100.1132,0,0.000000,0.000000
2015-01-09,0.00076104,102.1046,1,0.025676,183.632400,0.00483019,100.5962,0,0.000000,0.000000
2015-01-12,0.02442976,104.5476,1,0.033624,199.648420,0.02038699,102.6349,0,0.000000,0.000000
2015-01-13,-0.00099511,104.4481,1,0.054201,279.477180,0.00289268,102.9242,1,0.037332,222.676051
2015-01-14,-0.00250093,104.1980,1,0.036683,239.747970,0.00451520,103.3757,1,0.044500,300.598720
2015-01-15,0.01914127,106.1121,1,0.032523,220.266610,0.00432682,103.8084,1,0.043758,321.047340
2015-01-16,-0.01225687,104.8864,1,0.036997,257.927290,0.00092335,103.9007,1,0.027005,179.550900
2015-01-20,-0.01490044,103.3964,1,0.026704,182.646290,0.00327331,104.2281,0,0.000000,0.000000
2015-01-21,-0.00124631,103.2717,1,0.024421,201.650400,-0.00051997,104.1761,1,0.035627,262.961577
2015-01-22,0.01046101,104.3178,1,0.030009,202.752090,-0.01058136,103.1179,1,0.063226,341.235070
2015-01-23,-0.01047694,103.2702,1,0.022034,183.538050,-0.00753335,102.3646,0,0.000000,0.000000
2015-01-26,-0.00348675,102.9215,1,0.032795,279.447680,-0.00591233,101.7734,1,0.047933,323.038742
2015-01-27,-0.01677687,101.2438,1,0.029467,222.182580,-0.02759532,99.0138,1,0.048522,341.302680
2015-01-28,0.00598538,101.8423,1,0.027342,181.378180,0.00494456,99.5083,1,0.061334,361.231110
2015-01-29,-0.00811045,101.0313,1,0.026705,199.475940,0.00024980,99.5333,0,0.000000,0.000000
2015-01-30,-0.00437280,100.5940,1,0.030110,183.097620,0.00249349,99.7826,1,0.050001,319.983147
2015-02-02,0.00048978,100.6430,1,0.049432,298.942410,-0.00732570,99.0500,0,0.000000,0.000000
2015-02-03,-0.01676580,98.9664,1,0.036070,202.330510,0.01312473,100.3625,1,0.045947,299.128614
2015-02-04,0.00305994,99.2724,1,0.027986,163.716570,-0.00453086,99.9094,0,0.000000,0.000000
2015-02-05,0.01240619,100.5130,0,0.000000,0.000000,0.00780491,100.6899,1,0.051539,343.168214
2015-02-06,-0.00589291,99.9237,1,0.034141,221.543191,0.02353410,103.0433,0,0.000000,0.000000
2015-02-09,-0.00615291,99.3084,0,0.000000,0.000000,0.00023454,103.0668,1,0.038266,283.008197
2015-02-10,-0.00214747,99.0937,1,0.044987,240.825390,-0.00655015,102.4118,1,0.052045,299.906720
2015-02-11,0.00805126,99.8988,1,0.029244,203.819420,0.00380281,102.7921,0,0.000000,0.000000
2015-02-12,0.00516922,100.4157,1,0.036768,200.963570,0.00730698,103.5227,1,0.039102,282.983191
2015-02-13,-0.02761328,97.6544,1,0.044298,242.374130,0.02718199,106.2409,0,0.000000,0.000000
2015-02-17,-0.00166989,97.4874,1,0.020679,143.110370,0.00412982,106.6539,1,0.025318,205.090425
2015-02-18,0.01280673,98.7681,1,0.031457,220.967190,-0.00956357,105.6976,1,0.047977,340.377160
2015-02-19,0.01056115,99.8242,1,0.047055,280.365790,-0.01929947,103.7676,1,0.049837,320.889800
2015-02-20,0.00246100,100.0703,0,0.000000,0.000000,0.00422794,104.1904,1,0.048586,379.374710
2015-02-23,0.00198364,100.2687,1,0.044446,220.129334,-0.00376571,103.8138,1,0.047891,261.200880
2015-02-24,-0.00491286,99.7774,1,0.030706,220.724630,-0.01154524,102.6593,1,0.045384,320.610500
2015-02-25,0.00222884,100.0003,1,0.033096,200.754180,-0.00693864,101.9655,1,0.052364,360.540680
2015-02-26,-0.01571819,98.4284,1,0.033289,240.376180,0.02725125,104.6906,1,0.047625,359.486040
2015-02-27,-0.00392388,98.0361,1,0.020588,162.081410,0.00180547,104.8711,1,0.030173,242.124250
2015-03-02,0.00045403,98.0815,1,0.033507,261.777300,-0.01484823,103.3863,1,0.041033,341.779480
2015-03-03,0.00637399,98.7189,1,0.028431,182.532310,-0.00982467,102.4038,1,0.055167,362.323650
2015-03-04,-0.00034802,98.6841,1,0.035202,280.513070,-0.00267210,102.1366,1,0.043680,359.993060
2015-03-05,-0.00540847,98.1432,1,0.014197,141.202440,0.00510785,102.6474,1,0.033555,300.490650
2015-03-06,0.00884022,99.0272,1,0.019928,141.210730,-0.00233089,102.4143,1,0.032229,261.225780
2015-03-09,0.00102380,99.1296,1,0.030020,239.469730,0.01024510,103.4388,0,0.000000,0.000000
2015-03-10,-0.00288927,98.8407,1,0.046207,260.642700,0.00097482,103.5363,1,0.034208,199.880240
2015-03-11,0.00280075,99.1208,1,0.031755,199.974820,0.00790590,104.3269,0,0.000000,0.000000
2015-03-12,-0.00070682,99.0501,1,0.024902,200.723110,0.00339151,104.6661,1,0.034939,240.487840
2015-03-13,0.00367737,99.4178,1,0.035903,263.894200,0.00396769,105.0628,0,0.000000,0.000000
2015-03-16,-0.00660490,98.7573,1,0.037250,219.851280,0.01148656,106.2115,1,0.032244,262.813262
2015-03-17,-0.01377814,97.3795,1,0.022904,162.789840,-0.00736546,105.4749,0,0.000000,0.000000
2015-03-18,-0.00796210,96.5833,1,0.026320,161.537050,0.00039451,105.5144,1,0.044969,304.361536
2015-03-19,0.00871192,97.4545,1,0.022848,202.834970,0.00126697,105.6411,0,0.000000,0.000000
2015-03-20,0.00585015,98.0395,1,0.035305,260.844900,-0.01014965,104.6261,1,0.044945,302.366831
2015-03-23,-0.00029211,98.0103,1,0.028611,222.383100,-0.00249330,104.3768,0,0.000000,0.000000
2015-03-24,-0.00521699,97.4886,1,0.025559,180.351180,0.01188224,105.5650,1,0.042146,321.880336
2015-03-25,0.00946041,98.4346,1,0.031509,220.169660,-0.00189870,105.3751,0,0.000000,0.000000
2015-03-26,-0.00684779,97.7499,1,0.034039,278.848550,-0.00033641,105.3415,0,0.000000,0.000000
2015-03-27,0.01163392,98.9133,1,0.031168,220.968200,-0.01289119,104.0524,1,0.044539,316.996493
2015-03-30,0.02086716,101.0000,1,0.032864,261.699840,-0.00448561,103.6038,1,0.051551,382.033460
2015-03-31,0.00332330,101.3323,1,0.038860,240.836520,0.00529812,104.1336,0,0.000000,0.000000
2015-04-01,0.00416521,101.7488,1,0.046799,319.389370,-0.00940802,103.1928,1,0.032242,241.902272
2015-04-02,0.01190984,102.9398,1,0.025716,179.636220,-0.00355598,102.8372,1,0.042268,299.661740
2015-04-06,0.00434924,103.3747,1,0.040696,301.498560,0.00092485,102.9297,1,0.049965,341.792250
2015-04-07,0.00564318,103.9390,1,0.034012,261.439080,-0.01035528,101.8942,1,0.042228,301.672790
2015-04-08,-0.00411011,103.5280,1,0.031251,200.672150,0.00263298,102.1575,1,0.057152,339.718940
2015-04-09,-0.01360283,102.1678,1,0.027393,181.341560,0.01451710,103.6092,1,0.037430,300.715470
2015-04-10,0.00642057,102.8098,1,0.029343,181.521050,-0.00760475,102.8487,1,0.042125,281.704400
2015-04-13,0.00815420,103.6252,1,0.031050,200.889680,-0.00987494,101.8612,1,0.056304,380.606490
2015-04-14,-0.00383235,103.2420,1,0.043055,279.698150,0.00003175,101.8644,1,0.048975,359.549930
2015-04-15,0.00275839,103.5178,1,0.032471,220.700380,-0.00171143,101.6933,1,0.036443,300.534130
2015-04-16,-0.00096732,103.4211,1,0.029662,221.029710,-0.00147749,101.5455,1,0.039809,321.029440
2015-04-17,-0.00402418,103.0187,1,0.031478,240.918990,0.00728319,102.2738,1,0.044041,340.425140
2015-04-20,-0.01396489,101.6222,1,0.031839,180.789460,0.00849379,103.1232,0,0.000000,0.000000
2015-04-21,0.01023059,102.6452,1,0.038511,243.643030,0.00130820,103.2540,0,0.000000,0.000000
2015-04-22,-0.00823338,101.8219,1,0.046618,319.573930,0.00788317,104.0424,1,0.041103,321.415150
2015-04-23,-0.00074598,101.7473,1,0.018968,141.323300,-0.00514017,103.5283,1,0.035077,281.321100
2015-04-24,-0.00144401,101.6029,1,0.025861,180.746770,0.00425150,103.9535,1,0.035850,301.191880
2015-04-27,0.00864464,102.4674,1,0.033896,161.323000,-0.01126786,102.8267,1,0.046646,301.287140
2015-04-28,0.00257336,102.7247,1,0.028074,220.385100,0.00112716,102.9394,0,0.000000,0.000000
2015-04-29,0.00594456,103.3192,1,0.037514,241.016430,-0.00557279,102.3821,1,0.037649,280.615226
2015-04-30,0.01112150,104.4313,1,0.061470,239.948370,-0.02308140,100.0740,1,0.064520,299.462730
2015-05-01,0.00100037,104.5314,1,0.066513,300.261940,-0.00852762,99.2212,0,0.000000,0.000000
2015-05-04,-0.00100795,104.4306,1,0.028495,203.935010,0.00356041,99.5773,0,0.000000,0.000000
2015-05-05,-0.00694751,103.7358,1,0.034871,201.649440,0.01608106,101.1854,1,0.032934,223.713535
2015-05-06,-0.00260481,103.4753,1,0.022981,179.991640,-0.00585527,100.5999,0,0.000000,0.000000
2015-05-07,-0.00476767,102.9986,1,0.031987,241.137580,-0.00539994,100.0599,1,0.050494,358.768727
2015-05-08,-0.00156999,102.8416,1,0.025429,161.569020,-0.00166467,99.8934,0,0.000000,0.000000
2015-05-11,0.00550977,103.3925,1,0.041043,221.643070,0.00737921,100.6313,0,0.000000,0.000000
2015-05-12,0.00319485,103.7120,1,0.038185,240.396500,-0.00803633,99.8277,1,0.036523,262.587245
2015-05-13,0.00048991,103.7610,1,0.031429,260.401030,-0.00378621,99.4491,1,0.046561,359.474970
2015-05-14,-0.00482574,103.2784,1,0.020814,180.487480,0.00576963,100.0260,1,0.050797,340.326360
2015-05-15,0.00254211,103.5327,1,0.025359,162.813320,-0.01045685,98.9803,0,0.000000,0.000000
2015-05-18,0.00406185,103.9388,1,0.030555,200.690130,-0.00891243,98.0891,1,0.042953,363.651470
2015-05-19,0.02032185,105.9710,1,0.026115,241.467320,-0.01863172,96.2259,1,0.045342,362.205110
2015-05-20,0.00559668,106.5307,1,0.034592,262.289840,-0.00554464,95.6715,1,0.049694,322.047050
2015-05-21,0.00913962,107.4447,1,0.033148,240.425160,-0.00939046,94.7324,1,0.036476,300.258510
2015-05-22,-0.00161635,107.2830,1,0.032025,241.752010,-0.00380403,94.3520,1,0.045233,361.697490
2015-05-26,0.00768459,108.0515,1,0.023971,160.567630,-0.00839277,93.5127,1,0.040767,319.651510
2015-05-27,-0.00002530,108.0489,1,0.034500,259.700650,0.00024876,93.5376,0,0.000000,0.000000
2015-05-28,0.00385766,108.4347,1,0.029544,261.822170,-0.00182923,93.3547,0,0.000000,0.000000
2015-05-29,0.00394077,108.8288,1,0.043393,280.487750,-0.00470080,92.8846,1,0.046980,300.680214
2015-06-01,0.01579443,110.4082,1,0.032457,279.809450,-0.00046542,92.8381,1,0.040912,339.565600
2015-06-02,0.00496419,110.9047,1,0.034471,240.252380,-0.00704983,92.1331,1,0.043843,301.206230
2015-06-03,-0.00649876,110.2548,1,0.035346,240.484170,0.01903698,94.0368,1,0.050192,380.123140
2015-06-04,-0.00483474,109.7713,1,0.019934,121.692570,-0.00247682,93.7891,1,0.031902,221.639410
2015-06-05,0.00382148,110.1535,1,0.019622,140.473100,0.01604906,95.3940,0,0.000000,0.000000
2015-06-08,-0.00275723,109.8777,1,0.022093,160.395150,-0.00124895,95.2691,1,0.036605,201.555107
2015-06-09,-0.00221063,109.6567,1,0.025993,160.398250,-0.00051269,95.2178,1,0.051819,339.295550
2015-06-10,-0.00417107,109.2396,1,0.030617,200.567390,0.00598642,95.8165,1,0.051868,320.203890
2015-06-11,0.00954107,110.1937,1,0.019893,123.183410,-0.00169998,95.6465,0,0.000000,0.000000
2015-06-12,-0.00083409,110.1103,1,0.050089,280.548360,-0.00447584,95.1989,1,0.055144,303.122750
2015-06-15,0.00131811,110.2421,1,0.047549,200.406620,0.00333305,95.5322,0,0.000000,0.000000
2015-06-16,-0.00568448,109.6736,1,0.030448,180.297520,-0.00496420,95.0358,0,0.000000,0.000000
2015-06-17,-0.00435249,109.2384,1,0.022089,181.030380,-0.00211312,94.8245,1,0.052642,378.619425
2015-06-18,0.00434345,109.6727,1,0.028505,181.446980,-0.00850722,93.9737,1,0.047732,361.371430
2015-06-19,-0.00322918,109.3498,1,0.034888,242.407090,-0.00343480,93.6303,0,0.000000,0.000000
2015-06-22,-0.00796241,108.5536,1,0.030701,240.072570,0.00754937,94.3852,1,0.041763,341.824547
2015-06-23,0.00182600,108.7362,1,0.030180,201.192660,-0.00368862,94.0163,1,0.032582,261.542580
2015-06-24,-0.00443423,108.2927,1,0.027253,180.880660,0.00006140,94.0225,1,0.044980,300.786820
2015-06-25,-0.00122039,108.1707,1,0.023969,160.260770,0.00637874,94.6604,0,0.000000,0.000000
2015-06-26,-0.00179335,107.9914,1,0.020805,180.076110,-0.00331499,94.3289,1,0.038949,299.018554
2015-06-29,0.00368801,108.3602,1,0.018799,140.915670,0.01284374,95.6132,1,0.061226,340.982950
2015-06-30,0.00480644,108.8408,1,0.034366,199.004020,-0.00454623,95.1586,0,0.000000,0.000000
2015-07-01,-0.00965589,107.8752,1,0.051449,341.306130,-0.00185805,94.9728,1,0.042375,299.198829
2015-07-02,0.00316302,108.1915,1,0.034898,221.884320,-0.00272215,94.7006,1,0.038745,321.678910
2015-07-06,0.00472719,108.6642,1,0.039261,260.440340,0.00031553,94.7321,1,0.047377,320.779730
2015-07-07,-0.01358717,107.3055,1,0.025707,200.183800,0.00720823,95.4530,1,0.048577,320.044010
2015-07-08,0.00061108,107.3666,1,0.029132,202.121470,0.00403658,95.8566,1,0.041482,262.907460
2015-07-09,-0.00271136,107.0955,1,0.053656,239.224540,-0.01466049,94.3906,0,0.000000,0.000000
2015-07-10,-0.00022406,107.0731,1,0.040356,261.172180,0.00227731,94.6183,1,0.050659,359.510411
2015-07-13,-0.01036772,106.0363,1,0.024972,162.958170,0.00892520,95.5108,0,0.000000,0.000000
2015-07-14,-0.00252317,105.7840,1,0.033537,222.765560,0.00512623,96.0234,0,0.000000,0.000000
2015-07-15,0.01084132,106.8681,1,0.031798,181.167180,-0.00410713,95.6127,1,0.045993,324.639196
2015-07-16,-0.00824046,106.0441,1,0.025676,180.441150,0.00691885,96.3046,1,0.052195,319.892420
2015-07-17,-0.00043549,106.0005,1,0.035139,202.274770,-0.00720992,95.5836,0,0.000000,0.000000
2015-07-20,0.00649419,106.6500,1,0.040341,299.503850,-0.00784986,94.7986,0,0.000000,0.000000
2015-07-21,0.00088143,106.7381,1,0.038817,260.984060,0.00287846,95.0865,1,0.051494,341.423891
2015-07-22,0.00577329,107.3154,1,0.030471,180.320220,-0.00019083,95.0674,1,0.042753,280.225560
2015-07-23,-0.00304069,107.0114,1,0.015579,121.475160,-0.00937517,94.1299,1,0.034387,260.775230
2015-07-24,0.00399048,107.4104,1,0.032552,200.003550,-0.01048755,93.0811,1,0.056735,319.989150
2015-07-27,-0.00597807,106.8126,1,0.039847,219.551700,0.02085016,95.1661,1,0.064234,338.691040
2015-07-28,0.00547583,107.3602,1,0.031057,200.945260,-0.01216960,93.9492,1,0.030950,201.198350
2015-07-29,0.00177287,107.5375,1,0.038883,262.681060,-0.00761456,93.1877,0,0.000000,0.000000
2015-07-30,0.00083133,107.6206,1,0.039507,221.069370,-0.01230999,91.9567,1,0.064699,363.658580
2015-07-31,-0.00082990,107.5376,1,0.042410,260.641580,0.00135630,92.0924,1,0.053040,340.534540
2015-08-03,-0.01448610,106.0890,1,0.039240,241.162320,0.01454011,93.5464,1,0.057539,281.637170
2015-08-04,-0.02287274,103.8017,1,0.018534,120.349750,0.01659039,95.2054,1,0.033991,241.364310
2015-08-05,-0.00576261,103.2255,1,0.026401,202.902460,0.00978079,96.1835,1,0.041681,302.473270
2015-08-06,0.01473950,104.6994,1,0.024570,201.700420,-0.01241736,94.9418,1,0.035486,261.465900
2015-08-07,0.00582816,105.2822,1,0.032774,240.186860,-0.00117827,94.8239,1,0.057507,359.286690
2015-08-10,0.01325937,106.6082,1,0.033773,181.208130,-0.02335666,92.4883,1,0.043666,261.581280
2015-08-11,0.01355652,107.9638,1,0.029628,221.584050,-0.02138155,90.3501,1,0.051855,382.559740
2015-08-12,-0.00029037,107.9348,1,0.041537,297.804760,0.00598979,90.9491,1,0.052061,378.676300
2015-08-13,-0.00290592,107.6442,1,0.028472,201.067320,-0.00711249,90.2378,1,0.041269,282.116140
2015-08-14,-0.00207149,107.4370,1,0.035599,221.252060,-0.00068086,90.1698,1,0.054536,360.988340
2015-08-17,0.00393645,107.8307,1,0.024825,161.097970,-0.00351436,89.8183,0,0.000000,0.000000
2015-08-18,0.00853650,108.6843,1,0.026240,161.251170,-0.01301979,88.5163,1,0.056789,362.622655
2015-08-19,-0.00554176,108.1302,1,0.036876,239.517750,0.00200967,88.7173,1,0.055713,378.617830
2015-08-20,-0.00384391,107.7458,1,0.040561,260.045360,0.01240787,89.9581,1,0.049573,300.675500
2015-08-21,-0.00526676,107.2191,1,0.030076,180.093710,0.00294509,90.2526,0,0.000000,0.000000
2015-08-24,-0.00090594,107.1285,1,0.026964,160.994060,0.00384451,90.6371,0,0.000000,0.000000
2015-08-25,-0.00717892,106.4106,1,0.032252,161.752370,-0.01619527,89.0175,0,0.000000,0.000000
2015-08-26,-0.00420927,105.9897,1,0.035177,201.985020,0.00893275,89.9108,1,0.045915,327.467181
2015-08-27,0.00176856,106.1665,1,0.035484,246.511730,0.00387628,90.2984,0,0.000000,0.000000
2015-08-28,-0.00494499,105.6720,1,0.027189,184.160080,-0.00248905,90.0495,0,0.000000,0.000000
2015-08-31,-0.00243414,105.4286,1,0.021994,140.802450,0.00010716,90.0602,1,0.047954,349.973774
2015-09-01,-0.00121779,105.3068,0,0.000000,0.000000,0.00479673,90.5399,0,0.000000,0.000000
2015-09-02,-0.00761846,104.5450,0,0.000000,0.000000,-0.00714073,89.8258,0,0.000000,0.000000
2015-09-03,0.00203359,104.7484,1,0.037011,257.388215,0.00470801,90.2966,0,0.000000,0.000000
2015-09-04,-0.00251115,104.4972,1,0.041535,220.673630,-0.00832248,89.4644,1,0.041888,258.795029
2015-09-08,-0.00131241,104.3660,0,0.000000,0.000000,0.00183070,89.6475,0,0.000000,0.000000
2015-09-09,-0.00215754,104.1503,1,0.024274,162.489128,0.00522359,90.1698,0,0.000000,0.000000
2015-09-10,0.00117438,104.2677,0,0.000000,0.000000,0.00237396,90.4072,0,0.000000,0.000000
2015-09-11,0.00206760,104.4744,0,0.000000,0.000000,-0.00045038,90.3622,1,0.050628,321.511352
2015-09-14,-0.00420241,104.0542,1,0.034621,240.104649,0.00531965,90.8941,1,0.051275,361.168890
2015-09-15,0.00413284,104.4675,1,0.025976,200.547560,-0.00050642,90.8435,1,0.045332,300.563580
2015-09-16,-0.00209751,104.2577,1,0.028571,182.215320,-0.00421093,90.4224,0,0.000000,0.000000
2015-09-17,0.01295419,105.5532,1,0.035111,221.033100,-0.00447857,89.9746,1,0.052497,364.672317
2015-09-18,0.01159430,106.7126,1,0.026530,160.696890,0.02150647,92.1252,1,0.054743,339.962300
2015-09-21,0.00586890,107.2995,0,0.000000,0.000000,0.00153353,92.2786,0,0.000000,0.000000
2015-09-22,0.00155613,107.4551,1,0.039767,259.253464,0.01313345,93.5919,1,0.045555,319.218559
2015-09-23,-0.00331565,107.1235,0,0.000000,0.000000,0.01372709,94.9646,0,0.000000,0.000000
2015-09-24,-0.00058157,107.0654,1,0.038237,238.951505,-0.00277794,94.6868,1,0.036374,260.237383
2015-09-25,0.00020994,107.0864,1,0.052176,280.177500,0.01094848,95.7817,1,0.048272,300.173940
2015-09-28,0.01421159,108.5075,1,0.034271,200.793170,0.00627610,96.4093,1,0.045330,281.904120
2015-09-29,0.00458911,108.9664,0,0.000000,0.000000,-0.00658606,95.7507,0,0.000000,0.000000
2015-09-30,-0.00490097,108.4763,1,0.044887,297.320595,-0.00837408,94.9133,1,0.051618,337.144532
2015-10-01,-0.00265466,108.2109,1,0.045286,303.855770,0.00362667,95.2759,0,0.000000,0.000000
2015-10-02,0.00205452,108.4163,1,0.036658,240.762040,-0.00082417,95.1935,1,0.056697,363.647058
2015-10-05,-0.00258032,108.1583,1,0.041272,283.166070,0.00379051,95.5726,0,0.000000,0.000000
2015-10-06,-0.01798804,106.3595,1,0.029234,184.826360,-0.00252864,95.3197,0,0.000000,0.000000
2015-10-07,-0.01155154,105.2043,1,0.015884,141.460290,0.00315447,95.6351,1,0.045453,346.335950
2015-10-08,-0.01514871,103.6895,1,0.035561,223.122630,-0.00113295,95.5218,1,0.055735,362.226480
2015-10-09,0.01215002,104.9045,1,0.023368,142.076630,-0.00191564,95.3303,1,0.043154,281.797080
2015-10-12,0.00021326,104.9258,1,0.043274,301.712990,0.00070189,95.4005,1,0.051071,362.212370
2015-10-13,-0.00103661,104.8221,1,0.029881,241.169240,0.00341214,95.7417,1,0.044946,301.079840
2015-10-14,-0.00125700,104.6964,1,0.032080,240.359300,0.00224753,95.9664,1,0.037647,280.262060
2015-10-15,0.00644672,105.3411,1,0.037398,240.490480,-0.01298066,94.6684,1,0.043506,300.072580
2015-10-16,0.00136380,105.4775,1,0.049630,323.596510,-0.00734530,93.9338,0,0.000000,0.000000
2015-10-19,-0.00418651,105.0588,1,0.049811,260.804850,0.00140215,94.0741,1,0.057625,362.215808
2015-10-20,0.01980724,107.0396,1,0.031886,200.958420,-0.01680439,92.3936,1,0.042279,280.414420
2015-10-21,0.00459146,107.4987,1,0.050764,299.448790,-0.00789124,91.6045,1,0.056014,380.272360
2015-10-22,-0.00030259,107.4684,1,0.038699,180.795450,-0.00577139,91.0274,1,0.069779,318.617770
2015-10-23,-0.00072989,107.3955,1,0.044269,283.491240,-0.00900176,90.1272,0,0.000000,0.000000
2015-10-26,0.00589204,107.9847,1,0.036176,202.443060,0.00391530,90.5187,1,0.050240,324.406823
2015-10-27,-0.00072381,107.9123,1,0.037791,240.470540,0.01095107,91.6138,1,0.051473,340.877810
2015-10-28,0.01706849,109.6191,0,0.000000,0.000000,-0.01435082,90.1787,1,0.050032,299.515380
2015-10-29,-0.01000774,108.6184,1,0.049934,281.038246,0.00780037,90.9588,1,0.043783,322.947750
2015-10-30,0.01735053,110.3534,1,0.037037,241.495460,-0.01681334,89.2774,1,0.042354,321.251340
2015-11-02,0.01267831,111.6212,1,0.025909,162.211850,-0.01443106,87.8343,1,0.051846,322.038600
2015-11-03,-0.01086550,110.5347,1,0.030920,183.861440,-0.00661402,87.1729,0,0.000000,0.000000
2015-11-04,0.01077398,111.6121,1,0.032022,181.315050,-0.01021739,86.1512,1,0.053699,304.093746
2015-11-05,-0.01767293,109.8448,1,0.028793,220.736880,-0.00184068,85.9671,1,0.048978,339.482980
2015-11-06,-0.01723213,108.1216,1,0.023053,180.543440,0.00195650,86.1628,1,0.046560,300.149750
2015-11-09,-0.00222959,107.8986,1,0.024269,182.388660,-0.01250985,84.9118,1,0.042945,281.258670
2015-11-10,0.00324976,108.2236,1,0.029634,180.636470,0.00191496,85.1033,1,0.046094,358.970540
2015-11-11,0.01303684,109.5273,1,0.032106,181.138550,-0.01079601,84.0237,1,0.042791,281.705850
2015-11-12,0.00518854,110.0461,1,0.036066,220.143730,0.01219010,85.2427,1,0.058260,339.836590
2015-11-13,0.00544377,110.5905,1,0.044233,299.021560,0.00919900,86.1626,0,0.000000,0.000000
2015-11-16,-0.00911788,109.6787,1,0.048828,280.145430,0.00339350,86.5019,1,0.050710,298.448644
2015-11-17,-0.00850928,108.8278,1,0.019448,142.424100,-0.00911911,85.5900,0,0.000000,0.000000
2015-11-18,-0.00447078,108.3807,1,0.026718,160.431560,-0.00048421,85.5416,1,0.056361,341.898277
2015-11-19,0.00028125,108.4088,1,0.020805,164.757420,0.00052654,85.5943,0,0.000000,0.000000
2015-11-20,0.00271210,108.6800,1,0.030280,180.559870,-0.00163084,85.4312,1,0.049244,323.621784
2015-11-23,-0.00424002,108.2560,1,0.030232,180.627150,-0.00090141,85.3410,1,0.055571,340.993180
2015-11-24,-0.00618957,107.6371,1,0.032257,200.657970,0.01369452,86.7105,1,0.042578,300.820350
2015-11-25,0.00861653,108.4987,1,0.030297,182.487320,-0.02110586,84.5999,1,0.040216,282.381050
2015-11-27,-0.00295903,108.2028,1,0.033213,181.389190,0.00321055,84.9210,1,0.060735,319.341850
2015-11-30,0.01202726,109.4056,1,0.031554,141.347190,-0.01800906,83.1201,1,0.063566,321.062650
2015-12-01,-0.00283408,109.1222,1,0.054328,320.122200,-0.00013377,83.1067,1,0.060117,340.000260
2015-12-02,-0.00501927,108.6202,1,0.043617,241.710160,-0.02345418,80.7613,0,0.000000,0.000000
2015-12-03,0.01308862,109.9291,1,0.040458,239.399210,0.00490952,81.2522,0,0.000000,0.000000
2015-12-04,0.00515027,110.4441,1,0.051233,298.923140,-0.01106182,80.1460,0,0.000000,0.000000
2015-12-07,-0.00865893,109.5782,1,0.058663,323.209340,0.00966266,81.1123,0,0.000000,0.000000
2015-12-08,0.00266416,109.8446,1,0.047354,241.618670,0.00972218,82.0845,1,0.043712,282.909214
2015-12-09,0.02478419,112.3231,1,0.044151,280.804450,-0.00695922,81.3886,1,0.037082,240.887250
2015-12-10,0.00338151,112.6612,1,0.051819,319.383830,-0.00904292,80.4843,1,0.049542,340.202000
2015-12-11,0.00407830,113.0690,1,0.058220,319.905790,-0.00975303,79.5090,1,0.060763,360.200850
2015-12-14,0.00360805,113.4298,1,0.036655,239.599190,-0.00151428,79.3576,0,0.000000,0.000000
2015-12-15,0.00452905,113.8828,1,0.047545,200.196740,-0.01169387,78.1882,1,0.072147,338.973261
2015-12-16,0.00085005,113.9678,1,0.038875,282.565910,-0.00484323,77.7039,1,0.053813,342.199120
2015-12-17,-0.00096827,113.8709,1,0.037117,203.163460,-0.00534298,77.1696,0,0.000000,0.000000
2015-12-18,-0.00252690,113.6182,1,0.051040,239.282250,-0.00540998,76.6286,1,0.055238,320.653597
2015-12-21,-0.01409587,112.2087,1,0.026397,220.944470,0.01551214,78.1798,0,0.000000,0.000000
2015-12-22,0.01724112,113.9328,1,0.038508,223.135450,-0.01535182,76.6446,1,0.038672,261.963975
2015-12-23,-0.00109560,113.8232,1,0.055500,281.986380,0.00349801,76.9944,0,0.000000,0.000000
2015-12-24,0.00226158,114.0494,1,0.039322,262.540860,-0.00269782,76.7246,0,0.000000,0.000000
2015-12-28,-0.00232356,113.8170,1,0.030566,160.628140,0.00448857,77.1735,1,0.083373,345.802511
2015-12-29,0.00422759,114.2398,1,0.045271,240.636630,-0.00026646,77.1468,1,0.056476,320.894010
2015-12-30,-0.00442823,113.7969,1,0.059233,301.830770,0.00747417,77.8942,0,0.000000,0.000000
2015-12-31,0.00731751,114.5287,1,0.040499,239.231630,-0.00459050,77.4352,0,0.000000,0.000000
2016-01-04,0.00031053,114.5597,0,0.000000,0.000000,0.00275138,77.7103,0,0.000000,0.000000
2016-01-05,0.00319449,114.8792,1,0.056621,357.248681,0.00332916,78.0432,0,0.000000,0.000000
2016-01-06,0.01665775,116.5450,0,0.000000,0.000000,0.00324076,78.3673,1,0.054424,321.561213
2016-01-07,0.00213407,116.7584,0,0.000000,0.000000,0.00567635,78.9350,1,0.053295,298.362540
2016-01-08,0.00981094,117.7395,0,0.000000,0.000000,0.00893631,79.8286,0,0.000000,0.000000
2016-01-11,-0.00013730,117.7257,0,0.000000,0.000000,0.01570467,81.3991,0,0.000000,0.000000
2016-01-12,-0.00478036,117.2477,0,0.000000,0.000000,-0.00008363,81.3907,1,0.048813,276.956941
2016-01-13,0.00743357,117.9911,1,0.043933,201.047012,-0.01555339,79.8354,1,0.052619,302.667690
2016-01-14,0.01958744,119.9498,0,0.000000,0.000000,-0.02056517,77.7788,0,0.000000,0.000000
2016-01-15,0.00144509,120.0943,0,0.000000,0.000000,0.00542486,78.3213,0,0.000000,0.000000
2016-01-19,0.00455894,120.5502,1,0.043426,238.389185,-0.01489798,76.8315,0,0.000000,0.000000
2016-01-20,0.01237599,121.7878,0,0.000000,0.000000,-0.00948873,75.8826,1,0.060923,355.847966
2016-01-21,-0.00683729,121.1041,0,0.000000,0.000000,-0.00203026,75.6796,1,0.060586,338.284370
2016-01-22,0.01710051,122.8141,1,0.041819,201.691926,-0.02049979,73.6296,1,0.066739,322.212480
2016-01-25,0.01174740,123.9889,0,0.000000,0.000000,-0.02441073,71.1886,0,0.000000,0.000000
2016-01-26,0.00650391,124.6393,1,0.055289,240.704278,0.00089048,71.2776,0,0.000000,0.000000
2016-01-27,0.01548783,126.1880,0,0.000000,0.000000,-0.00273689,71.0039,0,0.000000,0.000000
2016-01-28,-0.00438733,125.7493,0,0.000000,0.000000,0.01054160,72.0581,1,0.063110,300.797821
2016-01-29,0.02027935,127.7773,0,0.000000,0.000000,0.01036255,73.0943,1,0.049775,281.678130
2016-02-01,-0.00176783,127.6005,1,0.058993,310.186132,-0.00922158,72.1722,0,0.000000,0.000000
2016-02-02,-0.01492093,126.1084,1,0.033213,180.670070,0.00262215,72.4344,1,0.064915,366.740389
2016-02-03,-0.00572869,125.5355,1,0.018529,159.765920,0.01001538,73.4359,1,0.053962,318.544910
2016-02-04,-0.00590438,124.9451,1,0.034358,201.992920,0.00882549,74.3185,1,0.048561,283.409360
2016-02-05,-0.00988405,123.9567,1,0.027795,181.501600,-0.00596418,73.7221,1,0.039258,263.621170
2016-02-08,0.00650866,124.6075,1,0.031544,180.234450,-0.00444261,73.2778,0,0.000000,0.000000
2016-02-09,-0.00083697,124.5238,1,0.025467,140.631370,0.00649797,73.9276,0,0.000000,0.000000
2016-02-10,0.00427822,124.9517,1,0.039568,200.795730,-0.00040871,73.8867,1,0.054141,277.432179
2016-02-11,-0.00882169,124.0695,1,0.044459,201.582670,0.02547477,76.4342,1,0.066453,321.714570
2016-02-12,0.02287392,126.3569,1,0.036938,161.362990,0.00945365,77.3796,0,0.000000,0.000000
2016-02-16,-0.01123769,125.2331,1,0.045299,282.929230,-0.00969383,76.4102,0,0.000000,0.000000
2016-02-17,-0.00937748,124.2954,1,0.032928,164.669010,-0.00691797,75.7184,0,0.000000,0.000000
2016-02-18,-0.00976538,123.3188,1,0.030848,163.903180,-0.02171965,73.5464,0,0.000000,0.000000
2016-02-19,0.01485837,124.8047,1,0.018063,141.695990,-0.02928876,70.6176,1,0.060096,386.536292
2016-02-22,0.00170407,124.9751,1,0.025433,181.119680,-0.01464471,69.1531,1,0.069701,379.607780
2016-02-23,0.01039436,126.0145,1,0.037554,263.682300,0.00564789,69.7179,0,0.000000,0.000000
2016-02-24,-0.01168149,124.8464,1,0.045479,239.137270,-0.00874424,68.8435,1,0.046314,261.670853
2016-02-25,0.00533882,125.3802,1,0.033538,162.541030,-0.01635696,67.2078,1,0.078406,322.245850
2016-02-26,0.00374244,125.7545,1,0.026306,181.752200,0.00414164,67.6219,0,0.000000,0.000000
2016-02-29,0.00672215,126.4267,1,0.022895,201.004630,-0.00643922,66.9780,1,0.044512,303.780720
2016-03-01,0.00825150,127.2518,1,0.054820,280.121310,-0.01876166,65.1018,1,0.051696,360.865850
2016-03-02,-0.00407411,126.8444,1,0.049531,286.591070,-0.00945080,64.1568,0,0.000000,0.000000
2016-03-03,-0.00707320,126.1371,1,0.035330,241.929920,0.00933534,65.0903,1,0.068296,367.435527
2016-03-04,-0.01639347,124.4978,1,0.030037,201.418290,0.01433494,66.5238,1,0.040116,261.815390
2016-03-07,-0.01412178,123.0856,1,0.028718,182.276430,0.00634632,67.1584,1,0.047418,261.905730
2016-03-08,0.01182755,124.2683,1,0.024895,182.435500,-0.00932882,66.2255,1,0.047332,282.379390
2016-03-09,0.01073004,125.3413,1,0.053256,297.264590,-0.00994275,65.2313,1,0.064645,357.438550
2016-03-10,0.00247284,125.5886,1,0.062526,281.123440,0.00665773,65.8970,1,0.059437,342.370690
2016-03-11,-0.00252446,125.3362,1,0.031116,161.156030,-0.00291990,65.6050,1,0.046690,241.544010
2016-03-14,0.00659407,125.9956,1,0.035063,204.083210,-0.00027745,65.5773,0,0.000000,0.000000
2016-03-15,0.00426660,126.4223,1,0.047320,240.423590,0.00618725,66.1960,1,0.060435,303.686865
2016-03-16,0.00233905,126.6562,1,0.043115,240.062040,-0.00370035,65.8260,1,0.046225,280.271320
2016-03-17,0.00022161,126.6783,1,0.055249,262.612220,-0.00459829,65.3662,0,0.000000,0.000000
2016-03-18,0.00373202,127.0515,1,0.038688,222.564990,-0.01391714,63.9744,1,0.061104,364.720758
2016-03-21,0.00210606,127.2621,1,0.038934,220.826250,-0.00230635,63.7438,1,0.058215,381.020550
2016-03-22,0.00149695,127.4118,1,0.023085,160.330720,-0.00818138,62.9257,1,0.041208,300.221980
2016-03-23,0.00335221,127.7470,1,0.032069,200.676260,-0.00537418,62.3883,1,0.048818,339.994710
2016-03-24,-0.00024000,127.7230,1,0.034720,199.491310,-0.00259569,62.1287,1,0.056199,338.644060
2016-03-28,0.01051820,128.7749,1,0.042190,241.003000,-0.01409615,60.7191,1,0.049535,301.097390
2016-03-29,-0.00327681,128.4472,1,0.055611,300.935150,-0.01125217,59.5939,1,0.057917,340.929540
2016-03-30,0.01197541,129.6447,1,0.038689,244.353150,0.00311960,59.9058,0,0.000000,0.000000
2016-03-31,0.00122216,129.7669,1,0.039524,220.343810,-0.00969911,58.9359,1,0.046761,263.154822
2016-04-01,0.00455133,130.2221,0,0.000000,0.000000,-0.00296065,58.6398,1,0.047905,340.424590
2016-04-04,0.00443776,130.6658,0,0.000000,0.000000,-0.00203366,58.4365,1,0.049676,321.681520
2016-04-05,0.00232712,130.8986,0,0.000000,0.000000,0.01200940,59.6374,0,0.000000,0.000000
2016-04-06,0.00281609,131.1802,0,0.000000,0.000000,0.00293237,59.9306,0,0.000000,0.000000
2016-04-07,0.00717203,131.8974,0,0.000000,0.000000,0.00512657,60.4433,0,0.000000,0.000000
2016-04-08,0.00403524,132.3009,0,0.000000,0.000000,0.00582418,61.0257,0,0.000000,0.000000
2016-04-11,-0.00778712,131.5222,0,0.000000,0.000000,-0.00141001,60.8847,1,0.048741,260.109818
2016-04-12,-0.00352933,131.1692,0,0.000000,0.000000,0.00803054,61.6878,1,0.064546,340.115500
2016-04-13,-0.01177399,129.9918,0,0.000000,0.000000,0.01438084,63.1259,0,0.000000,0.000000
2016-04-14,0.00311198,130.3030,0,0.000000,0.000000,-0.00320523,62.8053,1,0.048843,286.450176
2016-04-15,0.00602809,130.9059,0,0.000000,0.000000,-0.01546647,61.2587,1,0.045507,299.989620
2016-04-18,0.00458942,131.3648,0,0.000000,0.000000,0.01232860,62.4915,1,0.058630,380.400100
2016-04-19,-0.01161337,130.2035,0,0.000000,0.000000,0.00444523,62.9361,0,0.000000,0.000000
2016-04-20,0.00044965,130.2484,0,0.000000,0.000000,-0.00053684,62.8824,1,0.044554,284.624894
2016-04-21,-0.01240850,129.0076,0,0.000000,0.000000,0.03570354,66.4527,1,0.047106,301.294570
2016-04-22,0.00369386,129.3770,0,0.000000,0.000000,-0.00729152,65.7236,1,0.029062,182.726660
2016-04-25,0.01042790,130.4198,0,0.000000,0.000000,-0.00119783,65.6038,1,0.063413,360.981410
2016-04-26,-0.00576356,129.8434,0,0.000000,0.000000,-0.01127794,64.4760,1,0.052754,339.819970
2016-04-27,0.00688869,130.5323,0,0.000000,0.000000,0.00406830,64.8828,1,0.057230,361.045400
2016-04-28,-0.00169851,130.3624,0,0.000000,0.000000,-0.00208535,64.6743,1,0.040915,262.019640
2016-04-29,0.01298515,131.6609,0,0.000000,0.000000,0.00737759,65.4121,1,0.042141,258.367860
2016-05-02,0.00015323,131.6763,0,0.000000,0.000000,-0.00826728,64.5853,1,0.050568,260.961340
2016-05-03,0.01784070,133.4603,1,0.048220,260.102146,0.02383481,66.9688,0,0.000000,0.000000
2016-05-04,0.00412832,133.8732,1,0.034908,219.092810,0.01289846,68.2587,0,0.000000,0.000000
2016-05-05,0.00050854,133.9240,1,0.017696,101.465400,0.00439803,68.6985,1,0.040647,241.851322
2016-05-06,0.00048989,133.9730,1,0.033711,200.283950,-0.00131971,68.5665,1,0.045021,280.823650
2016-05-09,-0.00829860,133.1431,1,0.022860,121.113200,-0.00397327,68.1692,1,0.055567,361.654190
2016-05-10,0.01195738,134.3389,1,0.021922,141.951680,-0.01612975,66.5562,1,0.051915,321.511760
2016-05-11,-0.01066484,133.2724,1,0.028554,163.250920,-0.01233708,65.3225,0,0.000000,0.000000
2016-05-12,0.00521041,133.7934,1,0.024049,159.764850,-0.00372769,64.9497,1,0.050009,320.945794
2016-05-13,-0.00657512,133.1359,1,0.034662,199.990410,0.00262606,65.2123,1,0.056564,340.860560
2016-05-16,0.00433319,133.5692,1,0.022861,140.173910,-0.00626931,64.5854,0,0.000000,0.000000
2016-05-17,-0.00510948,133.0583,1,0.030848,181.681440,-0.01007226,63.5782,0,0.000000,0.000000
2016-05-18,0.00681729,133.7400,1,0.019011,159.913000,0.00086637,63.6648,0,0.000000,0.000000
2016-05-19,-0.00490851,133.2492,1,0.024521,180.159360,-0.01866045,61.7988,1,0.041765,317.641650
2016-05-20,-0.00191472,133.0577,1,0.024392,160.867090,-0.00720049,61.0787,1,0.057189,380.075520
2016-05-23,-0.00589560,132.4681,1,0.011530,102.451560,0.00080879,61.1596,0,0.000000,0.000000
2016-05-24,0.01403921,133.8721,1,0.011599,80.891670,-0.01274224,59.8854,1,0.043624,322.259787
2016-05-25,0.00144493,134.0166,1,0.027287,161.912780,0.00956815,60.8422,0,0.000000,0.000000
2016-05-26,-0.00634686,133.3819,1,0.020756,120.959560,0.00264978,61.1072,1,0.040922,243.734542
2016-05-27,0.00295557,133.6774,1,0.013053,122.658890,-0.00807974,60.2992,1,0.041034,321.019520
2016-05-31,-0.00385136,133.2923,1,0.031426,181.061190,0.00869440,61.1686,0,0.000000,0.000000
2016-06-01,-0.00874143,132.4181,1,0.040333,280.742950,0.00141302,61.3099,1,0.037948,262.463976
2016-06-02,-0.00290542,132.1276,1,0.028362,181.173970,0.00495987,61.8059,1,0.052213,340.980990
2016-06-03,-0.00385653,131.7419,1,0.020733,161.884780,0.00618000,62.4239,1,0.034590,281.839600
2016-06-06,0.01146046,132.8880,1,0.036004,220.142420,-0.00030754,62.3932,1,0.044594,320.784610
2016-06-07,-0.00409165,132.4788,1,0.041355,281.109710,-0.00916787,61.4764,1,0.043707,341.881240
2016-06-08,0.00423048,132.9019,1,0.030232,221.016590,-0.00494242,60.9821,1,0.056352,360.977440
2016-06-09,-0.01584726,131.3172,1,0.026416,181.013460,0.01847142,62.8293,1,0.043848,300.501550
2016-06-10,-0.02182953,129.1342,1,0.022433,161.432430,0.01613487,64.4428,1,0.035703,241.816990
2016-06-13,-0.00054809,129.0794,1,0.021429,140.971860,0.00006714,64.4495,0,0.000000,0.000000
2016-06-14,-0.00061854,129.0175,1,0.043114,279.707760,0.02224553,66.6740,0,0.000000,0.000000
2016-06-15,0.00186108,129.2036,1,0.048162,300.019100,-0.00259856,66.4142,1,0.016886,122.708783
2016-06-16,0.00068142,129.2718,1,0.042398,280.307130,0.00248681,66.6629,1,0.042389,340.034070
2016-06-17,0.00271805,129.5436,1,0.038005,260.632400,-0.00153244,66.5096,1,0.040834,301.331770
2016-06-20,0.01023059,130.5666,1,0.043021,261.186030,-0.01185525,65.3241,1,0.050805,301.369210
2016-06-21,0.00129203,130.6959,1,0.036827,261.746880,-0.00813937,64.5101,1,0.057457,361.763420
2016-06-22,0.00997014,131.6929,1,0.047906,259.882010,-0.00720667,63.7895,1,0.060017,340.037760
2016-06-23,0.00046239,131.7391,1,0.042971,239.720640,-0.00016844,63.7726,1,0.050064,320.058050
2016-06-24,0.03169386,134.9085,1,0.048384,243.941350,-0.01449441,62.3232,0,0.000000,0.000000
2016-06-27,0.02511388,137.4199,0,0.000000,0.000000,0.00216117,62.5393,0,0.000000,0.000000
2016-06-28,0.01094216,138.5141,1,0.067514,368.300022,0.00007514,62.5468,0,0.000000,0.000000
2016-06-29,-0.00000843,138.5133,1,0.052723,322.468410,-0.00195159,62.3517,0,0.000000,0.000000
2016-06-30,0.00982765,139.4960,1,0.035955,204.754460,-0.00172120,62.1795,0,0.000000,0.000000
2016-07-01,-0.00264308,139.2317,1,0.043738,264.361760,-0.00318796,61.8607,0,0.000000,0.000000
2016-07-05,-0.00350666,138.8810,1,0.035466,220.294770,-0.00151432,61.7093,1,0.058192,323.699729
2016-07-06,0.00123557,139.0046,1,0.036683,239.557240,-0.00856877,60.8524,1,0.049127,318.798700
2016-07-07,0.00192039,139.1966,1,0.030351,241.255840,0.01125327,61.9778,1,0.050553,360.480110
2016-07-08,0.00495973,139.6926,1,0.028557,201.659110,0.00788960,62.7667,1,0.029370,221.581680
2016-07-11,-0.00482307,139.2103,1,0.030687,242.931590,0.01068375,63.8351,0,0.000000,0.000000
2016-07-12,-0.00433554,138.7768,1,0.021144,161.336900,0.01243307,65.0784,1,0.032093,224.898759
2016-07-13,0.00110778,138.8875,1,0.014172,141.843210,-0.00184495,64.8939,1,0.035825,261.844440
2016-07-14,0.00610137,139.4977,1,0.043053,319.618110,-0.01500011,63.3939,1,0.047341,360.635570
2016-07-15,-0.00090762,139.4069,1,0.042182,261.229310,-0.00090731,63.3032,1,0.057481,380.477970
2016-07-18,-0.00561097,138.8458,1,0.033017,201.185820,-0.00253781,63.0494,1,0.044161,300.947090
2016-07-19,0.00382843,139.2286,1,0.025077,180.426860,-0.00329871,62.7195,1,0.041911,301.233020
2016-07-20,0.00351374,139.5800,1,0.036396,259.006860,-0.00567772,62.1517,1,0.043482,339.579320
2016-07-21,0.00209583,139.7896,1,0.032867,221.749550,-0.00869944,61.2818,1,0.056574,381.792530
2016-07-22,0.00553126,140.3427,1,0.036914,259.106870,-0.00851070,60.4307,1,0.050870,359.944570
2016-07-25,0.00159287,140.5020,1,0.022273,161.130560,-0.00619961,59.8108,1,0.050351,360.715500
2016-07-26,0.01071073,141.5731,1,0.015457,160.361540,0.00278906,60.0897,1,0.045234,360.286390
2016-07-27,-0.00134225,141.4389,1,0.034135,260.782830,0.00109503,60.1992,1,0.033837,301.034300
2016-07-28,-0.00418938,141.0199,1,0.034138,220.755970,0.00264634,60.4638,1,0.041636,279.844040
2016-07-29,-0.01178224,139.8417,1,0.028844,241.382480,-0.00133282,60.3305,1,0.046782,301.551950
2016-08-01,-0.00376800,139.4649,1,0.046180,261.067260,0.00531699,60.8622,1,0.046251,262.431540
2016-08-02,0.00316117,139.7810,1,0.026223,180.994960,-0.00310559,60.5517,1,0.037799,260.760870
2016-08-03,-0.00245077,139.5359,0,0.000000,0.000000,-0.01220890,59.3308,0,0.000000,0.000000
2016-08-04,0.01128510,140.6645,1,0.033170,260.643652,-0.01533255,57.7975,1,0.061205,379.471327
2016-08-05,-0.01864081,138.8004,0,0.000000,0.000000,-0.00862227,56.9353,1,0.059497,399.781650
2016-08-08,-0.01045769,137.7546,1,0.035379,241.600744,0.00648190,57.5835,1,0.040650,342.684710
2016-08-09,0.00331019,138.0856,1,0.030341,200.911630,-0.00008466,57.5750,1,0.037206,300.907140
2016-08-10,0.00830701,138.9163,1,0.029289,240.845920,-0.00709852,56.8652,1,0.046412,341.066720
2016-08-11,-0.00540996,138.3753,1,0.038396,319.705570,0.00041077,56.9062,1,0.045103,359.497580
2016-08-12,0.00823163,139.1985,1,0.033037,241.525200,0.00103295,57.0095,0,0.000000,0.000000
2016-08-15,-0.01440666,137.7578,0,0.000000,0.000000,-0.01358999,55.6505,1,0.032959,261.275699
2016-08-16,0.00188336,137.9462,0,0.000000,0.000000,0.00205280,55.8558,1,0.046550,360.542460
2016-08-17,0.00146154,138.0923,1,0.040696,279.362364,-0.00686462,55.1694,0,0.000000,0.000000
2016-08-18,-0.00288591,137.8037,1,0.023901,201.016690,-0.00107190,55.0622,1,0.056550,379.344999
2016-08-19,-0.00425273,137.3785,1,0.025203,221.078190,-0.00603094,54.4591,1,0.037814,280.755060
2016-08-22,0.00196514,137.5750,1,0.014856,180.834010,-0.00674354,53.7847,1,0.047274,339.387200
2016-08-23,-0.00648265,136.9267,1,0.028245,220.575750,0.01608643,55.3934,1,0.053857,380.363860
2016-08-24,0.00572520,137.4992,1,0.021450,181.616780,-0.00395454,54.9979,1,0.044234,323.204900
2016-08-25,-0.00179726,137.3195,1,0.025726,199.944830,-0.00388981,54.6089,1,0.048521,339.384580
2016-08-26,0.00184834,137.5043,1,0.018296,180.470980,0.00301592,54.9105,1,0.046138,340.437820
2016-08-29,0.00192640,137.6970,1,0.031210,240.037650,-0.00484898,54.4256,1,0.039798,280.486350
2016-08-30,-0.00590136,137.1068,1,0.036716,301.446290,-0.00118640,54.3070,0,0.000000,0.000000
2016-08-31,0.00226305,137.3331,1,0.021615,181.756560,-0.01313946,52.9930,1,0.031476,262.226128
2016-09-01,-0.00358040,136.9751,1,0.052670,339.748000,-0.00016344,52.9767,1,0.052394,359.649630
2016-09-02,0.00808970,137.7841,1,0.021570,201.043770,-0.00794831,52.1819,1,0.045221,320.746210
2016-09-06,-0.00650379,137.1337,1,0.037739,261.285580,-0.00132560,52.0493,0,0.000000,0.000000
2016-09-07,0.00274559,137.4082,1,0.025701,220.186340,0.00165016,52.2143,1,0.049364,361.289124
2016-09-08,-0.00358679,137.0496,1,0.026299,200.888200,0.00453599,52.6679,1,0.041681,301.150140
2016-09-09,-0.00077000,136.9726,1,0.023870,200.417940,-0.00775026,51.8929,1,0.025676,219.783020
2016-09-12,-0.00502662,136.4699,1,0.023402,220.587010,0.00631053,52.5239,0,0.000000,0.000000
2016-09-13,-0.00604533,135.8654,1,0.029193,242.835160,-0.01212606,51.3113,0,0.000000,0.000000
2016-09-14,-0.00473265,135.3921,1,0.022865,141.751200,-0.00159393,51.1519,0,0.000000,0.000000
2016-09-15,-0.00284195,135.1079,1,0.031195,181.117900,0.00185027,51.3370,1,0.044643,335.314659
2016-09-16,0.01858820,136.9667,1,0.031690,222.887820,0.00176689,51.5137,0,0.000000,0.000000
2016-09-19,0.00165637,137.1324,1,0.031673,261.329550,0.00558637,52.0723,1,0.035513,262.676002
2016-09-20,0.00186712,137.3191,1,0.027168,160.932350,0.00034598,52.1069,1,0.041542,281.137270
2016-09-21,-0.00625716,136.6934,1,0.039436,260.541960,0.00810175,52.9171,1,0.041765,280.971140
2016-09-22,0.00135966,136.8293,1,0.037834,223.315820,0.00181148,53.0982,0,0.000000,0.000000
2016-09-23,-0.00565849,136.2635,1,0.033799,241.758940,0.00469320,53.5675,1,0.047420,284.563319
2016-09-26,-0.00747753,135.5157,1,0.023173,200.662630,0.00772946,54.3405,1,0.033014,280.452500
2016-09-27,0.00048328,135.5641,0,0.000000,0.000000,-0.00489404,53.8511,0,0.000000,0.000000
2016-09-28,-0.00744147,134.8199,1,0.025807,201.135989,0.00438306,54.2894,1,0.043784,358.622700
2016-09-29,-0.00153012,134.6669,1,0.025062,181.991320,0.00213517,54.5029,1,0.049413,320.963730
2016-09-30,-0.01749151,132.9177,1,0.026961,180.500670,0.00615681,55.1186,0,0.000000,0.000000
2016-10-03,0.00822740,133.7405,0,0.000000,0.000000,0.02724899,57.8435,1,0.039641,280.839772
2016-10-04,-0.01031839,132.7086,1,0.028729,181.114832,0.00898943,58.7424,1,0.032657,222.052680
2016-10-05,-0.01158683,131.5500,1,0.017723,101.466810,0.02329804,61.0722,1,0.041576,279.639600
2016-10-06,-0.00048941,131.5010,1,0.024141,141.782980,-0.00829540,60.2427,1,0.033920,222.009380
2016-10-07,-0.00231117,131.2699,0,0.000000,0.000000,0.00066332,60.3090,1,0.040448,360.580220
2016-10-10,-0.00354496,130.9154,1,0.039036,199.924278,0.00200378,60.5094,0,0.000000,0.000000
2016-10-11,-0.00295149,130.6203,0,0.000000,0.000000,-0.00156199,60.3532,1,0.039649,320.806234
2016-10-12,-0.00812456,129.8078,0,0.000000,0.000000,-0.00272247,60.0810,0,0.000000,0.000000
2016-10-13,-0.00532510,129.2753,1,0.031340,199.953539,0.01095609,61.1766,1,0.043811,357.310504
2016-10-14,0.00418351,129.6936,1,0.025539,160.900450,-0.00674179,60.5024,1,0.029259,220.752320
2016-10-17,-0.00945208,128.7484,0,0.000000,0.000000,0.00400150,60.9025,1,0.049340,360.149920
2016-10-18,0.00010636,128.7591,0,0.000000,0.000000,-0.00975157,59.9274,1,0.040537,300.758370
2016-10-19,-0.00526374,128.2327,1,0.035464,241.548477,0.00348735,60.2761,1,0.059935,362.112280
2016-10-20,0.00408977,128.6417,1,0.026293,182.058770,-0.01320947,58.9552,1,0.040327,281.881330
2016-10-21,-0.00487805,128.1539,1,0.029165,220.737870,0.00265927,59.2211,1,0.044083,340.178560
2016-10-24,-0.00038563,128.1153,1,0.027133,180.743420,0.00171616,59.3927,1,0.042364,320.139670
2016-10-25,-0.00264197,127.8511,1,0.026957,161.173230,0.00793945,60.1867,0,0.000000,0.000000
2016-10-26,-0.01804532,126.0466,1,0.026262,141.077540,0.02332140,62.5188,1,0.037130,281.242684
2016-10-27,-0.00085587,125.9610,1,0.011587,121.670230,0.00800194,63.3190,1,0.026016,241.698030
2016-10-28,0.00010203,125.9712,1,0.027207,219.680200,0.00259885,63.5789,1,0.039445,260.949090
2016-10-31,0.01283825,127.2550,1,0.025515,200.241070,-0.01101676,62.4772,1,0.048546,300.468590
2016-11-01,0.02043174,129.2982,1,0.039716,280.320340,-0.01255129,61.2221,1,0.050479,300.484030
2016-11-02,0.00299444,129.5976,1,0.062276,338.400610,0.00430340,61.6524,1,0.067250,379.021570
2016-11-03,-0.00182701,129.4149,1,0.047301,279.317680,0.00275102,61.9275,0,0.000000,0.000000
2016-11-04,0.00027581,129.4425,1,0.040979,281.081960,0.00223255,62.1508,1,0.056565,319.734179
2016-11-07,0.00270703,129.7132,1,0.029067,220.864600,0.00289863,62.4406,1,0.042147,321.837160
2016-11-08,0.00254860,129.9681,1,0.056160,284.231950,0.01102127,63.5428,0,0.000000,0.000000
2016-11-09,0.01292147,131.2602,1,0.044773,321.411000,-0.00862369,62.6804,1,0.036799,246.422159
2016-11-10,-0.04712923,126.5473,1,0.043413,245.517580,0.03983471,66.6639,1,0.057869,362.165370
2016-11-11,0.00219622,126.7669,1,0.017588,144.385650,0.00029425,66.6933,1,0.035435,262.025400
2016-11-14,-0.00006433,126.7605,1,0.030713,220.486650,-0.00028766,66.6645,1,0.046766,320.174020
2016-11-15,0.01218805,127.9793,1,0.032185,223.018100,-0.01275903,65.3886,1,0.052123,302.844160
2016-11-16,-0.00352841,127.6265,1,0.052571,321.658210,0.00287428,65.6760,1,0.061802,361.381560
2016-11-17,-0.00019738,127.6067,1,0.041888,260.672030,0.01507992,67.1840,1,0.052948,301.076350
2016-11-18,0.00359635,127.9664,1,0.030145,221.515270,-0.00313831,66.8702,1,0.044521,302.922420
2016-11-21,-0.00663079,127.3033,1,0.033849,219.989500,0.00466579,67.3368,1,0.042311,319.508430
2016-11-22,0.02098616,129.4019,1,0.035494,281.963850,-0.02123814,65.2130,1,0.045854,282.116170
2016-11-23,0.00629837,130.0317,1,0.044093,300.225530,-0.00792720,64.4203,1,0.055300,340.188460
2016-11-25,0.00462697,130.4944,1,0.046293,301.307330,-0.00771360,63.6489,1,0.058030,360.860200
2016-11-28,-0.00003989,130.4904,1,0.046909,261.719530,0.00614182,64.2631,1,0.067528,362.074370
2016-11-29,0.00181518,130.6720,1,0.042142,261.243280,-0.00182599,64.0805,1,0.046779,241.624230
2016-11-30,0.02079428,132.7514,1,0.042642,240.308880,-0.01402694,62.6778,1,0.052234,320.697660
2016-12-01,-0.02271895,130.4795,1,0.060245,339.385210,0.02465690,65.1435,1,0.053800,359.088280
2016-12-02,0.01694948,132.1744,1,0.043132,202.000790,-0.01974150,63.1693,1,0.039460,221.792710
2016-12-05,0.00288764,132.4632,1,0.044566,320.812640,-0.00551258,62.6181,1,0.047878,380.681690
2016-12-06,-0.00410442,132.0528,1,0.047382,261.833490,0.00225684,62.8437,1,0.051386,321.647400
2016-12-07,-0.01109210,130.9435,1,0.024000,221.462260,-0.00300045,62.5437,1,0.044655,321.569510
2016-12-08,-0.00732616,130.2109,1,0.037306,222.910770,0.01061496,63.6052,1,0.041334,341.586590
2016-12-09,0.00736027,130.9470,1,0.041653,222.961810,-0.01168432,62.4368,1,0.047402,302.532010
2016-12-12,-0.00050789,130.8962,1,0.035039,241.451240,0.00080426,62.5172,1,0.053524,341.507210
2016-12-13,-0.00613970,130.2822,1,0.032130,180.140970,0.01478164,63.9954,1,0.053556,299.662370
2016-12-14,0.00672508,130.9547,1,0.026312,201.054160,-0.00021320,63.9740,1,0.035040,261.867180
2016-12-15,-0.00925962,130.0287,1,0.036552,259.279660,-0.00162134,63.8119,0,0.000000,0.000000
2016-12-16,0.00477874,130.5066,1,0.016936,161.873970,-0.00897484,62.9144,1,0.044744,359.198511
2016-12-19,-0.00570609,129.9360,1,0.033609,221.424030,0.00304359,63.2188,1,0.041371,359.864380
2016-12-20,0.00925037,130.8610,1,0.040283,201.886220,-0.00720220,62.4986,1,0.040740,281.302950
2016-12-21,-0.00348391,130.5127,1,0.042371,280.854300,0.00126905,62.6255,1,0.056915,360.441560
2016-12-22,-0.01503947,129.0087,1,0.026067,201.168200,0.01005081,63.6305,1,0.035889,300.949060
2016-12-23,0.00352858,129.3616,1,0.025582,141.676560,-0.00458576,63.1720,1,0.041386,260.742070
2016-12-27,0.00032762,129.3943,1,0.037918,240.911200,-0.00042941,63.1290,1,0.055461,340.393410
2016-12-28,0.00474873,129.8692,1,0.033857,201.216740,-0.00462767,62.6663,1,0.039137,260.900420
2016-12-29,-0.00423412,129.4458,1,0.049842,259.280050,0.00210651,62.8769,0,0.000000,0.000000
2016-12-30,0.00279560,129.7254,1,0.036000,221.076250,-0.00139668,62.7372,1,0.047118,299.101822
2017-01-03,-0.00325955,129.3994,1,0.042655,320.083680,0.00128102,62.8653,1,0.041878,320.344650
2017-01-04,-0.00837369,128.5620,1,0.067579,301.047140,-0.00379710,62.4856,1,0.042100,281.586040
2017-01-05,-0.00038953,128.5231,1,0.035143,242.446310,0.00237667,62.7233,0,0.000000,0.000000
2017-01-06,0.00203560,128.7266,1,0.037370,259.878030,0.00305931,63.0292,1,0.039009,321.822973
2017-01-09,-0.00608745,128.1179,1,0.045575,300.613710,0.00346265,63.3755,1,0.040185,301.004160
2017-01-10,-0.02047610,126.0703,1,0.035600,260.038450,0.01533280,64.9088,1,0.032640,279.893350
2017-01-11,-0.00027070,126.0432,1,0.031910,182.251230,-0.00566350,64.3424,1,0.039210,222.069580
2017-01-12,0.00850453,126.8937,1,0.033877,241.206960,-0.01006339,63.3361,1,0.056989,340.806060
2017-01-13,0.01003835,127.8975,1,0.042265,319.910850,-0.01285531,62.0506,1,0.057331,340.477610
2017-01-17,0.00519931,128.4174,1,0.039779,320.937240,-0.01060415,60.9901,1,0.053595,361.128820
2017-01-18,0.00850564,129.2680,1,0.035276,280.819970,-0.00965040,60.0251,1,0.053050,360.270540
2017-01-19,0.00050006,129.3180,1,0.044664,320.572320,-0.00206918,59.8182,1,0.054748,380.602370
2017-01-20,-0.00196214,129.1218,1,0.032344,220.044210,0.00940240,60.7584,0,0.000000,0.000000
2017-01-23,0.00043283,129.1651,1,0.032947,261.229850,0.00234769,60.9932,1,0.047561,321.196760
2017-01-24,-0.00594167,128.5709,1,0.042507,280.396350,0.00864153,61.8573,1,0.042087,280.798670
2017-01-25,-0.00907992,127.6629,1,0.048622,303.134540,-0.00512152,61.3452,0,0.000000,0.000000
2017-01-26,-0.00374722,127.2882,1,0.018072,181.167790,0.00674896,62.0201,1,0.051324,364.785697
2017-01-27,0.00648413,127.9366,1,0.025387,200.294170,-0.00005886,62.0142,1,0.029366,260.671320
2017-01-30,0.00243774,128.1804,1,0.036916,280.160060,0.00011165,62.0254,1,0.031465,300.483060
2017-01-31,-0.00270604,127.9098,1,0.041974,240.346370,0.00051816,62.0772,1,0.038264,280.192910
2017-02-01,-0.00910551,126.9992,1,0.041541,281.281330,-0.00586082,61.4911,1,0.041622,321.157760
2017-02-02,0.00257742,127.2570,0,0.000000,0.000000,-0.01919156,59.5719,1,0.050946,379.250600
2017-02-03,-0.00178047,127.0789,1,0.022787,160.687530,-0.00328653,59.2433,1,0.054753,381.072110
2017-02-06,0.00382996,127.4619,1,0.038064,261.719660,0.00587348,59.8306,0,0.000000,0.000000
2017-02-07,-0.00311935,127.1500,0,0.000000,0.000000,0.00463049,60.2937,1,0.040551,281.882064
2017-02-08,0.00482021,127.6320,0,0.000000,0.000000,0.00144721,60.4384,1,0.044919,240.760360
2017-02-09,-0.00277024,127.3550,1,0.037214,239.757685,-0.02111175,58.3272,1,0.045285,320.910900
2017-02-10,0.01099853,128.4548,1,0.033037,202.058950,-0.00130935,58.1963,1,0.050415,382.623210
2017-02-13,-0.00013307,128.4415,1,0.031107,241.333730,0.00312980,58.5093,1,0.047500,341.936020
2017-02-14,0.00489038,128.9306,1,0.026042,201.604320,-0.01201856,57.3074,1,0.046336,321.468540
2017-02-15,-0.00003799,128.9268,0,0.000000,0.000000,-0.00146200,57.1612,1,0.040610,341.463060
2017-02-16,0.00767323,129.6941,1,0.031017,182.332076,-0.01094696,56.0665,1,0.048946,321.166610
2017-02-17,0.00298854,129.9929,1,0.038536,259.854060,-0.00160882,55.9056,1,0.051062,339.217070
2017-02-21,0.00855427,130.8484,1,0.035903,200.706590,-0.00067337,55.8383,1,0.044877,320.231900
2017-02-22,0.00328387,131.1767,1,0.033703,181.255590,-0.00247938,55.5904,0,0.000000,0.000000
2017-02-23,0.00516738,131.6935,1,0.032272,199.725950,0.02130758,57.7211,1,0.042422,339.577298
2017-02-24,0.02378616,134.0721,1,0.024534,181.378070,-0.01350763,56.3704,1,0.025423,202.822960
2017-02-27,-0.00255708,133.8164,1,0.033008,243.399590,-0.01229270,55.1411,1,0.044650,283.751140
2017-02-28,0.00000587,133.8170,0,0.000000,0.000000,-0.01826359,53.3147,1,0.048279,380.294780
2017-03-01,0.00437645,134.2546,1,0.036365,319.971270,-0.00411266,52.9035,1,0.042416,379.743700
2017-03-02,0.01072021,135.3266,1,0.036439,222.121650,-0.01305620,51.5979,1,0.043590,322.058950
2017-03-03,0.00214531,135.5412,1,0.039989,280.692620,-0.00577054,51.0208,1,0.043784,340.059170
2017-03-06,-0.00332231,135.2089,1,0.044721,280.667260,0.00037419,51.0582,1,0.047311,320.441550
2017-03-07,0.00254333,135.4633,1,0.028187,240.014070,0.00015536,51.0738,1,0.038264,279.850650
2017-03-08,-0.00609710,134.8536,1,0.033200,219.988540,0.00058622,51.1324,1,0.038008,259.920720
2017-03-09,-0.00570815,134.2828,1,0.024715,180.816530,0.00455280,51.5877,1,0.043190,319.949790
2017-03-10,0.00088144,134.3709,1,0.018306,140.940320,0.00215780,51.8034,1,0.044550,300.733890
2017-03-13,-0.00063793,134.3071,1,0.038513,241.204030,0.00056273,51.8597,1,0.046157,321.093150
2017-03-14,-0.00421837,133.8853,1,0.037717,200.722520,0.00357891,52.2176,1,0.046939,280.872350
2017-03-15,-0.00435819,133.4495,1,0.022029,200.330420,0.00180167,52.3978,1,0.030703,300.227670
2017-03-16,0.00295815,133.7453,1,0.034725,222.806430,-0.01104712,51.2931,0,0.000000,0.000000
2017-03-17,-0.00050022,133.6952,1,0.025932,220.395100,-0.01142467,50.1506,1,0.050947,401.715397
2017-03-20,-0.00337472,133.3578,1,0.021822,160.948110,0.00366951,50.5175,1,0.037959,340.433940
2017-03-21,0.00365590,133.7234,1,0.041430,259.371670,-0.01028931,49.4886,1,0.033101,259.691330
2017-03-22,-0.00299374,133.4240,1,0.031454,199.851100,-0.00184356,49.3042,1,0.057446,377.918550
2017-03-23,-0.00166838,133.2572,1,0.032018,201.105980,-0.00202946,49.1013,1,0.042556,301.172210
2017-03-24,-0.00371475,132.8857,1,0.026935,200.737380,-0.00041329,49.0600,1,0.041579,360.362110
2017-03-27,-0.00245482,132.6402,1,0.028252,180.438120,0.00520672,49.5806,1,0.048878,360.021270
2017-03-28,-0.00854488,131.7857,1,0.035758,201.161270,0.00902304,50.4830,1,0.034766,241.181110
2017-03-29,-0.00126509,131.6592,1,0.026049,242.562230,0.00552905,51.0359,0,0.000000,0.000000
2017-03-30,0.00128993,131.7882,1,0.025077,180.489620,-0.00766494,50.2694,1,0.040804,301.121189
2017-03-31,0.00606688,132.3949,1,0.032172,221.187590,-0.00572208,49.6972,1,0.038908,321.365070
2017-04-03,0.00019006,132.4139,1,0.049394,280.089200,-0.00231009,49.4661,1,0.039869,320.584860
2017-04-04,-0.00278417,132.1355,1,0.036147,199.951420,-0.00243591,49.2226,1,0.045881,279.362440
2017-04-05,-0.00654170,131.4813,1,0.037190,240.583290,0.00659997,49.8826,1,0.059533,340.466150
2017-04-06,0.00875144,132.3564,1,0.025996,160.825520,-0.01020087,48.8625,1,0.041627,300.218370
2017-04-07,-0.00050693,132.3057,1,0.042313,241.968940,-0.00037800,48.8247,1,0.058420,380.816340
2017-04-10,0.00380852,132.6866,1,0.034818,220.086280,-0.00434758,48.3899,1,0.047568,319.993420
2017-04-11,0.00903305,133.5899,1,0.047195,300.259390,-0.00669380,47.7205,1,0.051880,320.547930
2017-04-12,-0.00164533,133.4254,1,0.040763,221.050340,0.00652003,48.3725,1,0.049577,300.800520
2017-04-13,-0.00522540,132.9028,1,0.027860,200.499170,0.00865018,49.2375,1,0.045572,300.054740
2017-04-17,-0.00166326,132.7365,1,0.029266,180.477220,-0.00500117,48.7374,0,0.000000,0.000000
2017-04-18,0.00264066,133.0006,1,0.044244,242.090780,0.00559902,49.2973,0,0.000000,0.000000
2017-04-19,-0.00427103,132.5735,1,0.040043,260.554950,0.00597168,49.8945,1,0.043222,341.084639
2017-04-20,-0.01827765,130.7457,1,0.034465,221.119220,0.01659623,51.5541,1,0.033587,241.253890
2017-04-21,-0.00259198,130.4865,1,0.018008,122.418900,0.00091310,51.6454,1,0.028800,262.308490
2017-04-24,0.00290722,130.7772,1,0.031048,180.755750,-0.00949018,50.6964,1,0.037508,300.863850
2017-04-25,-0.00330668,130.4466,1,0.040598,243.124910,-0.00355105,50.3413,0,0.000000,0.000000
2017-04-26,-0.01457921,128.9886,1,0.026861,161.761070,0.01047374,51.3887,1,0.059186,383.060791
2017-04-27,-0.00589497,128.3991,1,0.024447,181.926540,0.00760893,52.1496,1,0.041917,261.599800
2017-04-28,0.00172815,128.5720,1,0.022645,161.238930,-0.01545285,50.6043,1,0.049125,281.465390
2017-05-01,0.00037309,128.6093,1,0.028551,219.461640,0.00247642,50.8519,1,0.053098,399.056460
2017-05-02,-0.00443706,128.1656,1,0.036176,220.237900,0.00313490,51.1654,1,0.059410,320.484740
2017-05-03,-0.01009109,127.1565,1,0.038069,261.369030,0.01317640,52.4831,1,0.046770,340.852160
2017-05-04,0.00214472,127.3709,1,0.022198,201.562620,0.01017812,53.5009,1,0.027468,241.923710
2017-05-05,0.00810794,128.1817,1,0.040346,260.579050,-0.01109572,52.3913,1,0.047692,261.711660
2017-05-08,0.00234062,128.4158,1,0.046388,261.517920,-0.00352360,52.0389,1,0.056320,341.662480
2017-05-09,-0.00785624,127.6302,1,0.034784,220.127290,0.00251834,52.2908,1,0.054846,359.482120
2017-05-10,-0.00448354,127.1818,1,0.021594,181.428940,-0.00436725,51.8541,1,0.047885,341.118960
2017-05-11,-0.00388246,126.7936,1,0.015016,181.165060,-0.00145650,51.7084,1,0.044610,360.714500
2017-05-12,0.00252488,127.0460,1,0.022162,200.382690,0.00274926,51.9833,1,0.033774,279.918680
2017-05-15,0.00730430,127.7765,1,0.029790,219.687950,-0.00273900,51.7094,1,0.045490,299.864700
2017-05-16,-0.00081493,127.6950,1,0.031193,281.618000,-0.00580024,51.1294,0,0.000000,0.000000
2017-05-17,0.02559730,130.2547,1,0.024130,241.129040,-0.03348366,47.7810,1,0.045316,360.890155
2017-05-18,0.00332831,130.5875,1,0.050889,317.101840,0.00206411,47.9874,0,0.000000,0.000000
2017-05-19,0.00861400,131.4489,1,0.034740,221.622680,-0.01044846,46.9426,1,0.048186,318.712855
2017-05-22,0.00248204,131.6971,1,0.039566,302.278100,0.00583414,47.5260,0,0.000000,0.000000
2017-05-23,-0.00178555,131.5186,1,0.033475,261.163070,0.00791412,48.3174,0,0.000000,0.000000
2017-05-24,-0.00615467,130.9031,1,0.027167,220.711600,0.00278595,48.5960,1,0.042175,304.530539
2017-05-25,0.01978864,132.8820,1,0.026396,221.620200,-0.01860861,46.7352,1,0.037241,302.003690
2017-05-26,0.00801830,133.6838,1,0.031510,243.421180,-0.00603832,46.1313,1,0.036572,303.313180
2017-05-30,-0.00021114,133.6627,1,0.036864,299.957100,0.00102616,46.2339,1,0.040594,340.196160
2017-05-31,-0.00654244,133.0085,1,0.024764,220.384230,0.00892529,47.1265,1,0.041701,320.385790
2017-06-01,0.00189650,133.1981,1,0.019870,201.009160,-0.01073046,46.0534,1,0.030696,221.469930
2017-06-02,0.00695266,133.8934,1,0.038774,223.106580,-0.00024616,46.0288,0,0.000000,0.000000
2017-06-05,0.00260659,134.1540,1,0.036721,261.522260,-0.00312406,45.7164,1,0.046536,303.853201
2017-06-06,-0.00550992,133.6030,1,0.051582,319.527840,-0.00093801,45.6226,1,0.053321,359.582470
2017-06-07,-0.00077245,133.5258,1,0.038965,260.580690,-0.00267766,45.3548,1,0.048516,320.580140
2017-06-08,-0.00446322,133.0795,1,0.030352,241.033160,0.00886273,46.2411,1,0.040787,281.209650
2017-06-09,0.01398618,134.4781,1,0.028912,201.216250,0.00125937,46.3671,1,0.037513,281.349200
2017-06-12,-0.01048562,133.4295,1,0.038522,260.887190,0.01470782,47.8378,1,0.042088,321.446230
2017-06-13,0.00718824,134.1484,1,0.018206,161.551880,-0.00636375,47.2015,1,0.042855,221.539230
2017-06-14,0.00196408,134.3448,1,0.034682,281.804830,0.00111595,47.3131,1,0.043975,321.724080
2017-06-15,-0.00669432,133.6753,1,0.036892,260.116270,0.00604948,47.9180,1,0.040912,320.283350
2017-06-16,-0.00471368,133.2040,1,0.035918,261.063460,0.00311464,48.2295,1,0.040026,261.267740
2017-06-19,0.00007637,133.2116,1,0.021033,201.542470,-0.00457130,47.7723,1,0.032010,302.325590
2017-06-20,-0.01026880,132.1847,1,0.023340,201.236110,0.00492497,48.2648,1,0.041023,361.169740
2017-06-21,-0.00657083,131.5276,1,0.026173,200.233480,0.00342114,48.6069,1,0.037736,300.275700
2017-06-22,-0.00717352,130.8103,1,0.033722,220.712390,0.00518580,49.1255,1,0.037570,260.668830
2017-06-23,-0.00574400,130.2359,1,0.021210,161.328770,0.00569234,49.6948,1,0.033426,261.190450
2017-06-26,0.00764494,131.0004,1,0.022126,181.432590,-0.01650124,48.0446,1,0.030764,281.450880
2017-06-27,-0.00337696,130.6627,1,0.028496,220.880380,0.00932640,48.9773,1,0.045540,360.707300
2017-06-28,-0.01029121,129.6336,1,0.032481,220.337640,0.00842666,49.8199,1,0.045004,259.999220
2017-06-29,-0.00664916,128.9686,1,0.026576,182.124680,0.00106788,49.9267,1,0.040942,282.726790
2017-06-30,-0.00375101,128.5935,1,0.031591,220.107800,0.00617364,50.5441,1,0.043326,338.703450
2017-07-03,-0.01466826,127.1267,1,0.034096,221.266050,0.00422962,50.9671,1,0.043588,301.089070
2017-07-05,0.02188874,129.3156,1,0.031446,141.955410,-0.02291587,48.6755,1,0.061547,321.067810
2017-07-06,-0.00665509,128.6501,1,0.036959,240.328640,0.00608983,49.2845,1,0.044867,380.330720
2017-07-07,-0.00513567,128.1365,1,0.024217,200.353530,0.00932654,50.2171,0,0.000000,0.000000
2017-07-10,-0.00324318,127.8122,1,0.025568,161.550090,0.01342735,51.5598,0,0.000000,0.000000
2017-07-11,-0.00054470,127.7577,1,0.028520,180.122990,-0.00111865,51.4480,1,0.026385,203.028988
2017-07-12,-0.00167596,127.5901,1,0.024506,220.595690,0.03164705,54.6127,1,0.041535,320.069720
2017-07-13,0.01272293,128.8624,1,0.031177,201.854470,0.00201232,54.8139,0,0.000000,0.000000
2017-07-14,-0.00157690,128.7047,1,0.034040,260.736250,0.00573074,55.3870,1,0.042206,325.664658
2017-07-17,0.00080130,128.7849,1,0.023240,201.237790,-0.00470182,54.9168,1,0.040382,301.861220
2017-07-18,0.00678790,129.4637,1,0.033000,200.857630,-0.00829369,54.0874,1,0.051609,340.340920
2017-07-19,-0.00752124,128.7115,1,0.026774,220.567110,0.01170645,55.2581,1,0.037205,340.399720
2017-07-20,-0.00816044,127.8955,1,0.021924,121.874990,0.00458945,55.7170,0,0.000000,0.000000
2017-07-21,-0.00125257,127.7702,1,0.024297,161.256160,0.00204549,55.9216,1,0.033031,222.830675
2017-07-24,-0.00345920,127.4243,1,0.022680,160.823720,-0.00815615,55.1060,1,0.034765,300.799120
2017-07-25,0.00535176,127.9595,1,0.022284,160.658820,-0.00222523,54.8834,1,0.035473,319.435910
2017-07-26,-0.00611797,127.3477,1,0.022237,182.253320,0.00052312,54.9358,1,0.039618,321.520690
2017-07-27,0.01015027,128.3627,1,0.025843,180.739520,-0.00997693,53.9381,1,0.045893,340.717850
2017-07-28,0.00683087,129.0458,1,0.027513,219.943150,-0.01411883,52.5262,1,0.044753,339.721080
2017-07-31,0.00248282,129.2941,1,0.055828,220.094460,-0.00310202,52.2160,1,0.064842,299.286330
2017-08-01,0.00379501,129.6736,0,0.000000,0.000000,0.00568834,52.7848,1,0.029746,299.988520
2017-08-02,-0.00496739,129.1768,0,0.000000,0.000000,0.00550236,53.3350,1,0.044954,280.940520
2017-08-03,-0.02434731,126.7421,0,0.000000,0.000000,0.00401985,53.7370,1,0.040955,300.735270
2017-08-04,-0.00612792,126.1293,0,0.000000,0.000000,-0.00765632,52.9714,1,0.043602,280.318740
2017-08-07,-0.00232168,125.8972,1,0.036218,223.806085,-0.00069493,52.9019,1,0.055243,360.457190
2017-08-08,-0.00068209,125.8289,1,0.022539,181.120530,-0.00427375,52.4745,1,0.038425,280.825250
2017-08-09,0.01426966,127.2559,0,0.000000,0.000000,0.00803007,53.2775,1,0.044203,299.642270
2017-08-10,0.01561776,128.8177,0,0.000000,0.000000,0.01388128,54.6657,1,0.030612,281.318850
2017-08-11,-0.00883496,127.9342,0,0.000000,0.000000,-0.00911268,53.7544,1,0.036398,279.623540
2017-08-14,-0.00719015,127.2152,1,0.030585,239.056934,0.00317710,54.0721,1,0.043620,340.716230
2017-08-15,-0.00057185,127.1580,1,0.018855,142.387150,-0.00145627,53.9265,0,0.000000,0.000000
2017-08-16,-0.00385510,126.7725,0,0.000000,0.000000,-0.00424803,53.5017,1,0.043373,362.289708
2017-08-17,0.00197406,126.9699,0,0.000000,0.000000,0.00359020,53.8607,1,0.047530,381.066690
2017-08-18,-0.00136069,126.8338,0,0.000000,0.000000,-0.00114023,53.7467,0,0.000000,0.000000
2017-08-21,-0.00324189,126.5096,0,0.000000,0.000000,-0.00635435,53.1112,1,0.038195,317.891042
2017-08-22,-0.00729473,125.7802,0,0.000000,0.000000,-0.00253589,52.8576,1,0.035689,340.654380
2017-08-23,0.00464422,126.2446,1,0.030128,202.561252,-0.00618173,52.2395,1,0.039893,341.598660
2017-08-24,-0.00229101,126.0155,0,0.000000,0.000000,-0.00504210,51.7353,1,0.038810,359.762620
2017-08-25,0.00678749,126.6942,0,0.000000,0.000000,0.00603837,52.3391,1,0.040993,360.124200
2017-08-28,0.00091325,126.7856,1,0.025725,259.787051,-0.00634997,51.7041,1,0.036247,281.211710
2017-08-29,-0.00050280,126.7353,1,0.027460,200.215970,-0.00883134,50.8210,1,0.046754,360.103370
2017-08-30,-0.00707506,126.0278,1,0.025296,180.753660,0.00135732,50.9567,1,0.048818,299.200560
2017-08-31,-0.00385548,125.6422,1,0.018938,181.570590,0.00123863,51.0806,1,0.050817,321.459330
2017-09-01,-0.00275082,125.3671,1,0.028562,221.104890,-0.00493686,50.5869,1,0.043476,301.026000
2017-09-05,0.00160614,125.5278,1,0.020826,200.871380,-0.00017755,50.5691,1,0.045815,340.530670
2017-09-06,0.00228526,125.7563,1,0.036184,260.112320,-0.00057764,50.5114,1,0.041744,319.739600
2017-09-07,-0.00039016,125.7173,1,0.032646,260.421690,-0.00602705,49.9087,1,0.039115,320.423080
2017-09-08,0.00490249,126.2075,1,0.039401,261.098130,-0.02192121,47.7165,1,0.048071,360.608390
2017-09-11,-0.00849333,125.3582,1,0.041393,260.552810,0.01380386,49.0969,1,0.054784,379.590910
2017-09-12,-0.00651303,124.7069,1,0.031663,242.507920,-0.00525088,48.5718,0,0.000000,0.000000
2017-09-13,-0.00843007,123.8639,1,0.020107,161.689640,-0.00382472,48.1894,1,0.053312,382.012768
2017-09-14,-0.00520679,123.3432,1,0.022959,200.347240,0.01225784,49.4151,1,0.037186,298.429360
2017-09-15,-0.00201630,123.1416,1,0.020760,181.251520,0.01032378,50.4475,1,0.039702,281.415590
2017-09-18,0.00146971,123.2885,1,0.026969,181.397810,-0.00990158,49.4574,1,0.029768,261.681360
2017-09-19,0.00279459,123.5680,1,0.028081,221.016160,0.00953222,50.4106,1,0.035738,320.996470
2017-09-20,0.00569108,124.1371,1,0.028472,221.040140,-0.00296665,50.1139,1,0.036125,281.610040
2017-09-21,-0.00155191,123.9819,1,0.027251,240.775160,0.00312006,50.4259,1,0.038224,341.034960
2017-09-22,-0.01502710,122.4792,1,0.023510,220.310780,0.00916739,51.3427,1,0.028511,280.277090
2017-09-25,0.00604580,123.0838,1,0.023000,241.994460,-0.00840367,50.5023,1,0.034237,301.998750
2017-09-26,-0.00666862,122.4169,1,0.023652,200.230960,0.00015565,50.5179,1,0.037545,340.342030
2017-09-27,-0.00859077,121.5578,1,0.029297,201.553770,0.01122158,51.6400,1,0.037572,301.390330
2017-09-28,0.00363408,121.9212,1,0.017822,202.533580,-0.00468322,51.1717,1,0.022672,222.534610
2017-09-29,0.00122764,122.0440,1,0.039806,240.453510,-0.00477420,50.6943,1,0.048020,340.488330
2017-10-02,-0.00257164,121.7868,0,0.000000,0.000000,-0.01183218,49.5111,1,0.039538,340.838660
2017-10-03,0.00173031,121.9599,0,0.000000,0.000000,0.00169056,49.6801,1,0.056614,400.738320
2017-10-04,0.00362543,122.3224,0,0.000000,0.000000,-0.00720261,48.9599,1,0.030051,281.281410
2017-10-05,-0.00471437,121.8510,0,0.000000,0.000000,0.00160544,49.1204,1,0.040636,341.687630
2017-10-06,-0.00685392,121.1656,0,0.000000,0.000000,0.00562322,49.6827,1,0.032408,281.196060
2017-10-09,-0.00210014,120.9556,0,0.000000,0.000000,0.00033136,49.7159,1,0.034334,300.792810
2017-10-10,0.00186314,121.1419,0,0.000000,0.000000,0.00106407,49.8223,1,0.036103,320.211150
2017-10-11,0.00616311,121.7582,0,0.000000,0.000000,-0.00216386,49.6059,1,0.038436,321.198070
2017-10-12,0.00407072,122.1653,0,0.000000,0.000000,0.00233567,49.8394,1,0.038403,340.838970
2017-10-13,0.00606737,122.7720,0,0.000000,0.000000,-0.00054924,49.7845,1,0.035474,320.664810
2017-10-16,-0.00459601,122.3124,0,0.000000,0.000000,0.00598995,50.3835,1,0.033725,321.027110
2017-10-17,0.00658655,122.9711,0,0.000000,0.000000,-0.00652926,49.7306,1,0.037726,300.943520
2017-10-18,-0.00381984,122.5891,0,0.000000,0.000000,-0.00916005,48.8146,1,0.037025,280.309420
2017-10-19,0.00987256,123.5763,0,0.000000,0.000000,0.00232984,49.0476,1,0.048086,400.965380
2017-10-20,0.00516585,124.0929,0,0.000000,0.000000,0.00621663,49.6692,1,0.039407,321.228990
2017-10-23,0.00131908,124.2248,0,0.000000,0.000000,-0.01237343,48.4319,1,0.041053,282.127710
2017-10-24,0.00035000,124.2598,0,0.000000,0.000000,-0.01262291,47.1696,1,0.047341,338.948210
2017-10-25,0.00426285,124.6861,0,0.000000,0.000000,-0.00005009,47.1646,1,0.042609,341.450050
2017-10-26,-0.00882576,123.8035,0,0.000000,0.000000,-0.01816292,45.3483,1,0.042712,319.484340
2017-10-27,0.01225373,125.0289,0,0.000000,0.000000,0.02996878,48.3452,1,0.031422,322.932860
2017-10-30,0.00243562,125.2725,0,0.000000,0.000000,-0.00738090,47.6071,1,0.027680,264.468020
2017-10-31,0.01616452,126.8889,0,0.000000,0.000000,-0.00182112,47.4250,1,0.043502,339.560950
2017-11-01,0.01105294,127.9942,1,0.045736,310.599054,-0.01148984,46.2760,1,0.036374,303.165010
2017-11-02,0.01177202,129.1714,1,0.043098,199.691150,0.00491041,46.7670,1,0.049679,339.397890
2017-11-03,0.00395158,129.5666,1,0.037422,282.085840,0.00736252,47.5033,1,0.032088,281.758640
2017-11-06,-0.00698665,128.8679,1,0.026555,221.180000,-0.00576942,46.9263,1,0.037492,301.788320
2017-11-07,0.00115173,128.9831,1,0.020717,181.549010,-0.00029459,46.8969,1,0.029299,279.948450
2017-11-08,-0.00042599,128.9405,1,0.016899,160.915590,-0.00088671,46.8082,1,0.028011,300.981760
2017-11-09,0.00153529,129.0940,1,0.021141,181.142480,-0.00656173,46.1520,1,0.027723,301.261680
2017-11-10,0.00357300,129.4513,1,0.032070,219.829470,-0.00428453,45.7236,1,0.037813,359.573350
2017-11-13,-0.01103169,128.3481,1,0.019709,180.529370,0.00183912,45.9075,1,0.037578,359.706660
2017-11-14,-0.00517088,127.8311,1,0.017728,141.586600,0.00042584,45.9501,1,0.025696,302.225710
2017-11-15,0.00440973,128.2720,1,0.011727,141.231200,0.00494743,46.4448,1,0.034647,320.572840
2017-11-16,0.01606814,129.8788,1,0.024316,239.606300,-0.00678680,45.7661,1,0.030170,299.748690
2017-11-17,-0.00293738,129.5851,1,0.031038,281.073650,-0.00012209,45.7539,1,0.031499,322.242550
2017-11-20,0.00263304,129.8484,1,0.020016,180.226280,0.00435480,46.1894,1,0.039160,340.621650
2017-11-21,-0.00735926,129.1125,1,0.013626,161.106580,0.00752393,46.9418,1,0.029487,260.947360
2017-11-22,-0.00002087,129.1104,1,0.013277,141.336020,-0.00456437,46.4854,1,0.026827,281.206800
2017-11-24,0.00332107,129.4425,1,0.025973,180.262050,-0.00266251,46.2191,1,0.043951,299.649230
2017-11-27,0.00866517,130.3090,1,0.044413,260.892500,-0.00886246,45.3329,1,0.058116,320.632600
2017-11-28,-0.00851013,129.4580,1,0.020593,220.308490,0.00387677,45.7205,1,0.040083,359.853610
2017-11-29,-0.01488841,127.9692,1,0.012861,143.029860,0.00309080,46.0296,1,0.044660,362.208720
2017-11-30,0.00049296,128.0185,1,0.010784,143.212100,0.00296905,46.3265,1,0.032155,302.609980
2017-12-01,0.00202603,128.2211,1,0.030387,241.272460,-0.00297071,46.0295,1,0.038751,301.452680
2017-12-04,-0.01511227,126.7098,1,0.029357,260.146410,0.01158016,47.1875,1,0.042304,319.787760
2017-12-05,0.00434595,127.1444,1,0.024915,221.706730,-0.00591713,46.5958,1,0.030213,282.023240
2017-12-06,0.00868077,128.0125,1,0.025603,220.144070,-0.00205094,46.3907,1,0.034714,319.560580
2017-12-07,-0.00868520,127.1440,1,0.028410,239.710460,0.00527931,46.9186,1,0.035459,320.321200
2017-12-08,0.00089580,127.2336,1,0.025090,161.728470,-0.00184082,46.7345,1,0.041832,301.742810
2017-12-11,-0.00260278,126.9733,1,0.027168,221.234810,0.00275066,47.0096,1,0.043984,301.224030
2017-12-12,0.00173930,127.1472,1,0.024000,220.705650,-0.00048232,46.9614,1,0.038802,320.602730
2017-12-13,-0.00834178,126.3130,1,0.025228,220.666310,0.00090369,47.0517,1,0.043861,359.846850
2017-12-14,-0.00322871,125.9902,1,0.023401,201.406990,0.00005637,47.0574,1,0.037263,320.411870
2017-12-15,0.00101835,126.0920,1,0.016275,200.124550,-0.00235414,46.8219,1,0.035024,279.867700
2017-12-18,-0.00956612,125.1354,1,0.017992,222.626970,-0.01029816,45.7921,0,0.000000,0.000000
2017-12-19,-0.01272335,123.8631,1,0.014395,161.491360,0.00723298,46.5154,1,0.039782,362.964177
2017-12-20,-0.00733266,123.1298,1,0.015276,139.844420,0.00257565,46.7730,1,0.025135,260.503080
2017-12-21,0.00524484,123.6543,1,0.015086,160.421450,0.00109115,46.8821,1,0.030355,280.985980
2017-12-22,-0.00471697,123.1826,1,0.028367,240.491650,-0.00389151,46.4930,1,0.041241,321.238090
2017-12-26,-0.00236967,122.9456,1,0.019497,201.731890,-0.00144765,46.3482,1,0.038845,321.055370
2017-12-27,0.00794831,123.7404,1,0.020159,140.451050,-0.00407220,45.9410,1,0.033200,319.720880
2017-12-28,0.00111509,123.8520,1,0.025801,200.725250,-0.00326376,45.6146,1,0.043266,360.514540
2017-12-29,-0.00014787,123.8372,1,0.015597,160.729670,0.00444055,46.0587,1,0.033915,320.710510
2018-01-02,0.00394705,124.2319,1,0.028225,279.852550,-0.00837001,45.2217,1,0.031881,299.600390
2018-01-03,0.00319966,124.5518,1,0.022194,182.796230,0.00253667,45.4753,1,0.040933,343.281800
2018-01-04,-0.00013995,124.5378,1,0.016965,161.399000,0.00977940,46.4533,1,0.039940,320.588060
2018-01-05,-0.00262362,124.2755,1,0.013112,121.652050,0.00266578,46.7198,1,0.035982,301.383060
2018-01-08,-0.00280855,123.9946,1,0.021715,162.026450,0.00162078,46.8819,1,0.041142,321.464680
2018-01-09,0.00200258,124.1949,1,0.009852,81.110980,-0.00986406,45.8955,1,0.035516,261.192120
2018-01-10,0.00023556,124.2184,1,0.015554,179.682710,0.01419493,47.3150,1,0.038367,379.544050
2018-01-11,-0.00262279,123.9562,1,0.005249,100.953410,0.00915069,48.2301,1,0.025601,220.964660
2018-01-12,-0.00593911,123.3623,1,0.010701,102.911410,0.01872340,50.1024,1,0.027620,262.856110
2018-01-16,0.00448035,123.8103,1,0.017165,122.314030,-0.01016090,49.0863,1,0.026850,201.898040
2018-01-17,0.00715328,124.5256,1,0.019392,180.638880,0.00107403,49.1937,1,0.046917,379.179280
2018-01-18,-0.00217000,124.3086,1,0.022990,242.232080,-0.00703896,48.4898,0,0.000000,0.000000
2018-01-19,-0.00043041,124.2656,0,0.000000,0.000000,0.00166818,48.6566,1,0.040692,341.670795
2018-01-22,-0.00803758,123.4618,0,0.000000,0.000000,-0.00614447,48.0422,1,0.041437,322.560190
2018-01-23,0.00309201,123.7710,1,0.019489,203.242092,-0.00201536,47.8407,1,0.032956,261.754270
2018-01-24,0.00236440,124.0075,1,0.013860,160.884890,-0.00363495,47.4772,1,0.032175,261.570200
2018-01-25,0.01167470,125.1749,1,0.017720,160.129060,-0.00230329,47.2468,1,0.027329,300.264360
2018-01-26,0.00765225,125.9402,1,0.022785,181.984930,-0.01903421,45.3434,1,0.039351,360.970340
2018-01-29,-0.01208015,124.7321,0,0.000000,0.000000,0.00485400,45.8288,1,0.051350,382.328130
2018-01-30,0.00823609,125.5557,1,0.022931,221.414818,-0.00532725,45.2961,1,0.037485,319.412910
2018-01-31,-0.02143130,123.4126,1,0.022770,200.062680,0.01049286,46.3454,1,0.038684,358.936440
2018-02-01,-0.00153888,123.2587,1,0.033428,281.206360,-0.01825597,44.5198,1,0.041077,301.152110
2018-02-02,0.01722262,124.9810,1,0.026868,220.400240,-0.02545622,41.9742,1,0.046992,359.189880
2018-02-05,-0.00941999,124.0390,1,0.038529,298.518510,-0.01133826,40.8403,0,0.000000,0.000000
2018-02-06,0.00719991,124.7590,1,0.016889,142.614650,0.02057406,42.8977,0,0.000000,0.000000
2018-02-07,-0.00857400,123.9016,1,0.052330,341.887980,0.00224105,43.1218,1,0.034755,257.021100
2018-02-08,0.00447658,124.3492,1,0.029832,240.772890,-0.00771961,42.3499,1,0.042121,340.356020
2018-02-09,0.00814808,125.1640,1,0.041622,257.382850,-0.00898062,41.4518,0,0.000000,0.000000
2018-02-12,0.00203682,125.3677,1,0.039968,323.536290,-0.00164548,41.2873,0,0.000000,0.000000
2018-02-13,0.00436114,125.8038,1,0.025686,202.056730,-0.00368033,40.9192,1,0.049203,338.112043
2018-02-14,-0.00446837,125.3570,1,0.029857,260.183300,-0.00014906,40.9043,1,0.048006,360.262130
2018-02-15,0.01371439,126.7284,1,0.028801,243.661300,-0.01288719,39.6156,1,0.038099,323.565700
2018-02-16,0.00113790,126.8422,1,0.028470,263.193660,0.00962387,40.5780,1,0.046263,383.241040
2018-02-20,0.01002125,127.8444,1,0.025345,241.017380,-0.01378350,39.1997,1,0.029610,261.258130
2018-02-21,-0.00348965,127.4954,1,0.032685,280.110890,0.00681154,39.8808,1,0.050516,378.999080
2018-02-22,0.00767960,128.2634,1,0.027820,200.788320,-0.01336253,38.5446,1,0.048483,319.666190
2018-02-23,0.00163090,128.4264,1,0.038280,300.595500,-0.00741323,37.8032,1,0.045253,380.409750
2018-02-26,0.00619334,129.0458,1,0.038686,262.981110,0.00095587,37.8988,0,0.000000,0.000000
2018-02-27,-0.00865187,128.1806,1,0.036887,241.264800,0.00559132,38.4580,1,0.033758,323.632378
2018-02-28,0.02950917,131.1315,1,0.020083,199.909760,-0.02166782,36.2912,0,0.000000,0.000000
2018-03-01,0.00974342,132.1059,0,0.000000,0.000000,-0.03073834,33.2173,0,0.000000,0.000000
2018-03-02,0.00640211,132.7461,1,0.037759,302.598542,-0.01446524,31.7708,1,0.063774,379.435150
2018-03-05,0.00019502,132.7656,1,0.034698,262.751390,0.00363065,32.1339,1,0.042835,342.107090
2018-03-06,-0.00339457,132.4261,1,0.033467,223.359140,0.00017294,32.1512,0,0.000000,0.000000
2018-03-07,-0.00750388,131.6757,1,0.025538,201.871830,-0.00073449,32.0777,1,0.044749,344.364677
2018-03-08,-0.00511967,131.1638,1,0.020787,161.552190,-0.00098443,31.9793,1,0.026403,239.398380
2018-03-09,-0.00808136,130.3556,1,0.021506,161.253020,0.00878643,32.8579,1,0.044657,300.610280
2018-03-12,0.00595879,130.9515,1,0.027771,242.430910,0.01190997,34.0489,0,0.000000,0.000000
2018-03-13,0.00587368,131.5389,1,0.024132,219.921730,0.00025913,34.0748,1,0.030117,243.748688
2018-03-14,-0.00400588,131.1383,1,0.033298,299.229320,0.00777200,34.8520,1,0.039960,339.496630
2018-03-15,-0.00561155,130.5771,0,0.000000,0.000000,0.00553459,35.4055,1,0.030991,300.336840
2018-03-16,-0.00629669,129.9475,1,0.021079,200.997819,0.00405168,35.8107,1,0.028382,300.800810
2018-03-19,-0.00712385,129.2351,1,0.015135,161.496210,0.00514812,36.3255,1,0.029588,261.185770
2018-03-20,0.00343668,129.5787,1,0.020102,200.396510,0.00190354,36.5158,0,0.000000,0.000000
2018-03-21,0.00527198,130.1059,1,0.034292,281.347530,-0.00257772,36.2581,1,0.034852,299.930127
2018-03-22,-0.00078551,130.0274,1,0.023871,220.155050,-0.00562800,35.6953,1,0.038280,340.124440
2018-03-23,-0.01390226,128.6372,1,0.034536,238.706640,0.01667676,37.3629,1,0.044234,357.076820
2018-03-26,0.01587607,130.2248,1,0.015363,161.799210,-0.02485674,34.8773,0,0.000000,0.000000
2018-03-27,0.02287827,132.5126,1,0.036243,324.649670,0.03233759,38.1110,0,0.000000,0.000000
2018-03-28,-0.00782038,131.7306,1,0.035598,318.499770,0.01314667,39.4257,1,0.021193,161.152266
2018-03-29,0.01680941,133.4115,1,0.019049,201.182060,-0.01567464,37.8582,1,0.032434,281.528360
2018-04-02,-0.00738338,132.6732,1,0.030568,262.227610,-0.00927026,36.9312,1,0.047856,382.334070
2018-04-03,-0.01010519,131.6626,0,0.000000,0.000000,0.01507461,38.4387,0,0.000000,0.000000
2018-04-04,-0.00086726,131.5759,1,0.022596,181.280822,0.00127215,38.5659,0,0.000000,0.000000
2018-04-05,0.00458001,132.0339,1,0.019249,161.743830,0.00254460,38.8203,0,0.000000,0.000000
2018-04-06,0.00095632,132.1295,1,0.030938,240.853770,-0.00098032,38.7223,1,0.031152,282.936105
2018-04-09,-0.00227462,131.9021,0,0.000000,0.000000,0.00674995,39.3973,0,0.000000,0.000000
2018-04-10,0.00208348,132.1104,1,0.035352,220.346052,-0.00340669,39.0566,1,0.036759,259.526949
2018-04-11,-0.00103724,132.0067,1,0.030134,223.340120,-0.00345082,38.7115,1,0.044382,323.680850
2018-04-12,-0.01226165,130.7805,0,0.000000,0.000000,-0.01520877,37.1907,1,0.041487,359.589240
2018-04-13,0.00484943,131.2655,0,0.000000,0.000000,-0.01673994,35.5167,1,0.047154,381.773790
2018-04-16,0.00144425,131.4099,0,0.000000,0.000000,0.00005578,35.5222,1,0.047942,399.748920
2018-04-17,-0.00295986,131.1139,1,0.038376,261.715779,-0.01053688,34.4686,0,0.000000,0.000000
2018-04-18,-0.01230885,129.8830,1,0.023455,161.960710,-0.00686234,33.7823,0,0.000000,0.000000
2018-04-19,0.01468022,131.3511,0,0.000000,0.000000,-0.00198373,33.5840,1,0.044013,384.018741
2018-04-20,0.00154224,131.5053,0,0.000000,0.000000,0.00135282,33.7192,1,0.034108,319.545780
2018-04-23,0.00092415,131.5977,0,0.000000,0.000000,-0.00600213,33.1190,0,0.000000,0.000000
2018-04-24,-0.00124621,131.4731,1,0.032561,239.841893,0.00909900,34.0289,1,0.037010,281.473352
2018-04-25,-0.00420617,131.0525,0,0.000000,0.000000,-0.01869762,32.1592,1,0.033232,320.448670
2018-04-26,-0.00377895,130.6746,1,0.023035,180.621577,0.02082787,34.2419,1,0.035013,300.053830
2018-04-27,-0.00305945,130.3686,1,0.022815,181.720300,0.01755336,35.9973,1,0.033744,243.389140
2018-04-30,0.00752297,131.1209,1,0.023613,122.110070,-0.00343590,35.6537,1,0.025710,222.522740
2018-05-01,-0.00964433,130.1565,1,0.038593,279.296590,-0.00467252,35.1864,1,0.037222,279.739280
2018-05-02,-0.00075405,130.0811,1,0.024775,202.300580,-0.00110640,35.0758,1,0.043760,340.938970
2018-05-03,-0.00822340,129.2587,1,0.028030,240.194030,0.00596727,35.6725,1,0.036963,320.156620
2018-05-04,0.00273467,129.5322,1,0.021443,141.660990,-0.00640616,35.0319,1,0.042086,281.046430
2018-05-07,-0.00134925,129.3973,1,0.028445,204.239650,0.00550201,35.5821,0,0.000000,0.000000
2018-05-08,-0.00937893,128.4594,1,0.016463,141.479620,0.00144049,35.7262,1,0.037491,284.394026
2018-05-09,-0.01506091,126.9533,1,0.026691,161.301310,0.02089708,37.8159,1,0.037572,320.898100
2018-05-10,0.00443597,127.3969,1,0.017053,122.152780,-0.00576444,37.2394,1,0.022884,162.903820
2018-05-11,0.00329608,127.7265,1,0.018582,181.981650,-0.00389658,36.8498,0,0.000000,0.000000
2018-05-14,-0.01228798,126.4977,1,0.020218,181.368530,0.00430255,37.2800,1,0.041125,342.036648
2018-05-15,-0.00577020,125.9207,1,0.017370,141.385280,0.00279347,37.5594,1,0.038413,280.537520
2018-05-16,-0.00944032,124.9767,1,0.013722,121.893370,0.00062191,37.6216,1,0.029299,259.764280
2018-05-17,0.01130229,126.1069,1,0.022461,141.933750,0.00089342,37.7109,1,0.042938,301.284650
2018-05-18,-0.00123221,125.9837,1,0.016381,163.179910,0.00294424,38.0053,1,0.029836,281.313820
2018-05-21,-0.01527608,124.4561,1,0.020868,180.506040,0.01072998,39.0783,1,0.043372,320.392900
2018-05-22,-0.00484459,123.9716,1,0.011859,142.805640,-0.00040177,39.0381,1,0.029967,322.594210
2018-05-23,0.00347657,124.3193,1,0.032003,220.912520,0.00102104,39.1403,1,0.040926,320.089650
2018-05-24,0.00316999,124.6363,1,0.023281,220.205660,0.00128965,39.2692,1,0.038525,320.394310
2018-05-25,-0.00872115,123.7641,1,0.029945,221.576880,0.00940682,40.2099,1,0.036038,301.524150
2018-05-29,-0.00782854,122.9813,1,0.024924,220.207630,0.01177192,41.3871,1,0.032568,241.058960
2018-05-30,-0.00134133,122.8472,1,0.020593,200.887470,-0.01080003,40.3071,0,0.000000,0.000000
2018-05-31,0.00724321,123.5715,1,0.024469,222.779440,-0.01597165,38.7099,0,0.000000,0.000000
2018-06-01,0.00086891,123.6584,0,0.000000,0.000000,-0.00635322,38.0746,0,0.000000,0.000000
2018-06-04,0.00044844,123.7032,1,0.037576,301.353415,0.00818478,38.8931,1,0.037082,319.775997
2018-06-05,-0.00471322,123.2319,0,0.000000,0.000000,0.00675253,39.5683,1,0.026727,260.785420
2018-06-06,-0.02108558,121.1233,1,0.026288,201.624348,0.01217671,40.7860,1,0.032559,280.408940
2018-06-07,0.01216046,122.3394,1,0.013984,123.158810,-0.00293980,40.4920,1,0.037260,262.548090
2018-06-08,-0.00120889,122.2185,0,0.000000,0.000000,-0.00529800,39.9622,1,0.042240,320.485040
2018-06-11,-0.00442361,121.7761,1,0.019781,161.781360,-0.00304461,39.6578,1,0.034681,320.680940
2018-06-12,0.00532645,122.3088,1,0.020505,161.341880,-0.00774516,38.8832,1,0.030076,320.545460
2018-06-13,0.00485096,122.7939,0,0.000000,0.000000,0.01286479,40.1697,1,0.038001,341.907140
2018-06-14,-0.00063930,122.7299,1,0.019880,161.461978,0.00300601,40.4703,1,0.026149,241.250280
2018-06-15,0.00403940,123.1339,0,0.000000,0.000000,0.00432834,40.9032,1,0.032186,281.463650
2018-06-18,-0.00110172,123.0237,0,0.000000,0.000000,-0.00424873,40.4783,1,0.028563,301.345780
2018-06-19,0.00160083,123.1838,1,0.024687,182.687485,0.00916866,41.3951,1,0.040564,320.369730
2018-06-20,-0.00559380,122.6244,0,0.000000,0.000000,0.00727750,42.1229,1,0.028940,240.928050
2018-06-21,0.00306555,122.9310,1,0.031495,221.536911,-0.00070183,42.0527,1,0.037033,281.185110
2018-06-22,-0.00269235,122.6617,1,0.016705,180.884110,0.00575209,42.6279,1,0.030171,299.757130
2018-06-25,0.00919636,123.5814,1,0.016354,181.467470,0.00466355,43.0943,1,0.037525,301.453300
2018-06-26,-0.00974534,122.6068,0,0.000000,0.000000,-0.00620143,42.4741,1,0.034483,279.123280
2018-06-27,-0.01018839,121.5880,0,0.000000,0.000000,0.00089265,42.5634,1,0.043005,380.785760
2018-06-28,-0.01027770,120.5602,0,0.000000,0.000000,-0.00404960,42.1584,1,0.035360,299.212770
2018-06-29,0.00402755,120.9630,1,0.026505,219.772585,-0.00062278,42.0962,1,0.032958,341.437340
2018-07-02,0.00331700,121.2947,1,0.034410,260.220880,-0.00748162,41.3480,1,0.039542,339.793300
2018-07-03,0.00173524,121.4682,1,0.020766,160.874770,-0.00762228,40.5858,1,0.051528,340.984120
2018-07-05,0.00370084,121.8383,1,0.020336,120.960790,-0.00255401,40.3304,1,0.065881,379.535260
2018-07-06,-0.00110526,121.7278,0,0.000000,0.000000,-0.00425322,39.9051,0,0.000000,0.000000
2018-07-09,0.01571746,123.2995,1,0.017014,183.099814,-0.00910467,38.9946,0,0.000000,0.000000
2018-07-10,0.00238613,123.5381,1,0.015217,162.687140,-0.00740758,38.2538,1,0.042898,344.691237
2018-07-11,0.00376237,123.9144,1,0.021923,220.670290,-0.00947278,37.3065,1,0.038038,360.519800
2018-07-12,-0.00138476,123.7759,1,0.022216,240.005140,-0.00871285,36.4353,1,0.036035,358.744380
2018-07-13,0.00040785,123.8167,1,0.014905,141.749200,-0.00109189,36.3261,1,0.040079,381.273350
2018-07-16,0.00261006,124.0777,1,0.017214,160.444550,0.00096507,36.4226,1,0.041073,340.398890
2018-07-17,-0.00383523,123.6941,1,0.015243,161.139080,-0.00266923,36.1557,1,0.038343,320.049620
2018-07-18,-0.00146120,123.5480,1,0.021230,161.468180,0.00343799,36.4995,1,0.036761,341.489800
2018-07-19,0.01140512,124.6885,1,0.022368,180.729470,-0.02476332,34.0231,1,0.027892,320.624460
2018-07-20,0.00940111,125.6286,1,0.017769,162.346600,0.00907756,34.9309,1,0.043234,380.433340
2018-07-23,0.00148096,125.7767,1,0.020834,159.786780,0.00449800,35.3807,1,0.033130,280.792050
2018-07-24,0.01562746,127.3395,1,0.013064,141.110010,-0.00101093,35.2796,1,0.027743,320.973290
2018-07-25,-0.00707387,126.6321,1,0.016757,158.796010,0.00353293,35.6329,1,0.030367,300.889230
2018-07-26,0.00871973,127.5041,1,0.023337,202.529330,0.01409257,37.0421,0,0.000000,0.000000
2018-07-27,-0.00043416,127.4607,1,0.018256,161.666610,0.01183464,38.2256,1,0.025356,264.392787
2018-07-30,-0.00232331,127.2283,1,0.019701,199.951620,0.02110461,40.3361,1,0.028599,320.831120
2018-07-31,0.00171105,127.3994,1,0.021445,142.351670,-0.00712026,39.6240,1,0.025906,222.325380
2018-08-01,0.00436631,127.8361,1,0.035189,282.732810,-0.01827102,37.7969,0,0.000000,0.000000
2018-08-02,-0.00235503,127.6006,0,0.000000,0.000000,0.00397614,38.1946,1,0.038746,360.389852
2018-08-03,0.00812888,128.4134,0,0.000000,0.000000,-0.00839170,37.3554,1,0.029410,242.487720
2018-08-06,0.00469813,128.8833,1,0.014227,180.464030,-0.00041681,37.3137,1,0.037411,341.055700
2018-08-07,0.00461550,129.3448,1,0.021100,221.225200,-0.00096873,37.2168,1,0.032273,301.643010
2018-08-08,0.00875433,130.2202,1,0.030417,241.157850,-0.01552062,35.6648,1,0.032432,321.811420
2018-08-09,-0.00377468,129.8428,1,0.022678,179.048990,-0.00097486,35.5673,1,0.039306,338.325710
2018-08-10,-0.00196547,129.6462,0,0.000000,0.000000,0.00515993,36.0833,1,0.035957,320.448340
2018-08-13,0.00069280,129.7155,1,0.015670,140.415784,0.00335333,36.4186,1,0.024677,300.802550
2018-08-14,0.00177031,129.8925,1,0.014709,120.241470,-0.00585754,35.8328,1,0.033614,299.922070
2018-08-15,0.01465225,131.3578,1,0.019025,141.589180,0.01445111,37.2780,0,0.000000,0.000000
2018-08-16,0.00113331,131.4711,0,0.000000,0.000000,0.00169894,37.4479,1,0.026286,261.299588
2018-08-17,0.00146868,131.6180,1,0.024612,200.882928,0.00172332,37.6202,0,0.000000,0.000000
2018-08-20,-0.00411228,131.2067,1,0.019258,220.997480,-0.00354772,37.2654,0,0.000000,0.000000
2018-08-21,-0.00685505,130.5212,1,0.018025,140.699070,0.00618284,37.8837,1,0.042766,362.729045
2018-08-22,-0.00373360,130.1479,1,0.017180,200.991020,0.00185765,38.0695,1,0.026225,261.294750
2018-08-23,-0.00564475,129.5834,0,0.000000,0.000000,-0.00333122,37.7363,1,0.036172,339.514370
2018-08-24,-0.00128747,129.4546,1,0.012917,160.961018,-0.00427439,37.3089,1,0.028619,360.042150
2018-08-27,0.00043876,129.4985,1,0.022834,201.184670,0.00171320,37.4802,1,0.032690,281.421900
2018-08-28,0.00249082,129.7476,1,0.011558,161.015290,0.00760469,38.2407,1,0.036321,341.187610
2018-08-29,0.00180894,129.9285,1,0.019566,200.790700,0.00211824,38.4525,1,0.030336,261.001870
2018-08-30,0.01269996,131.1985,1,0.020144,161.522060,-0.01419132,37.0334,1,0.044412,360.961580
2018-08-31,-0.00371455,130.8270,1,0.015205,158.504820,0.00547492,37.5809,1,0.040638,337.675300
2018-09-04,-0.00838690,129.9884,1,0.028890,280.920170,0.00521226,38.1021,1,0.021864,280.988450
2018-09-05,0.00777517,130.7659,1,0.015533,141.147780,-0.01151782,36.9503,1,0.028112,241.463410
2018-09-06,-0.00298746,130.4671,1,0.014846,200.338810,-0.00163759,36.7866,1,0.034459,359.570250
2018-09-07,-0.00356348,130.1108,1,0.022558,221.598680,0.00015331,36.8019,1,0.028419,361.548400
2018-09-10,-0.00220611,129.8902,1,0.019311,180.325130,0.00074783,36.8767,1,0.031457,319.767010
2018-09-11,-0.00354716,129.5354,1,0.017026,182.152340,-0.00034070,36.8426,1,0.027510,301.548100
2018-09-12,-0.00704351,128.8311,1,0.020091,221.122230,0.00259724,37.1023,1,0.027726,301.137160
2018-09-13,-0.00231468,128.5996,1,0.016208,161.022800,0.00021605,37.1239,1,0.032015,301.361850
2018-09-14,0.00782807,129.3824,1,0.021023,181.558880,-0.00820918,36.3030,0,0.000000,0.000000
2018-09-17,0.00256266,129.6387,1,0.021064,181.157370,-0.01078022,35.2250,1,0.037992,382.901826
2018-09-18,0.00055567,129.6943,1,0.025263,239.852810,-0.01290577,33.9344,1,0.028647,320.508210
2018-09-19,-0.00503987,129.1903,1,0.021247,200.987870,-0.00239864,33.6946,1,0.034894,360.674990
2018-09-20,-0.00554287,128.6360,1,0.016477,180.853280,0.00950307,34.6449,1,0.031573,339.876910
2018-09-21,-0.00495881,128.1401,1,0.013601,181.723230,-0.00207290,34.4376,0,0.000000,0.000000
2018-09-24,-0.00148221,127.9919,1,0.014791,181.285620,-0.00236520,34.2011,1,0.032660,361.959786
2018-09-25,0.00229523,128.2214,1,0.016137,181.504030,-0.00508398,33.6927,1,0.025078,280.418220
2018-09-26,-0.00537120,127.6843,1,0.016990,181.486080,0.00537858,34.2305,1,0.033562,320.882440
2018-09-27,-0.00039973,127.6443,1,0.017113,180.247590,-0.01150579,33.0799,1,0.037949,260.277000
2018-09-28,-0.01010021,126.6343,1,0.014321,140.456280,0.01064169,34.1441,1,0.043891,379.730410
2018-10-01,0.01216513,127.8508,1,0.025517,201.650300,-0.01492475,32.6516,1,0.027525,281.775280
2018-10-02,0.00291148,128.1420,1,0.026962,240.011110,0.00772959,33.4246,1,0.041121,380.012470
2018-10-03,0.00610772,128.7527,1,0.013778,180.022210,-0.01210318,32.2143,1,0.032058,340.637480
2018-10-04,0.00419227,129.1720,1,0.023023,240.967970,-0.00864959,31.3493,1,0.041989,379.565860
2018-10-05,-0.00208691,128.9633,1,0.018241,240.683390,0.00623359,31.9727,1,0.034891,339.843470
2018-10-08,-0.01627780,127.3355,1,0.025950,219.993990,0.00925955,32.8986,1,0.036475,300.221110
2018-10-09,0.00188431,127.5239,1,0.015469,161.774770,0.00084006,32.9826,1,0.030314,321.046170
2018-10-10,-0.00970973,126.5529,1,0.026503,239.897600,0.00886372,33.8690,1,0.036508,340.616180
2018-10-11,0.01655571,128.2085,1,0.019719,180.386490,-0.01311951,32.5570,0,0.000000,0.000000
2018-10-12,0.00780041,128.9886,1,0.024359,239.413030,0.00006218,32.5633,0,0.000000,0.000000
2018-10-15,0.00824457,129.8130,1,0.024243,242.603460,-0.01305005,31.2583,1,0.040155,314.899065
2018-10-16,-0.00369519,129.4435,1,0.025819,259.839420,-0.00019501,31.2388,1,0.043781,379.696630
2018-10-17,0.00535604,129.9791,1,0.023806,265.534000,0.00341030,31.5798,0,0.000000,0.000000
2018-10-18,0.00461996,130.4411,1,0.019674,240.508530,0.00322287,31.9021,1,0.044673,304.643152
2018-10-19,-0.00767168,129.6739,1,0.020548,219.658050,0.01048937,32.9510,0,0.000000,0.000000
2018-10-22,0.00592732,130.2667,1,0.016668,200.599520,-0.00862055,32.0890,1,0.024125,277.492549
2018-10-23,-0.01238304,129.0284,1,0.016014,181.306980,-0.01220844,30.8681,1,0.030224,340.267510
2018-10-24,-0.04533515,124.4948,1,0.026385,201.415430,0.03366119,34.2342,1,0.040751,338.433640
2018-10-25,0.00768316,125.2632,1,0.023724,163.291870,-0.04017339,30.2169,1,0.039569,239.432750
2018-10-26,-0.02261148,123.0020,1,0.030318,243.470020,0.02855881,33.0728,1,0.048719,342.183230
2018-10-29,-0.00089737,122.9123,1,0.013567,122.170870,-0.01846945,31.2258,0,0.000000,0.000000
2018-10-30,0.01866979,124.7793,1,0.024021,180.616370,-0.03503120,27.7227,1,0.066370,378.566015
2018-10-31,-0.00241172,124.5381,1,0.043002,264.107940,-0.02558293,25.1644,0,0.000000,0.000000
2018-11-01,0.00611198,125.1493,1,0.016222,183.871610,0.01019043,26.1835,1,0.035117,348.035412
2018-11-02,-0.00588414,124.5609,1,0.020524,223.303040,0.00190057,26.3735,1,0.033613,322.587580
2018-11-05,0.00749965,125.3108,1,0.017695,181.042190,-0.00401362,25.9722,1,0.044132,339.580590
2018-11-06,-0.00365043,124.9458,1,0.023293,162.161420,0.00854141,26.8263,1,0.046289,302.478770
2018-11-07,-0.00427731,124.5181,1,0.024341,181.726130,0.00283287,27.1096,1,0.029833,242.090250
2018-11-08,0.01736122,126.2542,1,0.025728,244.928790,0.02199745,29.3093,0,0.000000,0.000000
2018-11-09,-0.00043862,126.2103,1,0.033802,258.826050,-0.00269903,29.0394,1,0.027253,222.182632
2018-11-12,-0.02832416,123.3779,1,0.026836,220.393440,0.02668355,31.7078,1,0.039715,319.295890
2018-11-13,-0.00999339,122.3786,1,0.013849,122.373620,0.00540046,32.2478,1,0.025934,201.403670
2018-11-14,-0.00419143,121.9594,1,0.018123,180.955870,0.00120312,32.3681,1,0.031688,280.796040
2018-11-15,0.00508062,122.4675,1,0.023128,161.414020,-0.00071269,32.2969,1,0.037009,319.397900
2018-11-16,0.00057413,122.5249,1,0.016247,182.538530,0.00160456,32.4573,0,0.000000,0.000000
2018-11-19,-0.01229173,121.2957,1,0.033833,260.679540,0.01888982,34.3463,1,0.049178,283.029300
2018-11-20,-0.00080542,121.2152,1,0.020582,201.064020,0.00362949,34.7093,1,0.037941,260.295540
2018-11-21,0.02569277,123.7845,1,0.026603,180.212100,-0.02488430,32.2208,0,0.000000,0.000000
2018-11-23,-0.00167161,123.6173,0,0.000000,0.000000,-0.00955440,31.2654,1,0.059270,379.862474
2018-11-26,0.00716785,124.3341,1,0.047275,222.423243,-0.00936724,30.3287,1,0.082254,359.682690
2018-11-27,0.00321077,124.6552,1,0.024173,303.009840,0.00847008,31.1757,0,0.000000,0.000000
2018-11-28,0.00348055,125.0032,1,0.030745,260.443650,-0.01040251,30.1354,1,0.036641,262.603667
2018-11-29,-0.00095898,124.9073,1,0.027368,244.573720,-0.00094616,30.0408,0,0.000000,0.000000
2018-11-30,0.00872676,125.7800,1,0.022474,220.365910,-0.00472051,29.5688,1,0.039831,302.804947
2018-12-03,0.00614938,126.3949,1,0.028952,262.014570,-0.00700343,28.8684,1,0.035983,341.664860
2018-12-04,-0.00111921,126.2830,1,0.039321,262.339190,-0.00055272,28.8131,1,0.041182,323.077440
2018-12-06,-0.00904854,125.3781,1,0.020254,181.269480,-0.00866110,27.9470,0,0.000000,0.000000
2018-12-07,0.01017984,126.3961,1,0.020366,201.320620,-0.00359575,27.5875,1,0.032255,335.723527
2018-12-10,-0.00542668,125.8535,1,0.031978,238.779030,0.01492123,29.0796,0,0.000000,0.000000
2018-12-11,-0.01062206,124.7913,1,0.031786,241.280630,0.00865449,29.9450,1,0.033081,258.363078
2018-12-12,-0.00310775,124.4805,1,0.027285,181.137860,-0.00063748,29.8813,1,0.043018,320.295110
2018-12-13,0.00929813,125.4103,1,0.034267,241.703810,-0.02127851,27.7534,1,0.055061,361.413730
2018-12-14,-0.00133237,125.2771,1,0.038107,260.533800,0.00499789,28.2532,1,0.056491,379.552610
2018-12-17,-0.00516561,124.7605,1,0.026201,259.895190,-0.00689840,27.5634,0,0.000000,0.000000
2018-12-18,0.00534095,125.2946,1,0.035375,278.318880,0.00764786,28.3282,0,0.000000,0.000000
2018-12-19,-0.00118023,125.1766,1,0.037323,259.856870,0.01643816,29.9720,1,0.040034,294.547996
2018-12-20,0.00727019,125.9036,1,0.038801,199.974660,-0.00431228,29.5407,0,0.000000,0.000000
2018-12-21,-0.00778135,125.1255,1,0.037195,278.505480,-0.00155817,29.3849,0,0.000000,0.000000
2018-12-24,-0.00381600,124.7439,1,0.017490,180.980300,-0.01092212,28.2927,0,0.000000,0.000000
2018-12-26,-0.01636167,123.1077,1,0.079437,257.752890,0.01172689,29.4654,0,0.000000,0.000000
2018-12-27,-0.00112793,122.9949,1,0.034693,248.840990,-0.00074226,29.3912,0,0.000000,0.000000
2018-12-28,0.00407588,123.4025,1,0.034782,241.983500,-0.00064117,29.3271,0,0.000000,0.000000
2018-12-31,-0.00828385,122.5741,1,0.036885,280.094770,0.00151290,29.4784,1,0.049900,358.536818
2019-01-02,-0.01321824,121.2523,1,0.023484,221.983480,-0.00608981,28.8694,0,0.000000,0.000000
2019-01-03,0.01965630,123.2179,1,0.021530,200.547760,-0.03902265,24.9671,1,0.040105,322.115513
2019-01-04,0.00936592,124.1545,1,0.046058,278.175800,-0.04052449,20.9147,1,0.054469,396.199180
2019-01-07,-0.01246054,122.9084,1,0.034254,287.266430,-0.01953448,18.9612,0,0.000000,0.000000
2019-01-08,-0.00477246,122.4312,1,0.030486,183.323480,0.01276775,20.2380,1,0.065135,407.624236
2019-01-09,0.00668475,123.0997,1,0.014095,83.613480,0.00319957,20.5579,0,0.000000,0.000000
2019-01-10,0.01565235,124.6649,1,0.023025,180.613210,-0.01093845,19.4641,1,0.037835,283.784160
2019-01-11,-0.00462023,124.2029,1,0.030893,202.311000,-0.00305313,19.1588,1,0.051853,362.173570
2019-01-14,0.00041206,124.2441,1,0.030724,200.648890,0.00544334,19.7031,1,0.036176,301.041380
2019-01-15,-0.00188748,124.0553,1,0.039848,259.781510,-0.00812082,18.8910,1,0.035912,260.322990
2019-01-16,0.00299482,124.3548,1,0.047058,281.479340,0.00367539,19.2586,1,0.058781,341.206190
2019-01-17,0.00231907,124.5867,1,0.023293,141.596860,-0.00488871,18.7697,1,0.042961,301.139100
2019-01-18,-0.00685955,123.9008,1,0.026845,221.630180,-0.00061678,18.7080,0,0.000000,0.000000
2019-01-22,0.00751854,124.6526,1,0.028536,222.412990,-0.00421369,18.2867,0,0.000000,0.000000
2019-01-23,0.00604349,125.2570,1,0.039881,318.217750,0.00600305,18.8870,1,0.037895,343.876058
2019-01-24,-0.00827419,124.4296,1,0.027869,240.278110,0.00100960,18.9879,1,0.041470,320.701200
2019-01-25,-0.01148860,123.2807,1,0.037800,180.850430,0.00217958,19.2059,1,0.052292,341.971690
2019-01-28,0.00685389,123.9661,1,0.032291,202.241340,-0.00272599,18.9333,1,0.035769,322.708870
2019-01-29,0.00829912,124.7960,1,0.024628,220.471800,-0.00528865,18.4044,1,0.030805,319.387210
2019-01-30,-0.00182557,124.6134,1,0.029807,239.909480,0.00491539,18.8960,1,0.038361,321.137120
2019-01-31,0.00167051,124.7805,1,0.033919,281.575450,0.00385422,19.2814,0,0.000000,0.000000
2019-02-01,-0.00179908,124.6006,1,0.031398,221.742870,-0.00833059,18.4483,1,0.041989,302.733955
2019-02-04,0.00286171,124.8868,1,0.024429,161.069230,0.00085722,18.5340,1,0.051018,360.388070
2019-02-05,0.00330673,125.2174,1,0.027637,182.152700,0.00132490,18.6665,1,0.037040,301.390100
2019-02-06,-0.00649120,124.5683,1,0.016040,141.447210,0.01514210,20.1807,1,0.036310,300.939030
2019-02-07,0.02061937,126.6302,1,0.026333,160.491920,-0.02447682,17.7331,1,0.036522,281.477060
2019-02-08,-0.00641910,125.9883,1,0.021810,201.242950,0.00760702,18.4938,1,0.038738,360.011400
2019-02-11,-0.00197185,125.7911,1,0.017095,121.318940,0.00297702,18.7915,1,0.029258,280.789420
2019-02-12,0.01143391,126.9345,1,0.014819,141.741790,-0.00317717,18.4737,1,0.023977,241.700900
2019-02-13,0.01499123,128.4337,1,0.018617,162.713250,-0.00141177,18.3326,0,0.000000,0.000000
2019-02-14,-0.00922933,127.5107,1,0.024633,202.205060,0.00455845,18.7884,1,0.039365,302.912134
2019-02-15,0.00838581,128.3493,1,0.012339,121.201320,-0.01190835,17.5976,1,0.028525,300.576530
2019-02-19,-0.00150088,128.1992,1,0.023928,221.399580,0.00126360,17.7239,0,0.000000,0.000000
2019-02-20,-0.00558382,127.6408,1,0.020672,161.138040,0.00228893,17.9528,1,0.038457,323.395614
2019-02-21,0.00270403,127.9112,1,0.013467,141.873150,-0.00985980,16.9669,1,0.028530,280.944370
2019-02-22,0.00185306,128.0966,1,0.024464,140.869530,0.00884892,17.8517,1,0.048608,379.959410
2019-02-25,0.00745576,128.8421,1,0.026564,202.278990,-0.00451165,17.4006,1,0.024615,242.066060
2019-02-26,0.00249590,129.0917,1,0.023800,220.766780,-0.00180664,17.2199,1,0.037124,339.951730
2019-02-27,-0.00116722,128.9750,1,0.021772,180.281770,-0.01515568,15.7043,1,0.039128,339.735100
2019-02-28,0.00120017,129.0950,1,0.019433,160.825510,-0.00489182,15.2152,1,0.053042,399.479080
2019-03-01,0.00037512,129.1325,1,0.026978,240.417810,-0.00122037,15.0931,1,0.044387,340.520340
2019-03-04,0.00021569,129.1541,1,0.023581,200.768950,-0.00961162,14.1320,1,0.033472,301.197990
2019-03-05,-0.00640381,128.5137,1,0.028401,200.571230,0.00078304,14.2103,1,0.047276,379.088590
2019-03-06,-0.00755785,127.7579,1,0.022225,180.768080,-0.00238481,13.9718,1,0.040911,280.501240
2019-03-07,-0.01522237,126.2357,1,0.019007,120.729880,0.00595619,14.5674,0,0.000000,0.000000
2019-03-08,0.00221720,126.4574,1,0.020130,160.979910,-0.00374657,14.1928,1,0.034907,279.295501
2019-03-11,0.00547034,127.0044,1,0.022896,200.951650,-0.00244319,13.9484,1,0.040849,320.261950
2019-03-12,-0.00141275,126.8632,1,0.028905,223.133710,0.00117955,14.0664,0,0.000000,0.000000
2019-03-13,0.00383551,127.2467,1,0.023259,180.750530,-0.00388440,13.6779,1,0.038110,283.381269
2019-03-14,0.00046197,127.2929,1,0.024043,181.349930,0.00087893,13.7658,0,0.000000,0.000000
2019-03-15,0.00150455,127.4434,1,0.030985,220.428240,-0.00432034,13.3338,1,0.031134,321.478959
2019-03-18,0.01289267,128.7326,1,0.019843,141.921860,-0.00214799,13.1190,1,0.038579,341.320340
2019-03-19,0.00843256,129.5759,1,0.025794,241.400830,0.00069433,13.1884,1,0.031777,341.224560
2019-03-20,-0.00047144,129.5288,1,0.025244,160.874890,0.00181198,13.3696,1,0.043962,339.625610
2019-03-21,-0.00036685,129.4921,1,0.023085,200.087800,0.00577840,13.9475,1,0.039850,320.176800
2019-03-22,-0.01526660,127.9654,1,0.022510,182.299440,0.02081556,16.0290,0,0.000000,0.000000
2019-03-25,0.00022426,127.9878,1,0.027794,219.487950,0.00608964,16.6380,0,0.000000,0.000000
2019-03-26,0.00567844,128.5557,1,0.034776,220.910140,-0.00510130,16.1279,1,0.047490,300.052811
2019-03-27,-0.00290685,128.2650,1,0.021315,201.555900,-0.00008130,16.1197,0,0.000000,0.000000
2019-03-28,0.00714582,128.9796,1,0.024358,200.838130,0.00323430,16.4432,1,0.035910,281.588146
2019-03-29,0.00465852,129.4454,1,0.027748,201.627980,-0.00127994,16.3152,1,0.030504,282.398700
2019-04-01,0.01522481,130.9679,1,0.041139,261.456580,0.00175112,16.4903,1,0.045158,341.066750
2019-04-02,-0.00362068,130.6058,1,0.032408,263.486140,-0.00215692,16.2746,1,0.035812,322.199650
2019-04-03,-0.00190879,130.4150,1,0.019959,160.858360,-0.00398421,15.8762,1,0.041841,340.158900
2019-04-04,0.00759759,131.1747,1,0.028551,222.201660,0.00705892,16.5821,1,0.045858,361.538200
2019-04-05,0.00115306,131.2900,1,0.025964,220.694030,-0.00428728,16.1533,1,0.040748,321.001390
2019-04-08,-0.00417173,130.8729,1,0.028243,222.159210,-0.00108504,16.0448,0,0.000000,0.000000
2019-04-09,0.01284513,132.1574,1,0.015267,161.183950,-0.01020687,15.0241,1,0.041297,301.062769
2019-04-10,0.00195274,132.3526,1,0.034196,259.249680,-0.00395272,14.6289,1,0.051622,379.356190
2019-04-11,-0.00183749,132.1689,1,0.033209,261.733910,0.00290459,14.9193,1,0.040201,321.433230
2019-04-12,-0.00790022,131.3789,1,0.019652,181.192000,0.00758016,15.6774,1,0.035604,281.295280
2019-04-15,-0.00554255,130.8246,1,0.017295,182.544450,0.00082324,15.7597,1,0.023486,241.430240
2019-04-16,-0.00055386,130.7692,1,0.028076,180.649260,0.00290645,16.0503,1,0.040425,320.371990
2019-04-17,0.00046540,130.8158,1,0.033660,201.789130,0.01350327,17.4006,1,0.043803,321.979750
2019-04-18,0.00491162,131.3069,1,0.023108,240.266520,0.00338461,17.7391,1,0.034439,260.297850
2019-04-22,0.00274141,131.5811,1,0.037939,240.761890,-0.00220914,17.5182,1,0.047964,341.479860
2019-04-23,0.00540015,132.1211,1,0.044405,260.716580,-0.00433357,17.0848,1,0.050857,300.387730
2019-04-24,0.00507234,132.6283,1,0.030916,202.427020,-0.00327787,16.7571,0,0.000000,0.000000
2019-04-25,0.00658610,133.2869,1,0.030810,241.816390,0.00195506,16.9526,1,0.049084,343.120033
2019-04-26,-0.00254767,133.0322,1,0.033957,260.561200,0.01152293,18.1049,1,0.046567,341.037290
2019-04-29,-0.01123642,131.9085,1,0.037032,261.501410,0.01282915,19.3878,1,0.034335,262.233820
2019-04-30,0.01201770,133.1103,1,0.038510,181.222410,-0.01258602,18.1292,1,0.048862,241.626530
2019-05-01,-0.00500551,132.6097,1,0.028211,280.763620,0.00020623,18.1498,1,0.045657,360.704420
2019-05-02,-0.00216474,132.3933,1,0.026694,200.884280,-0.00065018,18.0848,0,0.000000,0.000000
2019-05-03,0.00367835,132.7611,1,0.034695,240.750440,-0.00224627,17.8601,1,0.053967,339.270097
2019-05-06,-0.00527015,132.2341,1,0.029425,241.929510,0.00912385,18.7725,0,0.000000,0.000000
2019-05-07,-0.01406960,130.8271,1,0.042620,240.686570,0.00943207,19.7157,1,0.049893,261.158615
2019-05-08,0.00869382,131.6965,1,0.023468,200.705300,0.00606426,20.3222,0,0.000000,0.000000
2019-05-09,0.00272815,131.9693,1,0.032625,240.881130,-0.00692036,19.6301,1,0.042976,298.074719
2019-05-10,-0.01549664,130.4197,1,0.038194,199.710040,0.01323328,20.9535,1,0.052052,319.708420
2019-05-13,-0.03217610,127.2020,1,0.021870,161.929270,0.03886093,24.8395,1,0.029807,242.124920
2019-05-14,0.01192562,128.3946,1,0.025098,181.094280,-0.02044783,22.7948,1,0.023183,180.660060
2019-05-15,-0.00002497,128.3921,1,0.034677,260.905900,0.00624196,23.4190,1,0.045254,380.719520
2019-05-16,0.00892481,129.2846,1,0.043009,261.280580,-0.00496573,22.9224,1,0.040293,280.887450
2019-05-17,-0.00456283,128.8283,1,0.044943,221.624230,-0.00664143,22.2582,0,0.000000,0.000000
2019-05-20,-0.01605544,127.2228,1,0.031634,220.733960,0.01759082,24.0173,1,0.052448,320.409326
2019-05-21,0.01169388,128.3922,1,0.021412,181.060350,-0.01326815,22.6905,1,0.037975,261.246110
2019-05-22,0.00444321,128.8365,1,0.039169,281.594940,-0.00708919,21.9816,1,0.057009,382.248440
2019-05-23,-0.00585118,128.2514,1,0.031988,240.398110,0.00965954,22.9475,1,0.049376,360.221070
2019-05-24,0.00051962,128.3033,1,0.032128,180.720190,-0.00536165,22.4114,1,0.038115,260.160170
2019-05-28,0.00456687,128.7600,1,0.039603,220.706630,-0.00147229,22.2642,1,0.056369,360.269690
2019-05-29,-0.00220236,128.5398,1,0.047446,259.678950,0.00180379,22.4445,0,0.000000,0.000000
2019-05-30,-0.00388514,128.1513,1,0.043184,201.050510,0.00033391,22.4779,1,0.047319,278.677930
2019-05-31,-0.00336207,127.8150,1,0.046657,240.674130,0.00087037,22.5650,1,0.051403,321.097630
2019-06-03,0.00805937,128.6210,0,0.000000,0.000000,-0.00129381,22.4356,1,0.037591,299.788520
2019-06-04,0.00087273,128.7083,0,0.000000,0.000000,-0.00906220,21.5294,1,0.050970,321.428910
2019-06-05,-0.01335858,127.3724,1,0.027338,244.903154,0.00550017,22.0794,0,0.000000,0.000000
2019-06-06,-0.00375877,126.9965,1,0.015147,122.702460,-0.00787627,21.2917,1,0.036277,307.298191
2019-06-07,-0.00193098,126.8034,1,0.025588,142.410730,-0.00611203,20.6805,0,0.000000,0.000000
2019-06-10,-0.00119036,126.6844,0,0.000000,0.000000,0.01761139,22.4417,1,0.042081,322.439395
2019-06-11,0.00487249,127.1716,0,0.000000,0.000000,-0.00079257,22.3624,1,0.039017,261.962800
2019-06-12,-0.00010374,127.1613,0,0.000000,0.000000,-0.00555932,21.8065,1,0.035902,300.426220
2019-06-13,0.01185338,128.3466,0,0.000000,0.000000,-0.00723083,21.0834,1,0.041923,320.287210
2019-06-14,-0.00317392,128.0292,0,0.000000,0.000000,0.00161229,21.2446,1,0.053671,340.820520
2019-06-17,0.00092120,128.1213,0,0.000000,0.000000,-0.00950059,20.2946,1,0.036989,300.348680
2019-06-18,0.00306555,128.4279,0,0.000000,0.000000,0.00548065,20.8426,1,0.061875,380.056590
2019-06-19,0.00670325,129.0982,0,0.000000,0.000000,-0.01979611,18.8630,1,0.054561,303.278300
2019-06-20,0.00936471,130.0347,0,0.000000,0.000000,0.00363051,19.2261,1,0.056139,380.819630
2019-06-21,-0.00055787,129.9789,1,0.046047,306.917651,-0.00186613,19.0395,0,0.000000,0.000000
2019-06-24,-0.00381289,129.5976,0,0.000000,0.000000,0.00080959,19.1204,1,0.056031,361.402408
2019-06-25,0.01198079,130.7957,0,0.000000,0.000000,-0.00373768,18.7467,1,0.038398,260.269590
2019-06-26,-0.01157848,129.6378,0,0.000000,0.000000,-0.00988607,17.7581,1,0.047267,319.354310
2019-06-27,0.00315949,129.9538,0,0.000000,0.000000,0.00769509,18.5276,1,0.041711,380.169640
2019-06-28,0.00645381,130.5992,0,0.000000,0.000000,0.00476961,19.0045,1,0.024289,221.321400
2019-07-01,-0.00675835,129.9233,1,0.040485,262.049822,0.01578936,20.5835,0,0.000000,0.000000
2019-07-02,0.00867048,130.7904,1,0.039122,202.165850,-0.01239265,19.3442,1,0.038605,203.377017
2019-07-03,-0.00301729,130.4886,1,0.034509,240.478190,0.00670504,20.0147,1,0.050036,360.167560
2019-07-05,0.00203151,130.6918,1,0.022969,161.951100,-0.00369867,19.6448,0,0.000000,0.000000
2019-07-08,0.00499234,131.1910,1,0.021756,200.521740,-0.00958680,18.6862,1,0.039340,321.808125
2019-07-09,-0.00559115,130.6319,1,0.031635,259.237270,0.00468120,19.1543,1,0.049330,338.460900
2019-07-10,-0.00895205,129.7367,1,0.025555,201.286580,0.00688970,19.8432,1,0.031950,261.187130
2019-07-11,-0.00540321,129.1964,1,0.008481,101.047610,-0.00388342,19.4549,1,0.020292,200.768840
2019-07-12,0.00709081,129.9055,1,0.025369,180.913900,0.00100325,19.5552,1,0.048345,320.632430
2019-07-15,0.00553649,130.4591,1,0.017821,162.199590,-0.00223778,19.3315,1,0.041318,341.526950
2019-07-16,0.00684543,131.1437,0,0.000000,0.000000,0.00729313,20.0608,1,0.049837,340.314820
2019-07-17,0.00377483,131.5211,0,0.000000,0.000000,-0.00924561,19.1362,1,0.038271,321.826970
2019-07-18,-0.00293160,131.2280,1,0.033420,260.317910,0.00415493,19.5517,1,0.038447,339.955350
2019-07-19,0.00000677,131.2287,1,0.021193,141.896320,0.00441076,19.9928,1,0.044654,301.552300
2019-07-22,-0.00123604,131.1051,1,0.021394,180.925650,-0.00153264,19.8395,1,0.052214,321.048990
2019-07-23,-0.00547561,130.5575,1,0.022981,160.755190,0.00864908,20.7044,1,0.055912,339.887910
2019-07-24,-0.02122417,128.4351,1,0.018927,162.385340,0.02983655,23.6881,1,0.040485,323.384020
2019-07-25,0.01288178,129.7233,1,0.019722,164.480610,-0.00854172,22.8339,1,0.039252,264.237860
2019-07-26,0.00013428,129.7367,1,0.041282,241.469440,0.00574196,23.4081,1,0.051704,379.010760
2019-07-29,-0.00408558,129.3281,1,0.026778,182.358950,0.01174201,24.5823,0,0.000000,0.000000
2019-07-30,0.01479501,130.8076,1,0.022089,180.398060,-0.00562744,24.0196,1,0.032944,245.506370
2019-07-31,0.00660532,131.4682,1,0.025258,241.838090,-0.00416164,23.6034,1,0.035064,281.857840
2019-08-01,-0.02385162,129.0830,1,0.059882,318.383470,0.00116799,23.7202,0,0.000000,0.000000
2019-08-02,-0.00866265,128.2167,1,0.029175,201.395480,0.00400724,24.1209,1,0.045306,299.341130
2019-08-05,-0.01274523,126.9422,1,0.030573,200.077050,0.00988073,25.1090,1,0.043027,319.508210
2019-08-06,0.00746131,127.6883,1,0.028469,180.759570,-0.00002704,25.1063,0,0.000000,0.000000
2019-08-07,-0.01533551,126.1548,1,0.034931,261.058340,0.00943460,26.0497,1,0.037310,278.198434
2019-08-08,0.01662249,127.8170,1,0.025491,162.738600,-0.01529833,24.5199,1,0.043113,262.607210
2019-08-09,0.01206351,129.0234,1,0.055199,284.474660,0.00772816,25.2927,0,0.000000,0.000000
2019-08-12,-0.01333705,127.6897,1,0.035145,317.441490,0.01530053,26.8228,1,0.043187,283.132080
2019-08-13,0.00047428,127.7371,1,0.031672,200.580400,-0.02973431,23.8493,0,0.000000,0.000000
2019-08-14,-0.00775426,126.9617,1,0.040406,243.190920,0.00095588,23.9449,1,0.064152,361.711414
2019-08-15,-0.01694537,125.2672,1,0.055217,296.771800,-0.01732413,22.2125,0,0.000000,0.000000
2019-08-16,0.01241674,126.5088,1,0.040956,222.988340,-0.01232720,20.9798,1,0.045120,318.333658
2019-08-19,-0.00077020,126.4318,1,0.044930,263.388210,0.00110706,21.0905,0,0.000000,0.000000
2019-08-20,-0.01095926,125.3359,1,0.038326,221.694850,0.01152221,22.2427,0,0.000000,0.000000
2019-08-21,0.00014816,125.3507,1,0.049534,239.934440,0.00189415,22.4321,0,0.000000,0.000000
2019-08-22,0.00085217,125.4359,1,0.029893,221.017130,0.00316078,22.7482,0,0.000000,0.000000
2019-08-23,-0.01608499,123.8274,1,0.037179,220.908750,0.00729903,23.4781,1,0.054987,305.081089
2019-08-26,-0.00123892,123.7035,1,0.040562,219.823740,-0.00210638,23.2675,0,0.000000,0.000000
2019-08-27,-0.00490161,123.2134,1,0.057961,262.115550,0.00269668,23.5372,0,0.000000,0.000000
2019-08-28,0.00760286,123.9737,1,0.033974,200.439020,-0.00188999,23.3482,1,0.057239,296.641795
2019-08-29,0.00590933,124.5646,1,0.048417,241.257980,-0.01246574,22.1016,0,0.000000,0.000000
2019-08-30,-0.00473128,124.0915,1,0.033858,202.295990,-0.00138339,21.9632,0,0.000000,0.000000
2019-09-03,-0.00129960,123.9615,1,0.057040,300.582490,-0.00774319,21.1889,1,0.072039,365.328218
2019-09-04,-0.00255167,123.7063,1,0.039047,260.683780,-0.00745804,20.4431,1,0.047244,319.645620
2019-09-05,-0.00962141,122.7442,1,0.046701,322.589560,-0.04011879,16.4312,0,0.000000,0.000000
2019-09-06,-0.00731243,122.0129,1,0.035623,243.468680,0.00876788,17.3080,1,0.055732,404.138652
2019-09-09,-0.00341396,121.6715,1,0.027326,141.282080,-0.00549274,16.7588,1,0.043824,281.002500
2019-09-10,-0.02958625,118.7129,1,0.030675,201.388310,0.03833587,20.5923,1,0.045783,320.348650
2019-09-11,-0.00963988,117.7489,1,0.030498,223.925010,0.02364218,22.9566,1,0.042672,245.045970
2019-09-12,0.00263386,118.0123,1,0.017774,122.790070,-0.00058046,22.8985,1,0.028646,202.883590
2019-09-13,-0.00095983,117.9163,1,0.045413,240.481660,-0.01150964,21.7475,1,0.055704,341.128420
2019-09-16,0.01170066,119.0864,1,0.036694,241.766150,-0.01465412,20.2821,1,0.053622,360.473860
2019-09-17,-0.00043336,119.0431,1,0.043206,281.281560,-0.01015619,19.2665,1,0.045599,320.267670
2019-09-18,-0.00129759,118.9133,1,0.023649,200.916510,0.00192067,19.4586,1,0.054513,339.708120
2019-09-19,-0.00751755,118.1616,1,0.039565,200.286490,0.00624220,20.0828,1,0.044100,280.042340
2019-09-20,0.00640376,118.8019,1,0.045724,220.903330,-0.00719248,19.3636,1,0.044028,241.832040
2019-09-23,0.01525295,120.3272,1,0.050945,279.429600,-0.01140192,18.2234,1,0.055622,339.294600
2019-09-24,-0.01198639,119.1286,1,0.060839,339.863460,0.00303019,18.5264,1,0.064311,380.417410
2019-09-25,0.00549005,119.6776,1,0.038275,239.851560,-0.01298648,17.2277,1,0.050268,300.142550
2019-09-26,-0.01050300,118.6273,1,0.061410,321.787680,-0.00294361,16.9334,1,0.057451,381.606620
2019-09-27,0.01254565,119.8819,1,0.043885,221.020670,-0.01757263,15.1761,1,0.068013,339.846830
2019-09-30,-0.00328791,119.5531,1,0.052451,338.664570,-0.00211742,14.9644,1,0.062722,398.434290
2019-10-01,-0.00834474,118.7186,1,0.025524,181.611540,0.00768571,15.7329,1,0.032269,301.430200
2019-10-02,-0.00440860,118.2777,1,0.039140,258.588470,0.00292048,16.0250,0,0.000000,0.000000
2019-10-03,0.00011303,118.2890,1,0.032717,219.906400,-0.00638685,15.3863,0,0.000000,0.000000
2019-10-04,-0.00240963,118.0481,1,0.033173,241.351680,0.02045957,17.4323,1,0.063193,336.691092
2019-10-07,0.00144300,118.1924,1,0.033190,262.844870,-0.00166879,17.2654,0,0.000000,0.000000
2019-10-08,-0.00420215,117.7722,1,0.042785,259.467910,-0.00106425,17.1590,1,0.046785,301.340997
2019-10-09,0.00339332,118.1115,1,0.022068,181.880690,0.00881240,18.0402,0,0.000000,0.000000
2019-10-10,-0.00575399,117.5361,1,0.043189,281.923980,0.00117220,18.1574,1,0.041260,278.687092
2019-10-11,-0.00079538,117.4566,1,0.063488,301.345650,0.02083783,20.2412,1,0.064287,341.416760
2019-10-14,0.00015815,117.4724,1,0.038785,204.391890,-0.01167076,19.0741,0,0.000000,0.000000
2019-10-15,-0.00255215,117.2172,1,0.031175,200.076640,-0.00050083,19.0240,1,0.062073,402.651966
2019-10-16,0.00320490,117.5376,1,0.032350,221.734200,-0.00932701,18.0913,1,0.045421,321.667270
2019-10-17,0.00378824,117.9165,1,0.041266,278.803420,-0.00263005,17.8283,1,0.047055,359.229240
2019-10-18,-0.01153987,116.7625,1,0.049297,301.180830,0.00332086,18.1604,1,0.048034,301.630670
2019-10-21,-0.01059928,115.7026,1,0.029828,240.975070,0.00286513,18.4469,1,0.044037,360.578060
2019-10-22,-0.00267925,115.4346,1,0.022365,182.667620,0.01749833,20.1968,0,0.000000,0.000000
2019-10-23,-0.00074630,115.3600,1,0.033620,260.481480,0.00813791,21.0106,1,0.037559,243.648512
2019-10-24,0.00873156,116.2332,1,0.031254,240.852070,0.00112992,21.1236,1,0.033878,261.013530
2019-10-25,-0.01268996,114.9642,1,0.047896,300.825550,-0.00078539,21.0450,1,0.043699,322.145510
2019-10-28,0.00001456,114.9656,1,0.034484,222.460540,0.00707947,21.7530,1,0.047223,321.350160
2019-10-29,-0.00456370,114.5092,1,0.049300,240.145280,-0.00715355,21.0376,1,0.051865,300.656750
2019-10-30,0.00998120,115.5074,1,0.025440,280.154130,-0.00127262,20.9103,1,0.036472,360.630530
2019-10-31,-0.00324968,115.1824,1,0.039358,260.981440,0.02185365,23.0957,1,0.049115,321.358950
2019-11-01,-0.00311816,114.8706,1,0.034356,280.397310,-0.01649164,21.4465,1,0.030774,260.684200
2019-11-04,-0.02798734,112.0718,1,0.043404,242.819580,0.02865769,24.3123,1,0.054541,362.016370
2019-11-05,0.00360064,112.4319,1,0.015706,142.513270,0.00237732,24.5500,1,0.038898,242.750050
2019-11-06,0.00718440,113.1503,1,0.017970,162.298870,0.00872971,25.4230,1,0.041169,341.991710
2019-11-07,-0.01614461,111.5359,1,0.034371,240.823290,-0.01332474,24.0905,1,0.034874,281.661440
2019-11-08,-0.02953921,108.5820,1,0.034881,162.046270,0.00717096,24.8076,1,0.059904,379.344500
2019-11-11,-0.00586129,107.9958,1,0.027229,203.805080,-0.00134874,24.6728,1,0.024714,240.830540
2019-11-12,-0.00747492,107.2483,1,0.021962,180.486360,0.01307326,25.9801,1,0.031594,280.176060
2019-11-13,0.01130311,108.3787,1,0.026399,141.688030,0.00576655,26.5567,1,0.047385,281.718260
2019-11-14,-0.00264638,108.1140,1,0.017048,161.022090,-0.00191189,26.3656,1,0.032569,281.153400
2019-11-15,-0.00057577,108.0564,1,0.015557,102.069070,-0.00895932,25.4696,1,0.046562,321.558000
2019-11-18,-0.00249910,107.8065,1,0.029140,180.362380,0.00094749,25.5644,0,0.000000,0.000000
2019-11-19,-0.00015421,107.7911,1,0.031861,200.545370,0.00578246,26.1426,1,0.044164,301.281452
2019-11-20,-0.00233725,107.5574,1,0.018995,140.746580,0.00868360,27.0110,1,0.025910,260.821830
2019-11-21,-0.00068223,107.4892,1,0.035963,221.056830,0.00220032,27.2310,1,0.039408,281.410630
2019-11-22,-0.00542855,106.9463,1,0.024745,199.993720,0.00303572,27.5346,1,0.053748,319.465300
2019-11-25,-0.00932967,106.0133,1,0.026007,181.600310,0.01395704,28.9303,1,0.041556,301.472160
2019-11-26,0.00844992,106.8583,1,0.028018,182.627920,-0.02048043,26.8822,1,0.031913,261.839840
2019-11-27,-0.00232302,106.6260,1,0.033042,200.517150,-0.00360109,26.5221,1,0.046889,339.977370
2019-11-29,0.00240088,106.8661,1,0.020032,161.367780,0.00071388,26.5935,1,0.037082,341.042240
2019-12-02,-0.00993713,105.8724,0,0.000000,0.000000,0.00284615,26.8781,0,0.000000,0.000000
2019-12-03,0.01044139,106.9165,0,0.000000,0.000000,-0.00895638,25.9825,0,0.000000,0.000000
2019-12-04,0.00358638,107.2752,0,0.000000,0.000000,-0.00823517,25.1590,1,0.046227,356.339131
2019-12-05,0.00386840,107.6620,1,0.039210,278.721770,0.00021043,25.1800,1,0.060807,400.461110
2019-12-06,-0.01516400,106.1456,0,0.000000,0.000000,0.00335112,25.5151,1,0.045608,301.580470
2019-12-09,0.00103634,106.2493,1,0.034076,163.649316,0.00027162,25.5423,1,0.040938,282.072120
2019-12-10,0.00181438,106.4307,0,0.000000,0.000000,-0.00091940,25.4504,1,0.050220,340.152120
2019-12-11,-0.00585702,105.8450,1,0.032582,200.519313,0.00890475,26.3408,1,0.046375,280.628640
2019-12-12,-0.01120407,104.7246,1,0.032887,201.518860,0.00452119,26.7930,1,0.038741,281.535790
2019-12-13,0.01129981,105.8546,1,0.032429,162.707020,-0.01640177,25.1528,1,0.065357,342.070480
2019-12-16,0.00118429,105.9730,1,0.037651,220.317230,-0.00884794,24.2680,1,0.053074,359.528340
2019-12-17,-0.00540329,105.4327,1,0.031129,221.324140,0.00468864,24.7368,1,0.045416,361.925500
2019-12-18,-0.00035956,105.3967,1,0.021436,201.389860,0.00054961,24.7918,1,0.032709,300.900680
2019-12-19,0.00058964,105.4557,0,0.000000,0.000000,0.00282994,25.0748,1,0.043946,301.013930
2019-12-20,0.00275705,105.7314,1,0.035875,281.343713,-0.01101844,23.9730,1,0.045354,261.359740
2019-12-23,-0.00105377,105.6260,1,0.033677,281.710040,-0.00859646,23.1133,1,0.039236,341.544930
2019-12-24,-0.00175982,105.4500,1,0.038572,221.051020,-0.00055339,23.0580,1,0.058939,380.187850
2019-12-26,-0.00060757,105.3893,1,0.066217,240.803290,0.00027002,23.0850,1,0.085638,300.683720
2019-12-27,0.00089384,105.4786,1,0.059296,241.266260,-0.00427707,22.6573,1,0.054457,320.892640
2019-12-30,-0.00372238,105.1064,1,0.038888,240.300420,0.00097934,22.7552,1,0.057836,379.915450
2019-12-31,-0.00180620,104.9258,1,0.037910,220.087650,-0.00139583,22.6156,1,0.044303,299.988210
