date,model_ret,model_equity,model_rebalanced,model_cost,model_traded,naive_ret,naive_equity,naive_rebalanced,naive_cost,naive_traded
2015-01-02,-0.01339740,98.6603,1,0.033410,200.000000,0.00000000,100.0000,0,0.000000,0.000000
2015-01-05,0.00071570,98.7318,1,0.076150,360.813830,0.00100563,100.1006,1,0.047157,200.000000
2015-01-06,0.01621861,100.3537,1,0.050889,316.481960,0.01223753,101.3243,0,0.000000,0.000000
2015-01-07,0.00315320,100.6690,1,0.030780,239.989270,0.00307885,101.6322,1,0.038215,219.104328
2015-01-08,-0.00537722,100.1313,1,0.101942,323.329500,-0.00658411,100.9738,0,0.000000,0.000000
2015-01-09,-0.00252321,99.8790,1,0.071141,364.086480,0.01268128,102.2419,0,0.000000,0.000000
2015-01-12,-0.00260144,99.6188,1,0.055374,319.311220,0.01078937,103.3209,0,0.000000,0.000000
2015-01-13,0.00154873,99.7737,1,0.062327,319.356070,0.00165810,103.4867,1,0.051390,203.420600
2015-01-14,0.01037373,100.8111,1,0.054617,320.940180,0.01037373,104.5240,1,0.054617,320.940180
2015-01-15,0.00932284,101.7434,1,0.038256,239.960730,0.00932284,105.4563,1,0.038256,239.960730
2015-01-16,0.00620425,102.3638,1,0.043315,259.027520,0.00620425,106.0767,1,0.043315,259.027520
2015-01-20,-0.00289890,102.0739,1,0.046020,302.923720,-0.00095178,105.9816,0,0.000000,0.000000
2015-01-21,0.00064713,102.1386,1,0.056777,319.484810,0.00063573,106.0451,1,0.057917,322.054929
2015-01-22,-0.00219282,101.9193,1,0.048462,301.528770,-0.00219282,105.8259,1,0.048462,301.528770
2015-01-23,-0.00222047,101.6973,1,0.049837,363.222420,0.00001002,105.8269,0,0.000000,0.000000
2015-01-26,-0.00494374,101.2029,1,0.047054,319.049230,-0.00484784,105.3421,1,0.037464,282.316221
2015-01-27,-0.00281445,100.9215,1,0.053575,361.373840,-0.00281445,105.0606,1,0.053575,361.373840
2015-01-28,0.00002221,100.9237,1,0.048309,299.005470,-0.00184216,104.8764,0,0.000000,0.000000
2015-01-29,-0.00480333,100.4433,1,0.057033,319.511510,-0.00377087,104.4993,0,0.000000,0.000000
2015-01-30,-0.01429367,99.0140,1,0.066297,341.300260,-0.01415338,103.0840,1,0.052268,279.910846
2015-02-02,0.00907247,99.9212,1,0.066313,356.906770,0.00381765,103.4658,0,0.000000,0.000000
2015-02-03,0.00414901,100.3361,1,0.077529,341.568380,0.00425315,103.8911,1,0.067115,299.538821
2015-02-04,-0.00018100,100.3180,1,0.074040,343.523970,-0.01880632,102.0104,0,0.000000,0.000000
2015-02-05,-0.00808907,99.5091,1,0.044417,301.148340,-0.00830371,101.1801,1,0.065881,382.864719
2015-02-06,-0.01258898,98.2502,1,0.047508,321.833850,-0.01258898,99.9212,1,0.047508,321.833850
2015-02-09,0.00627358,98.8776,1,0.051272,341.563590,0.00627358,100.5485,1,0.051272,341.563590
2015-02-10,0.00933088,99.8107,1,0.063642,299.843650,0.00933088,101.4816,1,0.063642,299.843650
2015-02-11,-0.00395464,99.4152,1,0.057384,284.864670,-0.00452950,101.0287,0,0.000000,0.000000
2015-02-12,-0.00870404,98.5448,1,0.049364,321.013040,-0.00880357,100.1483,1,0.059317,325.019739
2015-02-13,-0.00085323,98.4595,1,0.053333,321.356900,0.00752005,100.9003,0,0.000000,0.000000
2015-02-17,-0.00433215,98.0263,1,0.050585,301.542090,-0.00435214,100.4651,1,0.052584,283.535052
2015-02-18,0.00726696,98.7530,1,0.065104,379.936510,0.00726696,101.1918,1,0.065104,379.936510
2015-02-19,-0.00874369,97.8786,1,0.061229,281.599260,-0.00874369,100.3174,1,0.061229,281.599260
2015-02-20,-0.00789608,97.0890,1,0.050238,339.735420,-0.00789608,99.5278,1,0.050238,339.735420
2015-02-23,0.01326513,98.4155,1,0.044127,362.243990,-0.01767567,97.7602,0,0.000000,0.000000
2015-02-24,-0.00999902,97.4156,1,0.032132,261.555680,-0.01017079,96.7432,1,0.049309,403.059735
2015-02-25,-0.00126614,97.2890,1,0.055814,341.183730,-0.00126614,96.6166,1,0.055814,341.183730
2015-02-26,-0.01104401,96.1846,1,0.057301,280.383860,-0.01104401,95.5122,1,0.057301,280.383860
2015-02-27,-0.00884122,95.3005,1,0.056542,280.299380,-0.00884122,94.6280,1,0.056542,280.299380
2015-03-02,-0.01022690,94.2778,1,0.073640,339.823680,-0.01022690,93.6053,1,0.073640,339.823680
2015-03-03,-0.00636063,93.6417,1,0.072143,341.706430,-0.00636063,92.9693,1,0.072143,341.706430
2015-03-04,-0.00591761,93.0499,1,0.049091,320.180880,-0.00591761,92.3775,1,0.049091,320.180880
2015-03-05,0.00042530,93.0925,1,0.049250,319.900730,0.00042530,92.4200,1,0.049250,319.900730
2015-03-06,-0.00047867,93.0446,1,0.070707,301.078560,-0.00047867,92.3722,1,0.070707,301.078560
2015-03-09,0.00208178,93.2528,1,0.059842,337.514200,0.00881712,93.2539,0,0.000000,0.000000
2015-03-10,0.00716790,93.9696,1,0.049640,341.339920,0.00723512,93.9774,1,0.042918,240.440077
2015-03-11,-0.00882539,93.0870,1,0.033679,239.540910,-0.01258130,92.7193,0,0.000000,0.000000
2015-03-12,-0.00203777,92.8833,1,0.057117,341.919500,-0.00197603,92.5217,1,0.050943,320.001507
2015-03-13,-0.00517298,92.3660,1,0.037968,282.154460,0.00153663,92.6753,0,0.000000,0.000000
2015-03-16,0.00789642,93.1556,1,0.053248,359.799250,0.00801719,93.4771,1,0.041171,302.002112
2015-03-17,0.00242332,93.3979,1,0.032708,262.430670,0.00505351,93.9824,0,0.000000,0.000000
2015-03-18,0.01167530,94.5655,1,0.043500,280.185800,0.01172137,95.1545,1,0.038893,262.221221
2015-03-19,-0.00177285,94.3882,1,0.056005,303.108090,0.01020093,96.1746,0,0.000000,0.000000
2015-03-20,-0.00895550,93.4926,1,0.046900,320.878960,-0.00882734,95.2919,1,0.034084,243.545919
2015-03-23,0.00129582,93.6222,1,0.054088,381.624010,-0.00103195,95.1887,0,0.000000,0.000000
2015-03-24,-0.00177666,93.4445,1,0.037896,320.762870,-0.00186225,95.0025,1,0.046455,321.625824
2015-03-25,0.00862790,94.3073,1,0.049720,299.737930,0.00862790,95.8653,1,0.049720,299.737930
2015-03-26,-0.00096305,94.2110,1,0.058645,278.855330,0.00033408,95.8987,0,0.000000,0.000000
2015-03-27,-0.00300870,93.9102,1,0.040930,299.826360,-0.00305073,95.5936,1,0.045133,299.206323
2015-03-30,-0.00016685,93.8935,1,0.056895,341.530340,-0.00016685,95.5769,1,0.056895,341.530340
2015-03-31,-0.00480180,93.4133,1,0.063980,362.718530,0.00005834,95.5828,0,0.000000,0.000000
2015-04-01,-0.00293992,93.1193,1,0.045892,319.922260,-0.00296550,95.2862,1,0.048450,303.025020
2015-04-02,-0.00189353,92.9299,1,0.055533,319.050500,-0.00189353,95.0969,1,0.055533,319.050500
2015-04-06,-0.00210915,92.7190,1,0.042045,262.212340,-0.00210915,94.8859,1,0.042045,262.212340
2015-04-07,-0.00932669,91.7864,1,0.049369,301.393430,-0.00932669,93.9533,1,0.049369,301.393430
2015-04-08,-0.00028637,91.7577,1,0.054377,339.899540,-0.00028637,93.9246,1,0.054377,339.899540
2015-04-09,-0.00415700,91.3420,1,0.053870,340.955860,-0.00415700,93.5089,1,0.053870,340.955860
2015-04-10,0.00140616,91.4826,1,0.049304,301.611190,0.00140616,93.6495,1,0.049304,301.611190
2015-04-13,-0.01106770,90.3759,1,0.048490,360.583700,-0.01106770,92.5428,1,0.048490,360.583700
2015-04-14,0.00419393,90.7953,1,0.057687,319.383380,0.00419393,92.9622,1,0.057687,319.383380
2015-04-15,0.00363374,91.1586,1,0.056676,301.367080,0.00363374,93.3255,1,0.056676,301.367080
2015-04-16,-0.00786696,90.3719,1,0.047276,282.788590,-0.00786696,92.5389,1,0.047276,282.788590
2015-04-17,-0.00060460,90.3115,1,0.046690,340.708240,-0.00060460,92.4784,1,0.046690,340.708240
2015-04-20,-0.00638501,89.6730,1,0.048471,298.810310,-0.00082655,92.3957,0,0.000000,0.000000
2015-04-21,-0.00304375,89.3686,1,0.055635,361.652030,-0.00309545,92.0862,1,0.060805,339.276184
2015-04-22,-0.00586492,88.7821,1,0.057282,301.176040,-0.00586492,91.4997,1,0.057282,301.176040
2015-04-23,-0.00467201,88.3149,1,0.048721,301.198670,-0.00467201,91.0325,1,0.048721,301.198670
2015-04-24,0.00292402,88.6073,1,0.065968,380.601740,0.00292402,91.3249,1,0.065968,380.601740
2015-04-27,-0.01010824,87.5965,1,0.047594,341.234130,-0.01010824,90.3141,1,0.047594,341.234130
2015-04-28,0.01445994,89.0425,1,0.063266,358.913390,0.01445994,91.7601,1,0.063266,358.913390
2015-04-29,-0.00084450,88.9580,1,0.048370,322.374540,-0.00084450,91.6756,1,0.048370,322.374540
2015-04-30,0.01973046,90.9311,1,0.045744,240.318620,0.01973046,93.6487,1,0.045744,240.318620
2015-05-01,-0.00662279,90.2688,1,0.029259,181.131030,0.00124806,93.7735,0,0.000000,0.000000
2015-05-04,-0.00595311,89.6735,1,0.070001,362.136340,0.00595006,94.3685,0,0.000000,0.000000
2015-05-05,-0.00463726,89.2098,1,0.047606,321.089410,-0.00453456,93.9150,1,0.037336,302.680244
2015-05-06,-0.00413874,88.7959,1,0.058444,338.097720,0.00288352,94.2034,0,0.000000,0.000000
2015-05-07,0.00354096,89.1500,1,0.068074,340.007290,0.00365455,94.5688,1,0.056715,337.401087
2015-05-08,-0.01431154,87.7188,1,0.054834,321.098170,-0.01431154,93.1377,1,0.054834,321.098170
2015-05-11,0.00399816,88.1187,1,0.058074,343.317300,-0.00903241,92.2344,0,0.000000,0.000000
2015-05-12,-0.00749513,87.3691,1,0.034693,280.372490,-0.00780594,91.4538,1,0.065774,342.954081
2015-05-13,0.01233640,88.6028,1,0.043120,320.726520,0.01233640,92.6875,1,0.043120,320.726520
2015-05-14,-0.00442909,88.1599,1,0.043389,301.714160,-0.00442909,92.2446,1,0.043389,301.714160
2015-05-15,-0.00213535,87.9463,1,0.063895,382.989200,-0.00780841,91.4637,0,0.000000,0.000000
2015-05-18,-0.00313681,87.6327,1,0.057431,280.309220,-0.00319992,91.1437,1,0.063742,363.197096
2015-05-19,0.00458348,88.0910,1,0.064462,321.577470,0.00458348,91.6021,1,0.064462,321.577470
2015-05-20,0.00466034,88.5570,1,0.043486,300.915550,0.00466034,92.0681,1,0.043486,300.915550
2015-05-21,-0.00035301,88.5217,1,0.047191,320.687460,-0.00035301,92.0328,1,0.047191,320.687460
2015-05-22,-0.02182796,86.3389,1,0.058946,320.113890,-0.02182796,89.8500,1,0.058946,320.113890
2015-05-26,-0.00130145,86.2088,1,0.059335,361.188830,-0.00130145,89.7199,1,0.059335,361.188830
2015-05-27,0.00332856,86.5416,1,0.054494,299.127310,0.00540104,90.2600,0,0.000000,0.000000
2015-05-28,-0.00534295,86.0074,1,0.065915,302.416650,0.00178749,90.4387,0,0.000000,0.000000
2015-05-29,0.00221012,86.2284,1,0.051328,300.581100,0.00215562,90.6543,1,0.056778,318.633928
2015-06-01,0.00316749,86.5451,1,0.051851,279.576960,0.00316749,90.9710,1,0.051851,279.576960
2015-06-02,-0.00424577,86.1205,1,0.038267,261.166880,-0.00424577,90.5465,1,0.038267,261.166880
2015-06-03,0.02321772,88.4423,1,0.060148,360.620290,0.02321772,92.8682,1,0.060148,360.620290
2015-06-04,-0.00281519,88.1608,1,0.021309,142.436840,-0.00281519,92.5867,1,0.021309,142.436840
2015-06-05,-0.00813019,87.3478,1,0.057349,338.969090,0.01392333,93.9791,0,0.000000,0.000000
2015-06-08,-0.00615065,86.7327,1,0.055655,380.027930,-0.00588511,93.3905,1,0.029101,201.000552
2015-06-09,0.00840384,87.5731,1,0.059086,339.144430,0.00679147,94.0697,0,0.000000,0.000000
2015-06-10,0.00193282,87.7664,1,0.057658,300.679610,0.00214156,94.2838,1,0.036784,259.889190
2015-06-11,0.00567237,88.3336,1,0.047283,322.292460,-0.00835818,93.4480,0,0.000000,0.000000
2015-06-12,-0.00610659,87.7230,1,0.042339,301.328900,-0.00626940,92.8211,1,0.058620,383.128947
2015-06-15,-0.00567205,87.1557,1,0.074465,358.809660,0.00375843,93.1969,0,0.000000,0.000000
2015-06-16,0.00554663,87.7104,1,0.055107,359.464140,0.00404769,93.6017,0,0.000000,0.000000
2015-06-17,0.00201003,87.9114,1,0.050617,301.225470,0.00206191,93.8079,1,0.045429,319.942421
2015-06-18,0.00893872,88.8053,1,0.061138,280.667680,0.00893872,94.7018,1,0.061138,280.667680
2015-06-19,-0.00158913,88.6464,1,0.054953,323.100890,-0.00504654,94.1971,0,0.000000,0.000000
2015-06-22,-0.00264713,88.3817,1,0.043303,300.736820,-0.00265219,93.9319,1,0.043809,321.212968
2015-06-23,0.00806646,89.1883,1,0.032594,240.487850,0.00806646,94.7385,1,0.032594,240.487850
2015-06-24,0.00485854,89.6742,1,0.024556,221.144460,0.00485854,95.2244,1,0.024556,221.144460
2015-06-25,-0.01569301,88.1049,1,0.028541,219.754490,0.00168224,95.3926,0,0.000000,0.000000
2015-06-26,-0.00362834,87.7420,1,0.048694,341.067500,-0.00359835,95.0328,1,0.045695,298.982350
2015-06-29,-0.00191054,87.5510,1,0.050374,340.455840,-0.00191054,94.8417,1,0.050374,340.455840
2015-06-30,0.00093934,87.6449,1,0.042476,317.641860,-0.00506373,94.3353,0,0.000000,0.000000
2015-07-01,-0.00242143,87.4028,1,0.044833,321.280490,-0.00258157,94.0772,1,0.060847,357.898613
2015-07-02,0.00351155,87.7539,1,0.055105,342.146410,0.00351155,94.4283,1,0.055105,342.146410
2015-07-06,0.00297940,88.0519,1,0.052900,299.941700,0.00297940,94.7263,1,0.052900,299.941700
2015-07-07,0.00339460,88.3913,1,0.042290,300.766280,0.00339460,95.0657,1,0.042290,300.766280
2015-07-08,0.00183639,88.5750,1,0.052921,321.175850,0.00183639,95.2494,1,0.052921,321.175850
2015-07-09,-0.00424867,88.1501,1,0.046387,278.264720,-0.00814011,94.4354,0,0.000000,0.000000
2015-07-10,0.00292990,88.4431,1,0.050470,340.041440,0.00286951,94.7223,1,0.056509,338.600517
2015-07-13,-0.00535496,87.9076,1,0.052576,302.747340,0.00654723,95.3770,0,0.000000,0.000000
2015-07-14,-0.00480006,87.4276,1,0.055966,341.535500,-0.00485037,94.8920,0,0.000000,0.000000
2015-07-15,-0.00227001,87.2006,1,0.044061,300.725600,-0.00233263,94.6587,1,0.050323,344.776306
2015-07-16,-0.00062464,87.1381,1,0.058654,319.120660,-0.00062464,94.5963,1,0.058654,319.120660
2015-07-17,0.00278292,87.4164,1,0.054928,341.049490,0.00278292,94.8746,1,0.054928,341.049490
2015-07-20,0.01112232,88.5286,1,0.046838,280.195900,0.01112232,95.9868,1,0.046838,280.195900
2015-07-21,-0.00972034,87.5566,1,0.044244,261.868130,-0.00972034,95.0148,1,0.044244,261.868130
2015-07-22,-0.00253153,87.3034,1,0.071973,360.394930,-0.00253153,94.7616,1,0.071973,360.394930
2015-07-23,-0.00326136,86.9773,1,0.057716,300.991320,-0.00326136,94.4355,1,0.057716,300.991320
2015-07-24,-0.01425324,85.5520,1,0.050634,300.936060,-0.01425324,93.0102,1,0.050634,300.936060
2015-07-27,0.00233673,85.7857,1,0.059947,378.228090,-0.00764674,92.2455,0,0.000000,0.000000
2015-07-28,-0.00009622,85.7760,1,0.063982,300.383680,-0.00005625,92.2399,1,0.059985,377.020130
2015-07-29,0.00417670,86.1937,1,0.056710,282.360200,0.00017562,92.2574,0,0.000000,0.000000
2015-07-30,-0.00628782,85.5649,1,0.047732,262.033300,-0.00436592,91.8208,0,0.000000,0.000000
2015-07-31,-0.00784318,84.7806,1,0.061628,360.748910,-0.00786665,91.0342,1,0.063975,364.377877
2015-08-03,0.00842629,85.6232,1,0.073171,322.109750,0.00842629,91.8768,1,0.073171,322.109750
2015-08-04,-0.00270539,85.3527,1,0.050009,280.765060,-0.00270539,91.6063,1,0.050009,280.765060
2015-08-05,0.00674558,86.0273,1,0.043182,320.431510,0.00674558,92.2808,1,0.043182,320.431510
2015-08-06,-0.00571143,85.4561,1,0.047273,262.810280,-0.00571143,91.7097,1,0.047273,262.810280
2015-08-07,0.00115197,85.5713,1,0.057243,359.407590,0.00115197,91.8249,1,0.057243,359.407590
2015-08-10,-0.00975421,84.5959,1,0.044801,281.033800,-0.00975421,90.8494,1,0.044801,281.033800
2015-08-11,-0.03462789,81.1331,1,0.067689,342.848960,-0.02388376,88.4611,0,0.000000,0.000000
2015-08-12,0.01423007,82.5561,1,0.074583,357.046340,0.01446114,89.9072,1,0.051476,278.178915
2015-08-13,-0.00712230,81.8439,1,0.035120,203.028150,-0.00712230,89.1950,1,0.035120,203.028150
2015-08-14,0.00012200,81.8561,1,0.066750,340.785650,0.00012200,89.2072,1,0.066750,340.785650
2015-08-17,-0.00028256,81.8278,1,0.064036,321.942230,0.00362967,89.5701,0,0.000000,0.000000
2015-08-18,-0.00577416,81.2504,1,0.050546,301.372840,-0.00588270,88.9819,1,0.061400,303.468761
2015-08-19,-0.00017257,81.2331,1,0.066897,358.907710,-0.00017257,88.9646,1,0.066897,358.907710
2015-08-20,0.00071522,81.3047,1,0.048798,299.886360,0.00071522,89.0361,1,0.048798,299.886360
2015-08-21,-0.00357506,80.9472,1,0.034296,259.323940,-0.00278422,88.7577,0,0.000000,0.000000
2015-08-24,-0.00010021,80.9371,1,0.055811,337.620810,0.01112191,89.8699,0,0.000000,0.000000
2015-08-25,0.01375348,82.3125,1,0.060552,315.054830,0.00206809,90.0767,0,0.000000,0.000000
2015-08-26,0.00691088,83.0036,1,0.050762,239.763160,-0.00724185,89.3525,0,0.000000,0.000000
2015-08-27,0.00252233,83.2558,1,0.048567,265.288470,-0.01879141,87.4734,0,0.000000,0.000000
2015-08-28,0.00730257,83.9861,1,0.038453,265.385400,-0.00703434,86.7699,0,0.000000,0.000000
2015-08-31,0.00512785,84.4989,1,0.045545,260.691970,0.00488758,87.2587,1,0.069572,392.287253
2015-09-01,-0.00531834,83.9670,1,0.046244,279.050410,-0.00580339,86.6784,0,0.000000,0.000000
2015-09-02,0.00240860,84.2079,1,0.061450,336.242550,-0.00496763,86.1816,0,0.000000,0.000000
2015-09-03,-0.00745061,83.4628,1,0.061231,324.430330,0.00989577,87.1712,0,0.000000,0.000000
2015-09-04,-0.00221988,83.2408,1,0.063418,300.690490,-0.00213806,86.9574,1,0.055236,297.613705
2015-09-08,0.00059429,83.3003,1,0.060621,298.767710,0.00540984,87.4983,0,0.000000,0.000000
2015-09-09,-0.00265120,83.0351,1,0.065690,304.658710,-0.00389480,87.1089,0,0.000000,0.000000
2015-09-10,-0.00112491,82.9226,1,0.077071,357.368710,0.00098502,87.2074,0,0.000000,0.000000
2015-09-11,0.00113819,83.0365,1,0.044431,280.728960,0.00103125,87.3105,1,0.055125,280.568861
2015-09-14,0.00306453,83.3429,1,0.055257,301.987510,0.00306453,87.6169,1,0.055257,301.987510
2015-09-15,-0.00979349,82.3636,1,0.049189,300.275570,-0.00979349,86.6376,1,0.049189,300.275570
2015-09-16,0.00491602,82.8552,1,0.059708,362.402180,-0.01193042,85.4446,0,0.000000,0.000000
2015-09-17,-0.00365334,82.4898,1,0.052314,302.152690,-0.00304967,85.1396,0,0.000000,0.000000
2015-09-18,0.00815323,83.3052,1,0.060717,360.066900,0.00821157,85.9607,1,0.054883,324.805566
2015-09-21,0.00516707,83.8219,1,0.076273,318.527440,-0.00091148,85.8696,0,0.000000,0.000000
2015-09-22,0.00789382,84.6112,1,0.057298,301.681280,0.00784846,86.6544,1,0.061834,318.653712
2015-09-23,0.01208360,85.8196,1,0.039080,259.661040,0.00568704,87.2231,0,0.000000,0.000000
2015-09-24,-0.00823970,84.9956,1,0.050020,300.509800,-0.00828440,86.3947,1,0.054490,337.685636
2015-09-25,0.01697995,86.6936,1,0.054055,340.298990,0.01697995,88.0927,1,0.054055,340.298990
2015-09-28,0.02294274,88.9879,1,0.049336,281.791590,0.02294274,90.3870,1,0.049336,281.791590
2015-09-29,0.01867221,90.8551,1,0.040309,219.959150,0.00915762,91.3027,0,0.000000,0.000000
2015-09-30,-0.00472301,90.3828,1,0.047871,221.951610,-0.00491531,90.8112,1,0.067101,318.735549
2015-10-01,-0.00178450,90.2044,1,0.055230,323.707410,-0.00377808,90.4334,0,0.000000,0.000000
2015-10-02,-0.01994725,88.2097,1,0.053615,319.615800,-0.01988487,88.4449,1,0.047377,323.550118
2015-10-05,0.00049409,88.2591,1,0.067461,364.356070,-0.00705325,87.7396,0,0.000000,0.000000
2015-10-06,0.03264443,91.5235,1,0.064017,305.009290,-0.01230437,86.5092,0,0.000000,0.000000
2015-10-07,-0.00564773,90.9587,1,0.024723,161.926280,-0.00592405,85.9167,1,0.052355,388.121880
2015-10-08,-0.00240149,90.7186,1,0.050569,321.897530,0.01517369,87.4341,0,0.000000,0.000000
2015-10-09,-0.00527392,90.1912,1,0.050482,322.425980,-0.01288420,86.1457,0,0.000000,0.000000
2015-10-12,0.00495656,90.6868,1,0.052574,320.681830,0.00487630,86.6333,1,0.060600,364.250253
2015-10-13,0.00497431,91.1843,1,0.048869,281.385390,0.00497431,87.1308,1,0.048869,281.385390
2015-10-14,0.00845352,92.0296,1,0.049528,240.753680,-0.01927488,85.2033,0,0.000000,0.000000
2015-10-15,-0.00590586,91.4390,1,0.048576,281.165320,-0.00609222,84.5940,1,0.067212,360.398166
2015-10-16,-0.00240657,91.1984,1,0.061917,322.730190,-0.01238921,83.3551,0,0.000000,0.000000
2015-10-19,0.00565173,91.7636,1,0.053157,301.079680,0.00549251,83.9044,1,0.069079,382.911361
2015-10-20,-0.00624119,91.1394,1,0.035819,281.342450,-0.00624119,83.2803,1,0.035819,281.342450
2015-10-21,0.00263638,91.4031,1,0.065512,340.493320,0.00263638,83.5439,1,0.065512,340.493320
2015-10-22,0.01601527,93.0046,1,0.064313,259.743310,0.01601527,85.1454,1,0.064313,259.743310
2015-10-23,-0.00312754,92.6919,1,0.057044,283.972660,-0.00312754,84.8327,1,0.057044,283.972660
2015-10-26,-0.00433236,92.2586,1,0.049446,343.499090,-0.00433236,84.3994,1,0.049446,343.499090
2015-10-27,0.00660438,92.9191,1,0.049162,280.735350,0.00660438,85.0599,1,0.049162,280.735350
2015-10-28,-0.00766098,92.1530,1,0.040818,281.057160,-0.00766098,84.2938,1,0.040818,281.057160
2015-10-29,-0.00950251,91.2027,1,0.037231,282.426440,0.00143287,84.4371,0,0.000000,0.000000
2015-10-30,-0.00838116,90.3646,1,0.058176,320.452520,-0.00829803,83.6073,1,0.049863,304.659967
2015-11-02,-0.00533598,89.8310,1,0.065768,341.762520,-0.00533598,83.0737,1,0.065768,341.762520
2015-11-03,-0.01060048,88.7709,1,0.060818,343.356730,-0.00404793,82.6689,0,0.000000,0.000000
2015-11-04,-0.01084556,87.6864,1,0.065366,340.785510,-0.01089325,81.5795,1,0.070135,362.374924
2015-11-05,0.00096359,87.7827,1,0.057831,359.868630,0.00096359,81.6759,1,0.057831,359.868630
2015-11-06,0.00993649,88.7764,1,0.060761,340.747090,0.00993649,82.6695,1,0.060761,340.747090
2015-11-09,-0.00034878,88.7415,1,0.052588,302.084490,-0.00034878,82.6347,1,0.052588,302.084490
2015-11-10,-0.00919956,87.8216,1,0.052766,319.253570,-0.02026247,80.6084,0,0.000000,0.000000
2015-11-11,0.01514671,89.3362,1,0.053769,320.644690,0.01498029,82.1065,1,0.070411,398.429066
2015-11-12,-0.00078129,89.2581,1,0.042459,222.147320,-0.00078129,82.0283,1,0.042459,222.147320
2015-11-13,-0.00316519,88.9416,1,0.049949,317.631710,-0.00200797,81.8275,0,0.000000,0.000000
2015-11-16,0.00279734,89.2213,1,0.063856,339.633490,0.00281973,82.1095,1,0.061617,298.460792
2015-11-17,-0.01313468,87.9079,1,0.047768,263.323990,-0.01098099,81.0114,0,0.000000,0.000000
2015-11-18,0.00493507,88.4014,1,0.052243,299.669360,0.00491808,81.5032,1,0.053942,322.937329
2015-11-19,-0.00370286,88.0311,1,0.062026,303.032050,-0.01269182,80.2340,0,0.000000,0.000000
2015-11-20,-0.00250793,87.7803,1,0.058613,301.332880,-0.00251053,79.9830,1,0.058873,363.594019
2015-11-23,0.00734342,88.5146,1,0.049138,322.549600,0.00734342,80.7173,1,0.049138,322.549600
2015-11-24,0.00376446,88.8911,1,0.041824,281.590200,0.00376446,81.0938,1,0.041824,281.590200
2015-11-25,-0.00326736,88.5643,1,0.048366,280.866870,-0.00326736,80.7670,1,0.048366,280.866870
2015-11-27,-0.00310103,88.2542,1,0.049553,280.525950,-0.00310103,80.4569,1,0.049553,280.525950
2015-11-30,-0.00950931,87.3033,1,0.076131,340.979650,-0.00950931,79.5060,1,0.076131,340.979650
2015-12-01,-0.00724719,86.5786,1,0.047639,339.912500,-0.00724719,78.7813,1,0.047639,339.912500
2015-12-02,-0.00113473,86.4651,1,0.053263,342.584500,0.01228998,80.0103,0,0.000000,0.000000
2015-12-03,-0.00057032,86.4081,1,0.063752,319.463070,0.01111041,81.1213,0,0.000000,0.000000
2015-12-04,0.00366531,86.7746,1,0.047599,317.615560,0.00108983,81.2303,0,0.000000,0.000000
2015-12-07,0.00592448,87.3670,1,0.055832,303.885270,0.00882738,82.1130,0,0.000000,0.000000
2015-12-08,-0.01607025,85.7600,1,0.056575,279.618480,-0.01658957,80.4541,0,0.000000,0.000000
2015-12-09,0.00159719,85.9197,1,0.063781,319.248830,0.00145455,80.5995,1,0.078045,376.133121
2015-12-10,-0.00584552,85.3352,1,0.047472,299.645120,-0.00050866,80.5487,0,0.000000,0.000000
2015-12-11,-0.01991001,83.3442,1,0.061681,380.112100,-0.01974947,78.5737,1,0.045627,298.682142
2015-12-14,0.01723434,85.0676,1,0.052926,357.359280,-0.00536695,78.0370,0,0.000000,0.000000
2015-12-15,-0.00128221,84.9394,1,0.035481,261.535740,-0.00162078,77.8749,1,0.069338,317.281143
2015-12-16,0.00689716,85.6291,1,0.058384,342.366640,0.00689716,78.5647,1,0.058384,342.366640
2015-12-17,0.00272529,85.9016,1,0.050921,303.499120,-0.00373427,78.1912,0,0.000000,0.000000
2015-12-18,0.00869759,86.7714,1,0.063661,339.963110,-0.00084138,78.1071,0,0.000000,0.000000
2015-12-21,0.00368282,87.1397,1,0.069748,259.772900,-0.00089493,78.0176,0,0.000000,0.000000
2015-12-22,0.00298329,87.4380,1,0.056541,282.874290,0.00057020,78.0746,0,0.000000,0.000000
2015-12-23,0.00420659,87.8587,1,0.051351,322.690670,0.00188384,78.2630,0,0.000000,0.000000
2015-12-24,-0.00762268,87.0964,1,0.038658,283.678290,-0.00441443,77.8216,0,0.000000,0.000000
2015-12-28,0.00582762,87.6792,1,0.106578,380.380470,0.00591311,78.4129,1,0.098029,384.099107
2015-12-29,-0.00798528,86.8806,1,0.044868,240.900800,-0.00798528,77.6143,1,0.044868,240.900800
2015-12-30,-0.01226192,85.6545,1,0.085452,401.684200,0.01089234,78.7036,0,0.000000,0.000000
2015-12-31,-0.00942795,84.7117,1,0.061825,398.059600,-0.01250975,77.4526,0,0.000000,0.000000
2016-01-04,0.00911709,85.6234,1,0.056761,339.212490,-0.00384232,77.0684,0,0.000000,0.000000
2016-01-05,-0.00768579,84.8548,1,0.048789,298.576570,0.01399224,78.4676,0,0.000000,0.000000
2016-01-06,0.01722774,86.5776,1,0.064786,360.638130,0.01740961,80.2086,1,0.046599,240.090391
2016-01-07,0.01211035,87.7886,1,0.054695,279.631660,-0.00602553,79.6060,0,0.000000,0.000000
2016-01-08,0.01074590,88.8632,1,0.048410,262.326510,0.00155627,79.7616,0,0.000000,0.000000
2016-01-11,-0.01294604,87.5686,1,0.051484,299.623340,-0.01283494,78.4781,1,0.040374,257.275273
2016-01-12,-0.00230411,87.3382,1,0.056701,359.670220,-0.00230411,78.2477,1,0.056701,359.670220
2016-01-13,-0.01985402,85.3528,1,0.059522,341.496450,-0.01985402,76.2623,1,0.059522,341.496450
2016-01-14,0.00014161,85.3669,1,0.066409,356.563420,-0.00675557,75.5868,0,0.000000,0.000000
2016-01-15,-0.01332967,84.0340,1,0.053747,322.845130,-0.00265702,75.3211,0,0.000000,0.000000
2016-01-19,0.00658784,84.6927,1,0.072456,377.529380,0.00298653,75.6197,0,0.000000,0.000000
2016-01-20,0.00145906,84.8387,1,0.069224,260.940200,0.00149999,75.7697,1,0.065131,280.424656
2016-01-21,0.01180201,86.0189,1,0.080559,339.193310,0.01180201,76.9499,1,0.080559,339.193310
2016-01-22,-0.00080079,85.9388,1,0.042529,301.717660,-0.00080079,76.8698,1,0.042529,301.717660
2016-01-25,-0.01477954,84.4608,1,0.052854,303.938730,0.00859036,77.7289,0,0.000000,0.000000
2016-01-26,-0.00894812,83.5660,1,0.064812,356.772020,0.01322023,79.0509,0,0.000000,0.000000
2016-01-27,-0.00404384,83.1616,1,0.064194,345.074300,0.00042555,79.0935,0,0.000000,0.000000
2016-01-28,0.01426386,84.5880,1,0.067404,318.500670,0.01429133,80.5226,1,0.064657,302.537263
2016-01-29,-0.00651860,83.9362,1,0.049740,281.049110,-0.00651860,79.8707,1,0.049740,281.049110
2016-02-01,-0.01092276,82.8439,1,0.056346,346.914320,-0.00897215,78.9735,0,0.000000,0.000000
2016-02-02,0.00854492,83.6984,1,0.067738,340.523330,0.00852174,79.8257,1,0.070056,386.668927
2016-02-03,-0.00838416,82.8599,1,0.052466,258.488510,-0.01365142,78.4605,0,0.000000,0.000000
2016-02-04,-0.02431091,80.4289,1,0.057501,342.006330,-0.02440024,76.0205,1,0.066434,379.253670
2016-02-05,-0.01814762,78.6141,1,0.060232,358.963370,-0.01814762,74.2058,1,0.060232,358.963370
2016-02-08,0.02793718,81.4078,1,0.062672,356.924990,0.02793718,76.9995,1,0.062672,356.924990
2016-02-09,-0.02101466,79.3063,1,0.040456,259.712770,-0.02101466,74.8980,1,0.040456,259.712770
2016-02-10,-0.00435565,78.8708,1,0.074415,361.743030,-0.00435565,74.4624,1,0.074415,361.743030
2016-02-11,-0.00478050,78.3927,1,0.071280,362.563230,-0.00478050,73.9844,1,0.071280,362.563230
2016-02-12,-0.00470153,77.9226,1,0.057143,298.878130,0.00468504,74.4529,0,0.000000,0.000000
2016-02-16,0.01266891,79.1895,1,0.075779,365.592910,0.00588051,75.0409,0,0.000000,0.000000
2016-02-17,-0.00101469,79.0880,1,0.044919,184.237950,0.01894543,76.9355,0,0.000000,0.000000
2016-02-18,-0.01996147,77.0919,1,0.049817,263.867950,-0.00188189,76.7473,0,0.000000,0.000000
2016-02-19,0.00580660,77.6725,1,0.066340,339.625730,0.00590149,77.3375,1,0.056851,307.732916
2016-02-22,-0.00896177,76.7763,1,0.062427,321.422280,-0.00896177,76.4413,1,0.062427,321.422280
2016-02-23,-0.01183026,75.5933,1,0.057926,343.502210,-0.00642014,75.7993,0,0.000000,0.000000
2016-02-24,0.00582195,76.1755,1,0.066745,299.776300,0.00580438,76.3797,1,0.068502,342.229174
2016-02-25,-0.02955425,73.2201,1,0.045835,262.726400,-0.02955425,73.4243,1,0.045835,262.726400
2016-02-26,-0.01267545,71.9525,1,0.077125,380.306610,0.01453454,74.8777,0,0.000000,0.000000
2016-02-29,-0.01113744,70.8388,1,0.060344,381.037140,-0.01104298,73.7734,1,0.050898,241.731380
2016-03-01,-0.00829136,70.0097,1,0.057186,358.291520,-0.00829136,72.9443,1,0.057186,358.291520
2016-03-02,0.00940779,70.9504,1,0.051801,326.008250,0.00979517,73.9238,0,0.000000,0.000000
2016-03-03,0.00011756,70.9622,1,0.052464,302.328780,0.00009002,73.9328,1,0.055218,288.206191
2016-03-04,-0.00150550,70.8116,1,0.050490,301.619460,-0.00150550,73.7823,1,0.050490,301.619460
2016-03-07,-0.01786269,69.0254,1,0.058479,320.631800,-0.01786269,71.9960,1,0.058479,320.631800
2016-03-08,-0.01972366,67.0530,1,0.080296,322.971670,-0.01972366,70.0236,1,0.080296,322.971670
2016-03-09,-0.00475091,66.5779,1,0.078701,376.751430,0.00828566,70.8522,0,0.000000,0.000000
2016-03-10,-0.00941467,65.6364,1,0.069477,321.439650,-0.00918381,69.9338,1,0.046391,219.882592
2016-03-11,-0.01080651,64.5558,1,0.057541,300.999810,-0.01080651,68.8532,1,0.057541,300.999810
2016-03-14,-0.00703132,63.8527,1,0.057842,324.122590,0.00472498,69.3257,0,0.000000,0.000000
2016-03-15,0.00436540,64.2892,1,0.063120,339.462230,0.00457116,69.7828,1,0.042544,263.574435
2016-03-16,-0.00805631,63.4836,1,0.054981,280.708320,-0.00805631,68.9771,1,0.054981,280.708320
2016-03-17,-0.00883024,62.6006,1,0.073214,362.563290,-0.00883024,68.0941,1,0.073214,362.563290
2016-03-18,-0.01176177,61.4244,1,0.060737,320.835290,-0.01176177,66.9179,1,0.060737,320.835290
2016-03-21,-0.00136348,61.2880,1,0.068648,361.195620,-0.00136348,66.7816,1,0.068648,361.195620
2016-03-22,0.00022911,61.3109,1,0.060159,340.202460,0.00022911,66.8045,1,0.060159,340.202460
2016-03-23,-0.00848435,60.4625,1,0.048355,300.819930,-0.00848435,65.9561,1,0.048355,300.819930
2016-03-24,0.00231567,60.6941,1,0.053793,339.092180,0.00231567,66.1876,1,0.053793,339.092180
2016-03-28,-0.00291102,60.4030,1,0.061152,300.337620,-0.00291102,65.8965,1,0.061152,300.337620
2016-03-29,0.00648351,61.0513,1,0.085309,360.451650,0.00648351,66.5449,1,0.085309,360.451650
2016-03-30,-0.01241909,59.8094,1,0.052929,303.245280,-0.00006239,66.5386,0,0.000000,0.000000
2016-03-31,-0.01464415,58.3450,1,0.074875,379.715220,-0.01456698,65.0820,1,0.067158,323.161946
2016-04-01,-0.00839549,57.5054,1,0.069129,360.386380,-0.00839549,64.2424,1,0.069129,360.386380
2016-04-04,0.01000555,58.5060,1,0.067425,321.143860,-0.00718777,63.5236,0,0.000000,0.000000
2016-04-05,-0.00406691,58.0993,1,0.048111,280.334660,0.00127676,63.6513,0,0.000000,0.000000
2016-04-06,0.00310893,58.4102,1,0.058867,338.941520,0.00080776,63.7321,0,0.000000,0.000000
2016-04-07,-0.01284400,57.1258,1,0.040290,262.544740,0.00846460,64.5785,0,0.000000,0.000000
2016-04-08,-0.00137480,56.9883,1,0.061050,359.387110,0.00675623,65.2542,0,0.000000,0.000000
2016-04-11,0.00054717,57.0430,1,0.055353,281.050750,0.00056649,65.3108,1,0.053421,259.835981
2016-04-12,-0.01196900,55.8461,1,0.054320,280.425850,-0.01196900,64.1139,1,0.054320,280.425850
2016-04-13,-0.00618977,55.2272,1,0.054147,321.863440,0.02385083,66.4990,0,0.000000,0.000000
2016-04-14,0.00340476,55.5676,1,0.056654,303.203150,0.00361712,66.8607,1,0.035418,225.614425
2016-04-15,0.00135757,55.7034,1,0.041403,279.895750,0.00135757,66.9965,1,0.041403,279.895750
2016-04-18,0.00056772,55.7602,1,0.048138,281.505620,0.00056772,67.0532,1,0.048138,281.505620
2016-04-19,0.00117383,55.8775,1,0.048897,281.267890,0.00334344,67.3876,0,0.000000,0.000000
2016-04-20,-0.00394307,55.4832,1,0.053987,301.414240,-0.00383625,67.0040,1,0.043305,262.632102
2016-04-21,0.01489500,56.9727,1,0.047440,321.369000,0.01489500,68.4935,1,0.047440,321.369000
2016-04-22,-0.00056118,56.9166,1,0.043908,260.839020,-0.00056118,68.4373,1,0.043908,260.839020
2016-04-25,-0.00406162,56.5105,1,0.055742,341.448950,-0.00406162,68.0312,1,0.055742,341.448950
2016-04-26,-0.01029745,55.4807,1,0.044865,279.712860,-0.01029745,67.0014,1,0.044865,279.712860
2016-04-27,0.00228445,55.7092,1,0.067415,381.916900,-0.01054075,65.9474,0,0.000000,0.000000
2016-04-28,-0.00097214,55.6119,1,0.056064,301.390740,-0.00109578,65.8378,1,0.068428,362.778523
2016-04-29,0.00323309,55.9353,1,0.058091,299.003710,0.00323309,66.1611,1,0.058091,299.003710
2016-05-02,-0.00419462,55.5158,1,0.048092,299.613200,0.00529344,66.6904,0,0.000000,0.000000
2016-05-03,0.00015206,55.5310,1,0.058744,342.279330,0.00710304,67.4007,0,0.000000,0.000000
2016-05-04,0.00764087,56.2951,1,0.067223,338.932450,0.00759953,68.1607,1,0.071357,338.362907
2016-05-05,0.00005657,56.3007,1,0.045063,280.885110,0.00005657,68.1663,1,0.045063,280.885110
2016-05-06,0.00550267,56.8510,1,0.066953,361.044440,0.00550267,68.7166,1,0.066953,361.044440
2016-05-09,-0.00914229,55.9368,1,0.061679,301.651740,-0.00914229,67.8024,1,0.061679,301.651740
2016-05-10,0.00448048,56.3848,1,0.071232,360.696590,0.00448048,68.2504,1,0.071232,360.696590
2016-05-11,0.00788964,57.1738,1,0.067426,364.249820,-0.00746406,67.5040,0,0.000000,0.000000
2016-05-12,-0.00852287,56.3215,1,0.040107,300.680250,-0.00871623,66.6324,1,0.059443,359.091893
2016-05-13,-0.00841436,55.4801,1,0.053516,319.864380,-0.00841436,65.7910,1,0.053516,319.864380
2016-05-16,-0.00037354,55.4427,1,0.061534,379.428080,-0.00747405,65.0436,0,0.000000,0.000000
2016-05-17,-0.00568129,54.8746,1,0.056739,302.222240,0.00328455,65.3720,0,0.000000,0.000000
2016-05-18,0.00857341,55.7319,1,0.054629,319.335590,0.00851446,66.2235,1,0.060524,300.478417
2016-05-19,-0.01994808,53.7371,1,0.034158,240.600530,-0.01994808,64.2286,1,0.034158,240.600530
2016-05-20,-0.01309467,52.4277,1,0.067337,379.399270,-0.01309467,62.9192,1,0.067337,379.399270
2016-05-23,0.00217307,52.6450,1,0.058673,341.949890,-0.00379458,62.5397,0,0.000000,0.000000
2016-05-24,-0.00990894,51.6541,1,0.050964,300.778340,-0.00999415,61.5403,1,0.059485,361.484915
2016-05-25,-0.00862151,50.7919,1,0.053491,382.958270,0.01242023,62.7823,0,0.000000,0.000000
2016-05-26,-0.00562963,50.2290,1,0.053703,381.558340,-0.00549874,62.2325,1,0.040614,284.525433
2016-05-27,-0.00565701,49.6633,1,0.055321,340.085020,-0.00565701,61.6668,1,0.055321,340.085020
2016-05-31,0.00260410,49.9237,1,0.061910,341.342520,0.00071863,61.7386,0,0.000000,0.000000
2016-06-01,-0.00911192,49.0125,1,0.042612,260.967620,-0.00922478,60.8161,1,0.053898,342.009783
2016-06-02,0.00871686,49.8842,1,0.059174,320.721420,0.00871686,61.6878,1,0.059174,320.721420
2016-06-03,-0.00875713,49.0084,1,0.045413,261.573060,-0.00875713,60.8121,1,0.045413,261.573060
2016-06-06,-0.00239108,48.7693,1,0.039318,319.701320,-0.00239108,60.5730,1,0.039318,319.701320
2016-06-07,-0.00710339,48.0590,1,0.053029,321.620630,-0.00710339,59.8627,1,0.053029,321.620630
2016-06-08,-0.00090844,47.9682,1,0.059864,381.374930,-0.00090844,59.7718,1,0.059864,381.374930
2016-06-09,-0.01148995,46.8192,1,0.047845,280.617060,-0.01148995,58.6228,1,0.047845,280.617060
2016-06-10,0.00110920,46.9301,1,0.050260,361.029630,0.00110920,58.7337,1,0.050260,361.029630
2016-06-13,0.00267063,47.1971,1,0.044947,278.497640,0.00489828,59.2236,0,0.000000,0.000000
2016-06-14,0.00906275,48.1034,1,0.058585,319.864630,0.00422625,59.6462,0,0.000000,0.000000
2016-06-15,-0.01076975,47.0264,1,0.061555,300.604940,-0.01053892,58.5923,1,0.038472,257.360512
2016-06-16,0.00310396,47.3368,1,0.053884,340.627760,0.00310396,58.9027,1,0.053884,340.627760
2016-06-17,-0.00501505,46.8353,1,0.050715,321.034180,-0.00501505,58.4012,1,0.050715,321.034180
2016-06-20,-0.01356860,45.4785,1,0.062500,340.983770,-0.01356860,57.0443,1,0.062500,340.983770
2016-06-21,-0.00556614,44.9219,1,0.057384,342.836260,0.01103279,58.1476,0,0.000000,0.000000
2016-06-22,-0.00704011,44.2178,1,0.053431,340.383670,-0.00709669,57.4379,1,0.059089,223.861757
2016-06-23,0.00663466,44.8813,1,0.065924,360.219200,0.00663466,58.1014,1,0.065924,360.219200
2016-06-24,-0.04189055,40.6923,1,0.050435,302.812910,-0.00543743,57.5577,0,0.000000,0.000000
2016-06-27,0.06601416,47.2937,1,0.067064,372.399320,-0.01363435,56.1942,0,0.000000,0.000000
2016-06-28,-0.01142979,46.1507,1,0.014739,104.729120,-0.01027347,55.1669,0,0.000000,0.000000
2016-06-29,-0.00244056,45.9066,1,0.067156,383.544840,0.00584874,55.7518,0,0.000000,0.000000
2016-06-30,-0.00197693,45.7089,1,0.049563,282.094800,0.00236333,55.9881,0,0.000000,0.000000
2016-07-01,-0.00350765,45.3582,1,0.048685,323.283230,0.00295904,56.2840,0,0.000000,0.000000
2016-07-05,0.00161685,45.5199,1,0.043495,300.724800,0.00153788,56.4378,1,0.051392,319.124042
2016-07-06,-0.00381467,45.1384,1,0.049577,320.138560,-0.00381467,56.0563,1,0.049577,320.138560
2016-07-07,-0.00438021,44.7004,1,0.052941,340.696650,-0.00438021,55.6183,1,0.052941,340.696650
2016-07-08,0.00816829,45.5172,1,0.053131,299.601800,0.00816829,56.4351,1,0.053131,299.601800
2016-07-11,0.00613908,46.1311,1,0.042262,243.907660,0.01150496,57.5856,0,0.000000,0.000000
2016-07-12,0.01683572,47.8147,1,0.046378,281.394890,0.01689999,59.2756,1,0.039951,265.411804
2016-07-13,-0.00579225,47.2355,1,0.035455,223.290830,-0.00579225,58.6964,1,0.035455,223.290830
2016-07-14,-0.00045073,47.1904,1,0.044623,340.669750,-0.00045073,58.6513,1,0.044623,340.669750
2016-07-15,0.00323226,47.5136,1,0.047694,340.494990,0.00323226,58.9746,1,0.047694,340.494990
2016-07-18,-0.00095865,47.4178,1,0.058515,280.616280,-0.00095865,58.8787,1,0.058515,280.616280
2016-07-19,-0.00904890,46.5129,1,0.058750,320.588510,-0.00904890,57.9738,1,0.058750,320.588510
2016-07-20,-0.00634653,45.8782,1,0.060883,399.226180,-0.00634653,57.3391,1,0.060883,399.226180
2016-07-21,0.01635716,47.5139,1,0.037144,321.493670,0.01635716,58.9749,1,0.037144,321.493670
2016-07-22,0.00490954,48.0049,1,0.042356,281.287080,0.00490954,59.4658,1,0.042356,281.287080
2016-07-25,0.00318712,48.3236,1,0.028938,221.904390,-0.00181615,59.2842,0,0.000000,0.000000
2016-07-26,0.01408509,49.7321,1,0.045431,260.333910,0.01396716,60.6809,1,0.057224,361.167506
2016-07-27,0.01753417,51.4855,1,0.033623,283.264900,0.01753417,62.4343,1,0.033623,283.264900
2016-07-28,-0.00907376,50.5781,1,0.037696,201.293160,-0.00907376,61.5270,1,0.037696,201.293160
2016-07-29,0.00276667,50.8548,1,0.045693,302.027740,0.00276667,61.8036,1,0.045693,302.027740
2016-08-01,-0.00280498,50.5743,1,0.044518,341.052060,-0.00280498,61.5231,1,0.044518,341.052060
2016-08-02,-0.01219473,49.3548,1,0.056683,320.140500,-0.01219473,60.3037,1,0.056683,320.140500
2016-08-03,-0.00339348,49.0155,1,0.059558,318.875350,-0.00415702,59.8880,0,0.000000,0.000000
2016-08-04,-0.00267244,48.7482,1,0.067834,341.178530,-0.00263030,59.6249,1,0.063620,340.872637
2016-08-05,0.00759604,49.5078,1,0.062276,360.234310,0.00759604,60.3845,1,0.062276,360.234310
2016-08-08,-0.00339890,49.1680,1,0.054670,322.189480,-0.00339890,60.0446,1,0.054670,322.189480
2016-08-09,0.01475384,50.6433,1,0.054286,339.968100,0.01475384,61.5200,1,0.054286,339.968100
2016-08-10,0.00131515,50.7749,1,0.035815,281.914390,0.00131515,61.6515,1,0.035815,281.914390
2016-08-11,0.00633493,51.4084,1,0.041547,261.886270,0.00633493,62.2850,1,0.041547,261.886270
2016-08-12,0.00516360,51.9247,1,0.043770,301.386960,0.00516360,62.8014,1,0.043770,301.386960
2016-08-15,-0.00661995,51.2627,1,0.036195,280.605910,-0.00661995,62.1394,1,0.036195,280.605910
2016-08-16,0.00480544,51.7433,1,0.050456,321.669640,0.00480544,62.6199,1,0.050456,321.669640
2016-08-17,-0.00957185,50.7861,1,0.045595,280.012260,-0.00898049,61.7219,0,0.000000,0.000000
2016-08-18,-0.00121843,50.6642,1,0.051363,360.645090,-0.00114132,61.6078,1,0.043652,319.277709
2016-08-19,-0.00194480,50.4698,1,0.048050,340.811900,-0.00194480,61.4133,1,0.048050,340.811900
2016-08-22,-0.01311380,49.1584,1,0.042620,320.441370,-0.01311380,60.1019,1,0.042620,320.441370
2016-08-23,-0.00386584,48.7718,1,0.056434,400.410820,-0.00386584,59.7153,1,0.056434,400.410820
2016-08-24,-0.00450880,48.3209,1,0.052810,341.122610,-0.00450880,59.2644,1,0.052810,341.122610
2016-08-25,0.00364192,48.6851,1,0.052608,339.355870,-0.00074332,59.1901,0,0.000000,0.000000
2016-08-26,0.00563179,49.2483,1,0.039711,280.983180,0.00542651,59.7328,1,0.060239,359.865454
2016-08-29,-0.00025876,49.2224,1,0.045226,280.045050,-0.00025876,59.7069,1,0.045226,280.045050
2016-08-30,-0.00189925,49.0325,1,0.052465,341.202630,0.00417044,60.1239,0,0.000000,0.000000
2016-08-31,0.00262843,49.2953,1,0.048357,320.529980,0.00278011,60.4019,1,0.033189,281.609222
2016-09-01,-0.01403960,47.8914,1,0.041090,319.689500,-0.01403960,58.9980,1,0.041090,319.689500
2016-09-02,-0.00436532,47.4548,1,0.047722,360.907490,-0.00436532,58.5614,1,0.047722,360.907490
2016-09-06,-0.00474229,46.9806,1,0.051329,360.994390,0.00286620,58.8481,0,0.000000,0.000000
2016-09-07,-0.00059660,46.9209,1,0.050280,320.427300,-0.00057543,58.7905,1,0.048163,300.886633
2016-09-08,0.00131364,47.0523,1,0.047246,361.172660,0.00131364,58.9219,1,0.047246,361.172660
2016-09-09,0.01011103,48.0634,1,0.046667,300.016670,0.01011103,59.9330,1,0.046667,300.016670
2016-09-12,-0.00241773,47.8216,1,0.026463,238.092810,-0.00280531,59.6525,0,0.000000,0.000000
2016-09-13,0.00275024,48.0967,1,0.052906,363.140130,-0.00192433,59.4600,0,0.000000,0.000000
2016-09-14,0.00742183,48.8388,1,0.056837,318.669050,0.00587454,60.0475,0,0.000000,0.000000
2016-09-15,0.00375737,49.2146,1,0.045283,280.796180,0.00371150,60.4186,1,0.049870,277.845115
2016-09-16,0.00938548,50.1531,1,0.048462,323.079940,0.00860508,61.2791,0,0.000000,0.000000
2016-09-19,-0.00358549,49.7946,1,0.040269,320.639930,-0.00365539,60.9136,1,0.047259,303.132298
2016-09-20,-0.00160617,49.6340,1,0.050827,321.486340,-0.00160617,60.7530,1,0.050827,321.486340
2016-09-21,0.00457316,50.0913,1,0.042194,280.218710,0.00457316,61.2103,1,0.042194,280.218710
2016-09-22,-0.00581710,49.5096,1,0.037540,302.438550,0.00456289,61.6666,0,0.000000,0.000000
2016-09-23,-0.00259987,49.2496,1,0.052577,320.719510,-0.00684662,60.9819,0,0.000000,0.000000
2016-09-26,-0.00057713,49.1919,1,0.044493,300.277950,-0.00061705,60.9202,1,0.048485,383.718908
2016-09-27,-0.00309422,48.8824,1,0.041412,298.634100,-0.00676282,60.2439,0,0.000000,0.000000
2016-09-28,-0.00565240,48.3172,1,0.043350,321.140830,-0.00302260,59.9417,0,0.000000,0.000000
2016-09-29,-0.00837900,47.4793,1,0.053280,321.502390,-0.00832459,59.1092,1,0.047839,360.886653
2016-09-30,0.00315291,47.7946,1,0.054729,378.030500,0.00306392,59.4156,0,0.000000,0.000000
2016-10-03,0.01105253,48.8998,1,0.030257,262.657860,0.01091957,60.5076,1,0.043553,320.985403
2016-10-04,-0.00004232,48.8956,1,0.027602,240.709570,-0.00004232,60.5033,1,0.027602,240.709570
2016-10-05,-0.00116234,48.7794,1,0.041054,319.637610,-0.00116234,60.3871,1,0.041054,319.637610
2016-10-06,-0.00595074,48.1843,1,0.045664,301.094500,-0.00595074,59.7920,1,0.045664,301.094500
2016-10-07,-0.00586043,47.5983,1,0.050843,380.342270,-0.00586043,59.2060,1,0.050843,380.342270
2016-10-10,0.00197438,47.7957,1,0.041902,319.150820,0.00197438,59.4034,1,0.041902,319.150820
2016-10-11,0.00204944,48.0006,1,0.046926,301.490660,0.00204944,59.6084,1,0.046926,301.490660
2016-10-12,0.00337485,48.3381,1,0.048265,259.173150,0.00201259,59.8096,0,0.000000,0.000000
2016-10-13,0.01187271,49.5254,1,0.030879,260.363650,0.01176229,60.9858,1,0.041921,299.423432
2016-10-14,0.00020035,49.5454,1,0.041805,280.263090,0.00020035,61.0059,1,0.041805,280.263090
2016-10-17,0.01106426,50.6519,1,0.051724,300.349100,0.01106426,62.1123,1,0.051724,300.349100
2016-10-18,-0.00100266,50.5516,1,0.034546,260.909110,-0.00100266,62.0120,1,0.034546,260.909110
2016-10-19,0.00851196,51.4028,1,0.045224,341.455000,0.00851196,62.8632,1,0.045224,341.455000
2016-10-20,-0.00069319,51.3335,1,0.031179,261.664680,-0.00069319,62.7939,1,0.031179,261.664680
2016-10-21,0.00011548,51.3450,1,0.038942,300.717160,0.00011548,62.8055,1,0.038942,300.717160
2016-10-24,-0.00340081,51.0049,1,0.059661,319.815890,-0.00340081,62.4654,1,0.059661,319.815890
2016-10-25,-0.01553412,49.4515,1,0.044242,321.701320,-0.01553412,60.9120,1,0.044242,321.701320
2016-10-26,-0.00181563,49.2700,1,0.044533,338.409470,-0.00181563,60.7304,1,0.044533,338.409470
2016-10-27,0.00310716,49.5807,1,0.041364,320.038570,0.00310716,61.0411,1,0.041364,320.038570
2016-10-28,-0.00809854,48.7708,1,0.032824,260.294700,-0.00809854,60.2313,1,0.032824,260.294700
2016-10-31,-0.00420584,48.3502,1,0.044574,320.328030,-0.00420584,59.8107,1,0.044574,320.328030
2016-11-01,-0.00964721,47.3855,1,0.042741,301.933450,0.00839009,60.6497,0,0.000000,0.000000
2016-11-02,0.00099498,47.4850,1,0.056862,378.254880,0.00098530,60.7482,1,0.057830,341.309791
2016-11-03,0.00417658,47.9027,1,0.043012,299.578420,-0.00065086,60.6831,0,0.000000,0.000000
2016-11-04,-0.01351630,46.5510,1,0.037760,280.241690,-0.01354743,59.3284,1,0.040873,298.652657
2016-11-07,-0.00234939,46.3161,1,0.047569,341.244410,-0.00234939,59.0935,1,0.047569,341.244410
2016-11-08,0.00168360,46.4845,1,0.052050,305.587510,0.00544927,59.6384,0,0.000000,0.000000
2016-11-09,-0.04503344,41.9811,1,0.040894,281.852650,-0.04501316,55.1371,1,0.038866,266.544063
2016-11-10,0.02494290,44.4754,1,0.058120,361.548130,0.02494290,57.6314,1,0.058120,361.548130
2016-11-11,0.00197269,44.6727,1,0.026841,184.148410,0.00197269,57.8286,1,0.026841,184.148410
2016-11-14,0.01170847,45.8435,1,0.053453,320.700330,0.01170847,58.9995,1,0.053453,320.700330
2016-11-15,-0.00089001,45.7545,1,0.045041,283.668980,-0.00089001,58.9105,1,0.045041,283.668980
2016-11-16,-0.00213311,45.5412,1,0.040411,302.554380,-0.00213311,58.6972,1,0.040411,302.554380
2016-11-17,-0.00763993,44.7772,1,0.056833,319.890440,-0.00763993,57.9332,1,0.056833,319.890440
2016-11-18,0.00200948,44.9782,1,0.050542,381.783920,0.00200948,58.1341,1,0.050542,381.783920
2016-11-21,0.00535617,45.5138,1,0.042613,300.602110,0.00535617,58.6697,1,0.042613,300.602110
2016-11-22,-0.00152807,45.3610,1,0.044967,261.634550,-0.00664661,58.0051,0,0.000000,0.000000
2016-11-23,-0.00381550,44.9794,1,0.042300,302.652960,-0.00385702,57.6194,1,0.046452,324.148820
2016-11-25,-0.00975763,44.0037,1,0.045693,321.859510,-0.00975763,56.6436,1,0.045693,321.859510
2016-11-28,0.01033665,45.0373,1,0.077865,340.591190,0.01033665,57.6773,1,0.077865,340.591190
2016-11-29,0.00378635,45.4160,1,0.044095,299.828730,0.00378635,58.0559,1,0.044095,299.828730
2016-11-30,-0.00557595,44.8584,1,0.046155,321.241350,-0.00557595,57.4983,1,0.046155,321.241350
2016-12-01,0.01863243,46.7216,1,0.049497,299.053460,0.01863243,59.3616,1,0.049497,299.053460
2016-12-02,-0.01095249,45.6264,1,0.034649,241.362560,-0.01095249,58.2663,1,0.034649,241.362560
2016-12-05,-0.00664720,44.9616,1,0.049720,340.033540,-0.00664720,57.6016,1,0.049720,340.033540
2016-12-06,-0.00001627,44.9600,1,0.045517,323.214480,-0.00001627,57.6000,1,0.045517,323.214480
2016-12-07,0.00179121,45.1391,1,0.040899,321.500450,0.00179121,57.7791,1,0.040899,321.500450
2016-12-08,-0.00262985,44.8762,1,0.040585,302.702140,-0.01755941,56.0231,0,0.000000,0.000000
2016-12-09,-0.00827601,44.0486,1,0.038101,302.215700,-0.00846330,55.1768,1,0.056830,382.681170
2016-12-12,0.00070586,44.1191,1,0.048544,339.993700,0.00070586,55.2474,1,0.048544,339.993700
2016-12-13,-0.00371263,43.7479,1,0.046673,300.604750,-0.00371263,54.8761,1,0.046673,300.604750
2016-12-14,0.00683871,44.4318,1,0.057039,341.670770,0.00683871,55.5600,1,0.057039,341.670770
2016-12-15,0.01092798,45.5245,1,0.043472,320.328670,0.01092798,56.6528,1,0.043472,320.328670
2016-12-16,-0.00593045,44.9315,1,0.028025,242.778270,-0.00593045,56.0598,1,0.028025,242.778270
2016-12-19,-0.00288629,44.6429,1,0.049759,340.633780,-0.00288629,55.7711,1,0.049759,340.633780
2016-12-20,0.00466699,45.1096,1,0.051981,360.614290,0.00466699,56.2378,1,0.051981,360.614290
2016-12-21,-0.00582106,44.5275,1,0.073976,260.938540,-0.00582106,55.6557,1,0.073976,260.938540
2016-12-22,-0.00544174,43.9833,1,0.057854,379.706290,-0.00544174,55.1116,1,0.057854,379.706290
2016-12-23,0.00454355,44.4377,1,0.042715,339.295020,0.00454355,55.5659,1,0.042715,339.295020
2016-12-27,-0.00195664,44.2420,1,0.048764,321.086350,-0.00195664,55.3702,1,0.048764,321.086350
2016-12-28,-0.00179664,44.0623,1,0.039084,320.745120,0.00186378,55.5566,0,0.000000,0.000000
2016-12-29,-0.00043590,44.0187,1,0.041920,338.355220,-0.00834181,54.7224,0,0.000000,0.000000
2016-12-30,-0.00091896,43.9268,1,0.052826,320.187370,-0.00097822,54.6246,1,0.058752,379.112127
2017-01-03,-0.00996117,42.9307,1,0.037907,280.746290,-0.00996117,53.6285,1,0.037907,280.746290
2017-01-04,0.00118165,43.0489,1,0.046175,340.230430,0.00118165,53.7467,1,0.046175,340.230430
2017-01-05,-0.00036447,43.0124,1,0.050067,322.800920,-0.01469343,52.2773,0,0.000000,0.000000
2017-01-06,-0.00212420,42.8000,1,0.062040,340.013880,-0.00203747,52.0736,1,0.053367,402.244628
2017-01-09,0.01266122,44.0661,1,0.043238,361.305560,0.01266122,53.3397,1,0.043238,361.305560
2017-01-10,-0.00337111,43.7290,1,0.033001,280.744520,-0.00337111,53.0026,1,0.033001,280.744520
2017-01-11,0.00052467,43.7815,1,0.047843,361.251870,0.00052467,53.0551,1,0.047843,361.251870
2017-01-12,-0.00398270,43.3832,1,0.038970,320.334250,-0.00398270,52.6568,1,0.038970,320.334250
2017-01-13,-0.00423477,42.9597,1,0.052277,360.157520,-0.00423477,52.2333,1,0.052277,360.157520
2017-01-17,-0.02239788,40.7200,1,0.051348,320.617340,-0.02239788,49.9935,1,0.051348,320.617340
2017-01-18,-0.00931199,39.7888,1,0.057399,398.331220,-0.00931199,49.0623,1,0.057399,398.331220
2017-01-19,-0.00918995,38.8698,1,0.047655,360.574900,-0.00918995,48.1433,1,0.047655,360.574900
2017-01-20,-0.00513142,38.3566,1,0.051912,338.976600,0.00147885,48.2912,0,0.000000,0.000000
2017-01-23,-0.00490335,37.8663,1,0.055945,380.208670,-0.00470674,47.8205,1,0.036284,299.093968
2017-01-24,0.00552591,38.4189,1,0.031179,280.027910,0.00552591,48.3731,1,0.031179,280.027910
2017-01-25,0.00544297,38.9632,1,0.037613,302.229910,0.00544297,48.9174,1,0.037613,302.229910
2017-01-26,-0.01875017,37.0882,1,0.039637,301.672410,-0.01875017,47.0424,1,0.039637,301.672410
2017-01-27,-0.00789280,36.2989,1,0.047940,381.240280,-0.00789280,46.2531,1,0.047940,381.240280
2017-01-30,0.00177769,36.4767,1,0.051241,320.208440,0.00177769,46.4309,1,0.051241,320.208440
2017-01-31,0.00173116,36.6498,1,0.049334,339.350030,0.00833461,47.2644,0,0.000000,0.000000
2017-02-01,-0.00462018,36.1877,1,0.040578,321.846990,-0.00460253,46.8041,1,0.038813,259.243292
2017-02-02,-0.01193280,34.9945,1,0.046330,360.084080,-0.01193280,45.6108,1,0.046330,360.084080
2017-02-03,-0.00623484,34.3710,1,0.060584,400.719330,-0.00623484,44.9873,1,0.060584,400.719330
2017-02-06,-0.01557184,32.8138,1,0.050314,321.946820,-0.01557184,43.4302,1,0.050314,321.946820
2017-02-07,-0.00340630,32.4732,1,0.039660,341.073030,-0.00340630,43.0895,1,0.039660,341.073030
2017-02-08,-0.00320682,32.1525,1,0.073832,380.152950,-0.00320682,42.7688,1,0.073832,380.152950
2017-02-09,0.00228769,32.3813,1,0.039601,301.199590,0.00228769,42.9976,1,0.039601,301.199590
2017-02-10,0.00079056,32.4603,1,0.046324,322.729850,0.00079056,43.0767,1,0.046324,322.729850
2017-02-13,-0.00101873,32.3584,1,0.052313,341.972400,-0.00101873,42.9748,1,0.052313,341.972400
2017-02-14,0.00860912,33.2194,1,0.043198,340.755240,0.00860912,43.8357,1,0.043198,340.755240
2017-02-15,0.00383502,33.6029,1,0.030588,261.269030,0.00383502,44.2192,1,0.030588,261.269030
2017-02-16,-0.01327988,32.2749,1,0.041148,261.881430,-0.01327988,42.8912,1,0.041148,261.881430
2017-02-17,-0.01142607,31.1323,1,0.048737,340.819680,-0.01142607,41.7486,1,0.048737,340.819680
2017-02-21,-0.00643666,30.4886,1,0.068656,340.171830,-0.00643666,41.1050,1,0.068656,340.171830
2017-02-22,-0.00064657,30.4239,1,0.046687,361.388910,-0.00078348,41.0266,0,0.000000,0.000000
2017-02-23,-0.00275878,30.1481,1,0.046298,340.202810,-0.00288298,40.7383,1,0.058718,361.437335
2017-02-24,0.00187726,30.3358,1,0.046354,301.216000,0.00187726,40.9260,1,0.046354,301.216000
2017-02-27,-0.00732182,29.6036,1,0.044582,321.827280,-0.00732182,40.1938,1,0.044582,321.827280
2017-02-28,-0.00400650,29.2030,1,0.069450,380.639520,-0.00400650,39.7932,1,0.069450,380.639520
2017-03-01,-0.01173417,28.0295,1,0.052427,339.168120,-0.01173417,38.6198,1,0.052427,339.168120
2017-03-02,-0.01694505,26.3350,1,0.068435,342.784810,0.00773989,39.3938,0,0.000000,0.000000
2017-03-03,-0.01091206,25.2438,1,0.054106,358.560910,-0.01076353,38.3174,1,0.039253,262.073877
2017-03-06,-0.00155454,25.0884,1,0.046724,380.526960,-0.00155454,38.1620,1,0.046724,380.526960
2017-03-07,0.00399106,25.4875,1,0.033774,299.774050,0.00697471,38.8594,0,0.000000,0.000000
2017-03-08,0.00358301,25.8458,1,0.042109,280.263300,0.00360995,39.2204,1,0.039415,299.566113
2017-03-09,0.00264299,26.1101,1,0.044111,300.736450,0.00264299,39.4847,1,0.044111,300.736450
2017-03-10,-0.00038723,26.0714,1,0.045923,300.458870,-0.00038723,39.4460,1,0.045923,300.458870
2017-03-13,0.00344513,26.4159,1,0.047687,321.091160,0.00344513,39.7905,1,0.047687,321.091160
2017-03-14,0.00855703,27.2716,1,0.037317,281.060200,0.00855703,40.6462,1,0.037317,281.060200
2017-03-15,0.00156283,27.4279,1,0.032847,240.704700,0.00156283,40.8025,1,0.032847,240.704700
2017-03-16,-0.00041884,27.3860,1,0.048734,303.039590,0.00561265,41.3638,0,0.000000,0.000000
2017-03-17,-0.00690880,26.6951,1,0.046740,320.155850,-0.00694649,40.6691,1,0.050509,323.246006
2017-03-20,-0.00115863,26.5792,1,0.041273,340.682560,-0.00115863,40.5533,1,0.041273,340.682560
2017-03-21,-0.01276963,25.3023,1,0.040873,299.464790,-0.01276963,39.2763,1,0.040873,299.464790
2017-03-22,-0.01397512,23.9048,1,0.048412,358.392550,0.00153582,39.4299,0,0.000000,0.000000
2017-03-23,-0.00560703,23.3440,1,0.059483,380.896440,-0.00541871,38.8880,1,0.040651,260.019811
2017-03-24,-0.00086145,23.2579,1,0.055885,361.236880,-0.00086145,38.8019,1,0.055885,361.236880
2017-03-27,0.01206060,24.4640,1,0.042710,281.263020,0.01206060,40.0079,1,0.042710,281.263020
2017-03-28,0.00103454,24.5674,1,0.040206,280.962690,0.00103454,40.1114,1,0.040206,280.962690
2017-03-29,0.00312585,24.8800,1,0.045465,281.646340,0.00748134,40.8595,0,0.000000,0.000000
2017-03-30,-0.01066353,23.8136,1,0.039943,260.683930,-0.01059538,39.8000,1,0.033128,261.991612
2017-03-31,-0.01079849,22.7338,1,0.041599,340.271990,-0.01079849,38.7201,1,0.041599,340.271990
2017-04-03,-0.00003461,22.7303,1,0.056211,360.511050,-0.00003461,38.7167,1,0.056211,360.511050
2017-04-04,-0.00561791,22.1685,1,0.060041,339.868850,-0.00561791,38.1549,1,0.060041,339.868850
2017-04-05,-0.00418379,21.7502,1,0.062649,300.151850,-0.00418379,37.7365,1,0.062649,300.151850
2017-04-06,-0.01228740,20.5214,1,0.047500,319.851010,-0.01228740,36.5078,1,0.047500,319.851010
2017-04-07,-0.00385705,20.1357,1,0.059395,401.897020,-0.00385705,36.1220,1,0.059395,401.897020
2017-04-10,-0.01044320,19.0914,1,0.047680,319.667050,-0.01044320,35.0777,1,0.047680,319.667050
2017-04-11,-0.00129527,18.9619,1,0.047507,340.689680,-0.00129527,34.9482,1,0.047507,340.689680
2017-04-12,0.00473923,19.4358,1,0.034177,280.865300,0.00473923,35.4221,1,0.034177,280.865300
2017-04-13,0.00295998,19.7318,1,0.040262,239.879480,0.00295998,35.7181,1,0.040262,239.879480
2017-04-17,-0.00210901,19.5209,1,0.037361,299.209340,-0.00321529,35.3966,0,0.000000,0.000000
2017-04-18,0.00088480,19.6094,1,0.053560,362.358880,-0.00078806,35.3178,0,0.000000,0.000000
2017-04-19,-0.00366597,19.2428,1,0.048207,339.996680,-0.00362613,34.9552,1,0.044223,300.045083
2017-04-20,0.00831505,20.0743,1,0.041555,321.101430,0.00831505,35.7867,1,0.041555,321.101430
2017-04-21,-0.00361616,19.7127,1,0.039626,302.535860,-0.00361616,35.4251,1,0.039626,302.535860
2017-04-24,-0.00036444,19.6762,1,0.046074,299.644430,-0.00036444,35.3886,1,0.046074,299.644430
2017-04-25,0.00269054,19.9453,1,0.048236,302.601970,0.00250964,35.6396,0,0.000000,0.000000
2017-04-26,-0.00549474,19.3958,1,0.047364,302.083290,-0.00539291,35.1003,1,0.037181,302.892277
2017-04-27,0.01031761,20.4276,1,0.050769,340.929190,0.01031761,36.1321,1,0.050769,340.929190
2017-04-28,-0.00468884,19.9587,1,0.052864,361.722450,-0.00468884,35.6632,1,0.052864,361.722450
2017-05-01,-0.00205316,19.7534,1,0.041796,339.550140,-0.00205316,35.4579,1,0.041796,339.550140
2017-05-02,0.00166554,19.9199,1,0.044306,321.216840,0.00166554,35.6244,1,0.044306,321.216840
2017-05-03,-0.00692323,19.2276,1,0.053903,343.566080,-0.00692323,34.9321,1,0.053903,343.566080
2017-05-04,0.00918120,20.1457,1,0.057950,359.586240,0.00918120,35.8502,1,0.057950,359.586240
2017-05-05,0.00139180,20.2849,1,0.047710,321.755450,0.00139180,35.9894,1,0.047710,321.755450
2017-05-08,0.00151570,20.4365,1,0.046250,321.713690,0.00151570,36.1410,1,0.046250,321.713690
2017-05-09,0.00316123,20.7526,1,0.041777,279.816460,0.00316123,36.4571,1,0.041777,279.816460
2017-05-10,-0.00099609,20.6530,1,0.033729,280.939780,-0.00099609,36.3575,1,0.033729,280.939780
2017-05-11,-0.00395361,20.2576,1,0.053531,340.654620,-0.00395361,35.9621,1,0.053531,340.654620
2017-05-12,0.00264852,20.5225,1,0.041458,319.549690,0.00264852,36.2270,1,0.041458,319.549690
2017-05-15,-0.00945259,19.5772,1,0.051209,300.753470,-0.00945259,35.2817,1,0.051209,300.753470
2017-05-16,0.01994067,21.5713,1,0.060153,361.270910,0.00768436,36.0501,0,0.000000,0.000000
2017-05-17,-0.01892318,19.6790,1,0.036008,221.374780,-0.01901394,34.1487,1,0.045084,301.640237
2017-05-18,0.00194928,19.8739,1,0.052052,357.905750,-0.00191686,33.9571,0,0.000000,0.000000
2017-05-19,0.00517995,20.3919,1,0.045995,300.932400,0.00523431,34.4805,1,0.040559,320.133798
2017-05-22,-0.00589550,19.8023,1,0.076050,301.696510,-0.00100273,34.3802,0,0.000000,0.000000
2017-05-23,-0.00969761,18.8326,1,0.050321,341.525940,-0.00360712,34.0195,0,0.000000,0.000000
2017-05-24,-0.00703458,18.1291,1,0.055788,321.278220,-0.00695534,33.3240,1,0.047864,342.503706
2017-05-25,0.00486392,18.6155,1,0.051798,340.833770,0.00486392,33.8104,1,0.051798,340.833770
2017-05-26,-0.00335697,18.2798,1,0.032977,241.443590,-0.00335697,33.4747,1,0.032977,241.443590
2017-05-30,-0.00407134,17.8727,1,0.044934,339.666540,-0.00407134,33.0675,1,0.044934,339.666540
2017-05-31,0.00586953,18.4596,1,0.038397,321.060420,0.00586953,33.6545,1,0.038397,321.060420
2017-06-01,-0.00716398,17.7432,1,0.041878,261.051730,-0.00716398,32.9381,1,0.041878,261.051730
2017-06-02,-0.00383277,17.3600,1,0.059627,342.668600,0.01278573,34.2167,0,0.000000,0.000000
2017-06-05,0.00193774,17.5537,1,0.061506,340.547050,0.00221643,34.4383,1,0.033637,282.393986
2017-06-06,-0.00477495,17.0762,1,0.042855,300.358860,-0.00477495,33.9608,1,0.042855,300.358860
2017-06-07,0.00226336,17.3026,1,0.041064,340.238680,0.00226336,34.1871,1,0.041064,340.238680
2017-06-08,-0.00116496,17.1861,1,0.048816,301.089480,-0.00116496,34.0706,1,0.048816,301.089480
2017-06-09,0.00332786,17.5189,1,0.039184,301.811840,0.00332786,34.4034,1,0.039184,301.811840
2017-06-12,0.02095373,19.6142,1,0.065267,301.117390,0.02095373,36.4988,1,0.065267,301.117390
2017-06-13,-0.00503068,19.1112,1,0.025698,221.912420,-0.00503068,35.9957,1,0.025698,221.912420
2017-06-14,-0.00358064,18.7531,1,0.054994,381.758450,0.00755521,36.7513,0,0.000000,0.000000
2017-06-15,0.00295912,19.0490,1,0.069258,339.996870,0.00322162,37.0734,1,0.043008,281.825672
2017-06-16,-0.00398009,18.6510,1,0.065299,341.214550,-0.00398009,36.6754,1,0.065299,341.214550
2017-06-19,-0.01228805,17.4222,1,0.058385,319.923990,-0.01228805,35.4466,1,0.058385,319.923990
2017-06-20,0.00043386,17.4656,1,0.059634,360.018520,0.00043386,35.4900,1,0.059634,360.018520
2017-06-21,0.00494336,17.9599,1,0.037414,279.653920,0.00494336,35.9843,1,0.037414,279.653920
2017-06-22,0.00156216,18.1161,1,0.051534,300.966630,0.00156216,36.1405,1,0.051534,300.966630
2017-06-23,0.02463518,20.5797,1,0.046732,301.203070,0.02463518,38.6041,1,0.046732,301.203070
2017-06-26,0.00690259,21.2699,1,0.039301,222.753310,0.00690259,39.2943,1,0.039301,222.753310
2017-06-27,0.00833847,22.1038,1,0.057483,281.553380,0.00833847,40.1282,1,0.057483,281.553380
2017-06-28,0.00164023,22.2678,1,0.027767,280.246410,-0.00211266,39.9169,0,0.000000,0.000000
2017-06-29,0.00259706,22.5275,1,0.072414,302.941450,0.01132301,41.0492,0,0.000000,0.000000
2017-06-30,-0.00189661,22.3378,1,0.046051,319.156720,-0.00614569,40.4346,0,0.000000,0.000000
2017-07-03,-0.00843865,21.4940,1,0.034335,320.687590,-0.00846347,39.5883,1,0.036817,339.800162
2017-07-05,-0.02047001,19.4470,1,0.084641,361.592230,-0.02047001,37.5413,1,0.084641,361.592230
2017-07-06,0.00265605,19.7126,1,0.056855,359.812120,0.00265605,37.8069,1,0.056855,359.812120
2017-07-07,-0.00203771,19.5088,1,0.042401,319.501920,0.00085234,37.8921,0,0.000000,0.000000
2017-07-10,-0.00510202,18.9986,1,0.033122,301.887730,0.00220799,38.1129,0,0.000000,0.000000
2017-07-11,0.00146026,19.1446,1,0.045204,340.650520,0.00160576,38.2735,1,0.030654,301.095255
2017-07-12,0.00234551,19.3792,1,0.040829,300.511570,0.00234551,38.5081,1,0.040829,300.511570
2017-07-13,-0.00044410,19.3348,1,0.037640,321.661760,0.00403820,38.9119,0,0.000000,0.000000
2017-07-14,-0.00150004,19.1848,1,0.046054,301.033090,-0.00140926,38.7709,1,0.036976,282.663301
2017-07-17,-0.00730609,18.4541,1,0.036709,301.397570,-0.00730609,38.0403,1,0.036709,301.397570
2017-07-18,-0.00275695,18.1785,1,0.044175,380.414480,-0.00275695,37.7646,1,0.044175,380.414480
2017-07-19,-0.00182987,17.9955,1,0.049997,320.074840,-0.00182987,37.5817,1,0.049997,320.074840
2017-07-20,0.00188403,18.1839,1,0.037827,281.495230,0.01390373,38.9720,0,0.000000,0.000000
2017-07-21,-0.00161267,18.0226,1,0.048627,340.479170,-0.00144361,38.8277,1,0.031721,202.456618
2017-07-24,-0.00797449,17.2252,1,0.034559,280.849160,-0.00797449,38.0302,1,0.034559,280.849160
2017-07-25,0.00536739,17.7619,1,0.041331,359.842490,0.00536739,38.5670,1,0.041331,359.842490
2017-07-26,0.00679700,18.4416,1,0.036090,321.237090,0.00679700,39.2467,1,0.036090,321.237090
2017-07-27,-0.00573040,17.8686,1,0.043420,320.899130,-0.00573040,38.6736,1,0.043420,320.899130
2017-07-28,-0.01411674,16.4569,1,0.046084,359.416660,-0.01411674,37.2619,1,0.046084,359.416660
2017-07-31,-0.00905313,15.5516,1,0.050643,399.019610,-0.00905313,36.3566,1,0.050643,399.019610
2017-08-01,-0.00676626,14.8749,1,0.064826,358.964890,-0.00676626,35.6800,1,0.064826,358.964890
2017-08-02,0.00034575,14.9095,1,0.073725,360.660360,0.00034575,35.7146,1,0.073725,360.660360
2017-08-03,-0.00290209,14.6193,1,0.049049,320.122720,-0.00290209,35.4244,1,0.049049,320.122720
2017-08-04,0.00452888,15.0722,1,0.048742,340.144420,0.00452888,35.8773,1,0.048742,340.144420
2017-08-07,0.00625215,15.6974,1,0.038355,321.303850,0.00625215,36.5025,1,0.038355,321.303850
2017-08-08,0.02560945,18.2584,1,0.048265,282.144890,0.02560945,39.0634,1,0.048265,282.144890
2017-08-09,-0.00645415,17.6129,1,0.027695,242.985470,-0.00645415,38.4180,1,0.027695,242.985470
2017-08-10,0.00897865,18.5108,1,0.055005,359.485560,0.00897865,39.3159,1,0.055005,359.485560
2017-08-11,-0.00705914,17.8049,1,0.051894,279.280690,0.00473688,39.7896,0,0.000000,0.000000
2017-08-14,-0.00590165,17.2147,1,0.047825,359.976940,-0.00595826,39.1937,1,0.053486,298.705918
2017-08-15,-0.00049735,17.1650,1,0.057845,321.758200,-0.00075205,39.1185,0,0.000000,0.000000
2017-08-16,-0.00415934,16.7491,1,0.074954,281.197810,-0.00396302,38.7222,1,0.055322,302.436120
2017-08-17,-0.01879947,14.8691,1,0.035657,320.939900,-0.01879947,36.8423,1,0.035657,320.939900
2017-08-18,-0.00237793,14.6313,1,0.041293,357.860930,-0.00405967,36.4363,0,0.000000,0.000000
2017-08-21,-0.00216534,14.4148,1,0.044294,339.610040,-0.00211288,36.2250,1,0.039048,317.643411
2017-08-22,-0.00716575,13.6982,1,0.041145,320.974260,-0.00716575,35.5084,1,0.041145,320.974260
2017-08-23,0.00403506,14.1017,1,0.055594,342.019930,-0.00606840,34.9016,0,0.000000,0.000000
2017-08-24,-0.00376602,13.7251,1,0.038192,300.855020,-0.00401801,34.4998,1,0.063391,342.604780
2017-08-25,-0.00456139,13.2690,1,0.039369,340.342570,-0.00456139,34.0437,1,0.039369,340.342570
2017-08-28,-0.00494246,12.7747,1,0.053166,281.672170,-0.00494246,33.5494,1,0.053166,281.672170
2017-08-29,0.00390443,13.1652,1,0.050007,360.093980,0.00390443,33.9399,1,0.050007,360.093980
2017-08-30,0.00280003,13.4452,1,0.056167,280.194610,0.00280003,34.2199,1,0.056167,280.194610
2017-08-31,-0.00236070,13.2091,1,0.038570,301.283130,-0.00236070,33.9838,1,0.038570,301.283130
2017-09-01,0.00160783,13.3699,1,0.035587,302.247280,0.00160783,34.1446,1,0.035587,302.247280
2017-09-05,-0.00748170,12.6217,1,0.083460,341.295550,-0.00748170,33.3964,1,0.083460,341.295550
2017-09-06,-0.00783144,11.8386,1,0.043444,339.127270,-0.00783144,32.6133,1,0.043444,339.127270
2017-09-07,-0.00351670,11.4869,1,0.046390,340.740040,-0.00351670,32.2616,1,0.046390,340.740040
2017-09-08,-0.00183826,11.3031,1,0.071666,320.411960,-0.00183826,32.0778,1,0.071666,320.411960
2017-09-11,-0.01122767,10.1803,1,0.110757,322.016480,-0.01122767,30.9550,1,0.110757,322.016480
2017-09-12,0.00358740,10.5391,1,0.058690,341.540050,0.00762522,31.7175,0,0.000000,0.000000
2017-09-13,-0.00095415,10.4436,1,0.040185,321.726190,-0.00088799,31.6287,1,0.033569,282.831366
2017-09-14,-0.00138947,10.3047,1,0.030597,319.225950,-0.00138947,31.4898,1,0.030597,319.225950
2017-09-15,0.00466252,10.7709,1,0.047578,340.112430,0.00466252,31.9560,1,0.047578,340.112430
2017-09-18,0.01167351,11.9383,1,0.048759,281.281570,0.01167351,33.1234,1,0.048759,281.281570
2017-09-19,0.00832856,12.7711,1,0.028354,261.625510,0.00832856,33.9562,1,0.028354,261.625510
2017-09-20,-0.00951245,11.8199,1,0.023115,241.181590,-0.00951245,33.0050,1,0.023115,241.181590
2017-09-21,0.00448464,12.2684,1,0.059786,379.950170,0.00448464,33.4535,1,0.059786,379.950170
2017-09-22,-0.00207555,12.0608,1,0.048415,240.519270,-0.00207555,33.2459,1,0.048415,240.519270
2017-09-25,-0.00285366,11.7754,1,0.051426,300.399480,-0.00285366,32.9605,1,0.051426,300.399480
2017-09-26,0.00323973,12.0994,1,0.040977,340.602880,0.00323973,33.2845,1,0.040977,340.602880
2017-09-27,-0.00741527,11.3579,1,0.026617,281.295430,-0.00741527,32.5430,1,0.026617,281.295430
2017-09-28,0.00403554,11.7614,1,0.041066,361.494910,0.00403554,32.9465,1,0.041066,361.494910
2017-09-29,-0.00208115,11.5533,1,0.032015,281.255380,-0.00208115,32.7384,1,0.032015,281.255380
2017-10-02,-0.01053101,10.5002,1,0.033621,300.745460,-0.01053101,31.6853,1,0.033621,300.745460
2017-10-03,-0.00247199,10.2530,1,0.036709,321.156340,-0.00247199,31.4381,1,0.036709,321.156340
2017-10-04,-0.00199757,10.0533,1,0.039817,320.999850,-0.00199757,31.2384,1,0.039817,320.999850
2017-10-05,-0.00063179,9.9901,1,0.034239,320.750140,-0.00063179,31.1752,1,0.034239,320.750140
2017-10-06,-0.00563358,9.4267,1,0.034468,320.818080,-0.00563358,30.6118,1,0.034468,320.818080
2017-10-09,0.00404717,9.8315,1,0.030503,339.782310,0.00404717,31.0165,1,0.030503,339.782310
2017-10-10,0.00848711,10.6802,1,0.035909,319.908040,0.00848711,31.8653,1,0.035909,319.908040
2017-10-11,0.00032731,10.7129,1,0.028359,301.314780,0.00032731,31.8980,1,0.028359,301.314780
2017-10-12,0.00000807,10.7137,1,0.034083,300.505070,0.00000807,31.8988,1,0.034083,300.505070
2017-10-13,-0.01006964,9.7067,1,0.036814,320.894310,-0.01006964,30.8918,1,0.036814,320.894310
2017-10-16,0.00616844,10.3236,1,0.056656,399.654310,0.00616844,31.5087,1,0.056656,399.654310
2017-10-17,-0.01023125,9.3005,1,0.061125,280.852160,-0.01023125,30.4856,1,0.061125,280.852160
2017-10-18,0.00221875,9.5223,1,0.044315,360.424660,0.00221875,30.7074,1,0.044315,360.424660
2017-10-19,-0.00089594,9.4327,1,0.034504,281.495790,-0.00089594,30.6178,1,0.034504,281.495790
2017-10-20,0.01629987,11.0627,1,0.054953,320.612750,0.01629987,32.2478,1,0.054953,320.612750
2017-10-23,-0.00645787,10.4169,1,0.030547,222.899700,-0.00986500,31.2613,0,0.000000,0.000000
2017-10-24,-0.00511253,9.9057,1,0.038923,380.044580,-0.00508565,30.7528,1,0.036235,383.273071
2017-10-25,-0.00634648,9.2710,1,0.039088,340.868310,-0.00634648,30.1181,1,0.039088,340.868310
2017-10-26,-0.00067994,9.2030,1,0.040244,338.828180,-0.00067994,30.0501,1,0.040244,338.828180
2017-10-27,-0.00363963,8.8391,1,0.035123,321.758830,-0.00363963,29.6861,1,0.035123,321.758830
2017-10-30,-0.00620658,8.2184,1,0.076078,341.753400,-0.00620658,29.0655,1,0.076078,341.753400
2017-10-31,-0.00465451,7.7530,1,0.043651,358.008600,0.00372348,29.4378,0,0.000000,0.000000
2017-11-01,-0.00759247,6.9937,1,0.049637,300.664900,-0.00757636,28.6802,1,0.048026,299.775903
2017-11-02,0.02323445,9.3172,1,0.077355,361.167110,0.02323445,31.0036,1,0.077355,361.167110
2017-11-03,0.00112360,9.4295,1,0.036970,242.474100,0.00112360,31.1160,1,0.036970,242.474100
2017-11-06,-0.00530734,8.8988,1,0.045674,362.290290,-0.00530734,30.5853,1,0.045674,362.290290
2017-11-07,-0.00374294,8.5245,1,0.034874,280.154760,-0.00374294,30.2110,1,0.034874,280.154760
2017-11-08,-0.00212832,8.3117,1,0.037662,319.589340,-0.00212832,29.9981,1,0.037662,319.589340
2017-11-09,0.00433769,8.7454,1,0.031411,300.788970,0.00433769,30.4319,1,0.031411,300.788970
2017-11-10,-0.00290120,8.4553,1,0.036630,300.811240,-0.00290120,30.1418,1,0.036630,300.811240
2017-11-13,0.00019811,8.4751,1,0.043649,379.756230,0.00019811,30.1616,1,0.043649,379.756230
2017-11-14,0.01247276,9.7224,1,0.072854,301.266300,0.01247276,31.4089,1,0.072854,301.266300
2017-11-15,0.00418922,10.1413,1,0.039418,261.808250,0.00418922,31.8278,1,0.039418,261.808250
2017-11-16,0.01163180,11.3045,1,0.034170,280.469960,0.01163180,32.9910,1,0.034170,280.469960
2017-11-17,-0.00089352,11.2152,1,0.072022,303.022010,0.00298982,33.2900,0,0.000000,0.000000
2017-11-20,0.00268880,11.4840,1,0.051110,320.195350,0.00265468,33.5554,1,0.054522,342.711867
2017-11-21,-0.00089388,11.3946,1,0.039508,300.488410,-0.00089388,33.4660,1,0.039508,300.488410
2017-11-22,-0.00192480,11.2022,1,0.058280,340.838780,-0.00192480,33.2736,1,0.058280,340.838780
2017-11-24,-0.00302798,10.8994,1,0.050018,319.916740,-0.00302798,32.9708,1,0.050018,319.916740
2017-11-27,-0.00203967,10.6954,1,0.056097,320.537500,-0.00203967,32.7668,1,0.056097,320.537500
2017-11-28,0.00493778,11.1892,1,0.037732,320.431590,0.00493778,33.2606,1,0.037732,320.431590
2017-11-29,0.01438277,12.6275,1,0.049693,281.959890,0.00309819,33.5704,0,0.000000,0.000000
2017-11-30,-0.00031410,12.5960,1,0.030820,283.669170,-0.00033173,33.5372,1,0.032583,304.632001
2017-12-01,-0.00295895,12.3002,1,0.040505,362.061950,0.00149555,33.6868,0,0.000000,0.000000
2017-12-04,-0.00000044,12.3001,1,0.034104,339.644890,-0.00016267,33.6705,1,0.050327,301.680543
2017-12-05,-0.01181679,11.1184,1,0.034499,302.227720,-0.01181679,32.4888,1,0.034499,302.227720
2017-12-06,-0.00752651,10.3658,1,0.048941,358.379620,-0.00752651,31.7362,1,0.048941,358.379620
2017-12-07,0.00064042,10.4298,1,0.030638,282.164810,0.00064042,31.8002,1,0.030638,282.164810
2017-12-08,0.00888387,11.3182,1,0.041753,322.119500,0.00888387,32.6886,1,0.041753,322.119500
2017-12-11,-0.00161629,11.1566,1,0.026719,201.753800,-0.01578251,31.1104,0,0.000000,0.000000
2017-12-12,-0.01164980,9.9916,1,0.058460,320.301130,-0.01172358,29.9380,1,0.065838,401.347513
2017-12-13,0.00086377,10.0780,1,0.050823,359.713560,0.00086377,30.0244,1,0.050823,359.713560
2017-12-14,-0.00571223,9.5068,1,0.050733,300.950040,-0.00571223,29.4532,1,0.050733,300.950040
2017-12-15,0.00588131,10.0949,1,0.047159,358.690110,-0.00387960,29.0652,0,0.000000,0.000000
2017-12-18,-0.00544659,9.5502,1,0.035689,262.396150,0.00560913,29.6261,0,0.000000,0.000000
2017-12-19,-0.00146688,9.4035,1,0.049338,362.108410,-0.00129927,29.4962,1,0.032577,301.994625
2017-12-20,0.00716570,10.1201,1,0.049470,339.431790,0.00716570,30.2128,1,0.049470,339.431790
2017-12-21,0.00870284,10.9904,1,0.035326,260.645040,0.00870284,31.0830,1,0.035326,260.645040
2017-12-22,-0.00120967,10.8694,1,0.029757,240.457250,-0.00120967,30.9621,1,0.029757,240.457250
2017-12-26,-0.00031856,10.8376,1,0.045416,340.199750,-0.00031856,30.9302,1,0.045416,340.199750
2017-12-27,0.00035860,10.8734,1,0.049720,341.141940,0.00035860,30.9661,1,0.049720,341.141940
2017-12-28,-0.00448970,10.4245,1,0.036830,320.409220,-0.00448970,30.5171,1,0.036830,320.409220
2017-12-29,-0.00386828,10.0376,1,0.042228,360.608000,-0.00386828,30.1303,1,0.042228,360.608000
2018-01-02,-0.00963069,9.0746,1,0.028539,319.410840,-0.00963069,29.1672,1,0.028539,319.410840
2018-01-03,0.00636374,9.7109,1,0.071406,381.297830,0.00636374,29.8036,1,0.071406,381.297830
2018-01-04,0.01023222,10.7342,1,0.042658,261.841600,0.01023222,30.8268,1,0.042658,261.841600
2018-01-05,0.00471343,11.2055,1,0.018387,221.758300,0.00471343,31.2981,1,0.018387,221.758300
2018-01-08,0.00012774,11.2183,1,0.026776,281.703570,0.00012774,31.3109,1,0.026776,281.703570
2018-01-09,0.00284441,11.5027,1,0.053159,261.237190,0.00284441,31.5954,1,0.053159,261.237190
2018-01-10,0.00960407,12.4631,1,0.057593,321.165240,0.00960407,32.5558,1,0.057593,321.165240
2018-01-11,0.01236237,13.6994,1,0.021563,221.035440,0.01236237,33.7920,1,0.021563,221.035440
2018-01-12,0.00733038,14.4324,1,0.025892,243.363780,0.00733038,34.5250,1,0.025892,243.363780
2018-01-16,0.00097906,14.5303,1,0.021984,241.582150,0.00097906,34.6229,1,0.021984,241.582150
2018-01-17,0.00765280,15.2956,1,0.040400,360.015470,0.00765280,35.3882,1,0.040400,360.015470
2018-01-18,0.00942939,16.2385,1,0.028581,262.559980,0.00082352,35.4706,0,0.000000,0.000000
2018-01-19,0.00502910,16.7414,1,0.025260,241.037440,0.00493668,35.9642,1,0.034502,322.815515
2018-01-22,0.00005422,16.7469,1,0.033028,301.429010,0.00005422,35.9697,1,0.033028,301.429010
2018-01-23,0.00161777,16.9086,1,0.043273,321.494030,0.00161777,36.1314,1,0.043273,321.494030
2018-01-24,-0.00687091,16.2215,1,0.040001,340.960490,-0.00687091,35.4444,1,0.040001,340.960490
2018-01-25,0.00458225,16.6798,1,0.035065,380.317310,0.00458225,35.9026,1,0.035065,380.317310
2018-01-26,-0.00717347,15.9624,1,0.028197,281.358330,-0.00717347,35.1852,1,0.028197,281.358330
2018-01-29,0.00044856,16.0073,1,0.031794,321.939790,-0.00319484,34.8657,0,0.000000,0.000000
2018-01-30,0.00334970,16.3422,1,0.032630,319.244730,0.01086741,35.9525,0,0.000000,0.000000
2018-01-31,0.00348811,16.6911,1,0.034569,319.242640,0.00332551,36.2850,0,0.000000,0.000000
2018-02-01,-0.01294281,15.3968,1,0.049411,320.549520,-0.01285049,35.0000,1,0.040179,281.071571
2018-02-02,-0.00984765,14.4120,1,0.086995,339.394070,-0.00984765,34.0152,1,0.086995,339.394070
2018-02-05,0.00281921,14.6939,1,0.031469,337.129330,-0.01179614,32.8356,0,0.000000,0.000000
2018-02-06,-0.00910649,13.7833,1,0.038389,316.040970,0.00938726,33.7743,0,0.000000,0.000000
2018-02-07,-0.00817063,12.9662,1,0.036973,342.427320,-0.00810041,32.9643,1,0.029951,275.805714
2018-02-08,-0.00459521,12.5067,1,0.046851,379.101430,-0.00459521,32.5048,1,0.046851,379.101430
2018-02-09,0.00090184,12.5969,1,0.038746,335.732710,-0.00521179,31.9836,0,0.000000,0.000000
2018-02-12,-0.01586617,11.0103,1,0.050917,303.690530,0.00124314,32.1079,0,0.000000,0.000000
2018-02-13,0.00047920,11.0582,1,0.072480,383.030740,0.00098179,32.2061,0,0.000000,0.000000
2018-02-14,0.00312746,11.3709,1,0.030214,301.386160,0.00283968,32.4901,1,0.058992,299.549072
2018-02-15,-0.01737374,9.6336,1,0.051414,323.187860,-0.01737374,30.7527,1,0.051414,323.187860
2018-02-16,0.00487633,10.1212,1,0.040227,341.937760,0.00487633,31.2403,1,0.040227,341.937760
2018-02-20,-0.01170538,8.9507,1,0.038198,260.723700,-0.01170538,30.0698,1,0.038198,260.723700
2018-02-21,-0.01355581,7.5951,1,0.054301,339.847820,-0.01355581,28.7142,1,0.054301,339.847820
2018-02-22,-0.01986133,5.6089,1,0.070493,319.674280,-0.01986133,26.7281,1,0.070493,319.674280
2018-02-23,0.00579533,6.1885,1,0.071547,400.335520,0.00579533,27.3076,1,0.071547,400.335520
2018-02-26,-0.00002661,6.1858,1,0.030091,263.574680,-0.00476364,26.8312,0,0.000000,0.000000
2018-02-27,-0.00394810,5.7910,1,0.050620,321.308650,-0.00397332,26.4339,1,0.053142,345.014677
2018-02-28,-0.00634924,5.1561,1,0.036374,299.328090,-0.00045970,26.3879,0,0.000000,0.000000
2018-03-01,-0.00123723,5.0324,1,0.053213,318.936630,0.00465001,26.8529,0,0.000000,0.000000
2018-03-02,-0.00101088,4.9313,1,0.068248,319.694650,-0.00069523,26.7834,1,0.036683,277.159956
2018-03-05,-0.00885270,4.0460,1,0.054590,341.919000,-0.00885270,25.8981,1,0.054590,341.919000
2018-03-06,-0.00356301,3.6897,1,0.048711,341.887800,0.00590406,26.4885,0,0.000000,0.000000
2018-03-07,-0.00176138,3.5136,1,0.064898,301.311410,-0.00164934,26.3236,1,0.053694,322.809137
2018-03-08,-0.00482545,3.0310,1,0.046715,340.561300,-0.00482545,25.8411,1,0.046715,340.561300
2018-03-09,-0.00330458,2.7006,1,0.030718,301.404850,-0.00330458,25.5106,1,0.030718,301.404850
2018-03-12,-0.00861243,1.8393,1,0.034983,342.545680,-0.00211392,25.2992,0,0.000000,0.000000
2018-03-13,0.00067963,1.9073,1,0.041397,360.785840,0.00076267,25.3755,1,0.033093,322.854671
2018-03-14,-0.00352230,1.5550,1,0.045270,340.423080,-0.00352230,25.0233,1,0.045270,340.423080
2018-03-15,0.00281734,1.8368,1,0.045466,318.774260,0.00281734,25.3050,1,0.045466,318.774260
2018-03-16,0.00600968,2.4377,1,0.037262,340.079340,0.00600968,25.9060,1,0.037262,340.079340
2018-03-19,-0.00076483,2.3613,1,0.032223,321.877030,-0.00076483,25.8295,1,0.032223,321.877030
2018-03-20,-0.00012760,2.3485,1,0.033670,298.879280,-0.00255129,25.5743,0,0.000000,0.000000
2018-03-21,-0.00683049,1.6655,1,0.028899,280.540410,-0.00693141,24.8812,1,0.038991,339.019081
2018-03-22,-0.00816361,0.8491,1,0.042341,360.646430,-0.00816361,24.0648,1,0.042341,360.646430
2018-03-23,0.01530284,2.3794,1,0.040376,356.547100,0.00188688,24.2535,0,0.000000,0.000000
2018-03-26,-0.01753484,0.6259,1,0.025384,220.135780,0.00103515,24.3570,0,0.000000,0.000000
2018-03-27,-0.02439846,-1.8140,1,0.039256,384.896560,-0.01326203,23.0308,0,0.000000,0.000000
2018-03-28,0.02134793,0.3208,1,0.045017,397.518370,0.02140804,25.1716,1,0.039006,336.340344
2018-03-29,-0.01030188,-0.7094,1,0.041428,242.161490,-0.01030188,24.1415,1,0.041428,242.161490
2018-04-02,-0.02008086,-2.7174,1,0.054316,322.900940,0.00875545,25.0170,0,0.000000,0.000000
2018-04-03,-0.00088723,-2.8062,1,0.047313,357.081690,0.00160157,25.1772,0,0.000000,0.000000
2018-04-04,-0.00424598,-3.2308,1,0.037578,322.663350,-0.00012760,25.1644,0,0.000000,0.000000
2018-04-05,-0.00505600,-3.7364,1,0.036180,322.712280,-0.00891939,24.2725,0,0.000000,0.000000
2018-04-06,-0.00335265,-4.0716,1,0.044835,301.486200,-0.00348052,23.9244,1,0.057622,364.442109
2018-04-09,-0.00246570,-4.3182,1,0.052520,336.421350,0.00138116,24.0625,0,0.000000,0.000000
2018-04-10,0.01255178,-3.0630,1,0.035452,320.651290,0.01252269,25.3148,1,0.038361,297.583377
2018-04-11,-0.00078556,-3.1416,1,0.026946,243.984990,-0.00564046,24.7508,0,0.000000,0.000000
2018-04-12,-0.00561410,-3.7030,1,0.034540,299.819110,-0.00565978,24.1848,1,0.039108,342.875857
2018-04-13,-0.01395557,-5.0985,1,0.044327,361.566330,-0.01395557,22.7892,1,0.044327,361.566330
2018-04-16,-0.00671442,-5.7700,1,0.045912,379.842410,-0.00671442,22.1178,1,0.045912,379.842410
2018-04-17,0.00000405,-5.7696,1,0.035725,342.724330,-0.00065786,22.0520,0,0.000000,0.000000
2018-04-18,-0.00338740,-6.1083,1,0.038840,322.210890,-0.00330122,21.7219,1,0.030222,304.966526
2018-04-19,0.00221920,-5.8864,1,0.036180,341.209580,0.00221920,21.9438,1,0.036180,341.209580
2018-04-20,0.00855501,-5.0309,1,0.041459,319.647860,0.00515930,22.4597,0,0.000000,0.000000
2018-04-23,-0.00011328,-5.0422,1,0.036418,220.214720,-0.00682360,21.7774,0,0.000000,0.000000
2018-04-24,0.00891406,-4.1508,1,0.035254,301.569110,0.00887522,22.6649,1,0.039138,338.667761
2018-04-25,-0.00145666,-4.2965,1,0.038876,319.945400,-0.00145666,22.5192,1,0.038876,319.945400
2018-04-26,-0.00490061,-4.7865,1,0.050851,341.800450,-0.00490061,22.0292,1,0.050851,341.800450
2018-04-27,-0.00147352,-4.9339,1,0.054152,381.586790,-0.00147352,21.8818,1,0.054152,381.586790
2018-04-30,-0.00116463,-5.0504,1,0.054913,359.993440,-0.00116463,21.7653,1,0.054913,359.993440
2018-05-01,0.00061680,-4.9887,1,0.063910,319.836790,0.00430338,22.1957,0,0.000000,0.000000
2018-05-02,-0.00737435,-5.7261,1,0.069485,301.138710,-0.00692254,21.5034,1,0.024304,260.335060
2018-05-03,0.00208949,-5.5172,1,0.047171,319.374230,0.00208949,21.7124,1,0.047171,319.374230
2018-05-04,-0.00410631,-5.9278,1,0.067971,340.711080,-0.00410631,21.3017,1,0.067971,340.711080
2018-05-07,0.00459884,-5.4679,1,0.048256,362.731420,-0.00889355,20.4124,0,0.000000,0.000000
2018-05-08,0.01884143,-3.5838,1,0.029137,241.108700,0.01875060,22.2874,1,0.038220,362.897552
2018-05-09,0.00382175,-3.2016,1,0.036685,222.496620,0.00382175,22.6696,1,0.036685,222.496620
2018-05-10,-0.00398874,-3.6005,1,0.030994,261.027560,-0.00398874,22.2707,1,0.030994,261.027560
2018-05-11,0.00517180,-3.0833,1,0.040500,342.341960,-0.00411319,21.8594,0,0.000000,0.000000
2018-05-14,-0.01382291,-4.4656,1,0.031071,241.218660,-0.01391210,20.4682,1,0.039990,362.995911
2018-05-15,0.01474232,-2.9913,1,0.047238,341.248700,0.01474232,21.9424,1,0.047238,341.248700
2018-05-16,0.00511199,-2.4801,1,0.033361,261.545770,0.00511199,22.4536,1,0.033361,261.545770
2018-05-17,-0.00051492,-2.5316,1,0.030382,281.857340,-0.00051492,22.4022,1,0.030382,281.857340
2018-05-18,-0.00162648,-2.6943,1,0.030878,300.760350,-0.00162648,22.2395,1,0.030878,300.760350
2018-05-21,0.00993667,-1.7006,1,0.029533,301.141650,0.00993667,23.2332,1,0.029533,301.141650
2018-05-22,0.00288843,-1.4118,1,0.035137,282.499340,0.00288843,23.5220,1,0.035137,282.499340
2018-05-23,-0.00655646,-2.0674,1,0.039316,300.589920,-0.00655646,22.8664,1,0.039316,300.589920
2018-05-24,-0.00302644,-2.3701,1,0.041334,340.265250,-0.00302644,22.5637,1,0.041334,340.265250
2018-05-25,0.00199656,-2.1704,1,0.042574,320.737070,0.00199656,22.7634,1,0.042574,320.737070
2018-05-29,0.01336689,-0.8337,1,0.035731,281.532110,0.01336689,24.1001,1,0.035731,281.532110
2018-05-30,-0.00556539,-1.3903,1,0.036899,260.075300,-0.00556539,23.5435,1,0.036899,260.075300
2018-05-31,0.00460028,-0.9302,1,0.060202,362.787200,-0.00077217,23.4663,0,0.000000,0.000000
2018-06-01,-0.00812124,-1.7424,1,0.032664,299.623670,-0.00645447,22.8209,0,0.000000,0.000000
2018-06-04,0.00208446,-1.5339,1,0.040084,321.251600,0.00188406,23.0093,1,0.060124,382.617762
2018-06-05,0.00455780,-1.0781,1,0.028500,261.880450,0.00455780,23.4651,1,0.028500,261.880450
2018-06-06,0.00624189,-0.4539,1,0.038781,261.049120,0.00624189,24.0892,1,0.038781,261.049120
2018-06-07,-0.00100055,-0.5540,1,0.038455,322.296230,-0.00100055,23.9892,1,0.038455,322.296230
2018-06-08,0.00206539,-0.3475,1,0.037581,340.386500,0.00206539,24.1957,1,0.037581,340.386500
2018-06-11,-0.00456747,-0.8042,1,0.037067,322.003000,-0.00035073,24.1607,0,0.000000,0.000000
2018-06-12,0.00100094,-0.7041,1,0.044196,340.706040,0.00109017,24.2697,1,0.035273,342.142234
2018-06-13,-0.00274650,-0.9788,1,0.040220,281.792230,-0.00274650,23.9950,1,0.040220,281.792230
2018-06-14,-0.00305614,-1.2844,1,0.057554,318.695710,-0.00305614,23.6894,1,0.057554,318.695710
2018-06-15,0.00336339,-0.9480,1,0.040801,321.197280,0.00336339,24.0257,1,0.040801,321.197280
2018-06-18,0.00310671,-0.6374,1,0.034629,300.433160,0.00310671,24.3364,1,0.034629,300.433160
2018-06-19,0.00774100,0.1367,1,0.032640,300.818760,0.00774100,25.1105,1,0.032640,300.818760
2018-06-20,-0.00100294,0.0364,1,0.034964,260.147440,-0.00100294,25.0102,1,0.034964,260.147440
2018-06-21,0.00959736,0.9962,1,0.043094,301.329710,0.00959736,25.9700,1,0.043094,301.329710
2018-06-22,0.01299217,2.2954,1,0.025083,260.718170,0.01299217,27.2692,1,0.025083,260.718170
2018-06-25,0.00655953,2.9513,1,0.030957,261.758900,0.00655953,27.9251,1,0.030957,261.758900
2018-06-26,-0.00551920,2.3994,1,0.037690,319.321830,-0.00551920,27.3732,1,0.037690,319.321830
2018-06-27,-0.00020413,2.3790,1,0.034693,360.243610,-0.00020413,27.3528,1,0.034693,360.243610
2018-06-28,-0.00116770,2.2622,1,0.051980,319.127980,0.00286450,27.6392,0,0.000000,0.000000
2018-06-29,0.00257572,2.5198,1,0.036338,341.549250,0.00261464,27.9007,1,0.032446,318.740857
2018-07-02,-0.00337420,2.1824,1,0.047570,260.803310,-0.00337420,27.5633,1,0.047570,260.803310
2018-07-03,-0.01053377,1.1290,1,0.063087,320.347270,-0.01053377,26.5099,1,0.063087,320.347270
2018-07-05,-0.00283390,0.8456,1,0.084750,399.559350,-0.00283390,26.2265,1,0.084750,399.559350
2018-07-06,0.00217455,1.0631,1,0.039795,302.198240,-0.00188636,26.0379,0,0.000000,0.000000
2018-07-09,0.00004553,1.0676,1,0.028107,281.166290,-0.00173701,25.8642,0,0.000000,0.000000
2018-07-10,-0.00484991,0.5826,1,0.034931,342.949680,-0.00495288,25.3689,1,0.045228,325.594188
2018-07-11,0.00224130,0.8068,1,0.042090,380.390460,0.00224130,25.5930,1,0.042090,380.390460
2018-07-12,-0.00325801,0.4810,1,0.033681,299.153720,-0.00325801,25.2672,1,0.033681,299.153720
2018-07-13,0.00250160,0.7311,1,0.033350,301.567100,0.00250160,25.5174,1,0.033350,301.567100
2018-07-16,-0.00553213,0.1779,1,0.032113,300.901490,-0.00553213,24.9642,1,0.032113,300.901490
2018-07-17,0.00180027,0.3580,1,0.037233,340.084640,0.00180027,25.1442,1,0.037233,340.084640
2018-07-18,0.00206712,0.5647,1,0.071748,341.462840,0.00206712,25.3509,1,0.071748,341.462840
2018-07-19,-0.01947281,-1.3826,1,0.046961,301.191480,-0.01947281,23.4036,1,0.046961,301.191480
2018-07-20,0.00103573,-1.2790,1,0.039437,359.814960,0.00103573,23.5072,1,0.039437,359.814960
2018-07-23,-0.00204091,-1.4831,1,0.045741,300.252590,-0.00204091,23.3031,1,0.045741,300.252590
2018-07-24,-0.00808692,-2.2918,1,0.049242,340.657650,-0.00808692,22.4944,1,0.049242,340.657650
2018-07-25,0.00349829,-1.9420,1,0.033451,321.960590,0.00349829,22.8443,1,0.033451,321.960590
2018-07-26,-0.00007321,-1.9493,1,0.026751,303.012280,-0.00007321,22.8369,1,0.026751,303.012280
2018-07-27,0.02243645,0.2943,1,0.036135,342.125950,0.02243645,25.0806,1,0.036135,342.125950
2018-07-30,0.00573713,0.8680,1,0.035147,241.088920,0.00573713,25.6543,1,0.035147,241.088920
2018-07-31,0.00624450,1.4925,1,0.034500,259.930540,0.00624450,26.2787,1,0.034500,259.930540
2018-08-01,-0.00448418,1.0441,1,0.052558,282.169350,-0.00448418,25.8303,1,0.052558,282.169350
2018-08-02,0.01265113,2.3092,1,0.062477,340.177940,0.01265113,27.0954,1,0.062477,340.177940
2018-08-03,-0.01389759,0.9194,1,0.042569,262.729890,-0.01389759,25.7057,1,0.042569,262.729890
2018-08-06,-0.00209052,0.7104,1,0.042622,359.951990,-0.00209052,25.4966,1,0.042622,359.951990
2018-08-07,-0.00567414,0.1430,1,0.036694,341.076890,-0.00567414,24.9292,1,0.036694,341.076890
2018-08-08,-0.00883834,-0.7409,1,0.034594,300.902220,-0.00883834,24.0454,1,0.034594,300.902220
2018-08-09,-0.00072404,-0.8133,1,0.044434,359.655920,-0.00072404,23.9730,1,0.044434,359.655920
2018-08-10,0.01185618,0.3723,1,0.031862,300.770030,0.01185618,25.1586,1,0.031862,300.770030
2018-08-13,0.00208405,0.5807,1,0.021545,240.356680,0.00824331,25.9829,0,0.000000,0.000000
2018-08-14,0.00326610,0.9074,1,0.026590,281.403290,0.00324281,26.3072,1,0.028919,299.690427
2018-08-15,0.00339792,1.2471,1,0.029688,282.020000,0.00661578,26.9688,0,0.000000,0.000000
2018-08-16,-0.00485999,0.7611,1,0.026139,280.275840,-0.00489347,26.4794,1,0.029487,302.045247
2018-08-17,-0.00531253,0.2299,1,0.038003,321.508980,-0.00531253,25.9482,1,0.038003,321.508980
2018-08-20,0.00389843,0.6197,1,0.042837,380.872910,0.00389843,26.3380,1,0.042837,380.872910
2018-08-21,-0.00215919,0.4038,1,0.038289,320.918380,-0.00215919,26.1221,1,0.038289,320.918380
2018-08-22,-0.00094206,0.3096,1,0.034946,320.999770,-0.00094206,26.0279,1,0.034946,320.999770
2018-08-23,0.00197103,0.5067,1,0.035897,320.074480,0.00197103,26.2250,1,0.035897,320.074480
2018-08-24,-0.00301837,0.2049,1,0.030667,340.092940,-0.00301837,25.9232,1,0.030667,340.092940
2018-08-27,0.00961810,1.1667,1,0.032350,341.108890,0.00961810,26.8850,1,0.032350,341.108890
2018-08-28,-0.00333371,0.8333,1,0.025801,261.763020,-0.00333371,26.5516,1,0.025801,261.763020
2018-08-29,0.00020623,0.8539,1,0.046007,340.386230,0.00020623,26.5722,1,0.046007,340.386230
2018-08-30,-0.00475419,0.3785,1,0.051559,300.858990,-0.00475419,26.0968,1,0.051559,300.858990
2018-08-31,-0.00400494,-0.0220,1,0.035654,278.928080,-0.00400494,25.6963,1,0.035654,278.928080
2018-09-04,-0.00259817,-0.2818,1,0.038937,320.882020,-0.00259817,25.4365,1,0.038937,320.882020
2018-09-05,0.00709187,0.4274,1,0.048283,300.194300,0.00709187,26.1457,1,0.048283,300.194300
2018-09-06,0.01489721,1.9171,1,0.041429,260.447390,0.01489721,27.6354,1,0.041429,260.447390
2018-09-07,0.00809724,2.7268,1,0.030446,261.548530,0.00809724,28.4451,1,0.030446,261.548530
2018-09-10,-0.00614611,2.1122,1,0.040871,320.041250,-0.00614611,27.8305,1,0.040871,320.041250
2018-09-11,-0.00866994,1.2452,1,0.045164,340.753820,-0.00866994,26.9635,1,0.045164,340.753820
2018-09-12,-0.00249630,0.9956,1,0.039720,340.792110,-0.00249630,26.7139,1,0.039720,340.792110
2018-09-13,0.00732710,1.7283,1,0.027100,301.152490,0.00732710,27.4466,1,0.027100,301.152490
2018-09-14,-0.00150816,1.5775,1,0.032226,281.650630,-0.00150816,27.2958,1,0.032226,281.650630
2018-09-17,-0.01359183,0.2183,1,0.035773,340.562650,-0.01359183,25.9366,1,0.035773,340.562650
2018-09-18,-0.00837344,-0.6190,1,0.043194,358.750190,-0.00837344,25.0993,1,0.043194,358.750190
2018-09-19,-0.00375721,-0.9947,1,0.049471,400.468210,-0.00375721,24.7235,1,0.049471,400.468210
2018-09-20,0.00330228,-0.6645,1,0.035682,320.773050,0.00330228,25.0538,1,0.035682,320.773050
2018-09-21,0.00339309,-0.3252,1,0.029731,302.141630,0.00339309,25.3931,1,0.029731,302.141630
2018-09-24,0.00186803,-0.1384,1,0.039077,280.767200,0.00186803,25.5799,1,0.039077,280.767200
2018-09-25,-0.01292842,-1.4313,1,0.038812,359.142980,0.00333452,25.9133,0,0.000000,0.000000
2018-09-26,0.00377380,-1.0539,1,0.043380,359.099090,0.00373408,26.2867,1,0.047352,319.632576
2018-09-27,0.00237165,-0.8167,1,0.039435,339.198820,0.00237165,26.5239,1,0.039435,339.198820
2018-09-28,0.00216958,-0.5997,1,0.025172,260.871240,0.00216958,26.7409,1,0.025172,260.871240
2018-10-01,-0.00276577,-0.8763,1,0.037697,320.557810,-0.00276577,26.4643,1,0.037697,320.557810
2018-10-02,-0.00002209,-0.8785,1,0.045409,340.233680,-0.00002209,26.4621,1,0.045409,340.233680
2018-10-03,-0.01698971,-2.5775,1,0.054741,340.856900,-0.01698971,24.7631,1,0.054741,340.856900
2018-10-04,0.00128829,-2.4487,1,0.039511,379.360690,0.00128829,24.8919,1,0.039511,379.360690
2018-10-05,0.00921812,-1.5269,1,0.028438,319.247760,0.00921812,25.8137,1,0.028438,319.247760
2018-10-08,0.01735177,0.2083,1,0.023393,260.493290,0.01735177,27.5489,1,0.023393,260.493290
2018-10-09,0.01800819,2.0091,1,0.026021,222.059750,0.01800819,29.3497,1,0.026021,222.059750
2018-10-10,0.01576897,3.5860,1,0.036393,260.954740,0.01576897,30.9266,1,0.036393,260.954740
2018-10-11,-0.01328439,2.2576,1,0.037669,277.568270,-0.00577293,30.3493,0,0.000000,0.000000
2018-10-12,0.01004772,3.2624,1,0.058878,376.686430,0.00250938,30.6003,0,0.000000,0.000000
2018-10-15,-0.00687994,2.5744,1,0.034324,262.481770,-0.00704975,29.8953,1,0.051305,315.384779
2018-10-16,-0.00703553,1.8708,1,0.037433,300.422250,-0.00703553,29.1918,1,0.037433,300.422250
2018-10-17,0.00232109,2.1029,1,0.045881,324.372320,-0.01194815,27.9969,0,0.000000,0.000000
2018-10-18,-0.00190597,1.9123,1,0.039937,300.946550,-0.00194426,27.8025,1,0.043766,363.777002
2018-10-19,0.01253724,3.1660,1,0.049916,337.773460,0.00098264,27.9008,0,0.000000,0.000000
2018-10-22,-0.01251333,1.9147,1,0.050553,319.250620,-0.01235592,26.6652,1,0.034812,297.100214
2018-10-23,-0.01686771,0.2279,1,0.050901,380.006680,-0.01686771,24.9784,1,0.050901,380.006680
2018-10-24,0.00645601,0.8735,1,0.083229,340.706570,0.00645601,25.6240,1,0.083229,340.706570
2018-10-25,0.00356516,1.2301,1,0.091364,296.390050,0.02114252,27.7383,0,0.000000,0.000000
2018-10-26,0.01282838,2.5129,1,0.065312,344.120440,0.01300925,29.0392,1,0.047225,281.492940
2018-10-29,0.00079914,2.5928,1,0.050546,278.724150,0.01336449,30.3756,0,0.000000,0.000000
2018-10-30,-0.01849762,0.7431,1,0.063832,282.278500,-0.01816526,28.5591,1,0.030596,260.645002
2018-10-31,0.00898610,1.6417,1,0.047810,324.681990,-0.01891777,26.6673,0,0.000000,0.000000
2018-11-01,0.00847991,2.4897,1,0.035159,242.825620,0.00838849,27.5062,1,0.044301,365.197415
2018-11-02,0.00359937,2.8496,1,0.032693,322.722850,0.00359937,27.8661,1,0.032693,322.722850
2018-11-05,-0.00941116,1.9085,1,0.034106,280.886430,-0.00941116,26.9250,1,0.034106,280.886430
2018-11-06,-0.00442673,1.4658,1,0.043403,322.637150,-0.00442673,26.4823,1,0.043403,322.637150
2018-11-07,0.00622174,2.0880,1,0.038786,342.220570,-0.01764151,24.7182,0,0.000000,0.000000
2018-11-08,-0.01965866,0.1221,1,0.034986,264.008320,0.00752221,25.4704,0,0.000000,0.000000
2018-11-09,0.00538557,0.6607,1,0.059033,379.119260,0.00540302,26.0107,1,0.057288,285.513827
2018-11-12,0.01066956,1.7276,1,0.043384,300.051090,0.01066956,27.0777,1,0.043384,300.051090
2018-11-13,-0.00968352,0.7593,1,0.043422,298.689380,-0.00427056,26.6506,0,0.000000,0.000000
2018-11-14,-0.00510034,0.2492,1,0.047684,360.992170,-0.00507386,26.1432,1,0.045036,318.446330
2018-11-15,0.01609728,1.8590,1,0.052392,298.971990,0.01609728,27.7530,1,0.052392,298.971990
2018-11-16,0.00003364,1.8623,1,0.020036,203.592340,0.00003364,27.7563,1,0.020036,203.592340
2018-11-19,-0.00792000,1.0703,1,0.045520,302.727940,-0.00792000,26.9643,1,0.045520,302.727940
2018-11-20,-0.01916076,-0.8457,1,0.046856,338.616420,-0.01916076,25.0482,1,0.046856,338.616420
2018-11-21,-0.00140100,-0.9858,1,0.037160,320.446820,-0.00140100,24.9081,1,0.037160,320.446820
2018-11-23,-0.00187738,-1.1736,1,0.051498,321.845040,-0.00187738,24.7204,1,0.051498,321.845040
2018-11-26,-0.00500031,-1.6736,1,0.119231,320.866120,-0.00500031,24.2204,1,0.119231,320.866120
2018-11-27,-0.00052399,-1.7260,1,0.034849,323.320940,0.01658151,25.8785,0,0.000000,0.000000
2018-11-28,-0.01835530,-3.5615,1,0.047590,360.416830,-0.01824991,24.0535,1,0.037051,284.024369
2018-11-29,0.00880038,-2.6815,1,0.049122,344.211180,0.00485491,24.5390,0,0.000000,0.000000
2018-11-30,-0.00420699,-3.1022,1,0.044779,320.480440,-0.00412301,24.1267,1,0.036381,322.932487
2018-12-03,-0.00196625,-3.2988,1,0.055665,361.751720,-0.00196625,23.9301,1,0.055665,361.751720
2018-12-04,-0.02049343,-5.3482,1,0.045203,322.258160,-0.02049343,21.8808,1,0.045203,322.258160
2018-12-06,-0.00188522,-5.5367,1,0.043242,336.071260,-0.00034554,21.8462,0,0.000000,0.000000
2018-12-07,0.00336744,-5.2000,1,0.041076,320.611400,0.00338285,22.1845,1,0.039535,316.793453
2018-12-10,-0.00409421,-5.6094,1,0.059261,317.134080,0.00038808,22.2233,0,0.000000,0.000000
2018-12-11,0.00224359,-5.3850,1,0.066961,361.522360,0.00246863,22.4702,1,0.044457,279.671854
2018-12-12,0.00224149,-5.1609,1,0.036631,280.817080,0.00224149,22.6943,1,0.036631,280.817080
2018-12-13,-0.00821436,-5.9823,1,0.049136,302.703040,-0.00821436,21.8729,1,0.049136,302.703040
2018-12-14,0.00611863,-5.3704,1,0.053237,320.143100,0.00611863,22.4847,1,0.053237,320.143100
2018-12-17,-0.00981463,-6.3519,1,0.058483,317.992320,-0.01684269,20.8005,0,0.000000,0.000000
2018-12-18,-0.01191670,-7.5436,1,0.072630,336.800260,-0.00620378,20.1801,0,0.000000,0.000000
2018-12-19,-0.00474664,-8.0182,1,0.059104,340.710240,-0.00453757,19.7263,1,0.038197,297.103912
2018-12-20,0.01263332,-6.7549,1,0.055898,337.893280,-0.00085418,19.6409,0,0.000000,0.000000
2018-12-21,0.01184981,-5.5699,1,0.041659,278.763910,-0.00044186,19.5967,0,0.000000,0.000000
2018-12-24,-0.01926679,-7.4966,1,0.076389,299.210180,-0.00074894,19.5218,0,0.000000,0.000000
2018-12-26,0.00420682,-7.0759,1,0.207378,394.255750,0.00944892,20.4667,0,0.000000,0.000000
2018-12-27,-0.00079882,-7.1558,1,0.065382,268.130460,0.00742420,21.2091,0,0.000000,0.000000
2018-12-28,-0.00855525,-8.0113,1,0.082175,341.679100,0.00230910,21.4400,0,0.000000,0.000000
2018-12-31,0.00108779,-7.9025,1,0.082691,398.999130,0.00142971,21.5830,1,0.048499,299.412118
2019-01-02,-0.01927896,-9.8304,1,0.039956,302.345530,-0.01016066,20.5670,0,0.000000,0.000000
2019-01-03,-0.01074650,-10.9051,1,0.092440,380.442660,-0.01061951,19.5050,1,0.079741,322.069876
2019-01-04,-0.02411790,-13.3169,1,0.055180,299.095270,0.01467604,20.9726,0,0.000000,0.000000
2019-01-07,0.00456496,-12.8604,1,0.089354,405.277570,0.00121957,21.0946,0,0.000000,0.000000
2019-01-08,0.00863081,-11.9973,1,0.048299,282.391650,0.00851682,21.9462,1,0.059698,303.571686
2019-01-09,-0.00699489,-12.6968,1,0.048679,323.174580,-0.00699489,21.2468,1,0.048679,323.174580
2019-01-10,-0.01217776,-13.9146,1,0.055126,343.307630,-0.01217776,20.0290,1,0.055126,343.307630
2019-01-11,-0.00215699,-14.1303,1,0.053039,342.171870,-0.00215699,19.8133,1,0.053039,342.171870
2019-01-14,-0.00135200,-14.2655,1,0.058220,281.545920,-0.00135200,19.6781,1,0.058220,281.545920
2019-01-15,-0.01042619,-15.3081,1,0.037199,320.168240,-0.01042619,18.6355,1,0.037199,320.168240
2019-01-16,0.00877803,-14.4303,1,0.053257,381.771340,0.00877803,19.5133,1,0.053257,381.771340
2019-01-17,-0.00895638,-15.3259,1,0.051118,321.019540,-0.00895638,18.6176,1,0.051118,321.019540
2019-01-18,0.01067671,-14.2583,1,0.065369,362.126560,0.01067671,19.6853,1,0.065369,362.126560
2019-01-22,-0.01569790,-15.8280,1,0.066280,284.375280,-0.01308728,18.3766,0,0.000000,0.000000
2019-01-23,0.01331731,-14.4963,1,0.062179,358.224310,0.01328361,19.7049,1,0.065549,341.371575
2019-01-24,-0.00216500,-14.7128,1,0.036020,241.415110,-0.00216500,19.4884,1,0.036020,241.415110
2019-01-25,0.00599764,-14.1130,1,0.046236,342.558260,0.00599764,20.0882,1,0.046236,342.558260
2019-01-28,-0.00696614,-14.8097,1,0.038144,283.851260,-0.00205989,19.8822,0,0.000000,0.000000
2019-01-29,-0.00073089,-14.8828,1,0.062469,359.572690,-0.00057730,19.8245,1,0.047110,302.152477
2019-01-30,0.00222224,-14.6605,1,0.038746,301.549020,0.00222224,20.0467,1,0.038746,301.549020
2019-01-31,-0.00682250,-15.3428,1,0.042790,282.151510,-0.00682250,19.3645,1,0.042790,282.151510
2019-02-01,-0.02657795,-18.0006,1,0.043305,302.069140,-0.02657795,16.7067,1,0.043305,302.069140
2019-02-04,-0.00051501,-18.0521,1,0.066541,400.428570,-0.00051501,16.6552,1,0.066541,400.428570
2019-02-05,-0.02143610,-20.1957,1,0.037110,301.671900,-0.02143610,14.5115,1,0.037110,301.671900
2019-02-06,0.00580516,-19.6152,1,0.046914,381.583740,0.00580516,15.0921,1,0.046914,381.583740
2019-02-07,-0.02285384,-21.9006,1,0.043124,280.934570,-0.02285384,12.8067,1,0.043124,280.934570
2019-02-08,0.00122777,-21.7778,1,0.053343,338.525780,0.00122777,12.9295,1,0.053343,338.525780
2019-02-11,0.00143548,-21.6342,1,0.033892,301.032060,0.00143548,13.0730,1,0.033892,301.032060
2019-02-12,0.00131426,-21.5028,1,0.059124,301.055620,0.00131426,13.2044,1,0.059124,301.055620
2019-02-13,-0.00105864,-21.6087,1,0.039464,303.686830,-0.00053820,13.1506,0,0.000000,0.000000
2019-02-14,-0.00627502,-22.2362,1,0.037222,301.921740,-0.00627566,12.5230,1,0.037286,344.050041
2019-02-15,-0.00482428,-22.7186,1,0.051348,260.002560,-0.00482428,12.0406,1,0.051348,260.002560
2019-02-19,-0.00158936,-22.8775,1,0.048246,362.825300,-0.00359161,11.6815,0,0.000000,0.000000
2019-02-20,0.00221334,-22.6562,1,0.039226,300.452630,0.00208991,11.8904,1,0.051569,363.451984
2019-02-21,-0.00882858,-23.5391,1,0.049418,301.758920,-0.00882858,11.0076,1,0.049418,301.758920
2019-02-22,0.00417566,-23.1215,1,0.050384,379.420780,0.00417566,11.4252,1,0.050384,379.420780
2019-02-25,0.00941646,-22.1798,1,0.055544,281.519350,-0.00951840,10.4733,0,0.000000,0.000000
2019-02-26,-0.00723410,-22.9033,1,0.042830,301.195950,-0.00743820,9.7295,1,0.063240,381.190573
2019-02-27,0.00039080,-22.8642,1,0.049340,359.360620,0.00039080,9.7686,1,0.049340,359.360620
2019-02-28,0.00930230,-21.9339,1,0.056720,340.781800,0.00930230,10.6988,1,0.056720,340.781800
2019-03-01,-0.02327829,-24.2618,1,0.032219,300.735090,-0.02327829,8.3710,1,0.032219,300.735090
2019-03-04,-0.00661510,-24.9233,1,0.065520,382.555890,-0.00661510,7.7095,1,0.065520,382.555890
2019-03-05,-0.00333663,-25.2569,1,0.046083,319.966790,-0.00333663,7.3758,1,0.046083,319.966790
2019-03-06,-0.00600829,-25.8578,1,0.042229,339.989280,-0.00600829,6.7750,1,0.042229,339.989280
2019-03-07,0.00045737,-25.8120,1,0.054293,338.465360,0.00043268,6.8182,0,0.000000,0.000000
2019-03-08,0.00836136,-24.9759,1,0.052314,279.961950,0.00832638,7.6509,1,0.055812,298.554188
2019-03-11,0.00039024,-24.9369,1,0.039976,280.613170,0.00039024,7.6899,1,0.039976,280.613170
2019-03-12,0.00484210,-24.4527,1,0.042300,322.468260,-0.00109405,7.5805,0,0.000000,0.000000
2019-03-13,0.01172053,-23.2806,1,0.041697,281.607170,0.01168768,8.7493,1,0.044982,284.631885
2019-03-14,-0.00297893,-23.5785,1,0.029193,242.430330,-0.00297893,8.4514,1,0.029193,242.430330
2019-03-15,0.00711415,-22.8671,1,0.040615,340.243280,0.00711415,9.1628,1,0.040615,340.243280
2019-03-18,-0.01098185,-23.9653,1,0.030335,260.943530,-0.01098185,8.0646,1,0.030335,260.943530
2019-03-19,-0.00204207,-24.1695,1,0.051977,341.311470,-0.00204207,7.8604,1,0.051977,341.311470
2019-03-20,0.00547876,-23.6216,1,0.047004,320.696970,0.00547876,8.4083,1,0.047004,320.696970
2019-03-21,0.00552197,-23.0694,1,0.053373,320.014200,0.00552197,8.9605,1,0.053373,320.014200
2019-03-22,0.00139118,-22.9303,1,0.029012,243.676690,0.01276242,10.2367,0,0.000000,0.000000
2019-03-25,0.00192926,-22.7374,1,0.054224,336.973350,0.01078145,11.3149,0,0.000000,0.000000
2019-03-26,0.00842590,-21.8948,1,0.046910,321.329050,0.00851219,12.1661,1,0.038281,239.887876
2019-03-27,-0.00861073,-22.7559,1,0.052353,322.445420,0.00721622,12.8877,0,0.000000,0.000000
2019-03-28,0.00936994,-21.8189,1,0.055486,360.250880,0.00965246,13.8529,1,0.027234,261.436166
2019-03-29,-0.00409012,-22.2279,1,0.045732,262.194860,-0.00105376,13.7476,0,0.000000,0.000000
2019-04-01,0.00739379,-21.4885,1,0.062131,361.434240,0.00744703,14.4923,1,0.056807,323.734673
2019-04-02,0.00232962,-21.2555,1,0.038768,282.919370,0.00232962,14.7252,1,0.038768,282.919370
2019-04-03,-0.01009230,-22.2648,1,0.047100,320.454390,-0.01009230,13.7160,1,0.047100,320.454390
2019-04-04,-0.01010360,-23.2751,1,0.047450,380.206070,-0.01010360,12.7056,1,0.047450,380.206070
2019-04-05,0.00317731,-22.9574,1,0.065639,380.557450,0.00317731,13.0234,1,0.065639,380.557450
2019-04-08,-0.00516204,-23.4736,1,0.045064,301.775770,-0.00516204,12.5072,1,0.045064,301.775770
2019-04-09,-0.00809200,-24.2828,1,0.044420,321.108760,-0.00809200,11.6980,1,0.044420,321.108760
2019-04-10,-0.00837593,-25.1204,1,0.062633,359.235880,0.00740766,12.4387,0,0.000000,0.000000
2019-04-11,0.00334475,-24.7859,1,0.050745,360.355920,0.00347056,12.7858,1,0.038164,260.967398
2019-04-12,0.01974497,-22.8114,1,0.044093,281.284020,0.01974497,14.7603,1,0.044093,281.284020
2019-04-15,-0.00868989,-23.6804,1,0.037879,242.537790,-0.00868989,13.8913,1,0.037879,242.537790
2019-04-16,-0.00339680,-24.0201,1,0.053130,359.398850,-0.00339680,13.5516,1,0.053130,359.398850
2019-04-17,0.02416034,-21.6040,1,0.045336,301.188530,0.02416034,15.9677,1,0.045336,301.188530
2019-04-18,-0.01361958,-22.9660,1,0.039308,221.140510,-0.01361958,14.6057,1,0.039308,221.140510
2019-04-22,-0.00257455,-23.2235,1,0.051295,380.988130,-0.00257455,14.3482,1,0.051295,380.988130
2019-04-23,-0.01236687,-24.4601,1,0.050397,300.576180,-0.01236687,13.1116,1,0.050397,300.576180
2019-04-24,0.00945872,-23.5143,1,0.048638,362.494630,0.00945872,14.0574,1,0.048638,362.494630
2019-04-25,-0.00103413,-23.6177,1,0.047283,241.782550,-0.00103413,13.9540,1,0.047283,241.782550
2019-04-26,-0.00605048,-24.2227,1,0.059138,320.333090,-0.00605048,13.3490,1,0.059138,320.333090
2019-04-29,0.00195781,-24.0270,1,0.044809,342.163810,0.00195781,13.5447,1,0.044809,342.163810
2019-04-30,-0.00344474,-24.3714,1,0.044534,300.788450,-0.00344474,13.2003,1,0.044534,300.788450
2019-05-01,-0.00846504,-25.2179,1,0.062814,361.449000,-0.00846504,12.3538,1,0.062814,361.449000
2019-05-02,-0.00025064,-25.2430,1,0.037814,279.008450,0.00280596,12.6344,0,0.000000,0.000000
2019-05-03,-0.00148070,-25.3911,1,0.037730,322.251430,-0.00152658,12.4817,1,0.042318,299.621468
2019-05-06,-0.00645005,-26.0361,1,0.048755,342.533480,0.00209056,12.6908,0,0.000000,0.000000
2019-05-07,0.00634427,-25.4016,1,0.043643,340.239350,0.00641988,13.3327,1,0.036082,262.255242
2019-05-08,-0.00459367,-25.8610,1,0.041457,278.783670,-0.00344726,12.9880,0,0.000000,0.000000
2019-05-09,-0.00291119,-26.1521,1,0.054799,359.259330,-0.00282415,12.7056,1,0.046095,316.863870
2019-05-10,-0.00399872,-26.5520,1,0.049882,320.655800,-0.00399872,12.3057,1,0.049882,320.655800
2019-05-13,0.02226626,-24.3254,1,0.052754,340.215450,0.02226626,14.5324,1,0.052754,340.215450
2019-05-14,-0.01579216,-25.9046,1,0.034366,239.867240,-0.00694600,13.8378,0,0.000000,0.000000
2019-05-15,-0.01560416,-27.4650,1,0.045226,361.964870,-0.01566046,12.2717,1,0.050856,358.891115
2019-05-16,-0.01214081,-28.6791,1,0.060141,359.307070,-0.01214081,11.0576,1,0.060141,359.307070
2019-05-17,-0.00298052,-28.9771,1,0.053772,341.004840,-0.00298052,10.7596,1,0.053772,341.004840
2019-05-20,0.01475970,-27.5012,1,0.040400,319.982820,0.01475970,12.2356,1,0.040400,319.982820
2019-05-21,-0.00444720,-27.9459,1,0.037570,220.939530,-0.00444720,11.7908,1,0.037570,220.939530
2019-05-22,-0.01992516,-29.9384,1,0.050436,283.031710,0.00109106,11.8999,0,0.000000,0.000000
2019-05-23,0.02510749,-27.4277,1,0.068561,358.331180,0.02537604,14.4375,1,0.041706,260.687543
2019-05-24,-0.00390334,-27.8180,1,0.039894,240.540250,0.00117099,14.5546,0,0.000000,0.000000
2019-05-28,0.00477802,-27.3402,1,0.057278,360.899300,0.00488458,15.0431,1,0.046622,278.780317
2019-05-29,0.00196585,-27.1436,1,0.043895,299.105440,0.00173471,15.2166,0,0.000000,0.000000
2019-05-30,0.00794766,-26.3488,1,0.054794,318.514300,0.00796909,16.0135,1,0.052651,298.694152
2019-05-31,0.00834988,-25.5139,1,0.041872,261.217300,0.00834988,16.8485,1,0.041872,261.217300
2019-06-03,-0.01222336,-26.7362,1,0.041856,299.760500,-0.01222336,15.6261,1,0.041856,299.760500
2019-06-04,-0.00675920,-27.4121,1,0.061020,362.234280,-0.00675920,14.9502,1,0.061020,362.234280
2019-06-05,-0.01642499,-29.0546,1,0.056959,346.087880,-0.01358529,13.5917,0,0.000000,0.000000
2019-06-06,0.00336525,-28.7181,1,0.055625,342.586340,0.00336780,13.9285,1,0.055370,387.211761
2019-06-07,-0.00995245,-29.7133,1,0.046895,301.088110,-0.00995245,12.9332,1,0.046895,301.088110
2019-06-10,0.01172617,-28.5407,1,0.047463,321.702870,0.01172617,14.1058,1,0.047463,321.702870
2019-06-11,0.00633396,-27.9073,1,0.037634,281.883360,0.00633396,14.7392,1,0.037634,281.883360
2019-06-12,-0.00505677,-28.4130,1,0.044717,300.416090,-0.00505677,14.2336,1,0.044717,300.416090
2019-06-13,-0.00708771,-29.1218,1,0.043641,340.975860,-0.00708771,13.5248,1,0.043641,340.975860
2019-06-14,-0.00989233,-30.1110,1,0.060003,361.866130,-0.00989233,12.5356,1,0.060003,361.866130
2019-06-17,-0.01196035,-31.3070,1,0.079755,379.139550,-0.01196035,11.3395,1,0.079755,379.139550
2019-06-18,-0.00907584,-32.2146,1,0.050384,360.193940,-0.00907584,10.4319,1,0.050384,360.193940
2019-06-19,-0.00352036,-32.5667,1,0.059406,342.759480,-0.00352036,10.0799,1,0.059406,342.759480
2019-06-20,-0.00849963,-33.4166,1,0.069893,380.655390,-0.00849963,9.2299,1,0.069893,380.655390
2019-06-21,-0.00543585,-33.9602,1,0.046445,301.295130,0.00549323,9.7793,0,0.000000,0.000000
2019-06-24,-0.00421776,-34.3820,1,0.055606,339.861280,-0.00414663,9.3646,1,0.048493,301.026452
2019-06-25,-0.00257596,-34.6396,1,0.048206,300.377790,-0.00257596,9.1070,1,0.048206,300.377790
2019-06-26,-0.00601239,-35.2408,1,0.047439,319.035610,-0.00601239,8.5058,1,0.047439,319.035610
2019-06-27,-0.00464205,-35.7050,1,0.052525,320.572620,-0.00464205,8.0416,1,0.052525,320.572620
2019-06-28,-0.00424956,-36.1300,1,0.037446,281.336380,0.00825769,8.8673,0,0.000000,0.000000
2019-07-01,0.00502262,-35.6277,1,0.054418,302.500210,0.00989339,9.8567,0,0.000000,0.000000
2019-07-02,-0.00956365,-36.5841,1,0.045625,262.086460,-0.00956578,8.9001,1,0.045838,264.349421
2019-07-03,0.00626075,-35.9580,1,0.054695,379.449880,0.00626075,9.5262,1,0.054695,379.449880
2019-07-05,-0.00804715,-36.7627,1,0.055165,262.074610,-0.00999183,8.5270,0,0.000000,0.000000
2019-07-08,-0.01842434,-38.6051,1,0.056664,360.372690,-0.01845769,6.6812,1,0.059999,382.125122
2019-07-09,0.00218898,-38.3862,1,0.069192,378.315610,0.00218898,6.9001,1,0.069192,378.315610
2019-07-10,-0.00772945,-39.1592,1,0.050815,321.186790,-0.00772945,6.1272,1,0.050815,321.186790
2019-07-11,0.00248685,-38.9105,1,0.043075,321.129230,0.00248685,6.3758,1,0.043075,321.129230
2019-07-12,0.00620613,-38.2899,1,0.050547,301.620180,0.00620613,6.9965,1,0.050547,301.620180
2019-07-15,-0.00283529,-38.5734,1,0.045589,302.454080,-0.00283529,6.7129,1,0.045589,302.454080
2019-07-16,0.00236370,-38.3371,1,0.050410,339.891400,0.00236370,6.9493,1,0.050410,339.891400
2019-07-17,-0.01257043,-39.5941,1,0.035993,281.430120,-0.01257043,5.6923,1,0.035993,281.430120
2019-07-18,0.00895946,-38.6982,1,0.044184,358.091950,-0.00460932,5.2313,0,0.000000,0.000000
2019-07-19,-0.00052099,-38.7503,1,0.036339,261.607130,-0.00060613,5.1707,1,0.044853,318.951721
2019-07-22,-0.00460145,-39.2104,1,0.057655,319.742880,-0.00460145,4.7106,1,0.057655,319.742880
2019-07-23,-0.01731675,-40.9421,1,0.050775,360.525490,-0.01731675,2.9789,1,0.050775,360.525490
2019-07-24,0.02415354,-38.5267,1,0.044776,322.255080,0.00383156,3.3620,0,0.000000,0.000000
2019-07-25,-0.01102601,-39.6293,1,0.028801,222.427930,-0.01122114,2.2399,1,0.048314,363.919538
2019-07-26,0.00866259,-38.7631,1,0.069151,320.762260,0.00866259,3.1062,1,0.069151,320.762260
2019-07-29,0.00577699,-38.1854,1,0.040701,282.235130,0.00577699,3.6839,1,0.040701,282.235130
2019-07-30,-0.00908173,-39.0935,1,0.037453,300.852760,-0.00908173,2.7757,1,0.037453,300.852760
2019-07-31,0.00859520,-38.2340,1,0.057020,281.766180,0.00859520,3.6352,1,0.057020,281.766180
2019-08-01,0.01152893,-37.0811,1,0.051277,299.456840,-0.00868216,2.7670,0,0.000000,0.000000
2019-08-02,-0.00643013,-37.7241,1,0.041733,259.719150,-0.00655859,2.1112,1,0.054579,337.051078
2019-08-05,0.00684655,-37.0395,1,0.056475,339.655600,0.00684655,2.7958,1,0.056475,339.655600
2019-08-06,0.00094002,-36.9455,1,0.046978,277.832630,0.00665922,3.4617,0,0.000000,0.000000
2019-08-07,-0.00245480,-37.1910,1,0.048970,282.529880,0.00525162,3.9869,0,0.000000,0.000000
2019-08-08,-0.01260931,-38.4519,1,0.052271,301.368130,-0.01262524,2.7244,1,0.053864,278.920101
2019-08-09,-0.00566040,-39.0179,1,0.059130,363.874740,0.00368999,3.0934,0,0.000000,0.000000
2019-08-12,0.00894653,-38.1233,1,0.055137,319.078550,0.00897174,3.9906,1,0.052616,322.168197
2019-08-13,-0.01972423,-40.0957,1,0.038083,259.550010,-0.00348202,3.6423,0,0.000000,0.000000
2019-08-14,-0.01001102,-41.0968,1,0.072432,402.649180,0.01825458,5.4678,0,0.000000,0.000000
2019-08-15,0.02679639,-38.4172,1,0.077991,355.858190,0.02681225,8.1490,0,0.000000,0.000000
2019-08-16,-0.01244065,-39.6612,1,0.066455,304.021710,-0.01226657,6.9224,1,0.049047,242.526765
2019-08-19,0.01175585,-38.4856,1,0.077085,383.958010,-0.00647138,6.2752,0,0.000000,0.000000
2019-08-20,-0.00292716,-38.7784,1,0.042226,263.205550,-0.00107602,6.1676,0,0.000000,0.000000
2019-08-21,0.00675025,-38.1033,1,0.057915,298.414570,-0.00489315,5.6783,0,0.000000,0.000000
2019-08-22,-0.00206428,-38.3098,1,0.051708,262.578600,0.00035747,5.7141,0,0.000000,0.000000
2019-08-23,0.00621893,-37.6879,1,0.069597,340.221000,0.00631584,6.3457,1,0.059906,347.218584
2019-08-26,-0.00098847,-37.7867,1,0.063987,278.387550,0.00015215,6.3609,0,0.000000,0.000000
2019-08-27,0.00747507,-37.0392,1,0.058143,301.341440,0.00733847,7.0947,1,0.071803,317.864571
2019-08-28,-0.00705064,-37.7443,1,0.050604,340.476070,-0.00705064,6.3897,1,0.050604,340.476070
2019-08-29,0.01424414,-36.3199,1,0.070056,362.142260,-0.01560353,4.8293,0,0.000000,0.000000
2019-08-30,-0.00452816,-36.7727,1,0.046376,203.499130,-0.00316202,4.5131,0,0.000000,0.000000
2019-09-03,0.00117620,-36.6551,1,0.061090,260.235860,0.00108726,4.6218,1,0.069984,385.439621
2019-09-04,-0.00640744,-37.2958,1,0.068214,339.073670,-0.00640744,3.9811,1,0.068214,339.073670
2019-09-05,0.03378029,-33.9178,1,0.064901,382.080030,-0.02418990,1.5621,0,0.000000,0.000000
2019-09-06,-0.00793200,-34.7110,1,0.031280,224.170670,-0.00804940,0.7571,1,0.043020,381.965221
2019-09-09,-0.00612580,-35.3235,1,0.068080,341.052880,-0.00612580,0.1446,1,0.068080,341.052880
2019-09-10,0.02516205,-32.8073,1,0.062285,324.144840,0.02516205,2.6608,1,0.062285,324.144840
2019-09-11,0.00523419,-32.2839,1,0.042471,222.800310,0.00523419,3.1842,1,0.042471,222.800310
2019-09-12,0.00228337,-32.0556,1,0.064533,302.882470,0.00228337,3.4125,1,0.064533,302.882470
2019-09-13,-0.00583340,-32.6389,1,0.061330,341.091970,-0.00583340,2.8292,1,0.061330,341.091970
2019-09-16,-0.00581560,-33.2205,1,0.067210,360.790930,-0.00581560,2.2476,1,0.067210,360.790930
2019-09-17,-0.01506443,-34.7269,1,0.053973,320.059230,-0.01506443,0.7412,1,0.053973,320.059230
2019-09-18,-0.00235338,-34.9623,1,0.054398,360.707310,-0.00235338,0.5058,1,0.054398,360.707310
2019-09-19,0.00534870,-34.4274,1,0.082970,339.865480,0.00534870,1.0407,1,0.082970,339.865480
2019-09-20,0.00627444,-33.8000,1,0.051796,300.725300,0.00627444,1.6682,1,0.051796,300.725300
2019-09-23,-0.00589152,-34.3891,1,0.040882,280.580700,-0.00589152,1.0790,1,0.040882,280.580700
2019-09-24,0.00151692,-34.2374,1,0.071208,360.015610,0.00151692,1.2307,1,0.071208,360.015610
2019-09-25,-0.00028428,-34.2658,1,0.061348,339.420440,-0.00028428,1.2023,1,0.061348,339.420440
2019-09-26,-0.00537454,-34.8033,1,0.053634,342.351180,-0.00537454,0.6648,1,0.053634,342.351180
2019-09-27,-0.00947533,-35.7508,1,0.058953,320.211140,-0.00947533,-0.2827,1,0.058953,320.211140
2019-09-30,-0.01271332,-37.0222,1,0.053312,321.219680,-0.01271332,-1.5540,1,0.053312,321.219680
2019-10-01,0.00104873,-36.9173,1,0.063997,341.088620,0.00104873,-1.4492,1,0.063997,341.088620
2019-10-02,0.00722679,-36.1946,1,0.036911,279.195070,0.00367280,-1.0819,0,0.000000,0.000000
2019-10-03,-0.00602303,-36.7969,1,0.057523,278.991530,0.00714941,-0.3670,0,0.000000,0.000000
2019-10-04,-0.00441944,-37.2389,1,0.065754,341.166600,-0.00429191,-0.7961,1,0.053001,278.690268
2019-10-07,-0.00383536,-37.6224,1,0.060526,322.487470,0.00091449,-0.7047,0,0.000000,0.000000
2019-10-08,0.01136576,-36.4858,1,0.050994,339.415470,0.01140908,0.4362,1,0.046662,301.750769
2019-10-09,-0.01307434,-37.7932,1,0.043064,259.651350,-0.00968495,-0.5323,0,0.000000,0.000000
2019-10-10,0.00156503,-37.6367,1,0.065177,402.147010,-0.00053891,-0.5862,0,0.000000,0.000000
2019-10-11,0.00922829,-36.7139,1,0.039581,281.720960,0.00901199,0.3150,1,0.061211,340.388932
2019-10-14,-0.00360687,-37.0746,1,0.048227,304.739230,-0.00603030,-0.2880,0,0.000000,0.000000
2019-10-15,0.00591527,-36.4831,1,0.046083,299.295180,0.00583490,0.2955,1,0.054120,343.849593
2019-10-16,-0.00366320,-36.8494,1,0.054040,302.400710,-0.00049223,0.2463,0,0.000000,0.000000
2019-10-17,-0.00655625,-37.5050,1,0.055335,340.385320,-0.00648688,-0.4024,1,0.048398,341.790585
2019-10-18,-0.00127488,-37.6325,1,0.059578,361.869710,-0.00127488,-0.5299,1,0.059578,361.869710
2019-10-21,-0.00430471,-38.0630,1,0.050121,280.866810,-0.00430471,-0.9604,1,0.050121,280.866810
2019-10-22,0.01011610,-37.0514,1,0.044460,301.668950,0.01011610,0.0512,1,0.044460,301.668950
2019-10-23,-0.00599708,-37.6511,1,0.050838,281.309870,-0.00599708,-0.5485,1,0.050838,281.309870
2019-10-24,-0.01541816,-39.1929,1,0.059746,320.896870,-0.01541816,-2.0903,1,0.059746,320.896870
2019-10-25,-0.00777716,-39.9706,1,0.052026,319.236750,-0.00777716,-2.8680,1,0.052026,319.236750
2019-10-28,0.00841845,-39.1288,1,0.072305,361.496610,0.00841845,-2.0262,1,0.072305,361.496610
2019-10-29,0.00132873,-38.9959,1,0.051287,241.737330,0.00132873,-1.8933,1,0.051287,241.737330
2019-10-30,-0.01541003,-40.5369,1,0.052413,301.951480,-0.01541003,-3.4343,1,0.052413,301.951480
2019-10-31,-0.01154390,-41.6913,1,0.072810,379.785030,-0.01154390,-4.5887,1,0.072810,379.785030
2019-11-01,-0.01266210,-42.9575,1,0.063640,319.686300,-0.01266210,-5.8549,1,0.063640,319.686300
2019-11-04,0.00953111,-42.0044,1,0.058099,321.141450,0.00953111,-4.9018,1,0.058099,321.141450
2019-11-05,0.00385142,-41.6192,1,0.056648,262.287710,0.00385142,-4.5166,1,0.056648,262.287710
2019-11-06,-0.00595121,-42.2144,1,0.063041,300.292490,-0.00595121,-5.1118,1,0.063041,300.292490
2019-11-07,-0.03574215,-45.7886,1,0.068665,360.407820,-0.03574215,-8.6860,1,0.068665,360.407820
2019-11-08,0.00296759,-45.4918,1,0.059141,382.397630,0.00296759,-8.3892,1,0.059141,382.397630
2019-11-11,-0.01678330,-47.1701,1,0.053210,340.778340,-0.01678330,-10.0675,1,0.053210,340.778340
2019-11-12,0.00545481,-46.6247,1,0.070599,378.627760,0.00545481,-9.5221,1,0.070599,378.627760
2019-11-13,0.00167673,-46.4570,1,0.045327,300.910720,0.00167673,-9.3544,1,0.045327,300.910720
2019-11-14,0.00139415,-46.3176,1,0.056325,360.828480,0.00139415,-9.2150,1,0.056325,360.828480
2019-11-15,-0.01084222,-47.4018,1,0.052752,340.397620,-0.01084222,-10.2992,1,0.052752,340.397620
2019-11-18,-0.00997318,-48.3991,1,0.055398,360.779190,-0.00997318,-11.2965,1,0.055398,360.779190
2019-11-19,0.00039084,-48.3600,1,0.060456,359.653720,0.00039084,-11.2574,1,0.060456,359.653720
2019-11-20,0.00124044,-48.2360,1,0.054666,341.136140,0.00124044,-11.1334,1,0.054666,341.136140
2019-11-21,0.00746028,-47.4900,1,0.058872,320.451830,0.00746028,-10.3874,1,0.058872,320.451830
2019-11-22,-0.01079152,-48.5691,1,0.038862,240.198280,-0.01079152,-11.4665,1,0.038862,240.198280
2019-11-25,0.01131358,-47.4378,1,0.060022,342.016590,0.01131358,-10.3352,1,0.060022,342.016590
2019-11-26,-0.01106242,-48.5440,1,0.045342,242.252040,-0.01219584,-11.5547,0,0.000000,0.000000
2019-11-27,-0.00888474,-49.4325,1,0.062864,380.539480,-0.00894022,-12.4488,1,0.068412,361.426225
2019-11-29,-0.00978399,-50.4109,1,0.061429,361.461770,-0.00978399,-13.4272,1,0.061429,361.461770
2019-12-02,-0.00598355,-51.0092,1,0.101365,378.428730,-0.00176582,-13.6037,0,0.000000,0.000000
2019-12-03,-0.00095202,-51.1044,1,0.068102,339.407170,-0.00400923,-14.0047,0,0.000000,0.000000
2019-12-04,-0.01053344,-52.1578,1,0.061184,339.609760,-0.01047001,-15.0517,1,0.054841,298.053880
2019-12-05,0.00052797,-52.1050,1,0.049203,362.242080,-0.00121371,-15.1730,0,0.000000,0.000000
2019-12-06,-0.00054998,-52.1600,1,0.057618,281.634720,-0.00065882,-15.2389,1,0.068502,323.140157
2019-12-09,-0.00568661,-52.7286,1,0.062961,301.574480,-0.00568661,-15.8076,1,0.062961,301.574480
2019-12-10,-0.00966851,-53.6955,1,0.051141,359.727160,-0.00966851,-16.7744,1,0.051141,359.727160
2019-12-11,-0.00301694,-53.9972,1,0.063744,360.404030,-0.00301694,-17.0761,1,0.063744,360.404030
2019-12-12,0.00208000,-53.7892,1,0.064340,321.076750,0.00208000,-16.8681,1,0.064340,321.076750
2019-12-13,-0.00687416,-54.4766,1,0.067546,283.369160,-0.00687416,-17.5555,1,0.067546,283.369160
2019-12-16,-0.00208871,-54.6855,1,0.061511,339.642050,-0.00208871,-17.7644,1,0.061511,339.642050
2019-12-17,0.00124494,-54.5610,1,0.071916,342.112180,0.00124494,-17.6399,1,0.071916,342.112180
2019-12-18,-0.00601001,-55.1620,1,0.049481,301.210270,-0.00601001,-18.2409,1,0.049481,301.210270
2019-12-19,0.00193495,-54.9685,1,0.045125,340.726360,0.00193495,-18.0474,1,0.045125,340.726360
2019-12-20,-0.00717010,-55.6855,1,0.044720,321.856640,-0.00717010,-18.7644,1,0.044720,321.856640
2019-12-23,-0.01296000,-56.9815,1,0.053780,341.529670,-0.01296000,-20.0604,1,0.053780,341.529670
2019-12-24,-0.00991343,-57.9728,1,0.071603,381.076380,-0.00991343,-21.0518,1,0.071603,381.076380
2019-12-26,0.00100011,-57.8728,1,0.104959,380.137520,0.00100011,-20.9518,1,0.104959,380.137520
2019-12-27,-0.00053647,-57.9265,1,0.043447,280.698130,-0.00053647,-21.0054,1,0.043447,280.698130
2019-12-30,-0.00359830,-58.2863,1,0.046580,320.458880,-0.00359830,-21.3652,1,0.046580,320.458880
2019-12-31,0.00290074,-57.9962,1,0.058326,339.691650,0.00290074,-21.0752,1,0.058326,339.691650
