date,model_ret,model_equity,model_rebalanced,model_cost,model_traded,naive_ret,naive_equity,naive_rebalanced,naive_cost,naive_traded
2015-01-02,0.00385042,100.3850,1,0.042958,200.000000,0.00000000,100.0000,0,0.000000,0.000000
2015-01-05,-0.00113850,100.2712,1,0.036880,240.813300,0.01043497,101.0435,1,0.033743,200.000000
2015-01-06,-0.01151888,99.1193,1,0.026578,160.398850,0.01018385,102.0619,0,0.000000,0.000000
2015-01-07,-0.00819927,98.2994,1,0.018227,160.376410,0.00491659,102.5535,1,0.040941,277.408320
2015-01-08,0.01001548,99.3009,1,0.026642,242.896020,-0.01553994,100.9995,0,0.000000,0.000000
2015-01-09,0.00154380,99.4553,1,0.030980,223.358270,0.00546656,101.5462,0,0.000000,0.000000
2015-01-12,-0.01009654,98.4457,1,0.055564,259.497840,0.01021876,102.5681,1,0.057284,284.140392
2015-01-13,-0.00267963,98.1777,1,0.033913,180.843130,-0.00225355,102.3427,1,0.033355,220.962140
2015-01-14,-0.00925465,97.2522,1,0.012975,120.612910,-0.00448243,101.8945,1,0.052143,319.905920
2015-01-15,-0.00309563,96.9427,1,0.019163,200.679510,0.01282544,103.1770,1,0.061576,320.214360
2015-01-16,0.00270303,97.2130,1,0.047747,240.393620,-0.00813766,102.3633,1,0.054646,240.103140
2015-01-20,-0.00110859,97.1021,1,0.050809,262.709990,-0.00387197,101.9761,0,0.000000,0.000000
2015-01-21,0.00017042,97.1191,1,0.034418,180.869470,-0.00373168,101.6029,1,0.047118,321.906939
2015-01-22,0.02513355,99.6325,1,0.044685,201.413540,-0.01608572,99.9943,1,0.057632,321.495290
2015-01-23,0.00476732,100.1092,1,0.062828,322.840060,-0.00438987,99.5553,0,0.000000,0.000000
2015-01-26,0.00083771,100.1930,1,0.064429,239.890260,-0.00085234,99.4701,1,0.074554,322.637931
2015-01-27,0.00804205,100.9972,1,0.042615,221.398400,-0.00307848,99.1623,0,0.000000,0.000000
2015-01-28,0.00204690,101.2019,1,0.057460,220.741280,-0.00070565,99.0917,1,0.083115,339.342513
2015-01-29,0.00228598,101.4305,1,0.018792,160.044130,-0.01516359,97.5753,0,0.000000,0.000000
2015-01-30,-0.00616170,100.8143,1,0.066110,201.640590,0.00040305,97.6156,0,0.000000,0.000000
2015-02-02,-0.00562658,100.2517,1,0.047338,199.958460,-0.00468077,97.1476,0,0.000000,0.000000
2015-02-03,0.00455658,100.7073,1,0.034692,262.841720,-0.01073291,96.0743,0,0.000000,0.000000
2015-02-04,0.00702160,101.4095,1,0.036670,243.391030,0.00078772,96.1530,0,0.000000,0.000000
2015-02-05,0.00516926,101.9264,1,0.058704,238.903450,-0.01418696,94.7343,1,0.078276,340.924234
2015-02-06,-0.00656246,101.2702,1,0.051006,281.986570,0.00905926,95.6403,0,0.000000,0.000000
2015-02-09,-0.00492478,100.7777,1,0.038218,221.004540,0.00728340,96.3686,1,0.039800,321.357565
2015-02-10,0.00386107,101.1638,1,0.036933,220.118360,-0.00670150,95.6985,1,0.038050,279.587500
2015-02-11,0.00573706,101.7375,1,0.032954,261.349960,0.00042417,95.7409,0,0.000000,0.000000
2015-02-12,-0.00227376,101.5101,1,0.029096,220.337540,0.00429535,96.1704,1,0.048895,302.072064
2015-02-13,-0.01480995,100.0291,1,0.036235,262.084320,0.01641985,97.8124,0,0.000000,0.000000
2015-02-17,-0.00504860,99.5243,1,0.026030,220.531640,0.00474840,98.2872,1,0.046010,224.337316
2015-02-18,0.02128070,101.6523,1,0.021630,180.688070,-0.01298688,96.9885,1,0.067568,280.654730
2015-02-19,-0.00854575,100.7978,1,0.044515,239.908320,-0.01132056,95.8565,1,0.064116,320.406400
2015-02-20,0.00850389,101.6482,1,0.039991,260.319340,0.00040408,95.8969,1,0.041662,360.063500
2015-02-23,-0.00139370,101.5088,1,0.040510,240.436600,-0.00288801,95.6081,1,0.040751,341.538650
2015-02-24,0.00008998,101.5178,1,0.019882,221.086780,-0.00105505,95.5026,1,0.035385,281.027610
2015-02-25,-0.00047851,101.4699,1,0.030521,220.761060,-0.00802722,94.6999,1,0.044902,320.414600
2015-02-26,0.00213917,101.6838,1,0.071303,220.578990,-0.00298430,94.4014,1,0.135330,379.300800
2015-02-27,0.00336025,102.0199,1,0.048675,239.370700,-0.00386555,94.0149,1,0.051035,299.595900
2015-03-02,0.00272866,102.2927,1,0.022424,220.657200,-0.00127187,93.8877,1,0.032867,319.983100
2015-03-03,0.00452506,102.7452,1,0.051354,261.323110,-0.01251506,92.6362,1,0.047546,361.931040
2015-03-04,-0.00429437,102.3158,1,0.038287,299.528820,0.00128630,92.7648,1,0.065400,379.541440
2015-03-05,-0.00043080,102.2727,1,0.054420,199.892130,-0.00059823,92.7050,1,0.066063,300.158310
2015-03-06,0.01165330,103.4381,1,0.025980,200.697540,0.00444559,93.1496,1,0.034461,281.052740
2015-03-09,0.00444143,103.8822,1,0.023367,199.610330,0.00472766,93.6223,0,0.000000,0.000000
2015-03-10,-0.00274698,103.6075,1,0.029748,300.533370,-0.00308531,93.3138,1,0.067721,280.216421
2015-03-11,0.00561689,104.1692,1,0.047461,220.105170,0.00147332,93.4611,0,0.000000,0.000000
2015-03-12,0.00023804,104.1930,1,0.047536,320.472770,-0.00479274,92.9819,1,0.034354,299.670630
2015-03-13,0.00163293,104.3563,1,0.042087,302.954600,0.00257403,93.2393,0,0.000000,0.000000
2015-03-16,-0.00108421,104.2479,1,0.026501,200.407980,0.00675482,93.9147,0,0.000000,0.000000
2015-03-17,0.00172531,104.4204,1,0.025099,242.792160,0.00168359,94.0831,0,0.000000,0.000000
2015-03-18,-0.00434679,103.9857,1,0.027859,220.481490,-0.01094513,92.9886,1,0.041303,324.624230
2015-03-19,0.00673966,104.6597,1,0.029574,222.693720,0.00901407,93.8900,0,0.000000,0.000000
2015-03-20,-0.00281486,104.3782,1,0.025416,199.811400,0.00805172,94.6952,1,0.030228,241.507206
2015-03-23,0.00798663,105.1769,1,0.035867,263.091370,-0.00251659,94.4435,0,0.000000,0.000000
2015-03-24,0.00260013,105.4369,1,0.047467,300.677410,-0.00253166,94.1903,1,0.049366,322.475815
2015-03-25,0.00164624,105.6015,1,0.033546,219.940480,0.00005674,94.1960,1,0.048776,300.035220
2015-03-26,0.00444790,106.0463,1,0.030670,279.088270,0.00217135,94.4131,0,0.000000,0.000000
2015-03-27,0.00529729,106.5760,1,0.054021,299.609380,-0.00757154,93.6560,1,0.057134,337.248991
2015-03-30,0.00476939,107.0530,1,0.035921,260.675590,-0.00604473,93.0515,1,0.045403,320.754200
2015-03-31,-0.00172565,106.8804,1,0.032045,243.276220,0.00279785,93.3313,0,0.000000,0.000000
2015-04-01,0.00035569,106.9160,1,0.019731,160.530840,-0.00151582,93.1797,1,0.052252,322.535733
2015-04-02,-0.00103637,106.8123,1,0.023447,180.026680,0.00352515,93.5322,1,0.040555,320.008550
2015-04-06,0.00077323,106.8896,1,0.036097,221.455430,0.00116987,93.6492,1,0.037013,281.378230
2015-04-07,0.00531521,107.4212,1,0.025399,200.935820,-0.00452700,93.1965,0,0.000000,0.000000
2015-04-08,0.01013247,108.4344,1,0.034513,239.592600,-0.00093171,93.1034,1,0.053101,320.209440
2015-04-09,-0.00346756,108.0877,1,0.041486,281.357780,0.00988557,94.0919,0,0.000000,0.000000
2015-04-10,-0.00288281,107.7994,1,0.031161,239.545870,0.00354622,94.4465,1,0.042848,281.385910
2015-04-13,0.00765740,108.5651,1,0.021650,220.895480,-0.00487841,93.9587,1,0.033251,280.990710
2015-04-14,-0.00200335,108.3648,1,0.055805,280.055890,-0.00733792,93.2249,1,0.061922,339.718950
2015-04-15,-0.00385825,107.9790,1,0.057205,220.223010,0.00271784,93.4967,1,0.067376,360.149570
2015-04-16,0.00891738,108.8707,1,0.022662,221.240100,-0.00756421,92.7403,1,0.032361,321.208360
2015-04-17,-0.00137827,108.7329,1,0.040777,240.156580,0.00348880,93.0891,1,0.053770,379.946340
2015-04-20,0.00378027,109.1109,1,0.021813,180.106770,0.00279883,93.3690,0,0.000000,0.000000
2015-04-21,-0.00694387,108.4165,1,0.038377,322.091900,0.00061185,93.4302,0,0.000000,0.000000
2015-04-22,-0.00627191,107.7893,1,0.052251,141.429990,-0.00038498,93.3917,1,0.064748,279.889486
2015-04-23,-0.00184503,107.6048,1,0.049933,181.109100,0.00014949,93.4067,1,0.067501,300.555550
2015-04-24,-0.00190819,107.4140,1,0.019489,181.035850,-0.00018087,93.3886,1,0.031067,301.021510
2015-04-27,-0.00017361,107.3966,1,0.028271,181.167910,-0.00262485,93.1261,1,0.045245,260.297900
2015-04-28,0.00389989,107.7866,1,0.026221,219.298390,0.00483915,93.6100,1,0.063675,358.974660
2015-04-29,-0.00490827,107.2958,1,0.037187,239.980110,0.01493252,95.1033,1,0.047778,301.233510
2015-04-30,-0.00605260,106.6905,1,0.040270,220.380180,0.00227652,95.3309,1,0.052668,281.089030
2015-05-01,-0.01094531,105.5960,1,0.010811,121.400330,0.00244931,95.5758,0,0.000000,0.000000
2015-05-04,0.00483942,106.0799,1,0.019658,182.381500,-0.00436768,95.1391,0,0.000000,0.000000
2015-05-05,0.00501093,106.5810,1,0.028747,181.071140,0.00998225,96.1373,0,0.000000,0.000000
2015-05-06,0.00104648,106.6857,1,0.021032,180.202580,0.00202093,96.3394,0,0.000000,0.000000
2015-05-07,0.00767124,107.4528,1,0.047006,220.681840,-0.00492844,95.8465,1,0.065414,299.624747
2015-05-08,-0.00133590,107.3192,1,0.026940,281.098350,-0.00011473,95.8351,1,0.055693,341.488310
2015-05-11,0.00353186,107.6724,1,0.039004,241.912150,-0.00351415,95.4837,0,0.000000,0.000000
2015-05-12,-0.00432613,107.2398,1,0.028383,220.330350,-0.00329537,95.1541,1,0.058507,361.623488
2015-05-13,0.00689937,107.9297,1,0.020493,160.764670,-0.01174386,93.9797,1,0.044566,340.447590
2015-05-14,0.00129396,108.0591,1,0.034714,200.297250,-0.00217938,93.7618,1,0.053008,360.131560
2015-05-15,-0.00575166,107.4840,1,0.036286,282.668810,-0.01275088,92.4867,0,0.000000,0.000000
2015-05-18,0.00655884,108.1398,1,0.021266,180.794480,-0.00816422,91.6703,1,0.065322,382.598002
2015-05-19,-0.00417379,107.7225,1,0.028259,241.283230,0.00075918,91.7462,1,0.050332,380.735660
2015-05-20,0.00302252,108.0247,1,0.024508,160.529720,-0.00208944,91.5373,1,0.037384,340.257930
2015-05-21,-0.00197251,107.8275,1,0.025821,240.404240,0.00058967,91.5962,1,0.051483,340.988200
2015-05-22,-0.00170632,107.6568,1,0.034132,240.571330,0.00422953,92.0192,1,0.037177,300.750230
2015-05-26,0.00216446,107.8733,1,0.020214,140.422180,-0.00477544,91.5416,0,0.000000,0.000000
2015-05-27,0.00302614,108.1759,1,0.021286,200.290780,0.00027577,91.5692,0,0.000000,0.000000
2015-05-28,-0.00214841,107.9610,1,0.038711,301.798240,-0.00162902,91.4063,0,0.000000,0.000000
2015-05-29,-0.00882792,107.0783,1,0.027312,240.575110,0.00553905,91.9602,1,0.049295,338.685095
2015-06-01,0.00260059,107.3383,1,0.021121,180.509280,0.00611195,92.5714,0,0.000000,0.000000
2015-06-02,0.01416830,108.7551,1,0.036670,220.785300,-0.00876345,91.6951,1,0.044225,261.094008
2015-06-03,0.00431325,109.1865,1,0.026625,219.970320,0.01507463,93.2025,1,0.042857,359.836340
2015-06-04,0.00916186,110.1027,1,0.027564,201.304170,-0.01331105,91.8714,1,0.022605,201.803860
2015-06-05,-0.00034300,110.0684,1,0.034790,299.568070,0.01550527,93.4219,0,0.000000,0.000000
2015-06-08,0.00191167,110.2595,1,0.031273,240.628350,-0.00778900,92.6430,1,0.018360,140.814427
2015-06-09,-0.00125521,110.1340,1,0.041721,219.670720,0.00557178,93.2002,0,0.000000,0.000000
2015-06-10,0.00075033,110.2090,1,0.038977,219.992760,-0.00207544,92.9927,1,0.027464,220.055262
2015-06-11,0.00666053,110.8751,1,0.026677,222.115930,-0.00524581,92.4681,0,0.000000,0.000000
2015-06-12,-0.00120347,110.7547,1,0.033457,281.076630,0.00474045,92.9421,1,0.047355,383.123013
2015-06-15,-0.00477903,110.2768,1,0.042213,239.797070,0.00728740,93.6709,0,0.000000,0.000000
2015-06-16,-0.00063873,110.2130,1,0.018603,200.061910,-0.00019706,93.6512,0,0.000000,0.000000
2015-06-17,0.00202330,110.4153,1,0.044640,241.548670,0.00366360,94.0175,0,0.000000,0.000000
2015-06-18,-0.00744906,109.6704,1,0.028386,221.066470,0.00809369,94.8269,1,0.039751,301.132724
2015-06-19,-0.00165850,109.5045,1,0.019990,182.353240,-0.00221182,94.6057,0,0.000000,0.000000
2015-06-22,0.00366452,109.8710,1,0.019458,160.511400,0.00051389,94.6571,1,0.051391,342.009130
2015-06-23,-0.00498841,109.3721,1,0.026361,221.264770,0.00401294,95.0584,1,0.032676,260.943460
2015-06-24,0.00348069,109.7202,1,0.030601,140.931040,-0.00240393,94.8180,1,0.026763,260.546610
2015-06-25,0.00145831,109.8661,1,0.028849,259.395810,0.00015297,94.8333,0,0.000000,0.000000
2015-06-26,0.00335811,110.2019,1,0.038109,180.190020,-0.00211455,94.6219,1,0.047255,357.838082
2015-06-29,-0.00770168,109.4317,1,0.043578,280.564980,0.00827578,95.4494,1,0.039182,320.301120
2015-06-30,-0.00210685,109.2210,1,0.041145,220.289450,-0.00246650,95.2028,0,0.000000,0.000000
2015-07-01,0.00272955,109.4940,1,0.023995,200.595700,-0.00622097,94.5807,1,0.046677,337.601273
2015-07-02,0.00324936,109.8189,1,0.030264,241.596150,-0.00227570,94.3531,0,0.000000,0.000000
2015-07-06,-0.00342346,109.4766,1,0.025986,180.337380,0.00686538,95.0397,1,0.048902,342.370977
2015-07-07,-0.01150456,108.3261,1,0.024226,200.723800,0.00656158,95.6958,1,0.047832,320.851520
2015-07-08,-0.01179903,107.1462,1,0.016923,162.402990,0.01921328,97.6171,1,0.044832,301.903490
2015-07-09,0.00853262,107.9995,1,0.025398,160.066000,-0.01122892,96.4943,0,0.000000,0.000000
2015-07-10,-0.00475479,107.5240,1,0.033739,259.942680,0.00919322,97.4136,1,0.047998,377.705627
2015-07-13,-0.00469025,107.0550,1,0.035305,242.208040,0.01236627,98.6502,0,0.000000,0.000000
2015-07-14,-0.00127021,106.9279,1,0.028971,222.043420,0.00110067,98.7603,1,0.024253,223.545962
2015-07-15,0.00504729,107.4327,1,0.025601,200.928770,-0.00213516,98.5468,0,0.000000,0.000000
2015-07-16,-0.00570785,106.8619,1,0.039645,200.007030,0.00252263,98.7990,1,0.048717,360.340840
2015-07-17,-0.00290696,106.5712,1,0.015576,121.847900,-0.00056951,98.7421,0,0.000000,0.000000
2015-07-20,-0.00844326,105.7269,1,0.018376,160.268820,0.00725482,99.4675,1,0.045068,321.163179
2015-07-21,-0.01155794,104.5711,1,0.035864,201.255950,0.00804402,100.2719,1,0.037498,301.108690
2015-07-22,0.00222314,104.7934,1,0.019616,181.102430,0.00207420,100.4794,1,0.039540,320.473000
2015-07-23,0.00229463,105.0228,1,0.034197,220.494250,-0.00258506,100.2209,1,0.035286,300.698040
2015-07-24,-0.00696817,104.3260,1,0.023087,200.223380,0.02602081,102.8229,1,0.051599,339.327560
2015-07-27,0.00777401,105.1034,1,0.025189,180.167410,-0.00487390,102.3356,1,0.031150,281.734340
2015-07-28,0.01157817,106.2612,1,0.026603,221.163570,-0.01061564,101.2740,1,0.047234,301.233300
2015-07-29,-0.00154574,106.1067,1,0.056484,303.790920,-0.00086978,101.1870,0,0.000000,0.000000
2015-07-30,0.00530829,106.6375,1,0.039091,222.677910,0.00156429,101.3434,0,0.000000,0.000000
2015-07-31,-0.00007459,106.6300,1,0.032789,280.614460,0.00967647,102.3111,1,0.046223,326.386298
2015-08-03,-0.00381472,106.2486,1,0.038192,240.688810,0.00313440,102.6245,1,0.033870,241.383650
2015-08-04,0.00438496,106.6871,1,0.030474,200.597900,-0.01047078,101.5774,1,0.033128,280.860590
2015-08-05,-0.00251199,106.4359,1,0.027959,220.187810,0.00024013,101.6015,1,0.043217,340.821030
2015-08-06,0.02248364,108.6842,1,0.032466,221.780640,-0.01785470,99.8160,1,0.046880,301.237830
2015-08-07,-0.00224340,108.4599,1,0.046140,299.452990,0.00413123,100.2291,1,0.051817,359.113610
2015-08-10,0.01514377,109.9743,1,0.033363,220.244700,-0.01989101,98.2400,1,0.045801,260.673840
2015-08-11,0.01096492,111.0708,1,0.040998,341.525800,0.01203615,99.4436,0,0.000000,0.000000
2015-08-12,-0.00978850,110.0919,1,0.059660,339.864530,0.01054064,100.4977,1,0.033756,241.409414
2015-08-13,0.01170539,111.2624,1,0.043671,241.205370,-0.01469675,99.0280,1,0.042555,241.339460
2015-08-14,0.00388538,111.6510,1,0.027812,240.813990,-0.00161454,98.8666,1,0.051934,380.428480
2015-08-17,0.00120645,111.7716,1,0.036215,260.891530,-0.00980893,97.8857,1,0.039253,281.286860
2015-08-18,-0.00320584,111.4510,1,0.040454,221.031080,0.00070702,97.9564,0,0.000000,0.000000
2015-08-19,-0.00172374,111.2787,1,0.033324,200.382770,0.00110147,98.0665,1,0.037583,301.574698
2015-08-20,-0.01503138,109.7755,1,0.033028,239.443450,0.01359752,99.4263,1,0.046058,299.764750
2015-08-21,-0.00255875,109.5197,1,0.024985,179.469790,0.00480220,99.9065,0,0.000000,0.000000
2015-08-24,-0.00565817,108.9538,1,0.039927,219.154050,0.00774039,100.6805,0,0.000000,0.000000
2015-08-25,0.00791189,109.7450,0,0.000000,0.000000,-0.00047205,100.6333,0,0.000000,0.000000
2015-08-26,-0.00703396,109.0416,1,0.045736,238.634685,0.00032948,100.6663,0,0.000000,0.000000
2015-08-27,-0.00199415,108.8422,1,0.058785,305.795880,-0.00984665,99.6816,0,0.000000,0.000000
2015-08-28,-0.00746169,108.0960,1,0.023029,204.186550,-0.01331685,98.3499,0,0.000000,0.000000
2015-08-31,0.00178350,108.2744,1,0.012930,101.270000,0.01225110,99.5750,1,0.068130,371.830320
2015-09-01,0.00663735,108.9381,1,0.038305,180.862020,-0.00423198,99.1518,1,0.044518,260.300120
2015-09-02,0.00286888,109.2250,1,0.034822,218.860740,0.00204164,99.3560,0,0.000000,0.000000
2015-09-03,0.00357992,109.5830,1,0.037208,303.245370,0.00411652,99.7677,0,0.000000,0.000000
2015-09-04,0.00308971,109.8920,1,0.042979,280.662760,0.00272171,100.0398,0,0.000000,0.000000
2015-09-08,-0.00539499,109.3525,1,0.047019,239.605530,0.00019412,100.0592,0,0.000000,0.000000
2015-09-09,-0.00426251,108.9262,1,0.041961,244.674940,0.00433315,100.4925,0,0.000000,0.000000
2015-09-10,-0.00206055,108.7202,1,0.027555,160.190230,-0.00196674,100.2959,0,0.000000,0.000000
2015-09-11,-0.00122918,108.5973,1,0.028938,261.045100,-0.00243016,100.0529,1,0.058936,359.477315
2015-09-14,0.00145697,108.7430,1,0.040013,241.874460,-0.00044383,100.0085,0,0.000000,0.000000
2015-09-15,-0.00331824,108.4111,1,0.058434,260.021610,-0.00027210,99.9813,1,0.058500,321.335190
2015-09-16,-0.00346036,108.0651,1,0.034096,201.881370,0.00471072,100.4523,0,0.000000,0.000000
2015-09-17,-0.00090032,107.9751,1,0.032362,201.411980,0.00734387,101.1867,0,0.000000,0.000000
2015-09-18,-0.00994546,106.9805,1,0.031146,200.095210,0.01323249,102.5100,1,0.042251,223.691368
2015-09-21,0.00210972,107.1915,1,0.026558,140.730300,-0.00302352,102.2076,0,0.000000,0.000000
2015-09-22,-0.00385006,106.8065,1,0.050306,241.182410,0.00374543,102.5822,1,0.063507,259.554455
2015-09-23,-0.00511133,106.2953,1,0.031243,199.931820,0.00153860,102.7360,0,0.000000,0.000000
2015-09-24,-0.00572357,105.7230,1,0.046587,300.634430,-0.00031112,102.7049,1,0.054302,318.879825
2015-09-25,-0.00875035,104.8480,1,0.033105,261.000150,0.01304917,104.0098,1,0.051613,340.329570
2015-09-28,-0.00167520,104.6804,1,0.035620,240.345730,0.02132162,106.1420,1,0.035578,281.899010
2015-09-29,-0.00219323,104.4611,1,0.019503,160.886860,-0.00148894,105.9931,0,0.000000,0.000000
2015-09-30,-0.01147530,103.3136,1,0.041790,261.023300,-0.00280224,105.7129,1,0.057814,376.308148
2015-10-01,-0.01341244,101.9723,1,0.030644,203.259380,0.00669342,106.3822,0,0.000000,0.000000
2015-10-02,-0.01412495,100.5598,1,0.025095,181.607320,0.01426288,107.8085,1,0.055222,326.600051
2015-10-05,0.00474859,101.0347,1,0.041631,163.128640,-0.00958934,106.8496,0,0.000000,0.000000
2015-10-06,-0.01560395,99.4743,1,0.035475,262.468770,-0.00086452,106.7631,0,0.000000,0.000000
2015-10-07,0.01802870,101.2772,1,0.031500,160.779880,-0.02119353,104.6438,1,0.046943,326.387662
2015-10-08,-0.00608165,100.6690,1,0.029825,220.051970,0.00005539,104.6493,1,0.055761,340.341850
2015-10-09,0.00047148,100.7162,1,0.035572,242.466460,-0.00662149,103.9872,0,0.000000,0.000000
2015-10-12,0.00584332,101.3005,1,0.031768,220.961900,0.00003315,103.9905,1,0.055485,322.333693
2015-10-13,-0.00201568,101.0989,1,0.038498,220.466980,0.00842243,104.8327,1,0.050497,280.791220
2015-10-14,-0.00668141,100.4308,1,0.017801,140.540990,-0.00069974,104.7627,0,0.000000,0.000000
2015-10-15,-0.00752065,99.6787,1,0.027575,180.254160,0.00146336,104.9091,0,0.000000,0.000000
2015-10-16,-0.00319659,99.3591,1,0.024299,222.618350,0.01073645,105.9827,0,0.000000,0.000000
2015-10-19,-0.00004599,99.3545,1,0.027009,181.860620,0.01065255,107.0480,1,0.040785,282.129201
2015-10-20,0.02052380,101.4068,1,0.039140,220.613790,-0.01789965,105.2580,1,0.024975,221.152160
2015-10-21,-0.00256569,101.1503,1,0.035139,260.791780,-0.00268844,104.9892,1,0.047314,361.282570
2015-10-22,0.01284922,102.4352,1,0.032418,219.859110,0.00768807,105.7580,1,0.058193,320.668550
2015-10-23,-0.00668463,101.7667,1,0.042613,343.140620,-0.01806846,103.9511,0,0.000000,0.000000
2015-10-26,0.00008671,101.7754,1,0.018289,141.870930,0.00865974,104.8171,1,0.052386,383.885517
2015-10-27,-0.00341634,101.4338,1,0.029964,180.096300,0.00559681,105.3768,1,0.042099,281.307740
2015-10-28,0.00845003,102.2788,1,0.031897,241.334430,0.00564048,105.9408,1,0.059452,282.177720
2015-10-29,-0.00157302,102.1215,1,0.043882,282.991200,-0.00316575,105.6243,1,0.056395,343.376240
2015-10-30,-0.00380117,101.7414,1,0.039117,260.431120,-0.01088087,104.5362,1,0.047817,320.490620
2015-11-02,-0.00130536,101.6108,1,0.038476,241.123440,-0.00688851,103.8473,1,0.045781,360.700030
2015-11-03,-0.00864469,100.7463,1,0.028209,201.863040,0.01091112,104.9384,0,0.000000,0.000000
2015-11-04,0.00176944,100.9233,1,0.023666,200.642260,0.00098545,105.0370,1,0.032595,262.181200
2015-11-05,-0.00068965,100.8543,1,0.030235,220.605170,0.01005221,106.0422,1,0.042939,320.169760
2015-11-06,0.00091161,100.9455,1,0.023579,201.506290,0.00206967,106.2492,1,0.037603,261.703960
2015-11-09,0.00188013,101.1335,1,0.027217,200.716540,-0.00687001,105.5622,1,0.035251,300.843930
2015-11-10,-0.00042877,101.0906,1,0.032777,219.778870,-0.00907612,104.6546,0,0.000000,0.000000
2015-11-11,0.00346728,101.4374,1,0.030332,181.416280,-0.00075109,104.5794,1,0.057649,380.400136
2015-11-12,-0.00440045,100.9973,1,0.020075,179.889660,0.00179438,104.7589,1,0.040672,280.519240
2015-11-13,0.00179949,101.1773,1,0.025451,180.955230,-0.00247441,104.5114,0,0.000000,0.000000
2015-11-16,-0.00346837,100.8304,1,0.030577,219.526440,-0.00188902,104.3225,1,0.050512,337.617506
2015-11-17,0.00005094,100.8355,1,0.018226,162.398000,-0.00151259,104.1713,0,0.000000,0.000000
2015-11-18,-0.00002306,100.8332,1,0.025916,180.358040,-0.00561061,103.6102,1,0.037931,301.517805
2015-11-19,0.00219479,101.0527,1,0.036761,263.275050,-0.01065111,102.5451,0,0.000000,0.000000
2015-11-20,0.00112623,101.1653,1,0.031727,220.379800,0.00140330,102.6854,1,0.044770,322.437244
2015-11-23,0.00731168,101.8965,1,0.044752,222.140590,-0.00666145,102.0193,1,0.041795,282.238720
2015-11-24,0.00686737,102.5832,1,0.032143,261.034520,-0.00387583,101.6317,1,0.038393,321.865610
2015-11-25,-0.00182289,102.4009,1,0.041349,200.044640,-0.00734089,100.8976,1,0.058229,340.801370
2015-11-27,-0.00297423,102.1035,1,0.024103,201.218620,0.00585426,101.4830,1,0.051704,320.830140
2015-11-30,0.00726712,102.8302,1,0.030508,160.852100,-0.00699709,100.7833,1,0.054309,301.239590
2015-12-01,-0.00488324,102.3419,1,0.041254,180.549100,-0.00673372,100.1100,1,0.044662,339.706480
2015-12-02,0.01359930,103.7018,1,0.032890,201.822990,-0.00345441,99.7645,0,0.000000,0.000000
2015-12-03,0.00082062,103.7839,1,0.032518,259.050680,0.01468570,101.2331,0,0.000000,0.000000
2015-12-04,0.00651291,104.4352,1,0.032299,219.752840,-0.01192603,100.0405,0,0.000000,0.000000
2015-12-07,-0.00545353,103.8898,1,0.038723,283.616230,-0.00602110,99.4384,0,0.000000,0.000000
2015-12-08,-0.00174023,103.7158,1,0.034133,261.253810,0.00132503,99.5709,1,0.050697,297.750985
2015-12-09,0.00568016,104.2838,1,0.047214,240.328310,-0.00980459,98.5904,1,0.055289,280.393420
2015-12-10,0.00220970,104.5048,1,0.027990,220.036750,-0.00368114,98.2223,1,0.062694,378.193170
2015-12-11,0.00920170,105.4249,1,0.038820,240.759200,-0.00614086,97.6082,1,0.046896,320.781640
2015-12-14,-0.01939298,103.4857,1,0.033928,239.561610,-0.00030259,97.5780,0,0.000000,0.000000
2015-12-15,0.00255315,103.7410,1,0.021035,181.591330,-0.00635312,96.9427,1,0.038262,320.227206
2015-12-16,0.00068160,103.8091,1,0.039800,282.050150,-0.00247733,96.6949,0,0.000000,0.000000
2015-12-17,-0.01439922,102.3692,1,0.026482,202.084360,0.00141621,96.8365,0,0.000000,0.000000
2015-12-18,-0.00495657,101.8735,1,0.013737,141.166600,-0.00823650,96.0129,0,0.000000,0.000000
2015-12-21,-0.00485156,101.3884,1,0.024176,141.971680,-0.01058106,94.9548,0,0.000000,0.000000
2015-12-22,0.00631637,102.0200,1,0.027043,181.663780,-0.00610221,94.3446,1,0.052651,380.503671
2015-12-23,-0.01691329,100.3287,1,0.025689,201.710660,-0.00077761,94.2668,0,0.000000,0.000000
2015-12-24,0.00268258,100.5970,1,0.031402,223.467600,-0.00278886,93.9879,0,0.000000,0.000000
2015-12-28,0.00627048,101.2240,1,0.032082,160.743160,0.00189529,94.1774,1,0.076181,343.688923
2015-12-29,-0.00014413,101.2096,1,0.036293,280.194830,-0.00391276,93.7862,1,0.044606,320.924950
2015-12-30,0.00165834,101.3754,1,0.040866,261.662200,0.00949698,94.7359,0,0.000000,0.000000
2015-12-31,0.00580162,101.9556,1,0.040898,219.904420,-0.00645135,94.0907,0,0.000000,0.000000
2016-01-04,-0.01534390,100.4212,1,0.028780,240.108520,0.00139972,94.2307,0,0.000000,0.000000
2016-01-05,0.00206445,100.6276,1,0.012875,101.858410,0.00594855,94.8256,0,0.000000,0.000000
2016-01-06,-0.00054054,100.5736,1,0.037804,221.771660,0.00173711,94.9993,1,0.056799,318.317500
2016-01-07,-0.01217602,99.3560,1,0.031312,139.616130,0.01188371,96.1876,1,0.056499,298.939590
2016-01-08,-0.00824162,98.5318,1,0.015122,122.245270,0.00266723,96.4544,0,0.000000,0.000000
2016-01-11,-0.00678193,97.8536,1,0.027203,161.218460,0.01216536,97.6709,0,0.000000,0.000000
2016-01-12,0.00421676,98.2753,1,0.029314,240.927450,-0.00446826,97.2241,1,0.032726,277.909761
2016-01-13,0.00650174,98.9255,1,0.037916,281.314930,-0.00698063,96.5260,1,0.049283,321.583960
2016-01-14,0.00135697,99.0612,1,0.037863,238.762810,0.00481575,97.0076,0,0.000000,0.000000
2016-01-15,0.01068792,100.1300,1,0.053848,303.508160,0.00180162,97.1878,0,0.000000,0.000000
2016-01-19,-0.01228480,98.9015,1,0.047120,278.411120,0.00690430,97.8782,0,0.000000,0.000000
2016-01-20,-0.00330175,98.5713,1,0.036075,222.140740,0.00207869,98.0861,1,0.039031,260.501718
2016-01-21,0.01604333,100.1757,1,0.045837,200.251960,-0.01577072,96.5090,1,0.041642,338.960560
2016-01-22,-0.00622746,99.5529,1,0.055006,261.105370,0.00019031,96.5280,1,0.051679,342.718750
2016-01-25,0.02032281,101.5852,1,0.028429,243.893520,-0.00840025,95.6880,0,0.000000,0.000000
2016-01-26,-0.00129159,101.4560,1,0.046999,258.503970,0.02883782,98.5718,0,0.000000,0.000000
2016-01-27,0.00854156,102.3102,1,0.032464,264.262800,-0.02304513,96.2673,0,0.000000,0.000000
2016-01-28,-0.00384425,101.9258,1,0.045345,220.484960,0.00594502,96.8618,1,0.060058,342.146392
2016-01-29,0.00772664,102.6984,1,0.052316,241.909900,-0.00901984,95.9598,1,0.040574,281.681700
2016-02-01,0.00544403,103.2428,1,0.051927,265.570240,-0.01369000,94.5908,0,0.000000,0.000000
2016-02-02,-0.01265416,101.9774,1,0.027986,200.308510,0.01794719,96.3855,1,0.050781,364.981788
2016-02-03,-0.00022817,101.9546,1,0.034167,180.209450,-0.00648773,95.7367,0,0.000000,0.000000
2016-02-04,-0.00826944,101.1277,1,0.050694,264.098450,-0.01892614,93.8441,0,0.000000,0.000000
2016-02-05,-0.01889295,99.2384,1,0.021885,141.924810,0.01066065,94.9102,1,0.048615,362.017614
2016-02-08,-0.01516405,97.7219,1,0.040065,220.438510,0.01374110,96.2843,0,0.000000,0.000000
2016-02-09,-0.00020154,97.7018,1,0.028444,160.662060,0.01140438,97.4247,1,0.042742,277.532948
2016-02-10,0.03256976,100.9588,1,0.035634,261.685130,-0.02642774,94.7819,1,0.046514,322.550220
2016-02-11,0.01412496,102.3713,1,0.039104,304.474590,-0.01443704,93.3382,1,0.040344,304.546460
2016-02-12,0.00567639,102.9389,1,0.046791,237.733640,-0.00993297,92.3449,1,0.044587,297.346440
2016-02-16,-0.01369278,101.5696,1,0.039548,245.327010,0.00252248,92.5972,0,0.000000,0.000000
2016-02-17,-0.00486057,101.0836,1,0.027617,184.225530,0.01238916,93.8361,0,0.000000,0.000000
2016-02-18,0.02898035,103.9816,1,0.041795,184.438120,-0.02607317,91.2288,1,0.053387,292.169329
2016-02-19,-0.00120541,103.8611,1,0.041541,258.403270,-0.00050014,91.1788,1,0.046894,358.532750
2016-02-22,0.00449103,104.3102,1,0.042667,241.091760,-0.01601389,89.5774,1,0.048429,281.254640
2016-02-23,0.01515350,105.8255,1,0.051700,263.724530,0.00870269,90.4477,0,0.000000,0.000000
2016-02-24,0.00340584,106.1661,1,0.045556,218.951090,-0.00259401,90.1883,1,0.061981,321.235312
2016-02-25,0.00078807,106.2449,1,0.046513,261.656880,-0.00428325,89.7599,1,0.058305,341.235800
2016-02-26,0.00387241,106.6322,1,0.042949,242.381700,0.00384541,90.1445,0,0.000000,0.000000
2016-02-29,0.00972703,107.6049,1,0.035927,260.196290,-0.01403037,88.7414,1,0.042757,303.296356
2016-03-01,-0.00005624,107.5992,1,0.039474,239.759130,-0.01647364,87.0941,1,0.057694,358.688160
2016-03-02,0.01391218,108.9904,1,0.049082,285.340270,-0.01191548,85.9025,0,0.000000,0.000000
2016-03-03,-0.00061305,108.9291,1,0.035655,282.169440,0.00721246,86.6238,1,0.056774,347.035124
2016-03-04,-0.00911190,108.0180,1,0.027920,241.521190,0.00937348,87.5611,0,0.000000,0.000000
2016-03-07,-0.00691453,107.3265,1,0.022133,141.650550,0.00505406,88.0665,1,0.038734,264.097920
2016-03-08,0.02241928,109.5684,1,0.032322,182.103500,-0.02643105,85.4234,1,0.059855,321.345140
2016-03-09,0.00662886,110.2313,1,0.045924,278.143010,-0.00044903,85.3785,1,0.061223,337.244290
2016-03-10,-0.00024713,110.2066,1,0.031323,241.453750,0.00424616,85.8031,1,0.039344,281.520000
2016-03-11,0.02143296,112.3499,1,0.037544,240.348890,-0.01959776,83.8434,1,0.044416,280.657840
2016-03-14,0.00101053,112.4509,1,0.050027,324.255000,0.00099677,83.9430,0,0.000000,0.000000
2016-03-15,0.00733223,113.1842,1,0.037197,260.374220,0.00188753,84.1318,1,0.048987,264.095072
2016-03-16,0.00531047,113.7152,1,0.028983,240.059740,-0.01421293,82.7105,1,0.063483,359.215780
2016-03-17,-0.00799381,112.9158,1,0.047341,261.658390,0.01425181,84.1357,1,0.067449,342.377550
2016-03-18,0.00918553,113.8344,1,0.037067,222.705420,-0.01182120,82.9536,1,0.041050,222.838970
2016-03-21,0.00040037,113.8744,1,0.032073,261.951060,-0.00505217,82.4483,1,0.050667,362.742850
2016-03-22,0.00150734,114.0252,1,0.056746,320.274290,-0.00124220,82.3241,1,0.039620,340.241170
2016-03-23,0.01060171,115.0853,1,0.031129,240.645760,-0.00243647,82.0805,1,0.036187,300.879040
2016-03-24,0.00401467,115.4868,1,0.036403,239.672560,-0.00397431,81.6830,1,0.046411,320.080320
2016-03-28,0.01117793,116.6046,1,0.035387,261.179190,-0.01034315,80.6487,1,0.042305,320.758700
2016-03-29,-0.00774432,115.8302,1,0.032792,240.436080,0.00920686,81.5694,1,0.065724,380.119510
2016-03-30,0.00582854,116.4130,1,0.037076,262.830420,0.00002572,81.5720,0,0.000000,0.000000
2016-03-31,-0.00179873,116.2331,1,0.030373,220.511230,-0.00713133,80.8588,1,0.061333,343.263343
2016-04-01,0.01744633,117.9778,1,0.038277,260.780680,-0.02209458,78.6494,1,0.054918,379.754520
2016-04-04,-0.01795050,116.1827,1,0.042310,320.443650,0.01633100,80.2825,1,0.055240,380.704160
2016-04-05,-0.00360880,115.8218,1,0.027030,221.950840,0.00052523,80.3350,1,0.044007,301.795900
2016-04-06,-0.02471879,113.3500,1,0.035239,279.234410,0.00710019,81.0450,0,0.000000,0.000000
2016-04-07,0.00462946,113.8129,1,0.021134,203.119740,-0.01248625,79.7964,1,0.040765,261.666527
2016-04-08,-0.00629855,113.1831,1,0.029735,219.338320,0.00837588,80.6340,1,0.042692,338.809500
2016-04-11,-0.00189180,112.9939,1,0.035400,241.061340,0.00499990,81.1340,1,0.030110,241.214360
2016-04-12,-0.00706477,112.2874,1,0.026777,180.704860,0.01340781,82.4748,1,0.030019,221.230600
2016-04-13,-0.00679108,111.6083,1,0.028688,182.449700,0.00765598,83.2404,0,0.000000,0.000000
2016-04-14,-0.00557331,111.0510,1,0.021661,182.794100,0.00263696,83.5041,1,0.046784,325.419969
2016-04-15,0.00694259,111.7452,1,0.023971,220.386850,-0.01302907,82.2012,1,0.027737,260.237900
2016-04-18,-0.00175824,111.5694,1,0.028324,200.436630,-0.00605505,81.5956,1,0.049265,380.647350
2016-04-19,-0.00410613,111.1588,1,0.044753,221.606080,-0.00184569,81.4111,0,0.000000,0.000000
2016-04-20,0.00421405,111.5802,1,0.027815,200.776780,-0.00014656,81.3964,1,0.055246,301.352128
2016-04-21,-0.00643499,110.9367,1,0.033479,261.468600,0.00578550,81.9750,1,0.053040,300.769430
2016-04-22,0.00178870,111.1156,1,0.041610,200.953440,-0.00567089,81.4079,1,0.070139,300.821530
2016-04-25,-0.00159729,110.9558,1,0.053449,241.522460,0.00262518,81.6704,1,0.065452,361.539010
2016-04-26,-0.00197325,110.7585,1,0.040285,219.963220,-0.00640873,81.0295,1,0.047793,319.894530
2016-04-27,-0.00453548,110.3050,1,0.031088,222.462080,0.00481007,81.5105,1,0.059803,362.180060
2016-04-28,0.01068691,111.3737,1,0.023849,202.961500,-0.00845867,80.6647,1,0.025627,262.416330
2016-04-29,0.00527296,111.9009,1,0.026234,199.157760,0.00946982,81.6117,1,0.067718,338.381860
2016-05-02,0.00284206,112.1852,1,0.028014,199.696050,-0.00084761,81.5269,1,0.039031,259.975480
2016-05-03,-0.00899967,111.2852,1,0.027027,222.354960,0.01345421,82.8723,1,0.035979,321.765330
2016-05-04,-0.00637855,110.6473,1,0.020115,140.552060,0.01804347,84.6767,1,0.049133,280.336720
2016-05-05,0.00707398,111.3547,1,0.048162,200.582120,0.00126347,84.8030,1,0.044573,240.959180
2016-05-06,-0.00657558,110.6972,1,0.036998,260.910400,0.00592277,85.3953,1,0.033553,280.407540
2016-05-09,0.00509817,111.2070,1,0.026473,181.750740,0.00019423,85.4147,1,0.044537,262.238130
2016-05-10,0.01161848,112.3688,1,0.044022,280.214910,-0.01243327,84.1714,1,0.046817,321.016860
2016-05-11,-0.00256004,112.1128,1,0.050194,322.942570,-0.01412640,82.7587,0,0.000000,0.000000
2016-05-12,0.00539670,112.6525,1,0.021980,180.881830,0.00209755,82.9685,0,0.000000,0.000000
2016-05-13,-0.00263300,112.3892,1,0.029510,240.722690,-0.00113762,82.8547,1,0.031272,261.993164
2016-05-16,0.00326575,112.7158,1,0.036545,220.014650,-0.00195253,82.6595,0,0.000000,0.000000
2016-05-17,-0.00884507,111.8313,1,0.037717,261.775920,-0.00781029,81.8784,0,0.000000,0.000000
2016-05-18,-0.00007753,111.8235,1,0.027483,140.962770,-0.01269202,80.6092,0,0.000000,0.000000
2016-05-19,0.00652053,112.4756,1,0.034567,181.111650,-0.00705323,79.9039,1,0.051533,358.621362
2016-05-20,0.00166025,112.6416,1,0.021425,200.788880,-0.00705309,79.1986,1,0.044609,340.254410
2016-05-23,-0.00364893,112.2767,1,0.036083,321.685950,-0.00786118,78.4125,0,0.000000,0.000000
2016-05-24,-0.00144073,112.1326,1,0.034263,200.449290,0.00145585,78.5581,1,0.047915,361.333327
2016-05-25,-0.00352671,111.7800,1,0.042171,242.966390,0.01514127,80.0722,0,0.000000,0.000000
2016-05-26,0.00863402,112.6434,1,0.043268,181.165020,-0.00234784,79.8374,1,0.037204,244.497068
2016-05-27,0.00168268,112.8116,1,0.039752,221.462650,-0.00105909,79.7315,1,0.055789,340.634340
2016-05-31,-0.00125678,112.6860,1,0.023478,200.942480,0.00816520,80.5480,0,0.000000,0.000000
2016-06-01,0.00000854,112.6868,1,0.026446,201.054620,-0.00266957,80.2811,1,0.025697,221.822285
2016-06-02,-0.00839411,111.8474,1,0.023071,200.822000,0.00713952,80.9950,1,0.051758,340.741860
2016-06-03,0.00065815,111.9132,1,0.019415,181.363620,-0.00770829,80.2242,1,0.032549,241.412030
2016-06-06,-0.00191113,111.7221,1,0.038773,220.146270,-0.01198072,79.0261,1,0.054042,360.068880
2016-06-07,-0.00441085,111.2810,1,0.027885,221.062400,-0.00078344,78.9478,1,0.044804,361.574650
2016-06-08,0.00337708,111.6187,1,0.017822,140.610160,-0.00311940,78.6358,1,0.045460,300.734400
2016-06-09,0.00129355,111.7481,1,0.032735,240.804490,0.00466970,79.1028,1,0.029920,280.858280
2016-06-10,-0.00743796,111.0043,1,0.019296,220.161170,0.00888463,79.9913,1,0.026067,280.437230
2016-06-13,0.00199295,111.2036,1,0.021165,200.082980,0.00254999,80.2463,0,0.000000,0.000000
2016-06-14,-0.00239434,110.9641,1,0.033674,260.136280,0.00983032,81.2293,0,0.000000,0.000000
2016-06-15,-0.00259998,110.7041,1,0.025208,181.043100,-0.00146354,81.0830,1,0.024014,201.263415
2016-06-16,0.00030206,110.7343,1,0.028534,201.158930,-0.00397413,80.6855,1,0.034093,300.738420
2016-06-17,0.00005773,110.7401,1,0.022707,181.121040,-0.00374883,80.3107,1,0.059883,381.291080
2016-06-20,-0.00587846,110.1523,1,0.048016,260.931700,-0.00416834,79.8938,1,0.078954,360.322440
2016-06-21,0.00032631,110.1849,1,0.042489,241.950670,0.00322214,80.2160,0,0.000000,0.000000
2016-06-22,0.00067487,110.2524,1,0.028173,181.017620,-0.00237911,79.9781,1,0.040231,282.549958
2016-06-23,-0.00015743,110.2366,1,0.022333,160.452880,0.00042935,80.0211,1,0.041665,359.665600
2016-06-24,0.02181357,112.4180,1,0.025613,222.756230,-0.00413663,79.6074,0,0.000000,0.000000
2016-06-27,0.01741530,114.1595,0,0.000000,0.000000,-0.01460365,78.1470,0,0.000000,0.000000
2016-06-28,0.01254470,115.4140,1,0.038460,275.164452,-0.01584154,76.5629,1,0.051264,335.093302
2016-06-29,-0.00067849,115.3462,1,0.044619,283.679850,-0.01586670,74.9762,0,0.000000,0.000000
2016-06-30,0.01204109,116.5503,1,0.039191,264.184870,-0.01077294,73.8989,0,0.000000,0.000000
2016-07-01,0.00675470,117.2257,1,0.044090,303.939360,0.00087091,73.9860,0,0.000000,0.000000
2016-07-05,0.00674174,117.8999,1,0.036076,280.515020,-0.00087969,73.8980,1,0.038649,330.955436
2016-07-06,0.00205086,118.1050,1,0.026864,219.872530,-0.00479754,73.4183,1,0.043824,339.222800
2016-07-07,-0.00559521,117.5455,1,0.028361,281.082810,0.00488310,73.9066,1,0.040530,341.210790
2016-07-08,-0.00930569,116.6149,1,0.026219,240.415000,0.00870332,74.7769,1,0.036988,300.444780
2016-07-11,-0.01293891,115.3210,1,0.024621,223.190110,0.01026793,75.8037,0,0.000000,0.000000
2016-07-12,-0.01995323,113.3257,1,0.028803,141.673150,0.01257329,77.0611,1,0.037551,264.187981
2016-07-13,0.00628728,113.9544,1,0.012702,102.253020,-0.01211340,75.8497,1,0.032000,281.908240
2016-07-14,-0.00580143,113.3743,1,0.026743,220.044470,-0.00659350,75.1904,1,0.049720,380.173740
2016-07-15,-0.00720133,112.6541,1,0.026433,221.121240,0.00360353,75.5507,1,0.052897,340.071290
2016-07-18,-0.00707527,111.9466,1,0.012307,140.902220,0.00260535,75.8112,1,0.030015,280.569470
2016-07-19,0.00305275,112.2519,1,0.012545,121.058700,0.00181119,75.9924,1,0.024031,240.891050
2016-07-20,0.00245235,112.4971,1,0.023685,180.993480,-0.00751129,75.2412,1,0.048239,320.166630
2016-07-21,-0.01703815,110.7933,1,0.038055,240.466820,0.01356032,76.5973,1,0.047708,380.839130
2016-07-22,-0.00701042,110.0923,1,0.037622,261.495980,0.00450529,77.0478,1,0.041691,341.423700
2016-07-25,-0.00108412,109.9839,1,0.016782,182.961580,0.01093700,78.1415,0,0.000000,0.000000
2016-07-26,0.01933962,111.9178,1,0.026948,200.288830,-0.00786954,77.3545,1,0.031364,283.713480
2016-07-27,-0.00227511,111.6903,1,0.032791,221.066450,0.01706447,79.0610,1,0.041273,361.423290
2016-07-28,0.00058653,111.7490,1,0.032807,201.703360,0.00110057,79.1710,1,0.030903,201.475060
2016-07-29,-0.00986810,110.7622,1,0.037540,261.437820,0.00573779,79.7448,1,0.055671,322.039460
2016-08-01,-0.00284420,110.4777,1,0.029730,181.878970,0.00495341,80.2402,1,0.042789,301.322890
2016-08-02,0.00007132,110.4849,1,0.021008,199.461750,0.00569910,80.8101,1,0.040170,280.506330
2016-08-03,0.00305884,110.7908,1,0.022666,200.230340,-0.02702267,78.1078,0,0.000000,0.000000
2016-08-04,-0.00101594,110.6892,1,0.033944,261.247170,0.00292775,78.4006,1,0.051505,380.564465
2016-08-05,-0.00510625,110.1785,1,0.042465,240.394630,0.00455116,78.8557,1,0.045624,260.697900
2016-08-08,-0.00486139,109.6924,1,0.027889,222.020920,0.00693795,79.5495,1,0.037555,282.312860
2016-08-09,0.00778064,110.4705,1,0.029006,220.773390,-0.00811797,78.7377,1,0.032387,260.601630
2016-08-10,0.00395134,110.8656,1,0.023096,220.788510,0.00000197,78.7379,1,0.044663,400.188450
2016-08-11,-0.00152474,110.7131,1,0.031304,240.338550,-0.00646673,78.0912,1,0.029933,260.584080
2016-08-12,0.00079730,110.7928,1,0.027180,200.827210,-0.00530719,77.5605,1,0.040079,320.951040
2016-08-15,0.00192386,110.9852,1,0.025074,200.493310,-0.00189503,77.3710,1,0.038243,360.347560
2016-08-16,-0.01670118,109.3151,1,0.035218,240.816960,0.01151209,78.5222,1,0.045311,321.374860
2016-08-17,0.00155763,109.4709,1,0.029217,180.990940,-0.00990540,77.5317,0,0.000000,0.000000
2016-08-18,-0.00079806,109.3911,1,0.033896,220.896280,0.00409153,77.9408,1,0.051337,380.291386
2016-08-19,0.00189544,109.5806,1,0.025126,181.375110,-0.00213242,77.7276,1,0.041492,261.684770
2016-08-22,0.00099877,109.6805,1,0.024773,180.756790,0.00072242,77.7998,1,0.038958,340.390170
2016-08-23,-0.00024495,109.6560,1,0.030725,220.612430,-0.00289152,77.5107,1,0.032852,280.966020
2016-08-24,0.00803510,110.4595,1,0.041280,240.812150,-0.00742850,76.7678,1,0.050840,360.710000
2016-08-25,0.00586390,111.0459,1,0.030600,239.500350,-0.00175764,76.5921,1,0.046734,339.172030
2016-08-26,-0.00000260,111.0456,1,0.040940,300.292110,0.00582104,77.1742,1,0.044966,320.423290
2016-08-29,0.00279537,111.3252,1,0.027263,219.835180,-0.00284331,76.8898,1,0.029891,260.575510
2016-08-30,0.00171055,111.4962,1,0.024495,220.978360,0.00722721,77.6126,0,0.000000,0.000000
2016-08-31,0.00200932,111.6972,1,0.024248,220.233470,0.00421111,78.0337,1,0.029099,241.232317
2016-09-01,0.00404217,112.1014,1,0.038693,280.329240,-0.00340404,77.6933,1,0.034144,300.500930
2016-09-02,-0.00345073,111.7563,1,0.030433,280.057330,0.00234343,77.9276,1,0.039597,300.244840
2016-09-06,-0.00144196,111.6121,1,0.032256,282.094420,0.00641532,78.5691,0,0.000000,0.000000
2016-09-07,0.00519036,112.1311,1,0.024704,220.523540,-0.00461498,78.1076,1,0.034008,282.183452
2016-09-08,-0.01908490,110.2227,1,0.034050,220.378140,-0.00085155,78.0225,1,0.041195,380.445790
2016-09-09,0.00467610,110.6903,1,0.021150,182.164980,0.00021450,78.0439,1,0.030160,319.640780
2016-09-12,0.00243821,110.9341,1,0.026199,200.377820,-0.00576617,77.4673,0,0.000000,0.000000
2016-09-13,0.00193859,111.1279,1,0.026381,262.578680,0.00129902,77.5972,0,0.000000,0.000000
2016-09-14,-0.00665412,110.4625,1,0.031232,219.895360,-0.00377917,77.2193,0,0.000000,0.000000
2016-09-15,0.00230534,110.6931,1,0.029866,240.380480,-0.00292497,76.9268,1,0.040627,353.652502
2016-09-16,0.00010014,110.7031,1,0.026796,242.058160,0.00391116,77.3179,0,0.000000,0.000000
2016-09-19,0.00488716,111.1918,1,0.026614,220.151610,-0.00314506,77.0034,1,0.031616,301.959350
2016-09-20,-0.00461000,110.7308,1,0.030680,261.399630,0.00357023,77.3604,1,0.040187,341.164350
2016-09-21,0.00338935,111.0697,1,0.021365,240.602160,-0.00231592,77.1288,1,0.033012,280.641850
2016-09-22,0.00819090,111.8888,1,0.032270,262.608040,-0.00347935,76.7809,0,0.000000,0.000000
2016-09-23,-0.00279667,111.6092,1,0.031217,241.436500,0.00431375,77.2123,0,0.000000,0.000000
2016-09-26,-0.00377632,111.2315,1,0.022382,180.425430,-0.00053477,77.1588,1,0.041247,323.540495
2016-09-27,0.00899616,112.1311,1,0.016014,160.409010,-0.01112512,76.0463,1,0.041672,299.336090
2016-09-28,0.00823763,112.9549,1,0.037647,260.046670,-0.00797579,75.2487,1,0.044439,380.072980
2016-09-29,0.00243380,113.1983,1,0.034710,261.380690,0.00373925,75.6226,1,0.029445,281.519900
2016-09-30,-0.00873785,112.3245,1,0.031095,221.060710,0.00606636,76.2293,0,0.000000,0.000000
2016-10-03,-0.00509472,111.8150,1,0.032632,241.562470,0.01763141,77.9924,1,0.020579,241.901075
2016-10-04,0.00134898,111.9499,1,0.030012,220.922080,0.00992043,78.9845,1,0.029057,241.134920
2016-10-05,-0.00794119,111.1558,1,0.024229,200.663130,0.00530690,79.5152,1,0.029820,240.609800
2016-10-06,0.00142627,111.2984,1,0.020743,220.920270,0.00140759,79.6559,1,0.028961,261.183690
2016-10-07,0.01791605,113.0900,1,0.022395,200.123090,-0.01375517,78.2804,1,0.036297,280.347720
2016-10-10,0.00364056,113.4541,1,0.028304,279.397160,0.00515649,78.7960,1,0.040041,358.683240
2016-10-11,-0.00138108,113.3160,1,0.033188,300.971460,-0.00626398,78.1696,1,0.032958,301.990970
2016-10-12,0.00603858,113.9198,1,0.023482,181.401720,-0.00383598,77.7860,0,0.000000,0.000000
2016-10-13,-0.00420307,113.4995,1,0.042747,321.042640,-0.00189824,77.5962,0,0.000000,0.000000
2016-10-14,-0.00050052,113.4495,1,0.022092,180.789380,-0.00441651,77.1546,1,0.040551,357.608849
2016-10-17,-0.00482664,112.9668,1,0.035754,240.318460,0.00108549,77.2631,1,0.049661,320.526660
2016-10-18,-0.00147640,112.8192,1,0.025060,220.173550,-0.00079387,77.1837,1,0.049297,340.524870
2016-10-19,-0.00859231,111.9599,1,0.039341,281.245740,0.00597228,77.7810,1,0.046042,321.248730
2016-10-20,0.00298822,112.2588,1,0.021918,181.778590,-0.00746185,77.0348,1,0.022515,222.059710
2016-10-21,0.00770252,113.0290,1,0.021318,160.363540,-0.00401901,76.6329,1,0.042691,318.508530
2016-10-24,0.00139798,113.1688,1,0.034152,260.250670,-0.00059994,76.5729,1,0.054124,360.248310
2016-10-25,-0.00018132,113.1507,1,0.034512,200.646210,0.00902836,77.4757,1,0.038164,300.776130
2016-10-26,-0.03286919,109.8638,1,0.025179,200.847820,0.02630844,80.1066,1,0.031126,280.965800
2016-10-27,-0.01377941,108.4858,1,0.027541,184.869540,0.00637252,80.7438,1,0.033658,282.650550
2016-10-28,0.00213716,108.6995,1,0.025214,180.594280,-0.00712798,80.0310,1,0.043148,240.329450
2016-10-31,0.00100394,108.7999,1,0.026706,220.895750,0.00479440,80.5105,1,0.041710,321.350410
2016-11-01,0.00753469,109.5534,1,0.026501,240.977940,-0.00987572,79.5229,1,0.032272,261.144850
2016-11-02,-0.01656878,107.8965,1,0.036408,318.873990,0.01923807,81.4467,1,0.046083,358.487180
2016-11-03,-0.00010574,107.8860,1,0.014714,141.634310,0.01735782,83.1825,1,0.029158,240.938550
2016-11-04,0.01131411,109.0174,1,0.026739,201.005580,-0.01130366,82.0521,1,0.026476,242.336520
2016-11-07,-0.00842506,108.1749,1,0.040466,280.681350,0.00835181,82.8873,1,0.036529,300.208930
2016-11-08,0.00090428,108.2653,1,0.030472,263.950780,0.00359212,83.2465,0,0.000000,0.000000
2016-11-09,0.03298532,111.5638,1,0.022858,201.239660,-0.03684707,79.5618,1,0.027857,265.415668
2016-11-10,-0.03189528,108.3743,1,0.036388,280.073550,0.04210164,83.7720,1,0.047326,361.456810
2016-11-11,0.01126298,109.5006,1,0.015342,164.001440,0.00235047,84.0070,1,0.019193,204.608710
2016-11-14,-0.00172904,109.3277,1,0.026624,201.099540,0.02130884,86.1379,1,0.040806,340.907340
2016-11-15,0.01162773,110.4905,1,0.023667,243.126160,-0.00656581,85.4813,1,0.032561,264.146970
2016-11-16,0.00688647,111.1791,1,0.030093,282.003180,-0.00176290,85.3050,1,0.039540,362.029320
2016-11-17,-0.01045796,110.1333,1,0.032146,240.337540,0.01646226,86.9512,1,0.039284,340.080170
2016-11-18,0.00544480,110.6778,1,0.028090,221.797590,-0.00638564,86.3127,1,0.034174,261.844810
2016-11-21,-0.00100854,110.5769,1,0.030094,259.958390,-0.00069895,86.2428,1,0.048535,339.975190
2016-11-22,0.00123430,110.7004,1,0.031250,241.402520,-0.00904548,85.3382,1,0.047598,321.297860
2016-11-23,0.00738995,111.4394,1,0.023365,221.307160,-0.00740881,84.5974,1,0.033741,301.113650
2016-11-25,0.00764305,112.2037,1,0.041765,281.373660,-0.00865814,83.7315,1,0.047694,361.161640
2016-11-28,-0.00472108,111.7316,1,0.057228,300.999630,-0.02402723,81.3288,0,0.000000,0.000000
2016-11-29,0.00137523,111.8691,1,0.021417,200.125300,-0.00278640,81.0502,1,0.036150,380.378777
2016-11-30,0.01535511,113.4046,1,0.026759,221.209680,-0.01551943,79.4982,1,0.039363,321.179930
2016-12-01,-0.02543653,110.8609,1,0.024053,241.431450,0.02763838,82.2621,1,0.041762,341.928820
2016-12-02,0.01610853,112.4718,1,0.018037,162.311740,-0.01758864,80.5032,1,0.027834,241.624600
2016-12-05,0.00656415,113.1282,1,0.031525,260.634250,0.00042120,80.5453,1,0.044060,360.233550
2016-12-06,0.00205506,113.3337,1,0.035254,260.791080,0.00487068,81.0324,1,0.031822,261.773860
2016-12-07,-0.00213789,113.1199,1,0.030629,241.600580,0.00041500,81.0739,1,0.028410,281.252730
2016-12-08,0.00011176,113.1311,1,0.029064,242.343220,0.00698958,81.7729,0,0.000000,0.000000
2016-12-09,-0.00789715,112.3414,1,0.035305,261.586620,0.00323848,82.0967,1,0.046492,323.981191
2016-12-12,0.00504411,112.8458,1,0.025369,201.619710,0.00449975,82.5467,1,0.033185,281.126720
2016-12-13,0.00065753,112.9115,1,0.029787,260.465940,-0.00278355,82.2683,1,0.037195,300.536640
2016-12-14,0.00070856,112.9824,1,0.024544,240.548680,0.00496925,82.7653,1,0.043595,361.259940
2016-12-15,-0.00387603,112.5948,1,0.026473,219.567940,0.00559273,83.3245,0,0.000000,0.000000
2016-12-16,0.00616376,113.2112,1,0.026324,161.615710,-0.00851652,82.4729,1,0.043902,300.078151
2016-12-19,0.00795714,114.0069,1,0.031166,260.461760,-0.00395671,82.0772,1,0.045611,340.087490
2016-12-20,0.00142744,114.1496,1,0.042236,280.292080,-0.00132082,81.9451,1,0.037092,301.044600
2016-12-21,0.00213216,114.3628,1,0.019364,221.146960,-0.00612922,81.3322,1,0.044662,301.065110
2016-12-22,-0.00368604,113.9942,1,0.021054,220.116240,-0.00411777,80.9204,1,0.045597,359.644960
2016-12-23,-0.00257403,113.7368,1,0.022593,220.315710,-0.00100149,80.8203,1,0.042889,339.987300
2016-12-27,-0.00127206,113.6096,1,0.019646,200.736430,0.00056339,80.8766,1,0.034191,340.648280
2016-12-28,-0.00141096,113.4685,1,0.026016,201.122100,-0.00110678,80.7659,1,0.032588,301.074410
2016-12-29,-0.00214197,113.2543,1,0.020497,180.523520,-0.00409803,80.3561,0,0.000000,0.000000
2016-12-30,-0.00606747,112.6476,1,0.017577,140.752340,0.00358392,80.7145,1,0.052088,378.835856
2017-01-03,0.00913070,113.5607,1,0.028430,200.243170,-0.00086661,80.6279,1,0.034411,280.352360
2017-01-04,0.00159323,113.7200,1,0.033017,321.551780,0.00525313,81.1532,1,0.033847,321.060810
2017-01-05,-0.00215623,113.5044,1,0.032803,241.874760,0.00853776,82.0070,0,0.000000,0.000000
2017-01-06,0.00359416,113.8638,1,0.021894,180.660480,0.00311906,82.3189,1,0.044334,343.483523
2017-01-09,-0.01943368,111.9204,1,0.028598,221.066570,0.01589131,83.9080,1,0.034869,281.773380
2017-01-10,0.01439703,113.3601,1,0.016857,122.064890,-0.00861744,83.0462,1,0.030624,261.362760
2017-01-11,0.00260799,113.6209,1,0.025201,219.851760,0.00283060,83.3293,1,0.039330,339.766920
2017-01-12,0.00628786,114.2497,1,0.036944,260.804120,-0.00517075,82.8122,1,0.043005,301.550870
2017-01-13,0.00972155,115.2219,1,0.037165,320.158210,-0.00561059,82.2512,1,0.040439,340.099350
2017-01-17,0.00615040,115.8369,1,0.041810,340.706560,-0.01498456,80.7527,1,0.046336,341.051200
2017-01-18,0.00852234,116.6891,1,0.029466,278.975410,-0.00949142,79.8036,1,0.048432,378.399720
2017-01-19,-0.00552316,116.1368,1,0.031356,280.797500,0.00151909,79.9555,1,0.055611,400.720830
2017-01-20,-0.00260257,115.8766,1,0.022097,200.112580,-0.00125214,79.8303,1,0.044204,339.372620
2017-01-23,-0.00032001,115.8446,1,0.027391,200.966380,0.00449352,80.2796,1,0.034088,320.699690
2017-01-24,0.00877792,116.7223,1,0.026368,220.350850,0.00191521,80.4711,1,0.028839,320.185420
2017-01-25,-0.00671860,116.0505,1,0.031810,242.456400,0.00681566,81.1527,1,0.027874,282.218580
2017-01-26,0.00309025,116.3595,1,0.037945,181.344210,-0.00978767,80.1739,1,0.041237,262.217180
2017-01-27,0.00111460,116.4710,1,0.020980,180.339910,-0.00219790,79.9542,1,0.036590,340.503510
2017-01-30,0.00400280,116.8713,1,0.041560,220.226020,0.00010249,79.9644,1,0.067371,320.372540
2017-01-31,0.00790994,117.6622,1,0.029656,199.772980,0.00038176,80.0026,1,0.057234,319.525020
2017-02-01,-0.00193646,117.4686,1,0.038626,280.550430,-0.00707364,79.2952,1,0.050654,280.752910
2017-02-02,0.01985027,119.4536,1,0.035083,260.448340,-0.02129137,77.1661,1,0.044697,359.560370
2017-02-03,0.01016893,120.4705,1,0.038617,260.774070,-0.01965050,75.2010,1,0.046440,360.669920
2017-02-06,0.01392449,121.8630,1,0.038701,301.427590,0.00539879,75.7409,0,0.000000,0.000000
2017-02-07,-0.00634743,121.2282,1,0.028803,259.125530,0.00257623,75.9985,1,0.029517,281.406153
2017-02-08,-0.01197272,120.0310,1,0.020402,181.427240,0.00476963,76.4755,1,0.034327,301.476320
2017-02-09,0.01241171,121.2721,1,0.029979,221.995650,-0.00371545,76.1039,1,0.026865,240.975470
2017-02-10,-0.00174273,121.0979,1,0.033783,261.770390,-0.00118187,75.9858,1,0.039337,360.608160
2017-02-13,-0.00075853,121.0220,1,0.027883,180.934910,-0.00325063,75.6607,0,0.000000,0.000000
2017-02-14,-0.00807313,120.2147,1,0.034853,261.151330,0.00452881,76.1136,1,0.041889,341.763107
2017-02-15,0.00513500,120.7282,1,0.018730,161.149540,0.00009649,76.1232,1,0.036081,300.793090
2017-02-16,0.00157869,120.8861,1,0.033321,282.366730,0.00458828,76.5821,1,0.041102,320.652170
2017-02-17,-0.00458106,120.4280,1,0.019886,201.053330,-0.00166523,76.4155,1,0.033383,281.038810
2017-02-21,0.00573505,121.0015,1,0.018645,181.391100,-0.00837445,75.5781,1,0.035045,340.826260
2017-02-22,0.00153204,121.1547,1,0.023936,221.531850,-0.01071383,74.5067,1,0.042883,341.957480
2017-02-23,-0.01483315,119.6713,1,0.019855,181.635820,0.01296688,75.8034,1,0.034222,300.687680
2017-02-24,-0.00016291,119.6551,1,0.028651,201.803360,-0.00252884,75.5505,1,0.038084,281.514830
2017-02-27,0.00759997,120.4151,1,0.037773,261.317440,-0.00412207,75.1383,1,0.036297,301.076400
2017-02-28,0.00109911,120.5250,1,0.025439,260.653370,-0.01376188,73.7621,1,0.040118,340.563270
2017-03-01,0.01903329,122.4283,1,0.023411,220.484830,-0.01262899,72.4992,1,0.048719,379.193190
2017-03-02,0.01186183,123.6145,1,0.044317,282.531440,-0.01838629,70.6606,1,0.058129,362.697920
2017-03-03,0.00765953,124.3804,1,0.036097,298.967800,-0.00990592,69.6700,1,0.047742,378.790280
2017-03-06,-0.00128101,124.2523,1,0.033791,300.444410,0.00341205,70.0112,1,0.050535,399.551710
2017-03-07,0.00305080,124.5574,1,0.035140,220.202930,-0.00069058,69.9421,1,0.041908,260.200800
2017-03-08,0.00314632,124.8720,1,0.024418,239.608880,0.00465203,70.4073,1,0.037397,319.903310
2017-03-09,-0.00067163,124.8049,1,0.025933,220.933290,0.00223833,70.6312,1,0.036817,320.573500
2017-03-10,0.00409433,125.2143,1,0.018317,180.982370,-0.00064970,70.5662,1,0.034240,319.829090
2017-03-13,0.00213909,125.4282,1,0.023961,241.125690,-0.00385192,70.1810,1,0.034082,341.338950
2017-03-14,0.00409946,125.8382,1,0.023274,241.173230,-0.00381395,69.7996,1,0.033185,361.196210
2017-03-15,-0.00107511,125.7307,1,0.022901,239.694060,-0.00252091,69.5475,1,0.036321,339.400270
2017-03-16,0.00507710,126.2384,1,0.023550,242.068230,0.00161748,69.7093,0,0.000000,0.000000
2017-03-17,-0.00081601,126.1568,1,0.048011,279.876040,-0.00428727,69.2805,1,0.044957,301.997161
2017-03-20,-0.00588700,125.5681,1,0.025110,220.109090,0.00215427,69.4960,1,0.036673,320.393330
2017-03-21,-0.01393249,124.1748,1,0.016139,219.878410,0.00880475,70.3765,1,0.028145,300.018000
2017-03-22,-0.00590938,123.5839,1,0.028708,240.060850,-0.00392404,69.9840,0,0.000000,0.000000
2017-03-23,0.00196148,123.7800,1,0.026192,241.286670,-0.00837329,69.1467,1,0.030529,319.201637
2017-03-24,-0.00527206,123.2528,1,0.028226,260.190280,-0.00180704,68.9660,1,0.039344,339.783640
2017-03-27,-0.00023323,123.2295,1,0.022853,200.483880,0.00061448,69.0275,1,0.034092,301.044580
2017-03-28,0.00259826,123.4893,1,0.027264,240.306370,0.00280510,69.3080,1,0.037380,340.076120
2017-03-29,-0.00362051,123.1273,1,0.029241,260.862450,0.00440293,69.7483,1,0.029297,300.887430
2017-03-30,0.00091858,123.2191,1,0.023732,201.317430,-0.00456675,69.2916,1,0.038915,281.395230
2017-03-31,-0.00072198,123.1469,1,0.034148,200.730870,-0.00234138,69.0575,1,0.046698,340.559700
2017-04-03,-0.00418575,122.7284,1,0.025025,180.301670,-0.00162919,68.8945,1,0.038659,340.121340
2017-04-04,0.00893359,123.6217,1,0.023621,180.290490,-0.00448307,68.4462,1,0.044407,359.554560
2017-04-05,0.00134834,123.7565,1,0.023686,240.213720,-0.00825365,67.6209,1,0.030945,300.262420
2017-04-06,0.00139346,123.8959,1,0.023284,199.963940,-0.00738580,66.8823,1,0.048930,379.115560
2017-04-07,-0.00924624,122.9713,1,0.029314,260.687730,0.00305222,67.1875,1,0.040228,321.019470
2017-04-10,0.00208249,123.1795,1,0.012131,120.978150,-0.00500807,66.6867,1,0.030317,279.855550
2017-04-11,0.00461733,123.6413,1,0.022577,200.744480,-0.00317198,66.3695,1,0.037738,320.629930
2017-04-12,0.00032321,123.6736,1,0.024409,200.880770,-0.00420909,65.9486,1,0.041739,340.671340
2017-04-13,-0.00824852,122.8487,1,0.034132,279.033810,0.00495683,66.4443,1,0.039067,358.809150
2017-04-17,0.00899689,123.7484,1,0.024571,200.451400,-0.00791545,65.6527,0,0.000000,0.000000
2017-04-18,0.00990861,124.7393,1,0.039239,302.376120,0.00568359,66.2211,0,0.000000,0.000000
2017-04-19,0.00400534,125.1398,1,0.037916,339.818560,-0.00022255,66.1988,1,0.031875,281.125833
2017-04-20,-0.00108568,125.0312,1,0.049998,280.154090,0.00283048,66.4819,1,0.034282,320.556700
2017-04-21,0.00462921,125.4942,1,0.044039,260.391130,-0.00320449,66.1614,1,0.053419,341.515650
2017-04-24,0.00602772,126.0969,1,0.049038,280.223840,0.00071570,66.2330,1,0.065350,300.285690
2017-04-25,0.00376064,126.4730,1,0.042616,301.840310,-0.00424513,65.8085,0,0.000000,0.000000
2017-04-26,-0.01066063,125.4069,1,0.034833,281.922680,0.00175859,65.9843,1,0.038131,382.538959
2017-04-27,0.00891449,126.2984,1,0.021991,180.198630,-0.00084476,65.8999,1,0.030916,300.047330
2017-04-28,0.00584929,126.8833,1,0.034001,279.832080,-0.00459837,65.4400,1,0.037697,320.530840
2017-05-01,-0.00398498,126.4848,1,0.032998,259.810050,0.00063247,65.5033,1,0.035993,338.934060
2017-05-02,-0.01233343,125.2515,1,0.031773,240.763340,0.00860993,66.3643,1,0.031497,280.956620
2017-05-03,0.00266054,125.5175,1,0.029736,221.244810,-0.00508564,65.8557,1,0.035984,241.745050
2017-05-04,0.00590693,126.1082,1,0.027427,240.129250,0.00058225,65.9139,1,0.037245,320.192620
2017-05-05,0.00911118,127.0193,1,0.022242,222.047260,-0.00265873,65.6481,1,0.032193,301.347670
2017-05-08,-0.00222111,126.7972,1,0.029541,280.761820,-0.00402944,65.2451,1,0.030264,321.586040
2017-05-09,-0.00110027,126.6872,1,0.020697,240.322130,0.00120425,65.3655,1,0.036465,359.605840
2017-05-10,0.00526591,127.2138,1,0.032369,200.414490,-0.00762006,64.6035,1,0.050436,300.045870
2017-05-11,0.00104436,127.3182,1,0.022514,260.327880,-0.00174017,64.4295,1,0.040397,380.234630
2017-05-12,-0.00473271,126.8450,1,0.026671,219.987750,0.00774968,65.2045,1,0.040262,339.111820
2017-05-15,-0.00563188,126.2818,1,0.028918,240.342440,0.00092078,65.2966,1,0.027882,280.277910
2017-05-16,-0.00689583,125.5922,1,0.016243,181.557390,0.00220986,65.5176,0,0.000000,0.000000
2017-05-17,0.01281432,126.8736,1,0.023668,200.613840,-0.01885784,63.6318,1,0.038304,320.718584
2017-05-18,-0.00498331,126.3753,1,0.027641,239.644060,0.00050292,63.6821,0,0.000000,0.000000
2017-05-19,0.01337608,127.7129,1,0.026652,241.089770,-0.01126972,62.5551,1,0.029932,319.696644
2017-05-22,0.00127729,127.8406,1,0.031961,322.171500,0.00372517,62.9276,1,0.039453,381.931520
2017-05-23,0.00438197,128.2788,1,0.032523,321.026610,-0.00136443,62.7912,1,0.029113,281.238110
2017-05-24,-0.00040276,128.2385,1,0.025326,240.695260,-0.00129764,62.6614,1,0.033164,320.456170
2017-05-25,-0.00116300,128.1222,1,0.029360,241.627930,-0.00258770,62.4026,1,0.040230,321.310760
2017-05-26,0.00564431,128.6867,1,0.018049,221.784920,0.00234868,62.6375,1,0.034632,322.299840
2017-05-30,-0.00185350,128.5013,1,0.026580,260.104840,-0.00319697,62.3178,1,0.036107,320.117840
2017-05-31,0.00191160,128.6925,1,0.026890,240.535110,0.00291994,62.6098,1,0.036626,319.659930
2017-06-01,-0.00018009,128.6745,1,0.020679,220.726930,-0.00746497,61.8633,1,0.028597,280.890840
2017-06-02,0.00208726,128.8832,1,0.034024,302.572370,0.00459477,62.3228,0,0.000000,0.000000
2017-06-05,-0.00837374,128.0458,1,0.028284,281.069070,0.00111193,62.4340,1,0.030907,283.098536
2017-06-06,0.00193548,128.2394,1,0.022842,200.478550,-0.00514682,61.9193,1,0.043312,319.963800
2017-06-07,-0.00778019,127.4614,1,0.021779,200.560010,0.00129214,62.0485,0,0.000000,0.000000
2017-06-08,0.00200533,127.6619,1,0.022927,160.897120,0.00097423,62.1459,1,0.033777,299.960731
2017-06-09,0.00152613,127.8145,1,0.014107,161.051680,0.01464298,63.6102,1,0.027512,320.839620
2017-06-12,0.00328201,128.1427,1,0.025419,262.005760,0.00134160,63.7444,1,0.026450,242.379850
2017-06-13,0.00341874,128.4846,1,0.033656,320.737220,-0.00273202,63.4712,1,0.035572,301.256030
2017-06-14,0.00738272,129.2228,1,0.028788,300.876250,-0.00009233,63.4619,1,0.035113,320.921790
2017-06-15,-0.00360866,128.8620,1,0.023416,259.814420,0.00512127,63.9741,1,0.027273,300.291360
2017-06-16,0.00521898,129.3839,1,0.027102,240.762730,-0.00704387,63.2697,1,0.027897,281.172060
2017-06-19,0.00093133,129.4770,1,0.033997,300.213820,-0.00541532,62.7282,1,0.031462,319.587950
2017-06-20,-0.00391820,129.0852,1,0.028880,260.946130,-0.00371738,62.3564,1,0.038048,341.309650
2017-06-21,-0.01476665,127.6085,1,0.019325,239.519660,0.01615045,63.9715,1,0.030355,339.445570
2017-06-22,-0.00898852,126.7097,1,0.018072,201.361420,0.01447217,65.4187,1,0.032263,261.470640
2017-06-23,-0.01139881,125.5698,1,0.020281,241.076180,0.01509651,66.9283,1,0.027539,261.329420
2017-06-26,0.00761505,126.3313,1,0.016455,141.610820,-0.00845691,66.0826,1,0.018731,202.110350
2017-06-27,0.00876284,127.2076,1,0.020576,200.381340,-0.00284464,65.7982,1,0.039164,360.368100
2017-06-28,-0.00209360,126.9982,1,0.027480,239.637540,-0.00796891,65.0013,0,0.000000,0.000000
2017-06-29,-0.00274176,126.7240,1,0.027016,241.890360,0.00647315,65.6486,1,0.044455,379.855781
2017-06-30,-0.00745541,125.9785,1,0.024051,179.888580,0.00388880,66.0375,0,0.000000,0.000000
2017-07-03,-0.00387045,125.5915,1,0.021905,181.423970,0.00243778,66.2813,1,0.037662,300.069108
2017-07-05,0.00884139,126.4756,1,0.048951,201.479500,-0.00829232,65.4520,1,0.065002,302.434280
2017-07-06,-0.00060914,126.4147,1,0.030944,259.563790,-0.00135386,65.3166,1,0.033676,339.594410
2017-07-07,-0.00889354,125.5253,1,0.022654,220.142970,0.01216058,66.5327,0,0.000000,0.000000
2017-07-10,-0.00765674,124.7597,1,0.019954,201.972360,0.00074960,66.6077,0,0.000000,0.000000
2017-07-11,-0.00266483,124.4932,1,0.020463,220.305020,0.00536679,67.1443,1,0.029671,299.477282
2017-07-12,0.00122832,124.6160,1,0.027628,180.505300,0.00195539,67.3399,1,0.029851,240.583310
2017-07-13,-0.00084803,124.5312,1,0.017223,221.791880,-0.00103594,67.2363,0,0.000000,0.000000
2017-07-14,-0.00308833,124.2224,1,0.020503,200.518980,0.00144091,67.3804,1,0.035349,321.520445
2017-07-17,-0.00221555,124.0008,1,0.023155,220.975930,0.00153467,67.5338,1,0.027663,281.115540
2017-07-18,-0.00722719,123.2781,1,0.018689,200.947000,-0.00041162,67.4927,1,0.034812,301.007070
2017-07-19,0.00888553,124.1666,1,0.014217,160.743810,-0.00703766,66.7889,1,0.024436,260.307750
2017-07-20,-0.00513983,123.6527,1,0.036043,281.971670,0.00592070,67.3810,1,0.040630,341.637250
2017-07-21,-0.00633172,123.0195,1,0.029542,259.905760,-0.00419957,66.9610,1,0.047467,340.521120
2017-07-24,0.00519920,123.5394,1,0.025080,180.282730,-0.00297287,66.6637,1,0.041247,301.533870
2017-07-25,-0.01499950,122.0395,1,0.048080,300.477160,-0.00072223,66.5915,1,0.046123,359.805080
2017-07-26,-0.00055545,121.9839,1,0.033035,261.840410,-0.02182111,64.4094,1,0.035211,321.556440
2017-07-27,0.01523774,123.5077,1,0.031736,260.608430,-0.02048022,62.3614,1,0.049422,358.789700
2017-07-28,0.01058955,124.5666,1,0.043355,301.256490,-0.01525910,60.8355,1,0.053750,381.072740
2017-07-31,-0.00028999,124.5376,1,0.039619,320.270930,-0.00424756,60.4107,1,0.044706,399.490960
2017-08-01,-0.00449399,124.0882,1,0.023879,260.191540,0.00273391,60.6841,1,0.034769,320.446530
2017-08-02,0.01133643,125.2219,1,0.016837,181.151640,-0.01293329,59.3908,1,0.042269,360.884280
2017-08-03,0.00188813,125.4107,1,0.032777,281.362800,0.00179762,59.5705,1,0.043248,360.342800
2017-08-04,0.01158229,126.5689,1,0.023581,259.649930,-0.01387081,58.1835,1,0.032841,320.202190
2017-08-07,0.00478681,127.0476,1,0.024899,260.756970,-0.01063962,57.1195,1,0.046852,400.495600
2017-08-08,0.00202480,127.2501,1,0.020990,239.601280,0.00393084,57.5126,1,0.032576,359.356550
2017-08-09,0.00476260,127.7264,1,0.016730,161.916890,-0.00762510,56.7501,1,0.026930,260.469280
2017-08-10,0.00335039,128.0614,1,0.026671,220.504190,0.00907652,57.6577,1,0.039028,360.387900
2017-08-11,0.00229168,128.2906,1,0.036722,318.148690,0.00189653,57.8474,0,0.000000,0.000000
2017-08-14,0.00137244,128.4278,1,0.029776,280.040570,-0.00457325,57.3901,1,0.026875,278.723457
2017-08-15,-0.00118169,128.3096,1,0.026519,201.914580,-0.00943652,56.4464,0,0.000000,0.000000
2017-08-16,-0.00342409,127.9672,1,0.024079,220.418450,-0.00140899,56.3055,1,0.032309,361.325141
2017-08-17,-0.00495004,127.4722,1,0.024024,221.483270,0.00282186,56.5877,1,0.037314,321.271950
2017-08-18,-0.00381272,127.0909,1,0.024942,199.838000,-0.00392367,56.1953,0,0.000000,0.000000
2017-08-21,-0.00571105,126.5198,1,0.019705,200.239770,-0.00060949,56.1344,1,0.036269,357.925095
2017-08-22,0.00751551,127.2714,1,0.019419,180.684760,-0.00841075,55.2933,1,0.037865,360.392420
2017-08-23,0.00875460,128.1469,1,0.028500,301.733890,0.00267773,55.5611,0,0.000000,0.000000
2017-08-24,-0.00838237,127.3086,1,0.021587,239.592780,-0.00068956,55.4921,1,0.026486,281.441809
2017-08-25,0.00132144,127.4408,1,0.020236,200.432450,-0.00141667,55.3504,1,0.028847,300.329810
2017-08-28,-0.00015716,127.4250,1,0.023616,260.749840,-0.00295038,55.0554,1,0.026568,341.113600
2017-08-29,-0.00601907,126.8231,1,0.023437,241.028600,0.00611897,55.6673,1,0.022153,280.871630
2017-08-30,-0.01550595,125.2725,1,0.023995,240.360710,0.01242792,56.9101,1,0.027218,240.411710
2017-08-31,-0.00396751,124.8758,1,0.010271,142.152200,0.00272224,57.1823,1,0.025666,282.574490
2017-09-01,0.00364167,125.2400,1,0.022823,221.278360,-0.00362499,56.8198,1,0.032719,341.264290
2017-09-05,-0.01314181,123.9258,1,0.026561,240.961130,0.00543868,57.3637,1,0.033932,340.790000
2017-09-06,-0.00020355,123.9054,1,0.029315,260.394380,-0.00105793,57.2579,1,0.031913,300.828360
2017-09-07,-0.01649119,122.2563,1,0.026919,241.352200,0.00810222,58.0681,1,0.032278,301.275060
2017-09-08,0.01409036,123.6653,1,0.024484,221.676640,-0.01176426,56.8917,1,0.032936,321.800200
2017-09-11,0.00935201,124.6005,1,0.026099,242.209820,-0.00447543,56.4441,1,0.033643,322.581310
2017-09-12,0.00161759,124.7623,1,0.021191,261.077540,0.00306337,56.7505,0,0.000000,0.000000
2017-09-13,0.00106794,124.8691,1,0.025866,261.028170,0.01094622,57.8451,1,0.033188,363.140216
2017-09-14,0.00733143,125.6022,1,0.026477,240.681620,-0.00445777,57.3993,1,0.020477,220.960210
2017-09-15,0.00337665,125.9399,1,0.027135,280.632360,-0.00272520,57.1268,1,0.034330,340.051320
2017-09-18,0.00772667,126.7126,1,0.015753,220.383620,-0.00595084,56.5317,1,0.030144,340.171850
2017-09-19,-0.00509139,126.2034,1,0.022029,280.430760,0.01587886,58.1196,1,0.027234,340.597240
2017-09-20,-0.00015966,126.1875,1,0.023226,280.290790,0.00053997,58.1736,1,0.018033,201.128400
2017-09-21,-0.00207070,125.9804,1,0.021750,221.487920,0.00093318,58.2669,1,0.044492,341.306810
2017-09-22,-0.00487191,125.4932,1,0.010761,140.323880,0.00364586,58.6315,1,0.028094,320.215070
2017-09-25,-0.00569859,124.9233,1,0.015689,200.658470,0.00567210,59.1987,1,0.026810,280.953280
2017-09-26,-0.00463027,124.4603,1,0.027567,260.824150,-0.00077481,59.1212,1,0.040011,281.219240
2017-09-27,-0.00465103,123.9952,1,0.015843,200.814480,0.00370018,59.4913,1,0.022072,280.945710
2017-09-28,0.00422131,124.4173,1,0.018759,221.213100,-0.00199426,59.2918,1,0.028816,321.132210
2017-09-29,-0.00226086,124.1913,1,0.024936,260.513150,0.00036973,59.3288,1,0.031907,320.736630
2017-10-02,-0.00665575,123.5257,1,0.032665,240.952030,0.00602312,59.9311,1,0.039608,281.090440
2017-10-03,0.00312810,123.8385,1,0.024980,242.156150,-0.00224625,59.7065,1,0.028635,282.233200
2017-10-04,0.00647441,124.4859,1,0.019239,240.784130,0.00028180,59.7347,1,0.025150,280.495550
2017-10-05,0.00171343,124.6573,1,0.038837,280.510600,-0.01053102,58.6816,1,0.027942,341.351670
2017-10-06,-0.00153713,124.5036,1,0.019423,240.419980,-0.00164047,58.5175,1,0.032467,341.138720
2017-10-09,0.00226395,124.7300,1,0.025085,200.433990,0.00009321,58.5268,1,0.043959,359.691900
2017-10-10,0.00075537,124.8055,1,0.016083,200.622520,-0.00196497,58.3303,1,0.022927,320.162540
2017-10-11,-0.00438857,124.3666,1,0.018567,220.368900,0.00248879,58.5792,1,0.030001,340.550110
2017-10-12,-0.00737230,123.6294,1,0.021010,220.643670,0.00572357,59.1516,1,0.025283,260.546380
2017-10-13,-0.00079625,123.5498,1,0.017045,181.314040,0.01526754,60.6783,1,0.024536,301.577020
2017-10-16,0.00256396,123.8062,1,0.022274,241.447480,-0.00264980,60.4134,1,0.028400,302.031170
2017-10-17,0.00867568,124.6738,1,0.022322,240.913770,-0.01389852,59.0235,1,0.034852,340.779480
2017-10-18,0.00534313,125.2081,1,0.031967,281.139770,-0.00202692,58.8208,1,0.039692,381.108660
2017-10-19,0.00448965,125.6570,1,0.021695,201.345560,-0.01395743,57.4251,1,0.042413,320.419900
2017-10-20,-0.00859778,124.7973,1,0.040208,259.272860,0.00692594,58.1177,1,0.044826,359.719130
2017-10-23,0.00294684,125.0919,1,0.021666,241.520750,-0.00015328,58.1023,1,0.025338,242.784160
2017-10-24,0.00480661,125.5726,1,0.039939,259.833710,-0.00340087,57.7623,1,0.051927,339.836770
2017-10-25,0.00954680,126.5273,1,0.027650,240.027940,-0.00276963,57.4853,1,0.035543,320.872520
2017-10-26,0.00413417,126.9407,1,0.026483,218.481790,0.00081673,57.5670,1,0.039227,319.741300
2017-10-27,0.00506339,127.4470,1,0.024511,262.058080,0.00023073,57.5900,1,0.036147,362.587180
2017-10-30,-0.00806843,126.6402,1,0.033213,320.857290,0.01112984,58.7030,1,0.027576,301.359800
2017-10-31,-0.00388846,126.2513,1,0.019306,160.536410,-0.00132666,58.5704,1,0.029686,260.800960
2017-11-01,0.00142032,126.3934,1,0.021548,180.693360,-0.00414995,58.1554,1,0.038375,340.244480
2017-11-02,0.00625456,127.0188,1,0.036184,261.356300,0.00658841,58.8142,1,0.037739,340.687860
2017-11-03,-0.00223476,126.7954,1,0.038756,280.900620,-0.00050808,58.7634,1,0.031288,301.187840
2017-11-06,-0.00355417,126.4399,1,0.030677,281.057180,0.00100662,58.8641,1,0.034038,321.022800
2017-11-07,-0.00178566,126.2614,1,0.026546,200.903860,-0.00366963,58.4971,1,0.038213,320.709060
2017-11-08,-0.00209056,126.0523,1,0.019516,221.238440,0.00225054,58.7221,1,0.033856,340.970790
2017-11-09,-0.00578339,125.4740,1,0.024269,220.467940,0.00281555,59.0037,1,0.027975,301.204630
2017-11-10,0.00015411,125.4894,1,0.024339,240.095030,-0.00428254,58.5754,1,0.029314,300.380850
2017-11-13,0.00837096,126.3265,1,0.029834,240.763150,-0.00805703,57.7697,1,0.038443,360.055860
2017-11-14,-0.00734163,125.5923,1,0.027863,300.444250,0.01094468,58.8642,1,0.029942,340.484460
2017-11-15,0.00475233,126.0676,1,0.018717,200.954560,-0.00529029,58.3352,1,0.019899,261.315430
2017-11-16,0.00476076,126.5436,1,0.017734,240.038770,-0.00809286,57.5259,1,0.032846,358.922250
2017-11-17,0.00021959,126.5656,1,0.025291,281.275490,-0.00125321,57.4006,1,0.034271,340.992980
2017-11-20,0.00197714,126.7633,1,0.022686,260.445910,0.00258410,57.6590,1,0.027910,300.586930
2017-11-21,0.00164601,126.9279,1,0.015869,180.773460,0.01194682,58.8537,1,0.026718,280.763560
2017-11-22,0.00423166,127.3511,1,0.020494,261.202810,-0.00308686,58.5450,1,0.028816,282.328340
2017-11-24,-0.00348272,127.0028,1,0.022472,240.544560,0.00249731,58.7947,1,0.032599,339.831570
2017-11-27,0.00930641,127.9334,1,0.029509,180.484760,-0.00829436,57.9653,1,0.063216,340.636110
2017-11-28,0.00641664,128.5751,1,0.025886,280.378350,0.01019624,58.9849,1,0.035136,360.415000
2017-11-29,-0.01275855,127.2992,1,0.029585,302.190090,0.02065048,61.0499,1,0.029832,302.207140
2017-11-30,0.00123949,127.4232,1,0.020191,223.364690,0.00260280,61.3102,1,0.020120,224.005700
2017-12-01,0.00207242,127.6304,1,0.024188,281.787460,-0.00446115,60.8641,1,0.027175,281.458580
2017-12-04,-0.00136267,127.4942,1,0.021937,240.235730,0.00304267,61.1684,1,0.038103,340.192480
2017-12-05,-0.00407229,127.0869,1,0.027999,240.906310,-0.00135642,61.0327,1,0.034672,281.365890
2017-12-06,0.00629428,127.7164,1,0.018702,180.636370,-0.01077378,59.9554,1,0.032558,359.390070
2017-12-07,0.00012613,127.7290,1,0.017547,200.337810,-0.00295218,59.6601,1,0.041168,359.624240
2017-12-08,-0.00318815,127.4102,1,0.023875,261.254380,-0.00248431,59.4117,1,0.024701,301.803350
2017-12-11,0.00518755,127.9289,1,0.019765,221.480140,-0.01043345,58.3684,0,0.000000,0.000000
2017-12-12,0.00282478,128.2114,1,0.019802,239.840600,-0.00533816,57.8345,1,0.028966,341.647513
2017-12-13,0.00440726,128.6521,1,0.023364,219.839700,-0.00364662,57.4699,1,0.031982,340.023330
2017-12-14,0.00498364,129.1505,1,0.024206,220.531110,-0.00868286,56.6016,1,0.040116,360.027740
2017-12-15,-0.00702138,128.4484,1,0.021298,278.899830,-0.01084246,55.5174,0,0.000000,0.000000
2017-12-18,0.00703122,129.1515,1,0.017338,242.268700,0.00522785,56.0401,0,0.000000,0.000000
2017-12-19,-0.01978502,127.1730,1,0.020952,221.152440,0.01131114,57.1713,1,0.024336,261.814056
2017-12-20,-0.01716652,125.4563,1,0.016792,200.422330,0.02109601,59.2809,1,0.024209,280.632090
2017-12-21,-0.01620499,123.8358,1,0.011379,141.873480,0.02088682,61.3695,1,0.013138,181.727350
2017-12-22,-0.00123750,123.7121,1,0.016620,201.566080,0.00180982,61.5505,1,0.021628,242.038960
2017-12-26,-0.00413761,123.2983,1,0.017761,220.806510,0.00430884,61.9814,1,0.026916,300.303030
2017-12-27,0.00232493,123.5308,1,0.016277,181.042420,-0.00358825,61.6226,1,0.029775,320.906240
2017-12-28,0.00231580,123.7624,1,0.024400,240.484710,-0.00422376,61.2002,1,0.032796,340.360390
2017-12-29,0.00067298,123.8297,1,0.042352,260.448600,-0.00125719,61.0745,1,0.056329,360.587600
2018-01-02,-0.00635269,123.1944,1,0.021779,219.822970,-0.00176453,60.8980,1,0.030683,319.468810
2018-01-03,-0.00820685,122.3737,1,0.027815,240.673090,0.00594099,61.4921,1,0.036091,321.125710
2018-01-04,0.00272257,122.6460,1,0.014613,182.420830,0.00391593,61.8837,1,0.022447,261.856190
2018-01-05,-0.00483390,122.1626,1,0.015490,200.907830,-0.00466448,61.4173,1,0.025858,300.797840
2018-01-08,-0.00087562,122.0750,1,0.026962,260.706060,-0.00044529,61.3727,1,0.026419,320.886430
2018-01-09,-0.00250949,121.8241,1,0.026909,260.775400,-0.00294943,61.0778,1,0.033023,341.287230
2018-01-10,0.00001919,121.8260,1,0.024521,280.656360,0.00908535,61.9863,1,0.033305,360.663320
2018-01-11,-0.00534248,121.2918,1,0.018568,180.325520,0.01824634,63.8110,1,0.027156,279.740420
2018-01-12,-0.01617619,119.6741,1,0.017609,201.684080,0.01488199,65.2992,1,0.035221,222.264610
2018-01-16,0.00648008,120.3221,1,0.014602,141.979930,-0.00978164,64.3210,1,0.023024,221.730280
2018-01-17,-0.00576770,119.7454,1,0.016760,180.138490,0.00271496,64.5925,1,0.037834,379.273920
2018-01-18,0.00709830,120.4552,1,0.036130,202.061410,-0.00725812,63.8667,0,0.000000,0.000000
2018-01-19,0.01081641,121.5368,1,0.033149,240.637960,-0.00703895,63.1628,1,0.037555,381.289729
2018-01-22,-0.00541438,120.9954,1,0.022728,222.005650,-0.00561773,62.6010,1,0.031383,302.661680
2018-01-23,0.01103962,122.0994,1,0.020318,221.206910,0.00241057,62.8421,1,0.029973,342.169670
2018-01-24,-0.00415630,121.6837,1,0.027860,260.895140,-0.00130330,62.7118,1,0.030060,300.535210
2018-01-25,-0.01383605,120.3001,1,0.030175,200.855290,0.01195922,63.9077,1,0.026208,320.478810
2018-01-26,-0.00695024,119.6051,1,0.012504,181.219690,0.00800723,64.7084,1,0.023527,281.732590
2018-01-29,0.00336825,119.9419,1,0.019645,241.864160,0.00346401,65.0548,1,0.032559,321.683690
2018-01-30,0.00526945,120.4689,1,0.014825,181.309430,-0.01209760,63.8450,1,0.029880,319.345120
2018-01-31,0.00836352,121.3052,1,0.015848,200.629370,-0.00842798,63.0022,0,0.000000,0.000000
2018-02-01,-0.00788791,120.5164,1,0.023311,260.304960,-0.00961717,62.0405,1,0.038917,358.404592
2018-02-02,0.00644744,121.1612,1,0.042656,321.312140,-0.01191436,60.8491,1,0.055616,379.321220
2018-02-05,-0.00503973,120.6572,1,0.040313,239.117140,-0.01316556,59.5325,0,0.000000,0.000000
2018-02-06,-0.00132533,120.5247,1,0.023413,181.326820,0.00818134,60.3507,0,0.000000,0.000000
2018-02-07,-0.00526594,119.9981,1,0.024184,202.864980,0.00667508,61.0182,1,0.032762,256.127152
2018-02-08,-0.00028854,119.9692,1,0.015784,180.631230,0.00313638,61.3318,1,0.028802,320.574330
2018-02-09,0.00573275,120.5425,1,0.013025,141.962170,-0.00095819,61.2360,0,0.000000,0.000000
2018-02-12,0.00359028,120.9015,1,0.029342,261.760440,-0.00082813,61.1532,0,0.000000,0.000000
2018-02-13,0.00455410,121.3569,1,0.041510,242.222030,-0.00224808,60.9284,1,0.052548,299.251708
2018-02-14,0.00770501,122.1274,1,0.019389,220.541700,-0.00120250,60.8081,1,0.029430,320.484600
2018-02-15,0.01306112,123.4336,1,0.033918,283.436210,-0.01928211,58.8799,1,0.038961,363.348880
2018-02-16,0.00131579,123.5651,1,0.034421,322.168430,0.00002824,58.8827,0,0.000000,0.000000
2018-02-20,-0.00514907,123.0502,1,0.023257,200.626400,-0.00081033,58.8017,1,0.036293,304.309811
2018-02-21,0.00686933,123.7372,1,0.023987,220.104450,-0.00190712,58.6110,1,0.035862,319.177360
2018-02-22,0.01015389,124.7526,1,0.019251,180.452300,-0.00465234,58.1458,0,0.000000,0.000000
2018-02-23,-0.00591359,124.1612,1,0.022639,220.596320,0.00241404,58.3872,1,0.038166,337.352793
2018-02-26,0.00793727,124.9549,1,0.021923,262.769180,0.00609832,58.9970,0,0.000000,0.000000
2018-02-27,-0.00184231,124.7707,1,0.026081,261.184470,0.00412167,59.4092,1,0.030033,283.383726
2018-02-28,0.00177753,124.9484,1,0.025557,240.539730,-0.00535616,58.8735,0,0.000000,0.000000
2018-03-01,0.00777724,125.7262,1,0.022576,239.949670,-0.01195728,57.6778,0,0.000000,0.000000
2018-03-02,-0.00634903,125.0913,1,0.052573,279.672200,0.00509262,58.1871,1,0.065788,354.340832
2018-03-05,0.00606857,125.6981,1,0.043323,281.393550,-0.00644915,57.5422,1,0.048715,321.214410
2018-03-06,-0.00340696,125.3574,1,0.035756,302.662680,0.00011347,57.5535,0,0.000000,0.000000
2018-03-07,-0.00236045,125.1214,1,0.029535,240.964360,0.00400890,57.9544,1,0.034690,303.933444
2018-03-08,0.01120002,126.2414,1,0.026488,240.800230,-0.01532922,56.4215,1,0.027602,260.679480
2018-03-09,0.00448797,126.6902,1,0.023053,261.319570,-0.00719605,55.7019,1,0.040465,400.742600
2018-03-12,0.01030230,127.7204,1,0.029560,303.104250,0.00744042,56.4459,0,0.000000,0.000000
2018-03-13,-0.00586856,127.1336,1,0.034446,359.849390,0.00710942,57.1569,1,0.025248,282.453504
2018-03-14,-0.00122682,127.0109,1,0.026752,280.701570,0.00293329,57.4502,1,0.026981,281.386750
2018-03-15,-0.00134781,126.8761,1,0.019051,200.193890,0.00958921,58.4091,1,0.028259,260.114170
2018-03-16,0.00114304,126.9904,1,0.027216,220.596670,-0.00014787,58.3943,1,0.031107,261.067440
2018-03-19,0.00110941,127.1013,1,0.026189,261.242360,-0.00005262,58.3891,0,0.000000,0.000000
2018-03-20,0.00446102,127.5474,1,0.023688,219.978030,0.00249469,58.6385,0,0.000000,0.000000
2018-03-21,-0.00240021,127.3074,1,0.045551,240.599570,0.00216291,58.8548,1,0.025709,300.151256
2018-03-22,0.01004427,128.3118,1,0.043573,200.708990,-0.01573919,57.2809,1,0.052709,300.582700
2018-03-23,0.00143289,128.4551,1,0.043741,298.190580,0.00014732,57.2956,0,0.000000,0.000000
2018-03-26,0.00967310,129.4224,1,0.023990,258.748990,0.00722323,58.0180,0,0.000000,0.000000
2018-03-27,0.01839180,131.2616,1,0.034070,343.737360,-0.01040250,56.9777,0,0.000000,0.000000
2018-03-28,-0.00048390,131.2132,1,0.034700,299.779070,0.01423090,58.4008,1,0.037250,357.107246
2018-03-29,0.00579963,131.7932,1,0.031567,321.070530,-0.00981300,57.4195,1,0.028940,261.582340
2018-04-02,0.01470742,133.2639,1,0.040168,322.138130,0.00320132,57.7396,0,0.000000,0.000000
2018-04-03,0.00235249,133.4992,1,0.049401,278.701030,-0.00305131,57.4345,0,0.000000,0.000000
2018-04-04,-0.00426736,133.0725,1,0.029026,302.266550,0.00057943,57.4924,0,0.000000,0.000000
2018-04-05,0.00494880,133.5673,1,0.026210,282.231910,-0.01959908,55.5325,0,0.000000,0.000000
2018-04-06,0.01069991,134.6373,1,0.030769,241.267470,-0.01230092,54.3024,1,0.079472,403.347238
2018-04-09,0.00398110,135.0354,1,0.043880,317.649860,0.00339808,54.6422,0,0.000000,0.000000
2018-04-10,-0.01019090,134.0163,1,0.046360,280.382870,0.00248748,54.8910,1,0.039632,238.570819
2018-04-11,0.00703798,134.7201,1,0.022502,202.981810,0.00224453,55.1154,0,0.000000,0.000000
2018-04-12,0.00890899,135.6110,1,0.028861,259.991240,-0.00430150,54.6853,1,0.035240,302.040018
2018-04-13,0.01359771,136.9708,1,0.046059,320.678020,-0.01377267,53.3080,1,0.043057,321.452510
2018-04-16,-0.00026400,136.9444,1,0.038260,320.087490,-0.00535654,52.7724,1,0.046964,380.157670
2018-04-17,-0.00774178,136.1702,1,0.022938,221.862380,0.01421360,54.1937,0,0.000000,0.000000
2018-04-18,-0.00448031,135.7222,1,0.017171,202.282660,-0.00128354,54.0654,1,0.015024,204.073937
2018-04-19,0.00103446,135.8256,1,0.019034,201.506040,0.00047310,54.1127,1,0.078530,321.253750
2018-04-20,-0.00241132,135.5845,1,0.023182,220.805180,0.01557611,55.6703,1,0.027539,300.102400
2018-04-23,-0.00226795,135.3577,1,0.018465,200.683350,0.00411125,56.0814,1,0.026625,240.844850
2018-04-24,0.00231476,135.5892,1,0.029334,240.742650,0.00386128,56.4676,1,0.026642,300.717850
2018-04-25,-0.00438789,135.1504,1,0.027009,220.717090,-0.00089985,56.3776,1,0.037595,320.326210
2018-04-26,-0.00319862,134.8305,1,0.026172,241.586880,0.01698477,58.0760,1,0.032833,281.821630
2018-04-27,-0.00878761,133.9518,1,0.025121,242.538250,-0.00116221,57.9598,1,0.023741,262.556190
2018-04-30,-0.00079742,133.8720,1,0.020082,242.024080,-0.00206264,57.7536,1,0.023654,301.558220
2018-05-01,0.00192223,134.0643,1,0.014957,200.242280,0.00073106,57.8267,0,0.000000,0.000000
2018-05-02,-0.00908490,133.1558,1,0.046420,241.655220,0.00914638,58.7413,1,0.041212,320.234245
2018-05-03,-0.00793098,132.3627,1,0.025178,221.012930,-0.00482970,58.2583,1,0.031580,300.792690
2018-05-04,0.00163195,132.5259,1,0.018585,160.794500,0.00319938,58.5783,1,0.049892,320.236250
2018-05-07,-0.01007129,131.5187,1,0.030139,242.306680,0.00421406,58.9997,0,0.000000,0.000000
2018-05-08,0.00192360,131.7111,1,0.020460,181.056130,0.01404054,60.4037,1,0.031536,282.825834
2018-05-09,-0.01076842,130.6343,1,0.023692,222.545420,0.00991759,61.3955,1,0.023401,281.740910
2018-05-10,0.00120418,130.7547,1,0.019732,181.952390,-0.00088486,61.3070,1,0.026426,241.942820
2018-05-11,-0.00774694,129.9800,1,0.021634,221.164910,-0.00146311,61.1607,0,0.000000,0.000000
2018-05-14,-0.00700450,129.2795,1,0.024190,221.247160,0.00166505,61.3272,1,0.043005,382.279672
2018-05-15,0.00310643,129.5902,1,0.010167,121.052120,0.00111565,61.4388,1,0.028495,300.513890
2018-05-16,-0.00758019,128.8322,1,0.024709,200.431350,0.00825687,62.2645,1,0.039643,339.424140
2018-05-17,-0.00422727,128.4094,1,0.020547,181.344230,0.00400070,62.6645,1,0.038450,281.513370
2018-05-18,-0.00315183,128.0942,1,0.020873,181.063300,-0.00569855,62.0947,1,0.024305,261.122380
2018-05-21,-0.00947093,127.1472,1,0.021323,200.811130,0.01152657,63.2473,1,0.034883,340.466070
2018-05-22,0.00571404,127.7186,1,0.017646,182.553950,-0.00570135,62.6772,0,0.000000,0.000000
2018-05-23,-0.00309339,127.4092,1,0.028079,279.975730,0.00331795,63.0090,1,0.036525,341.921409
2018-05-24,0.00538720,127.9479,1,0.039250,261.285780,-0.00327452,62.6815,1,0.050472,261.170420
2018-05-25,0.00665188,128.6131,1,0.023932,220.027370,-0.00473732,62.2078,1,0.035802,320.258200
2018-05-29,-0.00597230,128.0159,1,0.042810,320.479300,0.00043276,62.2511,1,0.043624,340.787270
2018-05-30,0.00161715,128.1776,1,0.018445,160.448940,-0.00408804,61.8423,1,0.030384,279.923900
2018-05-31,-0.00047036,128.1306,1,0.040206,242.898900,-0.00268366,61.5739,0,0.000000,0.000000
2018-06-01,0.01068460,129.1990,1,0.022120,219.718010,-0.00229521,61.3444,0,0.000000,0.000000
2018-06-04,-0.00315787,128.8833,1,0.033697,320.884040,0.00642417,61.9868,1,0.041593,363.132736
2018-06-05,-0.00388566,128.4947,1,0.030706,261.338170,0.00404775,62.3916,1,0.027395,241.989650
2018-06-06,-0.00471289,128.0234,1,0.022939,241.223620,0.00065772,62.4573,1,0.029428,301.376490
2018-06-07,0.00042317,128.0657,1,0.022093,202.303350,-0.00616790,61.8406,1,0.031200,262.005400
2018-06-08,0.00532566,128.5983,1,0.033124,280.568330,-0.00297522,61.5430,1,0.048412,360.634070
2018-06-11,0.00066189,128.6645,1,0.024641,240.916950,0.00354174,61.8972,1,0.044036,360.852310
2018-06-12,-0.00457964,128.2065,1,0.028534,279.660630,0.00222640,62.1198,1,0.027680,300.552850
2018-06-13,-0.00168077,128.0384,1,0.015857,201.348150,0.00136885,62.2567,1,0.028405,301.081480
2018-06-14,0.00084599,128.1230,1,0.018221,200.045800,-0.00929930,61.3268,1,0.032600,319.733150
2018-06-15,-0.00651008,127.4720,1,0.020598,260.475560,0.00436207,61.7630,1,0.037553,360.415730
2018-06-18,0.00610104,128.0821,1,0.011996,180.771790,-0.01519921,60.2431,1,0.028611,320.947620
2018-06-19,-0.00787414,127.2947,1,0.017964,200.377580,-0.00650873,59.5922,1,0.033253,379.895130
2018-06-20,-0.00263958,127.0308,1,0.015778,221.160530,0.00276964,59.8692,1,0.033576,340.317340
2018-06-21,-0.00697685,126.3331,1,0.018285,201.249040,0.00482486,60.3517,1,0.023674,241.159500
2018-06-22,-0.00748160,125.5849,1,0.016990,160.368540,0.00054306,60.4060,1,0.033354,299.186600
2018-06-25,0.00009378,125.5943,1,0.016792,241.686690,0.01317929,61.7239,1,0.032451,321.858540
2018-06-26,0.00534345,126.1286,1,0.028705,199.576010,-0.00166661,61.5572,1,0.039081,279.478260
2018-06-27,-0.01934311,124.1943,1,0.025031,280.221330,0.01673536,63.2308,1,0.030774,340.466060
2018-06-28,-0.00223675,123.9706,1,0.022795,219.766560,-0.00314958,62.9158,1,0.029048,261.096470
2018-06-29,0.00585709,124.5564,1,0.020331,221.131580,-0.00429454,62.4864,1,0.028414,321.266610
2018-07-02,-0.00100303,124.4560,1,0.022663,240.503240,0.00159997,62.6464,1,0.032703,360.344520
2018-07-03,0.00141714,124.5978,1,0.030566,220.942480,-0.00565431,62.0809,1,0.031731,260.580460
2018-07-05,0.00539282,125.1370,1,0.050818,220.211200,-0.00599989,61.4809,1,0.068849,360.049600
2018-07-06,-0.02078485,123.0586,1,0.023935,242.155740,-0.01747338,59.7336,0,0.000000,0.000000
2018-07-09,0.01437395,124.4960,1,0.026335,182.810870,-0.00979953,58.7537,1,0.039953,324.906804
2018-07-10,0.00488522,124.9845,1,0.027128,282.171910,0.00111949,58.8656,1,0.032461,382.779740
2018-07-11,-0.00218530,124.7659,1,0.031160,300.299830,-0.00002308,58.8633,1,0.038038,320.950350
2018-07-12,-0.00286355,124.4796,1,0.021215,219.931590,-0.00511596,58.3517,1,0.037276,299.679250
2018-07-13,-0.00552920,123.9267,1,0.016570,221.694660,0.00167113,58.5188,1,0.029877,321.680600
2018-07-16,0.00451421,124.3781,1,0.015769,200.458430,-0.00380326,58.1385,1,0.025046,300.865930
2018-07-17,0.01055648,125.4337,1,0.026232,220.718610,-0.01431959,56.7065,1,0.025909,300.424620
2018-07-18,0.00923988,126.3577,1,0.022572,240.107240,-0.00441590,56.2649,1,0.032760,360.119970
2018-07-19,0.02515168,128.8729,1,0.021222,260.480780,-0.00724338,55.5406,1,0.028488,340.016490
2018-07-20,-0.00793128,128.0798,1,0.040648,340.323210,-0.00445938,55.0947,1,0.052788,400.818610
2018-07-23,0.00442488,128.5223,1,0.020842,181.220280,-0.00712529,54.3821,1,0.038089,319.938170
2018-07-24,0.00082835,128.6051,1,0.026215,279.697310,-0.00935044,53.4471,1,0.035024,359.456520
2018-07-25,-0.01244489,127.3606,1,0.037729,240.885270,0.00643104,54.0902,1,0.047496,359.472060
2018-07-26,0.01057779,128.4184,1,0.016341,182.590280,-0.01076541,53.0137,1,0.024061,262.581320
2018-07-27,0.00391116,128.8095,1,0.019504,260.773680,0.00057264,53.0709,1,0.029356,340.998140
2018-07-30,-0.00594133,128.2154,1,0.018803,180.053140,0.00322033,53.3929,0,0.000000,0.000000
2018-07-31,-0.01124129,127.0912,1,0.020829,220.783090,0.00058373,53.4513,1,0.023787,280.015233
2018-08-01,0.00284136,127.3754,1,0.022244,262.969720,0.00330800,53.7821,1,0.030000,361.597640
2018-08-02,0.00836786,128.2122,1,0.023044,241.712700,-0.00405445,53.3767,1,0.036645,320.561060
2018-08-03,0.00108430,128.3206,1,0.022350,262.426910,-0.00807314,52.5694,1,0.031324,281.973740
2018-08-06,0.01065019,129.3856,1,0.013561,201.791560,-0.00334597,52.2348,1,0.026567,361.492630
2018-08-07,0.00390731,129.7763,1,0.016019,241.917040,-0.00443961,51.7908,1,0.022531,321.258890
2018-08-08,-0.00811413,128.9649,1,0.017323,220.200150,0.00766318,52.5571,1,0.023442,320.530750
2018-08-09,0.00404853,129.3698,1,0.012037,161.328550,-0.00106061,52.4511,1,0.026521,300.837140
2018-08-10,-0.00105236,129.2645,1,0.025886,280.201750,0.00569506,53.0206,1,0.038814,320.209360
2018-08-13,-0.00249540,129.0150,1,0.022960,239.763710,0.00278627,53.2992,0,0.000000,0.000000
2018-08-14,-0.00199195,128.8158,1,0.023265,260.276100,-0.00160803,53.1384,1,0.020273,299.519093
2018-08-15,0.00671133,129.4869,1,0.021257,181.616690,0.00962704,54.1011,0,0.000000,0.000000
2018-08-16,-0.00373871,129.1131,1,0.034411,300.013050,0.00847155,54.9483,1,0.029945,302.428147
2018-08-17,-0.00512326,128.6007,1,0.019576,221.842020,0.00377704,55.3260,0,0.000000,0.000000
2018-08-20,0.00264438,128.8652,1,0.021072,221.302890,-0.00092002,55.2340,1,0.041312,282.710916
2018-08-21,0.00179703,129.0449,1,0.020467,260.367710,0.01489312,56.7233,1,0.022648,280.562530
2018-08-22,-0.01198446,127.8464,1,0.023436,241.538890,0.00583226,57.3065,1,0.017794,201.749720
2018-08-23,0.00159847,128.0063,1,0.011843,180.507410,0.00137966,57.4445,1,0.022014,280.270780
2018-08-24,-0.00046027,127.9603,1,0.017937,260.348710,0.00426226,57.8707,1,0.030444,320.287400
2018-08-27,0.00442637,128.4029,1,0.020503,221.257670,-0.00199840,57.6708,1,0.030070,321.096910
2018-08-28,0.00188914,128.5918,1,0.044526,260.674100,0.00296546,57.9674,1,0.057614,381.395110
2018-08-29,-0.00087891,128.5039,1,0.023551,320.722520,0.00202832,58.1702,1,0.021998,280.929540
2018-08-30,-0.00134016,128.3699,1,0.021626,281.049760,0.00381390,58.5516,1,0.022510,301.533930
2018-08-31,0.00432656,128.8026,1,0.030084,239.822070,-0.00617970,57.9336,1,0.042800,279.848260
2018-09-04,0.00145000,128.9476,1,0.019310,220.352860,0.00081336,58.0150,1,0.034574,359.897530
2018-09-05,0.00527950,129.4755,1,0.036640,260.082770,-0.00079451,57.9355,1,0.029771,301.048970
2018-09-06,-0.00029701,129.4458,1,0.027771,299.911950,0.00404474,58.3400,1,0.030406,341.008220
2018-09-07,0.00224849,129.6707,1,0.015891,220.538750,-0.00215343,58.1247,1,0.019913,321.211060
2018-09-10,-0.00292941,129.3777,1,0.029151,239.917660,-0.00811889,57.3128,1,0.038569,340.028590
2018-09-11,0.00637868,130.0156,1,0.019482,221.227810,-0.00634747,56.6780,1,0.033757,360.586040
2018-09-12,-0.00206995,129.8086,1,0.021205,280.630490,-0.00064784,56.6132,1,0.033544,380.657490
2018-09-13,0.00107522,129.9161,1,0.017278,240.164610,0.00118304,56.7315,1,0.023886,340.914880
2018-09-14,-0.00018705,129.8974,1,0.022595,240.844160,0.01639719,58.3713,1,0.021481,261.239630
2018-09-17,0.00875756,130.7732,1,0.035334,241.122850,-0.00992120,57.3791,1,0.033920,282.634320
2018-09-18,0.00018661,130.7918,1,0.017899,241.126790,-0.00698030,56.6811,1,0.022380,321.184200
2018-09-19,-0.00053209,130.7386,1,0.027249,261.121440,0.00549199,57.2303,1,0.033571,360.622290
2018-09-20,-0.00297634,130.4410,1,0.028284,200.809460,0.00278840,57.5091,1,0.041960,261.008570
2018-09-21,-0.00268879,130.1721,1,0.024549,221.416770,0.00841194,58.3503,0,0.000000,0.000000
2018-09-24,-0.01741619,128.4305,1,0.012379,120.643170,0.01652748,60.0031,1,0.025682,262.212696
2018-09-25,0.00006764,128.4372,1,0.014026,160.875400,0.00717477,60.7206,1,0.023273,280.640010
2018-09-26,0.00312375,128.7496,1,0.015005,180.651070,-0.00514435,60.2061,1,0.019975,280.798590
2018-09-27,0.00035649,128.7853,1,0.014291,180.320920,0.00078455,60.2846,1,0.026885,320.273160
2018-09-28,-0.00201975,128.5833,1,0.027945,240.895600,0.00666546,60.9511,1,0.027244,281.097540
2018-10-01,0.00451536,129.0348,1,0.015094,182.405610,-0.00596208,60.3549,1,0.022048,262.021290
2018-10-02,-0.00515548,128.5193,1,0.023098,260.114370,-0.00041137,60.3138,1,0.029467,359.765100
2018-10-03,0.00323829,128.8431,1,0.015171,180.617810,-0.01207214,59.1066,1,0.028204,321.012690
2018-10-04,-0.00367571,128.4755,1,0.021441,240.661400,-0.00214464,58.8921,1,0.031394,340.460770
2018-10-05,-0.00889976,127.5856,1,0.016246,200.248750,0.00816808,59.7089,1,0.036782,299.567330
2018-10-08,-0.00594613,126.9910,1,0.017303,220.707950,0.01015117,60.7240,1,0.023883,280.262690
2018-10-09,-0.01176795,125.8142,1,0.021205,221.344050,-0.01103703,59.6203,1,0.027603,321.194640
2018-10-10,-0.00274516,125.5396,1,0.015246,220.066230,-0.00180423,59.4399,1,0.023303,319.011560
2018-10-11,0.00143719,125.6834,1,0.018931,180.765710,0.00142687,59.5826,0,0.000000,0.000000
2018-10-12,-0.01364094,124.3193,1,0.015994,180.308170,0.00700393,60.2830,0,0.000000,0.000000
2018-10-15,-0.00061405,124.2579,1,0.029065,221.421800,-0.00733230,59.5498,1,0.036690,277.018607
2018-10-16,-0.00329545,123.9283,1,0.012185,141.141800,-0.00620793,58.9290,1,0.020823,339.966060
2018-10-17,-0.00305280,123.6230,1,0.020730,244.078100,0.00674585,59.6036,0,0.000000,0.000000
2018-10-18,-0.01104032,122.5190,1,0.025022,180.988210,0.01162529,60.7661,1,0.032561,284.265354
2018-10-19,-0.00478826,122.0402,1,0.028966,221.768950,0.01123457,61.8895,1,0.045983,261.490890
2018-10-22,0.00913071,122.9533,1,0.027549,221.047200,-0.00428580,61.4610,1,0.033180,281.199620
2018-10-23,0.00953869,123.9071,1,0.030991,200.781240,-0.01128557,60.3324,1,0.046587,379.128700
2018-10-24,-0.00144972,123.7621,1,0.038922,260.483960,0.01502939,61.8353,1,0.044821,340.040850
2018-10-25,0.02686902,126.4491,1,0.027408,199.752750,-0.03190274,58.6451,1,0.040154,297.894440
2018-10-26,-0.01161687,125.2874,1,0.041947,321.741330,0.01064707,59.7098,1,0.061603,382.105820
2018-10-29,-0.00731164,124.5562,1,0.021384,200.354280,-0.00812811,58.8970,0,0.000000,0.000000
2018-10-30,0.03582155,128.1384,1,0.050675,221.408400,-0.04768358,54.1286,1,0.062948,320.042620
2018-10-31,0.00106774,128.2451,1,0.031676,325.330410,-0.02187581,51.9410,0,0.000000,0.000000
2018-11-01,-0.00431122,127.8140,1,0.024192,242.049970,-0.00028890,51.9121,1,0.048930,406.172153
2018-11-02,0.01700173,129.5142,1,0.045687,222.942910,-0.01796414,50.1157,1,0.042194,321.821840
2018-11-05,0.01501405,131.0156,1,0.021565,241.399960,-0.01440822,48.6749,1,0.033102,340.634600
2018-11-06,0.00747067,131.7627,1,0.029113,301.364370,-0.00487722,48.1872,1,0.038842,361.120040
2018-11-07,-0.00143008,131.6196,1,0.034478,301.568820,-0.00279230,47.9079,1,0.039690,301.339000
2018-11-08,0.00327244,131.9469,1,0.028056,244.191110,-0.00532433,47.3755,0,0.000000,0.000000
2018-11-09,-0.01299804,130.6471,1,0.029094,259.858940,0.02615159,49.9907,1,0.031501,344.084286
2018-11-12,-0.02100426,128.5467,1,0.027556,261.788710,0.03405276,53.3959,1,0.028074,282.513800
2018-11-13,-0.00514605,128.0321,1,0.024725,221.452270,0.00467220,53.8632,1,0.022210,201.352850
2018-11-14,-0.02671443,125.3606,1,0.019673,180.991700,0.02513944,56.3771,1,0.028096,281.044350
2018-11-15,-0.03128057,122.2326,1,0.023697,222.686430,0.02138568,58.5157,1,0.036852,282.170040
2018-11-16,0.03642865,125.8754,1,0.028685,245.197800,-0.04269362,54.2463,1,0.040892,324.238600
2018-11-19,-0.00077627,125.7978,1,0.029907,265.283410,0.00613798,54.8601,1,0.046292,365.117830
2018-11-20,-0.00326691,125.4711,1,0.047091,279.447020,0.00503956,55.3641,1,0.039804,279.630690
2018-11-21,0.01035984,126.5071,1,0.029196,200.349280,-0.01694912,53.6692,1,0.032812,259.626100
2018-11-23,0.00638442,127.1455,1,0.024688,200.860600,-0.01236368,52.4328,1,0.047368,342.102860
2018-11-26,0.00741448,127.8870,1,0.070872,259.532470,-0.01521058,50.9117,1,0.074968,319.946940
2018-11-27,-0.00732158,127.1548,1,0.034828,301.927500,-0.00587054,50.3247,0,0.000000,0.000000
2018-11-28,0.00292742,127.4476,1,0.032418,220.693450,-0.00687239,49.6374,1,0.038019,302.856967
2018-11-29,0.00386610,127.8342,1,0.025310,222.794480,-0.00416045,49.2214,0,0.000000,0.000000
2018-11-30,0.00287640,128.1218,1,0.024980,199.934260,0.01589300,50.8107,1,0.037570,323.204116
2018-12-03,-0.00113780,128.0080,1,0.025650,241.349840,-0.00971466,49.8392,1,0.024636,242.679310
2018-12-04,-0.00209620,127.7984,1,0.040320,282.089910,-0.00281661,49.5576,1,0.050861,362.245970
2018-12-06,0.00140574,127.9390,1,0.027176,237.661400,-0.00662139,48.8954,0,0.000000,0.000000
2018-12-07,-0.00076770,127.8622,1,0.037210,281.001230,0.00366404,49.2618,1,0.045066,354.319649
2018-12-10,-0.00189318,127.6729,1,0.027708,239.136740,0.00743018,50.0049,0,0.000000,0.000000
2018-12-11,-0.00384103,127.2888,1,0.024123,200.808690,-0.00313483,49.6914,1,0.030263,279.031801
2018-12-12,-0.00016817,127.2720,1,0.029967,200.963400,0.00090154,49.7815,1,0.045156,340.354900
2018-12-13,-0.00314638,126.9573,1,0.027008,201.302030,-0.01252701,48.5288,1,0.044551,321.713390
2018-12-14,0.00151693,127.1090,1,0.031737,240.246530,0.00066085,48.5949,1,0.049095,380.149890
2018-12-17,0.00769791,127.8788,1,0.023029,200.476130,0.01058400,49.6533,1,0.035970,338.838680
2018-12-18,0.00162099,128.0409,1,0.033691,259.409020,0.01462907,51.1162,0,0.000000,0.000000
2018-12-19,0.00723791,128.7647,1,0.022439,200.423950,-0.00946828,50.1694,1,0.036838,278.794829
2018-12-20,0.00751099,129.5158,1,0.043391,260.133330,0.02066395,52.2358,0,0.000000,0.000000
2018-12-21,-0.00587454,128.9284,1,0.053084,218.802630,0.00740560,52.9763,1,0.057460,280.713223
2018-12-24,0.01194195,130.1226,1,0.019325,180.406250,0.00491075,53.4674,0,0.000000,0.000000
2018-12-26,0.00246407,130.3690,1,0.075433,258.167820,-0.01750264,51.7172,0,0.000000,0.000000
2018-12-27,-0.00135205,130.2338,1,0.032985,268.494140,0.00147609,51.8648,0,0.000000,0.000000
2018-12-28,-0.00016785,130.2170,1,0.026085,202.089460,0.00177111,52.0419,0,0.000000,0.000000
2018-12-31,0.00546654,130.7636,1,0.037226,220.328380,-0.00747538,51.2943,1,0.042018,318.692986
2019-01-02,-0.00252720,130.5109,1,0.035110,242.051600,-0.00017614,51.2767,0,0.000000,0.000000
2019-01-03,-0.00927094,129.5838,1,0.044414,260.274650,-0.00540106,50.7366,1,0.055656,321.647540
2019-01-04,0.00512727,130.0965,1,0.027463,199.913100,-0.01934524,48.8021,1,0.050474,319.302310
2019-01-07,-0.00270749,129.8258,1,0.037109,264.914410,-0.02671486,46.1306,0,0.000000,0.000000
2019-01-08,-0.00868439,128.9573,1,0.039279,282.361380,0.00818174,46.9488,1,0.053596,364.395052
2019-01-09,-0.00278754,128.6786,1,0.022684,182.791400,0.00827391,47.7762,0,0.000000,0.000000
2019-01-10,0.00685221,129.3638,1,0.023689,141.870570,-0.01086443,46.6897,1,0.044003,242.522411
2019-01-11,-0.00644557,128.7193,1,0.034867,241.883930,-0.00055967,46.6338,0,0.000000,0.000000
2019-01-14,0.00190982,128.9102,1,0.029218,180.988690,0.05346813,51.9806,1,0.046927,322.235739
2019-01-15,-0.01111415,127.7988,1,0.026225,181.281080,0.01026353,53.0069,1,0.039997,285.130260
2019-01-16,0.00667334,128.4662,1,0.042826,264.366510,-0.00091824,52.9151,1,0.050924,304.470730
2019-01-17,-0.00161805,128.3044,1,0.043515,240.638880,-0.00355736,52.5594,1,0.065116,360.684400
2019-01-18,0.00800515,129.1049,1,0.049035,302.178990,0.00302074,52.8614,0,0.000000,0.000000
2019-01-22,0.00348805,129.4537,1,0.053505,264.173810,0.00413403,53.2748,0,0.000000,0.000000
2019-01-23,0.01074884,130.5286,1,0.025706,239.463530,0.00769082,54.0439,0,0.000000,0.000000
2019-01-24,-0.07645833,122.8827,1,0.028793,241.442470,0.08156616,62.2005,1,0.040214,305.436098
2019-01-25,0.01539195,124.4219,1,0.046475,248.242800,-0.01668333,60.5322,1,0.056583,289.278210
2019-01-28,0.00448573,124.8705,1,0.046677,279.509670,0.00110665,60.6429,1,0.043295,299.622510
2019-01-29,-0.01468674,123.4018,1,0.041884,280.193990,0.02210254,62.8531,1,0.053776,320.515680
2019-01-30,-0.00016661,123.3852,1,0.032071,182.963810,-0.00941734,61.9114,1,0.028024,263.634970
2019-01-31,0.00112479,123.4976,1,0.038951,221.901590,0.00026453,61.9378,1,0.045157,361.342030
2019-02-01,0.01062053,124.5597,1,0.041837,220.075290,-0.00499872,61.4380,1,0.049212,321.627230
2019-02-04,-0.00389347,124.1703,1,0.038377,240.734810,0.00489301,61.9273,1,0.063969,361.054320
2019-02-05,-0.00612970,123.5574,1,0.031140,262.275410,0.00863244,62.7905,1,0.030826,261.826770
2019-02-06,0.00277120,123.8345,1,0.023170,201.852110,-0.00387044,62.4035,1,0.037634,261.493650
2019-02-07,0.01496458,125.3309,1,0.042782,279.937770,-0.00415275,61.9882,1,0.053405,320.425730
2019-02-08,0.00703963,126.0349,1,0.048047,261.486900,-0.00846837,61.1414,1,0.061627,321.305590
2019-02-11,-0.00502514,125.5324,1,0.033494,240.472630,0.00609898,61.7513,1,0.043702,319.991370
2019-02-12,-0.02090624,123.4418,1,0.022284,181.605580,0.01269192,63.0205,1,0.037648,281.748080
2019-02-13,0.00987446,124.4292,1,0.016044,143.540680,0.00012509,63.0330,0,0.000000,0.000000
2019-02-14,0.00907440,125.3367,1,0.040610,281.846950,-0.01588611,61.4443,1,0.038611,323.135192
2019-02-15,-0.00238891,125.0978,1,0.057161,300.368210,-0.00718372,60.7260,1,0.060642,321.047480
2019-02-19,0.00274820,125.3726,1,0.024360,222.159190,0.00444613,61.1706,0,0.000000,0.000000
2019-02-20,0.00772958,126.1455,1,0.025962,240.781460,-0.01271832,59.8988,1,0.039782,364.038266
2019-02-21,0.00876881,127.0224,1,0.030119,203.389520,-0.00052591,59.8462,1,0.036071,264.010230
2019-02-22,-0.00901503,126.1209,1,0.017793,201.573980,0.00145070,59.9912,1,0.034040,321.590640
2019-02-25,0.00731975,126.8529,1,0.024405,121.675970,-0.00546563,59.4447,1,0.036753,221.150950
2019-02-26,0.00568255,127.4212,1,0.023295,201.070100,-0.00533965,58.9107,1,0.036155,280.919650
2019-02-27,0.00379512,127.8007,1,0.039628,259.217270,-0.00388594,58.5221,1,0.040604,339.454910
2019-02-28,-0.00065420,127.7352,1,0.033270,280.976160,0.00372623,58.8947,1,0.040247,340.777790
2019-03-01,0.00179865,127.9151,1,0.034235,240.335810,-0.00703185,58.1916,1,0.044125,300.904050
2019-03-04,0.01031983,128.9471,1,0.030997,241.759780,-0.01292891,56.8987,1,0.042491,361.777540
2019-03-05,-0.00494001,128.4531,1,0.026131,220.470780,-0.00164790,56.7339,1,0.043290,359.665840
2019-03-06,-0.00432838,128.0203,1,0.020498,200.447010,0.00410557,57.1444,1,0.037863,319.834840
2019-03-07,-0.00444258,127.5760,1,0.026208,240.285520,0.01273985,58.4184,1,0.035345,280.183980
2019-03-08,-0.00769188,126.8068,1,0.030738,260.167750,0.00982440,59.4009,1,0.035760,280.388510
2019-03-11,0.00664535,127.4713,1,0.024735,220.825630,-0.00638615,58.7622,1,0.030655,241.003180
2019-03-12,-0.00186420,127.2849,1,0.029090,242.629530,-0.00328047,58.4342,0,0.000000,0.000000
2019-03-13,-0.00568810,126.7161,1,0.036800,241.074350,0.00569673,59.0039,1,0.056837,343.587379
2019-03-14,0.00231941,126.9481,1,0.032629,201.648310,-0.00483939,58.5199,0,0.000000,0.000000
2019-03-15,-0.00316122,126.6319,1,0.024162,180.577130,-0.00080339,58.4396,1,0.043299,321.178961
2019-03-18,-0.00509522,126.1224,1,0.026772,240.927480,-0.00321009,58.1186,1,0.032859,340.419700
2019-03-19,0.00249090,126.3715,1,0.034730,261.883930,-0.00005069,58.1135,1,0.045949,340.802250
2019-03-20,-0.00200000,126.1715,1,0.028790,240.192780,0.00931583,59.0451,1,0.039597,339.587400
2019-03-21,-0.00485618,125.6859,1,0.026888,180.909370,0.02087120,61.1322,1,0.037620,280.686560
2019-03-22,0.00070558,125.7564,1,0.034912,282.809310,0.01141189,62.2734,0,0.000000,0.000000
2019-03-25,-0.00224688,125.5318,1,0.060158,219.346570,-0.00288531,61.9849,1,0.072371,281.147983
2019-03-26,-0.00073784,125.4580,1,0.037074,280.098270,0.00421755,62.4066,1,0.035865,300.809460
2019-03-27,0.00291779,125.7497,1,0.036881,261.428710,0.00084529,62.4912,1,0.043921,322.403820
2019-03-28,-0.00416081,125.3337,1,0.031401,240.893960,-0.00125684,62.3655,1,0.052304,340.676890
2019-03-29,0.00784473,126.1181,1,0.023127,241.718500,-0.00440943,61.9245,1,0.035813,341.703780
2019-04-01,0.00501541,126.6197,1,0.049349,280.908280,-0.00556818,61.3677,1,0.054148,361.337990
2019-04-02,-0.00183826,126.4359,1,0.033346,261.201510,0.00030015,61.3977,1,0.046735,361.874830
2019-04-03,0.00672028,127.1079,1,0.036442,240.495200,-0.00557227,60.8405,1,0.039217,300.385390
2019-04-04,0.00245078,127.3530,1,0.034122,260.708290,0.00534429,61.3749,1,0.038431,320.582410
2019-04-05,-0.00615138,126.7378,1,0.026828,241.097780,0.00402863,61.7778,1,0.032957,261.475400
2019-04-08,-0.00271942,126.4659,1,0.023972,181.464690,0.00111823,61.8896,1,0.036947,282.380040
2019-04-09,0.00464880,126.9308,1,0.023330,200.489990,-0.00596709,61.2929,1,0.042839,340.482490
2019-04-10,0.00468693,127.3995,1,0.028177,239.747890,0.00170087,61.4630,0,0.000000,0.000000
2019-04-11,0.00996940,128.3964,1,0.032170,240.696590,0.00149628,61.6126,1,0.034482,279.863344
2019-04-12,-0.01245712,127.1507,1,0.038512,301.069130,0.02303412,63.9160,1,0.040998,301.272310
2019-04-15,0.00631113,127.7818,1,0.028067,242.007020,0.00879258,64.7953,0,0.000000,0.000000
2019-04-16,-0.00522226,127.2596,1,0.026956,239.818720,-0.01818848,62.9764,1,0.036098,283.970447
2019-04-17,-0.02259847,124.9997,1,0.035047,300.014270,0.03005995,65.9824,1,0.052515,359.865610
2019-04-18,-0.00164805,124.8349,1,0.026985,201.620540,-0.00112534,65.8699,1,0.020214,162.553890
2019-04-22,-0.00813401,124.0215,1,0.037531,221.272840,0.00071615,65.9415,1,0.037485,321.748360
2019-04-23,0.01552827,125.5743,1,0.040163,261.137590,-0.01016807,64.9247,1,0.043827,300.773060
2019-04-24,0.00055046,125.6294,1,0.048404,321.488390,0.00034706,64.9594,0,0.000000,0.000000
2019-04-25,-0.01675048,123.9543,1,0.028508,200.906670,0.00172996,65.1324,1,0.036584,321.794636
2019-04-26,-0.00110784,123.8436,1,0.027844,201.047940,-0.00064548,65.0679,1,0.036398,300.004040
2019-04-29,-0.00582520,123.2610,1,0.037050,301.685280,0.00299322,65.3672,0,0.000000,0.000000
2019-04-30,-0.00888498,122.3725,1,0.035658,221.250610,-0.00266325,65.1009,1,0.051795,342.062044
2019-05-01,-0.00649981,121.7226,1,0.035621,262.221840,0.00372239,65.4731,1,0.052191,381.808110
2019-05-02,-0.00706150,121.0164,1,0.037650,259.249440,0.00815106,66.2882,1,0.045674,299.792890
2019-05-03,0.00208039,121.2244,1,0.032631,261.576620,-0.00299630,65.9886,1,0.038720,302.152520
2019-05-06,-0.00268990,120.9555,1,0.039290,261.874910,0.00948188,66.9368,0,0.000000,0.000000
2019-05-07,0.00717565,121.6730,1,0.032175,259.944300,-0.00733576,66.2032,1,0.037976,282.644030
2019-05-08,-0.00374726,121.2983,1,0.037216,239.501420,0.00066373,66.2696,0,0.000000,0.000000
2019-05-09,0.00064885,121.3632,1,0.022085,180.541490,-0.00275463,65.9941,1,0.038803,278.439414
2019-05-10,0.00269611,121.6328,1,0.031829,260.181590,0.00605487,66.5996,1,0.040143,320.117280
2019-05-13,-0.02266411,119.3664,1,0.040911,301.836520,0.01719639,68.3192,1,0.034991,281.926770
2019-05-14,0.01254607,120.6210,1,0.021923,180.148880,-0.01449458,66.8698,0,0.000000,0.000000
2019-05-15,-0.00872143,119.7488,1,0.043973,321.415090,0.00703674,67.5734,1,0.050126,378.233140
2019-05-16,-0.00582059,119.1668,1,0.032499,261.383430,0.00101074,67.6745,1,0.032946,241.328140
2019-05-17,-0.00112548,119.0542,1,0.039388,262.099680,0.00436762,68.1113,0,0.000000,0.000000
2019-05-20,-0.00306135,118.7481,1,0.025375,220.776080,0.00033783,68.1451,1,0.043477,322.011601
2019-05-21,0.00254853,119.0030,1,0.034837,201.398680,0.00263345,68.4084,1,0.045035,300.619200
2019-05-22,0.00124988,119.1279,1,0.027382,262.498390,0.01127865,69.5363,0,0.000000,0.000000
2019-05-23,0.00700849,119.8288,1,0.028111,260.701050,0.00320340,69.8566,1,0.035050,302.827514
2019-05-24,-0.00226104,119.6027,1,0.028914,221.152280,-0.00461568,69.3950,1,0.039638,240.929310
2019-05-28,-0.00043245,119.5594,1,0.032725,241.006190,0.00413446,69.8085,1,0.045074,321.457910
2019-05-29,-0.00197663,119.3618,1,0.040243,219.526120,-0.00213723,69.5948,0,0.000000,0.000000
2019-05-30,-0.00269584,119.0922,1,0.035184,239.932020,-0.00707157,68.8876,1,0.055597,339.022507
2019-05-31,-0.00551081,118.5411,1,0.041491,241.309900,0.00591172,69.4788,1,0.060448,320.472840
2019-06-03,0.02346069,120.8872,1,0.036631,240.218310,-0.02207545,67.2712,1,0.050505,240.721520
2019-06-04,-0.00233200,120.6540,1,0.047440,301.284660,0.00929288,68.2005,1,0.050172,361.651560
2019-06-05,-0.00237659,120.4163,1,0.032639,243.975220,0.00225931,68.4265,0,0.000000,0.000000
2019-06-06,-0.00276331,120.1400,1,0.032791,283.884180,-0.00091237,68.3352,0,0.000000,0.000000
2019-06-07,0.01015398,121.1554,1,0.027832,221.078860,-0.00417852,67.9174,1,0.050132,309.924106
2019-06-10,-0.00160231,120.9952,1,0.051581,301.466650,0.00770041,68.6874,1,0.049369,321.273880
2019-06-11,0.00029272,121.0244,1,0.027878,221.284090,0.00301234,68.9886,1,0.042606,281.605590
2019-06-12,-0.00352205,120.6722,1,0.028895,220.095290,0.00171915,69.1606,1,0.037685,320.595820
2019-06-13,0.00414659,121.0869,1,0.029221,221.174990,-0.00661097,68.4995,1,0.048897,340.622380
2019-06-14,-0.00036980,121.0499,1,0.037280,261.125520,-0.00657592,67.8419,1,0.049232,380.686320
2019-06-17,-0.00035428,121.0145,1,0.031498,260.133800,-0.00357829,67.4840,1,0.053329,359.876480
2019-06-18,0.00811475,121.8260,1,0.033435,241.041390,-0.00560694,66.9233,1,0.052164,340.990240
2019-06-19,0.00468419,122.2944,1,0.053241,321.541510,-0.00006242,66.9171,1,0.052412,361.433790
2019-06-20,-0.01531252,120.7631,1,0.055392,301.075660,0.01283468,68.2006,1,0.058842,320.965290
2019-06-21,0.00339938,121.1031,1,0.040852,262.583160,0.00236838,68.4374,0,0.000000,0.000000
2019-06-24,0.00471241,121.5743,1,0.042179,279.993010,-0.00509806,67.9276,1,0.042466,282.486183
2019-06-25,0.00729567,122.3039,1,0.034603,299.780600,-0.00269334,67.6583,1,0.042224,319.794440
2019-06-26,0.00046727,122.3506,1,0.037723,280.011130,0.00562781,68.2210,1,0.040749,320.447930
2019-06-27,0.01142886,123.4935,1,0.033274,260.424810,0.01103751,69.3248,1,0.046749,300.520850
2019-06-28,0.00952564,124.4460,1,0.046016,301.150740,-0.00292597,69.0322,0,0.000000,0.000000
2019-07-01,-0.00823874,123.6222,1,0.042794,301.699880,0.00488117,69.5203,0,0.000000,0.000000
2019-07-02,0.01214423,124.8366,1,0.040427,241.780340,-0.01353288,68.1670,1,0.040278,304.503488
2019-07-03,-0.00614501,124.2221,1,0.045081,320.111810,-0.00114391,68.0526,1,0.054801,400.425210
2019-07-05,0.00121055,124.3431,1,0.050765,221.490960,-0.00035779,68.0169,0,0.000000,0.000000
2019-07-08,0.00487891,124.8310,1,0.031629,260.678560,-0.00838626,67.1782,1,0.045496,342.315958
2019-07-09,0.00587763,125.4188,1,0.030067,279.769780,-0.00051257,67.1270,1,0.039047,339.603810
2019-07-10,-0.00883954,124.5348,1,0.042174,300.189810,0.00268172,67.3952,1,0.054888,340.643810
2019-07-11,-0.00495633,124.0392,1,0.028733,220.902380,0.00174032,67.5692,1,0.039628,261.296480
2019-07-12,-0.00301643,123.7376,1,0.023443,201.478620,0.00792854,68.3620,1,0.046536,320.831080
2019-07-15,-0.00127720,123.6098,1,0.029100,241.529240,0.00026963,68.3890,1,0.034847,282.132410
2019-07-16,0.00474308,124.0842,1,0.033472,280.499800,-0.00760861,67.6281,1,0.043151,380.239850
2019-07-17,-0.00756733,123.3274,1,0.034963,261.151020,-0.00725829,66.9023,1,0.042489,360.670830
2019-07-18,-0.00647732,122.6797,1,0.039112,280.166090,0.00902510,67.8048,1,0.036870,338.894380
2019-07-19,-0.00254176,122.4255,1,0.032696,240.633600,-0.00241942,67.5629,1,0.033642,261.708160
2019-07-22,0.00069267,122.4948,1,0.035743,219.718560,0.00246270,67.8091,1,0.038940,299.986220
2019-07-23,0.01590577,124.0854,1,0.037823,240.109650,-0.01245950,66.5632,1,0.046200,320.003090
2019-07-24,-0.00973576,123.1118,1,0.035156,263.441880,0.00268179,66.8314,1,0.041561,382.520350
2019-07-25,0.00552590,123.6644,1,0.029320,262.443840,-0.01127550,65.7038,1,0.032350,321.271400
2019-07-26,-0.00322876,123.3415,1,0.027236,200.382050,0.00231249,65.9351,1,0.040881,320.103800
2019-07-29,-0.00492897,122.8486,1,0.024107,221.401300,0.00112356,66.0474,1,0.035894,281.686670
2019-07-30,0.01571411,124.4200,1,0.040609,201.004890,-0.01677081,64.3703,1,0.057181,300.397810
2019-07-31,0.01746385,126.1664,1,0.030265,241.494300,-0.00979098,63.3913,1,0.045598,361.593180
2019-08-01,0.00537904,126.7043,1,0.033876,260.694590,0.00339046,63.7303,1,0.058074,339.315420
2019-08-02,-0.00410166,126.2941,1,0.036726,278.210880,0.00208201,63.9385,1,0.040059,299.215160
2019-08-05,0.00277599,126.5717,1,0.031991,160.310480,0.01065421,65.0039,1,0.057239,299.965000
2019-08-06,-0.00623315,125.9484,1,0.026765,200.973230,0.00205388,65.2093,0,0.000000,0.000000
2019-08-07,0.00132918,126.0813,1,0.034562,202.502190,0.00457295,65.6666,0,0.000000,0.000000
2019-08-08,0.00694337,126.7757,1,0.034313,261.222060,-0.00327353,65.3392,1,0.038703,259.775707
2019-08-09,0.00031622,126.8073,1,0.037818,303.055450,-0.00212445,65.1268,0,0.000000,0.000000
2019-08-12,-0.01617143,125.1902,1,0.028133,219.604720,0.01371733,66.4985,1,0.053487,361.677889
2019-08-13,0.00106128,125.2963,1,0.019412,181.441930,-0.00395679,66.1029,0,0.000000,0.000000
2019-08-14,0.00057145,125.3534,1,0.038545,282.171480,0.01571088,67.6739,0,0.000000,0.000000
2019-08-15,-0.01894673,123.4588,1,0.029183,201.161910,0.02241787,69.9157,0,0.000000,0.000000
2019-08-16,0.01414193,124.8729,1,0.021977,182.728910,-0.00914763,69.0010,1,0.037133,221.871082
2019-08-19,-0.03195526,121.6774,1,0.056716,303.464710,0.02415152,71.4161,0,0.000000,0.000000
2019-08-20,0.01003201,122.6806,1,0.031299,204.601110,-0.01144698,70.2714,0,0.000000,0.000000
2019-08-21,-0.00970931,121.7097,1,0.043371,220.429340,0.00588417,70.8598,1,0.063163,342.448827
2019-08-22,0.00897398,122.6071,1,0.029392,221.885680,-0.00467874,70.3920,0,0.000000,0.000000
2019-08-23,-0.01112848,121.4942,1,0.047718,259.924130,0.01064168,71.4561,1,0.065522,341.618304
2019-08-26,-0.00050476,121.4438,1,0.035946,220.207750,-0.00052377,71.4038,0,0.000000,0.000000
2019-08-27,-0.00277589,121.1662,1,0.050379,222.861670,0.00221681,71.6254,0,0.000000,0.000000
2019-08-28,-0.00276371,120.8898,1,0.038371,240.510270,-0.00029249,71.5962,1,0.059129,337.259290
2019-08-29,-0.00971768,119.9180,1,0.033028,221.628740,0.01733480,73.3297,1,0.051880,341.907280
2019-08-30,0.00228332,120.1464,1,0.031568,202.528400,0.00104225,73.4339,0,0.000000,0.000000
2019-09-03,0.01017093,121.1635,1,0.038547,260.568180,-0.01463734,71.9702,1,0.044154,282.741686
2019-09-04,-0.00002646,121.1608,1,0.037736,280.376920,-0.00029046,71.9411,1,0.053236,359.768560
2019-09-05,0.01107739,122.2686,1,0.040811,281.711150,-0.02609817,69.3313,0,0.000000,0.000000
2019-09-06,0.00017158,122.2857,1,0.047902,282.520350,-0.00216145,69.1152,1,0.063445,384.828336
2019-09-09,0.00154798,122.4405,1,0.043192,261.208580,-0.00780765,68.3344,1,0.051945,321.199400
2019-09-10,-0.01354432,121.0861,1,0.049312,261.929250,0.02571326,70.9057,1,0.053204,323.284700
2019-09-11,-0.00741704,120.3444,1,0.035054,220.825040,0.01069448,71.9752,1,0.035452,241.592590
2019-09-12,-0.00650826,119.6935,1,0.048566,301.660910,0.01410489,73.3857,1,0.024521,221.930220
2019-09-13,0.01153925,120.8475,1,0.033115,261.004360,-0.02022966,71.3627,1,0.034286,301.722730
2019-09-16,-0.00896281,119.9512,1,0.046071,261.407440,0.01288465,72.6511,1,0.062325,341.496740
2019-09-17,0.01942676,121.8939,1,0.039984,241.134870,-0.01714614,70.9365,1,0.050404,302.014890
2019-09-18,-0.00572868,121.3210,1,0.044778,340.483720,0.00480813,71.4173,1,0.048897,380.817870
2019-09-19,0.00497995,121.8190,1,0.029175,240.946730,0.00546545,71.9639,1,0.042535,281.109090
2019-09-20,0.00330345,122.1493,1,0.034915,260.117470,-0.00274858,71.6890,1,0.029898,240.862140
2019-09-23,0.00239735,122.3891,1,0.041505,259.782440,-0.00239723,71.4493,1,0.037253,280.352100
2019-09-24,-0.00340867,122.0482,1,0.036097,260.837760,-0.00143903,71.3054,1,0.044303,320.458050
2019-09-25,0.00806840,122.8550,1,0.028040,220.799370,-0.00624543,70.6809,1,0.045143,340.227860
2019-09-26,-0.00299528,122.5555,1,0.040398,301.155960,0.00454785,71.1357,1,0.047805,341.191180
2019-09-27,-0.00384261,122.1713,1,0.043341,280.732310,-0.00102325,71.0333,1,0.061135,321.070330
2019-09-30,0.00419802,122.5911,1,0.048608,300.993080,-0.00929716,70.1036,1,0.058386,340.667890
2019-10-01,0.00187512,122.7786,1,0.045588,301.760470,0.01161915,71.2655,1,0.052295,361.518330
2019-10-02,-0.01335208,121.4434,1,0.041528,258.830820,0.01609496,72.8750,0,0.000000,0.000000
2019-10-03,-0.00053085,121.3903,1,0.026985,182.353360,-0.00511730,72.3633,0,0.000000,0.000000
2019-10-04,-0.00976102,120.4142,1,0.038352,202.604880,0.00721360,73.0847,1,0.050070,335.073524
2019-10-07,-0.00759222,119.6550,1,0.035982,243.910330,0.00357063,73.4417,0,0.000000,0.000000
2019-10-08,0.00467104,120.1221,1,0.031326,200.869380,-0.00870894,72.5708,0,0.000000,0.000000
2019-10-09,0.00472923,120.5950,1,0.049607,258.781770,0.00746057,73.3169,0,0.000000,0.000000
2019-10-10,-0.00519608,120.0754,1,0.041288,281.982050,-0.03416458,69.9004,0,0.000000,0.000000
2019-10-11,-0.00586634,119.4887,1,0.032604,241.880620,0.01393092,71.2935,1,0.055368,339.558782
2019-10-14,0.00550513,120.0393,1,0.040947,222.563830,-0.00441924,70.8516,1,0.038834,223.422760
2019-10-15,-0.00807167,119.2321,1,0.042917,279.502480,0.00822500,71.6741,1,0.048220,300.089270
2019-10-16,0.00251903,119.4840,1,0.034667,241.328030,-0.00296516,71.3776,1,0.044986,301.282880
2019-10-17,0.00236987,119.7210,1,0.043003,240.746050,0.00486941,71.8645,1,0.054749,320.581090
2019-10-18,-0.00787249,118.9337,1,0.036939,261.865790,0.01298085,73.1626,1,0.053705,301.593710
2019-10-21,0.01067907,120.0016,1,0.033533,222.072430,-0.00967374,72.1952,1,0.020604,222.084410
2019-10-22,-0.01998427,118.0032,1,0.057277,341.745260,-0.03266667,68.9286,0,0.000000,0.000000
2019-10-23,0.00214141,118.2174,1,0.031639,243.605590,-0.01628204,67.3004,1,0.048654,343.628934
2019-10-24,-0.00078506,118.1388,1,0.041746,321.341400,-0.01854785,65.4456,1,0.051895,362.309250
2019-10-25,-0.02521117,115.6177,1,0.032897,240.433840,0.01628119,67.0737,1,0.053861,339.049150
2019-10-28,-0.03468555,112.1492,1,0.029065,243.150540,0.03125622,70.1993,1,0.044998,343.762780
2019-10-29,0.03723063,115.8722,1,0.020577,163.729950,-0.03295209,66.9041,1,0.038099,283.102380
2019-10-30,-0.02642779,113.2295,1,0.053479,285.241860,0.01850663,68.7548,1,0.059647,303.933790
2019-10-31,0.00206300,113.4358,1,0.032280,204.328780,-0.01743123,67.0116,1,0.050953,303.219390
2019-11-01,0.01328148,114.7639,1,0.019952,160.864520,0.00952895,67.9645,1,0.043645,358.071510
2019-11-04,-0.03331938,111.4320,1,0.039168,322.072580,0.04612909,72.5774,1,0.045791,322.552980
2019-11-05,-0.02222956,109.2090,1,0.021166,163.946170,0.02367796,74.9452,1,0.024024,184.040200
2019-11-06,0.02193805,111.4028,1,0.017175,162.805670,-0.02237186,72.7081,1,0.019226,202.304260
2019-11-07,-0.01590717,109.8121,1,0.042357,239.263080,-0.00084877,72.6232,1,0.059547,358.734960
2019-11-08,-0.00163838,109.6483,1,0.044928,241.966940,-0.00188994,72.4342,1,0.065024,361.058970
2019-11-11,0.00436483,110.0847,1,0.032597,202.248990,-0.00813376,71.6208,1,0.054996,321.793450
2019-11-12,0.01099608,111.1844,1,0.033912,200.484720,-0.01931039,69.6898,1,0.047869,319.572520
2019-11-13,0.00299205,111.4836,1,0.041765,242.187580,-0.00281651,69.4081,1,0.049981,381.627670
2019-11-14,-0.00455773,111.0278,1,0.052533,260.716250,0.00737746,70.1459,1,0.052324,340.791750
2019-11-15,0.01524716,112.5525,1,0.032174,241.933200,-0.02201808,67.9441,1,0.037098,301.729350
2019-11-18,0.00615604,113.1681,1,0.048326,302.379570,-0.00991824,66.9522,1,0.050184,362.518030
2019-11-19,-0.00609665,112.5584,1,0.036105,260.164950,0.00821155,67.7734,1,0.046705,339.788140
2019-11-20,0.00329517,112.8880,1,0.023593,241.312400,-0.00739463,67.0339,1,0.028353,261.951900
2019-11-21,-0.00436273,112.4517,1,0.035183,200.653450,-0.00894717,66.1392,1,0.062127,360.719290
2019-11-22,0.00391764,112.8434,1,0.032086,200.553890,-0.00144121,65.9951,1,0.062031,360.053430
2019-11-25,-0.00507384,112.3361,1,0.041664,241.526030,-0.00136944,65.8581,1,0.053384,321.625330
2019-11-26,0.00503046,112.8391,1,0.029164,201.801720,-0.00097669,65.7605,1,0.048049,321.260000
2019-11-27,0.00307089,113.1462,1,0.033341,221.403130,-0.00231727,65.5287,1,0.038957,301.140840
2019-11-29,0.00093717,113.2399,1,0.033973,300.762210,-0.00412211,65.1165,1,0.045221,340.857130
2019-12-02,0.00255399,113.4953,1,0.061201,279.334630,0.00915558,66.0321,0,0.000000,0.000000
2019-12-03,-0.01298399,112.1969,1,0.048529,260.444420,0.00920556,66.9526,0,0.000000,0.000000
2019-12-04,-0.00605264,111.5917,1,0.026094,201.027530,0.00739012,67.6917,1,0.048778,319.413820
2019-12-05,0.00639884,112.2315,1,0.029786,242.566010,-0.00240086,67.4516,1,0.039576,322.934630
2019-12-06,0.00486020,112.7176,1,0.037770,280.619890,-0.00774743,66.6768,1,0.048153,301.289430
2019-12-09,-0.00225381,112.4922,1,0.035921,201.200170,-0.01609381,65.0674,1,0.064171,341.106030
2019-12-10,-0.01110218,111.3820,1,0.035608,240.191900,0.01261331,66.3288,1,0.045729,302.035010
2019-12-11,0.00105507,111.4875,1,0.019063,181.612150,-0.00663811,65.6650,1,0.038681,281.484460
2019-12-12,0.00336133,111.8236,1,0.029997,220.444290,0.01910407,67.5754,1,0.046753,320.302670
2019-12-13,0.00183023,112.0066,1,0.044387,281.706370,-0.00955581,66.6198,1,0.034881,242.496940
2019-12-16,-0.02365411,109.6412,1,0.039811,280.177990,0.01986227,68.6060,1,0.051993,380.011100
2019-12-17,0.01543702,111.1849,1,0.023388,162.924460,-0.01597392,67.0086,1,0.033902,263.588420
2019-12-18,-0.00388130,110.7968,1,0.041570,242.011330,0.00457171,67.4658,1,0.050029,341.643210
2019-12-19,-0.00192263,110.6045,1,0.036143,240.884040,-0.00281522,67.1843,1,0.042102,280.936180
2019-12-20,-0.00323266,110.2813,1,0.025126,200.827980,-0.00004062,67.1802,1,0.051492,340.650880
2019-12-23,-0.00455398,109.8259,1,0.028228,221.919580,0.00559402,67.7396,0,0.000000,0.000000
2019-12-24,0.00548139,110.3740,1,0.023821,220.840070,-0.00460167,67.2795,1,0.036507,301.601821
2019-12-26,0.00216742,110.5907,1,0.058998,280.353520,-0.00428001,66.8515,1,0.078291,360.013460
2019-12-27,0.00049628,110.6404,1,0.038762,260.112920,0.00461967,67.3134,1,0.053733,340.316750
2019-12-30,0.00478426,111.1188,1,0.034704,260.506310,-0.00032294,67.2811,1,0.033934,301.057340
2019-12-31,0.00219249,111.3380,1,0.046531,220.514810,-0.00122470,67.1587,1,0.046390,240.449780
