date,model_ret,model_equity,model_rebalanced,model_cost,model_traded,naive_ret,naive_equity,naive_rebalanced,naive_cost,naive_traded
2015-01-02,0.00076533,100.0765,1,0.030757,200.000000,0.00000000,100.0000,0,0.000000,0.000000
2015-01-05,0.00532213,100.6087,1,0.018557,140.277950,0.00264532,100.2645,1,0.030678,200.000000
2015-01-06,-0.01056959,99.5518,1,0.009399,82.381650,0.00844747,101.1093,0,0.000000,0.000000
2015-01-07,-0.00377896,99.1739,1,0.018736,120.758300,0.00377312,101.4866,1,0.054938,277.881956
2015-01-08,0.00707729,99.8816,1,0.015571,103.925560,0.00694799,102.1814,0,0.000000,0.000000
2015-01-09,-0.00754671,99.1269,1,0.016211,123.157920,0.00466151,102.6475,0,0.000000,0.000000
2015-01-12,-0.00879977,98.2470,1,0.015227,100.252340,0.00944889,103.5924,1,0.032891,245.620763
2015-01-13,0.00905854,99.1528,1,0.013986,101.035270,0.00890589,104.4830,1,0.044391,260.819140
2015-01-14,-0.00327941,98.8249,1,0.026401,141.308540,0.00629021,105.1120,1,0.036039,241.261900
2015-01-15,0.01001495,99.8264,1,0.022765,141.347500,0.00871963,105.9840,1,0.046707,301.677900
2015-01-16,-0.00141689,99.6847,1,0.014719,100.307360,-0.00049348,105.9347,1,0.040628,279.754950
2015-01-20,-0.00653741,99.0309,1,0.013531,123.083590,0.01088070,107.0227,0,0.000000,0.000000
2015-01-21,-0.00096968,98.9340,1,0.012978,80.343090,-0.00274564,106.7482,1,0.029324,243.646038
2015-01-22,0.00833810,99.7678,1,0.015720,121.347270,-0.01114100,105.6341,1,0.031720,261.803720
2015-01-23,-0.00697997,99.0698,1,0.022607,163.003350,-0.00152932,105.4811,0,0.000000,0.000000
2015-01-26,-0.01626775,97.4430,1,0.018825,141.690030,-0.00081012,105.4001,1,0.041352,301.527565
2015-01-27,-0.00597601,96.8454,1,0.012621,122.249570,-0.00361717,105.0384,0,0.000000,0.000000
2015-01-28,0.00080620,96.9260,1,0.013610,100.772600,-0.00180149,104.8583,1,0.050569,361.561775
2015-01-29,0.00500553,97.4266,1,0.008307,81.824050,0.00907414,105.7657,0,0.000000,0.000000
2015-01-30,0.02803861,100.2305,1,0.018149,102.146260,-0.00598953,105.1667,1,0.041773,341.017549
2015-02-02,-0.00968569,99.2619,1,0.018929,144.025910,0.00174922,105.3416,0,0.000000,0.000000
2015-02-03,-0.00804356,98.4575,1,0.004256,42.597340,0.01095936,106.4376,1,0.043934,298.447597
2015-02-04,0.00706141,99.1637,1,0.020389,142.659600,-0.00409789,106.0278,1,0.041049,303.100890
2015-02-05,-0.01139640,98.0240,1,0.013190,82.154470,-0.01214449,104.8133,1,0.037189,319.605560
2015-02-06,-0.02467087,95.5569,1,0.024397,123.513850,0.01066483,105.8798,0,0.000000,0.000000
2015-02-09,-0.00418641,95.1383,1,0.013661,62.177370,0.00588575,106.4684,1,0.053155,303.288245
2015-02-10,0.00655579,95.7939,1,0.021451,120.800740,-0.00557277,105.9111,1,0.043327,299.756550
2015-02-11,-0.00806307,94.9876,1,0.014377,102.898530,0.00911752,106.8229,0,0.000000,0.000000
2015-02-12,-0.00840322,94.1472,1,0.012362,80.789330,0.00646314,107.4692,1,0.038426,262.300159
2015-02-13,-0.01993738,92.1535,1,0.009988,102.510160,0.01059480,108.5287,0,0.000000,0.000000
2015-02-17,0.00479225,92.6327,1,0.009665,102.142790,-0.00121705,108.4070,1,0.038645,284.367697
2015-02-18,0.01015428,93.6482,1,0.016192,121.693930,-0.00656857,107.7501,1,0.050987,339.778700
2015-02-19,-0.00548933,93.0992,1,0.012883,101.392620,-0.00584054,107.1660,1,0.056934,321.206250
2015-02-20,-0.00307113,92.7921,1,0.021053,160.823270,0.00764820,107.9309,1,0.056160,359.551960
2015-02-23,0.00233032,93.0251,1,0.019808,161.900740,-0.01094511,106.8364,0,0.000000,0.000000
2015-02-24,0.00332016,93.3572,1,0.025684,140.549380,-0.00771728,106.0646,1,0.051518,362.996687
2015-02-25,-0.00961896,92.3953,1,0.019566,141.663580,-0.01461830,104.6028,1,0.050510,340.300570
2015-02-26,-0.00045258,92.3500,1,0.012838,61.901290,-0.00316748,104.2860,1,0.061328,340.840920
2015-02-27,-0.00129564,92.2204,1,0.025424,180.781520,-0.00647222,103.6388,1,0.038592,320.121900
2015-03-02,0.00100894,92.3213,1,0.015846,121.274560,-0.00495875,103.1430,1,0.056285,321.151970
2015-03-03,-0.00152027,92.1693,1,0.018807,101.954740,-0.00608848,102.5341,1,0.053658,301.694390
2015-03-04,0.00464823,92.6341,1,0.021877,140.893360,-0.00753324,101.7808,1,0.044154,320.295410
2015-03-05,0.00100191,92.7343,1,0.013139,121.184180,-0.00956408,100.8244,0,0.000000,0.000000
2015-03-06,0.00303135,93.0375,1,0.022375,141.667430,0.00312910,101.1373,1,0.049100,340.246540
2015-03-09,-0.00163000,92.8745,1,0.023160,180.740110,0.00144383,101.2817,0,0.000000,0.000000
2015-03-10,0.00142435,93.0169,1,0.017215,141.996420,-0.00344976,100.9367,1,0.044766,300.298405
2015-03-11,-0.00401689,92.6152,1,0.008059,81.402010,0.01015597,101.9523,0,0.000000,0.000000
2015-03-12,-0.00880318,91.7349,1,0.012418,81.137790,-0.00002203,101.9501,1,0.042263,280.041609
2015-03-13,-0.00631641,91.1033,1,0.016741,122.540220,0.00429318,102.3794,0,0.000000,0.000000
2015-03-16,-0.00517621,90.5856,1,0.015531,80.889080,-0.00358613,102.0208,1,0.042003,301.657909
2015-03-17,-0.00808310,89.7773,1,0.013410,61.828090,0.00627867,102.6487,0,0.000000,0.000000
2015-03-18,0.00482881,90.2602,1,0.012319,81.159120,-0.00758864,101.8898,1,0.042224,262.191022
2015-03-19,0.00022452,90.2827,1,0.014048,103.241520,0.00820332,102.7101,0,0.000000,0.000000
2015-03-20,-0.00173875,90.1088,1,0.013195,120.978660,-0.00750351,101.9598,1,0.040761,262.417980
2015-03-23,-0.00152995,89.9558,1,0.011895,102.817460,0.00003813,101.9636,0,0.000000,0.000000
2015-03-24,0.01134971,91.0908,1,0.008099,100.962100,-0.00186034,101.7776,1,0.031244,280.555053
2015-03-25,0.00631834,91.7226,1,0.017236,140.597050,0.01026556,102.8041,1,0.045494,299.648450
2015-03-26,0.00773481,92.4961,1,0.025679,180.616830,-0.00752095,102.0520,0,0.000000,0.000000
2015-03-27,0.00614625,93.1107,1,0.034465,180.868660,-0.00644732,101.4073,1,0.051252,357.053642
2015-03-30,-0.00067096,93.0436,1,0.019216,121.435710,-0.00277231,101.1300,1,0.046201,302.181600
2015-03-31,0.00445568,93.4892,1,0.009782,62.499560,0.00126756,101.2568,0,0.000000,0.000000
2015-04-01,0.00843990,94.3332,1,0.026720,180.161130,0.00325908,101.5827,1,0.043402,282.266107
2015-04-02,-0.00185601,94.1476,1,0.023171,160.788610,0.00023129,101.6058,1,0.037151,300.019370
2015-04-06,0.00347040,94.4946,1,0.029770,201.777190,0.00862557,102.4684,1,0.036963,281.164220
2015-04-07,0.00850588,95.3452,1,0.017942,143.251710,-0.00576677,101.8917,1,0.042537,262.038420
2015-04-08,0.00020860,95.3660,1,0.021980,160.628610,0.00031384,101.9231,1,0.052016,319.697540
2015-04-09,-0.00566914,94.7991,1,0.018054,141.092860,0.00669778,102.5929,1,0.046642,281.789480
2015-04-10,-0.00304532,94.4946,1,0.009962,101.504580,0.00067957,102.6608,1,0.038563,282.343820
2015-04-13,0.00279575,94.7742,1,0.012575,81.746850,0.00177061,102.8379,1,0.042249,301.130440
2015-04-14,0.01078458,95.8526,1,0.023452,120.840630,-0.00314186,102.5237,0,0.000000,0.000000
2015-04-15,-0.00611507,95.2411,1,0.024237,141.695790,0.00700619,103.2243,1,0.041511,320.085046
2015-04-16,-0.00351602,94.8895,1,0.019712,161.517150,-0.00554298,102.6700,1,0.037578,261.789450
2015-04-17,0.00407257,95.2968,1,0.007673,81.526370,-0.00120552,102.5495,1,0.041652,299.608120
2015-04-20,-0.00649016,94.6478,1,0.024636,139.947910,-0.00228736,102.3207,0,0.000000,0.000000
2015-04-21,0.00429939,95.0777,1,0.019561,181.635040,0.00831833,103.1526,0,0.000000,0.000000
2015-04-22,0.00805141,95.8828,1,0.017209,180.999120,-0.00839711,102.3129,1,0.029371,260.933393
2015-04-23,-0.00022238,95.8606,1,0.013638,81.846710,0.00066328,102.3792,1,0.045522,319.806600
2015-04-24,0.00747700,96.6083,1,0.021170,120.887060,-0.00747652,101.6315,1,0.051452,300.784310
2015-04-27,0.00796376,97.4047,1,0.011274,102.566070,-0.00707350,100.9242,1,0.056830,359.723700
2015-04-28,0.00024921,97.4296,1,0.019079,159.590330,0.00129085,101.0533,1,0.046125,359.018560
2015-04-29,0.00574270,98.0039,1,0.013700,101.499420,0.00976818,102.0301,0,0.000000,0.000000
2015-04-30,0.00145347,98.1492,1,0.023413,162.474410,-0.00433137,101.5970,1,0.046597,280.986848
2015-05-01,0.00264212,98.4134,1,0.014088,101.242180,0.00193536,101.7905,1,0.043584,319.625820
2015-05-04,0.00080833,98.4943,1,0.024027,141.846160,-0.00822787,100.9677,0,0.000000,0.000000
2015-05-05,-0.00044147,98.4501,1,0.020787,101.183980,0.00386601,101.3543,0,0.000000,0.000000
2015-05-06,-0.00369259,98.0809,1,0.016769,120.971080,-0.00175588,101.1787,0,0.000000,0.000000
2015-05-07,-0.00765510,97.3153,1,0.013610,121.069350,0.00858775,102.0375,1,0.036365,301.217091
2015-05-08,-0.00093615,97.2217,1,0.016345,121.358180,0.00446713,102.4842,1,0.032907,261.556740
2015-05-11,0.00399395,97.6211,1,0.017895,163.107430,-0.00136503,102.3477,0,0.000000,0.000000
2015-05-12,-0.00096591,97.5245,1,0.012881,81.191990,0.00197795,102.5455,1,0.041805,281.478376
2015-05-13,0.00482539,98.0071,1,0.010631,81.110110,-0.00585851,101.9597,1,0.041051,280.645980
2015-05-14,-0.00035266,97.9718,1,0.015436,100.528590,-0.00153263,101.8064,1,0.038523,300.497140
2015-05-15,-0.00189771,97.7820,1,0.023071,142.535910,-0.00973984,100.8324,0,0.000000,0.000000
2015-05-18,0.00707384,98.4894,1,0.012846,81.026120,-0.00418491,100.4139,1,0.061081,362.732584
2015-05-19,0.00090461,98.5799,1,0.028419,141.661850,0.00606485,101.0204,1,0.054815,340.904810
2015-05-20,0.00201452,98.7813,1,0.016748,160.698700,0.00258882,101.2793,1,0.032098,260.965700
2015-05-21,0.00350997,99.1323,1,0.021433,120.593100,-0.00456675,100.8226,1,0.051695,320.348400
2015-05-22,0.00424296,99.5566,1,0.023724,160.769450,-0.00033571,100.7890,1,0.055001,340.279340
2015-05-26,0.00075541,99.6322,1,0.013669,120.534280,0.00135601,100.9246,1,0.036749,280.199530
2015-05-27,-0.00126407,99.5058,1,0.023967,140.576350,0.00028489,100.9531,0,0.000000,0.000000
2015-05-28,0.00200286,99.7060,1,0.015104,101.535200,0.00183388,101.1365,0,0.000000,0.000000
2015-05-29,0.00258849,99.9649,1,0.012601,60.683370,0.00310358,101.4469,1,0.038682,260.912523
2015-06-01,-0.00444994,99.5199,1,0.015704,140.792510,0.00193929,101.6408,1,0.043581,280.620400
2015-06-02,0.01180002,100.6999,1,0.006688,60.903970,-0.00866320,100.7745,1,0.046920,320.669130
2015-06-03,0.00486776,101.1867,1,0.017574,121.581430,0.02060691,102.8352,1,0.039869,300.078600
2015-06-04,-0.00025387,101.1613,1,0.017037,101.317730,0.00277526,103.1127,1,0.027664,161.830100
2015-06-05,-0.00539733,100.6216,1,0.014513,101.022730,0.01586129,104.6988,0,0.000000,0.000000
2015-06-08,0.00030271,100.6518,1,0.023679,160.730320,-0.00412650,104.2862,1,0.027150,181.567323
2015-06-09,0.00774170,101.4260,1,0.020650,140.479130,0.00593402,104.8796,0,0.000000,0.000000
2015-06-10,-0.00252143,101.1739,1,0.029273,160.451780,-0.00802504,104.0771,1,0.033784,239.933166
2015-06-11,0.00955425,102.1293,1,0.013355,82.219250,-0.00845049,103.2320,0,0.000000,0.000000
2015-06-12,-0.00716992,101.4123,1,0.019612,101.293520,-0.00623417,102.6086,1,0.053937,362.197248
2015-06-15,0.00063760,101.4761,1,0.017070,140.493760,0.00212463,102.8211,1,0.061777,359.493860
2015-06-16,-0.00010422,101.4656,1,0.022722,140.263370,0.00193048,103.0141,1,0.044532,280.209040
2015-06-17,0.00287671,101.7533,1,0.007189,41.360620,-0.00002094,103.0120,0,0.000000,0.000000
2015-06-18,0.00433900,102.1872,1,0.010500,81.533100,0.00702167,103.7142,1,0.053023,341.855039
2015-06-19,-0.00293571,101.8936,1,0.008531,81.874280,-0.00888507,102.8257,0,0.000000,0.000000
2015-06-22,0.00314428,102.2081,1,0.024502,180.691820,0.00084387,102.9101,1,0.044443,361.260286
2015-06-23,0.00275412,102.4835,1,0.020918,101.496970,0.00627981,103.5381,1,0.047199,301.542510
2015-06-24,-0.00180646,102.3028,1,0.025716,180.566450,0.00650779,104.1888,1,0.035641,240.404120
2015-06-25,-0.00684719,101.6181,1,0.019429,121.310170,-0.00363371,103.8255,0,0.000000,0.000000
2015-06-26,-0.00346757,101.2713,1,0.018527,121.183750,0.00624891,104.4504,1,0.061989,358.797231
2015-06-29,-0.00394086,100.8773,1,0.015626,141.319470,0.00043976,104.4943,1,0.035054,261.601840
2015-06-30,0.00576548,101.4538,1,0.008302,82.562560,-0.00228939,104.2654,0,0.000000,0.000000
2015-07-01,-0.00007793,101.4460,1,0.020893,141.516910,-0.00281744,103.9836,1,0.038504,279.390211
2015-07-02,0.00129103,101.5751,1,0.013417,101.644640,-0.00223679,103.7600,1,0.045499,341.948600
2015-07-06,-0.00850159,100.7250,1,0.011949,100.982740,0.00092010,103.8520,1,0.047270,360.674720
2015-07-07,-0.00646200,100.0788,1,0.011540,81.067790,0.00969100,104.8211,1,0.050430,339.783860
2015-07-08,-0.01231494,98.8473,1,0.011644,82.347920,0.00516566,105.3376,0,0.000000,0.000000
2015-07-09,-0.00304133,98.5431,1,0.006633,62.006330,0.00466000,105.8036,0,0.000000,0.000000
2015-07-10,-0.00299946,98.2432,1,0.016196,81.484740,0.00067220,105.8709,1,0.035470,241.533252
2015-07-13,0.00098734,98.3419,1,0.027046,141.350890,0.01020386,106.8912,0,0.000000,0.000000
2015-07-14,0.00268289,98.6102,1,0.013631,101.898620,-0.00071425,106.8198,0,0.000000,0.000000
2015-07-15,0.00261461,98.8717,1,0.010929,101.582540,-0.00855870,105.9640,1,0.054490,344.138811
2015-07-16,-0.00966768,97.9049,1,0.020318,140.564170,0.01568103,107.5321,1,0.061207,339.335660
2015-07-17,-0.01011762,96.8931,1,0.021572,161.982990,0.00471951,108.0040,1,0.024619,182.226770
2015-07-20,-0.00950705,95.9424,1,0.006095,41.839030,0.00664562,108.6686,0,0.000000,0.000000
2015-07-21,0.00397012,96.3394,1,0.016558,81.663670,-0.00173234,108.4953,1,0.046124,260.518791
2015-07-22,-0.00495037,95.8444,1,0.014907,121.218350,0.00130960,108.6263,1,0.044870,339.801030
2015-07-23,0.01474353,97.3188,1,0.027147,141.878510,-0.01310145,107.3161,1,0.052415,300.904310
2015-07-24,0.00183025,97.5018,1,0.028945,161.498060,-0.01452740,105.8634,1,0.079320,399.932750
2015-07-27,0.00114591,97.6164,1,0.022519,161.141930,0.00311541,106.1749,1,0.064999,377.964640
2015-07-28,0.01209316,98.8257,1,0.030454,141.550470,0.00174819,106.3498,1,0.053921,320.453740
2015-07-29,-0.00767382,98.0583,1,0.025172,182.292270,0.00252452,106.6022,0,0.000000,0.000000
2015-07-30,0.01229191,99.2875,1,0.019629,142.484590,-0.00425901,106.1763,0,0.000000,0.000000
2015-07-31,0.00734461,100.0220,1,0.014499,123.495040,0.00784186,106.9605,1,0.055614,343.874642
2015-08-03,0.00533920,100.5559,1,0.035270,160.930680,0.00063103,107.0236,1,0.038187,221.458400
2015-08-04,0.00242102,100.7980,1,0.020678,141.486610,-0.00333331,106.6903,1,0.048811,280.531850
2015-08-05,-0.00591885,100.2061,1,0.028865,180.680840,-0.00334920,106.3554,1,0.040850,320.813820
2015-08-06,0.00671955,100.8781,1,0.025985,162.069740,-0.01310695,105.0447,1,0.054855,361.214990
2015-08-07,0.00130317,101.0084,1,0.026713,180.977560,0.00021982,105.0666,1,0.052498,319.663580
2015-08-10,-0.00214641,100.7937,1,0.027521,161.167790,-0.01504283,103.5624,1,0.040753,320.401880
2015-08-11,0.00385387,101.1791,1,0.025563,161.668340,-0.01478029,102.0843,1,0.046449,362.543590
2015-08-12,0.00597417,101.7765,1,0.020803,121.199630,0.00071350,102.1557,1,0.049910,359.259840
2015-08-13,0.00152837,101.9294,1,0.031983,202.561700,-0.00249048,101.9066,1,0.040688,302.396740
2015-08-14,-0.00194577,101.7348,1,0.023307,141.434560,0.00221291,102.1279,1,0.045289,300.239540
2015-08-17,-0.01557602,100.1772,1,0.030402,181.792410,-0.00179521,101.9484,1,0.041051,281.644500
2015-08-18,-0.00138463,100.0387,1,0.020723,142.152000,-0.00584169,101.3642,0,0.000000,0.000000
2015-08-19,0.00904435,100.9432,1,0.019415,120.571640,-0.00635534,100.7287,1,0.054564,361.642557
2015-08-20,-0.00176470,100.7667,1,0.031590,181.246530,0.02471205,103.1999,1,0.051015,338.966510
2015-08-21,-0.00174869,100.5918,1,0.020189,140.386240,0.01452630,104.6525,0,0.000000,0.000000
2015-08-24,-0.00860070,99.7318,1,0.026730,161.930960,0.00629376,105.2819,0,0.000000,0.000000
2015-08-25,-0.00411941,99.3198,1,0.020711,142.204640,-0.01192363,104.0896,0,0.000000,0.000000
2015-08-26,0.00143280,99.4631,0,0.000000,0.000000,-0.00359619,103.7299,0,0.000000,0.000000
2015-08-27,0.01760125,101.2232,1,0.066135,325.070624,-0.01507499,102.2224,0,0.000000,0.000000
2015-08-28,-0.01534079,99.6891,1,0.015869,125.341020,-0.01244153,100.9783,0,0.000000,0.000000
2015-08-31,-0.00327593,99.3616,1,0.021693,141.073290,0.00299345,101.2776,1,0.062275,335.552299
2015-09-01,0.00691534,100.0531,1,0.021126,121.450580,-0.00429071,100.8486,1,0.043321,279.916800
2015-09-02,-0.00301597,99.7515,1,0.020727,122.223280,-0.00323253,100.5253,0,0.000000,0.000000
2015-09-03,0.00105580,99.8571,1,0.039260,182.800650,0.00788273,101.3136,0,0.000000,0.000000
2015-09-04,-0.00334408,99.5227,1,0.025808,161.816740,-0.00051369,101.2622,0,0.000000,0.000000
2015-09-08,-0.00600718,98.9219,1,0.032698,160.201120,0.00060096,101.3223,0,0.000000,0.000000
2015-09-09,-0.00503734,98.4182,1,0.033174,164.210220,-0.00763398,100.5589,0,0.000000,0.000000
2015-09-10,-0.00112162,98.3060,1,0.014622,121.004280,-0.00338738,100.2202,0,0.000000,0.000000
2015-09-11,-0.01103327,97.2027,1,0.013697,121.442300,0.01958311,102.1785,1,0.051889,339.271178
2015-09-14,0.00213532,97.4162,1,0.015238,123.000790,-0.00305548,101.8729,1,0.033518,242.557860
2015-09-15,-0.00022773,97.3935,1,0.025423,120.624810,0.00617140,102.4901,1,0.067070,359.826930
2015-09-16,0.01915660,99.3091,1,0.012590,82.191750,0.00828051,103.3181,0,0.000000,0.000000
2015-09-17,0.00733986,100.0431,1,0.011004,102.750750,0.00082035,103.4002,0,0.000000,0.000000
2015-09-18,0.00187298,100.2304,0,0.000000,0.000000,0.01996218,105.3964,1,0.052932,304.251251
2015-09-21,0.00729482,100.9599,0,0.000000,0.000000,-0.00156467,105.2399,0,0.000000,0.000000
2015-09-22,0.00299442,101.2593,0,0.000000,0.000000,0.00399230,105.6391,1,0.051020,319.632248
2015-09-23,0.00399688,101.6590,0,0.000000,0.000000,0.01585375,107.2245,0,0.000000,0.000000
2015-09-24,0.01102101,102.7611,0,0.000000,0.000000,0.00330228,107.5547,1,0.035252,261.215983
2015-09-25,0.00585990,103.3471,0,0.000000,0.000000,0.00938101,108.4928,1,0.037199,300.602100
2015-09-28,0.00726308,104.0734,0,0.000000,0.000000,0.02064309,110.5571,1,0.047671,321.040300
2015-09-29,-0.00734732,103.3387,1,0.044962,255.601806,-0.00686682,109.8705,0,0.000000,0.000000
2015-09-30,-0.01568616,101.7701,1,0.031526,141.507710,0.01462696,111.3332,1,0.060894,338.474481
2015-10-01,-0.01435616,100.3345,0,0.000000,0.000000,0.01722633,113.0558,0,0.000000,0.000000
2015-10-02,0.01706412,102.0409,1,0.022868,125.098665,-0.01355578,111.7002,1,0.044938,266.537456
2015-10-05,-0.00104261,101.9366,1,0.018061,146.442220,-0.00318456,111.3818,0,0.000000,0.000000
2015-10-06,0.00536083,102.4727,1,0.024417,123.695620,-0.00779160,110.6026,0,0.000000,0.000000
2015-10-07,0.00595210,103.0679,1,0.021740,161.514860,0.01281355,111.8840,1,0.065355,329.170229
2015-10-08,0.00347499,103.4154,1,0.025381,122.967730,0.01966798,113.8508,0,0.000000,0.000000
2015-10-09,0.00880994,104.2964,1,0.016176,122.408200,0.00059994,113.9107,0,0.000000,0.000000
2015-10-12,0.00710097,105.0065,1,0.011913,122.359810,0.00249735,114.1605,1,0.056645,346.132839
2015-10-13,-0.00747222,104.2593,1,0.013532,101.925970,-0.00217196,113.9433,1,0.045186,321.306500
2015-10-14,-0.01841615,102.4177,1,0.017405,120.528530,0.00146790,114.0901,0,0.000000,0.000000
2015-10-15,0.01759763,104.1774,1,0.011557,101.918650,0.01794308,115.8844,1,0.041682,278.673684
2015-10-16,0.00075577,104.2530,1,0.028673,202.818100,-0.01752226,114.1322,0,0.000000,0.000000
2015-10-19,0.00030043,104.2830,1,0.025887,141.212050,0.01156240,115.2884,1,0.056800,363.445287
2015-10-20,0.00932276,105.2153,1,0.013984,122.430970,-0.00651187,114.6372,1,0.035677,281.943120
2015-10-21,0.00511834,105.7272,1,0.023416,140.923400,0.00556475,115.1937,1,0.058105,320.614030
2015-10-22,0.00493293,106.2204,1,0.021347,140.693490,-0.00299227,114.8945,1,0.042447,240.466720
2015-10-23,-0.01063517,105.1569,1,0.020087,123.331780,-0.00679353,114.2151,0,0.000000,0.000000
2015-10-26,-0.00116520,105.0404,1,0.014370,122.354790,-0.00602312,113.6128,1,0.057162,345.383578
2015-10-27,-0.00334442,104.7060,1,0.024602,140.791150,0.01529220,115.1420,1,0.062370,340.405990
2015-10-28,-0.01694416,103.0116,1,0.013126,120.644980,-0.00927448,114.2146,1,0.048128,281.178690
2015-10-29,-0.00339357,102.6722,1,0.013637,103.518390,0.00529570,114.7441,1,0.052270,323.412200
2015-10-30,0.00071835,102.7440,1,0.017535,140.828220,-0.00733520,114.0106,1,0.046250,300.583360
2015-11-02,-0.01014705,101.7293,1,0.013175,121.339210,-0.00684469,113.3261,1,0.047919,320.006810
2015-11-03,-0.00974070,100.7553,1,0.021340,122.206130,0.01013208,114.3394,0,0.000000,0.000000
2015-11-04,0.00450773,101.2060,1,0.026717,141.152370,-0.01357971,112.9814,1,0.040891,264.150417
2015-11-05,-0.00068665,101.1374,1,0.011365,101.281050,0.00181469,113.1629,1,0.055491,379.346120
2015-11-06,-0.02318521,98.8188,1,0.018311,102.616560,-0.00183643,112.9792,1,0.045423,300.617060
2015-11-09,-0.01841839,96.9770,1,0.037509,180.567750,-0.03489904,109.4893,1,0.050814,340.846020
2015-11-10,0.01117375,98.0944,1,0.017355,102.437070,-0.00843961,108.6453,0,0.000000,0.000000
2015-11-11,0.01916803,100.0112,1,0.019217,121.695030,0.02018880,110.6642,1,0.050230,341.474760
2015-11-12,0.00224625,100.2358,1,0.014605,81.915880,0.00265406,110.9296,1,0.037554,262.250570
2015-11-13,-0.00455296,99.7805,1,0.010576,81.455350,0.00511802,111.4414,0,0.000000,0.000000
2015-11-16,0.00003534,99.7840,1,0.015636,120.914980,-0.00006409,111.4350,1,0.046779,279.643452
2015-11-17,-0.02456110,97.3279,1,0.014350,123.110550,0.00739722,112.1747,0,0.000000,0.000000
2015-11-18,0.00842917,98.1709,1,0.014853,101.354280,-0.00205725,111.9690,1,0.047025,262.100573
2015-11-19,0.00031677,98.2025,1,0.021153,163.922690,0.00333587,112.3026,0,0.000000,0.000000
2015-11-20,-0.00189695,98.0128,1,0.026725,141.097730,0.00016386,112.3190,1,0.049254,323.411169
2015-11-23,-0.00304896,97.7079,1,0.016236,100.817590,-0.01313417,111.0056,1,0.044157,320.790160
2015-11-24,-0.00515903,97.1920,0,0.000000,0.000000,-0.00115562,110.8900,1,0.041972,342.692180
2015-11-25,-0.00371306,96.8207,0,0.000000,0.000000,-0.00528717,110.3613,1,0.046937,301.352910
2015-11-27,0.00179288,97.0000,0,0.000000,0.000000,0.00505994,110.8673,1,0.046806,281.277980
2015-11-30,0.00159628,97.1596,1,0.057072,263.165443,-0.01480931,109.3864,0,0.000000,0.000000
2015-12-01,0.00338461,97.4981,0,0.000000,0.000000,0.00522660,109.9090,1,0.052080,379.430487
2015-12-02,-0.00405423,97.0927,0,0.000000,0.000000,-0.00513736,109.3953,1,0.036036,262.514500
2015-12-03,-0.00628857,96.4638,0,0.000000,0.000000,-0.00350295,109.0450,0,0.000000,0.000000
2015-12-04,-0.00213025,96.2508,0,0.000000,0.000000,0.00388200,109.4332,0,0.000000,0.000000
2015-12-07,-0.00931857,95.3189,1,0.040477,280.046341,-0.00283455,109.1497,0,0.000000,0.000000
2015-12-08,0.00060717,95.3797,1,0.015063,81.849820,0.01124201,110.2739,1,0.048799,337.934186
2015-12-09,0.01521880,96.9015,1,0.030950,180.329200,-0.01631517,108.6424,1,0.035527,281.352860
2015-12-10,0.01630628,98.5322,1,0.023682,161.898790,-0.01360869,107.2815,1,0.048979,340.563610
2015-12-11,-0.00454786,98.0774,1,0.026006,121.848170,-0.00941914,106.3396,1,0.054044,340.312070
2015-12-14,-0.01082308,96.9951,1,0.031948,219.326080,-0.00317082,106.0226,1,0.051742,339.135130
2015-12-15,0.01149505,98.1446,1,0.021665,161.404640,-0.00306618,105.7159,1,0.046358,301.182760
2015-12-16,0.00190751,98.3353,1,0.031459,203.323890,0.00016407,105.7323,0,0.000000,0.000000
2015-12-17,-0.00779789,97.5555,1,0.031249,203.563370,0.00142118,105.8745,0,0.000000,0.000000
2015-12-18,0.00790661,98.3462,1,0.015639,141.776580,0.01485966,107.3604,0,0.000000,0.000000
2015-12-21,-0.00362729,97.9835,1,0.013189,101.900300,0.00430031,107.7905,0,0.000000,0.000000
2015-12-22,0.00186111,98.1696,1,0.025279,201.862320,0.00655381,108.4458,1,0.037779,282.435030
2015-12-23,0.00818886,98.9885,1,0.022344,162.968650,-0.01398896,107.0469,0,0.000000,0.000000
2015-12-24,-0.00002974,98.9855,1,0.035394,202.708130,0.00588177,107.6351,0,0.000000,0.000000
2015-12-28,0.00821128,99.8066,0,0.000000,0.000000,-0.00337227,107.2979,1,0.062657,284.721881
2015-12-29,-0.00130510,99.6761,1,0.028130,181.185693,-0.00445750,106.8521,1,0.063410,320.847150
2015-12-30,0.00250919,99.9270,1,0.021741,142.112000,0.00122981,106.9751,0,0.000000,0.000000
2015-12-31,-0.00118404,99.8086,1,0.024934,160.284480,-0.00668702,106.3064,0,0.000000,0.000000
2016-01-04,-0.00177698,99.6309,1,0.029068,179.525430,-0.01300862,105.0056,0,0.000000,0.000000
2016-01-05,-0.00062456,99.5685,1,0.026736,140.436130,0.00819539,105.8251,0,0.000000,0.000000
2016-01-06,0.00757197,100.3257,1,0.042023,240.621920,0.01663225,107.4883,1,0.051595,278.494155
2016-01-07,-0.00658561,99.6671,1,0.024691,141.471180,0.00816589,108.3049,0,0.000000,0.000000
2016-01-08,-0.00303579,99.3635,1,0.025919,160.433410,-0.00720896,107.5840,0,0.000000,0.000000
2016-01-11,-0.00703340,98.6602,1,0.037720,199.597980,-0.00316489,107.2675,1,0.055109,353.626329
2016-01-12,-0.00394377,98.2658,1,0.017917,141.207240,0.00562751,107.8303,1,0.048039,299.720780
2016-01-13,-0.02255452,96.0104,1,0.020072,141.631420,0.00361155,108.1914,1,0.044465,261.706610
2016-01-14,-0.00877519,95.1328,1,0.022209,161.999060,0.00627076,108.8185,0,0.000000,0.000000
2016-01-15,0.01379846,96.5127,1,0.020204,122.957710,-0.03403266,105.4152,1,0.058406,319.248634
2016-01-19,-0.00999642,95.5130,1,0.026902,201.044790,-0.01015515,104.3997,0,0.000000,0.000000
2016-01-20,0.00810429,96.3235,1,0.025971,160.799280,-0.01062474,103.3373,1,0.047294,318.510362
2016-01-21,0.01244121,97.5676,1,0.012289,102.458680,0.00942046,104.2793,1,0.061184,340.089620
2016-01-22,-0.00040533,97.5271,1,0.040043,201.559970,0.00752369,105.0317,1,0.049161,282.471290
2016-01-25,-0.01294672,96.2324,1,0.027292,164.684950,-0.01631600,103.4001,0,0.000000,0.000000
2016-01-26,-0.00809205,95.4232,1,0.026095,181.053780,-0.00413494,102.9866,1,0.064324,381.382560
2016-01-27,0.00454438,95.8776,1,0.029832,144.111450,-0.01237346,101.7492,0,0.000000,0.000000
2016-01-28,0.00264210,96.1418,1,0.028710,200.162130,0.01874337,103.6236,1,0.070583,381.280323
2016-01-29,0.01228977,97.3708,1,0.026333,201.336680,-0.00170172,103.4534,1,0.048182,263.529120
2016-02-01,0.00476777,97.8476,1,0.032613,226.048230,-0.00954864,102.4985,0,0.000000,0.000000
2016-02-02,-0.00509282,97.3383,1,0.028452,141.922090,0.00904680,103.4032,1,0.065380,367.939149
2016-02-03,-0.00893109,96.4452,0,0.000000,0.000000,-0.00021740,103.3815,0,0.000000,0.000000
2016-02-04,0.02192682,98.6379,1,0.038138,200.463130,0.00280911,103.6624,1,0.068569,319.368853
2016-02-05,-0.01759134,96.8787,1,0.020414,181.397340,-0.00461279,103.2011,1,0.046499,261.742200
2016-02-08,-0.01444589,95.4342,1,0.025829,200.033480,0.03845808,107.0469,1,0.046252,319.555960
2016-02-09,0.00092492,95.5266,1,0.019448,160.717820,0.00369794,107.4167,1,0.018426,162.870220
2016-02-10,0.00773814,96.3005,1,0.022076,162.393120,0.00411258,107.8280,1,0.038542,302.780720
2016-02-11,0.00434739,96.7352,1,0.016991,102.148830,0.00443034,108.2710,1,0.050156,262.237080
2016-02-12,0.00011176,96.7464,1,0.047474,160.851330,-0.00709928,107.5611,0,0.000000,0.000000
2016-02-16,-0.00346666,96.3997,1,0.037666,165.497610,-0.00055644,107.5054,0,0.000000,0.000000
2016-02-17,0.00229275,96.6290,1,0.022815,146.027540,0.00195939,107.7014,0,0.000000,0.000000
2016-02-18,0.01515141,98.1441,1,0.021919,123.563890,0.00136966,107.8383,0,0.000000,0.000000
2016-02-19,0.00715240,98.8594,1,0.036510,201.283560,0.00479602,108.3179,1,0.048818,328.943156
2016-02-22,0.00020475,98.8798,1,0.012755,82.068470,-0.01619939,106.6980,1,0.057259,301.139400
2016-02-23,-0.00339867,98.5400,1,0.028977,183.075610,-0.00057649,106.6403,0,0.000000,0.000000
2016-02-24,-0.01217104,97.3229,1,0.021634,101.845730,-0.00222929,106.4174,1,0.057659,322.724341
2016-02-25,0.00511022,97.8339,1,0.038888,161.850330,-0.00987455,105.4300,1,0.054835,343.018250
2016-02-26,0.01831080,99.6650,1,0.021010,142.459730,-0.00341265,105.0887,0,0.000000,0.000000
2016-02-29,-0.00477278,99.1877,1,0.019968,122.267350,-0.01424115,103.6646,1,0.058365,342.747998
2016-03-01,0.00294424,99.4821,1,0.016826,140.443810,-0.01899577,101.7650,1,0.058287,378.481290
2016-03-02,0.00829524,100.3116,1,0.029446,183.801270,-0.01003365,100.7616,0,0.000000,0.000000
2016-03-03,0.00135973,100.4476,1,0.021587,142.367730,0.01164430,101.9261,1,0.055530,346.825325
2016-03-04,0.00157724,100.6053,1,0.020126,181.807640,0.00716403,102.6425,0,0.000000,0.000000
2016-03-07,-0.00480426,100.1249,1,0.020616,122.122190,0.00908857,103.5513,1,0.042853,284.149919
2016-03-08,0.01720796,101.8457,1,0.008904,82.448190,-0.01278211,102.2731,1,0.037271,302.311690
2016-03-09,0.00410001,102.2557,1,0.024919,160.282200,0.01061909,103.3350,1,0.052301,318.253740
2016-03-10,-0.00081016,102.1747,1,0.031436,141.603480,-0.00799138,102.5359,1,0.038628,301.759770
2016-03-11,-0.00048850,102.1258,1,0.025790,181.509080,-0.00786596,101.7493,1,0.061446,321.252290
2016-03-14,-0.00404033,101.7218,1,0.023603,143.920020,0.00151630,101.9009,0,0.000000,0.000000
2016-03-15,0.01111112,102.8329,1,0.022118,180.275930,0.01635105,103.5360,1,0.039345,263.204531
2016-03-16,-0.00693353,102.1396,1,0.019713,100.960050,-0.00351939,103.1841,1,0.045039,221.345950
2016-03-17,-0.01527080,100.6125,1,0.027860,162.648300,-0.00187462,102.9966,0,0.000000,0.000000
2016-03-18,0.00916455,101.5289,1,0.021485,181.998980,-0.01508772,101.4879,0,0.000000,0.000000
2016-03-21,0.00059040,101.5880,1,0.029280,203.432640,0.00347672,101.8355,1,0.058988,364.839754
2016-03-22,-0.00664039,100.9239,1,0.023429,180.335360,-0.00147961,101.6876,1,0.046571,300.796400
2016-03-23,0.00727535,101.6515,1,0.036745,220.866010,-0.00785544,100.9020,1,0.037934,280.907070
2016-03-24,-0.01083099,100.5684,1,0.031969,161.153720,-0.01121849,99.7802,1,0.044039,319.170450
2016-03-28,-0.00019156,100.5492,1,0.044526,220.451670,-0.00912333,98.8678,1,0.057973,361.079750
2016-03-29,-0.00015504,100.5337,1,0.025374,200.590970,-0.00010217,98.8576,1,0.047527,360.466800
2016-03-30,-0.00269435,100.2643,1,0.025435,182.461370,-0.00138995,98.7186,0,0.000000,0.000000
2016-03-31,-0.01142771,99.1215,1,0.030651,240.699060,-0.01546235,97.1724,1,0.045375,322.345346
2016-04-01,0.00181522,99.3030,1,0.044098,280.665700,-0.01184160,95.9882,1,0.052690,340.601760
2016-04-04,-0.00493489,98.8096,1,0.042159,261.527200,0.00019780,96.0080,1,0.053310,360.643410
2016-04-05,-0.00448236,98.3613,1,0.038656,258.875270,-0.00608837,95.3992,1,0.036517,279.807690
2016-04-06,0.00872777,99.2341,1,0.035623,239.433920,0.00026241,95.4254,0,0.000000,0.000000
2016-04-07,-0.00370942,98.8632,1,0.029602,241.521560,-0.01298957,94.1265,0,0.000000,0.000000
2016-04-08,0.00488607,99.3518,1,0.035573,238.653020,-0.00789704,93.3368,0,0.000000,0.000000
2016-04-11,0.00534208,99.8860,1,0.034742,241.869740,0.00452700,93.7895,1,0.049050,341.252541
2016-04-12,-0.00269338,99.6166,1,0.026458,180.791750,0.00241072,94.0305,1,0.046548,240.509630
2016-04-13,0.01858203,101.4748,1,0.021307,162.111380,0.00466181,94.4967,1,0.044269,302.460980
2016-04-14,0.00677982,102.1528,1,0.024008,183.004390,0.01127370,95.6241,1,0.036280,322.310730
2016-04-15,0.00754048,102.9069,1,0.022702,199.880830,-0.00174179,95.4499,1,0.030539,240.886650
2016-04-18,-0.00244801,102.6621,1,0.035701,221.338450,-0.00378587,95.0713,1,0.035297,321.580520
2016-04-19,-0.00945854,101.7162,1,0.029854,201.368000,0.00376057,95.4474,0,0.000000,0.000000
2016-04-20,-0.00632915,101.0833,1,0.034315,240.279360,-0.00543463,94.9039,1,0.027543,262.400952
2016-04-21,0.00952584,102.0359,1,0.031776,239.734300,0.01103007,96.0069,1,0.046673,360.429220
2016-04-22,-0.00361667,101.6742,1,0.030307,239.585080,-0.00316726,95.6902,1,0.044626,319.313720
2016-04-25,0.01197463,102.8717,1,0.020007,201.641340,-0.01085243,94.6049,1,0.039753,341.397240
2016-04-26,-0.00120938,102.7507,1,0.023128,181.267430,-0.01233183,93.3718,1,0.051973,380.162070
2016-04-27,0.00125708,102.8764,1,0.029322,182.076610,0.01565607,94.9374,1,0.046783,361.879630
2016-04-28,0.00718764,103.5952,1,0.031876,221.033330,-0.01823940,93.1134,1,0.056260,301.939710
2016-04-29,-0.00255241,103.3400,1,0.038501,260.466100,0.01082031,94.1955,1,0.053689,359.741020
2016-05-02,0.00771408,104.1114,1,0.039502,240.244060,-0.00785168,93.4103,1,0.040238,240.705660
2016-05-03,0.00695390,104.8068,1,0.038830,243.083430,-0.00168801,93.2415,0,0.000000,0.000000
2016-05-04,0.02157488,106.9642,1,0.019402,160.926760,0.01018811,94.2603,0,0.000000,0.000000
2016-05-05,0.00575151,107.5394,1,0.024609,161.364010,-0.00720264,93.5400,1,0.041894,281.789877
2016-05-06,0.01080028,108.6194,1,0.027382,221.388540,-0.00002863,93.5372,1,0.045233,321.684670
2016-05-09,0.00817369,109.4368,1,0.030231,201.796630,-0.00549780,92.9874,1,0.041110,281.338390
2016-05-10,-0.00903174,108.5336,1,0.026484,222.211680,-0.01340726,91.6467,1,0.043966,321.932470
2016-05-11,-0.00123813,108.4098,1,0.029933,202.547450,-0.01874054,89.7726,0,0.000000,0.000000
2016-05-12,-0.00387886,108.0219,1,0.024426,219.790120,0.00225174,89.9978,0,0.000000,0.000000
2016-05-13,-0.00372290,107.6496,1,0.034550,241.243700,-0.00187548,89.8102,1,0.049468,323.480751
2016-05-16,0.00085974,107.7356,1,0.027216,200.428560,0.00932453,90.7427,1,0.044877,319.561660
2016-05-17,0.00006370,107.7420,1,0.025140,143.180990,0.00582192,91.3249,1,0.035778,262.768750
2016-05-18,-0.00926231,106.8157,1,0.021321,160.835330,0.01111933,92.4368,0,0.000000,0.000000
2016-05-19,0.00597540,107.4133,1,0.024160,122.253630,-0.01004130,91.4327,1,0.043610,299.195729
2016-05-20,-0.00914242,106.4990,1,0.023822,140.788900,-0.00769674,90.6630,1,0.057234,380.145680
2016-05-23,-0.00163200,106.3358,1,0.020960,181.753380,-0.00346655,90.3164,1,0.044015,341.408540
2016-05-24,0.01487671,107.8235,1,0.025899,160.777340,0.01270220,91.5866,1,0.042810,320.589940
2016-05-25,-0.00962665,106.8609,1,0.033565,223.695530,0.01400144,92.9867,0,0.000000,0.000000
2016-05-26,0.00441425,107.3023,1,0.023275,161.392000,-0.01347630,91.6391,1,0.039000,245.403532
2016-05-27,0.00154608,107.4569,1,0.015252,101.248960,-0.00976900,90.6622,1,0.053810,380.276770
2016-05-31,0.00928179,108.3851,1,0.019931,142.237460,-0.00447913,90.2143,1,0.060353,401.530290
2016-06-01,-0.00439332,107.9457,1,0.022382,140.521910,-0.00440268,89.7740,1,0.048948,359.748960
2016-06-02,-0.00902221,107.0435,1,0.026721,200.597410,0.00051737,89.8258,1,0.048543,360.694200
2016-06-03,0.00348169,107.3917,1,0.019331,121.254480,-0.00253116,89.5726,0,0.000000,0.000000
2016-06-06,-0.01420532,105.9711,1,0.015222,121.468260,0.00180298,89.7529,1,0.055112,321.004329
2016-06-07,-0.00689991,105.2812,1,0.018791,140.862530,0.00422993,90.1759,1,0.040307,281.755450
2016-06-08,0.00055358,105.3365,1,0.013422,141.543260,-0.00894711,89.2812,1,0.039601,281.127180
2016-06-09,0.01744544,107.0811,1,0.012466,81.368740,-0.00391717,88.8895,1,0.045887,320.483830
2016-06-10,0.00681770,107.7628,1,0.008740,102.379150,0.01468916,90.3584,1,0.034274,300.018150
2016-06-13,0.00005934,107.7688,1,0.009496,100.653050,0.00193309,90.5517,1,0.026531,180.990630
2016-06-14,-0.00075822,107.6929,1,0.011352,80.724230,-0.00085837,90.4659,0,0.000000,0.000000
2016-06-15,-0.00513677,107.1793,1,0.023497,140.460930,-0.00805310,89.6606,1,0.033590,300.048735
2016-06-16,0.00334529,107.5138,1,0.018651,121.175880,-0.00359176,89.3014,1,0.048936,380.026760
2016-06-17,-0.00724865,106.7889,1,0.024355,140.647300,-0.00689389,88.6120,1,0.047699,360.799440
2016-06-20,0.01428477,108.2174,1,0.025153,161.603590,-0.00608798,88.0032,1,0.048358,380.822950
2016-06-21,0.00208970,108.4264,1,0.015210,122.017950,-0.00255590,87.7476,1,0.046740,361.425460
2016-06-22,-0.00000833,108.4255,1,0.015213,141.768100,-0.00548203,87.1994,1,0.037893,320.784710
2016-06-23,-0.00071375,108.3542,1,0.015935,120.863620,-0.00092626,87.1068,1,0.042936,320.418290
2016-06-24,0.03042664,111.3968,0,0.000000,0.000000,0.00467107,87.5739,0,0.000000,0.000000
2016-06-27,0.03908745,115.3056,1,0.034145,200.442811,0.00315804,87.8897,0,0.000000,0.000000
2016-06-28,-0.01228291,114.0773,0,0.000000,0.000000,-0.03309293,84.5804,1,0.035753,319.279267
2016-06-29,-0.01028227,113.0491,0,0.000000,0.000000,-0.02274735,82.3057,0,0.000000,0.000000
2016-06-30,0.00245363,113.2944,0,0.000000,0.000000,0.01301961,83.6076,0,0.000000,0.000000
2016-07-01,-0.00760732,112.5337,0,0.000000,0.000000,-0.01323078,82.2846,0,0.000000,0.000000
2016-07-05,0.02399341,114.9330,0,0.000000,0.000000,-0.02306288,79.9783,1,0.048248,369.564563
2016-07-06,-0.00364567,114.5685,1,0.030507,207.211463,-0.01212228,78.7660,1,0.045408,379.064840
2016-07-07,0.00065857,114.6343,0,0.000000,0.000000,0.00424783,79.1908,1,0.058147,400.764120
2016-07-08,0.00315731,114.9500,0,0.000000,0.000000,0.00952251,80.1431,1,0.033299,280.699050
2016-07-11,0.00815749,115.7658,0,0.000000,0.000000,-0.00057276,80.0858,0,0.000000,0.000000
2016-07-12,-0.00246597,115.5192,0,0.000000,0.000000,0.01694084,81.7799,1,0.038756,324.670183
2016-07-13,0.00318516,115.8377,0,0.000000,0.000000,-0.01423566,80.3563,1,0.029736,242.245740
2016-07-14,-0.00442439,115.3953,1,0.031609,205.722898,-0.00326181,80.0301,1,0.052511,400.031530
2016-07-15,-0.00326359,115.0689,0,0.000000,0.000000,-0.00327944,79.7022,1,0.046184,320.194530
2016-07-18,-0.00508539,114.5604,1,0.010369,101.728817,-0.00182864,79.5193,1,0.040684,320.236420
2016-07-19,0.00757789,115.3182,0,0.000000,0.000000,-0.00606348,78.9130,1,0.047488,340.139520
2016-07-20,0.00012797,115.3310,1,0.024063,161.144525,-0.00233898,78.6791,1,0.043218,340.068740
2016-07-21,0.00148653,115.4796,1,0.026487,141.608540,0.00387295,79.0664,1,0.033035,281.533940
2016-07-22,0.00517969,115.9976,1,0.015731,119.818920,0.00616453,79.6828,1,0.026867,260.368210
2016-07-25,0.00212339,116.2099,0,0.000000,0.000000,0.00820878,80.5037,0,0.000000,0.000000
2016-07-26,-0.00548505,115.6614,0,0.000000,0.000000,-0.01199658,79.3041,1,0.037598,282.192056
2016-07-27,-0.00719676,114.9417,1,0.021526,182.013379,0.00584235,79.8883,1,0.041275,360.692380
2016-07-28,-0.00646571,114.2952,1,0.013781,100.178070,-0.00050548,79.8377,1,0.044958,299.458250
2016-07-29,0.00419352,114.7145,1,0.021108,120.581030,-0.00093285,79.7445,1,0.041605,321.398690
2016-08-01,-0.00565444,114.1491,1,0.016304,102.460880,-0.00756423,78.9880,1,0.031343,281.100800
2016-08-02,-0.00115342,114.0337,1,0.011302,80.427060,0.00050198,79.0382,1,0.050802,319.694800
2016-08-03,-0.00058815,113.9749,1,0.009895,121.024100,-0.01691946,77.3463,0,0.000000,0.000000
2016-08-04,-0.01203144,112.7718,1,0.016524,120.861840,-0.00777994,76.5683,1,0.059924,379.104816
2016-08-05,-0.01425317,111.3465,1,0.015977,160.086060,-0.00499205,76.0691,1,0.042695,340.071070
2016-08-08,-0.00451004,110.8955,1,0.020374,140.745640,-0.00403979,75.6651,1,0.045859,360.817950
2016-08-09,-0.00382826,110.5126,1,0.011276,61.524770,-0.00098176,75.5669,1,0.050296,340.452820
2016-08-10,0.00810293,111.3229,1,0.014587,140.869830,0.01089911,76.6568,1,0.035039,300.537420
2016-08-11,-0.00528189,110.7947,1,0.007919,60.589720,-0.00398182,76.2587,1,0.032392,241.597210
2016-08-12,0.00206771,111.0015,1,0.014899,140.991650,-0.00110278,76.1484,1,0.040068,341.336370
2016-08-15,-0.01187531,109.8140,1,0.011831,100.779130,-0.02055179,74.0932,1,0.035839,320.422570
2016-08-16,0.00304653,110.1186,1,0.014607,120.675700,0.00877722,74.9709,1,0.051298,381.048300
2016-08-17,0.00793833,110.9125,1,0.016117,140.164120,-0.00484277,74.4866,0,0.000000,0.000000
2016-08-18,0.00471377,111.3838,1,0.019513,160.198030,0.00679219,75.1659,1,0.044991,339.469025
2016-08-19,0.00163277,111.5471,1,0.013883,121.605430,-0.01323579,73.8423,0,0.000000,0.000000
2016-08-22,0.01533751,113.0809,1,0.020449,160.530360,-0.00323149,73.5191,1,0.047669,382.277723
2016-08-23,0.00574495,113.6554,1,0.015875,121.765780,-0.00679470,72.8397,1,0.044450,320.319240
2016-08-24,0.00781357,114.4367,1,0.018393,121.108050,-0.00225224,72.6144,1,0.040284,299.841960
2016-08-25,0.00098049,114.5348,1,0.024001,141.266050,0.00003634,72.6181,1,0.046936,339.927660
2016-08-26,-0.01352602,113.1822,1,0.020832,160.426430,0.00274376,72.8925,1,0.032734,280.459090
2016-08-29,0.00063455,113.2456,1,0.012185,81.832270,-0.00943666,71.9488,1,0.043516,320.257910
2016-08-30,0.00046809,113.2924,1,0.020751,161.275320,0.00212216,72.1610,0,0.000000,0.000000
2016-08-31,0.00994924,114.2874,1,0.017206,140.574020,-0.00154710,72.0063,1,0.029940,260.397856
2016-09-01,-0.00700049,113.5873,1,0.023389,181.445310,-0.00652089,71.3542,1,0.038329,340.846070
2016-09-02,-0.00118278,113.4690,1,0.019568,201.053000,0.00045646,71.3999,1,0.034094,321.122160
2016-09-06,0.00993361,114.4624,1,0.020429,181.430290,0.00535175,71.9350,0,0.000000,0.000000
2016-09-07,0.00512005,114.9744,1,0.015065,141.630470,-0.00185007,71.7500,1,0.033527,302.321861
2016-09-08,-0.00443932,114.5305,1,0.020682,141.088710,0.01053619,72.8036,1,0.038331,340.929860
2016-09-09,0.00207086,114.7376,1,0.022404,179.561450,0.00760521,73.5642,1,0.037439,319.791910
2016-09-12,-0.00275085,114.4625,1,0.021905,218.394750,0.00346367,73.9105,0,0.000000,0.000000
2016-09-13,-0.00128341,114.3341,1,0.028271,263.045420,0.00268013,74.1785,0,0.000000,0.000000
2016-09-14,-0.00316013,114.0181,1,0.020323,160.327910,0.00402592,74.5811,0,0.000000,0.000000
2016-09-15,-0.00549252,113.4689,1,0.021762,180.988130,-0.00716705,73.8644,1,0.034385,278.627539
2016-09-16,-0.00283297,113.1856,1,0.015087,142.450930,0.00431946,74.2964,0,0.000000,0.000000
2016-09-19,0.00814975,114.0005,1,0.011245,100.606690,0.00396632,74.6930,1,0.036148,302.493151
2016-09-20,-0.00172929,113.8276,1,0.013979,101.880040,0.00257659,74.9507,1,0.035731,321.565880
2016-09-21,-0.00331960,113.4956,1,0.014930,100.685070,-0.00012239,74.9384,1,0.031449,300.156650
2016-09-22,0.00411199,113.9068,1,0.008351,104.123630,0.00245952,75.1844,0,0.000000,0.000000
2016-09-23,-0.00173076,113.7338,1,0.012096,122.423610,0.00075529,75.2599,0,0.000000,0.000000
2016-09-26,0.00085116,113.8189,1,0.017254,180.432900,0.00978692,76.2386,1,0.027478,303.887579
2016-09-27,0.00278762,114.0976,1,0.015338,140.256910,-0.01385213,74.8534,1,0.039313,279.856790
2016-09-28,-0.00800921,113.2967,1,0.017221,201.078380,-0.00231645,74.6217,1,0.046165,360.108080
2016-09-29,0.00834676,114.1314,1,0.014594,181.877540,0.00278686,74.9004,1,0.036484,321.728620
2016-09-30,0.00973417,115.1048,1,0.026883,219.508090,-0.00020704,74.8797,0,0.000000,0.000000
2016-10-03,-0.00328217,114.7766,1,0.019417,142.282120,0.00302081,75.1818,1,0.034189,300.184352
2016-10-04,0.00644371,115.4210,1,0.008459,81.364660,0.00714203,75.8960,1,0.025597,241.087570
2016-10-05,-0.01073148,114.3478,1,0.014048,140.657090,0.01978556,77.8746,0,0.000000,0.000000
2016-10-06,0.00587963,114.9358,1,0.017907,161.833380,0.00203192,78.0778,1,0.025508,202.601595
2016-10-07,-0.00326123,114.6097,1,0.013503,120.942350,-0.01111942,76.9658,1,0.037922,301.041800
2016-10-10,0.00015068,114.6247,1,0.009312,121.249740,-0.00540402,76.4254,1,0.042562,358.691340
2016-10-11,-0.00091234,114.5335,1,0.013994,142.160820,-0.00559082,75.8663,0,0.000000,0.000000
2016-10-12,0.00013531,114.5470,1,0.009529,101.553120,-0.00487489,75.3788,0,0.000000,0.000000
2016-10-13,0.00486714,115.0337,1,0.014756,121.397780,0.01861811,77.2406,1,0.047719,360.567122
2016-10-14,-0.00122213,114.9115,1,0.012023,121.348610,-0.00619799,76.6209,1,0.027969,221.113190
2016-10-17,-0.00114800,114.7967,1,0.029550,200.332590,0.00109503,76.7304,1,0.049767,359.901430
2016-10-18,-0.00285960,114.5108,1,0.023970,160.442810,-0.00041601,76.6888,1,0.039111,300.151230
2016-10-19,0.00427277,114.9380,1,0.016093,101.457050,-0.00702963,75.9858,0,0.000000,0.000000
2016-10-20,-0.00230369,114.7077,1,0.004089,62.397490,0.00123527,76.1093,1,0.036793,362.535625
2016-10-21,0.00528795,115.2365,1,0.022375,140.651240,0.00388613,76.4979,1,0.043227,319.615500
2016-10-24,0.00414730,115.6512,1,0.011970,81.024990,0.00095035,76.5930,1,0.030225,260.460620
2016-10-25,-0.00227870,115.4233,1,0.011080,120.961760,-0.01439909,75.1531,1,0.036319,300.885920
2016-10-26,0.00995693,116.4190,1,0.014747,140.503090,-0.00454337,74.6987,1,0.031867,298.777350
2016-10-27,-0.00670548,115.7485,1,0.015518,161.665820,0.01367135,76.0659,1,0.038975,300.010830
2016-10-28,0.00958743,116.7072,1,0.023927,199.486030,-0.00932552,75.1333,1,0.028542,261.225110
2016-10-31,-0.00171493,116.5357,1,0.030143,201.973430,0.00427412,75.5607,1,0.051108,321.820350
2016-11-01,0.00152044,116.6878,1,0.012786,122.053730,-0.00922312,74.6384,1,0.036272,262.199940
2016-11-02,-0.00774355,115.9134,1,0.020255,141.514250,-0.00658445,73.9800,1,0.047655,359.461700
2016-11-03,0.00354263,116.2677,1,0.013727,120.874720,0.01799312,75.7793,1,0.043058,319.223510
2016-11-04,0.00244763,116.5124,1,0.031067,200.845890,-0.00326538,75.4527,1,0.035688,241.707590
2016-11-07,-0.00015752,116.4967,1,0.024452,240.856510,0.01216346,76.6691,1,0.033444,321.505470
2016-11-08,-0.00767372,115.7293,1,0.021052,103.992380,-0.01429037,75.2400,0,0.000000,0.000000
2016-11-09,0.00440299,116.1696,1,0.024731,180.458120,-0.02619216,72.6208,1,0.046496,365.517566
2016-11-10,0.00818914,116.9885,1,0.027146,183.162450,0.03906086,76.5269,1,0.050424,381.449400
2016-11-11,0.01032177,118.0207,1,0.011533,123.033060,0.01167096,77.6940,1,0.024674,242.580450
2016-11-14,0.00034743,118.0555,1,0.012537,122.557390,0.02499756,80.1938,1,0.025884,261.791530
2016-11-15,-0.00939203,117.1163,1,0.020433,143.138540,-0.00969503,79.2243,1,0.032173,224.667600
2016-11-16,0.00629383,117.7456,1,0.015147,142.671190,0.00301202,79.5255,1,0.042588,342.410370
2016-11-17,-0.00297539,117.4481,1,0.013499,82.130790,-0.01064149,78.4613,1,0.040209,280.877570
2016-11-18,0.00729735,118.1778,1,0.017725,121.777200,-0.00116536,78.3448,1,0.047356,341.494980
2016-11-21,-0.00090274,118.0876,1,0.014934,101.478580,-0.01703687,76.6411,1,0.043477,319.680840
2016-11-22,-0.00090317,117.9972,1,0.011777,102.109940,-0.00437092,76.2040,1,0.040442,281.272450
2016-11-23,-0.00293244,117.7040,1,0.011454,121.962740,-0.00725007,75.4790,1,0.038577,341.941490
2016-11-25,0.00857186,118.5612,1,0.010814,80.568350,-0.01050969,74.4280,1,0.039609,360.281230
2016-11-28,0.01124027,119.6852,1,0.022903,121.881580,-0.02333490,72.0945,0,0.000000,0.000000
2016-11-29,0.00748192,120.4334,1,0.010698,101.876030,0.00635340,72.7299,1,0.047630,381.985876
2016-11-30,-0.01384660,119.0487,1,0.025460,180.991610,-0.03712168,69.0177,1,0.033338,261.247790
2016-12-01,-0.01097221,117.9515,1,0.014431,160.309260,0.01857533,70.8752,1,0.046887,379.806430
2016-12-02,0.00635478,118.5870,1,0.022002,140.659770,-0.01039948,69.8353,1,0.033098,220.895760
2016-12-05,-0.00483492,118.1035,1,0.010432,101.627060,-0.00152060,69.6832,1,0.047950,381.068090
2016-12-06,-0.00175270,117.9282,1,0.015320,142.581780,0.00160054,69.8433,1,0.038076,322.296210
2016-12-07,0.01082645,119.0109,1,0.008805,82.152590,-0.00787603,69.0557,1,0.039453,321.717070
2016-12-08,0.02146590,121.1575,1,0.013680,103.118030,-0.00831151,68.2245,0,0.000000,0.000000
2016-12-09,0.00241609,121.3991,1,0.016551,83.485690,-0.00498463,67.7261,1,0.048623,343.427050
2016-12-12,0.01296179,122.6953,1,0.017891,140.911880,0.01258372,68.9844,1,0.038798,340.735880
2016-12-13,-0.00240742,122.4545,1,0.009822,101.505730,-0.00431066,68.5534,1,0.023636,201.664530
2016-12-14,0.01721290,124.1758,1,0.015100,141.725000,-0.00099923,68.4534,1,0.037853,340.470850
2016-12-15,-0.00489774,123.6860,1,0.022724,141.186810,0.01183220,69.6367,1,0.051710,319.133310
2016-12-16,0.00475324,124.1614,1,0.023436,181.441150,-0.01157132,68.4795,1,0.017642,202.441130
2016-12-19,0.00217780,124.3791,1,0.022500,159.959580,0.00168818,68.6484,1,0.043252,379.890050
2016-12-20,0.01207201,125.5863,1,0.011639,120.992180,0.00170004,68.8184,1,0.030016,261.001870
2016-12-21,-0.00093453,125.4929,1,0.011813,61.029360,-0.00891109,67.9272,1,0.038729,320.958940
2016-12-22,-0.00526295,124.9666,1,0.011065,80.753380,-0.00177447,67.7498,1,0.031887,280.422760
2016-12-23,-0.00063497,124.9031,1,0.010597,80.453410,-0.00045509,67.7043,1,0.041149,340.322280
2016-12-27,0.00246217,125.1493,1,0.008613,80.758320,0.00004023,67.7083,1,0.027397,321.152320
2016-12-28,0.00095638,125.2449,1,0.006812,60.868450,0.00137035,67.8453,1,0.039895,340.818080
2016-12-29,0.00293172,125.5381,1,0.017548,120.862390,-0.00229251,67.6161,0,0.000000,0.000000
2016-12-30,0.00206104,125.7442,1,0.013126,101.136200,-0.00285126,67.3310,1,0.042306,339.591395
2017-01-03,-0.00029509,125.7147,1,0.017269,140.236310,-0.00912363,66.4186,1,0.041063,359.907100
2017-01-04,-0.00027295,125.6874,1,0.018195,101.871860,0.00524195,66.9428,1,0.044205,341.587080
2017-01-05,-0.00074120,125.6133,1,0.014060,82.189300,0.00149037,67.0918,0,0.000000,0.000000
2017-01-06,-0.00448162,125.1651,1,0.013962,120.313600,-0.00039297,67.0525,1,0.038217,322.211303
2017-01-09,0.00724057,125.8892,1,0.013013,121.271660,0.00521447,67.5740,1,0.045553,321.655920
2017-01-10,0.01202888,127.0921,1,0.023772,160.791730,0.01092202,68.6662,1,0.045788,320.210680
2017-01-11,0.00688924,127.7810,1,0.015566,121.444480,-0.01158753,67.5074,1,0.031213,261.597870
2017-01-12,-0.00327083,127.4539,1,0.016483,141.643930,-0.00202316,67.3051,1,0.043416,360.664300
2017-01-13,0.00429831,127.8838,1,0.018529,140.683940,-0.00267429,67.0377,1,0.040649,300.412540
2017-01-17,0.00244176,128.1279,1,0.015894,120.875360,-0.01285346,65.7523,1,0.046406,340.780160
2017-01-18,0.00049574,128.1775,1,0.007046,82.358970,-0.00946170,64.8062,1,0.043720,360.233920
2017-01-19,-0.00162312,128.0152,1,0.007602,100.924180,0.00015956,64.8221,1,0.049304,381.069750
2017-01-20,-0.00343583,127.6716,1,0.020003,120.193470,0.00240301,65.0624,0,0.000000,0.000000
2017-01-23,-0.00545452,127.1262,1,0.012992,101.413240,-0.00461998,64.6004,1,0.035228,300.275504
2017-01-24,0.00856144,127.9823,1,0.011796,80.514200,-0.00174442,64.4260,1,0.035552,300.242870
2017-01-25,0.01103238,129.0855,1,0.010892,102.564340,-0.00010750,64.4152,0,0.000000,0.000000
2017-01-26,0.00290624,129.3762,1,0.006186,62.657050,-0.00863045,63.5522,1,0.036025,304.398630
2017-01-27,-0.00788262,128.5879,1,0.018912,141.022610,-0.00438504,63.1137,1,0.038734,360.005460
2017-01-30,0.00252295,128.8402,1,0.009755,101.639530,-0.00435772,62.6779,1,0.046302,340.594650
2017-01-31,0.00405201,129.2454,1,0.007629,80.864470,-0.00372093,62.3058,0,0.000000,0.000000
2017-02-01,-0.00421195,128.8242,1,0.010555,81.798770,0.00557852,62.8637,1,0.035788,319.497881
2017-02-02,0.00052042,128.8762,1,0.018788,120.465060,-0.01373728,61.4900,1,0.041078,280.671280
2017-02-03,0.00166482,129.0427,1,0.015328,100.726430,0.01350137,62.8401,1,0.042553,360.930870
2017-02-06,0.00384351,129.4271,1,0.016779,141.491490,-0.00671619,62.1685,0,0.000000,0.000000
2017-02-07,0.00456264,129.8833,1,0.015266,140.618770,0.00121931,62.2904,1,0.035099,318.944216
2017-02-08,-0.00525912,129.3574,1,0.012652,121.303710,-0.01482586,60.8078,1,0.038536,321.537950
2017-02-09,0.01006318,130.3637,1,0.020032,161.490440,-0.00202944,60.6049,1,0.045874,342.702930
2017-02-10,0.00172286,130.5360,1,0.020184,142.258570,-0.00422601,60.1823,1,0.043961,342.154230
2017-02-13,-0.00472948,130.0631,1,0.016678,140.595970,-0.00152264,60.0300,1,0.042524,340.665460
2017-02-14,-0.00280581,129.7825,1,0.015991,180.809390,-0.00516986,59.5130,1,0.041826,340.552300
2017-02-15,-0.00291007,129.4915,1,0.011857,100.775770,-0.00416737,59.0963,1,0.032117,320.765780
2017-02-16,0.01146327,130.6378,1,0.012913,121.638650,-0.00794557,58.3017,1,0.038597,361.339640
2017-02-17,-0.00330743,130.3071,1,0.007993,81.516180,0.01959059,60.2608,1,0.035651,360.488580
2017-02-21,0.00208918,130.5160,1,0.013172,121.015330,-0.01249230,59.0116,1,0.030770,242.414150
2017-02-22,-0.00287194,130.2288,1,0.012394,101.200610,0.00188522,59.2001,0,0.000000,0.000000
2017-02-23,0.00522327,130.7511,1,0.013993,120.314000,0.00778260,59.9783,1,0.032340,320.753787
2017-02-24,-0.01066800,129.6843,1,0.020500,160.561120,0.00066387,60.0447,1,0.046913,301.036880
2017-02-27,-0.00183083,129.5012,1,0.019433,142.461520,-0.00676023,59.3687,1,0.039553,281.966460
2017-02-28,-0.00923106,128.5781,1,0.019686,120.919190,-0.01191709,58.1770,1,0.049219,320.833350
2017-03-01,-0.00109634,128.4685,1,0.021304,180.470500,-0.01061693,57.1153,1,0.046933,359.838870
2017-03-02,-0.01040314,127.4282,1,0.010374,102.672550,0.01203426,58.3187,0,0.000000,0.000000
2017-03-03,0.00082129,127.5103,1,0.020661,140.336360,0.00082233,58.4010,1,0.026607,241.741053
2017-03-06,-0.00046524,127.4638,1,0.017384,120.625490,-0.00602518,57.7984,1,0.039508,320.671140
2017-03-07,0.00016690,127.4805,1,0.019070,120.859460,0.00407773,58.2062,0,0.000000,0.000000
2017-03-08,-0.00233544,127.2469,1,0.016954,120.295820,0.00150124,58.3563,1,0.034386,319.724440
2017-03-09,-0.00664007,126.5829,1,0.013737,100.802510,0.00200802,58.5571,1,0.031578,280.987310
2017-03-10,-0.00912728,125.6702,1,0.031468,200.287050,0.01640783,60.1979,1,0.033787,280.499360
2017-03-13,-0.00551908,125.1183,1,0.016838,141.878420,-0.00012153,60.1858,1,0.028673,242.497670
2017-03-14,0.00131504,125.2498,1,0.034176,220.872530,-0.00158020,60.0277,1,0.045960,340.259440
2017-03-15,0.00042627,125.2924,1,0.021033,179.985340,-0.00124306,59.9034,1,0.038796,359.648080
2017-03-16,0.00503154,125.7956,1,0.020316,182.776140,0.00306567,60.2100,0,0.000000,0.000000
2017-03-17,-0.00224354,125.5712,0,0.000000,0.000000,0.00360561,60.5706,1,0.031499,302.874449
2017-03-20,-0.00872940,124.6983,0,0.000000,0.000000,-0.00389002,60.1816,1,0.037232,281.039400
2017-03-21,0.00569166,125.2675,0,0.000000,0.000000,-0.00051093,60.1305,1,0.045923,320.288070
2017-03-22,-0.00202174,125.0653,0,0.000000,0.000000,-0.00168384,59.9621,1,0.045964,339.769330
2017-03-23,0.00329164,125.3944,0,0.000000,0.000000,-0.00294277,59.6678,1,0.040887,340.891740
2017-03-24,-0.00205534,125.1889,0,0.000000,0.000000,0.00060997,59.7288,1,0.038353,340.328550
2017-03-27,0.00259499,125.4484,0,0.000000,0.000000,0.00137423,59.8662,1,0.035007,320.414170
2017-03-28,0.00534481,125.9829,0,0.000000,0.000000,-0.01341688,58.5245,1,0.038688,320.101770
2017-03-29,0.00368120,126.3510,0,0.000000,0.000000,0.00593493,59.1180,1,0.047697,362.379740
2017-03-30,0.00665518,127.0165,0,0.000000,0.000000,-0.00460264,58.6578,1,0.041524,321.193030
2017-03-31,0.00120852,127.1374,0,0.000000,0.000000,-0.00002036,58.6557,1,0.043966,340.259540
2017-04-03,-0.00561464,126.5759,0,0.000000,0.000000,-0.00352885,58.3029,1,0.047325,340.777850
2017-04-04,-0.00082991,126.4929,0,0.000000,0.000000,0.00566505,58.8694,1,0.040775,340.410700
2017-04-05,-0.00066723,126.4262,0,0.000000,0.000000,0.00106917,58.9763,1,0.032963,241.304540
2017-04-06,-0.00554139,125.8721,0,0.000000,0.000000,-0.00121568,58.8547,1,0.040128,319.725300
2017-04-07,0.00180815,126.0529,0,0.000000,0.000000,-0.00420050,58.4347,1,0.041870,360.922320
2017-04-10,0.00156382,126.2093,0,0.000000,0.000000,-0.00656484,57.7782,1,0.037324,339.985840
2017-04-11,0.00252217,126.4615,0,0.000000,0.000000,0.00081842,57.8600,1,0.032678,300.486560
2017-04-12,-0.00316495,126.1450,0,0.000000,0.000000,-0.00718556,57.1415,1,0.030776,280.525800
2017-04-13,0.00545804,126.6908,0,0.000000,0.000000,0.00551857,57.6933,1,0.043533,359.487080
2017-04-17,0.01278573,127.9694,1,0.034197,243.092803,-0.01481284,56.2120,0,0.000000,0.000000
2017-04-18,0.00579703,128.5491,1,0.012477,83.055790,0.00630889,56.8429,0,0.000000,0.000000
2017-04-19,-0.00289850,128.2592,1,0.022930,180.999260,0.00059263,56.9022,1,0.036427,280.516698
2017-04-20,-0.00336682,127.9225,1,0.018442,160.986800,0.00126694,57.0289,1,0.034836,320.201070
2017-04-21,0.00174514,128.0970,1,0.007456,81.433540,-0.00556025,56.4729,1,0.028445,260.869870
2017-04-24,-0.00366798,127.7303,1,0.010108,80.782430,-0.00275678,56.1972,1,0.047558,340.166420
2017-04-25,-0.00593198,127.1371,0,0.000000,0.000000,0.00273537,56.4707,0,0.000000,0.000000
2017-04-26,-0.00409321,126.7277,0,0.000000,0.000000,-0.00212890,56.2578,1,0.040760,302.626791
2017-04-27,0.01982932,128.7107,0,0.000000,0.000000,0.00871432,57.1293,1,0.060838,341.045110
2017-04-28,-0.00008925,128.7017,0,0.000000,0.000000,-0.01190969,55.9383,1,0.045319,321.579770
2017-05-01,-0.00571825,128.1299,0,0.000000,0.000000,0.00316255,56.2545,1,0.042715,359.182890
2017-05-02,-0.00942459,127.1875,1,0.022219,144.445827,0.00222733,56.4773,1,0.032697,281.001870
2017-05-03,-0.00496620,126.6908,1,0.018670,140.245840,0.00090907,56.5682,1,0.035593,320.619250
2017-05-04,-0.00288578,126.4023,1,0.024298,160.425990,-0.01128684,55.4395,1,0.043134,319.733520
2017-05-05,0.00003363,126.4056,1,0.005397,62.200920,-0.01367332,54.0722,1,0.035622,361.361030
2017-05-08,-0.00424326,125.9813,1,0.017706,102.040920,0.01038498,55.1107,1,0.052842,380.999970
2017-05-09,0.00313983,126.2953,1,0.015517,100.929340,-0.00650427,54.4602,1,0.030247,260.768080
2017-05-10,0.00385572,126.6808,1,0.012988,140.204300,0.00071851,54.5321,1,0.029679,301.032860
2017-05-11,-0.00260350,126.4205,1,0.006930,61.499000,-0.00169314,54.3628,1,0.029954,300.791570
2017-05-12,-0.00062710,126.3578,1,0.020050,160.477880,0.00293498,54.6563,1,0.035822,299.873700
2017-05-15,-0.00159477,126.1983,1,0.013867,80.630740,-0.00487515,54.1688,1,0.029295,260.570140
2017-05-16,-0.00359283,125.8390,1,0.011083,101.300930,0.00096751,54.2655,0,0.000000,0.000000
2017-05-17,0.00191221,126.0302,1,0.011659,120.801300,-0.02597864,51.6676,1,0.039854,321.514597
2017-05-18,0.00140964,126.1712,1,0.018546,141.254380,0.00458846,52.1265,1,0.044864,378.088950
2017-05-19,-0.01573751,124.5975,1,0.011531,100.898830,0.01739974,53.8665,1,0.043896,341.631750
2017-05-22,0.00601575,125.1990,1,0.015415,103.495760,0.00586994,54.4535,0,0.000000,0.000000
2017-05-23,-0.01059042,124.1400,1,0.008602,102.137010,-0.00503090,53.9504,0,0.000000,0.000000
2017-05-24,0.00841513,124.9815,1,0.020207,159.931240,-0.00251810,53.6986,1,0.034540,305.142366
2017-05-25,-0.00006040,124.9755,1,0.014290,161.056960,0.00736211,54.4348,1,0.033899,300.791150
2017-05-26,-0.00544989,124.4305,1,0.025579,141.105070,-0.02344977,52.0898,1,0.042887,301.682370
2017-05-30,-0.00025263,124.4052,1,0.020263,160.458470,0.00461594,52.5514,1,0.036766,361.738730
2017-05-31,0.00616340,125.0216,1,0.016400,140.924320,0.01064417,53.6158,1,0.028633,260.515140
2017-06-01,0.00018774,125.0403,1,0.008826,81.259920,-0.00005635,53.6102,1,0.019465,201.634290
2017-06-02,-0.00075130,124.9652,1,0.016290,141.879600,0.00615547,54.2257,0,0.000000,0.000000
2017-06-05,0.00054505,125.0197,1,0.015895,161.398880,0.00118381,54.3441,1,0.033529,303.055164
2017-06-06,-0.00819300,124.2004,1,0.008750,101.521920,-0.00254156,54.0899,1,0.029466,300.279010
2017-06-07,0.00462673,124.6631,0,0.000000,0.000000,-0.01009515,53.0804,1,0.037365,320.041690
2017-06-08,-0.00592596,124.0705,0,0.000000,0.000000,-0.00767688,52.3127,1,0.039458,300.037270
2017-06-09,0.00930087,125.0006,1,0.023303,201.178455,0.00247966,52.5607,1,0.044854,380.809530
2017-06-12,0.01347464,126.3480,1,0.013986,102.457370,0.00593522,53.1542,1,0.034208,300.972180
2017-06-13,-0.00245625,126.1024,1,0.011335,101.500290,-0.00261029,52.8932,1,0.032829,281.071630
2017-06-14,0.00693549,126.7960,1,0.011061,82.082390,-0.00304314,52.5889,0,0.000000,0.000000
2017-06-15,0.00378784,127.1747,0,0.000000,0.000000,0.01364585,53.9535,1,0.038925,381.448756
2017-06-16,0.01085262,128.2600,1,0.014118,121.162013,0.01433455,55.3869,1,0.034585,261.731270
2017-06-19,-0.00686763,127.5732,1,0.013923,141.772000,-0.00005800,55.3811,1,0.030550,281.592380
2017-06-20,0.00722990,128.2962,1,0.015540,142.164620,0.00163732,55.5449,1,0.028038,281.886830
2017-06-21,-0.00107158,128.1891,1,0.022008,140.704910,0.00890064,56.4349,1,0.029226,259.854470
2017-06-22,-0.00034449,128.1546,1,0.018159,141.052690,0.00546729,56.9816,1,0.032141,320.981250
2017-06-23,-0.00530260,127.6244,1,0.016170,140.998150,0.00143163,57.1248,1,0.028337,280.353170
2017-06-26,0.00374224,127.9986,1,0.011836,141.458910,-0.01151601,55.9732,1,0.025961,281.955480
2017-06-27,-0.00176961,127.8216,1,0.017841,180.796440,0.01356429,57.3296,1,0.049191,400.180320
2017-06-28,-0.01845500,125.9761,1,0.020590,181.512260,-0.01505525,55.8241,0,0.000000,0.000000
2017-06-29,0.00389131,126.3653,1,0.007209,82.505530,-0.00889785,54.9343,1,0.051515,399.126468
2017-06-30,0.00226164,126.5914,1,0.012026,121.459380,0.00499771,55.4341,0,0.000000,0.000000
2017-07-03,-0.00274819,126.3166,1,0.010099,101.360910,-0.00206501,55.2276,1,0.029911,259.027819
2017-07-05,-0.00879808,125.4368,1,0.009208,61.484020,-0.02317749,52.9098,1,0.058759,321.017410
2017-07-06,0.00042670,125.4795,1,0.011140,122.166420,0.00896863,53.8067,1,0.038677,399.995550
2017-07-07,-0.00140448,125.3390,1,0.019988,120.253470,0.01450357,55.2571,0,0.000000,0.000000
2017-07-10,-0.00185012,125.1540,1,0.009672,121.962380,0.00374475,55.6315,1,0.018285,181.453833
2017-07-11,-0.00386198,124.7678,1,0.014968,140.386800,0.00479642,56.1112,1,0.037698,301.628840
2017-07-12,-0.00121659,124.6461,1,0.014199,120.683610,-0.00035067,56.0761,1,0.028197,260.763720
2017-07-13,-0.00507157,124.1390,1,0.014937,121.552480,-0.00326100,55.7500,0,0.000000,0.000000
2017-07-14,0.00389249,124.5282,1,0.016501,100.996140,-0.00098616,55.6514,1,0.038496,361.678141
2017-07-17,0.00821876,125.3501,1,0.018634,160.975930,0.00024234,55.6756,1,0.037086,340.745260
2017-07-18,0.00791039,126.1412,1,0.017971,141.134190,-0.00686226,54.9894,1,0.024306,261.266880
2017-07-19,-0.01066498,125.0747,1,0.014458,120.676470,-0.00682693,54.3067,1,0.032433,340.378440
2017-07-20,0.00639764,125.7144,1,0.017356,141.769400,-0.00066157,54.2406,0,0.000000,0.000000
2017-07-21,0.00773505,126.4879,1,0.013615,140.992500,-0.00208923,54.0316,1,0.035193,302.197304
2017-07-24,0.00284088,126.7720,1,0.009472,101.257940,0.00149296,54.1809,1,0.030024,320.879790
2017-07-25,-0.00662346,126.1097,1,0.017316,120.894620,-0.00712402,53.4685,1,0.040952,321.235860
2017-07-26,-0.00027367,126.0823,1,0.020587,160.679030,-0.00966583,52.5019,1,0.028303,300.838710
2017-07-27,0.00267331,126.3496,1,0.011659,101.629600,-0.01123829,51.3781,1,0.043439,360.535480
2017-07-28,-0.00278869,126.0708,1,0.009759,101.466830,-0.02097937,49.2802,1,0.039617,359.519610
2017-07-31,0.01202975,127.2737,1,0.016795,101.198490,-0.00502811,48.7774,1,0.049131,341.276600
2017-08-01,0.00741109,128.0148,1,0.011351,81.788050,0.00418527,49.1959,1,0.048463,340.432320
2017-08-02,-0.00722238,127.2926,1,0.017158,121.051260,-0.00061658,49.1342,1,0.028988,301.515770
2017-08-03,0.00712796,128.0054,1,0.017804,159.571780,0.00656345,49.7906,1,0.033045,280.324950
2017-08-04,-0.01517091,126.4883,1,0.011821,141.353760,-0.00055782,49.7348,1,0.036132,341.715510
2017-08-07,-0.00711975,125.7763,1,0.017205,161.488770,-0.00141429,49.5934,1,0.035719,321.501010
2017-08-08,0.01574586,127.3509,1,0.017494,121.505550,-0.01012559,48.5808,1,0.035709,261.290350
2017-08-09,0.00000016,127.3509,1,0.020234,141.537640,0.00217696,48.7985,1,0.037944,338.751730
2017-08-10,0.01594257,128.9452,1,0.016103,160.089430,-0.00053751,48.7448,1,0.037041,300.087660
2017-08-11,-0.00384550,128.5606,1,0.019080,181.402120,-0.00720781,48.0240,1,0.036791,319.489510
2017-08-14,-0.00301188,128.2595,1,0.019608,141.737210,-0.00327391,47.6966,1,0.036661,320.751970
2017-08-15,-0.01061217,127.1982,1,0.029577,161.831740,0.00078312,47.7749,0,0.000000,0.000000
2017-08-16,-0.00192410,127.0058,1,0.014400,161.406160,0.00087535,47.8624,1,0.036355,322.257717
2017-08-17,0.00887309,127.8931,1,0.023341,160.140690,0.00061424,47.9239,1,0.038956,320.794110
2017-08-18,-0.00178103,127.7150,1,0.015453,180.538350,-0.00012845,47.9110,0,0.000000,0.000000
2017-08-21,0.00758480,128.4735,1,0.014420,140.226950,-0.00411592,47.4994,1,0.038402,337.607637
2017-08-22,-0.00163995,128.3095,1,0.028315,180.805100,-0.00439508,47.0599,1,0.038308,340.689650
2017-08-23,0.00198037,128.5076,1,0.026893,181.610000,-0.00114694,46.9452,1,0.044724,381.597300
2017-08-24,-0.00384395,128.1232,1,0.019325,200.156350,0.01874414,48.8196,1,0.032456,340.230090
2017-08-25,-0.00198988,127.9242,0,0.000000,0.000000,0.00126520,48.9462,1,0.027210,261.909090
2017-08-28,-0.00430522,127.4937,1,0.017402,182.739157,-0.00168650,48.7775,1,0.028320,261.609730
2017-08-29,-0.00431177,127.0625,1,0.014147,121.006160,-0.00081016,48.6965,1,0.030226,260.652510
2017-08-30,-0.00945423,126.1171,1,0.026353,220.283570,0.01345242,50.0417,1,0.031748,299.478650
2017-08-31,-0.00764164,125.3529,1,0.023044,161.221590,0.00922623,50.9644,1,0.036217,302.296330
2017-09-01,-0.00824782,124.5281,1,0.018562,140.752360,-0.00705447,50.2589,1,0.039427,321.554180
2017-09-05,0.00290159,124.8183,1,0.024561,221.519380,-0.00930893,49.3280,1,0.035573,320.863800
2017-09-06,-0.00830450,123.9878,1,0.014300,180.772340,0.00309489,49.6375,1,0.038131,359.981900
2017-09-07,-0.00624990,123.3628,1,0.013860,140.733630,-0.00082023,49.5555,1,0.030423,301.379160
2017-09-08,0.01855257,125.2181,1,0.023773,181.836470,-0.00262271,49.2932,1,0.031331,301.890380
2017-09-11,0.00199954,125.4180,1,0.023606,182.356050,-0.00220954,49.0723,1,0.036324,301.588160
2017-09-12,-0.00933179,124.4849,1,0.016149,181.507140,-0.00520415,48.5518,0,0.000000,0.000000
2017-09-13,-0.01102409,123.3825,1,0.011839,140.853030,0.00792103,49.3439,1,0.041787,342.284466
2017-09-14,0.00448045,123.8305,1,0.015665,161.310090,-0.00786795,48.5571,1,0.034095,300.801730
2017-09-15,-0.00110006,123.7205,1,0.014326,201.035350,-0.00478873,48.0783,1,0.031593,359.673820
2017-09-18,-0.00138847,123.5816,1,0.016087,181.103480,-0.00652273,47.4260,1,0.030343,301.295140
2017-09-19,0.00134369,123.7160,1,0.025671,220.818340,0.00100092,47.5261,1,0.041898,380.416970
2017-09-20,-0.00576595,123.1394,1,0.015635,200.623740,0.01350521,48.8766,1,0.039299,300.022370
2017-09-21,0.00391691,123.5311,1,0.015609,180.586200,0.00607636,49.4842,1,0.026244,241.914160
2017-09-22,-0.00912965,122.6181,1,0.018745,160.301740,-0.00074416,49.4098,1,0.027206,260.241480
2017-09-25,0.00531436,123.1496,1,0.009554,121.010020,-0.00841891,48.5679,1,0.026571,260.682830
2017-09-26,-0.00557054,122.5925,1,0.024904,261.662250,0.00253347,48.8213,1,0.030343,321.563080
2017-09-27,-0.01355663,121.2369,1,0.021203,181.279430,0.01067225,49.8885,1,0.038845,320.790590
2017-09-28,0.00439222,121.6761,1,0.016698,161.588980,-0.00215213,49.6733,1,0.029433,281.716550
2017-09-29,-0.00110482,121.5656,1,0.020552,180.850140,-0.00337226,49.3361,1,0.030596,341.018940
2017-10-02,0.00750411,122.3160,1,0.010049,142.157450,-0.00591531,48.7445,1,0.023591,283.068310
2017-10-03,0.00979420,123.2954,1,0.029700,241.007720,-0.00328574,48.4160,1,0.037334,360.872800
2017-10-04,0.00302122,123.5976,1,0.020208,200.547640,-0.00555899,47.8601,1,0.032679,280.415580
2017-10-05,0.00109321,123.7069,1,0.017309,201.197750,0.00330371,48.1904,0,0.000000,0.000000
2017-10-06,-0.00170891,123.5360,1,0.024811,200.962150,-0.00037352,48.1531,1,0.039872,301.906966
2017-10-09,0.00224033,123.7600,1,0.021917,240.773880,0.00137661,48.2908,1,0.033729,340.068260
2017-10-10,0.01133636,124.8937,1,0.012344,120.702650,-0.00864117,47.4266,1,0.035847,300.152890
2017-10-11,0.00745840,125.6395,1,0.025970,261.289900,-0.00232191,47.1944,1,0.036321,340.410110
2017-10-12,0.00847211,126.4867,1,0.015809,181.207850,0.00770584,47.9650,1,0.035106,340.781890
2017-10-13,0.00484853,126.9716,1,0.022727,221.308680,-0.00690009,47.2750,1,0.027889,301.576830
2017-10-16,0.00333762,127.3053,1,0.026138,240.962620,-0.00397688,46.8773,1,0.035708,340.301440
2017-10-17,-0.00288368,127.0170,1,0.021048,201.879020,-0.00506747,46.3706,1,0.035657,320.269740
2017-10-18,-0.00339788,126.6772,1,0.016368,140.686720,0.00339735,46.7103,1,0.041865,360.075490
2017-10-19,-0.00489078,126.1881,1,0.019148,160.575400,0.00709093,47.4194,1,0.033277,260.666660
2017-10-20,-0.01487849,124.7002,1,0.022749,161.598430,0.00339736,47.7591,1,0.039214,281.051370
2017-10-23,-0.00153670,124.5466,1,0.023360,181.482600,0.00111551,47.8707,1,0.037229,281.606270
2017-10-24,-0.01072927,123.4736,1,0.012617,100.844150,-0.00112602,47.7581,1,0.036152,320.305900
2017-10-25,0.00397964,123.8716,1,0.010066,121.318590,0.00466099,48.2242,1,0.040821,320.553970
2017-10-26,-0.00658373,123.2132,1,0.013303,180.840110,0.00477680,48.7019,1,0.039140,320.309200
2017-10-27,-0.00540539,122.6727,1,0.017879,141.653330,0.00103244,48.8051,1,0.042246,281.582240
2017-10-30,0.00520097,123.1928,1,0.021413,202.388980,0.00361671,49.1668,1,0.038389,301.789330
2017-10-31,-0.00038953,123.1538,1,0.024603,141.421950,-0.00316050,48.8507,1,0.036330,299.229100
2017-11-01,-0.00105618,123.0482,1,0.016938,162.610650,0.00583819,49.4346,1,0.034301,302.709720
2017-11-02,-0.00098972,122.9492,1,0.017502,162.210960,-0.01133797,48.3008,1,0.034997,341.260480
2017-11-03,0.00206898,123.1561,1,0.014742,181.881590,0.00454375,48.7551,1,0.031975,339.312460
2017-11-06,-0.00971091,122.1851,1,0.017681,181.338080,0.02546548,51.3017,1,0.032572,261.515210
2017-11-07,0.00498454,122.6835,1,0.028226,181.363450,-0.01602185,49.6995,1,0.020445,162.730780
2017-11-08,0.00127275,122.8108,1,0.015235,181.283600,0.00387357,50.0869,1,0.045033,380.923820
2017-11-09,-0.00138933,122.6718,1,0.016703,121.785790,-0.00351720,49.7351,1,0.023590,241.734250
2017-11-10,-0.00233125,122.4387,1,0.013225,120.996810,-0.00233594,49.5015,1,0.037514,339.611150
2017-11-13,-0.00050781,122.3879,1,0.013271,141.275040,0.00160078,49.6616,1,0.036122,341.225640
2017-11-14,-0.00430890,121.9571,1,0.022630,180.870490,0.00407264,50.0689,1,0.031566,281.935560
2017-11-15,-0.00155911,121.8011,1,0.014741,141.804940,0.00214168,50.2831,1,0.024572,261.345990
2017-11-16,-0.00373223,121.4279,1,0.012723,121.666330,-0.01477385,48.8057,1,0.029875,299.546980
2017-11-17,0.01190985,122.6189,1,0.024525,182.835080,-0.00755951,48.0497,1,0.049101,342.175950
2017-11-20,0.00251367,122.8703,1,0.020613,162.703950,0.00873481,48.9232,1,0.034509,300.050830
2017-11-21,0.00822485,123.6928,1,0.013845,160.384260,0.00442917,49.3661,1,0.035703,281.127130
2017-11-22,-0.00716434,122.9763,1,0.017554,162.185650,-0.00644148,48.7220,1,0.028808,300.945900
2017-11-24,0.00338196,123.3145,1,0.014594,140.963400,-0.00179609,48.5424,1,0.035129,300.566600
2017-11-27,0.00155860,123.4704,1,0.030100,200.882950,-0.00243237,48.2991,1,0.047667,320.427600
2017-11-28,0.00304333,123.7747,1,0.015807,180.311540,0.00777922,49.0770,1,0.030188,321.002150
2017-11-29,-0.01496351,122.2784,1,0.016541,162.016820,0.03910424,52.9875,1,0.028686,241.902590
2017-11-30,0.00073145,122.3515,1,0.016345,163.043030,0.00072898,53.0604,1,0.021862,264.100870
2017-12-01,0.00427720,122.7792,1,0.017440,182.158110,0.01055527,54.1159,0,0.000000,0.000000
2017-12-04,-0.02786220,119.9930,1,0.014330,141.007580,0.02947218,57.0631,1,0.025882,242.398187
2017-12-05,-0.00527795,119.4652,1,0.012185,163.217030,-0.01207604,55.8555,1,0.026574,263.274060
2017-12-06,0.00253468,119.7187,1,0.012512,159.440250,0.00470609,56.3261,1,0.037491,378.537670
2017-12-07,0.00018796,119.7375,1,0.024364,180.861440,-0.00115251,56.2109,1,0.027851,261.584060
2017-12-08,0.00173078,119.9106,1,0.020542,161.909680,-0.00311291,55.8996,1,0.039411,361.524280
2017-12-11,-0.00699704,119.2108,1,0.009214,121.642220,0.00498712,56.3983,0,0.000000,0.000000
2017-12-12,0.00292310,119.5032,1,0.018630,141.502250,-0.01428293,54.9700,1,0.036433,301.100611
2017-12-13,0.00973632,120.4768,1,0.019578,161.511020,-0.01795174,53.1748,1,0.036604,358.545620
2017-12-14,0.00283567,120.7604,1,0.022463,220.906730,0.00542990,53.7178,1,0.041100,400.384950
2017-12-15,0.00174695,120.9351,1,0.027525,219.727770,-0.00604693,53.1131,1,0.035503,339.404130
2017-12-18,-0.00108576,120.8265,1,0.024036,221.899480,-0.01788392,51.3247,0,0.000000,0.000000
2017-12-19,-0.01657889,119.1686,1,0.019339,201.567800,0.01337110,52.6618,1,0.037470,383.908519
2017-12-20,-0.00753886,118.4147,1,0.011386,122.886890,0.01606992,54.2688,1,0.023128,221.413400
2017-12-21,-0.01114570,117.3001,1,0.019830,160.991500,0.01024884,55.2937,1,0.017026,201.215480
2017-12-22,0.00448829,117.7490,1,0.018631,141.685520,-0.00627033,54.6667,1,0.028043,261.676470
2017-12-26,0.00453240,118.2022,1,0.015570,181.427120,-0.00322715,54.3440,1,0.032115,341.241810
2017-12-27,0.00334421,118.5366,1,0.022089,200.428810,-0.00272569,54.0714,1,0.036429,340.207760
2017-12-28,-0.00032018,118.5046,1,0.018588,200.641550,-0.00226051,53.8453,1,0.028421,300.349760
2017-12-29,-0.00467427,118.0372,1,0.018087,180.450590,0.00403713,54.2491,1,0.034417,320.330870
2018-01-02,0.01612819,119.6500,1,0.011501,100.605080,-0.01411444,52.8376,0,0.000000,0.000000
2018-01-03,-0.00826701,118.8233,1,0.016321,182.063800,0.01255122,54.0927,1,0.039418,340.926348
2018-01-04,0.00100121,118.9234,1,0.013389,122.016380,0.01036664,55.1294,1,0.027596,281.101680
2018-01-05,0.00117882,119.0413,1,0.023118,201.664690,-0.00905119,54.2243,1,0.027789,301.291420
2018-01-08,0.00144338,119.1856,1,0.013922,100.918800,0.01418028,55.6423,1,0.040212,360.622190
2018-01-09,-0.00036947,119.1487,1,0.014077,161.538280,-0.00106245,55.5361,0,0.000000,0.000000
2018-01-10,-0.00251657,118.8970,1,0.016497,161.266870,0.00234210,55.7703,1,0.029980,262.510731
2018-01-11,-0.00266432,118.6306,1,0.024742,220.333980,0.00722428,56.4927,1,0.026832,299.472390
2018-01-12,-0.00690657,117.9399,1,0.017887,181.659470,0.00897699,57.3904,1,0.032361,301.620900
2018-01-16,0.00919905,118.8598,1,0.009015,81.248450,-0.00488873,56.9015,1,0.027233,261.322940
2018-01-17,-0.00606166,118.2537,1,0.016846,141.938220,0.00634691,57.5362,1,0.036459,339.936820
2018-01-18,-0.01020647,117.2330,1,0.025977,202.266800,-0.00611619,56.9246,0,0.000000,0.000000
2018-01-19,0.00173246,117.4063,1,0.017854,140.148930,0.00252698,57.1773,1,0.043782,342.587183
2018-01-22,-0.02066842,115.3394,1,0.020642,201.789200,0.01145481,58.3228,1,0.029329,302.412660
2018-01-23,0.01185792,116.5252,1,0.014808,123.719900,-0.01414741,56.9080,1,0.027981,241.963110
2018-01-24,0.00161567,116.6868,1,0.017993,122.770260,0.00280136,57.1882,1,0.039124,322.584500
2018-01-25,-0.00225183,116.4616,1,0.021133,161.617760,0.00029027,57.2172,1,0.034603,320.317440
2018-01-26,0.00329754,116.7914,1,0.015936,121.341910,-0.00944133,56.2731,1,0.036853,321.148370
2018-01-29,-0.00073088,116.7183,1,0.019338,182.261850,0.02053095,58.3262,1,0.031005,361.916680
2018-01-30,0.00882913,117.6012,1,0.009747,121.464110,-0.02144697,56.1815,0,0.000000,0.000000
2018-01-31,0.00206691,117.8079,1,0.009959,101.525560,0.00927832,57.1093,1,0.063178,375.746164
2018-02-01,0.00122144,117.9300,1,0.023466,102.494950,-0.02180128,54.9292,1,0.039588,261.272830
2018-02-02,-0.01201876,116.7282,1,0.024396,141.246770,-0.00424983,54.5042,1,0.051753,378.464460
2018-02-05,0.00939490,117.6676,1,0.020580,161.003040,0.00471607,54.9758,0,0.000000,0.000000
2018-02-06,0.01335120,119.0028,1,0.021680,141.073250,0.00236826,55.2126,0,0.000000,0.000000
2018-02-07,0.00091261,119.0940,1,0.024749,202.131000,-0.02548614,52.6640,1,0.036174,335.858290
2018-02-08,0.01527555,120.6216,1,0.010835,122.342410,-0.00002972,52.6610,1,0.040992,359.751880
2018-02-09,0.00816976,121.4386,1,0.022974,142.027150,0.00267999,52.9290,0,0.000000,0.000000
2018-02-12,0.01273296,122.7119,1,0.017654,183.367830,-0.00864100,52.0649,0,0.000000,0.000000
2018-02-13,0.00333537,123.0454,1,0.024693,202.765350,0.01305408,53.3703,0,0.000000,0.000000
2018-02-14,0.00091206,123.1366,1,0.016264,161.366450,-0.01214692,52.1556,1,0.018782,203.098963
2018-02-15,0.00465676,123.6023,1,0.023674,163.600310,-0.00041336,52.1143,1,0.044366,362.322910
2018-02-16,0.00186070,123.7883,1,0.018320,182.582850,-0.00801004,51.3133,1,0.045224,343.273790
2018-02-20,-0.00707439,123.0809,1,0.022859,180.967110,-0.00780433,50.5329,1,0.045763,380.422440
2018-02-21,-0.00925577,122.1553,1,0.020207,141.310360,-0.00111278,50.4216,1,0.040158,340.153570
2018-02-22,0.01426155,123.5815,1,0.018945,121.402510,-0.00205829,50.2158,1,0.034139,319.198380
2018-02-23,-0.01274884,122.3066,1,0.029184,221.126080,-0.00038049,50.1777,1,0.040279,341.809770
2018-02-26,0.01159195,123.4658,1,0.019515,143.257640,-0.00211787,49.9659,0,0.000000,0.000000
2018-02-27,-0.00516968,122.9488,1,0.021178,202.188410,0.00909280,50.8752,1,0.034210,324.017563
2018-02-28,0.01071859,124.0207,1,0.019671,161.811290,0.00649383,51.5246,0,0.000000,0.000000
2018-03-01,0.00705054,124.7257,1,0.013686,141.898990,0.00003547,51.5281,0,0.000000,0.000000
2018-03-02,0.00424913,125.1506,1,0.025857,179.589800,-0.00905711,50.6224,1,0.056001,337.292732
2018-03-05,0.00226523,125.3772,1,0.018487,182.373650,-0.00789333,49.8331,1,0.040693,341.417110
2018-03-06,-0.00231121,125.1461,1,0.028701,222.310850,0.00749020,50.5821,0,0.000000,0.000000
2018-03-07,-0.00758321,124.3877,1,0.012161,121.670320,0.00569471,51.1516,1,0.024389,244.517856
2018-03-08,-0.00087166,124.3006,1,0.011166,122.159220,0.01618708,52.7703,1,0.027332,280.160260
2018-03-09,0.00369454,124.6700,1,0.015956,121.998240,-0.00944109,51.8262,1,0.029329,282.744620
2018-03-12,-0.00452929,124.2171,1,0.022579,202.775090,0.01434798,53.2610,0,0.000000,0.000000
2018-03-13,0.01109921,125.3270,1,0.012389,120.969990,-0.00372846,52.8881,1,0.029046,263.471494
2018-03-14,0.00637002,125.9640,1,0.011668,101.793330,0.00531355,53.4195,1,0.037415,319.936980
2018-03-15,0.00581213,126.5452,1,0.017367,120.932490,0.00923478,54.3430,1,0.034342,320.410890
2018-03-16,0.00121612,126.6668,1,0.020698,140.145520,-0.00175532,54.1674,1,0.031942,301.187600
2018-03-19,0.00935523,127.6024,1,0.013877,101.049270,-0.00191597,53.9758,0,0.000000,0.000000
2018-03-20,0.00012126,127.6145,0,0.000000,0.000000,0.00528742,54.5046,0,0.000000,0.000000
2018-03-21,-0.00396423,127.2181,1,0.024963,160.146757,0.00794587,55.2992,1,0.028103,279.920948
2018-03-22,0.00143734,127.3618,1,0.020016,141.744520,-0.00481571,54.8176,1,0.025921,281.604810
2018-03-23,-0.00354489,127.0073,1,0.014019,121.783490,-0.00463174,54.3544,0,0.000000,0.000000
2018-03-26,0.00943457,127.9508,1,0.010413,139.834490,0.00516831,54.8713,0,0.000000,0.000000
2018-03-27,0.01077480,129.0282,1,0.023550,183.709570,-0.00977519,53.8937,0,0.000000,0.000000
2018-03-28,0.00640011,129.6683,1,0.015749,142.563170,0.02493689,56.3874,1,0.040401,355.991681
2018-03-29,-0.00389894,129.2784,1,0.012154,81.800420,-0.00464852,55.9226,1,0.025852,222.057730
2018-04-02,-0.01075178,128.2032,1,0.024568,162.810100,0.01861544,57.7841,0,0.000000,0.000000
2018-04-03,0.00619370,128.8226,1,0.014160,121.134410,-0.00547696,57.2364,0,0.000000,0.000000
2018-04-04,-0.01137440,127.6851,1,0.022270,162.146670,-0.01168523,56.0679,0,0.000000,0.000000
2018-04-05,-0.00479434,127.2057,1,0.010944,102.789630,-0.00953181,55.1147,0,0.000000,0.000000
2018-04-06,-0.00828108,126.3776,1,0.007778,61.074930,0.00991297,56.1060,1,0.043253,345.152951
2018-04-09,0.00198365,126.5759,1,0.012855,121.281390,-0.00582066,55.5239,0,0.000000,0.000000
2018-04-10,0.00335517,126.9115,1,0.015283,120.566020,0.01019304,56.5433,1,0.036276,335.181638
2018-04-11,-0.00390062,126.5214,1,0.012602,82.866760,-0.00733566,55.8097,1,0.028726,263.019960
2018-04-12,-0.00127961,126.3934,1,0.012861,120.165900,-0.01365382,54.4443,1,0.038082,339.596060
2018-04-13,0.00701482,127.0949,1,0.018198,121.652960,-0.00732910,53.7114,1,0.053690,361.784340
2018-04-16,0.00468599,127.5635,1,0.012831,81.936800,0.00015294,53.7267,1,0.048226,360.604260
2018-04-17,0.00200899,127.7644,1,0.015441,122.551390,-0.00084306,53.6424,0,0.000000,0.000000
2018-04-18,-0.00938162,126.8263,1,0.015052,141.758520,0.00262676,53.9051,0,0.000000,0.000000
2018-04-19,0.00997663,127.8239,1,0.009557,81.795550,-0.00215078,53.6900,1,0.029118,304.989519
2018-04-20,-0.00055699,127.7682,1,0.003949,62.554340,0.00554834,54.2448,0,0.000000,0.000000
2018-04-23,-0.00381061,127.3872,1,0.011571,120.655970,-0.00237595,54.0072,0,0.000000,0.000000
2018-04-24,-0.00689687,126.6975,1,0.018517,140.586870,0.01131609,55.1388,1,0.041371,336.791765
2018-04-25,-0.00164673,126.5328,1,0.016553,121.241270,-0.00116377,55.0225,1,0.027067,201.442800
2018-04-26,-0.00567707,125.9651,1,0.016317,121.501200,0.00331635,55.3541,1,0.042565,301.117450
2018-04-27,-0.00066820,125.8983,1,0.014450,141.342010,0.00107054,55.4611,1,0.033506,321.482140
2018-04-30,-0.00057025,125.8412,1,0.009095,101.404750,0.00430002,55.8911,1,0.034508,301.062680
2018-05-01,0.00314025,126.1553,1,0.013545,101.390630,0.00665007,56.5561,1,0.039833,320.052350
2018-05-02,-0.00431866,125.7234,1,0.007976,62.048910,-0.00389308,56.1668,1,0.037888,321.171980
2018-05-03,0.01276541,126.9999,1,0.011059,101.381990,0.00181565,56.3484,1,0.032905,359.905260
2018-05-04,-0.00111059,126.8889,1,0.012469,102.425980,-0.00488879,55.8595,1,0.028069,281.236470
2018-05-07,0.00023226,126.9121,1,0.014504,122.511910,0.00874106,56.7336,0,0.000000,0.000000
2018-05-08,-0.00690942,126.2212,1,0.008702,81.053950,0.01274807,58.0084,1,0.024123,282.948244
2018-05-09,-0.00946626,125.2745,1,0.014386,81.236380,0.01003642,59.0121,1,0.031188,241.831410
2018-05-10,0.00148284,125.4228,1,0.013446,122.184280,-0.00217982,58.7941,1,0.031442,242.021530
2018-05-11,0.00106480,125.5293,1,0.021230,141.540750,-0.00569341,58.2248,0,0.000000,0.000000
2018-05-14,-0.00736321,124.7930,1,0.007621,101.156490,0.01250329,59.4751,1,0.036771,342.255262
2018-05-15,-0.01114413,123.6786,1,0.009313,141.014320,0.00522820,59.9979,1,0.022120,260.908440
2018-05-16,-0.00113853,123.5647,1,0.018323,120.499360,0.00913132,60.9110,1,0.029858,280.607140
2018-05-17,-0.01015268,122.5494,1,0.015778,121.258390,0.01078344,61.9894,1,0.027836,241.110330
2018-05-18,-0.01606239,120.9432,1,0.011429,101.359290,0.00169715,62.1591,1,0.026485,240.674140
2018-05-21,0.00189971,121.1332,1,0.015909,159.740470,0.00799863,62.9590,1,0.037437,300.540740
2018-05-22,-0.00023740,121.1094,1,0.011490,122.256000,-0.00870438,62.0885,1,0.032858,301.660120
2018-05-23,-0.00445534,120.6639,1,0.009424,100.593070,-0.00181245,61.9073,1,0.041085,339.089440
2018-05-24,-0.00311577,120.3523,1,0.017927,121.523430,0.01195972,63.1033,1,0.044408,301.126400
2018-05-25,0.00463725,120.8161,1,0.010055,101.184890,0.00880118,63.9834,1,0.029202,261.494960
2018-05-29,0.00102461,120.9185,1,0.015179,141.241160,0.01901351,65.8847,1,0.037169,281.663620
2018-05-30,-0.00251095,120.6674,1,0.010485,100.779160,-0.00580720,65.3040,1,0.025860,241.085300
2018-05-31,-0.00912125,119.7553,1,0.012535,102.168830,-0.00715126,64.5889,0,0.000000,0.000000
2018-06-01,-0.01109021,118.6463,1,0.012321,120.140890,0.00322183,64.9111,1,0.041237,381.080152
2018-06-04,0.00126452,118.7727,1,0.012178,102.745840,0.00907854,65.8189,1,0.042416,341.187480
2018-06-05,-0.01257819,117.5149,1,0.016049,140.726530,0.01089683,66.9086,1,0.025017,262.703190
2018-06-06,-0.01606222,115.9087,1,0.014752,101.273770,0.01133943,68.0425,1,0.025677,221.234500
2018-06-07,0.00628144,116.5368,1,0.012366,101.823750,-0.01606236,66.4363,1,0.037516,282.639500
2018-06-08,-0.00855605,115.6812,1,0.024325,180.536850,-0.00262195,66.1741,1,0.048155,400.105560
2018-06-11,-0.00318614,115.3626,0,0.000000,0.000000,0.01116302,67.2904,0,0.000000,0.000000
2018-06-12,-0.00123478,115.2391,0,0.000000,0.000000,-0.01555390,65.7350,1,0.030570,263.675070
2018-06-13,-0.00112790,115.1263,0,0.000000,0.000000,0.00258931,65.9939,1,0.037459,360.989860
2018-06-14,0.00415175,115.5415,0,0.000000,0.000000,-0.00278080,65.7159,1,0.025920,280.079710
2018-06-15,0.00516536,116.0581,0,0.000000,0.000000,-0.00259977,65.4559,1,0.037977,360.475040
2018-06-18,0.00062699,116.1208,0,0.000000,0.000000,-0.00993432,64.4625,1,0.034712,340.947880
2018-06-19,0.00979008,117.0998,0,0.000000,0.000000,-0.00022845,64.4396,1,0.036815,360.734200
2018-06-20,0.00148285,117.2480,0,0.000000,0.000000,0.00597740,65.0374,1,0.030290,320.416490
2018-06-21,0.00368656,117.6167,0,0.000000,0.000000,-0.01559571,63.4778,1,0.029501,301.400210
2018-06-22,0.00762766,118.3795,0,0.000000,0.000000,0.01164076,64.6419,1,0.030424,321.112370
2018-06-25,0.03555384,121.9349,0,0.000000,0.000000,0.02077244,66.7191,1,0.023656,222.490560
2018-06-26,-0.00180979,121.7539,0,0.000000,0.000000,-0.00127577,66.5915,1,0.028337,240.584580
2018-06-27,0.01289429,123.0433,0,0.000000,0.000000,0.00902539,67.4941,1,0.040951,361.895540
2018-06-28,0.00201717,123.2450,0,0.000000,0.000000,-0.00466615,67.0275,1,0.031905,299.464470
2018-06-29,0.00293656,123.5387,0,0.000000,0.000000,0.00080324,67.1078,0,0.000000,0.000000
2018-07-02,0.00522142,124.0608,0,0.000000,0.000000,-0.00615840,66.4919,1,0.055830,321.777064
2018-07-03,-0.00030837,124.0300,0,0.000000,0.000000,-0.00820024,65.6719,1,0.027174,240.459790
2018-07-05,0.00084000,124.1140,1,0.056160,345.439547,-0.00542514,65.1294,1,0.048204,340.527150
2018-07-06,-0.00233381,123.8806,0,0.000000,0.000000,0.00234463,65.3639,0,0.000000,0.000000
2018-07-09,0.02406735,126.2873,1,0.014315,183.526451,-0.01144485,64.2194,0,0.000000,0.000000
2018-07-10,-0.00115224,126.1721,1,0.017914,142.174330,-0.00455194,63.7642,1,0.044824,345.303545
2018-07-11,-0.01540542,124.6316,1,0.016942,141.317230,-0.00848647,62.9155,1,0.041627,361.086710
2018-07-12,0.00496977,125.1285,1,0.012273,101.565480,-0.00413136,62.5024,1,0.038136,378.627680
2018-07-13,0.00117558,125.2461,1,0.008052,61.471050,-0.00493983,62.0084,1,0.040773,320.978740
2018-07-16,0.00737930,125.9840,1,0.012880,100.827530,-0.00980867,61.0275,1,0.037627,360.288610
2018-07-17,0.00958354,126.9424,1,0.013926,100.542570,0.00158389,61.1859,1,0.042191,339.108140
2018-07-18,0.00197014,127.1394,1,0.012356,141.048460,-0.00251784,60.9342,1,0.026664,321.797140
2018-07-19,0.00180105,127.3195,1,0.010935,120.853270,-0.02076835,58.8573,1,0.030415,319.854220
2018-07-20,0.00796567,128.1161,1,0.014253,101.583020,-0.01223773,57.6335,1,0.051743,379.976280
2018-07-23,-0.00279190,127.8369,1,0.015380,160.648160,0.00319393,57.9529,1,0.040287,379.649470
2018-07-24,0.00059913,127.8968,1,0.012467,140.439130,0.00396420,58.3494,1,0.023250,240.313820
2018-07-25,0.00100113,127.9969,1,0.024217,180.607640,-0.00410632,57.9387,1,0.033532,300.338730
2018-07-26,0.01830630,129.8275,1,0.016230,121.895690,-0.02732747,55.2060,1,0.044277,322.548060
2018-07-27,-0.01079323,128.7482,1,0.022753,202.919560,0.01509812,56.7158,1,0.040898,382.845190
2018-07-30,0.00662225,129.4104,1,0.013255,120.854110,0.01451682,58.1675,1,0.022198,240.201550
2018-07-31,-0.00214304,129.1961,1,0.010284,121.387360,-0.00512470,57.6550,1,0.023480,241.195240
2018-08-01,-0.00292321,128.9038,1,0.018381,201.666060,-0.00082668,57.5723,1,0.036108,360.729270
2018-08-02,0.00994578,129.8984,1,0.026942,161.196160,0.00681133,58.2535,1,0.046337,299.928980
2018-08-03,-0.00448965,129.4494,1,0.022635,123.619680,-0.00169295,58.0842,1,0.028585,302.359170
2018-08-06,0.00634207,130.0836,1,0.019173,140.669230,-0.00526530,57.5576,1,0.035310,341.374250
2018-08-07,0.00489684,130.5733,1,0.019306,201.466840,0.00428061,57.9857,1,0.025109,321.026580
2018-08-08,0.00740579,131.3139,1,0.024651,181.277630,0.00357558,58.3433,1,0.034812,301.258990
2018-08-09,-0.00556700,130.7572,1,0.025680,181.671990,0.00692624,59.0359,1,0.024226,260.855030
2018-08-10,0.00045394,130.8026,1,0.023636,181.056560,-0.00391404,58.6445,1,0.030144,240.707170
2018-08-13,-0.00617754,130.1848,1,0.015604,141.475590,-0.00164854,58.4796,1,0.027754,340.200140
2018-08-14,0.00180533,130.3654,1,0.014537,140.654510,-0.00254302,58.2253,1,0.038072,340.058740
2018-08-15,-0.01008440,129.3569,1,0.021630,161.664390,-0.00995732,57.2296,1,0.038832,341.563350
2018-08-16,-0.00029071,129.3279,1,0.020271,181.634510,0.00451573,57.6812,1,0.026387,319.613740
2018-08-17,0.00252206,129.5801,1,0.014224,121.227120,0.00488908,58.1701,0,0.000000,0.000000
2018-08-20,-0.00184550,129.3955,1,0.019150,141.656010,-0.00205662,57.9644,0,0.000000,0.000000
2018-08-21,0.00464028,129.8595,1,0.019162,141.021760,-0.00522144,57.4423,1,0.026654,323.825758
2018-08-22,-0.00248896,129.6106,1,0.019926,220.466990,0.00731550,58.1738,1,0.022700,299.422050
2018-08-23,0.01590545,131.2012,1,0.014465,160.340730,0.02570346,60.7442,1,0.020754,220.954730
2018-08-24,0.00446194,131.6474,1,0.025226,162.422890,-0.01145350,59.5988,1,0.026150,222.184960
2018-08-27,0.01075763,132.7232,1,0.021977,180.895500,0.00873443,60.4723,1,0.037937,320.518680
2018-08-28,-0.00506169,132.2170,1,0.025439,200.851560,0.00015957,60.4882,1,0.029073,301.347020
2018-08-29,0.00038043,132.2550,1,0.016947,200.933810,-0.00663080,59.8251,1,0.035450,340.363650
2018-08-30,-0.00338248,131.9168,1,0.017138,161.281190,0.00562447,60.3876,1,0.036213,360.815170
2018-08-31,0.00547862,132.4646,1,0.014228,141.075650,0.00019314,60.4069,1,0.028306,240.611060
2018-09-04,-0.00708415,131.7562,1,0.017025,160.733530,0.00232829,60.6397,1,0.032361,300.629820
2018-09-05,-0.00435277,131.3209,1,0.011187,121.002570,0.00014722,60.6544,1,0.025678,280.876090
2018-09-06,-0.01288241,130.0327,1,0.007771,102.766130,0.01175990,61.8304,1,0.045260,361.010500
2018-09-07,-0.00904156,129.1286,1,0.022486,181.852650,0.01323035,63.1535,1,0.041405,301.069730
2018-09-10,-0.00065768,129.0628,1,0.020398,160.834530,0.00420619,63.5741,1,0.029191,241.189720
2018-09-11,-0.00163388,128.8994,1,0.021868,201.218010,0.00201337,63.7754,1,0.030033,281.540030
2018-09-12,0.01356943,130.2563,1,0.021197,161.590540,-0.00332487,63.4429,1,0.030997,281.233510
2018-09-13,-0.00539182,129.7172,1,0.019802,160.746740,-0.00913257,62.5297,1,0.039537,321.317590
2018-09-14,0.00351606,130.0688,1,0.017154,141.445240,0.00092661,62.6223,1,0.046949,360.665760
2018-09-17,0.00839780,130.9085,1,0.018540,140.947400,-0.01321570,61.3008,1,0.028010,281.512830
2018-09-18,-0.00024384,130.8842,1,0.015174,141.117920,-0.00407718,60.8931,1,0.031008,359.557340
2018-09-19,0.00063546,130.9477,1,0.017994,180.683550,0.00346405,61.2395,1,0.030935,321.143830
2018-09-20,-0.00155608,130.7921,1,0.018438,140.771780,0.00093737,61.3332,1,0.030513,299.800500
2018-09-21,-0.00237035,130.5551,1,0.014255,121.929910,-0.00433910,60.8993,0,0.000000,0.000000
2018-09-24,-0.00657758,129.8973,1,0.010268,81.517800,-0.00039463,60.8598,1,0.036093,341.931523
2018-09-25,-0.00059650,129.8377,1,0.011330,100.796150,0.01097505,61.9573,1,0.029135,339.564710
2018-09-26,0.00363430,130.2011,1,0.011070,101.410100,-0.00193630,61.7637,1,0.025310,260.945000
2018-09-27,-0.00167736,130.0333,1,0.015466,120.902340,0.00742637,62.5063,1,0.040353,318.946960
2018-09-28,0.00333531,130.3669,1,0.008799,100.994450,0.01162942,63.6693,1,0.032378,300.856450
2018-10-01,-0.00632472,129.7344,1,0.006342,81.741290,-0.00647650,63.0216,1,0.014480,181.951840
2018-10-02,0.01374502,131.1089,1,0.012608,101.144870,0.01778606,64.8002,1,0.031884,358.588690
2018-10-03,0.00041471,131.1504,1,0.009529,81.659630,-0.00561653,64.2386,1,0.020603,242.341530
2018-10-04,-0.00072930,131.0774,1,0.006650,61.569900,0.00047205,64.2858,1,0.038565,320.476810
2018-10-05,-0.00327255,130.7502,1,0.008865,81.399680,0.01387113,65.6729,1,0.037797,319.634130
2018-10-08,0.00384884,131.1351,1,0.007636,101.067930,0.02232492,67.9054,1,0.026628,241.728610
2018-10-09,0.00005702,131.1408,1,0.008238,101.787180,-0.00184108,67.7213,1,0.030108,302.055080
2018-10-10,0.00509247,131.6500,1,0.010983,120.248600,-0.00164984,67.5563,1,0.034774,359.727840
2018-10-11,0.01065403,132.7154,1,0.014907,161.037110,-0.00936969,66.6193,0,0.000000,0.000000
2018-10-12,-0.00043371,132.6721,1,0.016121,140.994150,-0.00216917,66.4024,0,0.000000,0.000000
2018-10-15,0.00025641,132.6977,1,0.006479,82.123710,-0.01107444,65.2950,1,0.039544,335.306734
2018-10-16,0.00966205,133.6639,1,0.005815,60.883420,-0.01177310,64.1177,1,0.042300,379.449560
2018-10-17,-0.00597659,133.0662,1,0.005639,43.745440,-0.00785925,63.3317,0,0.000000,0.000000
2018-10-18,-0.00879068,132.1872,1,0.012658,81.025200,0.00063815,63.3956,1,0.053755,384.398360
2018-10-19,-0.01371424,130.8158,1,0.014814,121.118550,0.02933477,66.3290,1,0.039373,319.382950
2018-10-22,0.00577683,131.3934,1,0.016997,81.620970,-0.01053551,65.2755,1,0.026271,222.526510
2018-10-23,-0.00665858,130.7276,1,0.006188,60.752040,-0.00029362,65.2461,1,0.044482,380.025040
2018-10-24,-0.02121006,128.6066,1,0.010286,61.369530,0.01911100,67.1572,1,0.044000,300.912480
2018-10-25,0.01538431,130.1450,1,0.007679,62.548080,-0.01422917,65.7343,1,0.050197,336.963340
2018-10-26,0.01057450,131.2025,1,0.011790,103.322330,0.00363432,66.0977,1,0.052558,384.102960
2018-10-29,-0.01305435,129.8970,1,0.016445,101.101380,-0.01495735,64.6020,0,0.000000,0.000000
2018-10-30,0.01138193,131.0352,1,0.026857,141.537170,0.00292557,64.8946,1,0.051053,358.592826
2018-10-31,0.02082721,133.1179,1,0.013849,83.443590,-0.01733572,63.1610,0,0.000000,0.000000
2018-11-01,0.01589020,134.7070,1,0.021360,121.712210,0.01631508,64.7925,1,0.039092,383.364037
2018-11-02,0.01075214,135.7822,1,0.011596,103.549540,-0.00298855,64.4936,1,0.038505,286.213680
2018-11-05,-0.01377442,134.4047,1,0.015572,120.728470,-0.01784027,62.7096,1,0.030497,339.831830
2018-11-06,-0.00667143,133.7376,1,0.010703,101.593090,0.00660314,63.3699,1,0.044556,401.993350
2018-11-07,0.00936327,134.6739,1,0.018253,81.732720,-0.01737226,61.6327,1,0.039606,281.641870
2018-11-08,-0.01525798,133.1481,1,0.007178,62.057180,0.00129982,61.7627,0,0.000000,0.000000
2018-11-09,-0.00588266,132.5598,1,0.019536,159.737740,-0.00257737,61.5049,1,0.051187,322.376323
2018-11-12,0.01899721,134.4596,1,0.016139,121.426590,0.04525032,66.0300,1,0.039408,339.835650
2018-11-13,-0.00789433,133.6701,1,0.000623,4.747080,-0.00392584,65.6374,1,0.023854,163.319960
2018-11-14,0.00340487,134.0106,1,0.013503,120.906210,-0.00439478,65.1979,1,0.034388,341.619930
2018-11-15,0.00949769,134.9604,1,0.010111,81.800810,0.02449281,67.6472,1,0.044289,279.796130
2018-11-16,-0.00897041,134.0633,1,0.008731,82.332540,-0.01219349,66.4278,1,0.039069,244.109210
2018-11-19,-0.00606686,133.4567,1,0.004336,63.560890,-0.00008124,66.4197,1,0.045054,364.445020
2018-11-20,-0.00163563,133.2931,0,0.000000,0.000000,-0.01080485,65.3392,1,0.046915,358.209810
2018-11-21,0.00668957,133.9621,0,0.000000,0.000000,-0.02222936,63.1163,0,0.000000,0.000000
2018-11-23,-0.00320934,133.6411,1,0.032124,161.279886,-0.00489788,62.6265,1,0.050238,380.762287
2018-11-26,0.01575268,135.2164,0,0.000000,0.000000,-0.00988333,61.6382,1,0.078073,340.058850
2018-11-27,-0.00201958,135.0144,1,0.008668,103.656079,-0.00553502,61.0847,1,0.045092,323.332240
2018-11-28,0.00052514,135.0669,1,0.019246,140.594650,-0.01452165,59.6325,1,0.052015,320.563550
2018-11-29,-0.00196230,134.8707,1,0.009350,103.251020,-0.01660365,57.9721,1,0.046775,363.589990
2018-11-30,0.00221798,135.0925,0,0.000000,0.000000,-0.00271438,57.7007,1,0.035758,379.501690
2018-12-03,-0.00944829,134.1477,1,0.020549,180.692805,-0.00650871,57.0498,1,0.036201,341.495020
2018-12-04,-0.00995077,133.1526,1,0.013027,104.480660,0.01060847,58.1107,0,0.000000,0.000000
2018-12-06,-0.00733530,132.4191,0,0.000000,0.000000,0.00359954,58.4706,0,0.000000,0.000000
2018-12-07,0.00753106,133.1722,0,0.000000,0.000000,-0.00137204,58.3334,1,0.048314,299.554252
2018-12-10,-0.00794264,132.3779,0,0.000000,0.000000,0.00218045,58.5515,0,0.000000,0.000000
2018-12-11,-0.00540461,131.8375,0,0.000000,0.000000,0.00780255,59.3317,1,0.038115,279.183306
2018-12-12,0.00348629,132.1861,0,0.000000,0.000000,-0.01052106,58.2796,1,0.035246,241.187670
2018-12-13,-0.00300281,131.8858,0,0.000000,0.000000,-0.01623264,56.6564,1,0.053054,361.684280
2018-12-14,-0.00286826,131.5990,0,0.000000,0.000000,0.01140493,57.7969,1,0.055167,380.516790
2018-12-17,0.00035659,131.6346,0,0.000000,0.000000,-0.01167076,56.6298,0,0.000000,0.000000
2018-12-18,-0.01096405,130.5382,0,0.000000,0.000000,0.00198530,56.8283,0,0.000000,0.000000
2018-12-19,0.01160493,131.6987,0,0.000000,0.000000,-0.01008050,55.8203,1,0.034510,257.687225
2018-12-20,-0.00242613,131.4561,0,0.000000,0.000000,0.00493525,56.3138,0,0.000000,0.000000
2018-12-21,-0.00647394,130.8087,0,0.000000,0.000000,0.00399096,56.7129,0,0.000000,0.000000
2018-12-24,0.01081604,131.8903,0,0.000000,0.000000,-0.00351523,56.3614,0,0.000000,0.000000
2018-12-26,0.01138190,133.0285,0,0.000000,0.000000,0.00960878,57.3222,0,0.000000,0.000000
2018-12-27,-0.00015346,133.0132,0,0.000000,0.000000,0.00573731,57.8960,0,0.000000,0.000000
2018-12-28,-0.00189135,132.8240,0,0.000000,0.000000,0.00111492,58.0075,0,0.000000,0.000000
2018-12-31,-0.00119023,132.7050,0,0.000000,0.000000,-0.00322332,57.6851,1,0.055092,299.576427
2019-01-02,0.00484002,133.1890,0,0.000000,0.000000,-0.01354483,56.3306,0,0.000000,0.000000
2019-01-03,0.01279127,134.4681,0,0.000000,0.000000,-0.01011633,55.3190,1,0.050313,341.339942
2019-01-04,0.00217602,134.6857,0,0.000000,0.000000,-0.01915311,53.4037,1,0.060801,359.563760
2019-01-07,-0.00754757,133.9310,0,0.000000,0.000000,-0.00295004,53.1087,0,0.000000,0.000000
2019-01-08,-0.00050131,133.8809,0,0.000000,0.000000,-0.00059682,53.0490,1,0.047492,348.528430
2019-01-09,0.00078621,133.9595,0,0.000000,0.000000,0.01188775,54.2378,0,0.000000,0.000000
2019-01-10,-0.00662512,133.2970,0,0.000000,0.000000,-0.00847484,53.3903,1,0.045624,304.780725
2019-01-11,-0.00417984,132.8790,1,0.044654,296.210087,-0.00191553,53.1988,0,0.000000,0.000000
2019-01-14,0.01426268,134.3052,1,0.015682,140.878310,-0.00725637,52.4731,1,0.062417,321.986152
2019-01-15,0.00057133,134.3624,1,0.009777,81.301730,-0.00073434,52.3997,1,0.036044,318.677080
2019-01-16,0.00479911,134.8423,1,0.022649,122.535930,-0.00512387,51.8873,0,0.000000,0.000000
2019-01-17,-0.00880075,133.9622,1,0.029555,181.126660,0.00732119,52.6194,1,0.041401,303.619128
2019-01-18,-0.00891665,133.0706,1,0.022305,162.261840,0.00028027,52.6474,0,0.000000,0.000000
2019-01-22,0.01102987,134.1735,1,0.023573,142.515540,0.00216225,52.8637,0,0.000000,0.000000
2019-01-23,0.00463704,134.6372,1,0.024476,160.613060,0.00144327,53.0080,0,0.000000,0.000000
2019-01-24,-0.01931239,132.7060,0,0.000000,0.000000,-0.01448715,51.5593,1,0.047105,301.777123
2019-01-25,-0.01031627,131.6744,0,0.000000,0.000000,0.01368146,52.9274,1,0.042594,321.762190
2019-01-28,0.01358647,133.0330,0,0.000000,0.000000,-0.00508976,52.4184,1,0.030386,243.318500
2019-01-29,0.00460700,133.4937,0,0.000000,0.000000,0.00021741,52.4402,1,0.050959,340.094490
2019-01-30,-0.01230913,132.2628,0,0.000000,0.000000,-0.00278288,52.1619,1,0.033898,300.568040
2019-01-31,-0.00757285,131.5055,0,0.000000,0.000000,0.00069996,52.2319,0,0.000000,0.000000
2019-02-01,0.00012974,131.5185,0,0.000000,0.000000,-0.01428146,50.8038,1,0.040176,323.798063
2019-02-04,0.00540704,132.0592,0,0.000000,0.000000,-0.00575126,50.2286,1,0.055016,380.615310
2019-02-05,-0.00329667,131.7295,0,0.000000,0.000000,0.00069054,50.2977,1,0.045236,340.456390
2019-02-06,-0.00750644,130.9789,0,0.000000,0.000000,-0.00571571,49.7261,1,0.041971,361.834050
2019-02-07,0.02329689,133.3086,0,0.000000,0.000000,-0.01006386,48.7197,1,0.045956,340.432520
2019-02-08,0.00893995,134.2026,0,0.000000,0.000000,0.00586482,49.3062,1,0.038358,359.568330
2019-02-11,-0.00292107,133.9105,0,0.000000,0.000000,-0.00544592,48.7616,1,0.028432,261.488220
2019-02-12,-0.02545921,131.3645,0,0.000000,0.000000,0.00755896,49.5175,1,0.043874,321.023700
2019-02-13,-0.00249245,131.1153,0,0.000000,0.000000,-0.01091526,48.4260,1,0.035076,263.008450
2019-02-14,-0.01072869,130.0424,0,0.000000,0.000000,0.00179475,48.6055,1,0.047815,380.823110
2019-02-15,-0.00213899,129.8285,0,0.000000,0.000000,0.00365241,48.9707,1,0.026439,260.749930
2019-02-19,-0.00241031,129.5875,0,0.000000,0.000000,-0.01254078,47.7166,0,0.000000,0.000000
2019-02-20,-0.01248791,128.3387,1,0.044131,376.295990,0.00902179,48.6188,1,0.046731,402.716120
2019-02-21,-0.00539203,127.7995,0,0.000000,0.000000,-0.00919340,47.6995,1,0.034980,280.849770
2019-02-22,0.00338054,128.1376,1,0.032166,240.482976,-0.00481844,47.2176,1,0.056884,359.708900
2019-02-25,-0.00830307,127.3073,1,0.025847,221.419300,0.00233627,47.4512,1,0.041783,361.968420
2019-02-26,0.01047315,128.3546,1,0.031455,220.020040,-0.00944256,46.5070,1,0.039066,300.392270
2019-02-27,0.01233161,129.5877,1,0.019319,141.340850,-0.01078618,45.4284,1,0.062628,359.990510
2019-02-28,-0.00102426,129.4853,1,0.019566,122.173660,-0.00165021,45.2633,1,0.069881,342.792990
2019-03-01,-0.00800163,128.6851,1,0.028793,239.076160,0.00311716,45.5751,1,0.031264,299.805900
2019-03-04,-0.00731980,127.9532,1,0.028900,221.059610,-0.00684097,44.8910,1,0.040907,321.758840
2019-03-05,0.00556897,128.5101,1,0.038363,259.502380,0.00903959,45.7949,1,0.045951,319.636210
2019-03-06,-0.00399096,128.1110,1,0.048006,260.708540,0.00451812,46.2467,1,0.042118,300.701870
2019-03-07,0.00143625,128.2546,1,0.035395,279.536390,0.01203612,47.4503,1,0.035858,319.521550
2019-03-08,-0.00027234,128.2274,1,0.025074,200.477760,-0.00136219,47.3141,1,0.027639,262.080890
2019-03-11,-0.00426950,127.8004,1,0.023140,159.790700,-0.00230820,47.0833,1,0.038120,300.302220
2019-03-12,-0.00115065,127.6853,1,0.026185,202.477250,0.00158644,47.2420,0,0.000000,0.000000
2019-03-13,0.00040390,127.7257,1,0.032820,200.729580,-0.00185869,47.0561,1,0.053189,303.291775
2019-03-14,-0.00481549,127.2442,1,0.028929,240.919970,0.00312761,47.3688,1,0.044499,321.008800
2019-03-15,0.00135516,127.3797,0,0.000000,0.000000,0.00129618,47.4985,1,0.037392,280.426080
2019-03-18,0.00891272,128.2710,1,0.026578,220.843649,-0.00463965,47.0345,1,0.029595,321.233570
2019-03-19,0.00188454,128.4594,1,0.033306,240.906710,0.00010074,47.0446,1,0.040716,301.615130
2019-03-20,-0.00909225,127.5502,1,0.030385,219.925620,0.00388552,47.4331,1,0.033148,300.129110
2019-03-21,-0.00055841,127.4944,1,0.027471,201.094860,0.00256766,47.6899,1,0.043234,320.515700
2019-03-22,-0.02511079,124.9833,1,0.021529,204.588970,-0.00114223,47.5757,0,0.000000,0.000000
2019-03-25,-0.00089624,124.8937,1,0.027344,220.951370,0.00675854,48.2515,1,0.046086,343.361828
2019-03-26,-0.00035056,124.8586,1,0.022646,140.951360,-0.00702060,47.5495,1,0.044440,261.556240
2019-03-27,-0.00500069,124.3585,1,0.019319,121.802290,0.01092706,48.6422,0,0.000000,0.000000
2019-03-28,0.00180797,124.5393,1,0.017643,121.278070,0.01282595,49.9248,1,0.033695,261.560861
2019-03-29,-0.00078352,124.4610,1,0.019212,121.968360,-0.00146825,49.7779,1,0.033625,222.154190
2019-04-01,0.01041515,125.5025,1,0.023275,141.523060,0.02238595,52.0165,1,0.049175,321.009380
2019-04-02,-0.00362914,125.1396,1,0.021334,122.299370,0.00728923,52.7455,1,0.040927,263.652690
2019-04-03,-0.00782521,124.3571,1,0.025081,180.939400,0.00560853,53.3063,1,0.043067,281.223730
2019-04-04,0.00810558,125.1676,1,0.010302,81.327680,0.01101374,54.4077,1,0.039106,301.069440
2019-04-05,0.00784087,125.9517,1,0.029693,180.814120,0.00113671,54.5214,1,0.039419,261.722880
2019-04-08,0.00512451,126.4642,1,0.023459,182.504060,0.00579918,55.1013,0,0.000000,0.000000
2019-04-09,-0.01026746,125.4374,0,0.000000,0.000000,-0.00477024,54.6243,1,0.038914,282.294465
2019-04-10,0.00159283,125.5967,1,0.026247,200.732042,-0.00262271,54.3620,1,0.041141,299.687750
2019-04-11,-0.00816733,124.7800,1,0.022223,201.817350,0.00220338,54.5823,1,0.040302,341.774030
2019-04-12,0.00511957,125.2919,1,0.022563,181.783550,0.00467666,55.0500,1,0.043394,301.107000
2019-04-15,-0.00403317,124.8886,0,0.000000,0.000000,-0.00502823,54.5472,1,0.043613,321.496980
2019-04-16,0.00767206,125.6558,0,0.000000,0.000000,-0.01337469,53.2097,1,0.040809,299.839970
2019-04-17,-0.00492758,125.1630,0,0.000000,0.000000,0.01576837,54.7865,1,0.057403,360.453920
2019-04-18,0.00337548,125.5006,0,0.000000,0.000000,-0.01149480,53.6370,1,0.023660,201.281820
2019-04-22,-0.00053561,125.4470,0,0.000000,0.000000,0.00199758,53.8368,1,0.050232,360.772780
2019-04-23,-0.00542468,124.9046,0,0.000000,0.000000,-0.00241200,53.5956,1,0.052900,320.540770
2019-04-24,-0.00023214,124.8813,0,0.000000,0.000000,-0.01804079,51.7915,0,0.000000,0.000000
2019-04-25,-0.01231957,123.6494,0,0.000000,0.000000,0.00443452,52.2350,1,0.064278,382.366979
2019-04-26,0.00707950,124.3573,0,0.000000,0.000000,0.00828783,53.0638,1,0.041067,281.596670
2019-04-29,0.00177962,124.5353,1,0.040318,265.542242,-0.01393477,51.6703,1,0.037597,241.457230
2019-04-30,-0.00707846,123.8275,0,0.000000,0.000000,-0.00079136,51.5911,1,0.054276,340.465400
2019-05-01,-0.01272695,122.5548,0,0.000000,0.000000,0.01230598,52.8217,1,0.044802,341.923880
2019-05-02,0.00213410,122.7682,0,0.000000,0.000000,0.00807280,53.6290,0,0.000000,0.000000
2019-05-03,0.01533151,124.3013,0,0.000000,0.000000,0.00925355,54.5544,1,0.040575,280.734926
2019-05-06,-0.00381299,123.9200,0,0.000000,0.000000,-0.00503955,54.0504,1,0.055305,322.751550
2019-05-07,-0.00401187,123.5188,0,0.000000,0.000000,0.00961878,55.0123,1,0.047982,319.997890
2019-05-08,-0.00461931,123.0569,0,0.000000,0.000000,0.00307856,55.3202,0,0.000000,0.000000
2019-05-09,-0.00264263,122.7926,0,0.000000,0.000000,0.00819684,56.1398,1,0.058506,318.436770
2019-05-10,-0.00620102,122.1725,0,0.000000,0.000000,0.00759045,56.8989,1,0.044495,321.084210
2019-05-13,-0.01531445,120.6411,0,0.000000,0.000000,0.02668574,59.5675,1,0.041286,301.615780
2019-05-14,0.00612346,121.2534,0,0.000000,0.000000,-0.02256361,57.3111,1,0.031051,221.502460
2019-05-15,-0.00629371,120.6241,0,0.000000,0.000000,0.00113510,57.4246,1,0.052130,401.588070
2019-05-16,0.00434724,121.0588,1,0.036166,237.760965,0.00374229,57.7988,1,0.036281,320.874140
2019-05-17,0.00200241,121.2590,1,0.040159,261.408090,-0.00674205,57.1246,1,0.037225,281.764070
2019-05-20,-0.00015096,121.2439,0,0.000000,0.000000,0.01976016,59.1007,1,0.061684,359.180780
2019-05-21,0.00344156,121.5881,0,0.000000,0.000000,-0.01047803,58.0529,1,0.030523,201.298200
2019-05-22,-0.00036107,121.5520,1,0.035767,200.889141,0.00879502,58.9324,0,0.000000,0.000000
2019-05-23,-0.01846930,119.7051,1,0.018900,160.192360,0.02373305,61.3057,1,0.048785,281.653135
2019-05-24,0.00476599,120.1817,1,0.019771,121.971890,-0.00278004,61.0277,1,0.037184,240.568010
2019-05-28,0.00347349,120.5290,1,0.028311,200.066150,0.00050827,61.0785,1,0.056133,340.036780
2019-05-29,0.01153131,121.6821,1,0.035539,181.104740,-0.00623644,60.4548,0,0.000000,0.000000
2019-05-30,-0.00049059,121.6331,1,0.029169,180.539190,0.00298578,60.7534,1,0.046912,337.734295
2019-05-31,0.01344279,122.9774,1,0.036551,201.092250,0.01105301,61.8587,1,0.042829,281.491190
2019-06-03,0.00727647,123.7050,1,0.037653,201.136670,-0.00315603,61.5431,1,0.038623,261.262070
2019-06-04,0.01700695,125.4057,1,0.031385,162.280760,-0.01275052,60.2681,1,0.051952,322.583940
2019-06-05,0.01144106,126.5498,1,0.028574,203.500640,-0.02598263,57.6698,1,0.043313,364.393660
2019-06-06,-0.00308989,126.2408,1,0.018469,102.869320,0.00282625,57.9524,1,0.060815,402.617110
2019-06-07,-0.00127645,126.1132,1,0.020935,101.304160,-0.00367211,57.5852,1,0.038001,282.054500
2019-06-10,-0.00609308,125.5039,1,0.020698,122.153250,0.00750135,58.3353,1,0.042475,341.568550
2019-06-11,-0.00837864,124.6660,1,0.024304,101.544770,0.00459317,58.7947,1,0.055193,320.907230
2019-06-12,0.01112791,125.7788,0,0.000000,0.000000,-0.01266520,57.5281,1,0.055790,281.026850
2019-06-13,0.00142105,125.9209,0,0.000000,0.000000,-0.00772599,56.7555,1,0.048509,339.729490
2019-06-14,0.00465278,126.3862,0,0.000000,0.000000,-0.00839041,55.9165,1,0.055641,341.657610
2019-06-17,0.01457794,127.8440,0,0.000000,0.000000,0.00324997,56.2415,1,0.061713,339.240500
2019-06-18,-0.00167917,127.6761,0,0.000000,0.000000,0.00062414,56.3039,1,0.058696,341.505670
2019-06-19,-0.00264092,127.4120,0,0.000000,0.000000,0.00100772,56.4047,1,0.047848,302.457490
2019-06-20,0.00461380,127.8733,0,0.000000,0.000000,-0.00858878,55.5458,1,0.051708,321.386860
2019-06-21,0.00529494,128.4028,0,0.000000,0.000000,0.01021812,56.5676,1,0.053378,342.349590
2019-06-24,-0.00735833,127.6670,0,0.000000,0.000000,0.00024291,56.5919,1,0.034169,261.089310
2019-06-25,0.00415010,128.0820,0,0.000000,0.000000,0.00209349,56.8013,1,0.054091,319.668040
2019-06-26,-0.00597481,127.4845,0,0.000000,0.000000,-0.00717813,56.0834,1,0.036643,280.496700
2019-06-27,0.00136606,127.6211,0,0.000000,0.000000,-0.00787191,55.2963,1,0.058211,339.057450
2019-06-28,0.00212971,127.8341,0,0.000000,0.000000,0.00206977,55.5032,1,0.043353,341.544040
2019-07-01,-0.01217717,126.6164,0,0.000000,0.000000,0.00853884,56.3571,0,0.000000,0.000000
2019-07-02,0.00280576,126.8970,1,0.018554,126.249963,-0.01174016,55.1831,1,0.036966,283.257337
2019-07-03,0.00508348,127.4053,1,0.023852,141.611270,0.00294479,55.4776,1,0.050411,380.643410
2019-07-05,-0.00083134,127.3222,0,0.000000,0.000000,-0.00257714,55.2199,0,0.000000,0.000000
2019-07-08,-0.00295707,127.0265,1,0.022717,162.034247,0.00180579,55.4004,1,0.044971,361.539926
2019-07-09,-0.00516998,126.5095,1,0.014118,140.668690,-0.00203274,55.1972,1,0.037714,300.298870
2019-07-10,-0.00691021,125.8185,0,0.000000,0.000000,0.00620662,55.8178,1,0.039558,301.052980
2019-07-11,0.00195731,126.0142,1,0.023269,142.692594,-0.01685810,54.1320,1,0.034960,281.641940
2019-07-12,-0.00338772,125.6754,1,0.028792,180.424360,0.00279304,54.4113,1,0.049476,319.598730
2019-07-15,-0.00797953,124.8775,1,0.023383,122.104960,0.00469997,54.8813,1,0.044943,301.736080
2019-07-16,0.00320252,125.1977,1,0.016868,121.172110,0.00657878,55.5392,1,0.047022,321.421180
2019-07-17,0.00380006,125.5777,1,0.017414,100.868580,-0.00171141,55.3681,1,0.044331,300.673020
2019-07-18,-0.00447462,125.1303,1,0.014042,80.521740,0.00716623,56.0847,1,0.057267,339.819790
2019-07-19,-0.00464934,124.6653,1,0.023034,141.313440,-0.00429263,55.6554,1,0.048503,281.499970
2019-07-22,-0.01207108,123.4582,1,0.011608,101.610160,0.00434368,56.0898,1,0.042502,300.225380
2019-07-23,-0.01164660,122.2935,1,0.015400,101.837780,0.00007696,56.0975,1,0.045794,320.269270
2019-07-24,-0.02106982,120.1866,1,0.016352,101.462120,0.00499826,56.5973,1,0.047724,301.071330
2019-07-25,0.01009134,121.1957,1,0.021766,101.261330,-0.01993824,54.6035,1,0.050584,243.138410
2019-07-26,-0.00195851,120.9998,1,0.033641,161.382660,0.00320143,54.9236,1,0.070057,398.837600
2019-07-29,0.00045834,121.0457,1,0.015686,100.995770,0.01025022,55.9487,1,0.038868,262.299660
2019-07-30,0.00784832,121.8305,1,0.014748,121.093600,-0.01841253,54.1074,1,0.044693,281.134950
2019-07-31,0.00944824,122.7753,1,0.014676,82.985620,0.01372929,55.4803,1,0.051701,381.679280
2019-08-01,0.01787213,124.5626,1,0.025137,101.889940,0.00171139,55.6515,0,0.000000,0.000000
2019-08-02,0.01409588,125.9721,1,0.021132,102.908290,0.01002354,56.6538,1,0.058016,317.871786
2019-08-05,-0.01064292,124.9078,1,0.017292,101.299180,0.01388151,58.0420,1,0.042549,240.643550
2019-08-06,0.00152884,125.0607,1,0.015716,64.462460,0.00789827,58.8318,0,0.000000,0.000000
2019-08-07,-0.01155249,123.9055,1,0.027169,122.087560,0.00842823,59.6746,0,0.000000,0.000000
2019-08-08,0.00339951,124.2454,1,0.014699,102.075840,0.00548669,60.2233,1,0.047041,279.519099
2019-08-09,-0.01058694,123.1867,1,0.010144,44.197590,0.00670318,60.8936,0,0.000000,0.000000
2019-08-12,-0.00122815,123.0639,1,0.037485,159.675790,0.01278440,62.1721,1,0.035200,261.778546
2019-08-13,0.00198492,123.2624,1,0.026668,120.673350,-0.00424602,61.7474,1,0.038432,299.735120
2019-08-14,-0.02730139,120.5323,1,0.029509,161.528980,0.01850694,63.5981,0,0.000000,0.000000
2019-08-15,-0.00919696,119.6126,1,0.028746,159.337310,0.01372786,64.9709,0,0.000000,0.000000
2019-08-16,0.01141373,120.7540,1,0.025127,122.270190,-0.01852922,63.1180,1,0.057692,280.480925
2019-08-19,0.01395499,122.1495,1,0.014261,83.181420,-0.02270759,60.8472,0,0.000000,0.000000
2019-08-20,-0.00658233,121.4912,1,0.012463,62.738840,0.00211170,61.0584,0,0.000000,0.000000
2019-08-21,-0.00265766,121.2255,1,0.016566,41.250770,-0.00014091,61.0443,0,0.000000,0.000000
2019-08-22,-0.00805604,120.4199,1,0.014194,101.625140,0.01336862,62.3812,0,0.000000,0.000000
2019-08-23,-0.02018169,118.4017,1,0.018869,60.838050,0.00831006,63.2122,1,0.061194,306.561668
2019-08-26,-0.00604807,117.7969,1,0.020077,121.112980,0.00435787,63.6480,0,0.000000,0.000000
2019-08-27,0.00052183,117.8491,1,0.011197,62.253150,0.00456703,64.1047,0,0.000000,0.000000
2019-08-28,0.00442119,118.2912,1,0.009111,62.453180,-0.01887822,62.2169,1,0.046902,278.266584
2019-08-29,0.00054482,118.3457,1,0.016698,81.790590,0.00697004,62.9139,1,0.065326,401.000820
2019-08-30,0.00699404,119.0451,1,0.018766,81.808080,0.00766411,63.6803,0,0.000000,0.000000
2019-09-03,-0.01910604,117.1345,1,0.013744,61.294890,-0.00542758,63.1375,1,0.040508,284.118644
2019-09-04,0.00860115,117.9946,1,0.010085,61.649260,-0.00269549,62.8680,1,0.050529,299.516210
2019-09-05,0.03209804,121.2044,1,0.006766,42.867000,0.01724191,64.5922,1,0.046859,322.108780
2019-09-06,0.00304721,121.5091,1,0.011329,43.584630,0.00669973,65.2621,1,0.037317,242.902690
2019-09-09,0.01989532,123.4986,1,0.013878,81.085990,0.01056671,66.3188,1,0.047709,281.110810
2019-09-10,0.01937164,125.4358,1,0.014616,102.240530,0.03413020,69.7318,1,0.052600,302.045740
2019-09-11,0.00270921,125.7067,1,0.020539,103.130080,0.00364912,70.0967,1,0.033088,223.339460
2019-09-12,-0.00304608,125.4021,1,0.015828,81.848680,-0.00232483,69.8643,1,0.051993,301.997600
2019-09-13,0.01053770,126.4559,1,0.023700,101.620540,-0.01119337,68.7449,1,0.055657,341.151490
2019-09-16,-0.00610753,125.8451,1,0.026893,160.812610,0.02584321,71.3292,1,0.062319,360.261220
2019-09-17,0.02083314,127.9284,1,0.024776,142.469540,-0.01082406,70.2468,1,0.039076,263.795720
2019-09-18,-0.00288134,127.6403,1,0.021104,102.997390,0.00623398,70.8702,1,0.060342,320.014690
2019-09-19,-0.00047637,127.5927,1,0.026457,121.249510,-0.01505245,69.3650,1,0.053095,260.479480
2019-09-20,0.00534971,128.1276,1,0.018179,80.716700,0.01004156,70.3691,1,0.077384,340.660170
2019-09-23,-0.00521583,127.6061,1,0.007343,61.619750,-0.00208598,70.1605,1,0.046178,241.379400
2019-09-24,0.01028121,128.6342,1,0.018089,121.682100,-0.01000153,69.1604,1,0.055343,300.512360
2019-09-25,-0.00337792,128.2964,1,0.023992,120.889030,-0.00568480,68.5919,1,0.072150,358.871430
2019-09-26,0.00773969,129.0704,1,0.017681,121.130220,-0.00924319,67.6676,1,0.048749,341.389650
2019-09-27,-0.00316659,128.7537,1,0.022759,120.906810,-0.00383309,67.2843,1,0.064729,360.330550
2019-09-30,0.01196342,129.9500,1,0.012828,81.305760,-0.00876037,66.4082,1,0.050647,320.683680
2019-10-01,-0.00502938,129.4471,1,0.031458,201.443350,-0.00490109,65.9181,0,0.000000,0.000000
2019-10-02,-0.00399661,129.0474,1,0.021481,140.993740,0.00621353,66.5395,1,0.065887,341.373931
2019-10-03,0.00907019,129.9545,1,0.020371,140.718700,-0.00189914,66.3496,0,0.000000,0.000000
2019-10-04,-0.00073026,129.8814,1,0.019956,120.383450,-0.00782651,65.5669,1,0.065251,298.306826
2019-10-07,0.00324906,130.2063,1,0.025644,162.044070,0.00854272,66.4212,0,0.000000,0.000000
2019-10-08,-0.01274476,128.9319,1,0.039716,200.091150,0.01754471,68.1757,1,0.046449,241.424719
2019-10-09,0.01128559,130.0604,0,0.000000,0.000000,0.00025363,68.2010,0,0.000000,0.000000
2019-10-10,0.00845789,130.9062,1,0.051621,258.445456,-0.00410224,67.7908,0,0.000000,0.000000
2019-10-11,0.02636828,133.5430,0,0.000000,0.000000,0.01357939,69.1487,1,0.051441,320.175690
2019-10-14,0.00042272,133.5853,0,0.000000,0.000000,0.00236830,69.3856,1,0.044780,264.272180
2019-10-15,0.01077591,134.6629,0,0.000000,0.000000,0.00645280,70.0309,1,0.047590,300.027530
2019-10-16,-0.00983402,133.6795,0,0.000000,0.000000,-0.00517688,69.5132,1,0.043418,281.329810
2019-10-17,0.00399102,134.0786,0,0.000000,0.000000,-0.00860395,68.6528,1,0.037205,300.664450
2019-10-18,-0.00186743,133.8919,0,0.000000,0.000000,0.00415407,69.0682,1,0.035813,281.287690
2019-10-21,0.00863027,134.7549,0,0.000000,0.000000,-0.00058266,69.0099,1,0.041996,281.102900
2019-10-22,0.01135267,135.8902,0,0.000000,0.000000,0.00916136,69.9260,1,0.028944,281.023950
2019-10-23,0.00021705,135.9119,0,0.000000,0.000000,-0.00138676,69.7874,1,0.045976,281.239560
2019-10-24,-0.00143236,135.7686,0,0.000000,0.000000,0.00579484,70.3669,1,0.034146,261.867540
2019-10-25,0.01254300,137.0229,0,0.000000,0.000000,-0.02015393,68.3515,1,0.054863,302.617290
2019-10-28,0.01009766,138.0327,0,0.000000,0.000000,0.00878315,69.2298,1,0.059265,358.990410
2019-10-29,0.00834964,138.8677,0,0.000000,0.000000,0.00016954,69.2467,1,0.046606,281.240560
2019-10-30,-0.01258041,137.6096,0,0.000000,0.000000,-0.02055696,67.1910,1,0.037526,321.278180
2019-10-31,-0.00984638,136.6250,0,0.000000,0.000000,-0.01971315,65.2197,1,0.066165,380.420830
2019-11-01,0.01636513,138.2615,0,0.000000,0.000000,-0.00350311,64.8694,1,0.041831,339.183690
2019-11-04,0.03053405,141.3149,0,0.000000,0.000000,0.03420544,68.2900,1,0.046996,343.697200
2019-11-05,0.00069778,141.3847,0,0.000000,0.000000,0.00095068,68.3850,1,0.025622,183.082840
2019-11-06,-0.00541933,140.8427,0,0.000000,0.000000,-0.00876225,67.5088,1,0.038285,300.131010
2019-11-07,0.02117069,142.9598,0,0.000000,0.000000,-0.02000957,65.5078,1,0.065447,340.555000
2019-11-08,0.00427328,143.3871,1,0.034462,348.166715,-0.00433085,65.0748,1,0.046435,400.793330
2019-11-11,0.00407595,143.7947,1,0.020605,141.340110,-0.00374302,64.7005,1,0.038352,300.204850
2019-11-12,-0.01038455,142.7563,1,0.021285,161.037480,0.00430027,65.1305,1,0.047693,339.849610
2019-11-13,-0.00223895,142.5324,1,0.032005,160.953070,0.00433993,65.5645,1,0.045657,300.893640
2019-11-14,0.00157971,142.6903,1,0.020239,141.178210,0.00139876,65.7043,1,0.041604,281.528630
2019-11-15,-0.00488156,142.2022,1,0.030866,181.569970,0.00327271,66.0316,1,0.057929,340.722880
2019-11-18,0.00079343,142.2815,1,0.018727,161.272470,-0.00113979,65.9176,1,0.041679,321.757740
2019-11-19,-0.00585379,141.6962,1,0.006599,61.197850,-0.00008284,65.9094,1,0.035994,301.370100
2019-11-20,0.00136947,141.8331,1,0.019193,120.136780,-0.00240974,65.6684,1,0.036494,261.485450
2019-11-21,-0.00902025,140.9311,1,0.013005,81.108660,-0.00389488,65.2789,1,0.041018,262.011840
2019-11-22,0.00498872,141.4300,1,0.011508,101.285640,0.00341027,65.6199,1,0.047393,320.414650
2019-11-25,-0.01483573,139.9464,1,0.010443,101.138040,-0.00748540,64.8714,1,0.036490,260.979620
2019-11-26,0.00737783,140.6842,1,0.007687,62.185670,-0.00471607,64.3998,1,0.055187,341.582270
2019-11-27,-0.00965264,139.7189,1,0.013434,102.096350,-0.00572868,63.8269,1,0.048098,301.732500
2019-11-29,-0.00088588,139.6303,1,0.012298,81.668190,-0.00393930,63.4330,1,0.059150,361.167690
2019-12-02,-0.00116247,139.5141,1,0.014917,60.847490,0.00387565,63.8205,1,0.056155,259.563820
2019-12-03,0.00475074,139.9891,1,0.012926,101.103490,0.00158329,63.9789,1,0.055191,321.364760
2019-12-04,0.00280539,140.2697,1,0.012891,80.944980,-0.01036572,62.9423,1,0.038232,300.487560
2019-12-05,-0.00181496,140.0882,1,0.006376,61.205310,-0.00187724,62.7546,1,0.040654,342.451360
2019-12-06,0.01222559,141.3107,1,0.010161,61.253040,-0.00754576,62.0000,1,0.064966,320.910950
2019-12-09,-0.00148903,141.1618,1,0.016533,81.907420,0.00466942,62.4669,1,0.059738,321.885710
2019-12-10,-0.00154205,141.0076,1,0.012065,81.290990,0.00049616,62.5166,1,0.039564,300.950260
2019-12-11,-0.00366093,140.6415,1,0.017243,121.394680,0.00675874,63.1924,1,0.054996,300.061660
2019-12-12,0.00730836,141.3724,1,0.008754,61.189310,0.02374912,65.5673,1,0.046798,340.471810
2019-12-13,-0.00567488,140.8049,1,0.021778,82.260410,-0.01360227,64.2071,1,0.046767,242.892050
2019-12-16,-0.00503929,140.3010,1,0.013549,101.406750,0.00126556,64.3337,1,0.053844,378.998780
2019-12-17,0.00134821,140.4358,1,0.023629,101.833520,-0.01199173,63.1345,0,0.000000,0.000000
2019-12-18,-0.00188564,140.2472,1,0.015464,121.729910,-0.00298175,62.8363,1,0.070645,363.267095
2019-12-19,-0.00000068,140.2471,1,0.010078,61.597260,-0.00380712,62.4556,1,0.063302,321.104610
2019-12-20,-0.00506076,139.7411,0,0.000000,0.000000,-0.01050098,61.4055,1,0.053818,321.221970
2019-12-23,0.01218964,140.9600,0,0.000000,0.000000,-0.02744820,58.6607,1,0.033820,321.470720
2019-12-24,-0.00293573,140.6665,0,0.000000,0.000000,-0.00729906,57.9308,1,0.066286,401.410820
2019-12-26,-0.00119930,140.5465,0,0.000000,0.000000,-0.01061401,56.8694,1,0.081811,380.050500
2019-12-27,-0.00088425,140.4581,0,0.000000,0.000000,-0.00340612,56.5288,1,0.047992,359.987670
2019-12-30,0.00400709,140.8588,0,0.000000,0.000000,-0.00531977,55.9968,1,0.041497,320.313640
2019-12-31,0.00261988,141.1208,0,0.000000,0.000000,-0.00551811,55.4450,1,0.051511,360.087440
