date,model_ret,model_equity,model_rebalanced,model_cost,model_traded,naive_ret,naive_equity,naive_rebalanced,naive_cost,naive_traded
2015-01-02,0.00228253,100.2283,1,0.036147,200.000000,0.00000000,100.0000,0,0.000000,0.000000
2015-01-05,-0.00489096,99.7392,1,0.041326,220.095900,0.00264532,100.2645,1,0.030678,200.000000
2015-01-06,-0.01157209,98.5819,1,0.013219,121.782430,0.00844747,101.1093,0,0.000000,0.000000
2015-01-07,-0.00988433,97.5935,1,0.038503,239.498230,0.00377312,101.4866,1,0.054938,277.881956
2015-01-08,0.00129870,97.7234,1,0.028780,242.753710,0.00694799,102.1814,0,0.000000,0.000000
2015-01-09,-0.00444896,97.2785,1,0.041346,223.626530,0.00466151,102.6475,0,0.000000,0.000000
2015-01-12,-0.00488843,96.7896,1,0.027563,160.316030,0.00944889,103.5924,1,0.032891,245.620763
2015-01-13,0.00401966,97.1916,1,0.016644,121.965720,0.00890589,104.4830,1,0.044391,260.819140
2015-01-14,-0.00861735,96.3299,1,0.015335,121.269290,0.00629021,105.1120,1,0.036039,241.261900
2015-01-15,-0.00468553,95.8613,1,0.015763,141.439220,0.00871963,105.9840,1,0.046707,301.677900
2015-01-16,-0.00383686,95.4776,1,0.027106,181.965590,-0.00049348,105.9347,1,0.040628,279.754950
2015-01-20,-0.00128628,95.3490,1,0.027018,202.682180,0.01088070,107.0227,0,0.000000,0.000000
2015-01-21,-0.00319879,95.0291,1,0.027919,179.896450,-0.00274564,106.7482,1,0.029324,243.646038
2015-01-22,-0.00835148,94.1940,1,0.031038,221.178060,-0.01114100,105.6341,1,0.031720,261.803720
2015-01-23,-0.00111734,94.0822,1,0.033214,221.443610,-0.00152932,105.4811,0,0.000000,0.000000
2015-01-26,-0.00372201,93.7100,1,0.027611,181.662840,-0.00081012,105.4001,1,0.041352,301.527565
2015-01-27,0.00120101,93.8301,1,0.030899,182.044770,-0.00361717,105.0384,0,0.000000,0.000000
2015-01-28,0.00540438,94.3706,1,0.017842,159.606440,-0.00180149,104.8583,1,0.050569,361.561775
2015-01-29,0.00116743,94.4873,1,0.015957,121.983220,0.00907414,105.7657,0,0.000000,0.000000
2015-01-30,-0.01833615,92.6537,1,0.037715,261.237880,-0.00598953,105.1667,1,0.041773,341.017549
2015-02-02,-0.01776489,90.8772,1,0.029059,178.753340,0.00174922,105.3416,0,0.000000,0.000000
2015-02-03,-0.00296848,90.5804,1,0.024548,163.344990,0.01095936,106.4376,1,0.043934,298.447597
2015-02-04,0.01282014,91.8624,1,0.017096,163.778500,-0.00409789,106.0278,1,0.041049,303.100890
2015-02-05,0.00129038,91.9914,1,0.024672,201.360490,-0.01214449,104.8133,1,0.037189,319.605560
2015-02-06,-0.00256346,91.7351,1,0.031246,202.627590,0.01066483,105.8798,0,0.000000,0.000000
2015-02-09,-0.00135032,91.6001,1,0.023662,161.005820,0.00588575,106.4684,1,0.053155,303.288245
2015-02-10,-0.00412736,91.1873,1,0.029306,200.487690,-0.00557277,105.9111,1,0.043327,299.756550
2015-02-11,0.00336163,91.5235,1,0.026537,202.792290,0.00911752,106.8229,0,0.000000,0.000000
2015-02-12,0.00537049,92.0605,1,0.021151,181.070160,0.00646314,107.4692,1,0.038426,262.300159
2015-02-13,-0.00622721,91.4378,1,0.032421,202.857520,0.01059480,108.5287,0,0.000000,0.000000
2015-02-17,-0.01039250,90.3986,1,0.036500,241.549360,-0.00121705,108.4070,1,0.038645,284.367697
2015-02-18,0.01272527,91.6711,1,0.035363,200.232470,-0.00656857,107.7501,1,0.050987,339.778700
2015-02-19,-0.00293417,91.3777,1,0.036107,240.683910,-0.00584054,107.1660,1,0.056934,321.206250
2015-02-20,-0.00399943,90.9777,1,0.029033,160.867150,0.00764820,107.9309,1,0.056160,359.551960
2015-02-23,-0.00190407,90.7873,1,0.024537,201.716070,-0.01094511,106.8364,0,0.000000,0.000000
2015-02-24,0.00601960,91.3893,1,0.025830,219.765110,-0.00771728,106.0646,1,0.051518,362.996687
2015-02-25,0.00093343,91.4826,1,0.021757,160.869390,-0.01461830,104.6028,1,0.050510,340.300570
2015-02-26,0.00088526,91.5711,1,0.038824,240.361860,-0.00316748,104.2860,1,0.061328,340.840920
2015-02-27,0.00254228,91.8254,1,0.017422,120.763890,-0.00647222,103.6388,1,0.038592,320.121900
2015-03-02,0.00509309,92.3347,1,0.020911,161.273790,-0.00495875,103.1430,1,0.056285,321.151970
2015-03-03,0.00070371,92.4051,1,0.031229,181.144560,-0.00608848,102.5341,1,0.053658,301.694390
2015-03-04,0.00088212,92.4933,1,0.018498,159.763520,-0.00753324,101.7808,1,0.044154,320.295410
2015-03-05,0.00233008,92.7263,1,0.026172,180.014270,-0.00956408,100.8244,0,0.000000,0.000000
2015-03-06,-0.01001038,91.7252,1,0.037128,221.076800,0.00312910,101.1373,1,0.049100,340.246540
2015-03-09,-0.00368659,91.3566,1,0.024199,180.182170,0.00144383,101.2817,0,0.000000,0.000000
2015-03-10,0.00799288,92.1559,1,0.040312,261.525460,-0.00344976,100.9367,1,0.044766,300.298405
2015-03-11,0.00395902,92.5518,1,0.029158,200.315980,0.01015597,101.9523,0,0.000000,0.000000
2015-03-12,-0.00270733,92.2810,1,0.013693,100.870960,-0.00002203,101.9501,1,0.042263,280.041609
2015-03-13,-0.00108159,92.1729,1,0.022169,162.526700,0.00429318,102.3794,0,0.000000,0.000000
2015-03-16,0.00417736,92.5906,1,0.021884,160.287690,-0.00358613,102.0208,1,0.042003,301.657909
2015-03-17,0.00000513,92.5911,1,0.029797,162.231180,0.00627867,102.6487,0,0.000000,0.000000
2015-03-18,0.00109467,92.7006,1,0.030353,180.833310,-0.00758864,101.8898,1,0.042224,262.191022
2015-03-19,0.01038292,93.7389,1,0.038578,263.116000,0.00820332,102.7101,0,0.000000,0.000000
2015-03-20,0.00160505,93.8994,1,0.025215,219.757730,-0.00750351,101.9598,1,0.040761,262.417980
2015-03-23,-0.00299493,93.5999,1,0.025263,221.579020,0.00003813,101.9636,0,0.000000,0.000000
2015-03-24,0.00660489,94.2604,1,0.031571,200.469630,-0.00186034,101.7776,1,0.031244,280.555053
2015-03-25,0.00800889,95.0613,1,0.035471,199.941500,0.01026556,102.8041,1,0.045494,299.648450
2015-03-26,-0.00117963,94.9433,1,0.013883,141.063120,-0.00752095,102.0520,0,0.000000,0.000000
2015-03-27,0.00876950,95.8203,1,0.030530,200.226260,-0.00644732,101.4073,1,0.051252,357.053642
2015-03-30,0.00342081,96.1623,1,0.030739,201.027560,-0.00277231,101.1300,1,0.046201,302.181600
2015-03-31,-0.00007985,96.1544,1,0.024935,182.551560,0.00126756,101.2568,0,0.000000,0.000000
2015-04-01,0.00618423,96.7728,1,0.025707,199.461510,0.00325908,101.5827,1,0.043402,282.266107
2015-04-02,-0.00025314,96.7475,1,0.017864,160.379850,0.00023129,101.6058,1,0.037151,300.019370
2015-04-06,0.00668594,97.4161,1,0.023786,141.475790,0.00862557,102.4684,1,0.036963,281.164220
2015-04-07,0.00402926,97.8190,1,0.027824,181.815560,-0.00576677,101.8917,1,0.042537,262.038420
2015-04-08,0.00095681,97.9147,1,0.029469,199.865690,0.00031384,101.9231,1,0.052016,319.697540
2015-04-09,0.01260156,99.1748,1,0.026524,220.956110,0.00669778,102.5929,1,0.046642,281.789480
2015-04-10,0.00698587,99.8734,1,0.023753,201.208400,0.00067957,102.6608,1,0.038563,282.343820
2015-04-13,0.00429716,100.3031,1,0.035364,201.453880,0.00177061,102.8379,1,0.042249,301.130440
2015-04-14,-0.00426039,99.8771,1,0.032739,180.104180,-0.00314186,102.5237,0,0.000000,0.000000
2015-04-15,-0.00739540,99.1375,1,0.033730,200.147440,0.00700619,103.2243,1,0.041511,320.085046
2015-04-16,0.00302769,99.4403,1,0.021051,141.259650,-0.00554298,102.6700,1,0.037578,261.789450
2015-04-17,0.00373108,99.8134,1,0.020062,179.751740,-0.00120552,102.5495,1,0.041652,299.608120
2015-04-20,0.01004175,100.8176,1,0.029675,179.998670,-0.00228736,102.3207,0,0.000000,0.000000
2015-04-21,0.00839508,101.6571,1,0.026252,241.579010,0.00831833,103.1526,0,0.000000,0.000000
2015-04-22,0.00396888,102.0540,1,0.020202,141.381720,-0.00839711,102.3129,1,0.029371,260.933393
2015-04-23,0.00568236,102.6222,1,0.019064,120.227090,0.00066328,102.3792,1,0.045522,319.806600
2015-04-24,-0.00065666,102.5566,1,0.023766,120.798260,-0.00747652,101.6315,1,0.051452,300.784310
2015-04-27,-0.00063851,102.4927,1,0.030871,199.821000,-0.00707350,100.9242,1,0.056830,359.723700
2015-04-28,0.00507515,103.0002,1,0.022145,160.128900,0.00129085,101.0533,1,0.046125,359.018560
2015-04-29,0.00605321,103.6056,1,0.021689,161.493260,0.00976818,102.0301,0,0.000000,0.000000
2015-04-30,0.00243560,103.8491,1,0.026580,162.115790,-0.00433137,101.5970,1,0.046597,280.986848
2015-05-01,0.00042733,103.8918,1,0.015207,120.200700,0.00193536,101.7905,1,0.043584,319.625820
2015-05-04,-0.00056946,103.8349,1,0.038676,201.906560,-0.00822787,100.9677,0,0.000000,0.000000
2015-05-05,-0.00407865,103.4270,1,0.033195,201.424350,0.00386601,101.3543,0,0.000000,0.000000
2015-05-06,-0.00518311,102.9087,1,0.037371,238.863490,-0.00175588,101.1787,0,0.000000,0.000000
2015-05-07,-0.00718507,102.1902,1,0.025687,200.378080,0.00858775,102.0375,1,0.036365,301.217091
2015-05-08,0.00175340,102.3656,1,0.020100,121.947240,0.00446713,102.4842,1,0.032907,261.556740
2015-05-11,0.00656390,103.0219,1,0.019630,162.667800,-0.00136503,102.3477,0,0.000000,0.000000
2015-05-12,0.00015093,103.0370,1,0.023667,160.557460,0.00197795,102.5455,1,0.041805,281.478376
2015-05-13,-0.00755801,102.2812,1,0.030861,200.351520,-0.00585851,101.9597,1,0.041051,280.645980
2015-05-14,0.00512038,102.7933,1,0.040622,258.438380,-0.00153263,101.8064,1,0.038523,300.497140
2015-05-15,-0.00224476,102.5688,1,0.039686,222.638060,-0.00973984,100.8324,0,0.000000,0.000000
2015-05-18,0.00199575,102.7684,1,0.025055,161.376930,-0.00418491,100.4139,1,0.061081,362.732584
2015-05-19,-0.00039101,102.7293,1,0.035271,180.668190,0.00606485,101.0204,1,0.054815,340.904810
2015-05-20,0.00252307,102.9816,1,0.017493,121.144770,0.00258882,101.2793,1,0.032098,260.965700
2015-05-21,-0.00052340,102.9292,1,0.031120,199.927200,-0.00456675,100.8226,1,0.051695,320.348400
2015-05-22,0.00212229,103.1415,1,0.028471,180.497080,-0.00033571,100.7890,1,0.055001,340.279340
2015-05-26,0.00233781,103.3753,1,0.025919,180.142880,0.00135601,100.9246,1,0.036749,280.199530
2015-05-27,0.00898975,104.2742,1,0.023375,140.330800,0.00028489,100.9531,0,0.000000,0.000000
2015-05-28,-0.00097925,104.1763,1,0.020705,201.143750,0.00183388,101.1365,0,0.000000,0.000000
2015-05-29,-0.00687532,103.4888,1,0.026082,180.081780,0.00310358,101.4469,1,0.038682,260.912523
2015-06-01,0.00326697,103.8155,1,0.032943,279.427590,0.00193929,101.6408,1,0.043581,280.620400
2015-06-02,0.01082300,104.8978,1,0.042630,280.424100,-0.00866320,100.7745,1,0.046920,320.669130
2015-06-03,-0.00236121,104.6616,1,0.031711,181.508210,0.02060691,102.8352,1,0.039869,300.078600
2015-06-04,-0.01082306,103.5793,1,0.030026,200.782190,0.00277526,103.1127,1,0.027664,161.830100
2015-06-05,0.00284629,103.8640,1,0.026241,181.210020,0.01586129,104.6988,0,0.000000,0.000000
2015-06-08,-0.00405834,103.4581,1,0.029234,200.964730,-0.00412650,104.2862,1,0.027150,181.567323
2015-06-09,-0.00292806,103.1653,1,0.026626,200.270560,0.00593402,104.8796,0,0.000000,0.000000
2015-06-10,0.00194644,103.3600,1,0.032036,220.671940,-0.00802504,104.0771,1,0.033784,239.933166
2015-06-11,0.00755276,104.1152,1,0.025754,162.064400,-0.00845049,103.2320,0,0.000000,0.000000
2015-06-12,-0.00122994,103.9923,1,0.031604,180.805770,-0.00623417,102.6086,1,0.053937,362.197248
2015-06-15,-0.00473797,103.5185,1,0.032117,160.749150,0.00212463,102.8211,1,0.061777,359.493860
2015-06-16,0.00082257,103.6007,1,0.028023,180.171000,0.00193048,103.0141,1,0.044532,280.209040
2015-06-17,0.00721639,104.3224,1,0.036951,221.087380,-0.00002094,103.0120,0,0.000000,0.000000
2015-06-18,0.01298138,105.6205,1,0.031132,141.346930,0.00702167,103.7142,1,0.053023,341.855039
2015-06-19,-0.00243469,105.3770,1,0.029399,201.809710,-0.00888507,102.8257,0,0.000000,0.000000
2015-06-22,-0.00306262,105.0708,1,0.027892,199.523830,0.00084387,102.9101,1,0.044443,361.260286
2015-06-23,-0.00140990,104.9298,1,0.026740,181.303150,0.00627981,103.5381,1,0.047199,301.542510
2015-06-24,-0.00354708,104.5751,1,0.022868,180.085670,0.00650779,104.1888,1,0.035641,240.404120
2015-06-25,0.00317319,104.8924,1,0.026851,140.187500,-0.00363371,103.8255,0,0.000000,0.000000
2015-06-26,-0.00413871,104.4785,1,0.025421,199.937670,0.00624891,104.4504,1,0.061989,358.797231
2015-06-29,-0.00615149,103.8634,1,0.019669,161.319730,0.00043976,104.4943,1,0.035054,261.601840
2015-06-30,-0.00031812,103.8315,1,0.021782,199.741260,-0.00228939,104.2654,0,0.000000,0.000000
2015-07-01,0.01202066,105.0336,1,0.027594,180.715810,-0.00281744,103.9836,1,0.038504,279.390211
2015-07-02,-0.00153482,104.8801,1,0.024062,142.518820,-0.00223679,103.7600,1,0.045499,341.948600
2015-07-06,-0.00399590,104.4805,1,0.026030,181.132500,0.00092010,103.8520,1,0.047270,360.674720
2015-07-07,-0.00145985,104.3346,1,0.023665,160.492000,0.00969100,104.8211,1,0.050430,339.783860
2015-07-08,-0.00281384,104.0532,1,0.030504,202.567540,0.00516566,105.3376,0,0.000000,0.000000
2015-07-09,0.00063324,104.1165,1,0.029246,160.754680,0.00466000,105.8036,0,0.000000,0.000000
2015-07-10,0.00108418,104.2249,1,0.027392,161.073170,0.00067220,105.8709,1,0.035470,241.533252
2015-07-13,0.00969193,105.1941,1,0.019637,122.067890,0.01020386,106.8912,0,0.000000,0.000000
2015-07-14,-0.00101347,105.0928,1,0.027557,221.568090,-0.00071425,106.8198,0,0.000000,0.000000
2015-07-15,0.00365108,105.4579,1,0.017992,121.526010,-0.00855870,105.9640,1,0.054490,344.138811
2015-07-16,-0.00000839,105.4570,1,0.029869,200.166260,0.01568103,107.5321,1,0.061207,339.335660
2015-07-17,-0.00300403,105.1566,1,0.045403,280.963310,0.00471951,108.0040,1,0.024619,182.226770
2015-07-20,0.00177247,105.3339,1,0.020843,160.126960,0.00664562,108.6686,0,0.000000,0.000000
2015-07-21,-0.00123478,105.2104,1,0.022748,120.880930,-0.00173234,108.4953,1,0.046124,260.518791
2015-07-22,-0.00410500,104.7999,1,0.018450,160.640870,0.00130960,108.6263,1,0.044870,339.801030
2015-07-23,0.00017811,104.8177,1,0.029829,181.137730,-0.01310145,107.3161,1,0.052415,300.904310
2015-07-24,-0.00482164,104.3355,1,0.035734,200.108840,-0.01452740,105.8634,1,0.079320,399.932750
2015-07-27,0.00430960,104.7665,1,0.027680,179.459290,0.00311541,106.1749,1,0.064999,377.964640
2015-07-28,0.00598375,105.3649,1,0.031025,160.629560,0.00174819,106.3498,1,0.053921,320.453740
2015-07-29,-0.00823077,104.5418,1,0.024887,181.528960,0.00252452,106.6022,0,0.000000,0.000000
2015-07-30,0.01255135,105.7969,1,0.022605,162.828310,-0.00425901,106.1763,0,0.000000,0.000000
2015-07-31,0.00172713,105.9697,1,0.023647,162.449420,0.00784186,106.9605,1,0.055614,343.874642
2015-08-03,0.00234597,106.2042,1,0.019123,140.801580,0.00063103,107.0236,1,0.038187,221.458400
2015-08-04,-0.00027463,106.1768,1,0.033533,201.351140,-0.00333331,106.6903,1,0.048811,280.531850
2015-08-05,-0.00248844,105.9279,1,0.019104,182.027550,-0.00334920,106.3554,1,0.040850,320.813820
2015-08-06,-0.00659311,105.2686,1,0.021871,181.458580,-0.01310695,105.0447,1,0.054855,361.214990
2015-08-07,0.00938759,106.2074,1,0.027991,161.073140,0.00021982,105.0666,1,0.052498,319.663580
2015-08-10,0.00936919,107.1443,1,0.027221,180.089790,-0.01504283,103.5624,1,0.040753,320.401880
2015-08-11,0.00292288,107.4366,1,0.031302,201.898880,-0.01478029,102.0843,1,0.046449,362.543590
2015-08-12,0.00332761,107.7694,1,0.023059,180.223830,0.00071350,102.1557,1,0.049910,359.259840
2015-08-13,0.00443994,108.2134,1,0.030056,162.211860,-0.00249048,101.9066,1,0.040688,302.396740
2015-08-14,0.00370408,108.5838,1,0.027402,160.837870,0.00221291,102.1279,1,0.045289,300.239540
2015-08-17,-0.00689660,107.8941,1,0.026730,181.339210,-0.00179521,101.9484,1,0.041051,281.644500
2015-08-18,-0.00760347,107.1338,1,0.024717,141.946910,-0.00584169,101.3642,0,0.000000,0.000000
2015-08-19,-0.00090276,107.0435,1,0.024046,180.383830,-0.00635534,100.7287,1,0.054564,361.642557
2015-08-20,-0.00749077,106.2944,1,0.025667,180.384150,0.02471205,103.1999,1,0.051015,338.966510
2015-08-21,-0.00569059,105.7253,1,0.023649,140.058090,0.01452630,104.6525,0,0.000000,0.000000
2015-08-24,-0.00244040,105.4813,1,0.013660,82.861410,0.00629376,105.2819,0,0.000000,0.000000
2015-08-25,0.01579312,107.0606,1,0.011828,104.367540,-0.01192363,104.0896,0,0.000000,0.000000
2015-08-26,-0.00829316,106.2313,1,0.020246,142.132120,-0.00359619,103.7299,0,0.000000,0.000000
2015-08-27,0.00601517,106.8328,1,0.032163,184.654390,-0.01507499,102.2224,0,0.000000,0.000000
2015-08-28,-0.00818961,106.0139,1,0.022251,184.866440,-0.01244153,100.9783,0,0.000000,0.000000
2015-08-31,-0.00466032,105.5478,1,0.013092,62.455610,0.00299345,101.2776,1,0.062275,335.552299
2015-09-01,-0.00102891,105.4449,1,0.007681,61.588120,-0.00429071,100.8486,1,0.043321,279.916800
2015-09-02,0.00380534,105.8255,1,0.029826,180.033890,-0.00323253,100.5253,0,0.000000,0.000000
2015-09-03,0.00546463,106.3719,1,0.042027,203.756020,0.00788273,101.3136,0,0.000000,0.000000
2015-09-04,-0.00122089,106.2498,1,0.026989,162.115790,-0.00051369,101.2622,0,0.000000,0.000000
2015-09-08,-0.00112748,106.1371,1,0.033818,199.917280,0.00060096,101.3223,0,0.000000,0.000000
2015-09-09,0.00544777,106.6819,1,0.027653,203.673430,-0.00763398,100.5589,0,0.000000,0.000000
2015-09-10,0.00048594,106.7305,1,0.015906,121.003190,-0.00338738,100.2202,0,0.000000,0.000000
2015-09-11,-0.00661205,106.0693,1,0.023815,141.664180,0.01958311,102.1785,1,0.051889,339.271178
2015-09-14,-0.00468918,105.6003,1,0.029988,182.450290,-0.00305548,101.8729,1,0.033518,242.557860
2015-09-15,0.00900253,106.5006,1,0.038917,259.942370,0.00617140,102.4901,1,0.067070,359.826930
2015-09-16,-0.00183623,106.3170,1,0.033473,242.102790,0.00828051,103.3181,0,0.000000,0.000000
2015-09-17,0.00639372,106.9563,1,0.023758,161.611390,0.00082035,103.4002,0,0.000000,0.000000
2015-09-18,-0.00040525,106.9158,1,0.029585,181.063670,0.01996218,105.3964,1,0.052932,304.251251
2015-09-21,-0.00013585,106.9022,1,0.025055,181.169300,-0.00156467,105.2399,0,0.000000,0.000000
2015-09-22,-0.00001705,106.9005,1,0.036055,161.904350,0.00399230,105.6391,1,0.051020,319.632248
2015-09-23,-0.00483788,106.4167,1,0.023798,140.995270,0.01585375,107.2245,0,0.000000,0.000000
2015-09-24,-0.00582883,105.8339,1,0.027753,181.451450,0.00330228,107.5547,1,0.035252,261.215983
2015-09-25,-0.01248862,104.5850,1,0.023952,160.606890,0.00938101,108.4928,1,0.037199,300.602100
2015-09-28,-0.00135645,104.4493,1,0.027635,160.718230,0.02064309,110.5571,1,0.047671,321.040300
2015-09-29,-0.00931523,103.5178,1,0.029663,200.167590,-0.00686682,109.8705,0,0.000000,0.000000
2015-09-30,-0.00681919,102.8359,1,0.032679,182.494240,0.01462696,111.3332,1,0.060894,338.474481
2015-10-01,-0.01403168,101.4327,1,0.021828,144.834900,0.01722633,113.0558,0,0.000000,0.000000
2015-10-02,0.01122756,102.5555,1,0.022274,141.371380,-0.01355578,111.7002,1,0.044938,266.537456
2015-10-05,0.00703407,103.2589,1,0.027383,166.589510,-0.00318456,111.3818,0,0.000000,0.000000
2015-10-06,-0.00022656,103.2362,1,0.028206,183.418510,-0.00779160,110.6026,0,0.000000,0.000000
2015-10-07,0.00783086,104.0193,1,0.026484,180.895350,0.01281355,111.8840,1,0.065355,329.170229
2015-10-08,0.00028021,104.0473,1,0.022199,143.474050,0.01966798,113.8508,0,0.000000,0.000000
2015-10-09,-0.00645917,103.4014,1,0.021537,183.008160,0.00059994,113.9107,0,0.000000,0.000000
2015-10-12,0.00111489,103.5129,1,0.025141,201.347260,0.00249735,114.1605,1,0.056645,346.132839
2015-10-13,0.00168297,103.6812,1,0.019803,160.793130,-0.00217196,113.9433,1,0.045186,321.306500
2015-10-14,-0.00649831,103.0314,1,0.026291,199.059960,0.00146790,114.0901,0,0.000000,0.000000
2015-10-15,0.01097947,104.1293,1,0.025013,161.448300,0.01794308,115.8844,1,0.041682,278.673684
2015-10-16,0.00936621,105.0660,1,0.027379,183.245200,-0.01752226,114.1322,0,0.000000,0.000000
2015-10-19,-0.01066740,103.9992,1,0.037840,221.219500,0.01156240,115.2884,1,0.056800,363.445287
2015-10-20,0.00415923,104.4151,1,0.024637,181.312580,-0.00651187,114.6372,1,0.035677,281.943120
2015-10-21,-0.00219120,104.1960,1,0.028930,180.655980,0.00556475,115.1937,1,0.058105,320.614030
2015-10-22,0.01121311,105.3173,1,0.034809,179.667730,-0.00299227,114.8945,1,0.042447,240.466720
2015-10-23,0.01988530,107.3059,1,0.040170,243.607620,-0.00679353,114.2151,0,0.000000,0.000000
2015-10-26,0.00827844,108.1337,1,0.034046,203.277040,-0.00602312,113.6128,1,0.057162,345.383578
2015-10-27,0.00041658,108.1754,1,0.032232,200.401310,0.01529220,115.1420,1,0.062370,340.405990
2015-10-28,-0.00153940,108.0214,1,0.025060,200.003150,-0.00927448,114.2146,1,0.048128,281.178690
2015-10-29,-0.00139662,107.8818,1,0.032942,242.969480,0.00529570,114.7441,1,0.052270,323.412200
2015-10-30,0.00747703,108.6295,1,0.038227,201.234780,-0.00733520,114.0106,1,0.046250,300.583360
2015-11-02,0.00045911,108.6754,1,0.026669,201.158650,-0.00684469,113.3261,1,0.047919,320.006810
2015-11-03,-0.01051122,107.6243,1,0.032832,223.339640,0.01013208,114.3394,0,0.000000,0.000000
2015-11-04,0.00214400,107.8387,1,0.035220,181.993850,-0.01357971,112.9814,1,0.040891,264.150417
2015-11-05,-0.01785008,106.0536,1,0.040598,220.386460,0.00181469,113.1629,1,0.055491,379.346120
2015-11-06,-0.03054198,102.9994,1,0.033848,260.265110,-0.00183643,112.9792,1,0.045423,300.617060
2015-11-09,0.00447693,103.4471,1,0.032947,219.425090,-0.03489904,109.4893,1,0.050814,340.846020
2015-11-10,0.00787629,104.2348,1,0.028891,201.299080,-0.00843961,108.6453,0,0.000000,0.000000
2015-11-11,-0.00403023,103.8317,1,0.043853,262.093920,0.02018880,110.6642,1,0.050230,341.474760
2015-11-12,-0.00342771,103.4890,1,0.025381,161.420430,0.00265406,110.9296,1,0.037554,262.250570
2015-11-13,-0.00095584,103.3934,1,0.031624,219.250110,0.00511802,111.4414,0,0.000000,0.000000
2015-11-16,-0.00275008,103.1184,1,0.031558,199.642360,-0.00006409,111.4350,1,0.046779,279.643452
2015-11-17,-0.00749579,102.3688,1,0.030909,222.274410,0.00739722,112.1747,0,0.000000,0.000000
2015-11-18,0.00622087,102.9909,1,0.035793,219.751470,-0.00205725,111.9690,1,0.047025,262.100573
2015-11-19,0.00179110,103.1700,1,0.026470,223.431320,0.00333587,112.3026,0,0.000000,0.000000
2015-11-20,-0.00090626,103.0794,1,0.040046,219.967660,0.00016386,112.3190,1,0.049254,323.411169
2015-11-23,0.00084160,103.1635,1,0.022490,160.411540,-0.01313417,111.0056,1,0.044157,320.790160
2015-11-24,-0.00126657,103.0369,1,0.028957,220.609950,-0.00115562,110.8900,1,0.041972,342.692180
2015-11-25,-0.00021733,103.0151,1,0.024653,181.901480,-0.00528717,110.3613,1,0.046937,301.352910
2015-11-27,-0.00291614,102.7235,1,0.022154,141.179320,0.00505994,110.8673,1,0.046806,281.277980
2015-11-30,0.00606381,103.3299,1,0.044879,201.061980,-0.01480931,109.3864,0,0.000000,0.000000
2015-12-01,0.00499202,103.8291,1,0.020978,180.560440,0.00522660,109.9090,1,0.052080,379.430487
2015-12-02,0.00165729,103.9948,1,0.033601,222.530140,-0.00513736,109.3953,1,0.036036,262.514500
2015-12-03,-0.00112956,103.8819,1,0.025596,180.759570,-0.00350295,109.0450,0,0.000000,0.000000
2015-12-04,-0.00821967,103.0599,1,0.033587,179.780360,0.00388200,109.4332,0,0.000000,0.000000
2015-12-07,-0.01375441,101.6845,1,0.044261,222.767260,-0.00283455,109.1497,0,0.000000,0.000000
2015-12-08,0.00147165,101.8316,1,0.027005,160.571860,0.01124201,110.2739,1,0.048799,337.934186
2015-12-09,-0.01344739,100.4869,1,0.020779,120.493310,-0.01631517,108.6424,1,0.035527,281.352860
2015-12-10,0.00510945,100.9979,1,0.020125,161.833220,-0.01360869,107.2815,1,0.048979,340.563610
2015-12-11,0.01096847,102.0947,1,0.030183,201.123610,-0.00941914,106.3396,1,0.054044,340.312070
2015-12-14,-0.00752580,101.3421,1,0.030320,201.831170,-0.00317082,106.0226,1,0.051742,339.135130
2015-12-15,-0.00399928,100.9422,1,0.026298,200.306060,-0.00306618,105.7159,1,0.046358,301.182760
2015-12-16,0.00446639,101.3888,1,0.032621,242.513370,0.00016407,105.7323,0,0.000000,0.000000
2015-12-17,0.00163583,101.5524,1,0.030207,203.828220,0.00142118,105.8745,0,0.000000,0.000000
2015-12-18,0.00032892,101.5853,1,0.015238,140.918290,0.01485966,107.3604,0,0.000000,0.000000
2015-12-21,-0.01159506,100.4258,1,0.026026,180.711130,0.00430031,107.7905,0,0.000000,0.000000
2015-12-22,-0.00729228,99.6966,1,0.021608,182.017180,0.00655381,108.4458,1,0.037779,282.435030
2015-12-23,0.00611882,100.3085,1,0.032378,202.360780,-0.01398896,107.0469,0,0.000000,0.000000
2015-12-24,-0.00189377,100.1191,1,0.031967,203.309060,0.00588177,107.6351,0,0.000000,0.000000
2015-12-28,0.00957080,101.0762,1,0.036500,160.301910,-0.00337227,107.2979,1,0.062657,284.721881
2015-12-29,-0.00282417,100.7937,1,0.023637,160.801540,-0.00445750,106.8521,1,0.063410,320.847150
2015-12-30,-0.00264311,100.5294,1,0.020591,141.835220,0.00122981,106.9751,0,0.000000,0.000000
2015-12-31,0.00088702,100.6181,1,0.032568,179.879300,-0.00668702,106.3064,0,0.000000,0.000000
2016-01-04,-0.00911731,99.7064,1,0.026061,179.832130,-0.01300862,105.0056,0,0.000000,0.000000
2016-01-05,-0.00256246,99.4502,1,0.036236,219.084650,0.00819539,105.8251,0,0.000000,0.000000
2016-01-06,0.01154023,100.6042,1,0.026077,161.807010,0.01663225,107.4883,1,0.051595,278.494155
2016-01-07,0.00096632,100.7008,1,0.023418,122.742000,0.00816589,108.3049,0,0.000000,0.000000
2016-01-08,-0.00256431,100.4444,1,0.035341,199.884210,-0.00720896,107.5840,0,0.000000,0.000000
2016-01-11,-0.00810678,99.6337,1,0.029958,160.990550,-0.00316489,107.2675,1,0.055109,353.626329
2016-01-12,-0.02546461,97.0872,1,0.024651,160.590560,0.00562751,107.8303,1,0.048039,299.720780
2016-01-13,-0.00855913,96.2313,1,0.042833,221.253570,0.00361155,108.1914,1,0.044465,261.706610
2016-01-14,0.00966745,97.1981,1,0.066155,278.441240,0.00627076,108.8185,0,0.000000,0.000000
2016-01-15,-0.01213020,95.9850,1,0.030970,202.818040,-0.03403266,105.4152,1,0.058406,319.248634
2016-01-19,0.01048072,97.0331,1,0.041228,277.797770,-0.01015515,104.3997,0,0.000000,0.000000
2016-01-20,-0.00277079,96.7560,1,0.037519,201.685340,-0.01062474,103.3373,1,0.047294,318.510362
2016-01-21,0.01129098,97.8851,1,0.028072,140.929060,0.00942046,104.2793,1,0.061184,340.089620
2016-01-22,0.00112175,97.9973,1,0.024725,182.210210,0.00752369,105.0317,1,0.049161,282.471290
2016-01-25,-0.01854183,96.1431,1,0.042713,265.121840,-0.01631600,103.4001,0,0.000000,0.000000
2016-01-26,-0.01222067,94.9211,1,0.041567,260.034990,-0.00413494,102.9866,1,0.064324,381.382560
2016-01-27,-0.00151540,94.7695,1,0.051710,264.041800,-0.01237346,101.7492,0,0.000000,0.000000
2016-01-28,0.01340747,96.1103,1,0.037153,239.568150,0.01874337,103.6236,1,0.070583,381.280323
2016-01-29,0.01906079,98.0164,1,0.043501,262.420980,-0.00170172,103.4534,1,0.048182,263.529120
2016-02-01,-0.01227249,96.7891,1,0.031879,266.692340,-0.00954864,102.4985,0,0.000000,0.000000
2016-02-02,-0.01039773,95.7493,1,0.038263,201.056430,0.00904680,103.4032,1,0.065380,367.939149
2016-02-03,-0.00155909,95.5934,1,0.032889,199.790670,-0.00021740,103.3815,0,0.000000,0.000000
2016-02-04,0.00495414,96.0888,1,0.045306,223.599600,0.00280911,103.6624,1,0.068569,319.368853
2016-02-05,0.01145639,97.2345,1,0.031341,221.140260,-0.00461279,103.2011,1,0.046499,261.742200
2016-02-08,-0.00433840,96.8006,1,0.040650,239.785620,0.03845808,107.0469,1,0.046252,319.555960
2016-02-09,0.00205269,97.0059,1,0.042841,219.783510,0.00369794,107.4167,1,0.018426,162.870220
2016-02-10,0.00384850,97.3908,1,0.043780,280.780450,0.00411258,107.8280,1,0.038542,302.780720
2016-02-11,-0.00144006,97.2467,1,0.049966,241.195930,0.00443034,108.2710,1,0.050156,262.237080
2016-02-12,0.00677113,97.9239,1,0.050267,238.696540,-0.00709928,107.5611,0,0.000000,0.000000
2016-02-16,0.01571037,99.4949,1,0.047323,226.362580,-0.00055644,107.5054,0,0.000000,0.000000
2016-02-17,0.01873985,101.3689,1,0.045315,245.012820,0.00195939,107.7014,0,0.000000,0.000000
2016-02-18,-0.00992275,100.3766,1,0.029005,184.149100,0.00136966,107.8383,0,0.000000,0.000000
2016-02-19,0.01294249,101.6709,1,0.036831,181.578190,0.00479602,108.3179,1,0.048818,328.943156
2016-02-22,-0.00307840,101.3630,1,0.030830,141.958120,-0.01619939,106.6980,1,0.057259,301.139400
2016-02-23,0.00250054,101.6131,1,0.047386,263.811750,-0.00057649,106.6403,0,0.000000,0.000000
2016-02-24,-0.00479147,101.1339,1,0.036277,202.362180,-0.00222929,106.4174,1,0.057659,322.724341
2016-02-25,-0.00452086,100.6818,1,0.024036,121.678970,-0.00987455,105.4300,1,0.054835,343.018250
2016-02-26,0.00533329,101.2152,1,0.039871,282.302450,-0.00341265,105.0887,0,0.000000,0.000000
2016-02-29,-0.00381941,100.8332,1,0.041351,262.169920,-0.01424115,103.6646,1,0.058365,342.747998
2016-03-01,-0.01126329,99.7069,1,0.031359,220.355850,-0.01899577,101.7650,1,0.058287,378.481290
2016-03-02,0.00575005,100.2819,1,0.030005,204.780110,-0.01003365,100.7616,0,0.000000,0.000000
2016-03-03,0.00012961,100.2949,1,0.013129,121.628350,0.01164430,101.9261,1,0.055530,346.825325
2016-03-04,0.01141089,101.4359,1,0.034881,201.626230,0.00716403,102.6425,0,0.000000,0.000000
2016-03-07,-0.00083936,101.3520,1,0.030376,142.869950,0.00908857,103.5513,1,0.042853,284.149919
2016-03-08,-0.00379649,100.9724,1,0.013749,122.965180,-0.01278211,102.2731,1,0.037271,302.311690
2016-03-09,-0.00358315,100.6140,1,0.044335,240.466980,0.01061909,103.3350,1,0.052301,318.253740
2016-03-10,-0.00253394,100.3607,1,0.034874,261.599980,-0.00799138,102.5359,1,0.038628,301.759770
2016-03-11,-0.00220661,100.1400,1,0.034921,201.051460,-0.00786596,101.7493,1,0.061446,321.252290
2016-03-14,0.00648310,100.7883,1,0.028770,203.911240,0.00151630,101.9009,0,0.000000,0.000000
2016-03-15,0.00160248,100.9486,1,0.015312,101.176640,0.01635105,103.5360,1,0.039345,263.204531
2016-03-16,-0.00585342,100.3632,1,0.032602,181.009980,-0.00351939,103.1841,1,0.045039,221.345950
2016-03-17,-0.00126885,100.2363,1,0.039395,182.780900,-0.00187462,102.9966,0,0.000000,0.000000
2016-03-18,0.00230902,100.4672,1,0.029128,202.124190,-0.01508772,101.4879,0,0.000000,0.000000
2016-03-21,0.00533809,101.0010,1,0.028511,202.832190,0.00347672,101.8355,1,0.058988,364.839754
2016-03-22,-0.00019359,100.9817,1,0.032539,201.332500,-0.00147961,101.6876,1,0.046571,300.796400
2016-03-23,0.00337741,101.3194,1,0.028969,201.124420,-0.00785544,100.9020,1,0.037934,280.907070
2016-03-24,-0.00427939,100.8915,1,0.030229,180.794570,-0.01121849,99.7802,1,0.044039,319.170450
2016-03-28,-0.00578947,100.3125,1,0.050787,241.293950,-0.00912333,98.8678,1,0.057973,361.079750
2016-03-29,0.00178883,100.4914,1,0.033037,220.467900,-0.00010217,98.8576,1,0.047527,360.466800
2016-03-30,-0.00510447,99.9810,1,0.029457,203.068600,-0.00138995,98.7186,0,0.000000,0.000000
2016-03-31,-0.00690907,99.2901,1,0.028777,200.827070,-0.01546235,97.1724,1,0.045375,322.345346
2016-04-01,-0.00003324,99.2867,1,0.030254,201.196630,-0.01184160,95.9882,1,0.052690,340.601760
2016-04-04,0.00485837,99.7726,1,0.031953,221.392250,0.00019780,96.0080,1,0.053310,360.643410
2016-04-05,-0.00876942,98.8956,1,0.026632,200.099930,-0.00608837,95.3992,1,0.036517,279.807690
2016-04-06,0.01954122,100.8497,1,0.031958,180.899990,0.00026241,95.4254,0,0.000000,0.000000
2016-04-07,-0.01843281,99.0065,1,0.033011,204.344960,-0.01298957,94.1265,0,0.000000,0.000000
2016-04-08,0.00186716,99.1932,1,0.033654,260.338490,-0.00789704,93.3368,0,0.000000,0.000000
2016-04-11,0.00307207,99.5004,1,0.037913,260.935590,0.00452700,93.7895,1,0.049050,341.252541
2016-04-12,-0.00172300,99.3281,1,0.026810,180.259820,0.00241072,94.0305,1,0.046548,240.509630
2016-04-13,0.01197580,100.5257,1,0.023030,182.324390,0.00466181,94.4967,1,0.044269,302.460980
2016-04-14,-0.00033021,100.4927,1,0.019341,162.451350,0.01127370,95.6241,1,0.036280,322.310730
2016-04-15,-0.00112530,100.3801,1,0.019790,120.885580,-0.00174179,95.4499,1,0.030539,240.886650
2016-04-18,-0.00177372,100.2027,1,0.020482,141.677560,-0.00378587,95.0713,1,0.035297,321.580520
2016-04-19,-0.00428920,99.7738,1,0.015200,121.512710,0.00376057,95.4474,0,0.000000,0.000000
2016-04-20,0.00172453,99.9463,1,0.008457,82.088140,-0.00543463,94.9039,1,0.027543,262.400952
2016-04-21,0.00984151,100.9304,1,0.016719,141.346070,0.01103007,96.0069,1,0.046673,360.429220
2016-04-22,-0.00472671,100.4578,1,0.017341,121.589150,-0.00316726,95.6902,1,0.044626,319.313720
2016-04-25,-0.00147443,100.3103,1,0.026173,160.802210,-0.01085243,94.6049,1,0.039753,341.397240
2016-04-26,0.00280814,100.5911,1,0.019996,142.247270,-0.01233183,93.3718,1,0.051973,380.162070
2016-04-27,-0.00536013,100.0551,1,0.011363,102.102370,0.01565607,94.9374,1,0.046783,361.879630
2016-04-28,0.00850724,100.9058,1,0.027976,181.146950,-0.01823940,93.1134,1,0.056260,301.939710
2016-04-29,-0.00113937,100.7919,1,0.021217,161.736440,0.01082031,94.1955,1,0.053689,359.741020
2016-05-02,0.00118634,100.9105,1,0.015786,120.991980,-0.00785168,93.4103,1,0.040238,240.705660
2016-05-03,-0.00147235,100.7633,1,0.034235,182.340260,-0.00168801,93.2415,0,0.000000,0.000000
2016-05-04,0.01284169,102.0475,1,0.030201,200.429340,0.01018811,94.2603,0,0.000000,0.000000
2016-05-05,-0.00796834,101.2506,1,0.026824,161.701250,-0.00720264,93.5400,1,0.041894,281.789877
2016-05-06,-0.00223006,101.0276,1,0.025736,181.440710,-0.00002863,93.5372,1,0.045233,321.684670
2016-05-09,0.00450724,101.4784,1,0.025046,161.044930,-0.00549780,92.9874,1,0.041110,281.338390
2016-05-10,-0.00523101,100.9553,1,0.019131,182.112690,-0.01340726,91.6467,1,0.043966,321.932470
2016-05-11,-0.01217321,99.7379,1,0.034221,223.053790,-0.01874054,89.7726,0,0.000000,0.000000
2016-05-12,0.00070411,99.8083,1,0.036869,239.586240,0.00225174,89.9978,0,0.000000,0.000000
2016-05-13,-0.00735456,99.0729,1,0.040596,201.320340,-0.00187548,89.8102,1,0.049468,323.480751
2016-05-16,0.00221656,99.2945,1,0.033144,259.757940,0.00932453,90.7427,1,0.044877,319.561660
2016-05-17,0.00264245,99.5588,1,0.035305,222.643060,0.00582192,91.3249,1,0.035778,262.768750
2016-05-18,-0.00131443,99.4273,1,0.028973,160.738190,0.01111933,92.4368,0,0.000000,0.000000
2016-05-19,-0.00669742,98.7576,1,0.028212,200.607230,-0.01004130,91.4327,1,0.043610,299.195729
2016-05-20,0.00833957,99.5916,1,0.029793,220.947570,-0.00769674,90.6630,1,0.057234,380.145680
2016-05-23,0.00417838,100.0094,1,0.028212,182.321030,-0.00346655,90.3164,1,0.044015,341.408540
2016-05-24,0.00547608,100.5570,1,0.016412,121.425250,0.01270220,91.5866,1,0.042810,320.589940
2016-05-25,0.00674946,101.2320,1,0.030634,183.079480,0.01400144,92.9867,0,0.000000,0.000000
2016-05-26,0.00485757,101.7177,1,0.030573,181.863040,-0.01347630,91.6391,1,0.039000,245.403532
2016-05-27,0.00305936,102.0236,1,0.034264,201.034290,-0.00976900,90.6622,1,0.053810,380.276770
2016-05-31,0.00531690,102.5553,1,0.027140,162.350120,-0.00447913,90.2143,1,0.060353,401.530290
2016-06-01,-0.00211402,102.3439,1,0.026132,180.650290,-0.00440268,89.7740,1,0.048948,359.748960
2016-06-02,-0.00042848,102.3011,1,0.038518,261.146950,0.00051737,89.8258,1,0.048543,360.694200
2016-06-03,-0.00096443,102.2046,1,0.027273,181.187130,-0.00253116,89.5726,0,0.000000,0.000000
2016-06-06,0.00018354,102.2230,1,0.033906,221.392770,0.00180298,89.7529,1,0.055112,321.004329
2016-06-07,0.00837252,103.0603,1,0.032378,201.386160,0.00422993,90.1759,1,0.040307,281.755450
2016-06-08,0.00624063,103.6843,1,0.027457,201.779530,-0.00894711,89.2812,1,0.039601,281.127180
2016-06-09,-0.00742638,102.9417,1,0.020988,161.259860,-0.00391717,88.8895,1,0.045887,320.483830
2016-06-10,0.00035445,102.9771,1,0.031405,220.670790,0.01468916,90.3584,1,0.034274,300.018150
2016-06-13,0.00307843,103.2850,1,0.023007,161.055810,0.00193309,90.5517,1,0.026531,180.990630
2016-06-14,-0.00650322,102.6346,1,0.031192,220.379450,-0.00085837,90.4659,0,0.000000,0.000000
2016-06-15,0.00174872,102.8095,1,0.024928,161.367330,-0.00805310,89.6606,1,0.033590,300.048735
2016-06-16,-0.00429535,102.3800,1,0.022885,161.240040,-0.00359176,89.3014,1,0.048936,380.026760
2016-06-17,-0.01275071,101.1049,1,0.020011,181.192530,-0.00689389,88.6120,1,0.047699,360.799440
2016-06-20,0.00665148,101.7701,1,0.020872,200.886940,-0.00608798,88.0032,1,0.048358,380.822950
2016-06-21,-0.00301565,101.4685,1,0.022165,181.820420,-0.00255590,87.7476,1,0.046740,361.425460
2016-06-22,-0.00363258,101.1052,1,0.017188,161.085140,-0.00548203,87.1994,1,0.037893,320.784710
2016-06-23,0.00998380,102.1036,1,0.020720,160.867390,-0.00092626,87.1068,1,0.042936,320.418290
2016-06-24,0.01457281,103.5609,1,0.034419,203.915120,0.00467107,87.5739,0,0.000000,0.000000
2016-06-27,0.04411813,107.9727,1,0.034117,239.163400,0.00315804,87.8897,0,0.000000,0.000000
2016-06-28,-0.01487102,106.4856,1,0.013032,125.233470,-0.03309293,84.5804,1,0.035753,319.279267
2016-06-29,0.01083974,107.5696,1,0.046076,305.527470,-0.02274735,82.3057,0,0.000000,0.000000
2016-06-30,-0.01193977,106.3756,1,0.019337,144.426570,0.01301961,83.6076,0,0.000000,0.000000
2016-07-01,0.00501052,106.8767,1,0.013278,124.271340,-0.01323078,82.2846,0,0.000000,0.000000
2016-07-05,-0.01484240,105.3924,1,0.026040,181.040990,-0.02306288,79.9783,1,0.048248,369.564563
2016-07-06,0.00047262,105.4397,1,0.033358,280.516300,-0.01212228,78.7660,1,0.045408,379.064840
2016-07-07,0.00242280,105.6820,1,0.037360,222.097300,0.00424783,79.1908,1,0.058147,400.764120
2016-07-08,0.01003944,106.6859,1,0.028516,180.580320,0.00952251,80.1431,1,0.033299,280.699050
2016-07-11,0.01038375,107.7243,1,0.022945,164.147100,-0.00057276,80.0858,0,0.000000,0.000000
2016-07-12,0.01202010,108.9263,1,0.016930,181.326720,0.01694084,81.7799,1,0.038756,324.670183
2016-07-13,-0.01435709,107.4906,1,0.026079,182.326700,-0.01423566,80.3563,1,0.029736,242.245740
2016-07-14,-0.00178686,107.3119,1,0.026916,220.294850,-0.00326181,80.0301,1,0.052511,400.031530
2016-07-15,0.00457438,107.7693,1,0.030732,221.241910,-0.00327944,79.7022,1,0.046184,320.194530
2016-07-18,-0.00397562,107.3718,1,0.028232,181.024810,-0.00182864,79.5193,1,0.040684,320.236420
2016-07-19,0.00235313,107.6071,1,0.021417,200.503790,-0.00606348,78.9130,1,0.047488,340.139520
2016-07-20,0.00963461,108.5705,1,0.023759,200.607010,-0.00233898,78.6791,1,0.043218,340.068740
2016-07-21,0.00078697,108.6492,1,0.026673,161.493400,0.00387295,79.0664,1,0.033035,281.533940
2016-07-22,0.00863085,109.5123,1,0.016585,179.922350,0.00616453,79.6828,1,0.026867,260.368210
2016-07-25,-0.00617830,108.8945,1,0.022640,181.718170,0.00820878,80.5037,0,0.000000,0.000000
2016-07-26,-0.00605653,108.2888,1,0.028423,220.029250,-0.01199658,79.3041,1,0.037598,282.192056
2016-07-27,0.00661526,108.9504,1,0.020074,162.150850,0.00584235,79.8883,1,0.041275,360.692380
2016-07-28,-0.00471802,108.4786,1,0.028592,180.829260,-0.00050548,79.8377,1,0.044958,299.458250
2016-07-29,0.00093360,108.5719,1,0.033430,180.697110,-0.00093285,79.7445,1,0.041605,321.398690
2016-08-01,-0.01365042,107.2069,1,0.027482,202.251330,-0.00756423,78.9880,1,0.031343,281.100800
2016-08-02,-0.00212326,106.9946,1,0.022896,139.797600,0.00050198,79.0382,1,0.050802,319.694800
2016-08-03,-0.00416306,106.5783,1,0.026036,240.353030,-0.01691946,77.3463,0,0.000000,0.000000
2016-08-04,-0.00415087,106.1632,1,0.024987,221.207810,-0.00777994,76.5683,1,0.059924,379.104816
2016-08-05,0.00223116,106.3863,1,0.023864,199.822520,-0.00499205,76.0691,1,0.042695,340.071070
2016-08-08,-0.00133823,106.2525,1,0.027423,201.384100,-0.00403979,75.6651,1,0.045859,360.817950
2016-08-09,-0.01008014,105.2444,1,0.020054,140.938720,-0.00098176,75.5669,1,0.050296,340.452820
2016-08-10,0.01271626,106.5161,1,0.029364,220.666800,0.01089911,76.6568,1,0.035039,300.537420
2016-08-11,-0.00485878,106.0302,1,0.021918,160.797250,-0.00398182,76.2587,1,0.032392,241.597210
2016-08-12,-0.00062838,105.9674,1,0.028978,241.295360,-0.00110278,76.1484,1,0.040068,341.336370
2016-08-15,-0.00987263,104.9801,1,0.017073,141.071060,-0.02055179,74.0932,1,0.035839,320.422570
2016-08-16,0.00723902,105.7040,1,0.029688,221.527690,0.00877722,74.9709,1,0.051298,381.048300
2016-08-17,0.00753754,106.4577,1,0.014106,121.152410,-0.00484277,74.4866,0,0.000000,0.000000
2016-08-18,-0.00363688,106.0941,1,0.025888,141.620460,0.00679219,75.1659,1,0.044991,339.469025
2016-08-19,0.00941587,107.0356,1,0.024933,181.580080,-0.01323579,73.8423,0,0.000000,0.000000
2016-08-22,0.01484260,108.5199,1,0.028000,180.871500,-0.00323149,73.5191,1,0.047669,382.277723
2016-08-23,0.01029174,109.5491,1,0.026346,161.916980,-0.00679470,72.8397,1,0.044450,320.319240
2016-08-24,0.00289232,109.8383,1,0.016778,161.392540,-0.00225224,72.6144,1,0.040284,299.841960
2016-08-25,-0.00141698,109.6966,1,0.016608,140.968910,0.00003634,72.6181,1,0.046936,339.927660
2016-08-26,0.00602865,110.2995,1,0.023545,180.297050,0.00274376,72.8925,1,0.032734,280.459090
2016-08-29,0.00176547,110.4760,1,0.030763,200.938570,-0.00943666,71.9488,1,0.043516,320.257910
2016-08-30,-0.00007519,110.4685,1,0.020769,201.588870,0.00212216,72.1610,0,0.000000,0.000000
2016-08-31,-0.00543466,109.9250,1,0.026586,219.752490,-0.00154710,72.0063,1,0.029940,260.397856
2016-09-01,-0.01265156,108.6599,1,0.026706,200.122060,-0.00652089,71.3542,1,0.038329,340.846070
2016-09-02,0.00488417,109.1483,1,0.025483,240.788250,0.00045646,71.3999,1,0.034094,321.122160
2016-09-06,0.00483642,109.6319,1,0.021368,181.517080,0.00535175,71.9350,0,0.000000,0.000000
2016-09-07,-0.00094872,109.5371,1,0.019772,141.917930,-0.00185007,71.7500,1,0.033527,302.321861
2016-09-08,-0.01108091,108.4290,1,0.029111,221.444240,0.01053619,72.8036,1,0.038331,340.929860
2016-09-09,-0.00956748,107.4722,1,0.022158,179.722840,0.00760521,73.5642,1,0.037439,319.791910
2016-09-12,-0.00875151,106.5971,1,0.021311,179.400310,0.00346367,73.9105,0,0.000000,0.000000
2016-09-13,-0.00478944,106.1181,1,0.050214,382.196980,0.00268013,74.1785,0,0.000000,0.000000
2016-09-14,-0.00955840,105.1623,1,0.036480,278.186510,0.00402592,74.5811,0,0.000000,0.000000
2016-09-15,-0.00448472,104.7138,1,0.028842,240.581520,-0.00716705,73.8644,1,0.034385,278.627539
2016-09-16,-0.00023300,104.6905,1,0.022740,162.418310,0.00431946,74.2964,0,0.000000,0.000000
2016-09-19,0.00506559,105.1971,1,0.025421,160.932400,0.00396632,74.6930,1,0.036148,302.493151
2016-09-20,0.00306717,105.5038,1,0.023383,181.568000,0.00257659,74.9507,1,0.035731,321.565880
2016-09-21,0.00446685,105.9505,1,0.012855,120.553020,-0.00012239,74.9384,1,0.031449,300.156650
2016-09-22,0.00335454,106.2859,1,0.025436,183.676820,0.00245952,75.1844,0,0.000000,0.000000
2016-09-23,-0.00341253,105.9447,1,0.022323,182.555750,0.00075529,75.2599,0,0.000000,0.000000
2016-09-26,-0.00216727,105.7280,1,0.018517,160.307090,0.00978692,76.2386,1,0.027478,303.887579
2016-09-27,0.01167229,106.8952,1,0.030231,200.475990,-0.01385213,74.8534,1,0.039313,279.856790
2016-09-28,0.00298719,107.1939,1,0.030271,201.354600,-0.00231645,74.6217,1,0.046165,360.108080
2016-09-29,-0.00124757,107.0692,1,0.015847,161.986870,0.00278686,74.9004,1,0.036484,321.728620
2016-09-30,0.01127554,108.1967,1,0.041886,219.401770,-0.00020704,74.8797,0,0.000000,0.000000
2016-10-03,-0.00889846,107.3069,1,0.035836,223.002380,0.00302081,75.1818,1,0.034189,300.184352
2016-10-04,-0.00057182,107.2497,1,0.018662,142.121350,0.00714203,75.8960,1,0.025597,241.087570
2016-10-05,-0.00617146,106.6325,1,0.016776,161.041560,0.01978556,77.8746,0,0.000000,0.000000
2016-10-06,0.00134040,106.7666,1,0.020160,182.317650,0.00203192,78.0778,1,0.025508,202.601595
2016-10-07,-0.00245171,106.5214,1,0.022671,160.745780,-0.01111942,76.9658,1,0.037922,301.041800
2016-10-10,-0.00606566,105.9148,1,0.019996,141.138940,-0.00540402,76.4254,1,0.042562,358.691340
2016-10-11,0.00274526,106.1894,1,0.007394,82.055430,-0.00559082,75.8663,0,0.000000,0.000000
2016-10-12,0.00813037,107.0024,1,0.020903,141.769560,-0.00487489,75.3788,0,0.000000,0.000000
2016-10-13,0.00246744,107.2491,1,0.029126,181.832980,0.01861811,77.2406,1,0.047719,360.567122
2016-10-14,-0.00053345,107.1958,1,0.024265,181.313690,-0.00619799,76.6209,1,0.027969,221.113190
2016-10-17,-0.00033332,107.1625,1,0.028342,240.025360,0.00109503,76.7304,1,0.049767,359.901430
2016-10-18,-0.00337834,106.8246,1,0.027614,200.049150,-0.00041601,76.6888,1,0.039111,300.151230
2016-10-19,0.00593087,107.4177,1,0.028093,201.319440,-0.00702963,75.9858,0,0.000000,0.000000
2016-10-20,-0.00431348,106.9864,1,0.017408,162.606220,0.00123527,76.1093,1,0.036793,362.535625
2016-10-21,0.00971398,107.9578,1,0.016582,160.565500,0.00388613,76.4979,1,0.043227,319.615500
2016-10-24,0.00304081,108.2618,1,0.015729,141.363020,0.00095035,76.5930,1,0.030225,260.460620
2016-10-25,0.00343819,108.6057,1,0.023201,181.426050,-0.01439909,75.1531,1,0.036319,300.885920
2016-10-26,0.00548529,109.1542,1,0.019381,180.405460,-0.00454337,74.6987,1,0.031867,298.777350
2016-10-27,-0.01064459,108.0897,1,0.019879,161.127650,0.01367135,76.0659,1,0.038975,300.010830
2016-10-28,-0.00958026,107.1317,1,0.015326,201.367280,-0.00932552,75.1333,1,0.028542,261.225110
2016-10-31,0.01048431,108.1801,1,0.028269,222.062820,0.00427412,75.5607,1,0.051108,321.820350
2016-11-01,0.00645074,108.8252,1,0.025896,162.396080,-0.00922312,74.6384,1,0.036272,262.199940
2016-11-02,-0.00867414,107.9578,1,0.027814,220.569250,-0.00658445,73.9800,1,0.047655,359.461700
2016-11-03,0.02401795,110.3596,1,0.029255,219.965160,0.01799312,75.7793,1,0.043058,319.223510
2016-11-04,-0.00721782,109.6378,1,0.041022,242.293110,-0.00326538,75.4527,1,0.035688,241.707590
2016-11-07,0.00117835,109.7556,1,0.023335,201.875800,0.01216346,76.6691,1,0.033444,321.505470
2016-11-08,-0.00924319,108.8313,1,0.030219,184.827530,-0.01429037,75.2400,0,0.000000,0.000000
2016-11-09,-0.03306097,105.5252,1,0.031617,181.239340,-0.02619216,72.6208,1,0.046496,365.517566
2016-11-10,-0.00870958,104.6543,1,0.029298,183.765520,0.03906086,76.5269,1,0.050424,381.449400
2016-11-11,0.00298182,104.9525,1,0.024858,202.508860,0.01167096,77.6940,1,0.024674,242.580450
2016-11-14,-0.00201596,104.7509,1,0.014386,141.823640,0.02499756,80.1938,1,0.025884,261.791530
2016-11-15,-0.00069197,104.6817,1,0.028687,163.727530,-0.00969503,79.2243,1,0.032173,224.667600
2016-11-16,0.00247372,104.9290,1,0.012938,123.421950,0.00301202,79.5255,1,0.042588,342.410370
2016-11-17,-0.00233760,104.6953,1,0.020540,161.929970,-0.01064149,78.4613,1,0.040209,280.877570
2016-11-18,0.00802941,105.4982,1,0.014319,103.053820,-0.00116536,78.3448,1,0.047356,341.494980
2016-11-21,-0.00330186,105.1680,1,0.023006,181.120640,-0.01703687,76.6411,1,0.043477,319.680840
2016-11-22,-0.00258355,104.9097,1,0.021575,202.663940,-0.00437092,76.2040,1,0.040442,281.272450
2016-11-23,-0.00467585,104.4421,1,0.021505,181.863440,-0.00725007,75.4790,1,0.038577,341.941490
2016-11-25,0.00327136,104.7692,1,0.023704,180.957560,-0.01050969,74.4280,1,0.039609,360.281230
2016-11-28,-0.00368860,104.4004,1,0.028220,162.251240,-0.02333490,72.0945,0,0.000000,0.000000
2016-11-29,0.00990764,105.3911,1,0.017346,141.069800,0.00635340,72.7299,1,0.047630,381.985876
2016-11-30,-0.02468918,102.9222,1,0.021898,141.123370,-0.03712168,69.0177,1,0.033338,261.247790
2016-12-01,0.01732289,104.6545,1,0.030181,201.236140,0.01857533,70.8752,1,0.046887,379.806430
2016-12-02,-0.00244120,104.4104,1,0.016540,102.828250,-0.01039948,69.8353,1,0.033098,220.895760
2016-12-05,-0.00618817,103.7916,1,0.016687,161.745320,-0.00152060,69.6832,1,0.047950,381.068090
2016-12-06,-0.00397751,103.3938,1,0.023861,203.067090,0.00160054,69.8433,1,0.038076,322.296210
2016-12-07,0.01284871,104.6787,1,0.008639,81.529270,-0.00787603,69.0557,1,0.039453,321.717070
2016-12-08,0.01293432,105.9721,1,0.016898,143.533410,-0.00831151,68.2245,0,0.000000,0.000000
2016-12-09,0.00491897,106.4640,1,0.027743,183.431390,-0.00498463,67.7261,1,0.048623,343.427050
2016-12-12,0.00570230,107.0342,1,0.019630,180.716180,0.01258372,68.9844,1,0.038798,340.735880
2016-12-13,0.00032032,107.0663,1,0.020888,161.544780,-0.00431066,68.5534,1,0.023636,201.664530
2016-12-14,0.00238313,107.3046,1,0.021637,201.563580,-0.00099923,68.4534,1,0.037853,340.470850
2016-12-15,-0.00531613,106.7730,1,0.025923,160.789950,0.01183220,69.6367,1,0.051710,319.133310
2016-12-16,0.00476529,107.2495,1,0.019991,202.163070,-0.01157132,68.4795,1,0.017642,202.441130
2016-12-19,0.00121573,107.3711,1,0.020337,181.517120,0.00168818,68.6484,1,0.043252,379.890050
2016-12-20,0.00814071,108.1851,1,0.020239,200.560990,0.00170004,68.8184,1,0.030016,261.001870
2016-12-21,-0.01165918,107.0192,1,0.019368,141.067750,-0.00891109,67.9272,1,0.038729,320.958940
2016-12-22,-0.00386201,106.6330,1,0.014841,160.368990,-0.00177447,67.7498,1,0.031887,280.422760
2016-12-23,0.00079121,106.7122,1,0.017729,180.749300,-0.00045509,67.7043,1,0.041149,340.322280
2016-12-27,0.00189039,106.9012,1,0.016681,180.868870,0.00004023,67.7083,1,0.027397,321.152320
2016-12-28,0.00336436,107.2376,1,0.013124,140.934660,0.00137035,67.8453,1,0.039895,340.818080
2016-12-29,0.00481202,107.7188,1,0.014678,140.562480,-0.00229251,67.6161,0,0.000000,0.000000
2016-12-30,-0.00095316,107.6235,1,0.026006,201.219420,-0.00285126,67.3310,1,0.042306,339.591395
2017-01-03,0.00180078,107.8036,1,0.036912,260.117610,-0.00912363,66.4186,1,0.041063,359.907100
2017-01-04,0.00713332,108.5169,1,0.023118,142.491110,0.00524195,66.9428,1,0.044205,341.587080
2017-01-05,0.00234702,108.7516,1,0.018418,122.783390,0.00149037,67.0918,0,0.000000,0.000000
2017-01-06,-0.00375018,108.3766,1,0.020588,180.767120,-0.00039297,67.0525,1,0.038217,322.211303
2017-01-09,-0.01281925,107.0947,1,0.024625,181.979390,0.00521447,67.5740,1,0.045553,321.655920
2017-01-10,-0.00321884,106.7728,1,0.021164,141.633700,0.01092202,68.6662,1,0.045788,320.210680
2017-01-11,0.00846153,107.6189,1,0.019217,141.296360,-0.01158753,67.5074,1,0.031213,261.597870
2017-01-12,-0.00492508,107.1264,1,0.022388,181.854530,-0.00202316,67.3051,1,0.043416,360.664300
2017-01-13,0.01032174,108.1586,1,0.018906,140.369320,-0.00267429,67.0377,1,0.040649,300.412540
2017-01-17,-0.00879627,107.2790,1,0.021797,161.409900,-0.01285346,65.7523,1,0.046406,340.780160
2017-01-18,0.00002363,107.2814,1,0.013177,123.048970,-0.00946170,64.8062,1,0.043720,360.233920
2017-01-19,-0.00268362,107.0130,1,0.013612,122.015560,0.00015956,64.8221,1,0.049304,381.069750
2017-01-20,-0.00625128,106.3879,1,0.013358,100.938690,0.00240301,65.0624,0,0.000000,0.000000
2017-01-23,-0.00528502,105.8594,1,0.019862,161.558690,-0.00461998,64.6004,1,0.035228,300.275504
2017-01-24,0.00654511,106.5139,1,0.010369,100.918580,-0.00174442,64.4260,1,0.035552,300.242870
2017-01-25,-0.00156652,106.3572,1,0.022792,163.401140,-0.00010750,64.4152,0,0.000000,0.000000
2017-01-26,-0.00639915,105.7173,1,0.016185,142.737900,-0.00863045,63.5522,1,0.036025,304.398630
2017-01-27,-0.00563443,105.1539,1,0.010093,101.720850,-0.00438504,63.1137,1,0.038734,360.005460
2017-01-30,0.00491280,105.6451,1,0.021490,161.478090,-0.00435772,62.6779,1,0.046302,340.594650
2017-01-31,0.00130145,105.7753,1,0.017355,101.166570,-0.00372093,62.3058,0,0.000000,0.000000
2017-02-01,0.00466364,106.2416,1,0.020966,141.819420,0.00557852,62.8637,1,0.035788,319.497881
2017-02-02,-0.00393996,105.8477,1,0.018796,121.838030,-0.01373728,61.4900,1,0.041078,280.671280
2017-02-03,0.02322779,108.1704,1,0.017511,142.141320,0.01350137,62.8401,1,0.042553,360.930870
2017-02-06,-0.00013598,108.1568,1,0.023418,163.378130,-0.00671619,62.1685,0,0.000000,0.000000
2017-02-07,-0.00351738,107.8051,1,0.012958,140.608180,0.00121931,62.2904,1,0.035099,318.944216
2017-02-08,-0.00884576,106.9205,1,0.019956,161.516380,-0.01482586,60.8078,1,0.038536,321.537950
2017-02-09,0.01098335,108.0189,1,0.013635,101.729240,-0.00202944,60.6049,1,0.045874,342.702930
2017-02-10,0.00283858,108.3027,1,0.014082,103.492930,-0.00422601,60.1823,1,0.043961,342.154230
2017-02-13,-0.00405059,107.8977,1,0.018409,121.361280,-0.00152264,60.0300,1,0.042524,340.665460
2017-02-14,0.00804215,108.7019,1,0.015635,121.430590,-0.00516986,59.5130,1,0.041826,340.552300
2017-02-15,-0.00455850,108.2460,1,0.014370,121.335370,-0.00416737,59.0963,1,0.032117,320.765780
2017-02-16,0.00644720,108.8907,1,0.016770,161.987700,-0.00794557,58.3017,1,0.038597,361.339640
2017-02-17,0.00047965,108.9387,1,0.016755,161.876770,0.01959059,60.2608,1,0.035651,360.488580
2017-02-21,0.00057491,108.9962,1,0.011289,101.724320,-0.01249230,59.0116,1,0.030770,242.414150
2017-02-22,0.00658286,109.6545,1,0.013764,121.690220,0.00188522,59.2001,0,0.000000,0.000000
2017-02-23,0.00033598,109.6881,1,0.018402,160.517650,0.00778260,59.9783,1,0.032340,320.753787
2017-02-24,0.00034282,109.7224,1,0.021668,122.231100,0.00066387,60.0447,1,0.046913,301.036880
2017-02-27,0.01023241,110.7456,1,0.007829,81.944810,-0.00676023,59.3687,1,0.039553,281.966460
2017-02-28,0.00725921,111.4715,1,0.015989,101.377190,-0.01191709,58.1770,1,0.049219,320.833350
2017-03-01,-0.00907806,110.5637,1,0.025896,201.422450,-0.01061693,57.1153,1,0.046933,359.838870
2017-03-02,0.01561882,112.1256,1,0.029978,203.125630,0.01203426,58.3187,0,0.000000,0.000000
2017-03-03,0.00249789,112.3754,1,0.022251,141.479560,0.00082233,58.4010,1,0.026607,241.741053
2017-03-06,0.00721139,113.0965,1,0.023391,141.486200,-0.00602518,57.7984,1,0.039508,320.671140
2017-03-07,0.00335903,113.4324,1,0.014717,120.672070,0.00407773,58.2062,0,0.000000,0.000000
2017-03-08,0.00436313,113.8687,1,0.023037,181.224020,0.00150124,58.3563,1,0.034386,319.724440
2017-03-09,0.00088437,113.9572,1,0.015573,140.699850,0.00200802,58.5571,1,0.031578,280.987310
2017-03-10,0.00685132,114.6423,1,0.014508,140.537270,0.01640783,60.1979,1,0.033787,280.499360
2017-03-13,0.00062775,114.7051,1,0.017115,181.541260,-0.00012153,60.1858,1,0.028673,242.497670
2017-03-14,-0.00175235,114.5298,1,0.022295,200.859130,-0.00158020,60.0277,1,0.045960,340.259440
2017-03-15,0.00236290,114.7661,1,0.019510,199.996840,-0.00124306,59.9034,1,0.038796,359.648080
2017-03-16,-0.00105981,114.6602,1,0.021851,142.874580,0.00306567,60.2100,0,0.000000,0.000000
2017-03-17,-0.00277305,114.3829,1,0.015255,140.990550,0.00360561,60.5706,1,0.031499,302.874449
2017-03-20,-0.00038211,114.3446,1,0.015761,141.153870,-0.00389002,60.1816,1,0.037232,281.039400
2017-03-21,0.00863231,115.2079,1,0.022859,180.456730,-0.00051093,60.1305,1,0.045923,320.288070
2017-03-22,-0.00048962,115.1589,1,0.016892,121.827490,-0.00168384,59.9621,1,0.045964,339.769330
2017-03-23,0.00022857,115.1818,1,0.021653,161.198810,-0.00294277,59.6678,1,0.040887,340.891740
2017-03-24,0.00018518,115.2003,1,0.013472,160.716530,0.00060997,59.7288,1,0.038353,340.328550
2017-03-27,0.00089221,115.2895,1,0.019619,160.757330,0.00137423,59.8662,1,0.035007,320.414170
2017-03-28,-0.01040934,114.2486,1,0.011384,120.802500,-0.01341688,58.5245,1,0.038688,320.101770
2017-03-29,-0.00341330,113.9072,1,0.009630,102.589630,0.00593493,59.1180,1,0.047697,362.379740
2017-03-30,-0.00655735,113.2515,1,0.012145,141.200600,-0.00460264,58.6578,1,0.041524,321.193030
2017-03-31,0.00353660,113.6052,1,0.012200,121.033310,-0.00002036,58.6557,1,0.043966,340.259540
2017-04-03,-0.00867207,112.7380,1,0.015567,140.937500,-0.00352885,58.3029,1,0.047325,340.777850
2017-04-04,0.00247950,112.9859,1,0.011840,121.260340,0.00566505,58.8694,1,0.040775,340.410700
2017-04-05,0.00314187,113.3001,1,0.014103,101.510830,0.00106917,58.9763,1,0.032963,241.304540
2017-04-06,0.00127061,113.4272,1,0.017129,120.541070,-0.00121568,58.8547,1,0.040128,319.725300
2017-04-07,-0.00344802,113.0824,1,0.017072,140.996090,-0.00420050,58.4347,1,0.041870,360.922320
2017-04-10,0.00259392,113.3418,1,0.014368,140.888990,-0.00656484,57.7782,1,0.037324,339.985840
2017-04-11,0.00824989,114.1667,1,0.019031,141.285860,0.00081842,57.8600,1,0.032678,300.486560
2017-04-12,0.00494954,114.6617,1,0.014526,120.668960,-0.00718556,57.1415,1,0.030776,280.525800
2017-04-13,0.00097320,114.7590,1,0.018420,141.299000,0.00551857,57.6933,1,0.043533,359.487080
2017-04-17,0.01647814,116.4068,1,0.011076,101.435640,-0.01481284,56.2120,0,0.000000,0.000000
2017-04-18,0.00272771,116.6796,1,0.022859,183.586150,0.00630889,56.8429,0,0.000000,0.000000
2017-04-19,0.00355380,117.0350,1,0.018130,100.968090,0.00059263,56.9022,1,0.036427,280.516698
2017-04-20,-0.00722460,116.3125,1,0.015420,120.979850,0.00126694,57.0289,1,0.034836,320.201070
2017-04-21,0.00460774,116.7733,1,0.019546,122.223580,-0.00556025,56.4729,1,0.028445,260.869870
2017-04-24,0.00224045,116.9973,1,0.018905,120.821520,-0.00275678,56.1972,1,0.047558,340.166420
2017-04-25,0.00316507,117.3138,1,0.020883,142.314770,0.00273537,56.4707,0,0.000000,0.000000
2017-04-26,-0.00257205,117.0566,1,0.026565,161.605110,-0.00212890,56.2578,1,0.040760,302.626791
2017-04-27,0.01267731,118.3244,1,0.036129,201.604880,0.00871432,57.1293,1,0.060838,341.045110
2017-04-28,0.00074102,118.3985,1,0.012818,100.434200,-0.01190969,55.9383,1,0.045319,321.579770
2017-05-01,0.00514191,118.9127,1,0.025449,219.920540,0.00316255,56.2545,1,0.042715,359.182890
2017-05-02,-0.00671069,118.2416,1,0.022009,200.994200,0.00222733,56.4773,1,0.032697,281.001870
2017-05-03,-0.00141738,118.0999,1,0.016638,122.127740,0.00090907,56.5682,1,0.035593,320.619250
2017-05-04,0.00033496,118.1334,1,0.028284,180.628300,-0.01128684,55.4395,1,0.043134,319.733520
2017-05-05,0.00952698,119.0861,1,0.013662,161.305960,-0.01367332,54.0722,1,0.035622,361.361030
2017-05-08,0.00511110,119.5972,1,0.023400,181.456380,0.01038498,55.1107,1,0.052842,380.999970
2017-05-09,-0.00609074,118.9881,1,0.019104,200.763730,-0.00650427,54.4602,1,0.030247,260.768080
2017-05-10,-0.00568809,118.4193,1,0.015849,161.672190,0.00071851,54.5321,1,0.029679,301.032860
2017-05-11,-0.00492695,117.9266,1,0.007185,81.521460,-0.00169314,54.3628,1,0.029954,300.791570
2017-05-12,0.00517132,118.4437,1,0.021648,160.264890,0.00293498,54.6563,1,0.035822,299.873700
2017-05-15,-0.00164559,118.2792,1,0.015519,140.177920,-0.00487515,54.1688,1,0.029295,260.570140
2017-05-16,-0.00671518,117.6076,1,0.017828,121.364300,0.00096751,54.2655,0,0.000000,0.000000
2017-05-17,0.00377102,117.9847,1,0.019478,160.731790,-0.02597864,51.6676,1,0.039854,321.514597
2017-05-18,-0.00769543,117.2152,1,0.023633,180.800160,0.00458846,52.1265,1,0.044864,378.088950
2017-05-19,-0.02184413,115.0308,1,0.009863,101.529730,0.01739974,53.8665,1,0.043896,341.631750
2017-05-22,0.00230553,115.2613,1,0.011677,83.538910,0.00586994,54.4535,0,0.000000,0.000000
2017-05-23,0.00161159,115.4225,1,0.007091,62.622510,-0.00503090,53.9504,0,0.000000,0.000000
2017-05-24,0.00155811,115.5783,1,0.013219,101.351630,-0.00251810,53.6986,1,0.034540,305.142366
2017-05-25,0.01312905,116.8912,1,0.014445,100.901090,0.00736211,54.4348,1,0.033899,300.791150
2017-05-26,-0.00233834,116.6574,1,0.024734,121.609910,-0.02344977,52.0898,1,0.042887,301.682370
2017-05-30,-0.00379560,116.2778,1,0.022610,160.597140,0.00461594,52.5514,1,0.036766,361.738730
2017-05-31,-0.00418844,115.8590,1,0.015024,141.020790,0.01064417,53.6158,1,0.028633,260.515140
2017-06-01,-0.00592525,115.2664,1,0.016235,121.837980,-0.00005635,53.6102,1,0.019465,201.634290
2017-06-02,0.00269284,115.5357,1,0.037176,182.091990,0.00615547,54.2257,0,0.000000,0.000000
2017-06-05,-0.00132231,115.4035,1,0.021121,182.168460,0.00118381,54.3441,1,0.033529,303.055164
2017-06-06,-0.00176513,115.2270,1,0.021523,141.527690,-0.00254156,54.0899,1,0.029466,300.279010
2017-06-07,0.00072833,115.2998,1,0.015207,101.494770,-0.01009515,53.0804,1,0.037365,320.041690
2017-06-08,-0.00322749,114.9771,1,0.019549,141.335380,-0.00767688,52.3127,1,0.039458,300.037270
2017-06-09,0.01071866,116.0489,1,0.017674,180.895880,0.00247966,52.5607,1,0.044854,380.809530
2017-06-12,0.00307771,116.3567,1,0.022019,181.385140,0.00593522,53.1542,1,0.034208,300.972180
2017-06-13,-0.00439529,115.9172,1,0.012799,161.511770,-0.00261029,52.8932,1,0.032829,281.071630
2017-06-14,0.00067306,115.9845,1,0.015054,161.740410,-0.00304314,52.5889,0,0.000000,0.000000
2017-06-15,-0.00576895,115.4076,1,0.012045,120.654080,0.01364585,53.9535,1,0.038925,381.448756
2017-06-16,-0.00298708,115.1089,1,0.013438,100.190590,0.01433455,55.3869,1,0.034585,261.731270
2017-06-19,0.00049241,115.1581,1,0.014759,141.394150,-0.00005800,55.3811,1,0.030550,281.592380
2017-06-20,-0.00029053,115.1291,1,0.019133,181.804980,0.00163732,55.5449,1,0.028038,281.886830
2017-06-21,-0.01575782,113.5533,1,0.012722,101.761980,0.00890064,56.4349,1,0.029226,259.854470
2017-06-22,-0.00491584,113.0617,1,0.014954,121.504880,0.00546729,56.9816,1,0.032141,320.981250
2017-06-23,-0.00308385,112.7533,1,0.007805,81.063590,0.00143163,57.1248,1,0.028337,280.353170
2017-06-26,0.01050614,113.8039,1,0.011886,101.664220,-0.01151601,55.9732,1,0.025961,281.955480
2017-06-27,0.00090689,113.8946,1,0.018921,160.828980,0.01356429,57.3296,1,0.049191,400.180320
2017-06-28,-0.00525556,113.3691,1,0.012166,122.049670,-0.01505525,55.8241,0,0.000000,0.000000
2017-06-29,0.00588643,113.9577,1,0.017587,121.948010,-0.00889785,54.9343,1,0.051515,399.126468
2017-06-30,0.00162218,114.1199,1,0.023792,200.818150,0.00499771,55.4341,0,0.000000,0.000000
2017-07-03,0.00438304,114.5582,1,0.020186,141.080390,-0.00206501,55.2276,1,0.029911,259.027819
2017-07-05,-0.00347666,114.2106,1,0.024646,141.663750,-0.02317749,52.9098,1,0.058759,321.017410
2017-07-06,0.00397140,114.6077,1,0.006310,82.131880,0.00896863,53.8067,1,0.038677,399.995550
2017-07-07,0.00191259,114.7990,1,0.016061,120.434130,0.01450357,55.2571,0,0.000000,0.000000
2017-07-10,-0.00906315,113.8926,1,0.016685,121.790100,0.00374475,55.6315,1,0.018285,181.453833
2017-07-11,0.00011491,113.9041,1,0.009389,82.435790,0.00479642,56.1112,1,0.037698,301.628840
2017-07-12,-0.00602456,113.3017,1,0.016796,160.906060,-0.00035067,56.0761,1,0.028197,260.763720
2017-07-13,0.00012230,113.3139,1,0.013450,161.718040,-0.00326100,55.7500,0,0.000000,0.000000
2017-07-14,-0.00043428,113.2705,1,0.014658,121.523280,-0.00098616,55.6514,1,0.038496,361.678141
2017-07-17,0.00223103,113.4936,1,0.009867,101.995470,0.00024234,55.6756,1,0.037086,340.745260
2017-07-18,0.00036232,113.5298,1,0.021518,141.547670,-0.00686226,54.9894,1,0.024306,261.266880
2017-07-19,-0.00304732,113.2251,1,0.008882,101.044790,-0.00682693,54.3067,1,0.032433,340.378440
2017-07-20,-0.00308118,112.9170,1,0.021718,182.662350,-0.00066157,54.2406,0,0.000000,0.000000
2017-07-21,0.00657721,113.5747,1,0.017499,161.028380,-0.00208923,54.0316,1,0.035193,302.197304
2017-07-24,-0.01019173,112.5555,1,0.013113,140.316160,0.00149296,54.1809,1,0.030024,320.879790
2017-07-25,-0.00232081,112.3234,1,0.017511,121.831580,-0.00712402,53.4685,1,0.040952,321.235860
2017-07-26,0.00292950,112.6164,1,0.011950,121.125970,-0.00966583,52.5019,1,0.028303,300.838710
2017-07-27,0.00273950,112.8903,1,0.025510,161.443640,-0.01123829,51.3781,1,0.043439,360.535480
2017-07-28,-0.00162417,112.7279,1,0.015077,141.978140,-0.02097937,49.2802,1,0.039617,359.519610
2017-07-31,0.00944746,113.6727,1,0.024054,161.341000,-0.00502811,48.7774,1,0.049131,341.276600
2017-08-01,0.00410562,114.0832,1,0.019078,141.900200,0.00418527,49.1959,1,0.048463,340.432320
2017-08-02,-0.00473650,113.6096,1,0.023560,220.881340,-0.00061658,49.1342,1,0.028988,301.515770
2017-08-03,0.00917617,114.5272,1,0.017433,160.862270,0.00656345,49.7906,1,0.033045,280.324950
2017-08-04,-0.01036327,113.4909,1,0.023727,202.208930,-0.00055782,49.7348,1,0.036132,341.715510
2017-08-07,-0.00558420,112.9324,1,0.014410,161.636360,-0.00141429,49.5934,1,0.035719,321.501010
2017-08-08,0.01075268,114.0077,1,0.019532,141.546150,-0.01012559,48.5808,1,0.035709,261.290350
2017-08-09,0.00325113,114.3328,1,0.019047,181.417400,0.00217696,48.7985,1,0.037944,338.751730
2017-08-10,0.00955318,115.2881,1,0.015302,159.912180,-0.00053751,48.7448,1,0.037041,300.087660
2017-08-11,-0.00773766,114.5144,1,0.016956,181.289880,-0.00720781,48.0240,1,0.036791,319.489510
2017-08-14,-0.01101632,113.4127,1,0.019182,181.427070,-0.00327391,47.6966,1,0.036661,320.751970
2017-08-15,-0.01790573,111.6222,1,0.020613,161.758550,0.00078312,47.7749,0,0.000000,0.000000
2017-08-16,0.00112865,111.7350,1,0.014595,140.670080,0.00087535,47.8624,1,0.036355,322.257717
2017-08-17,0.00811373,112.5464,1,0.018737,141.184840,0.00061424,47.9239,1,0.038956,320.794110
2017-08-18,0.00021026,112.5674,1,0.014284,101.793430,-0.00012845,47.9110,0,0.000000,0.000000
2017-08-21,0.00131715,112.6992,1,0.030375,240.297030,-0.00411592,47.4994,1,0.038402,337.607637
2017-08-22,-0.01633900,111.0653,1,0.028040,220.770350,-0.00439508,47.0599,1,0.038308,340.689650
2017-08-23,0.00078932,111.1442,1,0.025498,182.738780,-0.00114694,46.9452,1,0.044724,381.597300
2017-08-24,0.00439582,111.5838,1,0.017688,180.464310,0.01874414,48.8196,1,0.032456,340.230090
2017-08-25,-0.00118643,111.4651,1,0.019723,122.538490,0.00126520,48.9462,1,0.027210,261.909090
2017-08-28,-0.00010213,111.4549,1,0.017663,121.983900,-0.00168650,48.7775,1,0.028320,261.609730
2017-08-29,-0.00070925,111.3840,1,0.014975,121.343050,-0.00081016,48.6965,1,0.030226,260.652510
2017-08-30,-0.01626090,109.7579,1,0.013680,100.986430,0.01345242,50.0417,1,0.031748,299.478650
2017-08-31,0.00310387,110.0683,1,0.017283,122.401790,0.00922623,50.9644,1,0.036217,302.296330
2017-09-01,-0.00433952,109.6343,1,0.012652,102.149070,-0.00705447,50.2589,1,0.039427,321.554180
2017-09-05,-0.00026713,109.6076,1,0.014163,121.999180,-0.00930893,49.3280,1,0.035573,320.863800
2017-09-06,-0.00675029,108.9326,1,0.025239,219.070530,0.00309489,49.6375,1,0.038131,359.981900
2017-09-07,-0.00944489,107.9881,1,0.016599,161.533330,-0.00082023,49.5555,1,0.030423,301.379160
2017-09-08,0.00443780,108.4319,1,0.019920,161.047030,-0.00262271,49.2932,1,0.031331,301.890380
2017-09-11,-0.00120569,108.3113,1,0.009979,122.117720,-0.00220954,49.0723,1,0.036324,301.588160
2017-09-12,0.00631269,108.9426,1,0.007481,101.751050,-0.00520415,48.5518,0,0.000000,0.000000
2017-09-13,-0.00138870,108.8037,1,0.016150,161.210530,0.00792103,49.3439,1,0.041787,342.284466
2017-09-14,-0.00848918,107.9548,1,0.014408,161.021660,-0.00786795,48.5571,1,0.034095,300.801730
2017-09-15,-0.00362038,107.5928,1,0.015278,160.302950,-0.00478873,48.0783,1,0.031593,359.673820
2017-09-18,0.00131358,107.7241,1,0.015232,141.530260,-0.00652273,47.4260,1,0.030343,301.295140
2017-09-19,0.00443260,108.1674,1,0.012300,121.572830,0.00100092,47.5261,1,0.041898,380.416970
2017-09-20,0.00275145,108.4425,1,0.015705,141.277840,0.01350521,48.8766,1,0.039299,300.022370
2017-09-21,-0.00525980,107.9165,1,0.020070,161.603490,0.00607636,49.4842,1,0.026244,241.914160
2017-09-22,0.00079613,107.9962,1,0.014567,140.912690,-0.00074416,49.4098,1,0.027206,260.241480
2017-09-25,0.00193061,108.1892,1,0.015289,140.841720,-0.00841891,48.5679,1,0.026571,260.682830
2017-09-26,-0.00161528,108.0277,1,0.020078,181.994390,0.00253347,48.8213,1,0.030343,321.563080
2017-09-27,-0.01259318,106.7684,1,0.019008,122.635730,0.01067225,49.8885,1,0.038845,320.790590
2017-09-28,0.00739151,107.5075,1,0.020589,201.521430,-0.00215213,49.6733,1,0.029433,281.716550
2017-09-29,0.00203067,107.7106,0,0.000000,0.000000,-0.00337226,49.3361,1,0.030596,341.018940
2017-10-02,0.00076828,107.7874,1,0.022612,221.947142,-0.00591531,48.7445,1,0.023591,283.068310
2017-10-03,0.00164049,107.9515,1,0.020031,161.348180,-0.00328574,48.4160,1,0.037334,360.872800
2017-10-04,-0.00147099,107.8044,1,0.012709,121.360420,-0.00555899,47.8601,1,0.032679,280.415580
2017-10-05,-0.00255034,107.5493,1,0.015144,180.929630,0.00330371,48.1904,0,0.000000,0.000000
2017-10-06,0.00679882,108.2292,1,0.019908,141.191430,-0.00037352,48.1531,1,0.039872,301.906966
2017-10-09,0.00638712,108.8679,1,0.015958,161.404610,0.00137661,48.2908,1,0.033729,340.068260
2017-10-10,0.01368229,110.2362,1,0.012011,121.173130,-0.00864117,47.4266,1,0.035847,300.152890
2017-10-11,0.00269523,110.5057,1,0.016867,202.053600,-0.00232191,47.1944,1,0.036321,340.410110
2017-10-12,0.01570760,112.0764,1,0.011450,121.456130,0.00770584,47.9650,1,0.035106,340.781890
2017-10-13,-0.00683203,111.3932,1,0.012093,141.812090,-0.00690009,47.2750,1,0.027889,301.576830
2017-10-16,-0.00509424,110.8838,1,0.016554,141.038710,-0.00397688,46.8773,1,0.035708,340.301440
2017-10-17,-0.00227768,110.6560,1,0.023258,220.627330,-0.00506747,46.3706,1,0.035657,320.269740
2017-10-18,0.00181980,110.8380,1,0.019860,200.491190,0.00339735,46.7103,1,0.041865,360.075490
2017-10-19,-0.00346300,110.4917,1,0.021240,180.900260,0.00709093,47.4194,1,0.033277,260.666660
2017-10-20,-0.00378600,110.1131,1,0.016030,120.945840,0.00339736,47.7591,1,0.039214,281.051370
2017-10-23,-0.00592117,109.5210,1,0.019757,161.537310,0.00111551,47.8707,1,0.037229,281.606270
2017-10-24,-0.00808664,108.7123,1,0.018214,160.906600,-0.00112602,47.7581,1,0.036152,320.305900
2017-10-25,-0.00173587,108.5388,1,0.022477,180.638070,0.00466099,48.2242,1,0.040821,320.553970
2017-10-26,-0.00627371,107.9114,1,0.024561,180.315050,0.00477680,48.7019,1,0.039140,320.309200
2017-10-27,0.01753094,109.6645,1,0.014056,141.799190,0.00103244,48.8051,1,0.042246,281.582240
2017-10-30,-0.00298528,109.3659,1,0.025788,204.875530,0.00361671,49.1668,1,0.038389,301.789330
2017-10-31,-0.00808664,108.5573,1,0.016364,140.376000,-0.00316050,48.8507,1,0.036330,299.229100
2017-11-01,-0.00026668,108.5306,1,0.021078,143.006920,0.00583819,49.4346,1,0.034301,302.709720
2017-11-02,0.01083199,109.6138,1,0.027561,201.002350,-0.01133797,48.3008,1,0.034997,341.260480
2017-11-03,-0.00582609,109.0312,1,0.009629,141.700920,0.00454375,48.7551,1,0.031975,339.312460
2017-11-06,-0.00320121,108.7111,1,0.015381,141.478740,0.02546548,51.3017,1,0.032572,261.515210
2017-11-07,0.00377313,109.0884,1,0.018677,122.566160,-0.01602185,49.6995,1,0.020445,162.730780
2017-11-08,0.00084037,109.1724,1,0.029463,240.735290,0.00387357,50.0869,1,0.045033,380.923820
2017-11-09,0.00365188,109.5376,1,0.027612,201.670480,-0.00351720,49.7351,1,0.023590,241.734250
2017-11-10,-0.00262819,109.2748,1,0.012449,120.991040,-0.00233594,49.5015,1,0.037514,339.611150
2017-11-13,0.00559152,109.8340,1,0.015068,161.894330,0.00160078,49.6616,1,0.036122,341.225640
2017-11-14,-0.00321062,109.5129,1,0.019072,141.768840,0.00407264,50.0689,1,0.031566,281.935560
2017-11-15,-0.00201930,109.3110,1,0.015680,160.801730,0.00214168,50.2831,1,0.024572,261.345990
2017-11-16,-0.00772811,108.5382,1,0.024041,200.375290,-0.01477385,48.8057,1,0.029875,299.546980
2017-11-17,-0.00758913,107.7792,1,0.031943,222.621530,-0.00755951,48.0497,1,0.049101,342.175950
2017-11-20,-0.00213228,107.5660,1,0.021938,199.750850,0.00873481,48.9232,1,0.034509,300.050830
2017-11-21,0.00772703,108.3387,1,0.011627,161.095210,0.00442917,49.3661,1,0.035703,281.127130
2017-11-22,-0.00014805,108.3239,1,0.010095,101.757410,-0.00644148,48.7220,1,0.028808,300.945900
2017-11-24,-0.00234610,108.0893,1,0.026740,220.633730,-0.00179609,48.5424,1,0.035129,300.566600
2017-11-27,0.00013472,108.1028,1,0.028498,160.678890,-0.00243237,48.2991,1,0.047667,320.427600
2017-11-28,-0.00118073,107.9847,1,0.010073,81.569030,0.00777922,49.0770,1,0.030188,321.002150
2017-11-29,0.01078270,109.0630,1,0.018440,161.977580,0.03910424,52.9875,1,0.028686,241.902590
2017-11-30,-0.00469124,108.5938,1,0.009594,143.665490,0.00072898,53.0604,1,0.021862,264.100870
2017-12-01,0.01810849,110.4047,1,0.012111,142.193050,0.01055527,54.1159,0,0.000000,0.000000
2017-12-04,0.00335971,110.7407,1,0.021489,221.375460,0.02947218,57.0631,1,0.025882,242.398187
2017-12-05,-0.00216924,110.5237,1,0.023954,222.801480,-0.01207604,55.8555,1,0.026574,263.274060
2017-12-06,-0.00736518,109.7872,1,0.019418,180.559170,0.00470609,56.3261,1,0.037491,378.537670
2017-12-07,-0.00065236,109.7220,1,0.018426,220.931400,-0.00115251,56.2109,1,0.027851,261.584060
2017-12-08,0.00217202,109.9392,1,0.017888,141.933030,-0.00311291,55.8996,1,0.039411,361.524280
2017-12-11,-0.00451105,109.4881,1,0.006315,101.375690,0.00498712,56.3983,0,0.000000,0.000000
2017-12-12,-0.00044857,109.4432,1,0.014617,121.033430,-0.01428293,54.9700,1,0.036433,301.100611
2017-12-13,-0.00245864,109.1974,1,0.019574,121.358260,-0.01795174,53.1748,1,0.036604,358.545620
2017-12-14,0.00649568,109.8469,1,0.018982,161.464450,0.00542990,53.7178,1,0.041100,400.384950
2017-12-15,-0.00085781,109.7611,1,0.022931,182.143370,-0.00604693,53.1131,1,0.035503,339.404130
2017-12-18,-0.00134417,109.6267,1,0.014177,162.555030,-0.01788392,51.3247,0,0.000000,0.000000
2017-12-19,-0.00753433,108.8733,1,0.021463,161.407340,0.01337110,52.6618,1,0.037470,383.908519
2017-12-20,-0.00520176,108.3531,1,0.012696,141.936310,0.01606992,54.2688,1,0.023128,221.413400
2017-12-21,0.01004491,109.3576,1,0.006829,101.070020,0.01024884,55.2937,1,0.017026,201.215480
2017-12-22,-0.00420354,108.9373,1,0.014834,142.699540,-0.00627033,54.6667,1,0.028043,261.676470
2017-12-26,-0.00300937,108.6363,1,0.020357,181.516340,-0.00322715,54.3440,1,0.032115,341.241810
2017-12-27,-0.00159596,108.4767,1,0.013616,160.853840,-0.00272569,54.0714,1,0.036429,340.207760
2017-12-28,0.00231299,108.7080,1,0.016311,140.799340,-0.00226051,53.8453,1,0.028421,300.349760
2017-12-29,0.00106362,108.8144,1,0.013918,160.675530,0.00403713,54.2491,1,0.034417,320.330870
2018-01-02,0.00252220,109.0666,1,0.030550,299.381260,-0.01411444,52.8376,0,0.000000,0.000000
2018-01-03,-0.00230605,108.8360,1,0.018095,201.834590,0.01255122,54.0927,1,0.039418,340.926348
2018-01-04,-0.01067486,107.7685,1,0.015596,121.728270,0.01036664,55.1294,1,0.027596,281.101680
2018-01-05,0.00193876,107.9624,1,0.023854,280.339050,-0.00905119,54.2243,1,0.027789,301.291420
2018-01-08,-0.00458533,107.5039,1,0.016563,141.032250,0.01418028,55.6423,1,0.040212,360.622190
2018-01-09,-0.00310647,107.1932,1,0.017137,161.434330,-0.00106245,55.5361,0,0.000000,0.000000
2018-01-10,-0.00481691,106.7115,1,0.011811,120.753610,0.00234210,55.7703,1,0.029980,262.510731
2018-01-11,-0.00346130,106.3654,1,0.021580,258.738560,0.00722428,56.4927,1,0.026832,299.472390
2018-01-12,-0.01015389,105.3500,1,0.023579,220.979370,0.00897699,57.3904,1,0.032361,301.620900
2018-01-16,-0.00112659,105.2373,1,0.013059,121.395010,-0.00488873,56.9015,1,0.027233,261.322940
2018-01-17,-0.00491279,104.7461,1,0.012049,160.422820,0.00634691,57.5362,1,0.036459,339.936820
2018-01-18,0.00201333,104.9474,1,0.018447,142.374850,-0.00611619,56.9246,0,0.000000,0.000000
2018-01-19,0.00414717,105.3621,1,0.021233,202.006080,0.00252698,57.1773,1,0.043782,342.587183
2018-01-22,-0.00253302,105.1088,1,0.029752,261.997290,0.01145481,58.3228,1,0.029329,302.412660
2018-01-23,0.01974947,107.0838,1,0.015333,162.695550,-0.01414741,56.9080,1,0.027981,241.963110
2018-01-24,-0.00934646,106.1491,1,0.016456,142.565440,0.00280136,57.1882,1,0.039124,322.584500
2018-01-25,0.00676889,106.8260,1,0.019571,160.520550,0.00029027,57.2172,1,0.034603,320.317440
2018-01-26,-0.00710798,106.1152,1,0.021108,201.629060,-0.00944133,56.2731,1,0.036853,321.148370
2018-01-29,-0.00597244,105.5180,1,0.012354,160.231390,0.02053095,58.3262,1,0.031005,361.916680
2018-01-30,-0.00246531,105.2714,1,0.020881,219.371190,-0.02144697,56.1815,0,0.000000,0.000000
2018-01-31,0.00494511,105.7659,1,0.031239,201.082970,0.00927832,57.1093,1,0.063178,375.746164
2018-02-01,-0.01813894,103.9520,1,0.027394,220.823430,-0.02180128,54.9292,1,0.039588,261.272830
2018-02-02,-0.00498757,103.4533,1,0.035387,259.591800,-0.00424983,54.5042,1,0.051753,378.464460
2018-02-05,-0.01187494,102.2658,1,0.028774,297.994150,0.00471607,54.9758,0,0.000000,0.000000
2018-02-06,-0.00704404,101.5614,1,0.026964,240.591880,0.00236826,55.2126,0,0.000000,0.000000
2018-02-07,-0.00780432,100.7810,1,0.048642,321.809580,-0.02548614,52.6640,1,0.036174,335.858290
2018-02-08,0.01815067,102.5960,1,0.035843,279.675570,-0.00002972,52.6610,1,0.040992,359.751880
2018-02-09,0.00938772,103.5348,1,0.024158,200.516110,0.00267999,52.9290,0,0.000000,0.000000
2018-02-12,0.00145014,103.6798,1,0.031346,303.222390,-0.00864100,52.0649,0,0.000000,0.000000
2018-02-13,0.00049058,103.7289,1,0.023972,182.660860,0.01305408,53.3703,0,0.000000,0.000000
2018-02-14,0.00105176,103.8340,1,0.016974,141.245130,-0.01214692,52.1556,1,0.018782,203.098963
2018-02-15,0.00455991,104.2900,1,0.016959,182.004550,-0.00041336,52.1143,1,0.044366,362.322910
2018-02-16,-0.00223616,104.0664,1,0.015216,141.809190,-0.00801004,51.3133,1,0.045224,343.273790
2018-02-20,-0.00487799,103.5786,1,0.024409,201.221660,-0.00780433,50.5329,1,0.045763,380.422440
2018-02-21,-0.01096007,102.4826,1,0.019017,160.363810,-0.00111278,50.4216,1,0.040158,340.153570
2018-02-22,0.00862360,103.3450,1,0.017280,141.484490,-0.00205829,50.2158,1,0.034139,319.198380
2018-02-23,-0.00913101,102.4319,1,0.019711,162.553980,-0.00038049,50.1777,1,0.040279,341.809770
2018-02-26,0.00498274,102.9301,1,0.022696,183.194090,-0.00211787,49.9659,0,0.000000,0.000000
2018-02-27,-0.00441610,102.4885,1,0.008500,121.909530,0.00909280,50.8752,1,0.034210,324.017563
2018-02-28,-0.00158262,102.3303,1,0.018532,180.733510,0.00649383,51.5246,0,0.000000,0.000000
2018-03-01,-0.00100646,102.2296,1,0.024406,220.717990,0.00003547,51.5281,0,0.000000,0.000000
2018-03-02,-0.00185038,102.0446,1,0.016988,121.189520,-0.00905711,50.6224,1,0.056001,337.292732
2018-03-05,0.00291516,102.3361,1,0.023444,201.705670,-0.00789333,49.8331,1,0.040693,341.417110
2018-03-06,-0.00217629,102.1185,1,0.027989,222.111200,0.00749020,50.5821,0,0.000000,0.000000
2018-03-07,-0.01492759,100.6257,1,0.017829,141.757220,0.00569471,51.1516,1,0.024389,244.517856
2018-03-08,-0.00204527,100.4212,1,0.028487,261.695050,0.01618708,52.7703,1,0.027332,280.160260
2018-03-09,-0.00814474,99.6067,1,0.020054,160.955100,-0.00944109,51.8262,1,0.029329,282.744620
2018-03-12,-0.00225867,99.3809,1,0.014517,143.175900,0.01434798,53.2610,0,0.000000,0.000000
2018-03-13,0.01085759,100.4666,1,0.020281,180.520610,-0.00372846,52.8881,1,0.029046,263.471494
2018-03-14,0.00333977,100.8006,1,0.014503,160.919000,0.00531355,53.4195,1,0.037415,319.936980
2018-03-15,0.00865389,101.6660,1,0.017651,140.705300,0.00923478,54.3430,1,0.034342,320.410890
2018-03-16,0.00351314,102.0173,1,0.021526,180.318280,-0.00175532,54.1674,1,0.031942,301.187600
2018-03-19,-0.00281986,101.7353,1,0.023066,221.622440,-0.00191597,53.9758,0,0.000000,0.000000
2018-03-20,-0.00631132,101.1042,1,0.027142,219.405420,0.00528742,54.5046,0,0.000000,0.000000
2018-03-21,0.00073728,101.1779,1,0.020092,201.550670,0.00794587,55.2992,1,0.028103,279.920948
2018-03-22,-0.00751322,100.4266,1,0.016502,180.842900,-0.00481571,54.8176,1,0.025921,281.604810
2018-03-23,0.00378408,100.8050,1,0.024632,238.563420,-0.00463174,54.3544,0,0.000000,0.000000
2018-03-26,-0.00783357,100.0216,1,0.016807,180.442300,0.00516831,54.8713,0,0.000000,0.000000
2018-03-27,0.00282621,100.3042,1,0.027749,304.810090,-0.00977519,53.8937,0,0.000000,0.000000
2018-03-28,0.00612815,100.9171,1,0.012885,121.720070,0.02493689,56.3874,1,0.040401,355.991681
2018-03-29,-0.00149704,100.7674,1,0.019024,180.634840,-0.00464852,55.9226,1,0.025852,222.057730
2018-04-02,-0.01515514,99.2518,1,0.026464,222.509660,0.01861544,57.7841,0,0.000000,0.000000
2018-04-03,-0.00239576,99.0123,1,0.036816,318.005490,-0.00547696,57.2364,0,0.000000,0.000000
2018-04-04,0.01084492,100.0968,1,0.038648,322.391700,-0.01168523,56.0679,0,0.000000,0.000000
2018-04-05,0.01024279,101.1210,1,0.013421,102.526280,-0.00953181,55.1147,0,0.000000,0.000000
2018-04-06,-0.03110386,98.0107,1,0.006916,102.381420,0.00991297,56.1060,1,0.043253,345.152951
2018-04-09,-0.00053690,97.9570,1,0.029740,236.415470,-0.00582066,55.5239,0,0.000000,0.000000
2018-04-10,0.01108194,99.0652,1,0.032626,221.130350,0.01019304,56.5433,1,0.036276,335.181638
2018-04-11,-0.00740434,98.3247,1,0.025104,183.537580,-0.00733566,55.8097,1,0.028726,263.019960
2018-04-12,0.01198483,99.5232,1,0.016507,101.237070,-0.01365382,54.4443,1,0.038082,339.596060
2018-04-13,-0.00129414,99.3938,1,0.025334,161.705010,-0.00732910,53.7114,1,0.053690,361.784340
2018-04-16,0.00556816,99.9506,1,0.019214,141.226160,0.00015294,53.7267,1,0.048226,360.604260
2018-04-17,0.00072860,100.0235,1,0.016600,181.945870,-0.00084306,53.6424,0,0.000000,0.000000
2018-04-18,0.01036670,101.0601,1,0.013730,141.516580,0.00262676,53.9051,0,0.000000,0.000000
2018-04-19,0.00088314,101.1485,1,0.016306,141.368520,-0.00215078,53.6900,1,0.029118,304.989519
2018-04-20,-0.00147482,101.0010,1,0.023432,200.329340,0.00554834,54.2448,0,0.000000,0.000000
2018-04-23,-0.00762210,100.2388,1,0.016380,160.487450,-0.00237595,54.0072,0,0.000000,0.000000
2018-04-24,-0.01107165,99.1316,1,0.015695,141.000530,0.01131609,55.1388,1,0.041371,336.791765
2018-04-25,0.00486228,99.6178,1,0.015152,139.453730,-0.00116377,55.0225,1,0.027067,201.442800
2018-04-26,0.00242766,99.8606,1,0.022624,200.778760,0.00331635,55.3541,1,0.042565,301.117450
2018-04-27,-0.00242642,99.6179,1,0.019382,181.896490,0.00107054,55.4611,1,0.033506,321.482140
2018-04-30,-0.01044813,98.5731,1,0.018243,161.098760,0.00430002,55.8911,1,0.034508,301.062680
2018-05-01,-0.00561588,98.0115,1,0.031988,298.963370,0.00665007,56.5561,1,0.039833,320.052350
2018-05-02,-0.00427656,97.5839,1,0.027986,220.962480,-0.00389308,56.1668,1,0.037888,321.171980
2018-05-03,0.01134154,98.7180,1,0.027246,200.954650,0.00181565,56.3484,1,0.032905,359.905260
2018-05-04,-0.00320124,98.3979,1,0.012284,122.485040,-0.00488879,55.8595,1,0.028069,281.236470
2018-05-07,0.00648775,99.0467,1,0.022445,182.715740,0.00874106,56.7336,0,0.000000,0.000000
2018-05-08,0.00445263,99.4920,1,0.015047,140.473880,0.01274807,58.0084,1,0.024123,282.948244
2018-05-09,0.00400411,99.8924,1,0.017329,141.503690,0.01003642,59.0121,1,0.031188,241.831410
2018-05-10,-0.00997078,98.8953,1,0.015458,141.988780,-0.00217982,58.7941,1,0.031442,242.021530
2018-05-11,-0.00192279,98.7030,1,0.010959,122.058320,-0.00569341,58.2248,0,0.000000,0.000000
2018-05-14,-0.00520659,98.1824,1,0.009909,101.713660,0.01250329,59.4751,1,0.036771,342.255262
2018-05-15,-0.01066154,97.1162,1,0.018604,160.250510,0.00522820,59.9979,1,0.022120,260.908440
2018-05-16,0.00178544,97.2947,1,0.025086,179.869870,0.00913132,60.9110,1,0.029858,280.607140
2018-05-17,0.00015541,97.3103,1,0.011589,121.361570,0.01078344,61.9894,1,0.027836,241.110330
2018-05-18,-0.01781277,95.5290,1,0.011137,80.848210,0.00169715,62.1591,1,0.026485,240.674140
2018-05-21,0.00077895,95.6069,1,0.027505,219.268200,0.00799863,62.9590,1,0.037437,300.540740
2018-05-22,-0.00158605,95.4483,1,0.014605,141.659980,-0.00870438,62.0885,1,0.032858,301.660120
2018-05-23,-0.00299069,95.1492,1,0.012499,141.055780,-0.00181245,61.9073,1,0.041085,339.089440
2018-05-24,0.00002571,95.1518,1,0.024939,181.738490,0.01195972,63.1033,1,0.044408,301.126400
2018-05-25,0.01025030,96.1768,1,0.024920,181.089750,0.00880118,63.9834,1,0.029202,261.494960
2018-05-29,0.00305722,96.4826,1,0.013728,121.493330,0.01901351,65.8847,1,0.037169,281.663620
2018-05-30,0.00082512,96.5651,1,0.021078,199.915950,-0.00580720,65.3040,1,0.025860,241.085300
2018-05-31,-0.01253928,95.3111,1,0.020698,183.074470,-0.00715126,64.5889,0,0.000000,0.000000
2018-06-01,-0.00546862,94.7643,1,0.026812,259.774150,0.00322183,64.9111,1,0.041237,381.080152
2018-06-04,0.01169755,95.9340,1,0.024885,240.867070,0.00907854,65.8189,1,0.042416,341.187480
2018-06-05,-0.00420716,95.5133,1,0.015606,161.676800,0.01089683,66.9086,1,0.025017,262.703190
2018-06-06,-0.00304224,95.2091,1,0.010894,121.362730,0.01133943,68.0425,1,0.025677,221.234500
2018-06-07,0.00455441,95.6645,1,0.018729,141.654150,-0.01606236,66.4363,1,0.037516,282.639500
2018-06-08,-0.00304270,95.3603,1,0.033140,260.076130,-0.00262195,66.1741,1,0.048155,400.105560
2018-06-11,-0.00702379,94.6579,1,0.018439,141.947630,0.01116302,67.2904,0,0.000000,0.000000
2018-06-12,0.00461449,95.1193,1,0.013371,141.007760,-0.01555390,65.7350,1,0.030570,263.675070
2018-06-13,-0.00498176,94.6212,1,0.017376,180.914480,0.00258931,65.9939,1,0.037459,360.989860
2018-06-14,0.00058992,94.6801,1,0.012698,161.020640,-0.00278080,65.7159,1,0.025920,280.079710
2018-06-15,0.00651339,95.3315,1,0.014951,141.678150,-0.00259977,65.4559,1,0.037977,360.475040
2018-06-18,-0.00618465,94.7130,1,0.012955,161.067170,-0.00993432,64.4625,1,0.034712,340.947880
2018-06-19,0.00552817,95.2658,1,0.009103,80.804910,-0.00022845,64.4396,1,0.036815,360.734200
2018-06-20,0.00471941,95.7378,1,0.024029,200.590500,0.00597740,65.0374,1,0.030290,320.416490
2018-06-21,0.00721143,96.4589,1,0.017997,141.591190,-0.01559571,63.4778,1,0.029501,301.400210
2018-06-22,0.00649429,97.1083,1,0.015081,140.887800,0.01164076,64.6419,1,0.030424,321.112370
2018-06-25,0.01430268,98.5386,1,0.014992,141.602490,0.02077244,66.7191,1,0.023656,222.490560
2018-06-26,0.00177992,98.7166,1,0.020818,201.671320,-0.00127577,66.5915,1,0.028337,240.584580
2018-06-27,-0.00382775,98.3338,1,0.016635,181.911790,0.00902539,67.4941,1,0.040951,361.895540
2018-06-28,-0.00179966,98.1539,1,0.016286,160.956180,-0.00466615,67.0275,1,0.031905,299.464470
2018-06-29,0.00143534,98.2974,1,0.026126,240.897760,0.00080324,67.1078,0,0.000000,0.000000
2018-07-02,0.01267049,99.5645,1,0.030771,141.066000,-0.00615840,66.4919,1,0.055830,321.777064
2018-07-03,-0.00226381,99.3381,1,0.021991,142.539280,-0.00820024,65.6719,1,0.027174,240.459790
2018-07-05,0.00210589,99.5487,1,0.028581,180.908790,-0.00542514,65.1294,1,0.048204,340.527150
2018-07-06,-0.00099389,99.4493,1,0.014789,202.076050,0.00234463,65.3639,0,0.000000,0.000000
2018-07-09,0.01048288,100.4976,1,0.023972,201.908500,-0.01144485,64.2194,0,0.000000,0.000000
2018-07-10,-0.00631526,99.8660,1,0.024296,181.247660,-0.00455194,63.7642,1,0.044824,345.303545
2018-07-11,-0.00776915,99.0891,1,0.025785,220.999050,-0.00848647,62.9155,1,0.041627,361.086710
2018-07-12,0.00079140,99.1683,1,0.020370,141.050190,-0.00413136,62.5024,1,0.038136,378.627680
2018-07-13,-0.00020797,99.1475,1,0.011827,101.654890,-0.00493983,62.0084,1,0.040773,320.978740
2018-07-16,0.00647048,99.7945,1,0.010562,120.727110,-0.00980867,61.0275,1,0.037627,360.288610
2018-07-17,0.00848697,100.6432,1,0.012173,120.806930,0.00158389,61.1859,1,0.042191,339.108140
2018-07-18,0.00609594,101.2528,1,0.012156,101.717210,-0.00251784,60.9342,1,0.026664,321.797140
2018-07-19,-0.00069643,101.1832,1,0.021163,180.411810,-0.02076835,58.8573,1,0.030415,319.854220
2018-07-20,-0.00156759,101.0264,1,0.020999,140.917080,-0.01223773,57.6335,1,0.051743,379.976280
2018-07-23,0.00690277,101.7167,1,0.014713,121.178900,0.00319393,57.9529,1,0.040287,379.649470
2018-07-24,0.00403936,102.1206,1,0.013584,121.597950,0.00396420,58.3494,1,0.023250,240.313820
2018-07-25,-0.00315243,101.8054,1,0.016783,140.768680,-0.00410632,57.9387,1,0.033532,300.338730
2018-07-26,-0.00088165,101.7172,1,0.019425,181.768460,-0.02732747,55.2060,1,0.044277,322.548060
2018-07-27,-0.00695991,101.0212,1,0.020961,203.167860,0.01509812,56.7158,1,0.040898,382.845190
2018-07-30,-0.00150755,100.8705,1,0.022015,219.592250,0.01451682,58.1675,1,0.022198,240.201550
2018-07-31,0.00259760,101.1302,1,0.023900,220.989280,-0.00512470,57.6550,1,0.023480,241.195240
2018-08-01,-0.00290884,100.8393,1,0.023144,241.749340,-0.00082668,57.5723,1,0.036108,360.729270
2018-08-02,0.00159564,100.9989,1,0.032876,219.765080,0.00681133,58.2535,1,0.046337,299.928980
2018-08-03,-0.00045287,100.9536,1,0.023497,222.477800,-0.00169295,58.0842,1,0.028585,302.359170
2018-08-06,0.00509196,101.4628,1,0.012574,141.238670,-0.00526530,57.5576,1,0.035310,341.374250
2018-08-07,0.00371973,101.8348,1,0.016987,201.120870,0.00428061,57.9857,1,0.025109,321.026580
2018-08-08,0.00983986,102.8188,1,0.015494,121.383420,0.00357558,58.3433,1,0.034812,301.258990
2018-08-09,-0.00057181,102.7616,1,0.013131,141.789880,0.00692624,59.0359,1,0.024226,260.855030
2018-08-10,0.00237974,102.9996,1,0.019656,180.613930,-0.00391404,58.6445,1,0.030144,240.707170
2018-08-13,-0.00056243,102.9433,1,0.017503,220.554910,-0.00164854,58.4796,1,0.027754,340.200140
2018-08-14,0.00816242,103.7596,1,0.015998,141.287500,-0.00254302,58.2253,1,0.038072,340.058740
2018-08-15,0.00207313,103.9669,1,0.020937,181.831460,-0.00995732,57.2296,1,0.038832,341.563350
2018-08-16,0.00209488,104.1764,1,0.016572,161.623690,0.00451573,57.6812,1,0.026387,319.613740
2018-08-17,-0.00246975,103.9294,1,0.019295,182.257020,0.00488908,58.1701,0,0.000000,0.000000
2018-08-20,-0.00406236,103.5231,1,0.013416,141.813780,-0.00205662,57.9644,0,0.000000,0.000000
2018-08-21,0.00050169,103.5733,1,0.013851,121.365940,-0.00522144,57.4423,1,0.026654,323.825758
2018-08-22,0.00485228,104.0585,1,0.014942,121.452660,0.00731550,58.1738,1,0.022700,299.422050
2018-08-23,0.00291202,104.3497,1,0.014578,100.815410,0.02570346,60.7442,1,0.020754,220.954730
2018-08-24,-0.00123534,104.2262,1,0.016484,121.186160,-0.01145350,59.5988,1,0.026150,222.184960
2018-08-27,-0.00103341,104.1229,1,0.015921,141.592890,0.00873443,60.4723,1,0.037937,320.518680
2018-08-28,-0.00375570,103.7473,1,0.010140,142.151280,0.00015957,60.4882,1,0.029073,301.347020
2018-08-29,0.00011084,103.7584,1,0.007736,101.455490,-0.00663080,59.8251,1,0.035450,340.363650
2018-08-30,-0.00376744,103.3816,1,0.013974,160.914720,0.00562447,60.3876,1,0.036213,360.815170
2018-08-31,-0.00118479,103.2632,1,0.020279,180.354630,0.00019314,60.4069,1,0.028306,240.611060
2018-09-04,0.00204601,103.4678,1,0.018109,180.654880,0.00232829,60.6397,1,0.032361,300.629820
2018-09-05,0.01412462,104.8802,1,0.011638,81.585170,0.00014722,60.6544,1,0.025678,280.876090
2018-09-06,0.01661775,106.5420,1,0.012205,121.401100,0.01175990,61.8304,1,0.045260,361.010500
2018-09-07,-0.00750101,105.7919,1,0.016751,121.875220,0.01323035,63.1535,1,0.041405,301.069730
2018-09-10,0.00091122,105.8830,1,0.012628,140.034350,0.00420619,63.5741,1,0.029191,241.189720
2018-09-11,0.00082567,105.9656,1,0.014503,181.382270,0.00201337,63.7754,1,0.030033,281.540030
2018-09-12,-0.00168385,105.7972,1,0.015045,161.320950,-0.00332487,63.4429,1,0.030997,281.233510
2018-09-13,0.01595726,107.3929,1,0.016444,161.302460,-0.00913257,62.5297,1,0.039537,321.317590
2018-09-14,0.00196134,107.5891,1,0.010036,102.584730,0.00092661,62.6223,1,0.046949,360.665760
2018-09-17,0.00526124,108.1152,1,0.014156,159.932930,-0.01321570,61.3008,1,0.028010,281.512830
2018-09-18,-0.01084500,107.0307,1,0.014470,160.676300,-0.00407718,60.8931,1,0.031008,359.557340
2018-09-19,-0.01087370,105.9433,1,0.016540,160.576710,0.00346405,61.2395,1,0.030935,321.143830
2018-09-20,-0.00449591,105.4937,1,0.022831,200.011450,0.00093737,61.3332,1,0.030513,299.800500
2018-09-21,-0.00312806,105.1809,1,0.017146,181.860900,-0.00433910,60.8993,0,0.000000,0.000000
2018-09-24,-0.00166689,105.0142,1,0.010889,120.477200,-0.00039463,60.8598,1,0.036093,341.931523
2018-09-25,-0.00221634,104.7926,1,0.010424,140.183900,0.01097505,61.9573,1,0.029135,339.564710
2018-09-26,0.00104061,104.8967,1,0.023149,161.404290,-0.00193630,61.7637,1,0.025310,260.945000
2018-09-27,0.00483918,105.3806,1,0.020602,200.426750,0.00742637,62.5063,1,0.040353,318.946960
2018-09-28,0.01022449,106.4030,1,0.010611,140.865260,0.01162942,63.6693,1,0.032378,300.856450
2018-10-01,-0.00103753,106.2993,1,0.015893,181.188440,-0.00647650,63.0216,1,0.014480,181.951840
2018-10-02,-0.00251798,106.0475,1,0.011918,120.281780,0.01778606,64.8002,1,0.031884,358.588690
2018-10-03,-0.00738961,105.3085,1,0.017751,160.932660,-0.00561653,64.2386,1,0.020603,242.341530
2018-10-04,0.00183077,105.4916,1,0.025373,200.547050,0.00047205,64.2858,1,0.038565,320.476810
2018-10-05,0.00291524,105.7831,1,0.026786,220.161250,0.01387113,65.6729,1,0.037797,319.634130
2018-10-08,0.00445310,106.2284,1,0.020250,181.053450,0.02232492,67.9054,1,0.026628,241.728610
2018-10-09,-0.01365581,104.8628,1,0.023731,162.132460,-0.00184108,67.7213,1,0.030108,302.055080
2018-10-10,-0.01578493,103.2843,1,0.026393,238.824070,-0.00164984,67.5563,1,0.034774,359.727840
2018-10-11,0.00146363,103.4307,1,0.030497,258.639060,-0.00936969,66.6193,0,0.000000,0.000000
2018-10-12,0.01161291,104.5920,1,0.029559,218.960520,-0.00216917,66.4024,0,0.000000,0.000000
2018-10-15,0.00547647,105.1397,1,0.024043,242.044530,-0.01107444,65.2950,1,0.039544,335.306734
2018-10-16,-0.00037203,105.1024,1,0.025693,220.551430,-0.01177310,64.1177,1,0.042300,379.449560
2018-10-17,-0.01353766,103.7487,1,0.026626,224.960190,-0.00785925,63.3317,0,0.000000,0.000000
2018-10-18,0.00698793,104.4475,1,0.035377,239.552440,0.00063815,63.3956,1,0.053755,384.398360
2018-10-19,0.01729482,106.1770,1,0.028218,200.145410,0.02933477,66.3290,1,0.039373,319.382950
2018-10-22,0.00300618,106.4776,1,0.022322,182.263020,-0.01053551,65.2755,1,0.026271,222.526510
2018-10-23,-0.01276492,105.2011,1,0.025322,200.313700,-0.00029362,65.2461,1,0.044482,380.025040
2018-10-24,0.01470414,106.6715,1,0.028296,200.842630,0.01911100,67.1572,1,0.044000,300.912480
2018-10-25,0.00743630,107.4151,1,0.034830,201.950970,-0.01422917,65.7343,1,0.050197,336.963340
2018-10-26,0.02629675,110.0448,1,0.043955,286.219380,0.00363432,66.0977,1,0.052558,384.102960
2018-10-29,-0.00250705,109.7941,1,0.030835,240.742590,-0.01495735,64.6020,0,0.000000,0.000000
2018-10-30,-0.01473559,108.3205,1,0.029219,202.099610,0.00292557,64.8946,1,0.051053,358.592826
2018-10-31,0.00777933,109.0985,1,0.027987,264.158140,-0.01733572,63.1610,0,0.000000,0.000000
2018-11-01,0.00789871,109.8883,1,0.033209,262.227160,0.01631508,64.7925,1,0.039092,383.364037
2018-11-02,-0.00121493,109.7668,1,0.034843,244.342200,-0.00298855,64.4936,1,0.038505,286.213680
2018-11-05,-0.00372177,109.3947,1,0.027557,239.610690,-0.01784027,62.7096,1,0.030497,339.831830
2018-11-06,-0.00717206,108.6775,1,0.021936,222.334820,0.00660314,63.3699,1,0.044556,401.993350
2018-11-07,0.01196426,109.8739,1,0.025584,180.565810,-0.01737226,61.6327,1,0.039606,281.641870
2018-11-08,-0.03521937,106.3520,1,0.027577,182.976870,0.00129982,61.7627,0,0.000000,0.000000
2018-11-09,-0.00458852,105.8931,1,0.033162,237.787940,-0.00257737,61.5049,1,0.051187,322.376323
2018-11-12,0.01219961,107.1131,1,0.030729,240.265690,0.04525032,66.0300,1,0.039408,339.835650
2018-11-13,-0.00974272,106.1388,1,0.027432,161.745750,-0.00392584,65.6374,1,0.023854,163.319960
2018-11-14,-0.01027277,105.1115,1,0.044027,261.684640,-0.00439478,65.1979,1,0.034388,341.619930
2018-11-15,0.00209137,105.3207,1,0.038733,220.282970,0.02449281,67.6472,1,0.044289,279.796130
2018-11-16,-0.01055746,104.2649,1,0.029866,202.340250,-0.01219349,66.4278,1,0.039069,244.109210
2018-11-19,-0.00102973,104.1619,1,0.025003,203.407580,-0.00008124,66.4197,1,0.045054,364.445020
2018-11-20,-0.01159265,103.0027,1,0.032755,261.016750,-0.01080485,65.3392,1,0.046915,358.209810
2018-11-21,-0.01228475,101.7742,1,0.025945,240.584710,-0.02222936,63.1163,0,0.000000,0.000000
2018-11-23,-0.00174024,101.6002,1,0.042324,281.931710,-0.00489788,62.6265,1,0.050238,380.762287
2018-11-26,0.00751919,102.3521,1,0.029401,181.322460,-0.00988333,61.6382,1,0.078073,340.058850
2018-11-27,-0.00135372,102.2167,1,0.029292,202.756720,-0.00553502,61.0847,1,0.045092,323.332240
2018-11-28,-0.00524413,101.6923,1,0.017223,120.970420,-0.01452165,59.6325,1,0.052015,320.563550
2018-11-29,-0.00297199,101.3951,1,0.026339,243.849610,-0.01660365,57.9721,1,0.046775,363.589990
2018-11-30,0.00670126,102.0652,1,0.023504,180.195040,-0.00271438,57.7007,1,0.035758,379.501690
2018-12-03,0.01193175,103.2584,1,0.020995,181.234170,-0.00650871,57.0498,1,0.036201,341.495020
2018-12-04,-0.01195854,102.0626,1,0.031464,183.783330,0.01060847,58.1107,0,0.000000,0.000000
2018-12-06,0.01547105,103.6097,1,0.043485,317.002750,0.00359954,58.4706,0,0.000000,0.000000
2018-12-07,-0.00613953,102.9957,1,0.041893,302.747170,-0.00137204,58.3334,1,0.048314,299.554252
2018-12-10,0.00415645,103.4113,1,0.045495,258.772640,0.00218045,58.5515,0,0.000000,0.000000
2018-12-11,0.00435903,103.8473,1,0.035797,242.600880,0.00780255,59.3317,1,0.038115,279.183306
2018-12-12,-0.00800327,103.0469,1,0.018557,121.376120,-0.01052106,58.2796,1,0.035246,241.187670
2018-12-13,-0.00749204,102.2977,1,0.026914,181.554970,-0.01623264,56.6564,1,0.053054,361.684280
2018-12-14,0.00385283,102.6830,1,0.022617,161.470610,0.01140493,57.7969,1,0.055167,380.516790
2018-12-17,-0.00675645,102.0074,1,0.019595,161.103280,-0.01167076,56.6298,0,0.000000,0.000000
2018-12-18,-0.00576708,101.4307,1,0.037338,200.118430,0.00198530,56.8283,0,0.000000,0.000000
2018-12-19,-0.00028300,101.4024,1,0.033530,261.232450,-0.01008050,55.8203,1,0.034510,257.687225
2018-12-20,-0.00904694,100.4977,1,0.037044,239.911490,0.00493525,56.3138,0,0.000000,0.000000
2018-12-21,0.00711018,101.2087,1,0.033962,239.261530,0.00399096,56.7129,0,0.000000,0.000000
2018-12-24,-0.01079582,100.1291,1,0.036572,259.764360,-0.00351523,56.3614,0,0.000000,0.000000
2018-12-26,-0.00742509,99.3866,1,0.072279,277.648810,0.00960878,57.3222,0,0.000000,0.000000
2018-12-27,-0.00923771,98.4628,1,0.035691,287.646870,0.00573731,57.8960,0,0.000000,0.000000
2018-12-28,-0.00531917,97.9309,1,0.026037,141.526760,0.00111492,58.0075,0,0.000000,0.000000
2018-12-31,-0.00249979,97.6809,1,0.029319,160.737960,-0.00322332,57.6851,1,0.055092,299.576427
2019-01-02,-0.00461831,97.2191,1,0.033621,261.181720,-0.01354483,56.3306,0,0.000000,0.000000
2019-01-03,-0.01098277,96.1208,1,0.039837,259.928270,-0.01011633,55.3190,1,0.050313,341.339942
2019-01-04,-0.00268834,95.8520,1,0.049984,259.925360,-0.01915311,53.4037,1,0.060801,359.563760
2019-01-07,-0.00186468,95.6655,1,0.044618,286.996190,-0.00295004,53.1087,0,0.000000,0.000000
2019-01-08,-0.00052218,95.6133,1,0.034828,222.451490,-0.00059682,53.0490,1,0.047492,348.528430
2019-01-09,0.01538308,97.1516,1,0.047562,223.232910,0.01188775,54.2378,0,0.000000,0.000000
2019-01-10,0.02191664,99.3433,1,0.047416,261.475870,-0.00847484,53.3903,1,0.045624,304.780725
2019-01-11,-0.00351820,98.9914,1,0.027430,161.884660,-0.00191553,53.1988,0,0.000000,0.000000
2019-01-14,0.00771888,99.7633,1,0.027832,180.671650,-0.00725637,52.4731,1,0.062417,321.986152
2019-01-15,0.00570855,100.3342,1,0.022675,181.848240,-0.00073434,52.3997,1,0.036044,318.677080
2019-01-16,0.00973329,101.3075,1,0.044931,241.726430,-0.00512387,51.8873,0,0.000000,0.000000
2019-01-17,-0.00414374,100.8931,1,0.032154,200.923360,0.00732119,52.6194,1,0.041401,303.619128
2019-01-18,-0.00168935,100.7242,1,0.019815,141.697460,0.00028027,52.6474,0,0.000000,0.000000
2019-01-22,0.01560117,102.2843,1,0.028113,182.809060,0.00216225,52.8637,0,0.000000,0.000000
2019-01-23,0.00206266,102.4906,1,0.035554,239.685070,0.00144327,53.0080,0,0.000000,0.000000
2019-01-24,0.00600066,103.0907,1,0.028444,201.399040,-0.01448715,51.5593,1,0.047105,301.777123
2019-01-25,-0.01037755,102.0529,1,0.042975,300.293450,0.01368146,52.9274,1,0.042594,321.762190
2019-01-28,0.00277383,102.3303,1,0.032367,222.816080,-0.00508976,52.4184,1,0.030386,243.318500
2019-01-29,-0.00252756,102.0775,1,0.026416,181.286590,0.00021741,52.4402,1,0.050959,340.094490
2019-01-30,-0.00635129,101.4424,1,0.021149,181.248520,-0.00278288,52.1619,1,0.033898,300.568040
2019-01-31,-0.00426226,101.0162,1,0.018756,162.183500,0.00069996,52.2319,0,0.000000,0.000000
2019-02-01,0.00709840,101.7260,1,0.024290,202.945690,-0.01428146,50.8038,1,0.040176,323.798063
2019-02-04,0.00881476,102.6075,1,0.044454,300.411110,-0.00575126,50.2286,1,0.055016,380.615310
2019-02-05,0.00669338,103.2768,1,0.026912,181.642310,0.00069054,50.2977,1,0.045236,340.456390
2019-02-06,-0.01232799,102.0440,1,0.020739,140.413150,-0.00571571,49.7261,1,0.041971,361.834050
2019-02-07,0.00824586,102.8686,1,0.022584,161.780360,-0.01006386,48.7197,1,0.045956,340.432520
2019-02-08,0.00524803,103.3934,1,0.032667,221.215690,0.00586482,49.3062,1,0.038358,359.568330
2019-02-11,0.00011914,103.4053,1,0.020806,200.964050,-0.00544592,48.7616,1,0.028432,261.488220
2019-02-12,0.00267755,103.6731,1,0.028265,181.246240,0.00755896,49.5175,1,0.043874,321.023700
2019-02-13,0.00443957,104.1170,1,0.029513,222.496160,-0.01091526,48.4260,1,0.035076,263.008450
2019-02-14,-0.00288913,103.8281,1,0.034963,220.563450,0.00179475,48.6055,1,0.047815,380.823110
2019-02-15,-0.00699014,103.1291,1,0.025184,161.043790,0.00365241,48.9707,1,0.026439,260.749930
2019-02-19,0.00506086,103.6352,1,0.025464,162.574650,-0.01254078,47.7166,0,0.000000,0.000000
2019-02-20,0.00129285,103.7645,1,0.034995,280.772350,0.00902179,48.6188,1,0.046731,402.716120
2019-02-21,-0.00104675,103.6598,1,0.023175,180.677520,-0.00919340,47.6995,1,0.034980,280.849770
2019-02-22,-0.00634364,103.0254,1,0.033354,200.525960,-0.00481844,47.2176,1,0.056884,359.708900
2019-02-25,-0.01115349,101.9101,1,0.030779,280.656590,0.00233627,47.4512,1,0.041783,361.968420
2019-02-26,0.00317763,102.2279,1,0.019517,141.934890,-0.00944256,46.5070,1,0.039066,300.392270
2019-02-27,0.01655547,103.8834,1,0.043243,200.286800,-0.01078618,45.4284,1,0.062628,359.990510
2019-02-28,0.00555148,104.4386,1,0.050072,262.487410,-0.00165021,45.2633,1,0.069881,342.792990
2019-03-01,-0.00825705,103.6128,1,0.023385,160.657260,0.00311716,45.5751,1,0.031264,299.805900
2019-03-04,0.00628789,104.2416,1,0.019591,161.999800,-0.00684097,44.8910,1,0.040907,321.758840
2019-03-05,0.00776898,105.0185,1,0.026122,201.445880,0.00903959,45.7949,1,0.045951,319.636210
2019-03-06,-0.00354409,104.6641,1,0.034029,220.688780,0.00451812,46.2467,1,0.042118,300.701870
2019-03-07,-0.01610041,103.0541,1,0.031581,199.898440,0.01203612,47.4503,1,0.035858,319.521550
2019-03-08,-0.00529578,102.5245,1,0.023708,182.225380,-0.00136219,47.3141,1,0.027639,262.080890
2019-03-11,-0.00203096,102.3214,1,0.025256,161.682690,-0.00230820,47.0833,1,0.038120,300.302220
2019-03-12,-0.00690774,101.6306,1,0.037104,202.647440,0.00158644,47.2420,0,0.000000,0.000000
2019-03-13,0.00522677,102.1533,1,0.026563,181.117150,-0.00185869,47.0561,1,0.053189,303.291775
2019-03-14,0.00509206,102.6625,1,0.037914,241.372480,0.00312761,47.3688,1,0.044499,321.008800
2019-03-15,-0.00460046,102.2025,1,0.040546,240.259920,0.00129618,47.4985,1,0.037392,280.426080
2019-03-18,0.00755670,102.9581,1,0.014520,141.619920,-0.00463965,47.0345,1,0.029595,321.233570
2019-03-19,-0.00127342,102.8308,1,0.035902,241.524750,0.00010074,47.0446,1,0.040716,301.615130
2019-03-20,-0.00823230,102.0076,1,0.019450,141.108440,0.00388552,47.4331,1,0.033148,300.129110
2019-03-21,-0.01454780,100.5528,1,0.027030,181.187520,0.00256766,47.6899,1,0.043234,320.515700
2019-03-22,-0.00987352,99.5654,1,0.026522,184.386570,-0.00114223,47.5757,0,0.000000,0.000000
2019-03-25,-0.00285937,99.2795,1,0.030197,200.541930,0.00675854,48.2515,1,0.046086,343.361828
2019-03-26,0.00417836,99.6973,1,0.033334,201.218440,-0.00702060,47.5495,1,0.044440,261.556240
2019-03-27,0.00979933,100.6773,1,0.026447,161.290810,0.01092706,48.6422,0,0.000000,0.000000
2019-03-28,-0.00040155,100.6371,1,0.024525,160.805080,0.01282595,49.9248,1,0.033695,261.560861
2019-03-29,0.00494501,101.1316,1,0.021089,121.940170,-0.00146825,49.7779,1,0.033625,222.154190
2019-04-01,0.00189895,101.3215,1,0.027975,181.254830,0.02238595,52.0165,1,0.049175,321.009380
2019-04-02,-0.01421619,99.8999,1,0.031269,183.159290,0.00728923,52.7455,1,0.040927,263.652690
2019-04-03,-0.00610919,99.2890,1,0.030339,181.628630,0.00560853,53.3063,1,0.043067,281.223730
2019-04-04,-0.00878786,98.4102,1,0.022286,161.363900,0.01101374,54.4077,1,0.039106,301.069440
2019-04-05,0.00546151,98.9563,1,0.030129,161.070720,0.00113671,54.5214,1,0.039419,261.722880
2019-04-08,-0.00210512,98.7458,1,0.037762,222.654480,0.00579918,55.1013,0,0.000000,0.000000
2019-04-09,0.01407084,100.1529,1,0.031286,160.690550,-0.00477024,54.6243,1,0.038914,282.294465
2019-04-10,-0.00100160,100.0528,1,0.031820,180.485430,-0.00262271,54.3620,1,0.041141,299.687750
2019-04-11,-0.00168263,99.8845,1,0.026903,221.793960,0.00220338,54.5823,1,0.040302,341.774030
2019-04-12,0.00439900,100.3244,1,0.028790,161.000020,0.00467666,55.0500,1,0.043394,301.107000
2019-04-15,-0.00048940,100.2755,1,0.023270,202.315850,-0.00502823,54.5472,1,0.043613,321.496980
2019-04-16,0.00288740,100.5642,1,0.022110,160.560910,-0.01337469,53.2097,1,0.040809,299.839970
2019-04-17,-0.00677870,99.8863,1,0.029540,200.643250,0.01576837,54.7865,1,0.057403,360.453920
2019-04-18,0.00185924,100.0722,1,0.025136,120.732050,-0.01149480,53.6370,1,0.023660,201.281820
2019-04-22,-0.00751316,99.3209,1,0.047846,241.083380,0.00199758,53.8368,1,0.050232,360.772780
2019-04-23,-0.00482742,98.8382,1,0.027732,141.242750,-0.00241200,53.5956,1,0.052900,320.540770
2019-04-24,0.01063874,99.9021,1,0.027006,221.166890,-0.01804079,51.7915,0,0.000000,0.000000
2019-04-25,-0.00139686,99.7624,1,0.047576,220.364120,0.00443452,52.2350,1,0.064278,382.366979
2019-04-26,-0.01094395,98.6680,1,0.041965,259.949830,0.00828783,53.0638,1,0.041067,281.596670
2019-04-29,-0.00504018,98.1640,1,0.027218,162.254030,-0.01393477,51.6703,1,0.037597,241.457230
2019-04-30,0.00090938,98.2549,1,0.030552,200.674220,-0.00079136,51.5911,1,0.054276,340.465400
2019-05-01,-0.01306735,96.9482,1,0.029985,162.882850,0.01230598,52.8217,1,0.044802,341.923880
2019-05-02,-0.00573068,96.3751,1,0.032948,199.754750,0.00807280,53.6290,0,0.000000,0.000000
2019-05-03,0.02331374,98.7065,1,0.026736,201.756120,0.00925355,54.5544,1,0.040575,280.734926
2019-05-06,0.00465961,99.1724,1,0.043719,240.959410,-0.00503955,54.0504,1,0.055305,322.751550
2019-05-07,0.00233531,99.4060,1,0.039839,240.581300,0.00961878,55.0123,1,0.047982,319.997890
2019-05-08,0.00401979,99.8079,1,0.023711,180.632970,0.00307856,55.3202,0,0.000000,0.000000
2019-05-09,0.00214154,100.0221,1,0.037906,200.278350,0.00819684,56.1398,1,0.058506,318.436770
2019-05-10,0.00554960,100.5771,1,0.038560,200.947180,0.00759045,56.8989,1,0.044495,321.084210
2019-05-13,-0.00721949,99.8551,1,0.034629,220.801860,0.02668574,59.5675,1,0.041286,301.615780
2019-05-14,0.01216115,101.0712,1,0.029345,239.973040,-0.02256361,57.3111,1,0.031051,221.502460
2019-05-15,-0.00618092,100.4531,1,0.055222,321.551260,0.00113510,57.4246,1,0.052130,401.588070
2019-05-16,-0.00377030,100.0761,1,0.027860,181.236890,0.00374229,57.7988,1,0.036281,320.874140
2019-05-17,0.00021721,100.0978,1,0.032659,181.234170,-0.00674205,57.1246,1,0.037225,281.764070
2019-05-20,-0.01190838,98.9070,1,0.033958,199.619540,0.01976016,59.1007,1,0.061684,359.180780
2019-05-21,-0.00233430,98.6736,1,0.022510,141.369140,-0.01047803,58.0529,1,0.030523,201.298200
2019-05-22,-0.00495093,98.1785,1,0.033843,162.411780,0.00879502,58.9324,0,0.000000,0.000000
2019-05-23,-0.00913460,97.2650,1,0.034210,180.172670,0.02373305,61.3057,1,0.048785,281.653135
2019-05-24,0.01143183,98.4082,1,0.034747,220.002850,-0.00278004,61.0277,1,0.037184,240.568010
2019-05-28,-0.01065356,97.3428,1,0.044846,261.135430,0.00050827,61.0785,1,0.056133,340.036780
2019-05-29,0.00994109,98.3369,1,0.028811,179.337810,-0.00623644,60.4548,0,0.000000,0.000000
2019-05-30,-0.00416618,97.9203,1,0.033708,181.161140,0.00298578,60.7534,1,0.046912,337.734295
2019-05-31,-0.00726939,97.1934,1,0.032349,221.167050,0.01105301,61.8587,1,0.042829,281.491190
2019-06-03,0.01183451,98.3768,1,0.026639,141.550050,-0.00315603,61.5431,1,0.038623,261.262070
2019-06-04,-0.00582836,97.7940,1,0.040856,242.815830,-0.01275052,60.2681,1,0.051952,322.583940
2019-06-05,0.01693176,99.4872,1,0.032094,225.099020,-0.02598263,57.6698,1,0.043313,364.393660
2019-06-06,0.00169929,99.6571,1,0.047271,282.068990,0.00282625,57.9524,1,0.060815,402.617110
2019-06-07,0.00359973,100.0171,1,0.037337,201.686640,-0.00367211,57.5852,1,0.038001,282.054500
2019-06-10,-0.00009072,100.0080,1,0.027512,201.153110,0.00750135,58.3353,1,0.042475,341.568550
2019-06-11,-0.00948525,99.0595,1,0.033585,180.457660,0.00459317,58.7947,1,0.055193,320.907230
2019-06-12,0.01419116,100.4786,1,0.036974,181.586480,-0.01266520,57.5281,1,0.055790,281.026850
2019-06-13,-0.00267835,100.2108,1,0.039115,220.903530,-0.00772599,56.7555,1,0.048509,339.729490
2019-06-14,-0.00171985,100.0388,1,0.042395,202.125700,-0.00839041,55.9165,1,0.055641,341.657610
2019-06-17,0.00217848,100.2566,1,0.032292,219.340230,0.00324997,56.2415,1,0.061713,339.240500
2019-06-18,0.01483715,101.7403,1,0.032625,181.041120,0.00062414,56.3039,1,0.058696,341.505670
2019-06-19,-0.00468800,101.2715,1,0.047580,242.677060,0.00100772,56.4047,1,0.047848,302.457490
2019-06-20,0.00743356,102.0149,1,0.035644,200.293900,-0.00858878,55.5458,1,0.051708,321.386860
2019-06-21,-0.01818842,100.1960,1,0.035732,222.102660,0.01021812,56.5676,1,0.053378,342.349590
2019-06-24,-0.00185053,100.0110,1,0.019473,140.944330,0.00024291,56.5919,1,0.034169,261.089310
2019-06-25,-0.00604747,99.4062,1,0.025257,160.819100,0.00209349,56.8013,1,0.054091,319.668040
2019-06-26,-0.00523039,98.8832,1,0.034629,240.083210,-0.00717813,56.0834,1,0.036643,280.496700
2019-06-27,0.00350044,99.2333,1,0.030646,180.442970,-0.00787191,55.2963,1,0.058211,339.057450
2019-06-28,-0.00453093,98.7802,1,0.038383,242.139470,0.00206977,55.5032,1,0.043353,341.544040
2019-07-01,0.00374868,99.1550,1,0.036142,221.868450,0.00853884,56.3571,0,0.000000,0.000000
2019-07-02,0.01928878,101.0839,1,0.036482,220.873050,-0.01174016,55.1831,1,0.036966,283.257337
2019-07-03,0.00039123,101.1230,1,0.038227,242.061400,0.00294479,55.4776,1,0.050411,380.643410
2019-07-05,0.00350855,101.4739,1,0.037335,202.279570,-0.00257714,55.2199,0,0.000000,0.000000
2019-07-08,-0.00151378,101.3225,1,0.038938,300.004810,0.00180579,55.4004,1,0.044971,361.539926
2019-07-09,-0.00541030,100.7815,1,0.022260,181.292740,-0.00203274,55.1972,1,0.037714,300.298870
2019-07-10,0.00222880,101.0044,1,0.034000,240.972210,0.00620662,55.8178,1,0.039558,301.052980
2019-07-11,0.00348357,101.3527,1,0.027743,161.182560,-0.01685810,54.1320,1,0.034960,281.641940
2019-07-12,0.00447517,101.8002,1,0.031793,180.327900,0.00279304,54.4113,1,0.049476,319.598730
2019-07-15,-0.00962171,100.8381,1,0.044071,262.006890,0.00469997,54.8813,1,0.044943,301.736080
2019-07-16,0.00446484,101.2845,1,0.031176,201.723700,0.00657878,55.5392,1,0.047022,321.421180
2019-07-17,0.00438304,101.7228,1,0.026146,161.955080,-0.00171141,55.3681,1,0.044331,300.673020
2019-07-18,0.00255234,101.9781,1,0.037246,201.402870,0.00716623,56.0847,1,0.057267,339.819790
2019-07-19,-0.00198557,101.7795,1,0.037587,221.208420,-0.00429263,55.6554,1,0.048503,281.499970
2019-07-22,0.00024538,101.8041,1,0.032292,240.468170,0.00434368,56.0898,1,0.042502,300.225380
2019-07-23,-0.01394422,100.4096,1,0.026312,162.007310,0.00007696,56.0975,1,0.045794,320.269270
2019-07-24,-0.01870497,98.5391,1,0.019037,141.739310,0.00499826,56.5973,1,0.047724,301.071330
2019-07-25,0.01103726,99.6429,1,0.020764,121.889940,-0.01993824,54.6035,1,0.050584,243.138410
2019-07-26,0.00083304,99.7262,1,0.050296,240.825110,0.00320143,54.9236,1,0.070057,398.837600
2019-07-29,-0.00050854,99.6753,1,0.032124,202.324980,0.01025022,55.9487,1,0.038868,262.299660
2019-07-30,0.02083118,101.7584,1,0.035642,180.028710,-0.01841253,54.1074,1,0.044693,281.134950
2019-07-31,-0.00461202,101.2972,1,0.030912,201.961960,0.01372929,55.4803,1,0.051701,381.679280
2019-08-01,0.03240263,104.5375,1,0.030547,180.864230,0.00171139,55.6515,0,0.000000,0.000000
2019-08-02,0.00095608,104.6331,1,0.042362,260.951030,0.01002354,56.6538,1,0.058016,317.871786
2019-08-05,-0.00030533,104.6026,1,0.041113,200.638350,0.01388151,58.0420,1,0.042549,240.643550
2019-08-06,0.00215895,104.8185,1,0.026495,180.160560,0.00789827,58.8318,0,0.000000,0.000000
2019-08-07,-0.01910049,102.9084,1,0.053729,282.285570,0.00842823,59.6746,0,0.000000,0.000000
2019-08-08,-0.00659406,102.2490,1,0.025706,143.010140,0.00548669,60.2233,1,0.047041,279.519099
2019-08-09,-0.00314158,101.9349,1,0.027458,184.247200,0.00670318,60.8936,0,0.000000,0.000000
2019-08-12,0.00200715,102.1356,1,0.033125,180.444020,0.01278440,62.1721,1,0.035200,261.778546
2019-08-13,0.00567055,102.7026,1,0.032015,219.919760,-0.00424602,61.7474,1,0.038432,299.735120
2019-08-14,0.00470529,103.1732,1,0.036691,261.835310,0.01850694,63.5981,0,0.000000,0.000000
2019-08-15,-0.01681387,101.4918,1,0.044007,198.115960,0.01372786,64.9709,0,0.000000,0.000000
2019-08-16,0.01392859,102.8846,1,0.033271,182.373460,-0.01852922,63.1180,1,0.057692,280.480925
2019-08-19,-0.02301796,100.5828,1,0.061746,302.744850,-0.02270759,60.8472,0,0.000000,0.000000
2019-08-20,-0.00742470,99.8404,1,0.035240,164.091130,0.00211170,61.0584,0,0.000000,0.000000
2019-08-21,-0.00282264,99.5581,1,0.044674,219.885710,-0.00014091,61.0443,0,0.000000,0.000000
2019-08-22,-0.00463606,99.0945,1,0.038056,161.747170,0.01336862,62.3812,0,0.000000,0.000000
2019-08-23,-0.00392040,98.7024,1,0.043510,180.922710,0.00831006,63.2122,1,0.061194,306.561668
2019-08-26,0.00017180,98.7196,1,0.036460,160.350070,0.00435787,63.6480,0,0.000000,0.000000
2019-08-27,-0.01228204,97.4914,1,0.044224,221.679220,0.00456703,64.1047,0,0.000000,0.000000
2019-08-28,0.01175661,98.6671,1,0.032719,161.363920,-0.01887822,62.2169,1,0.046902,278.266584
2019-08-29,0.00479817,99.1469,1,0.052693,281.090100,0.00697004,62.9139,1,0.065326,401.000820
2019-08-30,-0.00078130,99.0688,1,0.048620,282.731230,0.00766411,63.6803,0,0.000000,0.000000
2019-09-03,0.00571419,99.6402,1,0.041641,280.700970,-0.00542758,63.1375,1,0.040508,284.118644
2019-09-04,0.00375279,100.0155,1,0.047121,259.189640,-0.00269549,62.8680,1,0.050529,299.516210
2019-09-05,-0.00234950,99.7805,1,0.044120,261.420820,0.01724191,64.5922,1,0.046859,322.108780
2019-09-06,0.00207962,99.9885,1,0.040538,203.722150,0.00669973,65.2621,1,0.037317,242.902690
2019-09-09,0.01286903,101.2754,1,0.058227,280.912220,0.01056671,66.3188,1,0.047709,281.110810
2019-09-10,0.00153619,101.4290,1,0.043861,262.152070,0.03413020,69.7318,1,0.052600,302.045740
2019-09-11,0.00077246,101.5063,1,0.037504,222.275480,0.00364912,70.0967,1,0.033088,223.339460
2019-09-12,0.00065875,101.5721,1,0.038895,221.654670,-0.00232483,69.8643,1,0.051993,301.997600
2019-09-13,-0.00372374,101.1998,1,0.038434,181.306570,-0.01119337,68.7449,1,0.055657,341.151490
2019-09-16,-0.01687828,99.5119,1,0.025058,141.770040,0.02584321,71.3292,1,0.062319,360.261220
2019-09-17,0.03317641,102.8296,1,0.033169,163.896810,-0.01082406,70.2468,1,0.039076,263.795720
2019-09-18,0.00907231,103.7368,1,0.025209,123.234430,0.00623398,70.8702,1,0.060342,320.014690
2019-09-19,0.00482240,104.2190,1,0.041940,161.013280,-0.01505245,69.3650,1,0.053095,260.479480
2019-09-20,0.01009608,105.2286,1,0.040052,141.073900,0.01004156,70.3691,1,0.077384,340.660170
2019-09-23,0.00278797,105.5074,1,0.051413,240.359720,-0.00208598,70.1605,1,0.046178,241.379400
2019-09-24,0.00785664,106.2931,1,0.032996,181.396330,-0.01000153,69.1604,1,0.055343,300.512360
2019-09-25,0.00590379,106.8835,1,0.047231,200.927080,-0.00568480,68.5919,1,0.072150,358.871430
2019-09-26,0.00875963,107.7594,1,0.037407,241.304950,-0.00924319,67.6676,1,0.048749,341.389650
2019-09-27,-0.00539241,107.2202,1,0.041141,220.436330,-0.00383309,67.2843,1,0.064729,360.330550
2019-09-30,-0.00108158,107.1120,1,0.027348,161.417840,-0.00876037,66.4082,1,0.050647,320.683680
2019-10-01,0.00592870,107.7049,1,0.033410,241.930490,-0.00490109,65.9181,0,0.000000,0.000000
2019-10-02,0.00689256,108.3942,1,0.038754,200.730480,0.00621353,66.5395,1,0.065887,341.373931
2019-10-03,0.00914028,109.3082,1,0.030642,181.150210,-0.00189914,66.3496,0,0.000000,0.000000
2019-10-04,0.01015884,110.3241,1,0.057806,260.216350,-0.00782651,65.5669,1,0.065251,298.306826
2019-10-07,0.00377080,110.7012,1,0.024810,182.390530,0.00854272,66.4212,0,0.000000,0.000000
2019-10-08,0.01167912,111.8691,1,0.036968,181.058130,0.01754471,68.1757,1,0.046449,241.424719
2019-10-09,0.00337689,112.2068,1,0.033111,219.338820,0.00025363,68.2010,0,0.000000,0.000000
2019-10-10,0.00225298,112.4321,1,0.048482,201.694280,-0.00410224,67.7908,0,0.000000,0.000000
2019-10-11,-0.00053604,112.3785,1,0.028394,181.779400,0.01357939,69.1487,1,0.051441,320.175690
2019-10-14,0.00673489,113.0520,1,0.047181,224.113030,0.00236830,69.3856,1,0.044780,264.272180
2019-10-15,-0.00767872,112.2841,1,0.045282,240.519610,0.00645280,70.0309,1,0.047590,300.027530
2019-10-16,-0.00146677,112.1374,1,0.030287,221.332190,-0.00517688,69.5132,1,0.043418,281.329810
2019-10-17,-0.00087040,112.0504,1,0.034570,199.996650,-0.00860395,68.6528,1,0.037205,300.664450
2019-10-18,0.00844159,112.8945,1,0.038711,220.944750,0.00415407,69.0682,1,0.035813,281.287690
2019-10-21,0.00290139,113.1847,1,0.036381,220.951170,-0.00058266,69.0099,1,0.041996,281.102900
2019-10-22,-0.01989194,111.1955,1,0.035744,182.429080,0.00916136,69.9260,1,0.028944,281.023950
2019-10-23,-0.00005125,111.1903,1,0.023495,161.666390,-0.00138676,69.7874,1,0.045976,281.239560
2019-10-24,-0.00796676,110.3937,1,0.017866,120.686470,0.00579484,70.3669,1,0.034146,261.867540
2019-10-25,0.00742235,111.1359,1,0.037605,222.558310,-0.02015393,68.3515,1,0.054863,302.617290
2019-10-28,-0.00834784,110.3011,1,0.030294,180.158340,0.00878315,69.2298,1,0.059265,358.990410
2019-10-29,-0.00958574,109.3425,1,0.021954,121.340130,0.00016954,69.2467,1,0.046606,281.240560
2019-10-30,-0.00413381,108.9292,1,0.017981,141.683180,-0.02055696,67.1910,1,0.037526,321.278180
2019-10-31,0.00402564,109.3317,1,0.043056,160.764200,-0.01971315,65.2197,1,0.066165,380.420830
2019-11-01,-0.00315739,109.0160,1,0.025129,140.427060,-0.00350311,64.8694,1,0.041831,339.183690
2019-11-04,-0.02627537,106.3884,1,0.030737,182.262910,0.03420544,68.2900,1,0.046996,343.697200
2019-11-05,-0.00272729,106.1157,1,0.013429,122.397060,0.00095068,68.3850,1,0.025622,183.082840
2019-11-06,0.00487917,106.6036,1,0.031153,179.791840,-0.00876225,67.5088,1,0.038285,300.131010
2019-11-07,-0.00537026,106.0666,1,0.039936,161.447330,-0.02000957,65.5078,1,0.065447,340.555000
2019-11-08,0.00214746,106.2814,1,0.016594,160.691210,-0.00433085,65.0748,1,0.046435,400.793330
2019-11-11,0.00703919,106.9853,1,0.027021,180.299760,-0.00374302,64.7005,1,0.038352,300.204850
2019-11-12,-0.00165816,106.8195,1,0.032176,220.487260,0.00430027,65.1305,1,0.047693,339.849610
2019-11-13,0.00728477,107.5479,1,0.026033,161.058180,0.00433993,65.5645,1,0.045657,300.893640
2019-11-14,-0.00554989,106.9929,1,0.028509,201.690650,0.00139876,65.7043,1,0.041604,281.528630
2019-11-15,-0.00354631,106.6383,1,0.033351,180.933760,0.00327271,66.0316,1,0.057929,340.722880
2019-11-18,-0.00477802,106.1605,1,0.027212,222.090560,-0.00113979,65.9176,1,0.041679,321.757740
2019-11-19,0.00610116,106.7706,1,0.014974,102.084510,-0.00008284,65.9094,1,0.035994,301.370100
2019-11-20,-0.00535595,106.2350,1,0.032445,221.144430,-0.00240974,65.6684,1,0.036494,261.485450
2019-11-21,0.00679956,106.9150,1,0.036624,201.576770,-0.00389488,65.2789,1,0.041018,262.011840
2019-11-22,0.00642644,107.5576,1,0.045506,260.151400,0.00341027,65.6199,1,0.047393,320.414650
2019-11-25,-0.00529152,107.0285,1,0.032782,201.062750,-0.00748540,64.8714,1,0.036490,260.979620
2019-11-26,0.00195087,107.2236,1,0.037493,241.275690,-0.00471607,64.3998,1,0.055187,341.582270
2019-11-27,-0.00457060,106.7665,1,0.035830,241.772380,-0.00572868,63.8269,1,0.048098,301.732500
2019-11-29,0.00358733,107.1252,1,0.041497,201.627590,-0.00393930,63.4330,1,0.059150,361.167690
2019-12-02,0.01808977,108.9342,1,0.028063,120.804870,0.00387565,63.8205,1,0.056155,259.563820
2019-12-03,-0.00050233,108.8840,1,0.030733,219.601540,0.00158329,63.9789,1,0.055191,321.364760
2019-12-04,-0.00295723,108.5883,1,0.018623,142.151680,-0.01036572,62.9423,1,0.038232,300.487560
2019-12-05,0.00128132,108.7164,1,0.038688,261.723980,-0.00187724,62.7546,1,0.040654,342.451360
2019-12-06,0.00318717,109.0351,1,0.036313,221.203180,-0.00754576,62.0000,1,0.064966,320.910950
2019-12-09,-0.00367984,108.6671,1,0.029914,182.329350,0.00466942,62.4669,1,0.059738,321.885710
2019-12-10,-0.00247822,108.4193,1,0.026372,161.151870,0.00049616,62.5166,1,0.039564,300.950260
2019-12-11,-0.00832135,107.5872,1,0.020965,160.787490,0.00675874,63.1924,1,0.054996,300.061660
2019-12-12,0.00993102,108.5803,1,0.027938,141.720630,0.02374912,65.5673,1,0.046798,340.471810
2019-12-13,0.01162385,109.7427,1,0.057675,262.937860,-0.01360227,64.2071,1,0.046767,242.892050
2019-12-16,-0.00137381,109.6053,1,0.035971,241.127580,0.00126556,64.3337,1,0.053844,378.998780
2019-12-17,0.00056201,109.6615,1,0.019129,161.789770,-0.01199173,63.1345,0,0.000000,0.000000
2019-12-18,0.00619047,110.2805,1,0.032823,181.133810,-0.00298175,62.8363,1,0.070645,363.267095
2019-12-19,-0.00225771,110.0548,1,0.050181,241.389590,-0.00380712,62.4556,1,0.063302,321.104610
2019-12-20,0.00264529,110.3193,1,0.027351,181.261370,-0.01050098,61.4055,1,0.053818,321.221970
2019-12-23,0.01666212,111.9855,1,0.021038,201.287100,-0.02744820,58.6607,1,0.033820,321.470720
2019-12-24,0.00556900,112.5424,1,0.033560,182.539350,-0.00729906,57.9308,1,0.066286,401.410820
2019-12-26,0.00012485,112.5549,1,0.043485,180.454540,-0.01061401,56.8694,1,0.081811,380.050500
2019-12-27,0.00441018,112.9959,1,0.022142,140.454690,-0.00340612,56.5288,1,0.047992,359.987670
2019-12-30,0.00015726,113.0116,1,0.032284,220.409040,-0.00531977,55.9968,1,0.041497,320.313640
2019-12-31,0.00161694,113.1733,1,0.020416,160.110390,-0.00551811,55.4450,1,0.051511,360.087440
