date,model_ret,model_equity,model_rebalanced,model_cost,model_traded,naive_ret,naive_equity,naive_rebalanced,naive_cost,naive_traded
2015-01-02,-0.01283601,98.7164,1,0.025741,200.000000,0.00000000,100.0000,0,0.000000,0.000000
2015-01-05,-0.00079569,98.6368,1,0.028609,180.847260,0.01043497,101.0435,1,0.033743,200.000000
2015-01-06,-0.00411437,98.2254,1,0.030627,160.791100,0.01018385,102.0619,0,0.000000,0.000000
2015-01-07,-0.00334297,97.8911,1,0.021127,120.775570,0.00491659,102.5535,1,0.040941,277.408320
2015-01-08,-0.00131044,97.7601,1,0.018294,122.235950,-0.01553994,100.9995,0,0.000000,0.000000
2015-01-09,-0.00498138,97.2619,1,0.012728,123.580350,0.00546656,101.5462,0,0.000000,0.000000
2015-01-12,0.00019481,97.2814,1,0.018369,141.018830,0.01021876,102.5681,1,0.057284,284.140392
2015-01-13,-0.00155527,97.1259,1,0.026097,180.724210,-0.00225355,102.3427,1,0.033355,220.962140
2015-01-14,0.00035137,97.1610,1,0.035363,220.377490,-0.00448243,101.8945,1,0.052143,319.905920
2015-01-15,-0.00249234,96.9118,1,0.032564,141.397520,0.01282544,103.1770,1,0.061576,320.214360
2015-01-16,-0.00037681,96.8741,1,0.024871,180.523710,-0.00813766,102.3633,1,0.054646,240.103140
2015-01-20,-0.00158377,96.7157,1,0.027677,183.199230,-0.00387197,101.9761,0,0.000000,0.000000
2015-01-21,0.00569531,97.2852,1,0.019319,140.620420,-0.00373168,101.6029,1,0.047118,321.906939
2015-01-22,-0.00784611,96.5006,1,0.019401,181.127910,-0.01608572,99.9943,1,0.057632,321.495290
2015-01-23,-0.00125256,96.3754,1,0.022326,143.908690,-0.00438987,99.5553,0,0.000000,0.000000
2015-01-26,0.00043862,96.4192,1,0.031078,219.814330,-0.00085234,99.4701,1,0.074554,322.637931
2015-01-27,0.00332746,96.7520,1,0.020774,181.314920,-0.00307848,99.1623,0,0.000000,0.000000
2015-01-28,0.00535045,97.2870,1,0.060215,140.343980,-0.00070565,99.0917,1,0.083115,339.342513
2015-01-29,0.00308418,97.5954,1,0.033032,218.912840,-0.01516359,97.5753,0,0.000000,0.000000
2015-01-30,-0.00180892,97.4146,1,0.063862,201.864170,0.00040305,97.6156,0,0.000000,0.000000
2015-02-02,-0.00054042,97.3605,1,0.031952,239.067550,-0.00468077,97.1476,0,0.000000,0.000000
2015-02-03,0.00374370,97.7349,1,0.019850,162.372790,-0.01073291,96.0743,0,0.000000,0.000000
2015-02-04,0.00738578,98.4735,1,0.024802,163.721640,0.00078772,96.1530,0,0.000000,0.000000
2015-02-05,-0.00880980,97.5925,1,0.030760,200.810200,-0.01418696,94.7343,1,0.078276,340.924234
2015-02-06,-0.00740782,96.8517,1,0.039922,220.922880,0.00905926,95.6403,0,0.000000,0.000000
2015-02-09,-0.00524165,96.3275,1,0.028345,121.049060,0.00728340,96.3686,1,0.039800,321.357565
2015-02-10,0.00184160,96.5117,1,0.021780,160.676980,-0.00670150,95.6985,1,0.038050,279.587500
2015-02-11,0.00336067,96.8478,1,0.028293,181.728860,0.00042417,95.7409,0,0.000000,0.000000
2015-02-12,-0.00073702,96.7741,1,0.017852,120.586700,0.00429535,96.1704,1,0.048895,302.072064
2015-02-13,-0.02188206,94.5859,1,0.015816,101.629970,0.01641985,97.8124,0,0.000000,0.000000
2015-02-17,-0.00658314,93.9275,1,0.016264,121.596470,0.00474840,98.2872,1,0.046010,224.337316
2015-02-18,0.00370676,94.2982,1,0.030234,100.936690,-0.01298688,96.9885,1,0.067568,280.654730
2015-02-19,-0.00570887,93.7273,1,0.012897,100.685750,-0.01132056,95.8565,1,0.064116,320.406400
2015-02-20,-0.00119523,93.6078,1,0.024553,120.581770,0.00040408,95.8969,1,0.041662,360.063500
2015-02-23,-0.00111541,93.4963,1,0.016171,141.275950,-0.00288801,95.6081,1,0.040751,341.538650
2015-02-24,0.00114622,93.6109,1,0.017868,121.036230,-0.00105505,95.5026,1,0.035385,281.027610
2015-02-25,0.00152758,93.7636,1,0.030592,161.599390,-0.00802722,94.6999,1,0.044902,320.414600
2015-02-26,0.00346487,94.1101,1,0.017563,180.781170,-0.00298430,94.4014,1,0.135330,379.300800
2015-02-27,0.00279362,94.3895,1,0.014398,160.040170,-0.00386555,94.0149,1,0.051035,299.595900
2015-03-02,0.00347190,94.7367,1,0.029350,200.384160,-0.00127187,93.8877,1,0.032867,319.983100
2015-03-03,-0.00213691,94.5230,1,0.019581,140.903420,-0.01251506,92.6362,1,0.047546,361.931040
2015-03-04,-0.00235344,94.2876,1,0.045674,239.352950,0.00128630,92.7648,1,0.065400,379.541440
2015-03-05,0.00412284,94.6999,1,0.013266,140.985290,-0.00059823,92.7050,1,0.066063,300.158310
2015-03-06,0.00257831,94.9578,1,0.019319,160.668750,0.00444559,93.1496,1,0.034461,281.052740
2015-03-09,0.00390679,95.3484,1,0.038081,200.094170,0.00472766,93.6223,0,0.000000,0.000000
2015-03-10,0.00135321,95.4838,1,0.055669,201.350540,-0.00308531,93.3138,1,0.067721,280.216421
2015-03-11,0.00580819,96.0646,1,0.017991,181.237650,0.00147332,93.4611,0,0.000000,0.000000
2015-03-12,0.00660557,96.7251,1,0.012733,121.024090,-0.00479274,92.9819,1,0.034354,299.670630
2015-03-13,0.00053477,96.7786,1,0.016693,182.955550,0.00257403,93.2393,0,0.000000,0.000000
2015-03-16,-0.00053995,96.7246,1,0.030145,199.985030,0.00675482,93.9147,0,0.000000,0.000000
2015-03-17,-0.00458626,96.2660,1,0.013756,122.645010,0.00168359,94.0831,0,0.000000,0.000000
2015-03-18,0.00478594,96.7446,1,0.018366,160.274710,-0.01094513,92.9886,1,0.041303,324.624230
2015-03-19,0.00235781,96.9804,1,0.037739,222.583540,0.00901407,93.8900,0,0.000000,0.000000
2015-03-20,-0.00807759,96.1726,1,0.016509,140.490100,0.00805172,94.6952,1,0.030228,241.507206
2015-03-23,0.00314570,96.4872,1,0.023600,223.160050,-0.00251659,94.4435,0,0.000000,0.000000
2015-03-24,0.00417790,96.9050,1,0.034940,220.437650,-0.00253166,94.1903,1,0.049366,322.475815
2015-03-25,-0.00345936,96.5590,1,0.031466,219.946230,0.00005674,94.1960,1,0.048776,300.035220
2015-03-26,0.00308933,96.8680,1,0.022417,180.820350,0.00217135,94.4131,0,0.000000,0.000000
2015-03-27,-0.00189270,96.6787,1,0.047250,239.817170,-0.00757154,93.6560,1,0.057134,337.248991
2015-03-30,-0.00022248,96.6564,1,0.030778,201.501340,-0.00604473,93.0515,1,0.045403,320.754200
2015-03-31,-0.00538308,96.1181,1,0.016268,122.437550,0.00279785,93.3313,0,0.000000,0.000000
2015-04-01,0.00052601,96.1707,1,0.021329,179.916840,-0.00151582,93.1797,1,0.052252,322.535733
2015-04-02,-0.00387930,95.7828,1,0.014300,160.295590,0.00352515,93.5322,1,0.040555,320.008550
2015-04-06,0.00060632,95.8434,1,0.025598,161.181250,0.00116987,93.6492,1,0.037013,281.378230
2015-04-07,0.00284506,96.1280,1,0.023394,181.218270,-0.00452700,93.1965,0,0.000000,0.000000
2015-04-08,-0.00240784,95.8872,1,0.022894,160.646260,-0.00093171,93.1034,1,0.053101,320.209440
2015-04-09,0.00312972,96.2001,1,0.030708,180.887330,0.00988557,94.0919,0,0.000000,0.000000
2015-04-10,0.00203767,96.4039,1,0.022983,180.544540,0.00354622,94.4465,1,0.042848,281.385910
2015-04-13,-0.00412494,95.9914,1,0.029924,201.004210,-0.00487841,93.9587,1,0.033251,280.990710
2015-04-14,0.00397254,96.3887,1,0.039426,180.599470,-0.00733792,93.2249,1,0.061922,339.718950
2015-04-15,-0.00341787,96.0469,1,0.020507,181.197040,0.00271784,93.4967,1,0.067376,360.149570
2015-04-16,0.00737198,96.7841,1,0.013742,121.257580,-0.00756421,92.7403,1,0.032361,321.208360
2015-04-17,-0.00296789,96.4873,1,0.019839,160.901000,0.00348880,93.0891,1,0.053770,379.946340
2015-04-20,0.00016143,96.5034,1,0.017527,140.608170,0.00279883,93.3690,0,0.000000,0.000000
2015-04-21,-0.00049269,96.4542,1,0.032979,141.692290,0.00061185,93.4302,0,0.000000,0.000000
2015-04-22,-0.00432266,96.0219,1,0.023986,179.946490,-0.00038498,93.3917,1,0.064748,279.889486
2015-04-23,-0.00382015,95.6399,1,0.019385,161.239880,0.00014949,93.4067,1,0.067501,300.555550
2015-04-24,0.00115238,95.7551,1,0.019672,161.446910,-0.00018087,93.3886,1,0.031067,301.021510
2015-04-27,0.00641102,96.3962,1,0.025418,140.601870,-0.00262485,93.1261,1,0.045245,260.297900
2015-04-28,0.00958340,97.3546,1,0.023460,199.514540,0.00483915,93.6100,1,0.063675,358.974660
2015-04-29,-0.00321850,97.0327,1,0.020180,160.144660,0.01493252,95.1033,1,0.047778,301.233510
2015-04-30,-0.00772910,96.2598,1,0.023140,181.007610,0.00227652,95.3309,1,0.052668,281.089030
2015-05-01,-0.00611118,95.6487,1,0.024298,179.640490,0.00244931,95.5758,0,0.000000,0.000000
2015-05-04,0.00396923,96.0456,1,0.045267,162.769960,-0.00436768,95.1391,0,0.000000,0.000000
2015-05-05,0.00476561,96.5222,1,0.025299,141.742930,0.00998225,96.1373,0,0.000000,0.000000
2015-05-06,-0.00282613,96.2396,1,0.019163,160.244220,0.00202093,96.3394,0,0.000000,0.000000
2015-05-07,0.00070301,96.3099,1,0.013289,120.802570,-0.00492844,95.8465,1,0.065414,299.624747
2015-05-08,-0.00351295,95.9586,1,0.017875,141.602870,-0.00011473,95.8351,1,0.055693,341.488310
2015-05-11,-0.00260806,95.6978,1,0.023826,122.382900,-0.00351415,95.4837,0,0.000000,0.000000
2015-05-12,-0.00501498,95.1963,1,0.029008,179.842480,-0.00329537,95.1541,1,0.058507,361.623488
2015-05-13,0.00789439,95.9857,1,0.017061,141.159750,-0.01174386,93.9797,1,0.044566,340.447590
2015-05-14,-0.00020296,95.9654,1,0.017166,160.459960,-0.00217938,93.7618,1,0.053008,360.131560
2015-05-15,0.00202802,96.1682,1,0.023488,202.587890,-0.01275088,92.4867,0,0.000000,0.000000
2015-05-18,-0.00343803,95.8244,0,0.000000,0.000000,-0.00816422,91.6703,1,0.065322,382.598002
2015-05-19,0.00370562,96.1950,1,0.021928,181.215145,0.00075918,91.7462,1,0.050332,380.735660
2015-05-20,-0.00224528,95.9704,0,0.000000,0.000000,-0.00208944,91.5373,1,0.037384,340.257930
2015-05-21,-0.00499479,95.4710,0,0.000000,0.000000,0.00058967,91.5962,1,0.051483,340.988200
2015-05-22,0.00178294,95.6492,1,0.024406,181.340529,0.00422953,92.0192,1,0.037177,300.750230
2015-05-26,0.00253299,95.9025,1,0.022701,200.173220,-0.00477544,91.5416,0,0.000000,0.000000
2015-05-27,-0.00455398,95.4471,1,0.017808,200.028740,0.00027577,91.5692,0,0.000000,0.000000
2015-05-28,-0.00133149,95.3140,1,0.021889,201.065230,-0.00162902,91.4063,0,0.000000,0.000000
2015-05-29,-0.00644345,94.6697,1,0.028905,220.337900,0.00553905,91.9602,1,0.049295,338.685095
2015-06-01,0.00160720,94.8304,1,0.016030,160.699200,0.00611195,92.5714,0,0.000000,0.000000
2015-06-02,0.00821594,95.6520,1,0.027146,200.728150,-0.00876345,91.6951,1,0.044225,261.094008
2015-06-03,0.00450143,96.1021,1,0.040017,220.277320,0.01507463,93.2025,1,0.042857,359.836340
2015-06-04,0.00930350,97.0325,1,0.033160,180.949680,-0.01331105,91.8714,1,0.022605,201.803860
2015-06-05,0.00096330,97.1288,1,0.025230,220.134330,0.01550527,93.4219,0,0.000000,0.000000
2015-06-08,0.00056571,97.1854,1,0.034029,161.052040,-0.00778900,92.6430,1,0.018360,140.814427
2015-06-09,-0.00490616,96.6947,1,0.019106,139.747660,0.00557178,93.2002,0,0.000000,0.000000
2015-06-10,0.00349731,97.0445,1,0.029299,120.697350,-0.00207544,92.9927,1,0.027464,220.055262
2015-06-11,0.00329710,97.3742,1,0.025320,162.385330,-0.00524581,92.4681,0,0.000000,0.000000
2015-06-12,0.00081572,97.4558,1,0.022178,181.201670,0.00474045,92.9421,1,0.047355,383.123013
2015-06-15,-0.00593159,96.8626,1,0.025199,180.111170,0.00728740,93.6709,0,0.000000,0.000000
2015-06-16,-0.00054220,96.8084,1,0.026640,180.762600,-0.00019706,93.6512,0,0.000000,0.000000
2015-06-17,0.00212275,97.0207,1,0.024315,201.688260,0.00366360,94.0175,0,0.000000,0.000000
2015-06-18,-0.00330233,96.6904,1,0.024163,180.645790,0.00809369,94.8269,1,0.039751,301.132724
2015-06-19,-0.01909415,94.7810,1,0.023195,202.474410,-0.00221182,94.6057,0,0.000000,0.000000
2015-06-22,-0.00307947,94.4731,1,0.034047,202.178860,0.00051389,94.6571,1,0.051391,342.009130
2015-06-23,-0.00679089,93.7940,1,0.014209,120.873760,0.00401294,95.0584,1,0.032676,260.943460
2015-06-24,-0.00049190,93.7448,1,0.016440,120.801840,-0.00240393,94.8180,1,0.026763,260.546610
2015-06-25,0.00589383,94.3342,1,0.025847,180.147250,0.00015297,94.8333,0,0.000000,0.000000
2015-06-26,0.00142328,94.4765,1,0.028532,200.500070,-0.00211455,94.6219,1,0.047255,357.838082
2015-06-29,-0.00482724,93.9938,1,0.017304,140.474940,0.00827578,95.4494,1,0.039182,320.301120
2015-06-30,0.00569265,94.5630,1,0.019075,161.166020,-0.00246650,95.2028,0,0.000000,0.000000
2015-07-01,0.00028035,94.5911,1,0.027795,201.022740,-0.00622097,94.5807,1,0.046677,337.601273
2015-07-02,-0.00450418,94.1406,1,0.027228,182.490510,-0.00227570,94.3531,0,0.000000,0.000000
2015-07-06,-0.00963609,93.1770,1,0.025469,220.944310,0.00686538,95.0397,1,0.048902,342.370977
2015-07-07,-0.00841204,92.3358,1,0.020674,141.523160,0.00656158,95.6958,1,0.047832,320.851520
2015-07-08,-0.01496302,90.8395,1,0.030402,201.838170,0.01921328,97.6171,1,0.044832,301.903490
2015-07-09,0.00859398,91.6989,1,0.039002,220.165020,-0.01122892,96.4943,0,0.000000,0.000000
2015-07-10,0.00011236,91.7102,1,0.045304,281.030760,0.00919322,97.4136,1,0.047998,377.705627
2015-07-13,-0.00796512,90.9137,1,0.028252,182.146000,0.01236627,98.6502,0,0.000000,0.000000
2015-07-14,-0.00311737,90.6019,1,0.019147,181.925140,0.00110067,98.7603,1,0.024253,223.545962
2015-07-15,0.00499959,91.1019,1,0.025821,201.014570,-0.00213516,98.5468,0,0.000000,0.000000
2015-07-16,0.00116340,91.2182,1,0.024280,220.173700,0.00252263,98.7990,1,0.048717,360.340840
2015-07-17,-0.00394537,90.8237,1,0.020397,201.646740,-0.00056951,98.7421,0,0.000000,0.000000
2015-07-20,-0.00640656,90.1830,1,0.032536,220.239800,0.00725482,99.4675,1,0.045068,321.163179
2015-07-21,0.00075355,90.2584,1,0.019315,141.247160,0.00804402,100.2719,1,0.037498,301.108690
2015-07-22,0.00000351,90.2587,1,0.022309,199.532150,0.00207420,100.4794,1,0.039540,320.473000
2015-07-23,0.00403265,90.6620,1,0.023725,221.066140,-0.00258506,100.2209,1,0.035286,300.698040
2015-07-24,-0.00228457,90.4335,1,0.028847,200.918170,0.02602081,102.8229,1,0.051599,339.327560
2015-07-27,-0.00206733,90.2268,1,0.028453,200.377730,-0.00487390,102.3356,1,0.031150,281.734340
2015-07-28,0.00577570,90.8044,1,0.027360,200.323560,-0.01061564,101.2740,1,0.047234,301.233300
2015-07-29,0.00367753,91.1721,1,0.037167,223.820370,-0.00086978,101.1870,0,0.000000,0.000000
2015-07-30,0.00672534,91.8447,1,0.021176,162.147580,0.00156429,101.3434,0,0.000000,0.000000
2015-07-31,-0.00441911,91.4028,1,0.022121,200.444170,0.00967647,102.3111,1,0.046223,326.386298
2015-08-03,-0.00412490,90.9903,1,0.023730,160.891030,0.00313440,102.6245,1,0.033870,241.383650
2015-08-04,0.01162335,92.1526,1,0.029345,160.794620,-0.01047078,101.5774,1,0.033128,280.860590
2015-08-05,0.00269894,92.4225,1,0.018996,161.290900,0.00024013,101.6015,1,0.043217,340.821030
2015-08-06,0.01587854,94.0103,1,0.025066,161.322290,-0.01785470,99.8160,1,0.046880,301.237830
2015-08-07,-0.00269213,93.7411,1,0.035513,219.357480,0.00413123,100.2291,1,0.051817,359.113610
2015-08-10,0.01084104,94.8252,1,0.018636,121.400980,-0.01989101,98.2400,1,0.045801,260.673840
2015-08-11,0.00475475,95.3007,1,0.031175,182.160740,0.01203615,99.4436,0,0.000000,0.000000
2015-08-12,-0.00242076,95.0586,1,0.030226,140.684890,0.01054064,100.4977,1,0.033756,241.409414
2015-08-13,0.00095474,95.1541,1,0.024896,140.795950,-0.01469675,99.0280,1,0.042555,241.339460
2015-08-14,0.00417142,95.5713,1,0.009758,60.767870,-0.00161454,98.8666,1,0.051934,380.428480
2015-08-17,0.00542360,96.1136,1,0.019750,141.052860,-0.00980893,97.8857,1,0.039253,281.286860
2015-08-18,-0.00067877,96.0457,1,0.036067,221.445110,0.00070702,97.9564,0,0.000000,0.000000
2015-08-19,-0.00477060,95.5687,1,0.021240,180.405950,0.00110147,98.0665,1,0.037583,301.574698
2015-08-20,-0.01120311,94.4484,1,0.007311,61.640080,0.01359752,99.4263,1,0.046058,299.764750
2015-08-21,-0.00227276,94.2211,1,0.027456,179.550140,0.00480220,99.9065,0,0.000000,0.000000
2015-08-24,0.00501751,94.7228,1,0.024199,160.220800,0.00774039,100.6805,0,0.000000,0.000000
2015-08-25,0.01059269,95.7821,1,0.026941,201.023010,-0.00047205,100.6333,0,0.000000,0.000000
2015-08-26,-0.00875533,94.9066,1,0.027233,239.789550,0.00032948,100.6663,0,0.000000,0.000000
2015-08-27,-0.00404290,94.5023,1,0.050540,206.160480,-0.00984665,99.6816,0,0.000000,0.000000
2015-08-28,-0.00613108,93.8892,1,0.019228,124.662270,-0.01331685,98.3499,0,0.000000,0.000000
2015-08-31,-0.00550847,93.3383,1,0.021407,121.193480,0.01225110,99.5750,1,0.068130,371.830320
2015-09-01,-0.00048561,93.2898,1,0.018611,101.090260,-0.00423198,99.1518,1,0.044518,260.300120
2015-09-02,0.00341941,93.6317,1,0.026609,200.640390,0.00204164,99.3560,0,0.000000,0.000000
2015-09-03,0.00456069,94.0878,1,0.029511,242.900090,0.00411652,99.7677,0,0.000000,0.000000
2015-09-04,0.00045876,94.1337,1,0.030814,200.519400,0.00272171,100.0398,0,0.000000,0.000000
2015-09-08,-0.00483801,93.6499,1,0.037101,200.019610,0.00019412,100.0592,0,0.000000,0.000000
2015-09-09,-0.00512896,93.1370,1,0.026516,164.475520,0.00433315,100.4925,0,0.000000,0.000000
2015-09-10,0.00268096,93.4051,1,0.025334,160.400800,-0.00196674,100.2959,0,0.000000,0.000000
2015-09-11,0.00304900,93.7100,1,0.024460,200.679130,-0.00243016,100.0529,1,0.058936,359.477315
2015-09-14,0.00137086,93.8470,1,0.031694,181.247500,-0.00044383,100.0085,0,0.000000,0.000000
2015-09-15,0.00364076,94.2111,1,0.051484,240.147160,-0.00027210,99.9813,1,0.058500,321.335190
2015-09-16,0.00055599,94.2667,1,0.031651,181.846160,0.00471072,100.4523,0,0.000000,0.000000
2015-09-17,0.00204042,94.4708,1,0.018578,162.176610,0.00734387,101.1867,0,0.000000,0.000000
2015-09-18,-0.01314699,93.1561,1,0.031709,240.058480,0.01323249,102.5100,1,0.042251,223.691368
2015-09-21,-0.00175453,92.9806,1,0.034863,199.739370,-0.00302352,102.2076,0,0.000000,0.000000
2015-09-22,-0.01012614,91.9680,1,0.047264,261.313890,0.00374543,102.5822,1,0.063507,259.554455
2015-09-23,-0.00582790,91.3852,1,0.033180,180.076050,0.00153860,102.7360,0,0.000000,0.000000
2015-09-24,-0.00455788,90.9294,1,0.038588,221.038810,-0.00031112,102.7049,1,0.054302,318.879825
2015-09-25,-0.01432746,89.4967,1,0.024766,200.368120,0.01304917,104.0098,1,0.051613,340.329570
2015-09-28,-0.00987769,88.5089,1,0.031739,141.811380,0.02132162,106.1420,1,0.035578,281.899010
2015-09-29,-0.00448813,88.0601,1,0.024343,161.487470,-0.00148894,105.9931,0,0.000000,0.000000
2015-09-30,-0.00750177,87.3099,1,0.015007,161.426050,-0.00280224,105.7129,1,0.057814,376.308148
2015-10-01,-0.01135110,86.1748,1,0.021800,183.443550,0.00669342,106.3822,0,0.000000,0.000000
2015-10-02,-0.01095536,85.0793,1,0.028436,201.347830,0.01426288,107.8085,1,0.055222,326.600051
2015-10-05,0.00757876,85.8371,1,0.017464,163.516320,-0.00958934,106.8496,0,0.000000,0.000000
2015-10-06,-0.00447182,85.3900,1,0.021022,182.325400,-0.00086452,106.7631,0,0.000000,0.000000
2015-10-07,0.01778736,87.1687,1,0.025284,180.566000,-0.02119353,104.6438,1,0.046943,326.387662
2015-10-08,-0.00953368,86.2153,1,0.027068,220.067760,0.00005539,104.6493,1,0.055761,340.341850
2015-10-09,-0.00814701,85.4006,1,0.029101,222.382680,-0.00662149,103.9872,0,0.000000,0.000000
2015-10-12,-0.00064052,85.3366,1,0.026522,141.406280,0.00003315,103.9905,1,0.055485,322.333693
2015-10-13,-0.00461880,84.8747,1,0.023140,120.785530,0.00842243,104.8327,1,0.050497,280.791220
2015-10-14,-0.00307248,84.5674,1,0.010888,100.358600,-0.00069974,104.7627,0,0.000000,0.000000
2015-10-15,-0.01229588,83.3379,1,0.020428,141.459620,0.00146336,104.9091,0,0.000000,0.000000
2015-10-16,-0.01371546,81.9663,1,0.045296,162.993220,0.01073645,105.9827,0,0.000000,0.000000
2015-10-19,-0.00144124,81.8222,1,0.016264,141.672350,0.01065255,107.0480,1,0.040785,282.129201
2015-10-20,0.01720865,83.5431,1,0.014965,120.555980,-0.01789965,105.2580,1,0.024975,221.152160
2015-10-21,-0.00247028,83.2960,1,0.029398,221.212510,-0.00268844,104.9892,1,0.047314,361.282570
2015-10-22,-0.00170868,83.1252,1,0.037498,200.234770,0.00768807,105.7580,1,0.058193,320.668550
2015-10-23,0.00666077,83.7912,1,0.033023,243.189050,-0.01806846,103.9511,0,0.000000,0.000000
2015-10-26,-0.00388155,83.4031,1,0.029365,202.140060,0.00865974,104.8171,1,0.052386,383.885517
2015-10-27,-0.01842654,81.5604,1,0.017024,141.139710,0.00559681,105.3768,1,0.042099,281.307740
2015-10-28,-0.00952140,80.6083,1,0.019270,141.511310,0.00564048,105.9408,1,0.059452,282.177720
2015-10-29,-0.00686982,79.9213,1,0.020512,162.789830,-0.00316575,105.6243,1,0.056395,343.376240
2015-10-30,0.00012440,79.9337,1,0.021500,200.692910,-0.01088087,104.5362,1,0.047817,320.490620
2015-11-02,0.00081948,80.0157,1,0.030542,220.889420,-0.00688851,103.8473,1,0.045781,360.700030
2015-11-03,-0.00689905,79.3258,1,0.037945,222.407330,0.01091112,104.9384,0,0.000000,0.000000
2015-11-04,0.00267541,79.5933,1,0.019659,141.600920,0.00098545,105.0370,1,0.032595,262.181200
2015-11-05,-0.00798035,78.7953,1,0.027695,181.007620,0.01005221,106.0422,1,0.042939,320.169760
2015-11-06,-0.00622138,78.1732,1,0.015148,140.947740,0.00206967,106.2492,1,0.037603,261.703960
2015-11-09,0.00646032,78.8192,1,0.024558,181.132870,-0.00687001,105.5622,1,0.035251,300.843930
2015-11-10,-0.00045802,78.7734,1,0.028332,200.273810,-0.00907612,104.6546,0,0.000000,0.000000
2015-11-11,0.00449224,79.2226,1,0.016466,121.282570,-0.00075109,104.5794,1,0.057649,380.400136
2015-11-12,-0.00626796,78.5958,1,0.027456,180.399790,0.00179438,104.7589,1,0.040672,280.519240
2015-11-13,0.00250500,78.8463,1,0.042500,219.620920,-0.00247441,104.5114,0,0.000000,0.000000
2015-11-16,-0.00091833,78.7545,1,0.030763,200.557180,-0.00188902,104.3225,1,0.050512,337.617506
2015-11-17,0.00434164,79.1886,1,0.026756,142.593050,-0.00151259,104.1713,0,0.000000,0.000000
2015-11-18,0.00321717,79.5104,1,0.014963,101.234020,-0.00561061,103.6102,1,0.037931,301.517805
2015-11-19,0.00445888,79.9562,1,0.019202,143.294960,-0.01065111,102.5451,0,0.000000,0.000000
2015-11-20,-0.00340055,79.6162,1,0.013265,100.575290,0.00140330,102.6854,1,0.044770,322.437244
2015-11-23,-0.00203908,79.4123,1,0.027408,181.983990,-0.00666145,102.0193,1,0.041795,282.238720
2015-11-24,0.00886667,80.2989,1,0.024173,200.723000,-0.00387583,101.6317,1,0.038393,321.865610
2015-11-25,-0.00512528,79.7864,1,0.035458,220.566500,-0.00734089,100.8976,1,0.058229,340.801370
2015-11-27,0.00002736,79.7892,1,0.016554,141.208790,0.00585426,101.4830,1,0.051704,320.830140
2015-11-30,0.00363200,80.1524,1,0.025440,141.300750,-0.00699709,100.7833,1,0.054309,301.239590
2015-12-01,-0.00193455,79.9589,1,0.026305,140.926620,-0.00673372,100.1100,1,0.044662,339.706480
2015-12-02,0.00175786,80.1347,1,0.018184,141.458370,-0.00345441,99.7645,0,0.000000,0.000000
2015-12-03,0.00363891,80.4986,1,0.030009,218.058910,0.01468570,101.2331,0,0.000000,0.000000
2015-12-04,-0.00276287,80.2223,1,0.031667,219.339600,-0.01192603,100.0405,0,0.000000,0.000000
2015-12-07,-0.00995248,79.2270,1,0.031788,203.461300,-0.00602110,99.4384,0,0.000000,0.000000
2015-12-08,-0.00201558,79.0255,1,0.026108,160.966720,0.00132503,99.5709,1,0.050697,297.750985
2015-12-09,-0.00000079,79.0254,1,0.025649,160.643790,-0.00980459,98.5904,1,0.055289,280.393420
2015-12-10,-0.00182073,78.8433,1,0.018973,101.094150,-0.00368114,98.2223,1,0.062694,378.193170
2015-12-11,0.00679401,79.5227,1,0.035099,220.313820,-0.00614086,97.6082,1,0.046896,320.781640
2015-12-14,0.00178650,79.7014,1,0.029760,180.199240,-0.00030259,97.5780,0,0.000000,0.000000
2015-12-15,-0.00317464,79.3839,1,0.025874,141.407590,-0.00635312,96.9427,1,0.038262,320.227206
2015-12-16,-0.01010758,78.3732,1,0.018478,121.922530,-0.00247733,96.6949,0,0.000000,0.000000
2015-12-17,0.00077713,78.4509,1,0.013107,83.084240,0.00141621,96.8365,0,0.000000,0.000000
2015-12-18,-0.00342867,78.1080,1,0.012467,120.098700,-0.00823650,96.0129,0,0.000000,0.000000
2015-12-21,-0.00273377,77.8346,1,0.031537,141.349360,-0.01058106,94.9548,0,0.000000,0.000000
2015-12-22,-0.00331730,77.5029,1,0.022870,161.439460,-0.00610221,94.3446,1,0.052651,380.503671
2015-12-23,-0.01665226,75.8377,1,0.015656,121.647460,-0.00077761,94.2668,0,0.000000,0.000000
2015-12-24,0.00104606,75.9423,1,0.012964,103.445950,-0.00278886,93.9879,0,0.000000,0.000000
2015-12-28,0.00728655,76.6709,1,0.026895,140.306330,0.00189529,94.1774,1,0.076181,343.688923
2015-12-29,0.00300232,76.9712,1,0.012178,81.034950,-0.00391276,93.7862,1,0.044606,320.924950
2015-12-30,0.00389482,77.3607,1,0.021668,121.623730,0.00949698,94.7359,0,0.000000,0.000000
2015-12-31,0.00174205,77.5349,1,0.026675,179.811170,-0.00645135,94.0907,0,0.000000,0.000000
2016-01-04,-0.00912875,76.6220,1,0.016425,140.199200,0.00139972,94.2307,0,0.000000,0.000000
2016-01-05,-0.00069730,76.5523,1,0.016430,101.843270,0.00594855,94.8256,0,0.000000,0.000000
2016-01-06,0.00015822,76.5681,1,0.029758,161.274900,0.00173711,94.9993,1,0.056799,318.317500
2016-01-07,-0.00254213,76.3139,1,0.033963,140.081700,0.01188371,96.1876,1,0.056499,298.939590
2016-01-08,-0.00708669,75.6052,1,0.018459,120.775030,0.00266723,96.4544,0,0.000000,0.000000
2016-01-11,0.00342287,75.9475,1,0.028413,160.169150,0.01216536,97.6709,0,0.000000,0.000000
2016-01-12,0.00515294,76.4628,1,0.011316,100.491700,-0.00446826,97.2241,1,0.032726,277.909761
2016-01-13,-0.00530237,75.9325,1,0.020467,140.674750,-0.00698063,96.5260,1,0.049283,321.583960
2016-01-14,-0.00287853,75.6447,1,0.013993,120.937290,0.00481575,97.0076,0,0.000000,0.000000
2016-01-15,0.01135050,76.7797,1,0.029820,223.445780,0.00180162,97.1878,0,0.000000,0.000000
2016-01-19,-0.01294006,75.4857,1,0.029766,180.858490,0.00690430,97.8782,0,0.000000,0.000000
2016-01-20,-0.00723612,74.7621,1,0.024472,161.240680,0.00207869,98.0861,1,0.039031,260.501718
2016-01-21,0.01449243,76.2114,1,0.021367,142.319940,-0.01577072,96.5090,1,0.041642,338.960560
2016-01-22,0.00175071,76.3864,1,0.038829,221.951290,0.00019031,96.5280,1,0.051679,342.718750
2016-01-25,0.01655636,78.0421,1,0.019604,203.942020,-0.00840025,95.6880,0,0.000000,0.000000
2016-01-26,-0.01005835,77.0362,1,0.027235,161.362860,0.02883782,98.5718,0,0.000000,0.000000
2016-01-27,-0.00082707,76.9535,1,0.021737,164.101220,-0.02304513,96.2673,0,0.000000,0.000000
2016-01-28,-0.00550706,76.4028,1,0.041766,201.286390,0.00594502,96.8618,1,0.060058,342.146392
2016-01-29,0.00693002,77.0958,1,0.019758,142.949920,-0.00901984,95.9598,1,0.040574,281.681700
2016-02-01,0.00657830,77.7536,1,0.038790,225.358980,-0.01369000,94.5908,0,0.000000,0.000000
2016-02-02,-0.00600729,77.1529,1,0.023809,180.421440,0.01794719,96.3855,1,0.050781,364.981788
2016-02-03,0.00499281,77.6522,1,0.043969,218.914820,-0.00648773,95.7367,0,0.000000,0.000000
2016-02-04,-0.00393280,77.2589,1,0.035060,163.962870,-0.01892614,93.8441,0,0.000000,0.000000
2016-02-05,-0.02553162,74.7058,1,0.024632,162.104120,0.01066065,94.9102,1,0.048615,362.017614
2016-02-08,-0.01431240,73.2745,1,0.025290,159.483250,0.01374110,96.2843,0,0.000000,0.000000
2016-02-09,-0.00617972,72.6565,1,0.030032,140.968370,0.01140438,97.4247,1,0.042742,277.532948
2016-02-10,0.00811292,73.4678,1,0.040748,181.311800,-0.02642774,94.7819,1,0.046514,322.550220
2016-02-11,-0.00802063,72.6658,1,0.030043,221.724560,-0.01443704,93.3382,1,0.040344,304.546460
2016-02-12,0.00262026,72.9278,1,0.028474,180.176000,-0.00993297,92.3449,1,0.044587,297.346440
2016-02-16,-0.01316389,71.6114,1,0.039509,203.815340,0.00252248,92.5972,0,0.000000,0.000000
2016-02-17,0.00678938,72.2904,1,0.009572,83.740740,0.01238916,93.8361,0,0.000000,0.000000
2016-02-18,0.01996574,74.2869,1,0.036206,144.272410,-0.02607317,91.2288,1,0.053387,292.169329
2016-02-19,0.00528386,74.8153,1,0.021774,162.523420,-0.00050014,91.1788,1,0.046894,358.532750
2016-02-22,-0.00266556,74.5488,1,0.025626,140.611820,-0.01601389,89.5774,1,0.048429,281.254640
2016-02-23,0.01403538,75.9523,1,0.023992,143.368650,0.00870269,90.4477,0,0.000000,0.000000
2016-02-24,-0.00254999,75.6973,1,0.030919,200.669450,-0.00259401,90.1883,1,0.061981,321.235312
2016-02-25,-0.00331558,75.3657,1,0.024288,181.563580,-0.00428325,89.7599,1,0.058305,341.235800
2016-02-26,-0.00675882,74.6899,1,0.013472,122.457490,0.00384541,90.1445,0,0.000000,0.000000
2016-02-29,0.00850494,75.5403,1,0.016816,101.251550,-0.01403037,88.7414,1,0.042757,303.296356
2016-03-01,0.00000462,75.5408,1,0.027728,181.086710,-0.01647364,87.0941,1,0.057694,358.688160
2016-03-02,0.00060501,75.6013,1,0.025359,184.889190,-0.01191548,85.9025,0,0.000000,0.000000
2016-03-03,-0.00828896,74.7724,1,0.023626,181.976120,0.00721246,86.6238,1,0.056774,347.035124
2016-03-04,-0.00496060,74.2764,1,0.015870,102.372050,0.00937348,87.5611,0,0.000000,0.000000
2016-03-07,0.00012514,74.2889,1,0.021106,161.888870,0.00505406,88.0665,1,0.038734,264.097920
2016-03-08,0.01487817,75.7767,1,0.028753,201.838640,-0.02643105,85.4234,1,0.059855,321.345140
2016-03-09,-0.00708061,75.0686,1,0.016961,122.053630,-0.00044903,85.3785,1,0.061223,337.244290
2016-03-10,-0.00467108,74.6015,1,0.020448,161.770580,0.00424616,85.8031,1,0.039344,281.520000
2016-03-11,-0.01033555,73.5680,1,0.032825,200.805940,-0.01959776,83.8434,1,0.044416,280.657840
2016-03-14,0.00181062,73.7490,1,0.019878,204.099750,0.00099677,83.9430,0,0.000000,0.000000
2016-03-15,0.01276511,75.0255,1,0.026299,180.305380,0.00188753,84.1318,1,0.048987,264.095072
2016-03-16,-0.00701380,74.3242,1,0.019390,181.165450,-0.01421293,82.7105,1,0.063483,359.215780
2016-03-17,-0.00215861,74.1083,1,0.021261,162.481370,0.01425181,84.1357,1,0.067449,342.377550
2016-03-18,0.00142109,74.2504,1,0.023401,202.903380,-0.01182120,82.9536,1,0.041050,222.838970
2016-03-21,0.00166904,74.4173,1,0.037506,280.943630,-0.00505217,82.4483,1,0.050667,362.742850
2016-03-22,-0.00333994,74.0833,1,0.038894,220.578630,-0.00124220,82.3241,1,0.039620,340.241170
2016-03-23,-0.00329365,73.7539,1,0.038715,200.995500,-0.00243647,82.0805,1,0.036187,300.879040
2016-03-24,0.00465450,74.2194,1,0.038510,200.328750,-0.00397431,81.6830,1,0.046411,320.080320
2016-03-28,0.01097441,75.3168,1,0.026069,200.173060,-0.01034315,80.6487,1,0.042305,320.758700
2016-03-29,-0.00780786,74.5361,1,0.029626,220.433590,0.00920686,81.5694,1,0.065724,380.119510
2016-03-30,0.00372971,74.9090,1,0.021669,183.246380,0.00002572,81.5720,0,0.000000,0.000000
2016-03-31,-0.00524039,74.3850,1,0.031749,220.748760,-0.00713133,80.8588,1,0.061333,343.263343
2016-04-01,0.01417028,75.8020,1,0.023102,161.424630,-0.02209458,78.6494,1,0.054918,379.754520
2016-04-04,-0.02606727,73.1953,1,0.043687,260.540750,0.01633100,80.2825,1,0.055240,380.704160
2016-04-05,-0.00227582,72.9677,1,0.027742,222.045920,0.00052523,80.3350,1,0.044007,301.795900
2016-04-06,-0.01496751,71.4710,1,0.018961,160.132960,0.00710019,81.0450,0,0.000000,0.000000
2016-04-07,0.00531749,72.0027,1,0.031541,223.052270,-0.01248625,79.7964,1,0.040765,261.666527
2016-04-08,-0.00322792,71.6799,1,0.017412,160.841890,0.00837588,80.6340,1,0.042692,338.809500
2016-04-11,-0.00543565,71.1363,1,0.024735,180.992840,0.00499990,81.1340,1,0.030110,241.214360
2016-04-12,-0.01677950,69.4584,1,0.026660,160.698230,0.01340781,82.4748,1,0.030019,221.230600
2016-04-13,-0.00418444,69.0400,1,0.016654,142.647650,0.00765598,83.2404,0,0.000000,0.000000
2016-04-14,-0.00507688,68.5323,1,0.021088,183.134290,0.00263696,83.5041,1,0.046784,325.419969
2016-04-15,0.00793228,69.3255,1,0.018982,180.181440,-0.01302907,82.2012,1,0.027737,260.237900
2016-04-18,0.00567211,69.8927,1,0.016889,141.194890,-0.00605505,81.5956,1,0.049265,380.647350
2016-04-19,-0.00451430,69.4413,1,0.054560,301.105840,-0.00184569,81.4111,0,0.000000,0.000000
2016-04-20,-0.00341477,69.0998,1,0.030707,221.104810,-0.00014656,81.3964,1,0.055246,301.352128
2016-04-21,-0.01011113,68.0887,1,0.035263,221.973010,0.00578550,81.9750,1,0.053040,300.769430
2016-04-22,-0.00141953,67.9467,1,0.044243,201.059690,-0.00567089,81.4079,1,0.070139,300.821530
2016-04-25,-0.00339119,67.6076,1,0.032189,241.677630,0.00262518,81.6704,1,0.065452,361.539010
2016-04-26,0.00137480,67.7451,1,0.026430,180.535150,-0.00640873,81.0295,1,0.047793,319.894530
2016-04-27,0.00134830,67.8799,1,0.028550,202.452310,0.00481007,81.5105,1,0.059803,362.180060
2016-04-28,0.00091780,67.9717,1,0.029770,203.161860,-0.00845867,80.6647,1,0.025627,262.416330
2016-04-29,-0.00042907,67.9288,1,0.016767,161.068850,0.00946982,81.6117,1,0.067718,338.381860
2016-05-02,-0.00011743,67.9171,1,0.020103,120.250760,-0.00084761,81.5269,1,0.039031,259.975480
2016-05-03,-0.00677023,67.2400,1,0.026663,221.405600,0.01345421,82.8723,1,0.035979,321.765330
2016-05-04,-0.00808353,66.4317,1,0.038513,179.906740,0.01804347,84.6767,1,0.049133,280.336720
2016-05-05,0.00480277,66.9120,1,0.025273,180.817520,0.00126347,84.8030,1,0.044573,240.959180
2016-05-06,-0.00846889,66.0651,1,0.036489,260.349730,0.00592277,85.3953,1,0.033553,280.407540
2016-05-09,0.00342848,66.4079,1,0.016842,121.257760,0.00019423,85.4147,1,0.044537,262.238130
2016-05-10,0.01216274,67.6242,1,0.027826,140.562050,-0.01243327,84.1714,1,0.046817,321.016860
2016-05-11,0.00178704,67.8029,1,0.033576,162.873520,-0.01412640,82.7587,0,0.000000,0.000000
2016-05-12,-0.00238801,67.5641,1,0.028791,219.620660,0.00209755,82.9685,0,0.000000,0.000000
2016-05-13,-0.00399375,67.1647,1,0.021845,160.621610,-0.00113762,82.8547,1,0.031272,261.993164
2016-05-16,0.00295909,67.4606,1,0.021321,180.530050,-0.00195253,82.6595,0,0.000000,0.000000
2016-05-17,-0.00664488,66.7961,1,0.027608,181.487770,-0.00781029,81.8784,0,0.000000,0.000000
2016-05-18,0.00579587,67.3757,1,0.015253,140.448020,-0.01269202,80.6092,0,0.000000,0.000000
2016-05-19,0.00031007,67.4067,1,0.026303,181.279100,-0.00705323,79.9039,1,0.051533,358.621362
2016-05-20,0.00073106,67.4798,1,0.023614,140.221430,-0.00705309,79.1986,1,0.044609,340.254410
2016-05-23,-0.00727022,66.7528,1,0.021352,201.642020,-0.00786118,78.4125,0,0.000000,0.000000
2016-05-24,0.00133377,66.8862,1,0.012773,100.920770,0.00145585,78.5581,1,0.047915,361.333327
2016-05-25,-0.00360232,66.5260,1,0.022282,162.631010,0.01514127,80.0722,0,0.000000,0.000000
2016-05-26,0.01146112,67.6721,1,0.020298,121.377190,-0.00234784,79.8374,1,0.037204,244.497068
2016-05-27,0.00131280,67.8034,1,0.021320,141.520430,-0.00105909,79.7315,1,0.055789,340.634340
2016-05-31,-0.00488132,67.3152,1,0.021772,181.015260,0.00816520,80.5480,0,0.000000,0.000000
2016-06-01,-0.00190893,67.1243,1,0.021573,180.786860,-0.00266957,80.2811,1,0.025697,221.822285
2016-06-02,-0.00847687,66.2766,1,0.035837,200.553880,0.00713952,80.9950,1,0.051758,340.741860
2016-06-03,0.00455293,66.7319,1,0.018577,161.590090,-0.00770829,80.2242,1,0.032549,241.412030
2016-06-06,-0.00122168,66.6098,1,0.019478,179.523970,-0.01198072,79.0261,1,0.054042,360.068880
2016-06-07,-0.00107361,66.5024,1,0.029721,220.543350,-0.00078344,78.9478,1,0.044804,361.574650
2016-06-08,-0.00085196,66.4172,1,0.025846,180.739880,-0.00311940,78.6358,1,0.045460,300.734400
2016-06-09,-0.00190463,66.2267,1,0.019373,161.077810,0.00466970,79.1028,1,0.029920,280.858280
2016-06-10,-0.00196327,66.0304,1,0.017787,180.364190,0.00888463,79.9913,1,0.026067,280.437230
2016-06-13,-0.00443575,65.5868,1,0.019555,159.880320,0.00254999,80.2463,0,0.000000,0.000000
2016-06-14,-0.00523252,65.0636,1,0.027602,200.504740,0.00983032,81.2293,0,0.000000,0.000000
2016-06-15,0.00114263,65.1779,1,0.020207,181.005650,-0.00146354,81.0830,1,0.024014,201.263415
2016-06-16,-0.00243053,64.9348,1,0.024083,180.483430,-0.00397413,80.6855,1,0.034093,300.738420
2016-06-17,0.00115571,65.0504,1,0.032149,161.140710,-0.00374883,80.3107,1,0.059883,381.291080
2016-06-20,0.00673779,65.7242,1,0.019671,180.743780,-0.00416834,79.8938,1,0.078954,360.322440
2016-06-21,0.00003022,65.7272,1,0.034908,261.336110,0.00322214,80.2160,0,0.000000,0.000000
2016-06-22,0.00038994,65.7662,1,0.024916,201.072270,-0.00237911,79.9781,1,0.040231,282.549958
2016-06-23,0.00037625,65.8038,1,0.018055,180.070190,0.00042935,80.0211,1,0.041665,359.665600
2016-06-24,0.03303954,69.1077,1,0.031896,242.947660,-0.00413663,79.6074,0,0.000000,0.000000
2016-06-27,-0.01848986,67.2588,1,0.051456,257.318930,-0.01460365,78.1470,0,0.000000,0.000000
2016-06-28,0.01755380,69.0141,1,0.035360,220.124450,-0.01584154,76.5629,1,0.051264,335.093302
2016-06-29,-0.00253610,68.7605,1,0.051940,283.476460,-0.01586670,74.9762,0,0.000000,0.000000
2016-06-30,0.00264470,69.0250,1,0.026730,184.723190,-0.01077294,73.8989,0,0.000000,0.000000
2016-07-01,0.00467742,69.4927,1,0.031348,184.077800,0.00087091,73.9860,0,0.000000,0.000000
2016-07-05,0.01777179,71.2699,1,0.020481,181.246430,-0.00087969,73.8980,1,0.038649,330.955436
2016-07-06,0.00682900,71.9528,1,0.036340,298.916620,-0.00479754,73.4183,1,0.043824,339.222800
2016-07-07,-0.00343061,71.6098,1,0.035001,280.883900,0.00488310,73.9066,1,0.040530,341.210790
2016-07-08,-0.00765519,70.8442,1,0.017239,141.010240,0.00870332,74.7769,1,0.036988,300.444780
2016-07-11,-0.00750747,70.0935,1,0.015367,123.403480,0.01026793,75.8037,0,0.000000,0.000000
2016-07-12,-0.01232795,68.8607,1,0.011295,121.164820,0.01257329,77.0611,1,0.037551,264.187981
2016-07-13,0.00699516,69.5602,1,0.021324,160.914180,-0.01211340,75.8497,1,0.032000,281.908240
2016-07-14,-0.01111758,68.4485,1,0.023878,160.646620,-0.00659350,75.1904,1,0.049720,380.173740
2016-07-15,-0.01033545,67.4149,1,0.010115,101.308060,0.00360353,75.5507,1,0.052897,340.071290
2016-07-18,-0.00691956,66.7230,1,0.008116,81.014930,0.00260535,75.8112,1,0.030015,280.569470
2016-07-19,0.00444564,67.1675,1,0.009576,80.959580,0.00181119,75.9924,1,0.024031,240.891050
2016-07-20,0.00063292,67.2308,1,0.023068,180.856200,-0.00751129,75.2412,1,0.048239,320.166630
2016-07-21,-0.01488852,65.7420,1,0.025792,220.347060,0.01356032,76.5973,1,0.047708,380.839130
2016-07-22,-0.00504004,65.2380,1,0.018014,162.218840,0.00450529,77.0478,1,0.041691,341.423700
2016-07-25,0.00399227,65.6372,1,0.014433,142.266610,0.01093700,78.1415,0,0.000000,0.000000
2016-07-26,0.00767998,66.4052,1,0.024812,160.052440,-0.00786954,77.3545,1,0.031364,283.713480
2016-07-27,-0.01275331,65.1298,1,0.021391,181.805410,0.01706447,79.0610,1,0.041273,361.423290
2016-07-28,0.00035765,65.1656,1,0.026465,181.059560,0.00110057,79.1710,1,0.030903,201.475060
2016-07-29,-0.00111431,65.0542,1,0.017061,161.127910,0.00573779,79.7448,1,0.055671,322.039460
2016-08-01,0.00843828,65.8980,1,0.025482,181.525530,0.00495341,80.2402,1,0.042789,301.322890
2016-08-02,-0.00646071,65.2519,1,0.024521,181.519890,0.00569910,80.8101,1,0.040170,280.506330
2016-08-03,0.00069829,65.3218,1,0.013661,121.726270,-0.02702267,78.1078,0,0.000000,0.000000
2016-08-04,-0.00093328,65.2284,1,0.029678,241.395790,0.00292775,78.4006,1,0.051505,380.564465
2016-08-05,-0.01185947,64.0425,1,0.016487,160.573630,0.00455116,78.8557,1,0.045624,260.697900
2016-08-08,-0.00723010,63.3195,1,0.015060,102.042800,0.00693795,79.5495,1,0.037555,282.312860
2016-08-09,0.00387766,63.7072,1,0.021814,160.846650,-0.00811797,78.7377,1,0.032387,260.601630
2016-08-10,0.00249260,63.9565,1,0.030040,260.405860,0.00000197,78.7379,1,0.044663,400.188450
2016-08-11,0.00782098,64.7386,1,0.034662,220.431140,-0.00646673,78.0912,1,0.029933,260.584080
2016-08-12,0.00498416,65.2370,1,0.030004,220.987560,-0.00530719,77.5605,1,0.040079,320.951040
2016-08-15,-0.00485454,64.7516,0,0.000000,0.000000,-0.00189503,77.3710,1,0.038243,360.347560
2016-08-16,-0.01524025,63.2275,1,0.022415,181.412433,0.01151209,78.5222,1,0.045311,321.374860
2016-08-17,0.00467841,63.6954,1,0.019089,180.044230,-0.00990540,77.5317,0,0.000000,0.000000
2016-08-18,0.00300268,63.9957,1,0.023102,181.315330,0.00409153,77.9408,1,0.051337,380.291386
2016-08-19,-0.00174079,63.8216,1,0.021549,181.426390,-0.00213242,77.7276,1,0.041492,261.684770
2016-08-22,-0.00108741,63.7128,1,0.026651,201.219490,0.00072242,77.7998,1,0.038958,340.390170
2016-08-23,-0.00269811,63.4430,1,0.025301,220.806070,-0.00289152,77.5107,1,0.032852,280.966020
2016-08-24,0.00579606,64.0226,1,0.022144,180.383150,-0.00742850,76.7678,1,0.050840,360.710000
2016-08-25,0.00351407,64.3740,1,0.032003,239.932170,-0.00175764,76.5921,1,0.046734,339.172030
2016-08-26,-0.00079867,64.2942,1,0.029207,200.755890,0.00582104,77.1742,1,0.044966,320.423290
2016-08-29,0.00160686,64.4549,1,0.029944,260.158880,-0.00284331,76.8898,1,0.029891,260.575510
2016-08-30,0.00072026,64.5269,1,0.032944,221.355510,0.00722721,77.6126,0,0.000000,0.000000
2016-08-31,0.00444690,64.9716,1,0.028200,200.087950,0.00421111,78.0337,1,0.029099,241.232317
2016-09-01,0.00319959,65.2915,1,0.019941,180.535850,-0.00340404,77.6933,1,0.034144,300.500930
2016-09-02,-0.00339167,64.9524,1,0.036487,220.122300,0.00234343,77.9276,1,0.039597,300.244840
2016-09-06,0.00202926,65.1553,1,0.019724,202.407700,0.00641532,78.5691,0,0.000000,0.000000
2016-09-07,0.00365690,65.5210,1,0.016730,140.687930,-0.00461498,78.1076,1,0.034008,282.183452
2016-09-08,0.00060934,65.5819,1,0.018406,180.356780,-0.00085155,78.0225,1,0.041195,380.445790
2016-09-09,0.00274032,65.8559,1,0.026428,200.790060,0.00021450,78.0439,1,0.030160,319.640780
2016-09-12,-0.00278183,65.5778,1,0.020673,140.881280,-0.00576617,77.4673,0,0.000000,0.000000
2016-09-13,0.00231759,65.8095,1,0.023011,182.751390,0.00129902,77.5972,0,0.000000,0.000000
2016-09-14,-0.00918704,64.8908,1,0.024124,141.001590,-0.00377917,77.2193,0,0.000000,0.000000
2016-09-15,0.00461483,65.3523,1,0.012927,121.268300,-0.00292497,76.9268,1,0.040627,353.652502
2016-09-16,-0.00096601,65.2557,1,0.015901,161.921490,0.00391116,77.3179,0,0.000000,0.000000
2016-09-19,0.00594662,65.8504,1,0.018458,200.588460,-0.00314506,77.0034,1,0.031616,301.959350
2016-09-20,-0.00020722,65.8296,1,0.027372,221.362480,0.00357023,77.3604,1,0.040187,341.164350
2016-09-21,-0.00080824,65.7488,1,0.031414,220.662510,-0.00231592,77.1288,1,0.033012,280.641850
2016-09-22,0.00387159,66.1360,1,0.023071,202.291430,-0.00347935,76.7809,0,0.000000,0.000000
2016-09-23,-0.01085500,65.0505,1,0.031220,222.099750,0.00431375,77.2123,0,0.000000,0.000000
2016-09-26,-0.00043447,65.0070,1,0.018177,160.833960,-0.00053477,77.1588,1,0.041247,323.540495
2016-09-27,0.01401037,66.4081,1,0.021023,160.178610,-0.01112512,76.0463,1,0.041672,299.336090
2016-09-28,0.00507302,66.9154,1,0.024318,200.874640,-0.00797579,75.2487,1,0.044439,380.072980
2016-09-29,0.00477592,67.3930,1,0.027338,240.805440,0.00373925,75.6226,1,0.029445,281.519900
2016-09-30,-0.00646356,66.7466,1,0.039266,300.403510,0.00606636,76.2293,0,0.000000,0.000000
2016-10-03,0.00015409,66.7620,1,0.022571,181.472610,0.01763141,77.9924,1,0.020579,241.901075
2016-10-04,0.00257750,67.0198,1,0.030850,220.265580,0.00992043,78.9845,1,0.029057,241.134920
2016-10-05,-0.00568599,66.4512,1,0.018049,140.525760,0.00530690,79.5152,1,0.029820,240.609800
2016-10-06,0.00296155,66.7473,1,0.017835,141.077750,0.00140759,79.6559,1,0.028961,261.183690
2016-10-07,0.01538070,68.2854,1,0.026120,200.525150,-0.01375517,78.2804,1,0.036297,280.347720
2016-10-10,0.00563071,68.8485,1,0.021589,202.131530,0.00515649,78.7960,1,0.040041,358.683240
2016-10-11,-0.00748957,68.0995,1,0.023277,181.049680,-0.00626398,78.1696,1,0.032958,301.990970
2016-10-12,0.00133418,68.2329,1,0.027902,180.293460,-0.00383598,77.7860,0,0.000000,0.000000
2016-10-13,-0.00380863,67.8521,1,0.016293,140.823100,-0.00189824,77.5962,0,0.000000,0.000000
2016-10-14,0.00404136,68.2562,1,0.017484,180.307270,-0.00441651,77.1546,1,0.040551,357.608849
2016-10-17,0.00843432,69.0996,1,0.023258,160.629760,0.00108549,77.2631,1,0.049661,320.526660
2016-10-18,0.00328795,69.4284,1,0.020205,141.045310,-0.00079387,77.1837,1,0.049297,340.524870
2016-10-19,-0.01640229,67.7882,1,0.021319,201.016400,0.00597228,77.7810,1,0.046042,321.248730
2016-10-20,0.01404264,69.1925,1,0.011276,120.499890,-0.00746185,77.0348,1,0.022515,222.059710
2016-10-21,0.00433495,69.6259,1,0.019765,141.710260,-0.00401901,76.6329,1,0.042691,318.508530
2016-10-24,-0.00070064,69.5559,1,0.019734,140.898340,-0.00059994,76.5729,1,0.054124,360.248310
2016-10-25,0.00673959,70.2298,1,0.021101,161.222450,0.00902836,77.4757,1,0.038164,300.776130
2016-10-26,-0.02347249,67.8826,1,0.021739,159.886040,0.02630844,80.1066,1,0.031126,280.965800
2016-10-27,-0.00340771,67.5418,1,0.017771,164.632250,0.00637252,80.7438,1,0.033658,282.650550
2016-10-28,0.00695536,68.2374,1,0.026294,142.140300,-0.00712798,80.0310,1,0.043148,240.329450
2016-10-31,0.00240126,68.4775,1,0.017974,140.326870,0.00479440,80.5105,1,0.041710,321.350410
2016-11-01,-0.00260199,68.2173,1,0.030209,180.947580,-0.00987572,79.5229,1,0.032272,261.144850
2016-11-02,0.00206922,68.4242,1,0.018478,141.313550,0.01923807,81.4467,1,0.046083,358.487180
2016-11-03,0.00366722,68.7909,1,0.011448,120.340500,0.01735782,83.1825,1,0.029158,240.938550
2016-11-04,-0.00388872,68.4021,1,0.015392,141.349490,-0.01130366,82.0521,1,0.026476,242.336520
2016-11-07,-0.00587372,67.8147,1,0.017922,160.189220,0.00835181,82.8873,1,0.036529,300.208930
2016-11-08,0.00017236,67.8319,1,0.018374,164.115510,0.00359212,83.2465,0,0.000000,0.000000
2016-11-09,0.01778497,69.6104,1,0.033613,200.688170,-0.03684707,79.5618,1,0.027857,265.415668
2016-11-10,-0.01305070,68.3054,1,0.035930,183.360890,0.04210164,83.7720,1,0.047326,361.456810
2016-11-11,0.01602055,69.9074,0,0.000000,0.000000,0.00235047,84.0070,1,0.019193,204.608710
2016-11-14,-0.00861004,69.0464,0,0.000000,0.000000,0.02130884,86.1379,1,0.040806,340.907340
2016-11-15,-0.00527831,68.5186,0,0.000000,0.000000,-0.00656581,85.4813,1,0.032561,264.146970
2016-11-16,0.01232613,69.7512,0,0.000000,0.000000,-0.00176290,85.3050,1,0.039540,362.029320
2016-11-17,-0.00314407,69.4368,0,0.000000,0.000000,0.01646226,86.9512,1,0.039284,340.080170
2016-11-18,0.00508768,69.9455,1,0.029962,263.181802,-0.00638564,86.3127,1,0.034174,261.844810
2016-11-21,-0.00585746,69.3598,1,0.031476,141.207830,-0.00069895,86.2428,1,0.048535,339.975190
2016-11-22,-0.00133619,69.2262,1,0.026219,200.920390,-0.00904548,85.3382,1,0.047598,321.297860
2016-11-23,0.00438177,69.6644,1,0.019313,160.734180,-0.00740881,84.5974,1,0.033741,301.113650
2016-11-25,0.00468446,70.1328,1,0.025464,201.302350,-0.00865814,83.7315,1,0.047694,361.161640
2016-11-28,0.00072057,70.2049,1,0.032323,181.296630,-0.02402723,81.3288,0,0.000000,0.000000
2016-11-29,-0.00738713,69.4661,1,0.017703,160.813140,-0.00278640,81.0502,1,0.036150,380.378777
2016-11-30,0.00180381,69.6465,1,0.017649,160.976290,-0.01551943,79.4982,1,0.039363,321.179930
2016-12-01,-0.02450262,67.1963,1,0.013812,161.635250,0.02763838,82.2621,1,0.041762,341.928820
2016-12-02,0.00723660,67.9199,1,0.019450,141.869430,-0.01758864,80.5032,1,0.027834,241.624600
2016-12-05,0.00382587,68.3025,1,0.024053,221.120430,0.00042120,80.5453,1,0.044060,360.233550
2016-12-06,0.00004233,68.3067,1,0.009717,102.128920,0.00487068,81.0324,1,0.031822,261.773860
2016-12-07,0.00295944,68.6027,1,0.015336,121.131810,0.00041500,81.0739,1,0.028410,281.252730
2016-12-08,-0.00647825,67.9549,1,0.022615,202.370800,0.00698958,81.7729,0,0.000000,0.000000
2016-12-09,-0.01128337,66.8265,1,0.014607,162.330170,0.00323848,82.0967,1,0.046492,323.981191
2016-12-12,0.00295958,67.1225,1,0.014582,160.982810,0.00449975,82.5467,1,0.033185,281.126720
2016-12-13,0.00100248,67.2227,1,0.011382,141.428580,-0.00278355,82.2683,1,0.037195,300.536640
2016-12-14,-0.00119714,67.1030,1,0.022104,141.544810,0.00496925,82.7653,1,0.043595,361.259940
2016-12-15,-0.00319148,66.7839,1,0.022438,180.219350,0.00559273,83.3245,0,0.000000,0.000000
2016-12-16,0.00210671,66.9945,1,0.024909,200.392190,-0.00851652,82.4729,1,0.043902,300.078151
2016-12-19,0.00204261,67.1988,1,0.019569,141.472040,-0.00395671,82.0772,1,0.045611,340.087490
2016-12-20,0.00295795,67.4946,1,0.022505,140.685430,-0.00132082,81.9451,1,0.037092,301.044600
2016-12-21,0.00307338,67.8019,1,0.009992,121.343720,-0.00612922,81.3322,1,0.044662,301.065110
2016-12-22,-0.00310864,67.4911,1,0.025484,220.432950,-0.00411777,80.9204,1,0.045597,359.644960
2016-12-23,-0.00559286,66.9318,1,0.018276,140.924760,-0.00100149,80.8203,1,0.042889,339.987300
2016-12-27,-0.00346858,66.5849,1,0.017748,160.919410,0.00056339,80.8766,1,0.034191,340.648280
2016-12-28,-0.00163277,66.4217,1,0.025207,181.050350,-0.00110678,80.7659,1,0.032588,301.074410
2016-12-29,0.00428900,66.8506,1,0.028480,199.973390,-0.00409803,80.3561,0,0.000000,0.000000
2016-12-30,0.00221431,67.0720,1,0.021389,180.550880,0.00358392,80.7145,1,0.052088,378.835856
2017-01-03,-0.00070466,67.0015,1,0.023296,200.224980,-0.00086661,80.6279,1,0.034411,280.352360
2017-01-04,-0.00320460,66.6811,1,0.022560,201.110170,0.00525313,81.1532,1,0.033847,321.060810
2017-01-05,0.00023149,66.7042,1,0.020801,161.788640,0.00853776,82.0070,0,0.000000,0.000000
2017-01-06,-0.01000105,65.7041,1,0.039315,279.481870,0.00311906,82.3189,1,0.044334,343.483523
2017-01-09,-0.00946780,64.7573,1,0.025340,201.777470,0.01589131,83.9080,1,0.034869,281.773380
2017-01-10,0.00200299,64.9576,1,0.018541,181.493900,-0.00861744,83.0462,1,0.030624,261.362760
2017-01-11,0.00493259,65.4509,1,0.017901,161.082200,0.00283060,83.3293,1,0.039330,339.766920
2017-01-12,0.00093988,65.5449,0,0.000000,0.000000,-0.00517075,82.8122,1,0.043005,301.550870
2017-01-13,0.00078264,65.6231,0,0.000000,0.000000,-0.00561059,82.2512,1,0.040439,340.099350
2017-01-17,-0.00748410,64.8747,0,0.000000,0.000000,-0.01498456,80.7527,1,0.046336,341.051200
2017-01-18,0.00143761,65.0185,1,0.026469,201.956333,-0.00949142,79.8036,1,0.048432,378.399720
2017-01-19,0.00245268,65.2638,0,0.000000,0.000000,0.00151909,79.9555,1,0.055611,400.720830
2017-01-20,0.00085948,65.3497,0,0.000000,0.000000,-0.00125214,79.8303,1,0.044204,339.372620
2017-01-23,0.00369825,65.7195,1,0.030685,260.967719,0.00449352,80.2796,1,0.034088,320.699690
2017-01-24,-0.00348823,65.3707,0,0.000000,0.000000,0.00191521,80.4711,1,0.028839,320.185420
2017-01-25,0.00193196,65.5639,0,0.000000,0.000000,0.00681566,81.1527,1,0.027874,282.218580
2017-01-26,-0.00076974,65.4869,0,0.000000,0.000000,-0.00978767,80.1739,1,0.041237,262.217180
2017-01-27,-0.00619657,64.8673,0,0.000000,0.000000,-0.00219790,79.9542,1,0.036590,340.503510
2017-01-30,0.00741688,65.6090,0,0.000000,0.000000,0.00010249,79.9644,1,0.067371,320.372540
2017-01-31,0.00319682,65.9286,0,0.000000,0.000000,0.00038176,80.0026,1,0.057234,319.525020
2017-02-01,0.00037833,65.9665,1,0.059577,342.296299,-0.00707364,79.2952,1,0.050654,280.752910
2017-02-02,0.00601824,66.5683,1,0.029866,180.468790,-0.02129137,77.1661,1,0.044697,359.560370
2017-02-03,-0.00445338,66.1230,1,0.030868,202.526550,-0.01965050,75.2010,1,0.046440,360.669920
2017-02-06,0.00397196,66.5202,1,0.023464,161.994450,0.00539879,75.7409,0,0.000000,0.000000
2017-02-07,0.00007152,66.5273,1,0.024328,199.724180,0.00257623,75.9985,1,0.029517,281.406153
2017-02-08,-0.01254439,65.2729,1,0.030009,221.588400,0.00476963,76.4755,1,0.034327,301.476320
2017-02-09,-0.00217079,65.0558,1,0.023309,200.744950,-0.00371545,76.1039,1,0.026865,240.975470
2017-02-10,-0.00375092,64.6807,1,0.021602,200.712770,-0.00118187,75.9858,1,0.039337,360.608160
2017-02-13,-0.00049397,64.6313,1,0.017467,141.630730,-0.00325063,75.6607,0,0.000000,0.000000
2017-02-14,-0.00327966,64.3033,1,0.015326,141.074110,0.00452881,76.1136,1,0.041889,341.763107
2017-02-15,0.01192703,65.4960,1,0.031027,220.760360,0.00009649,76.1232,1,0.036081,300.793090
2017-02-16,0.00096149,65.5922,1,0.028951,222.037050,0.00458828,76.5821,1,0.041102,320.652170
2017-02-17,0.00335036,65.9272,1,0.018394,160.039340,-0.00166523,76.4155,1,0.033383,281.038810
2017-02-21,-0.01443678,64.4835,1,0.017978,201.354010,-0.00837445,75.5781,1,0.035045,340.826260
2017-02-22,-0.00281510,64.2020,1,0.022260,181.944620,-0.01071383,74.5067,1,0.042883,341.957480
2017-02-23,0.00867524,65.0696,1,0.019036,241.433930,0.01296688,75.8034,1,0.034222,300.687680
2017-02-24,0.00214798,65.2844,1,0.037202,240.868980,-0.00252884,75.5505,1,0.038084,281.514830
2017-02-27,0.00239189,65.5235,1,0.040321,241.770600,-0.00412207,75.1383,1,0.036297,301.076400
2017-02-28,-0.00871915,64.6516,1,0.025335,221.311770,-0.01376188,73.7621,1,0.040118,340.563270
2017-03-01,0.00780286,65.4319,1,0.033854,259.543280,-0.01262899,72.4992,1,0.048719,379.193190
2017-03-02,-0.00516795,64.9151,1,0.038185,223.162140,-0.01838629,70.6606,1,0.058129,362.697920
2017-03-03,0.00069003,64.9841,0,0.000000,0.000000,-0.00990592,69.6700,1,0.047742,378.790280
2017-03-06,0.00358804,65.3429,1,0.034856,219.806584,0.00341205,70.0112,1,0.050535,399.551710
2017-03-07,0.00293877,65.6368,0,0.000000,0.000000,-0.00069058,69.9421,1,0.041908,260.200800
2017-03-08,0.00629337,66.2661,1,0.029743,240.229606,0.00465203,70.4073,1,0.037397,319.903310
2017-03-09,-0.01139580,65.1266,0,0.000000,0.000000,0.00223833,70.6312,1,0.036817,320.573500
2017-03-10,0.00469488,65.5960,1,0.019912,161.121956,-0.00064970,70.5662,1,0.034240,319.829090
2017-03-13,-0.00652745,64.9433,1,0.020545,160.989980,-0.00385192,70.1810,1,0.034082,341.338950
2017-03-14,0.00876847,65.8201,1,0.014183,160.893300,-0.00381395,69.7996,1,0.033185,361.196210
2017-03-15,-0.00107599,65.7125,1,0.018609,200.541030,-0.00252091,69.5475,1,0.036321,339.400270
2017-03-16,0.00552707,66.2653,1,0.024083,222.235450,0.00161748,69.7093,0,0.000000,0.000000
2017-03-17,0.00019358,66.2846,1,0.040512,220.063550,-0.00428727,69.2805,1,0.044957,301.997161
2017-03-20,-0.00315843,65.9688,1,0.021873,200.771230,0.00215427,69.4960,1,0.036673,320.393330
2017-03-21,0.00553477,66.5222,1,0.017093,140.601810,0.00880475,70.3765,1,0.028145,300.018000
2017-03-22,0.00582828,67.1051,1,0.026562,160.807270,-0.00392404,69.9840,0,0.000000,0.000000
2017-03-23,0.00219675,67.3248,1,0.039525,260.799010,-0.00837329,69.1467,1,0.030529,319.201637
2017-03-24,-0.00895914,66.4288,1,0.023824,200.866580,-0.00180704,68.9660,1,0.039344,339.783640
2017-03-27,-0.00009864,66.4190,1,0.017054,141.205570,0.00061448,69.0275,1,0.034092,301.044580
2017-03-28,0.00179659,66.5986,1,0.020171,160.453050,0.00280510,69.3080,1,0.037380,340.076120
2017-03-29,-0.01090820,65.5078,1,0.017180,141.597110,0.00440293,69.7483,1,0.029297,300.887430
2017-03-30,-0.00448085,65.0597,1,0.022205,161.217300,-0.00456675,69.2916,1,0.038915,281.395230
2017-03-31,0.00162514,65.2222,1,0.017466,160.987340,-0.00234138,69.0575,1,0.046698,340.559700
2017-04-03,-0.00214582,65.0077,1,0.023262,240.493440,-0.00162919,68.8945,1,0.038659,340.121340
2017-04-04,-0.00799234,64.2084,1,0.028414,220.023880,-0.00448307,68.4462,1,0.044407,359.554560
2017-04-05,0.00169155,64.3776,1,0.020415,200.209720,-0.00825365,67.6209,1,0.030945,300.262420
2017-04-06,0.00352130,64.7297,1,0.034060,260.085250,-0.00738580,66.8823,1,0.048930,379.115560
2017-04-07,0.00151182,64.8809,1,0.023738,181.307590,0.00305222,67.1875,1,0.040228,321.019470
2017-04-10,0.00590597,65.4715,1,0.015473,140.375880,-0.00500807,66.6867,1,0.030317,279.855550
2017-04-11,0.00113106,65.5846,1,0.018484,160.980590,-0.00317198,66.3695,1,0.037738,320.629930
2017-04-12,-0.00420891,65.1637,1,0.021181,160.732290,-0.00420909,65.9486,1,0.041739,340.671340
2017-04-13,-0.00629481,64.5342,1,0.022851,199.880710,0.00495683,66.4443,1,0.039067,358.809150
2017-04-17,0.01238690,65.7729,1,0.018810,140.463810,-0.00791545,65.6527,0,0.000000,0.000000
2017-04-18,0.01069939,66.8429,1,0.028971,222.422600,0.00568359,66.2211,0,0.000000,0.000000
2017-04-19,0.00482755,67.3256,1,0.023785,200.642910,-0.00022255,66.1988,1,0.031875,281.125833
2017-04-20,0.00567164,67.8928,1,0.018546,160.978720,0.00283048,66.4819,1,0.034282,320.556700
2017-04-21,-0.00191304,67.7015,1,0.033884,161.192130,-0.00320449,66.1614,1,0.053419,341.515650
2017-04-24,0.00516706,68.2182,1,0.038604,200.515020,0.00071570,66.2330,1,0.065350,300.285690
2017-04-25,0.00104787,68.3230,1,0.028673,221.672370,-0.00424513,65.8085,0,0.000000,0.000000
2017-04-26,-0.00689417,67.6335,1,0.024237,241.473660,0.00175859,65.9843,1,0.038131,382.538959
2017-04-27,0.00612927,68.2465,1,0.019443,161.614520,-0.00084476,65.8999,1,0.030916,300.047330
2017-04-28,0.00436076,68.6825,1,0.020244,180.362850,-0.00459837,65.4400,1,0.037697,320.530840
2017-05-01,-0.00316225,68.3663,1,0.030725,240.293160,0.00063247,65.5033,1,0.035993,338.934060
2017-05-02,-0.00910198,67.4561,1,0.023158,201.407620,0.00860993,66.3643,1,0.031497,280.956620
2017-05-03,0.00522252,67.9784,1,0.029148,221.364700,-0.00508564,65.8557,1,0.035984,241.745050
2017-05-04,0.00062471,68.0408,1,0.024349,163.528180,0.00058225,65.9139,1,0.037245,320.192620
2017-05-05,0.00331578,68.3724,1,0.024162,241.389060,-0.00265873,65.6481,1,0.032193,301.347670
2017-05-08,0.00370344,68.7428,1,0.014476,141.533580,-0.00402944,65.2451,1,0.030264,321.586040
2017-05-09,0.00067094,68.8099,1,0.022496,199.659200,0.00120425,65.3655,1,0.036465,359.605840
2017-05-10,0.00653613,69.4635,1,0.028627,161.047050,-0.00762006,64.6035,1,0.050436,300.045870
2017-05-11,0.00253171,69.7166,1,0.016169,200.843680,-0.00174017,64.4295,1,0.040397,380.234630
2017-05-12,-0.00744919,68.9717,1,0.022209,200.432340,0.00774968,65.2045,1,0.040262,339.111820
2017-05-15,0.00012038,68.9838,1,0.008752,80.955090,0.00092078,65.2966,1,0.027882,280.277910
2017-05-16,-0.00678765,68.3050,1,0.021665,181.456670,0.00220986,65.5176,0,0.000000,0.000000
2017-05-17,0.00836945,69.1419,1,0.011375,100.654700,-0.01885784,63.6318,1,0.038304,320.718584
2017-05-18,-0.00401153,68.7408,1,0.025393,180.922520,0.00050292,63.6821,0,0.000000,0.000000
2017-05-19,0.01061275,69.8021,1,0.028815,201.240300,-0.01126972,62.5551,1,0.029932,319.696644
2017-05-22,-0.00072787,69.7293,1,0.027157,242.161850,0.00372517,62.9276,1,0.039453,381.931520
2017-05-23,0.00340631,70.0699,1,0.017889,181.584130,-0.00136443,62.7912,1,0.029113,281.238110
2017-05-24,-0.00311702,69.7582,1,0.025262,201.007340,-0.00129764,62.6614,1,0.033164,320.456170
2017-05-25,0.00096400,69.8546,1,0.027580,201.053600,-0.00258770,62.4026,1,0.040230,321.310760
2017-05-26,0.00297855,70.1525,1,0.015085,141.942000,0.00234868,62.6375,1,0.034632,322.299840
2017-05-30,0.00052443,70.2049,1,0.021197,180.260080,-0.00319697,62.3178,1,0.036107,320.117840
2017-05-31,-0.00296524,69.9084,1,0.024814,240.103360,0.00291994,62.6098,1,0.036626,319.659930
2017-06-01,0.01186701,71.0951,1,0.014749,160.937030,-0.00746497,61.8633,1,0.028597,280.890840
2017-06-02,0.00157988,71.2531,1,0.030062,262.949750,0.00459477,62.3228,0,0.000000,0.000000
2017-06-05,-0.01165538,70.0875,1,0.027448,261.615430,0.00111193,62.4340,1,0.030907,283.098536
2017-06-06,0.00311036,70.3986,1,0.010474,121.023690,-0.00514682,61.9193,1,0.043312,319.963800
2017-06-07,-0.00243178,70.1554,1,0.019238,180.776550,0.00129214,62.0485,0,0.000000,0.000000
2017-06-08,0.00708261,70.8637,1,0.029379,200.403780,0.00097423,62.1459,1,0.033777,299.960731
2017-06-09,0.00603962,71.4676,1,0.021338,240.617360,0.01464298,63.6102,1,0.027512,320.839620
2017-06-12,-0.00024843,71.4428,1,0.021133,202.289980,0.00134160,63.7444,1,0.026450,242.379850
2017-06-13,0.00648861,72.0916,1,0.021749,220.377990,-0.00273202,63.4712,1,0.035572,301.256030
2017-06-14,0.00217299,72.3089,1,0.029541,280.985090,-0.00009233,63.4619,1,0.035113,320.921790
2017-06-15,0.00064911,72.3738,1,0.012539,160.051140,0.00512127,63.9741,1,0.027273,300.291360
2017-06-16,0.00564626,72.9385,1,0.014134,140.809710,-0.00704387,63.2697,1,0.027897,281.172060
2017-06-19,0.01466453,74.4049,1,0.016407,160.590440,-0.00541532,62.7282,1,0.031462,319.587950
2017-06-20,-0.01178376,73.2265,1,0.018316,181.625380,-0.00371738,62.3564,1,0.038048,341.309650
2017-06-21,-0.01074165,72.1524,1,0.012465,121.069360,0.01615045,63.9715,1,0.030355,339.445570
2017-06-22,-0.00668624,71.4838,1,0.022734,141.502260,0.01447217,65.4187,1,0.032263,261.470640
2017-06-23,-0.00443736,71.0400,1,0.012886,141.108650,0.01509651,66.9283,1,0.027539,261.329420
2017-06-26,0.00800420,71.8404,1,0.020360,221.206430,-0.00845691,66.0826,1,0.018731,202.110350
2017-06-27,0.01014843,72.8553,1,0.020437,200.579700,-0.00284464,65.7982,1,0.039164,360.368100
2017-06-28,0.00366729,73.2220,1,0.024451,200.253760,-0.00796891,65.0013,0,0.000000,0.000000
2017-06-29,0.00845955,74.0680,1,0.027325,241.202920,0.00647315,65.6486,1,0.044455,379.855781
2017-06-30,-0.00122851,73.9451,1,0.022571,220.392740,0.00388880,66.0375,0,0.000000,0.000000
2017-07-03,-0.00040424,73.9047,1,0.029874,261.328800,0.00243778,66.2813,1,0.037662,300.069108
2017-07-05,0.00972288,74.8770,1,0.050552,241.199970,-0.00829232,65.4520,1,0.065002,302.434280
2017-07-06,-0.00225737,74.6512,1,0.024737,220.821560,-0.00135386,65.3166,1,0.033676,339.594410
2017-07-07,-0.00455846,74.1954,1,0.016586,160.379020,0.01216058,66.5327,0,0.000000,0.000000
2017-07-10,-0.00371578,73.8238,1,0.019998,181.525160,0.00074960,66.6077,0,0.000000,0.000000
2017-07-11,0.00147498,73.9713,1,0.021062,181.024740,0.00536679,67.1443,1,0.029671,299.477282
2017-07-12,-0.00011657,73.9597,1,0.020187,160.921000,0.00195539,67.3399,1,0.029851,240.583310
2017-07-13,-0.00163121,73.7965,1,0.020291,201.710170,-0.00103594,67.2363,0,0.000000,0.000000
2017-07-14,-0.00030671,73.7659,1,0.021061,200.970590,0.00144091,67.3804,1,0.035349,321.520445
2017-07-17,0.00300302,74.0662,1,0.021318,221.041510,0.00153467,67.5338,1,0.027663,281.115540
2017-07-18,-0.00706296,73.3599,1,0.023006,221.248120,-0.00041162,67.4927,1,0.034812,301.007070
2017-07-19,0.00508056,73.8679,1,0.015074,181.089950,-0.00703766,66.7889,1,0.024436,260.307750
2017-07-20,0.00224294,74.0922,1,0.027466,241.470670,0.00592070,67.3810,1,0.040630,341.637250
2017-07-21,0.00048245,74.1405,1,0.032565,240.855380,-0.00419957,66.9610,1,0.047467,340.521120
2017-07-24,0.00156055,74.2965,1,0.030365,182.076970,-0.00297287,66.6637,1,0.041247,301.533870
2017-07-25,-0.01991424,72.3051,1,0.043144,240.111700,-0.00072223,66.5915,1,0.046123,359.805080
2017-07-26,0.02753132,75.0582,1,0.018128,140.247820,-0.02182111,64.4094,1,0.035211,321.556440
2017-07-27,0.01156048,76.2143,1,0.032442,242.752900,-0.02048022,62.3614,1,0.049422,358.789700
2017-07-28,0.00377256,76.5915,1,0.037304,241.448250,-0.01525910,60.8355,1,0.053750,381.072740
2017-07-31,-0.00067963,76.5236,1,0.016453,200.741400,-0.00424756,60.4107,1,0.044706,399.490960
2017-08-01,-0.00119101,76.4045,1,0.031851,280.254330,0.00273391,60.6841,1,0.034769,320.446530
2017-08-02,0.01253878,77.6584,1,0.023912,201.414850,-0.01293329,59.3908,1,0.042269,360.884280
2017-08-03,0.00522888,78.1812,1,0.034322,321.336930,0.00179762,59.5705,1,0.043248,360.342800
2017-08-04,0.01200983,79.3822,1,0.031737,259.958150,-0.01387081,58.1835,1,0.032841,320.202190
2017-08-07,0.00878268,80.2605,1,0.036322,320.766200,-0.01063962,57.1195,1,0.046852,400.495600
2017-08-08,0.00985388,81.2459,1,0.019272,220.783910,0.00393084,57.5126,1,0.032576,359.356550
2017-08-09,0.00779613,82.0255,1,0.017067,160.995440,-0.00762510,56.7501,1,0.026930,260.469280
2017-08-10,-0.00144713,81.8808,1,0.026843,240.280720,0.00907652,57.6577,1,0.039028,360.387900
2017-08-11,0.00394611,82.2754,1,0.021869,200.762710,0.00189653,57.8474,0,0.000000,0.000000
2017-08-14,-0.00011266,82.2641,1,0.024076,260.809160,-0.00457325,57.3901,1,0.026875,278.723457
2017-08-15,-0.00530426,81.7337,1,0.027546,262.259490,-0.00943652,56.4464,0,0.000000,0.000000
2017-08-16,-0.00169749,81.5639,1,0.028939,280.826700,-0.00140899,56.3055,1,0.032309,361.325141
2017-08-17,-0.00247443,81.3165,1,0.023553,181.257970,0.00282186,56.5877,1,0.037314,321.271950
2017-08-18,-0.00006708,81.3098,1,0.019358,180.868910,-0.00392367,56.1953,0,0.000000,0.000000
2017-08-21,-0.00332811,80.9770,1,0.026191,220.204710,-0.00060949,56.1344,1,0.036269,357.925095
2017-08-22,0.00814250,81.7912,1,0.016350,160.498880,-0.00841075,55.2933,1,0.037865,360.392420
2017-08-23,0.01645357,83.4366,1,0.026943,281.870060,0.00267773,55.5611,0,0.000000,0.000000
2017-08-24,-0.00579303,82.8573,1,0.030403,280.805000,-0.00068956,55.4921,1,0.026486,281.441809
2017-08-25,-0.00078440,82.7789,1,0.013470,120.897320,-0.00141667,55.3504,1,0.028847,300.329810
2017-08-28,0.00059308,82.8382,1,0.020512,260.816690,-0.00295038,55.0554,1,0.026568,341.113600
2017-08-29,-0.00163707,82.6745,1,0.016847,201.038000,0.00611897,55.6673,1,0.022153,280.871630
2017-08-30,-0.00442208,82.2322,1,0.029708,220.479600,0.01242792,56.9101,1,0.027218,240.411710
2017-08-31,0.00286582,82.5188,1,0.022028,221.945000,0.00272224,57.1823,1,0.025666,282.574490
2017-09-01,0.00348588,82.8674,1,0.020272,222.217350,-0.00362499,56.8198,1,0.032719,341.264290
2017-09-05,-0.00336937,82.5305,1,0.032257,280.763260,0.00543868,57.3637,1,0.033932,340.790000
2017-09-06,0.00644156,83.1746,1,0.031834,260.029820,-0.00105793,57.2579,1,0.031913,300.828360
2017-09-07,-0.00956146,82.2185,1,0.028686,240.945230,0.00810222,58.0681,1,0.032278,301.275060
2017-09-08,0.01261852,83.4803,1,0.029358,221.050500,-0.01176426,56.8917,1,0.032936,321.800200
2017-09-11,0.00019627,83.5000,1,0.021823,202.022190,-0.00447543,56.4441,1,0.033643,322.581310
2017-09-12,0.00547163,84.0471,1,0.021487,242.455770,0.00306337,56.7505,0,0.000000,0.000000
2017-09-13,-0.00449173,83.5980,1,0.021203,200.860590,0.01094622,57.8451,1,0.033188,363.140216
2017-09-14,-0.00127486,83.4705,1,0.023376,200.427450,-0.00445777,57.3993,1,0.020477,220.960210
2017-09-15,-0.00047318,83.4232,1,0.016178,201.480810,-0.00272520,57.1268,1,0.034330,340.051320
2017-09-18,0.01111118,84.5343,1,0.013162,160.470180,-0.00595084,56.5317,1,0.030144,340.171850
2017-09-19,-0.00255238,84.2790,1,0.018038,200.842260,0.01587886,58.1196,1,0.027234,340.597240
2017-09-20,0.00119861,84.3989,1,0.016839,180.603780,0.00053997,58.1736,1,0.018033,201.128400
2017-09-21,-0.00394642,84.0043,1,0.013722,141.874560,0.00093318,58.2669,1,0.044492,341.306810
2017-09-22,0.00086656,84.0909,1,0.015054,160.079700,0.00364586,58.6315,1,0.028094,320.215070
2017-09-25,0.00201991,84.2929,1,0.017189,200.672030,0.00567210,59.1987,1,0.026810,280.953280
2017-09-26,0.00024716,84.3176,1,0.017774,201.123280,-0.00077481,59.1212,1,0.040011,281.219240
2017-09-27,0.00492601,84.8102,1,0.017949,180.792410,0.00370018,59.4913,1,0.022072,280.945710
2017-09-28,-0.00422832,84.3874,1,0.019512,181.226930,-0.00199426,59.2918,1,0.028816,321.132210
2017-09-29,-0.00237229,84.1502,1,0.017649,180.873100,0.00036973,59.3288,1,0.031907,320.736630
2017-10-02,-0.00042651,84.1075,1,0.024261,240.800640,0.00602312,59.9311,1,0.039608,281.090440
2017-10-03,0.00037061,84.1446,1,0.019329,201.767990,-0.00224625,59.7065,1,0.028635,282.233200
2017-10-04,-0.01107586,83.0370,1,0.020326,240.534330,0.00028180,59.7347,1,0.025150,280.495550
2017-10-05,0.00489088,83.5261,1,0.016752,201.444580,-0.01053102,58.6816,1,0.027942,341.351670
2017-10-06,0.00326402,83.8525,1,0.026648,280.989700,-0.00164047,58.5175,1,0.032467,341.138720
2017-10-09,-0.00160169,83.6923,1,0.037049,279.878830,0.00009321,58.5268,1,0.043959,359.691900
2017-10-10,-0.00134501,83.5578,1,0.014171,180.383300,-0.00196497,58.3303,1,0.022927,320.162540
2017-10-11,-0.00687030,82.8708,1,0.021430,220.849630,0.00248879,58.5792,1,0.030001,340.550110
2017-10-12,-0.00935266,81.9355,1,0.017256,220.409160,0.00572357,59.1516,1,0.025283,260.546380
2017-10-13,0.00702191,82.6377,1,0.012849,141.809310,0.01526754,60.6783,1,0.024536,301.577020
2017-10-16,0.00227203,82.8649,1,0.020357,219.915760,-0.00264980,60.4134,1,0.028400,302.031170
2017-10-17,-0.00157736,82.7072,1,0.015066,141.522660,-0.01389852,59.0235,1,0.034852,340.779480
2017-10-18,0.01091903,83.7991,1,0.027147,201.426610,-0.00202692,58.8208,1,0.039692,381.108660
2017-10-19,0.00565935,84.3650,1,0.022805,221.429850,-0.01395743,57.4251,1,0.042413,320.419900
2017-10-20,-0.01546535,82.8185,1,0.046025,241.315220,0.00692594,58.1177,1,0.044826,359.719130
2017-10-23,0.00301932,83.1204,1,0.010848,122.580270,-0.00015328,58.1023,1,0.025338,242.784160
2017-10-24,0.00871070,83.9915,1,0.021340,200.554520,-0.00340087,57.7623,1,0.051927,339.836770
2017-10-25,0.01127506,85.1190,1,0.032524,260.525430,-0.00276963,57.4853,1,0.035543,320.872520
2017-10-26,0.00503067,85.6220,1,0.028063,220.242610,0.00081673,57.5670,1,0.039227,319.741300
2017-10-27,0.00280630,85.9027,1,0.025520,242.252110,0.00023073,57.5900,1,0.036147,362.587180
2017-10-30,-0.00885822,85.0168,1,0.035272,281.213810,0.01112984,58.7030,1,0.027576,301.359800
2017-10-31,-0.00052265,84.9646,1,0.021235,200.862290,-0.00132666,58.5704,1,0.029686,260.800960
2017-11-01,-0.00408701,84.5559,1,0.021481,200.653470,-0.00414995,58.1554,1,0.038375,340.244480
2017-11-02,0.01275650,85.8315,1,0.023230,201.866520,0.00658841,58.8142,1,0.037739,340.687860
2017-11-03,-0.00002612,85.8289,1,0.032392,282.213900,-0.00050808,58.7634,1,0.031288,301.187840
2017-11-06,0.00059795,85.8887,1,0.028195,240.562280,0.00100662,58.8641,1,0.034038,321.022800
2017-11-07,-0.00464722,85.4240,0,0.000000,0.000000,-0.00366963,58.4971,1,0.038213,320.709060
2017-11-08,-0.00329771,85.0942,0,0.000000,0.000000,0.00225054,58.7221,1,0.033856,340.970790
2017-11-09,-0.00510123,84.5841,1,0.027433,340.805293,0.00281555,59.0037,1,0.027975,301.204630
2017-11-10,0.00117777,84.7019,1,0.024613,220.756890,-0.00428254,58.5754,1,0.029314,300.380850
2017-11-13,0.00204039,84.9059,0,0.000000,0.000000,-0.00805703,57.7697,1,0.038443,360.055860
2017-11-14,-0.00910282,83.9956,1,0.028462,260.958985,0.01094468,58.8642,1,0.029942,340.484460
2017-11-15,0.00376481,84.3721,1,0.011379,140.257920,-0.00529029,58.3352,1,0.019899,261.315430
2017-11-16,0.00607524,84.9796,0,0.000000,0.000000,-0.00809286,57.5259,1,0.032846,358.922250
2017-11-17,-0.00462890,84.5167,1,0.032530,339.283494,-0.00125321,57.4006,1,0.034271,340.992980
2017-11-20,-0.00294822,84.2219,0,0.000000,0.000000,0.00258410,57.6590,1,0.027910,300.586930
2017-11-21,0.00337225,84.5592,0,0.000000,0.000000,0.01194682,58.8537,1,0.026718,280.763560
2017-11-22,0.00163157,84.7223,1,0.023703,301.223359,-0.00308686,58.5450,1,0.028816,282.328340
2017-11-24,0.00107976,84.8303,1,0.021534,220.395080,0.00249731,58.7947,1,0.032599,339.831570
2017-11-27,-0.00282709,84.5476,1,0.022149,200.725570,-0.00829436,57.9653,1,0.063216,340.636110
2017-11-28,-0.00256490,84.2911,1,0.023460,260.603040,0.01019624,58.9849,1,0.035136,360.415000
2017-11-29,-0.02063155,82.2279,1,0.022915,222.469330,0.02065048,61.0499,1,0.029832,302.207140
2017-11-30,0.00167351,82.3953,1,0.014189,142.858380,0.00260280,61.3102,1,0.020120,224.005700
2017-12-01,-0.00343634,82.0516,1,0.022454,222.259720,-0.00446115,60.8641,1,0.027175,281.458580
2017-12-04,-0.00333389,81.7183,1,0.027869,280.501640,0.00304267,61.1684,1,0.038103,340.192480
2017-12-05,-0.00133553,81.5847,1,0.015563,162.517640,-0.00135642,61.0327,1,0.034672,281.365890
2017-12-06,0.00880432,82.4651,1,0.018858,201.397610,-0.01077378,59.9554,1,0.032558,359.390070
2017-12-07,0.00008284,82.4734,1,0.023996,260.448350,-0.00295218,59.6601,1,0.041168,359.624240
2017-12-08,-0.00190498,82.2829,1,0.024468,260.932680,-0.00248431,59.4117,1,0.024701,301.803350
2017-12-11,-0.00879479,81.4034,1,0.021589,221.560750,-0.01043345,58.3684,0,0.000000,0.000000
2017-12-12,0.00861302,82.2647,1,0.008668,121.369470,-0.00533816,57.8345,1,0.028966,341.647513
2017-12-13,0.00105340,82.3701,1,0.018370,200.470950,-0.00364662,57.4699,1,0.031982,340.023330
2017-12-14,-0.00134712,82.2354,1,0.017922,200.219510,-0.00868286,56.6016,1,0.040116,360.027740
2017-12-15,0.00186844,82.4222,1,0.015056,199.867210,-0.01084246,55.5174,0,0.000000,0.000000
2017-12-18,0.00463363,82.8856,1,0.017107,222.349600,0.00522785,56.0401,0,0.000000,0.000000
2017-12-19,-0.00626021,82.2596,1,0.016941,221.655550,0.01131114,57.1713,1,0.024336,261.814056
2017-12-20,-0.00784772,81.4748,1,0.017322,161.251160,0.02109601,59.2809,1,0.024209,280.632090
2017-12-21,-0.01838573,79.6362,1,0.014013,141.397150,0.02088682,61.3695,1,0.013138,181.727350
2017-12-22,0.00004448,79.6407,1,0.014922,160.596820,0.00180982,61.5505,1,0.021628,242.038960
2017-12-26,-0.00267244,79.3734,1,0.016194,220.567550,0.00430884,61.9814,1,0.026916,300.303030
2017-12-27,0.00291400,79.6648,1,0.018790,221.040810,-0.00358825,61.6226,1,0.029775,320.906240
2017-12-28,0.00026502,79.6913,1,0.017448,240.623350,-0.00422376,61.2002,1,0.032796,340.360390
2017-12-29,0.00096186,79.7875,1,0.045064,261.045210,-0.00125719,61.0745,1,0.056329,360.587600
2018-01-02,-0.00019846,79.7677,0,0.000000,0.000000,-0.00176453,60.8980,1,0.030683,319.468810
2018-01-03,-0.00487508,79.2802,1,0.036818,299.824225,0.00594099,61.4921,1,0.036091,321.125710
2018-01-04,0.00279544,79.5597,1,0.013876,181.961130,0.00391593,61.8837,1,0.022447,261.856190
2018-01-05,0.00002685,79.5624,1,0.021055,240.281560,-0.00466448,61.4173,1,0.025858,300.797840
2018-01-08,0.00345082,79.9075,1,0.017248,181.391100,-0.00044529,61.3727,1,0.026419,320.886430
2018-01-09,0.00763761,80.6712,1,0.022489,181.388910,-0.00294943,61.0778,1,0.033023,341.287230
2018-01-10,-0.00453635,80.2176,1,0.017905,220.858350,0.00908535,61.9863,1,0.033305,360.663320
2018-01-11,-0.00113608,80.1040,1,0.023398,220.052530,0.01824634,63.8110,1,0.027156,279.740420
2018-01-12,-0.00732878,79.3711,1,0.029038,202.251450,0.01488199,65.2992,1,0.035221,222.264610
2018-01-16,0.00810106,80.1812,1,0.026854,280.986740,-0.00978164,64.3210,1,0.023024,221.730280
2018-01-17,-0.00429217,79.7520,1,0.022237,299.712100,0.00271496,64.5925,1,0.037834,379.273920
2018-01-18,0.00430188,80.1822,1,0.031822,241.389740,-0.00725812,63.8667,0,0.000000,0.000000
2018-01-19,0.00803123,80.9853,1,0.027657,240.867750,-0.00703895,63.1628,1,0.037555,381.289729
2018-01-22,-0.00246700,80.7386,1,0.022300,202.236620,-0.00561773,62.6010,1,0.031383,302.661680
2018-01-23,0.00298398,81.0370,1,0.023962,281.622020,0.00241057,62.8421,1,0.029973,342.169670
2018-01-24,0.00013842,81.0508,1,0.019018,220.985700,-0.00130330,62.7118,1,0.030060,300.535210
2018-01-25,-0.01654416,79.3964,1,0.027026,161.006940,0.01195922,63.9077,1,0.026208,320.478810
2018-01-26,-0.01699132,77.6973,1,0.014622,201.424790,0.00800723,64.7084,1,0.023527,281.732590
2018-01-29,-0.00199606,77.4977,1,0.020076,141.988070,0.00346401,65.0548,1,0.032559,321.683690
2018-01-30,0.00322868,77.8206,1,0.014842,160.965670,-0.01209760,63.8450,1,0.029880,319.345120
2018-01-31,0.01839530,79.6601,1,0.019580,220.690950,-0.00842798,63.0022,0,0.000000,0.000000
2018-02-01,-0.01643804,78.0163,1,0.027854,221.741150,-0.00961717,62.0405,1,0.038917,358.404592
2018-02-02,0.00793442,78.8097,1,0.030508,221.547690,-0.01191436,60.8491,1,0.055616,379.321220
2018-02-05,-0.00276016,78.5337,1,0.036046,199.742490,-0.01316556,59.5325,0,0.000000,0.000000
2018-02-06,0.00608118,79.1418,1,0.021382,200.192710,0.00818134,60.3507,0,0.000000,0.000000
2018-02-07,-0.00651736,78.4901,1,0.038726,282.511640,0.00667508,61.0182,1,0.032762,256.127152
2018-02-08,0.00317121,78.8072,1,0.010189,140.787150,0.00313638,61.3318,1,0.028802,320.574330
2018-02-09,0.00670239,79.4775,1,0.024151,201.122990,-0.00095819,61.2360,0,0.000000,0.000000
2018-02-12,0.00389769,79.8672,1,0.033621,283.572550,-0.00082813,61.1532,0,0.000000,0.000000
2018-02-13,0.00236993,80.1042,1,0.038037,222.248610,-0.00224808,60.9284,1,0.052548,299.251708
2018-02-14,0.00338912,80.4431,1,0.023038,180.567590,-0.00120250,60.8081,1,0.029430,320.484600
2018-02-15,0.01631533,82.0747,1,0.029247,223.202910,-0.01928211,58.8799,1,0.038961,363.348880
2018-02-16,-0.00496645,81.5780,1,0.026705,242.622060,0.00002824,58.8827,0,0.000000,0.000000
2018-02-20,-0.00178892,81.3991,1,0.026452,222.440180,-0.00081033,58.8017,1,0.036293,304.309811
2018-02-21,-0.00495749,80.9034,1,0.016009,161.281660,-0.00190712,58.6110,1,0.035862,319.177360
2018-02-22,0.00776832,81.6802,1,0.019608,200.502780,-0.00465234,58.1458,0,0.000000,0.000000
2018-02-23,0.00154059,81.8343,1,0.023461,201.057920,0.00241404,58.3872,1,0.038166,337.352793
2018-02-26,0.00268294,82.1026,1,0.026286,182.032120,0.00609832,58.9970,0,0.000000,0.000000
2018-02-27,-0.00012670,82.0899,1,0.016410,161.124440,0.00412167,59.4092,1,0.030033,283.383726
2018-02-28,0.00275249,82.3651,1,0.021631,200.492400,-0.00535616,58.8735,0,0.000000,0.000000
2018-03-01,0.00311176,82.6763,1,0.017904,161.285300,-0.01195728,57.6778,0,0.000000,0.000000
2018-03-02,-0.00617951,82.0584,1,0.033001,180.116820,0.00509262,58.1871,1,0.065788,354.340832
2018-03-05,0.00554958,82.6133,1,0.037482,221.526810,-0.00644915,57.5422,1,0.048715,321.214410
2018-03-06,0.00427608,83.0409,1,0.029102,242.822480,0.00011347,57.5535,0,0.000000,0.000000
2018-03-07,0.00035016,83.0759,1,0.029334,201.386450,0.00400890,57.9544,1,0.034690,303.933444
2018-03-08,0.01242243,84.3182,1,0.019847,161.255850,-0.01532922,56.4215,1,0.027602,260.679480
2018-03-09,0.00695835,85.0140,1,0.030725,301.470010,-0.00719605,55.7019,1,0.040465,400.742600
2018-03-12,-0.00123323,84.8907,1,0.024123,262.403620,0.00744042,56.4459,0,0.000000,0.000000
2018-03-13,-0.00573092,84.3176,1,0.028602,260.635780,0.00710942,57.1569,1,0.025248,282.453504
2018-03-14,-0.00199302,84.1183,1,0.014152,141.414190,0.00293329,57.4502,1,0.026981,281.386750
2018-03-15,-0.00493252,83.6251,1,0.022112,220.637970,0.00958921,58.4091,1,0.028259,260.114170
2018-03-16,-0.00300856,83.3242,1,0.017556,160.886560,-0.00014787,58.3943,1,0.031107,261.067440
2018-03-19,0.00994852,84.3191,1,0.019408,201.189400,-0.00005262,58.3891,0,0.000000,0.000000
2018-03-20,0.00519114,84.8382,1,0.019396,160.961800,0.00249469,58.6385,0,0.000000,0.000000
2018-03-21,-0.00328303,84.5099,1,0.017933,220.765150,0.00216291,58.8548,1,0.025709,300.151256
2018-03-22,-0.00220660,84.2892,1,0.017060,160.898570,-0.01573919,57.2809,1,0.052709,300.582700
2018-03-23,-0.00438861,83.8503,1,0.036071,218.482460,0.00014732,57.2956,0,0.000000,0.000000
2018-03-26,0.00909669,84.7600,1,0.016771,160.095850,0.00722323,58.0180,0,0.000000,0.000000
2018-03-27,0.01123352,85.8834,1,0.027858,223.951040,-0.01040250,56.9777,0,0.000000,0.000000
2018-03-28,-0.00760117,85.1232,1,0.032417,259.301730,0.01423090,58.4008,1,0.037250,357.107246
2018-03-29,0.00120434,85.2437,1,0.019316,181.769180,-0.00981300,57.4195,1,0.028940,261.582340
2018-04-02,0.00851270,86.0949,1,0.027050,222.347990,0.00320132,57.7396,0,0.000000,0.000000
2018-04-03,0.00001486,86.0964,1,0.033994,161.492000,-0.00305131,57.4345,0,0.000000,0.000000
2018-04-04,-0.00406496,85.6899,1,0.024626,202.212500,0.00057943,57.4924,0,0.000000,0.000000
2018-04-05,-0.00138960,85.5510,1,0.022030,202.203570,-0.01959908,55.5325,0,0.000000,0.000000
2018-04-06,0.00737452,86.2884,1,0.025038,221.372490,-0.01230092,54.3024,1,0.079472,403.347238
2018-04-09,0.00291582,86.5800,1,0.021428,180.348310,0.00339808,54.6422,0,0.000000,0.000000
2018-04-10,-0.00017981,86.5620,1,0.015641,140.560250,0.00248748,54.8910,1,0.039632,238.570819
2018-04-11,0.00223017,86.7850,1,0.028753,222.601660,0.00224453,55.1154,0,0.000000,0.000000
2018-04-12,0.01276215,88.0613,1,0.024805,179.763130,-0.00430150,54.6853,1,0.035240,302.040018
2018-04-13,0.00566715,88.6280,1,0.031365,181.938360,-0.01377267,53.3080,1,0.043057,321.452510
2018-04-16,0.00436981,89.0650,1,0.022069,180.231220,-0.00535654,52.7724,1,0.046964,380.157670
2018-04-17,0.00122762,89.1877,1,0.025898,222.375710,0.01421360,54.1937,0,0.000000,0.000000
2018-04-18,-0.00880625,88.3071,1,0.017865,202.052580,-0.00128354,54.0654,1,0.015024,204.073937
2018-04-19,0.00252277,88.5594,1,0.039583,181.550380,0.00047310,54.1127,1,0.078530,321.253750
2018-04-20,0.00390656,88.9500,1,0.023364,181.025740,0.01557611,55.6703,1,0.027539,300.102400
2018-04-23,0.00359876,89.3099,1,0.027184,220.191980,0.00411125,56.0814,1,0.026625,240.844850
2018-04-24,0.00655931,89.9658,1,0.017809,200.869720,0.00386128,56.4676,1,0.026642,300.717850
2018-04-25,-0.01022990,88.9428,1,0.036180,260.236720,-0.00089985,56.3776,1,0.037595,320.326210
2018-04-26,0.00241834,89.1847,1,0.018336,201.153410,0.01698477,58.0760,1,0.032833,281.821630
2018-04-27,0.00386632,89.5713,1,0.019968,201.681510,-0.00116221,57.9598,1,0.023741,262.556190
2018-04-30,-0.00188606,89.3827,1,0.012776,182.443940,-0.00206264,57.7536,1,0.023654,301.558220
2018-05-01,-0.00061593,89.3211,1,0.025713,220.521290,0.00073106,57.8267,0,0.000000,0.000000
2018-05-02,-0.00911209,88.4099,1,0.021959,221.261820,0.00914638,58.7413,1,0.041212,320.234245
2018-05-03,0.00427199,88.8371,1,0.022011,180.977810,-0.00482970,58.2583,1,0.031580,300.792690
2018-05-04,0.00466851,89.3040,1,0.012069,162.097290,0.00319938,58.5783,1,0.049892,320.236250
2018-05-07,-0.01022743,88.2812,1,0.028493,202.487780,0.00421406,58.9997,0,0.000000,0.000000
2018-05-08,0.00018817,88.3000,1,0.007523,81.352090,0.01404054,60.4037,1,0.031536,282.825834
2018-05-09,-0.00322507,87.9775,1,0.020967,222.758580,0.00991759,61.3955,1,0.023401,281.740910
2018-05-10,0.00621517,88.5990,1,0.021073,201.257760,-0.00088486,61.3070,1,0.026426,241.942820
2018-05-11,-0.00618561,87.9805,1,0.017681,201.565410,-0.00146311,61.1607,0,0.000000,0.000000
2018-05-14,-0.00834732,87.1457,1,0.016972,180.769600,0.00166505,61.3272,1,0.043005,382.279672
2018-05-15,0.00460573,87.6063,1,0.012317,121.184380,0.00111565,61.4388,1,0.028495,300.513890
2018-05-16,-0.00365810,87.2405,1,0.029080,240.322350,0.00825687,62.2645,1,0.039643,339.424140
2018-05-17,-0.00460397,86.7801,1,0.027727,160.799770,0.00400070,62.6645,1,0.038450,281.513370
2018-05-18,0.00159943,86.9401,1,0.016997,181.059750,-0.00569855,62.0947,1,0.024305,261.122380
2018-05-21,-0.00041066,86.8990,1,0.018156,200.722100,0.01152657,63.2473,1,0.034883,340.466070
2018-05-22,0.00300611,87.1996,1,0.022729,181.760330,-0.00570135,62.6772,0,0.000000,0.000000
2018-05-23,0.00068150,87.2677,1,0.023470,240.096580,0.00331795,63.0090,1,0.036525,341.921409
2018-05-24,0.00185966,87.4537,1,0.022744,260.964240,-0.00327452,62.6815,1,0.050472,261.170420
2018-05-25,0.00827277,88.2810,1,0.017953,180.087290,-0.00473732,62.2078,1,0.035802,320.258200
2018-05-29,0.00258259,88.5392,1,0.024361,221.625830,0.00043276,62.2511,1,0.043624,340.787270
2018-05-30,-0.00014292,88.5250,1,0.021832,239.669080,-0.00408804,61.8423,1,0.030384,279.923900
2018-05-31,-0.00355215,88.1697,1,0.023185,223.227660,-0.00268366,61.5739,0,0.000000,0.000000
2018-06-01,0.00766753,88.9365,1,0.029767,220.064510,-0.00229521,61.3444,0,0.000000,0.000000
2018-06-04,0.00062854,88.9993,1,0.025376,261.147280,0.00642417,61.9868,1,0.041593,363.132736
2018-06-05,-0.00387726,88.6116,1,0.019766,201.526370,0.00404775,62.3916,1,0.027395,241.989650
2018-06-06,-0.00069388,88.5422,1,0.022578,221.047520,0.00065772,62.4573,1,0.029428,301.376490
2018-06-07,0.00529399,89.0716,1,0.022601,222.772510,-0.00616790,61.8406,1,0.031200,262.005400
2018-06-08,0.00782379,89.8540,1,0.038841,300.486800,-0.00297522,61.5430,1,0.048412,360.634070
2018-06-11,-0.00455816,89.3982,1,0.021586,221.033660,0.00354174,61.8972,1,0.044036,360.852310
2018-06-12,-0.00047542,89.3507,1,0.023752,220.429330,0.00222640,62.1198,1,0.027680,300.552850
2018-06-13,-0.01201208,88.1494,1,0.020078,201.398390,0.00136885,62.2567,1,0.028405,301.081480
2018-06-14,0.00253549,88.4030,1,0.021901,240.504430,-0.00929930,61.3268,1,0.032600,319.733150
2018-06-15,-0.00709719,87.6933,1,0.023639,240.865890,0.00436207,61.7630,1,0.037553,360.415730
2018-06-18,0.00746018,88.4393,1,0.018162,181.104280,-0.01519921,60.2431,1,0.028611,320.947620
2018-06-19,-0.00109711,88.3296,1,0.022091,239.681920,-0.00650873,59.5922,1,0.033253,379.895130
2018-06-20,-0.00222020,88.1076,1,0.016910,201.008520,0.00276964,59.8692,1,0.033576,340.317340
2018-06-21,-0.01226471,86.8811,1,0.020261,181.311970,0.00482486,60.3517,1,0.023674,241.159500
2018-06-22,-0.00024076,86.8570,1,0.026416,260.333790,0.00054306,60.4060,1,0.033354,299.186600
2018-06-25,-0.00521953,86.3351,1,0.020353,221.269840,0.01317929,61.7239,1,0.032451,321.858540
2018-06-26,0.00460636,86.7957,1,0.028674,219.992240,-0.00166661,61.5572,1,0.039081,279.478260
2018-06-27,0.00479627,87.2753,1,0.017563,201.015950,0.01673536,63.2308,1,0.030774,340.466060
2018-06-28,-0.00064281,87.2110,1,0.019581,180.898170,-0.00314958,62.9158,1,0.029048,261.096470
2018-06-29,0.00531239,87.7423,1,0.014121,201.000180,-0.00429454,62.4864,1,0.028414,321.266610
2018-07-02,-0.00108356,87.6339,1,0.018396,161.040840,0.00159997,62.6464,1,0.032703,360.344520
2018-07-03,-0.00109745,87.5242,1,0.023535,180.764800,-0.00565431,62.0809,1,0.031731,260.580460
2018-07-05,0.00312708,87.8369,1,0.034442,220.477130,-0.00599989,61.4809,1,0.068849,360.049600
2018-07-06,-0.02003005,85.8339,1,0.022535,242.001750,-0.01747338,59.7336,0,0.000000,0.000000
2018-07-09,0.01787637,87.6215,1,0.024713,182.959690,-0.00979953,58.7537,1,0.039953,324.906804
2018-07-10,0.00474412,88.0959,1,0.019108,202.856670,0.00111949,58.8656,1,0.032461,382.779740
2018-07-11,-0.01236725,86.8592,1,0.019055,181.473000,-0.00002308,58.8633,1,0.038038,320.950350
2018-07-12,0.00286981,87.1462,1,0.020969,120.774950,-0.00511596,58.3517,1,0.037276,299.679250
2018-07-13,0.00592829,87.7390,1,0.014351,121.539630,0.00167113,58.5188,1,0.029877,321.680600
2018-07-16,0.00290378,88.0294,1,0.012902,121.151680,-0.00380326,58.1385,1,0.025046,300.865930
2018-07-17,0.01862710,89.8921,1,0.018360,180.969760,-0.01431959,56.7065,1,0.025909,300.424620
2018-07-18,-0.00358501,89.5336,1,0.019101,202.391890,-0.00441590,56.2649,1,0.032760,360.119970
2018-07-19,0.01221605,90.7552,1,0.008155,121.290540,-0.00724338,55.5406,1,0.028488,340.016490
2018-07-20,-0.00013735,90.7415,1,0.018605,141.297520,-0.00445938,55.0947,1,0.052788,400.818610
2018-07-23,0.00120672,90.8621,1,0.018638,181.176930,-0.00712529,54.3821,1,0.038089,319.938170
2018-07-24,0.00169140,91.0313,1,0.021020,200.831730,-0.00935044,53.4471,1,0.035024,359.456520
2018-07-25,-0.00569626,90.4617,1,0.030986,181.546300,0.00643104,54.0902,1,0.047496,359.472060
2018-07-26,0.00887352,91.3490,1,0.017908,222.465480,-0.01076541,53.0137,1,0.024061,262.581320
2018-07-27,-0.00159440,91.1896,1,0.014950,182.761460,0.00057264,53.0709,1,0.029356,340.998140
2018-07-30,-0.00355862,90.8337,1,0.011632,139.792510,0.00322033,53.3929,0,0.000000,0.000000
2018-07-31,0.00056618,90.8903,1,0.016292,179.946030,0.00058373,53.4513,1,0.023787,280.015233
2018-08-01,-0.01441017,89.4493,1,0.012497,162.173790,0.00330800,53.7821,1,0.030000,361.597640
2018-08-02,-0.01063277,88.3860,1,0.023227,180.280520,-0.00405445,53.3767,1,0.036645,320.561060
2018-08-03,0.00132373,88.5184,0,0.000000,0.000000,-0.00807314,52.5694,1,0.031324,281.973740
2018-08-06,0.01127650,89.6461,0,0.000000,0.000000,-0.00334597,52.2348,1,0.026567,361.492630
2018-08-07,-0.00040176,89.6059,0,0.000000,0.000000,-0.00443961,51.7908,1,0.022531,321.258890
2018-08-08,0.00620314,90.2262,0,0.000000,0.000000,0.00766318,52.5571,1,0.023442,320.530750
2018-08-09,0.00511094,90.7373,0,0.000000,0.000000,-0.00106061,52.4511,1,0.026521,300.837140
2018-08-10,-0.00436843,90.3004,1,0.041523,381.389985,0.00569506,53.0206,1,0.038814,320.209360
2018-08-13,-0.00489621,89.8108,0,0.000000,0.000000,0.00278627,53.2992,0,0.000000,0.000000
2018-08-14,0.00358074,90.1689,1,0.015236,239.555563,-0.00160803,53.1384,1,0.020273,299.519093
2018-08-15,0.00641690,90.8106,1,0.026760,201.611350,0.00962704,54.1011,0,0.000000,0.000000
2018-08-16,-0.00235983,90.5746,1,0.032553,260.639250,0.00847155,54.9483,1,0.029945,302.428147
2018-08-17,0.00141619,90.7162,1,0.015761,201.865310,0.00377704,55.3260,0,0.000000,0.000000
2018-08-20,0.00554067,91.2703,1,0.031503,181.136360,-0.00092002,55.2340,1,0.041312,282.710916
2018-08-21,-0.00288784,90.9815,1,0.019464,240.605290,0.01489312,56.7233,1,0.022648,280.562530
2018-08-22,0.00108117,91.0896,1,0.014023,161.173420,0.00583226,57.3065,1,0.017794,201.749720
2018-08-23,0.00053107,91.1427,1,0.014483,200.583800,0.00137966,57.4445,1,0.022014,280.270780
2018-08-24,-0.00169268,90.9735,1,0.019048,199.937730,0.00426226,57.8707,1,0.030444,320.287400
2018-08-27,0.00028356,91.0018,1,0.012834,160.603400,-0.00199840,57.6708,1,0.030070,321.096910
2018-08-28,-0.00014063,90.9878,1,0.030013,201.373530,0.00296546,57.9674,1,0.057614,381.395110
2018-08-29,-0.00277342,90.7104,1,0.014282,181.514730,0.00202832,58.1702,1,0.021998,280.929540
2018-08-30,-0.00238841,90.4716,1,0.040351,181.616360,0.00381390,58.5516,1,0.022510,301.533930
2018-08-31,0.00836956,91.3085,1,0.014054,160.224010,-0.00617970,57.9336,1,0.042800,279.848260
2018-09-04,-0.00153385,91.1551,1,0.026765,280.795790,0.00081336,58.0150,1,0.034574,359.897530
2018-09-05,-0.00428428,90.7267,1,0.038008,259.724040,-0.00079451,57.9355,1,0.029771,301.048970
2018-09-06,-0.00315376,90.4113,1,0.027676,241.743760,0.00404474,58.3400,1,0.030406,341.008220
2018-09-07,-0.00135958,90.2754,1,0.010348,161.167140,-0.00215343,58.1247,1,0.019913,321.211060
2018-09-10,0.00717838,90.9932,1,0.033492,239.698810,-0.00811889,57.3128,1,0.038569,340.028590
2018-09-11,-0.00094206,90.8990,1,0.020126,260.678330,-0.00634747,56.6780,1,0.033757,360.586040
2018-09-12,-0.00609371,90.2896,1,0.020611,220.917460,-0.00064784,56.6132,1,0.033544,380.657490
2018-09-13,0.00398082,90.6877,1,0.008348,140.949620,0.00118304,56.7315,1,0.023886,340.914880
2018-09-14,0.00032618,90.7203,1,0.019542,201.009590,0.01639719,58.3713,1,0.021481,261.239630
2018-09-17,0.00993303,91.7136,1,0.030217,201.071540,-0.00992120,57.3791,1,0.033920,282.634320
2018-09-18,0.00541994,92.2556,1,0.021126,260.116660,-0.00698030,56.6811,1,0.022380,321.184200
2018-09-19,-0.00946786,91.3089,1,0.023276,260.569880,0.00549199,57.2303,1,0.033571,360.622290
2018-09-20,-0.00298408,91.0104,1,0.020398,180.834430,0.00278840,57.5091,1,0.041960,261.008570
2018-09-21,-0.00484844,90.5256,1,0.022694,160.918950,0.00841194,58.3503,0,0.000000,0.000000
2018-09-24,-0.00553522,89.9721,1,0.022482,200.956490,0.01652748,60.0031,1,0.025682,262.212696
2018-09-25,0.00256638,90.2287,1,0.012112,180.274100,0.00717477,60.7206,1,0.023273,280.640010
2018-09-26,0.00085239,90.3140,1,0.016131,180.724650,-0.00514435,60.2061,1,0.019975,280.798590
2018-09-27,-0.00371587,89.9424,1,0.018857,200.740410,0.00078455,60.2846,1,0.026885,320.273160
2018-09-28,-0.00274555,89.6678,1,0.014545,181.320310,0.00666546,60.9511,1,0.027244,281.097540
2018-10-01,-0.00297659,89.3702,1,0.020479,201.317510,-0.00596208,60.3549,1,0.022048,262.021290
2018-10-02,-0.00162556,89.2076,1,0.020246,220.590700,-0.00041137,60.3138,1,0.029467,359.765100
2018-10-03,0.00836473,90.0441,1,0.020797,180.738710,-0.01207214,59.1066,1,0.028204,321.012690
2018-10-04,0.00460709,90.5048,1,0.019191,201.179970,-0.00214464,58.8921,1,0.031394,340.460770
2018-10-05,-0.00175717,90.3291,1,0.036257,160.124880,0.00816808,59.7089,1,0.036782,299.567330
2018-10-08,-0.00307264,90.0218,1,0.014764,180.610840,0.01015117,60.7240,1,0.023883,280.262690
2018-10-09,-0.01398724,88.6231,1,0.014804,181.136340,-0.01103703,59.6203,1,0.027603,321.194640
2018-10-10,-0.01254145,87.3689,1,0.013095,161.639680,-0.00180423,59.4399,1,0.023303,319.011560
2018-10-11,-0.00431012,86.9379,1,0.018732,180.639150,0.00142687,59.5826,0,0.000000,0.000000
2018-10-12,0.00432861,87.3708,1,0.012969,180.547500,0.00700393,60.2830,0,0.000000,0.000000
2018-10-15,0.00438309,87.8091,1,0.030751,281.455830,-0.00733230,59.5498,1,0.036690,277.018607
2018-10-16,0.00358419,88.1675,1,0.015141,161.214880,-0.00620793,58.9290,1,0.020823,339.966060
2018-10-17,-0.00706141,87.4614,1,0.024991,284.018740,0.00674585,59.6036,0,0.000000,0.000000
2018-10-18,-0.00523519,86.9379,1,0.032049,200.110650,0.01162529,60.7661,1,0.032561,284.265354
2018-10-19,-0.01945555,84.9923,1,0.024985,240.287570,0.01123457,61.8895,1,0.045983,261.490890
2018-10-22,-0.00319340,84.6730,1,0.014300,161.907350,-0.00428580,61.4610,1,0.033180,281.199620
2018-10-23,0.00847316,85.5203,1,0.029944,260.050900,-0.01128557,60.3324,1,0.046587,379.128700
2018-10-24,-0.01048972,84.4713,1,0.026312,220.932980,0.01502939,61.8353,1,0.044821,340.040850
2018-10-25,0.01280668,85.7520,1,0.032972,219.789440,-0.03190274,58.6451,1,0.040154,297.894440
2018-10-26,0.00143313,85.8953,1,0.039687,323.267980,0.01064707,59.7098,1,0.061603,382.105820
2018-10-29,0.00550080,86.4454,1,0.030560,220.125980,-0.00812811,58.8970,0,0.000000,0.000000
2018-10-30,0.03509039,89.9544,1,0.031571,300.161440,-0.04768358,54.1286,1,0.062948,320.042620
2018-10-31,-0.01732257,88.2221,1,0.025987,286.339630,-0.02187581,51.9410,0,0.000000,0.000000
2018-11-01,-0.00676865,87.5453,1,0.028135,261.621150,-0.00028890,51.9121,1,0.048930,406.172153
2018-11-02,-0.00251143,87.2941,1,0.030263,163.399830,-0.01796414,50.1157,1,0.042194,321.821840
2018-11-05,0.01517597,88.8117,1,0.025453,220.046700,-0.01440822,48.6749,1,0.033102,340.634600
2018-11-06,0.01023709,89.8354,1,0.030131,282.158210,-0.00487722,48.1872,1,0.038842,361.120040
2018-11-07,0.00045211,89.8807,1,0.016099,162.885120,-0.00279230,47.9079,1,0.039690,301.339000
2018-11-08,-0.00037810,89.8428,1,0.015810,184.087350,-0.00532433,47.3755,0,0.000000,0.000000
2018-11-09,-0.01791089,88.0518,1,0.025749,239.929660,0.02615159,49.9907,1,0.031501,344.084286
2018-11-12,-0.02227558,85.8242,1,0.013348,143.473220,0.03405276,53.3959,1,0.028074,282.513800
2018-11-13,-0.00772727,85.0515,1,0.012057,104.576170,0.00467220,53.8632,1,0.022210,201.352850
2018-11-14,-0.02657375,82.3941,1,0.019295,160.671330,0.02513944,56.3771,1,0.028096,281.044350
2018-11-15,-0.03274961,79.1191,1,0.023701,183.189600,0.02138568,58.5157,1,0.036852,282.170040
2018-11-16,0.03506228,82.6254,1,0.032642,285.097640,-0.04269362,54.2463,1,0.040892,324.238600
2018-11-19,-0.02056462,80.5689,1,0.023232,225.345950,0.00613798,54.8601,1,0.046292,365.117830
2018-11-20,0.00773754,81.3427,1,0.035456,239.909630,0.00503956,55.3641,1,0.039804,279.630690
2018-11-21,0.02098121,83.4408,1,0.023999,181.811070,-0.01694912,53.6692,1,0.032812,259.626100
2018-11-23,0.00504431,83.9452,1,0.029649,261.187100,-0.01236368,52.4328,1,0.047368,342.102860
2018-11-26,-0.00489248,83.4560,1,0.032158,180.984880,-0.01521058,50.9117,1,0.074968,319.946940
2018-11-27,-0.00860251,82.5957,1,0.020621,202.236450,-0.00587054,50.3247,0,0.000000,0.000000
2018-11-28,0.00137216,82.7329,1,0.016094,162.012410,-0.00687239,49.6374,1,0.038019,302.856967
2018-11-29,0.00605323,83.3382,1,0.020847,203.614810,-0.00416045,49.2214,0,0.000000,0.000000
2018-11-30,0.00856948,84.1952,1,0.019182,181.237790,0.01589300,50.8107,1,0.037570,323.204116
2018-12-03,-0.00814670,83.3805,1,0.024160,202.494410,-0.00971466,49.8392,1,0.024636,242.679310
2018-12-04,0.00041833,83.4224,1,0.024057,182.718250,-0.00281661,49.5576,1,0.050861,362.245970
2018-12-06,0.01258534,84.6809,1,0.022696,182.729710,-0.00662139,48.8954,0,0.000000,0.000000
2018-12-07,0.00130403,84.8113,1,0.035867,281.314770,0.00366404,49.2618,1,0.045066,354.319649
2018-12-10,0.00887768,85.6991,1,0.026232,259.273510,0.00743018,50.0049,0,0.000000,0.000000
2018-12-11,-0.00363359,85.3357,1,0.028899,241.963060,-0.00313483,49.6914,1,0.030263,279.031801
2018-12-12,-0.00823842,84.5119,1,0.037402,260.271820,0.00090154,49.7815,1,0.045156,340.354900
2018-12-13,0.00397486,84.9093,1,0.028894,240.862320,-0.01252701,48.5288,1,0.044551,321.713390
2018-12-14,-0.00231425,84.6779,1,0.024935,240.390960,0.00066085,48.5949,1,0.049095,380.149890
2018-12-17,-0.00628880,84.0490,1,0.025790,239.384130,0.01058400,49.6533,1,0.035970,338.838680
2018-12-18,0.00794331,84.8434,1,0.026769,200.365930,0.01462907,51.1162,0,0.000000,0.000000
2018-12-19,0.00158901,85.0023,1,0.024029,220.521520,-0.00946828,50.1694,1,0.036838,278.794829
2018-12-20,0.01174191,86.1765,1,0.039979,259.956210,0.02066395,52.2358,0,0.000000,0.000000
2018-12-21,-0.00751744,85.4247,1,0.050094,239.369830,0.00740560,52.9763,1,0.057460,280.713223
2018-12-24,0.00403604,85.8283,1,0.023986,161.229650,0.00491075,53.4674,0,0.000000,0.000000
2018-12-26,0.00217964,86.0463,1,0.057356,201.042510,-0.01750264,51.7172,0,0.000000,0.000000
2018-12-27,-0.00160965,85.8853,1,0.033205,247.951140,0.00147609,51.8648,0,0.000000,0.000000
2018-12-28,-0.00369454,85.5159,1,0.045624,242.045880,0.00177111,52.0419,0,0.000000,0.000000
2018-12-31,0.00506877,86.0227,1,0.030793,200.534790,-0.00747538,51.2943,1,0.042018,318.692986
2019-01-02,-0.00341665,85.6811,1,0.027445,201.658970,-0.00017614,51.2767,0,0.000000,0.000000
2019-01-03,-0.01530857,84.1502,1,0.022857,161.104260,-0.00540106,50.7366,1,0.055656,321.647540
2019-01-04,0.01557262,85.7075,1,0.029538,239.842220,-0.01934524,48.8021,1,0.050474,319.302310
2019-01-07,0.01485253,87.1927,1,0.035517,305.174100,-0.02671486,46.1306,0,0.000000,0.000000
2019-01-08,0.00056597,87.2493,1,0.028683,199.941810,0.00818174,46.9488,1,0.053596,364.395052
2019-01-09,0.00483611,87.7329,1,0.019339,162.560760,0.00827391,47.7762,0,0.000000,0.000000
2019-01-10,0.00151196,87.8841,1,0.026674,141.603190,-0.01086443,46.6897,1,0.044003,242.522411
2019-01-11,-0.00670785,87.2134,1,0.026225,201.866010,-0.00055967,46.6338,0,0.000000,0.000000
2019-01-14,0.00043158,87.2565,1,0.022132,141.262600,0.05346813,51.9806,1,0.046927,322.235739
2019-01-15,-0.01035269,86.2212,1,0.020049,161.215210,0.01026353,53.0069,1,0.039997,285.130260
2019-01-16,0.00470451,86.6917,1,0.037279,243.687440,-0.00091824,52.9151,1,0.050924,304.470730
2019-01-17,-0.00610298,86.0814,1,0.026308,161.310630,-0.00355736,52.5594,1,0.065116,360.684400
2019-01-18,-0.00893308,85.1881,1,0.026778,182.276790,0.00302074,52.8614,0,0.000000,0.000000
2019-01-22,0.01596244,86.7843,1,0.029846,163.428510,0.00413403,53.2748,0,0.000000,0.000000
2019-01-23,-0.00475320,86.3090,1,0.045130,242.208390,0.00769082,54.0439,0,0.000000,0.000000
2019-01-24,-0.07200658,79.1084,1,0.031158,201.136490,0.08156616,62.2005,1,0.040214,305.436098
2019-01-25,0.00071150,79.1795,1,0.035100,208.683080,-0.01668333,60.5322,1,0.056583,289.278210
2019-01-28,-0.00263221,78.9163,1,0.025491,162.145130,0.00110665,60.6429,1,0.043295,299.622510
2019-01-29,0.00542137,79.4584,1,0.028563,201.082830,0.02210254,62.8531,1,0.053776,320.515680
2019-01-30,0.00661315,80.1197,1,0.028225,201.940300,-0.00941734,61.9114,1,0.028024,263.634970
2019-01-31,0.00416772,80.5365,1,0.031188,261.431620,0.00026453,61.9378,1,0.045157,361.342030
2019-02-01,0.00968861,81.5054,1,0.039489,200.825520,-0.00499872,61.4380,1,0.049212,321.627230
2019-02-04,-0.00283277,81.2221,1,0.036377,201.009810,0.00489301,61.9273,1,0.063969,361.054320
2019-02-05,0.00056117,81.2782,1,0.013113,141.538340,0.00863244,62.7905,1,0.030826,261.826770
2019-02-06,-0.00139008,81.1392,1,0.022288,181.399410,-0.00387044,62.4035,1,0.037634,261.493650
2019-02-07,-0.00131255,81.0079,1,0.030705,220.241780,-0.00415275,61.9882,1,0.053405,320.425730
2019-02-08,0.00213463,81.2214,1,0.043017,261.182510,-0.00846837,61.1414,1,0.061627,321.305590
2019-02-11,0.00026880,81.2483,1,0.017530,161.256900,0.00609898,61.7513,1,0.043702,319.991370
2019-02-12,-0.01717640,79.5306,1,0.022240,181.529810,0.01269192,63.0205,1,0.037648,281.748080
2019-02-13,0.00327025,79.8577,1,0.020705,203.890320,0.00012509,63.0330,0,0.000000,0.000000
2019-02-14,0.00463141,80.3208,1,0.027139,201.159130,-0.01588611,61.4443,1,0.038611,323.135192
2019-02-15,-0.00208327,80.1125,1,0.026097,200.647240,-0.00718372,60.7260,1,0.060642,321.047480
2019-02-19,0.00151925,80.2644,1,0.028685,202.978070,0.00444613,61.1706,0,0.000000,0.000000
2019-02-20,0.00440651,80.7051,1,0.024469,221.048170,-0.01271832,59.8988,1,0.039782,364.038266
2019-02-21,-0.00009954,80.6951,1,0.021534,203.633520,-0.00052591,59.8462,1,0.036071,264.010230
2019-02-22,0.00029383,80.7245,1,0.026017,221.528700,0.00145070,59.9912,1,0.034040,321.590640
2019-02-25,0.00048439,80.7729,1,0.032871,282.309140,-0.00546563,59.4447,1,0.036753,221.150950
2019-02-26,-0.00164763,80.6082,1,0.023583,200.879790,-0.00533965,58.9107,1,0.036155,280.919650
2019-02-27,0.00123730,80.7319,1,0.036820,280.106660,-0.00388594,58.5221,1,0.040604,339.454910
2019-02-28,-0.00960857,79.7710,1,0.034637,280.888610,0.00372623,58.8947,1,0.040247,340.777790
2019-03-01,0.01373890,81.1449,1,0.032940,301.212600,-0.00703185,58.1916,1,0.044125,300.904050
2019-03-04,0.01025902,82.1708,1,0.040948,361.460530,-0.01292891,56.8987,1,0.042491,361.777540
2019-03-05,-0.00420216,81.7506,1,0.040796,319.617610,-0.00164790,56.7339,1,0.043290,359.665840
2019-03-06,0.00355773,82.1064,1,0.030257,260.238540,0.00410557,57.1444,1,0.037863,319.834840
2019-03-07,-0.01119167,80.9872,1,0.033217,259.383730,0.01273985,58.4184,1,0.035345,280.183980
2019-03-08,-0.01138012,79.8492,1,0.014372,141.071510,0.00982440,59.4009,1,0.035760,280.388510
2019-03-11,0.00458298,80.3075,1,0.022832,200.844620,-0.00638615,58.7622,1,0.030655,241.003180
2019-03-12,0.00164162,80.4717,1,0.024628,222.669710,-0.00328047,58.4342,0,0.000000,0.000000
2019-03-13,-0.00635777,79.8359,1,0.041557,300.187590,0.00569673,59.0039,1,0.056837,343.587379
2019-03-14,-0.00351725,79.4842,1,0.027795,241.312060,-0.00483939,58.5199,0,0.000000,0.000000
2019-03-15,-0.00356360,79.1278,1,0.023600,200.914590,-0.00080339,58.4396,1,0.043299,321.178961
2019-03-18,0.01174490,80.3023,1,0.015960,140.736800,-0.00321009,58.1186,1,0.032859,340.419700
2019-03-19,0.00164387,80.4667,1,0.035043,261.136850,-0.00005069,58.1135,1,0.045949,340.802250
2019-03-20,-0.00418641,80.0480,1,0.028681,260.221470,0.00931583,59.0451,1,0.039597,339.587400
2019-03-21,-0.04546779,75.5013,1,0.034339,220.472780,0.02087120,61.1322,1,0.037620,280.686560
2019-03-22,-0.01793863,73.7074,1,0.027973,226.253800,0.01141189,62.2734,0,0.000000,0.000000
2019-03-25,0.00198940,73.9063,1,0.056510,162.613210,-0.00288531,61.9849,1,0.072371,281.147983
2019-03-26,0.00227596,74.1339,1,0.017674,140.445030,0.00421755,62.4066,1,0.035865,300.809460
2019-03-27,-0.00344405,73.7895,1,0.036055,261.999550,0.00084529,62.4912,1,0.043921,322.403820
2019-03-28,0.00085393,73.8749,1,0.015007,141.153570,-0.00125684,62.3655,1,0.052304,340.676890
2019-03-29,0.00244062,74.1190,1,0.018068,182.026940,-0.00440943,61.9245,1,0.035813,341.703780
2019-04-01,0.01227263,75.3462,1,0.024657,181.478510,-0.00556818,61.3677,1,0.054148,361.337990
2019-04-02,-0.00596204,74.7500,1,0.020004,162.321740,0.00030015,61.3977,1,0.046735,361.874830
2019-04-03,0.00637769,75.3878,1,0.041901,240.460540,-0.00557227,60.8405,1,0.039217,300.385390
2019-04-04,0.00458117,75.8459,1,0.025163,200.694390,0.00534429,61.3749,1,0.038431,320.582410
2019-04-05,-0.00642818,75.2031,1,0.023998,201.338960,0.00402863,61.7778,1,0.032957,261.475400
2019-04-08,-0.00030861,75.1723,1,0.022231,181.712100,0.00111823,61.8896,1,0.036947,282.380040
2019-04-09,0.00385188,75.5574,1,0.043552,240.548630,-0.00596709,61.2929,1,0.042839,340.482490
2019-04-10,0.00607992,76.1654,1,0.037268,259.493580,0.00170087,61.4630,0,0.000000,0.000000
2019-04-11,0.01564489,77.7299,1,0.027091,240.580380,0.00149628,61.6126,1,0.034482,279.863344
2019-04-12,-0.01337995,76.3919,1,0.034675,262.040580,0.02303412,63.9160,1,0.040998,301.272310
2019-04-15,0.00270415,76.6623,1,0.036025,263.492720,0.00879258,64.7953,0,0.000000,0.000000
2019-04-16,0.00881761,77.5441,1,0.032569,260.532980,-0.01818848,62.9764,1,0.036098,283.970447
2019-04-17,-0.01271258,76.2728,1,0.028398,199.939730,0.03005995,65.9824,1,0.052515,359.865610
2019-04-18,0.01161977,77.4348,1,0.027393,180.003660,-0.00112534,65.8699,1,0.020214,162.553890
2019-04-22,-0.01230165,76.2047,0,0.000000,0.000000,0.00071615,65.9415,1,0.037485,321.748360
2019-04-23,0.01326511,77.5312,1,0.023789,182.915577,-0.01016807,64.9247,1,0.043827,300.773060
2019-04-24,0.00540499,78.0717,1,0.032611,202.306640,0.00034706,64.9594,0,0.000000,0.000000
2019-04-25,-0.00142943,77.9287,1,0.031253,240.822430,0.00172996,65.1324,1,0.036584,321.794636
2019-04-26,0.00738682,78.6674,1,0.027518,240.868250,-0.00064548,65.0679,1,0.036398,300.004040
2019-04-29,-0.00591410,78.0760,1,0.034810,281.111300,0.00299322,65.3672,0,0.000000,0.000000
2019-04-30,0.01542081,79.6181,1,0.029689,201.989760,-0.00266325,65.1009,1,0.051795,342.062044
2019-05-01,0.00093440,79.7115,1,0.039330,301.919910,0.00372239,65.4731,1,0.052191,381.808110
2019-05-02,0.00433540,80.1451,1,0.041120,260.122350,0.00815106,66.2882,1,0.045674,299.792890
2019-05-03,0.00364061,80.5091,1,0.035219,261.682860,-0.00299630,65.9886,1,0.038720,302.152520
2019-05-06,-0.01007758,79.5014,1,0.021668,161.769260,0.00948188,66.9368,0,0.000000,0.000000
2019-05-07,0.00669903,80.1713,1,0.023047,161.180750,-0.00733576,66.2032,1,0.037976,282.644030
2019-05-08,0.01137999,81.3093,1,0.041991,298.942790,0.00066373,66.2696,0,0.000000,0.000000
2019-05-09,0.00225011,81.5343,1,0.035109,261.179190,-0.00275463,65.9941,1,0.038803,278.439414
2019-05-10,-0.00795295,80.7390,1,0.025275,201.148500,0.00605487,66.5996,1,0.040143,320.117280
2019-05-13,-0.01635892,79.1031,1,0.014442,121.902460,0.01719639,68.3192,1,0.034991,281.926770
2019-05-14,0.01685603,80.7887,1,0.026247,200.660930,-0.01449458,66.8698,0,0.000000,0.000000
2019-05-15,-0.00559436,80.2293,1,0.037536,281.657370,0.00703674,67.5734,1,0.050126,378.233140
2019-05-16,-0.00913752,79.3155,1,0.018332,121.459080,0.00101074,67.6745,1,0.032946,241.328140
2019-05-17,-0.00686311,78.6292,1,0.021981,142.206500,0.00436762,68.1113,0,0.000000,0.000000
2019-05-20,0.00078632,78.7078,1,0.030698,221.099570,0.00033783,68.1451,1,0.043477,322.011601
2019-05-21,0.00837876,79.5457,1,0.018524,181.312450,0.00263345,68.4084,1,0.045035,300.619200
2019-05-22,0.00822683,80.3684,1,0.030807,222.544140,0.01127865,69.5363,0,0.000000,0.000000
2019-05-23,-0.00903865,79.4645,1,0.034205,259.018730,0.00320340,69.8566,1,0.035050,302.827514
2019-05-24,0.00839142,80.3037,1,0.029298,180.905200,-0.00461568,69.3950,1,0.039638,240.929310
2019-05-28,-0.00111166,80.1925,1,0.034836,281.526260,0.00413446,69.8085,1,0.045074,321.457910
2019-05-29,-0.00289729,79.9028,1,0.043449,220.166410,-0.00213723,69.5948,0,0.000000,0.000000
2019-05-30,-0.00463857,79.4389,1,0.030287,201.513700,-0.00707157,68.8876,1,0.055597,339.022507
2019-05-31,-0.01665629,77.7733,1,0.019699,141.830390,0.00591172,69.4788,1,0.060448,320.472840
2019-06-03,0.01932193,79.7055,1,0.016137,141.633370,-0.02207545,67.2712,1,0.050505,240.721520
2019-06-04,0.00168063,79.8735,1,0.035967,203.654850,0.00929288,68.2005,1,0.050172,361.651560
2019-06-05,0.00842900,80.7164,1,0.024060,224.579290,0.00225931,68.4265,0,0.000000,0.000000
2019-06-06,-0.00225583,80.4908,1,0.039703,302.574480,-0.00091237,68.3352,0,0.000000,0.000000
2019-06-07,0.00209721,80.7006,1,0.031089,181.089020,-0.00417852,67.9174,1,0.050132,309.924106
2019-06-10,-0.00244999,80.4556,1,0.032359,221.834250,0.00770041,68.6874,1,0.049369,321.273880
2019-06-11,0.00803554,81.2591,1,0.023056,181.353300,0.00301234,68.9886,1,0.042606,281.605590
2019-06-12,0.00337321,81.5964,1,0.035329,239.858150,0.00171915,69.1606,1,0.037685,320.595820
2019-06-13,0.00514978,82.1114,1,0.045062,300.717270,-0.00661097,68.4995,1,0.048897,340.622380
2019-06-14,0.00640924,82.7523,1,0.034106,261.138920,-0.00657592,67.8419,1,0.049232,380.686320
2019-06-17,0.00500775,83.2531,1,0.041685,280.535890,-0.00357829,67.4840,1,0.053329,359.876480
2019-06-18,0.00754517,84.0076,1,0.034563,221.235900,-0.00560694,66.9233,1,0.052164,340.990240
2019-06-19,0.00036667,84.0443,1,0.048923,281.667780,-0.00006242,66.9171,1,0.052412,361.433790
2019-06-20,-0.00842951,83.2014,1,0.047091,301.585510,0.01283468,68.2006,1,0.058842,320.965290
2019-06-21,0.00500364,83.7017,1,0.032276,242.683660,0.00236838,68.4374,0,0.000000,0.000000
2019-06-24,0.00679894,84.3816,1,0.034766,261.422420,-0.00509806,67.9276,1,0.042466,282.486183
2019-06-25,0.00228008,84.6096,1,0.035262,280.398900,-0.00269334,67.6583,1,0.042224,319.794440
2019-06-26,0.00015753,84.6254,1,0.034327,260.849990,0.00562781,68.2210,1,0.040749,320.447930
2019-06-27,-0.00546965,84.0784,1,0.038215,240.990880,0.01103751,69.3248,1,0.046749,300.520850
2019-06-28,-0.00382778,83.6956,1,0.047178,241.961250,-0.00292597,69.0322,0,0.000000,0.000000
2019-07-01,-0.00436003,83.2596,1,0.042733,301.930740,0.00488117,69.5203,0,0.000000,0.000000
2019-07-02,0.01024090,84.2837,1,0.031580,221.449690,-0.01353288,68.1670,1,0.040278,304.503488
2019-07-03,0.00427340,84.7111,1,0.029410,260.215890,-0.00114391,68.0526,1,0.054801,400.425210
2019-07-05,0.00302120,85.0132,1,0.073250,301.640150,-0.00035779,68.0169,0,0.000000,0.000000
2019-07-08,0.00460585,85.4738,1,0.034405,300.409430,-0.00838626,67.1782,1,0.045496,342.315958
2019-07-09,0.00050372,85.5241,1,0.021838,220.127710,-0.00051257,67.1270,1,0.039047,339.603810
2019-07-10,-0.00894049,84.6301,1,0.036669,240.997330,0.00268172,67.3952,1,0.054888,340.643810
2019-07-11,-0.00124858,84.5052,1,0.032998,241.563300,0.00174032,67.5692,1,0.039628,261.296480
2019-07-12,0.00149668,84.6549,1,0.033192,240.892640,0.00792854,68.3620,1,0.046536,320.831080
2019-07-15,-0.00575193,84.0797,1,0.025113,201.260140,0.00026963,68.3890,1,0.034847,282.132410
2019-07-16,0.00440227,84.5199,1,0.025553,220.798860,-0.00760861,67.6281,1,0.043151,380.239850
2019-07-17,0.01403959,85.9239,1,0.034391,280.543720,-0.00725829,66.9023,1,0.042489,360.670830
2019-07-18,-0.00420605,85.5033,1,0.032145,241.131330,0.00902510,67.8048,1,0.036870,338.894380
2019-07-19,-0.00447700,85.0556,1,0.016070,141.136380,-0.00241942,67.5629,1,0.033642,261.708160
2019-07-22,-0.00298426,84.7572,1,0.036226,260.377450,0.00246270,67.8091,1,0.038940,299.986220
2019-07-23,0.01220849,85.9780,1,0.031091,220.562500,-0.01245950,66.5632,1,0.046200,320.003090
2019-07-24,0.00519081,86.4971,1,0.032739,323.489620,0.00268179,66.8314,1,0.041561,382.520350
2019-07-25,0.00506891,87.0040,1,0.032499,280.753500,-0.01127550,65.7038,1,0.032350,321.271400
2019-07-26,-0.00057720,86.9463,1,0.018220,220.677990,0.00231249,65.9351,1,0.040881,320.103800
2019-07-29,-0.00657365,86.2889,1,0.025365,201.193800,0.00112356,66.0474,1,0.035894,281.686670
2019-07-30,0.01889125,88.1780,1,0.025335,141.310860,-0.01677081,64.3703,1,0.057181,300.397810
2019-07-31,0.00415412,88.5934,1,0.027388,183.501440,-0.00979098,63.3913,1,0.045598,361.593180
2019-08-01,-0.00813285,87.7801,1,0.031175,239.960160,0.00339046,63.7303,1,0.058074,339.315420
2019-08-02,0.00154326,87.9345,1,0.024754,180.691570,0.00208201,63.9385,1,0.040059,299.215160
2019-08-05,0.00153352,88.0878,1,0.046248,200.557240,0.01065421,65.0039,1,0.057239,299.965000
2019-08-06,0.00084959,88.1728,1,0.031211,181.350320,0.00205388,65.2093,0,0.000000,0.000000
2019-08-07,-0.00001167,88.1716,1,0.033607,283.559990,0.00457295,65.6666,0,0.000000,0.000000
2019-08-08,0.00489642,88.6613,1,0.032208,241.146500,-0.00327353,65.3392,1,0.038703,259.775707
2019-08-09,0.00139643,88.8009,1,0.023387,203.970650,-0.00212445,65.1268,0,0.000000,0.000000
2019-08-12,-0.00870506,87.9304,1,0.030486,220.312550,0.01371733,66.4985,1,0.053487,361.677889
2019-08-13,0.01349846,89.2802,1,0.066684,239.701840,-0.00395679,66.1029,0,0.000000,0.000000
2019-08-14,0.01013417,90.2937,1,0.036563,301.897390,0.01571088,67.6739,0,0.000000,0.000000
2019-08-15,-0.00253476,90.0402,0,0.000000,0.000000,0.02241787,69.9157,0,0.000000,0.000000
2019-08-16,0.00654367,90.6946,1,0.043963,300.107561,-0.00914763,69.0010,1,0.037133,221.871082
2019-08-19,-0.02744817,87.9497,1,0.041347,283.148290,0.02415152,71.4161,0,0.000000,0.000000
2019-08-20,0.00730230,88.6800,1,0.037250,244.378210,-0.01144698,70.2714,0,0.000000,0.000000
2019-08-21,-0.00181033,88.4989,1,0.028943,200.870220,0.00588417,70.8598,1,0.063163,342.448827
2019-08-22,0.00531684,89.0306,1,0.019006,161.925250,-0.00467874,70.3920,0,0.000000,0.000000
2019-08-23,-0.00393591,88.6370,1,0.044021,259.507250,0.01064168,71.4561,1,0.065522,341.618304
2019-08-26,0.00051390,88.6884,1,0.027030,180.611750,-0.00052377,71.4038,0,0.000000,0.000000
2019-08-27,-0.00900961,87.7875,1,0.042021,241.950540,0.00221681,71.6254,0,0.000000,0.000000
2019-08-28,0.00126035,87.9135,1,0.035805,180.082220,-0.00029249,71.5962,1,0.059129,337.259290
2019-08-29,-0.00905297,87.0082,1,0.042947,241.469700,0.01733480,73.3297,1,0.051880,341.907280
2019-08-30,-0.00323468,86.6847,1,0.018258,142.743870,0.00104225,73.4339,0,0.000000,0.000000
2019-09-03,0.00665755,87.3505,1,0.031425,241.007090,-0.01463734,71.9702,1,0.044154,282.741686
2019-09-04,0.00184366,87.5348,1,0.026784,200.922340,-0.00029046,71.9411,1,0.053236,359.768560
2019-09-05,0.01133468,88.6683,1,0.024902,201.411230,-0.02609817,69.3313,0,0.000000,0.000000
2019-09-06,-0.00191461,88.4768,1,0.031191,202.219390,-0.00216145,69.1152,1,0.063445,384.828336
2019-09-09,0.01481113,89.9580,1,0.033877,220.789970,-0.00780765,68.3344,1,0.051945,321.199400
2019-09-10,-0.01853003,88.1050,1,0.032393,241.010110,0.02571326,70.9057,1,0.053204,323.284700
2019-09-11,-0.00588184,87.5168,1,0.022264,201.256250,0.01069448,71.9752,1,0.035452,241.592590
2019-09-12,0.00028782,87.5456,1,0.015478,122.288480,0.01410489,73.3857,1,0.024521,221.930220
2019-09-13,0.01453479,88.9990,1,0.029571,241.288420,-0.02022966,71.3627,1,0.034286,301.722730
2019-09-16,-0.00698850,88.3002,1,0.038200,260.710970,0.01288465,72.6511,1,0.062325,341.496740
2019-09-17,0.00120930,88.4211,1,0.030720,221.912450,-0.01714614,70.9365,1,0.050404,302.014890
2019-09-18,-0.00076802,88.3443,1,0.022032,181.461230,0.00480813,71.4173,1,0.048897,380.817870
2019-09-19,0.00400310,88.7446,1,0.026690,181.475150,0.00546545,71.9639,1,0.042535,281.109090
2019-09-20,0.00253881,88.9985,1,0.029199,200.926880,-0.00274858,71.6890,1,0.029898,240.862140
2019-09-23,0.00415208,89.4137,1,0.020112,181.468940,-0.00239723,71.4493,1,0.037253,280.352100
2019-09-24,0.00045934,89.4596,1,0.027676,240.723600,-0.00143903,71.3054,1,0.044303,320.458050
2019-09-25,0.00928007,90.3877,1,0.039003,319.716250,-0.00624543,70.6809,1,0.045143,340.227860
2019-09-26,-0.01019159,89.3685,1,0.053969,300.866670,0.00454785,71.1357,1,0.047805,341.191180
2019-09-27,-0.00669922,88.6986,1,0.046552,240.629830,-0.00102325,71.0333,1,0.061135,321.070330
2019-09-30,0.00352035,89.0506,1,0.034085,201.554850,-0.00929716,70.1036,1,0.058386,340.667890
2019-10-01,-0.00063760,88.9868,1,0.035210,221.543940,0.01161915,71.2655,1,0.052295,361.518330
2019-10-02,-0.01498917,87.4879,1,0.029077,220.454510,0.01609496,72.8750,0,0.000000,0.000000
2019-10-03,0.00578916,88.0668,1,0.026104,161.908860,-0.00511730,72.3633,0,0.000000,0.000000
2019-10-04,0.01461984,89.5288,1,0.028006,242.410180,0.00721360,73.0847,1,0.050070,335.073524
2019-10-07,0.00510305,90.0391,1,0.035805,223.974970,0.00357063,73.4417,0,0.000000,0.000000
2019-10-08,-0.00088270,89.9509,1,0.033050,201.044710,-0.00870894,72.5708,0,0.000000,0.000000
2019-10-09,0.00428808,90.3797,0,0.000000,0.000000,0.00746057,73.3169,0,0.000000,0.000000
2019-10-10,0.00084978,90.4646,0,0.000000,0.000000,-0.03416458,69.9004,0,0.000000,0.000000
2019-10-11,0.00980721,91.4454,0,0.000000,0.000000,0.01393092,71.2935,1,0.055368,339.558782
2019-10-14,0.00009385,91.4548,0,0.000000,0.000000,-0.00441924,70.8516,1,0.038834,223.422760
2019-10-15,0.00485242,91.9400,0,0.000000,0.000000,0.00822500,71.6741,1,0.048220,300.089270
2019-10-16,-0.00436733,91.5033,0,0.000000,0.000000,-0.00296516,71.3776,1,0.044986,301.282880
2019-10-17,0.00111083,91.6143,0,0.000000,0.000000,0.00486941,71.8645,1,0.054749,320.581090
2019-10-18,0.00123254,91.7376,0,0.000000,0.000000,0.01298085,73.1626,1,0.053705,301.593710
2019-10-21,-0.00272954,91.4646,0,0.000000,0.000000,-0.00967374,72.1952,1,0.020604,222.084410
2019-10-22,-0.02889026,88.5756,0,0.000000,0.000000,-0.03266667,68.9286,0,0.000000,0.000000
2019-10-23,-0.00023379,88.5522,0,0.000000,0.000000,-0.01628204,67.3004,1,0.048654,343.628934
2019-10-24,-0.01353052,87.1992,0,0.000000,0.000000,-0.01854785,65.4456,1,0.051895,362.309250
2019-10-25,-0.03705414,83.4938,1,0.047204,284.691090,0.01628119,67.0737,1,0.053861,339.049150
2019-10-28,-0.03653500,79.8403,1,0.027410,185.344770,0.03125622,70.1993,1,0.044998,343.762780
2019-10-29,0.02446515,82.2868,1,0.035615,164.417310,-0.03295209,66.9041,1,0.038099,283.102380
2019-10-30,0.02998815,85.2856,1,0.028255,204.581290,0.01850663,68.7548,1,0.059647,303.933790
2019-10-31,0.01308655,86.5943,1,0.033285,224.126370,-0.01743123,67.0116,1,0.050953,303.219390
2019-11-01,-0.00008676,86.5856,1,0.042716,280.114440,0.00952895,67.9645,1,0.043645,358.071510
2019-11-04,-0.03689693,82.8959,1,0.047463,302.716340,0.04612909,72.5774,1,0.045791,322.552980
2019-11-05,-0.02402651,80.4932,1,0.023361,183.497030,0.02367796,74.9452,1,0.024024,184.040200
2019-11-06,0.02164525,82.6578,1,0.015395,142.916290,-0.02237186,72.7081,1,0.019226,202.304260
2019-11-07,0.00281131,82.9389,1,0.044929,320.116780,-0.00084877,72.6232,1,0.059547,358.734960
2019-11-08,-0.00484156,82.4547,1,0.056436,279.985240,-0.00188994,72.4342,1,0.065024,361.058970
2019-11-11,0.01163969,83.6187,1,0.027161,182.483240,-0.00813376,71.6208,1,0.054996,321.793450
2019-11-12,0.00505757,84.1245,1,0.033193,280.809050,-0.01931039,69.6898,1,0.047869,319.572520
2019-11-13,-0.00159629,83.9648,1,0.043259,340.578150,-0.00281651,69.4081,1,0.049981,381.627670
2019-11-14,-0.00209321,83.7555,1,0.041651,280.854950,0.00737746,70.1459,1,0.052324,340.791750
2019-11-15,-0.01314010,82.4415,1,0.037590,261.240590,-0.02201808,67.9441,1,0.037098,301.729350
2019-11-18,0.00216882,82.6584,1,0.039848,283.204180,-0.00991824,66.9522,1,0.050184,362.518030
2019-11-19,0.00469491,83.1279,1,0.032209,300.966130,0.00821155,67.7734,1,0.046705,339.788140
2019-11-20,-0.00352210,82.7757,1,0.032480,260.360260,-0.00739463,67.0339,1,0.028353,261.951900
2019-11-21,-0.00261947,82.5137,1,0.047787,299.655670,-0.00894717,66.1392,1,0.062127,360.719290
2019-11-22,-0.00819255,81.6945,1,0.022525,200.903460,-0.00144121,65.9951,1,0.062031,360.053430
2019-11-25,-0.00690280,81.0042,1,0.034480,201.399530,-0.00136944,65.8581,1,0.053384,321.625330
2019-11-26,0.00228860,81.2331,1,0.025270,181.852300,-0.00097669,65.7605,1,0.048049,321.260000
2019-11-27,-0.00240909,80.9921,0,0.000000,0.000000,-0.00231727,65.5287,1,0.038957,301.140840
2019-11-29,0.00262487,81.2546,1,0.027043,262.384050,-0.00412211,65.1165,1,0.045221,340.857130
2019-12-02,-0.00300959,80.9537,1,0.044929,219.740950,0.00915558,66.0321,0,0.000000,0.000000
2019-12-03,-0.00081210,80.8725,1,0.037580,279.523890,0.00920556,66.9526,0,0.000000,0.000000
2019-12-04,-0.01150393,79.7221,1,0.040913,320.187770,0.00739012,67.6917,1,0.048778,319.413820
2019-12-05,0.00769931,80.4920,1,0.030219,242.189060,-0.00240086,67.4516,1,0.039576,322.934630
2019-12-06,-0.00041151,80.4508,1,0.035871,261.127170,-0.00774743,66.6768,1,0.048153,301.289430
2019-12-09,-0.01923943,78.5269,1,0.024553,201.334420,-0.01609381,65.0674,1,0.064171,341.106030
2019-12-10,-0.01206702,77.3202,1,0.023512,201.757370,0.01261331,66.3288,1,0.045729,302.035010
2019-12-11,0.00987246,78.3074,1,0.030494,261.217770,-0.00663811,65.6650,1,0.038681,281.484460
2019-12-12,0.00428680,78.7361,1,0.031330,280.442540,0.01910407,67.5754,1,0.046753,320.302670
2019-12-13,0.01014728,79.7509,1,0.024372,261.806710,-0.00955581,66.6198,1,0.034881,242.496940
2019-12-16,0.00260090,80.0109,1,0.039530,280.463140,0.01986227,68.6060,1,0.051993,380.011100
2019-12-17,-0.00295842,79.7151,1,0.023972,200.081320,-0.01597392,67.0086,1,0.033902,263.588420
2019-12-18,-0.00129864,79.5852,1,0.029104,200.768450,0.00457171,67.4658,1,0.050029,341.643210
2019-12-19,-0.00528442,79.0568,1,0.043422,260.751780,-0.00281522,67.1843,1,0.042102,280.936180
2019-12-20,0.00392584,79.4494,1,0.023386,181.566860,-0.00004062,67.1802,1,0.051492,340.650880
2019-12-23,0.00233744,79.6831,1,0.022556,222.028230,0.00559402,67.7396,0,0.000000,0.000000
2019-12-24,0.00173986,79.8571,1,0.022044,241.124820,-0.00460167,67.2795,1,0.036507,301.601821
2019-12-26,0.00467443,80.3246,1,0.051207,260.501010,-0.00428001,66.8515,1,0.078291,360.013460
2019-12-27,-0.00015881,80.3087,1,0.044621,280.404910,0.00461967,67.3134,1,0.053733,340.316750
2019-12-30,0.00021756,80.3304,1,0.029444,220.765540,-0.00032294,67.2811,1,0.033934,301.057340
2019-12-31,0.00056130,80.3866,1,0.042920,180.639080,-0.00122470,67.1587,1,0.046390,240.449780
