date,model_ret,model_equity,model_rebalanced,model_cost,model_traded,naive_ret,naive_equity,naive_rebalanced,naive_cost,naive_traded
2015-01-02,0.01105305,101.1053,1,0.028115,200.000000,0.00000000,100.0000,0,0.000000,0.000000
2015-01-05,-0.00641199,100.4641,1,0.034759,161.417700,0.00100563,100.1006,1,0.047157,200.000000
2015-01-06,-0.00454421,100.0097,1,0.031351,199.920360,0.01223753,101.3243,0,0.000000,0.000000
2015-01-07,-0.00378318,99.6314,1,0.033458,200.824130,0.00307885,101.6322,1,0.038215,219.104328
2015-01-08,0.00230068,99.8614,1,0.051212,162.902080,-0.00658411,100.9738,0,0.000000,0.000000
2015-01-09,-0.00506344,99.3551,1,0.053704,183.704680,0.01268128,102.2419,0,0.000000,0.000000
2015-01-12,-0.00295972,99.0591,1,0.069152,279.203180,0.01078937,103.3209,0,0.000000,0.000000
2015-01-13,0.00871559,99.9307,1,0.035831,160.806800,0.00165810,103.4867,1,0.051390,203.420600
2015-01-14,-0.01429103,98.5016,1,0.042363,220.487030,0.01037373,104.5240,1,0.054617,320.940180
2015-01-15,-0.01121262,97.3803,1,0.011082,81.688340,0.00932284,105.4563,1,0.038256,239.960730
2015-01-16,-0.00288493,97.0918,1,0.012503,82.277520,0.00620425,106.0767,1,0.043315,259.027520
2015-01-20,-0.00001466,97.0904,1,0.035616,203.351290,-0.00095178,105.9816,0,0.000000,0.000000
2015-01-21,-0.00481872,96.6085,1,0.029302,180.230550,0.00063573,106.0451,1,0.057917,322.054929
2015-01-22,0.00711717,97.3202,1,0.032913,142.037570,-0.00219282,105.8259,1,0.048462,301.528770
2015-01-23,-0.00426230,96.8940,1,0.059230,283.957690,0.00001002,105.8269,0,0.000000,0.000000
2015-01-26,-0.00005046,96.8889,1,0.045656,200.118400,-0.00484784,105.3421,1,0.037464,282.316221
2015-01-27,0.00082833,96.9718,1,0.036897,201.532150,-0.00281445,105.0606,1,0.053575,361.373840
2015-01-28,0.00402295,97.3741,1,0.047455,220.051430,-0.00184216,104.8764,0,0.000000,0.000000
2015-01-29,0.01543531,98.9176,1,0.024679,101.493250,-0.00377087,104.4993,0,0.000000,0.000000
2015-01-30,0.01222907,100.1405,1,0.065913,302.319450,-0.01415338,103.0840,1,0.052268,279.910846
2015-02-02,-0.00692498,99.4480,1,0.075028,316.282340,0.00381765,103.4658,0,0.000000,0.000000
2015-02-03,-0.00129776,99.3182,1,0.034956,242.623630,0.00425315,103.8911,1,0.067115,299.538821
2015-02-04,0.00393860,99.7121,1,0.039450,183.870780,-0.01880632,102.0104,0,0.000000,0.000000
2015-02-05,0.01419710,101.1318,1,0.036770,220.125830,-0.00830371,101.1801,1,0.065881,382.864719
2015-02-06,-0.00785181,100.3466,1,0.047641,242.740180,-0.01258898,99.9212,1,0.047508,321.833850
2015-02-09,0.00019247,100.3659,1,0.031413,239.705820,0.00627358,100.5485,1,0.051272,341.563590
2015-02-10,-0.03057449,97.3084,1,0.037769,239.548000,0.00933088,101.4816,1,0.063642,299.843650
2015-02-11,-0.00040833,97.2676,1,0.029733,225.287960,-0.00452950,101.0287,0,0.000000,0.000000
2015-02-12,-0.00296467,96.9711,1,0.030087,160.941780,-0.00880357,100.1483,1,0.059317,325.019739
2015-02-13,-0.01608428,95.3627,1,0.042098,221.128760,0.00752005,100.9003,0,0.000000,0.000000
2015-02-17,0.00232648,95.5953,1,0.049352,260.458210,-0.00435214,100.4651,1,0.052584,283.535052
2015-02-18,0.00618626,96.2139,1,0.034964,240.490360,0.00726696,101.1918,1,0.065104,379.936510
2015-02-19,-0.00421023,95.7929,1,0.029143,161.770670,-0.00874369,100.3174,1,0.061229,281.599260
2015-02-20,-0.00746734,95.0462,1,0.037194,219.597900,-0.00789608,99.5278,1,0.050238,339.735420
2015-02-23,0.00683191,95.7294,1,0.028249,162.197480,-0.01767567,97.7602,0,0.000000,0.000000
2015-02-24,-0.01782578,93.9468,1,0.020028,160.694760,-0.01017079,96.7432,1,0.049309,403.059735
2015-02-25,-0.00078678,93.8681,1,0.035578,141.176430,-0.00126614,96.6166,1,0.055814,341.183730
2015-02-26,0.01592179,95.4603,1,0.029251,140.877180,-0.01104401,95.5122,1,0.057301,280.383860
2015-02-27,0.00513057,95.9734,1,0.032313,201.518030,-0.00884122,94.6280,1,0.056542,280.299380
2015-03-02,0.00541174,96.5145,1,0.045946,320.147850,-0.01022690,93.6053,1,0.073640,339.823680
2015-03-03,-0.00056280,96.4583,1,0.071710,141.879820,-0.00636063,92.9693,1,0.072143,341.706430
2015-03-04,0.00984796,97.4431,1,0.040614,160.761170,-0.00591761,92.3775,1,0.049091,320.180880
2015-03-05,0.00458255,97.9013,1,0.028455,180.772990,0.00042530,92.4200,1,0.049250,319.900730
2015-03-06,-0.00096353,97.8050,1,0.031633,141.208690,-0.00047867,92.3722,1,0.070707,301.078560
2015-03-09,-0.00068423,97.7365,1,0.043903,199.591580,0.00881712,93.2539,0,0.000000,0.000000
2015-03-10,-0.00594646,97.1419,1,0.022966,121.486720,0.00723512,93.9774,1,0.042918,240.440077
2015-03-11,0.01065951,98.2078,1,0.022719,141.426380,-0.01258130,92.7193,0,0.000000,0.000000
2015-03-12,0.00399673,98.6075,1,0.039497,221.812890,-0.00197603,92.5217,1,0.050943,320.001507
2015-03-13,-0.00643879,97.9636,1,0.036059,162.867910,0.00153663,92.6753,0,0.000000,0.000000
2015-03-16,-0.00303766,97.6599,1,0.026646,180.692460,0.00801719,93.4771,1,0.041171,302.002112
2015-03-17,-0.00103689,97.5562,1,0.029969,142.801720,0.00505351,93.9824,0,0.000000,0.000000
2015-03-18,-0.00313446,97.2427,1,0.028116,100.321920,0.01172137,95.1545,1,0.038893,262.221221
2015-03-19,0.00604152,97.8469,1,0.035438,142.786490,0.01020093,96.1746,0,0.000000,0.000000
2015-03-20,-0.00177121,97.6698,1,0.023981,160.995170,-0.00882734,95.2919,1,0.034084,243.545919
2015-03-23,0.00322433,97.9922,1,0.041127,202.454420,-0.00103195,95.1887,0,0.000000,0.000000
2015-03-24,0.00432410,98.4246,1,0.027980,179.615040,-0.00186225,95.0025,1,0.046455,321.625824
2015-03-25,-0.00054096,98.3705,1,0.024166,140.185590,0.00862790,95.8653,1,0.049720,299.737930
2015-03-26,0.00305447,98.6760,1,0.015823,101.936970,0.00033408,95.8987,0,0.000000,0.000000
2015-03-27,0.00617896,99.2939,1,0.026274,161.053030,-0.00305073,95.5936,1,0.045133,299.206323
2015-03-30,0.00601195,99.8950,1,0.034755,161.516410,-0.00016685,95.5769,1,0.056895,341.530340
2015-03-31,0.00542576,100.4376,1,0.039524,203.118190,0.00005834,95.5828,0,0.000000,0.000000
2015-04-01,-0.01676416,98.7612,1,0.041126,279.938880,-0.00296550,95.2862,1,0.048450,303.025020
2015-04-02,-0.00032845,98.7284,1,0.026135,140.429210,-0.00189353,95.0969,1,0.055533,319.050500
2015-04-06,-0.00275967,98.4524,1,0.028027,161.746070,-0.00210915,94.8859,1,0.042045,262.212340
2015-04-07,-0.00991802,97.4606,1,0.016612,81.525480,-0.00932669,93.9533,1,0.049369,301.393430
2015-04-08,-0.00061147,97.3994,1,0.027027,160.920850,-0.00028637,93.9246,1,0.054377,339.899540
2015-04-09,-0.00043262,97.3562,1,0.023332,141.364100,-0.00415700,93.5089,1,0.053870,340.955860
2015-04-10,0.00646861,98.0030,1,0.025749,140.859370,0.00140616,93.6495,1,0.049304,301.611190
2015-04-13,0.00593087,98.5961,1,0.016243,100.390110,-0.01106770,92.5428,1,0.048490,360.583700
2015-04-14,0.00702784,99.2989,1,0.017836,119.974410,0.00419393,92.9622,1,0.057687,319.383380
2015-04-15,-0.00550732,98.7482,1,0.017762,121.422680,0.00363374,93.3255,1,0.056676,301.367080
2015-04-16,-0.00420590,98.3276,1,0.039750,240.621010,-0.00786696,92.5389,1,0.047276,282.788590
2015-04-17,-0.00425059,97.9025,1,0.020199,180.708240,-0.00060460,92.4784,1,0.046690,340.708240
2015-04-20,-0.00220873,97.6817,1,0.037893,180.132100,-0.00082655,92.3957,0,0.000000,0.000000
2015-04-21,-0.01314848,96.3668,1,0.037948,202.203460,-0.00309545,92.0862,1,0.060805,339.276184
2015-04-22,-0.00025907,96.3409,1,0.015997,120.080900,-0.00586492,91.4997,1,0.057282,301.176040
2015-04-23,-0.00891510,95.4494,1,0.014110,101.230430,-0.00467201,91.0325,1,0.048721,301.198670
2015-04-24,0.00096367,95.5458,1,0.021933,121.488380,0.00292402,91.3249,1,0.065968,380.601740
2015-04-27,0.00467787,96.0136,1,0.014813,100.810560,-0.01010824,90.3141,1,0.047594,341.234130
2015-04-28,-0.01500279,94.5133,1,0.033859,140.201600,0.01445994,91.7601,1,0.063266,358.913390
2015-04-29,0.00055945,94.5692,1,0.047175,182.781760,-0.00084450,91.6756,1,0.048370,322.374540
2015-04-30,0.00124621,94.6938,1,0.032419,140.592680,0.01973046,93.6487,1,0.045744,240.318620
2015-05-01,-0.00669288,94.0245,1,0.052348,240.902000,0.00124806,93.7735,0,0.000000,0.000000
2015-05-04,0.00357070,94.3816,1,0.038960,202.098280,0.00595006,94.3685,0,0.000000,0.000000
2015-05-05,-0.00042999,94.3386,1,0.020689,121.021270,-0.00453456,93.9150,1,0.037336,302.680244
2015-05-06,0.00716246,95.0549,1,0.028084,178.968050,0.00288352,94.2034,0,0.000000,0.000000
2015-05-07,0.00356447,95.4113,1,0.030153,180.814630,0.00365455,94.5688,1,0.056715,337.401087
2015-05-08,0.00634554,96.0459,1,0.027556,161.466140,-0.01431154,93.1377,1,0.054834,321.098170
2015-05-11,0.00090156,96.1360,1,0.028454,183.049330,-0.00903241,92.2344,0,0.000000,0.000000
2015-05-12,-0.00154251,95.9818,1,0.017871,140.919930,-0.00780594,91.4538,1,0.065774,342.954081
2015-05-13,0.01700181,97.6820,1,0.019039,140.230960,0.01233640,92.6875,1,0.043120,320.726520
2015-05-14,0.00886072,98.5680,1,0.037948,162.106680,-0.00442909,92.2446,1,0.043389,301.714160
2015-05-15,0.00736033,99.3041,1,0.022597,142.720000,-0.00780841,91.4637,0,0.000000,0.000000
2015-05-18,0.00267862,99.5719,1,0.012008,100.507050,-0.00319992,91.1437,1,0.063742,363.197096
2015-05-19,-0.00279401,99.2925,1,0.016991,141.910710,0.00458348,91.6021,1,0.064462,321.577470
2015-05-20,0.00236187,99.5287,1,0.017743,140.834950,0.00466034,92.0681,1,0.043486,300.915550
2015-05-21,-0.00575926,98.9528,1,0.017016,120.149010,-0.00035301,92.0328,1,0.047191,320.687460
2015-05-22,0.00211138,99.1639,1,0.020592,140.880190,-0.02182796,89.8500,1,0.058946,320.113890
2015-05-26,0.00503593,99.6675,1,0.022347,161.443070,-0.00130145,89.7199,1,0.059335,361.188830
2015-05-27,-0.00472909,99.1946,1,0.021399,179.574520,0.00540104,90.2600,0,0.000000,0.000000
2015-05-28,-0.00010718,99.1839,1,0.023538,182.540210,0.00178749,90.4387,0,0.000000,0.000000
2015-05-29,-0.02545973,96.6379,1,0.017843,140.170240,0.00215562,90.6543,1,0.056778,318.633928
2015-06-01,0.00050378,96.6883,1,0.028522,201.859730,0.00316749,90.9710,1,0.051851,279.576960
2015-06-02,-0.00333849,96.3544,1,0.040889,180.513680,-0.00424577,90.5465,1,0.038267,261.166880
2015-06-03,0.01567347,97.9218,1,0.036983,180.485440,0.02321772,92.8682,1,0.060148,360.620290
2015-06-04,-0.01023382,96.8984,1,0.047062,200.809790,-0.00281519,92.5867,1,0.021309,142.436840
2015-06-05,-0.00317435,96.5810,1,0.033585,200.254440,0.01392333,93.9791,0,0.000000,0.000000
2015-06-08,0.00476192,97.0572,1,0.031758,239.792110,-0.00588511,93.3905,1,0.029101,201.000552
2015-06-09,0.00131309,97.1885,1,0.022831,160.959810,0.00679147,94.0697,0,0.000000,0.000000
2015-06-10,0.00090436,97.2789,1,0.033084,160.709980,0.00214156,94.2838,1,0.036784,259.889190
2015-06-11,0.00585724,97.8646,1,0.031396,201.984720,-0.00835818,93.4480,0,0.000000,0.000000
2015-06-12,0.00163146,98.0278,1,0.014704,121.332160,-0.00626940,92.8211,1,0.058620,383.128947
2015-06-15,0.00076218,98.1040,1,0.035972,120.535930,0.00375843,93.1969,0,0.000000,0.000000
2015-06-16,0.00731309,98.8353,1,0.023401,140.108970,0.00404769,93.6017,0,0.000000,0.000000
2015-06-17,0.00287650,99.1230,1,0.031550,161.070550,0.00206191,93.8079,1,0.045429,319.942421
2015-06-18,-0.00564020,98.5589,1,0.053100,161.169000,0.00893872,94.7018,1,0.061138,280.667680
2015-06-19,-0.00194470,98.3645,1,0.054880,181.166940,-0.00504654,94.1971,0,0.000000,0.000000
2015-06-22,-0.00108709,98.2558,1,0.022449,161.016170,-0.00265219,93.9319,1,0.043809,321.212968
2015-06-23,-0.00562381,97.6934,1,0.031411,180.061840,0.00806646,94.7385,1,0.032594,240.487850
2015-06-24,0.00444279,98.1377,1,0.014531,121.021730,0.00485854,95.2244,1,0.024556,221.144460
2015-06-25,-0.00335240,97.8024,1,0.039910,199.748890,0.00168224,95.3926,0,0.000000,0.000000
2015-06-26,0.00212294,98.0147,1,0.029126,180.472690,-0.00359835,95.0328,1,0.045695,298.982350
2015-06-29,0.00116263,98.1310,1,0.018057,140.731380,-0.00191054,94.8417,1,0.050374,340.455840
2015-06-30,0.00304953,98.4359,1,0.027207,219.390200,-0.00506373,94.3353,0,0.000000,0.000000
2015-07-01,-0.01125752,97.3102,1,0.033302,220.514540,-0.00258157,94.0772,1,0.060847,357.898613
2015-07-02,-0.00171209,97.1390,1,0.021989,142.028630,0.00351155,94.4283,1,0.055105,342.146410
2015-07-06,-0.00738937,96.4000,1,0.021237,121.371220,0.00297940,94.7263,1,0.052900,299.941700
2015-07-07,-0.00635170,95.7649,1,0.018760,141.356260,0.00339460,95.0657,1,0.042290,300.766280
2015-07-08,-0.00099890,95.6650,1,0.021970,160.987370,0.00183639,95.2494,1,0.052921,321.175850
2015-07-09,0.00079685,95.7446,1,0.039845,200.042980,-0.00814011,94.4354,0,0.000000,0.000000
2015-07-10,-0.00017051,95.7276,1,0.018681,161.333650,0.00286951,94.7223,1,0.056509,338.600517
2015-07-13,0.00194862,95.9225,1,0.021768,123.295970,0.00654723,95.3770,0,0.000000,0.000000
2015-07-14,0.00854026,96.7765,1,0.014524,102.072090,-0.00485037,94.8920,0,0.000000,0.000000
2015-07-15,-0.00825910,95.9506,1,0.018270,160.828150,-0.00233263,94.6587,1,0.050323,344.776306
2015-07-16,-0.00339335,95.6112,1,0.027055,160.717160,-0.00062464,94.5963,1,0.058654,319.120660
2015-07-17,-0.00321728,95.2895,1,0.022408,161.044960,0.00278292,94.8746,1,0.054928,341.049490
2015-07-20,0.00673480,95.9630,1,0.022280,160.152020,0.01112232,95.9868,1,0.046838,280.195900
2015-07-21,0.00413996,96.3770,1,0.016294,141.651200,-0.00972034,95.0148,1,0.044244,261.868130
2015-07-22,-0.00002094,96.3749,1,0.028584,160.909830,-0.00253153,94.7616,1,0.071973,360.394930
2015-07-23,0.00527702,96.9026,1,0.025028,162.624510,-0.00326136,94.4355,1,0.057716,300.991320
2015-07-24,-0.00129560,96.7730,1,0.038480,199.917450,-0.01425324,93.0102,1,0.050634,300.936060
2015-07-27,-0.00343864,96.4292,1,0.034774,198.869360,-0.00764674,92.2455,0,0.000000,0.000000
2015-07-28,0.00741979,97.1712,1,0.014661,121.218470,-0.00005625,92.2399,1,0.059985,377.020130
2015-07-29,0.00322634,97.4938,1,0.021716,142.412480,0.00017562,92.2574,0,0.000000,0.000000
2015-07-30,0.00561348,98.0551,1,0.016492,101.649350,-0.00436592,91.8208,0,0.000000,0.000000
2015-07-31,0.00499631,98.5548,1,0.019529,141.847980,-0.00786665,91.0342,1,0.063975,364.377877
2015-08-03,-0.00918339,97.6364,1,0.044139,182.199600,0.00842629,91.8768,1,0.073171,322.109750
2015-08-04,-0.00713409,96.9230,1,0.050969,200.248840,-0.00270539,91.6063,1,0.050009,280.765060
2015-08-05,-0.02066642,94.8564,1,0.032032,181.142300,0.00674558,92.2808,1,0.043182,320.431510
2015-08-06,-0.00274454,94.5819,1,0.042564,220.726110,-0.00571143,91.7097,1,0.047273,262.810280
2015-08-07,-0.00332943,94.2490,1,0.028073,180.583510,0.00115197,91.8249,1,0.057243,359.407590
2015-08-10,0.00132633,94.3816,1,0.029667,161.418770,-0.00975421,90.8494,1,0.044801,281.033800
2015-08-11,-0.00414095,93.9675,1,0.049265,222.501000,-0.02388376,88.4611,0,0.000000,0.000000
2015-08-12,-0.00545240,93.4223,1,0.046190,179.121450,0.01446114,89.9072,1,0.051476,278.178915
2015-08-13,-0.00032758,93.3895,1,0.044128,161.667670,-0.00712230,89.1950,1,0.035120,203.028150
2015-08-14,-0.00424250,92.9653,1,0.055300,260.375230,0.00012200,89.2072,1,0.066750,340.785650
2015-08-17,0.00076927,93.0422,1,0.036833,181.592770,0.00362967,89.5701,0,0.000000,0.000000
2015-08-18,-0.00151618,92.8906,1,0.033168,141.712900,-0.00588270,88.9819,1,0.061400,303.468761
2015-08-19,-0.00350217,92.5404,1,0.032067,140.382050,-0.00017257,88.9646,1,0.066897,358.907710
2015-08-20,0.00080994,92.6214,1,0.025356,160.858770,0.00071522,89.0361,1,0.048798,299.886360
2015-08-21,-0.00151660,92.4697,1,0.038790,219.856890,-0.00278422,88.7577,0,0.000000,0.000000
2015-08-24,-0.00863158,91.6065,1,0.044538,181.662450,0.01112191,89.8699,0,0.000000,0.000000
2015-08-25,-0.01172441,90.4341,1,0.024451,143.962720,0.00206809,90.0767,0,0.000000,0.000000
2015-08-26,0.00629753,91.0638,0,0.000000,0.000000,-0.00724185,89.3525,0,0.000000,0.000000
2015-08-27,-0.00167520,90.8963,1,0.056370,323.167467,-0.01879141,87.4734,0,0.000000,0.000000
2015-08-28,-0.00311901,90.5844,1,0.030301,145.320150,-0.00703434,86.7699,0,0.000000,0.000000
2015-08-31,-0.00648609,89.9358,1,0.032949,180.978260,0.00488758,87.2587,1,0.069572,392.287253
2015-09-01,-0.00549639,89.3862,1,0.027509,160.428740,-0.00580339,86.6784,0,0.000000,0.000000
2015-09-02,-0.00380868,89.0053,1,0.055758,237.783770,-0.00496763,86.1816,0,0.000000,0.000000
2015-09-03,0.00365336,89.3706,1,0.049884,264.040610,0.00989577,87.1712,0,0.000000,0.000000
2015-09-04,-0.00366228,89.0044,1,0.045898,201.030920,-0.00213806,86.9574,1,0.055236,297.613705
2015-09-08,0.01027705,90.0321,1,0.059625,238.900650,0.00540984,87.4983,0,0.000000,0.000000
2015-09-09,0.00115335,90.1475,1,0.068155,325.865090,-0.00389480,87.1089,0,0.000000,0.000000
2015-09-10,-0.00281895,89.8656,1,0.073275,298.116050,0.00098502,87.2074,0,0.000000,0.000000
2015-09-11,-0.00297009,89.5686,1,0.043759,220.724920,0.00103125,87.3105,1,0.055125,280.568861
2015-09-14,-0.00188973,89.3796,1,0.044293,201.582570,0.00306453,87.6169,1,0.055257,301.987510
2015-09-15,-0.00340307,89.0393,1,0.043007,200.232420,-0.00979349,86.6376,1,0.049189,300.275570
2015-09-16,0.00201264,89.2405,1,0.033926,181.538820,-0.01193042,85.4446,0,0.000000,0.000000
2015-09-17,0.00536402,89.7769,1,0.027328,141.980390,-0.00304967,85.1396,0,0.000000,0.000000
2015-09-18,-0.00042876,89.7341,1,0.041876,240.507990,0.00821157,85.9607,1,0.054883,324.805566
2015-09-21,-0.00084686,89.6494,1,0.027256,199.180200,-0.00091148,85.8696,0,0.000000,0.000000
2015-09-22,-0.00678590,88.9708,1,0.036690,221.664570,0.00784846,86.6544,1,0.061834,318.653712
2015-09-23,-0.01043802,87.9270,1,0.043762,199.762800,0.00568704,87.2231,0,0.000000,0.000000
2015-09-24,0.00409308,88.3363,1,0.057432,259.846740,-0.00828440,86.3947,1,0.054490,337.685636
2015-09-25,-0.00700529,87.6358,1,0.044199,260.281320,0.01697995,88.0927,1,0.054055,340.298990
2015-09-28,0.00072257,87.7080,1,0.034183,182.126690,0.02294274,90.3870,1,0.049336,281.791590
2015-09-29,-0.01140538,86.5675,1,0.056808,259.379160,0.00915762,91.3027,0,0.000000,0.000000
2015-09-30,-0.00150383,86.4171,1,0.030043,161.063090,-0.00491531,90.8112,1,0.067101,318.735549
2015-10-01,0.00345177,86.7623,1,0.034623,203.915620,-0.00377808,90.4334,0,0.000000,0.000000
2015-10-02,-0.01097203,85.6651,1,0.029683,240.294600,-0.01988487,88.4449,1,0.047377,323.550118
2015-10-05,0.00029088,85.6942,1,0.023952,183.867660,-0.00705325,87.7396,0,0.000000,0.000000
2015-10-06,-0.01515400,84.1788,1,0.027620,143.579040,-0.01230437,86.5092,0,0.000000,0.000000
2015-10-07,0.00437882,84.6166,1,0.017998,140.234780,-0.00592405,85.9167,1,0.052355,388.121880
2015-10-08,-0.00159566,84.4571,1,0.038636,222.324920,0.01517369,87.4341,0,0.000000,0.000000
2015-10-09,0.00092974,84.5501,1,0.044576,202.061350,-0.01288420,86.1457,0,0.000000,0.000000
2015-10-12,0.00274165,84.8242,1,0.033355,160.806390,0.00487630,86.6333,1,0.060600,364.250253
2015-10-13,-0.00450753,84.3735,1,0.023383,141.530000,0.00497431,87.1308,1,0.048869,281.385390
2015-10-14,0.00129323,84.5028,1,0.024527,121.338690,-0.01927488,85.2033,0,0.000000,0.000000
2015-10-15,-0.00313129,84.1897,0,0.000000,0.000000,-0.00609222,84.5940,1,0.067212,360.398166
2015-10-16,0.00312223,84.5019,1,0.036657,241.389334,-0.01238921,83.3551,0,0.000000,0.000000
2015-10-19,0.01223907,85.7258,1,0.022703,120.238660,0.00549251,83.9044,1,0.069079,382.911361
2015-10-20,0.00194425,85.9202,1,0.021185,161.016910,-0.00624119,83.2803,1,0.035819,281.342450
2015-10-21,-0.00440457,85.4798,1,0.024357,140.649710,0.00263638,83.5439,1,0.065512,340.493320
2015-10-22,-0.00474259,85.0055,1,0.026599,140.110040,0.01601527,85.1454,1,0.064313,259.743310
2015-10-23,0.00372780,85.3783,1,0.031700,203.423840,-0.00312754,84.8327,1,0.057044,283.972660
2015-10-26,0.00983835,86.3621,1,0.019495,142.939660,-0.00433236,84.3994,1,0.049446,343.499090
2015-10-27,0.00701469,87.0636,1,0.024181,119.905850,0.00660438,85.0599,1,0.049162,280.735350
2015-10-28,-0.00900410,86.1632,1,0.033230,220.940410,-0.00766098,84.2938,1,0.040818,281.057160
2015-10-29,0.00125644,86.2888,1,0.018596,123.534840,0.00143287,84.4371,0,0.000000,0.000000
2015-10-30,0.02888044,89.1769,1,0.021566,141.399100,-0.00829803,83.6073,1,0.049863,304.659967
2015-11-02,-0.00067523,89.1093,1,0.041643,202.999930,-0.00533598,83.0737,1,0.065768,341.762520
2015-11-03,0.00713599,89.8229,1,0.049611,242.865580,-0.00404793,82.6689,0,0.000000,0.000000
2015-11-04,0.00864151,90.6871,1,0.051829,240.241010,-0.01089325,81.5795,1,0.070135,362.374924
2015-11-05,-0.00248493,90.4386,1,0.045403,220.598380,0.00096359,81.6759,1,0.057831,359.868630
2015-11-06,-0.00418194,90.0204,1,0.039354,200.658590,0.00993649,82.6695,1,0.060761,340.747090
2015-11-09,0.00167353,90.1878,1,0.037017,161.855900,-0.00034878,82.6347,1,0.052588,302.084490
2015-11-10,-0.00040871,90.1469,1,0.044681,240.588730,-0.02026247,80.6084,0,0.000000,0.000000
2015-11-11,-0.00164445,89.9824,1,0.035495,202.344210,0.01498029,82.1065,1,0.070411,398.429066
2015-11-12,-0.00827308,89.1551,1,0.046178,220.553350,-0.00078129,82.0283,1,0.042459,222.147320
2015-11-13,-0.00267649,88.8875,1,0.028409,160.799330,-0.00200797,81.8275,0,0.000000,0.000000
2015-11-16,0.00192680,89.0802,1,0.022930,121.545960,0.00281973,82.1095,1,0.061617,298.460792
2015-11-17,0.00229468,89.3096,1,0.033632,183.356170,-0.01098099,81.0114,0,0.000000,0.000000
2015-11-18,-0.00478938,88.8307,1,0.026698,159.939240,0.00491808,81.5032,1,0.053942,322.937329
2015-11-19,-0.00901523,87.9292,1,0.045083,203.489940,-0.01269182,80.2340,0,0.000000,0.000000
2015-11-20,-0.00974630,86.9545,1,0.050540,199.473380,-0.00251053,79.9830,1,0.058873,363.594019
2015-11-23,-0.00788606,86.1659,1,0.038596,181.472250,0.00734342,80.7173,1,0.049138,322.549600
2015-11-24,0.00660408,86.8263,1,0.034992,161.026850,0.00376446,81.0938,1,0.041824,281.590200
2015-11-25,-0.00189516,86.6368,1,0.035266,181.577000,-0.00326736,80.7670,1,0.048366,280.866870
2015-11-27,0.00649818,87.2866,1,0.038742,180.903610,-0.00310103,80.4569,1,0.049553,280.525950
2015-11-30,0.00376631,87.6633,1,0.052609,180.832940,-0.00950931,79.5060,1,0.076131,340.979650
2015-12-01,-0.00454801,87.2085,1,0.064771,359.490060,-0.00724719,78.7813,1,0.047639,339.912500
2015-12-02,0.00835138,88.0436,1,0.044642,262.462230,0.01228998,80.0103,0,0.000000,0.000000
2015-12-03,0.01086021,89.1296,1,0.042259,161.417620,0.01111041,81.1213,0,0.000000,0.000000
2015-12-04,-0.00330457,88.7992,1,0.039737,238.131900,0.00108983,81.2303,0,0.000000,0.000000
2015-12-07,0.00239183,89.0384,1,0.054517,303.722100,0.00882738,82.1130,0,0.000000,0.000000
2015-12-08,0.00764220,89.8026,1,0.061820,299.023000,-0.01658957,80.4541,0,0.000000,0.000000
2015-12-09,-0.00676683,89.1259,1,0.040033,221.253660,0.00145455,80.5995,1,0.078045,376.133121
2015-12-10,0.00757077,89.8830,1,0.033763,161.332790,-0.00050866,80.5487,0,0.000000,0.000000
2015-12-11,-0.00667552,89.2154,1,0.031492,201.382320,-0.01974947,78.5737,1,0.045627,298.682142
2015-12-14,0.01220058,90.4355,1,0.039322,239.933380,-0.00536695,78.0370,0,0.000000,0.000000
2015-12-15,0.00446546,90.8820,1,0.029524,181.388920,-0.00162078,77.8749,1,0.069338,317.281143
2015-12-16,-0.00287396,90.5946,1,0.043036,243.017450,0.00689716,78.5647,1,0.058384,342.366640
2015-12-17,0.00512681,91.1073,1,0.042789,223.212060,-0.00373427,78.1912,0,0.000000,0.000000
2015-12-18,-0.00783138,90.3242,1,0.048768,278.608790,-0.00084138,78.1071,0,0.000000,0.000000
2015-12-21,0.00063579,90.3877,1,0.031171,102.595250,-0.00089493,78.0176,0,0.000000,0.000000
2015-12-22,0.00245318,90.6331,1,0.036832,182.135450,0.00057020,78.0746,0,0.000000,0.000000
2015-12-23,-0.00580782,90.0523,1,0.025962,142.239150,0.00188384,78.2630,0,0.000000,0.000000
2015-12-24,0.00122092,90.1744,1,0.030418,183.315100,-0.00441443,77.8216,0,0.000000,0.000000
2015-12-28,0.00592190,90.7666,1,0.055180,220.597870,0.00591311,78.4129,1,0.098029,384.099107
2015-12-29,0.00355864,91.1224,1,0.026596,160.725550,-0.00798528,77.6143,1,0.044868,240.900800
2015-12-30,0.00725950,91.8484,1,0.042150,182.236120,0.01089234,78.7036,0,0.000000,0.000000
2015-12-31,-0.00309011,91.5394,1,0.023461,140.735640,-0.01250975,77.4526,0,0.000000,0.000000
2016-01-04,-0.00029216,91.5101,1,0.042176,181.128910,-0.00384232,77.0684,0,0.000000,0.000000
2016-01-05,0.00742310,92.2525,1,0.029590,180.613420,0.01399224,78.4676,0,0.000000,0.000000
2016-01-06,0.00201620,92.4541,1,0.037680,201.007080,0.01740961,80.2086,1,0.046599,240.090391
2016-01-07,-0.00884778,91.5693,1,0.049328,240.335640,-0.00602553,79.6060,0,0.000000,0.000000
2016-01-08,-0.01089925,90.4794,1,0.028675,162.764790,0.00155627,79.7616,0,0.000000,0.000000
2016-01-11,0.01188477,91.6679,1,0.010323,82.908130,-0.01283494,78.4781,1,0.040374,257.275273
2016-01-12,0.00491312,92.1592,1,0.050328,220.591420,-0.00230411,78.2477,1,0.056701,359.670220
2016-01-13,0.00983425,93.1426,1,0.047745,241.269860,-0.01985402,76.2623,1,0.059522,341.496450
2016-01-14,0.00816711,93.9593,1,0.049269,239.582830,-0.00675557,75.5868,0,0.000000,0.000000
2016-01-15,0.00878675,94.8380,1,0.060515,282.409740,-0.00265702,75.3211,0,0.000000,0.000000
2016-01-19,-0.00501805,94.3362,1,0.055885,260.155990,0.00298653,75.6197,0,0.000000,0.000000
2016-01-20,0.00007152,94.3433,1,0.038138,161.350400,0.00149999,75.7697,1,0.065131,280.424656
2016-01-21,-0.01997582,92.3457,1,0.037442,161.942150,0.01180201,76.9499,1,0.080559,339.193310
2016-01-22,-0.00048662,92.2971,1,0.029352,182.508240,-0.00080079,76.8698,1,0.042529,301.717660
2016-01-25,0.01122208,93.4193,1,0.033432,184.343390,0.00859036,77.7289,0,0.000000,0.000000
2016-01-26,0.01783180,95.2025,1,0.062000,297.600220,0.01322023,79.0509,0,0.000000,0.000000
2016-01-27,0.00031943,95.2344,1,0.057637,246.082500,0.00042555,79.0935,0,0.000000,0.000000
2016-01-28,-0.00410472,94.8239,1,0.048062,200.409740,0.01429133,80.5226,1,0.064657,302.537263
2016-01-29,0.00852987,95.6769,1,0.029233,161.712310,-0.00651860,79.8707,1,0.049740,281.049110
2016-02-01,0.00145665,95.8226,1,0.024725,167.622300,-0.00897215,78.9735,0,0.000000,0.000000
2016-02-02,-0.01225377,94.5972,1,0.044997,240.048990,0.00852174,79.8257,1,0.070056,386.668927
2016-02-03,0.00333548,94.9308,1,0.055352,238.710100,-0.01365142,78.4605,0,0.000000,0.000000
2016-02-04,0.04181396,99.1122,1,0.079694,323.514200,-0.02440024,76.0205,1,0.066434,379.253670
2016-02-05,-0.01219969,97.8922,1,0.029219,199.381510,-0.01814762,74.2058,1,0.060232,358.963370
2016-02-08,0.01534136,99.4263,1,0.046034,258.079470,0.02793718,76.9995,1,0.062672,356.924990
2016-02-09,-0.01010566,98.4158,1,0.028936,161.800090,-0.02101466,74.8980,1,0.040456,259.712770
2016-02-10,0.01131603,99.5474,1,0.037457,182.465350,-0.00435565,74.4624,1,0.074415,361.743030
2016-02-11,0.00273155,99.8205,1,0.054715,222.243640,-0.00478050,73.9844,1,0.071280,362.563230
2016-02-12,-0.00349264,99.4713,1,0.057154,240.035550,0.00468504,74.4529,0,0.000000,0.000000
2016-02-16,0.00680053,100.1513,1,0.057017,265.494070,0.00588051,75.0409,0,0.000000,0.000000
2016-02-17,-0.00350206,99.8011,1,0.031326,165.781290,0.01894543,76.9355,0,0.000000,0.000000
2016-02-18,0.01127254,100.9284,1,0.028626,143.489020,-0.00188189,76.7473,0,0.000000,0.000000
2016-02-19,0.01051294,101.9796,1,0.029096,201.181920,0.00590149,77.3375,1,0.056851,307.732916
2016-02-22,0.00007689,101.9873,1,0.027411,161.904990,-0.00896177,76.4413,1,0.062427,321.422280
2016-02-23,0.01069544,103.0569,1,0.036156,183.483880,-0.00642014,75.7993,0,0.000000,0.000000
2016-02-24,0.00523563,103.5804,1,0.045557,201.469660,0.00580438,76.3797,1,0.068502,342.229174
2016-02-25,-0.00702883,102.8776,1,0.041893,202.375320,-0.02955425,73.4243,1,0.045835,262.726400
2016-02-26,0.00963102,103.8407,1,0.032568,202.062870,0.01453454,74.8777,0,0.000000,0.000000
2016-02-29,0.00336622,104.1773,1,0.055938,240.110370,-0.01104298,73.7734,1,0.050898,241.731380
2016-03-01,0.00618126,104.7954,1,0.052064,299.989640,-0.00829136,72.9443,1,0.057186,358.291520
2016-03-02,-0.01600329,103.1951,1,0.064639,345.741810,0.00979517,73.9238,0,0.000000,0.000000
2016-03-03,-0.00635808,102.5593,1,0.045388,302.597890,0.00009002,73.9328,1,0.055218,288.206191
2016-03-04,-0.00359734,102.1995,1,0.033034,221.559900,-0.00150550,73.7823,1,0.050490,301.619460
2016-03-07,0.00183180,102.3827,1,0.040120,220.676220,-0.01786269,71.9960,1,0.058479,320.631800
2016-03-08,0.00305680,102.6884,1,0.062920,242.751060,-0.01972366,70.0236,1,0.080296,322.971670
2016-03-09,-0.00337816,102.3506,1,0.047506,260.729240,0.00828566,70.8522,0,0.000000,0.000000
2016-03-10,0.00785056,103.1356,1,0.036304,242.129870,-0.00918381,69.9338,1,0.046391,219.882592
2016-03-11,0.00995131,104.1308,1,0.058239,261.278920,-0.01080651,68.8532,1,0.057541,300.999810
2016-03-14,0.00185855,104.3166,1,0.057035,324.609030,0.00472498,69.3257,0,0.000000,0.000000
2016-03-15,-0.01506680,102.8099,1,0.067320,339.651530,0.00457116,69.7828,1,0.042544,263.574435
2016-03-16,0.00525233,103.3352,1,0.031817,221.385900,-0.00805631,68.9771,1,0.054981,280.708320
2016-03-17,-0.00045597,103.2896,1,0.050457,242.637890,-0.00883024,68.0941,1,0.073214,362.563290
2016-03-18,0.00568215,103.8578,1,0.052675,261.869280,-0.01176177,66.9179,1,0.060737,320.835290
2016-03-21,-0.00154124,103.7037,1,0.046224,262.337510,-0.00136348,66.7816,1,0.068648,361.195620
2016-03-22,0.00054965,103.7586,1,0.048915,260.885920,0.00022911,66.8045,1,0.060159,340.202460
2016-03-23,-0.00579417,103.1792,1,0.042137,220.935380,-0.00848435,65.9561,1,0.048355,300.819930
2016-03-24,0.00432007,103.6112,1,0.041783,220.368860,0.00231567,66.1876,1,0.053793,339.092180
2016-03-28,-0.00759849,102.8514,1,0.035709,200.929930,-0.00291102,65.8965,1,0.061152,300.337620
2016-03-29,-0.00412833,102.4385,1,0.040953,181.230780,0.00648351,66.5449,1,0.085309,360.451650
2016-03-30,0.01198149,103.6367,1,0.036821,203.448520,-0.00006239,66.5386,0,0.000000,0.000000
2016-03-31,0.00465619,104.1023,1,0.057451,280.093290,-0.01456698,65.0820,1,0.067158,323.161946
2016-04-01,0.00772206,104.8745,1,0.073684,360.825630,-0.00839549,64.2424,1,0.069129,360.386380
2016-04-04,0.00086427,104.9609,1,0.046473,220.804630,-0.00718777,63.5236,0,0.000000,0.000000
2016-04-05,0.00532474,105.4934,1,0.051066,259.377400,0.00127676,63.6513,0,0.000000,0.000000
2016-04-06,-0.00568943,104.9245,1,0.040463,200.957900,0.00080776,63.7321,0,0.000000,0.000000
2016-04-07,0.00127430,105.0519,1,0.029620,182.116540,0.00846460,64.5785,0,0.000000,0.000000
2016-04-08,0.00198009,105.2499,1,0.052401,298.642370,0.00675623,65.2542,0,0.000000,0.000000
2016-04-11,0.00536282,105.7862,1,0.038348,221.723870,0.00056649,65.3108,1,0.053421,259.835981
2016-04-12,0.00254057,106.0403,1,0.057273,260.339530,-0.01196900,64.1139,1,0.054320,280.425850
2016-04-13,0.01168130,107.2084,1,0.033610,201.607890,0.02385083,66.4990,0,0.000000,0.000000
2016-04-14,-0.01617077,105.5913,1,0.057337,283.623540,0.00361712,66.8607,1,0.035418,225.614425
2016-04-15,-0.00552566,105.0387,1,0.027186,160.684840,0.00135757,66.9965,1,0.041403,279.895750
2016-04-18,0.00119374,105.1581,1,0.020966,101.463920,0.00056772,67.0532,1,0.048138,281.505620
2016-04-19,-0.00674754,104.4834,1,0.025634,181.212860,0.00334344,67.3876,0,0.000000,0.000000
2016-04-20,0.00056061,104.5394,1,0.023609,121.280180,-0.00383625,67.0040,1,0.043305,262.632102
2016-04-21,0.00498848,105.0383,1,0.033272,201.418890,0.01489500,68.4935,1,0.047440,321.369000
2016-04-22,-0.00038752,104.9995,1,0.029182,159.844360,-0.00056118,68.4373,1,0.043908,260.839020
2016-04-25,0.00373802,105.3733,1,0.036928,181.840710,-0.00406162,68.0312,1,0.055742,341.448950
2016-04-26,0.00867754,106.2411,1,0.031556,199.956150,-0.01029745,67.0014,1,0.044865,279.712860
2016-04-27,0.00284740,106.5258,1,0.052510,242.390570,-0.01054075,65.9474,0,0.000000,0.000000
2016-04-28,0.00297216,106.8230,1,0.052294,221.289610,-0.00109578,65.8378,1,0.068428,362.778523
2016-04-29,0.00201498,107.0245,1,0.051342,298.827530,0.00323309,66.1611,1,0.058091,299.003710
2016-05-02,-0.00394239,106.6303,1,0.036739,240.377320,0.00529344,66.6904,0,0.000000,0.000000
2016-05-03,-0.00459267,106.1710,1,0.054527,222.947900,0.00710304,67.4007,0,0.000000,0.000000
2016-05-04,0.00191691,106.3627,1,0.056559,259.811440,0.00759953,68.1607,1,0.071357,338.362907
2016-05-05,0.00849605,107.2123,1,0.044435,241.206190,0.00005657,68.1663,1,0.045063,280.885110
2016-05-06,-0.00330230,106.8821,1,0.058780,240.885820,0.00550267,68.7166,1,0.066953,361.044440
2016-05-09,0.00517438,107.3995,1,0.039872,200.948930,-0.00914229,67.8024,1,0.061679,301.651740
2016-05-10,-0.01997585,105.4019,1,0.037255,201.978050,0.00448048,68.2504,1,0.071232,360.696590
2016-05-11,0.00396911,105.7989,1,0.039919,220.192930,-0.00746406,67.5040,0,0.000000,0.000000
2016-05-12,0.00526286,106.3251,1,0.036964,240.953950,-0.00871623,66.6324,1,0.059443,359.091893
2016-05-13,0.00395155,106.7203,1,0.041695,240.290050,-0.00841436,65.7910,1,0.053516,319.864380
2016-05-16,0.00303551,107.0238,1,0.059779,299.354610,-0.00747405,65.0436,0,0.000000,0.000000
2016-05-17,-0.00226998,106.7968,1,0.048058,262.077150,0.00328455,65.3720,0,0.000000,0.000000
2016-05-18,-0.00884616,105.9122,1,0.041306,259.759740,0.00851446,66.2235,1,0.060524,300.478417
2016-05-19,0.01203737,107.1160,1,0.035943,201.431310,-0.01994808,64.2286,1,0.034158,240.600530
2016-05-20,0.00150778,107.2667,1,0.052252,239.976580,-0.01309467,62.9192,1,0.067337,379.399270
2016-05-23,-0.00342980,106.9238,1,0.041060,221.907510,-0.00379458,62.5397,0,0.000000,0.000000
2016-05-24,0.01234560,108.1583,1,0.043350,240.729140,-0.00999415,61.5403,1,0.059485,361.484915
2016-05-25,-0.00202410,107.9559,1,0.041590,283.342210,0.01242023,62.7823,0,0.000000,0.000000
2016-05-26,0.00794394,108.7503,1,0.031826,241.245040,-0.00549874,62.2325,1,0.040614,284.525433
2016-05-27,0.00131388,108.8817,1,0.034562,240.066940,-0.00565701,61.6668,1,0.055321,340.085020
2016-05-31,0.00018501,108.9002,1,0.047129,260.856550,0.00071863,61.7386,0,0.000000,0.000000
2016-06-01,-0.00270396,108.6298,1,0.043106,240.679130,-0.00922478,60.8161,1,0.053898,342.009783
2016-06-02,-0.00429117,108.2007,1,0.043487,201.240650,0.00871686,61.6878,1,0.059174,320.721420
2016-06-03,0.00909266,109.1100,1,0.039174,201.191250,-0.00875713,60.8121,1,0.045413,261.573060
2016-06-06,0.00232118,109.3421,1,0.032802,180.385160,-0.00239108,60.5730,1,0.039318,319.701320
2016-06-07,0.00704600,110.0467,1,0.043070,221.420760,-0.00710339,59.8627,1,0.053029,321.620630
2016-06-08,0.00296475,110.3431,1,0.041895,220.978430,-0.00090844,59.7718,1,0.059864,381.374930
2016-06-09,0.00507043,110.8502,1,0.046997,220.883850,-0.01148995,58.6228,1,0.047845,280.617060
2016-06-10,0.00255744,111.1059,1,0.032436,201.307540,0.00110920,58.7337,1,0.050260,361.029630
2016-06-13,-0.00628640,110.4773,1,0.026300,140.004940,0.00489828,59.2236,0,0.000000,0.000000
2016-06-14,-0.00820476,109.6568,1,0.031706,141.155060,0.00422625,59.6462,0,0.000000,0.000000
2016-06-15,-0.00035479,109.6213,1,0.026469,140.233710,-0.01053892,58.5923,1,0.038472,257.360512
2016-06-16,-0.00611448,109.0099,1,0.025498,160.993070,0.00310396,58.9027,1,0.053884,340.627760
2016-06-17,0.00284175,109.2941,1,0.033015,161.545550,-0.00501505,58.4012,1,0.050715,321.034180
2016-06-20,0.01526540,110.8206,1,0.048200,261.168450,-0.01356860,57.0443,1,0.062500,340.983770
2016-06-21,-0.00375630,110.4450,1,0.041090,222.978780,0.01103279,58.1476,0,0.000000,0.000000
2016-06-22,0.00702084,111.1471,1,0.052356,220.511280,-0.00709669,57.4379,1,0.059089,223.861757
2016-06-23,-0.00543874,110.6032,1,0.034644,180.726320,0.00663466,58.1014,1,0.065924,360.219200
2016-06-24,0.02351525,112.9547,1,0.024425,122.907790,-0.00543743,57.5577,0,0.000000,0.000000
2016-06-27,-0.04928391,108.0263,1,0.069101,353.546670,-0.01363435,56.1942,0,0.000000,0.000000
2016-06-28,0.00260724,108.2870,1,0.030766,200.170810,-0.01027347,55.1669,0,0.000000,0.000000
2016-06-29,0.01131360,109.4184,1,0.038150,223.566690,0.00584874,55.7518,0,0.000000,0.000000
2016-06-30,0.00748458,110.1669,1,0.042282,203.150590,0.00236333,55.9881,0,0.000000,0.000000
2016-07-01,-0.00390339,109.7765,1,0.036749,223.409960,0.00295904,56.2840,0,0.000000,0.000000
2016-07-05,-0.00697526,109.0790,1,0.034026,161.108290,0.00153788,56.4378,1,0.051392,319.124042
2016-07-06,-0.00333986,108.7450,0,0.000000,0.000000,-0.00381467,56.0563,1,0.049577,320.138560
2016-07-07,0.00374514,109.1195,1,0.039206,221.446805,-0.00438021,55.6183,1,0.052941,340.696650
2016-07-08,-0.01308546,107.8110,1,0.049846,260.782960,0.00816829,56.4351,1,0.053131,299.601800
2016-07-11,-0.00724496,107.0865,1,0.029026,163.813540,0.01150496,57.5856,0,0.000000,0.000000
2016-07-12,-0.01694558,105.3919,1,0.034548,202.107970,0.01689999,59.2756,1,0.039951,265.411804
2016-07-13,0.00782953,106.1749,1,0.030557,183.421570,-0.00579225,58.6964,1,0.035455,223.290830
2016-07-14,-0.00637699,105.5372,1,0.022889,201.335730,-0.00045073,58.6513,1,0.044623,340.669750
2016-07-15,-0.00236087,105.3011,1,0.023277,161.008410,0.00323226,58.9746,1,0.047694,340.494990
2016-07-18,-0.00241841,105.0593,1,0.030821,180.956610,-0.00095865,58.8787,1,0.058515,280.616280
2016-07-19,0.00692103,105.7514,1,0.048127,260.636180,-0.00904890,57.9738,1,0.058750,320.588510
2016-07-20,-0.00009825,105.7415,0,0.000000,0.000000,-0.00634653,57.3391,1,0.060883,399.226180
2016-07-21,-0.02366451,103.3751,1,0.032271,239.640695,0.01635716,58.9749,1,0.037144,321.493670
2016-07-22,-0.00163976,103.2111,0,0.000000,0.000000,0.00490954,59.4658,1,0.042356,281.287080
2016-07-25,0.00118790,103.3299,1,0.040370,240.858369,-0.00181615,59.2842,0,0.000000,0.000000
2016-07-26,-0.01227628,102.1023,1,0.046508,240.503720,0.01396716,60.6809,1,0.057224,361.167506
2016-07-27,0.00280665,102.3829,1,0.040335,223.232200,0.01753417,62.4343,1,0.033623,283.264900
2016-07-28,-0.00457207,101.9257,1,0.062427,300.233360,-0.00907376,61.5270,1,0.037696,201.293160
2016-07-29,-0.00268230,101.6575,1,0.035930,260.743940,0.00276667,61.8036,1,0.045693,302.027740
2016-08-01,0.01055820,102.7133,0,0.000000,0.000000,-0.00280498,61.5231,1,0.044518,341.052060
2016-08-02,-0.02132385,100.5809,0,0.000000,0.000000,-0.01219473,60.3037,1,0.056683,320.140500
2016-08-03,-0.00870550,99.7104,0,0.000000,0.000000,-0.00415702,59.8880,0,0.000000,0.000000
2016-08-04,-0.00330218,99.3802,1,0.044618,259.593196,-0.00263030,59.6249,1,0.063620,340.872637
2016-08-05,-0.01479807,97.9004,0,0.000000,0.000000,0.00759604,60.3845,1,0.062276,360.234310
2016-08-08,0.00458143,98.3585,1,0.023647,142.912285,-0.00339890,60.0446,1,0.054670,322.189480
2016-08-09,0.00873565,99.2321,0,0.000000,0.000000,0.01475384,61.5200,1,0.054286,339.968100
2016-08-10,0.00022905,99.2550,1,0.029215,201.059373,0.00131515,61.6515,1,0.035815,281.914390
2016-08-11,-0.00432221,98.8227,1,0.037091,220.590540,0.00633493,62.2850,1,0.041547,261.886270
2016-08-12,-0.00451556,98.3712,1,0.025626,161.625430,0.00516360,62.8014,1,0.043770,301.386960
2016-08-15,-0.00244021,98.1272,0,0.000000,0.000000,-0.00661995,62.1394,1,0.036195,280.605910
2016-08-16,-0.00700532,97.4266,1,0.027362,160.793974,0.00480544,62.6199,1,0.050456,321.669640
2016-08-17,0.00311074,97.7377,1,0.034346,200.090650,-0.00898049,61.7219,0,0.000000,0.000000
2016-08-18,0.01712488,99.4502,1,0.028502,200.203880,-0.00114132,61.6078,1,0.043652,319.277709
2016-08-19,-0.00309067,99.1411,1,0.029867,202.956770,-0.00194480,61.4133,1,0.048050,340.811900
2016-08-22,0.00321347,99.4625,0,0.000000,0.000000,-0.01311380,60.1019,1,0.042620,320.441370
2016-08-23,0.00182040,99.6445,0,0.000000,0.000000,-0.00386584,59.7153,1,0.056434,400.410820
2016-08-24,-0.00388938,99.2556,1,0.040708,202.067264,-0.00450880,59.2644,1,0.052810,341.122610
2016-08-25,-0.00162100,99.0935,0,0.000000,0.000000,-0.00074332,59.1901,0,0.000000,0.000000
2016-08-26,0.00899556,99.9930,0,0.000000,0.000000,0.00542651,59.7328,1,0.060239,359.865454
2016-08-29,0.00057846,100.0509,0,0.000000,0.000000,-0.00025876,59.7069,1,0.045226,280.045050
2016-08-30,0.00361086,100.4120,0,0.000000,0.000000,0.00417044,60.1239,0,0.000000,0.000000
2016-08-31,-0.00157074,100.2549,0,0.000000,0.000000,0.00278011,60.4019,1,0.033189,281.609222
2016-09-01,0.00488254,100.7431,1,0.044036,239.878187,-0.01403960,58.9980,1,0.041090,319.689500
2016-09-02,0.00442090,101.1852,1,0.025630,120.712530,-0.00436532,58.5614,1,0.047722,360.907490
2016-09-06,0.00019406,101.2046,1,0.021634,121.661480,0.00286620,58.8481,0,0.000000,0.000000
2016-09-07,-0.00449631,100.7550,1,0.025601,121.478360,-0.00057543,58.7905,1,0.048163,300.886633
2016-09-08,-0.01137896,99.6171,1,0.009506,80.999390,0.00131364,58.9219,1,0.047246,361.172660
2016-09-09,-0.01147381,98.4697,1,0.009311,101.098550,0.01011103,59.9330,1,0.046667,300.016670
2016-09-12,-0.00082299,98.3874,1,0.017339,179.694150,-0.00280531,59.6525,0,0.000000,0.000000
2016-09-13,0.00370535,98.7580,1,0.039065,263.038240,-0.00192433,59.4600,0,0.000000,0.000000
2016-09-14,0.00262086,99.0201,1,0.036394,238.563460,0.00587454,60.0475,0,0.000000,0.000000
2016-09-15,0.00180165,99.2002,1,0.032025,161.385180,0.00371150,60.4186,1,0.049870,277.845115
2016-09-16,-0.01315561,97.8847,1,0.022131,182.542030,0.00860508,61.2791,0,0.000000,0.000000
2016-09-19,0.00627380,98.5120,1,0.015260,141.396090,-0.00365539,60.9136,1,0.047259,303.132298
2016-09-20,0.00123449,98.6355,1,0.019651,141.010740,-0.00160617,60.7530,1,0.050827,321.486340
2016-09-21,-0.00736372,97.8991,1,0.022342,160.104320,0.00457316,61.2103,1,0.042194,280.218710
2016-09-22,0.00182187,98.0813,1,0.017573,142.005830,0.00456289,61.6666,0,0.000000,0.000000
2016-09-23,-0.00162516,97.9188,1,0.020596,161.445120,-0.00684662,60.9819,0,0.000000,0.000000
2016-09-26,0.00009513,97.9283,1,0.019217,140.641020,-0.00061705,60.9202,1,0.048485,383.718908
2016-09-27,0.00581629,98.5099,1,0.017271,140.376230,-0.00676282,60.2439,0,0.000000,0.000000
2016-09-28,0.00264972,98.7749,1,0.034748,221.316680,-0.00302260,59.9417,0,0.000000,0.000000
2016-09-29,-0.00239880,98.5350,1,0.014590,121.543920,-0.00832459,59.1092,1,0.047839,360.886653
2016-09-30,-0.00224148,98.3109,1,0.028198,219.462170,0.00306392,59.4156,0,0.000000,0.000000
2016-10-03,-0.00612340,97.6985,1,0.032710,242.380270,0.01091957,60.5076,1,0.043553,320.985403
2016-10-04,-0.00139821,97.5587,1,0.028111,179.797370,-0.00004232,60.5033,1,0.027602,240.709570
2016-10-05,-0.00518950,97.0398,1,0.028290,180.362650,-0.00116234,60.3871,1,0.041054,319.637610
2016-10-06,0.00467574,97.5073,1,0.026146,201.137880,-0.00595074,59.7920,1,0.045664,301.094500
2016-10-07,0.00674028,98.1814,1,0.021832,140.653000,-0.00586043,59.2060,1,0.050843,380.342270
2016-10-10,-0.00005863,98.1755,1,0.019023,139.925780,0.00197438,59.4034,1,0.041902,319.150820
2016-10-11,-0.00160150,98.0153,1,0.021570,201.443680,0.00204944,59.6084,1,0.046926,301.490660
2016-10-12,-0.00302506,97.7128,1,0.033796,238.805460,0.00201259,59.8096,0,0.000000,0.000000
2016-10-13,0.00151973,97.8648,1,0.032637,300.100590,0.01176229,60.9858,1,0.041921,299.423432
2016-10-14,0.00530648,98.3955,1,0.032212,219.919910,0.00020035,61.0059,1,0.041805,280.263090
2016-10-17,-0.00407892,97.9876,1,0.040872,299.804360,0.01106426,62.1123,1,0.051724,300.349100
2016-10-18,0.00055791,98.0434,1,0.027869,199.524640,-0.00100266,62.0120,1,0.034546,260.909110
2016-10-19,-0.00110511,97.9329,1,0.043411,281.246120,0.00851196,62.8632,1,0.045224,341.455000
2016-10-20,-0.00938756,96.9941,1,0.035556,241.045100,-0.00069319,62.7939,1,0.031179,261.664680
2016-10-21,-0.00364542,96.6296,1,0.017352,140.620960,0.00011548,62.8055,1,0.038942,300.717160
2016-10-24,-0.00806868,95.8227,1,0.018578,120.570730,-0.00340081,62.4654,1,0.059661,319.815890
2016-10-25,-0.00685738,95.1369,1,0.032058,200.547110,-0.01553412,60.9120,1,0.044242,321.701320
2016-10-26,-0.00494133,94.6428,1,0.029463,160.327240,-0.00181563,60.7304,1,0.044533,338.409470
2016-10-27,-0.00133591,94.5092,1,0.029041,238.318870,0.00310716,61.0411,1,0.041364,320.038570
2016-10-28,0.00486151,94.9954,1,0.027149,180.190770,-0.00809854,60.2313,1,0.032824,260.294700
2016-10-31,0.00145362,95.1407,1,0.040048,240.200220,-0.00420584,59.8107,1,0.044574,320.328030
2016-11-01,0.00037287,95.1780,1,0.043103,261.639450,0.00839009,60.6497,0,0.000000,0.000000
2016-11-02,-0.00010564,95.1675,1,0.047664,259.664150,0.00098530,60.7482,1,0.057830,341.309791
2016-11-03,-0.00023457,95.1440,1,0.029667,200.544060,-0.00065086,60.6831,0,0.000000,0.000000
2016-11-04,0.01729910,96.8739,1,0.034090,200.951750,-0.01354743,59.3284,1,0.040873,298.652657
2016-11-07,0.00440963,97.3149,1,0.041157,259.973620,-0.00234939,59.0935,1,0.047569,341.244410
2016-11-08,-0.00460478,96.8544,1,0.046148,265.275500,0.00544927,59.6384,0,0.000000,0.000000
2016-11-09,0.02897340,99.7517,1,0.032680,201.794770,-0.04501316,55.1371,1,0.038866,266.544063
2016-11-10,-0.01968373,97.7834,1,0.035993,260.543380,0.02494290,57.6314,1,0.058120,361.548130
2016-11-11,-0.00479066,97.3043,1,0.016586,143.804740,0.00197269,57.8286,1,0.026841,184.148410
2016-11-14,-0.00189825,97.1145,1,0.039695,221.866920,0.01170847,58.9995,1,0.053453,320.700330
2016-11-15,0.01171353,98.2858,1,0.040067,224.140210,-0.00089001,58.9105,1,0.045041,283.668980
2016-11-16,0.00490789,98.7766,1,0.049561,263.041600,-0.00213311,58.6972,1,0.040411,302.554380
2016-11-17,0.00137626,98.9142,1,0.033094,239.791150,-0.00763993,57.9332,1,0.056833,319.890440
2016-11-18,-0.00532199,98.3820,1,0.036559,241.498580,0.00200948,58.1341,1,0.050542,381.783920
2016-11-21,-0.00622434,97.7596,1,0.020114,161.138300,0.00535617,58.6697,1,0.042613,300.602110
2016-11-22,0.00896638,98.6562,1,0.036372,182.178860,-0.00664661,58.0051,0,0.000000,0.000000
2016-11-23,0.01316731,99.9730,1,0.042369,242.703950,-0.00385702,57.6194,1,0.046452,324.148820
2016-11-25,0.00544208,100.5172,1,0.044602,301.106780,-0.00975763,56.6436,1,0.045693,321.859510
2016-11-28,-0.01115310,99.4019,1,0.054100,260.695670,0.01033665,57.6773,1,0.077865,340.591190
2016-11-29,0.00188665,99.5905,1,0.019315,121.104230,0.00378635,58.0559,1,0.044095,299.828730
2016-11-30,0.00062772,99.6533,1,0.028098,180.778040,-0.00557595,57.4983,1,0.046155,321.241350
2016-12-01,-0.01793282,97.8600,1,0.031702,200.441450,0.01863243,59.3616,1,0.049497,299.053460
2016-12-02,0.00701270,98.5613,1,0.024630,122.961620,-0.01095249,58.2663,1,0.034649,241.362560
2016-12-05,0.00425032,98.9863,1,0.025068,161.136800,-0.00664720,57.6016,1,0.049720,340.033540
2016-12-06,0.00806536,99.7929,1,0.027044,161.622520,-0.00001627,57.6000,1,0.045517,323.214480
2016-12-07,-0.00579769,99.2131,1,0.029399,182.066520,0.00179121,57.7791,1,0.040899,321.500450
2016-12-08,0.00367734,99.5808,1,0.017766,122.761170,-0.01755941,56.0231,0,0.000000,0.000000
2016-12-09,0.00731925,100.3128,1,0.016525,120.786020,-0.00846330,55.1768,1,0.056830,382.681170
2016-12-12,0.00455663,100.7684,1,0.022957,140.120270,0.00070586,55.2474,1,0.048544,339.993700
2016-12-13,0.00158485,100.9269,1,0.025055,179.934060,-0.00371263,54.8761,1,0.046673,300.604750
2016-12-14,-0.00922424,100.0045,1,0.034974,181.376140,0.00683871,55.5600,1,0.057039,341.670770
2016-12-15,-0.01135124,98.8694,1,0.025724,180.065830,0.01092798,56.6528,1,0.043472,320.328670
2016-12-16,0.01501727,100.3711,1,0.013963,122.813480,-0.00593045,56.0598,1,0.028025,242.778270
2016-12-19,0.00286803,100.6579,1,0.046797,201.849490,-0.00288629,55.7711,1,0.049759,340.633780
2016-12-20,-0.00520163,100.1377,1,0.030813,220.696920,0.00466699,56.2378,1,0.051981,360.614290
2016-12-21,0.00929120,101.0668,1,0.046570,161.389890,-0.00582106,55.6557,1,0.073976,260.938540
2016-12-22,0.00003254,101.0701,1,0.037766,220.377610,-0.00544174,55.1116,1,0.057854,379.706290
2016-12-23,-0.00479134,100.5910,1,0.032274,180.099400,0.00454355,55.5659,1,0.042715,339.295020
2016-12-27,0.00018732,100.6097,1,0.022738,121.014000,-0.00195664,55.3702,1,0.048764,321.086350
2016-12-28,0.00164748,100.7744,1,0.016482,120.955550,0.00186378,55.5566,0,0.000000,0.000000
2016-12-29,0.00611493,101.3859,1,0.037107,219.750490,-0.00834181,54.7224,0,0.000000,0.000000
2016-12-30,0.00250497,101.6364,1,0.029493,220.354360,-0.00097822,54.6246,1,0.058752,379.112127
2017-01-03,0.01213800,102.8502,1,0.031610,200.656490,-0.00996117,53.6285,1,0.037907,280.746290
2017-01-04,-0.00171965,102.6783,1,0.032395,220.628430,0.00118165,53.7467,1,0.046175,340.230430
2017-01-05,0.00043060,102.7213,1,0.028240,182.111530,-0.01469343,52.2773,0,0.000000,0.000000
2017-01-06,-0.00159450,102.5619,1,0.032320,219.853540,-0.00203747,52.0736,1,0.053367,402.244628
2017-01-09,-0.00426880,102.1350,1,0.020010,141.103970,0.01266122,53.3397,1,0.043238,361.305560
2017-01-10,-0.00431451,101.7036,1,0.013131,141.032490,-0.00337111,53.0026,1,0.033001,280.744520
2017-01-11,-0.00262394,101.4412,1,0.018134,141.194480,0.00052467,53.0551,1,0.047843,361.251870
2017-01-12,-0.00032955,101.4082,1,0.037035,161.339240,-0.00398270,52.6568,1,0.038970,320.334250
2017-01-13,0.00512144,101.9203,1,0.030156,260.102180,-0.00423477,52.2333,1,0.052277,360.157520
2017-01-17,0.00762252,102.6826,1,0.025488,180.983680,-0.02239788,49.9935,1,0.051348,320.617340
2017-01-18,0.00664881,103.3475,1,0.040999,218.874040,-0.00931199,49.0623,1,0.057399,398.331220
2017-01-19,0.00348446,103.6959,1,0.026534,181.202460,-0.00918995,48.1433,1,0.047655,360.574900
2017-01-20,0.00317935,104.0139,1,0.029625,180.557680,0.00147885,48.2912,0,0.000000,0.000000
2017-01-23,0.00021741,104.0356,1,0.023959,180.397400,-0.00470674,47.8205,1,0.036284,299.093968
2017-01-24,-0.00235010,103.8006,1,0.017820,140.224900,0.00552591,48.3731,1,0.031179,280.027910
2017-01-25,-0.00329604,103.4710,1,0.019544,163.117010,0.00544297,48.9174,1,0.037613,302.229910
2017-01-26,0.01444930,104.9159,1,0.016180,141.822540,-0.01875017,47.0424,1,0.039637,301.672410
2017-01-27,0.00871227,105.7871,1,0.015043,140.566410,-0.00789280,46.2531,1,0.047940,381.240280
2017-01-30,-0.00179416,105.6077,1,0.018916,160.488830,0.00177769,46.4309,1,0.051241,320.208440
2017-01-31,0.00752355,106.3601,1,0.025255,160.008260,0.00833461,47.2644,0,0.000000,0.000000
2017-02-01,0.00141770,106.5019,1,0.035790,241.051490,-0.00460253,46.8041,1,0.038813,259.243292
2017-02-02,0.01124456,107.6263,1,0.037994,260.053440,-0.01193280,45.6108,1,0.046330,360.084080
2017-02-03,-0.00519571,107.1067,1,0.041701,260.703530,-0.00623484,44.9873,1,0.060584,400.719330
2017-02-06,0.00269692,107.3764,1,0.036688,242.018770,-0.01557184,43.4302,1,0.050314,321.946820
2017-02-07,-0.00242692,107.1337,0,0.000000,0.000000,-0.00340630,43.0895,1,0.039660,341.073030
2017-02-08,0.00217950,107.3517,1,0.025560,220.421198,-0.00320682,42.7688,1,0.073832,380.152950
2017-02-09,-0.00997031,106.3547,1,0.027651,180.489510,0.00228769,42.9976,1,0.039601,301.199590
2017-02-10,0.00402798,106.7575,1,0.023602,183.054180,0.00079056,43.0767,1,0.046324,322.729850
2017-02-13,-0.00670258,106.0872,1,0.035278,221.037180,-0.00101873,42.9748,1,0.052313,341.972400
2017-02-14,-0.00628503,105.4587,1,0.027963,181.710140,0.00860912,43.8357,1,0.043198,340.755240
2017-02-15,-0.00411228,105.0475,1,0.024338,161.061620,0.00383502,44.2192,1,0.030588,261.269030
2017-02-16,-0.01488149,103.5593,1,0.031749,181.450430,-0.01327988,42.8912,1,0.041148,261.881430
2017-02-17,0.00163536,103.7229,1,0.032074,199.237000,-0.01142607,41.7486,1,0.048737,340.819680
2017-02-21,0.00875505,104.5984,1,0.026215,200.831690,-0.00643666,41.1050,1,0.068656,340.171830
2017-02-22,-0.00225418,104.3729,1,0.025718,201.490100,-0.00078348,41.0266,0,0.000000,0.000000
2017-02-23,0.00601625,104.9746,1,0.016485,140.519180,-0.00288298,40.7383,1,0.058718,361.437335
2017-02-24,0.00226110,105.2007,1,0.036380,260.316510,0.00187726,40.9260,1,0.046354,301.216000
2017-02-27,-0.00370253,104.8304,1,0.035753,240.533650,-0.00732182,40.1938,1,0.044582,321.827280
2017-02-28,-0.00383725,104.4467,1,0.037915,221.052080,-0.00400650,39.7932,1,0.069450,380.639520
2017-03-01,0.00003909,104.4506,1,0.033661,239.719870,-0.01173417,38.6198,1,0.052427,339.168120
2017-03-02,0.00976046,105.4267,1,0.033614,203.669130,0.00773989,39.3938,0,0.000000,0.000000
2017-03-03,0.00544275,105.9709,1,0.027995,218.749540,-0.01076353,38.3174,1,0.039253,262.073877
2017-03-06,0.00109135,106.0801,1,0.026765,200.746990,-0.00155454,38.1620,1,0.046724,380.526960
2017-03-07,-0.00145917,105.9341,1,0.023897,199.939020,0.00697471,38.8594,0,0.000000,0.000000
2017-03-08,-0.00252849,105.6813,1,0.028579,180.690000,0.00360995,39.2204,1,0.039415,299.566113
2017-03-09,-0.00107517,105.5738,1,0.039977,240.454170,0.00264299,39.4847,1,0.044111,300.736450
2017-03-10,0.00589839,106.1636,1,0.034721,260.050420,-0.00038723,39.4460,1,0.045923,300.458870
2017-03-13,-0.00081174,106.0824,1,0.036924,240.686900,0.00344513,39.7905,1,0.047687,321.091160
2017-03-14,-0.00254639,105.8278,1,0.034929,200.973050,0.00855703,40.6462,1,0.037317,281.060200
2017-03-15,-0.00146981,105.6808,1,0.020961,160.841570,0.00156283,40.8025,1,0.032847,240.704700
2017-03-16,0.00571005,106.2518,1,0.033445,222.352680,0.00561265,41.3638,0,0.000000,0.000000
2017-03-17,0.00502539,106.7544,1,0.046971,240.769290,-0.00694649,40.6691,1,0.050509,323.246006
2017-03-20,0.00522887,107.2773,1,0.035973,280.857730,-0.00115863,40.5533,1,0.041273,340.682560
2017-03-21,0.01198671,108.4759,1,0.033599,240.531740,-0.01276963,39.2763,1,0.040873,299.464790
2017-03-22,0.00045063,108.5210,1,0.040477,280.268930,0.00153582,39.4299,0,0.000000,0.000000
2017-03-23,-0.00014596,108.5064,1,0.034736,241.262460,-0.00541871,38.8880,1,0.040651,260.019811
2017-03-24,-0.00013380,108.4930,1,0.045060,280.294400,-0.00086145,38.8019,1,0.055885,361.236880
2017-03-27,-0.01186182,107.3068,1,0.039312,240.446400,0.01206060,40.0079,1,0.042710,281.263020
2017-03-28,0.00145319,107.4521,1,0.023211,161.321750,0.00103454,40.1114,1,0.040206,280.962690
2017-03-29,-0.00576651,106.8755,1,0.026131,202.390790,0.00748134,40.8595,0,0.000000,0.000000
2017-03-30,0.00391206,107.2667,1,0.025794,200.906820,-0.01059538,39.8000,1,0.033128,261.991612
2017-03-31,0.00591997,107.8587,1,0.028873,220.128760,-0.01079849,38.7201,1,0.041599,340.271990
2017-04-03,-0.00415317,107.4434,1,0.044807,299.912830,-0.00003461,38.7167,1,0.056211,360.511050
2017-04-04,-0.00228812,107.2146,1,0.023672,160.962170,-0.00561791,38.1549,1,0.060041,339.868850
2017-04-05,-0.00118265,107.0963,1,0.041735,200.913660,-0.00418379,37.7365,1,0.062649,300.151850
2017-04-06,0.00483859,107.5802,1,0.034881,199.825990,-0.01228740,36.5078,1,0.047500,319.851010
2017-04-07,-0.00074265,107.5059,1,0.031295,241.611860,-0.00385705,36.1220,1,0.059395,401.897020
2017-04-10,0.00292351,107.7983,1,0.043179,259.930870,-0.01044320,35.0777,1,0.047680,319.667050
2017-04-11,-0.00807910,106.9903,1,0.035100,200.631830,-0.00129527,34.9482,1,0.047507,340.689680
2017-04-12,-0.00396554,106.5938,1,0.019184,161.297110,0.00473923,35.4221,1,0.034177,280.865300
2017-04-13,-0.00290690,106.3031,1,0.035690,220.422210,0.00295998,35.7181,1,0.040262,239.879480
2017-04-17,0.00066769,106.3699,1,0.015951,160.903680,-0.00321529,35.3966,0,0.000000,0.000000
2017-04-18,0.00097997,106.4679,1,0.030173,181.892800,-0.00078806,35.3178,0,0.000000,0.000000
2017-04-19,-0.00007647,106.4602,1,0.025847,180.383350,-0.00362613,34.9552,1,0.044223,300.045083
2017-04-20,-0.00444496,106.0157,1,0.021216,200.875860,0.00831505,35.7867,1,0.041555,321.101430
2017-04-21,0.00242706,106.2584,1,0.031134,241.503560,-0.00361616,35.4251,1,0.039626,302.535860
2017-04-24,-0.00123481,106.1349,1,0.030511,160.883640,-0.00036444,35.3886,1,0.046074,299.644430
2017-04-25,0.00197110,106.3321,1,0.025850,182.610310,0.00250964,35.6396,0,0.000000,0.000000
2017-04-26,0.00028789,106.3608,1,0.032111,220.999960,-0.00539291,35.1003,1,0.037181,302.892277
2017-04-27,-0.00098737,106.2621,1,0.034267,221.404200,0.01031761,36.1321,1,0.050769,340.929190
2017-04-28,-0.00470586,105.7915,1,0.031006,221.139930,-0.00468884,35.6632,1,0.052864,361.722450
2017-05-01,-0.00104884,105.6866,1,0.047664,280.669340,-0.00205316,35.4579,1,0.041796,339.550140
2017-05-02,-0.01958660,103.7280,1,0.041030,181.258400,0.00166554,35.6244,1,0.044306,321.216840
2017-05-03,-0.00414836,103.3131,1,0.035676,203.063190,-0.00692323,34.9321,1,0.053903,343.566080
2017-05-04,-0.00028975,103.2842,1,0.022515,180.959580,0.00918120,35.8502,1,0.057950,359.586240
2017-05-05,0.00518269,103.8024,1,0.021401,181.185800,0.00139180,35.9894,1,0.047710,321.755450
2017-05-08,-0.00055953,103.7465,1,0.026563,182.010550,0.00151570,36.1410,1,0.046250,321.713690
2017-05-09,0.00636704,104.3832,1,0.030636,239.953390,0.00316123,36.4571,1,0.041777,279.816460
2017-05-10,-0.00261069,104.1221,1,0.025649,220.637080,-0.00099609,36.3575,1,0.033729,280.939780
2017-05-11,0.00678466,104.8006,1,0.027684,221.115100,-0.00395361,35.9621,1,0.053531,340.654620
2017-05-12,-0.00059704,104.7409,1,0.028814,219.617410,0.00264852,36.2270,1,0.041458,319.549690
2017-05-15,0.00444766,105.1856,1,0.026954,220.140410,-0.00945259,35.2817,1,0.051209,300.753470
2017-05-16,-0.01653139,103.5325,1,0.028999,221.579720,0.00768436,36.0501,0,0.000000,0.000000
2017-05-17,0.01335521,104.8680,1,0.016689,141.759840,-0.01901394,34.1487,1,0.045084,301.640237
2017-05-18,-0.00618147,104.2499,1,0.038747,220.079290,-0.00191686,33.9571,0,0.000000,0.000000
2017-05-19,-0.00122388,104.1275,1,0.034348,220.686880,0.00523431,34.4805,1,0.040559,320.133798
2017-05-22,0.00052794,104.1803,1,0.047386,181.772500,-0.00100273,34.3802,0,0.000000,0.000000
2017-05-23,0.00716350,104.8966,1,0.033890,221.546260,-0.00360712,34.0195,0,0.000000,0.000000
2017-05-24,0.00392892,105.2895,1,0.046138,261.101880,-0.00695534,33.3240,1,0.047864,342.503706
2017-05-25,0.00007974,105.2975,0,0.000000,0.000000,0.00486392,33.8104,1,0.051798,340.833770
2017-05-26,-0.00253202,105.0443,1,0.030052,202.503994,-0.00335697,33.4747,1,0.032977,241.443590
2017-05-30,0.00170379,105.2147,1,0.028731,160.577130,-0.00407134,33.0675,1,0.044934,339.666540
2017-05-31,-0.00679026,104.5357,1,0.028326,221.167850,0.00586953,33.6545,1,0.038397,321.060420
2017-06-01,0.00709904,105.2456,1,0.054976,221.084540,-0.00716398,32.9381,1,0.041878,261.051730
2017-06-02,-0.00014471,105.2311,1,0.073181,282.994900,0.01278573,34.2167,0,0.000000,0.000000
2017-06-05,-0.00254301,104.9768,1,0.075701,241.449590,0.00221643,34.4383,1,0.033637,282.393986
2017-06-06,-0.00199911,104.7769,1,0.032351,200.614620,-0.00477495,33.9608,1,0.042855,300.358860
2017-06-07,0.00005142,104.7820,1,0.025548,200.955420,0.00226336,34.1871,1,0.041064,340.238680
2017-06-08,0.00092972,104.8750,1,0.042368,261.147510,-0.00116496,34.0706,1,0.048816,301.089480
2017-06-09,0.00542214,105.4172,1,0.032066,221.807460,0.00332786,34.4034,1,0.039184,301.811840
2017-06-12,-0.01377047,104.0402,1,0.056207,240.666020,0.02095373,36.4988,1,0.065267,301.117390
2017-06-13,0.00087404,104.1276,1,0.036356,201.986700,-0.00503068,35.9957,1,0.025698,221.912420
2017-06-14,-0.00142108,103.9854,1,0.041308,242.051740,0.00755521,36.7513,0,0.000000,0.000000
2017-06-15,-0.00893439,103.0920,1,0.037359,201.043460,0.00322162,37.0734,1,0.043008,281.825672
2017-06-16,0.00046315,103.1383,1,0.056295,241.461120,-0.00398009,36.6754,1,0.065299,341.214550
2017-06-19,0.01715034,104.8534,1,0.052056,260.230470,-0.01228805,35.4466,1,0.058385,319.923990
2017-06-20,0.00258165,105.1115,1,0.049865,240.789590,0.00043386,35.4900,1,0.059634,360.018520
2017-06-21,-0.00155260,104.9563,1,0.043880,259.519790,0.00494336,35.9843,1,0.037414,279.653920
2017-06-22,0.00113416,105.0697,1,0.038924,220.873200,0.00156216,36.1405,1,0.051534,300.966630
2017-06-23,-0.01923971,103.1457,1,0.035911,261.112240,0.02463518,38.6041,1,0.046732,301.203070
2017-06-26,-0.00605645,102.5401,1,0.041365,202.235140,0.00690259,39.2943,1,0.039301,222.753310
2017-06-27,-0.01158455,101.3816,1,0.050345,181.498580,0.00833847,40.1282,1,0.057483,281.553380
2017-06-28,-0.00364476,101.0171,1,0.022136,180.714290,-0.00211266,39.9169,0,0.000000,0.000000
2017-06-29,-0.01017274,99.9999,1,0.056394,202.677140,0.01132301,41.0492,0,0.000000,0.000000
2017-06-30,0.00107372,100.1072,1,0.031628,200.171220,-0.00614569,40.4346,0,0.000000,0.000000
2017-07-03,-0.00287907,99.8193,1,0.034357,200.441480,-0.00846347,39.5883,1,0.036817,339.800162
2017-07-05,0.00893002,100.7123,1,0.046948,121.327330,-0.02047001,37.5413,1,0.084641,361.592230
2017-07-06,-0.00029172,100.6832,1,0.030182,179.661930,0.00265605,37.8069,1,0.056855,359.812120
2017-07-07,0.00630122,101.3133,1,0.028488,179.864550,0.00085234,37.8921,0,0.000000,0.000000
2017-07-10,-0.00560848,100.7524,1,0.038138,262.099130,0.00220799,38.1129,0,0.000000,0.000000
2017-07-11,0.00687779,101.4402,1,0.019231,141.017370,0.00160576,38.2735,1,0.030654,301.095255
2017-07-12,-0.00923681,100.5165,1,0.024751,200.272670,0.00234551,38.5081,1,0.040829,300.511570
2017-07-13,-0.00803540,99.7130,1,0.012980,121.714010,0.00403820,38.9119,0,0.000000,0.000000
2017-07-14,-0.00106645,99.6063,1,0.016845,121.014800,-0.00140926,38.7709,1,0.036976,282.663301
2017-07-17,-0.00001939,99.6044,1,0.016039,101.387860,-0.00730609,38.0403,1,0.036709,301.397570
2017-07-18,0.01221362,100.8258,1,0.011788,120.583700,-0.00275695,37.7646,1,0.044175,380.414480
2017-07-19,0.00075108,100.9009,1,0.032562,200.414210,-0.00182987,37.5817,1,0.049997,320.074840
2017-07-20,-0.00291041,100.6098,1,0.025511,181.485410,0.01390373,38.9720,0,0.000000,0.000000
2017-07-21,0.00075832,100.6857,1,0.012558,100.949730,-0.00144361,38.8277,1,0.031721,202.456618
2017-07-24,-0.00103329,100.5823,1,0.034439,160.752390,-0.00797449,38.0302,1,0.034559,280.849160
2017-07-25,-0.00860134,99.7222,1,0.015784,120.365050,0.00536739,38.5670,1,0.041331,359.842490
2017-07-26,-0.00307025,99.4152,1,0.027015,181.387730,0.00679700,39.2467,1,0.036090,321.237090
2017-07-27,-0.00570596,98.8446,1,0.029256,160.518010,-0.00573040,38.6736,1,0.043420,320.899130
2017-07-28,0.01255045,100.0996,1,0.028595,201.745120,-0.01411674,37.2619,1,0.046084,359.416660
2017-07-31,0.00869284,100.9689,1,0.041366,259.486860,-0.00905313,36.3566,1,0.050643,399.019610
2017-08-01,-0.00541626,100.4273,1,0.074756,319.326070,-0.00676626,35.6800,1,0.064826,358.964890
2017-08-02,0.00675300,101.1026,1,0.093860,281.075250,0.00034575,35.7146,1,0.073725,360.660360
2017-08-03,-0.00158520,100.9441,1,0.058910,299.373440,-0.00290209,35.4244,1,0.049049,320.122720
2017-08-04,-0.00470019,100.4740,1,0.052499,279.485850,0.00452888,35.8773,1,0.048742,340.144420
2017-08-07,-0.00246721,100.2273,1,0.055911,321.133520,0.00625215,36.5025,1,0.038355,321.303850
2017-08-08,0.01350546,101.5779,1,0.032904,280.721510,0.02560945,39.0634,1,0.048265,282.144890
2017-08-09,-0.00000024,101.5778,1,0.036634,281.023630,-0.00645415,38.4180,1,0.027695,242.985470
2017-08-10,0.00015817,101.5937,1,0.036683,200.244550,0.00897865,39.3159,1,0.055005,359.485560
2017-08-11,0.00904916,102.4986,1,0.066964,297.866000,0.00473688,39.7896,0,0.000000,0.000000
2017-08-14,0.00596140,103.0947,1,0.035580,260.308040,-0.00595826,39.1937,1,0.053486,298.705918
2017-08-15,-0.00052118,103.0426,1,0.078828,302.255000,-0.00075205,39.1185,0,0.000000,0.000000
2017-08-16,0.00032482,103.0751,1,0.066248,220.679590,-0.00396302,38.7222,1,0.055322,302.436120
2017-08-17,0.01066466,104.1415,1,0.032744,220.830170,-0.01879947,36.8423,1,0.035657,320.939900
2017-08-18,0.00060846,104.2024,1,0.043434,279.239750,-0.00405967,36.4363,0,0.000000,0.000000
2017-08-21,0.00374641,104.5770,1,0.044659,299.993660,-0.00211288,36.2250,1,0.039048,317.643411
2017-08-22,0.00539538,105.1166,1,0.051002,280.739380,-0.00716575,35.5084,1,0.041145,320.974260
2017-08-23,-0.00219297,104.8973,1,0.048857,281.833300,-0.00606840,34.9016,0,0.000000,0.000000
2017-08-24,-0.00025264,104.8720,1,0.037534,240.642640,-0.00401801,34.4998,1,0.063391,342.604780
2017-08-25,0.00728153,105.6002,1,0.040757,280.561250,-0.00456139,34.0437,1,0.039369,340.342570
2017-08-28,0.00194612,105.7948,1,0.058578,341.089630,-0.00494246,33.5494,1,0.053166,281.672170
2017-08-29,-0.00297681,105.4971,1,0.043601,300.226690,0.00390443,33.9399,1,0.050007,360.093980
2017-08-30,-0.00298708,105.1984,1,0.046298,260.149520,0.00280003,34.2199,1,0.056167,280.194610
2017-08-31,0.00504131,105.7025,1,0.030319,261.154870,-0.00236070,33.9838,1,0.038570,301.283130
2017-09-01,-0.00289064,105.4135,1,0.031764,281.559150,0.00160783,34.1446,1,0.035587,302.247280
2017-09-05,0.00266081,105.6795,1,0.030309,201.789160,-0.00748170,33.3964,1,0.083460,341.295550
2017-09-06,-0.00281939,105.3976,1,0.043879,239.073270,-0.00783144,32.6133,1,0.043444,339.127270
2017-09-07,0.00160944,105.5585,1,0.026136,200.726840,-0.00351670,32.2616,1,0.046390,340.740040
2017-09-08,0.00359833,105.9184,1,0.041627,280.415060,-0.00183826,32.0778,1,0.071666,320.411960
2017-09-11,0.00491348,106.4097,1,0.075992,262.337180,-0.01122767,30.9550,1,0.110757,322.016480
2017-09-12,-0.00393783,106.0159,1,0.040413,283.439280,0.00762522,31.7175,0,0.000000,0.000000
2017-09-13,-0.00478616,105.5373,1,0.033636,261.042790,-0.00088799,31.6287,1,0.033569,282.831366
2017-09-14,-0.00013682,105.5236,1,0.023342,220.638240,-0.00138947,31.4898,1,0.030597,319.225950
2017-09-15,-0.00212275,105.3114,1,0.035765,201.132500,0.00466252,31.9560,1,0.047578,340.112430
2017-09-18,-0.00407150,104.9042,1,0.048230,240.981570,0.01167351,33.1234,1,0.048759,281.281570
2017-09-19,-0.00349661,104.5546,1,0.024771,201.048540,0.00832856,33.9562,1,0.028354,261.625510
2017-09-20,-0.00007994,104.5466,1,0.030414,239.839270,-0.00951245,33.0050,1,0.023115,241.181590
2017-09-21,-0.00105308,104.4412,1,0.051318,319.375720,0.00448464,33.4535,1,0.059786,379.950170
2017-09-22,0.00477360,104.9186,1,0.022340,220.665990,-0.00207555,33.2459,1,0.048415,240.519270
2017-09-25,-0.00131801,104.7868,1,0.021311,200.332980,-0.00285366,32.9605,1,0.051426,300.399480
2017-09-26,-0.00452820,104.3340,1,0.037080,279.311270,0.00323973,33.2845,1,0.040977,340.602880
2017-09-27,-0.00233715,104.1003,1,0.026385,221.416140,-0.00741527,32.5430,1,0.026617,281.295430
2017-09-28,0.00036632,104.1369,1,0.025918,241.572870,0.00403554,32.9465,1,0.041066,361.494910
2017-09-29,-0.00087239,104.0497,1,0.032279,261.002890,-0.00208115,32.7384,1,0.032015,281.255380
2017-10-02,0.00459498,104.5092,1,0.035872,261.098800,-0.01053101,31.6853,1,0.033621,300.745460
2017-10-03,-0.00537873,103.9713,1,0.027383,241.433490,-0.00247199,31.4381,1,0.036709,321.156340
2017-10-04,0.00078104,104.0494,1,0.024606,201.421330,-0.00199757,31.2384,1,0.039817,320.999850
2017-10-05,-0.00528657,103.5207,1,0.013097,141.429310,-0.00063179,31.1752,1,0.034239,320.750140
2017-10-06,0.00386408,103.9071,1,0.020822,201.003980,-0.00563358,30.6118,1,0.034468,320.818080
2017-10-09,-0.00887320,103.0198,1,0.015030,159.974250,0.00404717,31.0165,1,0.030503,339.782310
2017-10-10,-0.00893499,102.1263,1,0.023599,180.748810,0.00848711,31.8653,1,0.035909,319.908040
2017-10-11,-0.00259891,101.8664,1,0.016101,161.512800,0.00032731,31.8980,1,0.028359,301.314780
2017-10-12,0.00126838,101.9933,1,0.016912,160.879110,0.00000807,31.8988,1,0.034083,300.505070
2017-10-13,0.00080811,102.0741,1,0.016799,161.126990,-0.01006964,30.8918,1,0.036814,320.894310
2017-10-16,-0.00238846,101.8352,1,0.020046,180.275270,0.00616844,31.5087,1,0.056656,399.654310
2017-10-17,0.01399288,103.2345,1,0.034852,160.915740,-0.01023125,30.4856,1,0.061125,280.852160
2017-10-18,0.00232343,103.4669,1,0.033077,260.577020,0.00221875,30.7074,1,0.044315,360.424660
2017-10-19,-0.00197936,103.2689,1,0.024666,181.230960,-0.00089594,30.6178,1,0.034504,281.495790
2017-10-20,-0.00965654,102.3033,1,0.042054,220.407350,0.01629987,32.2478,1,0.054953,320.612750
2017-10-23,0.01109292,103.4126,1,0.012668,122.468520,-0.00986500,31.2613,0,0.000000,0.000000
2017-10-24,0.00545565,103.9581,1,0.026555,260.847300,-0.00508565,30.7528,1,0.036235,383.273071
2017-10-25,0.00170855,104.1290,1,0.028185,261.468260,-0.00634648,30.1181,1,0.039088,340.868310
2017-10-26,-0.00428122,103.7009,1,0.028772,239.500540,-0.00067994,30.0501,1,0.040244,338.828180
2017-10-27,0.00084737,103.7856,1,0.014003,183.463530,-0.00363963,29.6861,1,0.035123,321.758830
2017-10-30,-0.00182019,103.6036,1,0.057169,202.364080,-0.00620658,29.0655,1,0.076078,341.753400
2017-10-31,0.00204133,103.8077,1,0.025807,239.988730,0.00372348,29.4378,0,0.000000,0.000000
2017-11-01,0.00567861,104.3756,1,0.038449,340.444460,-0.00757636,28.6802,1,0.048026,299.775903
2017-11-02,-0.00292276,104.0833,1,0.051516,260.690630,0.02323445,31.0036,1,0.077355,361.167110
2017-11-03,0.00163236,104.2465,1,0.029844,221.270160,0.00112360,31.1160,1,0.036970,242.474100
2017-11-06,0.00101471,104.3480,1,0.027729,241.301020,-0.00530734,30.5853,1,0.045674,362.290290
2017-11-07,0.01090660,105.4387,1,0.030750,219.971760,-0.00374294,30.2110,1,0.034874,280.154760
2017-11-08,0.00503299,105.9420,1,0.029441,240.845650,-0.00212832,29.9981,1,0.037662,319.589340
2017-11-09,-0.00540735,105.4012,1,0.032495,221.050940,0.00433769,30.4319,1,0.031411,300.788970
2017-11-10,0.00321073,105.7223,1,0.031567,220.814320,-0.00290120,30.1418,1,0.036630,300.811240
2017-11-13,0.00675856,106.3982,1,0.027734,220.277480,0.00019811,30.1616,1,0.043649,379.756230
2017-11-14,-0.00324256,106.0739,1,0.050216,241.086990,0.01247276,31.4089,1,0.072854,301.266300
2017-11-15,0.00047293,106.1212,1,0.034737,220.755740,0.00418922,31.8278,1,0.039418,261.808250
2017-11-16,-0.00993819,105.1274,1,0.035979,259.450530,0.01163180,32.9910,1,0.034170,280.469960
2017-11-17,-0.00231748,104.8956,1,0.046788,243.519580,0.00298982,33.2900,0,0.000000,0.000000
2017-11-20,-0.00381798,104.5138,1,0.037978,220.631600,0.00265468,33.5554,1,0.054522,342.711867
2017-11-21,0.00172876,104.6867,1,0.029184,200.899460,-0.00089388,33.4660,1,0.039508,300.488410
2017-11-22,-0.00524175,104.1625,1,0.041445,240.775940,-0.00192480,33.2736,1,0.058280,340.838780
2017-11-24,0.00329940,104.4925,1,0.032500,200.274890,-0.00302798,32.9708,1,0.050018,319.916740
2017-11-27,0.00001968,104.4944,1,0.046672,260.563820,-0.00203967,32.7668,1,0.056097,320.537500
2017-11-28,-0.00579917,103.9145,1,0.037887,240.901500,0.00493778,33.2606,1,0.037732,320.431590
2017-11-29,-0.01067588,102.8469,1,0.028318,202.525290,0.00309819,33.5704,0,0.000000,0.000000
2017-11-30,-0.00215076,102.6319,1,0.020496,202.549630,-0.00033173,33.5372,1,0.032583,304.632001
2017-12-01,-0.00347948,102.2839,1,0.020908,202.636820,0.00149555,33.6868,0,0.000000,0.000000
2017-12-04,-0.01602896,100.6810,1,0.024246,220.131380,-0.00016267,33.6705,1,0.050327,301.680543
2017-12-05,0.00546173,101.2272,1,0.016587,162.178150,-0.01181679,32.4888,1,0.034499,302.227720
2017-12-06,-0.00666034,100.5612,1,0.026674,239.368900,-0.00752651,31.7362,1,0.048941,358.379620
2017-12-07,-0.00866480,99.6947,1,0.023760,220.183280,0.00064042,31.8002,1,0.030638,282.164810
2017-12-08,-0.01187862,98.5068,1,0.018082,201.357660,0.00888387,32.6886,1,0.041753,322.119500
2017-12-11,0.00205550,98.7124,1,0.024210,201.935080,-0.01578251,31.1104,0,0.000000,0.000000
2017-12-12,0.00927069,99.6394,1,0.028951,260.552140,-0.01172358,29.9380,1,0.065838,401.347513
2017-12-13,-0.00762464,98.8770,1,0.033194,259.855560,0.00086377,30.0244,1,0.050823,359.713560
2017-12-14,0.00218326,99.0953,1,0.026714,181.363570,-0.00571223,29.4532,1,0.050733,300.950040
2017-12-15,-0.00352362,98.7429,1,0.022152,219.169500,-0.00387960,29.0652,0,0.000000,0.000000
2017-12-18,0.00472356,99.2153,1,0.028114,261.776350,0.00560913,29.6261,0,0.000000,0.000000
2017-12-19,-0.00519898,98.6954,1,0.024208,221.397250,-0.00129927,29.4962,1,0.032577,301.994625
2017-12-20,-0.00515917,98.1795,1,0.021937,240.240450,0.00716570,30.2128,1,0.049470,339.431790
2017-12-21,-0.00615626,97.5639,1,0.021746,220.909100,0.00870284,31.0830,1,0.035326,260.645040
2017-12-22,0.00046459,97.6103,1,0.026761,180.801780,-0.00120967,30.9621,1,0.029757,240.457250
2017-12-26,-0.00398367,97.2119,1,0.035717,240.566200,-0.00031856,30.9302,1,0.045416,340.199750
2017-12-27,0.00103571,97.3155,1,0.034279,201.063550,0.00035860,30.9661,1,0.049720,341.141940
2017-12-28,0.00582662,97.8982,1,0.026578,220.413610,-0.00448970,30.5171,1,0.036830,320.409220
2017-12-29,0.00483448,98.3816,1,0.031042,260.837960,-0.00386828,30.1303,1,0.042228,360.608000
2018-01-02,0.00578426,98.9600,1,0.026324,279.743910,-0.00963069,29.1672,1,0.028539,319.410840
2018-01-03,0.00167582,99.1276,1,0.041758,221.471110,0.00636374,29.8036,1,0.071406,381.297830
2018-01-04,-0.00899187,98.2284,1,0.017387,162.131600,0.01023222,30.8268,1,0.042658,261.841600
2018-01-05,0.00050275,98.2787,1,0.013395,121.655100,0.00471343,31.2981,1,0.018387,221.758300
2018-01-08,-0.00041157,98.2376,1,0.026117,221.949810,0.00012774,31.3109,1,0.026776,281.703570
2018-01-09,-0.01422532,96.8150,1,0.024792,200.873360,0.00284441,31.5954,1,0.053159,261.237190
2018-01-10,-0.00527101,96.2879,1,0.019941,161.893000,0.00960407,32.5558,1,0.057593,321.165240
2018-01-11,-0.01037528,95.2504,1,0.027768,200.501280,0.01236237,33.7920,1,0.021563,221.035440
2018-01-12,-0.00897515,94.3529,1,0.030575,182.782220,0.00733038,34.5250,1,0.025892,243.363780
2018-01-16,0.00125156,94.4780,1,0.017124,161.340040,0.00097906,34.6229,1,0.021984,241.582150
2018-01-17,0.00218758,94.6968,1,0.016492,179.882500,0.00765280,35.3882,1,0.040400,360.015470
2018-01-18,-0.01302111,93.3947,1,0.033631,202.453090,0.00082352,35.4706,0,0.000000,0.000000
2018-01-19,-0.00557930,92.8368,1,0.017000,141.567680,0.00493668,35.9642,1,0.034502,322.815515
2018-01-22,-0.00684058,92.1527,1,0.013728,121.589250,0.00005422,35.9697,1,0.033028,301.429010
2018-01-23,-0.00086004,92.0667,1,0.020294,181.753330,0.00161777,36.1314,1,0.043273,321.494030
2018-01-24,-0.00114928,91.9518,1,0.019138,161.091610,-0.00687091,35.4444,1,0.040001,340.960490
2018-01-25,0.00207201,92.1590,1,0.022059,200.714610,0.00458225,35.9026,1,0.035065,380.317310
2018-01-26,-0.00718318,91.4407,1,0.026878,181.400600,-0.00717347,35.1852,1,0.028197,281.358330
2018-01-29,0.00439555,91.8802,1,0.019605,202.424100,-0.00319484,34.8657,0,0.000000,0.000000
2018-01-30,0.00014768,91.8950,1,0.044182,279.746080,0.01086741,35.9525,0,0.000000,0.000000
2018-01-31,0.00192619,92.0876,1,0.021901,180.066610,0.00332551,36.2850,0,0.000000,0.000000
2018-02-01,0.00834554,92.9221,1,0.040586,320.073020,-0.01285049,35.0000,1,0.040179,281.071571
2018-02-02,-0.00020270,92.9019,1,0.038500,259.740060,-0.00984765,34.0152,1,0.086995,339.394070
2018-02-05,0.00264260,93.1661,0,0.000000,0.000000,-0.01179614,32.8356,0,0.000000,0.000000
2018-02-06,0.00555479,93.7216,1,0.046731,312.945290,0.00938726,33.7743,0,0.000000,0.000000
2018-02-07,-0.00213976,93.5076,1,0.051576,322.876770,-0.00810041,32.9643,1,0.029951,275.805714
2018-02-08,0.00196271,93.7039,1,0.048719,260.100260,-0.00459521,32.5048,1,0.046851,379.101430
2018-02-09,0.00376057,94.0800,0,0.000000,0.000000,-0.00521179,31.9836,0,0.000000,0.000000
2018-02-12,0.00807018,94.8870,0,0.000000,0.000000,0.00124314,32.1079,0,0.000000,0.000000
2018-02-13,-0.00236982,94.6500,1,0.095352,318.613643,0.00098179,32.2061,0,0.000000,0.000000
2018-02-14,-0.00496392,94.1536,1,0.043922,220.657130,0.00283968,32.4901,1,0.058992,299.549072
2018-02-15,0.00391781,94.5454,1,0.017849,163.143330,-0.01737374,30.7527,1,0.051414,323.187860
2018-02-16,0.00886506,95.4319,1,0.029794,181.836770,0.00487633,31.2403,1,0.040227,341.937760
2018-02-20,-0.00038057,95.3938,1,0.024397,121.526840,-0.01170538,30.0698,1,0.038198,260.723700
2018-02-21,-0.00979774,94.4141,1,0.038204,240.623920,-0.01355581,28.7142,1,0.054301,339.847820
2018-02-22,0.02479286,96.8934,1,0.053094,161.505210,-0.01986133,26.7281,1,0.070493,319.674280
2018-02-23,-0.00803655,96.0897,1,0.048265,181.452020,0.00579533,27.3076,1,0.071547,400.335520
2018-02-26,-0.00114923,95.9748,1,0.014583,143.220570,-0.00476364,26.8312,0,0.000000,0.000000
2018-02-27,-0.00208965,95.7658,1,0.009285,82.114840,-0.00397332,26.4339,1,0.053142,345.014677
2018-02-28,0.00290568,96.0564,1,0.023562,220.126600,-0.00045970,26.3879,0,0.000000,0.000000
2018-03-01,0.00425842,96.4822,0,0.000000,0.000000,0.00465001,26.8529,0,0.000000,0.000000
2018-03-02,-0.00705862,95.7764,0,0.000000,0.000000,-0.00069523,26.7834,1,0.036683,277.159956
2018-03-05,0.00277444,96.0538,1,0.054916,259.594344,-0.00885270,25.8981,1,0.054590,341.919000
2018-03-06,-0.00133513,95.9203,1,0.033303,182.176440,0.00590406,26.4885,0,0.000000,0.000000
2018-03-07,0.00035395,95.9557,1,0.039185,201.591810,-0.00164934,26.3236,1,0.053694,322.809137
2018-03-08,0.00426737,96.3824,1,0.022633,181.112420,-0.00482545,25.8411,1,0.046715,340.561300
2018-03-09,0.00061224,96.4436,1,0.034176,220.395130,-0.00330458,25.5106,1,0.030718,301.404850
2018-03-12,0.01163978,97.6076,1,0.029572,203.268600,-0.00211392,25.2992,0,0.000000,0.000000
2018-03-13,-0.00066850,97.5408,0,0.000000,0.000000,0.00076267,25.3755,1,0.033093,322.854671
2018-03-14,-0.00371151,97.1696,1,0.033791,200.742294,-0.00352230,25.0233,1,0.045270,340.423080
2018-03-15,0.00944174,98.1138,0,0.000000,0.000000,0.00281734,25.3050,1,0.045466,318.774260
2018-03-16,-0.00096946,98.0168,1,0.036076,259.004421,0.00600968,25.9060,1,0.037262,340.079340
2018-03-19,-0.00917749,97.0991,0,0.000000,0.000000,-0.00076483,25.8295,1,0.032223,321.877030
2018-03-20,-0.00638899,96.4602,0,0.000000,0.000000,-0.00255129,25.5743,0,0.000000,0.000000
2018-03-21,0.00939588,97.3998,0,0.000000,0.000000,-0.00693141,24.8812,1,0.038991,339.019081
2018-03-22,0.00561415,97.9612,1,0.047365,279.426401,-0.00816361,24.0648,1,0.042341,360.646430
2018-03-23,0.00275258,98.2365,0,0.000000,0.000000,0.00188688,24.2535,0,0.000000,0.000000
2018-03-26,-0.00063790,98.1727,0,0.000000,0.000000,0.00103515,24.3570,0,0.000000,0.000000
2018-03-27,0.01672841,99.8455,1,0.031779,200.545834,-0.01326203,23.0308,0,0.000000,0.000000
2018-03-28,0.01368301,101.2138,0,0.000000,0.000000,0.02140804,25.1716,1,0.039006,336.340344
2018-03-29,-0.00489554,100.7243,0,0.000000,0.000000,-0.01030188,24.1415,1,0.041428,242.161490
2018-04-02,0.00878489,101.6027,1,0.040971,281.463032,0.00875545,25.0170,0,0.000000,0.000000
2018-04-03,0.00658614,102.2614,1,0.040656,316.222580,0.00160157,25.1772,0,0.000000,0.000000
2018-04-04,0.00255071,102.5164,1,0.036939,282.700010,-0.00012760,25.1644,0,0.000000,0.000000
2018-04-05,-0.00153357,102.3631,1,0.027997,182.691510,-0.00891939,24.2725,0,0.000000,0.000000
2018-04-06,-0.00941740,101.4213,1,0.012820,122.008540,-0.00348052,23.9244,1,0.057622,364.442109
2018-04-09,-0.00029015,101.3923,1,0.019175,179.086000,0.00138116,24.0625,0,0.000000,0.000000
2018-04-10,0.00350364,101.7427,1,0.035086,240.730780,0.01252269,25.3148,1,0.038361,297.583377
2018-04-11,0.00220720,101.9634,1,0.035520,243.330250,-0.00564046,24.7508,0,0.000000,0.000000
2018-04-12,0.00753663,102.7171,1,0.019037,199.602660,-0.00565978,24.1848,1,0.039108,342.875857
2018-04-13,0.00864158,103.5812,1,0.027872,201.109460,-0.01395557,22.7892,1,0.044327,361.566330
2018-04-16,0.00173191,103.7544,1,0.029339,219.690730,-0.00671442,22.1178,1,0.045912,379.842410
2018-04-17,0.00401722,104.1561,1,0.028018,182.223110,-0.00065786,22.0520,0,0.000000,0.000000
2018-04-18,0.00176867,104.3330,1,0.029083,182.626340,-0.00330122,21.7219,1,0.030222,304.966526
2018-04-19,-0.00155126,104.1779,1,0.018656,160.448370,0.00221920,21.9438,1,0.036180,341.209580
2018-04-20,-0.00933079,103.2448,1,0.019519,159.747490,0.00515930,22.4597,0,0.000000,0.000000
2018-04-23,-0.00304384,102.9404,1,0.013594,140.411420,-0.00682360,21.7774,0,0.000000,0.000000
2018-04-24,-0.01112523,101.8279,1,0.031983,161.033250,0.00887522,22.6649,1,0.039138,338.667761
2018-04-25,-0.00843447,100.9844,1,0.015217,159.964660,-0.00145666,22.5192,1,0.038876,319.945400
2018-04-26,0.00485108,101.4696,1,0.020392,181.545830,-0.00490061,22.0292,1,0.050851,341.800450
2018-04-27,0.00311041,101.7806,1,0.034089,142.251160,-0.00147352,21.8818,1,0.054152,381.586790
2018-04-30,0.00495507,102.2761,1,0.026353,180.360270,-0.00116463,21.7653,1,0.054913,359.993440
2018-05-01,-0.00040566,102.2355,1,0.060736,279.272320,0.00430338,22.1957,0,0.000000,0.000000
2018-05-02,0.00328695,102.5642,1,0.060185,181.274990,-0.00692254,21.5034,1,0.024304,260.335060
2018-05-03,-0.00245711,102.3185,1,0.024181,181.248200,0.00208949,21.7124,1,0.047171,319.374230
2018-05-04,-0.00157746,102.1608,1,0.025816,180.874370,-0.00410631,21.3017,1,0.067971,340.711080
2018-05-07,-0.00199536,101.9612,1,0.027946,223.453170,-0.00889355,20.4124,0,0.000000,0.000000
2018-05-08,-0.00702946,101.2583,1,0.030806,240.974430,0.01875060,22.2874,1,0.038220,362.897552
2018-05-09,-0.01091050,100.1672,1,0.030550,181.414220,0.00382175,22.6696,1,0.036685,222.496620
2018-05-10,-0.00218405,99.9488,1,0.019245,141.588480,-0.00398874,22.2707,1,0.030994,261.027560
2018-05-11,-0.00553143,99.3957,1,0.019823,161.734240,-0.00411319,21.8594,0,0.000000,0.000000
2018-05-14,0.01758870,101.1546,1,0.018490,181.243740,-0.01391210,20.4682,1,0.039990,362.995911
2018-05-15,-0.01244060,99.9105,1,0.029960,241.921460,0.01474232,21.9424,1,0.047238,341.248700
2018-05-16,-0.00700710,99.2098,1,0.023530,201.449060,0.00511199,22.4536,1,0.033361,261.545770
2018-05-17,-0.00798890,98.4109,1,0.016570,161.398200,-0.00051492,22.4022,1,0.030382,281.857340
2018-05-18,-0.00123740,98.2872,1,0.015400,101.384060,-0.00162648,22.2395,1,0.030878,300.760350
2018-05-21,-0.00658354,97.6288,1,0.024694,181.207760,0.00993667,23.2332,1,0.029533,301.141650
2018-05-22,0.00497548,98.1264,1,0.024192,222.364060,0.00288843,23.5220,1,0.035137,282.499340
2018-05-23,0.00074623,98.2010,1,0.023097,200.813820,-0.00655646,22.8664,1,0.039316,300.589920
2018-05-24,0.00300413,98.5014,1,0.026587,220.020040,-0.00302644,22.5637,1,0.041334,340.265250
2018-05-25,0.00199659,98.7011,1,0.027461,221.229280,0.00199656,22.7634,1,0.042574,320.737070
2018-05-29,-0.00348465,98.3526,1,0.027695,201.345800,0.01336689,24.1001,1,0.035731,281.532110
2018-05-30,-0.00047468,98.3051,1,0.023878,180.559850,-0.00556539,23.5435,1,0.036899,260.075300
2018-05-31,0.00091411,98.3965,1,0.026449,243.100530,-0.00077217,23.4663,0,0.000000,0.000000
2018-06-01,0.00821506,99.2180,1,0.037894,378.517360,-0.00645447,22.8209,0,0.000000,0.000000
2018-06-04,-0.00676052,98.5420,1,0.055602,341.668680,0.00188406,23.0093,1,0.060124,382.617762
2018-06-05,0.00060762,98.6027,1,0.024098,221.506210,0.00455780,23.4651,1,0.028500,261.880450
2018-06-06,-0.00766048,97.8367,1,0.031968,221.187420,0.00624189,24.0892,1,0.038781,261.049120
2018-06-07,0.00506824,98.3435,1,0.034176,242.557100,-0.00100055,23.9892,1,0.038455,322.296230
2018-06-08,-0.00363733,97.9798,1,0.036863,280.388900,0.00206539,24.1957,1,0.037581,340.386500
2018-06-11,-0.00197919,97.7819,1,0.034519,241.960090,-0.00035073,24.1607,0,0.000000,0.000000
2018-06-12,-0.00287315,97.4946,1,0.029105,201.382780,0.00109017,24.2697,1,0.035273,342.142234
2018-06-13,0.00260378,97.7549,1,0.030292,202.024970,-0.00274650,23.9950,1,0.040220,281.792230
2018-06-14,0.00030598,97.7855,1,0.053132,259.272750,-0.00305614,23.6894,1,0.057554,318.695710
2018-06-15,-0.00885776,96.8998,1,0.037766,260.671810,0.00336339,24.0257,1,0.040801,321.197280
2018-06-18,-0.00251534,96.6482,1,0.023304,220.197530,0.00310671,24.3364,1,0.034629,300.433160
2018-06-19,-0.00268794,96.3794,1,0.021654,200.478630,0.00774100,25.1105,1,0.032640,300.818760
2018-06-20,0.00116883,96.4963,1,0.026817,240.227760,-0.00100294,25.0102,1,0.034964,260.147440
2018-06-21,-0.00868792,95.6275,1,0.040402,261.494960,0.00959736,25.9700,1,0.043094,301.329710
2018-06-22,-0.02059025,93.5685,1,0.026195,220.233410,0.01299217,27.2692,1,0.025083,260.718170
2018-06-25,-0.00303043,93.2654,1,0.019993,161.422890,0.00655953,27.9251,1,0.030957,261.758900
2018-06-26,0.00550654,93.8161,1,0.029136,240.264190,-0.00551920,27.3732,1,0.037690,319.321830
2018-06-27,-0.00492448,93.3237,1,0.018158,180.845590,-0.00020413,27.3528,1,0.034693,360.243610
2018-06-28,-0.00612334,92.7113,1,0.024104,239.406970,0.00286450,27.6392,0,0.000000,0.000000
2018-06-29,0.00427327,93.1386,1,0.027163,261.016550,0.00261464,27.9007,1,0.032446,318.740857
2018-07-02,0.01146412,94.2851,1,0.045168,220.963770,-0.00337420,27.5633,1,0.047570,260.803310
2018-07-03,0.00439860,94.7249,1,0.037750,199.901820,-0.01053377,26.5099,1,0.063087,320.347270
2018-07-05,0.00140647,94.8656,1,0.044573,200.128930,-0.00283390,26.2265,1,0.084750,399.559350
2018-07-06,-0.00353844,94.5117,1,0.028124,221.998920,-0.00188636,26.0379,0,0.000000,0.000000
2018-07-09,0.00290671,94.8024,1,0.027969,181.262420,-0.00173701,25.8642,0,0.000000,0.000000
2018-07-10,0.00741910,95.5443,1,0.019790,122.708320,-0.00495288,25.3689,1,0.045228,325.594188
2018-07-11,-0.00916751,94.6276,1,0.023401,200.365580,0.00224130,25.5930,1,0.042090,380.390460
2018-07-12,0.00277826,94.9054,1,0.019034,160.621990,-0.00325801,25.2672,1,0.033681,299.153720
2018-07-13,-0.00096033,94.8093,1,0.019993,181.347200,0.00250160,25.5174,1,0.033350,301.567100
2018-07-16,-0.00222603,94.5867,1,0.026693,220.884020,-0.00553213,24.9642,1,0.032113,300.901490
2018-07-17,0.00950242,95.5370,1,0.025278,220.343230,0.00180027,25.1442,1,0.037233,340.084640
2018-07-18,0.00614969,96.1520,1,0.047501,261.265800,0.00206712,25.3509,1,0.071748,341.462840
2018-07-19,0.01509638,97.6616,1,0.037122,260.266990,-0.01947281,23.4036,1,0.046961,301.191480
2018-07-20,-0.00101254,97.5603,1,0.032694,220.371100,0.00103573,23.5072,1,0.039437,359.814960
2018-07-23,-0.00266018,97.2943,1,0.028718,180.223580,-0.00204091,23.3031,1,0.045741,300.252590
2018-07-24,-0.00386024,96.9083,1,0.026094,160.716140,-0.00808692,22.4944,1,0.049242,340.657650
2018-07-25,0.00138606,97.0469,1,0.015864,160.385570,0.00349829,22.8443,1,0.033451,321.960590
2018-07-26,0.01706492,98.7534,1,0.017108,181.161330,-0.00007321,22.8369,1,0.026751,303.012280
2018-07-27,-0.01320123,97.4333,1,0.020013,182.847080,0.02243645,25.0806,1,0.036135,342.125950
2018-07-30,0.00297080,97.7304,1,0.020340,101.601790,0.00573713,25.6543,1,0.035147,241.088920
2018-07-31,0.00443774,98.1741,1,0.021526,139.982620,0.00624450,26.2787,1,0.034500,259.930540
2018-08-01,0.01621129,99.7953,1,0.036121,241.501700,-0.00448418,25.8303,1,0.052558,282.169350
2018-08-02,-0.01201700,98.5936,1,0.076490,319.652230,0.01265113,27.0954,1,0.062477,340.177940
2018-08-03,-0.00068413,98.5251,1,0.047803,242.651690,-0.01389759,25.7057,1,0.042569,262.729890
2018-08-06,-0.00069053,98.4561,1,0.035493,260.945650,-0.00209052,25.4966,1,0.042622,359.951990
2018-08-07,0.02454858,100.9109,1,0.026492,181.288380,-0.00567414,24.9292,1,0.036694,341.076890
2018-08-08,0.00825021,101.7360,1,0.026419,242.462530,-0.00883834,24.0454,1,0.034594,300.902220
2018-08-09,-0.00168878,101.5671,1,0.035738,280.103080,-0.00072404,23.9730,1,0.044434,359.655920
2018-08-10,-0.01108411,100.4587,1,0.022371,201.057420,0.01185618,25.1586,1,0.031862,300.770030
2018-08-13,-0.00618947,99.8397,1,0.018187,161.024440,0.00824331,25.9829,0,0.000000,0.000000
2018-08-14,0.00020827,99.8606,1,0.021253,181.696420,0.00324281,26.3072,1,0.028919,299.690427
2018-08-15,0.00055769,99.9163,1,0.036851,242.205100,0.00661578,26.9688,0,0.000000,0.000000
2018-08-16,0.00138897,100.0552,1,0.035573,299.336060,-0.00489347,26.4794,1,0.029487,302.045247
2018-08-17,0.00593702,100.6489,1,0.044598,241.684930,-0.00531253,25.9482,1,0.038003,321.508980
2018-08-20,-0.00286372,100.3626,1,0.026572,260.690880,0.00389843,26.3380,1,0.042837,380.872910
2018-08-21,0.00525321,100.8879,1,0.019409,200.938240,-0.00215919,26.1221,1,0.038289,320.918380
2018-08-22,-0.00239469,100.6484,1,0.024979,241.530690,-0.00094206,26.0279,1,0.034946,320.999770
2018-08-23,-0.00210725,100.4377,1,0.037515,260.308530,0.00197103,26.2250,1,0.035897,320.074480
2018-08-24,-0.00148960,100.2887,1,0.023750,220.574550,-0.00301837,25.9232,1,0.030667,340.092940
2018-08-27,0.00056688,100.3454,1,0.024872,201.046930,0.00961810,26.8850,1,0.032350,341.108890
2018-08-28,-0.00008635,100.3368,1,0.038215,261.363000,-0.00333371,26.5516,1,0.025801,261.763020
2018-08-29,-0.00115635,100.2211,1,0.026145,220.901980,0.00020623,26.5722,1,0.046007,340.386230
2018-08-30,0.00290920,100.5121,1,0.030690,240.809190,-0.00475419,26.0968,1,0.051559,300.858990
2018-08-31,0.00488614,101.0007,1,0.030576,239.365390,-0.00400494,25.6963,1,0.035654,278.928080
2018-09-04,0.00116066,101.1167,1,0.026614,241.041470,-0.00259817,25.4365,1,0.038937,320.882020
2018-09-05,0.00430862,101.5476,1,0.045668,200.631160,0.00709187,26.1457,1,0.048283,300.194300
2018-09-06,-0.01582706,99.9649,1,0.034476,220.889010,0.01489721,27.6354,1,0.041429,260.447390
2018-09-07,-0.00734330,99.2306,1,0.015190,161.815970,0.00809724,28.4451,1,0.030446,261.548530
2018-09-10,0.00431770,99.6623,1,0.009400,121.248640,-0.00614611,27.8305,1,0.040871,320.041250
2018-09-11,0.00168250,99.8306,1,0.024090,240.564710,-0.00866994,26.9635,1,0.045164,340.753820
2018-09-12,0.00763340,100.5939,1,0.019060,220.798080,-0.00249630,26.7139,1,0.039720,340.792110
2018-09-13,-0.00565848,100.0281,1,0.034828,260.141000,0.00732710,27.4466,1,0.027100,301.152490
2018-09-14,0.00192301,100.2204,1,0.034569,221.261420,-0.00150816,27.2958,1,0.032226,281.650630
2018-09-17,0.01432815,101.6532,1,0.030965,260.936770,-0.01359183,25.9366,1,0.035773,340.562650
2018-09-18,0.00732443,102.3856,1,0.031957,338.782120,-0.00837344,25.0993,1,0.043194,358.750190
2018-09-19,-0.00612941,101.7727,1,0.030481,300.504040,-0.00375721,24.7235,1,0.049471,400.468210
2018-09-20,-0.00358705,101.4140,1,0.026845,261.218800,0.00330228,25.0538,1,0.035682,320.773050
2018-09-21,-0.01044714,100.3693,1,0.021014,261.708700,0.00339309,25.3931,1,0.029731,302.141630
2018-09-24,-0.00457584,99.9117,1,0.025614,161.022780,0.00186803,25.5799,1,0.039077,280.767200
2018-09-25,0.00470467,100.3822,1,0.026603,240.461650,0.00333452,25.9133,0,0.000000,0.000000
2018-09-26,-0.00458137,99.9240,1,0.043827,300.041370,0.00373408,26.2867,1,0.047352,319.632576
2018-09-27,-0.00360858,99.5632,1,0.034298,239.457630,0.00237165,26.5239,1,0.039435,339.198820
2018-09-28,-0.00138939,99.4242,1,0.014229,180.788600,0.00216958,26.7409,1,0.025172,260.871240
2018-10-01,-0.00538300,98.8859,1,0.019440,200.885690,-0.00276577,26.4643,1,0.037697,320.557810
2018-10-02,0.01383768,100.2697,1,0.033502,200.519020,-0.00002209,26.4621,1,0.045409,340.233680
2018-10-03,0.00255826,100.5255,1,0.037154,221.307810,-0.01698971,24.7631,1,0.054741,340.856900
2018-10-04,-0.00503095,100.0224,1,0.024495,180.949820,0.00128829,24.8919,1,0.039511,379.360690
2018-10-05,-0.00297690,99.7247,1,0.022110,160.738160,0.00921812,25.8137,1,0.028438,319.247760
2018-10-08,-0.00538477,99.1863,0,0.000000,0.000000,0.01735177,27.5489,1,0.023393,260.493290
2018-10-09,-0.01571272,97.6150,1,0.015632,142.527773,0.01800819,29.3497,1,0.026021,222.059750
2018-10-10,-0.01082298,96.5327,1,0.014758,140.958440,0.01576897,30.9266,1,0.036393,260.954740
2018-10-11,0.00486126,97.0188,1,0.027004,180.134220,-0.00577293,30.3493,0,0.000000,0.000000
2018-10-12,0.00090017,97.1088,1,0.021013,181.044810,0.00250938,30.6003,0,0.000000,0.000000
2018-10-15,-0.00805532,96.3033,1,0.037942,302.169930,-0.00704975,29.8953,1,0.051305,315.384779
2018-10-16,0.01082413,97.3857,1,0.015157,121.280390,-0.00703553,29.1918,1,0.037433,300.422250
2018-10-17,-0.00285879,97.0998,1,0.028379,223.867290,-0.01194815,27.9969,0,0.000000,0.000000
2018-10-18,-0.00153806,96.9460,1,0.015676,140.506040,-0.00194426,27.8025,1,0.043766,363.777002
2018-10-19,-0.00469070,96.4770,1,0.040890,239.091430,0.00098264,27.9008,0,0.000000,0.000000
2018-10-22,0.00667202,97.1442,1,0.041318,180.708620,-0.01235592,26.6652,1,0.034812,297.100214
2018-10-23,-0.00097637,97.0465,0,0.000000,0.000000,-0.01686771,24.9784,1,0.050901,380.006680
2018-10-24,-0.01975044,95.0715,1,0.029914,238.589195,0.00645601,25.6240,1,0.083229,340.706570
2018-10-25,0.01895796,96.9673,1,0.040614,258.143990,0.02114252,27.7383,0,0.000000,0.000000
2018-10-26,-0.00798583,96.1687,1,0.069083,323.907430,0.01300925,29.0392,1,0.047225,281.492940
2018-10-29,-0.00927241,95.2414,1,0.066881,239.342020,0.01336449,30.3756,0,0.000000,0.000000
2018-10-30,0.00691017,95.9325,1,0.084943,241.604020,-0.01816526,28.5591,1,0.030596,260.645002
2018-10-31,-0.00238221,95.6942,1,0.054661,283.971800,-0.01891777,26.6673,0,0.000000,0.000000
2018-11-01,-0.00248201,95.4460,1,0.039551,162.295880,0.00838849,27.5062,1,0.044301,365.197415
2018-11-02,0.00784660,96.2307,1,0.026410,184.484650,0.00359937,27.8661,1,0.032693,322.722850
2018-11-05,-0.00266188,95.9645,1,0.013148,140.400270,-0.00941116,26.9250,1,0.034106,280.886430
2018-11-06,-0.01053814,94.9107,1,0.027954,181.470180,-0.00442673,26.4823,1,0.043403,322.637150
2018-11-07,0.01230321,96.1410,1,0.023029,182.249920,-0.01764151,24.7182,0,0.000000,0.000000
2018-11-08,0.01917711,98.0587,1,0.036349,203.519970,0.00752221,25.4704,0,0.000000,0.000000
2018-11-09,0.00443346,98.5021,1,0.014594,159.013320,0.00540302,26.0107,1,0.057288,285.513827
2018-11-12,-0.00076189,98.4259,1,0.016599,159.813880,0.01066956,27.0777,1,0.043384,300.051090
2018-11-13,-0.00154884,98.2710,1,0.021074,140.142890,-0.00427056,26.6506,0,0.000000,0.000000
2018-11-14,-0.00112708,98.1583,1,0.022698,181.136810,-0.00507386,26.1432,1,0.045036,318.446330
2018-11-15,-0.00257976,97.9003,1,0.012456,100.467930,0.01609728,27.7530,1,0.052392,298.971990
2018-11-16,0.00315879,98.2162,1,0.017901,142.793000,0.00003364,27.7563,1,0.020036,203.592340
2018-11-19,0.01526636,99.7428,1,0.021224,141.390800,-0.00792000,26.9643,1,0.045520,302.727940
2018-11-20,0.00229149,99.9720,1,0.031521,236.013040,-0.01916076,25.0482,1,0.046856,338.616420
2018-11-21,-0.00280919,99.6911,1,0.033739,239.513110,-0.00140100,24.9081,1,0.037160,320.446820
2018-11-23,-0.00594358,99.0967,1,0.030748,162.108980,-0.00187738,24.7204,1,0.051498,321.845040
2018-11-26,0.00437238,99.5339,1,0.059772,160.648590,-0.00500031,24.2204,1,0.119231,320.866120
2018-11-27,-0.00219478,99.3145,1,0.020698,202.281510,0.01658151,25.8785,0,0.000000,0.000000
2018-11-28,0.00021040,99.3355,1,0.023790,159.655160,-0.01824991,24.0535,1,0.037051,284.024369
2018-11-29,-0.00042105,99.2934,1,0.020825,164.998750,0.00485491,24.5390,0,0.000000,0.000000
2018-11-30,0.01170369,100.4638,1,0.034181,198.474720,-0.00412301,24.1267,1,0.036381,322.932487
2018-12-03,-0.00077942,100.3858,1,0.053532,321.507570,-0.00196625,23.9301,1,0.055665,361.751720
2018-12-04,0.00776568,101.1624,1,0.044492,302.351630,-0.02049343,21.8808,1,0.045203,322.258160
2018-12-06,-0.00259060,100.9033,1,0.057130,336.821900,-0.00034554,21.8462,0,0.000000,0.000000
2018-12-07,0.00552626,101.4560,1,0.043284,301.124330,0.00338285,22.1845,1,0.039535,316.793453
2018-12-10,0.00080686,101.5366,1,0.054014,259.423990,0.00038808,22.2233,0,0.000000,0.000000
2018-12-11,-0.00188963,101.3477,0,0.000000,0.000000,0.00246863,22.4702,1,0.044457,279.671854
2018-12-12,-0.00402216,100.9455,1,0.058306,322.053921,0.00224149,22.6943,1,0.036631,280.817080
2018-12-13,0.00921366,101.8668,1,0.061144,262.372550,-0.00821436,21.8729,1,0.049136,302.703040
2018-12-14,0.01028007,102.8948,0,0.000000,0.000000,0.00611863,22.4847,1,0.053237,320.143100
2018-12-17,-0.01028258,101.8666,0,0.000000,0.000000,-0.01684269,20.8005,0,0.000000,0.000000
2018-12-18,0.00083838,101.9504,1,0.037112,199.026478,-0.00620378,20.1801,0,0.000000,0.000000
2018-12-19,0.00904747,102.8552,0,0.000000,0.000000,-0.00453757,19.7263,1,0.038197,297.103912
2018-12-20,0.00301974,103.1571,0,0.000000,0.000000,-0.00085418,19.6409,0,0.000000,0.000000
2018-12-21,0.01220360,104.3775,0,0.000000,0.000000,-0.00044186,19.5967,0,0.000000,0.000000
2018-12-24,-0.02513992,101.8635,0,0.000000,0.000000,-0.00074894,19.5218,0,0.000000,0.000000
2018-12-26,0.00233540,102.0971,0,0.000000,0.000000,0.00944892,20.4667,0,0.000000,0.000000
2018-12-27,-0.00085497,102.0116,1,0.057937,318.169555,0.00742420,21.2091,0,0.000000,0.000000
2018-12-28,0.00655654,102.6672,1,0.050916,282.002680,0.00230910,21.4400,0,0.000000,0.000000
2018-12-31,0.00000639,102.6678,0,0.000000,0.000000,0.00142971,21.5830,1,0.048499,299.412118
2019-01-02,0.02174938,104.8428,1,0.039082,280.842940,-0.01016066,20.5670,0,0.000000,0.000000
2019-01-03,-0.01293893,103.5489,1,0.076183,261.191540,-0.01061951,19.5050,1,0.079741,322.069876
2019-01-04,0.02166612,105.7155,1,0.057328,297.925270,0.01467604,20.9726,0,0.000000,0.000000
2019-01-07,0.00753389,106.4689,1,0.055491,325.673700,0.00121957,21.0946,0,0.000000,0.000000
2019-01-08,-0.00180225,106.2887,1,0.049405,282.094320,0.00851682,21.9462,1,0.059698,303.571686
2019-01-09,0.01719026,108.0077,1,0.030114,183.789580,-0.00699489,21.2468,1,0.048679,323.174580
2019-01-10,0.01144495,109.1522,1,0.055845,322.232380,-0.01217776,20.0290,1,0.055126,343.307630
2019-01-11,0.00176078,109.3283,1,0.039352,261.571940,-0.00215699,19.8133,1,0.053039,342.171870
2019-01-14,-0.00197617,109.1306,1,0.045267,260.741490,-0.00135200,19.6781,1,0.058220,281.545920
2019-01-15,0.00868896,109.9995,1,0.040044,280.106910,-0.01042619,18.6355,1,0.037199,320.168240
2019-01-16,-0.00433864,109.5657,1,0.053814,321.595060,0.00877803,19.5133,1,0.053257,381.771340
2019-01-17,0.00918200,110.4839,1,0.044960,241.044330,-0.00895638,18.6176,1,0.051118,321.019540
2019-01-18,-0.01429561,109.0543,1,0.048971,281.596140,0.01067671,19.6853,1,0.065369,362.126560
2019-01-22,0.00096268,109.1506,1,0.031892,203.886150,-0.01308728,18.3766,0,0.000000,0.000000
2019-01-23,-0.00875694,108.2749,1,0.044494,279.612580,0.01328361,19.7049,1,0.065549,341.371575
2019-01-24,0.00850675,109.1256,1,0.027085,201.291100,-0.00216500,19.4884,1,0.036020,241.415110
2019-01-25,-0.00039378,109.0862,1,0.048448,242.759580,0.00599764,20.0882,1,0.046236,342.558260
2019-01-28,-0.00068802,109.0174,1,0.034452,243.262790,-0.00205989,19.8822,0,0.000000,0.000000
2019-01-29,0.00664103,109.6815,1,0.054627,220.776810,-0.00057730,19.8245,1,0.047110,302.152477
2019-01-30,0.00253835,109.9353,1,0.036575,201.159250,0.00222224,20.0467,1,0.038746,301.549020
2019-01-31,0.00896869,110.8322,1,0.027821,201.989570,-0.00682250,19.3645,1,0.042790,282.151510
2019-02-01,0.01417958,112.2502,1,0.055242,321.207910,-0.02657795,16.7067,1,0.043305,302.069140
2019-02-04,-0.01045086,111.2051,1,0.062536,320.537340,-0.00051501,16.6552,1,0.066541,400.428570
2019-02-05,0.01321908,112.5270,1,0.042062,281.945890,-0.02143610,14.5115,1,0.037110,301.671900
2019-02-06,-0.00572857,111.9541,1,0.040107,320.836890,0.00580516,15.0921,1,0.046914,381.583740
2019-02-07,0.01501009,113.4551,1,0.038621,260.807090,-0.02285384,12.8067,1,0.043124,280.934570
2019-02-08,0.00370630,113.8258,1,0.043780,258.888410,0.00122777,12.9295,1,0.053343,338.525780
2019-02-11,0.00564689,114.3904,1,0.032451,260.292970,0.00143548,13.0730,1,0.033892,301.032060
2019-02-12,0.00220594,114.6110,1,0.057546,281.058980,0.00131426,13.2044,1,0.059124,301.055620
2019-02-13,0.00310929,114.9220,1,0.039441,263.069200,-0.00053820,13.1506,0,0.000000,0.000000
2019-02-14,0.00054564,114.9765,1,0.033036,260.620970,-0.00627566,12.5230,1,0.037286,344.050041
2019-02-15,0.00364895,115.3414,1,0.054325,279.558340,-0.00482428,12.0406,1,0.051348,260.002560
2019-02-19,0.00256935,115.5984,1,0.036655,242.986060,-0.00359161,11.6815,0,0.000000,0.000000
2019-02-20,-0.00089742,115.5086,1,0.032482,280.296890,0.00208991,11.8904,1,0.051569,363.451984
2019-02-21,0.00289817,115.7984,1,0.027603,221.246600,-0.00882858,11.0076,1,0.049418,301.758920
2019-02-22,-0.00079919,115.7185,1,0.042659,279.850260,0.00417566,11.4252,1,0.050384,379.420780
2019-02-25,-0.00111885,115.6066,1,0.053385,262.194480,-0.00951840,10.4733,0,0.000000,0.000000
2019-02-26,0.00003478,115.6101,1,0.027392,220.942240,-0.00743820,9.7295,1,0.063240,381.190573
2019-02-27,-0.00569707,115.0404,1,0.036627,240.310170,0.00039080,9.7686,1,0.049340,359.360620
2019-02-28,-0.01219369,113.8210,1,0.046119,240.588480,0.00930230,10.6988,1,0.056720,340.781800
2019-03-01,0.01629052,115.4501,1,0.021938,220.943670,-0.02327829,8.3710,1,0.032219,300.735090
2019-03-04,0.00730828,116.1809,1,0.055722,282.255270,-0.00661510,7.7095,1,0.065520,382.555890
2019-03-05,0.00136968,116.3179,1,0.027312,161.109730,-0.00333663,7.3758,1,0.046083,319.966790
2019-03-06,0.00098385,116.4163,1,0.035595,240.116800,-0.00600829,6.7750,1,0.042229,339.989280
2019-03-07,0.00170400,116.5867,1,0.041720,239.313420,0.00043268,6.8182,0,0.000000,0.000000
2019-03-08,-0.00675334,115.9113,1,0.042864,200.823120,0.00832638,7.6509,1,0.055812,298.554188
2019-03-11,-0.00308165,115.6032,1,0.028215,180.970070,0.00039024,7.6899,1,0.039976,280.613170
2019-03-12,0.00185392,115.7886,1,0.023508,143.196010,-0.00109405,7.5805,0,0.000000,0.000000
2019-03-13,-0.00024004,115.7646,1,0.023754,181.417860,0.01168768,8.7493,1,0.044982,284.631885
2019-03-14,-0.00250348,115.5142,1,0.032728,242.282410,-0.00297893,8.4514,1,0.029193,242.430330
2019-03-15,-0.00562614,114.9516,1,0.021564,180.761420,0.00711415,9.1628,1,0.040615,340.243280
2019-03-18,0.00149761,115.1014,1,0.021899,180.917410,-0.01098185,8.0646,1,0.030335,260.943530
2019-03-19,0.00816664,115.9180,1,0.040276,221.103420,-0.00204207,7.8604,1,0.051977,341.311470
2019-03-20,-0.00749865,115.1682,1,0.038515,220.980280,0.00547876,8.4083,1,0.047004,320.696970
2019-03-21,-0.00604847,114.5633,1,0.054967,202.161150,0.00552197,8.9605,1,0.053373,320.014200
2019-03-22,0.00008525,114.5718,1,0.020085,143.666320,0.01276242,10.2367,0,0.000000,0.000000
2019-03-25,0.00204991,114.7768,1,0.044609,239.013830,0.01078145,11.3149,0,0.000000,0.000000
2019-03-26,0.00904589,115.6814,1,0.043011,241.076060,0.00851219,12.1661,1,0.038281,239.887876
2019-03-27,0.00721742,116.4032,1,0.045598,261.651320,0.00721622,12.8877,0,0.000000,0.000000
2019-03-28,-0.00746123,115.6570,1,0.049983,301.077000,0.00965246,13.8529,1,0.027234,261.436166
2019-03-29,0.00015953,115.6730,1,0.026187,161.619520,-0.00105376,13.7476,0,0.000000,0.000000
2019-04-01,-0.00833226,114.8398,1,0.056106,262.199060,0.00744703,14.4923,1,0.056807,323.734673
2019-04-02,-0.00168029,114.6717,1,0.023729,143.555400,0.00232962,14.7252,1,0.038768,282.919370
2019-04-03,0.00038471,114.7102,1,0.036309,240.416560,-0.01009230,13.7160,1,0.047100,320.454390
2019-04-04,-0.00148707,114.5615,1,0.035957,261.191360,-0.01010360,12.7056,1,0.047450,380.206070
2019-04-05,-0.00570903,113.9906,1,0.031653,221.690970,0.00317731,13.0234,1,0.065639,380.557450
2019-04-08,-0.00196749,113.7938,1,0.016779,141.652810,-0.00516204,12.5072,1,0.045064,301.775770
2019-04-09,0.00903090,114.6969,1,0.021230,161.578790,-0.00809200,11.6980,1,0.044420,321.108760
2019-04-10,-0.00175300,114.5216,1,0.040640,220.274480,0.00740766,12.4387,0,0.000000,0.000000
2019-04-11,-0.00514168,114.0075,1,0.043258,261.481800,0.00347056,12.7858,1,0.038164,260.967398
2019-04-12,-0.02158275,111.8492,1,0.032755,201.485630,0.01974497,14.7603,1,0.044093,281.284020
2019-04-15,0.00340618,112.1898,1,0.015412,122.790940,-0.00868989,13.8913,1,0.037879,242.537790
2019-04-16,-0.00495489,111.6943,1,0.024889,161.605150,-0.00339680,13.5516,1,0.053130,359.398850
2019-04-17,-0.02357150,109.3372,1,0.024180,181.002900,0.02416034,15.9677,1,0.045336,301.188530
2019-04-18,0.01079660,110.4168,1,0.027530,121.286310,-0.01361958,14.6057,1,0.039308,221.140510
2019-04-22,0.01078520,111.4953,1,0.030540,241.500250,-0.00257455,14.3482,1,0.051295,380.988130
2019-04-23,-0.00098739,111.3966,1,0.051879,299.514060,-0.01236687,13.1116,1,0.050397,300.576180
2019-04-24,-0.00972522,110.4241,1,0.036102,262.498560,0.00945872,14.0574,1,0.048638,362.494630
2019-04-25,0.00213792,110.6379,1,0.031728,201.748920,-0.00103413,13.9540,1,0.047283,241.782550
2019-04-26,0.00085529,110.7234,1,0.039471,201.261320,-0.00605048,13.3490,1,0.059138,320.333090
2019-04-29,-0.00612711,110.1107,1,0.029111,242.401200,0.00195781,13.5447,1,0.044809,342.163810
2019-04-30,0.00366353,110.4770,1,0.029857,201.427160,-0.00344474,13.2003,1,0.044534,300.788450
2019-05-01,0.00699807,111.1769,1,0.044763,300.876830,-0.00846504,12.3538,1,0.062814,361.449000
2019-05-02,-0.00778897,110.3980,1,0.042787,298.304710,0.00280596,12.6344,0,0.000000,0.000000
2019-05-03,-0.00158657,110.2393,1,0.026847,241.861570,-0.00152658,12.4817,1,0.042318,299.621468
2019-05-06,0.00193947,110.4333,1,0.033803,222.233790,0.00209056,12.6908,0,0.000000,0.000000
2019-05-07,-0.00396653,110.0366,1,0.044953,299.332450,0.00641988,13.3327,1,0.036082,262.255242
2019-05-08,-0.00187449,109.8491,1,0.047649,318.821660,-0.00344726,12.9880,0,0.000000,0.000000
2019-05-09,-0.00132214,109.7169,1,0.047244,280.290980,-0.00282415,12.7056,1,0.046095,316.863870
2019-05-10,-0.00816184,108.9008,1,0.048844,240.810750,-0.00399872,12.3057,1,0.049882,320.655800
2019-05-13,-0.01232869,107.6679,1,0.058159,261.327840,0.02226626,14.5324,1,0.052754,340.215450
2019-05-14,0.00828309,108.4962,1,0.041591,279.626350,-0.00694600,13.8378,0,0.000000,0.000000
2019-05-15,0.01367915,109.8641,1,0.049735,342.421620,-0.01566046,12.2717,1,0.050856,358.891115
2019-05-16,0.00836378,110.7005,1,0.051142,299.004770,-0.01214081,11.0576,1,0.060141,359.307070
2019-05-17,-0.00210504,110.4900,1,0.041244,301.508920,-0.00298052,10.7596,1,0.053772,341.004840
2019-05-20,-0.01181458,109.3085,1,0.040078,318.629120,0.01475970,12.2356,1,0.040400,319.982820
2019-05-21,-0.00165471,109.1430,1,0.031681,200.977660,-0.00444720,11.7908,1,0.037570,220.939530
2019-05-22,0.01929174,111.0722,1,0.046486,242.820230,0.00109106,11.8999,0,0.000000,0.000000
2019-05-23,-0.01595911,109.4763,1,0.063711,338.417700,0.02537604,14.4375,1,0.041706,260.687543
2019-05-24,0.00627026,110.1033,1,0.042994,220.326900,0.00117099,14.5546,0,0.000000,0.000000
2019-05-28,0.00510167,110.6135,1,0.049823,301.249080,0.00488458,15.0431,1,0.046622,278.780317
2019-05-29,0.00381236,110.9947,1,0.055484,337.928910,0.00173471,15.2166,0,0.000000,0.000000
2019-05-30,-0.00201022,110.7937,1,0.042452,219.741460,0.00796909,16.0135,1,0.052651,298.694152
2019-05-31,-0.01417739,109.3760,1,0.038859,241.074530,0.00834988,16.8485,1,0.041872,261.217300
2019-06-03,-0.00838346,108.5376,1,0.055396,338.867120,-0.01222336,15.6261,1,0.041856,299.760500
2019-06-04,0.00914982,109.4526,1,0.020458,143.051550,-0.00675920,14.9502,1,0.061020,362.234280
2019-06-05,0.01232028,110.6846,1,0.041812,244.433000,-0.01358529,13.5917,0,0.000000,0.000000
2019-06-06,-0.00039398,110.6452,1,0.045028,302.729240,0.00336780,13.9285,1,0.055370,387.211761
2019-06-07,0.00535923,111.1812,1,0.024377,161.576230,-0.00995245,12.9332,1,0.046895,301.088110
2019-06-10,-0.00822157,110.3590,1,0.024977,181.656100,0.01172617,14.1058,1,0.047463,321.702870
2019-06-11,-0.00097207,110.2618,1,0.031897,181.846960,0.00633396,14.7392,1,0.037634,281.883360
2019-06-12,0.00351985,110.6138,1,0.043805,259.898530,-0.00505677,14.2336,1,0.044717,300.416090
2019-06-13,-0.00081030,110.5328,1,0.023210,200.926870,-0.00708771,13.5248,1,0.043641,340.975860
2019-06-14,-0.00194466,110.3383,1,0.029756,161.761080,-0.00989233,12.5356,1,0.060003,361.866130
2019-06-17,0.00377775,110.7161,1,0.044295,200.074770,-0.01196035,11.3395,1,0.079755,379.139550
2019-06-18,0.01718832,112.4349,1,0.023138,180.933210,-0.00907584,10.4319,1,0.050384,360.193940
2019-06-19,0.00552383,112.9873,1,0.041937,202.825110,-0.00352036,10.0799,1,0.059406,342.759480
2019-06-20,0.00872802,113.8601,1,0.042238,202.603040,-0.00849963,9.2299,1,0.069893,380.655390
2019-06-21,-0.00330570,113.5295,1,0.037780,241.740600,0.00549323,9.7793,0,0.000000,0.000000
2019-06-24,0.00436362,113.9659,1,0.028498,200.915430,-0.00414663,9.3646,1,0.048493,301.026452
2019-06-25,0.00066631,114.0325,1,0.027219,180.042800,-0.00257596,9.1070,1,0.048206,300.377790
2019-06-26,0.00978424,115.0109,1,0.018106,140.500330,-0.00601239,8.5058,1,0.047439,319.035610
2019-06-27,0.00061080,115.0720,1,0.042980,259.846470,-0.00464205,8.0416,1,0.052525,320.572620
2019-06-28,0.00516027,115.5880,1,0.025103,202.247040,0.00825769,8.8673,0,0.000000,0.000000
2019-07-01,0.00099170,115.6872,1,0.055880,283.080530,0.00989339,9.8567,0,0.000000,0.000000
2019-07-02,-0.00332996,115.3542,1,0.037776,221.442510,-0.00956578,8.9001,1,0.045838,264.349421
2019-07-03,-0.01812767,113.5414,1,0.022207,141.169960,0.00626075,9.5262,1,0.054695,379.449880
2019-07-05,0.00326679,113.8681,1,0.030141,143.056340,-0.00999183,8.5270,0,0.000000,0.000000
2019-07-08,0.00378685,114.2468,1,0.029225,180.657700,-0.01845769,6.6812,1,0.059999,382.125122
2019-07-09,0.01091715,115.3385,1,0.032355,179.597190,0.00218898,6.9001,1,0.069192,378.315610
2019-07-10,0.00670882,116.0094,1,0.028088,200.961930,-0.00772945,6.1272,1,0.050815,321.186790
2019-07-11,-0.00432294,115.5771,1,0.025824,180.903930,0.00248685,6.3758,1,0.043075,321.129230
2019-07-12,0.00538408,116.1155,1,0.021142,142.388970,0.00620613,6.9965,1,0.050547,301.620180
2019-07-15,0.00802825,116.9183,1,0.024085,202.670570,-0.00283529,6.7129,1,0.045589,302.454080
2019-07-16,-0.00918799,115.9995,1,0.027369,179.227490,0.00236370,6.9493,1,0.050410,339.891400
2019-07-17,0.00601200,116.6007,1,0.022020,141.681690,-0.01257043,5.6923,1,0.035993,281.430120
2019-07-18,0.00021315,116.6221,1,0.023315,159.833920,-0.00460932,5.2313,0,0.000000,0.000000
2019-07-19,-0.00512996,116.1091,1,0.028436,181.570210,-0.00060613,5.1707,1,0.044853,318.951721
2019-07-22,0.00734002,116.8431,1,0.033008,199.805620,-0.00460145,4.7106,1,0.057655,319.742880
2019-07-23,0.00365194,117.2083,1,0.021296,200.400410,-0.01731675,2.9789,1,0.050775,360.525490
2019-07-24,0.00009993,117.2183,1,0.029147,222.208930,0.00383156,3.3620,0,0.000000,0.000000
2019-07-25,0.00152265,117.3705,1,0.015075,121.058900,-0.01122114,2.2399,1,0.048314,363.919538
2019-07-26,-0.03912873,113.4576,1,0.025223,140.398160,0.00866259,3.1062,1,0.069151,320.762260
2019-07-29,-0.00754115,112.7035,1,0.012505,84.871950,0.00577699,3.6839,1,0.040701,282.235130
2019-07-30,0.01655919,114.3594,1,0.019691,121.399170,-0.00908173,2.7757,1,0.037453,300.852760
2019-07-31,-0.00228532,114.1309,1,0.056492,182.045710,0.00859520,3.6352,1,0.057020,281.766180
2019-08-01,-0.00914053,113.2169,1,0.031733,160.625660,-0.00868216,2.7670,0,0.000000,0.000000
2019-08-02,-0.00870602,112.3463,1,0.027042,121.316780,-0.00655859,2.1112,1,0.054579,337.051078
2019-08-05,-0.00027939,112.3183,1,0.012779,101.128420,0.00684655,2.7958,1,0.056475,339.655600
2019-08-06,0.00198568,112.5169,1,0.028652,199.683680,0.00665922,3.4617,0,0.000000,0.000000
2019-08-07,-0.00032063,112.4848,1,0.039813,262.317280,0.00525162,3.9869,0,0.000000,0.000000
2019-08-08,0.01287071,113.7719,1,0.020019,141.214790,-0.01262524,2.7244,1,0.053864,278.920101
2019-08-09,-0.00396089,113.3758,1,0.032879,204.008530,0.00368999,3.0934,0,0.000000,0.000000
2019-08-12,0.00162929,113.5387,1,0.032981,199.681770,0.00897174,3.9906,1,0.052616,322.168197
2019-08-13,0.00272415,113.8112,1,0.020315,200.051410,-0.00348202,3.6423,0,0.000000,0.000000
2019-08-14,-0.01029678,112.7815,1,0.019248,123.694870,0.01825458,5.4678,0,0.000000,0.000000
2019-08-15,-0.00673746,112.1077,1,0.033986,199.616750,0.02681225,8.1490,0,0.000000,0.000000
2019-08-16,0.01123577,113.2313,1,0.026703,161.119680,-0.01226657,6.9224,1,0.049047,242.526765
2019-08-19,-0.00055877,113.1754,1,0.045357,223.670800,-0.00647138,6.2752,0,0.000000,0.000000
2019-08-20,-0.00767526,112.4079,1,0.033006,181.880460,-0.00107602,6.1676,0,0.000000,0.000000
2019-08-21,-0.00126383,112.2815,1,0.023363,160.684780,-0.00489315,5.6783,0,0.000000,0.000000
2019-08-22,0.00666150,112.9477,1,0.038030,161.444040,0.00035747,5.7141,0,0.000000,0.000000
2019-08-23,-0.01702870,111.2448,1,0.046030,239.706580,0.00631584,6.3457,1,0.059906,347.218584
2019-08-26,-0.00229653,111.0151,1,0.032573,181.228740,0.00015215,6.3609,0,0.000000,0.000000
2019-08-27,-0.01069295,109.9459,1,0.031865,181.417880,0.00733847,7.0947,1,0.071803,317.864571
2019-08-28,0.00776425,110.7223,1,0.021765,140.506550,-0.00705064,6.3897,1,0.050604,340.476070
2019-08-29,0.01028146,111.7504,1,0.036274,161.670470,-0.01560353,4.8293,0,0.000000,0.000000
2019-08-30,0.00637853,112.3883,1,0.032717,123.424520,-0.00316202,4.5131,0,0.000000,0.000000
2019-09-03,0.00657024,113.0453,1,0.070546,299.936210,0.00108726,4.6218,1,0.069984,385.439621
2019-09-04,0.00756396,113.8017,1,0.043374,241.120930,-0.00640744,3.9811,1,0.068214,339.073670
2019-09-05,-0.01739922,112.0618,1,0.062262,283.832710,-0.02418990,1.5621,0,0.000000,0.000000
2019-09-06,0.00200584,112.2624,1,0.023216,184.557380,-0.00804940,0.7571,1,0.043020,381.965221
2019-09-09,-0.02211341,110.0510,1,0.045231,240.731860,-0.00612580,0.1446,1,0.068080,341.052880
2019-09-10,-0.02608018,107.4430,1,0.049378,243.143390,0.02516205,2.6608,1,0.062285,324.144840
2019-09-11,-0.01480956,105.9620,1,0.030536,121.498380,0.00523419,3.1842,1,0.042471,222.800310
2019-09-12,0.00184225,106.1463,1,0.042005,202.720140,0.00228337,3.4125,1,0.064533,302.882470
2019-09-13,0.00501549,106.6478,1,0.038251,200.174150,-0.00583340,2.8292,1,0.061330,341.091970
2019-09-16,0.00042533,106.6904,1,0.049747,181.369100,-0.00581560,2.2476,1,0.067210,360.790930
2019-09-17,0.00993396,107.6837,1,0.041724,220.281080,-0.01506443,0.7412,1,0.053973,320.059230
2019-09-18,0.00128269,107.8120,1,0.055571,260.352600,-0.00235338,0.5058,1,0.054398,360.707310
2019-09-19,-0.00518340,107.2937,1,0.061640,240.386480,0.00534870,1.0407,1,0.082970,339.865480
2019-09-20,-0.00521293,106.7724,1,0.036833,220.596240,0.00627444,1.6682,1,0.051796,300.725300
2019-09-23,0.00348437,107.1208,1,0.016413,121.470780,-0.00589152,1.0790,1,0.040882,280.580700
2019-09-24,-0.00321025,106.7998,1,0.060665,260.471910,0.00151692,1.2307,1,0.071208,360.015610
2019-09-25,0.00080224,106.8800,1,0.053036,240.482820,-0.00028428,1.2023,1,0.061348,339.420440
2019-09-26,0.00220931,107.1009,1,0.052199,283.158160,-0.00537454,0.6648,1,0.053634,342.351180
2019-09-27,0.01770544,108.8715,1,0.050896,279.963770,-0.00947533,-0.2827,1,0.058953,320.211140
2019-09-30,0.00737742,109.6092,1,0.063928,301.292080,-0.01271332,-1.5540,1,0.053312,321.219680
2019-10-01,-0.00054224,109.5550,1,0.071734,340.822410,0.00104873,-1.4492,1,0.063997,341.088620
2019-10-02,-0.01143949,108.4111,1,0.045799,298.340510,0.00367280,-1.0819,0,0.000000,0.000000
2019-10-03,0.01064085,109.4751,1,0.034445,160.585310,0.00714941,-0.3670,0,0.000000,0.000000
2019-10-04,0.00392288,109.8674,1,0.052542,261.337770,-0.00429191,-0.7961,1,0.053001,278.690268
2019-10-07,-0.00333015,109.5344,1,0.046995,282.415990,0.00091449,-0.7047,0,0.000000,0.000000
2019-10-08,-0.00894127,108.6403,1,0.051157,279.875760,0.01140908,0.4362,1,0.046662,301.750769
2019-10-09,0.00599003,109.2393,1,0.043207,239.990190,-0.00968495,-0.5323,0,0.000000,0.000000
2019-10-10,0.00534373,109.7737,1,0.035017,182.204070,-0.00053891,-0.5862,0,0.000000,0.000000
2019-10-11,0.00621281,110.3949,1,0.051569,281.557030,0.00901199,0.3150,1,0.061211,340.388932
2019-10-14,0.00488638,110.8836,1,0.044452,243.394850,-0.00603030,-0.2880,0,0.000000,0.000000
2019-10-15,0.00945076,111.8287,1,0.041534,279.344710,0.00583490,0.2955,1,0.054120,343.849593
2019-10-16,-0.00057894,111.7708,1,0.052524,302.477910,-0.00049223,0.2463,0,0.000000,0.000000
2019-10-17,0.00362406,112.1332,1,0.046394,279.867210,-0.00648688,-0.4024,1,0.048398,341.790585
2019-10-18,-0.00087559,112.0456,1,0.041479,222.004200,-0.00127488,-0.5299,1,0.059578,361.869710
2019-10-21,0.00562831,112.6084,1,0.044929,220.718320,-0.00430471,-0.9604,1,0.050121,280.866810
2019-10-22,-0.00658722,111.9497,1,0.048562,301.280320,0.01011610,0.0512,1,0.044460,301.668950
2019-10-23,0.00012503,111.9622,1,0.044737,241.048580,-0.00599708,-0.5485,1,0.050838,281.309870
2019-10-24,0.00808734,112.7710,1,0.040426,221.433160,-0.01541816,-2.0903,1,0.059746,320.896870
2019-10-25,0.01317635,114.0886,1,0.039365,240.333500,-0.00777716,-2.8680,1,0.052026,319.236750
2019-10-28,-0.01390898,112.6977,1,0.059958,301.780640,0.00841845,-2.0262,1,0.072305,361.496610
2019-10-29,0.01525562,114.2233,1,0.041948,202.461000,0.00132873,-1.8933,1,0.051287,241.737330
2019-10-30,0.00560641,114.7839,1,0.063289,302.235810,-0.01541003,-3.4343,1,0.052413,301.951480
2019-10-31,0.01163199,115.9471,1,0.066581,320.080810,-0.01154390,-4.5887,1,0.072810,379.785030
2019-11-01,0.01838277,117.7854,1,0.060563,299.728140,-0.01266210,-5.8549,1,0.063640,319.686300
2019-11-04,0.00976971,118.7624,1,0.073119,301.746960,0.00953111,-4.9018,1,0.058099,321.141450
2019-11-05,0.00273332,119.0357,1,0.058918,242.732810,0.00385142,-4.5166,1,0.056648,262.287710
2019-11-06,-0.00183985,118.8517,1,0.054935,259.868470,-0.00595121,-5.1118,1,0.063041,300.292490
2019-11-07,0.00986528,119.8382,1,0.040102,200.010990,-0.03574215,-8.6860,1,0.068665,360.407820
2019-11-08,-0.00788593,119.0496,1,0.049993,301.329290,0.00296759,-8.3892,1,0.059141,382.397630
2019-11-11,0.01600202,120.6498,1,0.047618,241.758560,-0.01678330,-10.0675,1,0.053210,340.778340
2019-11-12,-0.00398673,120.2512,1,0.050473,259.264820,0.00545481,-9.5221,1,0.070599,378.627760
2019-11-13,-0.00964877,119.2863,1,0.036567,241.045580,0.00167673,-9.3544,1,0.045327,300.910720
2019-11-14,-0.00594742,118.6915,1,0.033752,221.048610,0.00139415,-9.2150,1,0.056325,360.828480
2019-11-15,0.00858309,119.5499,1,0.029321,181.237670,-0.01084222,-10.2992,1,0.052752,340.397620
2019-11-18,-0.00489897,119.0600,1,0.043577,301.456490,-0.00997318,-11.2965,1,0.055398,360.779190
2019-11-19,-0.01059222,118.0007,1,0.045402,260.434000,0.00039084,-11.2574,1,0.060456,359.653720
2019-11-20,-0.00674392,117.3263,1,0.024092,181.907420,0.00124044,-11.1334,1,0.054666,341.136140
2019-11-21,-0.01252166,116.0742,1,0.040726,220.473600,0.00746028,-10.3874,1,0.058872,320.451830
2019-11-22,0.01090292,117.1645,1,0.031018,180.671020,-0.01079152,-11.4665,1,0.038862,240.198280
2019-11-25,-0.00866847,116.2976,1,0.049887,282.076370,0.01131358,-10.3352,1,0.060022,342.016590
2019-11-26,-0.00240180,116.0574,1,0.044030,202.204380,-0.01219584,-11.5547,0,0.000000,0.000000
2019-11-27,0.00778126,116.8356,1,0.040114,261.041170,-0.00894022,-12.4488,1,0.068412,361.426225
2019-11-29,0.00180803,117.0164,1,0.038757,261.586620,-0.00978399,-13.4272,1,0.061429,361.461770
2019-12-02,-0.00845623,116.1707,0,0.000000,0.000000,-0.00176582,-13.6037,0,0.000000,0.000000
2019-12-03,0.00086848,116.2576,0,0.000000,0.000000,-0.00400923,-14.0047,0,0.000000,0.000000
2019-12-04,0.00025013,116.2826,0,0.000000,0.000000,-0.01047001,-15.0517,1,0.054841,298.053880
2019-12-05,-0.00136693,116.1459,0,0.000000,0.000000,-0.00121371,-15.1730,0,0.000000,0.000000
2019-12-06,-0.00019446,116.1265,0,0.000000,0.000000,-0.00065882,-15.2389,1,0.068502,323.140157
2019-12-09,0.00535722,116.6622,1,0.040128,261.841722,-0.00568661,-15.8076,1,0.062961,301.574480
2019-12-10,-0.00235645,116.4265,0,0.000000,0.000000,-0.00966851,-16.7744,1,0.051141,359.727160
2019-12-11,-0.00662082,115.7645,0,0.000000,0.000000,-0.00301694,-17.0761,1,0.063744,360.404030
2019-12-12,-0.00762844,115.0016,0,0.000000,0.000000,0.00208000,-16.8681,1,0.064340,321.076750
2019-12-13,0.00273636,115.2753,1,0.049954,204.029882,-0.00687416,-17.5555,1,0.067546,283.369160
2019-12-16,-0.00513118,114.7621,0,0.000000,0.000000,-0.00208871,-17.7644,1,0.061511,339.642050
2019-12-17,-0.00432772,114.3294,0,0.000000,0.000000,0.00124494,-17.6399,1,0.071916,342.112180
2019-12-18,-0.00188080,114.1413,0,0.000000,0.000000,-0.00601001,-18.2409,1,0.049481,301.210270
2019-12-19,-0.00585253,113.5560,0,0.000000,0.000000,0.00193495,-18.0474,1,0.045125,340.726360
2019-12-20,0.00940928,114.4970,0,0.000000,0.000000,-0.00717010,-18.7644,1,0.044720,321.856640
2019-12-23,-0.00591110,113.9058,0,0.000000,0.000000,-0.01296000,-20.0604,1,0.053780,341.529670
2019-12-24,-0.00063935,113.8419,0,0.000000,0.000000,-0.00991343,-21.0518,1,0.071603,381.076380
2019-12-26,-0.00050805,113.7911,0,0.000000,0.000000,0.00100011,-20.9518,1,0.104959,380.137520
2019-12-27,0.00565915,114.3570,0,0.000000,0.000000,-0.00053647,-21.0054,1,0.043447,280.698130
2019-12-30,-0.00025345,114.3317,0,0.000000,0.000000,-0.00359830,-21.3652,1,0.046580,320.458880
2019-12-31,0.00045613,114.3773,0,0.000000,0.000000,0.00290074,-21.0752,1,0.058326,339.691650
