date,model_ret,model_equity,model_rebalanced,model_cost,model_traded,naive_ret,naive_equity,naive_rebalanced,naive_cost,naive_traded
2015-01-02,-0.00422590,99.5774,1,0.040920,200.000000,0.00000000,100.0000,0,0.000000,0.000000
2015-01-05,-0.00798315,98.7791,1,0.035835,200.832130,0.00414168,100.4142,1,0.038452,200.000000
2015-01-06,-0.00973289,97.8058,1,0.059999,278.480860,0.01189887,101.6041,0,0.000000,0.000000
2015-01-07,-0.00392530,97.4133,1,0.046310,279.092250,0.00163008,101.7671,1,0.047572,297.671421
2015-01-08,-0.00250349,97.1629,1,0.037619,242.286080,-0.01653856,100.1132,0,0.000000,0.000000
2015-01-09,-0.00313603,96.8493,1,0.043763,282.595670,0.00483019,100.5962,0,0.000000,0.000000
2015-01-12,0.00246547,97.0959,1,0.049743,299.047180,0.02038699,102.6349,0,0.000000,0.000000
2015-01-13,0.00006239,97.1021,1,0.043131,279.281850,0.00289268,102.9242,1,0.037332,222.676051
2015-01-14,-0.00128858,96.9733,1,0.058898,339.790150,0.00451520,103.3757,1,0.044500,300.598720
2015-01-15,-0.01151818,95.8214,1,0.047648,260.392720,0.00432682,103.8084,1,0.043758,321.047340
2015-01-16,0.00150703,95.9721,1,0.042577,259.761390,0.00092335,103.9007,1,0.027005,179.550900
2015-01-20,-0.01113461,94.8587,1,0.059651,322.250440,0.00327331,104.2281,0,0.000000,0.000000
2015-01-21,0.00500357,95.3590,1,0.037593,260.963110,-0.00051997,104.1761,1,0.035627,262.961577
2015-01-22,0.01626640,96.9857,1,0.050330,282.169110,-0.01058136,103.1179,1,0.063226,341.235070
2015-01-23,0.00498874,97.4845,1,0.031536,244.198690,-0.00753335,102.3646,0,0.000000,0.000000
2015-01-26,0.00810341,98.2949,1,0.043749,279.781990,-0.00591233,101.7734,1,0.047933,323.038742
2015-01-27,0.02329982,100.6249,1,0.051338,282.267570,-0.02759532,99.0138,1,0.048522,341.302680
2015-01-28,0.00455058,101.0799,1,0.048462,261.278700,0.00494456,99.5083,1,0.061334,361.231110
2015-01-29,-0.00134513,100.9454,1,0.037203,259.464860,0.00024980,99.5333,0,0.000000,0.000000
2015-01-30,-0.00335237,100.6102,1,0.043257,243.338530,0.00249349,99.7826,1,0.050001,319.983147
2015-02-02,-0.01258800,99.3514,1,0.029160,200.833880,-0.00732570,99.0500,0,0.000000,0.000000
2015-02-03,0.00177452,99.5288,1,0.037418,242.159840,0.01312473,100.3625,1,0.045947,299.128614
2015-02-04,-0.00874299,98.6545,1,0.042949,283.823690,-0.00453086,99.9094,0,0.000000,0.000000
2015-02-05,-0.00422143,98.2324,1,0.056013,339.454210,0.00780491,100.6899,1,0.051539,343.168214
2015-02-06,0.00062934,98.2953,1,0.041826,222.795550,0.02353410,103.0433,0,0.000000,0.000000
2015-02-09,-0.00090474,98.2048,1,0.046254,320.138120,0.00023454,103.0668,1,0.038266,283.008197
2015-02-10,-0.00063451,98.1414,1,0.040021,240.100480,-0.00655015,102.4118,1,0.052045,299.906720
2015-02-11,0.00128051,98.2694,1,0.025299,223.984690,0.00380281,102.7921,0,0.000000,0.000000
2015-02-12,0.00501976,98.7714,1,0.049704,319.390270,0.00730698,103.5227,1,0.039102,282.983191
2015-02-13,-0.01414845,97.3566,1,0.051185,362.410340,0.02718199,106.2409,0,0.000000,0.000000
2015-02-17,-0.00148177,97.2084,1,0.041717,301.073320,0.00412982,106.6539,1,0.025318,205.090425
2015-02-18,0.01362192,98.5706,1,0.045008,240.774640,-0.00956357,105.6976,1,0.047977,340.377160
2015-02-19,0.01694609,100.2652,1,0.042031,301.064880,-0.01929947,103.7676,1,0.049837,320.889800
2015-02-20,0.00450851,100.7161,1,0.030589,239.931240,0.00422794,104.1904,1,0.048586,379.374710
2015-02-23,0.00871455,101.5875,1,0.058105,341.091080,-0.00376571,103.8138,1,0.047891,261.200880
2015-02-24,-0.00671670,100.9158,1,0.052360,280.758080,-0.01154524,102.6593,1,0.045384,320.610500
2015-02-25,0.00152742,101.0686,1,0.047368,281.075210,-0.00693864,101.9655,1,0.052364,360.540680
2015-02-26,-0.02373174,98.6954,1,0.041414,299.909350,0.02725125,104.6906,1,0.047625,359.486040
2015-02-27,0.00868549,99.5640,1,0.043091,278.333120,0.00180547,104.8711,1,0.030173,242.124250
2015-03-02,-0.00468459,99.0955,1,0.029439,201.960080,-0.01484823,103.3863,1,0.041033,341.779480
2015-03-03,0.00259059,99.3546,1,0.041011,320.709900,-0.00982467,102.4038,1,0.055167,362.323650
2015-03-04,0.00159287,99.5138,1,0.028753,240.569150,-0.00267210,102.1366,1,0.043680,359.993060
2015-03-05,0.00439581,99.9534,1,0.039389,280.387220,0.00510785,102.6474,1,0.033555,300.490650
2015-03-06,0.00183005,100.1364,1,0.030495,221.028750,-0.00233089,102.4143,1,0.032229,261.225780
2015-03-09,-0.01127935,99.0085,1,0.052195,338.307060,0.01024510,103.4388,0,0.000000,0.000000
2015-03-10,-0.00186325,98.8222,1,0.030645,221.196400,0.00097482,103.5363,1,0.034208,199.880240
2015-03-11,0.00388498,99.2107,1,0.035522,258.697560,0.00790590,104.3269,0,0.000000,0.000000
2015-03-12,-0.00823148,98.3875,1,0.053648,319.527820,0.00339151,104.6661,1,0.034939,240.487840
2015-03-13,-0.00251448,98.1361,1,0.033408,244.323080,0.00396769,105.0628,0,0.000000,0.000000
2015-03-16,-0.00851703,97.2844,1,0.039883,279.510020,0.01148656,106.2115,1,0.032244,262.813262
2015-03-17,0.01843597,99.1280,1,0.050023,363.186620,-0.00736546,105.4749,0,0.000000,0.000000
2015-03-18,-0.00686199,98.4418,1,0.039269,301.017220,0.00039451,105.5144,1,0.044969,304.361536
2015-03-19,0.00233060,98.6748,1,0.030620,243.125350,0.00126697,105.6411,0,0.000000,0.000000
2015-03-20,-0.00390919,98.2839,1,0.036579,280.620540,-0.01014965,104.6261,1,0.044945,302.366831
2015-03-23,-0.00120157,98.1637,1,0.044137,302.943320,-0.00249330,104.3768,0,0.000000,0.000000
2015-03-24,-0.00560281,97.6035,1,0.038431,260.221800,0.01188224,105.5650,1,0.042146,321.880336
2015-03-25,-0.00264171,97.3393,1,0.042371,319.221650,-0.00189870,105.3751,0,0.000000,0.000000
2015-03-26,0.00423350,97.7626,1,0.029520,240.249200,-0.00033641,105.3415,0,0.000000,0.000000
2015-03-27,0.00931389,98.6940,1,0.037271,260.148670,-0.01289119,104.0524,1,0.044539,316.996493
2015-03-30,0.00839497,99.5335,1,0.036393,260.534180,-0.00448561,103.6038,1,0.051551,382.033460
2015-03-31,-0.00266950,99.2666,1,0.042770,302.946970,0.00529812,104.1336,0,0.000000,0.000000
2015-04-01,0.01317056,100.5836,1,0.040044,299.259220,-0.00940802,103.1928,1,0.032242,241.902272
2015-04-02,-0.00246044,100.3376,1,0.044984,300.029000,-0.00355598,102.8372,1,0.042268,299.661740
2015-04-06,-0.00516975,99.8206,1,0.028085,201.524080,0.00092485,102.9297,1,0.049965,341.792250
2015-04-07,-0.00799395,99.0212,1,0.036085,281.736250,-0.01035528,101.8942,1,0.042228,301.672790
2015-04-08,0.00849642,99.8709,1,0.034438,240.554470,0.00263298,102.1575,1,0.057152,339.718940
2015-04-09,0.00030414,99.9013,1,0.050016,301.186780,0.01451710,103.6092,1,0.037430,300.715470
2015-04-10,0.00733140,100.6344,1,0.044780,221.382310,-0.00760475,102.8487,1,0.042125,281.704400
2015-04-13,0.00046947,100.6814,1,0.042763,300.168800,-0.00987494,101.8612,1,0.056304,380.606490
2015-04-14,0.00358434,101.0398,1,0.044796,319.770910,0.00003175,101.8644,1,0.048975,359.549930
2015-04-15,-0.00090136,100.9497,1,0.036526,260.536950,-0.00171143,101.6933,1,0.036443,300.534130
2015-04-16,0.00071752,101.0214,1,0.027488,201.310330,-0.00147749,101.5455,1,0.039809,321.029440
2015-04-17,-0.00875169,100.1463,1,0.026179,180.847360,0.00728319,102.2738,1,0.044041,340.425140
2015-04-20,-0.00596655,99.5496,1,0.044145,279.317830,0.00849379,103.1232,0,0.000000,0.000000
2015-04-21,0.00881224,100.4308,1,0.027356,242.112410,0.00130820,103.2540,0,0.000000,0.000000
2015-04-22,-0.00328224,100.1026,1,0.039284,299.513740,0.00788317,104.0424,1,0.041103,321.415150
2015-04-23,0.00537183,100.6398,1,0.044957,280.751660,-0.00514017,103.5283,1,0.035077,281.321100
2015-04-24,-0.00142343,100.4974,1,0.030803,240.540000,0.00425150,103.9535,1,0.035850,301.191880
2015-04-27,0.00724524,101.2220,1,0.043016,280.789760,-0.01126786,102.8267,1,0.046646,301.287140
2015-04-28,-0.00411372,100.8106,1,0.046512,279.975480,0.00112716,102.9394,0,0.000000,0.000000
2015-04-29,0.00944849,101.7554,1,0.049341,261.209380,-0.00557279,102.3821,1,0.037649,280.615226
2015-04-30,0.00019613,101.7750,1,0.058637,259.982870,-0.02308140,100.0740,1,0.064520,299.462730
2015-05-01,-0.01007804,100.7672,1,0.068264,300.779930,-0.00852762,99.2212,0,0.000000,0.000000
2015-05-04,-0.00391308,100.3759,1,0.035778,224.505040,0.00356041,99.5773,0,0.000000,0.000000
2015-05-05,0.00342422,100.7184,1,0.037638,261.279910,0.01608106,101.1854,1,0.032934,223.713535
2015-05-06,0.00650158,101.3685,1,0.032362,239.098520,-0.00585527,100.5999,0,0.000000,0.000000
2015-05-07,-0.00970007,100.3985,1,0.034847,240.305200,-0.00539994,100.0599,1,0.050494,358.768727
2015-05-08,0.00041053,100.4396,1,0.023697,202.285040,-0.00166467,99.8934,0,0.000000,0.000000
2015-05-11,0.00566275,101.0058,1,0.055775,222.857530,0.00737921,100.6313,0,0.000000,0.000000
2015-05-12,0.00118536,101.1244,1,0.045464,300.231510,-0.00803633,99.8277,1,0.036523,262.587245
2015-05-13,-0.00497234,100.6271,1,0.040154,280.385540,-0.00378621,99.4491,1,0.046561,359.474970
2015-05-14,-0.00023576,100.6036,1,0.033346,220.356320,0.00576963,100.0260,1,0.050797,340.326360
2015-05-15,-0.00075257,100.5283,1,0.021517,162.876250,-0.01045685,98.9803,0,0.000000,0.000000
2015-05-18,0.00032974,100.5613,1,0.035926,281.005340,-0.00891243,98.0891,1,0.042953,363.651470
2015-05-19,-0.00070841,100.4904,1,0.045921,301.260620,-0.01863172,96.2259,1,0.045342,362.205110
2015-05-20,0.00594140,101.0846,1,0.046880,299.912000,-0.00554464,95.6715,1,0.049694,322.047050
2015-05-21,-0.00448347,100.6362,1,0.046957,260.063120,-0.00939046,94.7324,1,0.036476,300.258510
2015-05-22,0.00461858,101.0981,1,0.025952,161.111470,-0.00380403,94.3520,1,0.045233,361.697490
2015-05-26,0.00063976,101.1621,1,0.039674,260.444810,-0.00839277,93.5127,1,0.040767,319.651510
2015-05-27,-0.00002460,101.1596,1,0.047140,318.807990,0.00024876,93.5376,0,0.000000,0.000000
2015-05-28,0.00098065,101.2577,1,0.032015,222.531640,-0.00182923,93.3547,0,0.000000,0.000000
2015-05-29,0.00277414,101.5351,1,0.037526,240.533440,-0.00470080,92.8846,1,0.046980,300.680214
2015-06-01,0.00699477,102.2346,1,0.035753,239.689020,-0.00046542,92.8381,1,0.040912,339.565600
2015-06-02,0.00488432,102.7230,1,0.031518,222.119090,-0.00704983,92.1331,1,0.043843,301.206230
2015-06-03,0.00852627,103.5756,1,0.040473,260.438370,0.01903698,94.0368,1,0.050192,380.123140
2015-06-04,0.00652645,104.2283,1,0.044585,320.876180,-0.00247682,93.7891,1,0.031902,221.639410
2015-06-05,-0.00262148,103.9661,1,0.047678,299.448750,0.01604906,95.3940,0,0.000000,0.000000
2015-06-08,0.00347476,104.3136,1,0.053454,280.034830,-0.00124895,95.2691,1,0.036605,201.555107
2015-06-09,0.00034513,104.3481,1,0.041367,279.798510,-0.00051269,95.2178,1,0.051819,339.295550
2015-06-10,-0.00463542,103.8846,1,0.042262,280.097980,0.00598642,95.8165,1,0.051868,320.203890
2015-06-11,0.00457287,104.3419,1,0.038253,262.405220,-0.00169998,95.6465,0,0.000000,0.000000
2015-06-12,-0.00656424,103.6854,1,0.037404,241.026560,-0.00447584,95.1989,1,0.055144,303.122750
2015-06-15,0.00420954,104.1064,1,0.057876,319.597700,0.00333305,95.5322,0,0.000000,0.000000
2015-06-16,0.00322991,104.4294,1,0.049339,279.488110,-0.00496420,95.0358,0,0.000000,0.000000
2015-06-17,-0.00259842,104.1695,1,0.035652,280.777070,-0.00211312,94.8245,1,0.052642,378.619425
2015-06-18,0.00472862,104.6424,1,0.039158,261.181510,-0.00850722,93.9737,1,0.047732,361.371430
2015-06-19,-0.00346722,104.2957,1,0.038292,283.003720,-0.00343480,93.6303,0,0.000000,0.000000
2015-06-22,-0.00151000,104.1447,1,0.032830,259.936750,0.00754937,94.3852,1,0.041763,341.824547
2015-06-23,-0.00336880,103.8078,1,0.033670,241.315350,-0.00368862,94.0163,1,0.032582,261.542580
2015-06-24,-0.00554180,103.2536,1,0.036530,260.758150,0.00006140,94.0225,1,0.044980,300.786820
2015-06-25,-0.00290437,102.9632,1,0.051227,320.023830,0.00637874,94.6604,0,0.000000,0.000000
2015-06-26,-0.00076042,102.8871,1,0.035962,240.070030,-0.00331499,94.3289,1,0.038949,299.018554
2015-06-29,-0.01654206,101.2329,1,0.057146,240.880900,0.01284374,95.6132,1,0.061226,340.982950
2015-06-30,0.01053947,102.2869,1,0.039123,258.758980,-0.00454623,95.1586,0,0.000000,0.000000
2015-07-01,-0.00601291,101.6856,1,0.058481,341.138970,-0.00185805,94.9728,1,0.042375,299.198829
2015-07-02,0.00632949,102.3185,1,0.050721,261.557990,-0.00272215,94.7006,1,0.038745,321.678910
2015-07-06,0.00172267,102.4908,1,0.053163,300.526690,0.00031553,94.7321,1,0.047377,320.779730
2015-07-07,0.01126112,103.6169,1,0.044028,299.462650,0.00720823,95.4530,1,0.048577,320.044010
2015-07-08,-0.00542603,103.0743,1,0.055223,321.546340,0.00403658,95.8566,1,0.041482,262.907460
2015-07-09,0.00416093,103.4904,1,0.040647,259.526580,-0.01466049,94.3906,0,0.000000,0.000000
2015-07-10,-0.00405372,103.0850,1,0.044622,321.308800,0.00227731,94.6183,1,0.050659,359.510411
2015-07-13,-0.01132207,101.9528,1,0.034957,262.106770,0.00892520,95.5108,0,0.000000,0.000000
2015-07-14,-0.00662314,101.2905,1,0.037614,302.129630,0.00512623,96.0234,0,0.000000,0.000000
2015-07-15,0.00162657,101.4532,1,0.030863,181.375180,-0.00410713,95.6127,1,0.045993,324.639196
2015-07-16,0.00264118,101.7173,1,0.050362,240.367880,0.00691885,96.3046,1,0.052195,319.892420
2015-07-17,0.00363222,102.0805,1,0.049018,282.372500,-0.00720992,95.5836,0,0.000000,0.000000
2015-07-20,0.01007798,103.0883,1,0.032872,279.011960,-0.00784986,94.7986,0,0.000000,0.000000
2015-07-21,0.00349502,103.4378,1,0.032138,241.182430,0.00287846,95.0865,1,0.051494,341.423891
2015-07-22,0.00697408,104.1352,1,0.049782,339.590820,-0.00019083,95.0674,1,0.042753,280.225560
2015-07-23,-0.00301782,103.8334,1,0.037782,242.168090,-0.00937517,94.1299,1,0.034387,260.775230
2015-07-24,0.00573886,104.4073,1,0.049734,300.192460,-0.01048755,93.0811,1,0.056735,319.989150
2015-07-27,-0.00670081,103.7372,1,0.037901,240.589100,0.02085016,95.1661,1,0.064234,338.691040
2015-07-28,0.00418505,104.1557,1,0.040015,239.166680,-0.01216960,93.9492,1,0.030950,201.198350
2015-07-29,0.00273408,104.4291,1,0.020512,162.149220,-0.00761456,93.1877,0,0.000000,0.000000
2015-07-30,-0.00638638,103.7905,1,0.052088,261.412880,-0.01230999,91.9567,1,0.064699,363.658580
2015-07-31,-0.00811870,102.9786,1,0.048160,302.886590,0.00135630,92.0924,1,0.053040,340.534540
2015-08-03,-0.00462993,102.5156,1,0.041683,200.515630,0.01454011,93.5464,1,0.057539,281.637170
2015-08-04,0.01475754,103.9914,1,0.028166,202.117930,0.01659039,95.2054,1,0.033991,241.364310
2015-08-05,-0.00330808,103.6606,1,0.043248,302.505500,0.00978079,96.1835,1,0.041681,302.473270
2015-08-06,-0.00411871,103.2487,1,0.045381,281.048840,-0.01241736,94.9418,1,0.035486,261.465900
2015-08-07,0.00478691,103.7274,1,0.047169,279.130830,-0.00117827,94.8239,1,0.057507,359.286690
2015-08-10,0.00911843,104.6393,1,0.052237,300.249860,-0.02335666,92.4883,1,0.043666,261.581280
2015-08-11,0.00666161,105.3054,1,0.031079,203.091020,-0.02138155,90.3501,1,0.051855,382.559740
2015-08-12,-0.00243033,105.0624,1,0.048633,299.005360,0.00598979,90.9491,1,0.052061,378.676300
2015-08-13,0.00324926,105.3873,1,0.052894,301.540040,-0.00711249,90.2378,1,0.041269,282.116140
2015-08-14,-0.00645482,104.7418,1,0.047452,260.991720,-0.00068086,90.1698,1,0.054536,360.988340
2015-08-17,0.00742581,105.4844,1,0.046529,281.434970,-0.00351436,89.8183,0,0.000000,0.000000
2015-08-18,0.00142271,105.6267,1,0.047069,301.144830,-0.01301979,88.5163,1,0.056789,362.622655
2015-08-19,0.00451908,106.0786,1,0.045022,278.827160,0.00200967,88.7173,1,0.055713,378.617830
2015-08-20,-0.00407430,105.6712,1,0.055590,260.638110,0.01240787,89.9581,1,0.049573,300.675500
2015-08-21,-0.00586201,105.0850,1,0.043301,257.186160,0.00294509,90.2526,0,0.000000,0.000000
2015-08-24,0.01295623,106.3806,1,0.058287,297.770820,0.00384451,90.6371,0,0.000000,0.000000
2015-08-25,0.01008137,107.3887,1,0.034853,219.777170,-0.01619527,89.0175,0,0.000000,0.000000
2015-08-26,-0.01350664,106.0381,1,0.037744,241.282770,0.00893275,89.9108,1,0.045915,327.467181
2015-08-27,0.00097064,106.1351,1,0.035926,246.538920,0.00387628,90.2984,0,0.000000,0.000000
2015-08-28,0.00844171,106.9793,1,0.048809,265.065230,-0.00248905,90.0495,0,0.000000,0.000000
2015-08-31,-0.00583436,106.3959,1,0.047936,340.749640,0.00010716,90.0602,1,0.047954,349.973774
2015-09-01,-0.00201576,106.1943,1,0.033366,221.172140,0.00479673,90.5399,0,0.000000,0.000000
2015-09-02,0.00714241,106.9085,1,0.046959,295.668550,-0.00714073,89.8258,0,0.000000,0.000000
2015-09-03,0.00660855,107.5694,1,0.034835,283.349760,0.00470801,90.2966,0,0.000000,0.000000
2015-09-04,0.00732292,108.3017,1,0.051588,341.536550,-0.00832248,89.4644,1,0.041888,258.795029
2015-09-08,0.00910069,109.2117,1,0.050621,298.341240,0.00183070,89.6475,0,0.000000,0.000000
2015-09-09,-0.00258366,108.9534,1,0.054586,305.489610,0.00522359,90.1698,0,0.000000,0.000000
2015-09-10,0.00054797,109.0082,1,0.061493,357.702560,0.00237396,90.4072,0,0.000000,0.000000
2015-09-11,-0.00586979,108.4212,1,0.063639,360.998270,-0.00045038,90.3622,1,0.050628,321.511352
2015-09-14,-0.00442085,107.9791,1,0.043015,261.440040,0.00531965,90.8941,1,0.051275,361.168890
2015-09-15,-0.00338401,107.6407,1,0.048031,339.883110,-0.00050642,90.8435,1,0.045332,300.563580
2015-09-16,-0.00555891,107.0848,1,0.037001,261.706250,-0.00421093,90.4224,0,0.000000,0.000000
2015-09-17,0.00023485,107.1083,1,0.042195,322.197230,-0.00447857,89.9746,1,0.052497,364.672317
2015-09-18,-0.00478239,106.6301,1,0.046869,319.530680,0.02150647,92.1252,1,0.054743,339.962300
2015-09-21,-0.00182173,106.4479,1,0.036693,238.646530,0.00153353,92.2786,0,0.000000,0.000000
2015-09-22,-0.01079289,105.3686,1,0.060129,340.777100,0.01313345,93.5919,1,0.045555,319.218559
2015-09-23,0.00731794,106.1004,1,0.050916,316.772880,0.01372709,94.9646,0,0.000000,0.000000
2015-09-24,-0.00312489,105.7879,1,0.054429,319.675470,-0.00277794,94.6868,1,0.036374,260.237383
2015-09-25,0.00697382,106.4853,1,0.046658,260.668720,0.01094848,95.7817,1,0.048272,300.173940
2015-09-28,-0.00203299,106.2820,1,0.046219,321.075900,0.00627610,96.4093,1,0.045330,281.904120
2015-09-29,0.00678796,106.9608,1,0.045484,296.927680,-0.00658606,95.7507,0,0.000000,0.000000
2015-09-30,0.00189342,107.1501,1,0.050008,240.232900,-0.00837408,94.9133,1,0.051618,337.144532
2015-10-01,0.00115158,107.2653,1,0.051862,304.333310,0.00362667,95.2759,0,0.000000,0.000000
2015-10-02,-0.00877011,106.3883,1,0.039921,240.585760,-0.00082417,95.1935,1,0.056697,363.647058
2015-10-05,0.00921064,107.3093,1,0.053476,283.369430,0.00379051,95.5726,0,0.000000,0.000000
2015-10-06,-0.01381148,105.9282,1,0.041868,303.355540,-0.00252864,95.3197,0,0.000000,0.000000
2015-10-07,-0.00985123,104.9431,1,0.052403,339.210800,0.00315447,95.6351,1,0.045453,346.335950
2015-10-08,0.00119888,105.0629,1,0.040052,222.920840,-0.00113295,95.5218,1,0.055735,362.226480
2015-10-09,0.00080939,105.1439,1,0.037761,221.419640,-0.00191564,95.3303,1,0.043154,281.797080
2015-10-12,0.00599796,105.7437,1,0.057244,360.700960,0.00070189,95.4005,1,0.051071,362.212370
2015-10-13,-0.00056746,105.6869,1,0.036536,261.003560,0.00341214,95.7417,1,0.044946,301.079840
2015-10-14,-0.01540318,104.1466,1,0.040748,299.662170,0.00224753,95.9664,1,0.037647,280.262060
2015-10-15,0.00210011,104.3566,1,0.049329,280.142730,-0.01298066,94.6684,1,0.043506,300.072580
2015-10-16,-0.00183511,104.1731,1,0.046331,264.422320,-0.00734530,93.9338,0,0.000000,0.000000
2015-10-19,0.00123003,104.2961,1,0.046907,280.553140,0.00140215,94.0741,1,0.057625,362.215808
2015-10-20,0.00784851,105.0810,1,0.047679,319.088250,-0.01680439,92.3936,1,0.042279,280.414420
2015-10-21,-0.00330795,104.7502,1,0.044275,219.960770,-0.00789124,91.6045,1,0.056014,380.272360
2015-10-22,-0.01205695,103.5445,1,0.061685,258.649640,-0.00577139,91.0274,1,0.069779,318.617770
2015-10-23,-0.01050361,102.4941,1,0.038741,243.807670,-0.00900176,90.1272,0,0.000000,0.000000
2015-10-26,0.01406656,103.9008,1,0.035924,243.368680,0.00391530,90.5187,1,0.050240,324.406823
2015-10-27,0.00058441,103.9592,1,0.042379,281.600520,0.01095107,91.6138,1,0.051473,340.877810
2015-10-28,0.01237616,105.1968,1,0.052674,298.932860,-0.01435082,90.1787,1,0.050032,299.515380
2015-10-29,-0.01854218,103.3426,1,0.045928,264.669190,0.00780037,90.9588,1,0.043783,322.947750
2015-10-30,0.00221357,103.5640,1,0.047743,281.973050,-0.01681334,89.2774,1,0.042354,321.251340
2015-11-02,0.01116924,104.6809,1,0.046766,320.279140,-0.01443106,87.8343,1,0.051846,322.038600
2015-11-03,0.01845738,106.5266,1,0.044802,263.014790,-0.00661402,87.1729,0,0.000000,0.000000
2015-11-04,-0.01039448,105.4872,1,0.030158,202.479280,-0.01021739,86.1512,1,0.053699,304.093746
2015-11-05,-0.00039034,105.4482,1,0.048844,321.953650,-0.00184068,85.9671,1,0.048978,339.482980
2015-11-06,-0.00017561,105.4306,1,0.035371,220.958710,0.00195650,86.1628,1,0.046560,300.149750
2015-11-09,-0.00146489,105.2841,1,0.053949,300.114770,-0.01250985,84.9118,1,0.042945,281.258670
2015-11-10,-0.01053296,104.2308,1,0.057686,319.140680,0.00191496,85.1033,1,0.046094,358.970540
2015-11-11,0.01203154,105.4340,1,0.049976,300.932490,-0.01079601,84.0237,1,0.042791,281.705850
2015-11-12,0.00393584,105.8275,1,0.052206,300.400290,0.01219010,85.2427,1,0.058260,339.836590
2015-11-13,0.01561555,107.3891,1,0.051955,298.102110,0.00919900,86.1626,0,0.000000,0.000000
2015-11-16,0.00482321,107.8714,1,0.051099,260.762550,0.00339350,86.5019,1,0.050710,298.448644
2015-11-17,-0.00312300,107.5591,1,0.040320,222.635380,-0.00911911,85.5900,0,0.000000,0.000000
2015-11-18,0.00608070,108.1672,1,0.037890,220.004800,-0.00048421,85.5416,1,0.056361,341.898277
2015-11-19,0.00015834,108.1830,1,0.037386,204.761400,0.00052654,85.5943,0,0.000000,0.000000
2015-11-20,0.00789846,108.9729,1,0.049044,261.191600,-0.00163084,85.4312,1,0.049244,323.621784
2015-11-23,0.00041748,109.0146,1,0.042332,240.655930,-0.00090141,85.3410,1,0.055571,340.993180
2015-11-24,0.00098916,109.1135,1,0.044044,260.675460,0.01369452,86.7105,1,0.042578,300.820350
2015-11-25,0.01223373,110.3369,1,0.045287,262.514940,-0.02110586,84.5999,1,0.040216,282.381050
2015-11-27,-0.00837570,109.4993,1,0.052370,282.300760,0.00321055,84.9210,1,0.060735,319.341850
2015-11-30,0.01151408,110.6507,1,0.041202,201.399660,-0.01800906,83.1201,1,0.063566,321.062650
2015-12-01,-0.01007902,109.6428,1,0.046932,279.983310,-0.00013377,83.1067,1,0.060117,340.000260
2015-12-02,-0.01161796,108.4810,1,0.045136,281.796790,-0.02345418,80.7613,0,0.000000,0.000000
2015-12-03,-0.00329289,108.1518,1,0.041669,218.582780,0.00490952,81.2522,0,0.000000,0.000000
2015-12-04,0.01946705,110.0985,1,0.036085,199.341240,-0.01106182,80.1460,0,0.000000,0.000000
2015-12-07,-0.00747580,109.3509,1,0.046110,244.302390,0.00966266,81.1123,0,0.000000,0.000000
2015-12-08,0.01866446,111.2173,1,0.050984,260.916130,0.00972218,82.0845,1,0.043712,282.909214
2015-12-09,0.01208047,112.4254,1,0.049383,319.982710,-0.00695922,81.3886,1,0.037082,240.887250
2015-12-10,0.00698278,113.1237,1,0.046262,280.008490,-0.00904292,80.4843,1,0.049542,340.202000
2015-12-11,0.00262941,113.3866,1,0.034899,240.886680,-0.00975303,79.5090,1,0.060763,360.200850
2015-12-14,-0.01016474,112.3701,1,0.040984,298.874200,-0.00151428,79.3576,0,0.000000,0.000000
2015-12-15,-0.00582787,111.7873,1,0.043237,221.257050,-0.01169387,78.1882,1,0.072147,338.973261
2015-12-16,0.00303798,112.0911,1,0.035492,202.234470,-0.00484323,77.7039,1,0.053813,342.199120
2015-12-17,0.00660134,112.7513,1,0.062046,302.867990,-0.00534298,77.1696,0,0.000000,0.000000
2015-12-18,-0.01599376,111.1519,1,0.057856,279.088800,-0.00540998,76.6286,1,0.055238,320.653597
2015-12-21,-0.01124123,110.0278,1,0.041573,278.430920,0.01551214,78.1798,0,0.000000,0.000000
2015-12-22,-0.00598347,109.4294,1,0.052797,281.911970,-0.01535182,76.6446,1,0.038672,261.963975
2015-12-23,-0.00899808,108.5296,1,0.059648,361.743250,0.00349801,76.9944,0,0.000000,0.000000
2015-12-24,0.00106542,108.6362,1,0.055808,322.101160,-0.00269782,76.7246,0,0.000000,0.000000
2015-12-28,-0.00008055,108.6281,1,0.066085,280.145770,0.00448857,77.1735,1,0.083373,345.802511
2015-12-29,-0.00357940,108.2702,1,0.044900,261.196790,-0.00026646,77.1468,1,0.056476,320.894010
2015-12-30,0.00704894,108.9750,1,0.042196,241.987340,0.00747417,77.8942,0,0.000000,0.000000
2015-12-31,0.00754602,109.7297,1,0.058948,318.982070,-0.00459050,77.4352,0,0.000000,0.000000
2016-01-04,-0.01957478,107.7722,1,0.059728,319.562810,0.00275138,77.7103,0,0.000000,0.000000
2016-01-05,-0.00516033,107.2561,1,0.049023,299.121130,0.00332916,78.0432,0,0.000000,0.000000
2016-01-06,-0.02136928,105.1192,1,0.047918,262.643030,0.00324076,78.3673,1,0.054424,321.561213
2016-01-07,0.00751818,105.8710,1,0.050192,278.844110,0.00567635,78.9350,1,0.053295,298.362540
2016-01-08,0.00144076,106.0151,1,0.039424,238.581950,0.00893631,79.8286,0,0.000000,0.000000
2016-01-11,0.01405796,107.4209,1,0.045944,240.044700,0.01570467,81.3991,0,0.000000,0.000000
2016-01-12,-0.00287423,107.1335,1,0.051093,239.406180,-0.00008363,81.3907,1,0.048813,276.956941
2016-01-13,-0.00270118,106.8634,1,0.045618,202.597850,-0.01555339,79.8354,1,0.052619,302.667690
2016-01-14,0.00918990,107.7824,1,0.062460,257.743760,-0.02056517,77.7788,0,0.000000,0.000000
2016-01-15,-0.00106486,107.6759,1,0.049336,263.315150,0.00542486,78.3213,0,0.000000,0.000000
2016-01-19,-0.00681174,106.9947,1,0.061854,317.804090,-0.01489798,76.8315,0,0.000000,0.000000
2016-01-20,0.00341839,107.3365,1,0.055421,299.779580,-0.00948873,75.8826,1,0.060923,355.847966
2016-01-21,-0.01413125,105.9234,1,0.045215,220.100520,-0.00203026,75.6796,1,0.060586,338.284370
2016-01-22,0.00424261,106.3477,1,0.071559,342.577210,-0.02049979,73.6296,1,0.066739,322.212480
2016-01-25,0.00642732,106.9904,1,0.050288,263.515820,-0.02441073,71.1886,0,0.000000,0.000000
2016-01-26,0.00017634,107.0080,1,0.053686,258.375700,0.00089048,71.2776,0,0.000000,0.000000
2016-01-27,0.00183879,107.1919,1,0.070421,304.453740,-0.00273689,71.0039,0,0.000000,0.000000
2016-01-28,-0.00108048,107.0839,1,0.058228,259.303240,0.01054160,72.0581,1,0.063110,300.797821
2016-01-29,0.01871071,108.9549,1,0.055249,279.969720,0.01036255,73.0943,1,0.049775,281.678130
2016-02-01,0.00215945,109.1709,1,0.068125,307.983300,-0.00922158,72.1722,0,0.000000,0.000000
2016-02-02,-0.01953292,107.2176,1,0.057322,281.320070,0.00262215,72.4344,1,0.064915,366.740389
2016-02-03,-0.01614252,105.6033,1,0.054892,317.315190,0.01001538,73.4359,1,0.053962,318.544910
2016-02-04,0.00238312,105.8416,1,0.059188,301.818960,0.00882549,74.3185,1,0.048561,283.409360
2016-02-05,0.00099318,105.9410,1,0.035782,242.715640,-0.00596418,73.7221,1,0.039258,263.621170
2016-02-08,-0.01044435,104.8965,1,0.062625,258.704080,-0.00444261,73.2778,0,0.000000,0.000000
2016-02-09,0.00229326,105.1259,1,0.062314,298.549890,0.00649797,73.9276,0,0.000000,0.000000
2016-02-10,-0.00520068,104.6058,1,0.056698,259.595120,-0.00040871,73.8867,1,0.054141,277.432179
2016-02-11,0.00772261,105.3781,1,0.068729,341.530090,0.02547477,76.4342,1,0.066453,321.714570
2016-02-12,0.01467805,106.8459,1,0.068175,279.468510,0.00945365,77.3796,0,0.000000,0.000000
2016-02-16,0.00010097,106.8560,1,0.049323,244.949960,-0.00969383,76.4102,0,0.000000,0.000000
2016-02-17,0.00256022,107.1120,1,0.044168,224.846740,-0.00691797,75.7184,0,0.000000,0.000000
2016-02-18,0.00005620,107.1176,1,0.066780,305.117630,-0.02171965,73.5464,0,0.000000,0.000000
2016-02-19,0.00542276,107.6599,1,0.048694,280.888060,-0.02928876,70.6176,1,0.060096,386.536292
2016-02-22,-0.00245506,107.4144,1,0.055796,300.916970,-0.01464471,69.1531,1,0.069701,379.607780
2016-02-23,0.00078717,107.4931,1,0.042443,223.796590,0.00564789,69.7179,0,0.000000,0.000000
2016-02-24,-0.00582662,106.9104,1,0.065552,357.312960,-0.00874424,68.8435,1,0.046314,261.670853
2016-02-25,0.00873384,107.7838,1,0.037286,242.152550,-0.01635696,67.2078,1,0.078406,322.245850
2016-02-26,0.00458032,108.2418,1,0.040978,264.373590,0.00414164,67.6219,0,0.000000,0.000000
2016-02-29,-0.01768886,106.4730,1,0.057396,341.470310,-0.00643922,66.9780,1,0.044512,303.780720
2016-03-01,0.01330637,107.8036,1,0.053483,300.958250,-0.01876166,65.1018,1,0.051696,360.865850
2016-03-02,-0.00052435,107.7512,1,0.049535,265.695600,-0.00945080,64.1568,0,0.000000,0.000000
2016-03-03,-0.00466118,107.2850,1,0.048378,262.024240,0.00933534,65.0903,1,0.068296,367.435527
2016-03-04,-0.00301149,106.9839,1,0.057519,321.314200,0.01433494,66.5238,1,0.040116,261.815390
2016-03-07,-0.01199190,105.7847,1,0.062920,301.933270,0.00634632,67.1584,1,0.047418,261.905730
2016-03-08,-0.00398856,105.3858,1,0.044166,241.862190,-0.00932882,66.2255,1,0.047332,282.379390
2016-03-09,-0.00132282,105.2536,1,0.042722,277.861210,-0.00994275,65.2313,1,0.064645,357.438550
2016-03-10,-0.00643923,104.6096,1,0.041263,221.393980,0.00665773,65.8970,1,0.059437,342.370690
2016-03-11,-0.01142892,103.4667,1,0.050202,260.064880,-0.00291990,65.6050,1,0.046690,241.544010
2016-03-14,-0.00250189,103.2166,1,0.050579,283.760050,-0.00027745,65.5773,0,0.000000,0.000000
2016-03-15,-0.00857487,102.3591,1,0.052417,260.481010,0.00618725,66.1960,1,0.060435,303.686865
2016-03-16,-0.00673586,101.6855,1,0.043166,259.590970,-0.00370035,65.8260,1,0.046225,280.271320
2016-03-17,0.00720657,102.4061,1,0.056933,302.798220,-0.00459829,65.3662,0,0.000000,0.000000
2016-03-18,0.00009250,102.4154,1,0.050120,242.634370,-0.01391714,63.9744,1,0.061104,364.720758
2016-03-21,-0.00042570,102.3728,1,0.047950,320.818610,-0.00230635,63.7438,1,0.058215,381.020550
2016-03-22,0.00074661,102.4475,1,0.046149,300.159880,-0.00818138,62.9257,1,0.041208,300.221980
2016-03-23,0.00157568,102.6050,1,0.040712,260.226350,-0.00537418,62.3883,1,0.048818,339.994710
2016-03-24,-0.00848821,101.7562,1,0.044451,258.716880,-0.00259569,62.1287,1,0.056199,338.644060
2016-03-28,-0.00106578,101.6496,1,0.046498,260.732510,-0.01409615,60.7191,1,0.049535,301.097390
2016-03-29,-0.00986579,100.6631,1,0.056179,321.431800,-0.01125217,59.5939,1,0.057917,340.929540
2016-03-30,0.00082538,100.7456,1,0.049812,324.106800,0.00311960,59.9058,0,0.000000,0.000000
2016-03-31,-0.00242050,100.5036,1,0.032620,241.236110,-0.00969911,58.9359,1,0.046761,263.154822
2016-04-01,-0.00330802,100.1728,1,0.042672,280.690610,-0.00296065,58.6398,1,0.047905,340.424590
2016-04-04,0.00619891,100.7926,1,0.036379,261.830490,-0.00203366,58.4365,1,0.049676,321.681520
2016-04-05,-0.00046872,100.7458,1,0.048392,279.374970,0.01200940,59.6374,0,0.000000,0.000000
2016-04-06,0.00940525,101.6863,1,0.047505,279.053320,0.00293237,59.9306,0,0.000000,0.000000
2016-04-07,-0.00802694,100.8836,1,0.035694,221.936050,0.00512657,60.4433,0,0.000000,0.000000
2016-04-08,-0.00244516,100.6391,1,0.037156,240.111940,0.00582418,61.0257,0,0.000000,0.000000
2016-04-11,-0.00345973,100.2931,1,0.042603,241.480920,-0.00141001,60.8847,1,0.048741,260.109818
2016-04-12,-0.00691835,99.6013,1,0.044725,240.413430,0.00803054,61.6878,1,0.064546,340.115500
2016-04-13,-0.00450131,99.1512,1,0.053261,282.970510,0.01438084,63.1259,0,0.000000,0.000000
2016-04-14,0.00241178,99.3923,1,0.070282,303.991870,-0.00320523,62.8053,1,0.048843,286.450176
2016-04-15,0.01366367,100.7587,1,0.049163,239.663720,-0.01546647,61.2587,1,0.045507,299.989620
2016-04-18,-0.00180262,100.5784,1,0.049302,261.463250,0.01232860,62.4915,1,0.058630,380.400100
2016-04-19,0.00293211,100.8716,1,0.048339,281.706220,0.00444523,62.9361,0,0.000000,0.000000
2016-04-20,-0.00953446,99.9182,1,0.045396,261.740550,-0.00053684,62.8824,1,0.044554,284.624894
2016-04-21,0.01796709,101.7149,1,0.053961,280.009710,0.03570354,66.4527,1,0.047106,301.294570
2016-04-22,-0.00367439,101.3475,1,0.060489,319.818410,-0.00729152,65.7236,1,0.029062,182.726660
2016-04-25,-0.00704107,100.6434,1,0.041097,241.330850,-0.00119783,65.6038,1,0.063413,360.981410
2016-04-26,0.00335808,100.9792,1,0.034522,260.465690,-0.01127794,64.4760,1,0.052754,339.819970
2016-04-27,-0.00449282,100.5299,1,0.051162,282.304070,0.00406830,64.8828,1,0.057230,361.045400
2016-04-28,-0.00176315,100.3536,1,0.045995,241.075520,-0.00208535,64.6743,1,0.040915,262.019640
2016-04-29,0.00998988,101.3526,1,0.041052,239.136340,0.00737759,65.4121,1,0.042141,258.367860
2016-05-02,-0.00613703,100.7389,1,0.054163,300.527220,-0.00826728,64.5853,1,0.050568,260.961340
2016-05-03,0.00070054,100.8089,1,0.048036,281.942380,0.02383481,66.9688,0,0.000000,0.000000
2016-05-04,0.00129942,100.9389,1,0.048628,280.002390,0.01289846,68.2587,0,0.000000,0.000000
2016-05-05,0.00206217,101.1451,1,0.041293,261.154810,0.00439803,68.6985,1,0.040647,241.851322
2016-05-06,0.00239553,101.3846,1,0.061557,301.319330,-0.00131971,68.5665,1,0.045021,280.823650
2016-05-09,-0.00135350,101.2493,1,0.056150,320.815330,-0.00397327,68.1692,1,0.055567,361.654190
2016-05-10,0.00100428,101.3497,1,0.043352,241.873040,-0.01612975,66.5562,1,0.051915,321.511760
2016-05-11,-0.00213029,101.1367,1,0.067069,362.532380,-0.01233708,65.3225,0,0.000000,0.000000
2016-05-12,0.00774642,101.9113,1,0.041288,240.209000,-0.00372769,64.9497,1,0.050009,320.945794
2016-05-13,0.00491323,102.4026,1,0.043887,240.291510,0.00262606,65.2123,1,0.056564,340.860560
2016-05-16,0.00396207,102.7988,1,0.053263,260.222490,-0.00626931,64.5854,0,0.000000,0.000000
2016-05-17,-0.00528992,102.2699,1,0.051282,281.534410,-0.01007226,63.5782,0,0.000000,0.000000
2016-05-18,-0.00081934,102.1879,1,0.040264,240.382030,0.00086637,63.6648,0,0.000000,0.000000
2016-05-19,-0.00561151,101.6268,1,0.037231,220.970490,-0.01866045,61.7988,1,0.041765,317.641650
2016-05-20,-0.00037321,101.5894,1,0.026211,141.079840,-0.00720049,61.0787,1,0.057189,380.075520
2016-05-23,0.00884594,102.4740,1,0.058166,282.828810,0.00080879,61.1596,0,0.000000,0.000000
2016-05-24,-0.00500385,101.9737,1,0.039365,220.403600,-0.01274224,59.8854,1,0.043624,322.259787
2016-05-25,-0.00685125,101.2885,1,0.050955,322.251840,0.00956815,60.8422,0,0.000000,0.000000
2016-05-26,-0.00270471,101.0181,1,0.045751,261.315810,0.00264978,61.1072,1,0.040922,243.734542
2016-05-27,0.00260561,101.2786,1,0.058739,339.890840,-0.00807974,60.2992,1,0.041034,321.019520
2016-05-31,0.00186982,101.4656,1,0.040768,281.325100,0.00869440,61.1686,0,0.000000,0.000000
2016-06-01,-0.00130090,101.3355,1,0.044940,260.428550,0.00141302,61.3099,1,0.037948,262.463976
2016-06-02,0.00238554,101.5741,1,0.050526,301.175610,0.00495987,61.8059,1,0.052213,340.980990
2016-06-03,0.00122524,101.6966,1,0.058716,361.617800,0.00618000,62.4239,1,0.034590,281.839600
2016-06-06,0.00356971,102.0536,1,0.036669,240.410960,-0.00030754,62.3932,1,0.044594,320.784610
2016-06-07,0.00917421,102.9710,1,0.048959,301.570980,-0.00916787,61.4764,1,0.043707,341.881240
2016-06-08,-0.00174907,102.7961,1,0.056497,341.226980,-0.00494242,60.9821,1,0.056352,360.977440
2016-06-09,0.00007195,102.8033,1,0.037415,280.298110,0.01847142,62.8293,1,0.043848,300.501550
2016-06-10,0.00235742,103.0390,1,0.048468,299.311270,0.01613487,64.4428,1,0.035703,241.816990
2016-06-13,-0.00611164,102.4278,1,0.036584,239.576150,0.00006714,64.4495,0,0.000000,0.000000
2016-06-14,0.00134467,102.5623,1,0.037043,239.680480,0.02224553,66.6740,0,0.000000,0.000000
2016-06-15,-0.00355058,102.2073,1,0.042268,280.312110,-0.00259856,66.4142,1,0.016886,122.708783
2016-06-16,0.00099576,102.3068,1,0.034354,181.207890,0.00248681,66.6629,1,0.042389,340.034070
2016-06-17,0.00297918,102.6047,1,0.037012,240.936590,-0.00153244,66.5096,1,0.040834,301.331770
2016-06-20,-0.00543323,102.0614,1,0.024143,161.100350,-0.01185525,65.3241,1,0.050805,301.369210
2016-06-21,0.00058560,102.1200,1,0.031950,221.740520,-0.00813937,64.5101,1,0.057457,361.763420
2016-06-22,-0.00399937,101.7200,1,0.048357,260.310170,-0.00720667,63.7895,1,0.060017,340.037760
2016-06-23,0.00831244,102.5513,1,0.043906,239.931840,-0.00016844,63.7726,1,0.050064,320.058050
2016-06-24,0.01241594,103.7929,1,0.065146,364.057810,-0.01449441,62.3232,0,0.000000,0.000000
2016-06-27,0.00977727,104.7706,0,0.000000,0.000000,0.00216117,62.5393,0,0.000000,0.000000
2016-06-28,-0.00218335,104.5523,1,0.041845,274.704025,0.00007514,62.5468,0,0.000000,0.000000
2016-06-29,-0.00338534,104.2137,1,0.039714,243.137950,-0.00195159,62.3517,0,0.000000,0.000000
2016-06-30,0.00730572,104.9443,1,0.047028,304.736900,-0.00172120,62.1795,0,0.000000,0.000000
2016-07-01,-0.00246821,104.6975,1,0.051621,344.061240,-0.00318796,61.8607,0,0.000000,0.000000
2016-07-05,-0.00929487,103.7680,1,0.048737,260.416260,-0.00151432,61.7093,1,0.058192,323.699729
2016-07-06,-0.00399265,103.3687,1,0.037105,238.850050,-0.00856877,60.8524,1,0.049127,318.798700
2016-07-07,0.00435378,103.8041,1,0.039122,241.164640,0.01125327,61.9778,1,0.050553,360.480110
2016-07-08,0.00022103,103.8262,1,0.058747,361.693900,0.00788960,62.7667,1,0.029370,221.581680
2016-07-11,0.01478830,105.3051,1,0.046270,303.766010,0.01068375,63.8351,0,0.000000,0.000000
2016-07-12,-0.00486319,104.8187,1,0.025929,201.893280,0.01243307,65.0784,1,0.032093,224.898759
2016-07-13,-0.00059697,104.7590,1,0.035067,241.211490,-0.00184495,64.8939,1,0.035825,261.844440
2016-07-14,0.00213522,104.9726,1,0.042378,280.283950,-0.01500011,63.3939,1,0.047341,360.635570
2016-07-15,0.00086908,105.0595,1,0.038782,261.103660,-0.00090731,63.3032,1,0.057481,380.477970
2016-07-18,-0.00632731,104.4267,1,0.033281,200.610530,-0.00253781,63.0494,1,0.044161,300.947090
2016-07-19,-0.00765542,103.6612,1,0.050142,320.491410,-0.00329871,62.7195,1,0.041911,301.233020
2016-07-20,0.00874340,104.5355,1,0.050690,319.495540,-0.00567772,62.1517,1,0.043482,339.579320
2016-07-21,0.00030025,104.5656,1,0.039805,281.796690,-0.00869944,61.2818,1,0.056574,381.792530
2016-07-22,-0.00482633,104.0829,1,0.044663,280.069170,-0.00851070,60.4307,1,0.050870,359.944570
2016-07-25,-0.00170940,103.9120,1,0.044810,300.450810,-0.00619961,59.8108,1,0.050351,360.715500
2016-07-26,-0.00083575,103.8284,1,0.048705,320.120610,0.00278906,60.0897,1,0.045234,360.286390
2016-07-27,-0.01546731,102.2817,1,0.028811,220.495550,0.00109503,60.1992,1,0.033837,301.034300
2016-07-28,-0.00179062,102.1026,1,0.039682,260.827480,0.00264634,60.4638,1,0.041636,279.844040
2016-07-29,-0.00279596,101.8230,1,0.041976,280.124700,-0.00133282,60.3305,1,0.046782,301.551950
2016-08-01,-0.00622245,101.2008,1,0.059085,339.610040,0.00531699,60.8622,1,0.046251,262.431540
2016-08-02,0.00595369,101.7961,1,0.049421,300.241420,-0.00310559,60.5517,1,0.037799,260.760870
2016-08-03,-0.00931832,100.8643,1,0.041412,299.053190,-0.01220890,59.3308,0,0.000000,0.000000
2016-08-04,0.01169600,102.0339,1,0.046170,240.918840,-0.01533255,57.7975,1,0.061205,379.471327
2016-08-05,-0.00922597,101.1113,1,0.052687,359.603050,-0.00862227,56.9353,1,0.059497,399.781650
2016-08-08,-0.01058967,100.0524,1,0.042327,281.939710,0.00648190,57.5835,1,0.040650,342.684710
2016-08-09,-0.00907554,99.1448,1,0.041194,299.869820,-0.00008466,57.5750,1,0.037206,300.907140
2016-08-10,0.00308292,99.4531,1,0.041328,260.663820,-0.00709852,56.8652,1,0.046412,341.066720
2016-08-11,-0.00582292,98.8708,1,0.036362,260.699640,0.00041077,56.9062,1,0.045103,359.497580
2016-08-12,0.00282719,99.1535,1,0.029301,202.004050,0.00103295,57.0095,0,0.000000,0.000000
2016-08-15,-0.00079480,99.0740,1,0.033100,240.989540,-0.01358999,55.6505,1,0.032959,261.275699
2016-08-16,-0.00222748,98.8513,1,0.041148,261.804660,0.00205280,55.8558,1,0.046550,360.542460
2016-08-17,0.00278653,99.1299,1,0.045547,318.875000,-0.00686462,55.1694,0,0.000000,0.000000
2016-08-18,0.00290589,99.4205,1,0.038701,260.733160,-0.00107190,55.0622,1,0.056550,379.344999
2016-08-19,-0.00385726,99.0348,1,0.035986,280.953210,-0.00603094,54.4591,1,0.037814,280.755060
2016-08-22,0.00390467,99.4253,1,0.044413,300.039160,-0.00674354,53.7847,1,0.047274,339.387200
2016-08-23,-0.02710783,96.7145,1,0.039913,280.808180,0.01608643,55.3934,1,0.053857,380.363860
2016-08-24,0.00425105,97.1396,1,0.043755,263.437610,-0.00395454,54.9979,1,0.044234,323.204900
2016-08-25,0.00952655,98.0923,1,0.041685,280.062420,-0.00388981,54.6089,1,0.048521,339.384580
2016-08-26,-0.00347370,97.7449,1,0.041490,301.481140,0.00301592,54.9105,1,0.046138,340.437820
2016-08-29,-0.00624941,97.1199,1,0.049641,299.407180,-0.00484898,54.4256,1,0.039798,280.486350
2016-08-30,-0.01006289,96.1137,1,0.042989,281.284240,-0.00118640,54.3070,0,0.000000,0.000000
2016-08-31,0.01210155,97.3238,1,0.041155,320.107660,-0.01313946,52.9930,1,0.031476,262.226128
2016-09-01,0.00411613,97.7354,1,0.040087,300.816610,-0.00016344,52.9767,1,0.052394,359.649630
2016-09-02,0.00857672,98.5931,1,0.028918,240.723500,-0.00794831,52.1819,1,0.045221,320.746210
2016-09-06,-0.00160696,98.4324,1,0.035836,262.401970,-0.00132560,52.0493,0,0.000000,0.000000
2016-09-07,0.00707122,99.1395,1,0.040968,259.840320,0.00165016,52.2143,1,0.049364,361.289124
2016-09-08,-0.00430641,98.7089,1,0.038471,260.460370,0.00453599,52.6679,1,0.041681,301.150140
2016-09-09,-0.00362769,98.3461,1,0.043579,319.038530,-0.00775026,51.8929,1,0.025676,219.783020
2016-09-12,-0.00342497,98.0036,1,0.035297,219.259990,0.00631053,52.5239,0,0.000000,0.000000
2016-09-13,-0.00705959,97.2977,1,0.037719,262.607780,-0.01212606,51.3113,0,0.000000,0.000000
2016-09-14,-0.01478797,95.8189,1,0.039787,278.474780,-0.00159393,51.1519,0,0.000000,0.000000
2016-09-15,-0.00684327,95.1345,1,0.039187,241.408290,0.00185027,51.3370,1,0.044643,335.314659
2016-09-16,0.01202430,96.3370,1,0.031520,242.667060,0.00176689,51.5137,0,0.000000,0.000000
2016-09-19,0.00442341,96.7793,1,0.037049,280.996670,0.00558637,52.0723,1,0.035513,262.676002
2016-09-20,-0.00173034,96.6063,1,0.043054,280.407990,0.00034598,52.1069,1,0.041542,281.137270
2016-09-21,0.00697660,97.3039,1,0.044000,300.078300,0.00810175,52.9171,1,0.041765,280.971140
2016-09-22,0.00392600,97.6965,1,0.040620,303.358440,0.00181148,53.0982,0,0.000000,0.000000
2016-09-23,0.00276960,97.9735,1,0.042050,281.774360,0.00469320,53.5675,1,0.047420,284.563319
2016-09-26,0.00542472,98.5160,1,0.035938,260.786530,0.00772946,54.3405,1,0.033014,280.452500
2016-09-27,0.00423099,98.9391,1,0.033811,260.287110,-0.00489404,53.8511,0,0.000000,0.000000
2016-09-28,0.00243735,99.1828,1,0.042755,280.928510,0.00438306,54.2894,1,0.043784,358.622700
2016-09-29,0.00160248,99.3430,1,0.045932,301.189070,0.00213517,54.5029,1,0.049413,320.963730
2016-09-30,0.00358101,99.7011,1,0.051319,318.356420,0.00615681,55.1186,0,0.000000,0.000000
2016-10-03,-0.01319900,98.3812,1,0.046820,362.108260,0.02724899,57.8435,1,0.039641,280.839772
2016-10-04,0.00412931,98.7942,1,0.053079,338.328200,0.00898943,58.7424,1,0.032657,222.052680
2016-10-05,-0.00180155,98.6140,1,0.045605,280.365250,0.02329804,61.0722,1,0.041576,279.639600
2016-10-06,0.01192080,99.8061,1,0.043860,320.707470,-0.00829540,60.2427,1,0.033920,222.009380
2016-10-07,-0.00386816,99.4193,1,0.044046,300.796360,0.00066332,60.3090,1,0.040448,360.580220
2016-10-10,-0.00424027,98.9953,1,0.049747,279.809530,0.00200378,60.5094,0,0.000000,0.000000
2016-10-11,-0.00072450,98.9228,1,0.035770,241.948100,-0.00156199,60.3532,1,0.039649,320.806234
2016-10-12,0.00601502,99.5243,1,0.036328,258.573180,-0.00272247,60.0810,0,0.000000,0.000000
2016-10-13,0.00958456,100.4828,1,0.041994,260.668890,0.01095609,61.1766,1,0.043811,357.310504
2016-10-14,0.00536608,101.0194,1,0.062742,399.286950,-0.00674179,60.5024,1,0.029259,220.752320
2016-10-17,0.00695334,101.7147,1,0.037496,240.963810,0.00400150,60.9025,1,0.049340,360.149920
2016-10-18,-0.01396847,100.3179,1,0.055027,361.325110,-0.00975157,59.9274,1,0.040537,300.758370
2016-10-19,-0.00844395,99.4735,1,0.062385,342.370280,0.00348735,60.2761,1,0.059935,362.112280
2016-10-20,-0.00675184,98.7983,1,0.038794,281.471610,-0.01320947,58.9552,1,0.040327,281.881330
2016-10-21,-0.00918154,97.8801,1,0.034674,220.680310,0.00265927,59.2211,1,0.044083,340.178560
2016-10-24,-0.00031563,97.8486,1,0.029933,200.645980,0.00171616,59.3927,1,0.042364,320.139670
2016-10-25,0.00030246,97.8788,1,0.041144,281.006230,0.00793945,60.1867,0,0.000000,0.000000
2016-10-26,-0.00829659,97.0491,1,0.038849,279.802370,0.02332140,62.5188,1,0.037130,281.242684
2016-10-27,-0.00557282,96.4919,1,0.032762,240.113570,0.00800194,63.3190,1,0.026016,241.698030
2016-10-28,-0.00061555,96.4303,1,0.028315,200.456820,0.00259885,63.5789,1,0.039445,260.949090
2016-10-31,0.00268342,96.6987,1,0.035318,260.618440,-0.01101676,62.4772,1,0.048546,300.468590
2016-11-01,0.00238692,96.9373,1,0.049078,301.004600,-0.01255129,61.2221,1,0.050479,300.484030
2016-11-02,-0.00437840,96.4995,1,0.061070,317.915790,0.00430340,61.6524,1,0.067250,379.021570
2016-11-03,-0.01774637,94.7249,1,0.053807,318.611470,0.00275102,61.9275,0,0.000000,0.000000
2016-11-04,0.00945276,95.6701,1,0.040144,202.073770,0.00223255,62.1508,1,0.056565,319.734179
2016-11-07,0.00533894,96.2040,1,0.045116,241.734020,0.00289863,62.4406,1,0.042147,321.837160
2016-11-08,-0.00172537,96.0315,1,0.059307,283.815670,0.01102127,63.5428,0,0.000000,0.000000
2016-11-09,0.00666411,96.6979,1,0.064299,320.487530,-0.00862369,62.6804,1,0.036799,246.422159
2016-11-10,0.00291302,96.9892,1,0.043088,263.880550,0.03983471,66.6639,1,0.057869,362.165370
2016-11-11,-0.00792472,96.1967,1,0.054562,260.725170,0.00029425,66.6933,1,0.035435,262.025400
2016-11-14,0.00364391,96.5611,1,0.053949,281.936790,-0.00028766,66.6645,1,0.046766,320.174020
2016-11-15,0.00872499,97.4336,1,0.036421,243.875800,-0.01275903,65.3886,1,0.052123,302.844160
2016-11-16,0.00079118,97.5127,1,0.040242,342.159880,0.00287428,65.6760,1,0.061802,361.381560
2016-11-17,-0.00380175,97.1326,1,0.047615,280.325540,0.01507992,67.1840,1,0.052948,301.076350
2016-11-18,-0.00297080,96.8355,1,0.048300,281.818220,-0.00313831,66.8702,1,0.044521,302.922420
2016-11-21,0.00334100,97.1696,1,0.050090,260.061080,0.00466579,67.3368,1,0.042311,319.508430
2016-11-22,0.00083564,97.2532,1,0.046416,301.121870,-0.02123814,65.2130,1,0.045854,282.116170
2016-11-23,0.00198064,97.4512,1,0.034846,241.947440,-0.00792720,64.4203,1,0.055300,340.188460
2016-11-25,-0.00401783,97.0494,1,0.044133,241.186890,-0.00771360,63.6489,1,0.058030,360.860200
2016-11-28,0.00003803,97.0532,1,0.074277,321.235210,0.00614182,64.2631,1,0.067528,362.074370
2016-11-29,0.00113823,97.1671,1,0.039437,260.218760,-0.00182599,64.0805,1,0.046779,241.624230
2016-11-30,0.01567944,98.7350,1,0.049046,261.188740,-0.01402694,62.6778,1,0.052234,320.697660
2016-12-01,-0.01889345,96.8457,1,0.048755,301.329810,0.02465690,65.1435,1,0.053800,359.088280
2016-12-02,0.00185086,97.0307,1,0.042154,260.886790,-0.01974150,63.1693,1,0.039460,221.792710
2016-12-05,0.00305771,97.3365,1,0.034829,281.151720,-0.00551258,62.6181,1,0.047878,380.681690
2016-12-06,0.00380444,97.7170,1,0.036136,281.916820,0.00225684,62.8437,1,0.051386,321.647400
2016-12-07,0.00292687,98.0097,1,0.040713,320.677200,-0.00300045,62.5437,1,0.044655,321.569510
2016-12-08,0.01002333,99.0120,1,0.042767,322.710320,0.01061496,63.6052,1,0.041334,341.586590
2016-12-09,0.00005037,99.0170,1,0.043063,301.648920,-0.01168432,62.4368,1,0.047402,302.532010
2016-12-12,-0.00490607,98.5264,1,0.037237,241.044460,0.00080426,62.5172,1,0.053524,341.507210
2016-12-13,-0.00392147,98.1343,1,0.044317,299.217110,0.01478164,63.9954,1,0.053556,299.662370
2016-12-14,-0.00116443,98.0178,1,0.038943,280.443790,-0.00021320,63.9740,1,0.035040,261.867180
2016-12-15,-0.00378886,97.6389,1,0.045336,279.811620,-0.00162134,63.8119,0,0.000000,0.000000
2016-12-16,0.00648147,98.2871,1,0.024703,221.475890,-0.00897484,62.9144,1,0.044744,359.198511
2016-12-19,0.00415847,98.7029,1,0.058313,378.118370,0.00304359,63.2188,1,0.041371,359.864380
2016-12-20,0.00395995,99.0989,1,0.048125,300.768840,-0.00720220,62.4986,1,0.040740,281.302950
2016-12-21,-0.00292955,98.8060,1,0.042815,260.767180,0.00126905,62.6255,1,0.056915,360.441560
2016-12-22,-0.00358309,98.4477,1,0.050869,340.352560,0.01005081,63.6305,1,0.035889,300.949060
2016-12-23,0.00090247,98.5379,1,0.054353,320.146380,-0.00458576,63.1720,1,0.041386,260.742070
2016-12-27,-0.00328110,98.2098,1,0.043490,260.636560,-0.00042941,63.1290,1,0.055461,340.393410
2016-12-28,0.00553647,98.7634,1,0.053873,340.822940,-0.00462767,62.6663,1,0.039137,260.900420
2016-12-29,0.00263650,99.0271,1,0.043150,278.555900,0.00210651,62.8769,0,0.000000,0.000000
2016-12-30,-0.00723557,98.3035,1,0.051017,320.701380,-0.00139668,62.7372,1,0.047118,299.101822
2017-01-03,0.00412476,98.7160,1,0.049384,299.572940,0.00128102,62.8653,1,0.041878,320.344650
2017-01-04,0.01107584,99.8236,1,0.040116,261.019620,-0.00379710,62.4856,1,0.042100,281.586040
2017-01-05,-0.00373455,99.4501,1,0.049325,283.350500,0.00237667,62.7233,0,0.000000,0.000000
2017-01-06,-0.00078095,99.3720,1,0.040965,280.508130,0.00305931,63.0292,1,0.039009,321.822973
2017-01-09,0.01003615,100.3757,1,0.047875,300.374150,0.00346265,63.3755,1,0.040185,301.004160
2017-01-10,0.00110777,100.4864,1,0.054893,279.401430,0.01533280,64.9088,1,0.032640,279.893350
2017-01-11,-0.00025769,100.4607,1,0.043469,261.268230,-0.00566350,64.3424,1,0.039210,222.069580
2017-01-12,0.00058275,100.5189,1,0.030855,241.264700,-0.01006339,63.3361,1,0.056989,340.806060
2017-01-13,-0.01075384,99.4436,1,0.058344,319.916050,-0.01285531,62.0506,1,0.057331,340.477610
2017-01-17,-0.00911780,98.5318,1,0.053850,280.966840,-0.01060415,60.9901,1,0.053595,361.128820
2017-01-18,-0.00121984,98.4098,1,0.043114,280.598230,-0.00965040,60.0251,1,0.053050,360.270540
2017-01-19,0.00272541,98.6823,1,0.036569,260.802370,-0.00206918,59.8182,1,0.054748,380.602370
2017-01-20,0.01791480,100.4738,1,0.041610,239.764470,0.00940240,60.7584,0,0.000000,0.000000
2017-01-23,0.00182623,100.6564,1,0.043827,282.171970,0.00234769,60.9932,1,0.047561,321.196760
2017-01-24,-0.01461240,99.1952,1,0.051000,320.565930,0.00864153,61.8573,1,0.042087,280.798670
2017-01-25,-0.00853980,98.3412,1,0.046290,283.165420,-0.00512152,61.3452,0,0.000000,0.000000
2017-01-26,0.00453888,98.7951,1,0.054012,321.048150,0.00674896,62.0201,1,0.051324,364.785697
2017-01-27,0.00294272,99.0894,1,0.046098,318.849580,-0.00005886,62.0142,1,0.029366,260.671320
2017-01-30,0.00724901,99.8143,1,0.023409,220.058970,0.00011165,62.0254,1,0.031465,300.483060
2017-01-31,0.00846323,100.6606,1,0.040307,240.840790,0.00051816,62.0772,1,0.038264,280.192910
2017-02-01,-0.00468575,100.1920,1,0.039905,221.188250,-0.00586082,61.4911,1,0.041622,321.157760
2017-02-02,0.01070363,101.2624,1,0.044957,280.118890,-0.01919156,59.5719,1,0.050946,379.250600
2017-02-03,0.00397935,101.6603,1,0.047255,320.513860,-0.00328653,59.2433,1,0.054753,381.072110
2017-02-06,-0.01580895,100.0794,1,0.043025,282.359870,0.00587348,59.8306,0,0.000000,0.000000
2017-02-07,0.00219105,100.2985,1,0.029515,242.008410,0.00463049,60.2937,1,0.040551,281.882064
2017-02-08,-0.00096624,100.2019,1,0.040204,280.160980,0.00144721,60.4384,1,0.044919,240.760360
2017-02-09,0.00027363,100.2293,1,0.035517,281.368600,-0.02111175,58.3272,1,0.045285,320.910900
2017-02-10,-0.01135647,99.0936,1,0.035187,301.399200,-0.00130935,58.1963,1,0.050415,382.623210
2017-02-13,-0.00414764,98.6789,1,0.041754,282.086340,0.00312980,58.5093,1,0.047500,341.936020
2017-02-14,0.00185096,98.8640,1,0.046794,261.217770,-0.01201856,57.3074,1,0.046336,321.468540
2017-02-15,0.00394244,99.2582,1,0.039256,340.501390,-0.00146200,57.1612,1,0.040610,341.463060
2017-02-16,0.00752240,100.0104,1,0.039340,281.236720,-0.01094696,56.0665,1,0.048946,321.166610
2017-02-17,-0.00325932,99.6845,1,0.053922,358.303080,-0.00160882,55.9056,1,0.051062,339.217070
2017-02-21,-0.00277049,99.4075,1,0.035099,280.797550,-0.00067337,55.8383,1,0.044877,320.231900
2017-02-22,0.00101981,99.5094,1,0.029659,221.342330,-0.00247938,55.5904,0,0.000000,0.000000
2017-02-23,0.00356149,99.8656,1,0.057961,319.030980,0.02130758,57.7211,1,0.042422,339.577298
2017-02-24,0.01633088,101.4987,1,0.068992,319.667250,-0.01350763,56.3704,1,0.025423,202.822960
2017-02-27,0.00501944,102.0006,1,0.050156,323.224980,-0.01229270,55.1411,1,0.044650,283.751140
2017-02-28,0.00060876,102.0615,1,0.047464,300.157780,-0.01826359,53.3147,1,0.048279,380.294780
2017-03-01,0.00495280,102.5568,1,0.037310,279.148640,-0.00411266,52.9035,1,0.042416,379.743700
2017-03-02,0.01219238,103.7760,1,0.055232,281.954150,-0.01305620,51.5979,1,0.043590,322.058950
2017-03-03,0.00363254,104.1393,1,0.051386,318.656110,-0.00577054,51.0208,1,0.043784,340.059170
2017-03-06,0.00483192,104.6225,1,0.039338,300.726240,0.00037419,51.0582,1,0.047311,320.441550
2017-03-07,0.00286331,104.9088,1,0.034959,259.780230,0.00015536,51.0738,1,0.038264,279.850650
2017-03-08,-0.00973409,103.9354,1,0.055359,299.534950,0.00058622,51.1324,1,0.038008,259.920720
2017-03-09,-0.00491897,103.4435,1,0.047747,260.056290,0.00455280,51.5877,1,0.043190,319.949790
2017-03-10,-0.00380431,103.0631,1,0.035601,220.610070,0.00215780,51.8034,1,0.044550,300.733890
2017-03-13,0.00010938,103.0740,1,0.050282,301.066070,0.00056273,51.8597,1,0.046157,321.093150
2017-03-14,-0.00210667,102.8633,1,0.035297,240.653840,0.00357891,52.2176,1,0.046939,280.872350
2017-03-15,-0.00396808,102.4665,1,0.047608,319.822590,0.00180167,52.3978,1,0.030703,300.227670
2017-03-16,-0.00029132,102.4374,1,0.041312,242.283420,-0.01104712,51.2931,0,0.000000,0.000000
2017-03-17,0.00175087,102.6125,1,0.038853,259.626760,-0.01142467,50.1506,1,0.050947,401.715397
2017-03-20,-0.00047109,102.5654,1,0.038999,260.979860,0.00366951,50.5175,1,0.037959,340.433940
2017-03-21,-0.00071957,102.4934,1,0.044077,280.098090,-0.01028931,49.4886,1,0.033101,259.691330
2017-03-22,-0.00301662,102.1918,1,0.062852,337.640440,-0.00184356,49.3042,1,0.057446,377.918550
2017-03-23,0.00314377,102.5061,1,0.043813,280.791850,-0.00202946,49.1013,1,0.042556,301.172210
2017-03-24,-0.00150934,102.3552,1,0.038124,260.702030,-0.00041329,49.0600,1,0.041579,360.362110
2017-03-27,-0.00274036,102.0812,1,0.030336,220.427770,0.00520672,49.5806,1,0.048878,360.021270
2017-03-28,0.01133256,103.2144,1,0.035894,220.368060,0.00902304,50.4830,1,0.034766,241.181110
2017-03-29,0.00710847,103.9253,1,0.044163,321.355430,0.00552905,51.0359,0,0.000000,0.000000
2017-03-30,-0.00326624,103.5986,1,0.029284,260.642710,-0.00766494,50.2694,1,0.040804,301.121189
2017-03-31,-0.00116106,103.4825,1,0.039486,261.163640,-0.00572208,49.6972,1,0.038908,321.365070
2017-04-03,-0.00844539,102.6380,1,0.026959,220.748740,-0.00231009,49.4661,1,0.039869,320.584860
2017-04-04,-0.00019816,102.6182,1,0.051106,239.700140,-0.00243591,49.2226,1,0.045881,279.362440
2017-04-05,0.00161342,102.7795,1,0.039328,200.621170,0.00659997,49.8826,1,0.059533,340.466150
2017-04-06,-0.00145304,102.6342,1,0.039644,239.856150,-0.01020087,48.8625,1,0.041627,300.218370
2017-04-07,0.00051181,102.6854,1,0.041109,281.575160,-0.00037800,48.8247,1,0.058420,380.816340
2017-04-10,-0.00057927,102.6275,1,0.041707,280.357250,-0.00434758,48.3899,1,0.047568,319.993420
2017-04-11,0.00574104,103.2016,1,0.039026,260.060000,-0.00669380,47.7205,1,0.051880,320.547930
2017-04-12,-0.00489138,102.7124,1,0.038528,279.804370,0.00652003,48.3725,1,0.049577,300.800520
2017-04-13,-0.00183298,102.5291,1,0.038858,299.293970,0.00865018,49.2375,1,0.045572,300.054740
2017-04-17,0.00349406,102.8785,1,0.043094,299.064400,-0.00500117,48.7374,0,0.000000,0.000000
2017-04-18,0.00031068,102.9096,1,0.043682,281.938960,0.00559902,49.2973,0,0.000000,0.000000
2017-04-19,-0.00032985,102.8766,1,0.034485,260.602230,0.00597168,49.8945,1,0.043222,341.084639
2017-04-20,-0.00002104,102.8745,1,0.047044,340.540120,0.01659623,51.5541,1,0.033587,241.253890
2017-04-21,0.00120869,102.9954,1,0.037351,282.777480,0.00091310,51.6454,1,0.028800,262.308490
2017-04-24,-0.00053086,102.9423,1,0.045416,339.748260,-0.00949018,50.6964,1,0.037508,300.863850
2017-04-25,-0.00390840,102.5515,1,0.041070,282.820450,-0.00355105,50.3413,0,0.000000,0.000000
2017-04-26,-0.01464544,101.0869,1,0.036464,240.955130,0.01047374,51.3887,1,0.059186,383.060791
2017-04-27,-0.00583270,100.5037,1,0.046100,321.577120,0.00760893,52.1496,1,0.041917,261.599800
2017-04-28,0.00721239,101.2249,1,0.038441,261.598630,-0.01545285,50.6043,1,0.049125,281.465390
2017-05-01,0.00364571,101.5895,1,0.046579,338.670340,0.00247642,50.8519,1,0.053098,399.056460
2017-05-02,-0.00308917,101.2805,1,0.045967,280.132370,0.00313490,51.1654,1,0.059410,320.484740
2017-05-03,0.00039004,101.3195,1,0.053126,298.855290,0.01317640,52.4831,1,0.046770,340.852160
2017-05-04,-0.01712074,99.6075,1,0.032434,260.156230,0.01017812,53.5009,1,0.027468,241.923710
2017-05-05,-0.00049362,99.5581,1,0.031102,280.777700,-0.01109572,52.3913,1,0.047692,261.711660
2017-05-08,-0.00005407,99.5527,1,0.034477,301.038880,-0.00352360,52.0389,1,0.056320,341.662480
2017-05-09,-0.00897913,98.6548,1,0.030883,240.251050,0.00251834,52.2908,1,0.054846,359.482120
2017-05-10,0.00803401,99.4582,1,0.044939,261.184070,-0.00436725,51.8541,1,0.047885,341.118960
2017-05-11,0.00080311,99.5385,1,0.039109,240.882080,-0.00145650,51.7084,1,0.044610,360.714500
2017-05-12,-0.00454126,99.0844,1,0.032686,240.235780,0.00274926,51.9833,1,0.033774,279.918680
2017-05-15,0.00277948,99.3623,1,0.044122,279.924520,-0.00273900,51.7094,1,0.045490,299.864700
2017-05-16,0.00582432,99.9448,1,0.037028,280.889730,-0.00580024,51.1294,0,0.000000,0.000000
2017-05-17,0.01276336,101.2211,1,0.028194,240.817500,-0.03348366,47.7810,1,0.045316,360.890155
2017-05-18,-0.01131228,100.0899,1,0.042848,279.078770,0.00206411,47.9874,0,0.000000,0.000000
2017-05-19,0.00558560,100.6484,1,0.042690,281.423980,-0.01044846,46.9426,1,0.048186,318.712855
2017-05-22,-0.00351190,100.2972,1,0.035400,262.460370,0.00583414,47.5260,0,0.000000,0.000000
2017-05-23,-0.00109815,100.1874,1,0.046515,241.187990,0.00791412,48.3174,0,0.000000,0.000000
2017-05-24,0.00446578,100.6340,1,0.037482,300.969800,0.00278595,48.5960,1,0.042175,304.530539
2017-05-25,0.00098195,100.7322,1,0.038895,261.819180,-0.01860861,46.7352,1,0.037241,302.003690
2017-05-26,0.00786306,101.5185,1,0.024504,241.229010,-0.00603832,46.1313,1,0.036572,303.313180
2017-05-30,-0.00275632,101.2429,1,0.042602,279.815270,0.00102616,46.2339,1,0.040594,340.196160
2017-05-31,-0.00693043,100.5498,1,0.028703,240.762970,0.00892529,47.1265,1,0.041701,320.385790
2017-06-01,0.00298629,100.8485,1,0.035841,240.040760,-0.01073046,46.0534,1,0.030696,221.469930
2017-06-02,-0.00454228,100.3942,1,0.040268,283.026550,-0.00024616,46.0288,0,0.000000,0.000000
2017-06-05,-0.00585565,99.8087,1,0.041045,301.068140,-0.00312406,45.7164,1,0.046536,303.853201
2017-06-06,-0.00729533,99.0791,1,0.038693,320.295820,-0.00093801,45.6226,1,0.053321,359.582470
2017-06-07,-0.00008884,99.0702,1,0.031014,260.121300,-0.00267766,45.3548,1,0.048516,320.580140
2017-06-08,0.00353701,99.4239,1,0.037639,279.968670,0.00886273,46.2411,1,0.040787,281.209650
2017-06-09,-0.01977912,97.4460,1,0.053602,321.074380,0.00125937,46.3671,1,0.037513,281.349200
2017-06-12,0.00118953,97.5650,1,0.035167,220.684810,0.01470782,47.8378,1,0.042088,321.446230
2017-06-13,0.00401830,97.9668,1,0.043980,339.307860,-0.00636375,47.2015,1,0.042855,221.539230
2017-06-14,-0.00487310,97.4795,1,0.043350,241.680710,0.00111595,47.3131,1,0.043975,321.724080
2017-06-15,-0.00620836,96.8587,1,0.051186,319.199340,0.00604948,47.9180,1,0.040912,320.283350
2017-06-16,0.00429218,97.2879,1,0.045862,320.156790,0.00311464,48.2295,1,0.040026,261.267740
2017-06-19,-0.00211047,97.0768,1,0.036637,281.064160,-0.00457130,47.7723,1,0.032010,302.325590
2017-06-20,-0.00434905,96.6419,1,0.024265,201.831870,0.00492497,48.2648,1,0.041023,361.169740
2017-06-21,-0.00190071,96.4519,1,0.032231,279.066180,0.00342114,48.6069,1,0.037736,300.275700
2017-06-22,-0.00335365,96.1165,1,0.041025,280.214760,0.00518580,49.1255,1,0.037570,260.668830
2017-06-23,0.00704811,96.8213,1,0.032289,280.521900,0.00569234,49.6948,1,0.033426,261.190450
2017-06-26,-0.00286108,96.5352,1,0.034878,281.293440,-0.01650124,48.0446,1,0.030764,281.450880
2017-06-27,-0.00403747,96.1315,1,0.035997,261.794710,0.00932640,48.9773,1,0.045540,360.707300
2017-06-28,-0.00648937,95.4825,1,0.039947,298.418050,0.00842666,49.8199,1,0.045004,259.999220
2017-06-29,0.00065123,95.5476,1,0.032557,261.619990,0.00106788,49.9267,1,0.040942,282.726790
2017-06-30,0.00809615,96.3573,1,0.038565,221.084000,0.00617364,50.5441,1,0.043326,338.703450
2017-07-03,0.00407300,96.7646,1,0.026660,260.765820,0.00422962,50.9671,1,0.043588,301.089070
2017-07-05,-0.00093494,96.6711,1,0.069274,340.689060,-0.02291587,48.6755,1,0.061547,321.067810
2017-07-06,0.00016717,96.6878,1,0.034763,320.951640,0.00608983,49.2845,1,0.044867,380.330720
2017-07-07,0.00384863,97.0726,1,0.040937,258.774320,0.00932654,50.2171,0,0.000000,0.000000
2017-07-10,0.00598941,97.6716,1,0.046059,301.442280,0.01342735,51.5598,0,0.000000,0.000000
2017-07-11,0.00450765,98.1223,1,0.038115,241.809340,-0.00111865,51.4480,1,0.026385,203.028988
2017-07-12,-0.00381623,97.7407,1,0.032883,260.644620,0.03164705,54.6127,1,0.041535,320.069720
2017-07-13,0.00436751,98.1775,1,0.034719,261.677120,0.00201232,54.8139,0,0.000000,0.000000
2017-07-14,-0.00685400,97.4921,1,0.057690,340.956310,0.00573074,55.3870,1,0.042206,325.664658
2017-07-17,-0.00248696,97.2434,1,0.055246,341.793030,-0.00470182,54.9168,1,0.040382,301.861220
2017-07-18,-0.00589912,96.6535,1,0.025092,200.972610,-0.00829369,54.0874,1,0.051609,340.340920
2017-07-19,-0.00120000,96.5335,1,0.045260,280.638200,0.01170645,55.2581,1,0.037205,340.399720
2017-07-20,-0.00770603,95.7629,1,0.058343,362.162020,0.00458945,55.7170,0,0.000000,0.000000
2017-07-21,0.00029974,95.7928,1,0.056056,379.516480,0.00204549,55.9216,1,0.033031,222.830675
2017-07-24,-0.01427565,94.3653,1,0.050955,340.391910,-0.00815615,55.1060,1,0.034765,300.799120
2017-07-25,-0.01708645,92.6566,1,0.037215,279.643230,-0.00222523,54.8834,1,0.035473,319.435910
2017-07-26,-0.00900865,91.7558,1,0.027245,242.379670,0.00052312,54.9358,1,0.039618,321.520690
2017-07-27,0.01226611,92.9824,1,0.035069,300.189980,-0.00997693,53.9381,1,0.045893,340.717850
2017-07-28,-0.00034948,92.9474,1,0.046658,320.684500,-0.01411883,52.5262,1,0.044753,339.721080
2017-07-31,0.00554522,93.5019,1,0.053758,300.673330,-0.00310202,52.2160,1,0.064842,299.286330
2017-08-01,0.00075253,93.5772,1,0.042437,279.927160,0.00568834,52.7848,1,0.029746,299.988520
2017-08-02,0.00099114,93.6763,1,0.037186,240.885890,0.00550236,53.3350,1,0.044954,280.940520
2017-08-03,0.01327988,95.0043,1,0.040692,299.549980,0.00401985,53.7370,1,0.040955,300.735270
2017-08-04,0.00851001,95.8553,1,0.043099,301.417460,-0.00765632,52.9714,1,0.043602,280.318740
2017-08-07,-0.00220360,95.6349,1,0.051190,340.663720,-0.00069493,52.9019,1,0.055243,360.457190
2017-08-08,-0.00182041,95.4529,1,0.044081,320.321310,-0.00427375,52.4745,1,0.038425,280.825250
2017-08-09,-0.01010205,94.4427,1,0.027695,239.864300,0.00803007,53.2775,1,0.044203,299.642270
2017-08-10,-0.00695069,93.7476,1,0.039689,238.938130,0.01388128,54.6657,1,0.030612,281.318850
2017-08-11,0.00093429,93.8411,1,0.041721,299.079020,-0.00911268,53.7544,1,0.036398,279.623540
2017-08-14,0.00654286,94.4953,1,0.044374,301.028790,0.00317710,54.0721,1,0.043620,340.716230
2017-08-15,-0.00137917,94.3574,1,0.047417,322.362340,-0.00145627,53.9265,0,0.000000,0.000000
2017-08-16,-0.00418639,93.9388,1,0.041499,319.936860,-0.00424803,53.5017,1,0.043373,362.289708
2017-08-17,-0.00535011,93.4038,1,0.026221,221.712500,0.00359020,53.8607,1,0.047530,381.066690
2017-08-18,-0.00886839,92.5169,1,0.047389,377.085110,-0.00114023,53.7467,0,0.000000,0.000000
2017-08-21,0.00401249,92.9182,1,0.028661,241.066610,-0.00635435,53.1112,1,0.038195,317.891042
2017-08-22,-0.00295220,92.6230,1,0.039520,280.731390,-0.00253589,52.8576,1,0.035689,340.654380
2017-08-23,-0.00481877,92.1411,1,0.048747,361.162720,-0.00618173,52.2395,1,0.039893,341.598660
2017-08-24,0.00210739,92.3518,1,0.032701,279.365770,-0.00504210,51.7353,1,0.038810,359.762620
2017-08-25,-0.01158728,91.1931,1,0.033928,301.267880,0.00603837,52.3391,1,0.040993,360.124200
2017-08-28,0.00068090,91.2612,1,0.033750,300.943700,-0.00634997,51.7041,1,0.036247,281.211710
2017-08-29,0.02020808,93.2820,1,0.041632,320.159660,-0.00883134,50.8210,1,0.046754,360.103370
2017-08-30,-0.00497093,92.7849,1,0.041573,299.377060,0.00135732,50.9567,1,0.048818,299.200560
2017-08-31,-0.00320258,92.4647,1,0.023278,220.948980,0.00123863,51.0806,1,0.050817,321.459330
2017-09-01,-0.00180436,92.2842,1,0.033946,241.919880,-0.00493686,50.5869,1,0.043476,301.026000
2017-09-05,0.00737605,93.0218,1,0.039485,281.006690,-0.00017755,50.5691,1,0.045815,340.530670
2017-09-06,-0.00318667,92.7032,1,0.032557,260.943830,-0.00057764,50.5114,1,0.041744,319.739600
2017-09-07,-0.01286611,91.4165,1,0.022511,180.801510,-0.00602705,49.9087,1,0.039115,320.423080
2017-09-08,0.00255735,91.6723,1,0.037835,280.629360,-0.02192121,47.7165,1,0.048071,360.608390
2017-09-11,0.00563469,92.2357,1,0.042241,320.631130,0.01380386,49.0969,1,0.054784,379.590910
2017-09-12,0.00515860,92.7516,1,0.033440,282.995410,-0.00525088,48.5718,0,0.000000,0.000000
2017-09-13,0.00898415,93.6500,1,0.033245,280.810200,-0.00382472,48.1894,1,0.053312,382.012768
2017-09-14,0.01096177,94.7462,1,0.039583,318.098120,0.01225784,49.4151,1,0.037186,298.429360
2017-09-15,-0.01004769,93.7414,1,0.034549,260.440760,0.01032378,50.4475,1,0.039702,281.415590
2017-09-18,-0.00378845,93.3626,1,0.031075,261.114140,-0.00990158,49.4574,1,0.029768,261.681360
2017-09-19,-0.01044575,92.3180,1,0.029255,261.244290,0.00953222,50.4106,1,0.035738,320.996470
2017-09-20,-0.00002102,92.3159,1,0.036832,320.860760,-0.00296665,50.1139,1,0.036125,281.610040
2017-09-21,-0.00559285,91.7566,1,0.035765,260.801050,0.00312006,50.4259,1,0.038224,341.034960
2017-09-22,0.00068274,91.8249,1,0.026826,240.794160,0.00916739,51.3427,1,0.028511,280.277090
2017-09-25,-0.00300259,91.5246,1,0.031499,261.080960,-0.00840367,50.5023,1,0.034237,301.998750
2017-09-26,-0.00384229,91.1404,1,0.036829,260.616140,0.00015565,50.5179,1,0.037545,340.342030
2017-09-27,-0.02194948,88.9455,1,0.039538,320.993280,0.01122158,51.6400,1,0.037572,301.390330
2017-09-28,0.00115515,89.0610,1,0.036375,301.482350,-0.00468322,51.1717,1,0.022672,222.534610
2017-09-29,-0.00130622,88.9304,1,0.027782,280.272490,-0.00477420,50.6943,1,0.048020,340.488330
2017-10-02,-0.01488305,87.4420,1,0.044345,280.980940,-0.01183218,49.5111,1,0.039538,340.838660
2017-10-03,-0.00379761,87.0623,1,0.047321,299.815020,0.00169056,49.6801,1,0.056614,400.738320
2017-10-04,0.00998238,88.0605,1,0.036332,260.892120,-0.00720261,48.9599,1,0.030051,281.281410
2017-10-05,0.00255091,88.3156,1,0.036449,261.295430,0.00160544,49.1204,1,0.040636,341.687630
2017-10-06,-0.00078408,88.2372,1,0.043068,280.307880,0.00562322,49.6827,1,0.032408,281.196060
2017-10-09,0.00363291,88.6005,1,0.051029,299.969020,0.00033136,49.7159,1,0.034334,300.792810
2017-10-10,0.00492007,89.0925,1,0.044423,340.358080,0.00106407,49.8223,1,0.036103,320.211150
2017-10-11,-0.00013478,89.0790,1,0.036748,240.365290,-0.00216386,49.6059,1,0.038436,321.198070
2017-10-12,0.00159970,89.2390,1,0.028040,221.319030,0.00233567,49.8394,1,0.038403,340.838970
2017-10-13,-0.00213051,89.0259,1,0.035251,240.900830,-0.00054924,49.7845,1,0.035474,320.664810
2017-10-16,0.00613771,89.6397,1,0.049249,302.232500,0.00598995,50.3835,1,0.033725,321.027110
2017-10-17,-0.00159796,89.4799,1,0.032996,260.866100,-0.00652926,49.7306,1,0.037726,300.943520
2017-10-18,0.00180178,89.6601,1,0.033002,280.043360,-0.00916005,48.8146,1,0.037025,280.309420
2017-10-19,-0.00507138,89.1530,1,0.033688,280.657200,0.00232984,49.0476,1,0.048086,400.965380
2017-10-20,0.00130019,89.2830,1,0.041661,320.715710,0.00621663,49.6692,1,0.039407,321.228990
2017-10-23,0.00029000,89.3120,1,0.042840,281.635600,-0.01237343,48.4319,1,0.041053,282.127710
2017-10-24,-0.01549955,87.7620,1,0.027645,239.688820,-0.01262291,47.1696,1,0.047341,338.948210
2017-10-25,-0.00146496,87.6155,1,0.042376,301.895490,-0.00005009,47.1646,1,0.042609,341.450050
2017-10-26,0.00087711,87.7032,1,0.037639,279.567540,-0.01816292,45.3483,1,0.042712,319.484340
2017-10-27,0.00567337,88.2706,1,0.044543,303.181950,0.02996878,48.3452,1,0.031422,322.932860
2017-10-30,0.00397712,88.6683,1,0.035108,322.477820,-0.00738090,47.6071,1,0.027680,264.468020
2017-10-31,0.00642619,89.3109,1,0.038201,280.738080,-0.00182112,47.4250,1,0.043502,339.560950
2017-11-01,0.01255405,90.5663,1,0.039685,342.292740,-0.01148984,46.2760,1,0.036374,303.165010
2017-11-02,-0.00649108,89.9172,1,0.055868,318.620770,0.00491041,46.7670,1,0.049679,339.397890
2017-11-03,-0.00242753,89.6745,1,0.039793,301.013160,0.00736252,47.5033,1,0.032088,281.758640
2017-11-06,-0.00156849,89.5176,1,0.042179,321.653840,-0.00576942,46.9263,1,0.037492,301.788320
2017-11-07,0.00657208,90.1748,1,0.027962,260.806290,-0.00029459,46.8969,1,0.029299,279.948450
2017-11-08,-0.00456612,89.7182,1,0.033692,280.267370,-0.00088671,46.8082,1,0.028011,300.981760
2017-11-09,-0.00080031,89.6382,1,0.035151,281.779880,-0.00656173,46.1520,1,0.027723,301.261680
2017-11-10,-0.00400443,89.2377,1,0.028413,240.007260,-0.00428453,45.7236,1,0.037813,359.573350
2017-11-13,-0.00762003,88.4757,1,0.036293,300.444950,0.00183912,45.9075,1,0.037578,359.706660
2017-11-14,0.00725238,89.2010,1,0.031442,262.488790,0.00042584,45.9501,1,0.025696,302.225710
2017-11-15,-0.00564442,88.6365,1,0.026682,280.947080,0.00494743,46.4448,1,0.034647,320.572840
2017-11-16,-0.00058973,88.5775,1,0.032333,279.831060,-0.00678680,45.7661,1,0.030170,299.748690
2017-11-17,0.00718819,89.2964,1,0.032111,302.071880,-0.00012209,45.7539,1,0.031499,322.242550
2017-11-20,-0.00127394,89.1690,1,0.039904,320.167510,0.00435480,46.1894,1,0.039160,340.621650
2017-11-21,0.00288881,89.4579,1,0.034379,281.129770,0.00752393,46.9418,1,0.029487,260.947360
2017-11-22,-0.00310008,89.1478,1,0.033928,261.157820,-0.00456437,46.4854,1,0.026827,281.206800
2017-11-24,-0.00029616,89.1182,1,0.045766,340.434440,-0.00266251,46.2191,1,0.043951,299.649230
2017-11-27,-0.00485357,88.6329,1,0.063737,300.665830,-0.00886246,45.3329,1,0.058116,320.632600
2017-11-28,-0.00717659,87.9152,1,0.043529,260.753040,0.00387677,45.7205,1,0.040083,359.853610
2017-11-29,0.00806056,88.7213,1,0.026904,201.665210,0.00309080,46.0296,1,0.044660,362.208720
2017-11-30,-0.00986922,87.7343,1,0.053152,340.647860,0.00296905,46.3265,1,0.032155,302.609980
2017-12-01,-0.00003118,87.7312,1,0.038418,261.203330,-0.00297071,46.0295,1,0.038751,301.452680
2017-12-04,0.00595040,88.3263,1,0.039850,299.706060,0.01158016,47.1875,1,0.042304,319.787760
2017-12-05,0.00001814,88.3281,1,0.034156,261.542410,-0.00591713,46.5958,1,0.030213,282.023240
2017-12-06,-0.00365711,87.9624,1,0.035651,279.871090,-0.00205094,46.3907,1,0.034714,319.560580
2017-12-07,-0.00292164,87.6702,1,0.039404,280.126760,0.00527931,46.9186,1,0.035459,320.321200
2017-12-08,-0.00233027,87.4372,1,0.052567,341.244960,-0.00184082,46.7345,1,0.041832,301.742810
2017-12-11,0.00104502,87.5417,1,0.034888,261.709620,0.00275066,47.0096,1,0.043984,301.224030
2017-12-12,-0.01378964,86.1627,1,0.044254,360.668590,-0.00048232,46.9614,1,0.038802,320.602730
2017-12-13,0.00463701,86.6264,1,0.026369,220.781330,0.00090369,47.0517,1,0.043861,359.846850
2017-12-14,0.00134249,86.7607,1,0.031901,301.154530,0.00005637,47.0574,1,0.037263,320.411870
2017-12-15,-0.01127636,85.6330,1,0.029896,299.596670,-0.00235414,46.8219,1,0.035024,279.867700
2017-12-18,-0.00232432,85.4006,1,0.031292,282.725080,-0.01029816,45.7921,0,0.000000,0.000000
2017-12-19,0.00313161,85.7138,1,0.037679,320.964660,0.00723298,46.5154,1,0.039782,362.964177
2017-12-20,-0.00422464,85.2913,1,0.039584,320.145020,0.00257565,46.7730,1,0.025135,260.503080
2017-12-21,0.00840365,86.1317,1,0.038605,300.206060,0.00109115,46.8821,1,0.030355,280.985980
2017-12-22,-0.00874227,85.2574,1,0.043977,340.521830,-0.00389151,46.4930,1,0.041241,321.238090
2017-12-26,0.00228469,85.4859,1,0.033671,279.796310,-0.00144765,46.3482,1,0.038845,321.055370
2017-12-27,-0.00633969,84.8519,1,0.030329,280.478000,-0.00407220,45.9410,1,0.033200,319.720880
2017-12-28,-0.00114898,84.7370,1,0.044058,320.338800,-0.00326376,45.6146,1,0.043266,360.514540
2017-12-29,0.00068122,84.8052,1,0.026268,241.224440,0.00444055,46.0587,1,0.033915,320.710510
2018-01-02,-0.00241966,84.5632,1,0.039236,239.893290,-0.00837001,45.2217,1,0.031881,299.600390
2018-01-03,-0.00068318,84.4949,1,0.051108,321.143430,0.00253667,45.4753,1,0.040933,343.281800
2018-01-04,-0.00099989,84.3949,1,0.044089,340.546090,0.00977940,46.4533,1,0.039940,320.588060
2018-01-05,0.00230812,84.6257,1,0.043008,360.985320,0.00266578,46.7198,1,0.035982,301.383060
2018-01-08,0.00074748,84.7004,1,0.037912,281.089480,0.00162078,46.8819,1,0.041142,321.464680
2018-01-09,0.00708884,85.4093,1,0.041906,281.039680,-0.00986406,45.8955,1,0.035516,261.192120
2018-01-10,-0.00924409,84.4849,1,0.025069,220.070010,0.01419493,47.3150,1,0.038367,379.544050
2018-01-11,-0.00172774,84.3121,1,0.029304,319.049440,0.00915069,48.2301,1,0.025601,220.964660
2018-01-12,-0.00049182,84.2630,1,0.039972,282.965510,0.01872340,50.1024,1,0.027620,262.856110
2018-01-16,0.01603609,85.8666,1,0.047351,320.459250,-0.01016090,49.0863,1,0.026850,201.898040
2018-01-17,-0.00032193,85.8344,1,0.035263,259.419020,0.00107403,49.1937,1,0.046917,379.179280
2018-01-18,-0.00107651,85.7267,1,0.033111,302.209710,-0.00703896,48.4898,0,0.000000,0.000000
2018-01-19,-0.00143186,85.5835,1,0.036826,260.665760,0.00166818,48.6566,1,0.040692,341.670795
2018-01-22,0.01031776,86.6153,1,0.038104,300.828180,-0.00614447,48.0422,1,0.041437,322.560190
2018-01-23,0.00864726,87.4800,1,0.035484,322.133580,-0.00201536,47.8407,1,0.032956,261.754270
2018-01-24,-0.00305426,87.1746,1,0.028646,280.951130,-0.00363495,47.4772,1,0.032175,261.570200
2018-01-25,0.00903328,88.0780,1,0.018772,201.469560,-0.00230329,47.2468,1,0.027329,300.264360
2018-01-26,0.01647373,89.7253,1,0.046997,361.151640,-0.01903421,45.3434,1,0.039351,360.970340
2018-01-29,0.00175458,89.9008,1,0.033862,341.560670,0.00485400,45.8288,1,0.051350,382.328130
2018-01-30,-0.00817403,89.0834,1,0.034153,299.130160,-0.00532725,45.2961,1,0.037485,319.412910
2018-01-31,-0.00079350,89.0040,1,0.031160,279.693290,0.01049286,46.3454,1,0.038684,358.936440
2018-02-01,0.00043431,89.0475,1,0.050699,379.531310,-0.01825597,44.5198,1,0.041077,301.152110
2018-02-02,0.00744665,89.7921,1,0.045815,320.740510,-0.02545622,41.9742,1,0.046992,359.189880
2018-02-05,0.00389698,90.1818,1,0.034862,297.313580,-0.01133826,40.8403,0,0.000000,0.000000
2018-02-06,-0.00728350,89.4535,1,0.042140,296.870600,0.02057406,42.8977,0,0.000000,0.000000
2018-02-07,-0.01419347,88.0341,1,0.048497,282.962270,0.00224105,43.1218,1,0.034755,257.021100
2018-02-08,-0.00359818,87.6743,1,0.033078,260.870850,-0.00771961,42.3499,1,0.042121,340.356020
2018-02-09,-0.00666965,87.0073,1,0.032605,256.863580,-0.00898062,41.4518,0,0.000000,0.000000
2018-02-12,0.00864050,87.8714,1,0.028900,204.358240,-0.00164548,41.2873,0,0.000000,0.000000
2018-02-13,-0.00130433,87.7410,1,0.050403,321.315150,-0.00368033,40.9192,1,0.049203,338.112043
2018-02-14,0.01346496,89.0875,1,0.046224,340.233310,-0.00014906,40.9043,1,0.048006,360.262130
2018-02-15,0.00054322,89.1418,1,0.046998,322.744980,-0.01288719,39.6156,1,0.038099,323.565700
2018-02-16,-0.00675532,88.4662,1,0.031992,262.673520,0.00962387,40.5780,1,0.046263,383.241040
2018-02-20,0.00638627,89.1049,1,0.037353,300.323340,-0.01378350,39.1997,1,0.029610,261.258130
2018-02-21,-0.00177542,88.9273,1,0.025032,241.176260,0.00681154,39.8808,1,0.050516,378.999080
2018-02-22,0.00102244,89.0296,1,0.039346,280.699950,-0.01336253,38.5446,1,0.048483,319.666190
2018-02-23,-0.01050550,87.9790,1,0.038520,281.078470,-0.00741323,37.8032,1,0.045253,380.409750
2018-02-26,0.01320862,89.2999,1,0.046778,363.364470,0.00095587,37.8988,0,0.000000,0.000000
2018-02-27,-0.00425906,88.8740,1,0.024116,202.403360,0.00559132,38.4580,1,0.033758,323.632378
2018-02-28,0.02178039,91.0520,1,0.033431,279.671290,-0.02166782,36.2912,0,0.000000,0.000000
2018-03-01,0.00735081,91.7871,1,0.043699,281.910310,-0.03073834,33.2173,0,0.000000,0.000000
2018-03-02,0.00537879,92.3250,1,0.040491,280.950620,-0.01446524,31.7708,1,0.063774,379.435150
2018-03-05,0.00356005,92.6810,1,0.040205,241.987990,0.00363065,32.1339,1,0.042835,342.107090
2018-03-06,0.00557551,93.2385,1,0.044959,262.959910,0.00017294,32.1512,0,0.000000,0.000000
2018-03-07,0.00180881,93.4194,1,0.036239,261.594170,-0.00073449,32.0777,1,0.044749,344.364677
2018-03-08,-0.00333479,93.0859,1,0.021679,201.303620,-0.00098443,31.9793,1,0.026403,239.398380
2018-03-09,-0.00216984,92.8690,1,0.026574,181.003220,0.00878643,32.8579,1,0.044657,300.610280
2018-03-12,0.00069755,92.9387,1,0.029135,263.566650,0.01190997,34.0489,0,0.000000,0.000000
2018-03-13,0.00093238,93.0319,1,0.030562,280.080830,0.00025913,34.0748,1,0.030117,243.748688
2018-03-14,-0.00217003,92.8149,1,0.030973,239.295220,0.00777200,34.8520,1,0.039960,339.496630
2018-03-15,-0.00645956,92.1690,1,0.033106,279.462410,0.00553459,35.4055,1,0.030991,300.336840
2018-03-16,0.00412856,92.5818,1,0.028714,220.331090,0.00405168,35.8107,1,0.028382,300.800810
2018-03-19,-0.00115089,92.4668,1,0.039109,300.925790,0.00514812,36.3255,1,0.029588,261.185770
2018-03-20,-0.00679391,91.7874,1,0.037331,299.091020,0.00190354,36.5158,0,0.000000,0.000000
2018-03-21,-0.01108437,90.6789,1,0.053037,360.302120,-0.00257772,36.2581,1,0.034852,299.930127
2018-03-22,0.00095548,90.7745,1,0.036662,240.862480,-0.00562800,35.6953,1,0.038280,340.124440
2018-03-23,0.01070137,91.8446,1,0.033503,278.213870,0.01667676,37.3629,1,0.044234,357.076820
2018-03-26,0.01284197,93.1288,1,0.040583,337.512040,-0.02485674,34.8773,0,0.000000,0.000000
2018-03-27,0.00845756,93.9746,1,0.039014,284.789020,0.03233759,38.1110,0,0.000000,0.000000
2018-03-28,-0.00576183,93.3984,1,0.032233,221.054670,0.01314667,39.4257,1,0.021193,161.152266
2018-03-29,0.00519908,93.9183,1,0.029812,280.147170,-0.01567464,37.8582,1,0.032434,281.528360
2018-04-02,-0.00622320,93.2960,1,0.036600,281.982980,-0.00927026,36.9312,1,0.047856,382.334070
2018-04-03,-0.00078790,93.2172,1,0.048550,317.161140,0.01507461,38.4387,0,0.000000,0.000000
2018-04-04,-0.00247461,92.9697,1,0.037951,282.715100,0.00127215,38.5659,0,0.000000,0.000000
2018-04-05,0.00555983,93.5257,1,0.035827,261.240210,0.00254460,38.8203,0,0.000000,0.000000
2018-04-06,-0.00634103,92.8916,1,0.032473,280.933230,-0.00098032,38.7223,1,0.031152,282.936105
2018-04-09,0.00392295,93.2839,1,0.041295,317.323370,0.00674995,39.3973,0,0.000000,0.000000
2018-04-10,-0.00141983,93.1419,1,0.036453,260.787470,-0.00340669,39.0566,1,0.036759,259.526949
2018-04-11,-0.00797333,92.3446,1,0.044183,323.310130,-0.00345082,38.7115,1,0.044382,323.680850
2018-04-12,-0.00957738,91.3868,1,0.053778,339.263590,-0.01520877,37.1907,1,0.041487,359.589240
2018-04-13,-0.00614382,90.7725,1,0.039882,302.405740,-0.01673994,35.5167,1,0.047154,381.773790
2018-04-16,-0.00062811,90.7096,1,0.042021,260.471060,0.00005578,35.5222,1,0.047942,399.748920
2018-04-17,-0.00527206,90.1824,1,0.035396,282.544270,-0.01053688,34.4686,0,0.000000,0.000000
2018-04-18,-0.00159791,90.0227,1,0.032041,282.296950,-0.00686234,33.7823,0,0.000000,0.000000
2018-04-19,-0.00880044,89.1426,1,0.030754,281.152950,-0.00198373,33.5840,1,0.044013,384.018741
2018-04-20,-0.00130048,89.0126,1,0.036108,280.590350,0.00135282,33.7192,1,0.034108,319.545780
2018-04-23,0.01628591,90.6412,1,0.038589,298.741340,-0.00600213,33.1190,0,0.000000,0.000000
2018-04-24,0.00553188,91.1943,1,0.041652,261.873500,0.00909900,34.0289,1,0.037010,281.473352
2018-04-25,0.00233880,91.4282,1,0.026470,240.390800,-0.01869762,32.1592,1,0.033232,320.448670
2018-04-26,-0.00213251,91.2150,1,0.049481,301.164270,0.02082787,34.2419,1,0.035013,300.053830
2018-04-27,0.00983057,92.1980,1,0.032513,202.712990,0.01755336,35.9973,1,0.033744,243.389140
2018-04-30,0.00318637,92.5167,1,0.023923,241.944810,-0.00343590,35.6537,1,0.025710,222.522740
2018-05-01,-0.00043946,92.4727,1,0.031806,239.683980,-0.00467252,35.1864,1,0.037222,279.739280
2018-05-02,0.01005125,93.4778,1,0.044695,320.442620,-0.00110640,35.0758,1,0.043760,340.938970
2018-05-03,0.00308625,93.7865,1,0.048015,320.267280,0.00596727,35.6725,1,0.036963,320.156620
2018-05-04,0.00264663,94.0511,1,0.041157,281.076240,-0.00640616,35.0319,1,0.042086,281.046430
2018-05-07,0.00584018,94.6351,1,0.032482,223.298580,0.00550201,35.5821,0,0.000000,0.000000
2018-05-08,-0.00014150,94.6210,1,0.034580,221.333580,0.00144049,35.7262,1,0.037491,284.394026
2018-05-09,0.02271791,96.8928,1,0.033449,300.404970,0.02089708,37.8159,1,0.037572,320.898100
2018-05-10,0.00668292,97.5611,1,0.035678,284.784280,-0.00576444,37.2394,1,0.022884,162.903820
2018-05-11,-0.00186371,97.3747,1,0.034511,281.973610,-0.00389658,36.8498,0,0.000000,0.000000
2018-05-14,0.00218043,97.5928,1,0.032997,300.412860,0.00430255,37.2800,1,0.041125,342.036648
2018-05-15,0.00342442,97.9352,1,0.031958,280.675820,0.00279347,37.5594,1,0.038413,280.537520
2018-05-16,0.00671422,98.6066,1,0.034058,259.977380,0.00062191,37.6216,1,0.029299,259.764280
2018-05-17,0.00304372,98.9110,1,0.033548,261.313840,0.00089342,37.7109,1,0.042938,301.284650
2018-05-18,0.00239992,99.1510,1,0.028428,281.187420,0.00294424,38.0053,1,0.029836,281.313820
2018-05-21,0.01714503,100.8655,1,0.053647,300.195940,0.01072998,39.0783,1,0.043372,320.392900
2018-05-22,0.00395665,101.2612,1,0.021475,222.614750,-0.00040177,39.0381,1,0.029967,322.594210
2018-05-23,-0.00841893,100.4193,1,0.031503,260.848760,0.00102104,39.1403,1,0.040926,320.089650
2018-05-24,0.00223245,100.6425,1,0.031115,280.671450,0.00128965,39.2692,1,0.038525,320.394310
2018-05-25,-0.00050311,100.5922,1,0.031071,221.047920,0.00940682,40.2099,1,0.036038,301.524150
2018-05-29,0.01051227,101.6434,1,0.032523,240.435060,0.01177192,41.3871,1,0.032568,241.058960
2018-05-30,-0.00562824,101.0806,1,0.033344,260.776350,-0.01080003,40.3071,0,0.000000,0.000000
2018-05-31,0.00963524,102.0441,1,0.036036,323.134040,-0.01597165,38.7099,0,0.000000,0.000000
2018-06-01,0.00659743,102.7039,1,0.036027,241.438320,-0.00635322,38.0746,0,0.000000,0.000000
2018-06-04,-0.00098669,102.6052,1,0.052359,283.196410,0.00818478,38.8931,1,0.037082,319.775997
2018-06-05,-0.00850561,101.7546,1,0.034561,261.488170,0.00675253,39.5683,1,0.026727,260.785420
2018-06-06,0.00426267,102.1809,1,0.035693,300.689940,0.01217671,40.7860,1,0.032559,280.408940
2018-06-07,0.00910492,103.0914,1,0.034268,283.367220,-0.00293980,40.4920,1,0.037260,262.548090
2018-06-08,-0.00133434,102.9580,1,0.042304,299.953600,-0.00529800,39.9622,1,0.042240,320.485040
2018-06-11,0.00175787,103.1337,1,0.031013,321.145410,-0.00304461,39.6578,1,0.034681,320.680940
2018-06-12,0.00062880,103.1966,1,0.029250,280.927480,-0.00774516,38.8832,1,0.030076,320.545460
2018-06-13,-0.00648780,102.5478,1,0.028360,241.526330,0.01286479,40.1697,1,0.038001,341.907140
2018-06-14,0.00512285,103.0601,1,0.032225,240.037100,0.00300601,40.4703,1,0.026149,241.250280
2018-06-15,0.00017606,103.0777,1,0.027134,280.976530,0.00432834,40.9032,1,0.032186,281.463650
2018-06-18,-0.00476731,102.6010,1,0.030861,221.111000,-0.00424873,40.4783,1,0.028563,301.345780
2018-06-19,-0.00651988,101.9490,1,0.040768,241.251890,0.00916866,41.3951,1,0.040564,320.369730
2018-06-20,-0.00085481,101.8635,1,0.026391,240.439020,0.00727750,42.1229,1,0.028940,240.928050
2018-06-21,-0.00198851,101.6647,1,0.024751,221.387130,-0.00070183,42.0527,1,0.037033,281.185110
2018-06-22,-0.00676082,100.9886,1,0.033442,279.784940,0.00575209,42.6279,1,0.030171,299.757130
2018-06-25,-0.00039457,100.9491,1,0.034717,281.569900,0.00466355,43.0943,1,0.037525,301.453300
2018-06-26,-0.00174350,100.7748,1,0.037010,260.921900,-0.00620143,42.4741,1,0.034483,279.123280
2018-06-27,-0.00038670,100.7361,1,0.015660,180.806220,0.00089265,42.5634,1,0.043005,380.785760
2018-06-28,-0.00134084,100.6020,1,0.034084,279.459790,-0.00404960,42.1584,1,0.035360,299.212770
2018-06-29,0.00359078,100.9611,1,0.025232,221.975440,-0.00062278,42.0962,1,0.032958,341.437340
2018-07-02,0.00098145,101.0593,1,0.033655,240.508070,-0.00748162,41.3480,1,0.039542,339.793300
2018-07-03,0.00573250,101.6325,1,0.028140,181.278000,-0.00762228,40.5858,1,0.051528,340.984120
2018-07-05,0.00146106,101.7786,1,0.047284,240.334910,-0.00255401,40.3304,1,0.065881,379.535260
2018-07-06,0.00185190,101.9638,1,0.032460,321.915590,-0.00425322,39.9051,0,0.000000,0.000000
2018-07-09,0.01996027,103.9598,1,0.023203,181.803410,-0.00910467,38.9946,0,0.000000,0.000000
2018-07-10,0.00331346,104.2912,1,0.026764,261.019210,-0.00740758,38.2538,1,0.042898,344.691237
2018-07-11,0.01067324,105.3585,1,0.038046,300.970110,-0.00947278,37.3065,1,0.038038,360.519800
2018-07-12,0.00083271,105.4418,1,0.032339,299.390090,-0.00871285,36.4353,1,0.036035,358.744380
2018-07-13,0.00369195,105.8110,1,0.021845,221.849630,-0.00109189,36.3261,1,0.040079,381.273350
2018-07-16,-0.01097831,104.7131,1,0.034171,340.645820,0.00096507,36.4226,1,0.041073,340.398890
2018-07-17,-0.00460214,104.2529,1,0.038984,340.429180,-0.00266923,36.1557,1,0.038343,320.049620
2018-07-18,-0.00607798,103.6451,1,0.035528,301.598570,0.00343799,36.4995,1,0.036761,341.489800
2018-07-19,0.01099609,104.7447,1,0.037511,260.132510,-0.02476332,34.0231,1,0.027892,320.624460
2018-07-20,0.01872287,106.6170,1,0.041283,319.973440,0.00907756,34.9309,1,0.043234,380.433340
2018-07-23,0.00295079,106.9121,1,0.043621,320.507910,0.00449800,35.3807,1,0.033130,280.792050
2018-07-24,0.00576479,107.4886,1,0.033841,280.656780,-0.00101093,35.2796,1,0.027743,320.973290
2018-07-25,-0.00215432,107.2732,1,0.034442,241.359740,0.00353293,35.6329,1,0.030367,300.889230
2018-07-26,0.00960348,108.2335,1,0.039932,303.029930,0.01409257,37.0421,0,0.000000,0.000000
2018-07-27,-0.00452343,107.7812,1,0.048193,341.141540,0.01183464,38.2256,1,0.025356,264.392787
2018-07-30,-0.00677610,107.1035,1,0.033180,280.250890,0.02110461,40.3361,1,0.028599,320.831120
2018-07-31,-0.00608889,106.4947,1,0.042419,318.577130,-0.00712026,39.6240,1,0.025906,222.325380
2018-08-01,0.00017646,106.5123,1,0.038104,322.523710,-0.01827102,37.7969,0,0.000000,0.000000
2018-08-02,0.00338052,106.8504,1,0.037578,301.205170,0.00397614,38.1946,1,0.038746,360.389852
2018-08-03,0.00451116,107.3015,1,0.028734,241.104210,-0.00839170,37.3554,1,0.029410,242.487720
2018-08-06,-0.00805938,106.4955,1,0.032618,280.940690,-0.00041681,37.3137,1,0.037411,341.055700
2018-08-07,-0.00264671,106.2309,1,0.034131,260.690700,-0.00096873,37.2168,1,0.032273,301.643010
2018-08-08,0.01791470,108.0223,1,0.029270,242.153120,-0.01552062,35.6648,1,0.032432,321.811420
2018-08-09,0.00414186,108.4365,1,0.029114,220.968700,-0.00097486,35.5673,1,0.039306,338.325710
2018-08-10,0.00020666,108.4572,1,0.044694,360.861300,0.00515993,36.0833,1,0.035957,320.448340
2018-08-13,0.00492938,108.9501,1,0.025472,221.037660,0.00335333,36.4186,1,0.024677,300.802550
2018-08-14,0.00139457,109.0896,1,0.027943,219.897950,-0.00585754,35.8328,1,0.033614,299.922070
2018-08-15,0.00103523,109.1931,1,0.039277,281.655980,0.01445111,37.2780,0,0.000000,0.000000
2018-08-16,-0.00209994,108.9831,1,0.037514,278.540440,0.00169894,37.4479,1,0.026286,261.299588
2018-08-17,0.00468352,109.4515,1,0.034738,241.557260,0.00172332,37.6202,0,0.000000,0.000000
2018-08-20,0.00452431,109.9039,1,0.026829,280.743190,-0.00354772,37.2654,0,0.000000,0.000000
2018-08-21,0.00404036,110.3079,1,0.036774,241.287620,0.00618284,37.8837,1,0.042766,362.729045
2018-08-22,0.00167558,110.4755,1,0.028302,201.310710,0.00185765,38.0695,1,0.026225,261.294750
2018-08-23,0.00487542,110.9630,1,0.020988,220.533280,-0.00333122,37.7363,1,0.036172,339.514370
2018-08-24,0.00209542,111.1726,1,0.027468,319.873350,-0.00427439,37.3089,1,0.028619,360.042150
2018-08-27,0.00275972,111.4485,1,0.031698,241.893370,0.00171320,37.4802,1,0.032690,281.421900
2018-08-28,0.00574741,112.0233,1,0.014119,221.831770,0.00760469,38.2407,1,0.036321,341.187610
2018-08-29,-0.00345641,111.6776,1,0.030311,280.743220,0.00211824,38.4525,1,0.030336,261.001870
2018-08-30,0.00409362,112.0870,1,0.028018,261.203470,-0.01419132,37.0334,1,0.044412,360.961580
2018-08-31,0.00067163,112.1542,1,0.030377,260.342080,0.00547492,37.5809,1,0.040638,337.675300
2018-09-04,-0.00391208,111.7630,1,0.028878,241.289220,0.00521226,38.1021,1,0.021864,280.988450
2018-09-05,-0.00236037,111.5269,1,0.034567,299.756790,-0.01151782,36.9503,1,0.028112,241.463410
2018-09-06,0.00401474,111.9284,1,0.015736,200.555510,-0.00163759,36.7866,1,0.034459,359.570250
2018-09-07,0.00478084,112.4065,1,0.026036,260.263790,0.00015331,36.8019,1,0.028419,361.548400
2018-09-10,-0.00191067,112.2154,1,0.034817,280.356560,0.00074783,36.8767,1,0.031457,319.767010
2018-09-11,-0.00326229,111.8892,1,0.032119,321.085990,-0.00034070,36.8426,1,0.027510,301.548100
2018-09-12,-0.00332480,111.5567,1,0.030170,300.909350,0.00259724,37.1023,1,0.027726,301.137160
2018-09-13,0.00674311,112.2310,1,0.028629,279.965430,0.00021605,37.1239,1,0.032015,301.361850
2018-09-14,0.00121938,112.3530,1,0.033892,321.540040,-0.00820918,36.3030,0,0.000000,0.000000
2018-09-17,-0.01100382,111.2526,1,0.033092,281.224410,-0.01078022,35.2250,1,0.037992,382.901826
2018-09-18,-0.00321134,110.9314,1,0.027184,240.707590,-0.01290577,33.9344,1,0.028647,320.508210
2018-09-19,-0.00853926,110.0775,1,0.020866,221.543930,-0.00239864,33.6946,1,0.034894,360.674990
2018-09-20,-0.00924945,109.1526,1,0.025265,201.123700,0.00950307,34.6449,1,0.031573,339.876910
2018-09-21,-0.00459850,108.6927,1,0.033600,282.007520,-0.00207290,34.4376,0,0.000000,0.000000
2018-09-24,0.00467662,109.1604,1,0.028518,320.351030,-0.00236520,34.2011,1,0.032660,361.959786
2018-09-25,0.00497199,109.6576,1,0.030601,299.997760,-0.00508398,33.6927,1,0.025078,280.418220
2018-09-26,-0.00319899,109.3377,1,0.027929,221.007920,0.00537858,34.2305,1,0.033562,320.882440
2018-09-27,0.02102094,111.4398,1,0.036026,299.637930,-0.01150579,33.0799,1,0.037949,260.277000
2018-09-28,-0.00544334,110.8954,1,0.039054,300.389760,0.01064169,34.1441,1,0.043891,379.730410
2018-10-01,-0.00245659,110.6498,1,0.027179,261.493540,-0.01492475,32.6516,1,0.027525,281.775280
2018-10-02,-0.01337692,109.3121,1,0.033932,320.046900,0.00772959,33.4246,1,0.041121,380.012470
2018-10-03,-0.00444640,108.8675,1,0.025570,259.545580,-0.01210318,32.2143,1,0.032058,340.637480
2018-10-04,-0.00242994,108.6245,1,0.037904,300.468390,-0.00864959,31.3493,1,0.041989,379.565860
2018-10-05,-0.00695437,107.9290,1,0.034477,299.738330,0.00623359,31.9727,1,0.034891,339.843470
2018-10-08,-0.00836910,107.0921,1,0.033630,240.650020,0.00925955,32.8986,1,0.036475,300.221110
2018-10-09,-0.00316777,106.7753,1,0.023707,260.880180,0.00084006,32.9826,1,0.030314,321.046170
2018-10-10,-0.00949742,105.8256,1,0.037592,301.077090,0.00886372,33.8690,1,0.036508,340.616180
2018-10-11,0.00370918,106.1965,1,0.031502,297.487450,-0.01311951,32.5570,0,0.000000,0.000000
2018-10-12,0.00977746,107.1743,1,0.030854,258.880460,0.00006218,32.5633,0,0.000000,0.000000
2018-10-15,0.00603988,107.7782,1,0.037742,322.955560,-0.01305005,31.2583,1,0.040155,314.899065
2018-10-16,-0.01257595,106.5206,1,0.034915,339.777090,-0.00019501,31.2388,1,0.043781,379.696630
2018-10-17,0.01072989,107.5936,1,0.031051,265.671660,0.00341030,31.5798,0,0.000000,0.000000
2018-10-18,-0.00173518,107.4201,1,0.045958,319.677900,0.00322287,31.9021,1,0.044673,304.643152
2018-10-19,-0.00359084,107.0610,1,0.034794,318.594520,0.01048937,32.9510,0,0.000000,0.000000
2018-10-22,-0.00138423,106.9226,1,0.029063,300.465250,-0.00862055,32.0890,1,0.024125,277.492549
2018-10-23,0.00293243,107.2159,1,0.034337,358.579400,-0.01220844,30.8681,1,0.030224,340.267510
2018-10-24,0.00470125,107.6860,1,0.039185,319.870080,0.03366119,34.2342,1,0.040751,338.433640
2018-10-25,-0.04192097,103.4939,1,0.023867,221.698690,-0.04017339,30.2169,1,0.039569,239.432750
2018-10-26,-0.01465914,102.0280,1,0.040804,265.947430,0.02855881,33.0728,1,0.048719,342.183230
2018-10-29,0.00913604,102.9416,1,0.027396,219.916090,-0.01846945,31.2258,0,0.000000,0.000000
2018-10-30,0.02091179,105.0328,1,0.035501,299.905580,-0.03503120,27.7227,1,0.066370,378.566015
2018-10-31,0.01229501,106.2623,1,0.041079,285.918900,-0.02558293,25.1644,0,0.000000,0.000000
2018-11-01,0.00650922,106.9132,1,0.040618,343.166820,0.01019043,26.1835,1,0.035117,348.035412
2018-11-02,0.00018354,106.9315,1,0.033826,304.340140,0.00190057,26.3735,1,0.033613,322.587580
2018-11-05,-0.00156642,106.7749,1,0.040152,260.476240,-0.00401362,25.9722,1,0.044132,339.580590
2018-11-06,-0.00302220,106.4727,1,0.036390,261.207350,0.00854141,26.8263,1,0.046289,302.478770
2018-11-07,0.00709454,107.1821,1,0.029856,221.932090,0.00283287,27.1096,1,0.029833,242.090250
2018-11-08,-0.00627657,106.5545,1,0.028547,284.267470,0.02199745,29.3093,0,0.000000,0.000000
2018-11-09,-0.01280936,105.2735,1,0.032886,260.548690,-0.00269903,29.0394,1,0.027253,222.182632
2018-11-12,-0.00885346,104.3882,1,0.036446,299.737670,0.02668355,31.7078,1,0.039715,319.295890
2018-11-13,0.00069641,104.4578,1,0.041199,318.042960,0.00540046,32.2478,1,0.025934,201.403670
2018-11-14,0.00316638,104.7745,1,0.040272,320.694660,0.00120312,32.3681,1,0.031688,280.796040
2018-11-15,-0.01485723,103.2887,1,0.037523,240.155470,-0.00071269,32.2969,1,0.037009,319.397900
2018-11-16,0.00816265,104.1050,1,0.038205,263.804320,0.00160456,32.4573,0,0.000000,0.000000
2018-11-19,-0.00058772,104.0462,1,0.048272,299.580470,0.01888982,34.3463,1,0.049178,283.029300
2018-11-20,0.00981384,105.0276,1,0.039466,319.198040,0.00362949,34.7093,1,0.037941,260.295540
2018-11-21,-0.00232043,104.7956,1,0.034113,259.477750,-0.02488430,32.2208,0,0.000000,0.000000
2018-11-23,-0.00041751,104.7538,1,0.034691,281.821930,-0.00955440,31.2654,1,0.059270,379.862474
2018-11-26,-0.00796750,103.9571,1,0.056780,220.717120,-0.00936724,30.3287,1,0.082254,359.682690
2018-11-27,-0.01068489,102.8886,1,0.027319,243.317370,0.00847008,31.1757,0,0.000000,0.000000
2018-11-28,-0.01457821,101.4308,1,0.033391,220.249530,-0.01040251,30.1354,1,0.036641,262.603667
2018-11-29,0.00402432,101.8332,1,0.030638,263.416770,-0.00094616,30.0408,0,0.000000,0.000000
2018-11-30,0.00812967,102.6462,1,0.026423,260.437150,-0.00472051,29.5688,1,0.039831,302.804947
2018-12-03,-0.00861196,101.7850,1,0.031476,242.130430,-0.00700343,28.8684,1,0.035983,341.664860
2018-12-04,0.00034693,101.8197,1,0.032267,223.291260,-0.00055272,28.8131,1,0.041182,323.077440
2018-12-06,-0.00133561,101.6861,1,0.041291,276.895580,-0.00866110,27.9470,0,0.000000,0.000000
2018-12-07,-0.00228380,101.4577,1,0.028480,260.704870,-0.00359575,27.5875,1,0.032255,335.723527
2018-12-10,0.01375217,102.8329,1,0.039203,317.426140,0.01492123,29.0796,0,0.000000,0.000000
2018-12-11,0.00312614,103.1455,1,0.035176,260.467520,0.00865449,29.9450,1,0.033081,258.363078
2018-12-12,0.00245419,103.3910,1,0.032941,220.185150,-0.00063748,29.8813,1,0.043018,320.295110
2018-12-13,0.00011818,103.4028,1,0.048102,281.604640,-0.02127851,27.7534,1,0.055061,361.413730
2018-12-14,-0.00296482,103.1063,1,0.047602,280.861620,0.00499789,28.2532,1,0.056491,379.552610
2018-12-17,0.00709121,103.8154,1,0.039519,317.999260,-0.00689840,27.5634,0,0.000000,0.000000
2018-12-18,-0.00763711,103.0517,1,0.051591,278.871520,0.00764786,28.3282,0,0.000000,0.000000
2018-12-19,-0.00623649,102.4281,1,0.030989,200.576000,0.01643816,29.9720,1,0.040034,294.547996
2018-12-20,-0.00297300,102.1308,1,0.051320,299.851720,-0.00431228,29.5407,0,0.000000,0.000000
2018-12-21,-0.00698757,101.4320,1,0.045727,277.904720,-0.00155817,29.3849,0,0.000000,0.000000
2018-12-24,0.00480268,101.9123,1,0.042052,279.165230,-0.01092212,28.2927,0,0.000000,0.000000
2018-12-26,0.00039102,101.9514,1,0.066108,277.667420,0.01172689,29.4654,0,0.000000,0.000000
2018-12-27,-0.00302157,101.6492,1,0.047327,250.660510,-0.00074226,29.3912,0,0.000000,0.000000
2018-12-28,-0.00081178,101.5680,1,0.036408,281.756750,-0.00064117,29.3271,0,0.000000,0.000000
2018-12-31,-0.00723455,100.8446,1,0.036005,200.299310,0.00151290,29.4784,1,0.049900,358.536818
2019-01-02,0.00312429,101.1570,1,0.029371,302.208110,-0.00608981,28.8694,0,0.000000,0.000000
2019-01-03,0.00197168,101.3542,1,0.041432,301.898200,-0.03902265,24.9671,1,0.040105,322.115513
2019-01-04,0.00388242,101.7424,1,0.052658,298.098840,-0.04052449,20.9147,1,0.054469,396.199180
2019-01-07,0.00054340,101.7968,1,0.041970,327.898860,-0.01953448,18.9612,0,0.000000,0.000000
2019-01-08,0.00903944,102.7007,1,0.039146,262.964970,0.01276775,20.2380,1,0.065135,407.624236
2019-01-09,0.00035251,102.7360,1,0.037509,262.348550,0.00319957,20.5579,0,0.000000,0.000000
2019-01-10,-0.00334514,102.4014,1,0.054554,301.279980,-0.01093845,19.4641,1,0.037835,283.784160
2019-01-11,-0.00487229,101.9142,1,0.047029,282.844700,-0.00305313,19.1588,1,0.051853,362.173570
2019-01-14,-0.00321937,101.5923,1,0.040887,280.459060,0.00544334,19.7031,1,0.036176,301.041380
2019-01-15,-0.00106783,101.4855,1,0.027933,239.050370,-0.00812082,18.8910,1,0.035912,260.322990
2019-01-16,-0.00193336,101.2922,1,0.041686,281.683830,0.00367539,19.2586,1,0.058781,341.206190
2019-01-17,-0.00053951,101.2382,1,0.052721,320.962670,-0.00488871,18.7697,1,0.042961,301.139100
2019-01-18,-0.00558491,100.6797,1,0.040821,301.778610,-0.00061678,18.7080,0,0.000000,0.000000
2019-01-22,-0.01489703,99.1900,1,0.029363,262.814130,-0.00421369,18.2867,0,0.000000,0.000000
2019-01-23,-0.01097281,98.0927,1,0.040471,299.435700,0.00600305,18.8870,1,0.037895,343.876058
2019-01-24,-0.00996961,97.0958,1,0.036351,259.623290,0.00100960,18.9879,1,0.041470,320.701200
2019-01-25,-0.00079740,97.0160,1,0.044930,281.653830,0.00217958,19.2059,1,0.052292,341.971690
2019-01-28,-0.00090028,96.9260,1,0.040718,322.837370,-0.00272599,18.9333,1,0.035769,322.708870
2019-01-29,-0.00084758,96.8412,1,0.027408,299.137850,-0.00528865,18.4044,1,0.030805,319.387210
2019-01-30,0.00768356,97.6096,1,0.038164,280.762330,0.00491539,18.8960,1,0.038361,321.137120
2019-01-31,0.00912367,98.5220,1,0.028283,222.209400,0.00385422,19.2814,0,0.000000,0.000000
2019-02-01,-0.00482091,98.0399,1,0.031501,242.373130,-0.00833059,18.4483,1,0.041989,302.733955
2019-02-04,-0.01229456,96.8104,1,0.027956,280.460690,0.00085722,18.5340,1,0.051018,360.388070
2019-02-05,-0.00453997,96.3564,1,0.036977,242.138260,0.00132490,18.6665,1,0.037040,301.390100
2019-02-06,0.00976480,97.3329,1,0.028450,242.252140,0.01514210,20.1807,1,0.036310,300.939030
2019-02-07,-0.01433726,95.8992,1,0.048076,301.046190,-0.02447682,17.7331,1,0.036522,281.477060
2019-02-08,-0.00101443,95.7977,1,0.034823,259.692870,0.00760702,18.4938,1,0.038738,360.011400
2019-02-11,0.00253685,96.0514,1,0.037315,300.941660,0.00297702,18.7915,1,0.029258,280.789420
2019-02-12,0.00314578,96.3660,1,0.017852,181.198020,-0.00317717,18.4737,1,0.023977,241.700900
2019-02-13,0.00736558,97.1026,1,0.027282,223.020270,-0.00141177,18.3326,0,0.000000,0.000000
2019-02-14,0.00663365,97.7659,1,0.040545,281.616600,0.00455845,18.7884,1,0.039365,302.912134
2019-02-15,-0.00718638,97.0473,1,0.029728,281.302930,-0.01190835,17.5976,1,0.028525,300.576530
2019-02-19,-0.00496614,96.5507,1,0.033344,262.708230,0.00126360,17.7239,0,0.000000,0.000000
2019-02-20,0.00821744,97.3724,1,0.036566,301.032830,0.00228893,17.9528,1,0.038457,323.395614
2019-02-21,-0.00506457,96.8660,1,0.028287,241.857470,-0.00985980,16.9669,1,0.028530,280.944370
2019-02-22,-0.00036190,96.8298,1,0.045290,320.303150,0.00884892,17.8517,1,0.048608,379.959410
2019-02-25,-0.00194739,96.6350,1,0.043009,282.285160,-0.00451165,17.4006,1,0.024615,242.066060
2019-02-26,0.01614030,98.2491,1,0.038190,300.363690,-0.00180664,17.2199,1,0.037124,339.951730
2019-02-27,0.01080520,99.3296,1,0.045250,379.646680,-0.01515568,15.7043,1,0.039128,339.735100
2019-02-28,-0.00408249,98.9213,1,0.028609,242.192830,-0.00489182,15.2152,1,0.053042,399.479080
2019-03-01,0.00302527,99.2239,1,0.038913,280.060780,-0.00122037,15.0931,1,0.044387,340.520340
2019-03-04,0.00631644,99.8555,1,0.039206,341.276800,-0.00961162,14.1320,1,0.033472,301.197990
2019-03-05,0.00121035,99.9765,1,0.041755,318.368890,0.00078304,14.2103,1,0.047276,379.088590
2019-03-06,-0.00116590,99.8599,1,0.039620,280.122590,-0.00238481,13.9718,1,0.040911,280.501240
2019-03-07,-0.00411858,99.4481,1,0.045748,299.194970,0.00595619,14.5674,0,0.000000,0.000000
2019-03-08,0.00139889,99.5880,1,0.027351,200.019970,-0.00374657,14.1928,1,0.034907,279.295501
2019-03-11,0.00004706,99.5927,1,0.027224,241.213860,-0.00244319,13.9484,1,0.040849,320.261950
2019-03-12,0.00118101,99.7108,1,0.028949,202.853630,0.00117955,14.0664,0,0.000000,0.000000
2019-03-13,-0.00648137,99.0626,1,0.044017,301.081410,-0.00388440,13.6779,1,0.038110,283.381269
2019-03-14,0.00459583,99.5222,1,0.048137,281.124100,0.00087893,13.7658,0,0.000000,0.000000
2019-03-15,-0.01034607,98.4876,1,0.036417,220.910300,-0.00432034,13.3338,1,0.031134,321.478959
2019-03-18,-0.00618941,97.8687,1,0.032171,261.887390,-0.00214799,13.1190,1,0.038579,341.320340
2019-03-19,0.00529931,98.3986,1,0.027499,240.679210,0.00069433,13.1884,1,0.031777,341.224560
2019-03-20,-0.00425414,97.9732,1,0.041524,300.264030,0.00181198,13.3696,1,0.043962,339.625610
2019-03-21,0.00336479,98.3097,1,0.045001,339.843950,0.00577840,13.9475,1,0.039850,320.176800
2019-03-22,-0.01526615,96.7831,1,0.044355,302.744360,0.02081556,16.0290,0,0.000000,0.000000
2019-03-25,0.00135646,96.9187,1,0.036784,259.326540,0.00608964,16.6380,0,0.000000,0.000000
2019-03-26,-0.00301704,96.6170,1,0.053534,340.407510,-0.00510130,16.1279,1,0.047490,300.052811
2019-03-27,0.00622695,97.2397,1,0.031025,261.854650,-0.00008130,16.1197,0,0.000000,0.000000
2019-03-28,0.00289091,97.5288,1,0.030609,260.033720,0.00323430,16.4432,1,0.035910,281.588146
2019-03-29,0.01051911,98.5807,1,0.031249,242.022440,-0.00127994,16.3152,1,0.030504,282.398700
2019-04-01,0.01370566,99.9513,1,0.044124,301.900740,0.00175112,16.4903,1,0.045158,341.066750
2019-04-02,0.00640022,100.5913,1,0.035688,243.648050,-0.00215692,16.2746,1,0.035812,322.199650
2019-04-03,0.00451774,101.0431,1,0.027406,220.240490,-0.00398421,15.8762,1,0.041841,340.158900
2019-04-04,0.00111672,101.1547,1,0.038658,281.833420,0.00705892,16.5821,1,0.045858,361.538200
2019-04-05,0.00149729,101.3045,1,0.039711,319.800250,-0.00428728,16.1533,1,0.040748,321.001390
2019-04-08,0.00146904,101.4514,1,0.031006,261.536680,-0.00108504,16.0448,0,0.000000,0.000000
2019-04-09,-0.00192791,101.2586,1,0.034331,220.757690,-0.01020687,15.0241,1,0.041297,301.062769
2019-04-10,-0.00209189,101.0494,1,0.037449,279.707220,-0.00395272,14.6289,1,0.051622,379.356190
2019-04-11,0.00563601,101.6130,1,0.025399,241.518760,0.00290459,14.9193,1,0.040201,321.433230
2019-04-12,-0.00314909,101.2981,1,0.039119,281.097720,0.00758016,15.6774,1,0.035604,281.295280
2019-04-15,0.00492034,101.7901,1,0.036456,281.875350,0.00082324,15.7597,1,0.023486,241.430240
2019-04-16,0.00816226,102.6063,1,0.041004,300.512890,0.00290645,16.0503,1,0.040425,320.371990
2019-04-17,0.00580857,103.1872,1,0.040813,301.105290,0.01350327,17.4006,1,0.043803,321.979750
2019-04-18,-0.00736384,102.4508,1,0.030834,299.471670,0.00338461,17.7391,1,0.034439,260.297850
2019-04-22,-0.00880463,101.5703,1,0.048573,321.178070,-0.00220914,17.5182,1,0.047964,341.479860
2019-04-23,0.00083757,101.6541,1,0.047553,280.142110,-0.00433357,17.0848,1,0.050857,300.387730
2019-04-24,0.00598870,102.2530,1,0.025220,243.078550,-0.00327787,16.7571,0,0.000000,0.000000
2019-04-25,-0.01844984,100.4080,1,0.050894,340.959810,0.00195506,16.9526,1,0.049084,343.120033
2019-04-26,-0.00175624,100.2324,1,0.032894,257.227830,0.01152293,18.1049,1,0.046567,341.037290
2019-04-29,-0.00554015,99.6784,1,0.051115,301.455890,0.01282915,19.3878,1,0.034335,262.233820
2019-04-30,0.01256679,100.9350,1,0.046011,260.941780,-0.01258602,18.1292,1,0.048862,241.626530
2019-05-01,0.00325840,101.2609,1,0.041910,340.787810,0.00020623,18.1498,1,0.045657,360.704420
2019-05-02,-0.00873014,100.3879,1,0.037904,319.384950,-0.00065018,18.0848,0,0.000000,0.000000
2019-05-03,-0.00089825,100.2980,1,0.052845,321.336970,-0.00224627,17.8601,1,0.053967,339.270097
2019-05-06,0.00235315,100.5333,1,0.049135,341.871820,0.00912385,18.7725,0,0.000000,0.000000
2019-05-07,-0.01303154,99.2302,1,0.061704,280.264210,0.00943207,19.7157,1,0.049893,261.158615
2019-05-08,0.00572507,99.8027,1,0.044233,318.101490,0.00606426,20.3222,0,0.000000,0.000000
2019-05-09,0.00090477,99.8932,1,0.044243,300.859940,-0.00692036,19.6301,1,0.042976,298.074719
2019-05-10,0.00186610,100.0798,1,0.032420,220.397720,0.01323328,20.9535,1,0.052052,319.708420
2019-05-13,-0.00561052,99.5187,1,0.051502,339.709010,0.03886093,24.8395,1,0.029807,242.124920
2019-05-14,-0.00165304,99.3534,1,0.028504,238.854610,-0.02044783,22.7948,1,0.023183,180.660060
2019-05-15,-0.00447955,98.9055,1,0.052175,301.837640,0.00624196,23.4190,1,0.045254,380.719520
2019-05-16,-0.00357712,98.5478,1,0.043172,260.991340,-0.00496573,22.9224,1,0.040293,280.887450
2019-05-17,-0.00815279,97.7325,1,0.049629,261.201040,-0.00664143,22.2582,0,0.000000,0.000000
2019-05-20,0.00169626,97.9021,1,0.036454,280.132150,0.01759082,24.0173,1,0.052448,320.409326
2019-05-21,0.00480940,98.3831,1,0.044820,279.922980,-0.01326815,22.6905,1,0.037975,261.246110
2019-05-22,-0.00719062,97.6640,1,0.044522,282.889500,-0.00708919,21.9816,1,0.057009,382.248440
2019-05-23,0.00060029,97.7240,1,0.033851,161.070300,0.00965954,22.9475,1,0.049376,360.221070
2019-05-24,0.00030922,97.7549,1,0.052028,259.801240,-0.00536165,22.4114,1,0.038115,260.160170
2019-05-28,-0.00776089,96.9789,1,0.065009,300.382290,-0.00147229,22.2642,1,0.056369,360.269690
2019-05-29,-0.00630026,96.3488,1,0.047656,279.113820,0.00180379,22.4445,0,0.000000,0.000000
2019-05-30,0.00027549,96.3764,1,0.073231,359.606150,0.00033391,22.4779,1,0.047319,278.677930
2019-05-31,-0.01325540,95.0508,1,0.069370,340.434340,0.00087037,22.5650,1,0.051403,321.097630
2019-06-03,0.00360894,95.4117,1,0.038466,240.921730,-0.00129381,22.4356,1,0.037591,299.788520
2019-06-04,0.00353436,95.7652,1,0.044334,260.679440,-0.00906220,21.5294,1,0.050970,321.428910
2019-06-05,-0.00505077,95.2601,1,0.029977,205.081270,0.00550017,22.0794,0,0.000000,0.000000
2019-06-06,-0.00593066,94.6670,1,0.051186,301.770760,-0.00787627,21.2917,1,0.036277,307.298191
2019-06-07,0.01386770,96.0538,1,0.056330,262.320980,-0.00611203,20.6805,0,0.000000,0.000000
2019-06-10,0.01054362,97.1082,1,0.046358,301.336600,0.01761139,22.4417,1,0.042081,322.439395
2019-06-11,0.00364171,97.4723,1,0.034129,261.441300,-0.00079257,22.3624,1,0.039017,261.962800
2019-06-12,0.00595352,98.0677,1,0.048398,340.285100,-0.00555932,21.8065,1,0.035902,300.426220
2019-06-13,0.00602791,98.6705,1,0.038409,280.094710,-0.00723083,21.0834,1,0.041923,320.287210
2019-06-14,0.00007750,98.6782,1,0.048530,300.781020,0.00161229,21.2446,1,0.053671,340.820520
2019-06-17,-0.00327291,98.3509,1,0.041411,220.203460,-0.00950059,20.2946,1,0.036989,300.348680
2019-06-18,0.00009876,98.3608,1,0.043394,260.230000,0.00548065,20.8426,1,0.061875,380.056590
2019-06-19,0.00553177,98.9140,1,0.041013,283.628010,-0.01979611,18.8630,1,0.054561,303.278300
2019-06-20,-0.00073525,98.8405,1,0.039595,260.394950,0.00363051,19.2261,1,0.056139,380.819630
2019-06-21,0.00397804,99.2383,1,0.052866,322.291710,-0.00186613,19.0395,0,0.000000,0.000000
2019-06-24,-0.00908292,98.3300,1,0.033792,200.312930,0.00080959,19.1204,1,0.056031,361.402408
2019-06-25,-0.00746985,97.5830,1,0.048455,259.565800,-0.00373768,18.7467,1,0.038398,260.269590
2019-06-26,-0.00495648,97.0873,1,0.038308,260.491870,-0.00988607,17.7581,1,0.047267,319.354310
2019-06-27,-0.00168997,96.9183,1,0.035007,240.659900,0.00769509,18.5276,1,0.041711,380.169640
2019-06-28,0.00496207,97.4145,1,0.034343,261.198550,0.00476961,19.0045,1,0.024289,221.321400
2019-07-01,0.00712182,98.1267,1,0.036218,282.207390,0.01578936,20.5835,0,0.000000,0.000000
2019-07-02,0.01222131,99.3489,1,0.075159,342.029740,-0.01239265,19.3442,1,0.038605,203.377017
2019-07-03,-0.00853361,98.4955,1,0.046041,340.370030,0.00670504,20.0147,1,0.050036,360.167560
2019-07-05,0.00011986,98.5075,1,0.052124,301.637340,-0.00369867,19.6448,0,0.000000,0.000000
2019-07-08,-0.00330305,98.1772,1,0.031075,240.528770,-0.00958680,18.6862,1,0.039340,321.808125
2019-07-09,0.00240721,98.4179,1,0.038609,299.242670,0.00468120,19.1543,1,0.049330,338.460900
2019-07-10,-0.00298315,98.1196,1,0.036975,260.657250,0.00688970,19.8432,1,0.031950,261.187130
2019-07-11,-0.01233002,96.8866,1,0.042052,279.918460,-0.00388342,19.4549,1,0.020292,200.768840
2019-07-12,-0.00199144,96.6874,1,0.038664,240.761750,0.00100325,19.5552,1,0.048345,320.632430
2019-07-15,0.00133199,96.8206,1,0.035561,261.988120,-0.00223778,19.3315,1,0.041318,341.526950
2019-07-16,0.00242538,97.0632,1,0.043362,240.226800,0.00729313,20.0608,1,0.049837,340.314820
2019-07-17,-0.00037463,97.0257,1,0.045123,320.166440,-0.00924561,19.1362,1,0.038271,321.826970
2019-07-18,-0.00571673,96.4540,1,0.039003,239.784800,0.00415493,19.5517,1,0.038447,339.955350
2019-07-19,-0.00414929,96.0391,1,0.032139,241.557590,0.00441076,19.9928,1,0.044654,301.552300
2019-07-22,-0.00206977,95.8321,1,0.030207,181.985510,-0.00153264,19.8395,1,0.052214,321.048990
2019-07-23,-0.00113381,95.7188,1,0.050301,300.717610,0.00864908,20.7044,1,0.055912,339.887910
2019-07-24,-0.02474707,93.2440,1,0.050487,342.457860,0.02983655,23.6881,1,0.040485,323.384020
2019-07-25,0.01069757,94.3138,1,0.039013,324.056860,-0.00854172,22.8339,1,0.039252,264.237860
2019-07-26,-0.00872758,93.4410,1,0.043018,219.153690,0.00574196,23.4081,1,0.051704,379.010760
2019-07-29,-0.00720070,92.7210,1,0.037620,263.458260,0.01174201,24.5823,0,0.000000,0.000000
2019-07-30,0.00706176,93.4271,1,0.037634,299.795970,-0.00562744,24.0196,1,0.032944,245.506370
2019-07-31,-0.00307760,93.1194,1,0.028670,281.496670,-0.00416164,23.6034,1,0.035064,281.857840
2019-08-01,-0.00706738,92.4127,1,0.038238,279.157050,0.00116799,23.7202,0,0.000000,0.000000
2019-08-02,0.00031300,92.4440,1,0.045740,299.707000,0.00400724,24.1209,1,0.045306,299.341130
2019-08-05,-0.00229540,92.2144,1,0.040530,259.368260,0.00988073,25.1090,1,0.043027,319.508210
2019-08-06,0.00655828,92.8702,1,0.022442,161.352610,-0.00002704,25.1063,0,0.000000,0.000000
2019-08-07,-0.00157206,92.7130,1,0.043446,261.685830,0.00943460,26.0497,1,0.037310,278.198434
2019-08-08,0.00392136,93.1052,1,0.043244,280.317900,-0.01529833,24.5199,1,0.043113,262.607210
2019-08-09,-0.00930806,92.1744,1,0.051266,344.773880,0.00772816,25.2927,0,0.000000,0.000000
2019-08-12,-0.00505417,91.6689,1,0.045737,299.006500,0.01530053,26.8228,1,0.043187,283.132080
2019-08-13,0.01141168,92.8101,1,0.032592,239.304980,-0.02973431,23.8493,0,0.000000,0.000000
2019-08-14,-0.00006011,92.8041,1,0.056871,304.022940,0.00095588,23.9449,1,0.064152,361.711414
2019-08-15,-0.00006273,92.7978,1,0.065823,296.717520,-0.01732413,22.2125,0,0.000000,0.000000
2019-08-16,0.00019590,92.8174,1,0.057920,340.357810,-0.01232720,20.9798,1,0.045120,318.333658
2019-08-19,-0.00260022,92.5574,1,0.061532,303.390630,0.00110706,21.0905,0,0.000000,0.000000
2019-08-20,-0.00548628,92.0088,1,0.050278,281.736950,0.01152221,22.2427,0,0.000000,0.000000
2019-08-21,-0.00111333,91.8974,1,0.059563,280.192470,0.00189415,22.4321,0,0.000000,0.000000
2019-08-22,0.00127622,92.0251,1,0.037748,241.750130,0.00316078,22.7482,0,0.000000,0.000000
2019-08-23,-0.00215852,91.8092,1,0.067922,300.572270,0.00729903,23.4781,1,0.054987,305.081089
2019-08-26,-0.00175719,91.6335,1,0.042869,218.900850,-0.00210638,23.2675,0,0.000000,0.000000
2019-08-27,-0.00714501,90.9190,1,0.061101,261.826370,0.00269668,23.5372,0,0.000000,0.000000
2019-08-28,-0.00009734,90.9093,1,0.066274,260.084920,-0.00188999,23.3482,1,0.057239,296.641795
2019-08-29,0.00462196,91.3714,1,0.056354,281.052140,-0.01246574,22.1016,0,0.000000,0.000000
2019-08-30,-0.00227894,91.1436,1,0.040564,242.518990,-0.00138339,21.9632,0,0.000000,0.000000
2019-09-03,-0.01792330,89.3512,1,0.042550,260.866010,-0.00774319,21.1889,1,0.072039,365.328218
2019-09-04,0.00463071,89.8143,1,0.046129,318.409940,-0.00745804,20.4431,1,0.047244,319.645620
2019-09-05,0.01718961,91.5333,1,0.051229,262.569480,-0.04011879,16.4312,0,0.000000,0.000000
2019-09-06,0.00651221,92.1845,1,0.053369,303.340610,0.00876788,17.3080,1,0.055732,404.138652
2019-09-09,-0.01978719,90.2058,1,0.041029,241.714370,-0.00549274,16.7588,1,0.043824,281.002500
2019-09-10,0.00859000,91.0648,1,0.044390,261.608130,0.03833587,20.5923,1,0.045783,320.348650
2019-09-11,-0.01717025,89.3477,1,0.049495,302.535290,0.02364218,22.9566,1,0.042672,245.045970
2019-09-12,-0.00274397,89.0733,1,0.035737,263.234210,-0.00058046,22.8985,1,0.028646,202.883590
2019-09-13,-0.01226068,87.8473,1,0.032618,221.455740,-0.01150964,21.7475,1,0.055704,341.128420
2019-09-16,-0.00448331,87.3989,1,0.037231,261.566370,-0.01465412,20.2821,1,0.053622,360.473860
2019-09-17,0.01208124,88.6071,1,0.052416,260.224920,-0.01015619,19.2665,1,0.045599,320.267670
2019-09-18,0.00396712,89.0038,1,0.054078,280.459980,0.00192067,19.4586,1,0.054513,339.708120
2019-09-19,-0.00448414,88.5554,1,0.040494,260.150310,0.00624220,20.0828,1,0.044100,280.042340
2019-09-20,-0.00143892,88.4115,1,0.043272,260.869280,-0.00719248,19.3636,1,0.044028,241.832040
2019-09-23,-0.00483612,87.9279,1,0.040522,220.546760,-0.01140192,18.2234,1,0.055622,339.294600
2019-09-24,0.00014133,87.9420,1,0.064347,360.352450,0.00303019,18.5264,1,0.064311,380.417410
2019-09-25,-0.00106452,87.8355,1,0.059192,299.448940,-0.01298648,17.2277,1,0.050268,300.142550
2019-09-26,0.01054201,88.8897,1,0.057779,321.697580,-0.00294361,16.9334,1,0.057451,381.606620
2019-09-27,-0.00565164,88.3246,1,0.076234,339.189120,-0.01757263,15.1761,1,0.068013,339.846830
2019-09-30,0.00027251,88.3518,1,0.052459,320.415410,-0.00211742,14.9644,1,0.062722,398.434290
2019-10-01,-0.00738318,87.6135,1,0.045788,300.725670,0.00768571,15.7329,1,0.032269,301.430200
2019-10-02,-0.00727132,86.8864,1,0.049682,238.940390,0.00292048,16.0250,0,0.000000,0.000000
2019-10-03,-0.00765436,86.1209,1,0.073656,357.448430,-0.00638685,15.3863,0,0.000000,0.000000
2019-10-04,-0.00196410,85.9245,1,0.053690,281.823660,0.02045957,17.4323,1,0.063193,336.691092
2019-10-07,-0.00431222,85.4933,1,0.042132,263.013700,-0.00166879,17.2654,0,0.000000,0.000000
2019-10-08,-0.00239816,85.2535,1,0.047796,259.733630,-0.00106425,17.1590,1,0.046785,301.340997
2019-10-09,0.00119268,85.3728,1,0.050942,259.804540,0.00881240,18.0402,0,0.000000,0.000000
2019-10-10,-0.00280198,85.0926,1,0.061278,282.290910,0.00117220,18.1574,1,0.041260,278.687092
2019-10-11,0.00229417,85.3220,1,0.066463,340.876540,0.02083783,20.2412,1,0.064287,341.416760
2019-10-14,0.00024260,85.3462,1,0.057420,244.525420,-0.01167076,19.0741,0,0.000000,0.000000
2019-10-15,0.00761347,86.1076,1,0.053373,319.804080,-0.00050083,19.0240,1,0.062073,402.651966
2019-10-16,0.00264573,86.3722,1,0.056237,341.518940,-0.00932701,18.0913,1,0.045421,321.667270
2019-10-17,-0.00229154,86.1430,1,0.034684,279.885190,-0.00263005,17.8283,1,0.047055,359.229240
2019-10-18,-0.00360830,85.7822,1,0.055560,341.526330,0.00332086,18.1604,1,0.048034,301.630670
2019-10-21,0.00094828,85.8770,1,0.047422,340.530010,0.00286513,18.4469,1,0.044037,360.578060
2019-10-22,-0.00902002,84.9750,1,0.031782,241.735710,0.01749833,20.1968,0,0.000000,0.000000
2019-10-23,0.00679992,85.6550,1,0.056928,301.401340,0.00813791,21.0106,1,0.037559,243.648512
2019-10-24,0.01625554,87.2805,1,0.034656,241.993580,0.00112992,21.1236,1,0.033878,261.013530
2019-10-25,0.00360294,87.6408,1,0.036406,240.414650,-0.00078539,21.0450,1,0.043699,322.145510
2019-10-28,-0.00363281,87.2776,1,0.041891,242.657020,0.00707947,21.7530,1,0.047223,321.350160
2019-10-29,-0.00490065,86.7875,1,0.051345,281.638430,-0.00715355,21.0376,1,0.051865,300.656750
2019-10-30,-0.00368566,86.4189,1,0.033076,320.546760,-0.00127262,20.9103,1,0.036472,360.630530
2019-10-31,-0.01345200,85.0737,1,0.035960,241.125730,0.02185365,23.0957,1,0.049115,321.358950
2019-11-01,0.01874181,86.9479,1,0.036909,280.684060,-0.01649164,21.4465,1,0.030774,260.684200
2019-11-04,-0.00777425,86.1705,1,0.055545,302.742670,0.02865769,24.3123,1,0.054541,362.016370
2019-11-05,0.00418504,86.5890,1,0.030996,201.461580,0.00237732,24.5500,1,0.038898,242.750050
2019-11-06,0.00702857,87.2918,1,0.028073,240.706780,0.00872971,25.4230,1,0.041169,341.991710
2019-11-07,0.00188046,87.4799,1,0.048644,300.184830,-0.01332474,24.0905,1,0.034874,281.661440
2019-11-08,-0.01605286,85.8746,1,0.054116,260.525630,0.00717096,24.8076,1,0.059904,379.344500
2019-11-11,0.00787824,86.6624,1,0.030896,242.447290,-0.00134874,24.6728,1,0.024714,240.830540
2019-11-12,0.01718096,88.3805,1,0.041244,319.871680,0.01307326,25.9801,1,0.031594,280.176060
2019-11-13,0.01438926,89.8194,1,0.051124,261.585300,0.00576655,26.5567,1,0.047385,281.718260
2019-11-14,0.00527406,90.3469,1,0.042464,320.263170,-0.00191189,26.3656,1,0.032569,281.153400
2019-11-15,-0.00603993,89.7429,1,0.034313,281.829350,-0.00895932,25.4696,1,0.046562,321.558000
2019-11-18,-0.01595712,88.1471,1,0.033282,281.780060,0.00094749,25.5644,0,0.000000,0.000000
2019-11-19,-0.00151614,87.9955,1,0.035514,239.727730,0.00578246,26.1426,1,0.044164,301.281452
2019-11-20,0.01292104,89.2876,1,0.033206,221.077120,0.00868360,27.0110,1,0.025910,260.821830
2019-11-21,-0.00223216,89.0644,1,0.035746,241.010010,0.00220032,27.2310,1,0.039408,281.410630
2019-11-22,-0.00139244,88.9252,1,0.051064,319.080610,0.00303572,27.5346,1,0.053748,319.465300
2019-11-25,-0.00071951,88.8532,1,0.032041,241.296400,0.01395704,28.9303,1,0.041556,301.472160
2019-11-26,-0.00630814,88.2224,1,0.032934,263.217790,-0.02048043,26.8822,1,0.031913,261.839840
2019-11-27,0.00412736,88.6352,1,0.030404,241.875880,-0.00360109,26.5221,1,0.046889,339.977370
2019-11-29,-0.00429635,88.2055,1,0.039895,340.799060,0.00071388,26.5935,1,0.037082,341.042240
2019-12-02,0.00415638,88.6212,1,0.055122,240.690080,0.00284615,26.8781,0,0.000000,0.000000
2019-12-03,0.00422504,89.0437,1,0.056446,299.123800,-0.00895638,25.9825,0,0.000000,0.000000
2019-12-04,0.00297074,89.3407,1,0.042896,318.553990,-0.00823517,25.1590,1,0.046227,356.339131
2019-12-05,-0.00312837,89.0279,1,0.053907,321.618770,0.00021043,25.1800,1,0.060807,400.461110
2019-12-06,-0.01017422,88.0105,1,0.043572,301.292450,0.00335112,25.5151,1,0.045608,301.580470
2019-12-09,0.00031026,88.0415,1,0.044964,281.878990,0.00027162,25.5423,1,0.040938,282.072120
2019-12-10,-0.00519790,87.5217,1,0.044260,300.403190,-0.00091940,25.4504,1,0.050220,340.152120
2019-12-11,-0.00421966,87.0997,1,0.024206,200.129730,0.00890475,26.3408,1,0.046375,280.628640
2019-12-12,-0.00039809,87.0599,1,0.038479,261.357520,0.00452119,26.7930,1,0.038741,281.535790
2019-12-13,-0.00739194,86.3207,1,0.047594,282.038050,-0.01640177,25.1528,1,0.065357,342.070480
2019-12-16,-0.00411416,85.9093,1,0.052466,320.073820,-0.00884794,24.2680,1,0.053074,359.528340
2019-12-17,-0.00556488,85.3528,1,0.036488,302.088690,0.00468864,24.7368,1,0.045416,361.925500
2019-12-18,-0.00583152,84.7697,1,0.031412,260.391200,0.00054961,24.7918,1,0.032709,300.900680
2019-12-19,-0.00099159,84.6705,1,0.056999,300.529520,0.00282994,25.0748,1,0.043946,301.013930
2019-12-20,-0.00428967,84.2416,1,0.043947,261.502060,-0.01101844,23.9730,1,0.045354,261.359740
2019-12-23,-0.00648098,83.5935,1,0.024618,202.373440,-0.00859646,23.1133,1,0.039236,341.544930
2019-12-24,-0.00082145,83.5113,1,0.052495,300.990340,-0.00055339,23.0580,1,0.058939,380.187850
2019-12-26,-0.00193747,83.3176,1,0.098727,300.821590,0.00027002,23.0850,1,0.085638,300.683720
2019-12-27,-0.00138899,83.1787,1,0.045239,260.830540,-0.00427707,22.6573,1,0.054457,320.892640
2019-12-30,0.00279133,83.4578,1,0.033257,260.226320,0.00097934,22.7552,1,0.057836,379.915450
2019-12-31,0.00168625,83.6264,1,0.047045,259.584710,-0.00139583,22.6156,1,0.044303,299.988210
