date,model_ret,model_equity,model_rebalanced,model_cost,model_traded,naive_ret,naive_equity,naive_rebalanced,naive_cost,naive_traded
2015-01-02,0.00459804,100.4598,1,0.050856,200.000000,0.00000000,100.0000,0,0.000000,0.000000
2015-01-05,-0.01169338,99.2905,1,0.038018,220.328920,0.00264532,100.2645,1,0.030678,200.000000
2015-01-06,-0.00219523,99.0709,1,0.030053,221.031280,0.00844747,101.1093,0,0.000000,0.000000
2015-01-07,-0.00050057,99.0209,1,0.033167,161.026630,0.00377312,101.4866,1,0.054938,277.881956
2015-01-08,0.00535319,99.5562,1,0.022351,183.181950,0.00694799,102.1814,0,0.000000,0.000000
2015-01-09,-0.00520947,99.0353,1,0.023607,183.486470,0.00466151,102.6475,0,0.000000,0.000000
2015-01-12,-0.00467123,98.5681,1,0.027433,240.213600,0.00944889,103.5924,1,0.032891,245.620763
2015-01-13,0.01204903,99.7730,1,0.028947,181.182630,0.00890589,104.4830,1,0.044391,260.819140
2015-01-14,-0.00557123,99.2159,1,0.030573,181.175790,0.00629021,105.1120,1,0.036039,241.261900
2015-01-15,0.00806475,100.0224,1,0.023305,181.485490,0.00871963,105.9840,1,0.046707,301.677900
2015-01-16,0.00085513,100.1079,1,0.023637,142.358780,-0.00049348,105.9347,1,0.040628,279.754950
2015-01-20,-0.01426997,98.6809,1,0.027077,202.587890,0.01088070,107.0227,0,0.000000,0.000000
2015-01-21,-0.00899217,97.7817,1,0.032487,200.534680,-0.00274564,106.7482,1,0.029324,243.646038
2015-01-22,0.00524444,98.3061,1,0.027566,181.987270,-0.01114100,105.6341,1,0.031720,261.803720
2015-01-23,0.00330612,98.6367,1,0.043868,203.146750,-0.00152932,105.4811,0,0.000000,0.000000
2015-01-26,-0.00633638,98.0031,1,0.028708,181.698900,-0.00081012,105.4001,1,0.041352,301.527565
2015-01-27,-0.00123723,97.8794,1,0.041783,241.695570,-0.00361717,105.0384,0,0.000000,0.000000
2015-01-28,0.00994748,98.8741,1,0.032452,199.930400,-0.00180149,104.8583,1,0.050569,361.561775
2015-01-29,0.01383817,100.2579,1,0.014013,102.260480,0.00907414,105.7657,0,0.000000,0.000000
2015-01-30,0.00316815,100.5748,1,0.049685,243.296610,-0.00598953,105.1667,1,0.041773,341.017549
2015-02-02,0.00032855,100.6076,1,0.053615,259.174900,0.00174922,105.3416,0,0.000000,0.000000
2015-02-03,-0.00056370,100.5513,1,0.048250,262.720090,0.01095936,106.4376,1,0.043934,298.447597
2015-02-04,0.00577884,101.1291,1,0.027356,202.728140,-0.00409789,106.0278,1,0.041049,303.100890
2015-02-05,0.00502183,101.6313,1,0.029347,161.175180,-0.01214449,104.8133,1,0.037189,319.605560
2015-02-06,-0.00532602,101.0987,1,0.044552,282.920710,0.01066483,105.8798,0,0.000000,0.000000
2015-02-09,-0.00090059,101.0087,1,0.051339,241.668110,0.00588575,106.4684,1,0.053155,303.288245
2015-02-10,-0.00326505,100.6822,1,0.033805,260.104380,-0.00557277,105.9111,1,0.043327,299.756550
2015-02-11,-0.00746072,99.9361,1,0.033192,242.933300,0.00911752,106.8229,0,0.000000,0.000000
2015-02-12,0.00991507,100.9276,1,0.030543,219.931880,0.00646314,107.4692,1,0.038426,262.300159
2015-02-13,0.00156223,101.0838,1,0.040277,223.120450,0.01059480,108.5287,0,0.000000,0.000000
2015-02-17,-0.00361352,100.7225,1,0.042322,281.388600,-0.00121705,108.4070,1,0.038645,284.367697
2015-02-18,0.00504900,101.2274,1,0.038710,221.194570,-0.00656857,107.7501,1,0.050987,339.778700
2015-02-19,0.00425793,101.6532,0,0.000000,0.000000,-0.00584054,107.1660,1,0.056934,321.206250
2015-02-20,-0.00376167,101.2770,1,0.020147,161.506408,0.00764820,107.9309,1,0.056160,359.551960
2015-02-23,-0.00063842,101.2131,1,0.040862,302.001020,-0.01094511,106.8364,0,0.000000,0.000000
2015-02-24,0.01426758,102.6399,1,0.034352,220.561100,-0.00771728,106.0646,1,0.051518,362.996687
2015-02-25,0.00110632,102.7505,1,0.045608,241.677470,-0.01461830,104.6028,1,0.050510,340.300570
2015-02-26,0.00602236,103.3528,1,0.030324,201.756640,-0.00316748,104.2860,1,0.061328,340.840920
2015-02-27,0.00393618,103.7464,1,0.019012,122.081200,-0.00647222,103.6388,1,0.038592,320.121900
2015-03-02,-0.00586230,103.1602,1,0.028140,161.427110,-0.00495875,103.1430,1,0.056285,321.151970
2015-03-03,-0.00185333,102.9748,1,0.031763,201.239170,-0.00608848,102.5341,1,0.053658,301.694390
2015-03-04,0.00355494,103.3303,1,0.030746,220.844650,-0.00753324,101.7808,1,0.044154,320.295410
2015-03-05,0.00397339,103.7277,1,0.025691,180.674660,-0.00956408,100.8244,0,0.000000,0.000000
2015-03-06,-0.00485378,103.2423,1,0.043288,301.763550,0.00312910,101.1373,1,0.049100,340.246540
2015-03-09,0.00141406,103.3837,1,0.035214,259.857590,0.00144383,101.2817,0,0.000000,0.000000
2015-03-10,-0.00003156,103.3805,1,0.046566,280.996740,-0.00344976,100.9367,1,0.044766,300.298405
2015-03-11,-0.00952260,102.4283,1,0.028960,200.619930,0.01015597,101.9523,0,0.000000,0.000000
2015-03-12,-0.00222920,102.2053,1,0.038680,221.558300,-0.00002203,101.9501,1,0.042263,280.041609
2015-03-13,-0.00833056,101.3723,1,0.037426,242.662900,0.00429318,102.3794,0,0.000000,0.000000
2015-03-16,0.00082006,101.4543,1,0.048274,240.626210,-0.00358613,102.0208,1,0.042003,301.657909
2015-03-17,-0.00490439,100.9639,1,0.046239,302.911300,0.00627867,102.6487,0,0.000000,0.000000
2015-03-18,0.00455936,101.4198,1,0.038464,220.519660,-0.00758864,101.8898,1,0.042224,262.191022
2015-03-19,-0.01856343,99.5634,1,0.030713,242.986740,0.00820332,102.7101,0,0.000000,0.000000
2015-03-20,0.00794293,100.3577,1,0.037747,240.925050,-0.00750351,101.9598,1,0.040761,262.417980
2015-03-23,0.00151797,100.5095,1,0.036553,282.458360,0.00003813,101.9636,0,0.000000,0.000000
2015-03-24,0.00632905,101.1424,1,0.034915,259.950490,-0.00186034,101.7776,1,0.031244,280.555053
2015-03-25,0.00711594,101.8540,1,0.026836,180.415040,0.01026556,102.8041,1,0.045494,299.648450
2015-03-26,-0.00552400,101.3016,1,0.018040,200.560990,-0.00752095,102.0520,0,0.000000,0.000000
2015-03-27,0.00145316,101.4470,1,0.032964,219.913460,-0.00644732,101.4073,1,0.051252,357.053642
2015-03-30,-0.00222843,101.2241,1,0.038123,241.533740,-0.00277231,101.1300,1,0.046201,302.181600
2015-03-31,-0.00038478,101.1856,1,0.036648,222.143960,0.00126756,101.2568,0,0.000000,0.000000
2015-04-01,0.00180983,101.3666,1,0.026687,179.918090,0.00325908,101.5827,1,0.043402,282.266107
2015-04-02,-0.00117582,101.2490,1,0.019802,180.349510,0.00023129,101.6058,1,0.037151,300.019370
2015-04-06,0.00398909,101.6479,1,0.018211,141.993940,0.00862557,102.4684,1,0.036963,281.164220
2015-04-07,0.00482429,102.1304,1,0.026881,142.360480,-0.00576677,101.8917,1,0.042537,262.038420
2015-04-08,-0.00457506,101.6729,1,0.038746,240.350990,0.00031384,101.9231,1,0.052016,319.697540
2015-04-09,0.00176306,101.8492,1,0.040084,241.232200,0.00669778,102.5929,1,0.046642,281.789480
2015-04-10,0.00234512,102.0837,1,0.047968,301.124170,0.00067957,102.6608,1,0.038563,282.343820
2015-04-13,-0.00437916,101.6458,1,0.044076,241.767300,0.00177061,102.8379,1,0.042249,301.130440
2015-04-14,-0.00260442,101.3853,1,0.043172,240.219940,-0.00314186,102.5237,0,0.000000,0.000000
2015-04-15,-0.01197906,100.1874,1,0.047676,299.817170,0.00700619,103.2243,1,0.041511,320.085046
2015-04-16,0.00653627,100.8410,1,0.042923,221.619750,-0.00554298,102.6700,1,0.037578,261.789450
2015-04-17,0.00176276,101.0173,1,0.034824,279.830850,-0.00120552,102.5495,1,0.041652,299.608120
2015-04-20,-0.00485592,100.5317,1,0.050302,279.696820,-0.00228736,102.3207,0,0.000000,0.000000
2015-04-21,0.00695736,101.2275,1,0.040584,282.174550,0.00831833,103.1526,0,0.000000,0.000000
2015-04-22,0.00925238,102.1527,1,0.039622,300.571200,-0.00839711,102.3129,1,0.029371,260.933393
2015-04-23,0.00617387,102.7701,1,0.029313,221.436800,0.00066328,102.3792,1,0.045522,319.806600
2015-04-24,-0.00886021,101.8841,1,0.044191,280.923960,-0.00747652,101.6315,1,0.051452,300.784310
2015-04-27,0.00414813,102.2989,1,0.036597,281.940510,-0.00707350,100.9242,1,0.056830,359.723700
2015-04-28,0.00262598,102.5615,1,0.040652,279.461750,0.00129085,101.0533,1,0.046125,359.018560
2015-04-29,0.00531305,103.0928,1,0.033885,261.564890,0.00976818,102.0301,0,0.000000,0.000000
2015-04-30,-0.00519580,102.5732,1,0.047450,261.500850,-0.00433137,101.5970,1,0.046597,280.986848
2015-05-01,0.00249387,102.8226,1,0.016293,140.406410,0.00193536,101.7905,1,0.043584,319.625820
2015-05-04,-0.00114301,102.7083,1,0.040621,241.947280,-0.00822787,100.9677,0,0.000000,0.000000
2015-05-05,0.00257157,102.9654,1,0.041103,281.365940,0.00386601,101.3543,0,0.000000,0.000000
2015-05-06,0.00073445,103.0389,0,0.000000,0.000000,-0.00175588,101.1787,0,0.000000,0.000000
2015-05-07,-0.00293372,102.7455,1,0.038822,239.729063,0.00858775,102.0375,1,0.036365,301.217091
2015-05-08,-0.00297477,102.4480,1,0.022247,162.529350,0.00446713,102.4842,1,0.032907,261.556740
2015-05-11,0.01136751,103.5848,1,0.014649,123.129970,-0.00136503,102.3477,0,0.000000,0.000000
2015-05-12,-0.00166273,103.4185,1,0.021083,160.847200,0.00197795,102.5455,1,0.041805,281.478376
2015-05-13,-0.01089123,102.3294,1,0.027743,200.715210,-0.00585851,101.9597,1,0.041051,280.645980
2015-05-14,-0.00365606,101.9638,1,0.040896,278.877340,-0.00153263,101.8064,1,0.038523,300.497140
2015-05-15,-0.00442573,101.5212,1,0.034133,222.670310,-0.00973984,100.8324,0,0.000000,0.000000
2015-05-18,0.00192187,101.7134,1,0.025483,201.247160,-0.00418491,100.4139,1,0.061081,362.732584
2015-05-19,-0.00870126,100.8433,1,0.037546,260.642230,0.00606485,101.0204,1,0.054815,340.904810
2015-05-20,-0.00188503,100.6548,1,0.023653,180.082220,0.00258882,101.2793,1,0.032098,260.965700
2015-05-21,-0.00224919,100.4299,1,0.021229,140.857210,-0.00456675,100.8226,1,0.051695,320.348400
2015-05-22,0.00232432,100.6623,1,0.030668,200.441130,-0.00033571,100.7890,1,0.055001,340.279340
2015-05-26,-0.00323235,100.3391,1,0.022935,200.646800,0.00135601,100.9246,1,0.036749,280.199530
2015-05-27,0.00834764,101.1738,1,0.026016,199.921260,0.00028489,100.9531,0,0.000000,0.000000
2015-05-28,0.00162356,101.3362,1,0.019804,201.325360,0.00183388,101.1365,0,0.000000,0.000000
2015-05-29,-0.00110554,101.2256,1,0.025714,180.967880,0.00310358,101.4469,1,0.038682,260.912523
2015-06-01,0.00318624,101.5442,1,0.038576,240.083920,0.00193929,101.6408,1,0.043581,280.620400
2015-06-02,-0.00318243,101.2260,1,0.039143,260.993180,-0.00866320,100.7745,1,0.046920,320.669130
2015-06-03,0.00225740,101.4517,1,0.032250,201.631560,0.02060691,102.8352,1,0.039869,300.078600
2015-06-04,-0.01165797,100.2859,1,0.029657,181.182290,0.00277526,103.1127,1,0.027664,161.830100
2015-06-05,0.00924308,101.2103,1,0.027302,141.059520,0.01586129,104.6988,0,0.000000,0.000000
2015-06-08,-0.00301583,100.9087,1,0.046463,241.262570,-0.00412650,104.2862,1,0.027150,181.567323
2015-06-09,0.00253696,101.1624,1,0.038034,259.854580,0.00593402,104.8796,0,0.000000,0.000000
2015-06-10,0.00042523,101.2049,1,0.043397,260.322670,-0.00802504,104.0771,1,0.033784,239.933166
2015-06-11,-0.00008521,101.1964,1,0.048371,262.055440,-0.00845049,103.2320,0,0.000000,0.000000
2015-06-12,-0.00144482,101.0519,1,0.042072,260.714490,-0.00623417,102.6086,1,0.053937,362.197248
2015-06-15,0.00370279,101.4222,1,0.051181,279.713690,0.00212463,102.8211,1,0.061777,359.493860
2015-06-16,-0.00448012,100.9742,1,0.039352,239.640580,0.00193048,103.0141,1,0.044532,280.209040
2015-06-17,0.01298328,102.2725,1,0.040362,240.771900,-0.00002094,103.0120,0,0.000000,0.000000
2015-06-18,0.00357157,102.6296,1,0.041873,240.703270,0.00702167,103.7142,1,0.053023,341.855039
2015-06-19,-0.00185080,102.4446,1,0.023760,182.025770,-0.00888507,102.8257,0,0.000000,0.000000
2015-06-22,-0.00160166,102.2844,1,0.021806,180.632740,0.00084387,102.9101,1,0.044443,361.260286
2015-06-23,0.00578091,102.8625,1,0.041919,241.076560,0.00627981,103.5381,1,0.047199,301.542510
2015-06-24,-0.01204043,101.6584,1,0.022883,180.873650,0.00650779,104.1888,1,0.035641,240.404120
2015-06-25,0.00241867,101.9003,1,0.037513,199.921440,-0.00363371,103.8255,0,0.000000,0.000000
2015-06-26,-0.00821159,101.0792,1,0.030509,220.491140,0.00624891,104.4504,1,0.061989,358.797231
2015-06-29,-0.00664165,100.4150,1,0.028405,181.952010,0.00043976,104.4943,1,0.035054,261.601840
2015-06-30,0.00014527,100.4295,1,0.033793,259.102020,-0.00228939,104.2654,0,0.000000,0.000000
2015-07-01,-0.00281285,100.1482,1,0.037535,221.056740,-0.00281744,103.9836,1,0.038504,279.390211
2015-07-02,0.00049622,100.1978,1,0.043698,242.143810,-0.00223679,103.7600,1,0.045499,341.948600
2015-07-06,-0.00441846,99.7560,1,0.032096,240.583300,0.00092010,103.8520,1,0.047270,360.674720
2015-07-07,-0.00417034,99.3390,1,0.029084,200.049990,0.00969100,104.8211,1,0.050430,339.783860
2015-07-08,-0.00572664,98.7663,1,0.047754,302.221730,0.00516566,105.3376,0,0.000000,0.000000
2015-07-09,-0.00073923,98.6924,1,0.038743,240.199830,0.00466000,105.8036,0,0.000000,0.000000
2015-07-10,0.00219668,98.9121,1,0.027942,201.602720,0.00067220,105.8709,1,0.035470,241.533252
2015-07-13,-0.00150560,98.7615,1,0.024970,201.245690,0.01020386,106.8912,0,0.000000,0.000000
2015-07-14,-0.00132820,98.6287,1,0.045720,261.618690,-0.00071425,106.8198,0,0.000000,0.000000
2015-07-15,0.00610339,99.2390,1,0.029511,241.281900,-0.00855870,105.9640,1,0.054490,344.138811
2015-07-16,0.00323996,99.5630,1,0.036904,220.569970,0.01568103,107.5321,1,0.061207,339.335660
2015-07-17,-0.00270697,99.2923,1,0.036837,261.898800,0.00471951,108.0040,1,0.024619,182.226770
2015-07-20,0.00095762,99.3881,1,0.030758,240.077480,0.00664562,108.6686,0,0.000000,0.000000
2015-07-21,0.00324829,99.7129,1,0.043671,240.842840,-0.00173234,108.4953,1,0.046124,260.518791
2015-07-22,-0.00484862,99.2280,1,0.017902,141.564560,0.00130960,108.6263,1,0.044870,339.801030
2015-07-23,0.00248030,99.4761,1,0.030220,181.294780,-0.01310145,107.3161,1,0.052415,300.904310
2015-07-24,-0.00024608,99.4515,1,0.045648,220.413890,-0.01452740,105.8634,1,0.079320,399.932750
2015-07-27,-0.00731626,98.7198,1,0.034746,258.328160,0.00311541,106.1749,1,0.064999,377.964640
2015-07-28,-0.00095636,98.6242,1,0.038476,200.768420,0.00174819,106.3498,1,0.053921,320.453740
2015-07-29,-0.00296396,98.3278,1,0.044976,242.216200,0.00252452,106.6022,0,0.000000,0.000000
2015-07-30,0.00934128,99.2619,1,0.037952,242.524320,-0.00425901,106.1763,0,0.000000,0.000000
2015-07-31,-0.00028808,99.2331,1,0.027658,222.642080,0.00784186,106.9605,1,0.055614,343.874642
2015-08-03,0.00427186,99.6603,1,0.031704,201.260690,0.00063103,107.0236,1,0.038187,221.458400
2015-08-04,0.00246163,99.9065,1,0.034697,201.374610,-0.00333331,106.6903,1,0.048811,280.531850
2015-08-05,-0.00257665,99.6488,1,0.026615,261.140800,-0.00334920,106.3554,1,0.040850,320.813820
2015-08-06,-0.00460864,99.1879,1,0.056524,321.234270,-0.01310695,105.0447,1,0.054855,361.214990
2015-08-07,0.00324575,99.5125,1,0.054025,320.102020,0.00021982,105.0666,1,0.052498,319.663580
2015-08-10,0.00268047,99.7806,1,0.041513,300.996940,-0.01504283,103.5624,1,0.040753,320.401880
2015-08-11,0.00467086,100.2476,1,0.041344,242.286100,-0.01478029,102.0843,1,0.046449,362.543590
2015-08-12,0.00448566,100.6962,1,0.039404,240.718370,0.00071350,102.1557,1,0.049910,359.259840
2015-08-13,0.00394170,101.0904,1,0.035160,242.457790,-0.00249048,101.9066,1,0.040688,302.396740
2015-08-14,0.01172205,102.2626,1,0.040135,220.743890,0.00221291,102.1279,1,0.045289,300.239540
2015-08-17,-0.00601796,101.6608,1,0.032456,201.892940,-0.00179521,101.9484,1,0.041051,281.644500
2015-08-18,-0.00514052,101.1467,1,0.051032,262.380420,-0.00584169,101.3642,0,0.000000,0.000000
2015-08-19,-0.00228589,100.9182,1,0.036499,220.365220,-0.00635534,100.7287,1,0.054564,361.642557
2015-08-20,-0.00839710,100.0784,1,0.035120,220.886950,0.02471205,103.1999,1,0.051015,338.966510
2015-08-21,-0.00063188,100.0153,1,0.021688,160.375530,0.01452630,104.6525,0,0.000000,0.000000
2015-08-24,-0.00061486,99.9538,1,0.029546,180.939520,0.00629376,105.2819,0,0.000000,0.000000
2015-08-25,0.00289131,100.2429,1,0.023129,163.232060,-0.01192363,104.0896,0,0.000000,0.000000
2015-08-26,-0.00343639,99.8993,1,0.034239,221.731480,-0.00359619,103.7299,0,0.000000,0.000000
2015-08-27,0.00946236,100.8455,1,0.060844,305.600560,-0.01507499,102.2224,0,0.000000,0.000000
2015-08-28,-0.00738863,100.1066,1,0.040253,245.709160,-0.01244153,100.9783,0,0.000000,0.000000
2015-08-31,-0.00729622,99.3770,1,0.027372,142.453030,0.00299345,101.2776,1,0.062275,335.552299
2015-09-01,-0.00289327,99.0877,1,0.030357,200.970230,-0.00429071,100.8486,1,0.043321,279.916800
2015-09-02,-0.00229947,98.8577,1,0.037417,199.742610,-0.00323253,100.5253,0,0.000000,0.000000
2015-09-03,0.00903238,99.7610,1,0.053902,323.645030,0.00788273,101.3136,0,0.000000,0.000000
2015-09-04,-0.00324702,99.4363,1,0.055502,300.931140,-0.00051369,101.2622,0,0.000000,0.000000
2015-09-08,0.00452296,99.8886,1,0.036954,180.185480,0.00060096,101.3223,0,0.000000,0.000000
2015-09-09,-0.00717613,99.1710,1,0.067143,303.965010,-0.00763398,100.5589,0,0.000000,0.000000
2015-09-10,0.00779974,99.9509,1,0.052926,298.489370,-0.00338738,100.2202,0,0.000000,0.000000
2015-09-11,0.00050383,100.0013,1,0.042347,300.881780,0.01958311,102.1785,1,0.051889,339.271178
2015-09-14,-0.00616960,99.3844,1,0.035940,243.282110,-0.00305548,101.8729,1,0.033518,242.557860
2015-09-15,0.00739440,100.1238,1,0.040060,239.854060,0.00617140,102.4901,1,0.067070,359.826930
2015-09-16,0.00943840,101.0676,1,0.039740,242.551420,0.00828051,103.3181,0,0.000000,0.000000
2015-09-17,-0.00466972,100.6007,1,0.018272,123.173320,0.00082035,103.4002,0,0.000000,0.000000
2015-09-18,-0.00427729,100.1729,1,0.024669,160.910820,0.01996218,105.3964,1,0.052932,304.251251
2015-09-21,0.00973221,101.1462,1,0.029239,220.535780,-0.00156467,105.2399,0,0.000000,0.000000
2015-09-22,-0.00377694,100.7685,1,0.046434,240.140600,0.00399230,105.6391,1,0.051020,319.632248
2015-09-23,-0.01819278,98.9492,1,0.045808,239.439660,0.01585375,107.2245,0,0.000000,0.000000
2015-09-24,-0.00008994,98.9402,1,0.020604,162.257590,0.00330228,107.5547,1,0.035252,261.215983
2015-09-25,-0.01568465,97.3717,1,0.027855,161.104830,0.00938101,108.4928,1,0.037199,300.602100
2015-09-28,0.00939777,98.3115,1,0.033603,220.503410,0.02064309,110.5571,1,0.047671,321.040300
2015-09-29,-0.00791121,97.5204,1,0.041941,219.260420,-0.00686682,109.8705,0,0.000000,0.000000
2015-09-30,-0.01828069,95.6923,1,0.046869,201.526460,0.01462696,111.3332,1,0.060894,338.474481
2015-10-01,-0.01724318,93.9680,1,0.036568,224.779740,0.01722633,113.0558,0,0.000000,0.000000
2015-10-02,0.00984336,94.9523,1,0.047994,262.057830,-0.01355578,111.7002,1,0.044938,266.537456
2015-10-05,0.00281455,95.2338,1,0.054315,266.423290,-0.00318456,111.3818,0,0.000000,0.000000
2015-10-06,-0.01280862,93.9529,1,0.023102,163.504670,-0.00779160,110.6026,0,0.000000,0.000000
2015-10-07,-0.00916209,93.0367,1,0.022019,181.739640,0.01281355,111.8840,1,0.065355,329.170229
2015-10-08,-0.01832515,91.2042,1,0.046855,243.828650,0.01966798,113.8508,0,0.000000,0.000000
2015-10-09,-0.01023201,90.1810,1,0.024381,183.307680,0.00059994,113.9107,0,0.000000,0.000000
2015-10-12,0.01809035,91.9900,1,0.021925,161.617280,0.00249735,114.1605,1,0.056645,346.132839
2015-10-13,0.00265371,92.2554,1,0.025639,160.964080,-0.00217196,113.9433,1,0.045186,321.306500
2015-10-14,-0.01400161,90.8552,1,0.025901,141.489630,0.00146790,114.0901,0,0.000000,0.000000
2015-10-15,0.00357459,91.2127,1,0.024661,141.831760,0.01794308,115.8844,1,0.041682,278.673684
2015-10-16,0.00476774,91.6895,1,0.030126,203.996680,-0.01752226,114.1322,0,0.000000,0.000000
2015-10-19,0.01077987,92.7675,1,0.035623,221.652100,0.01156240,115.2884,1,0.056800,363.445287
2015-10-20,0.01117867,93.8853,1,0.017423,162.557850,-0.00651187,114.6372,1,0.035677,281.943120
2015-10-21,0.00766040,94.6514,1,0.038920,261.251310,0.00556475,115.1937,1,0.058105,320.614030
2015-10-22,0.00182076,94.8334,1,0.039654,220.692840,-0.00299227,114.8945,1,0.042447,240.466720
2015-10-23,-0.00733444,94.1000,1,0.051504,303.474490,-0.00679353,114.2151,0,0.000000,0.000000
2015-10-26,0.00677985,94.7780,1,0.048795,320.927560,-0.00602312,113.6128,1,0.057162,345.383578
2015-10-27,0.01273736,96.0517,1,0.032424,161.743940,0.01529220,115.1420,1,0.062370,340.405990
2015-10-28,-0.00272103,95.7796,1,0.024333,181.700280,-0.00927448,114.2146,1,0.048128,281.178690
2015-10-29,-0.01775439,94.0042,1,0.054939,283.215970,0.00529570,114.7441,1,0.052270,323.412200
2015-10-30,0.00255969,94.2602,1,0.053941,279.979780,-0.00733520,114.0106,1,0.046250,300.583360
2015-11-02,-0.00811286,93.4489,1,0.036566,221.270650,-0.00684469,113.3261,1,0.047919,320.006810
2015-11-03,-0.02482248,90.9666,1,0.043788,262.399960,0.01013208,114.3394,0,0.000000,0.000000
2015-11-04,-0.00048676,90.9179,1,0.035716,199.124840,-0.01357971,112.9814,1,0.040891,264.150417
2015-11-05,-0.03086807,87.8311,1,0.033197,220.405220,0.00181469,113.1629,1,0.055491,379.346120
2015-11-06,-0.01323152,86.5080,1,0.030672,203.584590,-0.00183643,112.9792,1,0.045423,300.617060
2015-11-09,-0.00514514,85.9935,1,0.049154,259.713280,-0.03489904,109.4893,1,0.050814,340.846020
2015-11-10,0.01066317,87.0598,1,0.045873,220.777700,-0.00843961,108.6453,0,0.000000,0.000000
2015-11-11,-0.00629899,86.4299,1,0.052519,261.759130,0.02018880,110.6642,1,0.050230,341.474760
2015-11-12,-0.00489981,85.9399,1,0.041551,199.540800,0.00265406,110.9296,1,0.037554,262.250570
2015-11-13,-0.00093135,85.8468,1,0.037035,220.071210,0.00511802,111.4414,0,0.000000,0.000000
2015-11-16,0.00519446,86.3662,1,0.050224,260.006820,-0.00006409,111.4350,1,0.046779,279.643452
2015-11-17,0.00111487,86.4777,1,0.046263,262.536490,0.00739722,112.1747,0,0.000000,0.000000
2015-11-18,0.00849262,87.3270,1,0.039208,240.123630,-0.00205725,111.9690,1,0.047025,262.100573
2015-11-19,0.00018409,87.3454,1,0.033041,263.912810,0.00333587,112.3026,0,0.000000,0.000000
2015-11-20,0.00029197,87.3746,1,0.030713,201.824550,0.00016386,112.3190,1,0.049254,323.411169
2015-11-23,-0.01313211,86.0614,1,0.028741,181.051270,-0.01313417,111.0056,1,0.044157,320.790160
2015-11-24,0.00152038,86.2134,1,0.030962,221.751050,-0.00115562,110.8900,1,0.041972,342.692180
2015-11-25,-0.00177636,86.0358,1,0.020876,181.491300,-0.00528717,110.3613,1,0.046937,301.352910
2015-11-27,-0.00339776,85.6960,1,0.018826,121.814100,0.00505994,110.8673,1,0.046806,281.277980
2015-11-30,0.00152793,85.8488,1,0.045967,220.554890,-0.01480931,109.3864,0,0.000000,0.000000
2015-12-01,0.00068594,85.9174,1,0.027796,221.275120,0.00522660,109.9090,1,0.052080,379.430487
2015-12-02,-0.00419350,85.4980,1,0.047580,262.066090,-0.00513736,109.3953,1,0.036036,262.514500
2015-12-03,-0.00591561,84.9065,1,0.038191,259.570210,-0.00350295,109.0450,0,0.000000,0.000000
2015-12-04,0.00111924,85.0184,1,0.037736,199.780430,0.00388200,109.4332,0,0.000000,0.000000
2015-12-07,-0.00316756,84.7016,1,0.050166,262.886580,-0.00283455,109.1497,0,0.000000,0.000000
2015-12-08,-0.01082338,83.6193,1,0.043338,259.198730,0.01124201,110.2739,1,0.048799,337.934186
2015-12-09,-0.01436427,82.1829,1,0.020947,141.329640,-0.01631517,108.6424,1,0.035527,281.352860
2015-12-10,0.00546004,82.7289,1,0.020706,182.478340,-0.01360869,107.2815,1,0.048979,340.563610
2015-12-11,-0.00820299,81.9086,1,0.037529,220.658630,-0.00941914,106.3396,1,0.054044,340.312070
2015-12-14,-0.00221004,81.6876,1,0.046844,260.860610,-0.00317082,106.0226,1,0.051742,339.135130
2015-12-15,0.00688869,82.3764,1,0.024801,161.524740,-0.00306618,105.7159,1,0.046358,301.182760
2015-12-16,-0.00247345,82.1291,1,0.035815,223.737530,0.00016407,105.7323,0,0.000000,0.000000
2015-12-17,0.00785509,82.9146,1,0.030601,222.884090,0.00142118,105.8745,0,0.000000,0.000000
2015-12-18,0.00298762,83.2134,1,0.047818,280.109910,0.01485966,107.3604,0,0.000000,0.000000
2015-12-21,-0.00241524,82.9718,1,0.035574,220.510340,0.00430031,107.7905,0,0.000000,0.000000
2015-12-22,0.00085282,83.0571,1,0.028338,241.601890,0.00655381,108.4458,1,0.037779,282.435030
2015-12-23,0.00591575,83.6487,1,0.022025,142.954840,-0.01398896,107.0469,0,0.000000,0.000000
2015-12-24,-0.00197903,83.4508,1,0.048793,243.156020,0.00588177,107.6351,0,0.000000,0.000000
2015-12-28,0.00205157,83.6560,1,0.037423,180.139690,-0.00337227,107.2979,1,0.062657,284.721881
2015-12-29,-0.00438033,83.2179,1,0.047363,200.603220,-0.00445750,106.8521,1,0.063410,320.847150
2015-12-30,-0.00373526,82.8444,1,0.033186,181.782710,0.00122981,106.9751,0,0.000000,0.000000
2015-12-31,0.00046298,82.8907,1,0.040892,239.864800,-0.00668702,106.3064,0,0.000000,0.000000
2016-01-04,-0.00673189,82.2175,1,0.035389,220.177870,-0.01300862,105.0056,0,0.000000,0.000000
2016-01-05,0.00086235,82.3037,1,0.044415,219.537320,0.00819539,105.8251,0,0.000000,0.000000
2016-01-06,0.01112662,83.4164,1,0.038778,241.650830,0.01663225,107.4883,1,0.051595,278.494155
2016-01-07,-0.00761583,82.6548,1,0.038293,241.758780,0.00816589,108.3049,0,0.000000,0.000000
2016-01-08,0.00494719,83.1495,1,0.027061,181.930110,-0.00720896,107.5840,0,0.000000,0.000000
2016-01-11,-0.00295089,82.8544,1,0.039199,221.230300,-0.00316489,107.2675,1,0.055109,353.626329
2016-01-12,-0.00048311,82.8061,1,0.035861,221.238250,0.00562751,107.8303,1,0.048039,299.720780
2016-01-13,-0.01057771,81.7484,0,0.000000,0.000000,0.00361155,108.1914,1,0.044465,261.706610
2016-01-14,0.01099208,82.8476,1,0.037542,202.163518,0.00627076,108.8185,0,0.000000,0.000000
2016-01-15,0.01926528,84.7741,1,0.030932,203.016890,-0.03403266,105.4152,1,0.058406,319.248634
2016-01-19,-0.01980015,82.7941,1,0.037375,261.264760,-0.01015515,104.3997,0,0.000000,0.000000
2016-01-20,0.01123576,83.9177,1,0.039274,222.737680,-0.01062474,103.3373,1,0.047294,318.510362
2016-01-21,0.01641287,85.5589,1,0.028413,161.005270,0.00942046,104.2793,1,0.061184,340.089620
2016-01-22,0.00144748,85.7037,1,0.027582,202.492880,0.00752369,105.0317,1,0.049161,282.471290
2016-01-25,-0.01058109,84.6456,1,0.029049,224.956310,-0.01631600,103.4001,0,0.000000,0.000000
2016-01-26,0.00154051,84.7996,1,0.029129,201.753180,-0.00413494,102.9866,1,0.064324,381.382560
2016-01-27,0.00280276,85.0799,1,0.041264,243.269960,-0.01237346,101.7492,0,0.000000,0.000000
2016-01-28,-0.01281857,83.7981,1,0.041187,298.803100,0.01874337,103.6236,1,0.070583,381.280323
2016-01-29,-0.00631655,83.1664,1,0.038765,203.609770,-0.00170172,103.4534,1,0.048182,263.529120
2016-02-01,-0.00071538,83.0949,1,0.033888,186.630970,-0.00954864,102.4985,0,0.000000,0.000000
2016-02-02,0.01556025,84.6509,1,0.029825,181.890490,0.00904680,103.4032,1,0.065380,367.939149
2016-02-03,-0.00771043,83.8798,1,0.043743,201.692510,-0.00021740,103.3815,0,0.000000,0.000000
2016-02-04,0.00154546,84.0344,1,0.036354,165.406180,0.00280911,103.6624,1,0.068569,319.368853
2016-02-05,0.01246751,85.2811,1,0.029799,182.220260,-0.00461279,103.2011,1,0.046499,261.742200
2016-02-08,0.00529984,85.8111,1,0.038766,221.632750,0.03845808,107.0469,1,0.046252,319.555960
2016-02-09,0.00730355,86.5415,1,0.030825,162.652290,0.00369794,107.4167,1,0.018426,162.870220
2016-02-10,0.00122848,86.6643,1,0.040942,203.281500,0.00411258,107.8280,1,0.038542,302.780720
2016-02-11,-0.00544252,86.1201,1,0.051012,201.325550,0.00443034,108.2710,1,0.050156,262.237080
2016-02-12,0.01640760,87.7608,1,0.034320,121.211700,-0.00709928,107.5611,0,0.000000,0.000000
2016-02-16,0.00921446,88.6823,1,0.056784,265.072520,-0.00055644,107.5054,0,0.000000,0.000000
2016-02-17,0.00727586,89.4099,1,0.038584,245.050470,0.00195939,107.7014,0,0.000000,0.000000
2016-02-18,-0.00072881,89.3370,1,0.027151,163.745370,0.00136966,107.8383,0,0.000000,0.000000
2016-02-19,0.00756339,90.0933,1,0.056021,221.015730,0.00479602,108.3179,1,0.048818,328.943156
2016-02-22,-0.01140865,88.9525,1,0.035105,202.187800,-0.01619939,106.6980,1,0.057259,301.139400
2016-02-23,-0.00010416,88.9420,1,0.044606,243.629140,-0.00057649,106.6403,0,0.000000,0.000000
2016-02-24,-0.00669812,88.2722,1,0.045372,220.302270,-0.00222929,106.4174,1,0.057659,322.724341
2016-02-25,-0.00910276,87.3620,1,0.022406,142.442180,-0.00987455,105.4300,1,0.054835,343.018250
2016-02-26,-0.00109900,87.2521,1,0.028840,222.281910,-0.00341265,105.0887,0,0.000000,0.000000
2016-02-29,-0.00216356,87.0357,1,0.032406,202.187840,-0.01424115,103.6646,1,0.058365,342.747998
2016-03-01,0.00350374,87.3861,1,0.024146,161.041490,-0.01899577,101.7650,1,0.058287,378.481290
2016-03-02,-0.00493218,86.8929,1,0.034638,205.124080,-0.01003365,100.7616,0,0.000000,0.000000
2016-03-03,-0.00976216,85.9166,1,0.030546,241.087120,0.01164430,101.9261,1,0.055530,346.825325
2016-03-04,-0.00046921,85.8697,1,0.039631,202.856010,0.00716403,102.6425,0,0.000000,0.000000
2016-03-07,-0.00399321,85.4704,1,0.017521,122.526270,0.00908857,103.5513,1,0.042853,284.149919
2016-03-08,0.01278518,86.7489,1,0.021332,202.050980,-0.01278211,102.2731,1,0.037271,302.311690
2016-03-09,-0.00737380,86.0115,1,0.059120,258.247330,0.01061909,103.3350,1,0.052301,318.253740
2016-03-10,0.00171067,86.1826,1,0.023403,181.551580,-0.00799138,102.5359,1,0.038628,301.759770
2016-03-11,-0.00512227,85.6704,1,0.041787,241.277170,-0.00786596,101.7493,1,0.061446,321.252290
2016-03-14,0.00486951,86.1573,1,0.046639,283.549960,0.00151630,101.9009,0,0.000000,0.000000
2016-03-15,0.00158069,86.3154,1,0.048181,220.971570,0.01635105,103.5360,1,0.039345,263.204531
2016-03-16,0.00038045,86.3534,1,0.037405,239.856330,-0.00351939,103.1841,1,0.045039,221.345950
2016-03-17,-0.00978293,85.3752,1,0.049563,282.556830,-0.00187462,102.9966,0,0.000000,0.000000
2016-03-18,-0.00066505,85.3086,1,0.022755,203.067330,-0.01508772,101.4879,0,0.000000,0.000000
2016-03-21,0.00616995,85.9256,1,0.038285,221.844270,0.00347672,101.8355,1,0.058988,364.839754
2016-03-22,-0.00404917,85.5207,1,0.031237,260.637180,-0.00147961,101.6876,1,0.046571,300.796400
2016-03-23,0.00432054,85.9528,0,0.000000,0.000000,-0.00785544,100.9020,1,0.037934,280.907070
2016-03-24,-0.00537857,85.4149,1,0.058957,279.408675,-0.01121849,99.7802,1,0.044039,319.170450
2016-03-28,0.00663731,86.0787,1,0.048659,241.462360,-0.00912333,98.8678,1,0.057973,361.079750
2016-03-29,0.00325791,86.4044,0,0.000000,0.000000,-0.00010217,98.8576,1,0.047527,360.466800
2016-03-30,-0.01140149,85.2643,0,0.000000,0.000000,-0.00138995,98.7186,0,0.000000,0.000000
2016-03-31,0.00000571,85.2649,1,0.048049,243.279226,-0.01546235,97.1724,1,0.045375,322.345346
2016-04-01,0.00174991,85.4399,1,0.040049,299.872220,-0.01184160,95.9882,1,0.052690,340.601760
2016-04-04,0.00419244,85.8591,1,0.042856,281.429760,0.00019780,96.0080,1,0.053310,360.643410
2016-04-05,-0.00881193,84.9779,1,0.044973,279.925540,-0.00608837,95.3992,1,0.036517,279.807690
2016-04-06,-0.01431497,83.5464,1,0.043027,260.454160,0.00026241,95.4254,0,0.000000,0.000000
2016-04-07,0.01693055,85.2395,1,0.049725,284.047210,-0.01298957,94.1265,0,0.000000,0.000000
2016-04-08,0.00516076,85.7555,1,0.051734,339.769300,-0.00789704,93.3368,0,0.000000,0.000000
2016-04-11,-0.00449348,85.3062,1,0.046208,241.567290,0.00452700,93.7895,1,0.049050,341.252541
2016-04-12,-0.00960053,84.3461,1,0.037163,220.487580,0.00241072,94.0305,1,0.046548,240.509630
2016-04-13,0.00267029,84.6132,0,0.000000,0.000000,0.00466181,94.4967,1,0.044269,302.460980
2016-04-14,-0.00369585,84.2436,0,0.000000,0.000000,0.01127370,95.6241,1,0.036280,322.310730
2016-04-15,-0.00055938,84.1876,1,0.035108,242.696345,-0.00174179,95.4499,1,0.030539,240.886650
2016-04-18,-0.00506923,83.6807,1,0.017833,181.071770,-0.00378587,95.0713,1,0.035297,321.580520
2016-04-19,-0.00071733,83.6090,0,0.000000,0.000000,0.00376057,95.4474,0,0.000000,0.000000
2016-04-20,-0.00269137,83.3399,1,0.021017,142.548656,-0.00543463,94.9039,1,0.027543,262.400952
2016-04-21,0.00012885,83.3527,1,0.028955,201.392960,0.01103007,96.0069,1,0.046673,360.429220
2016-04-22,-0.00440269,82.9125,1,0.039559,200.255640,-0.00316726,95.6902,1,0.044626,319.313720
2016-04-25,0.01236423,84.1489,1,0.025097,201.944550,-0.01085243,94.6049,1,0.039753,341.397240
2016-04-26,0.00401070,84.5500,1,0.046400,241.029320,-0.01233183,93.3718,1,0.051973,380.162070
2016-04-27,-0.00523586,84.0264,1,0.036116,201.600330,0.01565607,94.9374,1,0.046783,361.879630
2016-04-28,0.01656896,85.6833,1,0.016504,141.798310,-0.01823940,93.1134,1,0.056260,301.939710
2016-04-29,0.00098478,85.7818,1,0.037912,221.675940,0.01082031,94.1955,1,0.053689,359.741020
2016-05-02,0.00549968,86.3317,1,0.043802,259.983110,-0.00785168,93.4103,1,0.040238,240.705660
2016-05-03,0.00070117,86.4018,1,0.035153,243.386330,-0.00168801,93.2415,0,0.000000,0.000000
2016-05-04,0.00022273,86.4241,1,0.034677,239.259350,0.01018811,94.2603,0,0.000000,0.000000
2016-05-05,0.00459886,86.8840,1,0.021444,160.626690,-0.00720264,93.5400,1,0.041894,281.789877
2016-05-06,0.00018871,86.9029,1,0.030309,241.682130,-0.00002863,93.5372,1,0.045233,321.684670
2016-05-09,-0.00311997,86.5909,1,0.030407,241.549860,-0.00549780,92.9874,1,0.041110,281.338390
2016-05-10,0.00485709,87.0766,1,0.025231,201.882690,-0.01340726,91.6467,1,0.043966,321.932470
2016-05-11,0.00124840,87.2014,1,0.044170,282.099660,-0.01874054,89.7726,0,0.000000,0.000000
2016-05-12,-0.00817241,86.3842,1,0.031761,240.594710,0.00225174,89.9978,0,0.000000,0.000000
2016-05-13,0.01208564,87.5927,1,0.028276,201.594040,-0.00187548,89.8102,1,0.049468,323.480751
2016-05-16,-0.00083779,87.5090,1,0.038359,240.504320,0.00932453,90.7427,1,0.044877,319.561660
2016-05-17,-0.00474435,87.0345,1,0.031305,222.551280,0.00582192,91.3249,1,0.035778,262.768750
2016-05-18,-0.01332639,85.7019,1,0.026449,200.305750,0.01111933,92.4368,0,0.000000,0.000000
2016-05-19,-0.00921669,84.7802,1,0.035509,181.793610,-0.01004130,91.4327,1,0.043610,299.195729
2016-05-20,-0.00723571,84.0566,1,0.022141,180.433180,-0.00769674,90.6630,1,0.057234,380.145680
2016-05-23,0.00109322,84.1660,1,0.029498,202.026570,-0.00346655,90.3164,1,0.044015,341.408540
2016-05-24,0.00003652,84.1696,1,0.036478,221.982560,0.01270220,91.5866,1,0.042810,320.589940
2016-05-25,-0.00701722,83.4679,1,0.030962,222.669430,0.01400144,92.9867,0,0.000000,0.000000
2016-05-26,0.00366876,83.8348,1,0.019404,142.217960,-0.01347630,91.6391,1,0.039000,245.403532
2016-05-27,0.00394981,84.2298,1,0.029759,181.457980,-0.00976900,90.6622,1,0.053810,380.276770
2016-05-31,0.00425754,84.6555,1,0.038436,262.539420,-0.00447913,90.2143,1,0.060353,401.530290
2016-06-01,0.00267767,84.9233,1,0.036783,260.404430,-0.00440268,89.7740,1,0.048948,359.748960
2016-06-02,-0.00125123,84.7982,1,0.044173,261.015990,0.00051737,89.8258,1,0.048543,360.694200
2016-06-03,0.00798230,85.5964,1,0.028930,181.270930,-0.00253116,89.5726,0,0.000000,0.000000
2016-06-06,0.00501233,86.0976,1,0.032487,241.161600,0.00180298,89.7529,1,0.055112,321.004329
2016-06-07,-0.00665702,85.4319,1,0.033242,261.070080,0.00422993,90.1759,1,0.040307,281.755450
2016-06-08,0.00088545,85.5205,1,0.022255,143.410560,-0.00894711,89.2812,1,0.039601,281.127180
2016-06-09,-0.00323304,85.1972,1,0.026824,180.177660,-0.00391717,88.8895,1,0.045887,320.483830
2016-06-10,-0.00326824,84.8703,1,0.025444,161.352520,0.01468916,90.3584,1,0.034274,300.018150
2016-06-13,-0.00207189,84.6631,1,0.025709,200.408520,0.00193309,90.5517,1,0.026531,180.990630
2016-06-14,-0.00906696,83.7564,1,0.015606,140.542380,-0.00085837,90.4659,0,0.000000,0.000000
2016-06-15,0.00337117,84.0936,1,0.017393,161.164590,-0.00805310,89.6606,1,0.033590,300.048735
2016-06-16,0.00348292,84.4419,1,0.011998,120.674170,-0.00359176,89.3014,1,0.048936,380.026760
2016-06-17,-0.00376091,84.0658,1,0.015711,141.515050,-0.00689389,88.6120,1,0.047699,360.799440
2016-06-20,0.00421505,84.4873,1,0.036195,201.355220,-0.00608798,88.0032,1,0.048358,380.822950
2016-06-21,-0.00019780,84.4675,1,0.024610,201.457280,-0.00255590,87.7476,1,0.046740,361.425460
2016-06-22,-0.00374274,84.0932,1,0.023014,220.205650,-0.00548203,87.1994,1,0.037893,320.784710
2016-06-23,0.00029593,84.1228,0,0.000000,0.000000,-0.00092626,87.1068,1,0.042936,320.418290
2016-06-24,0.00952002,85.0748,0,0.000000,0.000000,0.00467107,87.5739,0,0.000000,0.000000
2016-06-27,0.01367921,86.4427,1,0.060779,277.158663,0.00315804,87.8897,0,0.000000,0.000000
2016-06-28,-0.00399855,86.0429,1,0.018575,106.067040,-0.03309293,84.5804,1,0.035753,319.279267
2016-06-29,-0.00015042,86.0278,1,0.043832,305.146340,-0.02274735,82.3057,0,0.000000,0.000000
2016-06-30,-0.00642195,85.3856,1,0.026585,223.409090,0.01301961,83.6076,0,0.000000,0.000000
2016-07-01,0.00566952,85.9526,1,0.015518,123.215310,-0.01323078,82.2846,0,0.000000,0.000000
2016-07-05,-0.00915415,85.0372,1,0.014335,141.810490,-0.02306288,79.9783,1,0.048248,369.564563
2016-07-06,-0.00257325,84.7799,1,0.032715,279.862160,-0.01212228,78.7660,1,0.045408,379.064840
2016-07-07,-0.00185978,84.5939,1,0.050968,301.889810,0.00424783,79.1908,1,0.058147,400.764120
2016-07-08,0.00725621,85.3195,1,0.041589,260.275990,0.00952251,80.1431,1,0.033299,280.699050
2016-07-11,0.00923611,86.2431,1,0.037029,263.922370,-0.00057276,80.0858,0,0.000000,0.000000
2016-07-12,0.00151255,86.3944,1,0.029205,241.446540,0.01694084,81.7799,1,0.038756,324.670183
2016-07-13,-0.00367107,86.0273,1,0.023697,162.248900,-0.01423566,80.3563,1,0.029736,242.245740
2016-07-14,-0.00989839,85.0374,1,0.043189,220.439930,-0.00326181,80.0301,1,0.052511,400.031530
2016-07-15,-0.00101350,84.9361,1,0.040850,260.325290,-0.00327944,79.7022,1,0.046184,320.194530
2016-07-18,0.00256733,85.1928,1,0.030657,240.458880,-0.00182864,79.5193,1,0.040684,320.236420
2016-07-19,-0.00044437,85.1484,1,0.023147,201.059210,-0.00606348,78.9130,1,0.047488,340.139520
2016-07-20,-0.00704642,84.4437,1,0.040052,260.300170,-0.00233898,78.6791,1,0.043218,340.068740
2016-07-21,-0.00281014,84.1627,1,0.041424,222.103670,0.00387295,79.0664,1,0.033035,281.533940
2016-07-22,0.00135355,84.2981,1,0.025115,239.110950,0.00616453,79.6828,1,0.026867,260.368210
2016-07-25,-0.00264288,84.0338,1,0.026128,241.718170,0.00820878,80.5037,0,0.000000,0.000000
2016-07-26,-0.00545218,83.4886,1,0.027248,220.144120,-0.01199658,79.3041,1,0.037598,282.192056
2016-07-27,-0.00195011,83.2935,1,0.033711,222.638610,0.00584235,79.8883,1,0.041275,360.692380
2016-07-28,-0.01666713,81.6268,1,0.033353,180.112640,-0.00050548,79.8377,1,0.044958,299.458250
2016-07-29,0.00589216,82.2160,1,0.016484,162.380480,-0.00093285,79.7445,1,0.041605,321.398690
2016-08-01,-0.00853749,81.3623,1,0.021479,182.426620,-0.00756423,78.9880,1,0.031343,281.100800
2016-08-02,0.00280840,81.6431,1,0.018160,140.484530,0.00050198,79.0382,1,0.050802,319.694800
2016-08-03,-0.00612500,81.0306,1,0.029100,259.396160,-0.01691946,77.3463,0,0.000000,0.000000
2016-08-04,-0.00722398,80.3082,1,0.017368,181.519500,-0.00777994,76.5683,1,0.059924,379.104816
2016-08-05,0.00304620,80.6129,1,0.031470,260.540610,-0.00499205,76.0691,1,0.042695,340.071070
2016-08-08,0.00049568,80.6624,1,0.035872,280.791990,-0.00403979,75.6651,1,0.045859,360.817950
2016-08-09,-0.00688977,79.9734,1,0.022557,221.142340,-0.00098176,75.5669,1,0.050296,340.452820
2016-08-10,0.00656539,80.6300,1,0.022241,180.974460,0.01089911,76.6568,1,0.035039,300.537420
2016-08-11,-0.00385407,80.2446,1,0.026757,220.654100,-0.00398182,76.2587,1,0.032392,241.597210
2016-08-12,0.00494520,80.7391,1,0.033810,282.053430,-0.00110278,76.1484,1,0.040068,341.336370
2016-08-15,-0.00363902,80.3752,1,0.024292,161.227510,-0.02055179,74.0932,1,0.035839,320.422570
2016-08-16,0.00413152,80.7884,1,0.025688,201.502770,0.00877722,74.9709,1,0.051298,381.048300
2016-08-17,0.00734099,81.5224,1,0.017251,180.425900,-0.00484277,74.4866,0,0.000000,0.000000
2016-08-18,0.00144978,81.6674,1,0.031652,221.051790,0.00679219,75.1659,1,0.044991,339.469025
2016-08-19,0.01276938,82.9444,1,0.032792,262.157770,-0.01323579,73.8423,0,0.000000,0.000000
2016-08-22,0.00272974,83.2173,1,0.023616,201.186430,-0.00323149,73.5191,1,0.047669,382.277723
2016-08-23,0.00209935,83.4273,1,0.018895,181.205450,-0.00679470,72.8397,1,0.044450,320.319240
2016-08-24,0.00078080,83.5054,1,0.020260,220.832970,-0.00225224,72.6144,1,0.040284,299.841960
2016-08-25,-0.00021805,83.4835,1,0.024565,201.116680,0.00003634,72.6181,1,0.046936,339.927660
2016-08-26,-0.00779793,82.7038,1,0.020283,180.917960,0.00274376,72.8925,1,0.032734,280.459090
2016-08-29,0.00517156,83.2209,1,0.029534,241.653950,-0.00943666,71.9488,1,0.043516,320.257910
2016-08-30,0.00070936,83.2918,1,0.032004,241.911990,0.00212216,72.1610,0,0.000000,0.000000
2016-08-31,0.00272991,83.5648,1,0.034319,259.826060,-0.00154710,72.0063,1,0.029940,260.397856
2016-09-01,-0.00236869,83.3280,1,0.023889,200.681430,-0.00652089,71.3542,1,0.038329,340.846070
2016-09-02,0.00358231,83.6862,1,0.014639,180.750860,0.00045646,71.3999,1,0.034094,321.122160
2016-09-06,0.01009891,84.6961,1,0.020839,201.841170,0.00535175,71.9350,0,0.000000,0.000000
2016-09-07,-0.00517958,84.1781,1,0.024218,201.885290,-0.00185007,71.7500,1,0.033527,302.321861
2016-09-08,-0.01400841,82.7773,1,0.038941,300.302340,0.01053619,72.8036,1,0.038331,340.929860
2016-09-09,-0.00425323,82.3520,1,0.024673,201.848100,0.00760521,73.5642,1,0.037439,319.791910
2016-09-12,-0.00066463,82.2855,1,0.026803,219.195550,0.00346367,73.9105,0,0.000000,0.000000
2016-09-13,0.00852419,83.1379,1,0.038841,303.070780,0.00268013,74.1785,0,0.000000,0.000000
2016-09-14,-0.00646091,82.4918,1,0.037461,279.074280,0.00402592,74.5811,0,0.000000,0.000000
2016-09-15,-0.00735098,81.7567,1,0.037588,280.366630,-0.00716705,73.8644,1,0.034385,278.627539
2016-09-16,0.00010927,81.7677,1,0.024923,202.803810,0.00431946,74.2964,0,0.000000,0.000000
2016-09-19,0.00074462,81.8421,1,0.036978,260.064550,0.00396632,74.6930,1,0.036148,302.493151
2016-09-20,-0.00335593,81.5065,1,0.021733,201.494280,0.00257659,74.9507,1,0.035731,321.565880
2016-09-21,-0.00918640,80.5879,1,0.027830,180.750960,-0.00012239,74.9384,1,0.031449,300.156650
2016-09-22,-0.00742839,79.8451,1,0.020169,163.452210,0.00245952,75.1844,0,0.000000,0.000000
2016-09-23,-0.00012418,79.8326,1,0.026948,221.751150,0.00075529,75.2599,0,0.000000,0.000000
2016-09-26,-0.00251174,79.5815,1,0.022434,160.763770,0.00978692,76.2386,1,0.027478,303.887579
2016-09-27,-0.00207451,79.3740,1,0.025321,180.684440,-0.01385213,74.8534,1,0.039313,279.856790
2016-09-28,0.00804071,80.1781,1,0.021789,200.824790,-0.00231645,74.6217,1,0.046165,360.108080
2016-09-29,0.00714534,80.8926,1,0.015936,182.225860,0.00278686,74.9004,1,0.036484,321.728620
2016-09-30,0.00944413,81.8370,1,0.024447,200.994830,-0.00020704,74.8797,0,0.000000,0.000000
2016-10-03,-0.00741944,81.0951,1,0.029214,222.306460,0.00302081,75.1818,1,0.034189,300.184352
2016-10-04,0.00809691,81.9048,1,0.018779,161.508170,0.00714203,75.8960,1,0.025597,241.087570
2016-10-05,-0.00322901,81.5819,1,0.022221,140.762450,0.01978556,77.8746,0,0.000000,0.000000
2016-10-06,0.00801967,82.3838,1,0.027803,201.919740,0.00203192,78.0778,1,0.025508,202.601595
2016-10-07,0.00464609,82.8485,1,0.033481,200.872350,-0.01111942,76.9658,1,0.037922,301.041800
2016-10-10,-0.00204308,82.6441,1,0.024548,200.367510,-0.00540402,76.4254,1,0.042562,358.691340
2016-10-11,0.00288214,82.9324,1,0.014436,121.742500,-0.00559082,75.8663,0,0.000000,0.000000
2016-10-12,-0.00037139,82.8952,1,0.019109,161.074890,-0.00487489,75.3788,0,0.000000,0.000000
2016-10-13,-0.00825000,82.0702,1,0.040250,221.405290,0.01861811,77.2406,1,0.047719,360.567122
2016-10-14,0.00569512,82.6397,1,0.024028,181.602750,-0.00619799,76.6209,1,0.027969,221.113190
2016-10-17,0.00202543,82.8423,1,0.034227,220.718140,0.00109503,76.7304,1,0.049767,359.901430
2016-10-18,0.00226004,83.0683,1,0.034096,240.677650,-0.00041601,76.6888,1,0.039111,300.151230
2016-10-19,0.00356277,83.4246,1,0.030143,181.734980,-0.00702963,75.9858,0,0.000000,0.000000
2016-10-20,-0.00246077,83.1785,1,0.025197,202.341300,0.00123527,76.1093,1,0.036793,362.535625
2016-10-21,-0.00006860,83.1716,1,0.027470,200.409640,0.00388613,76.4979,1,0.043227,319.615500
2016-10-24,0.00158777,83.3304,1,0.019333,160.181830,0.00095035,76.5930,1,0.030225,260.460620
2016-10-25,0.00161048,83.4914,1,0.027292,260.500770,-0.01439909,75.1531,1,0.036319,300.885920
2016-10-26,0.00508299,83.9997,1,0.031061,240.393360,-0.00454337,74.6987,1,0.031867,298.777350
2016-10-27,0.01647714,85.6475,1,0.030566,240.795000,0.01367135,76.0659,1,0.038975,300.010830
2016-10-28,0.00082278,85.7297,1,0.017842,202.452180,-0.00932552,75.1333,1,0.028542,261.225110
2016-10-31,-0.00752168,84.9776,1,0.023088,201.682260,0.00427412,75.5607,1,0.051108,321.820350
2016-11-01,0.01112996,86.0906,1,0.031664,261.925940,-0.00922312,74.6384,1,0.036272,262.199940
2016-11-02,-0.00642493,85.4481,1,0.034223,260.616580,-0.00658445,73.9800,1,0.047655,359.461700
2016-11-03,0.00581335,86.0294,1,0.028345,180.125570,0.01799312,75.7793,1,0.043058,319.223510
2016-11-04,-0.00616701,85.4127,1,0.049681,280.618560,-0.00326538,75.4527,1,0.035688,241.707590
2016-11-07,-0.00572209,84.8405,1,0.018119,141.916180,0.01216346,76.6691,1,0.033444,321.505470
2016-11-08,0.00261914,85.1024,1,0.030556,224.060490,-0.01429037,75.2400,0,0.000000,0.000000
2016-11-09,0.02588523,87.6909,1,0.030637,280.493190,-0.02619216,72.6208,1,0.046496,365.517566
2016-11-10,-0.00478302,87.2126,1,0.030252,262.558200,0.03906086,76.5269,1,0.050424,381.449400
2016-11-11,0.00521082,87.7337,1,0.035198,220.162270,0.01167096,77.6940,1,0.024674,242.580450
2016-11-14,-0.02809900,84.9238,1,0.031920,261.446620,0.02499756,80.1938,1,0.025884,261.791530
2016-11-15,-0.00170891,84.7529,1,0.016171,162.472880,-0.00969503,79.2243,1,0.032173,224.667600
2016-11-16,0.00425517,85.1784,1,0.015533,122.891720,0.00301202,79.5255,1,0.042588,342.410370
2016-11-17,0.00566526,85.7450,1,0.027204,220.559010,-0.01064149,78.4613,1,0.040209,280.877570
2016-11-18,0.00493797,86.2388,1,0.024363,182.962890,-0.00116536,78.3448,1,0.047356,341.494980
2016-11-21,0.01879324,88.1181,1,0.016826,161.502800,-0.01703687,76.6411,1,0.043477,319.680840
2016-11-22,-0.00047344,88.0707,1,0.016444,143.630830,-0.00437092,76.2040,1,0.040442,281.272450
2016-11-23,0.00423057,88.4938,1,0.017283,182.237760,-0.00725007,75.4790,1,0.038577,341.941490
2016-11-25,0.00684113,89.1779,1,0.015307,141.066920,-0.01050969,74.4280,1,0.039609,360.281230
2016-11-28,0.01040971,90.2189,0,0.000000,0.000000,-0.02333490,72.0945,0,0.000000,0.000000
2016-11-29,0.00830703,91.0496,0,0.000000,0.000000,0.00635340,72.7299,1,0.047630,381.985876
2016-11-30,-0.00910898,90.1387,1,0.031168,243.771196,-0.03712168,69.0177,1,0.033338,261.247790
2016-12-01,-0.01439231,88.6995,1,0.027721,242.825730,0.01857533,70.8752,1,0.046887,379.806430
2016-12-02,0.00531102,89.2306,1,0.016088,142.110030,-0.01039948,69.8353,1,0.033098,220.895760
2016-12-05,-0.00531129,88.6994,0,0.000000,0.000000,-0.00152060,69.6832,1,0.047950,381.068090
2016-12-06,0.00078726,88.7782,1,0.019464,203.961332,0.00160054,69.8433,1,0.038076,322.296210
2016-12-07,0.01194701,89.9729,1,0.017989,122.809230,-0.00787603,69.0557,1,0.039453,321.717070
2016-12-08,0.01177890,91.1507,1,0.022340,183.383730,-0.00831151,68.2245,0,0.000000,0.000000
2016-12-09,0.00861553,92.0123,1,0.020867,182.952570,-0.00498463,67.7261,1,0.048623,343.427050
2016-12-12,0.00895949,92.9082,1,0.024201,200.666400,0.01258372,68.9844,1,0.038798,340.735880
2016-12-13,-0.00762081,92.1462,1,0.021261,141.464410,-0.00431066,68.5534,1,0.023636,201.664530
2016-12-14,-0.00733807,91.4124,1,0.027517,241.448660,-0.00099923,68.4534,1,0.037853,340.470850
2016-12-15,-0.01210706,90.2017,1,0.036066,219.433210,0.01183220,69.6367,1,0.051710,319.133310
2016-12-16,0.01134639,91.3363,1,0.019051,162.173020,-0.01157132,68.4795,1,0.017642,202.441130
2016-12-19,0.00104771,91.4411,1,0.021499,200.916730,0.00168818,68.6484,1,0.043252,379.890050
2016-12-20,-0.00139975,91.3011,1,0.013925,160.440190,0.00170004,68.8184,1,0.030016,261.001870
2016-12-21,-0.00730269,90.5708,1,0.017299,141.663910,-0.00891109,67.9272,1,0.038729,320.958940
2016-12-22,-0.00937411,89.6334,1,0.021881,219.989930,-0.00177447,67.7498,1,0.031887,280.422760
2016-12-23,-0.00391210,89.2422,1,0.025200,181.618150,-0.00045509,67.7043,1,0.041149,340.322280
2016-12-27,0.00385237,89.6274,1,0.015283,161.249950,0.00004023,67.7083,1,0.027397,321.152320
2016-12-28,-0.00413852,89.2136,1,0.012472,141.146440,0.00137035,67.8453,1,0.039895,340.818080
2016-12-29,0.00565321,89.7789,1,0.012099,140.659020,-0.00229251,67.6161,0,0.000000,0.000000
2016-12-30,-0.00201402,89.5775,1,0.022362,221.413280,-0.00285126,67.3310,1,0.042306,339.591395
2017-01-03,0.00426966,90.0045,1,0.029124,199.987200,-0.00912363,66.4186,1,0.041063,359.907100
2017-01-04,0.00470936,90.4754,1,0.021734,141.993110,0.00524195,66.9428,1,0.044205,341.587080
2017-01-05,0.00165597,90.6410,1,0.032903,182.828930,0.00149037,67.0918,0,0.000000,0.000000
2017-01-06,-0.00350337,90.2907,1,0.022637,200.576100,-0.00039297,67.0525,1,0.038217,322.211303
2017-01-09,-0.01305600,88.9851,1,0.028390,221.975400,0.00521447,67.5740,1,0.045553,321.655920
2017-01-10,-0.00095220,88.8898,1,0.024920,200.924010,0.01092202,68.6662,1,0.045788,320.210680
2017-01-11,0.00569268,89.4591,1,0.029022,221.540480,-0.01158753,67.5074,1,0.031213,261.597870
2017-01-12,-0.00455190,89.0039,1,0.025560,241.222970,-0.00202316,67.3051,1,0.043416,360.664300
2017-01-13,0.00490186,89.4941,1,0.035204,260.539850,-0.00267429,67.0377,1,0.040649,300.412540
2017-01-17,0.00572958,90.0671,1,0.037382,261.512030,-0.01285346,65.7523,1,0.046406,340.780160
2017-01-18,0.00194261,90.2613,1,0.023189,161.103000,-0.00946170,64.8062,1,0.043720,360.233920
2017-01-19,-0.00745764,89.5156,1,0.027714,181.684610,0.00015956,64.8221,1,0.049304,381.069750
2017-01-20,0.00001328,89.5169,1,0.016212,180.461150,0.00240301,65.0624,0,0.000000,0.000000
2017-01-23,0.00513083,90.0300,0,0.000000,0.000000,-0.00461998,64.6004,1,0.035228,300.275504
2017-01-24,-0.01581003,88.4490,0,0.000000,0.000000,-0.00174442,64.4260,1,0.035552,300.242870
2017-01-25,-0.00406296,88.0427,1,0.027466,284.268264,-0.00010750,64.4152,0,0.000000,0.000000
2017-01-26,-0.00254007,87.7887,1,0.026527,242.307550,-0.00863045,63.5522,1,0.036025,304.398630
2017-01-27,0.01644449,89.4331,1,0.032701,260.126740,-0.00438504,63.1137,1,0.038734,360.005460
2017-01-30,0.00031780,89.4649,1,0.035210,261.213250,-0.00435772,62.6779,1,0.046302,340.594650
2017-01-31,-0.00052321,89.4126,1,0.030101,279.841950,-0.00372093,62.3058,0,0.000000,0.000000
2017-02-01,-0.01321863,88.0907,1,0.018053,162.003720,0.00557852,62.8637,1,0.035788,319.497881
2017-02-02,0.01204785,89.2955,1,0.019645,200.852470,-0.01373728,61.4900,1,0.041078,280.671280
2017-02-03,0.02074577,91.3701,1,0.030363,261.355450,0.01350137,62.8401,1,0.042553,360.930870
2017-02-06,-0.00042221,91.3279,1,0.030921,203.098300,-0.00671619,62.1685,0,0.000000,0.000000
2017-02-07,0.00013905,91.3418,1,0.023555,200.209820,0.00121931,62.2904,1,0.035099,318.944216
2017-02-08,0.00269785,91.6115,1,0.023095,201.568980,-0.01482586,60.8078,1,0.038536,321.537950
2017-02-09,0.01233397,92.8449,1,0.028853,242.621860,-0.00202944,60.6049,1,0.045874,342.702930
2017-02-10,0.00271305,93.1162,1,0.028625,222.757070,-0.00422601,60.1823,1,0.043961,342.154230
2017-02-13,-0.00201432,92.9148,1,0.027252,220.822650,-0.00152264,60.0300,1,0.042524,340.665460
2017-02-14,-0.00211301,92.7035,1,0.026381,240.830000,-0.00516986,59.5130,1,0.041826,340.552300
2017-02-15,0.00402250,93.1058,1,0.020080,201.201040,-0.00416737,59.0963,1,0.032117,320.765780
2017-02-16,-0.00087899,93.0179,1,0.024659,221.779470,-0.00794557,58.3017,1,0.038597,361.339640
2017-02-17,0.00044103,93.0620,1,0.026157,220.103740,0.01959059,60.2608,1,0.035651,360.488580
2017-02-21,0.00071127,93.1331,1,0.022613,201.301620,-0.01249230,59.0116,1,0.030770,242.414150
2017-02-22,-0.00297484,92.8356,1,0.017604,181.643660,0.00188522,59.2001,0,0.000000,0.000000
2017-02-23,0.00391474,93.2271,1,0.022036,160.391760,0.00778260,59.9783,1,0.032340,320.753787
2017-02-24,0.00665683,93.8928,1,0.030257,201.327690,0.00066387,60.0447,1,0.046913,301.036880
2017-02-27,-0.00556048,93.3367,1,0.041498,281.707760,-0.00676023,59.3687,1,0.039553,281.966460
2017-02-28,-0.00103258,93.2335,1,0.033028,241.348670,-0.01191709,58.1770,1,0.049219,320.833350
2017-03-01,0.00607969,93.8414,1,0.035731,240.482450,-0.01061693,57.1153,1,0.046933,359.838870
2017-03-02,0.00433047,94.2745,1,0.040343,282.334400,0.01203426,58.3187,0,0.000000,0.000000
2017-03-03,0.00197126,94.4716,1,0.022414,141.532290,0.00082233,58.4010,1,0.026607,241.741053
2017-03-06,0.00196808,94.6684,1,0.025002,181.141020,-0.00602518,57.7984,1,0.039508,320.671140
2017-03-07,0.00435784,95.1042,1,0.022066,199.792610,0.00407773,58.2062,0,0.000000,0.000000
2017-03-08,-0.01109800,93.9944,1,0.017630,161.092490,0.00150124,58.3563,1,0.034386,319.724440
2017-03-09,-0.00079851,93.9145,1,0.018531,142.157990,0.00200802,58.5571,1,0.031578,280.987310
2017-03-10,-0.00171638,93.7429,1,0.026788,220.726040,0.01640783,60.1979,1,0.033787,280.499360
2017-03-13,-0.00165432,93.5775,1,0.030322,301.076070,-0.00012153,60.1858,1,0.028673,242.497670
2017-03-14,-0.00216446,93.3610,1,0.013516,140.960130,-0.00158020,60.0277,1,0.045960,340.259440
2017-03-15,0.00186943,93.5480,1,0.020927,180.247270,-0.00124306,59.9034,1,0.038796,359.648080
2017-03-16,0.00326310,93.8743,1,0.023750,202.643730,0.00306567,60.2100,0,0.000000,0.000000
2017-03-17,0.00266119,94.1404,1,0.021831,181.410200,0.00360561,60.5706,1,0.031499,302.874449
2017-03-20,-0.00466749,93.6737,1,0.019429,181.112430,-0.00389002,60.1816,1,0.037232,281.039400
2017-03-21,0.00074205,93.7479,1,0.024095,220.490480,-0.00051093,60.1305,1,0.045923,320.288070
2017-03-22,-0.00286540,93.4613,1,0.020850,200.460800,-0.00168384,59.9621,1,0.045964,339.769330
2017-03-23,0.00014507,93.4758,1,0.024453,221.399510,-0.00294277,59.6678,1,0.040887,340.891740
2017-03-24,-0.00581814,92.8940,1,0.031734,220.651180,0.00060997,59.7288,1,0.038353,340.328550
2017-03-27,-0.00094761,92.7993,1,0.033581,260.209640,0.00137423,59.8662,1,0.035007,320.414170
2017-03-28,0.00789143,93.5884,1,0.027437,240.421840,-0.01341688,58.5245,1,0.038688,320.101770
2017-03-29,0.01058095,94.6465,1,0.022875,181.775120,0.00593493,59.1180,1,0.047697,362.379740
2017-03-30,0.00523409,95.1699,1,0.030651,201.680370,-0.00460264,58.6578,1,0.041524,321.193030
2017-03-31,0.00416357,95.5863,1,0.028083,220.946180,-0.00002036,58.6557,1,0.043966,340.259540
2017-04-03,-0.00163355,95.4229,1,0.036345,280.212860,-0.00352885,58.3029,1,0.047325,340.777850
2017-04-04,-0.00359408,95.0635,1,0.032298,220.328250,0.00566505,58.8694,1,0.040775,340.410700
2017-04-05,-0.00146958,94.9165,1,0.022018,141.019330,0.00106917,58.9763,1,0.032963,241.304540
2017-04-06,0.00438638,95.3552,1,0.021212,180.323780,-0.00121568,58.8547,1,0.040128,319.725300
2017-04-07,-0.00201497,95.1537,1,0.027497,241.018750,-0.00420050,58.4347,1,0.041870,360.922320
2017-04-10,-0.00283882,94.8698,1,0.016882,180.598660,-0.00656484,57.7782,1,0.037324,339.985840
2017-04-11,0.00380327,95.2501,1,0.012883,161.284860,0.00081842,57.8600,1,0.032678,300.486560
2017-04-12,-0.00499976,94.7501,1,0.019766,180.495650,-0.00718556,57.1415,1,0.030776,280.525800
2017-04-13,0.00493593,95.2437,1,0.029607,220.180850,0.00551857,57.6933,1,0.043533,359.487080
2017-04-17,0.00452847,95.6966,1,0.019083,180.888940,-0.01481284,56.2120,0,0.000000,0.000000
2017-04-18,-0.01531904,94.1647,1,0.025874,242.198170,0.00630889,56.8429,0,0.000000,0.000000
2017-04-19,0.00141844,94.3065,1,0.023126,221.088010,0.00059263,56.9022,1,0.036427,280.516698
2017-04-20,-0.00210839,94.0957,1,0.021899,180.735230,0.00126694,57.0289,1,0.034836,320.201070
2017-04-21,0.00249455,94.3451,1,0.029825,221.642720,-0.00556025,56.4729,1,0.028445,260.869870
2017-04-24,-0.00048414,94.2967,1,0.032774,240.149220,-0.00275678,56.1972,1,0.047558,340.166420
2017-04-25,0.00104151,94.4009,1,0.026919,182.119820,0.00273537,56.4707,0,0.000000,0.000000
2017-04-26,-0.00200471,94.2004,1,0.021681,121.048490,-0.00212890,56.2578,1,0.040760,302.626791
2017-04-27,0.01384637,95.5850,1,0.034803,201.206290,0.00871432,57.1293,1,0.060838,341.045110
2017-04-28,0.00166945,95.7520,1,0.029675,221.042260,-0.01190969,55.9383,1,0.045319,321.579770
2017-05-01,-0.00186510,95.5655,1,0.022130,181.253960,0.00316255,56.2545,1,0.042715,359.182890
2017-05-02,-0.00026453,95.5390,1,0.015343,101.810760,0.00222733,56.4773,1,0.032697,281.001870
2017-05-03,0.00504945,96.0440,1,0.021825,161.485710,0.00090907,56.5682,1,0.035593,320.619250
2017-05-04,0.00411301,96.4553,1,0.031969,220.745010,-0.01128684,55.4395,1,0.043134,319.733520
2017-05-05,0.00559002,97.0143,1,0.023228,241.045710,-0.01367332,54.0722,1,0.035622,361.361030
2017-05-08,0.00278303,97.2926,1,0.028227,220.925810,0.01038498,55.1107,1,0.052842,380.999970
2017-05-09,-0.00013297,97.2793,1,0.026977,220.897810,-0.00650427,54.4602,1,0.030247,260.768080
2017-05-10,-0.00293449,96.9858,1,0.020769,181.021620,0.00071851,54.5321,1,0.029679,301.032860
2017-05-11,-0.00671176,96.3147,1,0.016416,161.403840,-0.00169314,54.3628,1,0.029954,300.791570
2017-05-12,-0.00286607,96.0280,1,0.020887,180.600500,0.00293498,54.6563,1,0.035822,299.873700
2017-05-15,0.00446804,96.4749,1,0.022106,180.581420,-0.00487515,54.1688,1,0.029295,260.570140
2017-05-16,-0.01150787,95.3241,1,0.025557,201.098110,0.00096751,54.2655,0,0.000000,0.000000
2017-05-17,0.02115196,97.4393,1,0.027754,220.689670,-0.02597864,51.6676,1,0.039854,321.514597
2017-05-18,0.00613471,98.0527,1,0.023649,199.466210,0.00458846,52.1265,1,0.044864,378.088950
2017-05-19,-0.02138789,95.9139,1,0.025679,221.567500,0.01739974,53.8665,1,0.043896,341.631750
2017-05-22,-0.00528292,95.3857,1,0.029442,223.225690,0.00586994,54.4535,0,0.000000,0.000000
2017-05-23,0.00563505,95.9492,1,0.018465,161.140090,-0.00503090,53.9504,0,0.000000,0.000000
2017-05-24,-0.00492387,95.4568,1,0.016767,121.833190,-0.00251810,53.6986,1,0.034540,305.142366
2017-05-25,-0.00827405,94.6294,1,0.012805,120.977180,0.00736211,54.4348,1,0.033899,300.791150
2017-05-26,0.01878891,96.5083,1,0.035509,220.541080,-0.02344977,52.0898,1,0.042887,301.682370
2017-05-30,0.00068094,96.5763,1,0.012706,142.702060,0.00461594,52.5514,1,0.036766,361.738730
2017-05-31,-0.00546125,96.0302,1,0.020605,180.199900,0.01064417,53.6158,1,0.028633,260.515140
2017-06-01,0.00061326,96.0915,1,0.022904,201.150500,-0.00005635,53.6102,1,0.019465,201.634290
2017-06-02,-0.01189846,94.9017,1,0.021796,181.599190,0.00615547,54.2257,0,0.000000,0.000000
2017-06-05,-0.00107669,94.7940,1,0.026899,241.945370,0.00118381,54.3441,1,0.033529,303.055164
2017-06-06,0.00626085,95.4201,1,0.021805,201.614910,-0.00254156,54.0899,1,0.029466,300.279010
2017-06-07,-0.00081426,95.3387,1,0.026856,221.115890,-0.01009515,53.0804,1,0.037365,320.041690
2017-06-08,0.00627710,95.9664,1,0.025780,201.425750,-0.00767688,52.3127,1,0.039458,300.037270
2017-06-09,0.00359763,96.3262,1,0.033487,300.504190,0.00247966,52.5607,1,0.044854,380.809530
2017-06-12,-0.00056002,96.2702,1,0.022632,200.786550,0.00593522,53.1542,1,0.034208,300.972180
2017-06-13,0.00954515,97.2247,1,0.023295,200.446390,-0.00261029,52.8932,1,0.032829,281.071630
2017-06-14,0.00274588,97.4993,1,0.041042,281.602490,-0.00304314,52.5889,0,0.000000,0.000000
2017-06-15,-0.00953051,96.5462,1,0.028691,200.956170,0.01364585,53.9535,1,0.038925,381.448756
2017-06-16,-0.00990652,95.5556,1,0.017632,163.003160,0.01433455,55.3869,1,0.034585,261.731270
2017-06-19,-0.00754922,94.8006,1,0.028092,200.055800,-0.00005800,55.3811,1,0.030550,281.592380
2017-06-20,-0.00548122,94.2525,1,0.021562,202.608790,0.00163732,55.5449,1,0.028038,281.886830
2017-06-21,-0.00989924,93.2626,1,0.012044,120.771080,0.00890064,56.4349,1,0.029226,259.854470
2017-06-22,-0.00416236,92.8464,1,0.019656,181.345020,0.00546729,56.9816,1,0.032141,320.981250
2017-06-23,0.00344033,93.1904,1,0.025447,221.274640,0.00143163,57.1248,1,0.028337,280.353170
2017-06-26,0.00721892,93.9123,1,0.015078,181.831560,-0.01151601,55.9732,1,0.025961,281.955480
2017-06-27,-0.00910298,93.0020,1,0.036328,260.267050,0.01356429,57.3296,1,0.049191,400.180320
2017-06-28,-0.00153494,92.8485,1,0.021874,200.789030,-0.01505525,55.8241,0,0.000000,0.000000
2017-06-29,-0.00665989,92.1825,1,0.019379,182.152660,-0.00889785,54.9343,1,0.051515,399.126468
2017-06-30,-0.00247741,91.9348,1,0.028221,220.440190,0.00499771,55.4341,0,0.000000,0.000000
2017-07-03,-0.00657987,91.2768,1,0.024117,181.190160,-0.00206501,55.2276,1,0.029911,259.027819
2017-07-05,0.01733403,93.0102,1,0.032487,221.531570,-0.02317749,52.9098,1,0.058759,321.017410
2017-07-06,0.00300912,93.3111,1,0.019938,222.174730,0.00896863,53.8067,1,0.038677,399.995550
2017-07-07,-0.00639034,92.6721,1,0.025414,219.760330,0.01450357,55.2571,0,0.000000,0.000000
2017-07-10,0.00194583,92.8666,1,0.027387,241.845840,0.00374475,55.6315,1,0.018285,181.453833
2017-07-11,-0.00354883,92.5118,1,0.016383,141.337830,0.00479642,56.1112,1,0.037698,301.628840
2017-07-12,0.00361382,92.8731,1,0.017498,180.468280,-0.00035067,56.0761,1,0.028197,260.763720
2017-07-13,-0.00472948,92.4002,1,0.016938,141.836420,-0.00326100,55.7500,0,0.000000,0.000000
2017-07-14,-0.00355667,92.0445,1,0.021017,180.867390,-0.00098616,55.6514,1,0.038496,361.678141
2017-07-17,0.00410150,92.4547,1,0.016610,160.734550,0.00024234,55.6756,1,0.037086,340.745260
2017-07-18,0.00525968,92.9806,1,0.016742,161.372120,-0.00686226,54.9894,1,0.024306,261.266880
2017-07-19,-0.01456548,91.5241,1,0.017478,180.609930,-0.00682693,54.3067,1,0.032433,340.378440
2017-07-20,-0.01181234,90.3429,1,0.020134,162.362470,-0.00066157,54.2406,0,0.000000,0.000000
2017-07-21,-0.00036680,90.3062,1,0.020890,199.456780,-0.00208923,54.0316,1,0.035193,302.197304
2017-07-24,0.00024862,90.3310,1,0.026218,240.320230,0.00149296,54.1809,1,0.030024,320.879790
2017-07-25,0.00028383,90.3594,1,0.034967,241.553720,-0.00712402,53.4685,1,0.040952,321.235860
2017-07-26,0.00393505,90.7529,1,0.009555,121.649710,-0.00966583,52.5019,1,0.028303,300.838710
2017-07-27,0.01235929,91.9889,1,0.029721,261.502320,-0.01123829,51.3781,1,0.043439,360.535480
2017-07-28,-0.00177078,91.8118,1,0.025698,201.199950,-0.02097937,49.2802,1,0.039617,359.519610
2017-07-31,0.00490828,92.3026,1,0.023492,180.901020,-0.00502811,48.7774,1,0.049131,341.276600
2017-08-01,0.00711427,93.0140,1,0.022413,220.885220,0.00418527,49.1959,1,0.048463,340.432320
2017-08-02,-0.00604020,92.4100,1,0.031920,280.456320,-0.00061658,49.1342,1,0.028988,301.515770
2017-08-03,0.00220219,92.6302,1,0.030281,200.377860,0.00656345,49.7906,1,0.033045,280.324950
2017-08-04,0.00396911,93.0271,1,0.020399,201.370100,-0.00055782,49.7348,1,0.036132,341.715510
2017-08-07,0.00259742,93.2869,1,0.022408,241.097650,-0.00141429,49.5934,1,0.035719,321.501010
2017-08-08,0.00063586,93.3505,1,0.017634,162.431870,-0.01012559,48.5808,1,0.035709,261.290350
2017-08-09,-0.00625334,92.7251,1,0.026954,219.453200,0.00217696,48.7985,1,0.037944,338.751730
2017-08-10,-0.00667856,92.0573,1,0.025776,240.052620,-0.00053751,48.7448,1,0.037041,300.087660
2017-08-11,0.00122051,92.1793,1,0.027099,258.967880,-0.00720781,48.0240,1,0.036791,319.489510
2017-08-14,-0.00581710,91.5976,1,0.018840,181.607890,-0.00327391,47.6966,1,0.036661,320.751970
2017-08-15,-0.01112486,90.4851,1,0.026566,202.331670,0.00078312,47.7749,0,0.000000,0.000000
2017-08-16,-0.00005957,90.4792,1,0.015687,181.055020,0.00087535,47.8624,1,0.036355,322.257717
2017-08-17,0.00462138,90.9413,1,0.032622,220.982250,0.00061424,47.9239,1,0.038956,320.794110
2017-08-18,0.00025687,90.9670,1,0.015273,160.890000,-0.00012845,47.9110,0,0.000000,0.000000
2017-08-21,0.00057779,91.0248,1,0.028141,200.547460,-0.00411592,47.4994,1,0.038402,337.607637
2017-08-22,-0.01071589,89.9532,1,0.041579,281.153560,-0.00439508,47.0599,1,0.038308,340.689650
2017-08-23,-0.00267224,89.6860,1,0.033914,262.344710,-0.00114694,46.9452,1,0.044724,381.597300
2017-08-24,0.01394686,91.0807,1,0.027854,260.759710,0.01874414,48.8196,1,0.032456,340.230090
2017-08-25,-0.00586160,90.4945,1,0.047580,299.937760,0.00126520,48.9462,1,0.027210,261.909090
2017-08-28,0.01086958,91.5815,1,0.021632,200.849860,-0.00168650,48.7775,1,0.028320,261.609730
2017-08-29,-0.00538299,91.0432,1,0.027809,220.120290,-0.00081016,48.6965,1,0.030226,260.652510
2017-08-30,-0.01486707,89.5565,1,0.015557,180.232250,0.01345242,50.0417,1,0.031748,299.478650
2017-08-31,0.01099307,90.6558,1,0.017323,142.029930,0.00922623,50.9644,1,0.036217,302.296330
2017-09-01,0.00308735,90.9645,1,0.020825,161.099170,-0.00705447,50.2589,1,0.039427,321.554180
2017-09-05,0.00762403,91.7269,1,0.022287,181.073300,-0.00930893,49.3280,1,0.035573,320.863800
2017-09-06,-0.00531973,91.1949,1,0.022923,160.805130,0.00309489,49.6375,1,0.038131,359.981900
2017-09-07,0.00225338,91.4203,1,0.011432,141.809470,-0.00082023,49.5555,1,0.030423,301.379160
2017-09-08,0.01872730,93.2930,1,0.018150,181.856070,-0.00262271,49.2932,1,0.031331,301.890380
2017-09-11,0.00590664,93.8837,1,0.028976,221.890360,-0.00220954,49.0723,1,0.036324,301.588160
2017-09-12,-0.00392362,93.4913,1,0.032792,261.446700,-0.00520415,48.5518,0,0.000000,0.000000
2017-09-13,-0.01048440,92.4429,1,0.018480,121.668030,0.00792103,49.3439,1,0.041787,342.284466
2017-09-14,-0.00062807,92.3800,1,0.010557,141.300960,-0.00786795,48.5571,1,0.034095,300.801730
2017-09-15,0.00235444,92.6155,1,0.029226,201.176290,-0.00478873,48.0783,1,0.031593,359.673820
2017-09-18,0.00303889,92.9194,1,0.015181,181.382950,-0.00652273,47.4260,1,0.030343,301.295140
2017-09-19,-0.00248301,92.6711,1,0.027261,241.212850,0.00100092,47.5261,1,0.041898,380.416970
2017-09-20,-0.01065707,91.6054,1,0.027407,280.272700,0.01350521,48.8766,1,0.039299,300.022370
2017-09-21,-0.00056930,91.5484,1,0.020000,201.101320,0.00607636,49.4842,1,0.026244,241.914160
2017-09-22,-0.00932611,90.6158,1,0.019261,180.476270,-0.00074416,49.4098,1,0.027206,260.241480
2017-09-25,-0.00023037,90.5928,1,0.025827,220.414090,-0.00841891,48.5679,1,0.026571,260.682830
2017-09-26,0.00284289,90.8771,1,0.017001,181.940230,0.00253347,48.8213,1,0.030343,321.563080
2017-09-27,-0.00540167,90.3369,1,0.024157,182.272530,0.01067225,49.8885,1,0.038845,320.790590
2017-09-28,0.00384966,90.7219,1,0.019604,181.299990,-0.00215213,49.6733,1,0.029433,281.716550
2017-09-29,-0.00688322,90.0336,1,0.022042,181.101470,-0.00337226,49.3361,1,0.030596,341.018940
2017-10-02,0.00367505,90.4011,1,0.013265,141.962100,-0.00591531,48.7445,1,0.023591,283.068310
2017-10-03,0.00642370,91.0434,1,0.032490,260.951450,-0.00328574,48.4160,1,0.037334,360.872800
2017-10-04,-0.00204213,90.8392,1,0.020803,200.534940,-0.00555899,47.8601,1,0.032679,280.415580
2017-10-05,0.00131411,90.9706,1,0.015359,200.984130,0.00330371,48.1904,0,0.000000,0.000000
2017-10-06,-0.00230974,90.7397,1,0.023424,220.589730,-0.00037352,48.1531,1,0.039872,301.906966
2017-10-09,-0.00649479,90.0902,1,0.028149,240.550190,0.00137661,48.2908,1,0.033729,340.068260
2017-10-10,0.00525454,90.6156,1,0.030686,240.422410,-0.00864117,47.4266,1,0.035847,300.152890
2017-10-11,0.00207628,90.8233,1,0.027442,261.306800,-0.00232191,47.1944,1,0.036321,340.410110
2017-10-12,-0.00431324,90.3919,1,0.025404,240.707090,0.00770584,47.9650,1,0.035106,340.781890
2017-10-13,-0.00117927,90.2740,1,0.018777,161.619620,-0.00690009,47.2750,1,0.027889,301.576830
2017-10-16,0.00824505,91.0985,1,0.026345,201.012210,-0.00397688,46.8773,1,0.035708,340.301440
2017-10-17,-0.00558399,90.5401,1,0.020469,201.488690,-0.00506747,46.3706,1,0.035657,320.269740
2017-10-18,-0.00080045,90.4601,1,0.015335,140.607350,0.00339735,46.7103,1,0.041865,360.075490
2017-10-19,0.00672048,91.1321,1,0.022572,160.876490,0.00709093,47.4194,1,0.033277,260.666660
2017-10-20,-0.00637746,90.4944,1,0.032766,221.149860,0.00339736,47.7591,1,0.039214,281.051370
2017-10-23,-0.00033536,90.4608,1,0.018376,182.475360,0.00111551,47.8707,1,0.037229,281.606270
2017-10-24,-0.00783616,89.6772,1,0.032766,240.281600,-0.00112602,47.7581,1,0.036152,320.305900
2017-10-25,0.00307133,89.9844,1,0.021977,201.450490,0.00466099,48.2242,1,0.040821,320.553970
2017-10-26,0.00000145,89.9845,1,0.021025,180.911050,0.00477680,48.7019,1,0.039140,320.309200
2017-10-27,-0.00226885,89.7576,1,0.023805,221.436590,0.00103244,48.8051,1,0.042246,281.582240
2017-10-30,-0.00592483,89.1651,1,0.024923,222.782920,0.00361671,49.1668,1,0.038389,301.789330
2017-10-31,0.00380205,89.5453,1,0.017995,140.293400,-0.00316050,48.8507,1,0.036330,299.229100
2017-11-01,0.00239799,89.7851,1,0.025181,202.231420,0.00583819,49.4346,1,0.034301,302.709720
2017-11-02,0.00938776,90.7239,1,0.015264,162.362840,-0.01133797,48.3008,1,0.034997,341.260480
2017-11-03,-0.00215628,90.5083,1,0.025198,200.866340,0.00454375,48.7551,1,0.031975,339.312460
2017-11-06,-0.00602190,89.9061,1,0.018920,201.567230,0.02546548,51.3017,1,0.032572,261.515210
2017-11-07,-0.00117773,89.7883,1,0.027363,182.096790,-0.01602185,49.6995,1,0.020445,162.730780
2017-11-08,0.00024481,89.8128,1,0.024749,240.873790,0.00387357,50.0869,1,0.045033,380.923820
2017-11-09,0.00507753,90.3206,1,0.021987,201.497250,-0.00351720,49.7351,1,0.023590,241.734250
2017-11-10,0.00142635,90.4632,1,0.022735,200.311580,-0.00233594,49.5015,1,0.037514,339.611150
2017-11-13,0.00099618,90.5628,1,0.032252,261.079650,0.00160078,49.6616,1,0.036122,341.225640
2017-11-14,-0.00190356,90.3724,1,0.031716,262.179790,0.00407264,50.0689,1,0.031566,281.935560
2017-11-15,0.01182328,91.5548,1,0.027412,239.926220,0.00214168,50.2831,1,0.024572,261.345990
2017-11-16,-0.00588015,90.9668,1,0.029625,219.856900,-0.01477385,48.8057,1,0.029875,299.546980
2017-11-17,0.01744867,92.7116,1,0.031813,263.266870,-0.00755951,48.0497,1,0.049101,342.175950
2017-11-20,-0.00791968,91.9197,1,0.036378,280.201760,0.00873481,48.9232,1,0.034509,300.050830
2017-11-21,0.00839785,92.7594,0,0.000000,0.000000,0.00442917,49.3661,1,0.035703,281.127130
2017-11-22,-0.00443520,92.3159,0,0.000000,0.000000,-0.00644148,48.7220,1,0.028808,300.945900
2017-11-24,0.00556932,92.8729,1,0.036318,242.569732,-0.00179609,48.5424,1,0.035129,300.566600
2017-11-27,0.00376520,93.2494,1,0.033920,220.724170,-0.00243237,48.2991,1,0.047667,320.427600
2017-11-28,0.00613119,93.8625,1,0.032711,300.480340,0.00777922,49.0770,1,0.030188,321.002150
2017-11-29,0.00027043,93.8895,1,0.035767,241.743850,0.03910424,52.9875,1,0.028686,241.902590
2017-11-30,-0.00663128,93.2264,1,0.015808,224.761810,0.00072898,53.0604,1,0.021862,264.100870
2017-12-01,0.00034708,93.2611,1,0.023462,262.401440,0.01055527,54.1159,0,0.000000,0.000000
2017-12-04,0.01826467,95.0876,1,0.028213,280.999930,0.02947218,57.0631,1,0.025882,242.398187
2017-12-05,-0.00179113,94.9085,1,0.019203,202.042820,-0.01207604,55.8555,1,0.026574,263.274060
2017-12-06,-0.00708911,94.1996,1,0.034061,240.835750,0.00470609,56.3261,1,0.037491,378.537670
2017-12-07,0.00077108,94.2767,1,0.026792,221.550330,-0.00115251,56.2109,1,0.027851,261.584060
2017-12-08,-0.00096107,94.1806,1,0.022027,201.449860,-0.00311291,55.8996,1,0.039411,361.524280
2017-12-11,-0.00795763,93.3848,1,0.017603,181.061020,0.00498712,56.3983,0,0.000000,0.000000
2017-12-12,0.00051213,93.4360,1,0.024607,241.138760,-0.01428293,54.9700,1,0.036433,301.100611
2017-12-13,0.00733200,94.1692,1,0.021920,240.997300,-0.01795174,53.1748,1,0.036604,358.545620
2017-12-14,0.00176360,94.3456,1,0.029830,240.440500,0.00542990,53.7178,1,0.041100,400.384950
2017-12-15,0.00124661,94.4702,1,0.032909,259.747270,-0.00604693,53.1131,1,0.035503,339.404130
2017-12-18,-0.00719722,93.7505,1,0.029992,301.656290,-0.01788392,51.3247,0,0.000000,0.000000
2017-12-19,-0.01142837,92.6077,1,0.023957,241.298550,0.01337110,52.6618,1,0.037470,383.908519
2017-12-20,-0.00308779,92.2989,1,0.023099,261.186560,0.01606992,54.2688,1,0.023128,221.413400
2017-12-21,0.00384066,92.6830,1,0.022354,201.036440,0.01024884,55.2937,1,0.017026,201.215480
2017-12-22,-0.00381784,92.3012,1,0.019504,202.430820,-0.00627033,54.6667,1,0.028043,261.676470
2017-12-26,0.00249028,92.5502,1,0.030822,300.786600,-0.00322715,54.3440,1,0.032115,341.241810
2017-12-27,-0.00296480,92.2537,1,0.019670,220.747890,-0.00272569,54.0714,1,0.036429,340.207760
2017-12-28,0.00286993,92.5407,1,0.018267,180.530530,-0.00226051,53.8453,1,0.028421,300.349760
2017-12-29,-0.00131889,92.4088,1,0.028489,280.264820,0.00403713,54.2491,1,0.034417,320.330870
2018-01-02,0.00869170,93.2780,1,0.023350,200.452340,-0.01411444,52.8376,0,0.000000,0.000000
2018-01-03,-0.00037613,93.2404,1,0.026403,222.279040,0.01255122,54.0927,1,0.039418,340.926348
2018-01-04,-0.00143182,93.0972,1,0.023212,201.907490,0.01036664,55.1294,1,0.027596,281.101680
2018-01-05,-0.00603781,92.4934,1,0.015031,162.078170,-0.00905119,54.2243,1,0.027789,301.291420
2018-01-08,-0.01014565,91.4789,1,0.014115,121.414550,0.01418028,55.6423,1,0.040212,360.622190
2018-01-09,-0.00539139,90.9397,1,0.021919,181.680170,-0.00106245,55.5361,0,0.000000,0.000000
2018-01-10,-0.00323406,90.6163,1,0.017986,180.840500,0.00234210,55.7703,1,0.029980,262.510731
2018-01-11,-0.00072568,90.5437,1,0.026878,259.935300,0.00722428,56.4927,1,0.026832,299.472390
2018-01-12,-0.00519126,90.0246,1,0.022056,221.505210,0.00897699,57.3904,1,0.032361,301.620900
2018-01-16,0.01207570,91.2322,1,0.018710,201.053330,-0.00488873,56.9015,1,0.027233,261.322940
2018-01-17,-0.00275159,90.9570,1,0.024599,200.522200,0.00634691,57.5362,1,0.036459,339.936820
2018-01-18,0.00101952,91.0590,1,0.018508,202.037860,-0.00611619,56.9246,0,0.000000,0.000000
2018-01-19,0.00009731,91.0687,1,0.023429,201.600620,0.00252698,57.1773,1,0.043782,342.587183
2018-01-22,-0.00771258,90.2975,1,0.021568,202.758780,0.01145481,58.3228,1,0.029329,302.412660
2018-01-23,0.00068655,90.3661,1,0.020665,201.973130,-0.01414741,56.9080,1,0.027981,241.963110
2018-01-24,0.00229942,90.5961,1,0.028228,201.254680,0.00280136,57.1882,1,0.039124,322.584500
2018-01-25,-0.00488403,90.1077,1,0.026303,240.352810,0.00029027,57.2172,1,0.034603,320.317440
2018-01-26,0.00619821,90.7275,1,0.026689,220.979600,-0.00944133,56.2731,1,0.036853,321.148370
2018-01-29,-0.00888573,89.8389,1,0.022003,200.307730,0.02053095,58.3262,1,0.031005,361.916680
2018-01-30,0.00964809,90.8037,1,0.022991,200.271590,-0.02144697,56.1815,0,0.000000,0.000000
2018-01-31,-0.00654368,90.1493,1,0.042048,279.533360,0.00927832,57.1093,1,0.063178,375.746164
2018-02-01,-0.00524716,89.6246,1,0.027666,220.959580,-0.02180128,54.9292,1,0.039588,261.272830
2018-02-02,0.01308351,90.9330,1,0.037819,220.427250,-0.00424983,54.5042,1,0.051753,378.464460
2018-02-05,-0.00515548,90.4174,1,0.024508,279.556310,0.00471607,54.9758,0,0.000000,0.000000
2018-02-06,-0.00229575,90.1879,1,0.024685,258.404720,0.00236826,55.2126,0,0.000000,0.000000
2018-02-07,-0.02449183,87.7387,1,0.019993,201.968310,-0.02548614,52.6640,1,0.036174,335.858290
2018-02-08,0.01554674,89.2933,1,0.017786,161.682510,-0.00002972,52.6610,1,0.040992,359.751880
2018-02-09,0.01477936,90.7713,1,0.033564,258.105300,0.00267999,52.9290,0,0.000000,0.000000
2018-02-12,0.00853000,91.6243,1,0.039950,323.088280,-0.00864100,52.0649,0,0.000000,0.000000
2018-02-13,-0.00691553,90.9327,1,0.029803,243.152910,0.01305408,53.3703,0,0.000000,0.000000
2018-02-14,-0.00443614,90.4891,1,0.012934,141.775170,-0.01214692,52.1556,1,0.018782,203.098963
2018-02-15,-0.00129452,90.3597,1,0.021422,182.182520,-0.00041336,52.1143,1,0.044366,362.322910
2018-02-16,0.00653784,91.0134,1,0.032776,241.932910,-0.00801004,51.3133,1,0.045224,343.273790
2018-02-20,0.00089602,91.1030,1,0.024798,181.876300,-0.00780433,50.5329,1,0.045763,380.422440
2018-02-21,-0.01048271,90.0548,1,0.025651,201.178880,-0.00111278,50.4216,1,0.040158,340.153570
2018-02-22,0.00260675,90.3155,1,0.030225,220.612800,-0.00205829,50.2158,1,0.034139,319.198380
2018-02-23,-0.01288949,89.0265,1,0.040669,241.838180,-0.00038049,50.1777,1,0.040279,341.809770
2018-02-26,0.00136852,89.1634,1,0.014598,163.936820,-0.00211787,49.9659,0,0.000000,0.000000
2018-02-27,-0.00650616,88.5127,1,0.024636,182.505610,0.00909280,50.8752,1,0.034210,324.017563
2018-02-28,0.00601999,89.1147,1,0.022811,161.888440,0.00649383,51.5246,0,0.000000,0.000000
2018-03-01,0.00255647,89.3704,1,0.024343,181.583450,0.00003547,51.5281,0,0.000000,0.000000
2018-03-02,0.00440532,89.8109,1,0.022928,162.951950,-0.00905711,50.6224,1,0.056001,337.292732
2018-03-05,-0.00178628,89.6323,1,0.028578,222.260920,-0.00789333,49.8331,1,0.040693,341.417110
2018-03-06,0.00094498,89.7268,1,0.023202,203.333770,0.00749020,50.5821,0,0.000000,0.000000
2018-03-07,-0.02592987,87.1338,1,0.020277,182.295780,0.00569471,51.1516,1,0.024389,244.517856
2018-03-08,-0.01048803,86.0850,1,0.022213,182.677010,0.01618708,52.7703,1,0.027332,280.160260
2018-03-09,0.00234316,86.3193,1,0.022284,202.422910,-0.00944109,51.8262,1,0.029329,282.744620
2018-03-12,0.00165612,86.4849,1,0.020278,203.429800,0.01434798,53.2610,0,0.000000,0.000000
2018-03-13,0.00300138,86.7851,1,0.026902,280.480650,-0.00372846,52.8881,1,0.029046,263.471494
2018-03-14,-0.00511477,86.2736,1,0.018587,141.900580,0.00531355,53.4195,1,0.037415,319.936980
2018-03-15,0.00017617,86.2912,1,0.030723,220.957750,0.00923478,54.3430,1,0.034342,320.410890
2018-03-16,0.00514933,86.8061,1,0.018937,180.330260,-0.00175532,54.1674,1,0.031942,301.187600
2018-03-19,0.00203036,87.0092,1,0.027624,261.395130,-0.00191597,53.9758,0,0.000000,0.000000
2018-03-20,0.00045032,87.0542,1,0.020118,180.802080,0.00528742,54.5046,0,0.000000,0.000000
2018-03-21,-0.01183948,85.8703,1,0.030268,221.108750,0.00794587,55.2992,1,0.028103,279.920948
2018-03-22,0.00953596,86.8239,1,0.021694,181.287200,-0.00481571,54.8176,1,0.025921,281.604810
2018-03-23,0.00629487,87.4533,0,0.000000,0.000000,-0.00463174,54.3544,0,0.000000,0.000000
2018-03-26,0.00679387,88.1327,1,0.025603,237.596080,0.00516831,54.8713,0,0.000000,0.000000
2018-03-27,0.01541730,89.6745,1,0.030670,284.532610,-0.00977519,53.8937,0,0.000000,0.000000
2018-03-28,-0.00471994,89.2025,1,0.034054,240.052080,0.02493689,56.3874,1,0.040401,355.991681
2018-03-29,-0.01310203,87.8923,1,0.020133,160.141500,-0.00464852,55.9226,1,0.025852,222.057730
2018-04-02,-0.00590004,87.3023,1,0.029314,243.459710,0.01861544,57.7841,0,0.000000,0.000000
2018-04-03,0.00548043,87.8503,1,0.034187,297.466870,-0.00547696,57.2364,0,0.000000,0.000000
2018-04-04,-0.00597020,87.2533,1,0.032660,322.605350,-0.01168523,56.0679,0,0.000000,0.000000
2018-04-05,0.00376484,87.6298,1,0.027046,262.809580,-0.00953181,55.1147,0,0.000000,0.000000
2018-04-06,-0.02879986,84.7498,1,0.026896,261.344950,0.00991297,56.1060,1,0.043253,345.152951
2018-04-09,0.00224083,84.9739,1,0.033397,296.009770,-0.00582066,55.5239,0,0.000000,0.000000
2018-04-10,0.00884708,85.8586,1,0.032282,220.748360,0.01019304,56.5433,1,0.036276,335.181638
2018-04-11,0.00389804,86.2484,1,0.023016,222.742850,-0.00733566,55.8097,1,0.028726,263.019960
2018-04-12,0.00466064,86.7144,1,0.018916,239.967140,-0.01365382,54.4443,1,0.038082,339.596060
2018-04-13,0.00107956,86.8224,1,0.031194,221.382360,-0.00732910,53.7114,1,0.053690,361.784340
2018-04-16,-0.00140432,86.6820,1,0.035292,240.929170,0.00015294,53.7267,1,0.048226,360.604260
2018-04-17,-0.00540073,86.1419,1,0.014783,161.839700,-0.00084306,53.6424,0,0.000000,0.000000
2018-04-18,0.00009335,86.1512,1,0.013065,161.961890,0.00262676,53.9051,0,0.000000,0.000000
2018-04-19,-0.00151917,85.9993,1,0.019207,161.330520,-0.00215078,53.6900,1,0.029118,304.989519
2018-04-20,-0.01564272,84.4350,1,0.032562,240.048030,0.00554834,54.2448,0,0.000000,0.000000
2018-04-23,-0.00344276,84.0908,1,0.024736,200.511290,-0.00237595,54.0072,0,0.000000,0.000000
2018-04-24,-0.01027367,83.0634,1,0.023477,180.735400,0.01131609,55.1388,1,0.041371,336.791765
2018-04-25,0.00309923,83.3733,1,0.039627,279.613090,-0.00116377,55.0225,1,0.027067,201.442800
2018-04-26,0.00742151,84.1155,1,0.030609,221.152730,0.00331635,55.3541,1,0.042565,301.117450
2018-04-27,-0.00475391,83.6401,1,0.030771,301.971280,0.00107054,55.4611,1,0.033506,321.482140
2018-04-30,-0.00359275,83.2808,1,0.028575,220.733200,0.00430002,55.8911,1,0.034508,301.062680
2018-05-01,-0.00209604,83.0712,1,0.028714,240.171020,0.00665007,56.5561,1,0.039833,320.052350
2018-05-02,0.00202773,83.2740,1,0.025877,221.503710,-0.00389308,56.1668,1,0.037888,321.171980
2018-05-03,0.01589379,84.8633,1,0.023741,200.516390,0.00181565,56.3484,1,0.032905,359.905260
2018-05-04,0.00683635,85.5470,1,0.023865,202.151180,-0.00488879,55.8595,1,0.028069,281.236470
2018-05-07,0.00877755,86.4247,1,0.025515,222.894280,0.00874106,56.7336,0,0.000000,0.000000
2018-05-08,-0.00918694,85.5060,1,0.018624,201.024650,0.01274807,58.0084,1,0.024123,282.948244
2018-05-09,-0.01129337,84.3767,1,0.025347,201.597630,0.01003642,59.0121,1,0.031188,241.831410
2018-05-10,-0.00082732,84.2940,1,0.016292,162.480030,-0.00217982,58.7941,1,0.031442,242.021530
2018-05-11,0.00024645,84.3186,0,0.000000,0.000000,-0.00569341,58.2248,0,0.000000,0.000000
2018-05-14,-0.00468136,83.8505,0,0.000000,0.000000,0.01250329,59.4751,1,0.036771,342.255262
2018-05-15,-0.01081662,82.7688,1,0.017952,143.329037,0.00522820,59.9979,1,0.022120,260.908440
2018-05-16,-0.00517846,82.2510,1,0.021636,180.739370,0.00913132,60.9110,1,0.029858,280.607140
2018-05-17,-0.01217340,81.0336,1,0.019320,141.728430,0.01078344,61.9894,1,0.027836,241.110330
2018-05-18,-0.01865631,79.1680,1,0.014881,141.192220,0.00169715,62.1591,1,0.026485,240.674140
2018-05-21,-0.00298820,78.8692,1,0.023630,162.154970,0.00799863,62.9590,1,0.037437,300.540740
2018-05-22,0.00792931,79.6621,1,0.011619,121.700530,-0.00870438,62.0885,1,0.032858,301.660120
2018-05-23,0.00137095,79.7992,1,0.030105,220.207890,-0.00181245,61.9073,1,0.041085,339.089440
2018-05-24,-0.00414923,79.3843,1,0.025243,141.678200,0.01195972,63.1033,1,0.044408,301.126400
2018-05-25,0.00730652,80.1149,1,0.025918,201.086820,0.00880118,63.9834,1,0.029202,261.494960
2018-05-29,-0.00502697,79.6122,1,0.019657,161.714710,0.01901351,65.8847,1,0.037169,281.663620
2018-05-30,-0.00414547,79.1977,0,0.000000,0.000000,-0.00580720,65.3040,1,0.025860,241.085300
2018-05-31,-0.00176142,79.0216,1,0.028592,222.281459,-0.00715126,64.5889,0,0.000000,0.000000
2018-06-01,0.01585647,80.6072,1,0.021653,200.067510,0.00322183,64.9111,1,0.041237,381.080152
2018-06-04,-0.00064036,80.5432,1,0.026676,202.125540,0.00907854,65.8189,1,0.042416,341.187480
2018-06-05,-0.00072942,80.4702,1,0.021112,202.015520,0.01089683,66.9086,1,0.025017,262.703190
2018-06-06,-0.01790994,78.6792,1,0.022794,161.605730,0.01133943,68.0425,1,0.025677,221.234500
2018-06-07,0.01478409,80.1576,1,0.020351,201.572000,-0.01606236,66.4363,1,0.037516,282.639500
2018-06-08,0.00005175,80.1628,1,0.035525,280.924580,-0.00262195,66.1741,1,0.048155,400.105560
2018-06-11,-0.00192114,79.9707,1,0.028714,221.998220,0.01116302,67.2904,0,0.000000,0.000000
2018-06-12,0.01045324,81.0160,1,0.027806,221.356660,-0.01555390,65.7350,1,0.030570,263.675070
2018-06-13,-0.00968827,80.0472,1,0.027807,240.949750,0.00258931,65.9939,1,0.037459,360.989860
2018-06-14,-0.00031584,80.0156,1,0.023434,240.156420,-0.00278080,65.7159,1,0.025920,280.079710
2018-06-15,0.00138757,80.1544,1,0.025223,240.973370,-0.00259977,65.4559,1,0.037977,360.475040
2018-06-18,0.00631131,80.7855,1,0.017429,201.351660,-0.00993432,64.4625,1,0.034712,340.947880
2018-06-19,-0.00047634,80.7379,1,0.021234,221.159300,-0.00022845,64.4396,1,0.036815,360.734200
2018-06-20,0.00104321,80.8422,1,0.018889,200.884100,0.00597740,65.0374,1,0.030290,320.416490
2018-06-21,0.00703434,81.5456,1,0.018866,200.960750,-0.01559571,63.4778,1,0.029501,301.400210
2018-06-22,0.01090255,82.6359,1,0.021155,200.600200,0.01164076,64.6419,1,0.030424,321.112370
2018-06-25,-0.00532437,82.1034,1,0.020227,200.972530,0.02077244,66.7191,1,0.023656,222.490560
2018-06-26,0.00011373,82.1148,1,0.027917,221.848510,-0.00127577,66.5915,1,0.028337,240.584580
2018-06-27,0.00587645,82.7025,1,0.020825,201.322470,0.00902539,67.4941,1,0.040951,361.895540
2018-06-28,0.00918593,83.6211,1,0.024337,240.163030,-0.00466615,67.0275,1,0.031905,299.464470
2018-06-29,-0.00846550,82.7745,1,0.034340,281.585890,0.00080324,67.1078,0,0.000000,0.000000
2018-07-02,0.00229294,83.0038,1,0.041026,240.396470,-0.00615840,66.4919,1,0.055830,321.777064
2018-07-03,0.00042175,83.0460,1,0.033205,221.212460,-0.00820024,65.6719,1,0.027174,240.459790
2018-07-05,0.00094227,83.1402,1,0.047563,280.457280,-0.00542514,65.1294,1,0.048204,340.527150
2018-07-06,-0.00256658,82.8835,1,0.022398,241.845930,0.00234463,65.3639,0,0.000000,0.000000
2018-07-09,-0.00307608,82.5759,1,0.031218,241.988240,-0.01144485,64.2194,0,0.000000,0.000000
2018-07-10,0.00072421,82.6484,1,0.021579,202.604590,-0.00455194,63.7642,1,0.044824,345.303545
2018-07-11,0.00835154,83.4835,1,0.028586,240.681340,-0.00848647,62.9155,1,0.041627,361.086710
2018-07-12,-0.00346837,83.1367,1,0.032987,280.489020,-0.00413136,62.5024,1,0.038136,378.627680
2018-07-13,-0.00166672,82.9700,1,0.016982,181.585470,-0.00493983,62.0084,1,0.040773,320.978740
2018-07-16,0.00381211,83.3512,1,0.022569,200.358230,-0.00980867,61.0275,1,0.037627,360.288610
2018-07-17,-0.00147825,83.2034,1,0.031545,239.418640,0.00158389,61.1859,1,0.042191,339.108140
2018-07-18,-0.00084503,83.1189,1,0.019683,201.854080,-0.00251784,60.9342,1,0.026664,321.797140
2018-07-19,0.00464736,83.5836,1,0.025334,240.626720,-0.02076835,58.8573,1,0.030415,319.854220
2018-07-20,0.00114488,83.6981,1,0.025632,242.085750,-0.01223773,57.6335,1,0.051743,379.976280
2018-07-23,0.00204584,83.9027,1,0.021426,259.326120,0.00319393,57.9529,1,0.040287,379.649470
2018-07-24,-0.00085035,83.8177,1,0.028025,239.827470,0.00396420,58.3494,1,0.023250,240.313820
2018-07-25,0.00446857,84.2645,1,0.021783,180.731790,-0.00410632,57.9387,1,0.033532,300.338730
2018-07-26,0.00243809,84.5083,1,0.032201,242.234520,-0.02732747,55.2060,1,0.044277,322.548060
2018-07-27,-0.00932078,83.5762,1,0.021118,202.882250,0.01509812,56.7158,1,0.040898,382.845190
2018-07-30,-0.00036755,83.5395,1,0.017005,219.990180,0.01451682,58.1675,1,0.022198,240.201550
2018-07-31,0.00053218,83.5927,1,0.022792,240.960430,-0.00512470,57.6550,1,0.023480,241.195240
2018-08-01,0.00469222,84.0619,1,0.028888,260.993190,-0.00082668,57.5723,1,0.036108,360.729270
2018-08-02,0.01540245,85.6022,1,0.040255,280.009350,0.00681133,58.2535,1,0.046337,299.928980
2018-08-03,0.01734448,87.3366,1,0.029552,322.126580,-0.00169295,58.0842,1,0.028585,302.359170
2018-08-06,0.00235764,87.5724,1,0.027356,241.871540,-0.00526530,57.5576,1,0.035310,341.374250
2018-08-07,-0.00464294,87.1081,1,0.016064,201.398720,0.00428061,57.9857,1,0.025109,321.026580
2018-08-08,0.01111975,88.2201,1,0.020355,201.432950,0.00357558,58.3433,1,0.034812,301.258990
2018-08-09,-0.01035608,87.1845,1,0.024798,261.483110,0.00692624,59.0359,1,0.024226,260.855030
2018-08-10,0.00415083,87.5995,1,0.025597,260.912590,-0.00391404,58.6445,1,0.030144,240.707170
2018-08-13,0.00435695,88.0352,1,0.027215,279.618720,-0.00164854,58.4796,1,0.027754,340.200140
2018-08-14,0.00266108,88.3013,1,0.026582,239.856410,-0.00254302,58.2253,1,0.038072,340.058740
2018-08-15,0.00730898,89.0322,1,0.023272,182.462490,-0.00995732,57.2296,1,0.038832,341.563350
2018-08-16,-0.00314425,88.7178,1,0.017895,180.916910,0.00451573,57.6812,1,0.026387,319.613740
2018-08-17,-0.00283221,88.4346,1,0.023821,201.675390,0.00488908,58.1701,0,0.000000,0.000000
2018-08-20,-0.00030197,88.4044,1,0.016717,162.118740,-0.00205662,57.9644,0,0.000000,0.000000
2018-08-21,-0.00172930,88.2315,1,0.017540,161.398460,-0.00522144,57.4423,1,0.026654,323.825758
2018-08-22,0.00197330,88.4288,1,0.018660,181.154850,0.00731550,58.1738,1,0.022700,299.422050
2018-08-23,-0.01971973,86.4568,1,0.021293,181.027190,0.02570346,60.7442,1,0.020754,220.954730
2018-08-24,0.00197034,86.6539,1,0.018966,201.914020,-0.01145350,59.5988,1,0.026150,222.184960
2018-08-27,-0.00290417,86.3634,1,0.014927,181.421020,0.00873443,60.4723,1,0.037937,320.518680
2018-08-28,0.00528249,86.8917,1,0.009041,142.069450,0.00015957,60.4882,1,0.029073,301.347020
2018-08-29,0.00574004,87.4657,1,0.025886,221.419970,-0.00663080,59.8251,1,0.035450,340.363650
2018-08-30,-0.00022202,87.4435,1,0.020922,221.132090,0.00562447,60.3876,1,0.036213,360.815170
2018-08-31,-0.00295174,87.1483,1,0.021804,200.335580,0.00019314,60.4069,1,0.028306,240.611060
2018-09-04,-0.01732178,85.4161,1,0.022558,260.966490,0.00232829,60.6397,1,0.032361,300.629820
2018-09-05,0.00186139,85.6023,1,0.017061,180.844920,0.00014722,60.6544,1,0.025678,280.876090
2018-09-06,0.00711260,86.3135,1,0.018100,162.010260,0.01175990,61.8304,1,0.045260,361.010500
2018-09-07,-0.01098390,85.2151,1,0.029980,221.882260,0.01323035,63.1535,1,0.041405,301.069730
2018-09-10,-0.00486168,84.7290,1,0.025258,220.450770,0.00420619,63.5741,1,0.029191,241.189720
2018-09-11,-0.00082039,84.6469,1,0.019339,181.817730,0.00201337,63.7754,1,0.030033,281.540030
2018-09-12,0.00561623,85.2086,1,0.016707,161.597440,-0.00332487,63.4429,1,0.030997,281.233510
2018-09-13,0.01702938,86.9115,1,0.022792,221.072430,-0.00913257,62.5297,1,0.039537,321.317590
2018-09-14,-0.00401436,86.5101,1,0.030526,259.739330,0.00092661,62.6223,1,0.046949,360.665760
2018-09-17,-0.00201549,86.3085,1,0.022979,240.395390,-0.01321570,61.3008,1,0.028010,281.512830
2018-09-18,-0.01703345,84.6052,1,0.022675,259.680250,-0.00407718,60.8931,1,0.031008,359.557340
2018-09-19,0.00155094,84.7603,1,0.016576,180.681690,0.00346405,61.2395,1,0.030935,321.143830
2018-09-20,0.00092220,84.8525,1,0.022680,200.815690,0.00093737,61.3332,1,0.030513,299.800500
2018-09-21,-0.00646252,84.2062,1,0.021272,242.135520,-0.00433910,60.8993,0,0.000000,0.000000
2018-09-24,-0.01308054,82.8982,1,0.017824,199.720400,-0.00039463,60.8598,1,0.036093,341.931523
2018-09-25,-0.00958398,81.9398,1,0.024218,200.391790,0.01097505,61.9573,1,0.029135,339.564710
2018-09-26,0.00610455,82.5502,1,0.009245,81.484040,-0.00193630,61.7637,1,0.025310,260.945000
2018-09-27,-0.00455020,82.0952,1,0.027970,220.350100,0.00742637,62.5063,1,0.040353,318.946960
2018-09-28,0.00685294,82.7805,1,0.020686,201.720070,0.01162942,63.6693,1,0.032378,300.856450
2018-10-01,-0.00995548,81.7850,1,0.018678,201.264320,-0.00647650,63.0216,1,0.014480,181.951840
2018-10-02,0.00326151,82.1111,1,0.018199,161.071710,0.01778606,64.8002,1,0.031884,358.588690
2018-10-03,-0.00406595,81.7045,1,0.022165,220.630050,-0.00561653,64.2386,1,0.020603,242.341530
2018-10-04,0.00534444,82.2390,1,0.021026,181.121490,0.00047205,64.2858,1,0.038565,320.476810
2018-10-05,-0.00836021,81.4029,1,0.021631,161.732570,0.01387113,65.6729,1,0.037797,319.634130
2018-10-08,-0.00284282,81.1187,1,0.026012,220.625110,0.02232492,67.9054,1,0.026628,241.728610
2018-10-09,0.00464240,81.5829,1,0.025120,182.730790,-0.00184108,67.7213,1,0.030108,302.055080
2018-10-10,0.00520780,82.1037,1,0.023710,220.311040,-0.00164984,67.5563,1,0.034774,359.727840
2018-10-11,0.00841667,82.9453,1,0.024403,218.914310,-0.00936969,66.6193,0,0.000000,0.000000
2018-10-12,-0.00618133,82.3272,1,0.033073,240.375290,-0.00216917,66.4024,0,0.000000,0.000000
2018-10-15,0.00319812,82.6470,1,0.030728,261.909180,-0.01107444,65.2950,1,0.039544,335.306734
2018-10-16,0.00709626,83.3567,1,0.017784,141.206020,-0.01177310,64.1177,1,0.042300,379.449560
2018-10-17,-0.00185559,83.1711,1,0.023499,224.393290,-0.00785925,63.3317,0,0.000000,0.000000
2018-10-18,-0.00217512,82.9536,1,0.030402,240.522280,0.00063815,63.3956,1,0.053755,384.398360
2018-10-19,-0.01236550,81.7170,1,0.024000,161.218310,0.02933477,66.3290,1,0.039373,319.382950
2018-10-22,0.00532147,82.2492,1,0.011433,123.006650,-0.01053551,65.2755,1,0.026271,222.526510
2018-10-23,0.01074662,83.3238,1,0.017388,141.188560,-0.00029362,65.2461,1,0.044482,380.025040
2018-10-24,-0.01747460,81.5764,1,0.026580,222.074170,0.01911100,67.1572,1,0.044000,300.912480
2018-10-25,0.02150329,83.7267,1,0.037101,240.329680,-0.01422917,65.7343,1,0.050197,336.963340
2018-10-26,0.01875690,85.6024,1,0.050150,305.936070,0.00363432,66.0977,1,0.052558,384.102960
2018-10-29,0.00668979,86.2714,1,0.026341,200.550980,-0.01495735,64.6020,0,0.000000,0.000000
2018-10-30,0.01008927,87.2803,1,0.036253,241.138140,0.00292557,64.8946,1,0.051053,358.592826
2018-10-31,0.00839994,88.1203,1,0.028146,244.281140,-0.01733572,63.1610,0,0.000000,0.000000
2018-11-01,0.01157230,89.2775,1,0.021570,203.696380,0.01631508,64.7925,1,0.039092,383.364037
2018-11-02,-0.00731296,88.5462,1,0.019776,167.331960,-0.00298855,64.4936,1,0.038505,286.213680
2018-11-05,0.00156104,88.7023,1,0.014846,160.877500,-0.01784027,62.7096,1,0.030497,339.831830
2018-11-06,0.00464520,89.1669,1,0.020490,202.567790,0.00660314,63.3699,1,0.044556,401.993350
2018-11-07,0.01514206,90.6811,1,0.036184,261.933050,-0.01737226,61.6327,1,0.039606,281.641870
2018-11-08,-0.01679793,89.0013,1,0.030393,223.262670,0.00129982,61.7627,0,0.000000,0.000000
2018-11-09,0.00590314,89.5916,1,0.025076,220.603500,-0.00257737,61.5049,1,0.051187,322.376323
2018-11-12,-0.00424173,89.1674,1,0.021403,200.399570,0.04525032,66.0300,1,0.039408,339.835650
2018-11-13,-0.01347849,87.8196,1,0.026669,180.386830,-0.00392584,65.6374,1,0.023854,163.319960
2018-11-14,-0.00309477,87.5101,1,0.016397,162.509920,-0.00439478,65.1979,1,0.034388,341.619930
2018-11-15,-0.02436753,85.0733,1,0.027943,200.772100,0.02449281,67.6472,1,0.044289,279.796130
2018-11-16,0.00476479,85.5498,1,0.037301,264.385950,-0.01219349,66.4278,1,0.039069,244.109210
2018-11-19,0.00926550,86.4764,1,0.031920,242.288020,-0.00008124,66.4197,1,0.045054,364.445020
2018-11-20,0.00664369,87.1407,1,0.034551,239.794950,-0.01080485,65.3392,1,0.046915,358.209810
2018-11-21,0.00523583,87.6643,1,0.030397,241.762820,-0.02222936,63.1163,0,0.000000,0.000000
2018-11-23,0.00624440,88.2888,1,0.037680,242.370980,-0.00489788,62.6265,1,0.050238,380.762287
2018-11-26,0.00157895,88.4466,1,0.050245,181.670540,-0.00988333,61.6382,1,0.078073,340.058850
2018-11-27,-0.00277273,88.1694,1,0.023473,163.656080,-0.00553502,61.0847,1,0.045092,323.332240
2018-11-28,0.00352424,88.5218,1,0.026426,201.526500,-0.01452165,59.6325,1,0.052015,320.563550
2018-11-29,0.01118968,89.6408,1,0.016662,183.626450,-0.01660365,57.9721,1,0.046775,363.589990
2018-11-30,-0.00356141,89.2846,1,0.026921,240.628370,-0.00271438,57.7007,1,0.035758,379.501690
2018-12-03,-0.01652593,87.6320,1,0.026483,221.277180,-0.00650871,57.0498,1,0.036201,341.495020
2018-12-04,0.01362435,88.9945,1,0.017465,164.781710,0.01060847,58.1107,0,0.000000,0.000000
2018-12-06,0.00401606,89.3961,1,0.036464,257.815580,0.00359954,58.4706,0,0.000000,0.000000
2018-12-07,0.00611071,90.0071,1,0.030079,261.171370,-0.00137204,58.3334,1,0.048314,299.554252
2018-12-10,-0.00406854,89.6003,1,0.035634,258.520050,0.00218045,58.5515,0,0.000000,0.000000
2018-12-11,0.00118108,89.7184,1,0.041462,301.592960,0.00780255,59.3317,1,0.038115,279.183306
2018-12-12,-0.00032502,89.6859,0,0.000000,0.000000,-0.01052106,58.2796,1,0.035246,241.187670
2018-12-13,0.00979831,90.6657,1,0.056169,281.959814,-0.01623264,56.6564,1,0.053054,361.684280
2018-12-14,0.00387551,91.0533,0,0.000000,0.000000,0.01140493,57.7969,1,0.055167,380.516790
2018-12-17,-0.00273086,90.7802,0,0.000000,0.000000,-0.01167076,56.6298,0,0.000000,0.000000
2018-12-18,0.01566451,92.3466,1,0.038589,276.589641,0.00198530,56.8283,0,0.000000,0.000000
2018-12-19,0.00491107,92.8378,1,0.043663,282.299820,-0.01008050,55.8203,1,0.034510,257.687225
2018-12-20,-0.00064554,92.7732,1,0.052654,317.543910,0.00493525,56.3138,0,0.000000,0.000000
2018-12-21,-0.01692859,91.0803,1,0.052869,200.751140,0.00399096,56.7129,0,0.000000,0.000000
2018-12-24,-0.00528144,90.5522,1,0.031524,200.216090,-0.00351523,56.3614,0,0.000000,0.000000
2018-12-26,0.01359712,91.9119,1,0.052438,239.797220,0.00960878,57.3222,0,0.000000,0.000000
2018-12-27,-0.00212124,91.6998,1,0.063974,368.147750,0.00573731,57.8960,0,0.000000,0.000000
2018-12-28,0.00196650,91.8964,1,0.022580,181.573910,0.00111492,58.0075,0,0.000000,0.000000
2018-12-31,0.00307569,92.2040,1,0.051951,260.012830,-0.00322332,57.6851,1,0.055092,299.576427
2019-01-02,0.00204342,92.4083,1,0.036748,281.720640,-0.01354483,56.3306,0,0.000000,0.000000
2019-01-03,0.01713841,94.1222,1,0.042139,319.943650,-0.01011633,55.3190,1,0.050313,341.339942
2019-01-04,0.00119705,94.2419,1,0.058905,338.503260,-0.01915311,53.4037,1,0.060801,359.563760
2019-01-07,-0.00858594,93.3833,1,0.040534,286.096650,-0.00295004,53.1087,0,0.000000,0.000000
2019-01-08,0.00066224,93.4495,1,0.032416,203.440620,-0.00059682,53.0490,1,0.047492,348.528430
2019-01-09,0.00734477,94.1840,1,0.044283,243.142320,0.01188775,54.2378,0,0.000000,0.000000
2019-01-10,0.00819856,95.0039,1,0.029704,181.724880,-0.00847484,53.3903,1,0.045624,304.780725
2019-01-11,-0.00191001,94.8129,1,0.031951,201.490640,-0.00191553,53.1988,0,0.000000,0.000000
2019-01-14,0.00600066,95.4129,1,0.035054,201.004590,-0.00725637,52.4731,1,0.062417,321.986152
2019-01-15,-0.00171372,95.2415,1,0.042982,279.612380,-0.00073434,52.3997,1,0.036044,318.677080
2019-01-16,-0.00339710,94.9018,1,0.036730,242.235570,-0.00512387,51.8873,0,0.000000,0.000000
2019-01-17,-0.00312988,94.5888,1,0.030638,181.094060,0.00732119,52.6194,1,0.041401,303.619128
2019-01-18,-0.00013983,94.5749,1,0.024773,182.433350,0.00028027,52.6474,0,0.000000,0.000000
2019-01-22,0.01439839,96.0147,1,0.029691,203.179350,0.00216225,52.8637,0,0.000000,0.000000
2019-01-23,-0.00448989,95.5657,1,0.034879,259.679270,0.00144327,53.0080,0,0.000000,0.000000
2019-01-24,-0.00450165,95.1156,1,0.034975,221.054570,-0.01448715,51.5593,1,0.047105,301.777123
2019-01-25,0.00110566,95.2261,1,0.024754,162.207730,0.01368146,52.9274,1,0.042594,321.762190
2019-01-28,-0.00529311,94.6968,1,0.022111,183.183000,-0.00508976,52.4184,1,0.030386,243.318500
2019-01-29,0.00096491,94.7933,1,0.030409,141.273120,0.00021741,52.4402,1,0.050959,340.094490
2019-01-30,-0.00406074,94.3872,1,0.027974,240.972040,-0.00278288,52.1619,1,0.033898,300.568040
2019-01-31,-0.00383376,94.0038,1,0.025476,202.674780,0.00069996,52.2319,0,0.000000,0.000000
2019-02-01,-0.01253667,92.7502,1,0.010667,103.021060,-0.01428146,50.8038,1,0.040176,323.798063
2019-02-04,0.00280749,93.0309,1,0.033351,202.179540,-0.00575126,50.2286,1,0.055016,380.615310
2019-02-05,0.00673303,93.7042,1,0.015467,141.325400,0.00069054,50.2977,1,0.045236,340.456390
2019-02-06,-0.00559783,93.1444,1,0.034063,280.327110,-0.00571571,49.7261,1,0.041971,361.834050
2019-02-07,0.00581352,93.7258,1,0.031928,222.217100,-0.01006386,48.7197,1,0.045956,340.432520
2019-02-08,-0.00425733,93.3001,0,0.000000,0.000000,0.00586482,49.3062,1,0.038358,359.568330
2019-02-11,-0.00534169,92.7659,1,0.023129,183.054982,-0.00544592,48.7616,1,0.028432,261.488220
2019-02-12,0.01323424,94.0893,1,0.026426,201.399340,0.00755896,49.5175,1,0.043874,321.023700
2019-02-13,-0.00277288,93.8120,1,0.026078,223.745890,-0.01091526,48.4260,1,0.035076,263.008450
2019-02-14,-0.00904164,92.9079,1,0.038034,221.179830,0.00179475,48.6055,1,0.047815,380.823110
2019-02-15,0.00205083,93.1130,1,0.021567,201.610870,0.00365241,48.9707,1,0.026439,260.749930
2019-02-19,0.00163067,93.2760,1,0.028823,222.135150,-0.01254078,47.7166,0,0.000000,0.000000
2019-02-20,-0.00102546,93.1735,1,0.023276,181.260570,0.00902179,48.6188,1,0.046731,402.716120
2019-02-21,0.00046104,93.2196,1,0.024376,200.968410,-0.00919340,47.6995,1,0.034980,280.849770
2019-02-22,-0.01290570,91.9290,1,0.035460,260.286000,-0.00481844,47.2176,1,0.056884,359.708900
2019-02-25,0.00014495,91.9435,1,0.024365,201.697690,0.00233627,47.4512,1,0.041783,361.968420
2019-02-26,0.00643155,92.5867,1,0.027575,221.712320,-0.00944256,46.5070,1,0.039066,300.392270
2019-02-27,-0.00443351,92.1433,1,0.035821,240.496610,-0.01078618,45.4284,1,0.062628,359.990510
2019-02-28,0.00333226,92.4765,1,0.037684,242.089170,-0.00165021,45.2633,1,0.069881,342.792990
2019-03-01,0.00565999,93.0425,1,0.036911,260.075910,0.00311716,45.5751,1,0.031264,299.805900
2019-03-04,-0.00085469,92.9571,1,0.039859,281.253610,-0.00684097,44.8910,1,0.040907,321.758840
2019-03-05,0.00167920,93.1250,1,0.035350,260.445150,0.00903959,45.7949,1,0.045951,319.636210
2019-03-06,-0.01202580,91.9224,1,0.027080,239.845810,0.00451812,46.2467,1,0.042118,300.701870
2019-03-07,0.00066064,91.9885,1,0.031796,219.256720,0.01203612,47.4503,1,0.035858,319.521550
2019-03-08,0.00377743,92.3662,0,0.000000,0.000000,-0.00136219,47.3141,1,0.027639,262.080890
2019-03-11,-0.00097198,92.2690,1,0.035238,260.641267,-0.00230820,47.0833,1,0.038120,300.302220
2019-03-12,-0.00537862,91.7312,1,0.030782,223.407680,0.00158644,47.2420,0,0.000000,0.000000
2019-03-13,0.00400436,92.1316,1,0.032734,201.260000,-0.00185869,47.0561,1,0.053189,303.291775
2019-03-14,-0.00252763,91.8788,1,0.032813,260.860490,0.00312761,47.3688,1,0.044499,321.008800
2019-03-15,-0.01128901,90.7499,1,0.031081,240.680070,0.00129618,47.4985,1,0.037392,280.426080
2019-03-18,0.00161867,90.9118,1,0.022383,221.199400,-0.00463965,47.0345,1,0.029595,321.233570
2019-03-19,0.00036063,90.9479,1,0.022707,181.131630,0.00010074,47.0446,1,0.040716,301.615130
2019-03-20,-0.00451140,90.4967,1,0.033170,239.976890,0.00388552,47.4331,1,0.033148,300.129110
2019-03-21,0.01012137,91.5089,1,0.034523,240.353270,0.00256766,47.6899,1,0.043234,320.515700
2019-03-22,-0.01475633,90.0332,1,0.036043,264.065580,-0.00114223,47.5757,0,0.000000,0.000000
2019-03-25,-0.00050269,89.9830,1,0.031529,200.645570,0.00675854,48.2515,1,0.046086,343.361828
2019-03-26,0.00784001,90.7670,1,0.028549,181.200320,-0.00702060,47.5495,1,0.044440,261.556240
2019-03-27,0.00129830,90.8968,1,0.033840,221.381590,0.01092706,48.6422,0,0.000000,0.000000
2019-03-28,0.00157215,91.0540,1,0.031745,240.404450,0.01282595,49.9248,1,0.033695,261.560861
2019-03-29,-0.00177130,90.8769,1,0.012170,101.374680,-0.00146825,49.7779,1,0.033625,222.154190
2019-04-01,0.00955832,91.8327,1,0.026828,221.944680,0.02238595,52.0165,1,0.049175,321.009380
2019-04-02,-0.01028294,90.8044,1,0.021754,162.727080,0.00728923,52.7455,1,0.040927,263.652690
2019-04-03,0.00479196,91.2836,1,0.025954,160.618700,0.00560853,53.3063,1,0.043067,281.223730
2019-04-04,-0.00326410,90.9572,1,0.025770,220.922990,0.01101374,54.4077,1,0.039106,301.069440
2019-04-05,-0.00025610,90.9316,1,0.027970,181.444480,0.00113671,54.5214,1,0.039419,261.722880
2019-04-08,-0.00141491,90.7901,1,0.031161,241.954000,0.00579918,55.1013,0,0.000000,0.000000
2019-04-09,-0.00169295,90.6208,1,0.040895,260.400830,-0.00477024,54.6243,1,0.038914,282.294465
2019-04-10,-0.00027756,90.5930,1,0.031826,220.456320,-0.00262271,54.3620,1,0.041141,299.687750
2019-04-11,0.00398648,90.9917,1,0.023702,201.789850,0.00220338,54.5823,1,0.040302,341.774030
2019-04-12,-0.00734779,90.2569,1,0.048589,260.306490,0.00467666,55.0500,1,0.043394,301.107000
2019-04-15,0.00509161,90.7661,1,0.038739,261.497210,-0.00502823,54.5472,1,0.043613,321.496980
2019-04-16,0.00437600,91.2037,1,0.025600,200.613200,-0.01337469,53.2097,1,0.040809,299.839970
2019-04-17,-0.00814541,90.3891,1,0.029031,201.066320,0.01576837,54.7865,1,0.057403,360.453920
2019-04-18,0.00686159,91.0753,1,0.022831,200.541930,-0.01149480,53.6370,1,0.023660,201.281820
2019-04-22,-0.01578339,89.4969,1,0.048269,301.070290,0.00199758,53.8368,1,0.050232,360.772780
2019-04-23,0.00586911,90.0839,1,0.039459,221.515670,-0.00241200,53.5956,1,0.052900,320.540770
2019-04-24,0.01109729,91.1936,1,0.022981,182.281850,-0.01804079,51.7915,0,0.000000,0.000000
2019-04-25,-0.00507061,90.6865,1,0.045111,241.498430,0.00443452,52.2350,1,0.064278,382.366979
2019-04-26,-0.00139464,90.5471,1,0.041014,241.166010,0.00828783,53.0638,1,0.041067,281.596670
2019-04-29,0.00391092,90.9382,1,0.030008,161.337630,-0.01393477,51.6703,1,0.037597,241.457230
2019-04-30,0.00094409,91.0326,1,0.039651,300.524380,-0.00079136,51.5911,1,0.054276,340.465400
2019-05-01,-0.01351797,89.6808,1,0.037137,262.048700,0.01230598,52.8217,1,0.044802,341.923880
2019-05-02,0.01259760,90.9405,1,0.040450,219.850180,0.00807280,53.6290,0,0.000000,0.000000
2019-05-03,-0.01016993,89.9235,1,0.027753,202.455250,0.00925355,54.5544,1,0.040575,280.734926
2019-05-06,-0.00464247,89.4593,1,0.033537,243.147580,-0.00503955,54.0504,1,0.055305,322.751550
2019-05-07,-0.00357472,89.1018,1,0.025762,180.934350,0.00961878,55.0123,1,0.047982,319.997890
2019-05-08,-0.00571273,88.5305,1,0.037803,259.554610,0.00307856,55.3202,0,0.000000,0.000000
2019-05-09,-0.00013461,88.5171,1,0.040001,260.175670,0.00819684,56.1398,1,0.058506,318.436770
2019-05-10,-0.00534838,87.9822,1,0.038548,260.711020,0.00759045,56.8989,1,0.044495,321.084210
2019-05-13,-0.01091740,86.8905,1,0.033070,241.418230,0.02668574,59.5675,1,0.041286,301.615780
2019-05-14,-0.00292747,86.5978,1,0.041147,278.129990,-0.02256361,57.3111,1,0.031051,221.502460
2019-05-15,0.00104033,86.7018,1,0.048387,302.067400,0.00113510,57.4246,1,0.052130,401.588070
2019-05-16,-0.00097689,86.6041,1,0.026389,180.727180,0.00374229,57.7988,1,0.036281,320.874140
2019-05-17,0.00406222,87.0103,1,0.020348,142.087620,-0.00674205,57.1246,1,0.037225,281.764070
2019-05-20,-0.01011240,85.9991,1,0.038980,239.303170,0.01976016,59.1007,1,0.061684,359.180780
2019-05-21,0.00195491,86.1946,1,0.026799,141.883840,-0.01047803,58.0529,1,0.030523,201.298200
2019-05-22,-0.00462497,85.7321,1,0.033127,223.179630,0.00879502,58.9324,0,0.000000,0.000000
2019-05-23,-0.02053018,83.6791,1,0.033678,219.438850,0.02373305,61.3057,1,0.048785,281.653135
2019-05-24,0.00066668,83.7457,1,0.032852,220.894200,-0.00278004,61.0277,1,0.037184,240.568010
2019-05-28,-0.00497889,83.2478,1,0.033869,181.471520,0.00050827,61.0785,1,0.056133,340.036780
2019-05-29,0.01490914,84.7388,1,0.034326,239.413580,-0.00623644,60.4548,0,0.000000,0.000000
2019-05-30,-0.00412368,84.3264,1,0.054658,299.868800,0.00298578,60.7534,1,0.046912,337.734295
2019-05-31,0.01175606,85.5020,0,0.000000,0.000000,0.01105301,61.8587,1,0.042829,281.491190
2019-06-03,-0.00955267,84.5467,0,0.000000,0.000000,-0.00315603,61.5431,1,0.038623,261.262070
2019-06-04,0.00692137,85.2389,1,0.045453,263.450382,-0.01275052,60.2681,1,0.051952,322.583940
2019-06-05,-0.00728268,84.5106,1,0.031608,265.544010,-0.02598263,57.6698,1,0.043313,364.393660
2019-06-06,0.00169533,84.6801,1,0.030617,202.350000,0.00282625,57.9524,1,0.060815,402.617110
2019-06-07,0.00243126,84.9233,1,0.048624,241.493090,-0.00367211,57.5852,1,0.038001,282.054500
2019-06-10,0.00199868,85.1231,1,0.036722,201.699610,0.00750135,58.3353,1,0.042475,341.568550
2019-06-11,-0.00614665,84.5085,1,0.025625,141.742530,0.00459317,58.7947,1,0.055193,320.907230
2019-06-12,0.01557585,86.0660,1,0.038065,261.448200,-0.01266520,57.5281,1,0.055790,281.026850
2019-06-13,0.00632740,86.6988,1,0.036900,280.069230,-0.00772599,56.7555,1,0.048509,339.729490
2019-06-14,-0.00631622,86.0672,1,0.031732,162.000820,-0.00839041,55.9165,1,0.055641,341.657610
2019-06-17,0.00214278,86.2814,1,0.043812,200.287910,0.00324997,56.2415,1,0.061713,339.240500
2019-06-18,-0.00510773,85.7707,1,0.034403,200.667550,0.00062414,56.3039,1,0.058696,341.505670
2019-06-19,0.00064708,85.8354,1,0.029322,163.321930,0.00100772,56.4047,1,0.047848,302.457490
2019-06-20,0.00894581,86.7300,1,0.036569,221.789530,-0.00858878,55.5458,1,0.051708,321.386860
2019-06-21,-0.00959574,85.7704,1,0.046044,281.896630,0.01021812,56.5676,1,0.053378,342.349590
2019-06-24,0.00178006,85.9484,1,0.031014,220.578270,0.00024291,56.5919,1,0.034169,261.089310
2019-06-25,-0.00540988,85.4074,1,0.024228,180.719620,0.00209349,56.8013,1,0.054091,319.668040
2019-06-26,-0.01276073,84.1313,1,0.034313,240.243060,-0.00717813,56.0834,1,0.036643,280.496700
2019-06-27,-0.00287382,83.8439,1,0.043282,261.102940,-0.00787191,55.2963,1,0.058211,339.057450
2019-06-28,0.00173328,84.0173,1,0.027752,242.068080,0.00206977,55.5032,1,0.043353,341.544040
2019-07-01,0.00072991,84.0903,1,0.029059,221.812260,0.00853884,56.3571,0,0.000000,0.000000
2019-07-02,0.00814532,84.9048,1,0.028728,201.951950,-0.01174016,55.1831,1,0.036966,283.257337
2019-07-03,0.00577788,85.4826,1,0.031692,241.071020,0.00294479,55.4776,1,0.050411,380.643410
2019-07-05,-0.00057193,85.4254,1,0.059723,202.124200,-0.00257714,55.2199,0,0.000000,0.000000
2019-07-08,-0.00438065,84.9873,1,0.038585,299.904970,0.00180579,55.4004,1,0.044971,361.539926
2019-07-09,0.00629888,85.6172,1,0.037142,280.498220,-0.00203274,55.1972,1,0.037714,300.298870
2019-07-10,0.00339242,85.9565,1,0.025478,220.344730,0.00620662,55.8178,1,0.039558,301.052980
2019-07-11,0.00226192,86.1826,1,0.036498,241.061760,-0.01685810,54.1320,1,0.034960,281.641940
2019-07-12,0.00297062,86.4797,1,0.048558,240.606130,0.00279304,54.4113,1,0.049476,319.598730
2019-07-15,-0.00607045,85.8727,1,0.044105,242.460600,0.00469997,54.8813,1,0.044943,301.736080
2019-07-16,0.00570140,86.4428,1,0.040660,220.956620,0.00657878,55.5392,1,0.047022,321.421180
2019-07-17,-0.00419687,86.0231,1,0.022697,141.194320,-0.00171141,55.3681,1,0.044331,300.673020
2019-07-18,-0.00137216,85.8859,1,0.025166,180.886990,0.00716623,56.0847,1,0.057267,339.819790
2019-07-19,0.00334763,86.2207,1,0.030737,161.594170,-0.00429263,55.6554,1,0.048503,281.499970
2019-07-22,-0.00312077,85.9086,1,0.039857,260.623820,0.00434368,56.0898,1,0.042502,300.225380
2019-07-23,-0.00673940,85.2346,1,0.043800,260.945660,0.00007696,56.0975,1,0.045794,320.269270
2019-07-24,-0.02744769,82.4899,1,0.036619,221.541380,0.00499826,56.5973,1,0.047724,301.071330
2019-07-25,0.04121047,86.6109,1,0.026643,142.742810,-0.01993824,54.6035,1,0.050584,243.138410
2019-07-26,0.00622410,87.2333,1,0.051930,282.056870,0.00320143,54.9236,1,0.070057,398.837600
2019-07-29,0.00649242,87.8826,1,0.037468,242.067260,0.01025022,55.9487,1,0.038868,262.299660
2019-07-30,0.00759698,88.6423,1,0.034552,200.706650,-0.01841253,54.1074,1,0.044693,281.134950
2019-07-31,0.00745148,89.3874,1,0.036282,243.583410,0.01372929,55.4803,1,0.051701,381.679280
2019-08-01,-0.00866946,88.5205,1,0.041636,239.725090,0.00171139,55.6515,0,0.000000,0.000000
2019-08-02,-0.01008888,87.5116,1,0.043488,222.252850,0.01002354,56.6538,1,0.058016,317.871786
2019-08-05,-0.00502809,87.0088,1,0.049119,260.778520,0.01388151,58.0420,1,0.042549,240.643550
2019-08-06,-0.00112068,86.8967,1,0.031968,200.481250,0.00789827,58.8318,0,0.000000,0.000000
2019-08-07,-0.00955529,85.9412,1,0.037459,222.467840,0.00842823,59.6746,0,0.000000,0.000000
2019-08-08,-0.00368911,85.5723,1,0.044571,240.707150,0.00548669,60.2233,1,0.047041,279.519099
2019-08-09,-0.00560483,85.0118,1,0.041263,244.608780,0.00670318,60.8936,0,0.000000,0.000000
2019-08-12,0.00706494,85.7183,1,0.041416,239.983820,0.01278440,62.1721,1,0.035200,261.778546
2019-08-13,-0.00063806,85.6545,1,0.035946,220.997830,-0.00424602,61.7474,1,0.038432,299.735120
2019-08-14,-0.00399960,85.2545,1,0.046960,282.145600,0.01850694,63.5981,0,0.000000,0.000000
2019-08-15,-0.00373989,84.8805,1,0.039289,220.389940,0.01372786,64.9709,0,0.000000,0.000000
2019-08-16,0.00567894,85.4484,1,0.039016,202.354160,-0.01852922,63.1180,1,0.057692,280.480925
2019-08-19,-0.00399395,85.0490,1,0.051595,243.817490,-0.02270759,60.8472,0,0.000000,0.000000
2019-08-20,-0.00878265,84.1708,1,0.033675,203.064500,0.00211170,61.0584,0,0.000000,0.000000
2019-08-21,0.00709732,84.8805,1,0.045368,200.045510,-0.00014091,61.0443,0,0.000000,0.000000
2019-08-22,0.00013948,84.8944,1,0.045852,261.498320,0.01336862,62.3812,0,0.000000,0.000000
2019-08-23,-0.01179601,83.7148,1,0.043411,241.295180,0.00831006,63.2122,1,0.061194,306.561668
2019-08-26,-0.00012713,83.7021,1,0.047573,317.223430,0.00435787,63.6480,0,0.000000,0.000000
2019-08-27,0.00287526,83.9896,1,0.051974,242.198480,0.00456703,64.1047,0,0.000000,0.000000
2019-08-28,0.01056769,85.0464,1,0.046441,260.784200,-0.01887822,62.2169,1,0.046902,278.266584
2019-08-29,-0.01361275,83.6851,1,0.043725,241.250630,0.00697004,62.9139,1,0.065326,401.000820
2019-08-30,0.00851024,84.5362,1,0.031106,183.673910,0.00766411,63.6803,0,0.000000,0.000000
2019-09-03,-0.00523518,84.0127,1,0.025728,162.150410,-0.00542758,63.1375,1,0.040508,284.118644
2019-09-04,0.00683015,84.6957,1,0.055835,280.093630,-0.00269549,62.8680,1,0.050529,299.516210
2019-09-05,-0.00078312,84.6174,1,0.031892,202.380250,0.01724191,64.5922,1,0.046859,322.108780
2019-09-06,-0.00035654,84.5817,1,0.023394,143.869740,0.00669973,65.2621,1,0.037317,242.902690
2019-09-09,-0.00861789,83.7199,1,0.041699,181.037780,0.01056671,66.3188,1,0.047709,281.110810
2019-09-10,0.00123920,83.8438,1,0.031440,163.613610,0.03413020,69.7318,1,0.052600,302.045740
2019-09-11,-0.00671918,83.1719,1,0.026988,182.418600,0.00364912,70.0967,1,0.033088,223.339460
2019-09-12,0.00182827,83.3547,1,0.019823,122.099190,-0.00232483,69.8643,1,0.051993,301.997600
2019-09-13,0.00617684,83.9724,1,0.047106,221.536870,-0.01119337,68.7449,1,0.055657,341.151490
2019-09-16,-0.02311779,81.6606,1,0.052489,280.551290,0.02584321,71.3292,1,0.062319,360.261220
2019-09-17,-0.01254763,80.4059,1,0.042393,263.715950,-0.01082406,70.2468,1,0.039076,263.795720
2019-09-18,0.00347459,80.7533,1,0.021001,143.133570,0.00623398,70.8702,1,0.060342,320.014690
2019-09-19,0.00550394,81.3037,1,0.044416,220.042700,-0.01505245,69.3650,1,0.053095,260.479480
2019-09-20,0.01440374,82.7441,1,0.043556,181.215170,0.01004156,70.3691,1,0.077384,340.660170
2019-09-23,0.00564756,83.3089,1,0.035484,161.376830,-0.00208598,70.1605,1,0.046178,241.379400
2019-09-24,-0.01098307,82.2106,1,0.031707,180.786840,-0.01000153,69.1604,1,0.055343,300.512360
2019-09-25,0.00360137,82.5707,1,0.029523,200.684940,-0.00568480,68.5919,1,0.072150,358.871430
2019-09-26,0.00978543,83.5492,1,0.027057,201.310400,-0.00924319,67.6676,1,0.048749,341.389650
2019-09-27,-0.00274661,83.2746,1,0.041811,241.220200,-0.00383309,67.2843,1,0.064729,360.330550
2019-09-30,0.00758411,84.0330,1,0.029019,201.394390,-0.00876037,66.4082,1,0.050647,320.683680
2019-10-01,0.00333962,84.3670,1,0.028118,202.281290,-0.00490109,65.9181,0,0.000000,0.000000
2019-10-02,-0.00444579,83.9224,1,0.040869,240.742140,0.00621353,66.5395,1,0.065887,341.373931
2019-10-03,0.00757413,84.6798,1,0.036087,219.668910,-0.00189914,66.3496,0,0.000000,0.000000
2019-10-04,-0.00779138,83.9006,1,0.064878,281.055000,-0.00782651,65.5669,1,0.065251,298.306826
2019-10-07,0.00411523,84.3122,1,0.040747,221.086600,0.00854272,66.4212,0,0.000000,0.000000
2019-10-08,-0.01080255,83.2319,1,0.053195,259.194470,0.01754471,68.1757,1,0.046449,241.424719
2019-10-09,0.00603182,83.8351,1,0.058418,278.493860,0.00025363,68.2010,0,0.000000,0.000000
2019-10-10,0.00849824,84.6849,1,0.063956,281.581320,-0.00410224,67.7908,0,0.000000,0.000000
2019-10-11,-0.00416484,84.2684,1,0.032404,181.784000,0.01357939,69.1487,1,0.051441,320.175690
2019-10-14,0.00940937,85.2094,1,0.036603,145.167340,0.00236830,69.3856,1,0.044780,264.272180
2019-10-15,0.00691955,85.9013,1,0.045125,259.992780,0.00645280,70.0309,1,0.047590,300.027530
2019-10-16,-0.01498075,84.4033,1,0.021405,162.017220,-0.00517688,69.5132,1,0.043418,281.329810
2019-10-17,0.00994963,85.3982,1,0.030857,220.526130,-0.00860395,68.6528,1,0.037205,300.664450
2019-10-18,0.01101367,86.4996,1,0.041343,261.139300,0.00415407,69.0682,1,0.035813,281.287690
2019-10-21,0.00469131,86.9687,1,0.031129,201.298890,-0.00058266,69.0099,1,0.041996,281.102900
2019-10-22,-0.01267544,85.7012,1,0.029394,221.307900,0.00916136,69.9260,1,0.028944,281.023950
2019-10-23,0.00226513,85.9277,1,0.024737,102.214570,-0.00138676,69.7874,1,0.045976,281.239560
2019-10-24,-0.00802477,85.1252,1,0.022657,142.555310,0.00579484,70.3669,1,0.034146,261.867540
2019-10-25,-0.00604677,84.5205,1,0.033527,242.503060,-0.02015393,68.3515,1,0.054863,302.617290
2019-10-28,-0.00532216,83.9883,1,0.038576,240.486510,0.00878315,69.2298,1,0.059265,358.990410
2019-10-29,0.00196945,84.1853,1,0.044325,280.847100,0.00016954,69.2467,1,0.046606,281.240560
2019-10-30,-0.01607998,82.5773,1,0.028848,261.070530,-0.02055696,67.1910,1,0.037526,321.278180
2019-10-31,0.00617484,83.1947,1,0.023586,162.054170,-0.01971315,65.2197,1,0.066165,380.420830
2019-11-01,0.01408287,84.6030,1,0.022323,160.197970,-0.00350311,64.8694,1,0.041831,339.183690
2019-11-04,-0.01395402,83.2076,1,0.034812,263.512290,0.03420544,68.2900,1,0.046996,343.697200
2019-11-05,-0.00932167,82.2755,1,0.023877,122.396470,0.00095068,68.3850,1,0.025622,183.082840
2019-11-06,0.00465775,82.7412,1,0.028935,160.665090,-0.00876225,67.5088,1,0.038285,300.131010
2019-11-07,0.00415134,83.1564,1,0.032316,181.344070,-0.02000957,65.5078,1,0.065447,340.555000
2019-11-08,-0.00662256,82.4941,1,0.030226,260.910170,-0.00433085,65.0748,1,0.046435,400.793330
2019-11-11,0.00143284,82.6374,1,0.033456,241.052350,-0.00374302,64.7005,1,0.038352,300.204850
2019-11-12,-0.00554248,82.0832,1,0.023628,180.950940,0.00430027,65.1305,1,0.047693,339.849610
2019-11-13,-0.00244320,81.8388,1,0.028230,181.462140,0.00433993,65.5645,1,0.045657,300.893640
2019-11-14,-0.00203322,81.6355,1,0.034582,221.029230,0.00139876,65.7043,1,0.041604,281.528630
2019-11-15,-0.01070855,80.5647,1,0.047445,221.194960,0.00327271,66.0316,1,0.057929,340.722880
2019-11-18,-0.00355129,80.2095,1,0.021189,221.638550,-0.00113979,65.9176,1,0.041679,321.757740
2019-11-19,0.01026822,81.2363,1,0.028878,220.845900,-0.00008284,65.9094,1,0.035994,301.370100
2019-11-20,-0.00621164,80.6152,1,0.033654,259.849320,-0.00240974,65.6684,1,0.036494,261.485450
2019-11-21,-0.01033587,79.5816,1,0.032127,201.643210,-0.00389488,65.2789,1,0.041018,262.011840
2019-11-22,0.00134098,79.7157,1,0.034882,220.664660,0.00341027,65.6199,1,0.047393,320.414650
2019-11-25,0.00053275,79.7690,1,0.027895,260.622700,-0.00748540,64.8714,1,0.036490,260.979620
2019-11-26,0.00802475,80.5714,1,0.025355,202.405510,-0.00471607,64.3998,1,0.055187,341.582270
2019-11-27,-0.00482912,80.0885,1,0.031182,202.135410,-0.00572868,63.8269,1,0.048098,301.732500
2019-11-29,-0.00132221,79.9563,1,0.038521,261.064030,-0.00393930,63.4330,1,0.059150,361.167690
2019-12-02,0.01003181,80.9595,1,0.042049,239.416380,0.00387565,63.8205,1,0.056155,259.563820
2019-12-03,0.01342217,82.3017,1,0.023083,141.829170,0.00158329,63.9789,1,0.055191,321.364760
2019-12-04,0.00024934,82.3266,1,0.024296,141.549340,-0.01036572,62.9423,1,0.038232,300.487560
2019-12-05,-0.00034393,82.2922,1,0.020343,182.065750,-0.00187724,62.7546,1,0.040654,342.451360
2019-12-06,-0.00298379,81.9939,1,0.012489,101.253230,-0.00754576,62.0000,1,0.064966,320.910950
2019-12-09,-0.00465485,81.5284,1,0.025735,181.574370,0.00466942,62.4669,1,0.059738,321.885710
2019-12-10,-0.00549353,80.9790,1,0.014383,101.327930,0.00049616,62.5166,1,0.039564,300.950260
2019-12-11,-0.00397460,80.5816,1,0.025450,140.826870,0.00675874,63.1924,1,0.054996,300.061660
2019-12-12,-0.00887089,79.6945,1,0.016519,121.450710,0.02374912,65.5673,1,0.046798,340.471810
2019-12-13,0.00330466,80.0249,1,0.023254,121.922490,-0.01360227,64.2071,1,0.046767,242.892050
2019-12-16,-0.00442963,79.5820,1,0.020343,162.032040,0.00126556,64.3337,1,0.053844,378.998780
2019-12-17,0.01121829,80.7038,1,0.038741,241.611260,-0.01199173,63.1345,0,0.000000,0.000000
2019-12-18,-0.00188175,80.5156,1,0.042125,261.278370,-0.00298175,62.8363,1,0.070645,363.267095
2019-12-19,0.00044930,80.5606,1,0.044620,221.992930,-0.00380712,62.4556,1,0.063302,321.104610
2019-12-20,-0.00721697,79.8389,1,0.030267,241.298430,-0.01050098,61.4055,1,0.053818,321.221970
2019-12-23,-0.00110399,79.7285,1,0.032709,222.050490,-0.02744820,58.6607,1,0.033820,321.470720
2019-12-24,0.00317458,80.0459,1,0.043322,280.384090,-0.00729906,57.9308,1,0.066286,401.410820
2019-12-26,-0.00399678,79.6463,1,0.062008,260.285720,-0.01061401,56.8694,1,0.081811,380.050500
2019-12-27,0.00154111,79.8004,1,0.023899,180.796130,-0.00340612,56.5288,1,0.047992,359.987670
2019-12-30,0.00905781,80.7061,1,0.016829,120.613610,-0.00531977,55.9968,1,0.041497,320.313640
2019-12-31,-0.00126429,80.5797,1,0.035109,240.429210,-0.00551811,55.4450,1,0.051511,360.087440
