date,model_ret,model_equity,model_rebalanced,model_cost,model_traded,naive_ret,naive_equity,naive_rebalanced,naive_cost,naive_traded
2015-01-02,0.00050730,100.0507,1,0.045780,200.000000,0.00000000,100.0000,0,0.000000,0.000000
2015-01-05,-0.01056555,98.9942,1,0.034525,260.167270,0.00264532,100.2645,1,0.030678,200.000000
2015-01-06,-0.00965310,98.0289,1,0.031450,199.435250,0.00844747,101.1093,0,0.000000,0.000000
2015-01-07,-0.00239923,97.7889,1,0.038263,260.021640,0.00377312,101.4866,1,0.054938,277.881956
2015-01-08,0.00073592,97.8625,1,0.039898,224.345600,0.00694799,102.1814,0,0.000000,0.000000
2015-01-09,-0.00414259,97.4483,1,0.037489,224.131670,0.00466151,102.6475,0,0.000000,0.000000
2015-01-12,-0.00901984,96.5463,1,0.033604,239.604790,0.00944889,103.5924,1,0.032891,245.620763
2015-01-13,0.00909698,97.4560,1,0.033072,220.723680,0.00890589,104.4830,1,0.044391,260.819140
2015-01-14,-0.00458101,96.9979,1,0.041281,281.636590,0.00629021,105.1120,1,0.036039,241.261900
2015-01-15,0.00760338,97.7582,1,0.019622,162.101980,0.00871963,105.9840,1,0.046707,301.677900
2015-01-16,0.00193129,97.9514,1,0.018081,142.332460,-0.00049348,105.9347,1,0.040628,279.754950
2015-01-20,0.00059309,98.0107,1,0.026541,223.120550,0.01088070,107.0227,0,0.000000,0.000000
2015-01-21,-0.00216462,97.7942,1,0.023302,200.655910,-0.00274564,106.7482,1,0.029324,243.646038
2015-01-22,0.01067367,98.8616,1,0.030923,221.935040,-0.01114100,105.6341,1,0.031720,261.803720
2015-01-23,-0.00507768,98.3538,1,0.048118,323.287110,-0.00152932,105.4811,0,0.000000,0.000000
2015-01-26,-0.00056968,98.2968,1,0.045778,280.014610,-0.00081012,105.4001,1,0.041352,301.527565
2015-01-27,0.00015911,98.3127,1,0.044859,321.432870,-0.00361717,105.0384,0,0.000000,0.000000
2015-01-28,0.00615954,98.9287,1,0.031676,200.258550,-0.00180149,104.8583,1,0.050569,361.561775
2015-01-29,-0.00910766,98.0179,1,0.045796,259.720790,0.00907414,105.7657,0,0.000000,0.000000
2015-01-30,0.00198003,98.2159,1,0.045607,280.115490,-0.00598953,105.1667,1,0.041773,341.017549
2015-02-02,-0.00349411,97.8665,1,0.041521,219.675690,0.00174922,105.3416,0,0.000000,0.000000
2015-02-03,-0.00302748,97.5638,1,0.029818,223.389590,0.01095936,106.4376,1,0.043934,298.447597
2015-02-04,0.00852139,98.4159,1,0.030931,243.310530,-0.00409789,106.0278,1,0.041049,303.100890
2015-02-05,-0.00226346,98.1896,1,0.027516,221.166170,-0.01214449,104.8133,1,0.037189,319.605560
2015-02-06,-0.00066917,98.1227,1,0.027657,202.549750,0.01066483,105.8798,0,0.000000,0.000000
2015-02-09,0.00598904,98.7216,1,0.030296,220.316100,0.00588575,106.4684,1,0.053155,303.288245
2015-02-10,0.01065742,99.7873,1,0.027238,180.014220,-0.00557277,105.9111,1,0.043327,299.756550
2015-02-11,0.00829729,100.6170,1,0.039021,221.887640,0.00911752,106.8229,0,0.000000,0.000000
2015-02-12,-0.00240400,100.3766,1,0.042260,239.955910,0.00646314,107.4692,1,0.038426,262.300159
2015-02-13,-0.00853286,99.5233,1,0.051276,242.484300,0.01059480,108.5287,0,0.000000,0.000000
2015-02-17,-0.00170837,99.3525,1,0.029367,240.431050,-0.00121705,108.4070,1,0.038645,284.367697
2015-02-18,0.00715630,100.0681,1,0.024440,181.269370,-0.00656857,107.7501,1,0.050987,339.778700
2015-02-19,0.00415870,100.4840,1,0.043500,261.340510,-0.00584054,107.1660,1,0.056934,321.206250
2015-02-20,-0.00764823,99.7192,1,0.033983,240.480570,0.00764820,107.9309,1,0.056160,359.551960
2015-02-23,0.00123503,99.8427,1,0.029317,241.380700,-0.01094511,106.8364,0,0.000000,0.000000
2015-02-24,0.00143107,99.9858,1,0.028583,220.887000,-0.00771728,106.0646,1,0.051518,362.996687
2015-02-25,0.00487109,100.4729,1,0.025841,181.770650,-0.01461830,104.6028,1,0.050510,340.300570
2015-02-26,-0.00753899,99.7190,1,0.041769,279.859710,-0.00316748,104.2860,1,0.061328,340.840920
2015-02-27,0.00643656,100.3627,1,0.024714,160.877230,-0.00647222,103.6388,1,0.038592,320.121900
2015-03-02,-0.00766102,99.5966,1,0.028822,201.685630,-0.00495875,103.1430,1,0.056285,321.151970
2015-03-03,0.00137038,99.7336,1,0.034122,201.032620,-0.00608848,102.5341,1,0.053658,301.694390
2015-03-04,-0.00164632,99.5690,1,0.029712,200.252840,-0.00753324,101.7808,1,0.044154,320.295410
2015-03-05,0.00218703,99.7877,1,0.029397,220.355660,-0.00956408,100.8244,0,0.000000,0.000000
2015-03-06,-0.00159327,99.6283,1,0.040487,261.964540,0.00312910,101.1373,1,0.049100,340.246540
2015-03-09,-0.00063797,99.5645,1,0.040147,317.917540,0.00144383,101.2817,0,0.000000,0.000000
2015-03-10,-0.00002248,99.5623,1,0.054018,340.348010,-0.00344976,100.9367,1,0.044766,300.298405
2015-03-11,0.00021079,99.5834,1,0.047461,278.771330,0.01015597,101.9523,0,0.000000,0.000000
2015-03-12,-0.00932505,98.6509,1,0.046235,240.804320,-0.00002203,101.9501,1,0.042263,280.041609
2015-03-13,-0.00179006,98.4719,1,0.022016,202.371310,0.00429318,102.3794,0,0.000000,0.000000
2015-03-16,0.00233323,98.7052,1,0.028397,220.241050,-0.00358613,102.0208,1,0.042003,301.657909
2015-03-17,-0.00209863,98.4953,1,0.041533,242.186340,0.00627867,102.6487,0,0.000000,0.000000
2015-03-18,-0.00240479,98.2548,1,0.035549,220.366690,-0.00758864,101.8898,1,0.042224,262.191022
2015-03-19,0.01607423,99.8623,1,0.032307,203.423750,0.00820332,102.7101,0,0.000000,0.000000
2015-03-20,0.00584907,100.4472,1,0.022203,220.684730,-0.00750351,101.9598,1,0.040761,262.417980
2015-03-23,-0.00558888,99.8883,1,0.033818,281.224390,0.00003813,101.9636,0,0.000000,0.000000
2015-03-24,0.00456713,100.3450,1,0.028917,240.914030,-0.00186034,101.7776,1,0.031244,280.555053
2015-03-25,0.00890578,101.2356,1,0.026802,180.605430,0.01026556,102.8041,1,0.045494,299.648450
2015-03-26,-0.00177086,101.0585,1,0.024786,199.257760,-0.00752095,102.0520,0,0.000000,0.000000
2015-03-27,-0.00013967,101.0445,1,0.040287,239.924400,-0.00644732,101.4073,1,0.051252,357.053642
2015-03-30,0.00112678,101.1572,1,0.031552,181.251160,-0.00277231,101.1300,1,0.046201,302.181600
2015-03-31,-0.00438746,100.7185,1,0.028806,182.182790,0.00126756,101.2568,0,0.000000,0.000000
2015-04-01,0.00730372,101.4488,1,0.029958,219.894100,0.00325908,101.5827,1,0.043402,282.266107
2015-04-02,-0.00145999,101.3028,1,0.028989,200.321290,0.00023129,101.6058,1,0.037151,300.019370
2015-04-06,0.00780176,102.0830,1,0.034114,261.830390,0.00862557,102.4684,1,0.036963,281.164220
2015-04-07,0.00189234,102.2722,1,0.039836,282.662310,-0.00576677,101.8917,1,0.042537,262.038420
2015-04-08,0.00503909,102.7761,1,0.048131,319.002890,0.00031384,101.9231,1,0.052016,319.697540
2015-04-09,0.01575039,104.3512,1,0.038971,280.955760,0.00669778,102.5929,1,0.046642,281.789480
2015-04-10,-0.00275551,104.0756,1,0.028431,222.685630,0.00067957,102.6608,1,0.038563,282.343820
2015-04-13,0.01066554,105.1422,1,0.045496,280.762480,0.00177061,102.8379,1,0.042249,301.130440
2015-04-14,0.00164203,105.3064,1,0.036887,201.247330,-0.00314186,102.5237,0,0.000000,0.000000
2015-04-15,-0.00533507,104.7729,1,0.038577,201.134770,0.00700619,103.2243,1,0.041511,320.085046
2015-04-16,0.00376960,105.1498,1,0.027880,181.479550,-0.00554298,102.6700,1,0.037578,261.789450
2015-04-17,0.00672042,105.8219,1,0.028578,239.576380,-0.00120552,102.5495,1,0.041652,299.608120
2015-04-20,0.00016566,105.8385,1,0.036474,259.601900,-0.00228736,102.3207,0,0.000000,0.000000
2015-04-21,-0.00218245,105.6202,1,0.034325,261.992360,0.00831833,103.1526,0,0.000000,0.000000
2015-04-22,-0.00335278,105.2849,1,0.025458,181.309320,-0.00839711,102.3129,1,0.029371,260.933393
2015-04-23,0.00094702,105.3796,1,0.016328,121.119880,0.00066328,102.3792,1,0.045522,319.806600
2015-04-24,0.00467394,105.8470,1,0.024426,181.171670,-0.00747652,101.6315,1,0.051452,300.784310
2015-04-27,0.00914321,106.7613,1,0.024319,220.333020,-0.00707350,100.9242,1,0.056830,359.723700
2015-04-28,0.00206404,106.9677,1,0.034466,239.053840,0.00129085,101.0533,1,0.046125,359.018560
2015-04-29,-0.02458904,104.5088,1,0.037744,241.592190,0.00976818,102.0301,0,0.000000,0.000000
2015-04-30,-0.00302672,104.2062,1,0.024072,199.045920,-0.00433137,101.5970,1,0.046597,280.986848
2015-05-01,0.00352558,104.5587,1,0.027172,179.781640,0.00193536,101.7905,1,0.043584,319.625820
2015-05-04,-0.00201119,104.3576,1,0.044799,222.146370,-0.00822787,100.9677,0,0.000000,0.000000
2015-05-05,-0.00226807,104.1308,1,0.029657,221.511040,0.00386601,101.3543,0,0.000000,0.000000
2015-05-06,-0.00449762,103.6810,1,0.037742,277.930990,-0.00175588,101.1787,0,0.000000,0.000000
2015-05-07,-0.00067193,103.6138,1,0.042153,319.764880,0.00858775,102.0375,1,0.036365,301.217091
2015-05-08,0.00712016,104.3259,1,0.019174,121.498180,0.00446713,102.4842,1,0.032907,261.556740
2015-05-11,0.00032002,104.3579,1,0.026428,203.347330,-0.00136503,102.3477,0,0.000000,0.000000
2015-05-12,-0.00941117,103.4167,1,0.041127,279.296810,0.00197795,102.5455,1,0.041805,281.478376
2015-05-13,-0.01020973,102.3958,1,0.030613,200.334630,-0.00585851,101.9597,1,0.041051,280.645980
2015-05-14,-0.00598942,101.7968,1,0.032952,219.106240,-0.00153263,101.8064,1,0.038523,300.497140
2015-05-15,-0.00793118,101.0037,1,0.051318,282.513470,-0.00973984,100.8324,0,0.000000,0.000000
2015-05-18,-0.00219606,100.7841,1,0.034096,200.594600,-0.00418491,100.4139,1,0.061081,362.732584
2015-05-19,-0.00617987,100.1661,1,0.040427,260.599830,0.00606485,101.0204,1,0.054815,340.904810
2015-05-20,0.00306441,100.4726,1,0.025989,181.253100,0.00258882,101.2793,1,0.032098,260.965700
2015-05-21,0.00303674,100.7762,1,0.029886,200.537230,-0.00456675,100.8226,1,0.051695,320.348400
2015-05-22,0.00147212,100.9235,1,0.043248,240.152400,-0.00033571,100.7890,1,0.055001,340.279340
2015-05-26,-0.00354202,100.5692,1,0.033492,240.462260,0.00135601,100.9246,1,0.036749,280.199530
2015-05-27,0.00160323,100.7296,1,0.023667,160.069090,0.00028489,100.9531,0,0.000000,0.000000
2015-05-28,-0.00303197,100.4264,1,0.019967,181.145030,0.00183388,101.1365,0,0.000000,0.000000
2015-05-29,-0.00186754,100.2396,1,0.020004,140.790970,0.00310358,101.4469,1,0.038682,260.912523
2015-06-01,0.00132148,100.3718,1,0.033932,239.061730,0.00193929,101.6408,1,0.043581,280.620400
2015-06-02,0.00730231,101.1020,1,0.046069,320.643460,-0.00866320,100.7745,1,0.046920,320.669130
2015-06-03,-0.00341948,100.7601,0,0.000000,0.000000,0.02060691,102.8352,1,0.039869,300.078600
2015-06-04,-0.00773584,99.9865,1,0.035304,201.404371,0.00277526,103.1127,1,0.027664,161.830100
2015-06-05,0.00792506,100.7790,1,0.034514,240.006120,0.01586129,104.6988,0,0.000000,0.000000
2015-06-08,-0.00659680,100.1193,1,0.045870,299.276560,-0.00412650,104.2862,1,0.027150,181.567323
2015-06-09,-0.00011357,100.1079,1,0.040477,259.146950,0.00593402,104.8796,0,0.000000,0.000000
2015-06-10,0.00402392,100.5103,1,0.040958,260.156760,-0.00802504,104.0771,1,0.033784,239.933166
2015-06-11,0.00061246,100.5716,1,0.037904,202.001970,-0.00845049,103.2320,0,0.000000,0.000000
2015-06-12,-0.00085954,100.4856,1,0.033574,200.644710,-0.00623417,102.6086,1,0.053937,362.197248
2015-06-15,-0.00352027,100.1336,1,0.044637,259.956800,0.00212463,102.8211,1,0.061777,359.493860
2015-06-16,-0.00511933,99.6217,1,0.032893,239.438590,0.00193048,103.0141,1,0.044532,280.209040
2015-06-17,0.00849735,100.4714,1,0.030925,241.329600,-0.00002094,103.0120,0,0.000000,0.000000
2015-06-18,-0.00303699,100.1677,1,0.042839,261.398720,0.00702167,103.7142,1,0.053023,341.855039
2015-06-19,-0.00230211,99.9375,1,0.029291,222.222860,-0.00888507,102.8257,0,0.000000,0.000000
2015-06-22,-0.00150287,99.7872,1,0.033997,279.681840,0.00084387,102.9101,1,0.044443,361.260286
2015-06-23,0.00539729,100.3269,1,0.039051,241.458770,0.00627981,103.5381,1,0.047199,301.542510
2015-06-24,-0.01051668,99.2753,1,0.023858,220.828780,0.00650779,104.1888,1,0.035641,240.404120
2015-06-25,0.00154146,99.4294,1,0.025904,180.433330,-0.00363371,103.8255,0,0.000000,0.000000
2015-06-26,-0.01199452,98.2300,1,0.029482,180.314910,0.00624891,104.4504,1,0.061989,358.797231
2015-06-29,-0.00996799,97.2332,1,0.024629,181.307010,0.00043976,104.4943,1,0.035054,261.601840
2015-06-30,0.00444613,97.6778,1,0.044197,316.647710,-0.00228939,104.2654,0,0.000000,0.000000
2015-07-01,-0.00773145,96.9046,1,0.054975,360.918570,-0.00281744,103.9836,1,0.038504,279.390211
2015-07-02,-0.00153615,96.7510,1,0.027695,182.388810,-0.00223679,103.7600,1,0.045499,341.948600
2015-07-06,-0.00883814,95.8672,1,0.023694,181.183680,0.00092010,103.8520,1,0.047270,360.674720
2015-07-07,0.00517222,96.3844,1,0.033478,240.300940,0.00969100,104.8211,1,0.050430,339.783860
2015-07-08,-0.00083886,96.3005,1,0.030756,182.208000,0.00516566,105.3376,0,0.000000,0.000000
2015-07-09,-0.00395549,95.9050,1,0.033449,259.131890,0.00466000,105.8036,0,0.000000,0.000000
2015-07-10,-0.00706707,95.1983,1,0.044637,320.760340,0.00067220,105.8709,1,0.035470,241.533252
2015-07-13,0.00587569,95.7858,1,0.029441,201.887310,0.01020386,106.8912,0,0.000000,0.000000
2015-07-14,-0.00150795,95.6351,1,0.039445,261.614490,-0.00071425,106.8198,0,0.000000,0.000000
2015-07-15,0.01205463,96.8405,1,0.030747,241.270530,-0.00855870,105.9640,1,0.054490,344.138811
2015-07-16,-0.00560533,96.2800,1,0.041983,280.049210,0.01568103,107.5321,1,0.061207,339.335660
2015-07-17,-0.01047916,95.2321,1,0.044946,301.148150,0.00471951,108.0040,1,0.024619,182.226770
2015-07-20,0.00500562,95.7326,1,0.028418,219.289630,0.00664562,108.6686,0,0.000000,0.000000
2015-07-21,0.00361101,96.0937,1,0.032749,220.242920,-0.00173234,108.4953,1,0.046124,260.518791
2015-07-22,-0.00808147,95.2856,1,0.032597,200.788470,0.00130960,108.6263,1,0.044870,339.801030
2015-07-23,0.01299757,96.5853,1,0.021203,121.839190,-0.01310145,107.3161,1,0.052415,300.904310
2015-07-24,-0.00837606,95.7477,1,0.041946,260.202320,-0.01452740,105.8634,1,0.079320,399.932750
2015-07-27,0.00214629,95.9624,0,0.000000,0.000000,0.00311541,106.1749,1,0.064999,377.964640
2015-07-28,0.00183199,96.1456,0,0.000000,0.000000,0.00174819,106.3498,1,0.053921,320.453740
2015-07-29,0.00419198,96.5648,1,0.047082,260.356177,0.00252452,106.6022,0,0.000000,0.000000
2015-07-30,0.01171873,97.7366,1,0.033017,241.412140,-0.00425901,106.1763,0,0.000000,0.000000
2015-07-31,0.00235055,97.9717,1,0.033295,222.558670,0.00784186,106.9605,1,0.055614,343.874642
2015-08-03,-0.00709475,97.2622,1,0.034915,200.942490,0.00063103,107.0236,1,0.038187,221.458400
2015-08-04,0.00824037,98.0862,1,0.033923,200.426500,-0.00333331,106.6903,1,0.048811,280.531850
2015-08-05,0.00674268,98.7605,1,0.040372,280.628140,-0.00334920,106.3554,1,0.040850,320.813820
2015-08-06,0.00245522,99.0060,1,0.051588,302.365160,-0.01310695,105.0447,1,0.054855,361.214990
2015-08-07,-0.00179493,98.8265,1,0.056453,340.075670,0.00021982,105.0666,1,0.052498,319.663580
2015-08-10,0.01539304,100.3658,1,0.044076,300.248920,-0.01504283,103.5624,1,0.040753,320.401880
2015-08-11,-0.00277287,100.0886,1,0.032537,242.515400,-0.01478029,102.0843,1,0.046449,362.543590
2015-08-12,0.00717457,100.8060,1,0.023383,199.524830,0.00071350,102.1557,1,0.049910,359.259840
2015-08-13,0.00506104,101.3121,1,0.044716,262.413900,-0.00249048,101.9066,1,0.040688,302.396740
2015-08-14,-0.00534620,100.7775,1,0.045350,240.745700,0.00221291,102.1279,1,0.045289,300.239540
2015-08-17,-0.00303414,100.4741,1,0.030434,181.726530,-0.00179521,101.9484,1,0.041051,281.644500
2015-08-18,-0.00718145,99.7559,1,0.021035,141.330320,-0.00584169,101.3642,0,0.000000,0.000000
2015-08-19,-0.01249608,98.5063,1,0.031758,220.235370,-0.00635534,100.7287,1,0.054564,361.642557
2015-08-20,-0.01491583,97.0148,1,0.032203,219.578690,0.02471205,103.1999,1,0.051015,338.966510
2015-08-21,-0.00305258,96.7095,1,0.039828,238.805440,0.01452630,104.6525,0,0.000000,0.000000
2015-08-24,-0.00624183,96.0853,1,0.035203,199.709030,0.00629376,105.2819,0,0.000000,0.000000
2015-08-25,0.01394398,97.4797,0,0.000000,0.000000,-0.01192363,104.0896,0,0.000000,0.000000
2015-08-26,-0.00441512,97.0382,1,0.042942,217.704344,-0.00359619,103.7299,0,0.000000,0.000000
2015-08-27,0.00923243,97.9614,1,0.042237,206.090130,-0.01507499,102.2224,0,0.000000,0.000000
2015-08-28,-0.00999162,96.9623,1,0.026102,205.650000,-0.01244153,100.9783,0,0.000000,0.000000
2015-08-31,-0.00753970,96.2083,1,0.030660,201.469420,0.00299345,101.2776,1,0.062275,335.552299
2015-09-01,0.00364676,96.5730,1,0.032004,200.194990,-0.00429071,100.8486,1,0.043321,279.916800
2015-09-02,-0.00368844,96.2041,0,0.000000,0.000000,-0.00323253,100.5253,0,0.000000,0.000000
2015-09-03,0.00785683,96.9898,1,0.057997,259.764512,0.00788273,101.3136,0,0.000000,0.000000
2015-09-04,-0.00040987,96.9488,1,0.048847,242.197820,-0.00051369,101.2622,0,0.000000,0.000000
2015-09-08,-0.01046576,95.9023,1,0.040006,238.938960,0.00060096,101.3223,0,0.000000,0.000000
2015-09-09,-0.00179491,95.7228,1,0.041241,284.954630,-0.00763398,100.5589,0,0.000000,0.000000
2015-09-10,-0.00966286,94.7565,1,0.046226,278.225230,-0.00338738,100.2202,0,0.000000,0.000000
2015-09-11,-0.01402589,93.3539,1,0.045719,280.838140,0.01958311,102.1785,1,0.051889,339.271178
2015-09-14,-0.00224763,93.1291,1,0.029043,202.022910,-0.00305548,101.8729,1,0.033518,242.557860
2015-09-15,0.00174960,93.3041,1,0.032060,200.403500,0.00617140,102.4901,1,0.067070,359.826930
2015-09-16,0.01173750,94.4778,1,0.027200,182.098440,0.00828051,103.3181,0,0.000000,0.000000
2015-09-17,0.00233775,94.7116,1,0.040555,262.589050,0.00082035,103.4002,0,0.000000,0.000000
2015-09-18,-0.01186978,93.5246,1,0.029988,200.615510,0.01996218,105.3964,1,0.052932,304.251251
2015-09-21,0.00407691,93.9323,1,0.036389,259.437470,-0.00156467,105.2399,0,0.000000,0.000000
2015-09-22,-0.00506905,93.4254,1,0.046055,261.778520,0.00399230,105.6391,1,0.051020,319.632248
2015-09-23,-0.00014908,93.4105,1,0.029458,239.436230,0.01585375,107.2245,0,0.000000,0.000000
2015-09-24,-0.00038446,93.3721,1,0.040116,260.529330,0.00330228,107.5547,1,0.035252,261.215983
2015-09-25,-0.01193709,92.1784,1,0.049429,260.326550,0.00938101,108.4928,1,0.037199,300.602100
2015-09-28,0.00285174,92.4635,1,0.029246,201.425520,0.02064309,110.5571,1,0.047671,321.040300
2015-09-29,0.00432862,92.8964,1,0.043658,299.066580,-0.00686682,109.8705,0,0.000000,0.000000
2015-09-30,-0.01243255,91.6531,1,0.042755,281.297280,0.01462696,111.3332,1,0.060894,338.474481
2015-10-01,-0.01687584,89.9656,1,0.032434,164.848420,0.01722633,113.0558,0,0.000000,0.000000
2015-10-02,0.01482138,91.4477,1,0.039262,181.096090,-0.01355578,111.7002,1,0.044938,266.537456
2015-10-05,0.01165235,92.6129,1,0.041895,246.484680,-0.00318456,111.3818,0,0.000000,0.000000
2015-10-06,0.00353965,92.9669,1,0.030495,204.733030,-0.00779160,110.6026,0,0.000000,0.000000
2015-10-07,0.00742185,93.7091,1,0.028755,202.827000,0.01281355,111.8840,1,0.065355,329.170229
2015-10-08,-0.01210829,92.4983,1,0.055259,302.271380,0.01966798,113.8508,0,0.000000,0.000000
2015-10-09,-0.00037505,92.4607,1,0.035065,203.533230,0.00059994,113.9107,0,0.000000,0.000000
2015-10-12,0.01403545,93.8643,1,0.035195,259.322200,0.00249735,114.1605,1,0.056645,346.132839
2015-10-13,-0.00405321,93.4590,1,0.033161,261.128300,-0.00217196,113.9433,1,0.045186,321.306500
2015-10-14,0.00203089,93.6621,1,0.039331,259.108740,0.00146790,114.0901,0,0.000000,0.000000
2015-10-15,0.00660754,94.3228,1,0.023066,161.718860,0.01794308,115.8844,1,0.041682,278.673684
2015-10-16,0.00242091,94.5649,1,0.049619,323.505800,-0.01752226,114.1322,0,0.000000,0.000000
2015-10-19,0.00257101,94.8220,1,0.038589,259.979430,0.01156240,115.2884,1,0.056800,363.445287
2015-10-20,0.00853913,95.6759,1,0.039277,280.200410,-0.00651187,114.6372,1,0.035677,281.943120
2015-10-21,-0.00077155,95.5988,1,0.052295,320.561230,0.00556475,115.1937,1,0.058105,320.614030
2015-10-22,0.00844583,96.4433,1,0.040117,260.052180,-0.00299227,114.8945,1,0.042447,240.466720
2015-10-23,0.00071884,96.5152,1,0.037186,264.634100,-0.00679353,114.2151,0,0.000000,0.000000
2015-10-26,-0.00065757,96.4495,1,0.050797,301.263650,-0.00602312,113.6128,1,0.057162,345.383578
2015-10-27,-0.00138321,96.3112,1,0.024361,160.050660,0.01529220,115.1420,1,0.062370,340.405990
2015-10-28,-0.00357820,95.9533,1,0.035930,240.385160,-0.00927448,114.2146,1,0.048128,281.178690
2015-10-29,0.00662806,96.6161,0,0.000000,0.000000,0.00529570,114.7441,1,0.052270,323.412200
2015-10-30,0.01245967,97.8621,1,0.041723,243.290083,-0.00733520,114.0106,1,0.046250,300.583360
2015-11-02,-0.00475700,97.3864,1,0.043010,241.528370,-0.00684469,113.3261,1,0.047919,320.006810
2015-11-03,-0.00619498,96.7669,1,0.026608,223.531950,0.01013208,114.3394,0,0.000000,0.000000
2015-11-04,-0.00693523,96.0734,1,0.036563,260.534670,-0.01357971,112.9814,1,0.040891,264.150417
2015-11-05,-0.01343779,94.7296,1,0.030139,240.205760,0.00181469,113.1629,1,0.055491,379.346120
2015-11-06,-0.02887035,91.8426,1,0.036755,241.838700,-0.00183643,112.9792,1,0.045423,300.617060
2015-11-09,-0.00948151,90.8944,1,0.025161,120.794420,-0.03489904,109.4893,1,0.050814,340.846020
2015-11-10,0.00509920,91.4043,1,0.043910,278.424790,-0.00843961,108.6453,0,0.000000,0.000000
2015-11-11,-0.00625921,90.7784,1,0.047581,261.907130,0.02018880,110.6642,1,0.050230,341.474760
2015-11-12,0.00023819,90.8022,1,0.030381,201.124920,0.00265406,110.9296,1,0.037554,262.250570
2015-11-13,-0.01097405,89.7048,1,0.036565,239.332900,0.00511802,111.4414,0,0.000000,0.000000
2015-11-16,-0.00478873,89.2260,0,0.000000,0.000000,-0.00006409,111.4350,1,0.046779,279.643452
2015-11-17,-0.00154116,89.0718,1,0.052766,300.941035,0.00739722,112.1747,0,0.000000,0.000000
2015-11-18,0.00948252,90.0201,1,0.034808,220.531990,-0.00205725,111.9690,1,0.047025,262.100573
2015-11-19,0.00057648,90.0777,1,0.030502,243.590880,0.00333587,112.3026,0,0.000000,0.000000
2015-11-20,-0.00049795,90.0280,1,0.036455,240.693070,0.00016386,112.3190,1,0.049254,323.411169
2015-11-23,0.00968831,90.9968,1,0.032269,220.914840,-0.01313417,111.0056,1,0.044157,320.790160
2015-11-24,0.00040792,91.0376,1,0.035458,282.071060,-0.00115562,110.8900,1,0.041972,342.692180
2015-11-25,-0.00143026,90.8945,1,0.031596,202.322570,-0.00528717,110.3613,1,0.046937,301.352910
2015-11-27,-0.00785661,90.1089,1,0.036551,201.645970,0.00505994,110.8673,1,0.046806,281.277980
2015-11-30,-0.00045868,90.0630,1,0.050158,200.955430,-0.01480931,109.3864,0,0.000000,0.000000
2015-12-01,0.00360398,90.4234,1,0.030172,199.649530,0.00522660,109.9090,1,0.052080,379.430487
2015-12-02,-0.00156945,90.2665,1,0.037325,282.365310,-0.00513736,109.3953,1,0.036036,262.514500
2015-12-03,-0.00974209,89.2923,1,0.032969,259.703520,-0.00350295,109.0450,0,0.000000,0.000000
2015-12-04,0.00354353,89.6466,1,0.048557,277.566480,0.00388200,109.4332,0,0.000000,0.000000
2015-12-07,-0.01231416,88.4152,1,0.037306,283.505370,-0.00283455,109.1497,0,0.000000,0.000000
2015-12-08,-0.00408561,88.0066,1,0.034241,219.664410,0.01124201,110.2739,1,0.048799,337.934186
2015-12-09,-0.00413177,87.5935,1,0.036067,200.030620,-0.01631517,108.6424,1,0.035527,281.352860
2015-12-10,0.01152008,88.7455,1,0.037662,220.830750,-0.01360869,107.2815,1,0.048979,340.563610
2015-12-11,-0.00726025,88.0194,1,0.042525,240.963330,-0.00941914,106.3396,1,0.054044,340.312070
2015-12-14,0.00578681,88.5981,1,0.048989,297.456620,-0.00317082,106.0226,1,0.051742,339.135130
2015-12-15,0.01300143,89.8983,1,0.054217,300.316170,-0.00306618,105.7159,1,0.046358,301.182760
2015-12-16,-0.01059381,88.8389,1,0.056011,282.917640,0.00016407,105.7323,0,0.000000,0.000000
2015-12-17,-0.01111879,87.7270,1,0.050709,223.806090,0.00142118,105.8745,0,0.000000,0.000000
2015-12-18,-0.00044637,87.6824,1,0.034537,259.467850,0.01485966,107.3604,0,0.000000,0.000000
2015-12-21,-0.00326695,87.3557,1,0.040335,258.957540,0.00430031,107.7905,0,0.000000,0.000000
2015-12-22,-0.00289060,87.0666,1,0.037060,261.769200,0.00655381,108.4458,1,0.037779,282.435030
2015-12-23,0.00472031,87.5386,1,0.039729,261.634560,-0.01398896,107.0469,0,0.000000,0.000000
2015-12-24,-0.00099332,87.4393,1,0.040552,202.959860,0.00588177,107.6351,0,0.000000,0.000000
2015-12-28,0.00017963,87.4573,1,0.052687,239.805200,-0.00337227,107.2979,1,0.062657,284.721881
2015-12-29,-0.00367191,87.0901,1,0.038301,240.384890,-0.00445750,106.8521,1,0.063410,320.847150
2015-12-30,-0.00132104,86.9580,1,0.015104,121.902470,0.00122981,106.9751,0,0.000000,0.000000
2015-12-31,0.00235721,87.1937,1,0.033029,200.114040,-0.00668702,106.3064,0,0.000000,0.000000
2016-01-04,-0.00731052,86.4627,1,0.049352,279.305810,-0.01300862,105.0056,0,0.000000,0.000000
2016-01-05,0.00881656,87.3443,1,0.040604,219.411120,0.00819539,105.8251,0,0.000000,0.000000
2016-01-06,0.01653678,88.9980,1,0.032522,181.996300,0.01663225,107.4883,1,0.051595,278.494155
2016-01-07,0.00097712,89.0957,1,0.031358,202.257440,0.00816589,108.3049,0,0.000000,0.000000
2016-01-08,-0.00155387,88.9403,1,0.035377,260.423290,-0.00720896,107.5840,0,0.000000,0.000000
2016-01-11,-0.00707121,88.2332,1,0.039331,259.607230,-0.00316489,107.2675,1,0.055109,353.626329
2016-01-12,0.00581810,88.8150,1,0.030230,201.008050,0.00562751,107.8303,1,0.048039,299.720780
2016-01-13,-0.00420671,88.3943,1,0.034891,241.768160,0.00361155,108.1914,1,0.044465,261.706610
2016-01-14,0.00216788,88.6111,1,0.058692,279.660420,0.00627076,108.8185,0,0.000000,0.000000
2016-01-15,-0.00509221,88.1019,1,0.053241,322.980500,-0.03403266,105.4152,1,0.058406,319.248634
2016-01-19,0.01204893,89.3068,1,0.039977,277.454440,-0.01015515,104.3997,0,0.000000,0.000000
2016-01-20,-0.00095734,89.2111,1,0.032974,222.803950,-0.01062474,103.3373,1,0.047294,318.510362
2016-01-21,-0.00836224,88.3748,1,0.044844,300.691940,0.00942046,104.2793,1,0.061184,340.089620
2016-01-22,0.01091821,89.4667,1,0.036259,282.080620,0.00752369,105.0317,1,0.049161,282.471290
2016-01-25,0.00181614,89.6483,1,0.037046,245.839340,-0.01631600,103.4001,0,0.000000,0.000000
2016-01-26,-0.01315599,88.3327,1,0.042669,259.928200,-0.00413494,102.9866,1,0.064324,381.382560
2016-01-27,0.00280192,88.6129,1,0.057638,263.740290,-0.01237346,101.7492,0,0.000000,0.000000
2016-01-28,-0.01011995,87.6009,1,0.038345,221.047050,0.01874337,103.6236,1,0.070583,381.280323
2016-01-29,0.00547459,88.1483,1,0.042521,221.002930,-0.00170172,103.4534,1,0.048182,263.529120
2016-02-01,0.00332187,88.4805,1,0.048063,326.645580,-0.00954864,102.4985,0,0.000000,0.000000
2016-02-02,-0.00764616,87.7159,1,0.023606,161.724510,0.00904680,103.4032,1,0.065380,367.939149
2016-02-03,-0.00544534,87.1714,1,0.038334,182.078830,-0.00021740,103.3815,0,0.000000,0.000000
2016-02-04,0.00177388,87.3487,1,0.041542,243.825800,0.00280911,103.6624,1,0.068569,319.368853
2016-02-05,-0.01375534,85.9732,1,0.027094,181.396470,-0.00461279,103.2011,1,0.046499,261.742200
2016-02-08,-0.00606542,85.3667,1,0.041112,259.749580,0.03845808,107.0469,1,0.046252,319.555960
2016-02-09,0.00626490,85.9932,1,0.027910,241.402650,0.00369794,107.4167,1,0.018426,162.870220
2016-02-10,0.00712609,86.7058,1,0.028721,223.187020,0.00411258,107.8280,1,0.038542,302.780720
2016-02-11,-0.00017179,86.6886,1,0.038019,201.843770,0.00443034,108.2710,1,0.050156,262.237080
2016-02-12,-0.02265337,84.4233,1,0.060887,239.348780,-0.00709928,107.5611,0,0.000000,0.000000
2016-02-16,-0.00296320,84.1269,1,0.037470,204.944530,-0.00055644,107.5054,0,0.000000,0.000000
2016-02-17,0.01458874,85.5858,1,0.026686,165.289350,0.00195939,107.7014,0,0.000000,0.000000
2016-02-18,0.00990190,86.5760,1,0.038470,223.823720,0.00136966,107.8383,0,0.000000,0.000000
2016-02-19,0.00928190,87.5042,1,0.021120,182.370800,0.00479602,108.3179,1,0.048818,328.943156
2016-02-22,-0.00948971,86.5552,1,0.026881,161.399030,-0.01619939,106.6980,1,0.057259,301.139400
2016-02-23,0.01104920,87.6601,1,0.038600,203.357950,-0.00057649,106.6403,0,0.000000,0.000000
2016-02-24,-0.00038002,87.6221,1,0.041682,240.627180,-0.00222929,106.4174,1,0.057659,322.724341
2016-02-25,-0.00406069,87.2161,1,0.050719,281.245380,-0.00987455,105.4300,1,0.054835,343.018250
2016-02-26,0.00175146,87.3912,1,0.030624,262.410250,-0.00341265,105.0887,0,0.000000,0.000000
2016-02-29,-0.00326580,87.0646,1,0.041720,262.192330,-0.01424115,103.6646,1,0.058365,342.747998
2016-03-01,-0.00975343,86.0893,1,0.038223,279.471520,-0.01899577,101.7650,1,0.058287,378.481290
2016-03-02,0.00710096,86.7994,1,0.051314,324.223060,-0.01003365,100.7616,0,0.000000,0.000000
2016-03-03,-0.00636859,86.1625,1,0.018979,162.573730,0.01164430,101.9261,1,0.055530,346.825325
2016-03-04,-0.00801924,85.3606,1,0.017354,141.747660,0.00716403,102.6425,0,0.000000,0.000000
2016-03-07,-0.01042795,84.3178,1,0.025225,161.444930,0.00908857,103.5513,1,0.042853,284.149919
2016-03-08,0.00888445,85.2063,1,0.020595,202.274830,-0.01278211,102.2731,1,0.037271,302.311690
2016-03-09,0.00671383,85.8776,1,0.038017,259.226160,0.01061909,103.3350,1,0.052301,318.253740
2016-03-10,0.00205218,86.0829,1,0.032162,201.535880,-0.00799138,102.5359,1,0.038628,301.759770
2016-03-11,0.00498804,86.5817,1,0.019966,141.679380,-0.00786596,101.7493,1,0.061446,321.252290
2016-03-14,0.00147203,86.7289,1,0.035307,224.983910,0.00151630,101.9009,0,0.000000,0.000000
2016-03-15,0.01536904,88.2658,1,0.022526,200.102610,0.01635105,103.5360,1,0.039345,263.204531
2016-03-16,-0.00419878,87.8459,1,0.026738,141.655190,-0.00351939,103.1841,1,0.045039,221.345950
2016-03-17,0.00501374,88.3473,1,0.049156,242.868540,-0.00187462,102.9966,0,0.000000,0.000000
2016-03-18,0.00061450,88.4087,1,0.025110,182.291150,-0.01508772,101.4879,0,0.000000,0.000000
2016-03-21,0.00264699,88.6734,1,0.029081,201.788500,0.00347672,101.8355,1,0.058988,364.839754
2016-03-22,-0.00591307,88.0821,1,0.024997,180.790220,-0.00147961,101.6876,1,0.046571,300.796400
2016-03-23,0.01180435,89.2625,1,0.026675,200.553830,-0.00785544,100.9020,1,0.037934,280.907070
2016-03-24,-0.00980898,88.2816,1,0.039888,240.592090,-0.01121849,99.7802,1,0.044039,319.170450
2016-03-28,0.00410960,88.6926,1,0.046640,240.543290,-0.00912333,98.8678,1,0.057973,361.079750
2016-03-29,-0.00156757,88.5358,1,0.024667,220.840520,-0.00010217,98.8576,1,0.047527,360.466800
2016-03-30,0.00199261,88.7351,1,0.027749,163.554150,-0.00138995,98.7186,0,0.000000,0.000000
2016-03-31,-0.00273231,88.4619,1,0.025331,160.446250,-0.01546235,97.1724,1,0.045375,322.345346
2016-04-01,0.00604631,89.0665,1,0.027399,161.927740,-0.01184160,95.9882,1,0.052690,340.601760
2016-04-04,-0.00122161,88.9443,1,0.024021,182.044210,0.00019780,96.0080,1,0.053310,360.643410
2016-04-05,-0.00788783,88.1556,1,0.017273,140.368380,-0.00608837,95.3992,1,0.036517,279.807690
2016-04-06,-0.00289662,87.8659,1,0.030082,221.069570,0.00026241,95.4254,0,0.000000,0.000000
2016-04-07,-0.01657780,86.2081,1,0.024390,183.563000,-0.01298957,94.1265,0,0.000000,0.000000
2016-04-08,-0.00197817,86.0103,1,0.034327,220.911590,-0.00789704,93.3368,0,0.000000,0.000000
2016-04-11,0.00271056,86.2814,1,0.021004,181.875690,0.00452700,93.7895,1,0.049050,341.252541
2016-04-12,-0.00625073,85.6563,1,0.039453,180.678320,0.00241072,94.0305,1,0.046548,240.509630
2016-04-13,-0.00278683,85.3776,1,0.032953,241.883760,0.00466181,94.4967,1,0.044269,302.460980
2016-04-14,-0.00097715,85.2799,1,0.018395,163.109130,0.01127370,95.6241,1,0.036280,322.310730
2016-04-15,-0.00421955,84.8579,1,0.020365,200.271520,-0.00174179,95.4499,1,0.030539,240.886650
2016-04-18,-0.00817314,84.0406,1,0.021534,181.807670,-0.00378587,95.0713,1,0.035297,321.580520
2016-04-19,-0.01092626,82.9480,1,0.023706,221.582040,0.00376057,95.4474,0,0.000000,0.000000
2016-04-20,-0.00937726,82.0103,1,0.011756,121.655880,-0.00543463,94.9039,1,0.027543,262.400952
2016-04-21,0.00225115,82.2354,1,0.014865,141.641370,0.01103007,96.0069,1,0.046673,360.429220
2016-04-22,-0.00057803,82.1776,1,0.026273,200.522160,-0.00316726,95.6902,1,0.044626,319.313720
2016-04-25,0.00878697,83.0563,1,0.025803,201.905210,-0.01085243,94.6049,1,0.039753,341.397240
2016-04-26,0.00430047,83.4863,1,0.021713,201.490060,-0.01233183,93.3718,1,0.051973,380.162070
2016-04-27,-0.00426088,83.0602,1,0.016288,141.711700,0.01565607,94.9374,1,0.046783,361.879630
2016-04-28,0.01443942,84.5042,1,0.020118,201.849540,-0.01823940,93.1134,1,0.056260,301.939710
2016-04-29,-0.00278136,84.2260,1,0.012526,142.035920,0.01082031,94.1955,1,0.053689,359.741020
2016-05-02,-0.00319588,83.9065,1,0.028108,200.571010,-0.00785168,93.4103,1,0.040238,240.705660
2016-05-03,0.00040659,83.9471,1,0.021011,182.448960,-0.00168801,93.2415,0,0.000000,0.000000
2016-05-04,0.01439901,85.3870,1,0.029399,179.670150,0.01018811,94.2603,0,0.000000,0.000000
2016-05-05,-0.00254758,85.1323,1,0.025698,182.312220,-0.00720264,93.5400,1,0.041894,281.789877
2016-05-06,-0.00001722,85.1305,1,0.018032,122.065280,-0.00002863,93.5372,1,0.045233,321.684670
2016-05-09,0.00292385,85.4229,1,0.019675,181.541230,-0.00549780,92.9874,1,0.041110,281.338390
2016-05-10,-0.00552693,84.8702,1,0.022673,201.860340,-0.01340726,91.6467,1,0.043966,321.932470
2016-05-11,0.00187174,85.0574,1,0.023696,182.690220,-0.01874054,89.7726,0,0.000000,0.000000
2016-05-12,-0.00051849,85.0056,1,0.028689,219.918070,0.00225174,89.9978,0,0.000000,0.000000
2016-05-13,0.00298490,85.3040,1,0.027860,181.595980,-0.00187548,89.8102,1,0.049468,323.480751
2016-05-16,0.00038906,85.3429,1,0.031834,219.735690,0.00932453,90.7427,1,0.044877,319.561660
2016-05-17,0.00322448,85.6654,1,0.025162,182.115920,0.00582192,91.3249,1,0.035778,262.768750
2016-05-18,-0.00652252,85.0131,1,0.022572,141.161490,0.01111933,92.4368,0,0.000000,0.000000
2016-05-19,-0.00869765,84.1434,1,0.027495,182.128540,-0.01004130,91.4327,1,0.043610,299.195729
2016-05-20,0.00214551,84.3579,1,0.029349,220.923430,-0.00769674,90.6630,1,0.057234,380.145680
2016-05-23,-0.00123586,84.2343,1,0.028156,201.690640,-0.00346655,90.3164,1,0.044015,341.408540
2016-05-24,0.01685526,85.9199,1,0.024054,180.918770,0.01270220,91.5866,1,0.042810,320.589940
2016-05-25,0.00012398,85.9323,1,0.039552,224.372280,0.01400144,92.9867,0,0.000000,0.000000
2016-05-26,0.00605900,86.5382,1,0.030540,161.817150,-0.01347630,91.6391,1,0.039000,245.403532
2016-05-27,0.00059699,86.5979,1,0.025761,161.363960,-0.00976900,90.6622,1,0.053810,380.276770
2016-05-31,0.00598440,87.1963,1,0.021870,162.278160,-0.00447913,90.2143,1,0.060353,401.530290
2016-06-01,-0.00058141,87.1382,1,0.020171,160.553730,-0.00440268,89.7740,1,0.048948,359.748960
2016-06-02,-0.00030394,87.1078,1,0.034174,221.154010,0.00051737,89.8258,1,0.048543,360.694200
2016-06-03,0.01137303,88.2451,1,0.022887,161.297560,-0.00253116,89.5726,0,0.000000,0.000000
2016-06-06,0.00020938,88.2660,1,0.028012,201.347310,0.00180298,89.7529,1,0.055112,321.004329
2016-06-07,0.00560500,88.8265,1,0.032170,201.357750,0.00422993,90.1759,1,0.040307,281.755450
2016-06-08,0.00546561,89.3731,1,0.018489,201.968450,-0.00894711,89.2812,1,0.039601,281.127180
2016-06-09,0.01668176,91.0413,1,0.016494,161.568470,-0.00391717,88.8895,1,0.045887,320.483830
2016-06-10,0.00293969,91.3352,1,0.030791,262.050890,0.01468916,90.3584,1,0.034274,300.018150
2016-06-13,0.00319375,91.6546,1,0.019665,201.361940,0.00193309,90.5517,1,0.026531,180.990630
2016-06-14,-0.00673855,90.9807,1,0.028305,160.273180,-0.00085837,90.4659,0,0.000000,0.000000
2016-06-15,-0.00481127,90.4996,1,0.024267,201.086270,-0.00805310,89.6606,1,0.033590,300.048735
2016-06-16,0.00405700,90.9053,1,0.028880,220.982620,-0.00359176,89.3014,1,0.048936,380.026760
2016-06-17,0.00411757,91.3171,1,0.018923,181.481180,-0.00689389,88.6120,1,0.047699,360.799440
2016-06-20,0.00736129,92.0532,1,0.036201,261.729580,-0.00608798,88.0032,1,0.048358,380.822950
2016-06-21,-0.00042556,92.0106,1,0.028726,221.450310,-0.00255590,87.7476,1,0.046740,361.425460
2016-06-22,0.00087563,92.0982,1,0.018647,161.144170,-0.00548203,87.1994,1,0.037893,320.784710
2016-06-23,-0.00112451,91.9858,1,0.014331,160.721210,-0.00092626,87.1068,1,0.042936,320.418290
2016-06-24,0.01650978,93.6367,1,0.036422,242.979080,0.00467107,87.5739,0,0.000000,0.000000
2016-06-27,0.03971628,97.6084,1,0.031642,199.853880,0.00315804,87.8897,0,0.000000,0.000000
2016-06-28,-0.00557843,97.0505,1,0.017943,204.428510,-0.03309293,84.5804,1,0.035753,319.279267
2016-06-29,0.00382210,97.4327,1,0.060700,364.494720,-0.02274735,82.3057,0,0.000000,0.000000
2016-06-30,-0.00555647,96.8771,1,0.018307,164.173050,0.01301961,83.6076,0,0.000000,0.000000
2016-07-01,0.00910256,97.7873,1,0.020684,162.878400,-0.01323078,82.2846,0,0.000000,0.000000
2016-07-05,-0.00056117,97.7312,1,0.024087,221.063040,-0.02306288,79.9783,1,0.048248,369.564563
2016-07-06,-0.00771091,96.9601,1,0.024311,221.663050,-0.01212228,78.7660,1,0.045408,379.064840
2016-07-07,-0.00047092,96.9130,1,0.033732,281.540520,0.00424783,79.1908,1,0.058147,400.764120
2016-07-08,0.00379202,97.2922,1,0.022488,180.626200,0.00952251,80.1431,1,0.033299,280.699050
2016-07-11,0.00244944,97.5372,1,0.015166,144.164090,-0.00057276,80.0858,0,0.000000,0.000000
2016-07-12,0.00193187,97.7304,1,0.029303,201.572490,0.01694084,81.7799,1,0.038756,324.670183
2016-07-13,-0.00437723,97.2926,1,0.010243,82.717450,-0.01423566,80.3563,1,0.029736,242.245740
2016-07-14,-0.00520917,96.7717,1,0.014457,161.105960,-0.00326181,80.0301,1,0.052511,400.031530
2016-07-15,0.00124654,96.8964,1,0.023936,180.506820,-0.00327944,79.7022,1,0.046184,320.194530
2016-07-18,-0.00143553,96.7528,1,0.015803,160.881830,-0.00182864,79.5193,1,0.040684,320.236420
2016-07-19,0.00502287,97.2551,1,0.033253,220.572950,-0.00606348,78.9130,1,0.047488,340.139520
2016-07-20,-0.00696851,96.5583,1,0.016531,200.561740,-0.00233898,78.6791,1,0.043218,340.068740
2016-07-21,-0.00304629,96.2536,1,0.023379,181.384540,0.00387295,79.0664,1,0.033035,281.533940
2016-07-22,0.00296386,96.5500,1,0.014954,200.175590,0.00616453,79.6828,1,0.026867,260.368210
2016-07-25,-0.00780882,95.7691,1,0.028602,221.838160,0.00820878,80.5037,0,0.000000,0.000000
2016-07-26,-0.01190104,94.5790,1,0.023714,179.902940,-0.01199658,79.3041,1,0.037598,282.192056
2016-07-27,0.00556890,95.1359,1,0.030920,260.948250,0.00584235,79.8883,1,0.041275,360.692380
2016-07-28,-0.01158500,93.9774,1,0.025990,180.397490,-0.00050548,79.8377,1,0.044958,299.458250
2016-07-29,0.00637110,94.6145,1,0.020980,220.518830,-0.00093285,79.7445,1,0.041605,321.398690
2016-08-01,-0.00713503,93.9010,1,0.022333,161.232870,-0.00756423,78.9880,1,0.031343,281.100800
2016-08-02,0.00651135,94.5522,1,0.026725,240.344790,0.00050198,79.0382,1,0.050802,319.694800
2016-08-03,0.00077361,94.6295,1,0.021229,180.650280,-0.01691946,77.3463,0,0.000000,0.000000
2016-08-04,-0.00645545,93.9840,1,0.022155,201.327030,-0.00777994,76.5683,1,0.059924,379.104816
2016-08-05,-0.00477886,93.5061,1,0.022846,220.028870,-0.00499205,76.0691,1,0.042695,340.071070
2016-08-08,-0.00521997,92.9841,1,0.028617,241.696940,-0.00403979,75.6651,1,0.045859,360.817950
2016-08-09,-0.01073449,91.9107,1,0.021669,180.586440,-0.00098176,75.5669,1,0.050296,340.452820
2016-08-10,0.01054651,92.9653,1,0.024129,221.294260,0.01089911,76.6568,1,0.035039,300.537420
2016-08-11,-0.01114661,91.8506,1,0.020131,161.298820,-0.00398182,76.2587,1,0.032392,241.597210
2016-08-12,-0.00176543,91.6741,1,0.018293,221.503010,-0.00110278,76.1484,1,0.040068,341.336370
2016-08-15,-0.00604331,91.0698,1,0.021181,221.022250,-0.02055179,74.0932,1,0.035839,320.422570
2016-08-16,0.00589454,91.6592,1,0.019456,161.644130,0.00877722,74.9709,1,0.051298,381.048300
2016-08-17,0.00435639,92.0949,1,0.018631,200.469450,-0.00484277,74.4866,0,0.000000,0.000000
2016-08-18,-0.00121585,91.9733,1,0.029165,240.820250,0.00679219,75.1659,1,0.044991,339.469025
2016-08-19,0.00424781,92.3981,1,0.032609,261.418560,-0.01323579,73.8423,0,0.000000,0.000000
2016-08-22,0.00987047,93.3851,1,0.020343,140.795350,-0.00323149,73.5191,1,0.047669,382.277723
2016-08-23,-0.00444440,92.9407,1,0.024880,221.116930,-0.00679470,72.8397,1,0.044450,320.319240
2016-08-24,0.00048111,92.9888,1,0.016439,141.827900,-0.00225224,72.6144,1,0.040284,299.841960
2016-08-25,0.00003985,92.9928,1,0.029335,220.004870,0.00003634,72.6181,1,0.046936,339.927660
2016-08-26,0.00291886,93.2846,1,0.018264,181.075700,0.00274376,72.8925,1,0.032734,280.459090
2016-08-29,0.00505630,93.7903,1,0.035930,299.967430,-0.00943666,71.9488,1,0.043516,320.257910
2016-08-30,0.00410803,94.2011,1,0.034627,261.357600,0.00212216,72.1610,0,0.000000,0.000000
2016-08-31,0.00281927,94.4830,1,0.032663,259.759470,-0.00154710,72.0063,1,0.029940,260.397856
2016-09-01,-0.00492498,93.9905,1,0.016768,161.620450,-0.00652089,71.3542,1,0.038329,340.846070
2016-09-02,0.00769955,94.7605,1,0.030485,240.885030,0.00045646,71.3999,1,0.034094,321.122160
2016-09-06,0.00718362,95.4788,1,0.030138,241.865960,0.00535175,71.9350,0,0.000000,0.000000
2016-09-07,-0.01159266,94.3196,1,0.029846,241.793740,-0.00185007,71.7500,1,0.033527,302.321861
2016-09-08,-0.01049512,93.2701,1,0.029092,241.644040,0.01053619,72.8036,1,0.038331,340.929860
2016-09-09,-0.00168884,93.1012,1,0.029384,240.657540,0.00760521,73.5642,1,0.037439,319.791910
2016-09-12,-0.00930166,92.1710,1,0.022586,218.962920,0.00346367,73.9105,0,0.000000,0.000000
2016-09-13,0.00006690,92.1777,1,0.042530,342.930180,0.00268013,74.1785,0,0.000000,0.000000
2016-09-14,-0.00917189,91.2605,1,0.035419,297.870840,0.00402592,74.5811,0,0.000000,0.000000
2016-09-15,-0.00134370,91.1261,1,0.024020,220.326570,-0.00716705,73.8644,1,0.034385,278.627539
2016-09-16,-0.00070827,91.0553,1,0.024307,222.780930,0.00431946,74.2964,0,0.000000,0.000000
2016-09-19,-0.00253419,90.8019,1,0.029339,260.378100,0.00396632,74.6930,1,0.036148,302.493151
2016-09-20,0.00236482,91.0384,1,0.026698,221.175020,0.00257659,74.9507,1,0.035731,321.565880
2016-09-21,0.00255203,91.2936,1,0.027057,180.623140,-0.00012239,74.9384,1,0.031449,300.156650
2016-09-22,0.00282159,91.5757,1,0.026191,243.562780,0.00245952,75.1844,0,0.000000,0.000000
2016-09-23,-0.00620464,90.9553,1,0.024754,222.041930,0.00075529,75.2599,0,0.000000,0.000000
2016-09-26,-0.00017074,90.9382,1,0.017584,141.022410,0.00978692,76.2386,1,0.027478,303.887579
2016-09-27,0.00034428,90.9726,1,0.014982,101.244430,-0.01385213,74.8534,1,0.039313,279.856790
2016-09-28,-0.00367403,90.6052,1,0.028493,201.309350,-0.00231645,74.6217,1,0.046165,360.108080
2016-09-29,-0.00187074,90.4181,1,0.020304,202.784210,0.00278686,74.9004,1,0.036484,321.728620
2016-09-30,0.00620632,91.0388,1,0.029458,220.223270,-0.00020704,74.8797,0,0.000000,0.000000
2016-10-03,0.00876588,91.9154,1,0.032602,239.898690,0.00302081,75.1818,1,0.034189,300.184352
2016-10-04,0.00714461,92.6298,1,0.024789,221.137450,0.00714203,75.8960,1,0.025597,241.087570
2016-10-05,-0.00124768,92.5051,1,0.021678,160.401790,0.01978556,77.8746,0,0.000000,0.000000
2016-10-06,0.00266531,92.7716,1,0.035119,261.412610,0.00203192,78.0778,1,0.025508,202.601595
2016-10-07,0.00513361,93.2849,1,0.023239,201.022690,-0.01111942,76.9658,1,0.037922,301.041800
2016-10-10,0.00448893,93.7338,1,0.015287,180.084780,-0.00540402,76.4254,1,0.042562,358.691340
2016-10-11,-0.00130297,93.6035,1,0.014927,142.235340,-0.00559082,75.8663,0,0.000000,0.000000
2016-10-12,0.00290970,93.8945,1,0.018000,160.488130,-0.00487489,75.3788,0,0.000000,0.000000
2016-10-13,0.00265424,94.1599,1,0.026776,181.495770,0.01861811,77.2406,1,0.047719,360.567122
2016-10-14,-0.00902220,93.2577,1,0.019490,180.902400,-0.00619799,76.6209,1,0.027969,221.113190
2016-10-17,-0.00222380,93.0353,1,0.032730,279.557710,0.00109503,76.7304,1,0.049767,359.901430
2016-10-18,-0.00144977,92.8904,1,0.030507,240.722690,-0.00041601,76.6888,1,0.039111,300.151230
2016-10-19,0.00259980,93.1503,1,0.027370,201.362190,-0.00702963,75.9858,0,0.000000,0.000000
2016-10-20,-0.00706646,92.4437,1,0.019456,181.528610,0.00123527,76.1093,1,0.036793,362.535625
2016-10-21,-0.00556708,91.8870,1,0.027158,220.177790,0.00388613,76.4979,1,0.043227,319.615500
2016-10-24,-0.00313978,91.5730,1,0.018078,160.445690,0.00095035,76.5930,1,0.030225,260.460620
2016-10-25,0.00796141,92.3691,1,0.023509,161.337260,-0.01439909,75.1531,1,0.036319,300.885920
2016-10-26,0.00543497,92.9126,1,0.019793,140.850610,-0.00454337,74.6987,1,0.031867,298.777350
2016-10-27,-0.01512855,91.3998,1,0.013045,141.511930,0.01367135,76.0659,1,0.038975,300.010830
2016-10-28,0.00779479,92.1793,1,0.021611,200.246270,-0.00932552,75.1333,1,0.028542,261.225110
2016-10-31,-0.00192404,91.9869,1,0.024984,201.483490,0.00427412,75.5607,1,0.051108,321.820350
2016-11-01,0.00814339,92.8012,1,0.021671,181.836900,-0.00922312,74.6384,1,0.036272,262.199940
2016-11-02,-0.00404218,92.3970,1,0.035758,240.696370,-0.00658445,73.9800,1,0.047655,359.461700
2016-11-03,0.01872722,94.2697,1,0.028118,199.851720,0.01799312,75.7793,1,0.043058,319.223510
2016-11-04,-0.00617067,93.6526,1,0.033667,221.752920,-0.00326538,75.4527,1,0.035688,241.707590
2016-11-07,0.00059951,93.7126,1,0.025189,222.263220,0.01216346,76.6691,1,0.033444,321.505470
2016-11-08,0.00454668,94.1673,1,0.017102,164.366880,-0.01429037,75.2400,0,0.000000,0.000000
2016-11-09,0.01329929,95.4972,1,0.025861,221.143470,-0.02619216,72.6208,1,0.046496,365.517566
2016-11-10,-0.01278888,94.2183,1,0.028078,262.265490,0.03906086,76.5269,1,0.050424,381.449400
2016-11-11,-0.01001021,93.2173,1,0.019321,182.886810,0.01167096,77.6940,1,0.024674,242.580450
2016-11-14,0.00648980,93.8663,1,0.021530,182.287280,0.02499756,80.1938,1,0.025884,261.791530
2016-11-15,-0.00601517,93.2647,1,0.025807,182.990010,-0.00969503,79.2243,1,0.032173,224.667600
2016-11-16,0.01864690,95.1294,1,0.019680,182.561290,0.00301202,79.5255,1,0.042588,342.410370
2016-11-17,-0.01181355,93.9481,1,0.031525,240.629410,-0.01064149,78.4613,1,0.040209,280.877570
2016-11-18,0.00337077,94.2852,1,0.021723,202.159810,-0.00116536,78.3448,1,0.047356,341.494980
2016-11-21,-0.01242916,93.0422,1,0.024446,220.489820,-0.01703687,76.6411,1,0.043477,319.680840
2016-11-22,-0.01061384,91.9809,1,0.025804,182.432970,-0.00437092,76.2040,1,0.040442,281.272450
2016-11-23,-0.00885293,91.0956,1,0.017273,182.798620,-0.00725007,75.4790,1,0.038577,341.941490
2016-11-25,0.01109922,92.2055,1,0.021758,181.586960,-0.01050969,74.4280,1,0.039609,360.281230
2016-11-28,0.00386246,92.5917,1,0.038964,222.174100,-0.02333490,72.0945,0,0.000000,0.000000
2016-11-29,0.01122198,93.7139,1,0.020032,181.684770,0.00635340,72.7299,1,0.047630,381.985876
2016-11-30,-0.01036377,92.6776,1,0.034417,261.706470,-0.03712168,69.0177,1,0.033338,261.247790
2016-12-01,0.01038078,93.7156,1,0.026212,241.824680,0.01857533,70.8752,1,0.046887,379.806430
2016-12-02,0.00204407,93.9200,1,0.023963,201.503970,-0.01039948,69.8353,1,0.033098,220.895760
2016-12-05,-0.00754527,93.1655,1,0.034647,261.243070,-0.00152060,69.6832,1,0.047950,381.068090
2016-12-06,-0.00780109,92.3854,1,0.019369,202.748560,0.00160054,69.8433,1,0.038076,322.296210
2016-12-07,0.00592923,92.9783,1,0.017787,161.354700,-0.00787603,69.0557,1,0.039453,321.717070
2016-12-08,0.01017184,93.9955,1,0.018036,163.914730,-0.00831151,68.2245,0,0.000000,0.000000
2016-12-09,0.00736822,94.7323,1,0.029858,221.565200,-0.00498463,67.7261,1,0.048623,343.427050
2016-12-12,0.00246960,94.9793,1,0.020590,201.019160,0.01258372,68.9844,1,0.038798,340.735880
2016-12-13,0.00704509,95.6838,1,0.022871,200.503610,-0.00431066,68.5534,1,0.023636,201.664530
2016-12-14,0.00403053,96.0869,1,0.022417,181.782340,-0.00099923,68.4534,1,0.037853,340.470850
2016-12-15,-0.00803423,95.2834,1,0.028873,238.695110,0.01183220,69.6367,1,0.051710,319.133310
2016-12-16,0.01633780,96.9172,1,0.017240,201.050330,-0.01157132,68.4795,1,0.017642,202.441130
2016-12-19,-0.00027643,96.8896,1,0.032903,261.542220,0.00168818,68.6484,1,0.043252,379.890050
2016-12-20,0.00482202,97.3718,1,0.023158,220.705440,0.00170004,68.8184,1,0.030016,261.001870
2016-12-21,-0.01277879,96.0939,1,0.018459,160.748340,-0.00891109,67.9272,1,0.038729,320.958940
2016-12-22,-0.01054741,95.0391,1,0.013361,140.282800,-0.00177447,67.7498,1,0.031887,280.422760
2016-12-23,0.00069941,95.1091,1,0.018679,199.823520,-0.00045509,67.7043,1,0.041149,340.322280
2016-12-27,0.00462731,95.5718,1,0.029319,221.005360,0.00004023,67.7083,1,0.027397,321.152320
2016-12-28,0.00132199,95.7040,1,0.025451,220.789310,0.00137035,67.8453,1,0.039895,340.818080
2016-12-29,0.00307671,96.0117,1,0.017069,180.494050,-0.00229251,67.6161,0,0.000000,0.000000
2016-12-30,0.00172339,96.1840,1,0.025871,201.329360,-0.00285126,67.3310,1,0.042306,339.591395
2017-01-03,0.00115942,96.3000,1,0.030138,220.244450,-0.00912363,66.4186,1,0.041063,359.907100
2017-01-04,0.00461771,96.7617,1,0.039939,281.725520,0.00524195,66.9428,1,0.044205,341.587080
2017-01-05,0.01067084,97.8288,1,0.029086,202.267050,0.00149037,67.0918,0,0.000000,0.000000
2017-01-06,0.00181227,98.0101,1,0.026633,220.740330,-0.00039297,67.0525,1,0.038217,322.211303
2017-01-09,-0.01106564,96.9035,1,0.021194,161.203040,0.00521447,67.5740,1,0.045553,321.655920
2017-01-10,-0.00587723,96.3158,1,0.021723,161.673030,0.01092202,68.6662,1,0.045788,320.210680
2017-01-11,0.00515453,96.8312,1,0.012687,102.102760,-0.01158753,67.5074,1,0.031213,261.597870
2017-01-12,-0.00720693,96.1105,1,0.023633,180.914700,-0.00202316,67.3051,1,0.043416,360.664300
2017-01-13,0.00487871,96.5984,1,0.022249,180.498860,-0.00267429,67.0377,1,0.040649,300.412540
2017-01-17,-0.00515243,96.0832,1,0.028993,240.467480,-0.01285346,65.7523,1,0.046406,340.780160
2017-01-18,0.00597893,96.6810,1,0.018727,141.591370,-0.00946170,64.8062,1,0.043720,360.233920
2017-01-19,-0.01316422,95.3646,0,0.000000,0.000000,0.00015956,64.8221,1,0.049304,381.069750
2017-01-20,-0.00342542,95.0221,1,0.032662,240.280315,0.00240301,65.0624,0,0.000000,0.000000
2017-01-23,-0.00187299,94.8348,1,0.023919,161.060440,-0.00461998,64.6004,1,0.035228,300.275504
2017-01-24,0.00769075,95.6039,1,0.014265,120.974020,-0.00174442,64.4260,1,0.035552,300.242870
2017-01-25,-0.00579581,95.0243,1,0.023501,181.844120,-0.00010750,64.4152,0,0.000000,0.000000
2017-01-26,-0.00196952,94.8273,1,0.018362,141.841800,-0.00863045,63.5522,1,0.036025,304.398630
2017-01-27,-0.00559617,94.2677,1,0.025937,240.402690,-0.00438504,63.1137,1,0.038734,360.005460
2017-01-30,0.00291353,94.5591,1,0.024867,181.374420,-0.00435772,62.6779,1,0.046302,340.594650
2017-01-31,0.00286063,94.8451,1,0.027837,199.274560,-0.00372093,62.3058,0,0.000000,0.000000
2017-02-01,-0.00236587,94.6085,1,0.017187,160.483200,0.00557852,62.8637,1,0.035788,319.497881
2017-02-02,-0.00439011,94.1695,1,0.021881,140.584240,-0.01373728,61.4900,1,0.041078,280.671280
2017-02-03,-0.00033194,94.1363,1,0.025084,160.967090,0.01350137,62.8401,1,0.042553,360.930870
2017-02-06,0.00028027,94.1644,1,0.026993,181.362370,-0.00671619,62.1685,0,0.000000,0.000000
2017-02-07,-0.00925295,93.2391,1,0.026895,219.797420,0.00121931,62.2904,1,0.035099,318.944216
2017-02-08,-0.00436199,92.8029,1,0.025219,180.642780,-0.01482586,60.8078,1,0.038536,321.537950
2017-02-09,0.01414082,94.2169,1,0.018388,142.937640,-0.00202944,60.6049,1,0.045874,342.702930
2017-02-10,0.00627618,94.8446,1,0.017242,162.293250,-0.00422601,60.1823,1,0.043961,342.154230
2017-02-13,-0.00241182,94.6034,1,0.025192,200.779000,-0.00152264,60.0300,1,0.042524,340.665460
2017-02-14,-0.00311485,94.2919,1,0.020705,220.856430,-0.00516986,59.5130,1,0.041826,340.552300
2017-02-15,-0.00256917,94.0350,1,0.018967,160.523660,-0.00416737,59.0963,1,0.032117,320.765780
2017-02-16,0.00157068,94.1920,1,0.020202,141.523150,-0.00794557,58.3017,1,0.038597,361.339640
2017-02-17,0.00968032,95.1601,1,0.012668,120.543530,0.01959059,60.2608,1,0.035651,360.488580
2017-02-21,0.00090031,95.2501,1,0.024769,221.559900,-0.01249230,59.0116,1,0.030770,242.414150
2017-02-22,0.00159429,95.4095,1,0.015231,181.478540,0.00188522,59.2001,0,0.000000,0.000000
2017-02-23,-0.00381124,95.0284,1,0.025944,219.817480,0.00778260,59.9783,1,0.032340,320.753787
2017-02-24,0.00427065,95.4555,1,0.021035,180.456520,0.00066387,60.0447,1,0.046913,301.036880
2017-02-27,0.01637175,97.0927,1,0.029875,221.423120,-0.00676023,59.3687,1,0.039553,281.966460
2017-02-28,-0.01403001,95.6897,1,0.020051,142.122530,-0.01191709,58.1770,1,0.049219,320.833350
2017-03-01,-0.00777233,94.9124,1,0.036393,279.995310,-0.01061693,57.1153,1,0.046933,359.838870
2017-03-02,0.01123013,96.0354,1,0.028557,242.677440,0.01203426,58.3187,0,0.000000,0.000000
2017-03-03,-0.00075551,95.9599,1,0.028741,200.919790,0.00082233,58.4010,1,0.026607,241.741053
2017-03-06,-0.00131970,95.8279,1,0.025520,180.765870,-0.00602518,57.7984,1,0.039508,320.671140
2017-03-07,0.00157642,95.9856,1,0.022728,219.427370,0.00407773,58.2062,0,0.000000,0.000000
2017-03-08,-0.00940013,95.0455,1,0.011093,140.329510,0.00150124,58.3563,1,0.034386,319.724440
2017-03-09,-0.00648715,94.3968,1,0.018825,141.267980,0.00200802,58.5571,1,0.031578,280.987310
2017-03-10,0.00160242,94.5571,1,0.020808,160.702270,0.01640783,60.1979,1,0.033787,280.499360
2017-03-13,0.00088830,94.6459,1,0.016560,161.450810,-0.00012153,60.1858,1,0.028673,242.497670
2017-03-14,0.00343525,94.9894,1,0.018835,141.447930,-0.00158020,60.0277,1,0.045960,340.259440
2017-03-15,0.00360879,95.3503,1,0.014351,139.963320,-0.00124306,59.9034,1,0.038796,359.648080
2017-03-16,-0.00013689,95.3366,1,0.019129,182.634990,0.00306567,60.2100,0,0.000000,0.000000
2017-03-17,-0.00138297,95.1983,1,0.023637,220.731320,0.00360561,60.5706,1,0.031499,302.874449
2017-03-20,-0.00172974,95.0253,1,0.019164,161.310780,-0.00389002,60.1816,1,0.037232,281.039400
2017-03-21,-0.00252269,94.7731,1,0.034909,219.990890,-0.00051093,60.1305,1,0.045923,320.288070
2017-03-22,0.00138841,94.9119,1,0.036089,180.969080,-0.00168384,59.9621,1,0.045964,339.769330
2017-03-23,0.00563067,95.4750,1,0.022373,200.878030,-0.00294277,59.6678,1,0.040887,340.891740
2017-03-24,0.00124123,95.5991,1,0.024007,219.946620,0.00060997,59.7288,1,0.038353,340.328550
2017-03-27,-0.00076041,95.5231,1,0.030461,239.988130,0.00137423,59.8662,1,0.035007,320.414170
2017-03-28,0.00733686,96.2568,1,0.028274,220.186120,-0.01341688,58.5245,1,0.038688,320.101770
2017-03-29,0.00034091,96.2908,1,0.027669,221.995920,0.00593493,59.1180,1,0.047697,362.379740
2017-03-30,0.00417731,96.7086,1,0.029129,241.057240,-0.00460264,58.6578,1,0.041524,321.193030
2017-03-31,-0.00319152,96.3894,1,0.029422,200.221840,-0.00002036,58.6557,1,0.043966,340.259540
2017-04-03,-0.00206877,96.1825,1,0.030897,220.338430,-0.00352885,58.3029,1,0.047325,340.777850
2017-04-04,-0.00555822,95.6267,1,0.020282,160.423040,0.00566505,58.8694,1,0.040775,340.410700
2017-04-05,-0.00269029,95.3577,1,0.036269,240.758860,0.00106917,58.9763,1,0.032963,241.304540
2017-04-06,-0.00069572,95.2881,1,0.021772,160.296020,-0.00121568,58.8547,1,0.040128,319.725300
2017-04-07,-0.00122710,95.1654,1,0.029250,221.090420,-0.00420050,58.4347,1,0.041870,360.922320
2017-04-10,0.00141994,95.3074,1,0.024586,240.911400,-0.00656484,57.7782,1,0.037324,339.985840
2017-04-11,0.00084689,95.3921,1,0.017751,160.829860,0.00081842,57.8600,1,0.032678,300.486560
2017-04-12,-0.00179268,95.2128,1,0.028718,240.766580,-0.00718556,57.1415,1,0.030776,280.525800
2017-04-13,0.00579124,95.7920,1,0.021056,199.939070,0.00551857,57.6933,1,0.043533,359.487080
2017-04-17,0.01460144,97.2521,1,0.028626,220.449620,-0.01481284,56.2120,0,0.000000,0.000000
2017-04-18,-0.01037384,96.2147,1,0.021844,203.282630,0.00630889,56.8429,0,0.000000,0.000000
2017-04-19,-0.00188446,96.0263,1,0.013716,120.654200,0.00059263,56.9022,1,0.036427,280.516698
2017-04-20,-0.00950582,95.0757,1,0.016622,180.166930,0.00126694,57.0289,1,0.034836,320.201070
2017-04-21,-0.00250489,94.8252,1,0.029669,221.253180,-0.00556025,56.4729,1,0.028445,260.869870
2017-04-24,-0.00207958,94.6172,1,0.028398,180.164660,-0.00275678,56.1972,1,0.047558,340.166420
2017-04-25,-0.00178313,94.4389,1,0.025663,201.820140,0.00273537,56.4707,0,0.000000,0.000000
2017-04-26,-0.01181433,93.2575,1,0.028163,200.562270,-0.00212890,56.2578,1,0.040760,302.626791
2017-04-27,0.00676913,93.9344,1,0.035597,181.496650,0.00871432,57.1293,1,0.060838,341.045110
2017-04-28,-0.00254597,93.6798,1,0.035097,219.897810,-0.01190969,55.9383,1,0.045319,321.579770
2017-05-01,0.00774622,94.4544,1,0.033738,241.921880,0.00316255,56.2545,1,0.042715,359.182890
2017-05-02,-0.01222966,93.2315,1,0.032356,220.533740,0.00222733,56.4773,1,0.032697,281.001870
2017-05-03,0.00596093,93.8276,1,0.023527,200.107730,0.00090907,56.5682,1,0.035593,320.619250
2017-05-04,0.00520282,94.3478,1,0.039408,280.095080,-0.01128684,55.4395,1,0.043134,319.733520
2017-05-05,0.00793250,95.1411,1,0.020130,181.153830,-0.01367332,54.0722,1,0.035622,361.361030
2017-05-08,0.00417628,95.5587,1,0.026542,180.939100,0.01038498,55.1107,1,0.052842,380.999970
2017-05-09,0.00464889,96.0236,1,0.022691,180.907370,-0.00650427,54.4602,1,0.030247,260.768080
2017-05-10,-0.00781606,95.2420,1,0.030456,241.123320,0.00071851,54.5321,1,0.029679,301.032860
2017-05-11,-0.00484536,94.7575,1,0.011636,101.486870,-0.00169314,54.3628,1,0.029954,300.791570
2017-05-12,0.00327007,95.0845,1,0.021393,180.118740,0.00293498,54.6563,1,0.035822,299.873700
2017-05-15,-0.00370468,94.7140,1,0.016728,119.829880,-0.00487515,54.1688,1,0.029295,260.570140
2017-05-16,-0.00735880,93.9781,1,0.017110,161.177020,0.00096751,54.2655,0,0.000000,0.000000
2017-05-17,0.00856901,94.8350,1,0.016289,141.047530,-0.02597864,51.6676,1,0.039854,321.514597
2017-05-18,-0.00580548,94.2545,1,0.022578,159.871410,0.00458846,52.1265,1,0.044864,378.088950
2017-05-19,-0.01864311,92.3902,1,0.024631,161.525530,0.01739974,53.8665,1,0.043896,341.631750
2017-05-22,-0.00105684,92.2845,1,0.022754,163.652380,0.00586994,54.4535,0,0.000000,0.000000
2017-05-23,0.00272630,92.5571,1,0.010950,102.160810,-0.00503090,53.9504,0,0.000000,0.000000
2017-05-24,0.00296269,92.8534,1,0.016921,140.971160,-0.00251810,53.6986,1,0.034540,305.142366
2017-05-25,-0.00225307,92.6281,1,0.021437,200.681690,0.00736211,54.4348,1,0.033899,300.791150
2017-05-26,0.01630926,94.2590,1,0.029714,180.081430,-0.02344977,52.0898,1,0.042887,301.682370
2017-05-30,-0.00013928,94.2451,1,0.029278,222.213860,0.00461594,52.5514,1,0.036766,361.738730
2017-05-31,-0.00425449,93.8196,1,0.026499,200.351630,0.01064417,53.6158,1,0.028633,260.515140
2017-06-01,-0.00105634,93.7140,1,0.033364,260.391590,-0.00005635,53.6102,1,0.019465,201.634290
2017-06-02,-0.00058388,93.6556,1,0.026638,202.283670,0.00615547,54.2257,0,0.000000,0.000000
2017-06-05,-0.00494364,93.1612,1,0.026904,200.914230,0.00118381,54.3441,1,0.033529,303.055164
2017-06-06,-0.00369475,92.7918,1,0.021725,179.980040,-0.00254156,54.0899,1,0.029466,300.279010
2017-06-07,-0.00310115,92.4816,1,0.022345,179.949390,-0.01009515,53.0804,1,0.037365,320.041690
2017-06-08,-0.00146741,92.3349,1,0.029151,220.842230,-0.00767688,52.3127,1,0.039458,300.037270
2017-06-09,0.01214681,93.5496,1,0.024209,181.655430,0.00247966,52.5607,1,0.044854,380.809530
2017-06-12,0.00788073,94.3377,1,0.035557,300.502930,0.00593522,53.1542,1,0.034208,300.972180
2017-06-13,-0.00226307,94.1114,1,0.023207,200.357830,-0.00261029,52.8932,1,0.032829,281.071630
2017-06-14,0.00943107,95.0545,1,0.026963,201.421740,-0.00304314,52.5889,0,0.000000,0.000000
2017-06-15,0.00277802,95.3323,1,0.025568,200.329950,0.01364585,53.9535,1,0.038925,381.448756
2017-06-16,0.00198687,95.5309,1,0.026933,180.838210,0.01433455,55.3869,1,0.034585,261.731270
2017-06-19,-0.00229968,95.3010,1,0.021618,180.294100,-0.00005800,55.3811,1,0.030550,281.592380
2017-06-20,0.00409870,95.7108,1,0.021150,181.657550,0.00163732,55.5449,1,0.028038,281.886830
2017-06-21,-0.00461555,95.2493,1,0.026675,239.571000,0.00890064,56.4349,1,0.029226,259.854470
2017-06-22,-0.00584038,94.6653,1,0.030458,240.443440,0.00546729,56.9816,1,0.032141,320.981250
2017-06-23,-0.00453097,94.2122,1,0.018377,160.604060,0.00143163,57.1248,1,0.028337,280.353170
2017-06-26,0.00782084,94.9942,1,0.009606,101.178660,-0.01151601,55.9732,1,0.025961,281.955480
2017-06-27,0.00066244,95.0605,1,0.019436,180.533210,0.01356429,57.3296,1,0.049191,400.180320
2017-06-28,-0.01028060,94.0324,1,0.024060,180.709480,-0.01505525,55.8241,0,0.000000,0.000000
2017-06-29,0.00198330,94.2308,1,0.021920,201.842520,-0.00889785,54.9343,1,0.051515,399.126468
2017-06-30,-0.00067699,94.1631,1,0.017419,180.064830,0.00499771,55.4341,0,0.000000,0.000000
2017-07-03,0.00477973,94.6410,1,0.027347,220.985540,-0.00206501,55.2276,1,0.029911,259.027819
2017-07-05,0.00344374,94.9854,1,0.039626,240.337840,-0.02317749,52.9098,1,0.058759,321.017410
2017-07-06,0.00073690,95.0591,1,0.022770,260.171140,0.00896863,53.8067,1,0.038677,399.995550
2017-07-07,0.00107004,95.1661,1,0.030046,219.753500,0.01450357,55.2571,0,0.000000,0.000000
2017-07-10,-0.01086058,94.0800,1,0.019068,161.161410,0.00374475,55.6315,1,0.018285,181.453833
2017-07-11,-0.00078711,94.0013,1,0.024161,200.978350,0.00479642,56.1112,1,0.037698,301.628840
2017-07-12,-0.00560152,93.4412,1,0.018602,200.737690,-0.00035067,56.0761,1,0.028197,260.763720
2017-07-13,0.00660815,94.1020,1,0.029615,201.113530,-0.00326100,55.7500,0,0.000000,0.000000
2017-07-14,-0.00411710,93.6903,1,0.029050,241.125050,-0.00098616,55.6514,1,0.038496,361.678141
2017-07-17,-0.00605828,93.0845,1,0.019518,180.790460,0.00024234,55.6756,1,0.037086,340.745260
2017-07-18,0.00075138,93.1596,1,0.021042,141.211690,-0.00686226,54.9894,1,0.024306,261.266880
2017-07-19,-0.00108225,93.0514,1,0.015105,140.190580,-0.00682693,54.3067,1,0.032433,340.378440
2017-07-20,-0.00007777,93.0436,1,0.030107,241.056220,-0.00066157,54.2406,0,0.000000,0.000000
2017-07-21,0.00434246,93.4778,1,0.026324,220.533570,-0.00208923,54.0316,1,0.035193,302.197304
2017-07-24,0.00023373,93.5012,1,0.015047,180.235170,0.00149296,54.1809,1,0.030024,320.879790
2017-07-25,-0.00531537,92.9697,1,0.022187,140.692660,-0.00712402,53.4685,1,0.040952,321.235860
2017-07-26,0.00850215,93.8199,1,0.028355,261.211450,-0.00966583,52.5019,1,0.028303,300.838710
2017-07-27,0.01336477,95.1564,1,0.029043,241.148170,-0.01123829,51.3781,1,0.043439,360.535480
2017-07-28,-0.01788026,93.3683,1,0.017596,181.899600,-0.02097937,49.2802,1,0.039617,359.519610
2017-07-31,0.00830277,94.1986,1,0.028413,201.604910,-0.00502811,48.7774,1,0.049131,341.276600
2017-08-01,0.00256442,94.4551,1,0.030998,200.323210,0.00418527,49.1959,1,0.048463,340.432320
2017-08-02,-0.00451803,94.0033,1,0.012103,121.482280,-0.00061658,49.1342,1,0.028988,301.515770
2017-08-03,0.00319535,94.3228,1,0.026615,200.487960,0.00656345,49.7906,1,0.033045,280.324950
2017-08-04,-0.00760145,93.5626,1,0.022705,260.602430,-0.00055782,49.7348,1,0.036132,341.715510
2017-08-07,0.00387608,93.9503,1,0.018262,201.367400,-0.00141429,49.5934,1,0.035719,321.501010
2017-08-08,0.00766858,94.7171,1,0.019032,181.959930,-0.01012559,48.5808,1,0.035709,261.290350
2017-08-09,0.00340653,95.0578,1,0.026387,199.765570,0.00217696,48.7985,1,0.037944,338.751730
2017-08-10,0.00018282,95.0760,1,0.022178,200.353420,-0.00053751,48.7448,1,0.037041,300.087660
2017-08-11,-0.01042348,94.0337,1,0.016298,199.683360,-0.00720781,48.0240,1,0.036791,319.489510
2017-08-14,-0.00485823,93.5479,1,0.024953,200.865730,-0.00327391,47.6966,1,0.036661,320.751970
2017-08-15,-0.01640770,91.9071,1,0.022860,181.973650,0.00078312,47.7749,0,0.000000,0.000000
2017-08-16,-0.00567513,91.3396,1,0.021123,180.761930,0.00087535,47.8624,1,0.036355,322.257717
2017-08-17,0.00589504,91.9291,1,0.019616,160.913150,0.00061424,47.9239,1,0.038956,320.794110
2017-08-18,0.00019490,91.9486,1,0.023810,179.829240,-0.00012845,47.9110,0,0.000000,0.000000
2017-08-21,-0.00564380,91.3842,1,0.027310,240.143820,-0.00411592,47.4994,1,0.038402,337.607637
2017-08-22,-0.01298982,90.0852,1,0.020152,140.768850,-0.00439508,47.0599,1,0.038308,340.689650
2017-08-23,0.00836599,90.9218,1,0.019021,120.996350,-0.00114694,46.9452,1,0.044724,381.597300
2017-08-24,0.00491735,91.4136,1,0.016335,200.159560,0.01874414,48.8196,1,0.032456,340.230090
2017-08-25,-0.00149261,91.2643,1,0.023911,200.992970,0.00126520,48.9462,1,0.027210,261.909090
2017-08-28,0.00941389,92.2057,1,0.019461,180.502450,-0.00168650,48.7775,1,0.028320,261.609730
2017-08-29,0.00276211,92.4819,1,0.023989,240.093590,-0.00081016,48.6965,1,0.030226,260.652510
2017-08-30,-0.00634770,91.8471,1,0.022880,199.941620,0.01345242,50.0417,1,0.031748,299.478650
2017-08-31,-0.00126887,91.7202,1,0.028857,201.020790,0.00922623,50.9644,1,0.036217,302.296330
2017-09-01,0.00927843,92.6481,1,0.023097,181.645270,-0.00705447,50.2589,1,0.039427,321.554180
2017-09-05,0.00025579,92.6737,1,0.024441,141.699360,-0.00930893,49.3280,1,0.035573,320.863800
2017-09-06,0.00008426,92.6821,0,0.000000,0.000000,0.00309489,49.6375,1,0.038131,359.981900
2017-09-07,-0.01253207,91.4289,1,0.024887,200.876655,-0.00082023,49.5555,1,0.030423,301.379160
2017-09-08,0.00181798,91.6107,1,0.029252,220.450100,-0.00262271,49.2932,1,0.031331,301.890380
2017-09-11,0.00333904,91.9446,1,0.013366,161.321450,-0.00220954,49.0723,1,0.036324,301.588160
2017-09-12,0.01066215,93.0108,1,0.024075,202.775090,-0.00520415,48.5518,0,0.000000,0.000000
2017-09-13,-0.00137049,92.8737,1,0.020299,181.624810,0.00792103,49.3439,1,0.041787,342.284466
2017-09-14,-0.00114365,92.7594,1,0.016375,141.689110,-0.00786795,48.5571,1,0.034095,300.801730
2017-09-15,0.00046535,92.8059,1,0.026595,200.296950,-0.00478873,48.0783,1,0.031593,359.673820
2017-09-18,0.00023897,92.8298,1,0.020013,201.381910,-0.00652273,47.4260,1,0.030343,301.295140
2017-09-19,0.00587064,93.4169,1,0.029096,221.088730,0.00100092,47.5261,1,0.041898,380.416970
2017-09-20,-0.00164004,93.2529,1,0.015504,102.029220,0.01350521,48.8766,1,0.039299,300.022370
2017-09-21,0.00153128,93.4060,1,0.008232,101.341560,0.00607636,49.4842,1,0.026244,241.914160
2017-09-22,0.00051787,93.4578,1,0.012683,121.054740,-0.00074416,49.4098,1,0.027206,260.241480
2017-09-25,0.00920634,94.3784,1,0.016106,141.166290,-0.00841891,48.5679,1,0.026571,260.682830
2017-09-26,0.01334625,95.7130,1,0.017975,180.808640,0.00253347,48.8213,1,0.030343,321.563080
2017-09-27,0.00046994,95.7600,0,0.000000,0.000000,0.01067225,49.8885,1,0.038845,320.790590
2017-09-28,0.00347919,96.1080,1,0.025871,222.417809,-0.00215213,49.6733,1,0.029433,281.716550
2017-09-29,-0.00652770,95.4552,1,0.017810,201.240910,-0.00337226,49.3361,1,0.030596,341.018940
2017-10-02,-0.00054848,95.4003,1,0.013668,181.809420,-0.00591531,48.7445,1,0.023591,283.068310
2017-10-03,0.00037265,95.4376,1,0.022935,220.580320,-0.00328574,48.4160,1,0.037334,360.872800
2017-10-04,0.00001943,95.4396,1,0.014527,180.989880,-0.00555899,47.8601,1,0.032679,280.415580
2017-10-05,0.00700006,96.1396,1,0.026084,241.155190,0.00330371,48.1904,0,0.000000,0.000000
2017-10-06,0.00545380,96.6849,1,0.031480,240.281010,-0.00037352,48.1531,1,0.039872,301.906966
2017-10-09,0.00142097,96.8270,1,0.020813,200.576800,0.00137661,48.2908,1,0.033729,340.068260
2017-10-10,0.01515793,98.3428,1,0.019267,200.059190,-0.00864117,47.4266,1,0.035847,300.152890
2017-10-11,-0.00031777,98.3110,0,0.000000,0.000000,-0.00232191,47.1944,1,0.036321,340.410110
2017-10-12,0.00118770,98.4298,1,0.026530,260.880742,0.00770584,47.9650,1,0.035106,340.781890
2017-10-13,0.00004849,98.4347,1,0.008271,121.853780,-0.00690009,47.2750,1,0.027889,301.576830
2017-10-16,-0.00068248,98.3664,1,0.025268,240.752480,-0.00397688,46.8773,1,0.035708,340.301440
2017-10-17,0.00188943,98.5554,1,0.023817,200.483680,-0.00506747,46.3706,1,0.035657,320.269740
2017-10-18,-0.00097839,98.4575,1,0.022809,220.199040,0.00339735,46.7103,1,0.041865,360.075490
2017-10-19,-0.01106608,97.3509,1,0.023698,160.761550,0.00709093,47.4194,1,0.033277,260.666660
2017-10-20,-0.00536142,96.8148,1,0.019972,181.536790,0.00339736,47.7591,1,0.039214,281.051370
2017-10-23,-0.00699670,96.1151,1,0.009080,101.938470,0.00111551,47.8707,1,0.037229,281.606270
2017-10-24,-0.00763980,95.3511,1,0.016930,160.729230,-0.00112602,47.7581,1,0.036152,320.305900
2017-10-25,-0.00093178,95.2579,1,0.023398,180.584510,0.00466099,48.2242,1,0.040821,320.553970
2017-10-26,-0.00869086,94.3889,1,0.029316,200.455420,0.00477680,48.7019,1,0.039140,320.309200
2017-10-27,-0.01189705,93.1992,1,0.024115,201.739010,0.00103244,48.8051,1,0.042246,281.582240
2017-10-30,-0.00146133,93.0530,1,0.025183,200.692870,0.00361671,49.1668,1,0.038389,301.789330
2017-10-31,0.00165622,93.2186,1,0.023028,200.669090,-0.00316050,48.8507,1,0.036330,299.229100
2017-11-01,0.00647455,93.8661,1,0.027995,241.892490,0.00583819,49.4346,1,0.034301,302.709720
2017-11-02,0.00693273,94.5594,1,0.029167,261.111790,-0.01133797,48.3008,1,0.034997,341.260480
2017-11-03,0.00304103,94.8635,1,0.022157,220.498860,0.00454375,48.7551,1,0.031975,339.312460
2017-11-06,-0.00461616,94.4019,1,0.021066,200.619080,0.02546548,51.3017,1,0.032572,261.515210
2017-11-07,0.00899093,95.3009,1,0.027397,201.718790,-0.01602185,49.6995,1,0.020445,162.730780
2017-11-08,0.00758102,96.0591,1,0.022788,201.828810,0.00387357,50.0869,1,0.045033,380.923820
2017-11-09,0.00379441,96.4385,1,0.027069,201.820110,-0.00351720,49.7351,1,0.023590,241.734250
2017-11-10,-0.00437572,96.0009,1,0.026782,239.776030,-0.00233594,49.5015,1,0.037514,339.611150
2017-11-13,-0.00199707,95.8012,1,0.010447,121.628850,0.00160078,49.6616,1,0.036122,341.225640
2017-11-14,-0.00265066,95.5361,1,0.018276,161.328200,0.00407264,50.0689,1,0.031566,281.935560
2017-11-15,0.00236675,95.7728,1,0.022525,181.129270,0.00214168,50.2831,1,0.024572,261.345990
2017-11-16,-0.00710064,95.0628,1,0.016924,160.336640,-0.01477385,48.8057,1,0.029875,299.546980
2017-11-17,0.00221377,95.2841,1,0.031053,242.564100,-0.00755951,48.0497,1,0.049101,342.175950
2017-11-20,-0.00718475,94.5657,1,0.025705,221.017090,0.00873481,48.9232,1,0.034509,300.050830
2017-11-21,0.01030380,95.5960,1,0.010740,120.098650,0.00442917,49.3661,1,0.035703,281.127130
2017-11-22,0.00061239,95.6573,1,0.015781,141.001080,-0.00644148,48.7220,1,0.028808,300.945900
2017-11-24,0.00083096,95.7404,1,0.025214,220.365540,-0.00179609,48.5424,1,0.035129,300.566600
2017-11-27,0.00482620,96.2230,1,0.025200,180.299010,-0.00243237,48.2991,1,0.047667,320.427600
2017-11-28,-0.00756809,95.4662,1,0.009949,121.357300,0.00777922,49.0770,1,0.030188,321.002150
2017-11-29,0.01767078,97.2333,1,0.011792,121.834980,0.03910424,52.9875,1,0.028686,241.902590
2017-11-30,-0.00415001,96.8183,1,0.020731,243.164910,0.00072898,53.0604,1,0.021862,264.100870
2017-12-01,0.00331310,97.1496,1,0.027460,282.220510,0.01055527,54.1159,0,0.000000,0.000000
2017-12-04,-0.01815571,95.3340,1,0.015001,161.568830,0.02947218,57.0631,1,0.025882,242.398187
2017-12-05,-0.00805131,94.5289,0,0.000000,0.000000,-0.01207604,55.8555,1,0.026574,263.274060
2017-12-06,0.00170272,94.6991,1,0.041558,300.163984,0.00470609,56.3261,1,0.037491,378.537670
2017-12-07,0.00033923,94.7331,1,0.012747,160.184250,-0.00115251,56.2109,1,0.027851,261.584060
2017-12-08,0.00552037,95.2851,1,0.024853,201.537470,-0.00311291,55.8996,1,0.039411,361.524280
2017-12-11,-0.00688877,94.5962,1,0.012097,141.264070,0.00498712,56.3983,0,0.000000,0.000000
2017-12-12,-0.00054224,94.5420,1,0.018574,162.115460,-0.01428293,54.9700,1,0.036433,301.100611
2017-12-13,0.00302429,94.8444,1,0.012521,140.774830,-0.01795174,53.1748,1,0.036604,358.545620
2017-12-14,0.00494215,95.3386,1,0.021785,221.132370,0.00542990,53.7178,1,0.041100,400.384950
2017-12-15,-0.00585542,94.7531,1,0.016722,161.824540,-0.00604693,53.1131,1,0.035503,339.404130
2017-12-18,0.00100654,94.8538,1,0.014356,181.816600,-0.01788392,51.3247,0,0.000000,0.000000
2017-12-19,-0.00494125,94.3596,1,0.016235,141.786610,0.01337110,52.6618,1,0.037470,383.908519
2017-12-20,-0.00360586,93.9990,1,0.017416,180.305350,0.01606992,54.2688,1,0.023128,221.413400
2017-12-21,-0.01137304,92.8617,1,0.026934,220.281570,0.01024884,55.2937,1,0.017026,201.215480
2017-12-22,-0.00460465,92.4013,1,0.021735,200.183850,-0.00627033,54.6667,1,0.028043,261.676470
2017-12-26,0.00289963,92.6912,1,0.017987,201.378610,-0.00322715,54.3440,1,0.032115,341.241810
2017-12-27,-0.00021191,92.6700,1,0.017271,160.040950,-0.00272569,54.0714,1,0.036429,340.207760
2017-12-28,0.00228109,92.8982,1,0.015971,140.232060,-0.00226051,53.8453,1,0.028421,300.349760
2017-12-29,-0.00249098,92.6491,1,0.017418,160.904980,0.00403713,54.2491,1,0.034417,320.330870
2018-01-02,0.00104846,92.7539,1,0.038134,358.717340,-0.01411444,52.8376,0,0.000000,0.000000
2018-01-03,-0.00938158,91.8157,1,0.022648,181.668920,0.01255122,54.0927,1,0.039418,340.926348
2018-01-04,-0.00378098,91.4377,1,0.011978,122.173090,0.01036664,55.1294,1,0.027596,281.101680
2018-01-05,-0.00221012,91.2166,1,0.016422,161.007100,-0.00905119,54.2243,1,0.027789,301.291420
2018-01-08,-0.00398551,90.8181,1,0.020271,160.994950,0.01418028,55.6423,1,0.040212,360.622190
2018-01-09,0.00153073,90.9712,1,0.021567,161.578000,-0.00106245,55.5361,0,0.000000,0.000000
2018-01-10,-0.01164760,89.8064,1,0.014680,160.966520,0.00234210,55.7703,1,0.029980,262.510731
2018-01-11,-0.01427365,88.3790,1,0.017665,180.446140,0.00722428,56.4927,1,0.026832,299.472390
2018-01-12,-0.00854398,87.5246,1,0.008588,101.504480,0.00897699,57.3904,1,0.032361,301.620900
2018-01-16,0.01008093,88.5327,1,0.010927,121.138150,-0.00488873,56.9015,1,0.027233,261.322940
2018-01-17,-0.00362049,88.1707,1,0.021849,200.816320,0.00634691,57.5362,1,0.036459,339.936820
2018-01-18,-0.00100950,88.0697,1,0.020990,222.109340,-0.00611619,56.9246,0,0.000000,0.000000
2018-01-19,-0.00092978,87.9768,1,0.021768,161.793600,0.00252698,57.1773,1,0.043782,342.587183
2018-01-22,-0.01526355,86.4504,1,0.023985,201.219150,0.01145481,58.3228,1,0.029329,302.412660
2018-01-23,0.00664582,87.1150,1,0.018698,162.434570,-0.01414741,56.9080,1,0.027981,241.963110
2018-01-24,-0.00181163,86.9338,1,0.026963,201.245120,0.00280136,57.1882,1,0.039124,322.584500
2018-01-25,0.01582196,88.5160,1,0.021164,200.548280,0.00029027,57.2172,1,0.034603,320.317440
2018-01-26,-0.00302179,88.2138,1,0.035469,261.528420,-0.00944133,56.2731,1,0.036853,321.148370
2018-01-29,-0.00733062,87.4808,1,0.019242,200.187110,0.02053095,58.3262,1,0.031005,361.916680
2018-01-30,0.00703567,88.1843,1,0.021423,199.401260,-0.02144697,56.1815,0,0.000000,0.000000
2018-01-31,0.00776590,88.9609,1,0.036890,220.404690,0.00927832,57.1093,1,0.063178,375.746164
2018-02-01,-0.00039109,88.9218,1,0.048219,201.784700,-0.02180128,54.9292,1,0.039588,261.272830
2018-02-02,-0.00809089,88.1127,1,0.041159,278.786170,-0.00424983,54.5042,1,0.051753,378.464460
2018-02-05,0.00192398,88.3051,1,0.022642,180.897570,0.00471607,54.9758,0,0.000000,0.000000
2018-02-06,-0.01164353,87.1408,1,0.014243,121.902060,0.00236826,55.2126,0,0.000000,0.000000
2018-02-07,0.00369037,87.5098,1,0.028233,242.184570,-0.02548614,52.6640,1,0.036174,335.858290
2018-02-08,0.01833483,89.3433,1,0.013587,141.367970,-0.00002972,52.6610,1,0.040992,359.751880
2018-02-09,0.01147678,90.4910,1,0.037172,257.776250,0.00267999,52.9290,0,0.000000,0.000000
2018-02-12,0.00631802,91.1228,1,0.042618,343.010610,-0.00864100,52.0649,0,0.000000,0.000000
2018-02-13,-0.00114188,91.0086,1,0.023028,222.593560,0.01305408,53.3703,0,0.000000,0.000000
2018-02-14,-0.00444649,90.5639,1,0.015659,161.475520,-0.01214692,52.1556,1,0.018782,203.098963
2018-02-15,0.00036239,90.6002,1,0.017371,182.921970,-0.00041336,52.1143,1,0.044366,362.322910
2018-02-16,0.00035438,90.6356,1,0.031912,262.208590,-0.00801004,51.3133,1,0.045224,343.273790
2018-02-20,-0.00144664,90.4909,1,0.020634,181.077650,-0.00780433,50.5329,1,0.045763,380.422440
2018-02-21,-0.01761468,88.7295,1,0.021778,199.646950,-0.00111278,50.4216,1,0.040158,340.153570
2018-02-22,0.00522228,89.2517,1,0.019552,159.924550,-0.00205829,50.2158,1,0.034139,319.198380
2018-02-23,-0.01291701,87.9600,1,0.037231,221.571920,-0.00038049,50.1777,1,0.040279,341.809770
2018-02-26,0.00216706,88.1767,1,0.016734,144.013750,-0.00211787,49.9659,0,0.000000,0.000000
2018-02-27,-0.01373353,86.8034,1,0.016433,161.626920,0.00909280,50.8752,1,0.034210,324.017563
2018-02-28,0.01244736,88.0481,1,0.024524,200.300220,0.00649383,51.5246,0,0.000000,0.000000
2018-03-01,0.00792707,88.8408,1,0.019643,180.955860,0.00003547,51.5281,0,0.000000,0.000000
2018-03-02,-0.00695709,88.1451,1,0.027649,200.604210,-0.00905711,50.6224,1,0.056001,337.292732
2018-03-05,-0.00095474,88.0496,1,0.022104,181.824140,-0.00789333,49.8331,1,0.040693,341.417110
2018-03-06,0.00342990,88.3926,1,0.016690,162.735750,0.00749020,50.5821,0,0.000000,0.000000
2018-03-07,-0.01535467,86.8571,1,0.016337,141.411960,0.00569471,51.1516,1,0.024389,244.517856
2018-03-08,0.01189343,88.0465,1,0.020037,162.292950,0.01618708,52.7703,1,0.027332,280.160260
2018-03-09,-0.00398939,87.6475,1,0.025639,202.650360,-0.00944109,51.8262,1,0.029329,282.744620
2018-03-12,0.00130350,87.7779,1,0.027100,203.195320,0.01434798,53.2610,0,0.000000,0.000000
2018-03-13,0.01084087,88.8620,1,0.030973,240.958350,-0.00372846,52.8881,1,0.029046,263.471494
2018-03-14,0.00388519,89.2505,1,0.024121,200.955540,0.00531355,53.4195,1,0.037415,319.936980
2018-03-15,0.00480275,89.7308,1,0.027705,201.061320,0.00923478,54.3430,1,0.034342,320.410890
2018-03-16,0.00672158,90.4029,1,0.020512,179.804920,-0.00175532,54.1674,1,0.031942,301.187600
2018-03-19,0.00109223,90.5122,1,0.019067,201.551810,-0.00191597,53.9758,0,0.000000,0.000000
2018-03-20,-0.00248189,90.2640,1,0.025739,199.664030,0.00528742,54.5046,0,0.000000,0.000000
2018-03-21,-0.00692934,89.5710,1,0.035794,281.090150,0.00794587,55.2992,1,0.028103,279.920948
2018-03-22,0.00521748,90.0928,1,0.032072,239.603360,-0.00481571,54.8176,1,0.025921,281.604810
2018-03-23,-0.00005900,90.0869,1,0.025330,237.838700,-0.00463174,54.3544,0,0.000000,0.000000
2018-03-26,-0.00118593,89.9683,1,0.019943,219.401010,0.00516831,54.8713,0,0.000000,0.000000
2018-03-27,0.02186820,92.1551,1,0.034940,283.665010,-0.00977519,53.8937,0,0.000000,0.000000
2018-03-28,-0.00029692,92.1254,1,0.031812,259.861300,0.02493689,56.3874,1,0.040401,355.991681
2018-03-29,-0.00259208,91.8662,1,0.030828,260.975980,-0.00464852,55.9226,1,0.025852,222.057730
2018-04-02,-0.01196837,90.6694,1,0.021157,222.516120,0.01861544,57.7841,0,0.000000,0.000000
2018-04-03,-0.00010029,90.6593,1,0.036649,298.296160,-0.00547696,57.2364,0,0.000000,0.000000
2018-04-04,-0.00259519,90.3998,1,0.042749,322.321880,-0.01168523,56.0679,0,0.000000,0.000000
2018-04-05,0.00145689,90.5455,1,0.019821,163.158190,-0.00953181,55.1147,0,0.000000,0.000000
2018-04-06,-0.02474631,88.0709,1,0.020611,181.195330,0.00991297,56.1060,1,0.043253,345.152951
2018-04-09,-0.00165803,87.9051,1,0.028043,237.298460,-0.00582066,55.5239,0,0.000000,0.000000
2018-04-10,0.01306762,89.2118,1,0.038738,300.854080,0.01019304,56.5433,1,0.036276,335.181638
2018-04-11,-0.00151579,89.0603,1,0.031539,242.376980,-0.00733566,55.8097,1,0.028726,263.019960
2018-04-12,-0.00085415,88.9748,1,0.022355,220.187120,-0.01365382,54.4443,1,0.038082,339.596060
2018-04-13,0.00757142,89.7320,1,0.034048,260.328660,-0.00732910,53.7114,1,0.053690,361.784340
2018-04-16,0.00501959,90.2339,1,0.031201,180.843510,0.00015294,53.7267,1,0.048226,360.604260
2018-04-17,0.00023008,90.2570,1,0.018702,182.172160,-0.00084306,53.6424,0,0.000000,0.000000
2018-04-18,-0.00607633,89.6493,1,0.012593,142.312210,0.00262676,53.9051,0,0.000000,0.000000
2018-04-19,0.00954261,90.6036,1,0.020059,121.648100,-0.00215078,53.6900,1,0.029118,304.989519
2018-04-20,-0.01175970,89.4276,1,0.027240,238.350500,0.00554834,54.2448,0,0.000000,0.000000
2018-04-23,-0.00111410,89.3162,1,0.030330,200.923390,-0.00237595,54.0072,0,0.000000,0.000000
2018-04-24,-0.00995628,88.3206,1,0.039618,180.856820,0.01131609,55.1388,1,0.041371,336.791765
2018-04-25,-0.00062711,88.2579,1,0.018431,160.165150,-0.00116377,55.0225,1,0.027067,201.442800
2018-04-26,-0.00424535,87.8333,1,0.026925,220.733560,0.00331635,55.3541,1,0.042565,301.117450
2018-04-27,-0.00286103,87.5472,1,0.024973,220.744770,0.00107054,55.4611,1,0.033506,321.482140
2018-04-30,-0.00757586,86.7896,1,0.025406,180.855690,0.00430002,55.8911,1,0.034508,301.062680
2018-05-01,-0.01404998,85.3846,1,0.037988,259.448440,0.00665007,56.5561,1,0.039833,320.052350
2018-05-02,0.00990795,86.3754,1,0.029705,181.670730,-0.00389308,56.1668,1,0.037888,321.171980
2018-05-03,0.00054422,86.4299,1,0.021138,219.853360,0.00181565,56.3484,1,0.032905,359.905260
2018-05-04,0.00317381,86.7472,1,0.014869,141.893180,-0.00488879,55.8595,1,0.028069,281.236470
2018-05-07,0.00556151,87.3034,1,0.024859,182.818870,0.00874106,56.7336,0,0.000000,0.000000
2018-05-08,-0.01408212,85.8952,1,0.018112,180.761110,0.01274807,58.0084,1,0.024123,282.948244
2018-05-09,-0.01805363,84.0898,1,0.020163,160.844160,0.01003642,59.0121,1,0.031188,241.831410
2018-05-10,-0.00307593,83.7822,1,0.018323,121.935760,-0.00217982,58.7941,1,0.031442,242.021530
2018-05-11,0.00297207,84.0794,1,0.021733,161.925950,-0.00569341,58.2248,0,0.000000,0.000000
2018-05-14,-0.00577723,83.5017,1,0.015583,121.379900,0.01250329,59.4751,1,0.036771,342.255262
2018-05-15,-0.01165625,82.3361,1,0.016335,140.977500,0.00522820,59.9979,1,0.022120,260.908440
2018-05-16,-0.00500490,81.8356,1,0.013600,120.901310,0.00913132,60.9110,1,0.029858,280.607140
2018-05-17,-0.01298320,80.5373,1,0.022600,161.437770,0.01078344,61.9894,1,0.027836,241.110330
2018-05-18,-0.01772930,78.7643,1,0.015140,141.059200,0.00169715,62.1591,1,0.026485,240.674140
2018-05-21,0.00691182,79.4555,1,0.019158,198.828570,0.00799863,62.9590,1,0.037437,300.540740
2018-05-22,0.00671374,80.1269,1,0.025306,162.290640,-0.00870438,62.0885,1,0.032858,301.660120
2018-05-23,-0.00209078,79.9178,1,0.019628,180.699420,-0.00181245,61.9073,1,0.041085,339.089440
2018-05-24,-0.00000432,79.9174,1,0.026962,181.904690,0.01195972,63.1033,1,0.044408,301.126400
2018-05-25,0.00932207,80.8496,1,0.018303,161.553970,0.00880118,63.9834,1,0.029202,261.494960
2018-05-29,-0.01219153,79.6304,1,0.026073,200.470130,0.01901351,65.8847,1,0.037169,281.663620
2018-05-30,-0.00681234,78.9492,1,0.020264,180.291480,-0.00580720,65.3040,1,0.025860,241.085300
2018-05-31,-0.00384585,78.5646,1,0.028535,202.453030,-0.00715126,64.5889,0,0.000000,0.000000
2018-06-01,-0.00959409,77.6052,1,0.029919,240.191610,0.00322183,64.9111,1,0.041237,381.080152
2018-06-04,0.00156024,77.7612,1,0.021376,181.400690,0.00907854,65.8189,1,0.042416,341.187480
2018-06-05,-0.00144930,77.6163,1,0.017710,202.051560,0.01089683,66.9086,1,0.025017,262.703190
2018-06-06,-0.01985420,75.6309,1,0.029240,220.385900,0.01133943,68.0425,1,0.025677,221.234500
2018-06-07,0.01614398,77.2453,1,0.024772,181.313820,-0.01606236,66.4363,1,0.037516,282.639500
2018-06-08,0.00112596,77.3579,1,0.035554,221.841070,-0.00262195,66.1741,1,0.048155,400.105560
2018-06-11,-0.01655320,75.7026,1,0.032960,241.993550,0.01116302,67.2904,0,0.000000,0.000000
2018-06-12,0.00798497,76.5011,1,0.015683,122.101040,-0.01555390,65.7350,1,0.030570,263.675070
2018-06-13,-0.00068438,76.4326,1,0.027588,221.439860,0.00258931,65.9939,1,0.037459,360.989860
2018-06-14,-0.00187009,76.2456,1,0.025219,240.248930,-0.00278080,65.7159,1,0.025920,280.079710
2018-06-15,0.00193481,76.4391,1,0.025989,221.111910,-0.00259977,65.4559,1,0.037977,360.475040
2018-06-18,0.00849526,77.2886,1,0.013174,161.413690,-0.00993432,64.4625,1,0.034712,340.947880
2018-06-19,0.00246269,77.5349,1,0.019571,200.342800,-0.00022845,64.4396,1,0.036815,360.734200
2018-06-20,0.00176749,77.7116,1,0.018611,141.601980,0.00597740,65.0374,1,0.030290,320.416490
2018-06-21,-0.00503992,77.2076,1,0.019962,181.258900,-0.01559571,63.4778,1,0.029501,301.400210
2018-06-22,0.00561225,77.7689,1,0.016775,161.340270,0.01164076,64.6419,1,0.030424,321.112370
2018-06-25,-0.00526864,77.2420,1,0.023114,241.372780,0.02077244,66.7191,1,0.023656,222.490560
2018-06-26,-0.00285446,76.9566,1,0.026766,200.687370,-0.00127577,66.5915,1,0.028337,240.584580
2018-06-27,-0.00593960,76.3626,1,0.032850,301.170360,0.00902539,67.4941,1,0.040951,361.895540
2018-06-28,0.01179000,77.5416,1,0.028030,239.372350,-0.00466615,67.0275,1,0.031905,299.464470
2018-06-29,0.00540512,78.0821,1,0.033388,341.206550,0.00080324,67.1078,0,0.000000,0.000000
2018-07-02,0.00672058,78.7542,1,0.057322,220.369540,-0.00615840,66.4919,1,0.055830,321.777064
2018-07-03,0.00049049,78.8032,1,0.019821,122.460500,-0.00820024,65.6719,1,0.027174,240.459790
2018-07-05,-0.00126755,78.6765,1,0.025165,181.341470,-0.00542514,65.1294,1,0.048204,340.527150
2018-07-06,-0.00493275,78.1832,1,0.012575,141.985190,0.00234463,65.3639,0,0.000000,0.000000
2018-07-09,0.00052045,78.2352,1,0.016655,121.804960,-0.01144485,64.2194,0,0.000000,0.000000
2018-07-10,-0.00014409,78.2208,1,0.018759,162.119480,-0.00455194,63.7642,1,0.044824,345.303545
2018-07-11,-0.00011483,78.2093,1,0.021213,180.979110,-0.00848647,62.9155,1,0.041627,361.086710
2018-07-12,-0.00050013,78.1593,1,0.016363,141.172230,-0.00413136,62.5024,1,0.038136,378.627680
2018-07-13,0.00214483,78.3738,1,0.017937,160.967570,-0.00493983,62.0084,1,0.040773,320.978740
2018-07-16,0.00712982,79.0868,1,0.018268,160.554240,-0.00980867,61.0275,1,0.037627,360.288610
2018-07-17,-0.00603655,78.4831,1,0.014775,120.802330,0.00158389,61.1859,1,0.042191,339.108140
2018-07-18,0.00593752,79.0769,1,0.017568,161.004720,-0.00251784,60.9342,1,0.026664,321.797140
2018-07-19,0.00818759,79.8956,1,0.019831,181.307500,-0.02076835,58.8573,1,0.030415,319.854220
2018-07-20,0.00051851,79.9475,1,0.022149,181.151750,-0.01223773,57.6335,1,0.051743,379.976280
2018-07-23,-0.00208724,79.7388,1,0.022224,200.596320,0.00319393,57.9529,1,0.040287,379.649470
2018-07-24,0.00334011,80.0728,1,0.013279,119.916700,0.00396420,58.3494,1,0.023250,240.313820
2018-07-25,-0.00490182,79.5826,1,0.018042,179.461930,-0.00410632,57.9387,1,0.033532,300.338730
2018-07-26,0.02507179,82.0898,1,0.025481,201.883240,-0.02732747,55.2060,1,0.044277,322.548060
2018-07-27,-0.00356608,81.7332,1,0.019438,222.275500,0.01509812,56.7158,1,0.040898,382.845190
2018-07-30,-0.00661431,81.0717,1,0.015991,141.441330,0.01451682,58.1675,1,0.022198,240.201550
2018-07-31,-0.00066630,81.0051,1,0.018550,200.335960,-0.00512470,57.6550,1,0.023480,241.195240
2018-08-01,0.01100006,82.1051,1,0.027314,221.676960,-0.00082668,57.5723,1,0.036108,360.729270
2018-08-02,0.01035642,83.1408,1,0.034028,260.199920,0.00681133,58.2535,1,0.046337,299.928980
2018-08-03,-0.00212798,82.9280,1,0.020838,222.866990,-0.00169295,58.0842,1,0.028585,302.359170
2018-08-06,0.00187893,83.1159,1,0.011327,161.255680,-0.00526530,57.5576,1,0.035310,341.374250
2018-08-07,0.00228451,83.3443,1,0.017629,201.402000,0.00428061,57.9857,1,0.025109,321.026580
2018-08-08,0.00661373,84.0057,1,0.018297,141.609380,0.00357558,58.3433,1,0.034812,301.258990
2018-08-09,0.00148262,84.1539,1,0.019588,161.751170,0.00692624,59.0359,1,0.024226,260.855030
2018-08-10,-0.00509952,83.6440,1,0.020902,141.344590,-0.00391404,58.6445,1,0.030144,240.707170
2018-08-13,0.00396578,84.0406,1,0.011552,140.490350,-0.00164854,58.4796,1,0.027754,340.200140
2018-08-14,-0.00194034,83.8465,1,0.021974,221.214270,-0.00254302,58.2253,1,0.038072,340.058740
2018-08-15,0.01012478,84.8590,1,0.026402,182.293600,-0.00995732,57.2296,1,0.038832,341.563350
2018-08-16,-0.00105863,84.7531,1,0.025833,259.941040,0.00451573,57.6812,1,0.026387,319.613740
2018-08-17,0.00109287,84.8624,1,0.033963,281.858950,0.00488908,58.1701,0,0.000000,0.000000
2018-08-20,-0.00849891,84.0125,1,0.022631,182.054690,-0.00205662,57.9644,0,0.000000,0.000000
2018-08-21,0.00551703,84.5642,1,0.021997,161.580580,-0.00522144,57.4423,1,0.026654,323.825758
2018-08-22,-0.00107066,84.4572,1,0.019166,179.796540,0.00731550,58.1738,1,0.022700,299.422050
2018-08-23,-0.00776115,83.6811,1,0.018115,141.370340,0.02570346,60.7442,1,0.020754,220.954730
2018-08-24,0.00731997,84.4131,1,0.021093,180.372620,-0.01145350,59.5988,1,0.026150,222.184960
2018-08-27,0.00324060,84.7371,1,0.025090,201.323750,0.00873443,60.4723,1,0.037937,320.518680
2018-08-28,0.00119480,84.8566,1,0.024630,221.218090,0.00015957,60.4882,1,0.029073,301.347020
2018-08-29,0.00285980,85.1426,1,0.010960,120.630810,-0.00663080,59.8251,1,0.035450,340.363650
2018-08-30,0.00031660,85.1742,1,0.017490,160.756800,0.00562447,60.3876,1,0.036213,360.815170
2018-08-31,0.00046732,85.2210,1,0.021978,180.531170,0.00019314,60.4069,1,0.028306,240.611060
2018-09-04,0.00201278,85.4223,1,0.023632,220.822910,0.00232829,60.6397,1,0.032361,300.629820
2018-09-05,0.01011842,86.4341,1,0.021578,181.060490,0.00014722,60.6544,1,0.025678,280.876090
2018-09-06,0.00933131,87.3672,1,0.019679,182.070420,0.01175990,61.8304,1,0.045260,361.010500
2018-09-07,-0.01133529,86.2337,1,0.028829,241.310450,0.01323035,63.1535,1,0.041405,301.069730
2018-09-10,0.00029490,86.2632,1,0.019990,199.774280,0.00420619,63.5741,1,0.029191,241.189720
2018-09-11,0.00413475,86.6767,1,0.025975,240.444580,0.00201337,63.7754,1,0.030033,281.540030
2018-09-12,0.00524018,87.2007,1,0.027302,201.335770,-0.00332487,63.4429,1,0.030997,281.233510
2018-09-13,0.01546469,88.7471,1,0.022991,160.621080,-0.00913257,62.5297,1,0.039537,321.317590
2018-09-14,-0.00423299,88.3238,1,0.023669,160.578220,0.00092661,62.6223,1,0.046949,360.665760
2018-09-17,0.00518110,88.8420,1,0.028650,220.373710,-0.01321570,61.3008,1,0.028010,281.512830
2018-09-18,0.00058873,88.9008,1,0.020087,180.698760,-0.00407718,60.8931,1,0.031008,359.557340
2018-09-19,-0.00527222,88.3736,1,0.022602,180.627640,0.00346405,61.2395,1,0.030935,321.143830
2018-09-20,-0.00592755,87.7809,1,0.020515,180.686340,0.00093737,61.3332,1,0.030513,299.800500
2018-09-21,-0.00240058,87.5408,1,0.018808,161.227620,-0.00433910,60.8993,0,0.000000,0.000000
2018-09-24,-0.00154966,87.3858,1,0.017326,140.159910,-0.00039463,60.8598,1,0.036093,341.931523
2018-09-25,-0.00577729,86.8081,1,0.018219,160.670340,0.01097505,61.9573,1,0.029135,339.564710
2018-09-26,0.00623988,87.4321,1,0.017712,140.774310,-0.00193630,61.7637,1,0.025310,260.945000
2018-09-27,0.00913703,88.3458,1,0.015427,121.059860,0.00742637,62.5063,1,0.040353,318.946960
2018-09-28,0.00876395,89.2222,1,0.018815,180.837910,0.01162942,63.6693,1,0.032378,300.856450
2018-10-01,-0.00373550,88.8486,1,0.024010,241.547910,-0.00647650,63.0216,1,0.014480,181.951840
2018-10-02,-0.00564374,88.2843,1,0.017544,180.381900,0.01778606,64.8002,1,0.031884,358.588690
2018-10-03,-0.00739305,87.5450,1,0.016675,181.051710,-0.00561653,64.2386,1,0.020603,242.341530
2018-10-04,0.00742195,88.2872,1,0.026155,220.569850,0.00047205,64.2858,1,0.038565,320.476810
2018-10-05,0.00470274,88.7574,1,0.023286,200.235550,0.01387113,65.6729,1,0.037797,319.634130
2018-10-08,-0.00767115,87.9903,1,0.021275,220.502240,0.02232492,67.9054,1,0.026628,241.728610
2018-10-09,-0.01181841,86.8085,1,0.017141,122.079520,-0.00184108,67.7213,1,0.030108,302.055080
2018-10-10,-0.01479785,85.3287,1,0.020575,179.983660,-0.00164984,67.5563,1,0.034774,359.727840
2018-10-11,-0.00479952,84.8487,1,0.026922,257.755230,-0.00936969,66.6193,0,0.000000,0.000000
2018-10-12,0.01035558,85.8843,1,0.023162,181.562190,-0.00216917,66.4024,0,0.000000,0.000000
2018-10-15,0.01075993,86.9603,1,0.046027,321.239360,-0.01107444,65.2950,1,0.039544,335.306734
2018-10-16,0.00116116,87.0764,1,0.029684,220.957160,-0.01177310,64.1177,1,0.042300,379.449560
2018-10-17,-0.00651048,86.4254,1,0.017708,184.490120,-0.00785925,63.3317,0,0.000000,0.000000
2018-10-18,-0.00257307,86.1680,1,0.026867,201.008240,0.00063815,63.3956,1,0.053755,384.398360
2018-10-19,0.00466405,86.6345,1,0.026345,180.960020,0.02933477,66.3290,1,0.039373,319.382950
2018-10-22,-0.00047354,86.5871,1,0.017374,121.545970,-0.01053551,65.2755,1,0.026271,222.526510
2018-10-23,-0.00066190,86.5209,1,0.019120,181.353660,-0.00029362,65.2461,1,0.044482,380.025040
2018-10-24,-0.00031456,86.4895,1,0.022506,180.969630,0.01911100,67.1572,1,0.044000,300.912480
2018-10-25,0.02214438,88.7039,1,0.039312,259.501250,-0.01422917,65.7343,1,0.050197,336.963340
2018-10-26,0.00342077,89.0460,1,0.045573,304.807410,0.00363432,66.0977,1,0.052558,384.102960
2018-10-29,0.02271508,91.3175,1,0.021492,199.994670,-0.01495735,64.6020,0,0.000000,0.000000
2018-10-30,0.00574406,91.8919,1,0.027464,261.213540,0.00292557,64.8946,1,0.051053,358.592826
2018-10-31,0.01668499,93.5604,1,0.032881,284.381370,-0.01733572,63.1610,0,0.000000,0.000000
2018-11-01,-0.00601526,92.9589,1,0.023666,182.282240,0.01631508,64.7925,1,0.039092,383.364037
2018-11-02,0.00084789,93.0436,1,0.030511,243.402620,-0.00298855,64.4936,1,0.038505,286.213680
2018-11-05,0.00616506,93.6601,1,0.031504,240.509720,-0.01784027,62.7096,1,0.030497,339.831830
2018-11-06,-0.01430375,92.2298,1,0.027805,242.299150,0.00660314,63.3699,1,0.044556,401.993350
2018-11-07,0.01799118,94.0289,1,0.023362,142.008970,-0.01737226,61.6327,1,0.039606,281.641870
2018-11-08,-0.00960188,93.0687,1,0.031828,262.358340,0.00129982,61.7627,0,0.000000,0.000000
2018-11-09,0.00184091,93.2528,1,0.032939,221.130960,-0.00257737,61.5049,1,0.051187,322.376323
2018-11-12,0.01299443,94.5522,1,0.018827,200.290090,0.04525032,66.0300,1,0.039408,339.835650
2018-11-13,-0.01931095,92.6211,1,0.025805,181.122110,-0.00392584,65.6374,1,0.023854,163.319960
2018-11-14,-0.00334536,92.2866,1,0.037456,260.111190,-0.00439478,65.1979,1,0.034388,341.619930
2018-11-15,-0.01037575,91.2490,1,0.032855,180.650480,0.02449281,67.6472,1,0.044289,279.796130
2018-11-16,-0.00523493,90.7255,1,0.035523,222.490300,-0.01219349,66.4278,1,0.039069,244.109210
2018-11-19,0.00607735,91.3333,1,0.021755,163.752470,-0.00008124,66.4197,1,0.045054,364.445020
2018-11-20,0.00206262,91.5395,1,0.050068,337.485770,-0.01080485,65.3392,1,0.046915,358.209810
2018-11-21,0.00123749,91.6633,1,0.020761,180.863590,-0.02222936,63.1163,0,0.000000,0.000000
2018-11-23,0.00105995,91.7693,1,0.034245,281.168410,-0.00489788,62.6265,1,0.050238,380.762287
2018-11-26,-0.00315995,91.4533,1,0.045595,200.267100,-0.00988333,61.6382,1,0.078073,340.058850
2018-11-27,0.00346211,91.7995,1,0.029559,242.979620,-0.00553502,61.0847,1,0.045092,323.332240
2018-11-28,0.00634403,92.4339,1,0.027267,221.193870,-0.01452165,59.6325,1,0.052015,320.563550
2018-11-29,0.01306978,93.7409,1,0.023932,242.702410,-0.01660365,57.9721,1,0.046775,363.589990
2018-11-30,0.00191568,93.9324,1,0.022432,201.104310,-0.00271438,57.7007,1,0.035758,379.501690
2018-12-03,-0.00461289,93.4712,1,0.024729,181.552060,-0.00650871,57.0498,1,0.036201,341.495020
2018-12-04,0.00846805,94.3180,1,0.010595,105.360260,0.01060847,58.1107,0,0.000000,0.000000
2018-12-06,-0.00143806,94.1742,1,0.042916,316.029040,0.00359954,58.4706,0,0.000000,0.000000
2018-12-07,-0.00205379,93.9688,1,0.025439,222.248790,-0.00137204,58.3334,1,0.048314,299.554252
2018-12-10,-0.00083944,93.8848,1,0.035234,199.764920,0.00218045,58.5515,0,0.000000,0.000000
2018-12-11,0.00544443,94.4293,1,0.037787,280.426810,0.00780255,59.3317,1,0.038115,279.183306
2018-12-12,-0.00093381,94.3359,1,0.024511,180.630550,-0.01052106,58.2796,1,0.035246,241.187670
2018-12-13,0.00183546,94.5194,1,0.013894,141.782710,-0.01623264,56.6564,1,0.053054,361.684280
2018-12-14,0.00149019,94.6685,1,0.018201,121.616700,0.01140493,57.7969,1,0.055167,380.516790
2018-12-17,0.00436441,95.1049,1,0.031769,200.412700,-0.01167076,56.6298,0,0.000000,0.000000
2018-12-18,-0.00555806,94.5491,1,0.031816,198.931770,0.00198530,56.8283,0,0.000000,0.000000
2018-12-19,0.02086996,96.6361,1,0.029024,221.183330,-0.01008050,55.8203,1,0.034510,257.687225
2018-12-20,-0.01617458,95.0186,1,0.025828,161.917240,0.00493525,56.3138,0,0.000000,0.000000
2018-12-21,0.00199947,95.2186,1,0.026873,141.874670,0.00399096,56.7129,0,0.000000,0.000000
2018-12-24,-0.00834543,94.3840,1,0.025563,180.289840,-0.00351523,56.3614,0,0.000000,0.000000
2018-12-26,-0.03028647,91.3554,1,0.047407,180.555160,0.00960878,57.3222,0,0.000000,0.000000
2018-12-27,-0.00326775,91.0286,1,0.041425,288.357740,0.00573731,57.8960,0,0.000000,0.000000
2018-12-28,-0.00230191,90.7984,1,0.010431,121.937970,0.00111492,58.0075,0,0.000000,0.000000
2018-12-31,-0.00027002,90.7714,1,0.039712,180.398940,-0.00322332,57.6851,1,0.055092,299.576427
2019-01-02,0.00751418,91.5228,1,0.049722,320.952850,-0.01354483,56.3306,0,0.000000,0.000000
2019-01-03,-0.00525038,90.9978,1,0.045858,281.470560,-0.01011633,55.3190,1,0.050313,341.339942
2019-01-04,0.00366286,91.3641,1,0.041644,202.400060,-0.01915311,53.4037,1,0.060801,359.563760
2019-01-07,-0.00592590,90.7715,1,0.039000,305.679630,-0.00295004,53.1087,0,0.000000,0.000000
2019-01-08,-0.00035418,90.7361,1,0.033038,222.854810,-0.00059682,53.0490,1,0.047492,348.528430
2019-01-09,0.00437096,91.1732,1,0.033054,183.552420,0.01188775,54.2378,0,0.000000,0.000000
2019-01-10,0.01022567,92.1957,1,0.033773,202.684310,-0.00847484,53.3903,1,0.045624,304.780725
2019-01-11,-0.00056919,92.1388,1,0.033179,202.552460,-0.00191553,53.1988,0,0.000000,0.000000
2019-01-14,0.00782627,92.9214,1,0.035663,161.301580,-0.00725637,52.4731,1,0.062417,321.986152
2019-01-15,-0.00635184,92.2863,1,0.019074,160.455090,-0.00073434,52.3997,1,0.036044,318.677080
2019-01-16,0.01249582,93.5358,1,0.040328,261.883450,-0.00512387,51.8873,0,0.000000,0.000000
2019-01-17,-0.01120134,92.4157,1,0.033854,221.234370,0.00732119,52.6194,1,0.041401,303.619128
2019-01-18,-0.00738749,91.6770,1,0.030779,181.899720,0.00028027,52.6474,0,0.000000,0.000000
2019-01-22,0.01602331,93.2793,1,0.028419,182.743050,0.00216225,52.8637,0,0.000000,0.000000
2019-01-23,-0.00177839,93.1015,1,0.022209,161.209610,0.00144327,53.0080,0,0.000000,0.000000
2019-01-24,-0.00326693,92.7748,1,0.031053,180.963110,-0.01448715,51.5593,1,0.047105,301.777123
2019-01-25,-0.00720284,92.0545,1,0.023474,181.449560,0.01368146,52.9274,1,0.042594,321.762190
2019-01-28,0.00275196,92.3297,1,0.023014,181.953230,-0.00508976,52.4184,1,0.030386,243.318500
2019-01-29,0.00200858,92.5305,1,0.027302,181.285970,0.00021741,52.4402,1,0.050959,340.094490
2019-01-30,-0.00300600,92.2299,1,0.029000,221.018960,-0.00278288,52.1619,1,0.033898,300.568040
2019-01-31,-0.00416592,91.8133,1,0.018532,162.214500,0.00069996,52.2319,0,0.000000,0.000000
2019-02-01,0.01089042,92.9024,1,0.026918,163.089060,-0.01428146,50.8038,1,0.040176,323.798063
2019-02-04,0.00394082,93.2965,1,0.036888,222.612160,-0.00575126,50.2286,1,0.055016,380.615310
2019-02-05,-0.00276155,93.0203,1,0.030555,161.250990,0.00069054,50.2977,1,0.045236,340.456390
2019-02-06,0.00368052,93.3884,1,0.014828,141.225160,-0.00571571,49.7261,1,0.041971,361.834050
2019-02-07,0.01255816,94.6442,1,0.023504,162.225320,-0.01006386,48.7197,1,0.045956,340.432520
2019-02-08,0.00780049,95.4242,1,0.014521,141.997540,0.00586482,49.3062,1,0.038358,359.568330
2019-02-11,-0.00038943,95.3853,1,0.020603,201.676410,-0.00544592,48.7616,1,0.028432,261.488220
2019-02-12,0.00187618,95.5729,1,0.018632,161.349420,0.00755896,49.5175,1,0.043874,321.023700
2019-02-13,0.00479451,96.0524,1,0.029939,223.018890,-0.01091526,48.4260,1,0.035076,263.008450
2019-02-14,-0.01143792,94.9086,1,0.037262,240.674350,0.00179475,48.6055,1,0.047815,380.823110
2019-02-15,0.00191273,95.0998,1,0.023457,100.543210,0.00365241,48.9707,1,0.026439,260.749930
2019-02-19,0.00335217,95.4350,1,0.027583,182.291250,-0.01254078,47.7166,0,0.000000,0.000000
2019-02-20,-0.00364203,95.0708,1,0.033063,240.731660,0.00902179,48.6188,1,0.046731,402.716120
2019-02-21,0.00568397,95.6392,1,0.019843,160.698360,-0.00919340,47.6995,1,0.034980,280.849770
2019-02-22,-0.00597673,95.0416,1,0.026903,201.279320,-0.00481844,47.2176,1,0.056884,359.708900
2019-02-25,-0.00944779,94.0968,1,0.022489,181.265870,0.00233627,47.4512,1,0.041783,361.968420
2019-02-26,0.01012102,95.1089,1,0.027938,181.232090,-0.00944256,46.5070,1,0.039066,300.392270
2019-02-27,0.00638671,95.7476,1,0.019989,141.176480,-0.01078618,45.4284,1,0.062628,359.990510
2019-02-28,0.00736096,96.4837,1,0.029914,161.883140,-0.00165021,45.2633,1,0.069881,342.792990
2019-03-01,-0.00701653,95.7820,1,0.022983,220.487090,0.00311716,45.5751,1,0.031264,299.805900
2019-03-04,0.01416095,97.1981,1,0.031465,201.110050,-0.00684097,44.8910,1,0.040907,321.758840
2019-03-05,0.00319541,97.5176,1,0.030689,220.249300,0.00903959,45.7949,1,0.045951,319.636210
2019-03-06,0.00130202,97.6478,1,0.021528,160.692770,0.00451812,46.2467,1,0.042118,300.701870
2019-03-07,-0.00994009,96.6538,1,0.025789,200.196170,0.01203612,47.4503,1,0.035858,319.521550
2019-03-08,0.00542802,97.1966,1,0.015558,179.624040,-0.00136219,47.3141,1,0.027639,262.080890
2019-03-11,0.00223107,97.4197,1,0.032083,239.934480,-0.00230820,47.0833,1,0.038120,300.302220
2019-03-12,-0.00821883,96.5979,1,0.032923,222.031130,0.00158644,47.2420,0,0.000000,0.000000
2019-03-13,-0.00071981,96.5259,1,0.027691,201.481900,-0.00185869,47.0561,1,0.053189,303.291775
2019-03-14,0.00290003,96.8159,1,0.023747,181.130750,0.00312761,47.3688,1,0.044499,321.008800
2019-03-15,0.00489865,97.3057,1,0.027735,220.263470,0.00129618,47.4985,1,0.037392,280.426080
2019-03-18,-0.00029270,97.2765,1,0.021510,220.988880,-0.00463965,47.0345,1,0.029595,321.233570
2019-03-19,0.00369451,97.6459,1,0.022979,181.320520,0.00010074,47.0446,1,0.040716,301.615130
2019-03-20,-0.01441986,96.2039,1,0.018086,120.932570,0.00388552,47.4331,1,0.033148,300.129110
2019-03-21,-0.00777700,95.4262,0,0.000000,0.000000,0.00256766,47.6899,1,0.043234,320.515700
2019-03-22,-0.00122140,95.3041,1,0.031470,223.907545,-0.00114223,47.5757,0,0.000000,0.000000
2019-03-25,-0.00882946,94.4212,1,0.021816,180.651170,0.00675854,48.2515,1,0.046086,343.361828
2019-03-26,0.00236637,94.6578,1,0.015803,81.598550,-0.00702060,47.5495,1,0.044440,261.556240
2019-03-27,0.00228629,94.8864,1,0.019011,161.466680,0.01092706,48.6422,0,0.000000,0.000000
2019-03-28,-0.00524720,94.3617,1,0.022620,141.662880,0.01282595,49.9248,1,0.033695,261.560861
2019-03-29,0.00582562,94.9443,1,0.019878,121.893420,-0.00146825,49.7779,1,0.033625,222.154190
2019-04-01,0.00353216,95.2975,1,0.034384,221.749240,0.02238595,52.0165,1,0.049175,321.009380
2019-04-02,-0.01212874,94.0846,1,0.048654,282.955940,0.00728923,52.7455,1,0.040927,263.652690
2019-04-03,0.00894839,94.9794,1,0.041671,261.718340,0.00560853,53.3063,1,0.043067,281.223730
2019-04-04,-0.01013194,93.9663,1,0.016614,161.818970,0.01101374,54.4077,1,0.039106,301.069440
2019-04-05,-0.00541119,93.4251,1,0.026589,181.721400,0.00113671,54.5214,1,0.039419,261.722880
2019-04-08,-0.00060750,93.3644,1,0.022220,162.218850,0.00579918,55.1013,0,0.000000,0.000000
2019-04-09,-0.00007875,93.3565,1,0.019355,141.313230,-0.00477024,54.6243,1,0.038914,282.294465
2019-04-10,-0.00701855,92.6547,1,0.022535,161.369260,-0.00262271,54.3620,1,0.041141,299.687750
2019-04-11,-0.01070338,91.5843,1,0.014268,161.734920,0.00220338,54.5823,1,0.040302,341.774030
2019-04-12,0.00563708,92.1480,1,0.025032,180.351410,0.00467666,55.0500,1,0.043394,301.107000
2019-04-15,0.00303944,92.4520,1,0.030406,182.627120,-0.00502823,54.5472,1,0.043613,321.496980
2019-04-16,-0.00441631,92.0103,1,0.018891,120.256950,-0.01337469,53.2097,1,0.040809,299.839970
2019-04-17,-0.00012521,91.9978,1,0.033821,220.402580,0.01576837,54.7865,1,0.057403,360.453920
2019-04-18,0.00398311,92.3961,1,0.022649,161.796860,-0.01149480,53.6370,1,0.023660,201.281820
2019-04-22,-0.00501674,91.8945,1,0.032614,200.644420,0.00199758,53.8368,1,0.050232,360.772780
2019-04-23,-0.00219061,91.6754,1,0.037961,201.060180,-0.00241200,53.5956,1,0.052900,320.540770
2019-04-24,0.00382138,92.0575,1,0.021852,162.672080,-0.01804079,51.7915,0,0.000000,0.000000
2019-04-25,-0.00153731,91.9038,1,0.031591,200.823930,0.00443452,52.2350,1,0.064278,382.366979
2019-04-26,-0.00488498,91.4153,1,0.029318,219.615080,0.00828783,53.0638,1,0.041067,281.596670
2019-04-29,-0.00527574,90.8877,1,0.024914,201.774480,-0.01393477,51.6703,1,0.037597,241.457230
2019-04-30,0.00699147,91.5869,1,0.021263,160.686980,-0.00079136,51.5911,1,0.054276,340.465400
2019-05-01,-0.01223280,90.3636,1,0.026620,221.694670,0.01230598,52.8217,1,0.044802,341.923880
2019-05-02,-0.00727526,89.6361,1,0.033576,199.657400,0.00807280,53.6290,0,0.000000,0.000000
2019-05-03,0.00253100,89.8892,1,0.023620,201.440150,0.00925355,54.5544,1,0.040575,280.734926
2019-05-06,0.00189466,90.0786,1,0.034844,241.965620,-0.00503955,54.0504,1,0.055305,322.751550
2019-05-07,0.00071729,90.1504,1,0.024741,199.603570,0.00961878,55.0123,1,0.047982,319.997890
2019-05-08,0.00110190,90.2606,1,0.025670,160.614930,0.00307856,55.3202,0,0.000000,0.000000
2019-05-09,0.00441839,90.7024,1,0.023721,160.272020,0.00819684,56.1398,1,0.058506,318.436770
2019-05-10,-0.00264325,90.4381,1,0.019235,180.842420,0.00759045,56.8989,1,0.044495,321.084210
2019-05-13,-0.00571958,89.8661,1,0.012398,121.597570,0.02668574,59.5675,1,0.041286,301.615780
2019-05-14,0.00702219,90.5683,1,0.018671,160.712040,-0.02256361,57.3111,1,0.031051,221.502460
2019-05-15,-0.00744828,89.8235,1,0.034338,221.956690,0.00113510,57.4246,1,0.052130,401.588070
2019-05-16,-0.00188088,89.6354,1,0.026138,161.393690,0.00374229,57.7988,1,0.036281,320.874140
2019-05-17,0.00700577,90.3360,1,0.024363,141.786950,-0.00674205,57.1246,1,0.037225,281.764070
2019-05-20,-0.00429236,89.9068,1,0.023216,179.697400,0.01976016,59.1007,1,0.061684,359.180780
2019-05-21,0.00456147,90.3629,1,0.014053,100.978780,-0.01047803,58.0529,1,0.030523,201.298200
2019-05-22,-0.00136615,90.2263,1,0.042805,222.410900,0.00879502,58.9324,0,0.000000,0.000000
2019-05-23,-0.01579768,88.6465,1,0.034588,199.948130,0.02373305,61.3057,1,0.048785,281.653135
2019-05-24,0.00036090,88.6826,1,0.019750,160.947100,-0.00278004,61.0277,1,0.037184,240.568010
2019-05-28,0.00088819,88.7714,1,0.039071,220.576840,0.00050827,61.0785,1,0.056133,340.036780
2019-05-29,0.00967596,89.7390,1,0.024264,180.041970,-0.00623644,60.4548,0,0.000000,0.000000
2019-05-30,-0.00784267,88.9548,1,0.019307,141.892780,0.00298578,60.7534,1,0.046912,337.734295
2019-05-31,0.00197578,89.1523,1,0.024662,141.192820,0.01105301,61.8587,1,0.042829,281.491190
2019-06-03,0.00583931,89.7363,1,0.044599,241.556500,-0.00315603,61.5431,1,0.038623,261.262070
2019-06-04,0.00811458,90.5477,1,0.027812,182.941650,-0.01275052,60.2681,1,0.051952,322.583940
2019-06-05,0.00939462,91.4872,1,0.034268,283.338670,-0.02598263,57.6698,1,0.043313,364.393660
2019-06-06,-0.00272583,91.2146,1,0.038703,281.931610,0.00282625,57.9524,1,0.060815,402.617110
2019-06-07,0.00823635,92.0382,1,0.026825,142.153000,-0.00367211,57.5852,1,0.038001,282.054500
2019-06-10,0.01124613,93.1628,1,0.027527,221.369380,0.00750135,58.3353,1,0.042475,341.568550
2019-06-11,-0.00337549,92.8253,1,0.035729,201.830920,0.00459317,58.7947,1,0.055193,320.907230
2019-06-12,0.00261275,93.0866,1,0.034075,220.881060,-0.01266520,57.5281,1,0.055790,281.026850
2019-06-13,-0.00563760,92.5228,1,0.032710,200.706090,-0.00772599,56.7555,1,0.048509,339.729490
2019-06-14,0.00142294,92.6651,1,0.039446,202.179650,-0.00839041,55.9165,1,0.055641,341.657610
2019-06-17,-0.00324954,92.3402,1,0.037334,199.474880,0.00324997,56.2415,1,0.061713,339.240500
2019-06-18,0.00907844,93.2480,1,0.038526,181.211440,0.00062414,56.3039,1,0.058696,341.505670
2019-06-19,0.00262111,93.5101,1,0.037209,203.013990,0.00100772,56.4047,1,0.047848,302.457490
2019-06-20,0.00598837,94.1089,1,0.031663,181.232840,-0.00858878,55.5458,1,0.051708,321.386860
2019-06-21,-0.01067845,93.0411,1,0.029715,201.342260,0.01021812,56.5676,1,0.053378,342.349590
2019-06-24,-0.00084274,92.9568,1,0.028744,161.016910,0.00024291,56.5919,1,0.034169,261.089310
2019-06-25,0.00530475,93.4873,1,0.024665,180.581870,0.00209349,56.8013,1,0.054091,319.668040
2019-06-26,-0.00461339,93.0260,1,0.020659,160.455480,-0.00717813,56.0834,1,0.036643,280.496700
2019-06-27,0.00128991,93.1550,1,0.020559,161.571840,-0.00787191,55.2963,1,0.058211,339.057450
2019-06-28,-0.00031775,93.1232,1,0.020555,161.690970,0.00206977,55.5032,1,0.043353,341.544040
2019-07-01,0.00161776,93.2850,1,0.017354,141.598640,0.00853884,56.3571,0,0.000000,0.000000
2019-07-02,0.01768771,95.0537,1,0.032789,202.055870,-0.01174016,55.1831,1,0.036966,283.257337
2019-07-03,0.00188510,95.2422,1,0.028200,202.426680,0.00294479,55.4776,1,0.050411,380.643410
2019-07-05,0.00044013,95.2862,1,0.045647,181.952390,-0.00257714,55.2199,0,0.000000,0.000000
2019-07-08,-0.00035385,95.2509,1,0.025265,220.267040,0.00180579,55.4004,1,0.044971,361.539926
2019-07-09,0.00214939,95.4658,1,0.023841,160.705320,-0.00203274,55.1972,1,0.037714,300.298870
2019-07-10,0.00174551,95.6404,1,0.009849,81.490460,0.00620662,55.8178,1,0.039558,301.052980
2019-07-11,0.00706757,96.3471,1,0.018063,120.759200,-0.01685810,54.1320,1,0.034960,281.641940
2019-07-12,0.00205196,96.5523,1,0.028744,180.432900,0.00279304,54.4113,1,0.049476,319.598730
2019-07-15,-0.00990239,95.5621,1,0.027469,162.358820,0.00469997,54.8813,1,0.044943,301.736080
2019-07-16,-0.00094190,95.4679,1,0.028660,161.563490,0.00657878,55.5392,1,0.047022,321.421180
2019-07-17,0.01111582,96.5795,1,0.025398,160.743630,-0.00171141,55.3681,1,0.044331,300.673020
2019-07-18,0.00611368,97.1908,1,0.026762,160.780860,0.00716623,56.0847,1,0.057267,339.819790
2019-07-19,-0.01074933,96.1159,1,0.040183,221.243350,-0.00429263,55.6554,1,0.048503,281.499970
2019-07-22,0.00149306,96.2652,1,0.024654,160.804470,0.00434368,56.0898,1,0.042502,300.225380
2019-07-23,-0.00301230,95.9640,1,0.034980,200.788920,0.00007696,56.0975,1,0.045794,320.269270
2019-07-24,-0.01917274,94.0467,1,0.016914,121.766110,0.00499826,56.5973,1,0.047724,301.071330
2019-07-25,0.01558107,95.6048,1,0.030033,141.624240,-0.01993824,54.6035,1,0.050584,243.138410
2019-07-26,0.00356082,95.9609,1,0.048198,220.918880,0.00320143,54.9236,1,0.070057,398.837600
2019-07-29,0.00631656,96.5925,1,0.030744,161.570140,0.01025022,55.9487,1,0.038868,262.299660
2019-07-30,0.00573864,97.1664,1,0.028106,180.549720,-0.01841253,54.1074,1,0.044693,281.134950
2019-07-31,-0.00516030,96.6504,1,0.024940,182.060690,0.01372929,55.4803,1,0.051701,381.679280
2019-08-01,0.00912412,97.5628,1,0.031838,180.782650,0.00171139,55.6515,0,0.000000,0.000000
2019-08-02,0.00932790,98.4956,1,0.019970,141.255490,0.01002354,56.6538,1,0.058016,317.871786
2019-08-05,-0.00531432,97.9641,1,0.020522,140.739420,0.01388151,58.0420,1,0.042549,240.643550
2019-08-06,-0.00402141,97.5620,1,0.022441,121.649330,0.00789827,58.8318,0,0.000000,0.000000
2019-08-07,-0.00168582,97.3934,1,0.032582,161.841520,0.00842823,59.6746,0,0.000000,0.000000
2019-08-08,0.00469071,97.8625,1,0.018039,161.476040,0.00548669,60.2233,1,0.047041,279.519099
2019-08-09,-0.00111891,97.7506,1,0.033921,204.184110,0.00670318,60.8936,0,0.000000,0.000000
2019-08-12,-0.01088145,96.6625,1,0.035885,219.442410,0.01278440,62.1721,1,0.035200,261.778546
2019-08-13,0.00519922,97.1824,1,0.011478,101.532700,-0.00424602,61.7474,1,0.038432,299.735120
2019-08-14,-0.00565367,96.6170,1,0.025737,202.064700,0.01850694,63.5981,0,0.000000,0.000000
2019-08-15,-0.00491466,96.1255,1,0.046426,217.571890,0.01372786,64.9709,0,0.000000,0.000000
2019-08-16,0.00939752,97.0653,1,0.016738,121.456080,-0.01852922,63.1180,1,0.057692,280.480925
2019-08-19,-0.00873584,96.1917,1,0.041494,242.483270,-0.02270759,60.8472,0,0.000000,0.000000
2019-08-20,-0.00565300,95.6264,1,0.040490,202.957390,0.00211170,61.0584,0,0.000000,0.000000
2019-08-21,0.00199318,95.8257,1,0.050342,219.565950,-0.00014091,61.0443,0,0.000000,0.000000
2019-08-22,-0.00328100,95.4976,0,0.000000,0.000000,0.01336862,62.3812,0,0.000000,0.000000
2019-08-23,-0.01471180,94.0264,0,0.000000,0.000000,0.00831006,63.2122,1,0.061194,306.561668
2019-08-26,-0.00174464,93.8520,1,0.040524,218.367812,0.00435787,63.6480,0,0.000000,0.000000
2019-08-27,0.00773627,94.6256,1,0.044743,201.933020,0.00456703,64.1047,0,0.000000,0.000000
2019-08-28,0.01243990,95.8696,1,0.040130,182.019350,-0.01887822,62.2169,1,0.046902,278.266584
2019-08-29,-0.00451553,95.4180,1,0.043793,202.651480,0.00697004,62.9139,1,0.065326,401.000820
2019-08-30,-0.00736745,94.6813,1,0.031635,163.155160,0.00766411,63.6803,0,0.000000,0.000000
2019-09-03,0.00638434,95.3197,1,0.037526,201.488110,-0.00542758,63.1375,1,0.040508,284.118644
2019-09-04,0.00768453,96.0882,1,0.029007,199.585660,-0.00269549,62.8680,1,0.050529,299.516210
2019-09-05,-0.00995657,95.0925,1,0.042717,282.032060,0.01724191,64.5922,1,0.046859,322.108780
2019-09-06,0.00019770,95.1123,1,0.038350,223.049060,0.00669973,65.2621,1,0.037317,242.902690
2019-09-09,0.00539178,95.6515,1,0.048182,260.484660,0.01056671,66.3188,1,0.047709,281.110810
2019-09-10,0.00557217,96.2087,1,0.039893,221.918200,0.03413020,69.7318,1,0.052600,302.045740
2019-09-11,-0.00703945,95.5048,1,0.032865,222.581210,0.00364912,70.0967,1,0.033088,223.339460
2019-09-12,0.00659825,96.1646,1,0.032105,201.977740,-0.00232483,69.8643,1,0.051993,301.997600
2019-09-13,-0.00325528,95.8391,1,0.035178,201.334390,-0.01119337,68.7449,1,0.055657,341.151490
2019-09-16,-0.03041763,92.7973,1,0.038323,200.512050,0.02584321,71.3292,1,0.062319,360.261220
2019-09-17,0.02489600,95.2869,1,0.025110,164.071960,-0.01082406,70.2468,1,0.039076,263.795720
2019-09-18,0.00647356,95.9342,1,0.034884,183.918930,0.00623398,70.8702,1,0.060342,320.014690
2019-09-19,-0.00164140,95.7701,1,0.045770,220.912900,-0.01505245,69.3650,1,0.053095,260.479480
2019-09-20,0.00608116,96.3782,1,0.028414,141.779690,0.01004156,70.3691,1,0.077384,340.660170
2019-09-23,-0.00194191,96.1840,1,0.034101,221.067530,-0.00208598,70.1605,1,0.046178,241.379400
2019-09-24,0.00885819,97.0698,1,0.029981,180.571990,-0.01000153,69.1604,1,0.055343,300.512360
2019-09-25,-0.00674056,96.3958,1,0.014536,141.469480,-0.00568480,68.5919,1,0.072150,358.871430
2019-09-26,0.00725597,97.1214,1,0.015043,141.183820,-0.00924319,67.6676,1,0.048749,341.389650
2019-09-27,-0.00913889,96.2075,1,0.028949,160.858580,-0.00383309,67.2843,1,0.064729,360.330550
2019-09-30,0.00887510,97.0950,1,0.027970,161.893960,-0.00876037,66.4082,1,0.050647,320.683680
2019-10-01,0.00662247,97.7573,1,0.038623,221.726540,-0.00490109,65.9181,0,0.000000,0.000000
2019-10-02,0.00720680,98.4779,1,0.023570,162.602530,0.00621353,66.5395,1,0.065887,341.373931
2019-10-03,0.00567625,99.0456,1,0.019705,141.879030,-0.00189914,66.3496,0,0.000000,0.000000
2019-10-04,0.01331984,100.3775,1,0.044816,181.607430,-0.00782651,65.5669,1,0.065251,298.306826
2019-10-07,0.00657242,101.0348,1,0.045358,242.021000,0.00854272,66.4212,0,0.000000,0.000000
2019-10-08,0.00593253,101.6280,1,0.038617,180.618220,0.01754471,68.1757,1,0.046449,241.424719
2019-10-09,0.00136033,101.7641,1,0.037097,220.244090,0.00025363,68.2010,0,0.000000,0.000000
2019-10-10,0.00361926,102.1260,1,0.044784,241.539550,-0.00410224,67.7908,0,0.000000,0.000000
2019-10-11,-0.01103722,101.0223,1,0.044852,281.591550,0.01357939,69.1487,1,0.051441,320.175690
2019-10-14,0.00359945,101.3822,1,0.030725,183.897590,0.00236830,69.3856,1,0.044780,264.272180
2019-10-15,-0.00431103,100.9511,1,0.031023,220.039790,0.00645280,70.0309,1,0.047590,300.027530
2019-10-16,-0.00974938,99.9762,1,0.029098,201.262480,-0.00517688,69.5132,1,0.043418,281.329810
2019-10-17,-0.00214538,99.7616,1,0.034618,180.647800,-0.00860395,68.6528,1,0.037205,300.664450
2019-10-18,-0.00510472,99.2512,1,0.035992,201.234940,0.00415407,69.0682,1,0.035813,281.287690
2019-10-21,0.00242730,99.4939,1,0.020920,160.560480,-0.00058266,69.0099,1,0.041996,281.102900
2019-10-22,-0.01379396,98.1145,1,0.019936,142.247090,0.00916136,69.9260,1,0.028944,281.023950
2019-10-23,0.00197074,98.3116,1,0.020336,180.849060,-0.00138676,69.7874,1,0.045976,281.239560
2019-10-24,-0.00737374,97.5742,1,0.025374,182.291410,0.00579484,70.3669,1,0.034146,261.867540
2019-10-25,0.01726719,99.3009,1,0.033681,221.911440,-0.02015393,68.3515,1,0.054863,302.617290
2019-10-28,-0.01226108,98.0748,1,0.035868,223.208540,0.00878315,69.2298,1,0.059265,358.990410
2019-10-29,-0.00843591,97.2312,1,0.040501,220.407940,0.00016954,69.2467,1,0.046606,281.240560
2019-10-30,0.00551009,97.7822,1,0.014891,141.984990,-0.02055696,67.1910,1,0.037526,321.278180
2019-10-31,0.01217024,98.9993,1,0.053296,181.448480,-0.01971315,65.2197,1,0.066165,380.420830
2019-11-01,-0.00916653,98.0826,1,0.021513,180.744160,-0.00350311,64.8694,1,0.041831,339.183690
2019-11-04,-0.02703397,95.3792,1,0.029507,202.551700,0.03420544,68.2900,1,0.046996,343.697200
2019-11-05,-0.00364763,95.0144,1,0.019833,122.254190,0.00095068,68.3850,1,0.025622,183.082840
2019-11-06,0.01722180,96.7366,1,0.023620,140.395150,-0.00876225,67.5088,1,0.038285,300.131010
2019-11-07,0.00051076,96.7877,1,0.031094,140.957840,-0.02000957,65.5078,1,0.065447,340.555000
2019-11-08,-0.00895635,95.8921,1,0.021395,181.520950,-0.00433085,65.0748,1,0.046435,400.793330
2019-11-11,0.00136090,96.0282,1,0.010300,101.785880,-0.00374302,64.7005,1,0.038352,300.204850
2019-11-12,-0.00196855,95.8313,1,0.020325,180.088630,0.00430027,65.1305,1,0.047693,339.849610
2019-11-13,0.00507060,96.3384,1,0.024780,200.431810,0.00433993,65.5645,1,0.045657,300.893640
2019-11-14,0.00329680,96.6680,1,0.024050,181.464120,0.00139876,65.7043,1,0.041604,281.528630
2019-11-15,-0.00932690,95.7354,1,0.025850,141.430570,0.00327271,66.0316,1,0.057929,340.722880
2019-11-18,0.00120893,95.8562,1,0.011587,121.742120,-0.00113979,65.9176,1,0.041679,321.757740
2019-11-19,0.00322188,96.1784,1,0.013962,121.686900,-0.00008284,65.9094,1,0.035994,301.370100
2019-11-20,-0.00444950,95.7335,1,0.025950,200.951990,-0.00240974,65.6684,1,0.036494,261.485450
2019-11-21,-0.00869490,94.8640,1,0.037040,221.071880,-0.00389488,65.2789,1,0.041018,262.011840
2019-11-22,0.00291002,95.1550,1,0.018768,160.960970,0.00341027,65.6199,1,0.047393,320.414650
2019-11-25,-0.00097268,95.0577,1,0.019658,161.107030,-0.00748540,64.8714,1,0.036490,260.979620
2019-11-26,0.00323633,95.3814,1,0.037987,220.809590,-0.00471607,64.3998,1,0.055187,341.582270
2019-11-27,-0.00230565,95.1508,1,0.036605,241.177640,-0.00572868,63.8269,1,0.048098,301.732500
2019-11-29,0.00144993,95.2958,1,0.037847,200.902860,-0.00393930,63.4330,1,0.059150,361.167690
2019-12-02,-0.00460671,94.8351,1,0.031991,159.687060,0.00387565,63.8205,1,0.056155,259.563820
2019-12-03,0.01162524,95.9976,1,0.022786,161.532580,0.00158329,63.9789,1,0.055191,321.364760
2019-12-04,-0.00128238,95.8694,1,0.023358,162.156330,-0.01036572,62.9423,1,0.038232,300.487560
2019-12-05,0.00041313,95.9107,1,0.028537,202.479420,-0.00187724,62.7546,1,0.040654,342.451360
2019-12-06,0.00814303,96.7250,1,0.033057,199.546310,-0.00754576,62.0000,1,0.064966,320.910950
2019-12-09,-0.00588185,96.1368,1,0.027175,162.761260,0.00466942,62.4669,1,0.059738,321.885710
2019-12-10,-0.00634698,95.5021,1,0.022058,121.295430,0.00049616,62.5166,1,0.039564,300.950260
2019-12-11,-0.00971595,94.5305,1,0.028425,160.918680,0.00675874,63.1924,1,0.054996,300.061660
2019-12-12,0.00731440,95.2620,1,0.022240,141.001430,0.02374912,65.5673,1,0.046798,340.471810
2019-12-13,0.01550048,96.8120,1,0.039132,221.654160,-0.01360227,64.2071,1,0.046767,242.892050
2019-12-16,-0.00153453,96.6586,1,0.023833,200.845100,0.00126556,64.3337,1,0.053844,378.998780
2019-12-17,-0.00705467,95.9531,1,0.023047,162.179560,-0.01199173,63.1345,0,0.000000,0.000000
2019-12-18,-0.00111421,95.8417,1,0.029551,160.801140,-0.00298175,62.8363,1,0.070645,363.267095
2019-12-19,0.00383026,96.2247,1,0.028654,181.842950,-0.00380712,62.4556,1,0.063302,321.104610
2019-12-20,0.00124040,96.3488,1,0.027930,200.620520,-0.01050098,61.4055,1,0.053818,321.221970
2019-12-23,-0.00118083,96.2307,1,0.010643,141.608530,-0.02744820,58.6607,1,0.033820,321.470720
2019-12-24,0.00422508,96.6532,1,0.019552,140.651920,-0.00729906,57.9308,1,0.066286,401.410820
2019-12-26,-0.00369283,96.2839,1,0.034243,140.667280,-0.01061401,56.8694,1,0.081811,380.050500
2019-12-27,0.00425564,96.7095,1,0.016076,140.993620,-0.00340612,56.5288,1,0.047992,359.987670
2019-12-30,0.00108888,96.8183,1,0.021232,140.485300,-0.00531977,55.9968,1,0.041497,320.313640
2019-12-31,0.00411002,97.2293,1,0.020718,120.893420,-0.00551811,55.4450,1,0.051511,360.087440
