date,model_ret,model_equity,model_rebalanced,model_cost,model_traded,naive_ret,naive_equity,naive_rebalanced,naive_cost,naive_traded
2015-01-02,0.00228253,100.2283,1,0.036147,200.000000,0.00000000,100.0000,0,0.000000,0.000000
2015-01-05,-0.00489096,99.7392,1,0.041326,220.095900,0.00264532,100.2645,1,0.030678,200.000000
2015-01-06,-0.01157209,98.5819,1,0.013219,121.782430,0.00844747,101.1093,0,0.000000,0.000000
2015-01-07,-0.00988433,97.5935,1,0.038503,239.498230,0.00377312,101.4866,1,0.054938,277.881956
2015-01-08,0.00129870,97.7234,1,0.028780,242.753710,0.00694799,102.1814,0,0.000000,0.000000
2015-01-09,-0.00444896,97.2785,1,0.041346,223.626530,0.00466151,102.6475,0,0.000000,0.000000
2015-01-12,-0.00488843,96.7896,1,0.027563,160.316030,0.00944889,103.5924,1,0.032891,245.620763
2015-01-13,0.00401966,97.1916,1,0.016644,121.965720,0.00890589,104.4830,1,0.044391,260.819140
2015-01-14,-0.00861735,96.3299,1,0.015335,121.269290,0.00629021,105.1120,1,0.036039,241.261900
2015-01-15,-0.00468553,95.8613,1,0.015763,141.439220,0.00871963,105.9840,1,0.046707,301.677900
2015-01-16,-0.00383686,95.4776,1,0.027106,181.965590,-0.00049348,105.9347,1,0.040628,279.754950
2015-01-20,-0.00128628,95.3490,1,0.027018,202.682180,0.01088070,107.0227,0,0.000000,0.000000
2015-01-21,-0.00319879,95.0291,1,0.027919,179.896450,-0.00274564,106.7482,1,0.029324,243.646038
2015-01-22,-0.00835148,94.1940,1,0.031038,221.178060,-0.01114100,105.6341,1,0.031720,261.803720
2015-01-23,-0.00111734,94.0822,1,0.033214,221.443610,-0.00152932,105.4811,0,0.000000,0.000000
2015-01-26,-0.00372201,93.7100,1,0.027611,181.662840,-0.00081012,105.4001,1,0.041352,301.527565
2015-01-27,0.00120101,93.8301,1,0.030899,182.044770,-0.00361717,105.0384,0,0.000000,0.000000
2015-01-28,0.00540438,94.3706,1,0.017842,159.606440,-0.00180149,104.8583,1,0.050569,361.561775
2015-01-29,0.00116743,94.4873,1,0.015957,121.983220,0.00907414,105.7657,0,0.000000,0.000000
2015-01-30,-0.01833615,92.6537,1,0.037715,261.237880,-0.00598953,105.1667,1,0.041773,341.017549
2015-02-02,0.00204400,92.8581,1,0.047970,276.815000,0.00174922,105.3416,0,0.000000,0.000000
2015-02-03,0.00023026,92.8811,1,0.031104,242.863710,0.01095936,106.4376,1,0.043934,298.447597
2015-02-04,-0.00106310,92.7748,1,0.023240,202.756210,-0.00409789,106.0278,1,0.041049,303.100890
2015-02-05,-0.00015498,92.7593,1,0.023498,161.099310,-0.01214449,104.8133,1,0.037189,319.605560
2015-02-06,0.00888665,93.6480,1,0.032465,242.933040,0.01066483,105.8798,0,0.000000,0.000000
2015-02-09,0.00836873,94.4849,1,0.047787,260.195970,0.00588575,106.4684,1,0.053155,303.288245
2015-02-10,0.00803832,95.2887,1,0.036768,220.276660,-0.00557277,105.9111,1,0.043327,299.756550
2015-02-11,0.00193375,95.4821,1,0.034285,221.748200,0.00911752,106.8229,0,0.000000,0.000000
2015-02-12,0.01472189,96.9543,1,0.018531,160.982820,0.00646314,107.4692,1,0.038426,262.300159
2015-02-13,0.00296283,97.2505,1,0.023697,183.470920,0.01059480,108.5287,0,0.000000,0.000000
2015-02-17,0.00783090,98.0336,1,0.023890,241.444240,-0.00121705,108.4070,1,0.038645,284.367697
2015-02-18,0.00885468,98.9191,1,0.034692,201.853460,-0.00656857,107.7501,1,0.050987,339.778700
2015-02-19,-0.00139968,98.7791,1,0.044048,240.903520,-0.00584054,107.1660,1,0.056934,321.206250
2015-02-20,-0.00877191,97.9019,1,0.032171,240.639440,0.00764820,107.9309,1,0.056160,359.551960
2015-02-23,0.00236194,98.1381,1,0.031036,220.783380,-0.01094511,106.8364,0,0.000000,0.000000
2015-02-24,0.01726260,99.8644,1,0.029180,240.200350,-0.00771728,106.0646,1,0.051518,362.996687
2015-02-25,-0.00251411,99.6130,1,0.024641,161.684340,-0.01461830,104.6028,1,0.050510,340.300570
2015-02-26,0.00396460,100.0095,1,0.031490,240.740370,-0.00316748,104.2860,1,0.061328,340.840920
2015-02-27,0.00332218,100.3417,1,0.017592,160.581630,-0.00647222,103.6388,1,0.038592,320.121900
2015-03-02,0.00251590,100.5933,1,0.045660,280.857050,-0.00495875,103.1430,1,0.056285,321.151970
2015-03-03,-0.00379333,100.2139,1,0.033193,181.813050,-0.00608848,102.5341,1,0.053658,301.694390
2015-03-04,0.00525693,100.7396,1,0.033087,240.440720,-0.00753324,101.7808,1,0.044154,320.295410
2015-03-05,0.00893870,101.6335,1,0.029410,220.103140,-0.00956408,100.8244,0,0.000000,0.000000
2015-03-06,0.00536508,102.1700,1,0.040632,280.878600,0.00312910,101.1373,1,0.049100,340.246540
2015-03-09,-0.00555528,101.6145,1,0.025898,219.717660,0.00144383,101.2817,0,0.000000,0.000000
2015-03-10,-0.00005256,101.6092,1,0.034876,260.620150,-0.00344976,100.9367,1,0.044766,300.298405
2015-03-11,0.00050414,101.6596,1,0.028846,179.740780,0.01015597,101.9523,0,0.000000,0.000000
2015-03-12,-0.00255779,101.4038,1,0.031139,181.198720,-0.00002203,101.9501,1,0.042263,280.041609
2015-03-13,-0.00298274,101.1056,1,0.032474,242.051340,0.00429318,102.3794,0,0.000000,0.000000
2015-03-16,0.00119728,101.2253,1,0.035042,220.083000,-0.00358613,102.0208,1,0.042003,301.657909
2015-03-17,-0.00675439,100.5499,1,0.042439,242.479670,0.00627867,102.6487,0,0.000000,0.000000
2015-03-18,-0.00224733,100.3251,1,0.031993,200.648000,-0.00758864,101.8898,1,0.042224,262.191022
2015-03-19,-0.00872894,99.4522,1,0.033054,203.217660,0.00820332,102.7101,0,0.000000,0.000000
2015-03-20,0.00358280,99.8105,1,0.022310,220.766980,-0.00750351,101.9598,1,0.040761,262.417980
2015-03-23,-0.00009581,99.8009,1,0.024341,222.220370,0.00003813,101.9636,0,0.000000,0.000000
2015-03-24,0.00627915,100.4288,1,0.039915,260.613200,-0.00186034,101.7776,1,0.031244,280.555053
2015-03-25,0.00083650,100.5125,1,0.023950,180.229690,0.01026556,102.8041,1,0.045494,299.648450
2015-03-26,-0.00384350,100.1282,1,0.023180,219.942020,-0.00752095,102.0520,0,0.000000,0.000000
2015-03-27,0.00683091,100.8112,1,0.039559,259.770990,-0.00644732,101.4073,1,0.051252,357.053642
2015-03-30,0.00122546,100.9338,1,0.036444,241.940050,-0.00277231,101.1300,1,0.046201,302.181600
2015-03-31,-0.00318674,100.6151,1,0.037464,262.034630,0.00126756,101.2568,0,0.000000,0.000000
2015-04-01,0.00209266,100.8244,1,0.044334,280.176450,0.00325908,101.5827,1,0.043402,282.266107
2015-04-02,-0.00550241,100.2741,1,0.035571,260.033480,0.00023129,101.6058,1,0.037151,300.019370
2015-04-06,-0.00371298,99.9028,1,0.030908,202.061310,0.00862557,102.4684,1,0.036963,281.164220
2015-04-07,0.01200646,101.1035,1,0.028484,182.018050,-0.00576677,101.8917,1,0.042537,262.038420
2015-04-08,0.00558083,101.6616,1,0.031807,220.088330,0.00031384,101.9231,1,0.052016,319.697540
2015-04-09,0.01248888,102.9105,1,0.038332,260.976290,0.00669778,102.5929,1,0.046642,281.789480
2015-04-10,0.00577907,103.4884,1,0.034323,260.380940,0.00067957,102.6608,1,0.038563,282.343820
2015-04-13,0.00340983,103.8293,1,0.030987,181.685730,0.00177061,102.8379,1,0.042249,301.130440
2015-04-14,-0.00216775,103.6126,1,0.033585,160.761430,-0.00314186,102.5237,0,0.000000,0.000000
2015-04-15,-0.00033798,103.5788,1,0.037188,220.494530,0.00700619,103.2243,1,0.041511,320.085046
2015-04-16,0.00489245,104.0680,1,0.023015,142.421650,-0.00554298,102.6700,1,0.037578,261.789450
2015-04-17,0.00039076,104.1071,1,0.026894,219.962440,-0.00120552,102.5495,1,0.041652,299.608120
2015-04-20,-0.00260015,103.8471,1,0.029845,199.885650,-0.00228736,102.3207,0,0.000000,0.000000
2015-04-21,0.00075897,103.9230,1,0.029353,261.408930,0.00831833,103.1526,0,0.000000,0.000000
2015-04-22,-0.00173099,103.7499,1,0.024289,160.926770,-0.00839711,102.3129,1,0.029371,260.933393
2015-04-23,0.00143690,103.8936,1,0.024730,180.567070,0.00066328,102.3792,1,0.045522,319.806600
2015-04-24,0.00928157,104.8217,1,0.039443,220.873140,-0.00747652,101.6315,1,0.051452,300.784310
2015-04-27,0.00850198,105.6719,1,0.036062,240.852120,-0.00707350,100.9242,1,0.056830,359.723700
2015-04-28,0.00305486,105.9774,1,0.024554,199.068400,0.00129085,101.0533,1,0.046125,359.018560
2015-04-29,-0.00608509,105.3689,1,0.037229,240.998920,0.00976818,102.0301,0,0.000000,0.000000
2015-04-30,-0.00091164,105.2777,1,0.026154,162.226420,-0.00433137,101.5970,1,0.046597,280.986848
2015-05-01,0.00298303,105.5760,1,0.016407,140.347210,0.00193536,101.7905,1,0.043584,319.625820
2015-05-04,0.00249572,105.8256,1,0.044078,261.805610,-0.00822787,100.9677,0,0.000000,0.000000
2015-05-05,-0.00182535,105.6431,1,0.031815,221.141430,0.00386601,101.3543,0,0.000000,0.000000
2015-05-06,-0.00434873,105.2082,1,0.031113,239.952880,-0.00175588,101.1787,0,0.000000,0.000000
2015-05-07,0.00069775,105.2780,0,0.000000,0.000000,0.00858775,102.0375,1,0.036365,301.217091
2015-05-08,0.00348507,105.6265,1,0.028263,222.015407,0.00446713,102.4842,1,0.032907,261.556740
2015-05-11,0.00389871,106.0164,1,0.022799,142.885870,-0.00136503,102.3477,0,0.000000,0.000000
2015-05-12,0.00065606,106.0820,1,0.025364,160.243010,0.00197795,102.5455,1,0.041805,281.478376
2015-05-13,-0.00992256,105.0897,1,0.033396,160.802890,-0.00585851,101.9597,1,0.041051,280.645980
2015-05-14,-0.00774314,104.3154,1,0.028274,179.871880,-0.00153263,101.8064,1,0.038523,300.497140
2015-05-15,-0.00578823,103.7366,1,0.032613,182.988260,-0.00973984,100.8324,0,0.000000,0.000000
2015-05-18,0.00507918,104.2445,0,0.000000,0.000000,-0.00418491,100.4139,1,0.061081,362.732584
2015-05-19,0.00557826,104.8023,0,0.000000,0.000000,0.00606485,101.0204,1,0.054815,340.904810
2015-05-20,0.00177863,104.9802,0,0.000000,0.000000,0.00258882,101.2793,1,0.032098,260.965700
2015-05-21,0.00179558,105.1597,0,0.000000,0.000000,-0.00456675,100.8226,1,0.051695,320.348400
2015-05-22,0.00535307,105.6950,1,0.044693,301.200229,-0.00033571,100.7890,1,0.055001,340.279340
2015-05-26,-0.00029878,105.6652,0,0.000000,0.000000,0.00135601,100.9246,1,0.036749,280.199530
2015-05-27,0.00060551,105.7257,0,0.000000,0.000000,0.00028489,100.9531,0,0.000000,0.000000
2015-05-28,-0.00098617,105.6271,1,0.034277,260.189896,0.00183388,101.1365,0,0.000000,0.000000
2015-05-29,0.00344736,105.9718,0,0.000000,0.000000,0.00310358,101.4469,1,0.038682,260.912523
2015-06-01,-0.00012961,105.9589,1,0.046901,338.639376,0.00193929,101.6408,1,0.043581,280.620400
2015-06-02,-0.00168164,105.7907,1,0.024334,160.507180,-0.00866320,100.7745,1,0.046920,320.669130
2015-06-03,-0.01433992,104.3567,1,0.031082,180.963670,0.02060691,102.8352,1,0.039869,300.078600
2015-06-04,-0.00292512,104.0642,1,0.022592,121.155050,0.00277526,103.1127,1,0.027664,161.830100
2015-06-05,-0.00253631,103.8106,1,0.041731,239.206180,0.01586129,104.6988,0,0.000000,0.000000
2015-06-08,0.00257557,104.0681,1,0.034203,221.082200,-0.00412650,104.2862,1,0.027150,181.567323
2015-06-09,-0.00026589,104.0415,1,0.037109,239.771740,0.00593402,104.8796,0,0.000000,0.000000
2015-06-10,0.00591322,104.6329,1,0.032288,180.222180,-0.00802504,104.0771,1,0.033784,239.933166
2015-06-11,0.00468100,105.1010,1,0.044680,261.838410,-0.00845049,103.2320,0,0.000000,0.000000
2015-06-12,-0.00125899,104.9751,1,0.035299,200.675140,-0.00623417,102.6086,1,0.053937,362.197248
2015-06-15,0.00268269,105.2433,1,0.031741,200.153700,0.00212463,102.8211,1,0.061777,359.493860
2015-06-16,-0.00056052,105.1873,1,0.023362,160.264210,0.00193048,103.0141,1,0.044532,280.209040
2015-06-17,0.00947524,106.1348,1,0.027026,221.431670,-0.00002094,103.0120,0,0.000000,0.000000
2015-06-18,-0.00008032,106.1268,1,0.035032,220.585070,0.00702167,103.7142,1,0.053023,341.855039
2015-06-19,0.00174806,106.3016,1,0.014584,162.160380,-0.00888507,102.8257,0,0.000000,0.000000
2015-06-22,0.00212369,106.5139,1,0.022501,160.244630,0.00084387,102.9101,1,0.044443,361.260286
2015-06-23,0.00404062,106.9180,1,0.034288,201.614410,0.00627981,103.5381,1,0.047199,301.542510
2015-06-24,-0.00781444,106.1366,1,0.022184,180.560550,0.00650779,104.1888,1,0.035641,240.404120
2015-06-25,0.00194179,106.3307,1,0.040741,220.216140,-0.00363371,103.8255,0,0.000000,0.000000
2015-06-26,-0.01093927,105.2368,1,0.024427,180.507160,0.00624891,104.4504,1,0.061989,358.797231
2015-06-29,-0.00830534,104.4063,1,0.024354,181.604300,0.00043976,104.4943,1,0.035054,261.601840
2015-06-30,0.00251799,104.6581,1,0.037001,219.544940,-0.00228939,104.2654,0,0.000000,0.000000
2015-07-01,0.00105823,104.7639,1,0.062587,360.661260,-0.00281744,103.9836,1,0.038504,279.390211
2015-07-02,0.00306886,105.0708,1,0.024724,142.617630,-0.00223679,103.7600,1,0.045499,341.948600
2015-07-06,-0.00689830,104.3810,1,0.017560,161.168490,0.00092010,103.8520,1,0.047270,360.674720
2015-07-07,-0.01032015,103.3489,1,0.024505,160.131970,0.00969100,104.8211,1,0.050430,339.783860
2015-07-08,-0.00434325,102.9146,1,0.028655,182.963230,0.00516566,105.3376,0,0.000000,0.000000
2015-07-09,-0.00490500,102.4241,1,0.039820,239.595110,0.00466000,105.8036,0,0.000000,0.000000
2015-07-10,0.00078938,102.5031,1,0.034212,221.583640,0.00067220,105.8709,1,0.035470,241.533252
2015-07-13,0.00389120,102.8922,1,0.019150,102.108870,0.01020386,106.8912,0,0.000000,0.000000
2015-07-14,0.01186887,104.0791,1,0.029543,181.792590,-0.00071425,106.8198,0,0.000000,0.000000
2015-07-15,0.00483445,104.5625,1,0.024935,161.354950,-0.00855870,105.9640,1,0.054490,344.138811
2015-07-16,-0.00335805,104.2267,1,0.031305,219.912840,0.01568103,107.5321,1,0.061207,339.335660
2015-07-17,-0.00766081,103.4606,1,0.029821,221.318560,0.00471951,108.0040,1,0.024619,182.226770
2015-07-20,-0.00367814,103.0928,1,0.026894,199.999360,0.00664562,108.6686,0,0.000000,0.000000
2015-07-21,0.00234312,103.3271,1,0.043988,200.708700,-0.00173234,108.4953,1,0.046124,260.518791
2015-07-22,-0.00391374,102.9357,1,0.017174,141.844860,0.00130960,108.6263,1,0.044870,339.801030
2015-07-23,0.00320467,103.2562,1,0.022213,161.763680,-0.01310145,107.3161,1,0.052415,300.904310
2015-07-24,-0.00214355,103.0419,1,0.033445,200.853840,-0.01452740,105.8634,1,0.079320,399.932750
2015-07-27,0.00630792,103.6727,1,0.032968,238.297630,0.00311541,106.1749,1,0.064999,377.964640
2015-07-28,0.00346197,104.0188,1,0.042053,201.209980,0.00174819,106.3498,1,0.053921,320.453740
2015-07-29,0.00171704,104.1906,1,0.024026,182.467390,0.00252452,106.6022,0,0.000000,0.000000
2015-07-30,-0.00280694,103.9099,1,0.023274,161.998410,-0.00425901,106.1763,0,0.000000,0.000000
2015-07-31,0.00556414,104.4663,1,0.030526,201.717300,0.00784186,106.9605,1,0.055614,343.874642
2015-08-03,-0.00413844,104.0524,1,0.052584,300.156180,0.00063103,107.0236,1,0.038187,221.458400
2015-08-04,-0.00170233,103.8822,1,0.033173,201.498540,-0.00333331,106.6903,1,0.048811,280.531850
2015-08-05,0.00530446,104.4126,1,0.038044,281.071540,-0.00334920,106.3554,1,0.040850,320.813820
2015-08-06,-0.00630146,103.7825,1,0.042946,261.395450,-0.01310695,105.0447,1,0.054855,361.214990
2015-08-07,0.00752226,104.5347,1,0.024864,200.200220,0.00021982,105.0666,1,0.052498,319.663580
2015-08-10,0.01190891,105.7256,1,0.041169,280.468950,-0.01504283,103.5624,1,0.040753,320.401880
2015-08-11,0.00162817,105.8884,1,0.032903,241.979760,-0.01478029,102.0843,1,0.046449,362.543590
2015-08-12,0.00119929,106.0084,1,0.031211,240.010480,0.00071350,102.1557,1,0.049910,359.259840
2015-08-13,0.00513430,106.5218,1,0.037260,221.753040,-0.00249048,101.9066,1,0.040688,302.396740
2015-08-14,0.00302849,106.8246,1,0.036971,220.538490,0.00221291,102.1279,1,0.045289,300.239540
2015-08-17,0.00138937,106.9636,1,0.028873,220.600000,-0.00179521,101.9484,1,0.041051,281.644500
2015-08-18,-0.00998874,105.9647,1,0.026314,181.410910,-0.00584169,101.3642,0,0.000000,0.000000
2015-08-19,-0.00583246,105.3815,1,0.023766,180.420960,-0.00635534,100.7287,1,0.054564,361.642557
2015-08-20,-0.02161839,103.2196,1,0.026839,180.974440,0.02471205,103.1999,1,0.051015,338.966510
2015-08-21,-0.00348318,102.8713,1,0.030448,180.417400,0.01452630,104.6525,0,0.000000,0.000000
2015-08-24,0.00745970,103.6173,1,0.039180,218.837390,0.00629376,105.2819,0,0.000000,0.000000
2015-08-25,-0.00330784,103.2865,1,0.020094,142.945070,-0.01192363,104.0896,0,0.000000,0.000000
2015-08-26,-0.00437687,102.8488,1,0.041367,221.005710,-0.00359619,103.7299,0,0.000000,0.000000
2015-08-27,0.00499737,103.3485,1,0.037633,265.803200,-0.01507499,102.2224,0,0.000000,0.000000
2015-08-28,-0.01257218,102.0913,1,0.023888,184.934690,-0.01244153,100.9783,0,0.000000,0.000000
2015-08-31,-0.00448900,101.6424,1,0.025270,141.153070,0.00299345,101.2776,1,0.062275,335.552299
2015-09-01,0.00048635,101.6910,1,0.036335,200.458970,-0.00429071,100.8486,1,0.043321,279.916800
2015-09-02,0.00556038,102.2471,1,0.034382,219.122610,-0.00323253,100.5253,0,0.000000,0.000000
2015-09-03,0.00802653,103.0497,1,0.044667,263.081900,0.00788273,101.3136,0,0.000000,0.000000
2015-09-04,-0.00073848,102.9759,1,0.031818,161.151900,-0.00051369,101.2622,0,0.000000,0.000000
2015-09-08,-0.00384523,102.5914,1,0.042933,239.328630,0.00060096,101.3223,0,0.000000,0.000000
2015-09-09,0.00368814,102.9602,1,0.047936,284.298990,-0.00763398,100.5589,0,0.000000,0.000000
2015-09-10,0.00726739,103.6869,1,0.026641,219.409050,-0.00338738,100.2202,0,0.000000,0.000000
2015-09-11,-0.00478638,103.2083,1,0.041968,260.188720,0.01958311,102.1785,1,0.051889,339.271178
2015-09-14,-0.00114572,103.0937,1,0.034942,221.953650,-0.00305548,101.8729,1,0.033518,242.557860
2015-09-15,0.00486370,103.5801,1,0.041780,259.527650,0.00617140,102.4901,1,0.067070,359.826930
2015-09-16,0.01007804,104.5879,1,0.034016,222.090350,0.00828051,103.3181,0,0.000000,0.000000
2015-09-17,0.01194196,105.7821,1,0.032594,243.146080,0.00082035,103.4002,0,0.000000,0.000000
2015-09-18,-0.00897538,104.8845,1,0.031128,241.106630,0.01996218,105.3964,1,0.052932,304.251251
2015-09-21,0.01226197,106.1107,1,0.047463,258.564990,-0.00156467,105.2399,0,0.000000,0.000000
2015-09-22,-0.00636121,105.4746,1,0.034931,261.722200,0.00399230,105.6391,1,0.051020,319.632248
2015-09-23,-0.00078711,105.3959,1,0.022661,159.955790,0.01585375,107.2245,0,0.000000,0.000000
2015-09-24,0.00720272,106.1162,1,0.031398,239.833730,0.00330228,107.5547,1,0.035252,261.215983
2015-09-25,0.00147960,106.2641,1,0.039890,240.999910,0.00938101,108.4928,1,0.037199,300.602100
2015-09-28,0.02009164,108.2733,1,0.030606,181.473430,0.02064309,110.5571,1,0.047671,321.040300
2015-09-29,-0.00953555,107.3198,1,0.025725,180.779490,-0.00686682,109.8705,0,0.000000,0.000000
2015-09-30,-0.01385229,105.9345,1,0.055979,260.818650,0.01462696,111.3332,1,0.060894,338.474481
2015-10-01,-0.01853555,104.0810,1,0.037995,242.820830,0.01722633,113.0558,0,0.000000,0.000000
2015-10-02,0.00935324,105.0163,1,0.030216,161.170620,-0.01355578,111.7002,1,0.044938,266.537456
2015-10-05,0.00505450,105.5217,1,0.033000,207.057400,-0.00318456,111.3818,0,0.000000,0.000000
2015-10-06,-0.02013135,103.5086,1,0.030645,204.392050,-0.00779160,110.6026,0,0.000000,0.000000
2015-10-07,-0.01085423,102.4232,1,0.030553,201.912370,0.01281355,111.8840,1,0.065355,329.170229
2015-10-08,-0.00459090,101.9641,1,0.039860,243.035910,0.01966798,113.8508,0,0.000000,0.000000
2015-10-09,-0.01529859,100.4342,1,0.030019,203.075850,0.00059994,113.9107,0,0.000000,0.000000
2015-10-12,0.00495052,100.9293,1,0.024428,141.657820,0.00249735,114.1605,1,0.056645,346.132839
2015-10-13,-0.00198164,100.7311,1,0.031134,241.114080,-0.00217196,113.9433,1,0.045186,321.306500
2015-10-14,-0.01338636,99.3925,1,0.027656,180.278090,0.00146790,114.0901,0,0.000000,0.000000
2015-10-15,0.00744622,100.1371,1,0.022878,161.664260,0.01794308,115.8844,1,0.041682,278.673684
2015-10-16,0.00599900,100.7370,1,0.052360,303.502840,-0.01752226,114.1322,0,0.000000,0.000000
2015-10-19,-0.01292871,99.4441,1,0.045891,220.827100,0.01156240,115.2884,1,0.056800,363.445287
2015-10-20,0.00906099,100.3502,1,0.023081,161.210780,-0.00651187,114.6372,1,0.035677,281.943120
2015-10-21,0.00385694,100.7359,1,0.045706,201.360720,0.00556475,115.1937,1,0.058105,320.614030
2015-10-22,0.01685615,102.4215,1,0.042395,219.921240,-0.00299227,114.8945,1,0.042447,240.466720
2015-10-23,0.00820148,103.2417,1,0.047112,302.780450,-0.00679353,114.2151,0,0.000000,0.000000
2015-10-26,0.00206924,103.4486,1,0.048236,281.186820,-0.00602312,113.6128,1,0.057162,345.383578
2015-10-27,0.00282321,103.7309,1,0.049939,200.600340,0.01529220,115.1420,1,0.062370,340.405990
2015-10-28,-0.02278288,101.4526,1,0.029228,200.803100,-0.00927448,114.2146,1,0.048128,281.178690
2015-10-29,-0.00963655,100.4890,1,0.042765,223.064900,0.00529570,114.7441,1,0.052270,323.412200
2015-10-30,0.00991500,101.4805,1,0.031480,181.088010,-0.00733520,114.0106,1,0.046250,300.583360
2015-11-02,-0.00442450,101.0380,1,0.057810,320.389440,-0.00684469,113.3261,1,0.047919,320.006810
2015-11-03,-0.01028329,100.0097,1,0.043879,263.007960,0.01013208,114.3394,0,0.000000,0.000000
2015-11-04,0.00495437,100.5052,1,0.030133,221.445450,-0.01357971,112.9814,1,0.040891,264.150417
2015-11-05,-0.01037680,99.4675,1,0.023150,200.476690,0.00181469,113.1629,1,0.055491,379.346120
2015-11-06,-0.01954522,97.5130,1,0.023942,181.539250,-0.00183643,112.9792,1,0.045423,300.617060
2015-11-09,-0.01031866,96.4811,1,0.026946,162.992800,-0.03489904,109.4893,1,0.050814,340.846020
2015-11-10,0.00772718,97.2538,1,0.022362,203.219580,-0.00843961,108.6453,0,0.000000,0.000000
2015-11-11,-0.00274132,96.9797,1,0.039442,240.636760,0.02018880,110.6642,1,0.050230,341.474760
2015-11-12,0.00260444,97.2401,1,0.030666,161.224570,0.00265406,110.9296,1,0.037554,262.250570
2015-11-13,-0.01041704,96.1984,1,0.027064,199.683190,0.00511802,111.4414,0,0.000000,0.000000
2015-11-16,-0.00127811,96.0706,1,0.037621,219.179660,-0.00006409,111.4350,1,0.046779,279.643452
2015-11-17,-0.00380988,95.6896,1,0.035028,242.107950,0.00739722,112.1747,0,0.000000,0.000000
2015-11-18,0.00299765,95.9894,1,0.029395,219.510560,-0.00205725,111.9690,1,0.047025,262.100573
2015-11-19,-0.00105800,95.8836,1,0.025660,203.733860,0.00333587,112.3026,0,0.000000,0.000000
2015-11-20,0.00822898,96.7065,1,0.021942,179.901820,0.00016386,112.3190,1,0.049254,323.411169
2015-11-23,-0.00141777,96.5647,1,0.024117,180.118280,-0.01313417,111.0056,1,0.044157,320.790160
2015-11-24,-0.01142709,95.4220,1,0.026739,200.953580,-0.00115562,110.8900,1,0.041972,342.692180
2015-11-25,-0.00515485,94.9065,1,0.021315,161.374870,-0.00528717,110.3613,1,0.046937,301.352910
2015-11-27,0.00157669,95.0642,1,0.015811,121.610230,0.00505994,110.8673,1,0.046806,281.277980
2015-11-30,-0.00173613,94.8906,1,0.024633,121.359600,-0.01480931,109.3864,0,0.000000,0.000000
2015-12-01,-0.00140454,94.7501,1,0.022024,200.497860,0.00522660,109.9090,1,0.052080,379.430487
2015-12-02,0.00367090,95.1172,1,0.036900,202.300170,-0.00513736,109.3953,1,0.036036,262.514500
2015-12-03,-0.00242005,94.8752,0,0.000000,0.000000,-0.00350295,109.0450,0,0.000000,0.000000
2015-12-04,-0.00307026,94.5682,1,0.036076,219.289947,0.00388200,109.4332,0,0.000000,0.000000
2015-12-07,-0.00255207,94.3130,1,0.050117,283.151030,-0.00283455,109.1497,0,0.000000,0.000000
2015-12-08,0.00728332,95.0413,0,0.000000,0.000000,0.01124201,110.2739,1,0.048799,337.934186
2015-12-09,-0.00279333,94.7620,0,0.000000,0.000000,-0.01631517,108.6424,1,0.035527,281.352860
2015-12-10,0.00073051,94.8350,1,0.044709,260.002928,-0.01360869,107.2815,1,0.048979,340.563610
2015-12-11,-0.00191636,94.6434,1,0.023526,161.139940,-0.00941914,106.3396,1,0.054044,340.312070
2015-12-14,-0.00164485,94.4789,1,0.024645,180.449090,-0.00317082,106.0226,1,0.051742,339.135130
2015-12-15,-0.00165860,94.3130,1,0.029240,200.847820,-0.00306618,105.7159,1,0.046358,301.182760
2015-12-16,-0.00984921,93.3281,0,0.000000,0.000000,0.00016407,105.7323,0,0.000000,0.000000
2015-12-17,0.00440298,93.7684,1,0.041072,266.296122,0.00142118,105.8745,0,0.000000,0.000000
2015-12-18,-0.00009249,93.7592,1,0.037929,258.524230,0.01485966,107.3604,0,0.000000,0.000000
2015-12-21,-0.00895896,92.8633,1,0.033966,160.019280,0.00430031,107.7905,0,0.000000,0.000000
2015-12-22,-0.00168976,92.6943,1,0.033096,241.908690,0.00655381,108.4458,1,0.037779,282.435030
2015-12-23,0.00058247,92.7525,0,0.000000,0.000000,-0.01398896,107.0469,0,0.000000,0.000000
2015-12-24,-0.00480664,92.2719,1,0.040474,265.582366,0.00588177,107.6351,0,0.000000,0.000000
2015-12-28,0.00575566,92.8474,1,0.041554,200.173830,-0.00337227,107.2979,1,0.062657,284.721881
2015-12-29,-0.00334878,92.5126,0,0.000000,0.000000,-0.00445750,106.8521,1,0.063410,320.847150
2015-12-30,0.00359132,92.8717,0,0.000000,0.000000,0.00122981,106.9751,0,0.000000,0.000000
2015-12-31,-0.00164129,92.7076,1,0.021689,161.183325,-0.00668702,106.3064,0,0.000000,0.000000
2016-01-04,-0.00775180,91.9324,1,0.043550,239.162700,-0.01300862,105.0056,0,0.000000,0.000000
2016-01-05,0.00075577,92.0080,1,0.022113,160.702150,0.00819539,105.8251,0,0.000000,0.000000
2016-01-06,0.00545708,92.5537,1,0.024102,161.479190,0.01663225,107.4883,1,0.051595,278.494155
2016-01-07,-0.00204077,92.3496,1,0.016827,83.410010,0.00816589,108.3049,0,0.000000,0.000000
2016-01-08,-0.00901719,91.4479,1,0.019399,122.445310,-0.00720896,107.5840,0,0.000000,0.000000
2016-01-11,-0.00450846,90.9970,1,0.029046,180.311700,-0.00316489,107.2675,1,0.055109,353.626329
2016-01-12,0.00064704,91.0617,1,0.016016,81.354580,0.00562751,107.8303,1,0.048039,299.720780
2016-01-13,-0.01115106,89.9466,1,0.021976,121.274540,0.00361155,108.1914,1,0.044465,261.706610
2016-01-14,0.00508694,90.4553,1,0.020836,103.762770,0.00627076,108.8185,0,0.000000,0.000000
2016-01-15,0.00921356,91.3767,1,0.013194,83.257850,-0.03403266,105.4152,1,0.058406,319.248634
2016-01-19,-0.01333467,90.0432,1,0.019047,123.487450,-0.01015515,104.3997,0,0.000000,0.000000
2016-01-20,-0.00432737,89.6105,1,0.020557,122.310340,-0.01062474,103.3373,1,0.047294,318.510362
2016-01-21,0.00946914,90.5574,1,0.029436,161.838120,0.00942046,104.2793,1,0.061184,340.089620
2016-01-22,0.00004138,90.5615,1,0.021222,122.039030,0.00752369,105.0317,1,0.049161,282.471290
2016-01-25,-0.00980697,89.5808,1,0.010557,84.308880,-0.01631600,103.4001,0,0.000000,0.000000
2016-01-26,-0.01816776,87.7640,1,0.031166,162.523640,-0.00413494,102.9866,1,0.064324,381.382560
2016-01-27,0.00425419,88.1895,1,0.045361,224.539450,-0.01237346,101.7492,0,0.000000,0.000000
2016-01-28,-0.01724080,86.4654,1,0.032380,200.143680,0.01874337,103.6236,1,0.070583,381.280323
2016-01-29,0.02415209,88.8806,1,0.039231,182.212900,-0.00170172,103.4534,1,0.048182,263.529120
2016-02-01,0.00854123,89.7347,1,0.043507,266.378800,-0.00954864,102.4985,0,0.000000,0.000000
2016-02-02,-0.00139566,89.5952,1,0.032416,200.968870,0.00904680,103.4032,1,0.065380,367.939149
2016-02-03,-0.02319622,87.2755,1,0.026382,141.911090,-0.00021740,103.3815,0,0.000000,0.000000
2016-02-04,-0.00214898,87.0606,0,0.000000,0.000000,0.00280911,103.6624,1,0.068569,319.368853
2016-02-05,0.01395373,88.4560,1,0.046937,224.894066,-0.00461279,103.2011,1,0.046499,261.742200
2016-02-08,0.00928443,89.3844,1,0.030207,241.818190,0.03845808,107.0469,1,0.046252,319.555960
2016-02-09,0.01435058,90.8195,1,0.027472,220.213230,0.00369794,107.4167,1,0.018426,162.870220
2016-02-10,0.00037533,90.8570,1,0.025037,202.422470,0.00411258,107.8280,1,0.038542,302.780720
2016-02-11,0.01883010,92.7400,0,0.000000,0.000000,0.00443034,108.2710,1,0.050156,262.237080
2016-02-12,-0.01360672,91.3794,1,0.059952,281.229628,-0.00709928,107.5611,0,0.000000,0.000000
2016-02-16,-0.00872952,90.5064,0,0.000000,0.000000,-0.00055644,107.5054,0,0.000000,0.000000
2016-02-17,-0.00040265,90.4662,1,0.057575,308.838604,0.00195939,107.7014,0,0.000000,0.000000
2016-02-18,0.01620758,92.0869,1,0.036422,204.286030,0.00136966,107.8383,0,0.000000,0.000000
2016-02-19,0.01678271,93.7652,1,0.021659,122.218320,0.00479602,108.3179,1,0.048818,328.943156
2016-02-22,-0.01584231,92.1810,1,0.011791,122.143010,-0.01619939,106.6980,1,0.057259,301.139400
2016-02-23,0.00494159,92.6751,1,0.039591,204.367980,-0.00057649,106.6403,0,0.000000,0.000000
2016-02-24,-0.00258970,92.4161,1,0.032130,201.633290,-0.00222929,106.4174,1,0.057659,322.724341
2016-02-25,-0.00186514,92.2296,1,0.033644,201.722780,-0.00987455,105.4300,1,0.054835,343.018250
2016-02-26,-0.00246736,91.9829,1,0.031596,202.402610,-0.00341265,105.0887,0,0.000000,0.000000
2016-02-29,-0.01185851,90.7970,1,0.036281,280.970960,-0.01424115,103.6646,1,0.058365,342.747998
2016-03-01,-0.00036198,90.7608,1,0.041478,219.488550,-0.01899577,101.7650,1,0.058287,378.481290
2016-03-02,0.00324889,91.0857,1,0.044051,245.743020,-0.01003365,100.7616,0,0.000000,0.000000
2016-03-03,-0.01205055,89.8807,1,0.035725,182.294720,0.01164430,101.9261,1,0.055530,346.825325
2016-03-04,-0.00900959,88.9797,1,0.023869,162.945670,0.00716403,102.6425,0,0.000000,0.000000
2016-03-07,-0.01396444,87.5833,1,0.017914,121.766110,0.00908857,103.5513,1,0.042853,284.149919
2016-03-08,0.00727466,88.3107,1,0.024474,122.473530,-0.01278211,102.2731,1,0.037271,302.311690
2016-03-09,-0.00366663,87.9441,1,0.028243,179.315860,0.01061909,103.3350,1,0.052301,318.253740
2016-03-10,0.00075998,88.0201,1,0.030242,221.604020,-0.00799138,102.5359,1,0.038628,301.759770
2016-03-11,0.00197709,88.2178,1,0.028311,180.573820,-0.00786596,101.7493,1,0.061446,321.252290
2016-03-14,0.00309272,88.5271,1,0.030638,203.981000,0.00151630,101.9009,0,0.000000,0.000000
2016-03-15,-0.00107674,88.4194,1,0.036944,200.371630,0.01635105,103.5360,1,0.039345,263.204531
2016-03-16,-0.01506138,86.9132,1,0.022208,160.602790,-0.00351939,103.1841,1,0.045039,221.345950
2016-03-17,-0.01748503,85.1647,1,0.039283,202.194050,-0.00187462,102.9966,0,0.000000,0.000000
2016-03-18,0.01330759,86.4955,1,0.028561,221.746000,-0.01508772,101.4879,0,0.000000,0.000000
2016-03-21,0.00688434,87.1839,1,0.034536,222.774020,0.00347672,101.8355,1,0.058988,364.839754
2016-03-22,-0.00282538,86.9014,1,0.032288,181.109330,-0.00147961,101.6876,1,0.046571,300.796400
2016-03-23,0.01314471,88.2159,1,0.023829,200.356410,-0.00785544,100.9020,1,0.037934,280.907070
2016-03-24,-0.00148529,88.0673,1,0.021959,161.394300,-0.01121849,99.7802,1,0.044039,319.170450
2016-03-28,-0.00182459,87.8849,1,0.041789,220.890010,-0.00912333,98.8678,1,0.057973,361.079750
2016-03-29,0.00055073,87.9400,1,0.021467,180.350850,-0.00010217,98.8576,1,0.047527,360.466800
2016-03-30,0.00376133,88.3161,1,0.022137,182.914840,-0.00138995,98.7186,0,0.000000,0.000000
2016-03-31,-0.00052051,88.2640,1,0.030151,220.738730,-0.01546235,97.1724,1,0.045375,322.345346
2016-04-01,0.00128224,88.3923,1,0.029176,200.598580,-0.01184160,95.9882,1,0.052690,340.601760
2016-04-04,-0.00088568,88.3037,1,0.024428,201.574820,0.00019780,96.0080,1,0.053310,360.643410
2016-04-05,-0.00401372,87.9023,1,0.024752,180.141800,-0.00608837,95.3992,1,0.036517,279.807690
2016-04-06,0.01835832,89.7382,1,0.032458,180.464440,0.00026241,95.4254,0,0.000000,0.000000
2016-04-07,-0.01692166,88.0460,1,0.042776,264.314030,-0.01298957,94.1265,0,0.000000,0.000000
2016-04-08,-0.00128802,87.9172,1,0.033142,221.265150,-0.00789704,93.3368,0,0.000000,0.000000
2016-04-11,0.00363540,88.2807,1,0.028050,221.532800,0.00452700,93.7895,1,0.049050,341.252541
2016-04-12,-0.00862933,87.4178,1,0.037793,220.214330,0.00241072,94.0305,1,0.046548,240.509630
2016-04-13,0.00439603,87.8574,1,0.020547,182.999640,0.00466181,94.4967,1,0.044269,302.460980
2016-04-14,-0.00939245,86.9182,1,0.025905,222.170250,0.01127370,95.6241,1,0.036280,322.310730
2016-04-15,-0.00004368,86.9138,1,0.016008,121.207520,-0.00174179,95.4499,1,0.030539,240.886650
2016-04-18,-0.00318929,86.5949,1,0.021969,141.323800,-0.00378587,95.0713,1,0.035297,321.580520
2016-04-19,-0.00168903,86.4260,1,0.021613,141.363720,0.00376057,95.4474,0,0.000000,0.000000
2016-04-20,0.00224507,86.6505,1,0.007253,81.375870,-0.00543463,94.9039,1,0.027543,262.400952
2016-04-21,0.00217945,86.8684,1,0.022295,161.532340,0.01103007,96.0069,1,0.046673,360.429220
2016-04-22,-0.00441706,86.4267,1,0.031806,200.170180,-0.00316726,95.6902,1,0.044626,319.313720
2016-04-25,0.00520123,86.9468,1,0.014827,102.176020,-0.01085243,94.6049,1,0.039753,341.397240
2016-04-26,0.00179360,87.1262,1,0.019310,141.979350,-0.01233183,93.3718,1,0.051973,380.162070
2016-04-27,-0.00421401,86.7048,1,0.018971,161.979310,0.01565607,94.9374,1,0.046783,361.879630
2016-04-28,0.01301554,88.0063,1,0.028486,181.477010,-0.01823940,93.1134,1,0.056260,301.939710
2016-04-29,0.00281320,88.2877,1,0.022620,181.761840,0.01082031,94.1955,1,0.053689,359.741020
2016-05-02,-0.00050492,88.2372,1,0.029802,180.520040,-0.00785168,93.4103,1,0.040238,240.705660
2016-05-03,0.00879229,89.1164,1,0.013771,102.010110,-0.00168801,93.2415,0,0.000000,0.000000
2016-05-04,0.02108097,91.2245,1,0.032113,219.966260,0.01018811,94.2603,0,0.000000,0.000000
2016-05-05,-0.00308209,90.9163,1,0.014079,102.195710,-0.00720264,93.5400,1,0.041894,281.789877
2016-05-06,0.00470784,91.3871,1,0.019586,162.109870,-0.00002863,93.5372,1,0.045233,321.684670
2016-05-09,0.00825931,92.2130,1,0.021709,181.910310,-0.00549780,92.9874,1,0.041110,281.338390
2016-05-10,-0.01189987,91.0230,1,0.017887,142.398960,-0.01340726,91.6467,1,0.043966,321.932470
2016-05-11,-0.01134102,89.8889,1,0.024372,182.934360,-0.01874054,89.7726,0,0.000000,0.000000
2016-05-12,-0.00063051,89.8259,1,0.023071,219.447010,0.00225174,89.9978,0,0.000000,0.000000
2016-05-13,-0.00008593,89.8173,1,0.035213,241.121380,-0.00187548,89.8102,1,0.049468,323.480751
2016-05-16,-0.00266786,89.5505,1,0.014686,141.294380,0.00932453,90.7427,1,0.044877,319.561660
2016-05-17,0.00315141,89.8656,1,0.027469,182.686440,0.00582192,91.3249,1,0.035778,262.768750
2016-05-18,-0.01608017,88.2576,1,0.025067,160.773150,0.01111933,92.4368,0,0.000000,0.000000
2016-05-19,-0.00063122,88.1945,1,0.018662,121.614650,-0.01004130,91.4327,1,0.043610,299.195729
2016-05-20,-0.00631665,87.5628,1,0.016185,161.406540,-0.00769674,90.6630,1,0.057234,380.145680
2016-05-23,0.00154350,87.7172,1,0.021640,142.711700,-0.00346655,90.3164,1,0.044015,341.408540
2016-05-24,-0.00034806,87.6824,1,0.026476,181.680710,0.01270220,91.5866,1,0.042810,320.589940
2016-05-25,-0.00338846,87.3435,1,0.016916,103.065930,0.01400144,92.9867,0,0.000000,0.000000
2016-05-26,0.00621611,87.9651,1,0.012199,101.901190,-0.01347630,91.6391,1,0.039000,245.403532
2016-05-27,0.00173120,88.1382,1,0.013990,141.456650,-0.00976900,90.6622,1,0.053810,380.276770
2016-05-31,0.00470617,88.6089,1,0.023123,162.220330,-0.00447913,90.2143,1,0.060353,401.530290
2016-06-01,0.00181842,88.7907,1,0.046148,319.861320,-0.00440268,89.7740,1,0.048948,359.748960
2016-06-02,-0.00283664,88.5070,0,0.000000,0.000000,0.00051737,89.8258,1,0.048543,360.694200
2016-06-03,0.00049685,88.5567,0,0.000000,0.000000,-0.00253116,89.5726,0,0.000000,0.000000
2016-06-06,0.00189768,88.7465,1,0.027822,240.965600,0.00180298,89.7529,1,0.055112,321.004329
2016-06-07,0.00189495,88.9360,1,0.029105,181.620890,0.00422993,90.1759,1,0.040307,281.755450
2016-06-08,0.00168961,89.1049,1,0.037849,261.121580,-0.00894711,89.2812,1,0.039601,281.127180
2016-06-09,-0.00763128,88.3418,1,0.017718,161.793310,-0.00391717,88.8895,1,0.045887,320.483830
2016-06-10,0.00329729,88.6715,1,0.015651,140.928030,0.01468916,90.3584,1,0.034274,300.018150
2016-06-13,-0.00280404,88.3911,1,0.012724,121.288700,0.00193309,90.5517,1,0.026531,180.990630
2016-06-14,-0.00805817,87.5853,1,0.028557,180.342160,-0.00085837,90.4659,0,0.000000,0.000000
2016-06-15,-0.00246004,87.3393,1,0.025004,201.226800,-0.00805310,89.6606,1,0.033590,300.048735
2016-06-16,-0.00344436,86.9949,1,0.023776,200.504880,-0.00359176,89.3014,1,0.048936,380.026760
2016-06-17,0.00142670,87.1376,1,0.022990,181.099460,-0.00689389,88.6120,1,0.047699,360.799440
2016-06-20,0.00416266,87.5538,1,0.029704,200.855020,-0.00608798,88.0032,1,0.048358,380.822950
2016-06-21,-0.00197151,87.3567,1,0.021251,181.760570,-0.00255590,87.7476,1,0.046740,361.425460
2016-06-22,0.00185102,87.5418,1,0.020038,180.969440,-0.00548203,87.1994,1,0.037893,320.784710
2016-06-23,0.00236250,87.7780,0,0.000000,0.000000,-0.00092626,87.1068,1,0.042936,320.418290
2016-06-24,0.00962453,88.7405,1,0.028557,222.823463,0.00467107,87.5739,0,0.000000,0.000000
2016-06-27,0.03694703,92.4352,1,0.034597,201.944830,0.00315804,87.8897,0,0.000000,0.000000
2016-06-28,-0.02150643,90.2845,1,0.008613,85.069680,-0.03309293,84.5804,1,0.035753,319.279267
2016-06-29,0.00474598,90.7591,1,0.050972,323.485350,-0.02274735,82.3057,0,0.000000,0.000000
2016-06-30,-0.01022962,89.7362,1,0.017892,163.808370,0.01301961,83.6076,0,0.000000,0.000000
2016-07-01,0.00480650,90.2168,1,0.039660,263.335110,-0.01323078,82.2846,0,0.000000,0.000000
2016-07-05,-0.00136219,90.0806,1,0.033899,221.288270,-0.02306288,79.9783,1,0.048248,369.564563
2016-07-06,0.00001469,90.0821,1,0.018731,161.193820,-0.01212228,78.7660,1,0.045408,379.064840
2016-07-07,0.00419819,90.5019,1,0.025531,181.534220,0.00424783,79.1908,1,0.058147,400.764120
2016-07-08,-0.00076809,90.4251,1,0.020109,161.049410,0.00952251,80.1431,1,0.033299,280.699050
2016-07-11,0.00632858,91.0579,1,0.017692,163.895260,-0.00057276,80.0858,0,0.000000,0.000000
2016-07-12,-0.00308883,90.7491,1,0.031733,201.335450,0.01694084,81.7799,1,0.038756,324.670183
2016-07-13,-0.00219872,90.5292,1,0.023112,143.033870,-0.01423566,80.3563,1,0.029736,242.245740
2016-07-14,-0.00145012,90.3842,1,0.029522,219.938760,-0.00326181,80.0301,1,0.052511,400.031530
2016-07-15,0.00012499,90.3967,1,0.028561,201.329590,-0.00327944,79.7022,1,0.046184,320.194530
2016-07-18,-0.00006794,90.3899,1,0.020724,180.920740,-0.00182864,79.5193,1,0.040684,320.236420
2016-07-19,0.01116897,91.5068,1,0.023613,200.434130,-0.00606348,78.9130,1,0.047488,340.139520
2016-07-20,0.00291416,91.7982,0,0.000000,0.000000,-0.00233898,78.6791,1,0.043218,340.068740
2016-07-21,-0.00795378,91.0028,1,0.032258,240.276984,0.00387295,79.0664,1,0.033035,281.533940
2016-07-22,0.00251664,91.2545,1,0.020576,160.840400,0.00616453,79.6828,1,0.026867,260.368210
2016-07-25,-0.01074314,90.1802,1,0.022664,221.669560,0.00820878,80.5037,0,0.000000,0.000000
2016-07-26,-0.00106346,90.0738,1,0.034866,219.886610,-0.01199658,79.3041,1,0.037598,282.192056
2016-07-27,0.00327233,90.4011,1,0.036267,222.570140,0.00584235,79.8883,1,0.041275,360.692380
2016-07-28,-0.00819494,89.5816,1,0.032874,220.596920,-0.00050548,79.8377,1,0.044958,299.458250
2016-07-29,0.00389686,89.9712,1,0.022854,200.842700,-0.00093285,79.7445,1,0.041605,321.398690
2016-08-01,-0.00938171,89.0331,1,0.044521,301.247260,-0.00756423,78.9880,1,0.031343,281.100800
2016-08-02,0.00840103,89.8732,1,0.023167,200.418570,0.00050198,79.0382,1,0.050802,319.694800
2016-08-03,0.00463354,90.3365,1,0.026696,240.613950,-0.01691946,77.3463,0,0.000000,0.000000
2016-08-04,-0.00580454,89.7561,1,0.038024,280.591170,-0.00777994,76.5683,1,0.059924,379.104816
2016-08-05,0.00198724,89.9548,1,0.047246,339.437370,-0.00499205,76.0691,1,0.042695,340.071070
2016-08-08,-0.00274690,89.6801,1,0.036940,280.472550,-0.00403979,75.6651,1,0.045859,360.817950
2016-08-09,-0.00199363,89.4807,1,0.037313,240.670970,-0.00098176,75.5669,1,0.050296,340.452820
2016-08-10,0.00924010,90.4048,1,0.028850,240.572570,0.01089911,76.6568,1,0.035039,300.537420
2016-08-11,-0.00793540,89.6112,1,0.027130,181.332020,-0.00398182,76.2587,1,0.032392,241.597210
2016-08-12,0.00383677,89.9949,1,0.026663,241.180290,-0.00110278,76.1484,1,0.040068,341.336370
2016-08-15,0.00200078,90.1950,1,0.021712,200.509100,-0.02055179,74.0932,1,0.035839,320.422570
2016-08-16,0.00243410,90.4384,1,0.041980,282.040370,0.00877722,74.9709,1,0.051298,381.048300
2016-08-17,0.00779534,91.2179,1,0.028486,278.744310,-0.00484277,74.4866,0,0.000000,0.000000
2016-08-18,-0.00891930,90.3260,1,0.036260,299.443360,0.00679219,75.1659,1,0.044991,339.469025
2016-08-19,-0.00043016,90.2830,1,0.035356,281.907270,-0.01323579,73.8423,0,0.000000,0.000000
2016-08-22,0.01411001,91.6940,1,0.020869,181.048460,-0.00323149,73.5191,1,0.047669,382.277723
2016-08-23,-0.01353315,90.3407,1,0.040235,241.030510,-0.00679470,72.8397,1,0.044450,320.319240
2016-08-24,-0.00318282,90.0224,1,0.020812,201.956740,-0.00225224,72.6144,1,0.040284,299.841960
2016-08-25,0.00448160,90.4705,1,0.029190,279.030890,0.00003634,72.6181,1,0.046936,339.927660
2016-08-26,-0.00994549,89.4760,1,0.029119,280.984770,0.00274376,72.8925,1,0.032734,280.459090
2016-08-29,0.00436170,89.9122,1,0.033250,280.431250,-0.00943666,71.9488,1,0.043516,320.257910
2016-08-30,0.00230702,90.1429,1,0.022338,241.088200,0.00212216,72.1610,0,0.000000,0.000000
2016-08-31,-0.00164373,89.9785,1,0.031053,279.782160,-0.00154710,72.0063,1,0.029940,260.397856
2016-09-01,0.00111012,90.0895,1,0.029908,280.101920,-0.00652089,71.3542,1,0.038329,340.846070
2016-09-02,-0.00083775,90.0057,1,0.018695,121.326960,0.00045646,71.3999,1,0.034094,321.122160
2016-09-06,0.00866112,90.8718,1,0.016058,121.947720,0.00535175,71.9350,0,0.000000,0.000000
2016-09-07,-0.00727892,90.1439,1,0.022852,181.685870,-0.00185007,71.7500,1,0.033527,302.321861
2016-09-08,-0.01320301,88.8236,1,0.016361,181.400140,0.01053619,72.8036,1,0.038331,340.929860
2016-09-09,-0.01358045,87.4656,1,0.013365,121.820800,0.00760521,73.5642,1,0.037439,319.791910
2016-09-12,-0.00497084,86.9685,0,0.000000,0.000000,0.00346367,73.9105,0,0.000000,0.000000
2016-09-13,-0.00397971,86.5705,1,0.025511,201.685572,0.00268013,74.1785,0,0.000000,0.000000
2016-09-14,0.00005911,86.5764,1,0.025389,199.338320,0.00402592,74.5811,0,0.000000,0.000000
2016-09-15,-0.00296281,86.2802,1,0.020831,160.969880,-0.00716705,73.8644,1,0.034385,278.627539
2016-09-16,0.00630574,86.9107,1,0.015216,142.384910,0.00431946,74.2964,0,0.000000,0.000000
2016-09-19,0.00808727,87.7195,1,0.021243,140.316610,0.00396632,74.6930,1,0.036148,302.493151
2016-09-20,-0.00099727,87.6197,1,0.017477,161.369890,0.00257659,74.9507,1,0.035731,321.565880
2016-09-21,0.00076999,87.6967,1,0.014151,120.909130,-0.00012239,74.9384,1,0.031449,300.156650
2016-09-22,-0.00431953,87.2648,1,0.014513,163.146750,0.00245952,75.1844,0,0.000000,0.000000
2016-09-23,-0.00202915,87.0619,1,0.030795,201.893900,0.00075529,75.2599,0,0.000000,0.000000
2016-09-26,-0.00350662,86.7112,1,0.024632,160.566520,0.00978692,76.2386,1,0.027478,303.887579
2016-09-27,0.01323894,88.0351,1,0.025486,140.932550,-0.01385213,74.8534,1,0.039313,279.856790
2016-09-28,-0.00440993,87.5941,1,0.034303,201.701460,-0.00231645,74.6217,1,0.046165,360.108080
2016-09-29,-0.00323336,87.2708,1,0.029846,222.273310,0.00278686,74.9004,1,0.036484,321.728620
2016-09-30,0.01197771,88.4685,1,0.033149,220.290430,-0.00020704,74.8797,0,0.000000,0.000000
2016-10-03,-0.00789095,87.6795,1,0.030575,182.407900,0.00302081,75.1818,1,0.034189,300.184352
2016-10-04,-0.00128533,87.5509,1,0.022393,200.805300,0.00714203,75.8960,1,0.025597,241.087570
2016-10-05,-0.01283855,86.2671,1,0.018125,160.649720,0.01978556,77.8746,0,0.000000,0.000000
2016-10-06,0.00165778,86.4328,1,0.025102,202.510610,0.00203192,78.0778,1,0.025508,202.601595
2016-10-07,0.00287598,86.7204,1,0.023452,200.763900,-0.01111942,76.9658,1,0.037922,301.041800
2016-10-10,-0.00591276,86.1292,1,0.017396,160.500730,-0.00540402,76.4254,1,0.042562,358.691340
2016-10-11,-0.00248093,85.8811,1,0.017923,101.735600,-0.00559082,75.8663,0,0.000000,0.000000
2016-10-12,0.00743275,86.6243,1,0.018825,140.916350,-0.00487489,75.3788,0,0.000000,0.000000
2016-10-13,-0.00828792,85.7956,1,0.039042,221.053080,0.01861811,77.2406,1,0.047719,360.567122
2016-10-14,-0.00442060,85.3535,1,0.022680,159.678470,-0.00619799,76.6209,1,0.027969,221.113190
2016-10-17,-0.00043960,85.3095,1,0.028430,199.968260,0.00109503,76.7304,1,0.049767,359.901430
2016-10-18,-0.00371054,84.9385,1,0.032014,180.484490,-0.00041601,76.6888,1,0.039111,300.151230
2016-10-19,-0.00411656,84.5268,1,0.016856,101.565380,-0.00702963,75.9858,0,0.000000,0.000000
2016-10-20,-0.00707496,83.8193,1,0.012706,142.749580,0.00123527,76.1093,1,0.036793,362.535625
2016-10-21,0.00482373,84.3017,1,0.020907,140.322390,0.00388613,76.4979,1,0.043227,319.615500
2016-10-24,0.00007351,84.3090,1,0.021289,180.526280,0.00095035,76.5930,1,0.030225,260.460620
2016-10-25,0.00381152,84.6902,1,0.029708,241.195080,-0.01439909,75.1531,1,0.036319,300.885920
2016-10-26,-0.00278844,84.4114,1,0.020414,160.305320,-0.00454337,74.6987,1,0.031867,298.777350
2016-10-27,-0.01481510,82.9298,1,0.025870,200.761550,0.01367135,76.0659,1,0.038975,300.010830
2016-10-28,0.00345192,83.2750,1,0.019008,182.004400,-0.00932552,75.1333,1,0.028542,261.225110
2016-10-31,0.00123334,83.3984,1,0.027846,222.013160,0.00427412,75.5607,1,0.051108,321.820350
2016-11-01,0.00522569,83.9209,1,0.027261,242.108900,-0.00922312,74.6384,1,0.036272,262.199940
2016-11-02,-0.00354831,83.5661,1,0.034761,259.558550,-0.00658445,73.9800,1,0.047655,359.461700
2016-11-03,0.01871203,85.4373,1,0.020547,180.852690,0.01799312,75.7793,1,0.043058,319.223510
2016-11-04,-0.01125873,84.3114,1,0.030663,201.742470,-0.00326538,75.4527,1,0.035688,241.707590
2016-11-07,0.00289503,84.6009,1,0.020347,181.837050,0.01216346,76.6691,1,0.033444,321.505470
2016-11-08,0.00217516,84.8185,1,0.022094,184.616690,-0.01429037,75.2400,0,0.000000,0.000000
2016-11-09,0.00695111,85.5136,1,0.021779,181.552490,-0.02619216,72.6208,1,0.046496,365.517566
2016-11-10,-0.00564858,84.9487,1,0.026598,223.951410,0.03906086,76.5269,1,0.050424,381.449400
2016-11-11,-0.00030439,84.9183,1,0.020399,184.083460,0.01167096,77.6940,1,0.024674,242.580450
2016-11-14,-0.01285377,83.6329,1,0.034077,260.799240,0.02499756,80.1938,1,0.025884,261.791530
2016-11-15,0.00666927,84.2998,1,0.022063,183.177680,-0.00969503,79.2243,1,0.032173,224.667600
2016-11-16,0.00130491,84.4303,1,0.015469,162.549830,0.00301202,79.5255,1,0.042588,342.410370
2016-11-17,-0.00537569,83.8927,1,0.022739,181.255080,-0.01064149,78.4613,1,0.040209,280.877570
2016-11-18,-0.00275076,83.6177,1,0.023616,181.885050,-0.00116536,78.3448,1,0.047356,341.494980
2016-11-21,-0.01107825,82.5098,1,0.029075,220.581660,-0.01703687,76.6411,1,0.043477,319.680840
2016-11-22,0.00072164,82.5820,1,0.021986,202.363010,-0.00437092,76.2040,1,0.040442,281.272450
2016-11-23,-0.00278383,82.3036,1,0.016513,182.208470,-0.00725007,75.4790,1,0.038577,341.941490
2016-11-25,0.00938232,83.2419,1,0.015948,141.567730,-0.01050969,74.4280,1,0.039609,360.281230
2016-11-28,-0.00776126,82.4657,1,0.029056,141.705980,-0.02333490,72.0945,0,0.000000,0.000000
2016-11-29,0.01060566,83.5263,1,0.026284,221.615270,0.00635340,72.7299,1,0.047630,381.985876
2016-11-30,-0.00871820,82.6545,1,0.022050,161.423230,-0.03712168,69.0177,1,0.033338,261.247790
2016-12-01,0.00097029,82.7515,1,0.026451,240.022970,0.01857533,70.8752,1,0.046887,379.806430
2016-12-02,-0.00371001,82.3805,1,0.015881,120.821800,-0.01039948,69.8353,1,0.033098,220.895760
2016-12-05,0.00025554,82.4061,1,0.020456,181.394260,-0.00152060,69.6832,1,0.047950,381.068090
2016-12-06,0.00898755,83.3048,1,0.020615,162.295810,0.00160054,69.8433,1,0.038076,322.296210
2016-12-07,0.01255976,84.5608,1,0.016314,162.206510,-0.00787603,69.0557,1,0.039453,321.717070
2016-12-08,-0.00092117,84.4687,1,0.027457,183.728210,-0.00831151,68.2245,0,0.000000,0.000000
2016-12-09,0.00420496,84.8892,1,0.029934,202.928880,-0.00498463,67.7261,1,0.048623,343.427050
2016-12-12,-0.00512938,84.3762,1,0.023528,200.829550,0.01258372,68.9844,1,0.038798,340.735880
2016-12-13,-0.00315487,84.0607,1,0.020907,160.728870,-0.00431066,68.5534,1,0.023636,201.664530
2016-12-14,0.00079394,84.1401,1,0.024516,201.222340,-0.00099923,68.4534,1,0.037853,340.470850
2016-12-15,-0.00795250,83.3449,1,0.017270,120.734190,0.01183220,69.6367,1,0.051710,319.133310
2016-12-16,0.00238258,83.5831,1,0.025312,202.084400,-0.01157132,68.4795,1,0.017642,202.441130
2016-12-19,0.00200877,83.7840,1,0.018773,219.990990,0.00168818,68.6484,1,0.043252,379.890050
2016-12-20,-0.00102785,83.6812,1,0.020575,220.216370,0.00170004,68.8184,1,0.030016,261.001870
2016-12-21,-0.00165483,83.5158,1,0.026513,180.773670,-0.00891109,67.9272,1,0.038729,320.958940
2016-12-22,-0.00626904,82.8889,1,0.027434,199.968570,-0.00177447,67.7498,1,0.031887,280.422760
2016-12-23,0.00248933,83.1378,1,0.018777,179.687270,-0.00045509,67.7043,1,0.041149,340.322280
2016-12-27,0.00255885,83.3937,1,0.018685,161.244470,0.00004023,67.7083,1,0.027397,321.152320
2016-12-28,-0.00218677,83.1750,1,0.015907,141.103590,0.00137035,67.8453,1,0.039895,340.818080
2016-12-29,0.00249545,83.4245,1,0.017595,160.189710,-0.00229251,67.6161,0,0.000000,0.000000
2016-12-30,-0.00303451,83.1211,1,0.029621,241.269400,-0.00285126,67.3310,1,0.042306,339.591395
2017-01-03,-0.00285441,82.8356,1,0.030951,279.946890,-0.00912363,66.4186,1,0.041063,359.907100
2017-01-04,0.00456475,83.2921,1,0.021165,182.926450,0.00524195,66.9428,1,0.044205,341.587080
2017-01-05,0.00454831,83.7470,1,0.022189,182.856900,0.00149037,67.0918,0,0.000000,0.000000
2017-01-06,0.00657735,84.4047,1,0.020755,161.888320,-0.00039297,67.0525,1,0.038217,322.211303
2017-01-09,-0.01418463,82.9862,1,0.018143,182.251250,0.00521447,67.5740,1,0.045553,321.655920
2017-01-10,0.01138497,84.1247,1,0.015353,121.689400,0.01092202,68.6662,1,0.045788,320.210680
2017-01-11,0.00209202,84.3339,1,0.017858,162.111450,-0.01158753,67.5074,1,0.031213,261.597870
2017-01-12,-0.01060673,83.2732,1,0.017883,162.206940,-0.00202316,67.3051,1,0.043416,360.664300
2017-01-13,0.00011140,83.2844,1,0.018490,160.638970,-0.00267429,67.0377,1,0.040649,300.412540
2017-01-17,-0.00398900,82.8855,1,0.017560,141.425270,-0.01285346,65.7523,1,0.046406,340.780160
2017-01-18,0.00738119,83.6236,1,0.012011,103.049660,-0.00946170,64.8062,1,0.043720,360.233920
2017-01-19,-0.01202574,82.4210,1,0.016584,142.126130,0.00015956,64.8221,1,0.049304,381.069750
2017-01-20,-0.01166933,81.2541,1,0.018303,180.660790,0.00240301,65.0624,0,0.000000,0.000000
2017-01-23,-0.00273351,80.9808,1,0.007581,101.723390,-0.00461998,64.6004,1,0.035228,300.275504
2017-01-24,-0.01770873,79.2099,1,0.014763,141.277610,-0.00174442,64.4260,1,0.035552,300.242870
2017-01-25,-0.00024380,79.1855,1,0.013180,143.153310,-0.00010750,64.4152,0,0.000000,0.000000
2017-01-26,-0.00136042,79.0495,1,0.022432,221.980860,-0.00863045,63.5522,1,0.036025,304.398630
2017-01-27,-0.00434260,78.6152,1,0.026750,240.755910,-0.00438504,63.1137,1,0.038734,360.005460
2017-01-30,-0.00718873,77.8963,1,0.023983,240.635410,-0.00435772,62.6779,1,0.046302,340.594650
2017-01-31,-0.00083386,77.8129,1,0.024106,239.720610,-0.00372093,62.3058,0,0.000000,0.000000
2017-02-01,-0.00436126,77.3768,1,0.025596,181.101860,0.00557852,62.8637,1,0.035788,319.497881
2017-02-02,0.00222458,77.5993,1,0.014602,121.373070,-0.01373728,61.4900,1,0.041078,280.671280
2017-02-03,0.00271223,77.8705,1,0.013977,121.600860,0.01350137,62.8401,1,0.042553,360.930870
2017-02-06,0.00037826,77.9083,1,0.019614,141.413400,-0.00671619,62.1685,0,0.000000,0.000000
2017-02-07,-0.00860243,77.0481,1,0.024193,200.233980,0.00121931,62.2904,1,0.035099,318.944216
2017-02-08,0.00007601,77.0557,1,0.016209,121.107610,-0.01482586,60.8078,1,0.038536,321.537950
2017-02-09,0.00683665,77.7393,1,0.014365,122.477170,-0.00202944,60.6049,1,0.045874,342.702930
2017-02-10,0.00291942,78.0313,1,0.019388,142.370330,-0.00422601,60.1823,1,0.043961,342.154230
2017-02-13,-0.00325984,77.7053,1,0.024384,181.066930,-0.00152264,60.0300,1,0.042524,340.665460
2017-02-14,0.00473846,78.1791,1,0.016954,161.166160,-0.00516986,59.5130,1,0.041826,340.552300
2017-02-15,-0.00090042,78.0891,1,0.011942,120.938620,-0.00416737,59.0963,1,0.032117,320.765780
2017-02-16,0.00716913,78.8060,1,0.021687,181.942880,-0.00794557,58.3017,1,0.038597,361.339640
2017-02-17,-0.00621705,78.1843,1,0.018625,161.173040,0.01959059,60.2608,1,0.035651,360.488580
2017-02-21,0.01042133,79.2264,1,0.015057,121.799900,-0.01249230,59.0116,1,0.030770,242.414150
2017-02-22,-0.00389853,78.8366,1,0.016923,141.294870,0.00188522,59.2001,0,0.000000,0.000000
2017-02-23,-0.00196899,78.6397,1,0.020719,140.804490,0.00778260,59.9783,1,0.032340,320.753787
2017-02-24,0.00471495,79.1112,1,0.034475,200.864220,0.00066387,60.0447,1,0.046913,301.036880
2017-02-27,0.01261391,80.3726,1,0.035639,241.410390,-0.00676023,59.3687,1,0.039553,281.966460
2017-02-28,0.00744506,81.1171,1,0.030294,201.638670,-0.01191709,58.1770,1,0.049219,320.833350
2017-03-01,-0.01953345,79.1637,1,0.035925,261.405840,-0.01061693,57.1153,1,0.046933,359.838870
2017-03-02,0.00809273,79.9730,1,0.020167,182.892280,0.01203426,58.3187,0,0.000000,0.000000
2017-03-03,0.00391490,80.3645,1,0.019970,141.625980,0.00082233,58.4010,1,0.026607,241.741053
2017-03-06,-0.00168726,80.1958,1,0.019756,180.637100,-0.00602518,57.7984,1,0.039508,320.671140
2017-03-07,0.00157245,80.3530,1,0.026755,239.882110,0.00407773,58.2062,0,0.000000,0.000000
2017-03-08,-0.00210998,80.1420,1,0.018108,200.617920,0.00150124,58.3563,1,0.034386,319.724440
2017-03-09,-0.00398590,79.7434,1,0.023530,240.276990,0.00200802,58.5571,1,0.031578,280.987310
2017-03-10,-0.00327006,79.4164,1,0.029476,259.920900,0.01640783,60.1979,1,0.033787,280.499360
2017-03-13,-0.00421971,78.9945,1,0.023131,221.941030,-0.00012153,60.1858,1,0.028673,242.497670
2017-03-14,0.00081498,79.0760,1,0.016072,120.900200,-0.00158020,60.0277,1,0.045960,340.259440
2017-03-15,-0.00051295,79.0247,1,0.017875,180.216670,-0.00124306,59.9034,1,0.038796,359.648080
2017-03-16,0.00423384,79.4480,1,0.025006,202.835120,0.00306567,60.2100,0,0.000000,0.000000
2017-03-17,-0.00217370,79.2307,1,0.021350,180.820410,0.00360561,60.5706,1,0.031499,302.874449
2017-03-20,-0.00540361,78.6903,1,0.023141,200.875020,-0.00389002,60.1816,1,0.037232,281.039400
2017-03-21,-0.00101027,78.5893,1,0.024077,220.411180,-0.00051093,60.1305,1,0.045923,320.288070
2017-03-22,-0.00623310,77.9660,1,0.027710,220.083130,-0.00168384,59.9621,1,0.045964,339.769330
2017-03-23,0.00475513,78.4415,1,0.027877,281.062060,-0.00294277,59.6678,1,0.040887,340.891740
2017-03-24,-0.00095671,78.3458,1,0.020301,220.301070,0.00060997,59.7288,1,0.038353,340.328550
2017-03-27,0.00335258,78.6811,1,0.025332,220.755490,0.00137423,59.8662,1,0.035007,320.414170
2017-03-28,-0.00541788,78.1393,1,0.026548,240.404870,-0.01341688,58.5245,1,0.038688,320.101770
2017-03-29,-0.00048602,78.0907,1,0.022602,182.385380,0.00593493,59.1180,1,0.047697,362.379740
2017-03-30,-0.00295722,77.7950,1,0.015122,162.055820,-0.00460264,58.6578,1,0.041524,321.193030
2017-03-31,-0.00080354,77.7146,1,0.026424,180.285980,-0.00002036,58.6557,1,0.043966,340.259540
2017-04-03,-0.00211859,77.5028,1,0.036399,300.152730,-0.00352885,58.3029,1,0.047325,340.777850
2017-04-04,-0.00142526,77.3602,1,0.037366,260.457340,0.00566505,58.8694,1,0.040775,340.410700
2017-04-05,-0.00432807,76.9274,1,0.027117,180.952300,0.00106917,58.9763,1,0.032963,241.304540
2017-04-06,-0.00386833,76.5406,1,0.028593,200.456650,-0.00121568,58.8547,1,0.040128,319.725300
2017-04-07,-0.00106595,76.4340,1,0.032045,241.546980,-0.00420050,58.4347,1,0.041870,360.922320
2017-04-10,0.00089107,76.5231,1,0.031233,279.991650,-0.00656484,57.7782,1,0.037324,339.985840
2017-04-11,-0.00091036,76.4321,1,0.029916,280.624620,0.00081842,57.8600,1,0.032678,300.486560
2017-04-12,0.00319504,76.7516,1,0.029426,240.533760,-0.00718556,57.1415,1,0.030776,280.525800
2017-04-13,0.00228729,76.9803,1,0.032711,260.349450,0.00551857,57.6933,1,0.043533,359.487080
2017-04-17,0.01598569,78.5789,1,0.024131,219.899200,-0.01481284,56.2120,0,0.000000,0.000000
2017-04-18,-0.00904129,77.6747,1,0.033339,261.209720,0.00630889,56.8429,0,0.000000,0.000000
2017-04-19,0.00012355,77.6871,1,0.018595,160.903890,0.00059263,56.9022,1,0.036427,280.516698
2017-04-20,0.00013429,77.7005,1,0.034071,239.963930,0.00126694,57.0289,1,0.034836,320.201070
2017-04-21,0.00393975,78.0945,1,0.027305,202.018600,-0.00556025,56.4729,1,0.028445,260.869870
2017-04-24,-0.00630152,77.4643,1,0.038052,279.699740,-0.00275678,56.1972,1,0.047558,340.166420
2017-04-25,0.00261721,77.7261,1,0.030159,201.797600,0.00273537,56.4707,0,0.000000,0.000000
2017-04-26,-0.00103442,77.6226,1,0.040922,240.832880,-0.00212890,56.2578,1,0.040760,302.626791
2017-04-27,0.00283232,77.9059,1,0.042768,241.168420,0.00871432,57.1293,1,0.060838,341.045110
2017-04-28,0.00304968,78.2108,1,0.026682,180.598520,-0.01190969,55.9383,1,0.045319,321.579770
2017-05-01,0.00192555,78.4034,1,0.036335,279.979430,0.00316255,56.2545,1,0.042715,359.182890
2017-05-02,-0.00417155,77.9862,1,0.027075,181.103210,0.00222733,56.4773,1,0.032697,281.001870
2017-05-03,0.00575555,78.5618,1,0.019565,161.332020,0.00090907,56.5682,1,0.035593,320.619250
2017-05-04,-0.00273508,78.2883,1,0.033798,220.174440,-0.01128684,55.4395,1,0.043134,319.733520
2017-05-05,0.00404147,78.6924,1,0.019733,201.206530,-0.01367332,54.0722,1,0.035622,361.361030
2017-05-08,-0.00340387,78.3520,1,0.035377,201.691520,0.01038498,55.1107,1,0.052842,380.999970
2017-05-09,-0.00148254,78.2038,1,0.024484,180.714870,-0.00650427,54.4602,1,0.030247,260.768080
2017-05-10,-0.00303896,77.8999,1,0.022836,181.405270,0.00071851,54.5321,1,0.029679,301.032860
2017-05-11,-0.00120951,77.7789,1,0.011811,101.233420,-0.00169314,54.3628,1,0.029954,300.791570
2017-05-12,0.00048237,77.8272,1,0.020943,159.875660,0.00293498,54.6563,1,0.035822,299.873700
2017-05-15,-0.00325175,77.5020,1,0.019455,120.261720,-0.00487515,54.1688,1,0.029295,260.570140
2017-05-16,-0.01348442,76.1535,1,0.031432,221.431720,0.00096751,54.2655,0,0.000000,0.000000
2017-05-17,0.01169581,77.3231,1,0.014009,141.035390,-0.02597864,51.6676,1,0.039854,321.514597
2017-05-18,-0.00928835,76.3943,1,0.024595,200.275170,0.00458846,52.1265,1,0.044864,378.088950
2017-05-19,-0.02211470,74.1828,1,0.019820,181.676680,0.01739974,53.8665,1,0.043896,341.631750
2017-05-22,0.00480599,74.6634,1,0.021981,162.829490,0.00586994,54.4535,0,0.000000,0.000000
2017-05-23,-0.00452247,74.2112,1,0.023447,161.754140,-0.00503090,53.9504,0,0.000000,0.000000
2017-05-24,0.00489263,74.7004,1,0.026637,180.756000,-0.00251810,53.6986,1,0.034540,305.142366
2017-05-25,-0.01211499,73.4889,1,0.025309,221.010160,0.00736211,54.4348,1,0.033899,300.791150
2017-05-26,0.01814709,75.3036,1,0.020021,120.585370,-0.02344977,52.0898,1,0.042887,301.682370
2017-05-30,-0.00037017,75.2666,1,0.020377,142.756130,0.00461594,52.5514,1,0.036766,361.738730
2017-05-31,-0.00840603,74.4260,1,0.011073,121.136680,0.01064417,53.6158,1,0.028633,260.515140
2017-06-01,0.00337582,74.7636,1,0.022868,221.182830,-0.00005635,53.6102,1,0.019465,201.634290
2017-06-02,0.00290510,75.0541,1,0.031030,201.748010,0.00615547,54.2257,0,0.000000,0.000000
2017-06-05,-0.00658918,74.3952,1,0.031228,261.096580,0.00118381,54.3441,1,0.033529,303.055164
2017-06-06,-0.00228518,74.1667,1,0.032688,279.979790,-0.00254156,54.0899,1,0.029466,300.279010
2017-06-07,-0.00593679,73.5730,1,0.020969,121.666130,-0.01009515,53.0804,1,0.037365,320.041690
2017-06-08,0.00858064,74.4311,1,0.018586,121.771450,-0.00767688,52.3127,1,0.039458,300.037270
2017-06-09,0.01745585,76.1766,1,0.033425,241.068290,0.00247966,52.5607,1,0.044854,380.809530
2017-06-12,0.00589094,76.7657,1,0.022716,182.329010,0.00593522,53.1542,1,0.034208,300.972180
2017-06-13,0.00035410,76.8012,1,0.030780,220.993590,-0.00261029,52.8932,1,0.032829,281.071630
2017-06-14,0.00289552,77.0907,1,0.029828,242.397290,-0.00304314,52.5889,0,0.000000,0.000000
2017-06-15,-0.01067075,76.0236,1,0.034105,260.621180,0.01364585,53.9535,1,0.038925,381.448756
2017-06-16,0.00394554,76.4182,1,0.039186,259.261610,0.01433455,55.3869,1,0.034585,261.731270
2017-06-19,0.00471297,76.8895,1,0.021023,181.782960,-0.00005800,55.3811,1,0.030550,281.592380
2017-06-20,-0.00579291,76.3102,1,0.034231,241.428540,0.00163732,55.5449,1,0.028038,281.886830
2017-06-21,-0.01064909,75.2453,1,0.025789,199.735520,0.00890064,56.4349,1,0.029226,259.854470
2017-06-22,0.00097056,75.3423,1,0.020174,161.068040,0.00546729,56.9816,1,0.032141,320.981250
2017-06-23,-0.00555728,74.7866,1,0.026538,220.998310,0.00143163,57.1248,1,0.028337,280.353170
2017-06-26,0.00860892,75.6475,1,0.022878,182.205930,-0.01151601,55.9732,1,0.025961,281.955480
2017-06-27,-0.00293817,75.3537,1,0.031937,200.673030,0.01356429,57.3296,1,0.049191,400.180320
2017-06-28,-0.00424865,74.9288,1,0.017725,160.722760,-0.01505525,55.8241,0,0.000000,0.000000
2017-06-29,0.00508338,75.4372,1,0.022702,182.221940,-0.00889785,54.9343,1,0.051515,399.126468
2017-06-30,-0.00038903,75.3983,1,0.032093,220.473020,0.00499771,55.4341,0,0.000000,0.000000
2017-07-03,-0.00394292,75.0040,1,0.029902,241.272230,-0.00206501,55.2276,1,0.029911,259.027819
2017-07-05,0.01698334,76.7023,1,0.028006,180.865610,-0.02317749,52.9098,1,0.058759,321.017410
2017-07-06,0.00223161,76.9255,1,0.019079,220.841620,0.00896863,53.8067,1,0.038677,399.995550
2017-07-07,0.00558707,77.4842,1,0.014553,161.035880,0.01450357,55.2571,0,0.000000,0.000000
2017-07-10,-0.00110999,77.3732,1,0.031289,201.937460,0.00374475,55.6315,1,0.018285,181.453833
2017-07-11,-0.00261691,77.1115,1,0.017681,162.430150,0.00479642,56.1112,1,0.037698,301.628840
2017-07-12,0.00167770,77.2792,1,0.014220,161.084110,-0.00035067,56.0761,1,0.028197,260.763720
2017-07-13,0.00426438,77.7057,1,0.028142,221.651130,-0.00326100,55.7500,0,0.000000,0.000000
2017-07-14,-0.00708752,76.9969,1,0.025322,201.322420,-0.00098616,55.6514,1,0.038496,361.678141
2017-07-17,0.00546295,77.5432,1,0.025515,201.165410,0.00024234,55.6756,1,0.037086,340.745260
2017-07-18,0.00173910,77.7171,1,0.015690,141.244130,-0.00686226,54.9894,1,0.024306,261.266880
2017-07-19,-0.00488305,77.2288,1,0.020165,160.596420,-0.00682693,54.3067,1,0.032433,340.378440
2017-07-20,-0.00710236,76.5186,1,0.025186,182.303080,-0.00066157,54.2406,0,0.000000,0.000000
2017-07-21,0.00393407,76.9120,1,0.015923,140.218750,-0.00208923,54.0316,1,0.035193,302.197304
2017-07-24,0.00863095,77.7751,1,0.019135,141.379850,0.00149296,54.1809,1,0.030024,320.879790
2017-07-25,-0.01698043,76.0771,1,0.026463,161.815470,-0.00712402,53.4685,1,0.040952,321.235860
2017-07-26,0.00570331,76.6474,1,0.019509,181.075540,-0.00966583,52.5019,1,0.028303,300.838710
2017-07-27,0.00601638,77.2490,1,0.027512,201.425560,-0.01123829,51.3781,1,0.043439,360.535480
2017-07-28,0.00296027,77.5450,1,0.022083,181.794730,-0.02097937,49.2802,1,0.039617,359.519610
2017-07-31,0.00775139,78.3202,1,0.020861,141.260490,-0.00502811,48.7774,1,0.049131,341.276600
2017-08-01,0.00343336,78.6635,1,0.036814,261.169120,0.00418527,49.1959,1,0.048463,340.432320
2017-08-02,-0.00137715,78.5258,1,0.033215,241.463050,-0.00061658,49.1342,1,0.028988,301.515770
2017-08-03,-0.01540993,76.9848,1,0.042573,259.377660,0.00656345,49.7906,1,0.033045,280.324950
2017-08-04,-0.00076904,76.9079,1,0.027564,219.433940,-0.00055782,49.7348,1,0.036132,341.715510
2017-08-07,-0.00360177,76.5477,1,0.022667,221.082800,-0.00141429,49.5934,1,0.035719,321.501010
2017-08-08,0.00554925,77.1027,1,0.019785,142.520630,-0.01012559,48.5808,1,0.035709,261.290350
2017-08-09,-0.00242990,76.8597,1,0.017500,160.262930,0.00217696,48.7985,1,0.037944,338.751730
2017-08-10,-0.01020972,75.8387,1,0.020232,240.376310,-0.00053751,48.7448,1,0.037041,300.087660
2017-08-11,-0.00543503,75.2952,1,0.025453,259.296920,-0.00720781,48.0240,1,0.036791,319.489510
2017-08-14,-0.00384352,74.9108,1,0.019272,221.530690,-0.00327391,47.6966,1,0.036661,320.751970
2017-08-15,-0.01264474,73.6464,1,0.036494,242.460980,0.00078312,47.7749,0,0.000000,0.000000
2017-08-16,-0.01018889,72.6275,1,0.021559,161.240440,0.00087535,47.8624,1,0.036355,322.257717
2017-08-17,-0.00042850,72.5846,1,0.017820,141.471930,0.00061424,47.9239,1,0.038956,320.794110
2017-08-18,-0.00158089,72.4265,1,0.022749,239.614010,-0.00012845,47.9110,0,0.000000,0.000000
2017-08-21,-0.00139219,72.2873,1,0.027719,259.869460,-0.00411592,47.4994,1,0.038402,337.607637
2017-08-22,0.00290725,72.5780,1,0.031355,241.022280,-0.00439508,47.0599,1,0.038308,340.689650
2017-08-23,0.00432817,73.0109,1,0.030733,222.057760,-0.00114694,46.9452,1,0.044724,381.597300
2017-08-24,-0.01481074,71.5298,1,0.023324,220.355230,0.01874414,48.8196,1,0.032456,340.230090
2017-08-25,-0.00646227,70.8836,1,0.026057,201.401390,0.00126520,48.9462,1,0.027210,261.909090
2017-08-28,0.00315018,71.1986,1,0.023882,141.746990,-0.00168650,48.7775,1,0.028320,261.609730
2017-08-29,-0.00058853,71.1397,1,0.009953,101.481280,-0.00081016,48.6965,1,0.030226,260.652510
2017-08-30,0.00742824,71.8826,1,0.017676,160.717740,0.01345242,50.0417,1,0.031748,299.478650
2017-08-31,-0.00209141,71.6734,1,0.019451,161.969980,0.00922623,50.9644,1,0.036217,302.296330
2017-09-01,-0.00242696,71.4307,0,0.000000,0.000000,-0.00705447,50.2589,1,0.039427,321.554180
2017-09-05,-0.00806988,70.6237,1,0.028878,223.246102,-0.00930893,49.3280,1,0.035573,320.863800
2017-09-06,0.00097901,70.7216,1,0.016089,160.988430,0.00309489,49.6375,1,0.038131,359.981900
2017-09-07,-0.00360438,70.3612,0,0.000000,0.000000,-0.00082023,49.5555,1,0.030423,301.379160
2017-09-08,-0.00571201,69.7900,0,0.000000,0.000000,-0.00262271,49.2932,1,0.031331,301.890380
2017-09-11,0.01044621,70.8346,0,0.000000,0.000000,-0.00220954,49.0723,1,0.036324,301.588160
2017-09-12,0.01150585,71.9852,0,0.000000,0.000000,-0.00520415,48.5518,0,0.000000,0.000000
2017-09-13,-0.00185906,71.7993,1,0.028436,203.932834,0.00792103,49.3439,1,0.041787,342.284466
2017-09-14,0.00221127,72.0204,1,0.013033,160.877350,-0.00786795,48.5571,1,0.034095,300.801730
2017-09-15,0.00212708,72.2331,0,0.000000,0.000000,-0.00478873,48.0783,1,0.031593,359.673820
2017-09-18,-0.00086638,72.1465,0,0.000000,0.000000,-0.00652273,47.4260,1,0.030343,301.295140
2017-09-19,0.00935460,73.0819,1,0.020810,182.378718,0.00100092,47.5261,1,0.041898,380.416970
2017-09-20,0.00169434,73.2514,1,0.020006,161.831050,0.01350521,48.8766,1,0.039299,300.022370
2017-09-21,-0.00543882,72.7075,1,0.017762,181.161160,0.00607636,49.4842,1,0.026244,241.914160
2017-09-22,0.00335631,73.0431,1,0.018309,180.262180,-0.00074416,49.4098,1,0.027206,260.241480
2017-09-25,-0.00460648,72.5825,1,0.009098,121.195180,-0.00841891,48.5679,1,0.026571,260.682830
2017-09-26,-0.01353967,71.2285,1,0.019347,182.591230,0.00253347,48.8213,1,0.030343,321.563080
2017-09-27,-0.00919346,70.3092,0,0.000000,0.000000,0.01067225,49.8885,1,0.038845,320.790590
2017-09-28,0.00105992,70.4152,1,0.017518,162.066904,-0.00215213,49.6733,1,0.029433,281.716550
2017-09-29,-0.00364612,70.0505,0,0.000000,0.000000,-0.00337226,49.3361,1,0.030596,341.018940
2017-10-02,0.00462488,70.5130,1,0.018072,201.970961,-0.00591531,48.7445,1,0.023591,283.068310
2017-10-03,0.00443475,70.9565,1,0.026265,260.702940,-0.00328574,48.4160,1,0.037334,360.872800
2017-10-04,0.00544689,71.5012,1,0.022981,201.347180,-0.00555899,47.8601,1,0.032679,280.415580
2017-10-05,-0.00249442,71.2518,1,0.022682,220.886470,0.00330371,48.1904,0,0.000000,0.000000
2017-10-06,-0.00094460,71.1573,1,0.024400,201.068680,-0.00037352,48.1531,1,0.039872,301.906966
2017-10-09,0.00498901,71.6562,1,0.024249,200.855220,0.00137661,48.2908,1,0.033729,340.068260
2017-10-10,0.00375859,72.0321,0,0.000000,0.000000,-0.00864117,47.4266,1,0.035847,300.152890
2017-10-11,0.00858529,72.8906,1,0.021191,200.724461,-0.00232191,47.1944,1,0.036321,340.410110
2017-10-12,0.00662991,73.5536,1,0.023109,220.845480,0.00770584,47.9650,1,0.035106,340.781890
2017-10-13,-0.00273356,73.2802,1,0.015906,201.313660,-0.00690009,47.2750,1,0.027889,301.576830
2017-10-16,0.00347905,73.6281,1,0.020105,180.715770,-0.00397688,46.8773,1,0.035708,340.301440
2017-10-17,-0.00266213,73.3619,1,0.026823,220.491250,-0.00506747,46.3706,1,0.035657,320.269740
2017-10-18,-0.00724634,72.6373,1,0.022454,180.226590,0.00339735,46.7103,1,0.041865,360.075490
2017-10-19,-0.00907409,71.7299,1,0.021699,161.075520,0.00709093,47.4194,1,0.033277,260.666660
2017-10-20,-0.01267983,70.4619,1,0.016743,141.083810,0.00339736,47.7591,1,0.039214,281.051370
2017-10-23,0.00023937,70.4858,1,0.016423,181.907460,0.00111551,47.8707,1,0.037229,281.606270
2017-10-24,-0.01026665,69.4592,0,0.000000,0.000000,-0.00112602,47.7581,1,0.036152,320.305900
2017-10-25,-0.00038219,69.4209,1,0.012659,141.398230,0.00466099,48.2242,1,0.040821,320.553970
2017-10-26,-0.00051691,69.3693,0,0.000000,0.000000,0.00477680,48.7019,1,0.039140,320.309200
2017-10-27,0.00467686,69.8369,1,0.031214,201.500851,0.00103244,48.8051,1,0.042246,281.582240
2017-10-30,-0.00374440,69.4625,1,0.028970,242.393980,0.00361671,49.1668,1,0.038389,301.789330
2017-10-31,0.00473738,69.9362,0,0.000000,0.000000,-0.00316050,48.8507,1,0.036330,299.229100
2017-11-01,0.00249597,70.1858,1,0.029883,240.295566,0.00583819,49.4346,1,0.034301,302.709720
2017-11-02,0.01548997,71.7348,1,0.031843,281.172280,-0.01133797,48.3008,1,0.034997,341.260480
2017-11-03,-0.00600859,71.1340,1,0.028759,280.752300,0.00454375,48.7551,1,0.031975,339.312460
2017-11-06,-0.00408783,70.7252,1,0.027683,241.143600,0.02546548,51.3017,1,0.032572,261.515210
2017-11-07,-0.00214465,70.5107,1,0.017205,181.765620,-0.01602185,49.6995,1,0.020445,162.730780
2017-11-08,-0.00344358,70.1664,1,0.033678,280.933800,0.00387357,50.0869,1,0.045033,380.923820
2017-11-09,0.00572881,70.7392,1,0.024009,182.302260,-0.00351720,49.7351,1,0.023590,241.734250
2017-11-10,0.00047790,70.7870,1,0.025970,240.477810,-0.00233594,49.5015,1,0.037514,339.611150
2017-11-13,0.00953977,71.7410,1,0.018843,222.109800,0.00160078,49.6616,1,0.036122,341.225640
2017-11-14,0.00713891,72.4549,1,0.029709,242.193100,0.00407264,50.0689,1,0.031566,281.935560
2017-11-15,0.00175749,72.6307,1,0.020971,201.624700,0.00214168,50.2831,1,0.024572,261.345990
2017-11-16,0.01180193,73.8108,1,0.018917,180.208400,-0.01477385,48.8057,1,0.029875,299.546980
2017-11-17,-0.00193823,73.6170,1,0.038043,322.382110,-0.00755951,48.0497,1,0.049101,342.175950
2017-11-20,-0.00663056,72.9540,1,0.022756,221.043400,0.00873481,48.9232,1,0.034509,300.050830
2017-11-21,0.00681449,73.6354,1,0.015431,179.536500,0.00442917,49.3661,1,0.035703,281.127130
2017-11-22,-0.00210535,73.4249,1,0.019215,181.334060,-0.00644148,48.7220,1,0.028808,300.945900
2017-11-24,0.00147274,73.5722,1,0.026216,200.629740,-0.00179609,48.5424,1,0.035129,300.566600
2017-11-27,0.00115901,73.6881,1,0.041979,240.325710,-0.00243237,48.2991,1,0.047667,320.427600
2017-11-28,-0.00170774,73.5173,1,0.028714,260.342080,0.00777922,49.0770,1,0.030188,321.002150
2017-11-29,-0.01628734,71.8885,1,0.029834,241.294780,0.03910424,52.9875,1,0.028686,241.902590
2017-11-30,-0.00242260,71.6463,1,0.016710,202.410140,0.00072898,53.0604,1,0.021862,264.100870
2017-12-01,0.00381320,72.0276,1,0.018890,222.264490,0.01055527,54.1159,0,0.000000,0.000000
2017-12-04,-0.00604511,71.4231,1,0.013221,161.254630,0.02947218,57.0631,1,0.025882,242.398187
2017-12-05,0.00020083,71.4432,1,0.013027,163.031290,-0.01207604,55.8555,1,0.026574,263.274060
2017-12-06,-0.00551924,70.8913,1,0.019504,160.730090,0.00470609,56.3261,1,0.037491,378.537670
2017-12-07,-0.00231041,70.6602,1,0.010951,121.149660,-0.00115251,56.2109,1,0.027851,261.584060
2017-12-08,0.01129110,71.7893,1,0.013950,121.422230,-0.00311291,55.8996,1,0.039411,361.524280
2017-12-11,-0.00228905,71.5604,1,0.010765,140.042160,0.00498712,56.3983,0,0.000000,0.000000
2017-12-12,-0.00027489,71.5329,1,0.015079,141.671240,-0.01428293,54.9700,1,0.036433,301.100611
2017-12-13,-0.00434959,71.0980,1,0.015929,180.956650,-0.01795174,53.1748,1,0.036604,358.545620
2017-12-14,-0.00361918,70.7361,1,0.016078,141.538890,0.00542990,53.7178,1,0.041100,400.384950
2017-12-15,-0.00396170,70.3399,1,0.020270,121.240640,-0.00604693,53.1131,1,0.035503,339.404130
2017-12-18,0.00615722,70.9556,1,0.014708,142.183080,-0.01788392,51.3247,0,0.000000,0.000000
2017-12-19,-0.00282594,70.6730,1,0.017364,162.220590,0.01337110,52.6618,1,0.037470,383.908519
2017-12-20,-0.00620726,70.0523,1,0.010206,121.807990,0.01606992,54.2688,1,0.023128,221.413400
2017-12-21,0.00337930,70.3902,1,0.009230,101.629040,0.01024884,55.2937,1,0.017026,201.215480
2017-12-22,-0.00306092,70.0841,1,0.023532,201.845660,-0.00627033,54.6667,1,0.028043,261.676470
2017-12-26,-0.00041961,70.0422,1,0.015301,161.506120,-0.00322715,54.3440,1,0.032115,341.241810
2017-12-27,0.00175825,70.2180,1,0.022065,180.926580,-0.00272569,54.0714,1,0.036429,340.207760
2017-12-28,-0.00059282,70.1587,1,0.018782,160.564530,-0.00226051,53.8453,1,0.028421,300.349760
2017-12-29,-0.00203146,69.9556,1,0.011746,140.753480,0.00403713,54.2491,1,0.034417,320.330870
2018-01-02,-0.00582866,69.3727,1,0.023856,280.019180,-0.01411444,52.8376,0,0.000000,0.000000
2018-01-03,-0.00048276,69.3244,1,0.014626,163.131910,0.01255122,54.0927,1,0.039418,340.926348
2018-01-04,-0.00147898,69.1765,1,0.018148,162.319130,0.01036664,55.1294,1,0.027596,281.101680
2018-01-05,-0.00571001,68.6055,1,0.019821,181.185710,-0.00905119,54.2243,1,0.027789,301.291420
2018-01-08,-0.00405254,68.2003,1,0.017504,141.237440,0.01418028,55.6423,1,0.040212,360.622190
2018-01-09,0.00856978,69.0572,1,0.021072,161.099390,-0.00106245,55.5361,0,0.000000,0.000000
2018-01-10,-0.00825986,68.2313,1,0.017586,141.299090,0.00234210,55.7703,1,0.029980,262.510731
2018-01-11,-0.00569280,67.6620,1,0.019820,179.747520,0.00722428,56.4927,1,0.026832,299.472390
2018-01-12,-0.01196133,66.4658,1,0.017513,182.364400,0.00897699,57.3904,1,0.032361,301.620900
2018-01-16,0.01584523,68.0504,1,0.006157,61.569780,-0.00488873,56.9015,1,0.027233,261.322940
2018-01-17,-0.00558379,67.4920,1,0.016959,160.953440,0.00634691,57.5362,1,0.036459,339.936820
2018-01-18,-0.00433189,67.0588,1,0.022349,182.034080,-0.00611619,56.9246,0,0.000000,0.000000
2018-01-19,0.00225289,67.2841,1,0.018381,161.810400,0.00252698,57.1773,1,0.043782,342.587183
2018-01-22,-0.01783370,65.5007,1,0.020950,162.154930,0.01145481,58.3228,1,0.029329,302.412660
2018-01-23,0.00960207,66.4609,1,0.011613,103.202820,-0.01414741,56.9080,1,0.027981,241.963110
2018-01-24,-0.00886475,65.5744,1,0.017365,141.653200,0.00280136,57.1882,1,0.039124,322.584500
2018-01-25,0.00175078,65.7495,1,0.016072,160.709850,0.00029027,57.2172,1,0.034603,320.317440
2018-01-26,-0.01128446,64.6211,1,0.016986,161.298870,-0.00944133,56.2731,1,0.036853,321.148370
2018-01-29,-0.01691010,62.9301,1,0.014180,161.518800,0.02053095,58.3262,1,0.031005,361.916680
2018-01-30,0.01128958,64.0590,1,0.017932,178.744850,-0.02144697,56.1815,0,0.000000,0.000000
2018-01-31,0.01046021,65.1051,1,0.025839,160.491930,0.00927832,57.1093,1,0.063178,375.746164
2018-02-01,0.00964583,66.0696,1,0.042207,221.931940,-0.02180128,54.9292,1,0.039588,261.272830
2018-02-02,-0.01095678,64.9740,1,0.031338,181.188810,-0.00424983,54.5042,1,0.051753,378.464460
2018-02-05,-0.00857592,64.1164,1,0.019402,161.427180,0.00471607,54.9758,0,0.000000,0.000000
2018-02-06,0.00655815,64.7722,1,0.018045,141.728570,0.00236826,55.2126,0,0.000000,0.000000
2018-02-07,0.01094565,65.8667,1,0.024715,182.591340,-0.02548614,52.6640,1,0.036174,335.858290
2018-02-08,0.00313775,66.1805,1,0.022545,202.661300,-0.00002972,52.6610,1,0.040992,359.751880
2018-02-09,0.00781126,66.9616,1,0.026904,161.079780,0.00267999,52.9290,0,0.000000,0.000000
2018-02-12,-0.00002066,66.9596,1,0.026846,202.972670,-0.00864100,52.0649,0,0.000000,0.000000
2018-02-13,0.00616434,67.5760,1,0.020426,182.895940,0.01305408,53.3703,0,0.000000,0.000000
2018-02-14,-0.00192389,67.3836,1,0.020399,180.526160,-0.01214692,52.1556,1,0.018782,203.098963
2018-02-15,-0.00831457,66.5522,1,0.024937,162.996810,-0.00041336,52.1143,1,0.044366,362.322910
2018-02-16,0.00688760,67.2409,1,0.015090,142.926300,-0.00801004,51.3133,1,0.045224,343.273790
2018-02-20,-0.00443280,66.7976,1,0.019530,180.812210,-0.00780433,50.5329,1,0.045763,380.422440
2018-02-21,0.00601306,67.3990,1,0.020754,180.090050,-0.00111278,50.4216,1,0.040158,340.153570
2018-02-22,0.00623390,68.0223,1,0.020060,160.608560,-0.00205829,50.2158,1,0.034139,319.198380
2018-02-23,-0.00065924,67.9564,1,0.038864,221.892670,-0.00038049,50.1777,1,0.040279,341.809770
2018-02-26,0.00519484,68.4759,1,0.025286,182.966100,-0.00211787,49.9659,0,0.000000,0.000000
2018-02-27,-0.01269860,67.2060,1,0.020700,161.755990,0.00909280,50.8752,1,0.034210,324.017563
2018-02-28,0.00903484,68.1095,1,0.030216,239.155800,0.00649383,51.5246,0,0.000000,0.000000
2018-03-01,-0.00348048,67.7615,1,0.029498,298.760440,0.00003547,51.5281,0,0.000000,0.000000
2018-03-02,0.00224357,67.9858,1,0.027413,162.017470,-0.00905711,50.6224,1,0.056001,337.292732
2018-03-05,0.00115834,68.1017,1,0.024156,221.490230,-0.00789333,49.8331,1,0.040693,341.417110
2018-03-06,0.00450167,68.5518,1,0.023343,201.951570,0.00749020,50.5821,0,0.000000,0.000000
2018-03-07,0.00304901,68.8567,1,0.024929,200.759490,0.00569471,51.1516,1,0.024389,244.517856
2018-03-08,-0.00352396,68.5043,1,0.019836,180.549410,0.01618708,52.7703,1,0.027332,280.160260
2018-03-09,0.00432547,68.9369,1,0.017973,181.893420,-0.00944109,51.8262,1,0.029329,282.744620
2018-03-12,-0.00598975,68.3379,1,0.022865,223.355260,0.01434798,53.2610,0,0.000000,0.000000
2018-03-13,0.00548904,68.8868,1,0.025056,220.352710,-0.00372846,52.8881,1,0.029046,263.471494
2018-03-14,-0.00230121,68.6567,1,0.020211,161.080980,0.00531355,53.4195,1,0.037415,319.936980
2018-03-15,0.00893367,69.5501,1,0.017953,161.168730,0.00923478,54.3430,1,0.034342,320.410890
2018-03-16,0.00301143,69.8512,1,0.020697,220.270180,-0.00175532,54.1674,1,0.031942,301.187600
2018-03-19,0.00397791,70.2490,1,0.029249,221.355200,-0.00191597,53.9758,0,0.000000,0.000000
2018-03-20,-0.00600471,69.6485,1,0.024281,200.894480,0.00528742,54.5046,0,0.000000,0.000000
2018-03-21,-0.00721577,68.9270,1,0.019907,141.935090,0.00794587,55.2992,1,0.028103,279.920948
2018-03-22,0.00916106,69.8431,1,0.014214,160.779750,-0.00481571,54.8176,1,0.025921,281.604810
2018-03-23,0.00056430,69.8995,1,0.023660,199.856840,-0.00463174,54.3544,0,0.000000,0.000000
2018-03-26,-0.00189405,69.7101,1,0.013205,160.657370,0.00516831,54.8713,0,0.000000,0.000000
2018-03-27,0.01208737,70.9188,1,0.026333,264.591580,-0.00977519,53.8937,0,0.000000,0.000000
2018-03-28,-0.01206132,69.7127,1,0.034142,278.936610,0.02493689,56.3874,1,0.040401,355.991681
2018-03-29,-0.00132123,69.5806,1,0.030833,201.535390,-0.00464852,55.9226,1,0.025852,222.057730
2018-04-02,-0.00785348,68.7952,0,0.000000,0.000000,0.01861544,57.7841,0,0.000000,0.000000
2018-04-03,0.00678920,69.4741,0,0.000000,0.000000,-0.00547696,57.2364,0,0.000000,0.000000
2018-04-04,0.00124536,69.5987,0,0.000000,0.000000,-0.01168523,56.0679,0,0.000000,0.000000
2018-04-05,-0.00181712,69.4170,0,0.000000,0.000000,-0.00953181,55.1147,0,0.000000,0.000000
2018-04-06,-0.01543983,67.8730,0,0.000000,0.000000,0.00991297,56.1060,1,0.043253,345.152951
2018-04-09,0.00908106,68.7811,0,0.000000,0.000000,-0.00582066,55.5239,0,0.000000,0.000000
2018-04-10,0.02227525,71.0086,0,0.000000,0.000000,0.01019304,56.5433,1,0.036276,335.181638
2018-04-11,-0.00502391,70.5062,0,0.000000,0.000000,-0.00733566,55.8097,1,0.028726,263.019960
2018-04-12,0.01642948,72.1492,0,0.000000,0.000000,-0.01365382,54.4443,1,0.038082,339.596060
2018-04-13,-0.01032722,71.1164,0,0.000000,0.000000,-0.00732910,53.7114,1,0.053690,361.784340
2018-04-16,-0.00169393,70.9471,0,0.000000,0.000000,0.00015294,53.7267,1,0.048226,360.604260
2018-04-17,0.00731653,71.6787,0,0.000000,0.000000,-0.00084306,53.6424,0,0.000000,0.000000
2018-04-18,-0.00141977,71.5367,0,0.000000,0.000000,0.00262676,53.9051,0,0.000000,0.000000
2018-04-19,-0.00151938,71.3848,0,0.000000,0.000000,-0.00215078,53.6900,1,0.029118,304.989519
2018-04-20,0.00196608,71.5814,0,0.000000,0.000000,0.00554834,54.2448,0,0.000000,0.000000
2018-04-23,-0.00728655,70.8527,0,0.000000,0.000000,-0.00237595,54.0072,0,0.000000,0.000000
2018-04-24,-0.01965073,68.8877,0,0.000000,0.000000,0.01131609,55.1388,1,0.041371,336.791765
2018-04-25,-0.00477015,68.4107,0,0.000000,0.000000,-0.00116377,55.0225,1,0.027067,201.442800
2018-04-26,0.00470150,68.8808,0,0.000000,0.000000,0.00331635,55.3541,1,0.042565,301.117450
2018-04-27,-0.00932213,67.9486,0,0.000000,0.000000,0.00107054,55.4611,1,0.033506,321.482140
2018-04-30,0.00223989,68.1726,0,0.000000,0.000000,0.00430002,55.8911,1,0.034508,301.062680
2018-05-01,-0.00151210,68.0214,1,0.034980,343.502055,0.00665007,56.5561,1,0.039833,320.052350
2018-05-02,-0.00510441,67.5109,1,0.013431,81.822030,-0.00389308,56.1668,1,0.037888,321.171980
2018-05-03,0.00706447,68.2174,1,0.009443,101.831630,0.00181565,56.3484,1,0.032905,359.905260
2018-05-04,0.00141842,68.3592,1,0.013488,122.576170,-0.00488879,55.8595,1,0.028069,281.236470
2018-05-07,-0.00406834,67.9524,1,0.014454,142.298770,0.00874106,56.7336,0,0.000000,0.000000
2018-05-08,-0.01019939,66.9324,1,0.010919,101.824380,0.01274807,58.0084,1,0.024123,282.948244
2018-05-09,-0.01076758,65.8557,1,0.017028,141.482460,0.01003642,59.0121,1,0.031188,241.831410
2018-05-10,-0.00643638,65.2121,1,0.012378,121.643090,-0.00217982,58.7941,1,0.031442,242.021530
2018-05-11,-0.00563619,64.6484,1,0.011749,101.965780,-0.00569341,58.2248,0,0.000000,0.000000
2018-05-14,-0.00234442,64.4140,1,0.009972,121.278270,0.01250329,59.4751,1,0.036771,342.255262
2018-05-15,-0.01409732,63.0043,1,0.014652,160.858610,0.00522820,59.9979,1,0.022120,260.908440
2018-05-16,0.00022378,63.0266,1,0.016982,161.386060,0.00913132,60.9110,1,0.029858,280.607140
2018-05-17,-0.00511490,62.5151,1,0.014400,101.126480,0.01078344,61.9894,1,0.027836,241.110330
2018-05-18,-0.01339884,61.1753,1,0.006724,61.093310,0.00169715,62.1591,1,0.026485,240.674140
2018-05-21,0.00371302,61.5466,1,0.011628,139.289640,0.00799863,62.9590,1,0.037437,300.540740
2018-05-22,0.01782632,63.3292,1,0.019248,141.233030,-0.00870438,62.0885,1,0.032858,301.660120
2018-05-23,-0.00287469,63.0417,1,0.019689,180.454220,-0.00181245,61.9073,1,0.041085,339.089440
2018-05-24,-0.00737391,62.3043,1,0.013861,140.956500,0.01195972,63.1033,1,0.044408,301.126400
2018-05-25,0.00004701,62.3090,1,0.012639,121.073310,0.00880118,63.9834,1,0.029202,261.494960
2018-05-29,-0.00883262,61.4258,1,0.014792,140.545660,0.01901351,65.8847,1,0.037169,281.663620
2018-05-30,-0.00115042,61.3107,1,0.011422,101.721410,-0.00580720,65.3040,1,0.025860,241.085300
2018-05-31,-0.00805053,60.5057,1,0.016243,122.984920,-0.00715126,64.5889,0,0.000000,0.000000
2018-06-01,-0.00436984,60.0687,1,0.021664,200.835770,0.00322183,64.9111,1,0.041237,381.080152
2018-06-04,0.00445297,60.5140,1,0.027663,241.121120,0.00907854,65.8189,1,0.042416,341.187480
2018-06-05,-0.00242548,60.2714,1,0.023068,222.823740,0.01089683,66.9086,1,0.025017,262.703190
2018-06-06,-0.00616137,59.6553,1,0.021157,180.742840,0.01133943,68.0425,1,0.025677,221.234500
2018-06-07,0.00759905,60.4152,1,0.017585,161.559220,-0.01606236,66.4363,1,0.037516,282.639500
2018-06-08,0.00045094,60.4603,1,0.029926,221.232930,-0.00262195,66.1741,1,0.048155,400.105560
2018-06-11,-0.01181449,59.2789,1,0.026429,222.050080,0.01116302,67.2904,0,0.000000,0.000000
2018-06-12,0.00666848,59.9457,1,0.021022,181.260700,-0.01555390,65.7350,1,0.030570,263.675070
2018-06-13,-0.00449280,59.4964,1,0.027570,260.898210,0.00258931,65.9939,1,0.037459,360.989860
2018-06-14,-0.00624892,58.8715,1,0.027352,240.506790,-0.00278080,65.7159,1,0.025920,280.079710
2018-06-15,-0.00255934,58.6156,1,0.026814,221.589820,-0.00259977,65.4559,1,0.037977,360.475040
2018-06-18,0.00088571,58.7042,1,0.012829,121.034100,-0.00993432,64.4625,1,0.034712,340.947880
2018-06-19,-0.00243314,58.4609,1,0.023134,200.388900,-0.00022845,64.4396,1,0.036815,360.734200
2018-06-20,0.00600044,59.0609,1,0.019936,200.973820,0.00597740,65.0374,1,0.030290,320.416490
2018-06-21,-0.00814857,58.2460,1,0.025777,260.450900,-0.01559571,63.4778,1,0.029501,301.400210
2018-06-22,0.01077526,59.3236,1,0.020774,221.139280,0.01164076,64.6419,1,0.030424,321.112370
2018-06-25,0.00670328,59.9939,1,0.020732,240.603380,0.02077244,66.7191,1,0.023656,222.490560
2018-06-26,-0.00295765,59.6981,1,0.022865,201.658920,-0.00127577,66.5915,1,0.028337,240.584580
2018-06-27,-0.00286392,59.4117,1,0.019552,201.834960,0.00902539,67.4941,1,0.040951,361.895540
2018-06-28,-0.00086703,59.3250,1,0.029943,278.788240,-0.00466615,67.0275,1,0.031905,299.464470
2018-06-29,0.00105781,59.4308,1,0.023729,241.466560,0.00080324,67.1078,0,0.000000,0.000000
2018-07-02,0.00566374,59.9972,1,0.023226,240.242710,-0.00615840,66.4919,1,0.055830,321.777064
2018-07-03,-0.00110292,59.8869,0,0.000000,0.000000,-0.00820024,65.6719,1,0.027174,240.459790
2018-07-05,-0.00085501,59.8014,0,0.000000,0.000000,-0.00542514,65.1294,1,0.048204,340.527150
2018-07-06,-0.00055493,59.7459,1,0.019733,202.591174,0.00234463,65.3639,0,0.000000,0.000000
2018-07-09,0.00432672,60.1786,1,0.017308,161.888240,-0.01144485,64.2194,0,0.000000,0.000000
2018-07-10,-0.00533875,59.6447,1,0.016925,142.664300,-0.00455194,63.7642,1,0.044824,345.303545
2018-07-11,-0.00229849,59.4149,1,0.025379,221.024170,-0.00848647,62.9155,1,0.041627,361.086710
2018-07-12,0.00334321,59.7492,1,0.023759,220.486010,-0.00413136,62.5024,1,0.038136,378.627680
2018-07-13,-0.00249725,59.4995,1,0.021445,181.048760,-0.00493983,62.0084,1,0.040773,320.978740
2018-07-16,0.00266565,59.7660,1,0.012745,141.065540,-0.00980867,61.0275,1,0.037627,360.288610
2018-07-17,0.00460467,60.2265,1,0.018723,180.051950,0.00158389,61.1859,1,0.042191,339.108140
2018-07-18,0.00092267,60.3188,1,0.013023,161.896830,-0.00251784,60.9342,1,0.026664,321.797140
2018-07-19,0.00299468,60.6182,1,0.014682,120.726070,-0.02076835,58.8573,1,0.030415,319.854220
2018-07-20,-0.00273946,60.3443,0,0.000000,0.000000,-0.01223773,57.6335,1,0.051743,379.976280
2018-07-23,0.00652088,60.9964,0,0.000000,0.000000,0.00319393,57.9529,1,0.040287,379.649470
2018-07-24,-0.00188578,60.8078,0,0.000000,0.000000,0.00396420,58.3494,1,0.023250,240.313820
2018-07-25,0.00704975,61.5128,1,0.022375,218.797269,-0.00410632,57.9387,1,0.033532,300.338730
2018-07-26,-0.00291928,61.2208,1,0.020818,201.196030,-0.02732747,55.2060,1,0.044277,322.548060
2018-07-27,-0.00113639,61.1072,1,0.019439,162.345470,0.01509812,56.7158,1,0.040898,382.845190
2018-07-30,0.00502865,61.6101,1,0.019815,179.064920,0.01451682,58.1675,1,0.022198,240.201550
2018-07-31,0.00937580,62.5476,1,0.012650,141.325340,-0.00512470,57.6550,1,0.023480,241.195240
2018-08-01,0.00422895,62.9705,1,0.028365,241.984310,-0.00082668,57.5723,1,0.036108,360.729270
2018-08-02,0.00434603,63.4051,1,0.035537,221.146120,0.00681133,58.2535,1,0.046337,299.928980
2018-08-03,-0.00259394,63.1457,1,0.017434,162.989560,-0.00169295,58.0842,1,0.028585,302.359170
2018-08-06,-0.00241310,62.9044,1,0.026680,221.118160,-0.00526530,57.5576,1,0.035310,341.374250
2018-08-07,0.00972749,63.8772,1,0.012311,161.161650,0.00428061,57.9857,1,0.025109,321.026580
2018-08-08,0.00797382,64.6746,1,0.018988,201.048080,0.00357558,58.3433,1,0.034812,301.258990
2018-08-09,-0.00824862,63.8497,1,0.012862,161.348470,0.00692624,59.0359,1,0.024226,260.855030
2018-08-10,0.00181152,64.0308,1,0.012858,121.573920,-0.00391404,58.6445,1,0.030144,240.707170
2018-08-13,-0.00451702,63.5791,1,0.020292,200.779310,-0.00164854,58.4796,1,0.027754,340.200140
2018-08-14,0.00869270,64.4484,1,0.013570,160.391890,-0.00254302,58.2253,1,0.038072,340.058740
2018-08-15,-0.00030868,64.4175,1,0.022358,181.912260,-0.00995732,57.2296,1,0.038832,341.563350
2018-08-16,0.00188254,64.6058,1,0.014826,201.326870,0.00451573,57.6812,1,0.026387,319.613740
2018-08-17,-0.00409619,64.1962,1,0.021749,201.088640,0.00488908,58.1701,0,0.000000,0.000000
2018-08-20,-0.00676322,63.5199,1,0.025152,201.266530,-0.00205662,57.9644,0,0.000000,0.000000
2018-08-21,0.00282169,63.8020,1,0.016611,121.127970,-0.00522144,57.4423,1,0.026654,323.825758
2018-08-22,0.00036982,63.8390,1,0.014858,160.857100,0.00731550,58.1738,1,0.022700,299.422050
2018-08-23,-0.01636664,62.2023,1,0.016184,140.817600,0.02570346,60.7442,1,0.020754,220.954730
2018-08-24,0.00439731,62.6421,1,0.015999,122.442880,-0.01145350,59.5988,1,0.026150,222.184960
2018-08-27,-0.00227941,62.4141,1,0.025991,181.822010,0.00873443,60.4723,1,0.037937,320.518680
2018-08-28,-0.00294464,62.1197,1,0.018234,161.067610,0.00015957,60.4882,1,0.029073,301.347020
2018-08-29,0.00520228,62.6399,1,0.018092,161.045070,-0.00663080,59.8251,1,0.035450,340.363650
2018-08-30,-0.00334656,62.3052,1,0.015856,141.097560,0.00562447,60.3876,1,0.036213,360.815170
2018-08-31,-0.00375923,61.9293,1,0.015313,160.828100,0.00019314,60.4069,1,0.028306,240.611060
2018-09-04,0.00169461,62.0988,1,0.020949,220.744690,0.00232829,60.6397,1,0.032361,300.629820
2018-09-05,0.00623325,62.7221,1,0.019865,161.710610,0.00014722,60.6544,1,0.025678,280.876090
2018-09-06,0.01284853,64.0070,1,0.021047,161.350150,0.01175990,61.8304,1,0.045260,361.010500
2018-09-07,-0.01146468,62.8605,1,0.017908,162.559800,0.01323035,63.1535,1,0.041405,301.069730
2018-09-10,-0.00141632,62.7189,1,0.008122,120.970320,0.00420619,63.5741,1,0.029191,241.189720
2018-09-11,-0.00060357,62.6585,1,0.016467,162.065650,0.00201337,63.7754,1,0.030033,281.540030
2018-09-12,0.00422428,63.0809,1,0.011072,81.962890,-0.00332487,63.4429,1,0.030997,281.233510
2018-09-13,0.00180183,63.2611,1,0.018007,161.647360,-0.00913257,62.5297,1,0.039537,321.317590
2018-09-14,-0.00619404,62.6417,1,0.014794,141.483790,0.00092661,62.6223,1,0.046949,360.665760
2018-09-17,0.00976529,63.6182,1,0.016301,141.773410,-0.01321570,61.3008,1,0.028010,281.512830
2018-09-18,-0.00958505,62.6597,1,0.007735,102.130950,-0.00407718,60.8931,1,0.031008,359.557340
2018-09-19,-0.01226812,61.4329,1,0.002852,41.864010,0.00346405,61.2395,1,0.030935,321.143830
2018-09-20,-0.00304431,61.1285,1,0.007821,81.871080,0.00093737,61.3332,1,0.030513,299.800500
2018-09-21,-0.00818830,60.3097,1,0.010060,101.911610,-0.00433910,60.8993,0,0.000000,0.000000
2018-09-24,-0.00457434,59.8522,1,0.013274,121.227930,-0.00039463,60.8598,1,0.036093,341.931523
2018-09-25,0.00350967,60.2032,1,0.011113,100.734280,0.01097505,61.9573,1,0.029135,339.564710
2018-09-26,-0.00034234,60.1690,1,0.020204,101.736700,-0.00193630,61.7637,1,0.025310,260.945000
2018-09-27,-0.00183308,59.9857,1,0.016368,140.232290,0.00742637,62.5063,1,0.040353,318.946960
2018-09-28,0.00684519,60.6702,1,0.014701,160.903680,0.01162942,63.6693,1,0.032378,300.856450
2018-10-01,-0.00591975,60.0782,1,0.026225,281.038960,-0.00647650,63.0216,1,0.014480,181.951840
2018-10-02,-0.00590489,59.4877,1,0.019839,199.879970,0.01778606,64.8002,1,0.031884,358.588690
2018-10-03,-0.00891269,58.5964,0,0.000000,0.000000,-0.00561653,64.2386,1,0.020603,242.341530
2018-10-04,-0.00296632,58.2998,1,0.023012,201.311689,0.00047205,64.2858,1,0.038565,320.476810
2018-10-05,0.00425377,58.7252,0,0.000000,0.000000,0.01387113,65.6729,1,0.037797,319.634130
2018-10-08,-0.01236322,57.4889,1,0.025162,220.921522,0.02232492,67.9054,1,0.026628,241.728610
2018-10-09,-0.00224663,57.2642,1,0.015403,162.118440,-0.00184108,67.7213,1,0.030108,302.055080
2018-10-10,-0.00951236,56.3130,0,0.000000,0.000000,-0.00164984,67.5563,1,0.034774,359.727840
2018-10-11,-0.00174587,56.1384,0,0.000000,0.000000,-0.00936969,66.6193,0,0.000000,0.000000
2018-10-12,-0.00136959,56.0014,1,0.018349,162.890758,-0.00216917,66.4024,0,0.000000,0.000000
2018-10-15,0.00473479,56.4749,1,0.024511,202.296770,-0.01107444,65.2950,1,0.039544,335.306734
2018-10-16,0.00795015,57.2699,1,0.014925,160.698230,-0.01177310,64.1177,1,0.042300,379.449560
2018-10-17,-0.00678750,56.5912,1,0.027710,244.055020,-0.00785925,63.3317,0,0.000000,0.000000
2018-10-18,-0.00329083,56.2621,1,0.033063,220.258820,0.00063815,63.3956,1,0.053755,384.398360
2018-10-19,-0.00030859,56.2312,0,0.000000,0.000000,0.02933477,66.3290,1,0.039373,319.382950
2018-10-22,-0.00394704,55.8365,0,0.000000,0.000000,-0.01053551,65.2755,1,0.026271,222.526510
2018-10-23,0.00408889,56.2454,0,0.000000,0.000000,-0.00029362,65.2461,1,0.044482,380.025040
2018-10-24,0.01376340,57.6217,0,0.000000,0.000000,0.01911100,67.1572,1,0.044000,300.912480
2018-10-25,-0.00457423,57.1643,0,0.000000,0.000000,-0.01422917,65.7343,1,0.050197,336.963340
2018-10-26,0.00788446,57.9528,1,0.026954,203.830875,0.00363432,66.0977,1,0.052558,384.102960
2018-10-29,-0.00955968,56.9968,0,0.000000,0.000000,-0.01495735,64.6020,0,0.000000,0.000000
2018-10-30,-0.00159805,56.8370,1,0.018885,220.599005,0.00292557,64.8946,1,0.051053,358.592826
2018-10-31,0.00959486,57.7965,1,0.022804,223.154420,-0.01733572,63.1610,0,0.000000,0.000000
2018-11-01,0.00536805,58.3333,0,0.000000,0.000000,0.01631508,64.7925,1,0.039092,383.364037
2018-11-02,0.00243953,58.5772,0,0.000000,0.000000,-0.00298855,64.4936,1,0.038505,286.213680
2018-11-05,-0.00563607,58.0136,0,0.000000,0.000000,-0.01784027,62.7096,1,0.030497,339.831830
2018-11-06,-0.00981915,57.0317,0,0.000000,0.000000,0.00660314,63.3699,1,0.044556,401.993350
2018-11-07,0.02182739,59.2145,1,0.030111,168.363605,-0.01737226,61.6327,1,0.039606,281.641870
2018-11-08,-0.02464574,56.7499,0,0.000000,0.000000,0.00129982,61.7627,0,0.000000,0.000000
2018-11-09,-0.00127559,56.6223,0,0.000000,0.000000,-0.00257737,61.5049,1,0.051187,322.376323
2018-11-12,-0.01440207,55.1821,0,0.000000,0.000000,0.04525032,66.0300,1,0.039408,339.835650
2018-11-13,0.00097750,55.2799,0,0.000000,0.000000,-0.00392584,65.6374,1,0.023854,163.319960
2018-11-14,-0.00018817,55.2610,0,0.000000,0.000000,-0.00439478,65.1979,1,0.034388,341.619930
2018-11-15,0.00448145,55.7092,0,0.000000,0.000000,0.02449281,67.6472,1,0.044289,279.796130
2018-11-16,0.01520272,57.2295,0,0.000000,0.000000,-0.01219349,66.4278,1,0.039069,244.109210
2018-11-19,-0.01895944,55.3335,0,0.000000,0.000000,-0.00008124,66.4197,1,0.045054,364.445020
2018-11-20,0.00494829,55.8284,0,0.000000,0.000000,-0.01080485,65.3392,1,0.046915,358.209810
2018-11-21,0.02183259,58.0116,0,0.000000,0.000000,-0.02222936,63.1163,0,0.000000,0.000000
2018-11-23,-0.00740695,57.2709,0,0.000000,0.000000,-0.00489788,62.6265,1,0.050238,380.762287
2018-11-26,0.02345072,59.6160,0,0.000000,0.000000,-0.00988333,61.6382,1,0.078073,340.058850
2018-11-27,-0.00280464,59.3355,0,0.000000,0.000000,-0.00553502,61.0847,1,0.045092,323.332240
2018-11-28,0.00872860,60.2084,1,0.040350,298.366929,-0.01452165,59.6325,1,0.052015,320.563550
2018-11-29,0.00552963,60.7613,1,0.029297,262.753570,-0.01660365,57.9721,1,0.046775,363.589990
2018-11-30,-0.00678392,60.0830,0,0.000000,0.000000,-0.00271438,57.7007,1,0.035758,379.501690
2018-12-03,0.00440156,60.5231,1,0.020834,242.030314,-0.00650871,57.0498,1,0.036201,341.495020
2018-12-04,0.01442925,61.9660,1,0.023215,205.082710,0.01060847,58.1107,0,0.000000,0.000000
2018-12-06,-0.00002373,61.9637,1,0.026813,182.027100,0.00359954,58.4706,0,0.000000,0.000000
2018-12-07,-0.00812150,61.1515,1,0.031730,221.739220,-0.00137204,58.3334,1,0.048314,299.554252
2018-12-10,-0.02211384,58.9401,1,0.032604,258.956260,0.00218045,58.5515,0,0.000000,0.000000
2018-12-11,-0.01742201,57.1979,1,0.035021,222.480460,0.00780255,59.3317,1,0.038115,279.183306
2018-12-12,0.00830257,58.0282,1,0.015733,121.601380,-0.01052106,58.2796,1,0.035246,241.187670
2018-12-13,0.00439455,58.4676,1,0.023035,181.471930,-0.01623264,56.6564,1,0.053054,361.684280
2018-12-14,-0.00508346,57.9593,1,0.028106,221.054810,0.01140493,57.7969,1,0.055167,380.516790
2018-12-17,0.00908454,58.8677,1,0.025946,220.738140,-0.01167076,56.6298,0,0.000000,0.000000
2018-12-18,-0.00165489,58.7023,1,0.032289,200.402460,0.00198530,56.8283,0,0.000000,0.000000
2018-12-19,0.00193832,58.8961,1,0.031068,221.223300,-0.01008050,55.8203,1,0.034510,257.687225
2018-12-20,-0.00219427,58.6767,1,0.026407,182.019140,0.00493525,56.3138,0,0.000000,0.000000
2018-12-21,-0.00404729,58.2719,1,0.019959,181.961000,0.00399096,56.7129,0,0.000000,0.000000
2018-12-24,0.00294163,58.5661,1,0.029257,201.119030,-0.00351523,56.3614,0,0.000000,0.000000
2018-12-26,0.00739033,59.3051,1,0.080307,258.581720,0.00960878,57.3222,0,0.000000,0.000000
2018-12-27,-0.01361459,57.9437,1,0.052139,348.156200,0.00573731,57.8960,0,0.000000,0.000000
2018-12-28,-0.00134044,57.8096,1,0.016364,141.667500,0.00111492,58.0075,0,0.000000,0.000000
2018-12-31,-0.00055984,57.7536,1,0.033674,180.564180,-0.00322332,57.6851,1,0.055092,299.576427
2019-01-02,0.00028877,57.7825,1,0.049593,301.075250,-0.01354483,56.3306,0,0.000000,0.000000
2019-01-03,-0.02190770,55.5918,1,0.038900,220.436030,-0.01011633,55.3190,1,0.050313,341.339942
2019-01-04,0.00047078,55.6388,1,0.058002,258.942670,-0.01915311,53.4037,1,0.060801,359.563760
2019-01-07,0.00891777,56.5306,1,0.040503,306.778180,-0.00295004,53.1087,0,0.000000,0.000000
2019-01-08,-0.00055062,56.4755,1,0.044062,302.082060,-0.00059682,53.0490,1,0.047492,348.528430
2019-01-09,-0.00873164,55.6024,1,0.039184,243.046220,0.01188775,54.2378,0,0.000000,0.000000
2019-01-10,0.02283639,57.8860,1,0.037401,242.186040,-0.00847484,53.3903,1,0.045624,304.780725
2019-01-11,0.00004873,57.8909,1,0.043407,261.367780,-0.00191553,53.1988,0,0.000000,0.000000
2019-01-14,0.00812465,58.7034,1,0.039245,260.774520,-0.00725637,52.4731,1,0.062417,321.986152
2019-01-15,0.00037886,58.7412,1,0.028264,181.755490,-0.00073434,52.3997,1,0.036044,318.677080
2019-01-16,0.01009397,59.7506,1,0.036783,222.284650,-0.00512387,51.8873,0,0.000000,0.000000
2019-01-17,-0.00556719,59.1939,1,0.053889,320.332380,0.00732119,52.6194,1,0.041401,303.619128
2019-01-18,-0.00649332,58.5446,1,0.026342,182.115270,0.00028027,52.6474,0,0.000000,0.000000
2019-01-22,0.01725106,60.2697,1,0.024514,182.434530,0.00216225,52.8637,0,0.000000,0.000000
2019-01-23,-0.00406265,59.8634,1,0.036245,220.725820,0.00144327,53.0080,0,0.000000,0.000000
2019-01-24,-0.00714733,59.1487,1,0.031303,221.192200,-0.01448715,51.5593,1,0.047105,301.777123
2019-01-25,-0.01852484,57.2962,1,0.018724,141.611570,0.01368146,52.9274,1,0.042594,321.762190
2019-01-28,0.01032599,58.3288,1,0.025631,183.038480,-0.00508976,52.4184,1,0.030386,243.318500
2019-01-29,-0.00127402,58.2014,1,0.036322,240.863530,0.00021741,52.4402,1,0.050959,340.094490
2019-01-30,-0.00307627,57.8938,1,0.028707,200.687760,-0.00278288,52.1619,1,0.033898,300.568040
2019-01-31,-0.00345396,57.5484,1,0.033756,282.382220,0.00069996,52.2319,0,0.000000,0.000000
2019-02-01,0.01147274,58.6957,1,0.026256,202.798300,-0.01428146,50.8038,1,0.040176,323.798063
2019-02-04,0.01202440,59.8981,1,0.026600,203.040010,-0.00575126,50.2286,1,0.055016,380.615310
2019-02-05,-0.00999632,58.8985,1,0.016772,161.621720,0.00069054,50.2977,1,0.045236,340.456390
2019-02-06,-0.01288463,57.6100,1,0.024253,181.615900,-0.00571571,49.7261,1,0.041971,361.834050
2019-02-07,0.00309657,57.9197,1,0.018553,142.199330,-0.01006386,48.7197,1,0.045956,340.432520
2019-02-08,0.00151367,58.0710,1,0.028723,181.061310,0.00586482,49.3062,1,0.038358,359.568330
2019-02-11,-0.01051316,57.0197,1,0.021526,180.892970,-0.00544592,48.7616,1,0.028432,261.488220
2019-02-12,0.00594522,57.6142,1,0.026198,201.134770,0.00755896,49.5175,1,0.043874,321.023700
2019-02-13,0.00357490,57.9717,1,0.025980,202.258920,-0.01091526,48.4260,1,0.035076,263.008450
2019-02-14,-0.00399430,57.5723,1,0.030850,180.690590,0.00179475,48.6055,1,0.047815,380.823110
2019-02-15,-0.00347298,57.2250,1,0.015138,121.129700,0.00365241,48.9707,1,0.026439,260.749930
2019-02-19,0.00343983,57.5690,1,0.022317,202.292340,-0.01254078,47.7166,0,0.000000,0.000000
2019-02-20,-0.00059555,57.5094,1,0.030955,260.765720,0.00902179,48.6188,1,0.046731,402.716120
2019-02-21,-0.00332018,57.1774,1,0.017768,141.204660,-0.00919340,47.6995,1,0.034980,280.849770
2019-02-22,-0.00806297,56.3711,1,0.022327,200.624490,-0.00481844,47.2176,1,0.056884,359.708900
2019-02-25,-0.00087586,56.2835,1,0.018966,181.223530,0.00233627,47.4512,1,0.041783,361.968420
2019-02-26,0.00213834,56.4974,1,0.026266,181.688260,-0.00944256,46.5070,1,0.039066,300.392270
2019-02-27,0.02045214,58.5426,1,0.052396,260.054620,-0.01078618,45.4284,1,0.062628,359.990510
2019-02-28,0.00315474,58.8580,1,0.025376,182.814750,-0.00165021,45.2633,1,0.069881,342.792990
2019-03-01,0.00415702,59.2737,1,0.030688,240.306910,0.00311716,45.5751,1,0.031264,299.805900
2019-03-04,0.00376484,59.6502,1,0.030306,201.346610,-0.00684097,44.8910,1,0.040907,321.758840
2019-03-05,0.00939786,60.5900,1,0.038084,220.770230,0.00903959,45.7949,1,0.045951,319.636210
2019-03-06,0.00235209,60.8252,1,0.033081,180.746910,0.00451812,46.2467,1,0.042118,300.701870
2019-03-07,-0.00624785,60.2004,1,0.023605,180.186010,0.01203612,47.4503,1,0.035858,319.521550
2019-03-08,-0.00367652,59.8328,1,0.017412,121.236800,-0.00136219,47.3141,1,0.027639,262.080890
2019-03-11,-0.00565527,59.2673,1,0.024807,180.989840,-0.00230820,47.0833,1,0.038120,300.302220
2019-03-12,0.00582547,59.8498,1,0.035873,202.816880,0.00158644,47.2420,0,0.000000,0.000000
2019-03-13,0.00028702,59.8785,1,0.043368,260.339980,-0.00185869,47.0561,1,0.053189,303.291775
2019-03-14,0.00289680,60.1682,1,0.033140,241.209690,0.00312761,47.3688,1,0.044499,321.008800
2019-03-15,-0.00466656,59.7015,1,0.027586,200.681480,0.00129618,47.4985,1,0.037392,280.426080
2019-03-18,0.00961925,60.6635,1,0.025265,221.405290,-0.00463965,47.0345,1,0.029595,321.233570
2019-03-19,-0.00137791,60.5257,1,0.038211,281.389150,0.00010074,47.0446,1,0.040716,301.615130
2019-03-20,-0.00753922,59.7717,1,0.015032,160.952800,0.00388552,47.4331,1,0.033148,300.129110
2019-03-21,-0.01203309,58.5684,1,0.029149,200.893390,0.00256766,47.6899,1,0.043234,320.515700
2019-03-22,-0.00712326,57.8561,1,0.035256,224.685760,-0.00114223,47.5757,0,0.000000,0.000000
2019-03-25,0.00042131,57.8982,1,0.035569,241.236570,0.00675854,48.2515,1,0.046086,343.361828
2019-03-26,0.00435987,58.3342,1,0.032163,220.277260,-0.00702060,47.5495,1,0.044440,261.556240
2019-03-27,0.00260323,58.5946,1,0.043617,261.675530,0.01092706,48.6422,0,0.000000,0.000000
2019-03-28,0.00164554,58.7591,1,0.034246,220.944480,0.01282595,49.9248,1,0.033695,261.560861
2019-03-29,0.01102383,59.8615,1,0.033767,182.516740,-0.00146825,49.7779,1,0.033625,222.154190
2019-04-01,-0.00008636,59.8529,1,0.048746,340.484830,0.02238595,52.0165,1,0.049175,321.009380
2019-04-02,-0.00491852,59.3610,1,0.018092,121.944830,0.00728923,52.7455,1,0.040927,263.652690
2019-04-03,0.00087726,59.4487,1,0.014544,141.975800,0.00560853,53.3063,1,0.043067,281.223730
2019-04-04,-0.00697905,58.7508,1,0.027315,201.580230,0.01101374,54.4077,1,0.039106,301.069440
2019-04-05,-0.00083415,58.6674,1,0.020115,161.558790,0.00113671,54.5214,1,0.039419,261.722880
2019-04-08,0.00618640,59.2860,1,0.021950,162.030100,0.00579918,55.1013,0,0.000000,0.000000
2019-04-09,0.00163902,59.4499,1,0.029018,200.296110,-0.00477024,54.6243,1,0.038914,282.294465
2019-04-10,0.00200778,59.6507,1,0.031312,200.414240,-0.00262271,54.3620,1,0.041141,299.687750
2019-04-11,-0.00795337,58.8554,1,0.018957,201.655330,0.00220338,54.5823,1,0.040302,341.774030
2019-04-12,0.00035016,58.8904,1,0.021804,181.828040,0.00467666,55.0500,1,0.043394,301.107000
2019-04-15,-0.00125837,58.7646,1,0.015667,141.900820,-0.00502823,54.5472,1,0.043613,321.496980
2019-04-16,0.01575830,60.3404,1,0.024980,180.018570,-0.01337469,53.2097,1,0.040809,299.839970
2019-04-17,-0.00800479,59.5399,1,0.029919,200.712490,0.01576837,54.7865,1,0.057403,360.453920
2019-04-18,0.00151644,59.6916,1,0.019966,161.271260,-0.01149480,53.6370,1,0.023660,201.281820
2019-04-22,-0.00274808,59.4168,1,0.029598,202.708490,0.00199758,53.8368,1,0.050232,360.772780
2019-04-23,-0.00352221,59.0645,1,0.030171,181.063710,-0.00241200,53.5956,1,0.052900,320.540770
2019-04-24,-0.01600200,57.4643,1,0.029150,202.097570,-0.01804079,51.7915,0,0.000000,0.000000
2019-04-25,-0.01472586,55.9917,1,0.017906,179.978470,0.00443452,52.2350,1,0.064278,382.366979
2019-04-26,0.00492204,56.4840,1,0.032026,200.462880,0.00828783,53.0638,1,0.041067,281.596670
2019-04-29,-0.00353073,56.1309,1,0.027603,181.581570,-0.01393477,51.6703,1,0.037597,241.457230
2019-04-30,0.00017834,56.1487,1,0.024336,180.988050,-0.00079136,51.5911,1,0.054276,340.465400
2019-05-01,0.00249700,56.3984,0,0.000000,0.000000,0.01230598,52.8217,1,0.044802,341.923880
2019-05-02,0.02226470,58.6249,1,0.039930,223.079730,0.00807280,53.6290,0,0.000000,0.000000
2019-05-03,0.01807091,60.4320,0,0.000000,0.000000,0.00925355,54.5544,1,0.040575,280.734926
2019-05-06,-0.00296701,60.1353,0,0.000000,0.000000,-0.00503955,54.0504,1,0.055305,322.751550
2019-05-07,0.00510645,60.6459,1,0.032065,205.430793,0.00961878,55.0123,1,0.047982,319.997890
2019-05-08,0.00458924,61.1048,1,0.028776,181.259630,0.00307856,55.3202,0,0.000000,0.000000
2019-05-09,-0.00365427,60.7394,1,0.043687,260.749380,0.00819684,56.1398,1,0.058506,318.436770
2019-05-10,-0.00542303,60.1971,0,0.000000,0.000000,0.00759045,56.8989,1,0.044495,321.084210
2019-05-13,-0.00766948,59.4302,0,0.000000,0.000000,0.02668574,59.5675,1,0.041286,301.615780
2019-05-14,0.00458427,59.8886,1,0.046553,319.174788,-0.02256361,57.3111,1,0.031051,221.502460
2019-05-15,-0.00298196,59.5904,1,0.049466,302.531080,0.00113510,57.4246,1,0.052130,401.588070
2019-05-16,-0.00146814,59.4436,1,0.035964,241.489370,0.00374229,57.7988,1,0.036281,320.874140
2019-05-17,0.00428796,59.8724,0,0.000000,0.000000,-0.00674205,57.1246,1,0.037225,281.764070
2019-05-20,-0.00949605,58.9228,1,0.033405,200.774622,0.01976016,59.1007,1,0.061684,359.180780
2019-05-21,0.00278594,59.2014,1,0.032756,201.183500,-0.01047803,58.0529,1,0.030523,201.298200
2019-05-22,-0.00636299,58.5651,0,0.000000,0.000000,0.00879502,58.9324,0,0.000000,0.000000
2019-05-23,-0.01879680,56.6854,1,0.027580,162.134745,0.02373305,61.3057,1,0.048785,281.653135
2019-05-24,0.01022888,57.7083,1,0.024852,162.018020,-0.00278004,61.0277,1,0.037184,240.568010
2019-05-28,0.00516367,58.2246,0,0.000000,0.000000,0.00050827,61.0785,1,0.056133,340.036780
2019-05-29,0.01163072,59.3877,1,0.025078,161.381119,-0.00623644,60.4548,0,0.000000,0.000000
2019-05-30,-0.00131116,59.2566,1,0.036556,240.081430,0.00298578,60.7534,1,0.046912,337.734295
2019-05-31,0.01929986,61.1866,0,0.000000,0.000000,0.01105301,61.8587,1,0.042829,281.491190
2019-06-03,0.00382293,61.5689,0,0.000000,0.000000,-0.00315603,61.5431,1,0.038623,261.262070
2019-06-04,-0.01102019,60.4669,1,0.047959,263.161813,-0.01275052,60.2681,1,0.051952,322.583940
2019-06-05,0.01987964,62.4548,1,0.034846,283.735860,-0.02598263,57.6698,1,0.043313,364.393660
2019-06-06,-0.00055087,62.3997,1,0.046757,321.839230,0.00282625,57.9524,1,0.060815,402.617110
2019-06-07,0.00566328,62.9661,0,0.000000,0.000000,-0.00367211,57.5852,1,0.038001,282.054500
2019-06-10,-0.00652774,62.3133,1,0.028464,242.327329,0.00750135,58.3353,1,0.042475,341.568550
2019-06-11,0.00288716,62.6020,0,0.000000,0.000000,0.00459317,58.7947,1,0.055193,320.907230
2019-06-12,-0.00051027,62.5510,0,0.000000,0.000000,-0.01266520,57.5281,1,0.055790,281.026850
2019-06-13,0.00320615,62.8716,1,0.026435,222.457516,-0.00772599,56.7555,1,0.048509,339.729490
2019-06-14,0.00660236,63.5318,1,0.041564,241.411730,-0.00839041,55.9165,1,0.055641,341.657610
2019-06-17,0.00681637,64.2135,0,0.000000,0.000000,0.00324997,56.2415,1,0.061713,339.240500
2019-06-18,0.00044882,64.2583,1,0.046348,221.061318,0.00062414,56.3039,1,0.058696,341.505670
2019-06-19,0.00004964,64.2633,1,0.030686,201.152090,0.00100772,56.4047,1,0.047848,302.457490
2019-06-20,0.00110738,64.3741,0,0.000000,0.000000,-0.00858878,55.5458,1,0.051708,321.386860
2019-06-21,-0.00553999,63.8201,0,0.000000,0.000000,0.01021812,56.5676,1,0.053378,342.349590
2019-06-24,0.00388294,64.2083,0,0.000000,0.000000,0.00024291,56.5919,1,0.034169,261.089310
2019-06-25,0.00403519,64.6119,0,0.000000,0.000000,0.00209349,56.8013,1,0.054091,319.668040
2019-06-26,-0.01623377,62.9885,0,0.000000,0.000000,-0.00717813,56.0834,1,0.036643,280.496700
2019-06-27,0.00257448,63.2459,0,0.000000,0.000000,-0.00787191,55.2963,1,0.058211,339.057450
2019-06-28,-0.00313291,62.9326,0,0.000000,0.000000,0.00206977,55.5032,1,0.043353,341.544040
2019-07-01,-0.01624271,61.3084,0,0.000000,0.000000,0.00853884,56.3571,0,0.000000,0.000000
2019-07-02,-0.00087745,61.2206,0,0.000000,0.000000,-0.01174016,55.1831,1,0.036966,283.257337
2019-07-03,0.00598930,61.8196,0,0.000000,0.000000,0.00294479,55.4776,1,0.050411,380.643410
2019-07-05,-0.00136902,61.6827,0,0.000000,0.000000,-0.00257714,55.2199,0,0.000000,0.000000
2019-07-08,0.00503700,62.1864,1,0.033440,267.348394,0.00180579,55.4004,1,0.044971,361.539926
2019-07-09,-0.00366132,61.8202,0,0.000000,0.000000,-0.00203274,55.1972,1,0.037714,300.298870
2019-07-10,0.00167264,61.9875,1,0.016836,141.846380,0.00620662,55.8178,1,0.039558,301.052980
2019-07-11,-0.00409554,61.5779,0,0.000000,0.000000,-0.01685810,54.1320,1,0.034960,281.641940
2019-07-12,0.00063847,61.6418,1,0.015893,141.401558,0.00279304,54.4113,1,0.049476,319.598730
2019-07-15,-0.01039499,60.6023,0,0.000000,0.000000,0.00469997,54.8813,1,0.044943,301.736080
2019-07-16,-0.00644951,59.9573,0,0.000000,0.000000,0.00657878,55.5392,1,0.047022,321.421180
2019-07-17,0.00359166,60.3165,0,0.000000,0.000000,-0.00171141,55.3681,1,0.044331,300.673020
2019-07-18,0.00396868,60.7134,0,0.000000,0.000000,0.00716623,56.0847,1,0.057267,339.819790
2019-07-19,-0.00242559,60.4708,1,0.035759,261.699399,-0.00429263,55.6554,1,0.048503,281.499970
2019-07-22,-0.00516104,59.9547,1,0.023794,180.382180,0.00434368,56.0898,1,0.042502,300.225380
2019-07-23,-0.00573780,59.3809,1,0.020020,102.094490,0.00007696,56.0975,1,0.045794,320.269270
2019-07-24,-0.02322142,57.0588,1,0.015982,141.353800,0.00499826,56.5973,1,0.047724,301.071330
2019-07-25,0.03465108,60.5239,0,0.000000,0.000000,-0.01993824,54.6035,1,0.050584,243.138410
2019-07-26,-0.00440917,60.0830,1,0.037167,179.661066,0.00320143,54.9236,1,0.070057,398.837600
2019-07-29,0.00193060,60.2760,0,0.000000,0.000000,0.01025022,55.9487,1,0.038868,262.299660
2019-07-30,0.00011685,60.2877,1,0.023975,182.843911,-0.01841253,54.1074,1,0.044693,281.134950
2019-07-31,-0.00466421,59.8213,0,0.000000,0.000000,0.01372929,55.4803,1,0.051701,381.679280
2019-08-01,0.00482470,60.3038,1,0.035400,201.744625,0.00171139,55.6515,0,0.000000,0.000000
2019-08-02,-0.00276725,60.0270,1,0.029555,181.126310,0.01002354,56.6538,1,0.058016,317.871786
2019-08-05,-0.01093502,58.9335,1,0.024882,180.585170,0.01388151,58.0420,1,0.042549,240.643550
2019-08-06,-0.00424652,58.5089,1,0.015172,121.921700,0.00789827,58.8318,0,0.000000,0.000000
2019-08-07,-0.02211356,56.2975,1,0.031836,182.597520,0.00842823,59.6746,0,0.000000,0.000000
2019-08-08,0.00031329,56.3289,1,0.018411,103.378280,0.00548669,60.2233,1,0.047041,279.519099
2019-08-09,-0.00214460,56.1144,1,0.034210,184.001140,0.00670318,60.8936,0,0.000000,0.000000
2019-08-12,-0.00329007,55.7854,1,0.042997,279.927430,0.01278440,62.1721,1,0.035200,261.778546
2019-08-13,0.00469172,56.2546,1,0.031948,160.461090,-0.00424602,61.7474,1,0.038432,299.735120
2019-08-14,-0.00861322,55.3932,1,0.034282,202.202800,0.01850694,63.5981,0,0.000000,0.000000
2019-08-15,-0.01912920,53.4803,1,0.041010,241.281740,0.01372786,64.9709,0,0.000000,0.000000
2019-08-16,0.00874062,54.3544,1,0.034448,142.482290,-0.01852922,63.1180,1,0.057692,280.480925
2019-08-19,0.00517400,54.8718,1,0.030600,183.250230,-0.02270759,60.8472,0,0.000000,0.000000
2019-08-20,-0.00095165,54.7766,1,0.021135,122.283700,0.00211170,61.0584,0,0.000000,0.000000
2019-08-21,0.00547828,55.3244,1,0.046732,239.967570,-0.00014091,61.0443,0,0.000000,0.000000
2019-08-22,-0.01206318,54.1181,1,0.042268,242.031600,0.01336862,62.3812,0,0.000000,0.000000
2019-08-23,-0.00961705,53.1564,1,0.030635,141.494690,0.00831006,63.2122,1,0.061194,306.561668
2019-08-26,-0.00461048,52.6954,1,0.023508,142.222590,0.00435787,63.6480,0,0.000000,0.000000
2019-08-27,0.00389105,53.0845,1,0.049945,222.278960,0.00456703,64.1047,0,0.000000,0.000000
2019-08-28,0.01137781,54.2223,1,0.045499,221.333710,-0.01887822,62.2169,1,0.046902,278.266584
2019-08-29,-0.00758283,53.4640,1,0.030233,202.256100,0.00697004,62.9139,1,0.065326,401.000820
2019-08-30,0.00060452,53.5244,1,0.011608,103.495430,0.00766411,63.6803,0,0.000000,0.000000
2019-09-03,-0.00762739,52.7617,0,0.000000,0.000000,-0.00542758,63.1375,1,0.040508,284.118644
2019-09-04,0.00287908,53.0496,0,0.000000,0.000000,-0.00269549,62.8680,1,0.050529,299.516210
2019-09-05,0.01154180,54.2038,1,0.054350,301.953485,0.01724191,64.5922,1,0.046859,322.108780
2019-09-06,-0.00044034,54.1597,1,0.027664,163.267630,0.00669973,65.2621,1,0.037317,242.902690
2019-09-09,0.02361395,56.5211,0,0.000000,0.000000,0.01056671,66.3188,1,0.047709,281.110810
2019-09-10,0.01326853,57.8480,1,0.035957,222.255821,0.03413020,69.7318,1,0.052600,302.045740
2019-09-11,0.00563826,58.4118,1,0.023324,163.462350,0.00364912,70.0967,1,0.033088,223.339460
2019-09-12,-0.00449727,57.9621,1,0.019337,162.097650,-0.00232483,69.8643,1,0.051993,301.997600
2019-09-13,0.00254650,58.2167,0,0.000000,0.000000,-0.01119337,68.7449,1,0.055657,341.151490
2019-09-16,-0.03746198,54.4705,1,0.046158,241.233328,0.02584321,71.3292,1,0.062319,360.261220
2019-09-17,0.01421320,55.8919,1,0.034170,183.940860,-0.01082406,70.2468,1,0.039076,263.795720
2019-09-18,0.00341598,56.2335,0,0.000000,0.000000,0.00623398,70.8702,1,0.060342,320.014690
2019-09-19,-0.00324844,55.9086,1,0.061904,299.911479,-0.01505245,69.3650,1,0.053095,260.479480
2019-09-20,0.00385563,56.2942,1,0.023527,161.083080,0.01004156,70.3691,1,0.077384,340.660170
2019-09-23,-0.00538846,55.7553,1,0.024966,160.518730,-0.00208598,70.1605,1,0.046178,241.379400
2019-09-24,0.01120431,56.8758,1,0.019899,141.650440,-0.01000153,69.1604,1,0.055343,300.512360
2019-09-25,-0.00074784,56.8010,1,0.036554,180.776490,-0.00568480,68.5919,1,0.072150,358.871430
2019-09-26,-0.00119916,56.6811,1,0.018006,121.417610,-0.00924319,67.6676,1,0.048749,341.389650
2019-09-27,0.00120523,56.8016,1,0.022627,141.395390,-0.00383309,67.2843,1,0.064729,360.330550
2019-09-30,-0.00085389,56.7162,1,0.031359,181.425050,-0.00876037,66.4082,1,0.050647,320.683680
2019-10-01,-0.00373927,56.3423,1,0.057237,342.133990,-0.00490109,65.9181,0,0.000000,0.000000
2019-10-02,-0.00099610,56.2427,1,0.047790,239.333930,0.00621353,66.5395,1,0.065887,341.373931
2019-10-03,0.00776133,57.0188,1,0.030817,200.712080,-0.00189914,66.3496,0,0.000000,0.000000
2019-10-04,-0.00903827,56.1150,1,0.039997,221.474710,-0.00782651,65.5669,1,0.065251,298.306826
2019-10-07,0.00719276,56.8342,1,0.025744,181.616190,0.00854272,66.4212,0,0.000000,0.000000
2019-10-08,-0.00027466,56.8068,1,0.053776,239.464280,0.01754471,68.1757,1,0.046449,241.424719
2019-10-09,-0.00108169,56.6986,1,0.031059,180.582790,0.00025363,68.2010,0,0.000000,0.000000
2019-10-10,0.00456204,57.1548,1,0.032036,162.238270,-0.00410224,67.7908,0,0.000000,0.000000
2019-10-11,0.00473822,57.6286,1,0.026938,161.800880,0.01357939,69.1487,1,0.051441,320.175690
2019-10-14,0.00911447,58.5401,1,0.047803,244.022380,0.00236830,69.3856,1,0.044780,264.272180
2019-10-15,-0.00207302,58.3328,1,0.042352,260.307790,0.00645280,70.0309,1,0.047590,300.027530
2019-10-16,-0.00837844,57.4949,1,0.026944,181.795730,-0.00517688,69.5132,1,0.043418,281.329810
2019-10-17,0.01038906,58.5338,1,0.032854,220.661700,-0.00860395,68.6528,1,0.037205,300.664450
2019-10-18,0.00438318,58.9722,1,0.025882,201.762820,0.00415407,69.0682,1,0.035813,281.287690
2019-10-21,0.01027871,60.0000,1,0.026849,180.923640,-0.00058266,69.0099,1,0.041996,281.102900
2019-10-22,-0.00335823,59.6642,1,0.030663,260.515220,0.00916136,69.9260,1,0.028944,281.023950
2019-10-23,0.00854391,60.5186,1,0.026169,202.122620,-0.00138676,69.7874,1,0.045976,281.239560
2019-10-24,-0.01497467,59.0211,1,0.032627,221.472600,0.00579484,70.3669,1,0.034146,261.867540
2019-10-25,0.00246588,59.2677,1,0.033202,222.727300,-0.02015393,68.3515,1,0.054863,302.617290
2019-10-28,-0.00114513,59.1532,1,0.043113,261.345290,0.00878315,69.2298,1,0.059265,358.990410
2019-10-29,-0.00596990,58.5562,1,0.019980,141.874540,0.00016954,69.2467,1,0.046606,281.240560
2019-10-30,-0.00596056,57.9602,1,0.026166,201.545430,-0.02055696,67.1910,1,0.037526,321.278180
2019-10-31,0.00868774,58.8289,1,0.058216,240.221370,-0.01971315,65.2197,1,0.066165,380.420830
2019-11-01,0.00720648,59.5496,1,0.040752,259.260150,-0.00350311,64.8694,1,0.041831,339.183690
2019-11-04,-0.01416925,58.1327,1,0.050735,303.856500,0.03420544,68.2900,1,0.046996,343.697200
2019-11-05,-0.01224529,56.9081,1,0.025219,202.044010,0.00095068,68.3850,1,0.025622,183.082840
2019-11-06,-0.00242122,56.6660,1,0.025962,201.667830,-0.00876225,67.5088,1,0.038285,300.131010
2019-11-07,-0.00182251,56.4838,1,0.031791,161.261200,-0.02000957,65.5078,1,0.065447,340.555000
2019-11-08,0.00490035,56.9738,1,0.020205,202.035760,-0.00433085,65.0748,1,0.046435,400.793330
2019-11-11,0.00530947,57.5047,1,0.023223,180.504100,-0.00374302,64.7005,1,0.038352,300.204850
2019-11-12,-0.00577449,56.9273,1,0.027029,161.291290,0.00430027,65.1305,1,0.047693,339.849610
2019-11-13,0.00266740,57.1940,1,0.026370,181.755840,0.00433993,65.5645,1,0.045657,300.893640
2019-11-14,0.00465897,57.6599,1,0.019523,141.308190,0.00139876,65.7043,1,0.041604,281.528630
2019-11-15,0.00316111,57.9760,1,0.029269,181.123560,0.00327271,66.0316,1,0.057929,340.722880
2019-11-18,-0.00854495,57.1215,1,0.020545,141.662960,-0.00113979,65.9176,1,0.041679,321.757740
2019-11-19,-0.00278572,56.8430,1,0.015572,100.928250,-0.00008284,65.9094,1,0.035994,301.370100
2019-11-20,0.00170436,57.0134,1,0.025634,101.018800,-0.00240974,65.6684,1,0.036494,261.485450
2019-11-21,-0.00544290,56.4691,1,0.021290,161.763170,-0.00389488,65.2789,1,0.041018,262.011840
2019-11-22,0.00111083,56.5802,1,0.013417,101.576360,0.00341027,65.6199,1,0.047393,320.414650
2019-11-25,-0.00441454,56.1387,1,0.022524,141.512400,-0.00748540,64.8714,1,0.036490,260.979620
2019-11-26,-0.00270770,55.8680,1,0.018760,141.907630,-0.00471607,64.3998,1,0.055187,341.582270
2019-11-27,-0.00783187,55.0848,1,0.025757,220.673890,-0.00572868,63.8269,1,0.048098,301.732500
2019-11-29,-0.00971053,54.1137,1,0.028573,181.580530,-0.00393930,63.4330,1,0.059150,361.167690
2019-12-02,-0.00552584,53.5612,1,0.051664,259.990580,0.00387565,63.8205,1,0.056155,259.563820
2019-12-03,0.00454675,54.0158,1,0.034795,200.326600,0.00158329,63.9789,1,0.055191,321.364760
2019-12-04,-0.00626692,53.3891,1,0.027862,221.110970,-0.01036572,62.9423,1,0.038232,300.487560
2019-12-05,0.00109967,53.4991,1,0.011813,122.278010,-0.00187724,62.7546,1,0.040654,342.451360
2019-12-06,0.00501587,54.0007,1,0.038473,180.958200,-0.00754576,62.0000,1,0.064966,320.910950
2019-12-09,-0.00421126,53.5796,1,0.032166,242.437220,0.00466942,62.4669,1,0.059738,321.885710
2019-12-10,-0.00458255,53.1213,1,0.030145,200.908360,0.00049616,62.5166,1,0.039564,300.950260
2019-12-11,0.00470873,53.5922,1,0.027197,161.245430,0.00675874,63.1924,1,0.054996,300.061660
2019-12-12,0.00539551,54.1317,1,0.033049,161.401250,0.02374912,65.5673,1,0.046798,340.471810
2019-12-13,-0.00920454,53.2113,1,0.033994,162.252580,-0.01360227,64.2071,1,0.046767,242.892050
2019-12-16,-0.00038014,53.1733,1,0.043074,319.529200,0.00126556,64.3337,1,0.053844,378.998780
2019-12-17,0.00873259,54.0465,1,0.032061,162.392860,-0.01199173,63.1345,0,0.000000,0.000000
2019-12-18,0.00045170,54.0917,1,0.038290,182.138200,-0.00298175,62.8363,1,0.070645,363.267095
2019-12-19,0.00046130,54.1378,1,0.024900,181.843940,-0.00380712,62.4556,1,0.063302,321.104610
2019-12-20,-0.00963559,53.1743,1,0.021519,201.209490,-0.01050098,61.4055,1,0.053818,321.221970
2019-12-23,0.02549953,55.7242,1,0.009517,121.547220,-0.02744820,58.6607,1,0.033820,321.470720
2019-12-24,0.00532426,56.2566,1,0.027604,202.648550,-0.00729906,57.9308,1,0.066286,401.410820
2019-12-26,-0.00666338,55.5903,1,0.053348,260.477690,-0.01061401,56.8694,1,0.081811,380.050500
2019-12-27,0.00120866,55.7112,1,0.032494,240.086470,-0.00340612,56.5288,1,0.047992,359.987670
2019-12-30,0.00040389,55.7516,1,0.023441,180.602540,-0.00531977,55.9968,1,0.041497,320.313640
2019-12-31,-0.00243733,55.5078,1,0.028003,180.946470,-0.00551811,55.4450,1,0.051511,360.087440
