date,model_ret,model_equity,model_rebalanced,model_cost,model_traded,naive_ret,naive_equity,naive_rebalanced,naive_cost,naive_traded
2015-01-02,-0.00801095,99.1989,1,0.032965,200.000000,0.00000000,100.0000,0,0.000000,0.000000
2015-01-05,-0.00375796,98.8231,0,0.000000,0.000000,0.00414168,100.4142,1,0.038452,200.000000
2015-01-06,-0.00655868,98.1672,1,0.036678,240.402906,0.01189887,101.6041,0,0.000000,0.000000
2015-01-07,-0.00577960,97.5893,1,0.032740,239.680250,0.00163008,101.7671,1,0.047572,297.671421
2015-01-08,0.00674091,98.2634,1,0.048219,281.986100,-0.01653856,100.1132,0,0.000000,0.000000
2015-01-09,-0.00114029,98.1493,1,0.030559,203.035290,0.00483019,100.5962,0,0.000000,0.000000
2015-01-12,-0.00172081,97.9773,1,0.024361,200.567530,0.02038699,102.6349,0,0.000000,0.000000
2015-01-13,-0.00390952,97.5863,1,0.043502,240.781780,0.00289268,102.9242,1,0.037332,222.676051
2015-01-14,-0.00920453,96.6659,1,0.031653,240.067910,0.00451520,103.3757,1,0.044500,300.598720
2015-01-15,-0.00804898,95.8610,1,0.030748,200.532800,0.00432682,103.8084,1,0.043758,321.047340
2015-01-16,-0.00406682,95.4543,1,0.027052,200.280570,0.00092335,103.9007,1,0.027005,179.550900
2015-01-20,-0.00652048,94.8022,1,0.036418,202.217410,0.00327331,104.2281,0,0.000000,0.000000
2015-01-21,-0.00446199,94.3560,1,0.026849,199.997790,-0.00051997,104.1761,1,0.035627,262.961577
2015-01-22,0.00371721,94.7278,1,0.045199,242.103430,-0.01058136,103.1179,1,0.063226,341.235070
2015-01-23,0.00570507,95.2983,1,0.034423,243.817100,-0.00753335,102.3646,0,0.000000,0.000000
2015-01-26,-0.00412292,94.8860,1,0.026982,200.897130,-0.00591233,101.7734,1,0.047933,323.038742
2015-01-27,0.00224595,95.1106,1,0.029285,182.186930,-0.02759532,99.0138,1,0.048522,341.302680
2015-01-28,-0.00014921,95.0956,1,0.033981,179.851840,0.00494456,99.5083,1,0.061334,361.231110
2015-01-29,-0.00314481,94.7812,1,0.023531,160.482200,0.00024980,99.5333,0,0.000000,0.000000
2015-01-30,-0.00068779,94.7124,1,0.035259,202.618390,0.00249349,99.7826,1,0.050001,319.983147
2015-02-02,0.00192633,94.9050,1,0.024857,199.815660,-0.00732570,99.0500,0,0.000000,0.000000
2015-02-03,-0.00175485,94.7295,1,0.036895,242.916070,0.01312473,100.3625,1,0.045947,299.128614
2015-02-04,-0.00244670,94.4849,1,0.037090,223.623230,-0.00453086,99.9094,0,0.000000,0.000000
2015-02-05,0.00079416,94.5643,1,0.024734,140.605120,0.00780491,100.6899,1,0.051539,343.168214
2015-02-06,-0.02505436,92.0588,1,0.026646,183.539150,0.02353410,103.0433,0,0.000000,0.000000
2015-02-09,0.00720581,92.7794,1,0.026699,161.103950,0.00023454,103.0668,1,0.038266,283.008197
2015-02-10,0.00163743,92.9432,1,0.027507,161.822240,-0.00655015,102.4118,1,0.052045,299.906720
2015-02-11,-0.00360731,92.5824,1,0.016741,123.530350,0.00380281,102.7921,0,0.000000,0.000000
2015-02-12,-0.00480124,92.1023,1,0.023814,180.316570,0.00730698,103.5227,1,0.039102,282.983191
2015-02-13,-0.02556807,89.5455,1,0.029017,183.009810,0.02718199,106.2409,0,0.000000,0.000000
2015-02-17,-0.00453246,89.0923,1,0.015376,123.248330,0.00412982,106.6539,1,0.025318,205.090425
2015-02-18,0.02790253,91.8825,1,0.017647,140.979230,-0.00956357,105.6976,1,0.047977,340.377160
2015-02-19,-0.01288477,90.5940,1,0.028087,203.666500,-0.01929947,103.7676,1,0.049837,320.889800
2015-02-20,-0.00341118,90.2529,1,0.019728,159.358730,0.00422794,104.1904,1,0.048586,379.374710
2015-02-23,0.00307260,90.5602,1,0.051080,241.157750,-0.00376571,103.8138,1,0.047891,261.200880
2015-02-24,-0.00546982,90.0132,1,0.016162,121.138160,-0.01154524,102.6593,1,0.045384,320.610500
2015-02-25,-0.01110727,88.9025,1,0.031107,180.287880,-0.00693864,101.9655,1,0.052364,360.540680
2015-02-26,-0.00598400,88.3041,1,0.026850,219.298780,0.02725125,104.6906,1,0.047625,359.486040
2015-02-27,-0.00687348,87.6167,1,0.030678,219.556290,0.00180547,104.8711,1,0.030173,242.124250
2015-03-02,-0.01182606,86.4341,1,0.028426,221.395450,-0.01484823,103.3863,1,0.041033,341.779480
2015-03-03,0.01534505,87.9686,1,0.035435,241.393180,-0.00982467,102.4038,1,0.055167,362.323650
2015-03-04,-0.00184506,87.7841,1,0.039946,239.911520,-0.00267210,102.1366,1,0.043680,359.993060
2015-03-05,0.00157695,87.9418,1,0.028465,239.752960,0.00510785,102.6474,1,0.033555,300.490650
2015-03-06,0.00298755,88.2406,1,0.024725,161.601320,-0.00233089,102.4143,1,0.032229,261.225780
2015-03-09,-0.00089476,88.1511,1,0.042826,298.046320,0.01024510,103.4388,0,0.000000,0.000000
2015-03-10,0.00191053,88.3421,1,0.049587,340.366870,0.00097482,103.5363,1,0.034208,199.880240
2015-03-11,-0.00931930,87.4102,1,0.034440,279.138720,0.00790590,104.3269,0,0.000000,0.000000
2015-03-12,0.00841127,88.2513,1,0.036093,260.537530,0.00339151,104.6661,1,0.034939,240.487840
2015-03-13,0.00388735,88.6401,1,0.044855,302.999260,0.00396769,105.0628,0,0.000000,0.000000
2015-03-16,-0.00317603,88.3225,1,0.043673,318.511570,0.01148656,106.2115,1,0.032244,262.813262
2015-03-17,0.00039108,88.3616,1,0.024722,222.553270,-0.00736546,105.4749,0,0.000000,0.000000
2015-03-18,-0.00005235,88.3563,1,0.044125,260.270970,0.00039451,105.5144,1,0.044969,304.361536
2015-03-19,0.00167747,88.5241,1,0.026263,282.174630,0.00126697,105.6411,0,0.000000,0.000000
2015-03-20,0.00001431,88.5255,1,0.032839,260.191330,-0.01014965,104.6261,1,0.044945,302.366831
2015-03-23,-0.00283168,88.2423,1,0.028188,282.522490,-0.00249330,104.3768,0,0.000000,0.000000
2015-03-24,-0.00867504,87.3748,1,0.030594,239.630100,0.01188224,105.5650,1,0.042146,321.880336
2015-03-25,0.00991320,88.3662,1,0.020980,160.458130,-0.00189870,105.3751,0,0.000000,0.000000
2015-03-26,0.01163220,89.5294,1,0.031840,259.727480,-0.00033641,105.3415,0,0.000000,0.000000
2015-03-27,0.00144523,89.6739,1,0.031857,220.506860,-0.01289119,104.0524,1,0.044539,316.996493
2015-03-30,0.00450475,90.1244,1,0.038015,262.489220,-0.00448561,103.6038,1,0.051551,382.033460
2015-03-31,0.00389000,90.5134,1,0.029960,203.133190,0.00529812,104.1336,0,0.000000,0.000000
2015-04-01,0.00897000,91.4104,1,0.030290,200.538840,-0.00940802,103.1928,1,0.032242,241.902272
2015-04-02,-0.00408433,91.0019,1,0.023193,180.599110,-0.00355598,102.8372,1,0.042268,299.661740
2015-04-06,-0.00444866,90.5571,1,0.035566,241.662200,0.00092485,102.9297,1,0.049965,341.792250
2015-04-07,0.00244255,90.8013,1,0.036485,240.821760,-0.01035528,101.8942,1,0.042228,301.672790
2015-04-08,-0.00113624,90.6877,1,0.038604,240.410060,0.00263298,102.1575,1,0.057152,339.718940
2015-04-09,-0.01462232,89.2255,1,0.035342,241.375440,0.01451710,103.6092,1,0.037430,300.715470
2015-04-10,0.00411653,89.6371,1,0.020947,141.930310,-0.00760475,102.8487,1,0.042125,281.704400
2015-04-13,0.00659698,90.2968,1,0.033992,241.207040,-0.00987494,101.8612,1,0.056304,380.606490
2015-04-14,0.00100655,90.3975,1,0.035565,259.578410,0.00003175,101.8644,1,0.048975,359.549930
2015-04-15,0.00683479,91.0810,1,0.017041,160.913840,-0.00171143,101.6933,1,0.036443,300.534130
2015-04-16,-0.00192646,90.8883,1,0.043226,301.237620,-0.00147749,101.5455,1,0.039809,321.029440
2015-04-17,-0.00270834,90.6175,1,0.022034,161.622280,0.00728319,102.2738,1,0.044041,340.425140
2015-04-20,-0.00307039,90.3104,1,0.033689,220.925500,0.00849379,103.1232,0,0.000000,0.000000
2015-04-21,0.00640963,90.9514,1,0.029347,261.926930,0.00130820,103.2540,0,0.000000,0.000000
2015-04-22,-0.00531865,90.4195,1,0.034805,259.594230,0.00788317,104.0424,1,0.041103,321.415150
2015-04-23,-0.00255553,90.1640,1,0.028273,260.626300,-0.00514017,103.5283,1,0.035077,281.321100
2015-04-24,-0.00082013,90.0820,1,0.027983,260.891220,0.00425150,103.9535,1,0.035850,301.191880
2015-04-27,0.00274072,90.3560,1,0.032958,221.060210,-0.01126786,102.8267,1,0.046646,301.287140
2015-04-28,0.00882728,91.2388,1,0.029502,259.979270,0.00112716,102.9394,0,0.000000,0.000000
2015-04-29,0.00530030,91.7688,1,0.031670,240.991390,-0.00557279,102.3821,1,0.037649,280.615226
2015-04-30,0.00249690,92.0185,1,0.049340,239.839140,-0.02308140,100.0740,1,0.064520,299.462730
2015-05-01,-0.01320271,90.6982,1,0.036681,241.597750,-0.00852762,99.2212,0,0.000000,0.000000
2015-05-04,-0.00227424,90.4708,1,0.035544,242.936930,0.00356041,99.5773,0,0.000000,0.000000
2015-05-05,-0.01349934,89.1209,1,0.036354,201.578420,0.01608106,101.1854,1,0.032934,223.713535
2015-05-06,0.00913559,90.0344,1,0.030781,219.942400,-0.00585527,100.5999,0,0.000000,0.000000
2015-05-07,-0.00304449,89.7300,1,0.031749,239.859440,-0.00539994,100.0599,1,0.050494,358.768727
2015-05-08,0.00039087,89.7691,1,0.026003,222.202620,-0.00166467,99.8934,0,0.000000,0.000000
2015-05-11,0.00353965,90.1230,1,0.040745,202.666010,0.00737921,100.6313,0,0.000000,0.000000
2015-05-12,0.00320498,90.4435,1,0.031022,220.754250,-0.00803633,99.8277,1,0.036523,262.587245
2015-05-13,-0.00566143,89.8774,1,0.032383,239.691700,-0.00378621,99.4491,1,0.046561,359.474970
2015-05-14,-0.00612572,89.2648,1,0.026982,180.429680,0.00576963,100.0260,1,0.050797,340.326360
2015-05-15,0.00453187,89.7180,1,0.019513,182.757570,-0.01045685,98.9803,0,0.000000,0.000000
2015-05-18,0.00247578,89.9656,1,0.030742,240.767820,-0.00891243,98.0891,1,0.042953,363.651470
2015-05-19,0.01826001,91.7916,1,0.024699,202.200680,-0.01863172,96.2259,1,0.045342,362.205110
2015-05-20,-0.00398034,91.3935,1,0.022754,202.517740,-0.00554464,95.6715,1,0.049694,322.047050
2015-05-21,-0.00244340,91.1492,1,0.030430,219.489760,-0.00939046,94.7324,1,0.036476,300.258510
2015-05-22,0.00235859,91.3851,1,0.028081,221.429450,-0.00380403,94.3520,1,0.045233,361.697490
2015-05-26,-0.00290494,91.0946,1,0.027344,200.599120,-0.00839277,93.5127,1,0.040767,319.651510
2015-05-27,0.00320995,91.4156,1,0.028305,239.265970,0.00024876,93.5376,0,0.000000,0.000000
2015-05-28,0.00418234,91.8338,1,0.031306,221.644160,-0.00182923,93.3547,0,0.000000,0.000000
2015-05-29,-0.00435873,91.3979,1,0.050393,300.643460,-0.00470080,92.8846,1,0.046980,300.680214
2015-06-01,0.00271991,91.6699,1,0.024099,200.574800,-0.00046542,92.8381,1,0.040912,339.565600
2015-06-02,-0.00472128,91.1978,1,0.024178,181.289130,-0.00704983,92.1331,1,0.043843,301.206230
2015-06-03,-0.00847468,90.3503,1,0.024988,200.845050,0.01903698,94.0368,1,0.050192,380.123140
2015-06-04,-0.00572106,89.7782,1,0.032456,181.756940,-0.00247682,93.7891,1,0.031902,221.639410
2015-06-05,-0.00753908,89.0243,1,0.035378,240.268790,0.01604906,95.3940,0,0.000000,0.000000
2015-06-08,0.00216928,89.2412,1,0.040722,259.988930,-0.00124895,95.2691,1,0.036605,201.555107
2015-06-09,-0.00435605,88.8056,1,0.029955,200.505550,-0.00051269,95.2178,1,0.051819,339.295550
2015-06-10,-0.00504143,88.3015,1,0.025283,180.433630,0.00598642,95.8165,1,0.051868,320.203890
2015-06-11,0.00494062,88.7956,1,0.036358,242.831140,-0.00169998,95.6465,0,0.000000,0.000000
2015-06-12,-0.01247319,87.5482,1,0.047549,260.873200,-0.00447584,95.1989,1,0.055144,303.122750
2015-06-15,0.00717255,88.2655,1,0.029765,180.295870,0.00333305,95.5322,0,0.000000,0.000000
2015-06-16,-0.00059957,88.2055,1,0.027157,200.207480,-0.00496420,95.0358,0,0.000000,0.000000
2015-06-17,-0.00726028,87.4795,1,0.024698,220.763960,-0.00211312,94.8245,1,0.052642,378.619425
2015-06-18,0.00105559,87.5851,1,0.031551,201.386610,-0.00850722,93.9737,1,0.047732,361.371430
2015-06-19,-0.00787087,86.7980,1,0.033147,242.387910,-0.00343480,93.6303,0,0.000000,0.000000
2015-06-22,0.00285384,87.0834,1,0.030966,280.087900,0.00754937,94.3852,1,0.041763,341.824547
2015-06-23,0.00055792,87.1391,1,0.038208,281.283810,-0.00368862,94.0163,1,0.032582,261.542580
2015-06-24,-0.00701068,86.4381,1,0.033268,221.000900,0.00006140,94.0225,1,0.044980,300.786820
2015-06-25,0.00173712,86.6118,1,0.025888,180.137740,0.00637874,94.6604,0,0.000000,0.000000
2015-06-26,0.01243547,87.8553,1,0.027203,180.662280,-0.00331499,94.3289,1,0.038949,299.018554
2015-06-29,0.00000220,87.8556,1,0.057340,321.432830,0.01284374,95.6132,1,0.061226,340.982950
2015-06-30,0.00786902,88.6425,1,0.021578,199.966320,-0.00454623,95.1586,0,0.000000,0.000000
2015-07-01,0.00739348,89.3818,1,0.039572,301.172500,-0.00185805,94.9728,1,0.042375,299.198829
2015-07-02,-0.00155564,89.2262,0,0.000000,0.000000,-0.00272215,94.7006,1,0.038745,321.678910
2015-07-06,0.00008664,89.2349,1,0.034056,241.141966,0.00031553,94.7321,1,0.047377,320.779730
2015-07-07,-0.01955639,87.2793,0,0.000000,0.000000,0.00720823,95.4530,1,0.048577,320.044010
2015-07-08,-0.00630624,86.6486,1,0.031904,201.498938,0.00403658,95.8566,1,0.041482,262.907460
2015-07-09,0.02159430,88.8081,1,0.054720,279.798020,-0.01466049,94.3906,0,0.000000,0.000000
2015-07-10,0.00869903,89.6780,0,0.000000,0.000000,0.00227731,94.6183,1,0.050659,359.510411
2015-07-13,-0.01253087,88.4249,1,0.041767,343.865955,0.00892520,95.5108,0,0.000000,0.000000
2015-07-14,-0.00670998,87.7539,1,0.024688,162.470080,0.00512623,96.0234,0,0.000000,0.000000
2015-07-15,0.00208815,87.9627,1,0.035915,181.340830,-0.00410713,95.6127,1,0.045993,324.639196
2015-07-16,-0.00587054,87.3757,1,0.032664,240.945850,0.00691885,96.3046,1,0.052195,319.892420
2015-07-17,-0.01167312,86.2083,1,0.035122,202.117930,-0.00720992,95.5836,0,0.000000,0.000000
2015-07-20,-0.00344369,85.8640,1,0.035569,259.855990,-0.00784986,94.7986,0,0.000000,0.000000
2015-07-21,-0.00135883,85.7281,1,0.026483,220.731720,0.00287846,95.0865,1,0.051494,341.423891
2015-07-22,-0.01118435,84.6097,1,0.042195,220.270720,-0.00019083,95.0674,1,0.042753,280.225560
2015-07-23,-0.00475620,84.1340,1,0.027060,200.598820,-0.00937517,94.1299,1,0.034387,260.775230
2015-07-24,-0.00545840,83.5882,1,0.032420,180.937780,-0.01048755,93.0811,1,0.056735,319.989150
2015-07-27,-0.00098094,83.4901,1,0.044484,220.166880,0.02085016,95.1661,1,0.064234,338.691040
2015-07-28,0.00550057,84.0402,1,0.021833,141.115350,-0.01216960,93.9492,1,0.030950,201.198350
2015-07-29,0.00640861,84.6810,1,0.040769,261.936090,-0.00761456,93.1877,0,0.000000,0.000000
2015-07-30,0.00885981,85.5670,1,0.024109,180.737270,-0.01230999,91.9567,1,0.064699,363.658580
2015-07-31,0.02341049,87.9081,1,0.027561,202.391370,0.00135630,92.0924,1,0.053040,340.534540
2015-08-03,-0.00551722,87.3563,1,0.043902,281.656910,0.01454011,93.5464,1,0.057539,281.637170
2015-08-04,-0.00500959,86.8554,1,0.046109,279.729520,0.01659039,95.2054,1,0.033991,241.364310
2015-08-05,-0.00923793,85.9316,1,0.038353,261.550870,0.00978079,96.1835,1,0.041681,302.473270
2015-08-06,0.00916381,86.8480,1,0.019619,161.681060,-0.01241736,94.9418,1,0.035486,261.465900
2015-08-07,-0.00588773,86.2592,1,0.047033,279.795000,-0.00117827,94.8239,1,0.057507,359.286690
2015-08-10,0.01326176,87.5854,1,0.043154,261.167660,-0.02335666,92.4883,1,0.043666,261.581280
2015-08-11,0.01196837,88.7822,1,0.043943,302.101310,-0.02138155,90.3501,1,0.051855,382.559740
2015-08-12,-0.01787939,86.9943,1,0.039939,278.489460,0.00598979,90.9491,1,0.052061,378.676300
2015-08-13,-0.00169734,86.8245,1,0.032304,201.972760,-0.00711249,90.2378,1,0.041269,282.116140
2015-08-14,0.00069806,86.8943,1,0.036994,240.440990,-0.00068086,90.1698,1,0.054536,360.988340
2015-08-17,0.00132778,87.0271,1,0.035082,241.780980,-0.00351436,89.8183,0,0.000000,0.000000
2015-08-18,0.00019666,87.0468,1,0.028624,221.386300,-0.01301979,88.5163,1,0.056789,362.622655
2015-08-19,-0.00594125,86.4527,1,0.038575,220.267410,0.00200967,88.7173,1,0.055713,378.617830
2015-08-20,-0.00777001,85.6757,1,0.023601,122.213690,0.01240787,89.9581,1,0.049573,300.675500
2015-08-21,-0.01036917,84.6387,1,0.028307,159.378660,0.00294509,90.2526,0,0.000000,0.000000
2015-08-24,0.00117430,84.7562,1,0.021460,160.666390,0.00384451,90.6371,0,0.000000,0.000000
2015-08-25,0.00730040,85.4862,1,0.024930,180.917610,-0.01619527,89.0175,0,0.000000,0.000000
2015-08-26,0.00092600,85.5788,1,0.033580,181.032670,0.00893275,89.9108,1,0.045915,327.467181
2015-08-27,-0.00174499,85.4043,1,0.042279,306.299220,0.00387628,90.2984,0,0.000000,0.000000
2015-08-28,-0.00136967,85.2673,1,0.029127,204.574540,-0.00248905,90.0495,0,0.000000,0.000000
2015-08-31,0.00571185,85.8385,1,0.027855,221.053520,0.00010716,90.0602,1,0.047954,349.973774
2015-09-01,0.00390703,86.2292,1,0.052807,279.622120,0.00479673,90.5399,0,0.000000,0.000000
2015-09-02,0.01753133,87.9824,1,0.034597,237.782550,-0.00714073,89.8258,0,0.000000,0.000000
2015-09-03,-0.00348867,87.6335,1,0.048067,302.237050,0.00470801,90.2966,0,0.000000,0.000000
2015-09-04,0.00865008,88.4985,1,0.047272,281.304300,-0.00832248,89.4644,1,0.041888,258.795029
2015-09-08,0.00662915,89.1614,1,0.065975,357.513420,0.00183070,89.6475,0,0.000000,0.000000
2015-09-09,-0.00331380,88.8300,1,0.048690,305.287150,0.00522359,90.1698,0,0.000000,0.000000
2015-09-10,-0.00540144,88.2899,1,0.050114,298.471150,0.00237396,90.4072,0,0.000000,0.000000
2015-09-11,-0.00142082,88.1478,1,0.039332,240.814290,-0.00045038,90.3622,1,0.050628,321.511352
2015-09-14,-0.00481752,87.6661,1,0.026592,161.403470,0.00531965,90.8941,1,0.051275,361.168890
2015-09-15,-0.00517619,87.1484,1,0.038019,220.378660,-0.00050642,90.8435,1,0.045332,300.563580
2015-09-16,-0.00424887,86.7236,1,0.039077,262.982560,-0.00421093,90.4224,0,0.000000,0.000000
2015-09-17,-0.00858972,85.8646,1,0.044752,302.162490,-0.00447857,89.9746,1,0.052497,364.672317
2015-09-18,-0.01127195,84.7374,1,0.030225,201.770960,0.02150647,92.1252,1,0.054743,339.962300
2015-09-21,0.00715052,85.4524,1,0.031868,240.138530,0.00153353,92.2786,0,0.000000,0.000000
2015-09-22,-0.00284382,85.1681,1,0.028822,202.330580,0.01313345,93.5919,1,0.045555,319.218559
2015-09-23,-0.00235075,84.9330,1,0.026145,141.813260,0.01372709,94.9646,0,0.000000,0.000000
2015-09-24,-0.00514586,84.4184,1,0.022866,161.756350,-0.00277794,94.6868,1,0.036374,260.237383
2015-09-25,-0.00173018,84.2454,1,0.028958,181.215720,0.01094848,95.7817,1,0.048272,300.173940
2015-09-28,0.00013303,84.2587,1,0.023177,161.781920,0.00627610,96.4093,1,0.045330,281.904120
2015-09-29,0.00154469,84.4131,1,0.024881,182.158240,-0.00658606,95.7507,0,0.000000,0.000000
2015-09-30,0.00034757,84.4479,1,0.025533,161.028310,-0.00837408,94.9133,1,0.051618,337.144532
2015-10-01,0.00459521,84.9074,1,0.032409,204.060230,0.00362667,95.2759,0,0.000000,0.000000
2015-10-02,0.00636618,85.5440,1,0.034002,200.922750,-0.00082417,95.1935,1,0.056697,363.647058
2015-10-05,-0.00032305,85.5117,1,0.037465,223.231660,0.00379051,95.5726,0,0.000000,0.000000
2015-10-06,-0.00307105,85.2046,0,0.000000,0.000000,-0.00252864,95.3197,0,0.000000,0.000000
2015-10-07,-0.00833891,84.3707,1,0.039401,244.241173,0.00315447,95.6351,1,0.045453,346.335950
2015-10-08,-0.01143084,83.2277,1,0.039824,262.502710,-0.00113295,95.5218,1,0.055735,362.226480
2015-10-09,0.00390366,83.6180,1,0.023214,182.683160,-0.00191564,95.3303,1,0.043154,281.797080
2015-10-12,0.00435201,84.0532,1,0.034019,242.192920,0.00070189,95.4005,1,0.051071,362.212370
2015-10-13,-0.00931617,83.1216,1,0.032617,280.967520,0.00341214,95.7417,1,0.044946,301.079840
2015-10-14,-0.00455121,82.6665,1,0.028851,240.622740,0.00224753,95.9664,1,0.037647,280.262060
2015-10-15,0.01318106,83.9846,1,0.019664,161.138750,-0.01298066,94.6684,1,0.043506,300.072580
2015-10-16,-0.00632632,83.3520,1,0.038922,283.640390,-0.00734530,93.9338,0,0.000000,0.000000
2015-10-19,0.00903925,84.2559,1,0.037405,220.418070,0.00140215,94.0741,1,0.057625,362.215808
2015-10-20,0.02721883,86.9778,1,0.034857,220.315290,-0.01680439,92.3936,1,0.042279,280.414420
2015-10-21,0.00386083,87.3639,1,0.039187,259.969100,-0.00789124,91.6045,1,0.056014,380.272360
2015-10-22,-0.00311353,87.0525,1,0.055723,259.781950,-0.00577139,91.0274,1,0.069779,318.617770
2015-10-23,-0.00612502,86.4400,1,0.041762,264.250450,-0.00900176,90.1272,0,0.000000,0.000000
2015-10-26,0.03106077,89.5461,1,0.033993,221.481320,0.00391530,90.5187,1,0.050240,324.406823
2015-10-27,-0.00179354,89.3667,1,0.047664,301.412470,0.01095107,91.6138,1,0.051473,340.877810
2015-10-28,0.01219190,90.5859,1,0.040150,220.241490,-0.01435082,90.1787,1,0.050032,299.515380
2015-10-29,0.00330897,90.9168,1,0.035923,282.792120,0.00780037,90.9588,1,0.043783,322.947750
2015-10-30,0.00230495,91.1473,1,0.033165,281.249380,-0.01681334,89.2774,1,0.042354,321.251340
2015-11-02,0.00282810,91.4301,1,0.027630,161.527020,-0.01443106,87.8343,1,0.051846,322.038600
2015-11-03,-0.00598884,90.8312,1,0.034454,243.703860,-0.00661402,87.1729,0,0.000000,0.000000
2015-11-04,0.01270630,92.1019,1,0.035960,199.870590,-0.01021739,86.1512,1,0.053699,304.093746
2015-11-05,-0.01134741,90.9671,1,0.033401,239.865710,-0.00184068,85.9671,1,0.048978,339.482980
2015-11-06,-0.00976440,89.9907,1,0.021620,161.945740,0.00195650,86.1628,1,0.046560,300.149750
2015-11-09,-0.00338600,89.6521,1,0.028520,202.738240,-0.01250985,84.9118,1,0.042945,281.258670
2015-11-10,0.00648863,90.3009,1,0.041837,239.755980,0.00191496,85.1033,1,0.046094,358.970540
2015-11-11,0.00752612,91.0536,1,0.037218,222.040220,-0.01079601,84.0237,1,0.042791,281.705850
2015-11-12,0.01082027,92.1356,1,0.038503,240.144010,0.01219010,85.2427,1,0.058260,339.836590
2015-11-13,0.01056155,93.1917,1,0.025525,181.024950,0.00919900,86.1626,0,0.000000,0.000000
2015-11-16,0.00016497,93.2082,1,0.030643,161.077720,0.00339350,86.5019,1,0.050710,298.448644
2015-11-17,0.01362860,94.5711,1,0.024590,182.383580,-0.00911911,85.5900,0,0.000000,0.000000
2015-11-18,-0.01768880,92.8022,1,0.029610,182.044030,-0.00048421,85.5416,1,0.056361,341.898277
2015-11-19,0.01008600,93.8108,1,0.037110,204.388230,0.00052654,85.5943,0,0.000000,0.000000
2015-11-20,-0.00111336,93.6995,1,0.041366,200.688410,-0.00163084,85.4312,1,0.049244,323.621784
2015-11-23,-0.00185680,93.5138,1,0.037810,201.933230,-0.00090141,85.3410,1,0.055571,340.993180
2015-11-24,-0.00020196,93.4936,1,0.030366,240.720290,0.01369452,86.7105,1,0.042578,300.820350
2015-11-25,-0.01249822,92.2438,1,0.037492,242.892550,-0.02110586,84.5999,1,0.040216,282.381050
2015-11-27,-0.00215726,92.0281,1,0.042136,219.442130,0.00321055,84.9210,1,0.060735,319.341850
2015-11-30,0.00336923,92.3650,1,0.035837,181.546750,-0.01800906,83.1201,1,0.063566,321.062650
2015-12-01,-0.00723276,91.6417,1,0.041816,280.614780,-0.00013377,83.1067,1,0.060117,340.000260
2015-12-02,-0.01549564,90.0921,1,0.042344,262.136300,-0.02345418,80.7613,0,0.000000,0.000000
2015-12-03,0.00375426,90.4676,1,0.049944,258.159780,0.00490952,81.2522,0,0.000000,0.000000
2015-12-04,-0.01622558,88.8450,1,0.037588,220.257070,-0.01106182,80.1460,0,0.000000,0.000000
2015-12-07,-0.01489515,87.3555,1,0.063745,321.876250,0.00966266,81.1123,0,0.000000,0.000000
2015-12-08,0.00870366,88.2259,1,0.041284,201.093670,0.00972218,82.0845,1,0.043712,282.909214
2015-12-09,-0.01325397,86.9005,1,0.045307,260.636170,-0.00695922,81.3886,1,0.037082,240.887250
2015-12-10,0.00373092,87.2735,1,0.028178,201.450510,-0.00904292,80.4843,1,0.049542,340.202000
2015-12-11,-0.00099655,87.1739,1,0.047955,240.018670,-0.00975303,79.5090,1,0.060763,360.200850
2015-12-14,-0.01128641,86.0453,1,0.034671,219.485880,-0.00151428,79.3576,0,0.000000,0.000000
2015-12-15,0.00608351,86.6536,1,0.041879,240.532890,-0.01169387,78.1882,1,0.072147,338.973261
2015-12-16,0.01327038,87.9806,1,0.041102,242.178230,-0.00484323,77.7039,1,0.053813,342.199120
2015-12-17,0.00757405,88.7380,1,0.042045,263.228580,-0.00534298,77.1696,0,0.000000,0.000000
2015-12-18,0.00363316,89.1014,1,0.034134,200.654830,-0.00540998,76.6286,1,0.055238,320.653597
2015-12-21,-0.00494318,88.6070,1,0.029668,220.414450,0.01551214,78.1798,0,0.000000,0.000000
2015-12-22,0.00238311,88.8454,1,0.040519,242.244410,-0.01535182,76.6446,1,0.038672,261.963975
2015-12-23,-0.00301733,88.5436,1,0.047723,262.827410,0.00349801,76.9944,0,0.000000,0.000000
2015-12-24,0.00704575,89.2482,1,0.036395,203.170050,-0.00269782,76.7246,0,0.000000,0.000000
2015-12-28,-0.00425555,88.8226,1,0.060095,240.297750,0.00448857,77.1735,1,0.083373,345.802511
2015-12-29,-0.00048733,88.7739,1,0.022833,180.207940,-0.00026646,77.1468,1,0.056476,320.894010
2015-12-30,0.00631256,89.4052,1,0.030874,181.953080,0.00747417,77.8942,0,0.000000,0.000000
2015-12-31,-0.01952550,87.4526,1,0.039210,259.407250,-0.00459050,77.4352,0,0.000000,0.000000
2016-01-04,0.00152185,87.6048,1,0.044645,200.610000,0.00275138,77.7103,0,0.000000,0.000000
2016-01-05,-0.00232649,87.3722,1,0.030059,161.494590,0.00332916,78.0432,0,0.000000,0.000000
2016-01-06,0.00742008,88.1142,1,0.033212,201.152050,0.00324076,78.3673,1,0.054424,321.561213
2016-01-07,0.00254054,88.3682,1,0.033016,199.374240,0.00567635,78.9350,1,0.053295,298.362540
2016-01-08,-0.00693445,87.6748,1,0.029025,142.433710,0.00893631,79.8286,0,0.000000,0.000000
2016-01-11,0.00861639,88.5364,1,0.028241,161.693740,0.01570467,81.3991,0,0.000000,0.000000
2016-01-12,-0.01250408,87.2860,1,0.023088,181.073520,-0.00008363,81.3907,1,0.048813,276.956941
2016-01-13,0.00345309,87.6313,1,0.022141,142.490580,-0.01555339,79.8354,1,0.052619,302.667690
2016-01-14,-0.00554262,87.0770,1,0.029712,199.843550,-0.02056517,77.7788,0,0.000000,0.000000
2016-01-15,-0.00581060,86.4960,1,0.033020,183.599110,0.00542486,78.3213,0,0.000000,0.000000
2016-01-19,0.00571814,87.0678,1,0.030626,181.653760,-0.01489798,76.8315,0,0.000000,0.000000
2016-01-20,0.02229938,89.2977,1,0.036282,240.800280,-0.00948873,75.8826,1,0.060923,355.847966
2016-01-21,-0.01559978,87.7378,1,0.041368,279.281840,-0.00203026,75.6796,1,0.060586,338.284370
2016-01-22,0.00654186,88.3919,1,0.044704,222.732390,-0.02049979,73.6296,1,0.066739,322.212480
2016-01-25,-0.02294751,86.0972,1,0.056481,284.070490,-0.02441073,71.1886,0,0.000000,0.000000
2016-01-26,-0.00723427,85.3738,1,0.043297,239.674970,0.00089048,71.2776,0,0.000000,0.000000
2016-01-27,0.01466917,86.8407,1,0.047083,224.068770,-0.00273689,71.0039,0,0.000000,0.000000
2016-01-28,-0.01622389,85.2183,1,0.051829,259.758120,0.01054160,72.0581,1,0.063110,300.797821
2016-01-29,-0.00939103,84.2792,1,0.027033,162.599980,0.01036255,73.0943,1,0.049775,281.678130
2016-02-01,0.00688811,84.9680,1,0.045349,226.248490,-0.00922158,72.1722,0,0.000000,0.000000
2016-02-02,0.01088130,86.0561,1,0.050060,260.746580,0.00262215,72.4344,1,0.064915,366.740389
2016-02-03,-0.00197578,85.8586,1,0.034978,238.587450,0.01001538,73.4359,1,0.053962,318.544910
2016-02-04,-0.01175014,84.6835,1,0.034214,202.852140,0.00882549,74.3185,1,0.048561,283.409360
2016-02-05,-0.00111855,84.5717,1,0.039415,244.028340,-0.00596418,73.7221,1,0.039258,263.621170
2016-02-08,0.00499873,85.0716,1,0.053447,239.800700,-0.00444261,73.2778,0,0.000000,0.000000
2016-02-09,0.02329245,87.4008,1,0.026285,162.698100,0.00649797,73.9276,0,0.000000,0.000000
2016-02-10,0.01543019,88.9438,1,0.047451,242.262950,-0.00040871,73.8867,1,0.054141,277.432179
2016-02-11,-0.01898440,87.0454,1,0.049010,300.473490,0.02547477,76.4342,1,0.066453,321.714570
2016-02-12,0.00140974,87.1864,1,0.035076,201.764790,0.00945365,77.3796,0,0.000000,0.000000
2016-02-16,-0.00107931,87.0784,1,0.036661,223.746330,-0.00969383,76.4102,0,0.000000,0.000000
2016-02-17,-0.01451122,85.6273,1,0.037132,184.845130,-0.00691797,75.7184,0,0.000000,0.000000
2016-02-18,0.00656810,86.2841,1,0.035930,164.495510,-0.02171965,73.5464,0,0.000000,0.000000
2016-02-19,0.01555356,87.8395,1,0.038654,220.457880,-0.02928876,70.6176,1,0.060096,386.536292
2016-02-22,0.00269747,88.1092,1,0.027603,200.990710,-0.01464471,69.1531,1,0.069701,379.607780
2016-02-23,0.00316347,88.4256,1,0.040733,244.656190,0.00564789,69.7179,0,0.000000,0.000000
2016-02-24,-0.01421495,87.0041,1,0.040605,239.966360,-0.00874424,68.8435,1,0.046314,261.670853
2016-02-25,0.02022815,89.0269,1,0.035055,202.921930,-0.01635696,67.2078,1,0.078406,322.245850
2016-02-26,-0.00060570,88.9663,0,0.000000,0.000000,0.00414164,67.6219,0,0.000000,0.000000
2016-02-29,0.00530858,89.4972,1,0.035032,265.361304,-0.00643922,66.9780,1,0.044512,303.780720
2016-03-01,0.00658767,90.1559,1,0.044893,299.549850,-0.01876166,65.1018,1,0.051696,360.865850
2016-03-02,-0.00273783,89.8822,1,0.050363,345.570940,-0.00945080,64.1568,0,0.000000,0.000000
2016-03-03,-0.00748350,89.1338,1,0.023130,162.538200,0.00933534,65.0903,1,0.068296,367.435527
2016-03-04,-0.01085217,88.0486,1,0.030987,141.930900,0.01433494,66.5238,1,0.040116,261.815390
2016-03-07,-0.01359027,86.6896,1,0.029727,181.379190,0.00634632,67.1584,1,0.047418,261.905730
2016-03-08,0.00533763,87.2233,1,0.024797,161.831600,-0.00932882,66.2255,1,0.047332,282.379390
2016-03-09,-0.00147109,87.0762,1,0.049559,297.759940,-0.00994275,65.2313,1,0.064645,357.438550
2016-03-10,-0.00163750,86.9125,1,0.042690,241.309790,0.00665773,65.8970,1,0.059437,342.370690
2016-03-11,-0.00359693,86.5528,1,0.034143,181.611800,-0.00291990,65.6050,1,0.046690,241.544010
2016-03-14,0.00096030,86.6488,1,0.043620,244.521110,-0.00027745,65.5773,0,0.000000,0.000000
2016-03-15,-0.01283214,85.3656,1,0.039694,240.272450,0.00618725,66.1960,1,0.060435,303.686865
2016-03-16,0.00774144,86.1397,1,0.022486,180.619520,-0.00370035,65.8260,1,0.046225,280.271320
2016-03-17,-0.00690723,85.4490,1,0.052053,302.652670,-0.00459829,65.3662,0,0.000000,0.000000
2016-03-18,0.01183281,86.6323,1,0.042059,242.441590,-0.01391714,63.9744,1,0.061104,364.720758
2016-03-21,-0.00665571,85.9667,1,0.036061,241.452060,-0.00230635,63.7438,1,0.058215,381.020550
2016-03-22,0.00997164,86.9639,1,0.027226,180.511290,-0.00818138,62.9257,1,0.041208,300.221980
2016-03-23,0.00146593,87.1105,1,0.031217,200.236090,-0.00537418,62.3883,1,0.048818,339.994710
2016-03-24,-0.00118360,86.9921,1,0.030570,199.484390,-0.00259569,62.1287,1,0.056199,338.644060
2016-03-28,0.01029842,88.0220,1,0.043178,260.769790,-0.01409615,60.7191,1,0.049535,301.097390
2016-03-29,0.01241815,89.2638,1,0.054895,301.237800,-0.01125217,59.5939,1,0.057917,340.929540
2016-03-30,0.00372376,89.6362,1,0.050774,304.214510,0.00311960,59.9058,0,0.000000,0.000000
2016-03-31,-0.00585557,89.0506,1,0.044417,261.560010,-0.00969911,58.9359,1,0.046761,263.154822
2016-04-01,0.00147820,89.1984,1,0.028590,201.357920,-0.00296065,58.6398,1,0.047905,340.424590
2016-04-04,-0.00255372,88.9430,1,0.029272,181.984370,-0.00203366,58.4365,1,0.049676,321.681520
2016-04-05,0.01372416,90.3155,1,0.045204,260.263740,0.01200940,59.6374,0,0.000000,0.000000
2016-04-06,-0.00417916,89.8975,1,0.037846,220.678540,0.00293237,59.9306,0,0.000000,0.000000
2016-04-07,0.00308698,90.2062,1,0.035362,262.187190,0.00512657,60.4433,0,0.000000,0.000000
2016-04-08,-0.00438700,89.7675,1,0.051290,279.621040,0.00582418,61.0257,0,0.000000,0.000000
2016-04-11,-0.01614506,88.1530,1,0.031826,241.517150,-0.00141001,60.8847,1,0.048741,260.109818
2016-04-12,-0.00452607,87.7004,1,0.026547,161.722800,0.00803054,61.6878,1,0.064546,340.115500
2016-04-13,0.00021341,87.7218,1,0.024669,142.177260,0.01438084,63.1259,0,0.000000,0.000000
2016-04-14,-0.00767737,86.9540,1,0.034477,163.837290,-0.00320523,62.8053,1,0.048843,286.450176
2016-04-15,0.00729674,87.6837,1,0.028446,160.654620,-0.01546647,61.2587,1,0.045507,299.989620
2016-04-18,0.00251406,87.9351,1,0.043144,240.547600,0.01232860,62.4915,1,0.058630,380.400100
2016-04-19,-0.00045356,87.8898,1,0.030896,221.446770,0.00444523,62.9361,0,0.000000,0.000000
2016-04-20,-0.00168415,87.7213,1,0.031965,221.204700,-0.00053684,62.8824,1,0.044554,284.624894
2016-04-21,0.01881074,89.6024,1,0.032506,161.851290,0.03570354,66.4527,1,0.047106,301.294570
2016-04-22,0.00059263,89.6617,1,0.037117,181.252900,-0.00729152,65.7236,1,0.029062,182.726660
2016-04-25,0.00219030,89.8807,1,0.040480,221.677920,-0.00119783,65.6038,1,0.063413,360.981410
2016-04-26,-0.00216861,89.6638,1,0.035361,220.561330,-0.01127794,64.4760,1,0.052754,339.819970
2016-04-27,-0.00481505,89.1823,1,0.025445,121.837040,0.00406830,64.8828,1,0.057230,361.045400
2016-04-28,-0.00548246,88.6341,1,0.032056,201.288380,-0.00208535,64.6743,1,0.040915,262.019640
2016-04-29,0.00291245,88.9253,1,0.027185,180.986190,0.00737759,65.4121,1,0.042141,258.367860
2016-05-02,0.01305827,90.2312,1,0.026093,141.162610,-0.00826728,64.5853,1,0.050568,260.961340
2016-05-03,0.01066323,91.2975,1,0.042847,263.082500,0.02383481,66.9688,0,0.000000,0.000000
2016-05-04,0.00773632,92.0711,1,0.033548,220.236390,0.01289846,68.2587,0,0.000000,0.000000
2016-05-05,-0.01016264,91.0549,1,0.035554,220.603740,0.00439803,68.6985,1,0.040647,241.851322
2016-05-06,0.00552795,91.6077,1,0.019165,121.784510,-0.00131971,68.5665,1,0.045021,280.823650
2016-05-09,0.00037510,91.6452,1,0.039010,241.142000,-0.00397327,68.1692,1,0.055567,361.654190
2016-05-10,-0.00198055,91.4471,1,0.033965,220.523400,-0.01612975,66.5562,1,0.051915,321.511760
2016-05-11,0.00242630,91.6897,1,0.032950,162.342270,-0.01233708,65.3225,0,0.000000,0.000000
2016-05-12,0.01015655,92.7054,1,0.035415,200.502860,-0.00372769,64.9497,1,0.050009,320.945794
2016-05-13,-0.00804383,91.9010,1,0.036603,240.311910,0.00262606,65.2123,1,0.056564,340.860560
2016-05-16,-0.00043891,91.8571,1,0.022331,140.405980,-0.00626931,64.5854,0,0.000000,0.000000
2016-05-17,0.00404364,92.2615,1,0.037476,202.108680,-0.01007226,63.5782,0,0.000000,0.000000
2016-05-18,0.00125829,92.3873,1,0.027751,161.630600,0.00086637,63.6648,0,0.000000,0.000000
2016-05-19,0.00765233,93.1525,1,0.015557,101.175820,-0.01866045,61.7988,1,0.041765,317.641650
2016-05-20,0.00108043,93.2606,1,0.035507,201.585250,-0.00720049,61.0787,1,0.057189,380.075520
2016-05-23,-0.00383998,92.8766,1,0.026728,182.554210,0.00080879,61.1596,0,0.000000,0.000000
2016-05-24,0.00864403,93.7410,1,0.017207,120.991710,-0.01274224,59.8854,1,0.043624,322.259787
2016-05-25,0.00551422,94.2924,1,0.033858,241.263690,0.00956815,60.8422,0,0.000000,0.000000
2016-05-26,-0.00783948,93.5085,1,0.036348,221.391340,0.00264978,61.1072,1,0.040922,243.734542
2016-05-27,-0.00088368,93.4201,1,0.022638,162.172920,-0.00807974,60.2992,1,0.041034,321.019520
2016-05-31,0.00111441,93.5315,1,0.022959,180.968790,0.00869440,61.1686,0,0.000000,0.000000
2016-06-01,-0.00960137,92.5714,1,0.030427,200.411780,0.00141302,61.3099,1,0.037948,262.463976
2016-06-02,-0.00673286,91.8981,1,0.027516,141.253270,0.00495987,61.8059,1,0.052213,340.980990
2016-06-03,-0.01102353,90.7958,1,0.030953,201.456010,0.00618000,62.4239,1,0.034590,281.839600
2016-06-06,-0.00243419,90.5523,1,0.022009,141.285400,-0.00030754,62.3932,1,0.044594,320.784610
2016-06-07,-0.00872274,89.6801,1,0.027094,181.526210,-0.00916787,61.4764,1,0.043707,341.881240
2016-06-08,0.00116298,89.7964,1,0.016672,121.405780,-0.00494242,60.9821,1,0.056352,360.977440
2016-06-09,-0.00732683,89.0637,1,0.020713,160.406170,0.01847142,62.8293,1,0.043848,300.501550
2016-06-10,-0.01168217,87.8955,1,0.020017,140.602130,0.01613487,64.4428,1,0.035703,241.816990
2016-06-13,0.00450383,88.3459,1,0.014607,102.488320,0.00006714,64.4495,0,0.000000,0.000000
2016-06-14,-0.00783871,87.5620,1,0.023181,160.462170,0.02224553,66.6740,0,0.000000,0.000000
2016-06-15,-0.00415819,87.1462,1,0.015859,141.319150,-0.00259856,66.4142,1,0.016886,122.708783
2016-06-16,0.00216080,87.3622,1,0.026120,180.882500,0.00248681,66.6629,1,0.042389,340.034070
2016-06-17,-0.00111651,87.2506,1,0.014971,100.972260,-0.00153244,66.5096,1,0.040834,301.331770
2016-06-20,0.00124421,87.3750,1,0.033029,201.611920,-0.01185525,65.3241,1,0.050805,301.369210
2016-06-21,0.00024616,87.3996,1,0.032614,222.119410,-0.00813937,64.5101,1,0.057457,361.763420
2016-06-22,0.00913362,88.3130,1,0.041128,200.096970,-0.00720667,63.7895,1,0.060017,340.037760
2016-06-23,-0.00164413,88.1486,1,0.022493,140.824530,-0.00016844,63.7726,1,0.050064,320.058050
2016-06-24,0.00326062,88.4746,1,0.046788,264.001580,-0.01449441,62.3232,0,0.000000,0.000000
2016-06-27,0.00862676,89.3373,1,0.046164,276.190710,0.00216117,62.5393,0,0.000000,0.000000
2016-06-28,-0.00599618,88.7377,1,0.044488,238.965720,0.00007514,62.5468,0,0.000000,0.000000
2016-06-29,0.01014811,89.7525,1,0.046609,283.745450,-0.00195159,62.3517,0,0.000000,0.000000
2016-06-30,0.00421079,90.1736,1,0.040451,264.316060,-0.00172120,62.1795,0,0.000000,0.000000
2016-07-01,0.00018394,90.1920,1,0.020676,144.587250,-0.00318796,61.8607,0,0.000000,0.000000
2016-07-05,-0.00314999,89.8770,1,0.026759,160.361090,-0.00151432,61.7093,1,0.058192,323.699729
2016-07-06,-0.00726407,89.1506,1,0.033067,199.855980,-0.00856877,60.8524,1,0.049127,318.798700
2016-07-07,0.00526403,89.6770,1,0.040317,301.801600,0.01125327,61.9778,1,0.050553,360.480110
2016-07-08,-0.00108570,89.5684,1,0.028540,181.775720,0.00788960,62.7667,1,0.029370,221.581680
2016-07-11,-0.00024593,89.5438,1,0.029793,203.623950,0.01068375,63.8351,0,0.000000,0.000000
2016-07-12,-0.01595674,87.9481,1,0.019704,101.882440,0.01243307,65.0784,1,0.032093,224.898759
2016-07-13,0.00690316,88.6385,1,0.026264,162.282910,-0.00184495,64.8939,1,0.035825,261.844440
2016-07-14,-0.01624515,87.0139,1,0.023675,140.675380,-0.01500011,63.3939,1,0.047341,360.635570
2016-07-15,-0.00255205,86.7587,1,0.034685,221.452900,-0.00090731,63.3032,1,0.057481,380.477970
2016-07-18,-0.00085949,86.6728,1,0.023449,140.867900,-0.00253781,63.0494,1,0.044161,300.947090
2016-07-19,-0.00576197,86.0966,1,0.023767,141.618220,-0.00329871,62.7195,1,0.041911,301.233020
2016-07-20,0.00041349,86.1379,0,0.000000,0.000000,-0.00567772,62.1517,1,0.043482,339.579320
2016-07-21,-0.00166681,85.9713,1,0.035031,201.575352,-0.00869944,61.2818,1,0.056574,381.792530
2016-07-22,0.00104994,86.0763,0,0.000000,0.000000,-0.00851070,60.4307,1,0.050870,359.944570
2016-07-25,-0.00105987,85.9703,1,0.026277,200.507260,-0.00619961,59.8108,1,0.050351,360.715500
2016-07-26,0.00677860,86.6481,1,0.035220,200.525850,0.00278906,60.0897,1,0.045234,360.286390
2016-07-27,-0.00999963,85.6482,1,0.025063,201.226560,0.00109503,60.1992,1,0.033837,301.034300
2016-07-28,0.00145315,85.7935,1,0.027745,180.774460,0.00264634,60.4638,1,0.041636,279.844040
2016-07-29,0.00151402,85.9449,1,0.029458,160.868100,-0.00133282,60.3305,1,0.046782,301.551950
2016-08-01,-0.00599524,85.3454,1,0.022584,141.410440,0.00531699,60.8622,1,0.046251,262.431540
2016-08-02,0.00445215,85.7906,1,0.012455,61.062320,-0.00310559,60.5517,1,0.037799,260.760870
2016-08-03,-0.00284627,85.5059,1,0.019537,140.637910,-0.01220890,59.3308,0,0.000000,0.000000
2016-08-04,-0.00365300,85.1406,1,0.014970,120.707030,-0.01533255,57.7975,1,0.061205,379.471327
2016-08-05,-0.00946309,84.1943,1,0.023769,160.965910,-0.00862227,56.9353,1,0.059497,399.781650
2016-08-08,-0.00432494,83.7618,1,0.034374,242.154780,0.00648190,57.5835,1,0.040650,342.684710
2016-08-09,-0.00228084,83.5338,1,0.024774,160.492140,-0.00008466,57.5750,1,0.037206,300.907140
2016-08-10,0.00118942,83.6527,1,0.032048,200.400550,-0.00709852,56.8652,1,0.046412,341.066720
2016-08-11,-0.00565444,83.0873,1,0.018974,140.298930,0.00041077,56.9062,1,0.045103,359.497580
2016-08-12,0.00770303,83.8576,1,0.017257,121.739110,0.00103295,57.0095,0,0.000000,0.000000
2016-08-15,-0.00791454,83.0661,1,0.018504,140.842520,-0.01358999,55.6505,1,0.032959,261.275699
2016-08-16,-0.00293594,82.7725,1,0.016774,122.253490,0.00205280,55.8558,1,0.046550,360.542460
2016-08-17,0.00250198,83.0227,1,0.018552,141.040560,-0.00686462,55.1694,0,0.000000,0.000000
2016-08-18,0.00537612,83.5603,1,0.021898,141.073170,-0.00107190,55.0622,1,0.056550,379.344999
2016-08-19,-0.00344953,83.2154,1,0.015053,101.056590,-0.00603094,54.4591,1,0.037814,280.755060
2016-08-22,0.00630430,83.8458,1,0.018980,120.728000,-0.00674354,53.7847,1,0.047274,339.387200
2016-08-23,-0.00783829,83.0620,1,0.029839,180.700770,0.01608643,55.3934,1,0.053857,380.363860
2016-08-24,0.00258225,83.3202,1,0.031475,181.462490,-0.00395454,54.9979,1,0.044234,323.204900
2016-08-25,-0.00014950,83.3052,1,0.020210,141.086420,-0.00388981,54.6089,1,0.048521,339.384580
2016-08-26,-0.00451367,82.8539,1,0.020387,120.773820,0.00301592,54.9105,1,0.046138,340.437820
2016-08-29,0.00275471,83.1293,1,0.014909,101.768920,-0.00484898,54.4256,1,0.039798,280.486350
2016-08-30,-0.02395056,80.7343,1,0.023176,161.321780,-0.00118640,54.3070,0,0.000000,0.000000
2016-08-31,0.00148498,80.8828,1,0.016012,122.370400,-0.01313946,52.9930,1,0.031476,262.226128
2016-09-01,-0.01393261,79.4895,1,0.026881,180.697190,-0.00016344,52.9767,1,0.052394,359.649630
2016-09-02,0.00839455,80.3290,1,0.021625,161.614100,-0.00794831,52.1819,1,0.045221,320.746210
2016-09-06,-0.00122756,80.2062,1,0.020206,181.467000,-0.00132560,52.0493,0,0.000000,0.000000
2016-09-07,-0.00090033,80.1162,1,0.018133,141.068850,0.00165016,52.2143,1,0.049364,361.289124
2016-09-08,-0.00211991,79.9042,1,0.014421,101.443440,0.00453599,52.6679,1,0.041681,301.150140
2016-09-09,-0.00489595,79.4146,1,0.025175,180.365050,-0.00775026,51.8929,1,0.025676,219.783020
2016-09-12,-0.00239172,79.1754,1,0.023472,161.197420,0.00631053,52.5239,0,0.000000,0.000000
2016-09-13,-0.01182736,77.9927,1,0.028376,203.309600,-0.01212606,51.3113,0,0.000000,0.000000
2016-09-14,-0.00482440,77.5103,1,0.030990,220.275860,-0.00159393,51.1519,0,0.000000,0.000000
2016-09-15,-0.00608970,76.9013,1,0.021870,161.024710,0.00185027,51.3370,1,0.044643,335.314659
2016-09-16,0.01544639,78.4459,1,0.014931,123.003140,0.00176689,51.5137,0,0.000000,0.000000
2016-09-19,0.00285185,78.7311,1,0.019995,162.265810,0.00558637,52.0723,1,0.035513,262.676002
2016-09-20,0.00389918,79.1210,1,0.017062,101.470360,0.00034598,52.1069,1,0.041542,281.137270
2016-09-21,0.00484235,79.6053,1,0.021925,120.662860,0.00810175,52.9171,1,0.041765,280.971140
2016-09-22,0.00873075,80.4783,1,0.012715,103.747580,0.00181148,53.0982,0,0.000000,0.000000
2016-09-23,-0.00715233,79.7631,1,0.017053,121.775490,0.00469320,53.5675,1,0.047420,284.563319
2016-09-26,0.00645882,80.4090,1,0.011808,100.640260,0.00772946,54.3405,1,0.033014,280.452500
2016-09-27,0.00362939,80.7719,1,0.024861,180.172350,-0.00489404,53.8511,0,0.000000,0.000000
2016-09-28,0.00056154,80.8281,1,0.021166,180.384080,0.00438306,54.2894,1,0.043784,358.622700
2016-09-29,0.00472586,81.3007,1,0.022104,142.032220,0.00213517,54.5029,1,0.049413,320.963730
2016-09-30,-0.00053831,81.2468,1,0.030241,159.762930,0.00615681,55.1186,0,0.000000,0.000000
2016-10-03,-0.01466169,79.7807,1,0.022999,162.612030,0.02724899,57.8435,1,0.039641,280.839772
2016-10-04,-0.00712113,79.0686,1,0.017543,138.802310,0.00898943,58.7424,1,0.032657,222.052680
2016-10-05,-0.01265075,77.8035,1,0.018435,140.859750,0.02329804,61.0722,1,0.041576,279.639600
2016-10-06,-0.00143958,77.6595,1,0.013548,81.907020,-0.00829540,60.2427,1,0.033920,222.009380
2016-10-07,0.00053381,77.7129,1,0.009999,80.852250,0.00066332,60.3090,1,0.040448,360.580220
2016-10-10,0.01102725,78.8156,1,0.013805,81.143960,0.00200378,60.5094,0,0.000000,0.000000
2016-10-11,0.00161426,78.9771,1,0.021154,121.571170,-0.00156199,60.3532,1,0.039649,320.806234
2016-10-12,-0.00745486,78.2316,1,0.028886,160.206680,-0.00272247,60.0810,0,0.000000,0.000000
2016-10-13,0.00224488,78.4561,1,0.026062,200.566080,0.01095609,61.1766,1,0.043811,357.310504
2016-10-14,0.01094314,79.5504,1,0.029726,140.911210,-0.00674179,60.5024,1,0.029259,220.752320
2016-10-17,-0.00864840,78.6855,1,0.027780,200.471180,0.00400150,60.9025,1,0.049340,360.149920
2016-10-18,0.00769954,79.4555,1,0.024136,121.115760,-0.00975157,59.9274,1,0.040537,300.758370
2016-10-19,0.00701664,80.1572,1,0.022926,161.829570,0.00348735,60.2761,1,0.059935,362.112280
2016-10-20,0.00902251,81.0594,1,0.027749,200.827430,-0.01320947,58.9552,1,0.040327,281.881330
2016-10-21,-0.00354044,80.7054,1,0.030664,180.266940,0.00265927,59.2211,1,0.044083,340.178560
2016-10-24,-0.00202055,80.5033,1,0.022855,180.405260,0.00171616,59.3927,1,0.042364,320.139670
2016-10-25,0.00584529,81.0878,1,0.015941,121.209460,0.00793945,60.1867,0,0.000000,0.000000
2016-10-26,-0.00134754,80.9531,1,0.023584,159.758050,0.02332140,62.5188,1,0.037130,281.242684
2016-10-27,-0.00570073,80.3830,1,0.016673,160.554310,0.00800194,63.3190,1,0.026016,241.698030
2016-10-28,0.01224089,81.6071,1,0.022921,160.473440,0.00259885,63.5789,1,0.039445,260.949090
2016-10-31,0.00062526,81.6696,1,0.031404,200.278290,-0.01101676,62.4772,1,0.048546,300.468590
2016-11-01,0.00728549,82.3982,1,0.021461,161.805130,-0.01255129,61.2221,1,0.050479,300.484030
2016-11-02,0.01164524,83.5627,1,0.029096,200.023190,0.00430340,61.6524,1,0.067250,379.021570
2016-11-03,-0.00911221,82.6515,1,0.047691,259.783420,0.00275102,61.9275,0,0.000000,0.000000
2016-11-04,-0.00605910,82.0456,1,0.026170,141.463650,0.00223255,62.1508,1,0.056565,319.734179
2016-11-07,0.00015877,82.0614,1,0.015013,122.106200,0.00289863,62.4406,1,0.042147,321.837160
2016-11-08,-0.00442015,81.6194,1,0.023385,163.889710,0.01102127,63.5428,0,0.000000,0.000000
2016-11-09,0.01532959,83.1524,1,0.015051,102.132970,-0.00862369,62.6804,1,0.036799,246.422159
2016-11-10,-0.01420809,81.7316,1,0.025979,145.113870,0.03983471,66.6639,1,0.057869,362.165370
2016-11-11,0.00588970,82.3205,1,0.037650,183.088890,0.00029425,66.6933,1,0.035435,262.025400
2016-11-14,-0.00750658,81.5699,1,0.042788,242.264040,-0.00028766,66.6645,1,0.046766,320.174020
2016-11-15,0.00593204,82.1631,1,0.043666,221.369890,-0.01275903,65.3886,1,0.052123,302.844160
2016-11-16,0.00794111,82.9572,1,0.023359,161.563350,0.00287428,65.6760,1,0.061802,361.381560
2016-11-17,0.00175513,83.1327,1,0.036747,200.306230,0.01507992,67.1840,1,0.052948,301.076350
2016-11-18,0.00729073,83.8618,1,0.027577,181.212880,-0.00313831,66.8702,1,0.044521,302.922420
2016-11-21,0.00408117,84.2699,1,0.029913,219.883910,0.00466579,67.3368,1,0.042311,319.508430
2016-11-22,-0.00065921,84.2040,1,0.024291,141.709950,-0.02123814,65.2130,1,0.045854,282.116170
2016-11-23,0.00964215,85.1682,1,0.023205,141.481690,-0.00792720,64.4203,1,0.055300,340.188460
2016-11-25,-0.00040462,85.1277,1,0.023712,161.490040,-0.00771360,63.6489,1,0.058030,360.860200
2016-11-28,0.01035792,86.1635,1,0.023978,141.417650,0.00614182,64.2631,1,0.067528,362.074370
2016-11-29,-0.00673307,85.4902,1,0.018117,140.814150,-0.00182599,64.0805,1,0.046779,241.624230
2016-11-30,0.01191484,86.6817,1,0.016186,101.090430,-0.01402694,62.6778,1,0.052234,320.697660
2016-12-01,-0.02088711,84.5930,1,0.036171,220.248310,0.02465690,65.1435,1,0.053800,359.088280
2016-12-02,0.00366616,84.9596,1,0.019184,122.329440,-0.01974150,63.1693,1,0.039460,221.792710
2016-12-05,0.00579730,85.5393,1,0.019650,161.539400,-0.00551258,62.6181,1,0.047878,380.681690
2016-12-06,-0.00586989,84.9524,1,0.021109,122.808260,0.00225684,62.8437,1,0.051386,321.647400
2016-12-07,-0.00409946,84.5424,1,0.012536,101.619540,-0.00300045,62.5437,1,0.044655,321.569510
2016-12-08,0.00082058,84.6245,1,0.020872,143.086110,0.01061496,63.6052,1,0.041334,341.586590
2016-12-09,-0.00004620,84.6198,1,0.024090,161.956070,-0.01168432,62.4368,1,0.047402,302.532010
2016-12-12,0.01219361,85.8392,1,0.024689,200.849750,0.00080426,62.5172,1,0.053524,341.507210
2016-12-13,-0.00285589,85.5536,1,0.017529,141.220170,0.01478164,63.9954,1,0.053556,299.662370
2016-12-14,0.00657157,86.2108,1,0.018283,141.038220,-0.00021320,63.9740,1,0.035040,261.867180
2016-12-15,0.00044902,86.2557,1,0.040158,239.517580,-0.00162134,63.8119,0,0.000000,0.000000
2016-12-16,-0.00134280,86.1214,1,0.022840,161.879220,-0.00897484,62.9144,1,0.044744,359.198511
2016-12-19,-0.00064555,86.0568,1,0.034765,200.478320,0.00304359,63.2188,1,0.041371,359.864380
2016-12-20,0.01069124,87.1260,1,0.028646,181.360130,-0.00720220,62.4986,1,0.040740,281.302950
2016-12-21,0.00271247,87.3972,1,0.024023,160.968150,0.00126905,62.6255,1,0.056915,360.441560
2016-12-22,-0.00143603,87.2536,1,0.022253,141.203390,0.01005081,63.6305,1,0.035889,300.949060
2016-12-23,0.00615475,87.8691,1,0.034425,180.636770,-0.00458576,63.1720,1,0.041386,260.742070
2016-12-27,-0.00013031,87.8561,1,0.027921,160.522520,-0.00042941,63.1290,1,0.055461,340.393410
2016-12-28,0.00275854,88.1319,1,0.035556,141.506290,-0.00462767,62.6663,1,0.039137,260.900420
2016-12-29,0.00189120,88.3210,1,0.044020,179.821330,0.00210651,62.8769,0,0.000000,0.000000
2016-12-30,-0.00623758,87.6973,1,0.027178,161.003500,-0.00139668,62.7372,1,0.047118,299.101822
2017-01-03,-0.00126662,87.5706,1,0.036092,200.343760,0.00128102,62.8653,1,0.041878,320.344650
2017-01-04,-0.01384807,86.1858,1,0.028877,180.941110,-0.00379710,62.4856,1,0.042100,281.586040
2017-01-05,-0.00793324,85.3925,1,0.040614,183.326510,0.00237667,62.7233,0,0.000000,0.000000
2017-01-06,-0.00435865,84.9566,1,0.044095,200.981190,0.00305931,63.0292,1,0.039009,321.822973
2017-01-09,-0.00251179,84.7054,1,0.028429,180.959830,0.00346265,63.3755,1,0.040185,301.004160
2017-01-10,-0.00077900,84.6275,1,0.025160,200.539810,0.01533280,64.9088,1,0.032640,279.893350
2017-01-11,0.01353795,85.9813,0,0.000000,0.000000,-0.00566350,64.3424,1,0.039210,222.069580
2017-01-12,-0.00103802,85.8775,1,0.025742,182.081252,-0.01006339,63.3361,1,0.056989,340.806060
2017-01-13,0.00501257,86.3788,1,0.016453,141.098880,-0.01285531,62.0506,1,0.057331,340.477610
2017-01-17,0.00363385,86.7422,1,0.020485,181.424790,-0.01060415,60.9901,1,0.053595,361.128820
2017-01-18,0.00831374,87.5735,1,0.019596,181.621230,-0.00965040,60.0251,1,0.053050,360.270540
2017-01-19,-0.00890884,86.6827,1,0.015724,140.672830,-0.00206918,59.8182,1,0.054748,380.602370
2017-01-20,-0.01078302,85.6044,1,0.027372,160.479680,0.00940240,60.7584,0,0.000000,0.000000
2017-01-23,0.00222214,85.8266,1,0.022186,162.602470,0.00234769,60.9932,1,0.047561,321.196760
2017-01-24,0.00033473,85.8600,1,0.025027,140.574320,0.00864153,61.8573,1,0.042087,280.798670
2017-01-25,-0.00522552,85.3375,1,0.033662,182.892240,-0.00512152,61.3452,0,0.000000,0.000000
2017-01-26,0.00470696,85.8082,1,0.022924,121.713330,0.00674896,62.0201,1,0.051324,364.785697
2017-01-27,0.00368410,86.1766,1,0.028010,179.835580,-0.00005886,62.0142,1,0.029366,260.671320
2017-01-30,0.00189509,86.3661,1,0.025301,200.281520,0.00011165,62.0254,1,0.031465,300.483060
2017-01-31,0.00350384,86.7165,1,0.025396,140.071430,0.00051816,62.0772,1,0.038264,280.192910
2017-02-01,-0.00559539,86.1569,1,0.026339,161.695180,-0.00586082,61.4911,1,0.041622,321.157760
2017-02-02,0.01521662,87.6786,1,0.029848,140.828860,-0.01919156,59.5719,1,0.050946,379.250600
2017-02-03,0.00217744,87.8964,1,0.030056,180.692950,-0.00328653,59.2433,1,0.054753,381.072110
2017-02-06,-0.00584855,87.3115,1,0.014095,121.796700,0.00587348,59.8306,0,0.000000,0.000000
2017-02-07,-0.00341343,86.9702,1,0.019093,160.556040,0.00463049,60.2937,1,0.040551,281.882064
2017-02-08,0.00010318,86.9805,1,0.019682,120.615950,0.00144721,60.4384,1,0.044919,240.760360
2017-02-09,0.00403888,87.3844,1,0.018632,141.031760,-0.02111175,58.3272,1,0.045285,320.910900
2017-02-10,-0.00512616,86.8717,1,0.023846,142.355560,-0.00130935,58.1963,1,0.050415,382.623210
2017-02-13,0.00150651,87.0224,1,0.018809,121.940630,0.00312980,58.5093,1,0.047500,341.936020
2017-02-14,0.00712154,87.7345,1,0.031016,221.351900,-0.01201856,57.3074,1,0.046336,321.468540
2017-02-15,0.00046132,87.7807,1,0.016698,141.276790,-0.00146200,57.1612,1,0.040610,341.463060
2017-02-16,0.00083488,87.8642,1,0.024612,201.261810,-0.01094696,56.0665,1,0.048946,321.166610
2017-02-17,0.00281863,88.1460,1,0.026447,199.549900,-0.00160882,55.9056,1,0.051062,339.217070
2017-02-21,0.00680768,88.8268,1,0.022692,180.827850,-0.00067337,55.8383,1,0.044877,320.231900
2017-02-22,-0.00697281,88.1295,1,0.019731,161.217100,-0.00247938,55.5904,0,0.000000,0.000000
2017-02-23,-0.01976355,86.1532,1,0.023465,160.155130,0.02130758,57.7211,1,0.042422,339.577298
2017-02-24,0.02258303,88.4115,1,0.017857,163.039830,-0.01350763,56.3704,1,0.025423,202.822960
2017-02-27,-0.00155968,88.2555,1,0.013868,123.505940,-0.01229270,55.1411,1,0.044650,283.751140
2017-02-28,-0.00244741,88.0108,1,0.027551,201.335180,-0.01826359,53.3147,1,0.048279,380.294780
2017-03-01,0.01771645,89.7824,1,0.029345,219.697530,-0.00411266,52.9035,1,0.042416,379.743700
2017-03-02,-0.00222660,89.5597,1,0.031310,201.306730,-0.01305620,51.5979,1,0.043590,322.058950
2017-03-03,0.00692031,90.2518,1,0.034159,219.771670,-0.00577054,51.0208,1,0.043784,340.059170
2017-03-06,0.00191117,90.4429,1,0.032223,140.682530,0.00037419,51.0582,1,0.047311,320.441550
2017-03-07,-0.00481743,89.9611,1,0.026873,160.439720,0.00015536,51.0738,1,0.038264,279.850650
2017-03-08,-0.00510162,89.4510,1,0.024282,160.535610,0.00058622,51.1324,1,0.038008,259.920720
2017-03-09,-0.00438728,89.0123,1,0.019848,140.715960,0.00455280,51.5877,1,0.043190,319.949790
2017-03-10,0.00013961,89.0262,1,0.016349,100.750620,0.00215780,51.8034,1,0.044550,300.733890
2017-03-13,0.00268270,89.2945,1,0.029870,181.093690,0.00056273,51.8597,1,0.046157,321.093150
2017-03-14,-0.00100617,89.1939,1,0.024017,120.547500,0.00357891,52.2176,1,0.046939,280.872350
2017-03-15,0.00270013,89.4639,1,0.028887,200.381960,0.00180167,52.3978,1,0.030703,300.227670
2017-03-16,0.00396583,89.8605,1,0.025467,182.404720,-0.01104712,51.2931,0,0.000000,0.000000
2017-03-17,0.00020149,89.8806,1,0.015291,140.337130,-0.01142467,50.1506,1,0.050947,401.715397
2017-03-20,-0.00452379,89.4282,1,0.010809,101.740820,0.00366951,50.5175,1,0.037959,340.433940
2017-03-21,-0.00581869,88.8464,1,0.020259,120.891190,-0.01028931,49.4886,1,0.033101,259.691330
2017-03-22,-0.00127068,88.7193,1,0.022348,159.882210,-0.00184356,49.3042,1,0.057446,377.918550
2017-03-23,-0.00012613,88.7067,1,0.019543,140.735780,-0.00202946,49.1013,1,0.042556,301.172210
2017-03-24,-0.00259622,88.4471,1,0.021202,160.534990,-0.00041329,49.0600,1,0.041579,360.362110
2017-03-27,-0.00399227,88.0478,1,0.031577,180.352860,0.00520672,49.5806,1,0.048878,360.021270
2017-03-28,-0.00864273,87.1836,1,0.026153,180.565570,0.00902304,50.4830,1,0.034766,241.181110
2017-03-29,0.00781969,87.9655,1,0.007061,62.379540,0.00552905,51.0359,0,0.000000,0.000000
2017-03-30,-0.00264209,87.7013,1,0.015899,121.155370,-0.00766494,50.2694,1,0.040804,301.121189
2017-03-31,0.00257272,87.9586,1,0.009508,81.890130,-0.00572208,49.6972,1,0.038908,321.365070
2017-04-03,-0.00489452,87.4691,1,0.017212,101.453980,-0.00231009,49.4661,1,0.039869,320.584860
2017-04-04,-0.00410047,87.0591,1,0.014107,101.577120,-0.00243591,49.2226,1,0.045881,279.362440
2017-04-05,-0.00444951,86.6141,1,0.012091,80.803740,0.00659997,49.8826,1,0.059533,340.466150
2017-04-06,0.01545227,88.1594,1,0.025433,140.656640,-0.01020087,48.8625,1,0.041627,300.218370
2017-04-07,-0.00831083,87.3283,1,0.033213,201.665520,-0.00037800,48.8247,1,0.058420,380.816340
2017-04-10,0.00047887,87.3762,1,0.016413,101.297750,-0.00434758,48.3899,1,0.047568,319.993420
2017-04-11,0.00099167,87.4753,1,0.024453,120.938640,-0.00669380,47.7205,1,0.051880,320.547930
2017-04-12,-0.00094014,87.3813,1,0.031024,141.597560,0.00652003,48.3725,1,0.049577,300.800520
2017-04-13,-0.00594708,86.7866,1,0.025808,180.067770,0.00865018,49.2375,1,0.045572,300.054740
2017-04-17,0.00699283,87.4859,1,0.025157,140.926000,-0.00500117,48.7374,0,0.000000,0.000000
2017-04-18,-0.00257209,87.2287,1,0.043599,222.013900,0.00559902,49.2973,0,0.000000,0.000000
2017-04-19,-0.00481514,86.7472,1,0.030754,200.617530,0.00597168,49.8945,1,0.043222,341.084639
2017-04-20,-0.00661667,86.0855,1,0.014687,121.230340,0.01659623,51.5541,1,0.033587,241.253890
2017-04-21,-0.00290267,85.7952,1,0.013437,122.504040,0.00091310,51.6454,1,0.028800,262.308490
2017-04-24,0.00625478,86.4207,1,0.015372,140.519730,-0.00949018,50.6964,1,0.037508,300.863850
2017-04-25,-0.00004145,86.4166,1,0.023355,162.756830,-0.00355105,50.3413,0,0.000000,0.000000
2017-04-26,-0.00129209,86.2874,1,0.026959,161.933530,0.01047374,51.3887,1,0.059186,383.060791
2017-04-27,-0.00828289,85.4591,1,0.041829,201.305190,0.00760893,52.1496,1,0.041917,261.599800
2017-04-28,0.00870936,86.3300,1,0.020994,162.627500,-0.01545285,50.6043,1,0.049125,281.465390
2017-05-01,-0.00355016,85.9750,1,0.015926,139.388990,0.00247642,50.8519,1,0.053098,399.056460
2017-05-02,-0.01581222,84.3938,1,0.013762,120.735770,0.00313490,51.1654,1,0.059410,320.484740
2017-05-03,-0.00408102,83.9857,1,0.022312,120.231740,0.01317640,52.4831,1,0.046770,340.852160
2017-05-04,-0.01272042,82.7136,1,0.020202,160.019910,0.01017812,53.5009,1,0.027468,241.923710
2017-05-05,0.00521660,83.2353,1,0.024580,141.327000,-0.01109572,52.3913,1,0.047692,261.711660
2017-05-08,-0.00476617,82.7587,1,0.032277,140.999840,-0.00352360,52.0389,1,0.056320,341.662480
2017-05-09,-0.00876928,81.8818,1,0.014628,100.853260,0.00251834,52.2908,1,0.054846,359.482120
2017-05-10,-0.00620830,81.2609,1,0.024720,161.536580,-0.00436725,51.8541,1,0.047885,341.118960
2017-05-11,-0.00069335,81.1916,1,0.024615,181.124530,-0.00145650,51.7084,1,0.044610,360.714500
2017-05-12,0.00411414,81.6030,1,0.025376,200.102880,0.00274926,51.9833,1,0.033774,279.918680
2017-05-15,0.00264626,81.8676,1,0.031414,199.834530,-0.00273900,51.7094,1,0.045490,299.864700
2017-05-16,-0.00818230,81.0494,1,0.028450,181.514580,-0.00580024,51.1294,0,0.000000,0.000000
2017-05-17,0.02782877,83.8323,1,0.029353,201.044840,-0.03348366,47.7810,1,0.045316,360.890155
2017-05-18,0.00309671,84.1419,1,0.027599,199.559970,0.00206411,47.9874,0,0.000000,0.000000
2017-05-19,0.01047078,85.1890,1,0.046212,300.986990,-0.01044846,46.9426,1,0.048186,318.712855
2017-05-22,0.00451965,85.6410,1,0.030215,222.211110,0.00583414,47.5260,0,0.000000,0.000000
2017-05-23,-0.00532387,85.1086,1,0.033557,241.050700,0.00791412,48.3174,0,0.000000,0.000000
2017-05-24,0.00192877,85.3015,1,0.028963,180.966470,0.00278595,48.5960,1,0.042175,304.530539
2017-05-25,-0.00633318,84.6682,1,0.029428,202.022340,-0.01860861,46.7352,1,0.037241,302.003690
2017-05-26,0.00267602,84.9358,1,0.024708,201.699630,-0.00603832,46.1313,1,0.036572,303.313180
2017-05-30,0.00098848,85.0346,1,0.018242,140.505430,0.00102616,46.2339,1,0.040594,340.196160
2017-05-31,-0.00641809,84.3928,1,0.028659,180.885370,0.00892529,47.1265,1,0.041701,320.385790
2017-06-01,0.00359554,84.7524,1,0.031006,141.123990,-0.01073046,46.0534,1,0.030696,221.469930
2017-06-02,-0.00220607,84.5317,0,0.000000,0.000000,-0.00024616,46.0288,0,0.000000,0.000000
2017-06-05,0.00396224,84.9280,1,0.029426,204.138106,-0.00312406,45.7164,1,0.046536,303.853201
2017-06-06,-0.00375233,84.5527,1,0.027133,180.343030,-0.00093801,45.6226,1,0.053321,359.582470
2017-06-07,-0.00548199,84.0045,1,0.028359,160.790460,-0.00267766,45.3548,1,0.048516,320.580140
2017-06-08,-0.00223550,83.7810,1,0.022760,161.046100,0.00886273,46.2411,1,0.040787,281.209650
2017-06-09,0.00494619,84.2756,1,0.010481,81.822690,0.00125937,46.3671,1,0.037513,281.349200
2017-06-12,0.00705015,84.9806,1,0.018815,141.026500,0.01470782,47.8378,1,0.042088,321.446230
2017-06-13,0.00254466,85.2351,1,0.034134,200.714730,-0.00636375,47.2015,1,0.042855,221.539230
2017-06-14,-0.00196289,85.0388,1,0.019669,121.637860,0.00111595,47.3131,1,0.043975,321.724080
2017-06-15,0.00963852,86.0027,1,0.025718,140.532700,0.00604948,47.9180,1,0.040912,320.283350
2017-06-16,-0.00059675,85.9430,1,0.016235,101.423450,0.00311464,48.2295,1,0.040026,261.267740
2017-06-19,0.00208533,86.1515,1,0.014717,101.391720,-0.00457130,47.7723,1,0.032010,302.325590
2017-06-20,0.00709560,86.8611,1,0.019530,101.996950,0.00492497,48.2648,1,0.041023,361.169740
2017-06-21,0.00228804,87.0899,1,0.013726,101.355150,0.00342114,48.6069,1,0.037736,300.275700
2017-06-22,0.00724457,87.8143,1,0.008573,80.654510,0.00518580,49.1255,1,0.037570,260.668830
2017-06-23,0.00682392,88.4967,1,0.015578,121.353610,0.00569234,49.6948,1,0.033426,261.190450
2017-06-26,0.00131908,88.6286,1,0.010452,101.558430,-0.01650124,48.0446,1,0.030764,281.450880
2017-06-27,-0.00853213,87.7754,1,0.014103,102.102660,0.00932640,48.9773,1,0.045540,360.707300
2017-06-28,-0.00926777,86.8486,1,0.017547,81.760170,0.00842666,49.8199,1,0.045004,259.999220
2017-06-29,-0.00242269,86.6064,1,0.015399,102.305650,0.00106788,49.9267,1,0.040942,282.726790
2017-06-30,0.00204994,86.8114,1,0.016526,81.324510,0.00617364,50.5441,1,0.043326,338.703450
2017-07-03,0.00969049,87.7804,1,0.007601,81.001320,0.00422962,50.9671,1,0.043588,301.089070
2017-07-05,-0.00114308,87.6661,1,0.023558,141.957910,-0.02291587,48.6755,1,0.061547,321.067810
2017-07-06,-0.00950159,86.7159,1,0.021939,160.977430,0.00608983,49.2845,1,0.044867,380.330720
2017-07-07,-0.00863470,85.8525,1,0.019510,120.219620,0.00932654,50.2171,0,0.000000,0.000000
2017-07-10,-0.00048982,85.8035,1,0.014922,101.912540,0.01342735,51.5598,0,0.000000,0.000000
2017-07-11,-0.00057131,85.7464,1,0.012611,101.510800,-0.00111865,51.4480,1,0.026385,203.028988
2017-07-12,-0.00009283,85.7371,1,0.023723,140.651400,0.03164705,54.6127,1,0.041535,320.069720
2017-07-13,-0.00903584,84.8335,1,0.013644,121.698620,0.00201232,54.8139,0,0.000000,0.000000
2017-07-14,-0.00318174,84.5153,1,0.018824,141.533560,0.00573074,55.3870,1,0.042206,325.664658
2017-07-17,0.00656567,85.1719,1,0.009043,82.030410,-0.00470182,54.9168,1,0.040382,301.861220
2017-07-18,0.00217675,85.3896,1,0.021935,140.762490,-0.00829369,54.0874,1,0.051609,340.340920
2017-07-19,-0.00343083,85.0465,1,0.009653,101.294670,0.01170645,55.2581,1,0.037205,340.399720
2017-07-20,0.00596568,85.6430,1,0.014692,61.956530,0.00458945,55.7170,0,0.000000,0.000000
2017-07-21,0.00075665,85.7187,1,0.012365,100.959480,0.00204549,55.9216,1,0.033031,222.830675
2017-07-24,-0.00647615,85.0711,1,0.014895,100.841090,-0.00815615,55.1060,1,0.034765,300.799120
2017-07-25,-0.00186821,84.8843,1,0.014641,121.260580,-0.00222523,54.8834,1,0.035473,319.435910
2017-07-26,-0.00766814,84.1175,1,0.023484,161.243860,0.00052312,54.9358,1,0.039618,321.520690
2017-07-27,0.01080196,85.1977,1,0.015524,121.409970,-0.00997693,53.9381,1,0.045893,340.717850
2017-07-28,-0.00176892,85.0208,1,0.018422,139.561040,-0.01411883,52.5262,1,0.044753,339.721080
2017-07-31,0.00513458,85.5342,1,0.013912,140.738010,-0.00310202,52.2160,1,0.064842,299.286330
2017-08-01,-0.01265493,84.2687,1,0.035953,140.576650,0.00568834,52.7848,1,0.029746,299.988520
2017-08-02,-0.00564088,83.7046,1,0.014518,140.005840,0.00550236,53.3350,1,0.044954,280.940520
2017-08-03,-0.00972019,82.7326,1,0.014929,120.744830,0.00401985,53.7370,1,0.040955,300.735270
2017-08-04,0.00422724,83.1554,1,0.029236,179.334430,-0.00765632,52.9714,1,0.043602,280.318740
2017-08-07,0.00331434,83.4868,1,0.022466,180.576000,-0.00069493,52.9019,1,0.055243,360.457190
2017-08-08,-0.00222309,83.2645,1,0.028519,200.862220,-0.00427375,52.4745,1,0.038425,280.825250
2017-08-09,-0.00031567,83.2329,1,0.033957,200.497650,0.00803007,53.2775,1,0.044203,299.642270
2017-08-10,-0.00984125,82.2488,1,0.025385,140.169010,0.01388128,54.6657,1,0.030612,281.318850
2017-08-11,0.00189330,82.4381,1,0.031730,199.983120,-0.00911268,53.7544,1,0.036398,279.623540
2017-08-14,-0.00067136,82.3710,1,0.020356,180.968820,0.00317710,54.0721,1,0.043620,340.716230
2017-08-15,-0.00607966,81.7630,1,0.021746,202.089080,-0.00145627,53.9265,0,0.000000,0.000000
2017-08-16,0.00135533,81.8985,1,0.033827,220.315160,-0.00424803,53.5017,1,0.043373,362.289708
2017-08-17,-0.00306814,81.5917,1,0.034774,221.237660,0.00359020,53.8607,1,0.047530,381.066690
2017-08-18,-0.00529857,81.0619,1,0.026727,199.504500,-0.00114023,53.7467,0,0.000000,0.000000
2017-08-21,-0.00006196,81.0557,1,0.036476,240.591750,-0.00635435,53.1112,1,0.038195,317.891042
2017-08-22,0.00623033,81.6787,1,0.022147,180.508180,-0.00253589,52.8576,1,0.035689,340.654380
2017-08-23,0.00284566,81.9633,1,0.039674,241.644180,-0.00618173,52.2395,1,0.039893,341.598660
2017-08-24,0.00190017,82.1533,1,0.027593,239.821900,-0.00504210,51.7353,1,0.038810,359.762620
2017-08-25,0.00185321,82.3386,1,0.037079,200.487610,0.00603837,52.3391,1,0.040993,360.124200
2017-08-28,0.00218802,82.5574,1,0.026098,160.931400,-0.00634997,51.7041,1,0.036247,281.211710
2017-08-29,0.01497032,84.0544,1,0.041618,240.677000,-0.00883134,50.8210,1,0.046754,360.103370
2017-08-30,0.00233576,84.2880,1,0.023114,161.582090,0.00135732,50.9567,1,0.048818,299.200560
2017-08-31,0.00358860,84.6469,1,0.020590,181.557890,0.00123863,51.0806,1,0.050817,321.459330
2017-09-01,0.00273507,84.9204,1,0.022373,201.915530,-0.00493686,50.5869,1,0.043476,301.026000
2017-09-05,-0.00422731,84.4977,1,0.026651,240.914760,-0.00017755,50.5691,1,0.045815,340.530670
2017-09-06,0.00094436,84.5921,1,0.029104,239.998000,-0.00057764,50.5114,1,0.041744,319.739600
2017-09-07,0.00336856,84.9290,1,0.010114,100.826240,-0.00602705,49.9087,1,0.039115,320.423080
2017-09-08,0.00716962,85.6459,1,0.027268,160.608950,-0.02192121,47.7165,1,0.048071,360.608390
2017-09-11,0.00533585,86.1795,1,0.024905,141.613370,0.01380386,49.0969,1,0.054784,379.590910
2017-09-12,0.00125193,86.3047,1,0.036957,262.528050,-0.00525088,48.5718,0,0.000000,0.000000
2017-09-13,-0.01951097,84.3536,1,0.031607,201.718090,-0.00382472,48.1894,1,0.053312,382.012768
2017-09-14,-0.00018601,84.3350,1,0.016891,139.338850,0.01225784,49.4151,1,0.037186,298.429360
2017-09-15,0.00414091,84.7491,1,0.019979,141.316830,0.01032378,50.4475,1,0.039702,281.415590
2017-09-18,0.00358298,85.1074,1,0.023122,201.108670,-0.00990158,49.4574,1,0.029768,261.681360
2017-09-19,-0.00475735,84.6316,1,0.019345,200.686600,0.00953222,50.4106,1,0.035738,320.996470
2017-09-20,-0.00089079,84.5426,1,0.026879,200.974330,-0.00296665,50.1139,1,0.036125,281.610040
2017-09-21,-0.00362569,84.1800,1,0.021789,181.272200,0.00312006,50.4259,1,0.038224,341.034960
2017-09-22,-0.00980455,83.1995,1,0.020365,141.019460,0.00916739,51.3427,1,0.028511,280.277090
2017-09-25,0.00563107,83.7627,1,0.013583,122.612970,-0.00840367,50.5023,1,0.034237,301.998750
2017-09-26,-0.01000768,82.7619,1,0.018888,160.646990,0.00015565,50.5179,1,0.037545,340.342030
2017-09-27,-0.01133995,81.6279,1,0.015655,141.567460,0.01122158,51.6400,1,0.037572,301.390330
2017-09-28,-0.00085573,81.5423,1,0.020963,142.707960,-0.00468322,51.1717,1,0.022672,222.534610
2017-09-29,0.00661643,82.2040,1,0.019787,160.549850,-0.00477420,50.6943,1,0.048020,340.488330
2017-10-02,-0.01105837,81.0981,1,0.027597,181.059570,-0.01183218,49.5111,1,0.039538,340.838660
2017-10-03,-0.00143126,80.9550,1,0.020866,160.677720,0.00169056,49.6801,1,0.056614,400.738320
2017-10-04,0.00264910,81.2199,1,0.017960,141.072160,-0.00720261,48.9599,1,0.030051,281.281410
2017-10-05,-0.00065153,81.1548,1,0.017803,181.741470,0.00160544,49.1204,1,0.040636,341.687630
2017-10-06,-0.00309251,80.8455,1,0.017461,161.041210,0.00562322,49.6827,1,0.032408,281.196060
2017-10-09,0.00005657,80.8512,1,0.018263,180.268730,0.00033136,49.7159,1,0.034334,300.792810
2017-10-10,-0.00482592,80.3686,1,0.025342,180.363360,0.00106407,49.8223,1,0.036103,320.211150
2017-10-11,0.01015835,81.3844,1,0.019285,141.082970,-0.00216386,49.6059,1,0.038436,321.198070
2017-10-12,0.00671488,82.0559,1,0.019842,201.482840,0.00233567,49.8394,1,0.038403,340.838970
2017-10-13,-0.00636929,81.4190,1,0.021239,180.544310,-0.00054924,49.7845,1,0.035474,320.664810
2017-10-16,0.00341081,81.7600,1,0.025139,221.576130,0.00598995,50.3835,1,0.033725,321.027110
2017-10-17,-0.00116780,81.6433,1,0.037230,200.449600,-0.00652926,49.7306,1,0.037726,300.943520
2017-10-18,-0.00169412,81.4738,1,0.018892,181.431970,-0.00916005,48.8146,1,0.037025,280.309420
2017-10-19,-0.00132004,81.3418,1,0.014344,140.957080,0.00232984,49.0476,1,0.048086,400.965380
2017-10-20,0.01304334,82.6462,1,0.013616,140.878100,0.00621663,49.6692,1,0.039407,321.228990
2017-10-23,-0.00414529,82.2316,1,0.027979,201.781130,-0.01237343,48.4319,1,0.041053,282.127710
2017-10-24,-0.01467672,80.7640,1,0.031112,178.914930,-0.01262291,47.1696,1,0.047341,338.948210
2017-10-25,-0.00166394,80.5976,1,0.023914,182.190460,-0.00005009,47.1646,1,0.042609,341.450050
2017-10-26,-0.01050728,79.5469,1,0.026398,200.417740,-0.01816292,45.3483,1,0.042712,319.484340
2017-10-27,-0.00169035,79.3778,1,0.027465,183.190790,0.02996878,48.3452,1,0.031422,322.932860
2017-10-30,0.00131812,79.5096,1,0.019618,163.549170,-0.00738090,47.6071,1,0.027680,264.468020
2017-10-31,0.00158358,79.6680,1,0.032502,180.114550,-0.00182112,47.4250,1,0.043502,339.560950
2017-11-01,0.00817550,80.4855,1,0.025910,183.596880,-0.01148984,46.2760,1,0.036374,303.165010
2017-11-02,0.00863770,81.3493,1,0.052090,219.723080,0.00491041,46.7670,1,0.049679,339.397890
2017-11-03,0.00775312,82.1246,1,0.031348,261.269660,0.00736252,47.5033,1,0.032088,281.758640
2017-11-06,-0.00228934,81.8957,1,0.019514,182.000920,-0.00576942,46.9263,1,0.037492,301.788320
2017-11-07,-0.00485186,81.4105,1,0.022036,181.132300,-0.00029459,46.8969,1,0.029299,279.948450
2017-11-08,0.00080548,81.4911,1,0.010042,141.068330,-0.00088671,46.8082,1,0.028011,300.981760
2017-11-09,0.00426883,81.9179,1,0.014727,140.690110,-0.00656173,46.1520,1,0.027723,301.261680
2017-11-10,0.00495429,82.4134,1,0.022911,160.055670,-0.00428453,45.7236,1,0.037813,359.573350
2017-11-13,-0.01263625,81.1497,1,0.019365,180.687000,0.00183912,45.9075,1,0.037578,359.706660
2017-11-14,-0.00021682,81.1281,1,0.012672,101.356100,0.00042584,45.9501,1,0.025696,302.225710
2017-11-15,0.00852530,81.9806,1,0.021940,161.010170,0.00494743,46.4448,1,0.034647,320.572840
2017-11-16,-0.00295588,81.6850,1,0.031858,260.432110,-0.00678680,45.7661,1,0.030170,299.748690
2017-11-17,0.00411690,82.0967,1,0.030830,221.936870,-0.00012209,45.7539,1,0.031499,322.242550
2017-11-20,0.00246990,82.3437,1,0.037390,300.668480,0.00435480,46.1894,1,0.039160,340.621650
2017-11-21,-0.00940288,81.4034,1,0.013198,160.672960,0.00752393,46.9418,1,0.029487,260.947360
2017-11-22,-0.00118108,81.2853,1,0.014088,121.538050,-0.00456437,46.4854,1,0.026827,281.206800
2017-11-24,-0.00124005,81.1613,1,0.027665,220.159120,-0.00266251,46.2191,1,0.043951,299.649230
2017-11-27,0.00478929,81.6402,1,0.027421,160.381320,-0.00886246,45.3329,1,0.058116,320.632600
2017-11-28,-0.00501923,81.1383,1,0.028933,220.884470,0.00387677,45.7205,1,0.040083,359.853610
2017-11-29,-0.02213019,78.9253,1,0.031449,202.323530,0.00309080,46.0296,1,0.044660,362.208720
2017-11-30,0.00301624,79.2269,1,0.019516,180.875530,0.00296905,46.3265,1,0.032155,302.609980
2017-12-01,-0.00857273,78.3696,1,0.015893,141.817920,-0.00297071,46.0295,1,0.038751,301.452680
2017-12-04,0.00141548,78.5112,1,0.022692,200.207860,0.01158016,47.1875,1,0.042304,319.787760
2017-12-05,-0.00365153,78.1460,1,0.021373,202.434440,-0.00591713,46.5958,1,0.030213,282.023240
2017-12-06,0.00333289,78.4793,1,0.030771,240.257900,-0.00205094,46.3907,1,0.034714,319.560580
2017-12-07,-0.00741356,77.7379,1,0.023236,220.180260,0.00527931,46.9186,1,0.035459,320.321200
2017-12-08,-0.00807168,76.9308,1,0.019598,141.859420,-0.00184082,46.7345,1,0.041832,301.742810
2017-12-11,0.00212494,77.1433,1,0.016366,141.206810,0.00275066,47.0096,1,0.043984,301.224030
2017-12-12,0.00418467,77.5617,1,0.013113,140.560620,-0.00048232,46.9614,1,0.038802,320.602730
2017-12-13,0.00258477,77.8202,1,0.033003,240.214940,0.00090369,47.0517,1,0.043861,359.846850
2017-12-14,0.00007028,77.8272,1,0.028042,220.591420,0.00005637,47.0574,1,0.037263,320.411870
2017-12-15,-0.00472351,77.3549,1,0.025521,220.062290,-0.00235414,46.8219,1,0.035024,279.867700
2017-12-18,-0.00740763,76.6141,1,0.016843,182.406650,-0.01029816,45.7921,0,0.000000,0.000000
2017-12-19,-0.00115886,76.4982,1,0.023786,220.661160,0.00723298,46.5154,1,0.039782,362.964177
2017-12-20,-0.00160770,76.3375,1,0.017540,201.285580,0.00257565,46.7730,1,0.025135,260.503080
2017-12-21,0.00392218,76.7297,1,0.018612,160.937010,0.00109115,46.8821,1,0.030355,280.985980
2017-12-22,-0.00070223,76.6595,1,0.006033,101.133350,-0.00389151,46.4930,1,0.041241,321.238090
2017-12-26,-0.00367716,76.2918,1,0.013066,140.921390,-0.00144765,46.3482,1,0.038845,321.055370
2017-12-27,-0.00107662,76.1841,1,0.016812,140.789330,-0.00407220,45.9410,1,0.033200,319.720880
2017-12-28,-0.00024236,76.1599,1,0.025796,181.181130,-0.00326376,45.6146,1,0.043266,360.514540
2017-12-29,-0.00577646,75.5822,1,0.017696,121.149820,0.00444055,46.0587,1,0.033915,320.710510
2018-01-02,-0.00648203,74.9340,1,0.029933,220.503830,-0.00837001,45.2217,1,0.031881,299.600390
2018-01-03,-0.00447477,74.4865,1,0.030957,221.632430,0.00253667,45.4753,1,0.040933,343.281800
2018-01-04,-0.00292156,74.1944,1,0.021276,180.781360,0.00977940,46.4533,1,0.039940,320.588060
2018-01-05,-0.00184570,74.0098,1,0.023800,221.309440,0.00266578,46.7198,1,0.035982,301.383060
2018-01-08,-0.00500094,73.5097,1,0.030524,181.153210,0.00162078,46.8819,1,0.041142,321.464680
2018-01-09,-0.00005701,73.5040,1,0.024821,220.454610,-0.00986406,45.8955,1,0.035516,261.192120
2018-01-10,-0.00371660,73.1323,1,0.032170,280.198840,0.01419493,47.3150,1,0.038367,379.544050
2018-01-11,-0.01384614,71.7477,1,0.031154,220.707770,0.00915069,48.2301,1,0.025601,220.964660
2018-01-12,-0.01013556,70.7342,1,0.014546,161.765580,0.01872340,50.1024,1,0.027620,262.856110
2018-01-16,-0.00208240,70.5259,1,0.030060,221.334910,-0.01016090,49.0863,1,0.026850,201.898040
2018-01-17,0.00698703,71.2246,1,0.023057,200.593740,0.00107403,49.1937,1,0.046917,379.179280
2018-01-18,-0.00343831,70.8808,1,0.029451,221.481660,-0.00703896,48.4898,0,0.000000,0.000000
2018-01-19,-0.00199227,70.6816,1,0.021607,161.498520,0.00166818,48.6566,1,0.040692,341.670795
2018-01-22,-0.01648737,69.0328,1,0.015927,161.509200,-0.00614447,48.0422,1,0.041437,322.560190
2018-01-23,-0.00161900,68.8709,1,0.021340,201.912570,-0.00201536,47.8407,1,0.032956,261.754270
2018-01-24,0.00024320,68.8953,1,0.019620,222.056640,-0.00363495,47.4772,1,0.032175,261.570200
2018-01-25,-0.00114634,68.7806,1,0.021584,219.650120,-0.00230329,47.2468,1,0.027329,300.264360
2018-01-26,-0.00352447,68.4282,1,0.027787,201.936330,-0.01903421,45.3434,1,0.039351,360.970340
2018-01-29,-0.01207702,67.2205,1,0.026502,261.955100,0.00485400,45.8288,1,0.051350,382.328130
2018-01-30,-0.00404733,66.8157,1,0.031453,219.960820,-0.00532725,45.2961,1,0.037485,319.412910
2018-01-31,0.00121927,66.9377,1,0.019853,200.532280,0.01049286,46.3454,1,0.038684,358.936440
2018-02-01,0.00540663,67.4783,1,0.038707,201.466180,-0.01825597,44.5198,1,0.041077,301.152110
2018-02-02,-0.00791553,66.6868,1,0.035883,201.094550,-0.02545622,41.9742,1,0.046992,359.189880
2018-02-05,0.00294487,66.9813,1,0.038493,258.806050,-0.01133826,40.8403,0,0.000000,0.000000
2018-02-06,-0.00763684,66.2176,1,0.023234,142.583220,0.02057406,42.8977,0,0.000000,0.000000
2018-02-07,0.00081815,66.2994,1,0.054305,341.780670,0.00224105,43.1218,1,0.034755,257.021100
2018-02-08,0.00236788,66.5362,1,0.027232,239.686500,-0.00771961,42.3499,1,0.042121,340.356020
2018-02-09,-0.00299384,66.2368,1,0.031334,238.585300,-0.00898062,41.4518,0,0.000000,0.000000
2018-02-12,0.01236356,67.4732,1,0.043344,363.940630,-0.00164548,41.2873,0,0.000000,0.000000
2018-02-13,0.00118772,67.5919,1,0.036818,242.180840,-0.00368033,40.9192,1,0.049203,338.112043
2018-02-14,0.01351593,68.9435,1,0.030057,200.970790,-0.00014906,40.9043,1,0.048006,360.262130
2018-02-15,0.00579164,69.5227,1,0.030986,223.842010,-0.01288719,39.6156,1,0.038099,323.565700
2018-02-16,-0.00263955,69.2587,1,0.027085,222.427310,0.00962387,40.5780,1,0.046263,383.241040
2018-02-20,0.01035105,70.2938,1,0.021015,201.326910,-0.01378350,39.1997,1,0.029610,261.258130
2018-02-21,0.00609231,70.9031,1,0.029479,200.744020,0.00681154,39.8808,1,0.050516,378.999080
2018-02-22,0.00301704,71.2048,1,0.044766,240.375670,-0.01336253,38.5446,1,0.048483,319.666190
2018-02-23,0.00355387,71.5602,1,0.027373,181.430070,-0.00741323,37.8032,1,0.045253,380.409750
2018-02-26,0.01246371,72.8065,1,0.019089,164.419720,0.00095587,37.8988,0,0.000000,0.000000
2018-02-27,0.00140570,72.9471,1,0.027340,221.785080,0.00559132,38.4580,1,0.033758,323.632378
2018-02-28,0.00824451,73.7716,1,0.031129,200.175710,-0.02166782,36.2912,0,0.000000,0.000000
2018-03-01,-0.01160697,72.6109,1,0.019027,141.314720,-0.03073834,33.2173,0,0.000000,0.000000
2018-03-02,-0.01039926,71.5709,1,0.038886,261.923690,-0.01446524,31.7708,1,0.063774,379.435150
2018-03-05,0.00692437,72.2634,1,0.024243,202.731780,0.00363065,32.1339,1,0.042835,342.107090
2018-03-06,0.00114508,72.3779,1,0.030072,182.988000,0.00017294,32.1512,0,0.000000,0.000000
2018-03-07,0.02173423,74.5513,1,0.022797,181.485920,-0.00073449,32.0777,1,0.044749,344.364677
2018-03-08,-0.00958763,73.5925,1,0.021123,222.313720,-0.00098443,31.9793,1,0.026403,239.398380
2018-03-09,-0.00132749,73.4598,1,0.026609,201.611560,0.00878643,32.8579,1,0.044657,300.610280
2018-03-12,-0.00213643,73.2461,1,0.025423,223.310400,0.01190997,34.0489,0,0.000000,0.000000
2018-03-13,-0.00192816,73.0533,1,0.026256,200.590920,0.00025913,34.0748,1,0.030117,243.748688
2018-03-14,0.00342506,73.3958,1,0.023964,160.236240,0.00777200,34.8520,1,0.039960,339.496630
2018-03-15,-0.00475619,72.9202,1,0.014109,161.060230,0.00553459,35.4055,1,0.030991,300.336840
2018-03-16,-0.00295145,72.6251,1,0.023635,160.956070,0.00405168,35.8107,1,0.028382,300.800810
2018-03-19,0.00400622,73.0257,1,0.027198,201.201930,0.00514812,36.3255,1,0.029588,261.185770
2018-03-20,-0.00286741,72.7390,1,0.038741,220.763300,0.00190354,36.5158,0,0.000000,0.000000
2018-03-21,-0.00003546,72.7354,1,0.027216,180.338880,-0.00257772,36.2581,1,0.034852,299.930127
2018-03-22,-0.00451191,72.2842,1,0.030051,220.291110,-0.00562800,35.6953,1,0.038280,340.124440
2018-03-23,0.00413499,72.6977,1,0.038641,278.760960,0.01667676,37.3629,1,0.044234,357.076820
2018-03-26,-0.00651230,72.0465,1,0.025280,181.169640,-0.02485674,34.8773,0,0.000000,0.000000
2018-03-27,0.00856470,72.9030,1,0.042370,304.767930,0.03233759,38.1110,0,0.000000,0.000000
2018-03-28,0.00335953,73.2389,1,0.052567,357.949160,0.01314667,39.4257,1,0.021193,161.152266
2018-03-29,0.00209802,73.4487,1,0.028678,240.548860,-0.01567464,37.8582,1,0.032434,281.528360
2018-04-02,-0.00931053,72.5177,1,0.034643,222.469480,-0.00927026,36.9312,1,0.047856,382.334070
2018-04-03,0.00615971,73.1336,1,0.051869,298.113670,0.01507461,38.4387,0,0.000000,0.000000
2018-04-04,0.00874674,74.0083,1,0.052496,362.478740,0.00127215,38.5659,0,0.000000,0.000000
2018-04-05,-0.00134414,73.8739,1,0.024524,241.788090,0.00254460,38.8203,0,0.000000,0.000000
2018-04-06,-0.01734891,72.1390,1,0.026761,261.149970,-0.00098032,38.7223,1,0.031152,282.936105
2018-04-09,-0.00437673,71.7013,1,0.038203,298.575370,0.00674995,39.3973,0,0.000000,0.000000
2018-04-10,0.02161152,73.8625,1,0.035798,260.891890,-0.00340669,39.0566,1,0.036759,259.526949
2018-04-11,-0.00798114,73.0644,1,0.022004,143.010590,-0.00345082,38.7115,1,0.044382,323.680850
2018-04-12,0.00964683,74.0290,1,0.025897,200.561450,-0.01520877,37.1907,1,0.041487,359.589240
2018-04-13,-0.00796901,73.2321,1,0.026191,182.262700,-0.01673994,35.5167,1,0.047154,381.773790
2018-04-16,-0.00650007,72.5821,1,0.028207,180.952030,0.00005578,35.5222,1,0.047942,399.748920
2018-04-17,0.00275843,72.8580,1,0.021577,142.448940,-0.01053688,34.4686,0,0.000000,0.000000
2018-04-18,-0.00045449,72.8125,1,0.020749,141.870400,-0.00686234,33.7823,0,0.000000,0.000000
2018-04-19,-0.00171662,72.6409,1,0.029782,200.967640,-0.00198373,33.5840,1,0.044013,384.018741
2018-04-20,0.00402211,73.0431,1,0.021759,220.289780,0.00135282,33.7192,1,0.034108,319.545780
2018-04-23,-0.00482483,72.5606,1,0.031583,199.514730,-0.00600213,33.1190,0,0.000000,0.000000
2018-04-24,-0.01121760,71.4388,1,0.011600,101.285760,0.00909900,34.0289,1,0.037010,281.473352
2018-04-25,-0.02142629,69.2962,1,0.019499,162.145120,-0.01869762,32.1592,1,0.033232,320.448670
2018-04-26,-0.00318450,68.9778,1,0.022670,142.831450,0.02082787,34.2419,1,0.035013,300.053830
2018-04-27,-0.01069349,67.9084,1,0.030879,201.098300,0.01755336,35.9973,1,0.033744,243.389140
2018-04-30,0.00232808,68.1412,1,0.019732,142.522310,-0.00343590,35.6537,1,0.025710,222.522740
2018-05-01,-0.00218950,67.9223,1,0.036360,240.324120,-0.00467252,35.1864,1,0.037222,279.739280
2018-05-02,0.00302684,68.2250,1,0.020866,142.650790,-0.00110640,35.0758,1,0.043760,340.938970
2018-05-03,-0.00223638,68.0013,0,0.000000,0.000000,0.00596727,35.6725,1,0.036963,320.156620
2018-05-04,0.01401710,69.4030,1,0.021530,160.868491,-0.00640616,35.0319,1,0.042086,281.046430
2018-05-07,0.00528430,69.9315,1,0.035040,243.293840,0.00550201,35.5821,0,0.000000,0.000000
2018-05-08,-0.00119201,69.8123,1,0.032361,221.833430,0.00144049,35.7262,1,0.037491,284.394026
2018-05-09,0.02633218,72.4455,1,0.016942,159.908920,0.02089708,37.8159,1,0.037572,320.898100
2018-05-10,-0.00026479,72.4190,1,0.033599,244.412760,-0.00576444,37.2394,1,0.022884,162.903820
2018-05-11,0.00571545,72.9905,1,0.025415,202.240280,-0.00389658,36.8498,0,0.000000,0.000000
2018-05-14,-0.00556769,72.4338,1,0.013049,121.383020,0.00430255,37.2800,1,0.041125,342.036648
2018-05-15,-0.00395777,72.0380,1,0.009127,100.595700,0.00279347,37.5594,1,0.038413,280.537520
2018-05-16,0.00715002,72.7530,1,0.015878,121.136070,0.00062191,37.6216,1,0.029299,259.764280
2018-05-17,-0.01829369,70.9236,1,0.020919,161.173100,0.00089342,37.7109,1,0.042938,301.284650
2018-05-18,-0.00471052,70.4526,1,0.015892,163.190250,0.00294424,38.0053,1,0.029836,281.313820
2018-05-21,-0.00604999,69.8476,1,0.013449,140.721600,0.01072998,39.0783,1,0.043372,320.392900
2018-05-22,0.00074404,69.9220,1,0.018626,202.686550,-0.00040177,39.0381,1,0.029967,322.594210
2018-05-23,0.00214043,70.1360,1,0.026757,220.581390,0.00102104,39.1403,1,0.040926,320.089650
2018-05-24,0.01222688,71.3587,1,0.026932,240.200740,0.00128965,39.2692,1,0.038525,320.394310
2018-05-25,0.00296006,71.6547,1,0.013294,141.689540,0.00940682,40.2099,1,0.036038,301.524150
2018-05-29,0.00074871,71.7296,1,0.024029,200.684380,0.01177192,41.3871,1,0.032568,241.058960
2018-05-30,-0.00560750,71.1688,1,0.022490,200.855200,-0.01080003,40.3071,0,0.000000,0.000000
2018-05-31,-0.00245488,70.9234,1,0.025948,203.137840,-0.01597165,38.7099,0,0.000000,0.000000
2018-06-01,0.00735987,71.6593,1,0.032823,299.572420,-0.00635322,38.0746,0,0.000000,0.000000
2018-06-04,-0.00362689,71.2966,1,0.038609,282.257650,0.00818478,38.8931,1,0.037082,319.775997
2018-06-05,-0.01012183,70.2845,1,0.022833,141.355160,0.00675253,39.5683,1,0.026727,260.785420
2018-06-06,-0.00140801,70.1437,1,0.021151,161.383290,0.01217671,40.7860,1,0.032559,280.408940
2018-06-07,0.00896096,71.0398,1,0.028414,202.633610,-0.00293980,40.4920,1,0.037260,262.548090
2018-06-08,-0.00407250,70.6325,1,0.029790,260.896470,-0.00529800,39.9622,1,0.042240,320.485040
2018-06-11,-0.01162353,69.4702,1,0.019793,201.024920,-0.00304461,39.6578,1,0.034681,320.680940
2018-06-12,0.00170487,69.6406,1,0.020483,140.895120,-0.00774516,38.8832,1,0.030076,320.545460
2018-06-13,-0.00130491,69.5102,1,0.024091,181.371390,0.01286479,40.1697,1,0.038001,341.907140
2018-06-14,-0.00203289,69.3069,1,0.038089,279.680260,0.00300601,40.4703,1,0.026149,241.250280
2018-06-15,0.00010938,69.3178,1,0.034752,261.239960,0.00432834,40.9032,1,0.032186,281.463650
2018-06-18,0.00701902,70.0197,1,0.026128,240.525810,-0.00424873,40.4783,1,0.028563,301.345780
2018-06-19,-0.00391804,69.6279,1,0.016584,181.181450,0.00916866,41.3951,1,0.040564,320.369730
2018-06-20,0.00114975,69.7429,1,0.029075,239.709780,0.00727750,42.1229,1,0.028940,240.928050
2018-06-21,-0.00331340,69.4115,1,0.023000,221.260790,-0.00070183,42.0527,1,0.037033,281.185110
2018-06-22,-0.00187160,69.2244,1,0.026240,200.542200,0.00575209,42.6279,1,0.030171,299.757130
2018-06-25,-0.01066239,68.1581,1,0.023609,241.331920,0.00466355,43.0943,1,0.037525,301.453300
2018-06-26,-0.00177856,67.9803,1,0.036706,241.677050,-0.00620143,42.4741,1,0.034483,279.123280
2018-06-27,-0.00341187,67.6391,1,0.033727,260.577730,0.00089265,42.5634,1,0.043005,380.785760
2018-06-28,0.00347369,67.9865,1,0.030561,199.983000,-0.00404960,42.1584,1,0.035360,299.212770
2018-06-29,0.00507400,68.4939,1,0.024010,200.920430,-0.00062278,42.0962,1,0.032958,341.437340
2018-07-02,0.00985008,69.4789,1,0.031582,220.599930,-0.00748162,41.3480,1,0.039542,339.793300
2018-07-03,0.00669583,70.1485,1,0.027617,201.024290,-0.00762228,40.5858,1,0.051528,340.984120
2018-07-05,-0.00002332,70.1461,1,0.035682,220.383900,-0.00255401,40.3304,1,0.065881,379.535260
2018-07-06,0.00539687,70.6858,1,0.020523,222.034470,-0.00425322,39.9051,0,0.000000,0.000000
2018-07-09,0.01495153,72.1810,1,0.025607,221.867890,-0.00910467,38.9946,0,0.000000,0.000000
2018-07-10,-0.00681235,71.4997,1,0.017655,161.195160,-0.00740758,38.2538,1,0.042898,344.691237
2018-07-11,0.00315527,71.8153,1,0.023603,181.470480,-0.00947278,37.3065,1,0.038038,360.519800
2018-07-12,0.00490157,72.3054,1,0.019433,201.476750,-0.00871285,36.4353,1,0.036035,358.744380
2018-07-13,-0.00157081,72.1483,1,0.025201,222.100970,-0.00109189,36.3261,1,0.040079,381.273350
2018-07-16,-0.00265552,71.8828,1,0.043812,240.822740,0.00096507,36.4226,1,0.041073,340.398890
2018-07-17,0.00889581,72.7724,1,0.033639,240.801860,-0.00266923,36.1557,1,0.038343,320.049620
2018-07-18,0.00517089,73.2894,1,0.019481,201.160660,0.00343799,36.4995,1,0.036761,341.489800
2018-07-19,0.01343863,74.6333,1,0.027177,220.453930,-0.02476332,34.0231,1,0.027892,320.624460
2018-07-20,0.00938886,75.5722,0,0.000000,0.000000,0.00907756,34.9309,1,0.043234,380.433340
2018-07-23,-0.00784343,74.7879,1,0.035103,261.549352,0.00449800,35.3807,1,0.033130,280.792050
2018-07-24,-0.00846580,73.9413,1,0.016520,142.577900,-0.00101093,35.2796,1,0.027743,320.973290
2018-07-25,0.00913236,74.8545,1,0.022334,141.342280,0.00353293,35.6329,1,0.030367,300.889230
2018-07-26,0.01683299,76.5378,1,0.024101,262.199930,0.01409257,37.0421,0,0.000000,0.000000
2018-07-27,-0.01203395,75.3344,1,0.029635,221.496480,0.01183464,38.2256,1,0.025356,264.392787
2018-07-30,-0.00267226,75.0672,1,0.019046,179.467860,0.02110461,40.3361,1,0.028599,320.831120
2018-07-31,-0.00374542,74.6926,1,0.032392,240.160700,-0.00712026,39.6240,1,0.025906,222.325380
2018-08-01,-0.00747061,73.9456,1,0.016081,142.338990,-0.01827102,37.7969,0,0.000000,0.000000
2018-08-02,-0.00218996,73.7266,1,0.028916,239.774720,0.00397614,38.1946,1,0.038746,360.389852
2018-08-03,0.01035548,74.7621,1,0.018532,161.713160,-0.00839170,37.3554,1,0.029410,242.487720
2018-08-06,0.01124411,75.8865,1,0.020459,182.888100,-0.00041681,37.3137,1,0.037411,341.055700
2018-08-07,0.00180665,76.0672,1,0.017265,161.336690,-0.00096873,37.2168,1,0.032273,301.643010
2018-08-08,-0.00245204,75.8220,1,0.014854,121.094330,-0.01552062,35.6648,1,0.032432,321.811420
2018-08-09,-0.00647673,75.1743,1,0.017753,139.262970,-0.00097486,35.5673,1,0.039306,338.325710
2018-08-10,-0.00999636,74.1747,1,0.014816,161.127680,0.00515993,36.0833,1,0.035957,320.448340
2018-08-13,-0.00095684,74.0790,1,0.012894,141.335200,0.00335333,36.4186,1,0.024677,300.802550
2018-08-14,0.00301473,74.3805,1,0.015557,139.997610,-0.00585754,35.8328,1,0.033614,299.922070
2018-08-15,0.00501311,74.8818,1,0.024819,161.907630,0.01445111,37.2780,0,0.000000,0.000000
2018-08-16,0.00260670,75.1425,1,0.044340,259.667410,0.00169894,37.4479,1,0.026286,261.299588
2018-08-17,-0.00141517,75.0010,1,0.027807,221.858470,0.00172332,37.6202,0,0.000000,0.000000
2018-08-20,0.00523750,75.5247,1,0.012820,120.821690,-0.00354772,37.2654,0,0.000000,0.000000
2018-08-21,0.00490713,76.0154,1,0.011307,80.806790,0.00618284,37.8837,1,0.042766,362.729045
2018-08-22,-0.00247367,75.7680,1,0.010387,140.744800,0.00185765,38.0695,1,0.026225,261.294750
2018-08-23,-0.00502016,75.2660,1,0.019396,140.841860,-0.00333122,37.7363,1,0.036172,339.514370
2018-08-24,0.00638939,75.9050,1,0.017231,161.172700,-0.00427439,37.3089,1,0.028619,360.042150
2018-08-27,0.01231194,77.1362,1,0.019476,141.670790,0.00171320,37.4802,1,0.032690,281.421900
2018-08-28,0.00635199,77.7714,1,0.021911,161.781250,0.00760469,38.2407,1,0.036321,341.187610
2018-08-29,0.00345562,78.1169,1,0.016518,161.355930,0.00211824,38.4525,1,0.030336,261.001870
2018-08-30,0.01186202,79.3031,1,0.017598,121.302080,-0.01419132,37.0334,1,0.044412,360.961580
2018-08-31,0.00652071,79.9552,1,0.019479,141.890580,0.00547492,37.5809,1,0.040638,337.675300
2018-09-04,-0.01037876,78.9173,1,0.019756,181.002110,0.00521226,38.1021,1,0.021864,280.988450
2018-09-05,-0.00771090,78.1462,1,0.012040,120.564180,-0.01151782,36.9503,1,0.028112,241.463410
2018-09-06,-0.00969687,77.1765,1,0.006437,81.412030,-0.00163759,36.7866,1,0.034459,359.570250
2018-09-07,0.00157679,77.3342,0,0.000000,0.000000,0.00015331,36.8019,1,0.028419,361.548400
2018-09-10,0.00094871,77.4291,1,0.022699,180.999395,0.00074783,36.8767,1,0.031457,319.767010
2018-09-11,0.00134050,77.5631,1,0.013590,121.915570,-0.00034070,36.8426,1,0.027510,301.548100
2018-09-12,0.00236918,77.8001,1,0.015222,120.363820,0.00259724,37.1023,1,0.027726,301.137160
2018-09-13,-0.01686268,76.1138,1,0.017648,161.555640,0.00021605,37.1239,1,0.032015,301.361850
2018-09-14,-0.00164446,75.9494,1,0.013026,102.737780,-0.00820918,36.3030,0,0.000000,0.000000
2018-09-17,-0.00616717,75.3326,1,0.013957,141.123020,-0.01078022,35.2250,1,0.037992,382.901826
2018-09-18,-0.00561861,74.7708,1,0.013981,140.513880,-0.01290577,33.9344,1,0.028647,320.508210
2018-09-19,-0.00848586,73.9222,1,0.012786,121.551560,-0.00239864,33.6946,1,0.034894,360.674990
2018-09-20,-0.00568749,73.3534,1,0.016019,161.114860,0.00950307,34.6449,1,0.031573,339.876910
2018-09-21,-0.00160917,73.1925,1,0.022097,201.854190,-0.00207290,34.4376,0,0.000000,0.000000
2018-09-24,0.00328478,73.5210,1,0.023062,220.849940,-0.00236520,34.2011,1,0.032660,361.959786
2018-09-25,0.01783398,75.3044,1,0.020862,160.662560,-0.00508398,33.6927,1,0.025078,280.418220
2018-09-26,-0.00082879,75.2215,1,0.013729,121.893800,0.00537858,34.2305,1,0.033562,320.882440
2018-09-27,0.01642792,76.8643,1,0.017348,120.493250,-0.01150579,33.0799,1,0.037949,260.277000
2018-09-28,0.00600814,77.4651,1,0.021316,142.187620,0.01064169,34.1441,1,0.043891,379.730410
2018-10-01,-0.01231229,76.2339,1,0.007149,81.689230,-0.01492475,32.6516,1,0.027525,281.775280
2018-10-02,-0.01538254,74.6956,1,0.017804,160.123220,0.00772959,33.4246,1,0.041121,380.012470
2018-10-03,0.01161229,75.8569,1,0.015311,141.906750,-0.01210318,32.2143,1,0.032058,340.637480
2018-10-04,-0.01324687,74.5322,1,0.013357,101.025260,-0.00864959,31.3493,1,0.041989,379.565860
2018-10-05,0.00804428,75.3366,1,0.010862,121.639290,0.00623359,31.9727,1,0.034891,339.843470
2018-10-08,-0.00600881,74.7357,1,0.016311,141.644530,0.00925955,32.8986,1,0.036475,300.221110
2018-10-09,0.00409902,75.1456,1,0.012578,121.319710,0.00084006,32.9826,1,0.030314,321.046170
2018-10-10,-0.01888653,73.2570,1,0.018743,161.202800,0.00886372,33.8690,1,0.036508,340.616180
2018-10-11,-0.00222463,73.0345,1,0.026223,218.446350,-0.01311951,32.5570,0,0.000000,0.000000
2018-10-12,0.00871592,73.9061,1,0.019538,161.324820,0.00006218,32.5633,0,0.000000,0.000000
2018-10-15,-0.00852435,73.0537,1,0.034205,282.392450,-0.01305005,31.2583,1,0.040155,314.899065
2018-10-16,-0.00298617,72.7551,1,0.025877,240.177130,-0.00019501,31.2388,1,0.043781,379.696630
2018-10-17,-0.00658928,72.0961,1,0.016668,185.343840,0.00341030,31.5798,0,0.000000,0.000000
2018-10-18,-0.01131902,70.9642,1,0.047232,339.720640,0.00322287,31.9021,1,0.044673,304.643152
2018-10-19,-0.01313696,69.6505,1,0.016526,140.878930,0.01048937,32.9510,0,0.000000,0.000000
2018-10-22,-0.00018490,69.6320,1,0.015240,161.050550,-0.00862055,32.0890,1,0.024125,277.492549
2018-10-23,-0.00139284,69.4928,1,0.015554,139.935590,-0.01220844,30.8681,1,0.030224,340.267510
2018-10-24,-0.03400295,66.0925,1,0.028525,179.950850,0.03366119,34.2342,1,0.040751,338.433640
2018-10-25,-0.02104049,63.9884,1,0.027649,222.353690,-0.04017339,30.2169,1,0.039569,239.432750
2018-10-26,-0.01185086,62.8033,1,0.047446,344.393700,0.02855881,33.0728,1,0.048719,342.183230
2018-10-29,-0.00781646,62.0217,1,0.035536,300.597120,-0.01846945,31.2258,0,0.000000,0.000000
2018-10-30,0.01253167,63.2748,1,0.031193,180.912350,-0.03503120,27.7227,1,0.066370,378.566015
2018-10-31,0.01892239,65.1671,1,0.025991,205.104720,-0.02558293,25.1644,0,0.000000,0.000000
2018-11-01,0.02409696,67.5768,1,0.025334,223.697890,0.01019043,26.1835,1,0.035117,348.035412
2018-11-02,-0.00263366,67.3134,1,0.015686,163.411030,0.00190057,26.3735,1,0.033613,322.587580
2018-11-05,-0.00363773,66.9496,1,0.033493,219.747940,-0.00401362,25.9722,1,0.044132,339.580590
2018-11-06,0.00746540,67.6962,1,0.021700,122.666620,0.00854141,26.8263,1,0.046289,302.478770
2018-11-07,0.01781406,69.4776,1,0.023244,181.537020,0.00283287,27.1096,1,0.029833,242.090250
2018-11-08,0.00379369,69.8570,1,0.032911,183.832030,0.02199745,29.3093,0,0.000000,0.000000
2018-11-09,-0.00162572,69.6944,1,0.022212,179.582660,-0.00269903,29.0394,1,0.027253,222.182632
2018-11-12,-0.01280121,68.4143,1,0.024661,182.399140,0.02668355,31.7078,1,0.039715,319.295890
2018-11-13,0.00103696,68.5180,1,0.024784,200.229180,0.00540046,32.2478,1,0.025934,201.403670
2018-11-14,0.00670636,69.1886,1,0.023754,200.840800,0.00120312,32.3681,1,0.031688,280.796040
2018-11-15,0.00927243,70.1158,1,0.024207,180.898130,-0.00071269,32.2969,1,0.037009,319.397900
2018-11-16,-0.01040200,69.0756,1,0.018550,163.353570,0.00160456,32.4573,0,0.000000,0.000000
2018-11-19,-0.02052469,67.0232,1,0.029999,180.218510,0.01888982,34.3463,1,0.049178,283.029300
2018-11-20,-0.00691429,66.3317,1,0.024759,161.701270,0.00362949,34.7093,1,0.037941,260.295540
2018-11-21,0.01373469,67.7052,1,0.014071,102.738210,-0.02488430,32.2208,0,0.000000,0.000000
2018-11-23,0.00025175,67.7304,1,0.031885,202.315120,-0.00955440,31.2654,1,0.059270,379.862474
2018-11-26,-0.00038145,67.6922,1,0.039725,160.806180,-0.00936724,30.3287,1,0.082254,359.682690
2018-11-27,-0.00408025,67.2842,1,0.013525,143.179340,0.00847008,31.1757,0,0.000000,0.000000
2018-11-28,0.00890889,68.1751,1,0.019901,140.628540,-0.01040251,30.1354,1,0.036641,262.603667
2018-11-29,0.01021926,69.1970,1,0.023944,163.598750,-0.00094616,30.0408,0,0.000000,0.000000
2018-11-30,-0.00254800,68.9422,1,0.022130,180.760530,-0.00472051,29.5688,1,0.039831,302.804947
2018-12-03,-0.00463665,68.4786,1,0.037725,261.000270,-0.00700343,28.8684,1,0.035983,341.664860
2018-12-04,-0.01229142,67.2494,1,0.036232,241.277720,-0.00055272,28.8131,1,0.041182,323.077440
2018-12-06,0.00042391,67.2918,1,0.039609,257.328370,-0.00866110,27.9470,0,0.000000,0.000000
2018-12-07,-0.01039368,66.2524,1,0.031898,281.142640,-0.00359575,27.5875,1,0.032255,335.723527
2018-12-10,0.00351657,66.6041,1,0.015503,121.977250,0.01492123,29.0796,0,0.000000,0.000000
2018-12-11,-0.00153577,66.4505,1,0.025437,180.730180,0.00865449,29.9450,1,0.033081,258.363078
2018-12-12,0.01213454,67.6640,1,0.020336,121.390140,-0.00063748,29.8813,1,0.043018,320.295110
2018-12-13,-0.01178821,66.4852,1,0.022221,121.385230,-0.02127851,27.7534,1,0.055061,361.413730
2018-12-14,-0.00429007,66.0561,1,0.020497,140.761560,0.00499789,28.2532,1,0.056491,379.552610
2018-12-17,0.01063683,67.1198,1,0.013747,101.216810,-0.00689840,27.5634,0,0.000000,0.000000
2018-12-18,0.00886093,68.0059,1,0.021157,142.370850,0.00764786,28.3282,0,0.000000,0.000000
2018-12-19,-0.01243420,66.7625,1,0.032090,221.215670,0.01643816,29.9720,1,0.040034,294.547996
2018-12-20,-0.01008107,65.7544,1,0.035817,179.468090,-0.00431228,29.5407,0,0.000000,0.000000
2018-12-21,-0.00671245,65.0832,1,0.027195,199.492850,-0.00155817,29.3849,0,0.000000,0.000000
2018-12-24,0.00863197,65.9463,1,0.016063,141.149510,-0.01092212,28.2927,0,0.000000,0.000000
2018-12-26,0.00348870,66.2952,1,0.046800,161.132740,0.01172689,29.4654,0,0.000000,0.000000
2018-12-27,0.00540034,66.8353,1,0.045006,290.046190,-0.00074226,29.3912,0,0.000000,0.000000
2018-12-28,-0.00264346,66.5709,1,0.033716,222.450980,-0.00064117,29.3271,0,0.000000,0.000000
2018-12-31,-0.00346443,66.2245,1,0.037613,180.555230,0.00151290,29.4784,1,0.049900,358.536818
2019-01-02,0.00263434,66.4879,1,0.019016,162.651250,-0.00608981,28.8694,0,0.000000,0.000000
2019-01-03,-0.03032749,63.4551,1,0.025779,200.951270,-0.03902265,24.9671,1,0.040105,322.115513
2019-01-04,-0.00078929,63.3762,1,0.046719,256.568710,-0.04052449,20.9147,1,0.054469,396.199180
2019-01-07,-0.00569275,62.8069,1,0.047035,367.556850,-0.01953448,18.9612,0,0.000000,0.000000
2019-01-08,-0.00589600,62.2173,1,0.063760,342.943900,0.01276775,20.2380,1,0.065135,407.624236
2019-01-09,0.01006957,63.2243,1,0.018073,143.182320,0.00319957,20.5579,0,0.000000,0.000000
2019-01-10,0.00148228,63.3725,1,0.023372,162.262310,-0.01093845,19.4641,1,0.037835,283.784160
2019-01-11,0.00397538,63.7701,1,0.020552,121.935560,-0.00305313,19.1588,1,0.051853,362.173570
2019-01-14,-0.00994525,62.7755,1,0.027645,180.767610,0.00544334,19.7031,1,0.036176,301.041380
2019-01-15,0.00090125,62.8657,1,0.023045,140.460560,-0.00812082,18.8910,1,0.035912,260.322990
2019-01-16,-0.00127338,62.7383,1,0.027918,181.064170,0.00367539,19.2586,1,0.058781,341.206190
2019-01-17,0.00152114,62.8904,1,0.024656,141.357640,-0.00488871,18.7697,1,0.042961,301.139100
2019-01-18,-0.00603876,62.2866,1,0.018666,162.210870,-0.00061678,18.7080,0,0.000000,0.000000
2019-01-22,-0.00078202,62.2084,1,0.030152,242.484910,-0.00421369,18.2867,0,0.000000,0.000000
2019-01-23,0.00407103,62.6155,1,0.033887,258.735810,0.00600305,18.8870,1,0.037895,343.876058
2019-01-24,-0.01060662,61.5548,1,0.032732,221.001410,0.00100960,18.9879,1,0.041470,320.701200
2019-01-25,-0.01257954,60.2969,1,0.030884,222.829710,0.00217958,19.2059,1,0.052292,341.971690
2019-01-28,0.00256794,60.5536,1,0.036626,222.415190,-0.00272599,18.9333,1,0.035769,322.708870
2019-01-29,0.00172899,60.7265,1,0.031551,200.054040,-0.00528865,18.4044,1,0.030805,319.387210
2019-01-30,0.00191211,60.9178,1,0.023339,180.578630,0.00491539,18.8960,1,0.038361,321.137120
2019-01-31,-0.00228822,60.6889,1,0.025322,241.626270,0.00385422,19.2814,0,0.000000,0.000000
2019-02-01,-0.00135059,60.5539,1,0.025539,182.314160,-0.00833059,18.4483,1,0.041989,302.733955
2019-02-04,0.00605394,61.1593,1,0.024406,180.699520,0.00085722,18.5340,1,0.051018,360.388070
2019-02-05,0.00287226,61.4465,1,0.024984,180.763200,0.00132490,18.6665,1,0.037040,301.390100
2019-02-06,-0.01719617,59.7269,1,0.019677,141.511170,0.01514210,20.1807,1,0.036310,300.939030
2019-02-07,0.00177423,59.9043,1,0.035077,239.334820,-0.02447682,17.7331,1,0.036522,281.477060
2019-02-08,-0.00386516,59.5178,1,0.022506,161.198720,0.00760702,18.4938,1,0.038738,360.011400
2019-02-11,-0.01040026,58.4778,1,0.028086,240.266110,0.00297702,18.7915,1,0.029258,280.789420
2019-02-12,0.00505003,58.9828,1,0.023167,181.253740,-0.00317717,18.4737,1,0.023977,241.700900
2019-02-13,0.00432978,59.4157,1,0.016972,162.525710,-0.00141177,18.3326,0,0.000000,0.000000
2019-02-14,-0.00084858,59.3309,1,0.018818,181.090810,0.00455845,18.7884,1,0.039365,302.912134
2019-02-15,-0.00078423,59.2525,1,0.022973,199.558300,-0.01190835,17.5976,1,0.028525,300.576530
2019-02-19,-0.00127250,59.1252,1,0.017520,162.396290,0.00126360,17.7239,0,0.000000,0.000000
2019-02-20,0.00036737,59.1619,1,0.017013,101.067710,0.00228893,17.9528,1,0.038457,323.395614
2019-02-21,0.00059634,59.2216,1,0.020086,141.949870,-0.00985980,16.9669,1,0.028530,280.944370
2019-02-22,-0.00095981,59.1256,1,0.024721,180.266460,0.00884892,17.8517,1,0.048608,379.959410
2019-02-25,0.00491640,59.6172,1,0.027570,222.128760,-0.00451165,17.4006,1,0.024615,242.066060
2019-02-26,-0.00818936,58.7983,1,0.018096,160.220130,-0.00180664,17.2199,1,0.037124,339.951730
2019-02-27,0.00132557,58.9309,1,0.022803,179.679480,-0.01515568,15.7043,1,0.039128,339.735100
2019-02-28,0.01890891,60.8218,1,0.017309,140.134640,-0.00489182,15.2152,1,0.053042,399.479080
2019-03-01,0.00311550,61.1333,1,0.023310,182.969720,-0.00122037,15.0931,1,0.044387,340.520340
2019-03-04,-0.00811311,60.3220,1,0.025541,181.774060,-0.00961162,14.1320,1,0.033472,301.197990
2019-03-05,-0.00217296,60.1047,1,0.023796,200.594070,0.00078304,14.2103,1,0.047276,379.088590
2019-03-06,-0.01295018,58.8097,1,0.020278,160.642040,-0.00238481,13.9718,1,0.040911,280.501240
2019-03-07,-0.01411508,57.3982,1,0.013948,121.416300,0.00595619,14.5674,0,0.000000,0.000000
2019-03-08,-0.00098330,57.2998,1,0.009460,101.864280,-0.00374657,14.1928,1,0.034907,279.295501
2019-03-11,-0.00139863,57.1600,1,0.011093,81.300330,-0.00244319,13.9484,1,0.040849,320.261950
2019-03-12,-0.00093606,57.0664,1,0.021126,162.582270,0.00117955,14.0664,0,0.000000,0.000000
2019-03-13,-0.00530765,56.5356,1,0.024165,141.499980,-0.00388440,13.6779,1,0.038110,283.381269
2019-03-14,-0.00747584,55.7880,1,0.027874,181.902340,0.00087893,13.7658,0,0.000000,0.000000
2019-03-15,0.00229680,56.0177,1,0.020500,180.228250,-0.00432034,13.3338,1,0.031134,321.478959
2019-03-18,0.00693324,56.7110,1,0.011876,121.820480,-0.00214799,13.1190,1,0.038579,341.320340
2019-03-19,0.00838224,57.5492,1,0.021376,181.418580,0.00069433,13.1884,1,0.031777,341.224560
2019-03-20,-0.00381746,57.1675,1,0.020676,160.889060,0.00181198,13.3696,1,0.043962,339.625610
2019-03-21,0.00034982,57.2025,1,0.036138,259.461630,0.00577840,13.9475,1,0.039850,320.176800
2019-03-22,-0.01525428,55.6771,1,0.017588,163.459120,0.02081556,16.0290,0,0.000000,0.000000
2019-03-25,-0.00200334,55.4767,1,0.037404,298.922480,0.00608964,16.6380,0,0.000000,0.000000
2019-03-26,0.00001101,55.4778,1,0.033009,240.539770,-0.00510130,16.1279,1,0.047490,300.052811
2019-03-27,-0.00516291,54.9615,1,0.019311,181.822430,-0.00008130,16.1197,0,0.000000,0.000000
2019-03-28,0.00585519,55.5471,1,0.023061,180.855220,0.00323430,16.4432,1,0.035910,281.588146
2019-03-29,0.01333327,56.8804,1,0.009823,121.529040,-0.00127994,16.3152,1,0.030504,282.398700
2019-04-01,0.00188921,57.0693,1,0.042559,241.722410,0.00175112,16.4903,1,0.045158,341.066750
2019-04-02,0.00515021,57.5843,1,0.020829,163.074640,-0.00215692,16.2746,1,0.035812,322.199650
2019-04-03,0.00410262,57.9946,1,0.028818,220.411190,-0.00398421,15.8762,1,0.041841,340.158900
2019-04-04,-0.00188759,57.8058,1,0.032229,201.507080,0.00705892,16.5821,1,0.045858,361.538200
2019-04-05,0.00203035,58.0089,1,0.031055,220.337450,-0.00428728,16.1533,1,0.040748,321.001390
2019-04-08,0.00887137,58.8960,1,0.021923,181.707230,-0.00108504,16.0448,0,0.000000,0.000000
2019-04-09,-0.01020477,57.8755,1,0.032107,200.305740,-0.01020687,15.0241,1,0.041297,301.062769
2019-04-10,0.00419403,58.2949,1,0.024157,140.988590,-0.00395272,14.6289,1,0.051622,379.356190
2019-04-11,0.00020265,58.3152,1,0.031455,241.257740,0.00290459,14.9193,1,0.040201,321.433230
2019-04-12,0.00503455,58.8186,1,0.026885,180.869620,0.00758016,15.6774,1,0.035604,281.295280
2019-04-15,-0.00245294,58.5733,1,0.016324,141.355080,0.00082324,15.7597,1,0.023486,241.430240
2019-04-16,-0.00517824,58.0555,1,0.023524,200.600490,0.00290645,16.0503,1,0.040425,320.371990
2019-04-17,-0.00053903,58.0016,1,0.033443,200.792060,0.01350327,17.4006,1,0.043803,321.979750
2019-04-18,-0.00046317,57.9553,1,0.031137,199.825140,0.00338461,17.7391,1,0.034439,260.297850
2019-04-22,-0.00093234,57.8621,1,0.030394,200.984920,-0.00220914,17.5182,1,0.047964,341.479860
2019-04-23,0.00404067,58.2661,1,0.032143,200.773860,-0.00433357,17.0848,1,0.050857,300.387730
2019-04-24,0.00249989,58.5161,1,0.027571,221.712310,-0.00327787,16.7571,0,0.000000,0.000000
2019-04-25,-0.00288530,58.2276,1,0.030010,201.499700,0.00195506,16.9526,1,0.049084,343.120033
2019-04-26,-0.00484585,57.7430,1,0.038245,220.879760,0.01152293,18.1049,1,0.046567,341.037290
2019-04-29,-0.00636884,57.1061,1,0.024084,161.282320,0.01282915,19.3878,1,0.034335,262.233820
2019-04-30,-0.00259002,56.8471,1,0.037622,241.320100,-0.01258602,18.1292,1,0.048862,241.626530
2019-05-01,-0.00498268,56.3489,1,0.031338,241.652540,0.00020623,18.1498,1,0.045657,360.704420
2019-05-02,0.01007593,57.3564,1,0.038387,259.483190,-0.00065018,18.0848,0,0.000000,0.000000
2019-05-03,0.00546310,57.9028,1,0.041510,300.630820,-0.00224627,17.8601,1,0.053967,339.270097
2019-05-06,-0.00549772,57.3530,1,0.020942,161.569780,0.00912385,18.7725,0,0.000000,0.000000
2019-05-07,-0.02090616,55.2624,1,0.030716,180.753950,0.00943207,19.7157,1,0.049893,261.158615
2019-05-08,0.00573646,55.8360,1,0.019034,161.921940,0.00606426,20.3222,0,0.000000,0.000000
2019-05-09,0.00237792,56.0738,0,0.000000,0.000000,-0.00692036,19.6301,1,0.042976,298.074719
2019-05-10,-0.01046519,55.0273,1,0.034429,160.781151,0.01323328,20.9535,1,0.052052,319.708420
2019-05-13,-0.01899324,53.1280,1,0.025334,140.848610,0.03886093,24.8395,1,0.029807,242.124920
2019-05-14,-0.00438662,52.6893,1,0.026552,221.130550,-0.02044783,22.7948,1,0.023183,180.660060
2019-05-15,-0.00364259,52.3250,1,0.039769,281.701350,0.00624196,23.4190,1,0.045254,380.719520
2019-05-16,0.00105117,52.4302,1,0.022663,161.607470,-0.00496573,22.9224,1,0.040293,280.887450
2019-05-17,-0.00812004,51.6182,1,0.033814,182.317120,-0.00664143,22.2582,0,0.000000,0.000000
2019-05-20,-0.01177314,50.4408,1,0.029724,180.786350,0.01759082,24.0173,1,0.052448,320.409326
2019-05-21,0.00427212,50.8681,1,0.021048,140.216870,-0.01326815,22.6905,1,0.037975,261.246110
2019-05-22,0.00299451,51.1675,1,0.020849,162.677860,-0.00708919,21.9816,1,0.057009,382.248440
2019-05-23,-0.00268360,50.8991,1,0.023700,180.323920,0.00965954,22.9475,1,0.049376,360.221070
2019-05-24,-0.00360545,50.5386,1,0.015445,102.156220,-0.00536165,22.4114,1,0.038115,260.160170
2019-05-28,0.00149521,50.6881,1,0.028789,161.061900,-0.00147229,22.2642,1,0.056369,360.269690
2019-05-29,-0.00033030,50.6551,1,0.029410,180.666610,0.00180379,22.4445,0,0.000000,0.000000
2019-05-30,-0.00382004,50.2731,1,0.027724,160.495040,0.00033391,22.4779,1,0.047319,278.677930
2019-05-31,-0.00700735,49.5724,1,0.016425,120.867360,0.00087037,22.5650,1,0.051403,321.097630
2019-06-03,-0.00072568,49.4998,1,0.025978,160.801730,-0.00129381,22.4356,1,0.037591,299.788520
2019-06-04,0.01474143,50.9739,1,0.033027,201.341210,-0.00906220,21.5294,1,0.050970,321.428910
2019-06-05,0.00492461,51.4664,1,0.044319,264.333850,0.00550017,22.0794,0,0.000000,0.000000
2019-06-06,-0.00241409,51.2250,1,0.026339,202.127920,-0.00787627,21.2917,1,0.036277,307.298191
2019-06-07,0.00572549,51.7975,1,0.014321,101.223950,-0.00611203,20.6805,0,0.000000,0.000000
2019-06-10,-0.00320165,51.4774,1,0.029305,160.843210,0.01761139,22.4417,1,0.042081,322.439395
2019-06-11,-0.00772335,50.7050,1,0.014705,102.651580,-0.00079257,22.3624,1,0.039017,261.962800
2019-06-12,-0.00547403,50.1576,1,0.016483,120.885570,-0.00555932,21.8065,1,0.035902,300.426220
2019-06-13,0.00919814,51.0774,1,0.014786,121.302860,-0.00723083,21.0834,1,0.041923,320.287210
2019-06-14,-0.00820185,50.2573,1,0.024185,161.167140,0.00161229,21.2446,1,0.053671,340.820520
2019-06-17,0.00447768,50.7050,1,0.025652,181.257700,-0.00950059,20.2946,1,0.036989,300.348680
2019-06-18,0.00546844,51.2519,1,0.028836,161.106760,0.00548065,20.8426,1,0.061875,380.056590
2019-06-19,0.00598082,51.8499,1,0.030508,182.316700,-0.01979611,18.8630,1,0.054561,303.278300
2019-06-20,-0.00319049,51.5309,1,0.035239,200.780490,0.00363051,19.2261,1,0.056139,380.819630
2019-06-21,-0.00222118,51.3088,1,0.035148,202.435470,-0.00186613,19.0395,0,0.000000,0.000000
2019-06-24,-0.00034957,51.2738,1,0.025527,180.858330,0.00080959,19.1204,1,0.056031,361.402408
2019-06-25,0.00494206,51.7680,1,0.031914,200.702950,-0.00373768,18.7467,1,0.038398,260.269590
2019-06-26,0.02217882,53.9859,1,0.026438,180.383680,-0.00988607,17.7581,1,0.047267,319.354310
2019-06-27,0.00931035,54.9169,1,0.023835,161.186040,0.00769509,18.5276,1,0.041711,380.169640
2019-06-28,0.00248325,55.1653,1,0.026395,181.785290,0.00476961,19.0045,1,0.024289,221.321400
2019-07-01,0.00131784,55.2971,1,0.028416,181.987740,0.01578936,20.5835,0,0.000000,0.000000
2019-07-02,0.00068688,55.3657,1,0.031002,161.009860,-0.01239265,19.3442,1,0.038605,203.377017
2019-07-03,-0.00249057,55.1167,1,0.035257,221.745270,0.00670504,20.0147,1,0.050036,360.167560
2019-07-05,-0.00314363,54.8023,1,0.044943,201.867020,-0.00369867,19.6448,0,0.000000,0.000000
2019-07-08,-0.00057007,54.7453,1,0.024427,200.496780,-0.00958680,18.6862,1,0.039340,321.808125
2019-07-09,-0.00197970,54.5473,1,0.014380,120.927040,0.00468120,19.1543,1,0.049330,338.460900
2019-07-10,0.00009928,54.5573,1,0.018932,120.888690,0.00688970,19.8432,1,0.031950,261.187130
2019-07-11,-0.01377969,53.1793,1,0.023699,140.599300,-0.00388342,19.4549,1,0.020292,200.768840
2019-07-12,0.01628122,54.8074,1,0.025378,141.241070,0.00100325,19.5552,1,0.048345,320.632430
2019-07-15,0.00173801,54.9812,1,0.021839,202.296500,-0.00223778,19.3315,1,0.041318,341.526950
2019-07-16,-0.00132782,54.8484,1,0.023672,180.328660,0.00729313,20.0608,1,0.049837,340.314820
2019-07-17,0.01098572,55.9470,1,0.024138,200.659030,-0.00924561,19.1362,1,0.038271,321.826970
2019-07-18,-0.00140174,55.8068,1,0.027184,201.298550,0.00415493,19.5517,1,0.038447,339.955350
2019-07-19,-0.01427481,54.3794,1,0.023391,181.422350,0.00441076,19.9928,1,0.044654,301.552300
2019-07-22,0.00430874,54.8102,1,0.024326,181.205390,-0.00153264,19.8395,1,0.052214,321.048990
2019-07-23,0.00289262,55.0995,1,0.027738,180.921620,0.00864908,20.7044,1,0.055912,339.887910
2019-07-24,-0.00163829,54.9357,1,0.020369,181.655100,0.02983655,23.6881,1,0.040485,323.384020
2019-07-25,-0.00461887,54.4738,1,0.021347,122.636160,-0.00854172,22.8339,1,0.039252,264.237860
2019-07-26,-0.00371424,54.1024,1,0.032884,180.708320,0.00574196,23.4081,1,0.051704,379.010760
2019-07-29,-0.00609832,53.4925,1,0.025002,202.045020,0.01174201,24.5823,0,0.000000,0.000000
2019-07-30,0.01040474,54.5330,1,0.028606,179.814050,-0.00562744,24.0196,1,0.032944,245.506370
2019-07-31,0.00021839,54.5548,1,0.024551,201.446360,-0.00416164,23.6034,1,0.035064,281.857840
2019-08-01,-0.02175224,52.3796,1,0.033004,199.079050,0.00116799,23.7202,0,0.000000,0.000000
2019-08-02,-0.00164229,52.2154,1,0.028289,181.460980,0.00400724,24.1209,1,0.045306,299.341130
2019-08-05,-0.01127216,51.0882,1,0.032916,219.585440,0.00988073,25.1090,1,0.043027,319.508210
2019-08-06,0.00267840,51.3560,1,0.022590,220.960280,-0.00002704,25.1063,0,0.000000,0.000000
2019-08-07,-0.00900408,50.4556,1,0.038688,302.329270,0.00943460,26.0497,1,0.037310,278.198434
2019-08-08,0.00986087,51.4417,1,0.031743,201.351520,-0.01529833,24.5199,1,0.043113,262.607210
2019-08-09,-0.02313082,49.1286,1,0.028312,124.060290,0.00772816,25.2927,0,0.000000,0.000000
2019-08-12,-0.01221200,47.9074,1,0.025200,198.630030,0.01530053,26.8228,1,0.043187,283.132080
2019-08-13,-0.00119336,47.7881,1,0.025806,220.639740,-0.02973431,23.8493,0,0.000000,0.000000
2019-08-14,-0.01063749,46.7243,1,0.028619,202.500290,0.00095588,23.9449,1,0.064152,361.711414
2019-08-15,-0.00259794,46.4645,1,0.055144,297.429270,-0.01732413,22.2125,0,0.000000,0.000000
2019-08-16,0.01491770,47.9563,1,0.037750,221.110590,-0.01232720,20.9798,1,0.045120,318.333658
2019-08-19,-0.00531358,47.4249,1,0.023868,163.109300,0.00110706,21.0905,0,0.000000,0.000000
2019-08-20,-0.00298443,47.1265,1,0.026263,121.942050,0.01152221,22.2427,0,0.000000,0.000000
2019-08-21,-0.00385062,46.7414,1,0.032642,160.619600,0.00189415,22.4321,0,0.000000,0.000000
2019-08-22,0.00002777,46.7442,1,0.017273,121.724580,0.00316078,22.7482,0,0.000000,0.000000
2019-08-23,-0.01890450,44.8538,1,0.031840,140.727770,0.00729903,23.4781,1,0.054987,305.081089
2019-08-26,-0.00572866,44.2809,1,0.044216,258.832010,-0.00210638,23.2675,0,0.000000,0.000000
2019-08-27,-0.00892176,43.3887,1,0.045416,261.527690,0.00269668,23.5372,0,0.000000,0.000000
2019-08-28,-0.00121095,43.2676,1,0.046605,180.316140,-0.00188999,23.3482,1,0.057239,296.641795
2019-08-29,0.01079276,44.3469,1,0.016014,102.120350,-0.01246574,22.1016,0,0.000000,0.000000
2019-08-30,0.00281590,44.6285,1,0.032040,182.397430,-0.00138339,21.9632,0,0.000000,0.000000
2019-09-03,-0.02923878,41.7046,1,0.026348,140.639370,-0.00774319,21.1889,1,0.072039,365.328218
2019-09-04,-0.00239471,41.4651,1,0.019081,142.054690,-0.00745804,20.4431,1,0.047244,319.645620
2019-09-05,0.01770846,43.2360,1,0.020974,142.386850,-0.04011879,16.4312,0,0.000000,0.000000
2019-09-06,0.00827711,44.0637,1,0.026829,143.459180,0.00876788,17.3080,1,0.055732,404.138652
2019-09-09,0.01898079,45.9618,1,0.028161,181.257720,-0.00549274,16.7588,1,0.043824,281.002500
2019-09-10,-0.01200478,44.7613,1,0.035278,223.072100,0.03833587,20.5923,1,0.045783,320.348650
2019-09-11,0.00533398,45.2947,1,0.031352,204.255660,0.02364218,22.9566,1,0.042672,245.045970
2019-09-12,0.00377897,45.6726,1,0.023933,182.735210,-0.00058046,22.8985,1,0.028646,202.883590
2019-09-13,0.00534670,46.2073,1,0.025510,161.112610,-0.01150964,21.7475,1,0.055704,341.128420
2019-09-16,0.01353086,47.5604,1,0.026174,181.256560,-0.01465412,20.2821,1,0.053622,360.473860
2019-09-17,0.00646293,48.2066,1,0.036007,219.816120,-0.01015619,19.2665,1,0.045599,320.267670
2019-09-18,-0.00665996,47.5406,1,0.021866,142.351900,0.00192067,19.4586,1,0.054513,339.708120
2019-09-19,-0.00531538,47.0091,1,0.016168,121.428610,0.00624220,20.0828,1,0.044100,280.042340
2019-09-20,-0.00353003,46.6561,1,0.015693,101.994670,-0.00719248,19.3636,1,0.044028,241.832040
2019-09-23,-0.00198806,46.4573,1,0.030746,161.241650,-0.01140192,18.2234,1,0.055622,339.294600
2019-09-24,-0.01499516,44.9578,1,0.041976,200.597400,0.00303019,18.5264,1,0.064311,380.417410
2019-09-25,0.00663724,45.6215,1,0.022826,141.349980,-0.01298648,17.2277,1,0.050268,300.142550
2019-09-26,0.00132534,45.7540,0,0.000000,0.000000,-0.00294361,16.9334,1,0.057451,381.606620
2019-09-27,-0.00566478,45.1876,1,0.030388,143.192603,-0.01757263,15.1761,1,0.068013,339.846830
2019-09-30,-0.00800485,44.3871,1,0.012635,81.547190,-0.00211742,14.9644,1,0.062722,398.434290
2019-10-01,-0.01655781,42.7313,1,0.022301,141.517810,0.00768571,15.7329,1,0.032269,301.430200
2019-10-02,0.00238308,42.9696,1,0.030072,181.843680,0.00292048,16.0250,0,0.000000,0.000000
2019-10-03,0.00214197,43.1838,1,0.024313,141.523420,-0.00638685,15.3863,0,0.000000,0.000000
2019-10-04,0.00625537,43.8093,1,0.037453,241.823750,0.02045957,17.4323,1,0.063193,336.691092
2019-10-07,-0.00155746,43.6536,0,0.000000,0.000000,-0.00166879,17.2654,0,0.000000,0.000000
2019-10-08,-0.01223183,42.4304,1,0.032833,182.149882,-0.00106425,17.1590,1,0.046785,301.340997
2019-10-09,0.00457739,42.8881,1,0.023441,141.846050,0.00881240,18.0402,0,0.000000,0.000000
2019-10-10,0.00896604,43.7848,1,0.029256,201.457340,0.00117220,18.1574,1,0.041260,278.687092
2019-10-11,0.01272377,45.0571,1,0.035563,181.320360,0.02083783,20.2412,1,0.064287,341.416760
2019-10-14,0.00334898,45.3920,0,0.000000,0.000000,-0.01167076,19.0741,0,0.000000,0.000000
2019-10-15,-0.00075645,45.3164,1,0.033425,203.454088,-0.00050083,19.0240,1,0.062073,402.651966
2019-10-16,0.00371718,45.6881,0,0.000000,0.000000,-0.00932701,18.0913,1,0.045421,321.667270
2019-10-17,-0.00131591,45.5565,1,0.019951,161.702491,-0.00263005,17.8283,1,0.047055,359.229240
2019-10-18,-0.00596543,44.9600,0,0.000000,0.000000,0.00332086,18.1604,1,0.048034,301.630670
2019-10-21,0.00108612,45.0686,0,0.000000,0.000000,0.00286513,18.4469,1,0.044037,360.578060
2019-10-22,-0.00739466,44.3291,0,0.000000,0.000000,0.01749833,20.1968,0,0.000000,0.000000
2019-10-23,-0.00127336,44.2018,0,0.000000,0.000000,0.00813791,21.0106,1,0.037559,243.648512
2019-10-24,0.00457818,44.6596,0,0.000000,0.000000,0.00112992,21.1236,1,0.033878,261.013530
2019-10-25,0.01058679,45.7183,0,0.000000,0.000000,-0.00078539,21.0450,1,0.043699,322.145510
2019-10-28,0.00484636,46.2029,0,0.000000,0.000000,0.00707947,21.7530,1,0.047223,321.350160
2019-10-29,0.00407548,46.6105,0,0.000000,0.000000,-0.00715355,21.0376,1,0.051865,300.656750
2019-10-30,-0.01439569,45.1709,0,0.000000,0.000000,-0.00127262,20.9103,1,0.036472,360.630530
2019-10-31,-0.02365957,42.8049,0,0.000000,0.000000,0.02185365,23.0957,1,0.049115,321.358950
2019-11-01,0.01418309,44.2232,1,0.023091,208.169302,-0.01649164,21.4465,1,0.030774,260.684200
2019-11-04,0.00869683,45.0929,0,0.000000,0.000000,0.02865769,24.3123,1,0.054541,362.016370
2019-11-05,0.01917463,47.0104,0,0.000000,0.000000,0.00237732,24.5500,1,0.038898,242.750050
2019-11-06,-0.01499298,45.5111,0,0.000000,0.000000,0.00872971,25.4230,1,0.041169,341.991710
2019-11-07,0.00264408,45.7755,1,0.031432,244.179371,-0.01332474,24.0905,1,0.034874,281.661440
2019-11-08,0.02409052,48.1845,1,0.023728,160.910440,0.00717096,24.8076,1,0.059904,379.344500
2019-11-11,0.00371964,48.5565,1,0.018526,183.587660,-0.00134874,24.6728,1,0.024714,240.830540
2019-11-12,-0.00706673,47.8498,1,0.017463,141.062210,0.01307326,25.9801,1,0.031594,280.176060
2019-11-13,-0.00819730,47.0301,1,0.017190,82.377390,0.00576655,26.5567,1,0.047385,281.718260
2019-11-14,-0.00051057,46.9791,1,0.011907,120.825380,-0.00191189,26.3656,1,0.032569,281.153400
2019-11-15,0.00037958,47.0170,1,0.013462,101.544350,-0.00895932,25.4696,1,0.046562,321.558000
2019-11-18,-0.00564260,46.4527,1,0.008410,82.214180,0.00094749,25.5644,0,0.000000,0.000000
2019-11-19,0.00394985,46.8477,1,0.008935,81.653130,0.00578246,26.1426,1,0.044164,301.281452
2019-11-20,-0.00067020,46.7807,1,0.009180,61.380240,0.00868360,27.0110,1,0.025910,260.821830
2019-11-21,-0.00307486,46.4732,1,0.031376,161.204240,0.00220032,27.2310,1,0.039408,281.410630
2019-11-22,-0.00282127,46.1911,1,0.025057,141.006790,0.00303572,27.5346,1,0.053748,319.465300
2019-11-25,-0.00141283,46.0498,1,0.013313,121.166370,0.01395704,28.9303,1,0.041556,301.472160
2019-11-26,-0.00219799,45.8300,1,0.015239,83.360350,-0.02048043,26.8822,1,0.031913,261.839840
2019-11-27,0.01126557,46.9566,1,0.016513,121.459700,-0.00360109,26.5221,1,0.046889,339.977370
2019-11-29,-0.00497004,46.4596,1,0.020334,160.451030,0.00071388,26.5935,1,0.037082,341.042240
2019-12-02,0.00123513,46.5831,1,0.028447,100.581250,0.00284615,26.8781,0,0.000000,0.000000
2019-12-03,0.00335094,46.9182,1,0.016876,101.334340,-0.00895638,25.9825,0,0.000000,0.000000
2019-12-04,-0.00045267,46.8729,1,0.016207,121.566290,-0.00823517,25.1590,1,0.046227,356.339131
2019-12-05,-0.00262486,46.6104,1,0.013066,121.362200,0.00021043,25.1800,1,0.060807,400.461110
2019-12-06,-0.00362040,46.2484,1,0.009350,81.290140,0.00335112,25.5151,1,0.045608,301.580470
2019-12-09,0.00306506,46.5549,1,0.005514,42.729770,0.00027162,25.5423,1,0.040938,282.072120
2019-12-10,-0.00709625,45.8453,1,0.015095,100.563480,-0.00091940,25.4504,1,0.050220,340.152120
2019-12-11,-0.00636489,45.2088,1,0.027049,120.744510,0.00890475,26.3408,1,0.046375,280.628640
2019-12-12,-0.00747183,44.4616,1,0.014733,101.770120,0.00452119,26.7930,1,0.038741,281.535790
2019-12-13,0.00165022,44.6266,1,0.019978,82.991950,-0.01640177,25.1528,1,0.065357,342.070480
2019-12-16,0.01803972,46.4306,1,0.012398,81.314400,-0.00884794,24.2680,1,0.053074,359.528340
2019-12-17,0.00041681,46.4723,1,0.003069,41.150490,0.00468864,24.7368,1,0.045416,361.925500
2019-12-18,-0.00068297,46.4040,1,0.012917,101.207590,0.00054961,24.7918,1,0.032709,300.900680
2019-12-19,-0.00378510,46.0255,1,0.022750,121.182280,0.00282994,25.0748,1,0.043946,301.013930
2019-12-20,0.00002930,46.0284,1,0.006220,41.072220,-0.01101844,23.9730,1,0.045354,261.359740
2019-12-23,0.00015678,46.0441,1,0.005002,62.208450,-0.00859646,23.1133,1,0.039236,341.544930
2019-12-24,-0.00368168,45.6759,1,0.010288,81.383420,-0.00055339,23.0580,1,0.058939,380.187850
2019-12-26,0.00028459,45.7044,1,0.026091,100.769920,0.00027002,23.0850,1,0.085638,300.683720
2019-12-27,-0.00366581,45.3378,1,0.007551,61.310370,-0.00427707,22.6573,1,0.054457,320.892640
2019-12-30,-0.00152910,45.1849,1,0.010020,80.507110,0.00097934,22.7552,1,0.057836,379.915450
2019-12-31,0.00243218,45.4281,1,0.009442,80.676070,-0.00139583,22.6156,1,0.044303,299.988210
