date,model_ret,model_equity,model_rebalanced,model_cost,model_traded,naive_ret,naive_equity,naive_rebalanced,naive_cost,naive_traded
2015-01-02,0.00050730,100.0507,1,0.045780,200.000000,0.00000000,100.0000,0,0.000000,0.000000
2015-01-05,-0.01056555,98.9942,1,0.034525,260.167270,0.00264532,100.2645,1,0.030678,200.000000
2015-01-06,-0.00965310,98.0289,1,0.031450,199.435250,0.00844747,101.1093,0,0.000000,0.000000
2015-01-07,-0.00239923,97.7889,1,0.038263,260.021640,0.00377312,101.4866,1,0.054938,277.881956
2015-01-08,0.00073592,97.8625,1,0.039898,224.345600,0.00694799,102.1814,0,0.000000,0.000000
2015-01-09,-0.00414259,97.4483,1,0.037489,224.131670,0.00466151,102.6475,0,0.000000,0.000000
2015-01-12,-0.00901984,96.5463,1,0.033604,239.604790,0.00944889,103.5924,1,0.032891,245.620763
2015-01-13,0.00909698,97.4560,1,0.033072,220.723680,0.00890589,104.4830,1,0.044391,260.819140
2015-01-14,-0.00458101,96.9979,1,0.041281,281.636590,0.00629021,105.1120,1,0.036039,241.261900
2015-01-15,0.00760338,97.7582,1,0.019622,162.101980,0.00871963,105.9840,1,0.046707,301.677900
2015-01-16,0.00193129,97.9514,1,0.018081,142.332460,-0.00049348,105.9347,1,0.040628,279.754950
2015-01-20,0.00059309,98.0107,1,0.026541,223.120550,0.01088070,107.0227,0,0.000000,0.000000
2015-01-21,-0.00216462,97.7942,1,0.023302,200.655910,-0.00274564,106.7482,1,0.029324,243.646038
2015-01-22,0.01067367,98.8616,1,0.030923,221.935040,-0.01114100,105.6341,1,0.031720,261.803720
2015-01-23,-0.00507768,98.3538,1,0.048118,323.287110,-0.00152932,105.4811,0,0.000000,0.000000
2015-01-26,-0.00056968,98.2968,1,0.045778,280.014610,-0.00081012,105.4001,1,0.041352,301.527565
2015-01-27,0.00015911,98.3127,1,0.044859,321.432870,-0.00361717,105.0384,0,0.000000,0.000000
2015-01-28,0.00615954,98.9287,1,0.031676,200.258550,-0.00180149,104.8583,1,0.050569,361.561775
2015-01-29,-0.00910766,98.0179,1,0.045796,259.720790,0.00907414,105.7657,0,0.000000,0.000000
2015-01-30,0.00198003,98.2159,1,0.045607,280.115490,-0.00598953,105.1667,1,0.041773,341.017549
2015-02-02,-0.01254172,96.9618,1,0.053302,318.465870,0.00174922,105.3416,0,0.000000,0.000000
2015-02-03,-0.00547475,96.4143,1,0.030965,202.848670,0.01095936,106.4376,1,0.043934,298.447597
2015-02-04,0.02128288,98.5426,1,0.019872,143.048670,-0.00409789,106.0278,1,0.041049,303.100890
2015-02-05,0.00082928,98.6255,1,0.034222,161.177900,-0.01214449,104.8133,1,0.037189,319.605560
2015-02-06,-0.00706651,97.9189,1,0.035471,262.448110,0.01066483,105.8798,0,0.000000,0.000000
2015-02-09,-0.00252989,97.6659,1,0.025489,160.345140,0.00588575,106.4684,1,0.053155,303.288245
2015-02-10,0.00715792,98.3817,1,0.024168,140.680320,-0.00557277,105.9111,1,0.043327,299.756550
2015-02-11,-0.00070322,98.3113,1,0.025812,181.952660,0.00911752,106.8229,0,0.000000,0.000000
2015-02-12,0.00167109,98.4784,1,0.016031,120.727810,0.00646314,107.4692,1,0.038426,262.300159
2015-02-13,-0.01004194,97.4742,1,0.043404,163.621860,0.01059480,108.5287,0,0.000000,0.000000
2015-02-17,-0.00326461,97.1478,1,0.033041,221.522790,-0.00121705,108.4070,1,0.038645,284.367697
2015-02-18,0.01745483,98.8933,1,0.024527,140.830300,-0.00656857,107.7501,1,0.050987,339.778700
2015-02-19,-0.00284753,98.6085,1,0.031403,181.128270,-0.00584054,107.1660,1,0.056934,321.206250
2015-02-20,-0.00541536,98.0670,1,0.033226,180.088630,0.00764820,107.9309,1,0.056160,359.551960
2015-02-23,0.00422094,98.4891,1,0.023666,140.858950,-0.01094511,106.8364,0,0.000000,0.000000
2015-02-24,0.01159494,99.6486,1,0.019266,160.824720,-0.00771728,106.0646,1,0.051518,362.996687
2015-02-25,-0.00540365,99.1082,1,0.025455,142.030560,-0.01461830,104.6028,1,0.050510,340.300570
2015-02-26,0.01027293,100.1355,1,0.027287,200.209110,-0.00316748,104.2860,1,0.061328,340.840920
2015-02-27,0.00216483,100.3520,1,0.029807,180.935200,-0.00647222,103.6388,1,0.038592,320.121900
2015-03-02,-0.00614683,99.7373,1,0.041233,241.462470,-0.00495875,103.1430,1,0.056285,321.151970
2015-03-03,0.00345775,100.0831,1,0.031795,200.547030,-0.00608848,102.5341,1,0.053658,301.694390
2015-03-04,0.00064502,100.1476,1,0.035698,220.098450,-0.00753324,101.7808,1,0.044154,320.295410
2015-03-05,-0.00063394,100.0842,1,0.029094,200.105160,-0.00956408,100.8244,0,0.000000,0.000000
2015-03-06,-0.02019453,98.0647,1,0.031143,161.303180,0.00312910,101.1373,1,0.049100,340.246540
2015-03-09,0.00296354,98.3611,1,0.020946,180.740930,0.00144383,101.2817,0,0.000000,0.000000
2015-03-10,0.00788903,99.1500,1,0.042127,240.899740,-0.00344976,100.9367,1,0.044766,300.298405
2015-03-11,-0.00247817,98.9022,1,0.025247,140.736270,0.01015597,101.9523,0,0.000000,0.000000
2015-03-12,-0.00594976,98.3072,1,0.030006,161.002810,-0.00002203,101.9501,1,0.042263,280.041609
2015-03-13,-0.00206963,98.1002,1,0.016513,143.018450,0.00429318,102.3794,0,0.000000,0.000000
2015-03-16,-0.00276753,97.8235,1,0.018723,120.860190,-0.00358613,102.0208,1,0.042003,301.657909
2015-03-17,-0.00008297,97.8152,1,0.027477,142.971190,0.00627867,102.6487,0,0.000000,0.000000
2015-03-18,0.01264862,99.0800,1,0.041178,200.811300,-0.00758864,101.8898,1,0.042224,262.191022
2015-03-19,-0.00138704,98.9413,1,0.034214,202.697800,0.00820332,102.7101,0,0.000000,0.000000
2015-03-20,-0.00231868,98.7095,1,0.014878,102.068410,-0.00750351,101.9598,1,0.040761,262.417980
2015-03-23,-0.00689144,98.0203,1,0.023694,182.144750,0.00003813,101.9636,0,0.000000,0.000000
2015-03-24,0.00114130,98.1345,1,0.017310,120.766310,-0.00186034,101.7776,1,0.031244,280.555053
2015-03-25,0.00276725,98.4112,1,0.010775,101.335540,0.01026556,102.8041,1,0.045494,299.648450
2015-03-26,0.00278078,98.6893,1,0.018192,121.469180,-0.00752095,102.0520,0,0.000000,0.000000
2015-03-27,-0.00492837,98.1964,1,0.026157,140.420630,-0.00644732,101.4073,1,0.051252,357.053642
2015-03-30,0.00061064,98.2575,1,0.028906,161.722960,-0.00277231,101.1300,1,0.046201,302.181600
2015-03-31,-0.00159170,98.0983,1,0.024860,122.464410,0.00126756,101.2568,0,0.000000,0.000000
2015-04-01,0.00839764,98.9381,1,0.037156,219.755070,0.00325908,101.5827,1,0.043402,282.266107
2015-04-02,-0.00013234,98.9248,1,0.027374,180.472760,0.00023129,101.6058,1,0.037151,300.019370
2015-04-06,0.00561796,99.4866,1,0.026984,201.905360,0.00862557,102.4684,1,0.036963,281.164220
2015-04-07,0.00595369,100.0820,1,0.035131,242.109200,-0.00576677,101.8917,1,0.042537,262.038420
2015-04-08,-0.00132461,99.9495,1,0.041981,259.950800,0.00031384,101.9231,1,0.052016,319.697540
2015-04-09,0.01419142,101.3687,1,0.033508,221.410220,0.00669778,102.5929,1,0.046642,281.789480
2015-04-10,0.00273632,101.6423,1,0.021668,182.055730,0.00067957,102.6608,1,0.038563,282.343820
2015-04-13,-0.00604881,101.0374,1,0.031591,221.526320,0.00177061,102.8379,1,0.042249,301.130440
2015-04-14,0.00344759,101.3822,1,0.040231,261.446570,-0.00314186,102.5237,0,0.000000,0.000000
2015-04-15,-0.00344685,101.0375,1,0.033925,220.678170,0.00700619,103.2243,1,0.041511,320.085046
2015-04-16,-0.00315394,100.7221,1,0.021694,161.832020,-0.00554298,102.6700,1,0.037578,261.789450
2015-04-17,0.00422565,101.1447,1,0.020685,160.903040,-0.00120552,102.5495,1,0.041652,299.608120
2015-04-20,0.00112499,101.2572,1,0.030341,180.262230,-0.00228736,102.3207,0,0.000000,0.000000
2015-04-21,0.00292027,101.5492,1,0.027953,261.821660,0.00831833,103.1526,0,0.000000,0.000000
2015-04-22,0.00214756,101.7640,1,0.029934,220.555020,-0.00839711,102.3129,1,0.029371,260.933393
2015-04-23,-0.00113540,101.6504,1,0.017760,141.374470,0.00066328,102.3792,1,0.045522,319.806600
2015-04-24,-0.00813693,100.8367,1,0.025373,161.581000,-0.00747652,101.6315,1,0.051452,300.784310
2015-04-27,0.00951150,101.7879,1,0.014730,160.448100,-0.00707350,100.9242,1,0.056830,359.723700
2015-04-28,-0.00038771,101.7491,1,0.024211,160.238640,0.00129085,101.0533,1,0.046125,359.018560
2015-04-29,0.00511882,102.2610,1,0.028518,201.545140,0.00976818,102.0301,0,0.000000,0.000000
2015-04-30,0.00204604,102.4656,1,0.027766,221.720740,-0.00433137,101.5970,1,0.046597,280.986848
2015-05-01,-0.00005880,102.4597,1,0.028830,220.006490,0.00193536,101.7905,1,0.043584,319.625820
2015-05-04,0.00547529,103.0072,1,0.050321,241.588350,-0.00822787,100.9677,0,0.000000,0.000000
2015-05-05,-0.00417826,102.5894,1,0.036016,181.473210,0.00386601,101.3543,0,0.000000,0.000000
2015-05-06,-0.00099247,102.4902,1,0.032837,219.764810,-0.00175588,101.1787,0,0.000000,0.000000
2015-05-07,-0.00118195,102.3720,1,0.027895,161.188230,0.00858775,102.0375,1,0.036365,301.217091
2015-05-08,0.00809745,103.1817,1,0.029955,161.954080,0.00446713,102.4842,1,0.032907,261.556740
2015-05-11,-0.00246622,102.9351,1,0.026622,162.684260,-0.00136503,102.3477,0,0.000000,0.000000
2015-05-12,-0.00012052,102.9230,1,0.025432,160.044540,0.00197795,102.5455,1,0.041805,281.478376
2015-05-13,-0.00902679,102.0204,1,0.019929,160.001340,-0.00585851,101.9597,1,0.041051,280.645980
2015-05-14,-0.00088690,101.9317,1,0.031630,179.564170,-0.00153263,101.8064,1,0.038523,300.497140
2015-05-15,-0.00408324,101.5234,1,0.040004,222.568800,-0.00973984,100.8324,0,0.000000,0.000000
2015-05-18,0.00233189,101.7565,1,0.022071,101.512480,-0.00418491,100.4139,1,0.061081,362.732584
2015-05-19,-0.00238164,101.5184,1,0.027424,141.567800,0.00606485,101.0204,1,0.054815,340.904810
2015-05-20,0.00525153,102.0435,1,0.008407,81.540460,0.00258882,101.2793,1,0.032098,260.965700
2015-05-21,-0.00166731,101.8768,1,0.020591,140.892080,-0.00456675,100.8226,1,0.051695,320.348400
2015-05-22,0.00001876,101.8787,1,0.021924,140.711820,-0.00033571,100.7890,1,0.055001,340.279340
2015-05-26,-0.00155726,101.7230,1,0.019216,160.266760,0.00135601,100.9246,1,0.036749,280.199530
2015-05-27,0.00286841,102.0098,1,0.026669,140.473450,0.00028489,100.9531,0,0.000000,0.000000
2015-05-28,0.00030895,102.0407,1,0.021705,220.919290,0.00183388,101.1365,0,0.000000,0.000000
2015-05-29,0.00451735,102.4924,0,0.000000,0.000000,0.00310358,101.4469,1,0.038682,260.912523
2015-06-01,0.00229383,102.7218,1,0.039287,240.027732,0.00193929,101.6408,1,0.043581,280.620400
2015-06-02,-0.00103846,102.6180,1,0.017066,160.955330,-0.00866320,100.7745,1,0.046920,320.669130
2015-06-03,-0.00174416,102.4435,1,0.032696,180.535440,0.02060691,102.8352,1,0.039869,300.078600
2015-06-04,-0.01014266,101.4293,1,0.017326,161.357780,0.00277526,103.1127,1,0.027664,161.830100
2015-06-05,0.00197402,101.6267,1,0.034938,259.209260,0.01586129,104.6988,0,0.000000,0.000000
2015-06-08,0.00716716,102.3434,1,0.031874,260.849620,-0.00412650,104.2862,1,0.027150,181.567323
2015-06-09,-0.00454517,101.8889,1,0.027167,180.421970,0.00593402,104.8796,0,0.000000,0.000000
2015-06-10,-0.00129061,101.7598,1,0.028641,200.775350,-0.00802504,104.0771,1,0.033784,239.933166
2015-06-11,0.01122784,102.8826,1,0.032426,201.860800,-0.00845049,103.2320,0,0.000000,0.000000
2015-06-12,0.00187560,103.0702,1,0.047580,260.096150,-0.00623417,102.6086,1,0.053937,362.197248
2015-06-15,-0.00267512,102.8027,1,0.045632,279.553120,0.00212463,102.8211,1,0.061777,359.493860
2015-06-16,0.00242672,103.0453,1,0.027158,179.814480,0.00193048,103.0141,1,0.044532,280.209040
2015-06-17,0.01233034,104.2784,1,0.030366,221.052310,-0.00002094,103.0120,0,0.000000,0.000000
2015-06-18,0.00389128,104.6675,1,0.035482,221.027240,0.00702167,103.7142,1,0.053023,341.855039
2015-06-19,0.00171002,104.8385,1,0.030228,221.563630,-0.00888507,102.8257,0,0.000000,0.000000
2015-06-22,-0.00025779,104.8127,1,0.027899,200.381710,0.00084387,102.9101,1,0.044443,361.260286
2015-06-23,-0.00235249,104.5775,1,0.027149,201.293040,0.00627981,103.5381,1,0.047199,301.542510
2015-06-24,-0.01198255,103.3792,1,0.026815,199.764220,0.00650779,104.1888,1,0.035641,240.404120
2015-06-25,0.00413521,103.7927,1,0.021059,160.502620,-0.00363371,103.8255,0,0.000000,0.000000
2015-06-26,-0.00574295,103.2184,1,0.031645,240.501680,0.00624891,104.4504,1,0.061989,358.797231
2015-06-29,-0.00110136,103.1083,1,0.032056,201.247150,0.00043976,104.4943,1,0.035054,261.601840
2015-06-30,0.00400396,103.5087,1,0.024934,200.073660,-0.00228939,104.2654,0,0.000000,0.000000
2015-07-01,0.00400814,103.9095,1,0.032266,261.230150,-0.00281744,103.9836,1,0.038504,279.390211
2015-07-02,-0.00402615,103.5069,1,0.010565,101.870660,-0.00223679,103.7600,1,0.045499,341.948600
2015-07-06,-0.01159298,102.3476,1,0.017768,161.388750,0.00092010,103.8520,1,0.047270,360.674720
2015-07-07,-0.01620390,100.7272,1,0.018200,140.681730,0.00969100,104.8211,1,0.050430,339.783860
2015-07-08,-0.00238125,100.4891,1,0.014865,122.812630,0.00516566,105.3376,0,0.000000,0.000000
2015-07-09,0.00166816,100.6559,1,0.023974,141.926980,0.00466000,105.8036,0,0.000000,0.000000
2015-07-10,0.00033871,100.6898,1,0.019679,141.519590,0.00067220,105.8709,1,0.035470,241.533252
2015-07-13,0.00043144,100.7329,1,0.017766,141.966590,0.01020386,106.8912,0,0.000000,0.000000
2015-07-14,0.00299417,101.0323,1,0.015963,122.001270,-0.00071425,106.8198,0,0.000000,0.000000
2015-07-15,-0.00099081,100.9332,1,0.035601,201.147200,-0.00855870,105.9640,1,0.054490,344.138811
2015-07-16,0.00184613,101.1179,1,0.027447,200.239320,0.01568103,107.5321,1,0.061207,339.335660
2015-07-17,-0.00444769,100.6731,1,0.033929,201.149760,0.00471951,108.0040,1,0.024619,182.226770
2015-07-20,-0.00474573,100.1985,1,0.020443,140.237900,0.00664562,108.6686,0,0.000000,0.000000
2015-07-21,0.00228605,100.4271,1,0.021265,160.821510,-0.00173234,108.4953,1,0.046124,260.518791
2015-07-22,-0.00345707,100.0814,1,0.020027,121.052910,0.00130960,108.6263,1,0.044870,339.801030
2015-07-23,-0.00420427,99.6610,1,0.029997,160.957780,-0.01310145,107.3161,1,0.052415,300.904310
2015-07-24,-0.00536481,99.1245,1,0.029851,161.301230,-0.01452740,105.8634,1,0.079320,399.932750
2015-07-27,-0.00296966,98.8275,1,0.041786,259.209170,0.00311541,106.1749,1,0.064999,377.964640
2015-07-28,0.00784493,99.6120,1,0.035877,180.496800,0.00174819,106.3498,1,0.053921,320.453740
2015-07-29,-0.00242301,99.3697,1,0.035721,221.331450,0.00252452,106.6022,0,0.000000,0.000000
2015-07-30,0.01121716,100.4914,1,0.032394,182.053480,-0.00425901,106.1763,0,0.000000,0.000000
2015-07-31,-0.00168263,100.3232,1,0.031433,203.221510,0.00784186,106.9605,1,0.055614,343.874642
2015-08-03,-0.00260326,100.0629,1,0.038076,200.882170,0.00063103,107.0236,1,0.038187,221.458400
2015-08-04,0.00875137,100.9380,1,0.023613,140.366410,-0.00333331,106.6903,1,0.048811,280.531850
2015-08-05,0.00235791,101.1738,0,0.000000,0.000000,-0.00334920,106.3554,1,0.040850,320.813820
2015-08-06,0.00400734,101.5745,1,0.051756,281.352436,-0.01310695,105.0447,1,0.054855,361.214990
2015-08-07,0.00723401,102.2979,1,0.037189,219.388330,0.00021982,105.0666,1,0.052498,319.663580
2015-08-10,-0.00028246,102.2697,1,0.030966,220.433210,-0.01504283,103.5624,1,0.040753,320.401880
2015-08-11,0.00014867,102.2845,1,0.028413,182.413880,-0.01478029,102.0843,1,0.046449,362.543590
2015-08-12,0.00578850,102.8634,1,0.021310,160.424760,0.00071350,102.1557,1,0.049910,359.259840
2015-08-13,0.00514870,103.3783,1,0.031340,202.353640,-0.00249048,101.9066,1,0.040688,302.396740
2015-08-14,0.00512037,103.8903,1,0.016653,101.639490,0.00221291,102.1279,1,0.045289,300.239540
2015-08-17,-0.00992501,102.8978,0,0.000000,0.000000,-0.00179521,101.9484,1,0.041051,281.644500
2015-08-18,-0.00266524,102.6313,0,0.000000,0.000000,-0.00584169,101.3642,0,0.000000,0.000000
2015-08-19,-0.00606059,102.0252,1,0.020409,141.671831,-0.00635534,100.7287,1,0.054564,361.642557
2015-08-20,-0.00309237,101.7160,1,0.023917,180.702570,0.02471205,103.1999,1,0.051015,338.966510
2015-08-21,0.00477651,102.1936,1,0.022219,161.162340,0.01452630,104.6525,0,0.000000,0.000000
2015-08-24,0.00473245,102.6669,1,0.037435,161.746810,0.00629376,105.2819,0,0.000000,0.000000
2015-08-25,-0.01140188,101.5267,1,0.035298,219.552020,-0.01192363,104.0896,0,0.000000,0.000000
2015-08-26,0.00094893,101.6216,1,0.045927,240.994410,-0.00359619,103.7299,0,0.000000,0.000000
2015-08-27,0.01416272,103.0379,1,0.041628,285.486440,-0.01507499,102.2224,0,0.000000,0.000000
2015-08-28,-0.02010509,101.0273,1,0.031439,206.494760,-0.01244153,100.9783,0,0.000000,0.000000
2015-08-31,-0.00362336,100.6650,1,0.022066,121.322070,0.00299345,101.2776,1,0.062275,335.552299
2015-09-01,0.00185879,100.8509,1,0.037521,219.972590,-0.00429071,100.8486,1,0.043321,279.916800
2015-09-02,0.00699575,101.5505,1,0.030455,199.753480,-0.00323253,100.5253,0,0.000000,0.000000
2015-09-03,0.00895602,102.4461,1,0.038818,242.802030,0.00788273,101.3136,0,0.000000,0.000000
2015-09-04,-0.00181560,102.2645,1,0.024310,162.232460,-0.00051369,101.2622,0,0.000000,0.000000
2015-09-08,0.00503645,102.7681,1,0.041355,238.815390,0.00060096,101.3223,0,0.000000,0.000000
2015-09-09,-0.00748763,102.0194,1,0.053653,283.309740,-0.00763398,100.5589,0,0.000000,0.000000
2015-09-10,0.00589627,102.6090,1,0.033243,219.146970,-0.00338738,100.2202,0,0.000000,0.000000
2015-09-11,-0.00692422,101.9166,1,0.042802,241.118090,0.01958311,102.1785,1,0.051889,339.271178
2015-09-14,-0.00001626,101.9150,1,0.027776,182.515140,-0.00305548,101.8729,1,0.033518,242.557860
2015-09-15,0.00801307,102.7163,1,0.042323,240.021190,0.00617140,102.4901,1,0.067070,359.826930
2015-09-16,0.00547534,103.2638,1,0.029726,202.592710,0.00828051,103.3181,0,0.000000,0.000000
2015-09-17,0.00474500,103.7383,1,0.023550,202.755740,0.00082035,103.4002,0,0.000000,0.000000
2015-09-18,-0.00637820,103.1005,1,0.038340,260.392810,0.01996218,105.3964,1,0.052932,304.251251
2015-09-21,0.00815458,103.9159,1,0.025442,259.557400,-0.00156467,105.2399,0,0.000000,0.000000
2015-09-22,0.00253151,104.1691,1,0.024229,181.523040,0.00399230,105.6391,1,0.051020,319.632248
2015-09-23,0.00847880,105.0170,1,0.029660,200.089960,0.01585375,107.2245,0,0.000000,0.000000
2015-09-24,0.00825623,105.8426,1,0.021867,161.653260,0.00330228,107.5547,1,0.035252,261.215983
2015-09-25,0.00279037,106.1216,1,0.042893,220.533690,0.00938101,108.4928,1,0.037199,300.602100
2015-09-28,0.00190767,106.3124,1,0.042663,221.307690,0.02064309,110.5571,1,0.047671,321.040300
2015-09-29,-0.00242465,106.0699,1,0.045185,278.505490,-0.00686682,109.8705,0,0.000000,0.000000
2015-09-30,-0.00572562,105.4974,1,0.049362,261.511340,0.01462696,111.3332,1,0.060894,338.474481
2015-10-01,-0.01881983,103.6154,1,0.034193,224.707780,0.01722633,113.0558,0,0.000000,0.000000
2015-10-02,-0.01698611,101.9168,1,0.042251,180.840150,-0.01355578,111.7002,1,0.044938,266.537456
2015-10-05,0.00585057,102.5018,1,0.027033,124.172340,-0.00318456,111.3818,0,0.000000,0.000000
2015-10-06,-0.01123782,101.3781,1,0.017612,124.706310,-0.00779160,110.6026,0,0.000000,0.000000
2015-10-07,-0.00424435,100.9536,1,0.023825,142.537070,0.01281355,111.8840,1,0.065355,329.170229
2015-10-08,-0.00173066,100.7806,1,0.037486,222.987010,0.01966798,113.8508,0,0.000000,0.000000
2015-10-09,-0.01063356,99.7172,1,0.016616,123.499340,0.00059994,113.9107,0,0.000000,0.000000
2015-10-12,0.00908284,100.6255,1,0.021576,141.457260,0.00249735,114.1605,1,0.056645,346.132839
2015-10-13,-0.00485871,100.1396,1,0.024361,181.544640,-0.00217196,113.9433,1,0.045186,321.306500
2015-10-14,-0.01181643,98.9580,1,0.024473,160.090370,0.00146790,114.0901,0,0.000000,0.000000
2015-10-15,0.00877150,99.8351,1,0.030390,221.749630,0.01794308,115.8844,1,0.041682,278.673684
2015-10-16,-0.00076458,99.7587,1,0.031498,203.317680,-0.01752226,114.1322,0,0.000000,0.000000
2015-10-19,0.00862107,100.6208,1,0.027593,161.163320,0.01156240,115.2884,1,0.056800,363.445287
2015-10-20,0.00538750,101.1595,1,0.021210,162.671420,-0.00651187,114.6372,1,0.035677,281.943120
2015-10-21,0.00405928,101.5654,1,0.021172,121.262400,0.00556475,115.1937,1,0.058105,320.614030
2015-10-22,0.01727946,103.2934,1,0.026744,140.944800,-0.00299227,114.8945,1,0.042447,240.466720
2015-10-23,-0.00808895,102.4845,1,0.034135,223.739110,-0.00679353,114.2151,0,0.000000,0.000000
2015-10-26,0.00590807,103.0753,1,0.024183,160.931300,-0.00602312,113.6128,1,0.057162,345.383578
2015-10-27,0.00441699,103.5170,1,0.018101,140.920030,0.01529220,115.1420,1,0.062370,340.405990
2015-10-28,-0.02207999,101.3090,1,0.019609,141.916480,-0.00927448,114.2146,1,0.048128,281.178690
2015-10-29,-0.01453622,99.8554,1,0.033562,182.716450,0.00529570,114.7441,1,0.052270,323.412200
2015-10-30,0.00808888,100.6643,1,0.028062,159.546680,-0.00733520,114.0106,1,0.046250,300.583360
2015-11-02,0.00151212,100.8155,1,0.046048,261.047770,-0.00684469,113.3261,1,0.047919,320.006810
2015-11-03,-0.00782497,100.0330,1,0.033457,243.061360,0.01013208,114.3394,0,0.000000,0.000000
2015-11-04,-0.00500018,99.5330,1,0.019728,161.737140,-0.01357971,112.9814,1,0.040891,264.150417
2015-11-05,-0.00606004,98.9270,1,0.024674,239.888410,0.00181469,113.1629,1,0.055491,379.346120
2015-11-06,-0.00795952,98.1310,1,0.022792,159.909330,-0.00183643,112.9792,1,0.045423,300.617060
2015-11-09,0.00045765,98.1768,1,0.033035,201.827240,-0.03489904,109.4893,1,0.050814,340.846020
2015-11-10,0.00512689,98.6895,1,0.023971,141.455660,-0.00843961,108.6453,0,0.000000,0.000000
2015-11-11,-0.00150632,98.5388,1,0.025472,201.604220,0.02018880,110.6642,1,0.050230,341.474760
2015-11-12,0.00388813,98.9276,1,0.014147,82.155780,0.00265406,110.9296,1,0.037554,262.250570
2015-11-13,-0.01268929,97.6587,1,0.040759,239.352580,0.00511802,111.4414,0,0.000000,0.000000
2015-11-16,0.00616074,98.2748,1,0.029296,218.867330,-0.00006409,111.4350,1,0.046779,279.643452
2015-11-17,-0.00553988,97.7208,1,0.038048,282.984210,0.00739722,112.1747,0,0.000000,0.000000
2015-11-18,0.00069120,97.7899,1,0.037840,259.957720,-0.00205725,111.9690,1,0.047025,262.100573
2015-11-19,0.00434526,98.2244,1,0.027074,223.265720,0.00333587,112.3026,0,0.000000,0.000000
2015-11-20,-0.00142060,98.0824,1,0.039760,240.688320,0.00016386,112.3190,1,0.049254,323.411169
2015-11-23,0.00869951,98.9523,1,0.026149,161.018180,-0.01313417,111.0056,1,0.044157,320.790160
2015-11-24,-0.00381280,98.5711,1,0.033920,240.995160,-0.00115562,110.8900,1,0.041972,342.692180
2015-11-25,-0.00409499,98.1616,1,0.026939,201.055040,-0.00528717,110.3613,1,0.046937,301.352910
2015-11-27,-0.00009196,98.1524,1,0.024186,181.230780,0.00505994,110.8673,1,0.046806,281.277980
2015-11-30,-0.00649211,97.5032,1,0.048271,200.919110,-0.01480931,109.3864,0,0.000000,0.000000
2015-12-01,-0.00066157,97.4370,1,0.044047,359.014340,0.00522660,109.9090,1,0.052080,379.430487
2015-12-02,-0.00045474,97.3915,1,0.027694,242.540970,-0.00513736,109.3953,1,0.036036,262.514500
2015-12-03,0.00310098,97.7016,1,0.040132,239.710160,-0.00350295,109.0450,0,0.000000,0.000000
2015-12-04,0.00625178,98.3268,1,0.047012,258.225070,0.00388200,109.4332,0,0.000000,0.000000
2015-12-07,-0.01281128,97.0457,1,0.027478,202.171290,-0.00283455,109.1497,0,0.000000,0.000000
2015-12-08,-0.00449051,96.5966,1,0.032791,180.603110,0.01124201,110.2739,1,0.048799,337.934186
2015-12-09,-0.01147014,95.4496,1,0.032764,221.010720,-0.01631517,108.6424,1,0.035527,281.352860
2015-12-10,0.00951109,96.4007,1,0.034581,201.842270,-0.01360869,107.2815,1,0.048979,340.563610
2015-12-11,-0.00690389,95.7103,1,0.033619,241.364610,-0.00941914,106.3396,1,0.054044,340.312070
2015-12-14,-0.00560576,95.1498,1,0.032036,239.897310,-0.00317082,106.0226,1,0.051742,339.135130
2015-12-15,-0.00267039,94.8827,1,0.027909,181.516280,-0.00306618,105.7159,1,0.046358,301.182760
2015-12-16,0.00551622,95.4343,1,0.032428,223.158650,0.00016407,105.7323,0,0.000000,0.000000
2015-12-17,-0.00224247,95.2101,1,0.046037,261.887810,0.00142118,105.8745,0,0.000000,0.000000
2015-12-18,0.00047598,95.2577,1,0.031932,220.741690,0.01485966,107.3604,0,0.000000,0.000000
2015-12-21,-0.00822457,94.4352,1,0.027297,161.237750,0.00430031,107.7905,0,0.000000,0.000000
2015-12-22,-0.00118102,94.3171,1,0.028972,181.896160,0.00655381,108.4458,1,0.037779,282.435030
2015-12-23,0.00052886,94.3700,1,0.050774,281.990170,-0.01398896,107.0469,0,0.000000,0.000000
2015-12-24,-0.00294876,94.0751,1,0.028856,183.105680,0.00588177,107.6351,0,0.000000,0.000000
2015-12-28,0.00363662,94.4388,1,0.034258,179.802400,-0.00337227,107.2979,1,0.062657,284.721881
2015-12-29,-0.00143692,94.2951,1,0.034802,200.747340,-0.00445750,106.8521,1,0.063410,320.847150
2015-12-30,-0.00208228,94.0869,1,0.028028,141.616350,0.00122981,106.9751,0,0.000000,0.000000
2015-12-31,-0.00255668,93.8312,1,0.036858,160.057720,-0.00668702,106.3064,0,0.000000,0.000000
2016-01-04,-0.00790327,93.0409,1,0.036947,219.373990,-0.01300862,105.0056,0,0.000000,0.000000
2016-01-05,-0.00616815,92.4241,0,0.000000,0.000000,0.00819539,105.8251,0,0.000000,0.000000
2016-01-06,0.00800790,93.2249,1,0.037370,219.427147,0.01663225,107.4883,1,0.051595,278.494155
2016-01-07,-0.01000607,92.2242,0,0.000000,0.000000,0.00816589,108.3049,0,0.000000,0.000000
2016-01-08,-0.00599399,91.6248,0,0.000000,0.000000,-0.00720896,107.5840,0,0.000000,0.000000
2016-01-11,-0.00569632,91.0552,1,0.035012,201.432603,-0.00316489,107.2675,1,0.055109,353.626329
2016-01-12,0.00211878,91.2671,1,0.033282,179.780180,0.00562751,107.8303,1,0.048039,299.720780
2016-01-13,-0.00529234,90.7379,1,0.036304,202.601620,0.00361155,108.1914,1,0.044465,261.706610
2016-01-14,-0.01327558,89.4103,1,0.056068,239.334470,0.00627076,108.8185,0,0.000000,0.000000
2016-01-15,0.01440516,90.8508,1,0.050074,302.083270,-0.03403266,105.4152,1,0.058406,319.248634
2016-01-19,0.01031057,91.8819,1,0.034943,260.798310,-0.01015515,104.3997,0,0.000000,0.000000
2016-01-20,-0.00208709,91.6732,1,0.038819,222.030380,-0.01062474,103.3373,1,0.047294,318.510362
2016-01-21,0.00077539,91.7507,1,0.042421,219.701170,0.00942046,104.2793,1,0.061184,340.089620
2016-01-22,0.00761043,92.5117,1,0.028117,181.926040,0.00752369,105.0317,1,0.049161,282.471290
2016-01-25,0.00356462,92.8682,0,0.000000,0.000000,-0.01631600,103.4001,0,0.000000,0.000000
2016-01-26,-0.00661001,92.2072,1,0.050641,303.535869,-0.00413494,102.9866,1,0.064324,381.382560
2016-01-27,0.00409454,92.6167,0,0.000000,0.000000,-0.01237346,101.7492,0,0.000000,0.000000
2016-01-28,-0.01359475,91.2572,1,0.035665,202.918328,0.01874337,103.6236,1,0.070583,381.280323
2016-01-29,0.01379884,92.6371,1,0.038776,220.874010,-0.00170172,103.4534,1,0.048182,263.529120
2016-02-01,0.01183951,93.8210,1,0.056069,307.339680,-0.00954864,102.4985,0,0.000000,0.000000
2016-02-02,-0.01031824,92.7892,1,0.045574,242.283500,0.00904680,103.4032,1,0.065380,367.939149
2016-02-03,-0.01468628,91.3206,1,0.042878,219.900550,-0.00021740,103.3815,0,0.000000,0.000000
2016-02-04,-0.00480820,90.8398,1,0.056680,221.966970,0.00280911,103.6624,1,0.068569,319.368853
2016-02-05,-0.00059684,90.7801,1,0.041184,182.293420,-0.00461279,103.2011,1,0.046499,261.742200
2016-02-08,0.02075286,92.8554,1,0.037814,218.918380,0.03845808,107.0469,1,0.046252,319.555960
2016-02-09,0.00467034,93.3224,1,0.022586,143.393540,0.00369794,107.4167,1,0.018426,162.870220
2016-02-10,-0.00843632,92.4788,1,0.047832,242.949740,0.00411258,107.8280,1,0.038542,302.780720
2016-02-11,-0.00391605,92.0872,1,0.045685,221.688560,0.00443034,108.2710,1,0.050156,262.237080
2016-02-12,0.00543321,92.6305,1,0.050329,200.451980,-0.00709928,107.5611,0,0.000000,0.000000
2016-02-16,-0.00648812,91.9817,1,0.063402,245.845830,-0.00055644,107.5054,0,0.000000,0.000000
2016-02-17,0.00976222,92.9579,1,0.029228,225.168990,0.00195939,107.7014,0,0.000000,0.000000
2016-02-18,-0.00019346,92.9385,1,0.051666,244.448410,0.00136966,107.8383,0,0.000000,0.000000
2016-02-19,0.01248686,94.1872,1,0.031364,181.470160,0.00479602,108.3179,1,0.048818,328.943156
2016-02-22,-0.01331673,92.8556,1,0.045463,221.634370,-0.01619939,106.6980,1,0.057259,301.139400
2016-02-23,-0.00104009,92.7515,1,0.043269,203.797650,-0.00057649,106.6403,0,0.000000,0.000000
2016-02-24,-0.00788578,91.9630,1,0.064498,238.769080,-0.00222929,106.4174,1,0.057659,322.724341
2016-02-25,0.00212647,92.1756,1,0.043363,222.599800,-0.00987455,105.4300,1,0.054835,343.018250
2016-02-26,0.00388908,92.5645,1,0.030672,222.875930,-0.00341265,105.0887,0,0.000000,0.000000
2016-02-29,-0.00139718,92.4248,1,0.048688,281.604220,-0.01424115,103.6646,1,0.058365,342.747998
2016-03-01,-0.00318422,92.1064,1,0.048892,259.428270,-0.01899577,101.7650,1,0.058287,378.481290
2016-03-02,0.00641872,92.7482,1,0.052748,304.255990,-0.01003365,100.7616,0,0.000000,0.000000
2016-03-03,0.00568509,93.3168,1,0.021981,202.237560,0.01164430,101.9261,1,0.055530,346.825325
2016-03-04,0.00136569,93.4533,1,0.034761,202.863610,0.00716403,102.6425,0,0.000000,0.000000
2016-03-07,-0.01120832,92.3325,1,0.035432,241.434410,0.00908857,103.5513,1,0.042853,284.149919
2016-03-08,0.00661786,92.9943,1,0.032274,222.172180,-0.01278211,102.2731,1,0.037271,302.311690
2016-03-09,-0.00318971,92.6753,1,0.043811,220.678220,0.01061909,103.3350,1,0.052301,318.253740
2016-03-10,0.00565360,93.2407,1,0.035880,201.222080,-0.00799138,102.5359,1,0.038628,301.759770
2016-03-11,0.00105250,93.3459,1,0.041480,200.796200,-0.00786596,101.7493,1,0.061446,321.252290
2016-03-14,0.00061701,93.4076,1,0.037569,243.780530,0.00151630,101.9009,0,0.000000,0.000000
2016-03-15,0.00629335,94.0370,1,0.044515,239.306510,0.01635105,103.5360,1,0.039345,263.204531
2016-03-16,0.00015319,94.0523,1,0.026441,200.598390,-0.00351939,103.1841,1,0.045039,221.345950
2016-03-17,-0.00691393,93.3609,1,0.044203,262.603100,-0.00187462,102.9966,0,0.000000,0.000000
2016-03-18,-0.00001206,93.3597,1,0.023576,202.654510,-0.01508772,101.4879,0,0.000000,0.000000
2016-03-21,0.01185800,94.5455,1,0.048990,301.504450,0.00347672,101.8355,1,0.058988,364.839754
2016-03-22,0.00039746,94.5852,1,0.052234,279.798890,-0.00147961,101.6876,1,0.046571,300.796400
2016-03-23,0.00435259,95.0205,1,0.036181,240.477720,-0.00785544,100.9020,1,0.037934,280.907070
2016-03-24,-0.00720708,94.2998,1,0.031598,221.419980,-0.01121849,99.7802,1,0.044039,319.170450
2016-03-28,0.00058997,94.3588,1,0.032543,181.420230,-0.00912333,98.8678,1,0.057973,361.079750
2016-03-29,0.00102776,94.4615,1,0.027424,160.513640,-0.00010217,98.8576,1,0.047527,360.466800
2016-03-30,0.01033110,95.4947,1,0.043960,223.293080,-0.00138995,98.7186,0,0.000000,0.000000
2016-03-31,0.00710302,96.2050,1,0.038058,220.472170,-0.01546235,97.1724,1,0.045375,322.345346
2016-04-01,0.00340618,96.5456,1,0.029382,220.819460,-0.01184160,95.9882,1,0.052690,340.601760
2016-04-04,-0.00117767,96.4278,1,0.025907,201.754220,0.00019780,96.0080,1,0.053310,360.643410
2016-04-05,-0.00526780,95.9010,1,0.025950,220.330820,-0.00608837,95.3992,1,0.036517,279.807690
2016-04-06,-0.01042517,94.8585,1,0.028377,220.702310,0.00026241,95.4254,0,0.000000,0.000000
2016-04-07,0.01176895,96.0354,1,0.035085,243.009500,-0.01298957,94.1265,0,0.000000,0.000000
2016-04-08,0.00726382,96.7618,1,0.034028,221.263720,-0.00789704,93.3368,0,0.000000,0.000000
2016-04-11,0.00423129,97.1849,1,0.034521,202.061130,0.00452700,93.7895,1,0.049050,341.252541
2016-04-12,-0.01481263,95.7037,1,0.030463,180.973630,0.00241072,94.0305,1,0.046548,240.509630
2016-04-13,-0.00327066,95.3766,1,0.025336,202.336720,0.00466181,94.4967,1,0.044269,302.460980
2016-04-14,-0.00348636,95.0280,1,0.022396,202.634210,0.01127370,95.6241,1,0.036280,322.310730
2016-04-15,0.00220905,95.2489,1,0.019905,161.111500,-0.00174179,95.4499,1,0.030539,240.886650
2016-04-18,-0.00450167,94.7987,1,0.017167,121.920190,-0.00378587,95.0713,1,0.035297,321.580520
2016-04-19,-0.00291596,94.5071,1,0.009886,101.373280,0.00376057,95.4474,0,0.000000,0.000000
2016-04-20,-0.01025027,93.4821,1,0.017087,141.799810,-0.00543463,94.9039,1,0.027543,262.400952
2016-04-21,-0.00216689,93.2654,1,0.018189,121.760720,0.01103007,96.0069,1,0.046673,360.429220
2016-04-22,0.00373332,93.6387,1,0.024818,160.142420,-0.00316726,95.6902,1,0.044626,319.313720
2016-04-25,0.00365933,94.0046,1,0.022727,181.426810,-0.01085243,94.6049,1,0.039753,341.397240
2016-04-26,0.00117994,94.1226,1,0.018426,141.443860,-0.01233183,93.3718,1,0.051973,380.162070
2016-04-27,0.00216698,94.3393,1,0.020612,161.320680,0.01565607,94.9374,1,0.046783,361.879630
2016-04-28,0.01817057,96.1564,1,0.028363,202.162570,-0.01823940,93.1134,1,0.056260,301.939710
2016-04-29,-0.00023547,96.1328,1,0.027157,221.936940,0.01082031,94.1955,1,0.053689,359.741020
2016-05-02,-0.00313099,95.8197,1,0.043319,259.870630,-0.00785168,93.4103,1,0.040238,240.705660
2016-05-03,-0.01724976,94.0948,1,0.045436,222.245960,-0.00168801,93.2415,0,0.000000,0.000000
2016-05-04,0.00279902,94.3747,1,0.032618,258.628080,0.01018811,94.2603,0,0.000000,0.000000
2016-05-05,0.00232223,94.6069,1,0.027767,180.863320,-0.00720264,93.5400,1,0.041894,281.789877
2016-05-06,-0.00592440,94.0145,1,0.037060,220.576830,-0.00002863,93.5372,1,0.045233,321.684670
2016-05-09,0.00001910,94.0164,1,0.025640,200.752700,-0.00549780,92.9874,1,0.041110,281.338390
2016-05-10,0.00571352,94.5877,1,0.023848,161.939930,-0.01340726,91.6467,1,0.043966,321.932470
2016-05-11,0.00279745,94.8675,1,0.033735,201.921320,-0.01874054,89.7726,0,0.000000,0.000000
2016-05-12,-0.00311814,94.5556,1,0.031114,220.393220,0.00225174,89.9978,0,0.000000,0.000000
2016-05-13,0.00569052,95.1247,1,0.052248,301.386880,-0.00187548,89.8102,1,0.049468,323.480751
2016-05-16,0.00405804,95.5305,1,0.034826,259.115900,0.00932453,90.7427,1,0.044877,319.561660
2016-05-17,-0.00767154,94.7633,1,0.032054,222.221770,0.00582192,91.3249,1,0.035778,262.768750
2016-05-18,-0.00957530,93.8058,1,0.032980,259.281180,0.01111933,92.4368,0,0.000000,0.000000
2016-05-19,-0.00219607,93.5862,1,0.033457,221.239030,-0.01004130,91.4327,1,0.043610,299.195729
2016-05-20,0.00283100,93.8693,1,0.036120,220.163910,-0.00769674,90.6630,1,0.057234,380.145680
2016-05-23,-0.00136107,93.7332,1,0.034767,241.422840,-0.00346655,90.3164,1,0.044015,341.408540
2016-05-24,-0.00932529,92.8007,1,0.036219,240.925400,0.01270220,91.5866,1,0.042810,320.589940
2016-05-25,0.00840876,93.6416,1,0.040624,224.347790,0.01400144,92.9867,0,0.000000,0.000000
2016-05-26,0.00398609,94.0402,1,0.041381,281.624300,-0.01347630,91.6391,1,0.039000,245.403532
2016-05-27,-0.00426395,93.6138,1,0.042755,240.595910,-0.00976900,90.6622,1,0.053810,380.276770
2016-05-31,-0.00240866,93.3729,1,0.033676,221.510620,-0.00447913,90.2143,1,0.060353,401.530290
2016-06-01,0.00142597,93.5155,1,0.048013,299.176330,-0.00440268,89.7740,1,0.048948,359.748960
2016-06-02,-0.00859665,92.6558,1,0.029015,220.872670,0.00051737,89.8258,1,0.048543,360.694200
2016-06-03,0.01607644,94.2635,1,0.020796,141.787370,-0.00253116,89.5726,0,0.000000,0.000000
2016-06-06,-0.01228112,93.0354,1,0.035672,201.295180,0.00180298,89.7529,1,0.055112,321.004329
2016-06-07,-0.00460480,92.5749,1,0.023660,141.373800,0.00422993,90.1759,1,0.040307,281.755450
2016-06-08,0.00234062,92.8089,1,0.025428,221.087060,-0.00894711,89.2812,1,0.039601,281.127180
2016-06-09,0.00342517,93.1515,1,0.023703,181.386130,-0.00391717,88.8895,1,0.045887,320.483830
2016-06-10,-0.00608193,92.5433,1,0.014203,140.851520,0.01468916,90.3584,1,0.034274,300.018150
2016-06-13,0.00437646,92.9809,1,0.014054,121.441310,0.00193309,90.5517,1,0.026531,180.990630
2016-06-14,-0.01189620,91.7913,1,0.034090,200.422040,-0.00085837,90.4659,0,0.000000,0.000000
2016-06-15,0.00602925,92.3942,1,0.033505,181.042850,-0.00805310,89.6606,1,0.033590,300.048735
2016-06-16,0.00626025,93.0202,1,0.029605,200.791990,-0.00359176,89.3014,1,0.048936,380.026760
2016-06-17,-0.00804374,92.2159,1,0.035634,241.578290,-0.00689389,88.6120,1,0.047699,360.799440
2016-06-20,0.01238932,93.4548,1,0.019288,161.349380,-0.00608798,88.0032,1,0.048358,380.822950
2016-06-21,0.00259426,93.7142,1,0.030654,261.553260,-0.00255590,87.7476,1,0.046740,361.425460
2016-06-22,-0.00272001,93.4422,1,0.035151,240.242060,-0.00548203,87.1994,1,0.037893,320.784710
2016-06-23,0.00089452,93.5317,1,0.016278,140.846350,-0.00092626,87.1068,1,0.042936,320.418290
2016-06-24,0.01457859,94.9895,1,0.035191,223.278550,0.00467107,87.5739,0,0.000000,0.000000
2016-06-27,0.03114554,98.1041,1,0.063396,296.941750,0.00315804,87.8897,0,0.000000,0.000000
2016-06-28,-0.00320816,97.7833,1,0.025656,220.315590,-0.03309293,84.5804,1,0.035753,319.279267
2016-06-29,0.00798690,98.5820,1,0.057010,304.695160,-0.02274735,82.3057,0,0.000000,0.000000
2016-06-30,-0.01096017,97.4859,1,0.029527,224.433820,0.01301961,83.6076,0,0.000000,0.000000
2016-07-01,0.01232656,98.7186,1,0.046254,284.518870,-0.01323078,82.2846,0,0.000000,0.000000
2016-07-05,-0.02449035,96.2696,0,0.000000,0.000000,-0.02306288,79.9783,1,0.048248,369.564563
2016-07-06,0.00237558,96.5071,1,0.042222,300.133439,-0.01212228,78.7660,1,0.045408,379.064840
2016-07-07,0.01056613,97.5637,0,0.000000,0.000000,0.00424783,79.1908,1,0.058147,400.764120
2016-07-08,0.00423440,97.9872,0,0.000000,0.000000,0.00952251,80.1431,1,0.033299,280.699050
2016-07-11,0.00191298,98.1785,1,0.051432,344.787772,-0.00057276,80.0858,0,0.000000,0.000000
2016-07-12,-0.00440210,97.7383,1,0.028150,241.211230,0.01694084,81.7799,1,0.038756,324.670183
2016-07-13,0.00281276,98.0195,1,0.017834,121.949160,-0.01423566,80.3563,1,0.029736,242.245740
2016-07-14,-0.00194539,97.8250,1,0.030549,260.137790,-0.00326181,80.0301,1,0.052511,400.031530
2016-07-15,-0.00013446,97.8116,1,0.030976,240.802690,-0.00327944,79.7022,1,0.046184,320.194530
2016-07-18,0.00190332,98.0019,1,0.032258,239.953310,-0.00182864,79.5193,1,0.040684,320.236420
2016-07-19,0.00627794,98.6297,1,0.035666,260.663510,-0.00606348,78.9130,1,0.047488,340.139520
2016-07-20,0.00105698,98.7354,1,0.020002,181.525660,-0.00233898,78.6791,1,0.043218,340.068740
2016-07-21,-0.00284974,98.4504,1,0.029814,281.003920,0.00387295,79.0664,1,0.033035,281.533940
2016-07-22,0.00641884,99.0923,1,0.029636,240.105920,0.00616453,79.6828,1,0.026867,260.368210
2016-07-25,-0.00414688,98.6776,1,0.035338,281.251260,0.00820878,80.5037,0,0.000000,0.000000
2016-07-26,-0.00304910,98.3727,0,0.000000,0.000000,-0.01199658,79.3041,1,0.037598,282.192056
2016-07-27,-0.00195555,98.1771,1,0.032605,280.434414,0.00584235,79.8883,1,0.041275,360.692380
2016-07-28,-0.00127988,98.0492,1,0.037148,220.047590,-0.00050548,79.8377,1,0.044958,299.458250
2016-07-29,0.00258712,98.3079,1,0.027818,200.476820,-0.00093285,79.7445,1,0.041605,321.398690
2016-08-01,-0.00191938,98.1159,0,0.000000,0.000000,-0.00756423,78.9880,1,0.031343,281.100800
2016-08-02,-0.00155534,97.9604,1,0.043104,262.145012,0.00050198,79.0382,1,0.050802,319.694800
2016-08-03,-0.01151451,96.8089,1,0.035501,220.128930,-0.01691946,77.3463,0,0.000000,0.000000
2016-08-04,-0.00492286,96.3167,1,0.017976,121.771130,-0.00777994,76.5683,1,0.059924,379.104816
2016-08-05,0.00084253,96.4009,1,0.025727,159.893890,-0.00499205,76.0691,1,0.042695,340.071070
2016-08-08,-0.00451749,95.9492,1,0.026489,161.247080,-0.00403979,75.6651,1,0.045859,360.817950
2016-08-09,-0.00111783,95.8374,1,0.017443,141.560520,-0.00098176,75.5669,1,0.050296,340.452820
2016-08-10,0.00264638,96.1020,1,0.020132,160.250600,0.01089911,76.6568,1,0.035039,300.537420
2016-08-11,-0.01210455,94.8916,1,0.025525,180.712510,-0.00398182,76.2587,1,0.032392,241.597210
2016-08-12,0.00144431,95.0360,1,0.026179,181.444150,-0.00110278,76.1484,1,0.040068,341.336370
2016-08-15,-0.01115661,93.9203,1,0.030211,181.536750,-0.02055179,74.0932,1,0.035839,320.422570
2016-08-16,0.00176887,94.0972,1,0.022543,141.093370,0.00877722,74.9709,1,0.051298,381.048300
2016-08-17,0.00304345,94.4016,1,0.021495,159.974110,-0.00484277,74.4866,0,0.000000,0.000000
2016-08-18,-0.00396903,94.0047,1,0.024683,160.301800,0.00679219,75.1659,1,0.044991,339.469025
2016-08-19,0.00051930,94.0566,1,0.022850,202.336000,-0.01323579,73.8423,0,0.000000,0.000000
2016-08-22,0.01511291,95.5679,1,0.022119,140.582580,-0.00323149,73.5191,1,0.047669,382.277723
2016-08-23,0.00235252,95.8031,1,0.029198,181.614170,-0.00679470,72.8397,1,0.044450,320.319240
2016-08-24,0.00706845,96.5100,1,0.029925,200.061990,-0.00225224,72.6144,1,0.040284,299.841960
2016-08-25,0.00760753,97.2707,1,0.027547,179.900690,0.00003634,72.6181,1,0.046936,339.927660
2016-08-26,-0.01547614,95.7231,1,0.022184,180.711880,0.00274376,72.8925,1,0.032734,280.459090
2016-08-29,0.00481001,96.2041,1,0.021029,180.856010,-0.00943666,71.9488,1,0.043516,320.257910
2016-08-30,0.00061396,96.2655,1,0.022434,181.049130,0.00212216,72.1610,0,0.000000,0.000000
2016-08-31,0.00316541,96.5821,1,0.021399,160.208070,-0.00154710,72.0063,1,0.029940,260.397856
2016-09-01,0.00309877,96.8919,1,0.036403,260.669540,-0.00652089,71.3542,1,0.038329,340.846070
2016-09-02,0.00607206,97.4991,1,0.032264,261.491060,0.00045646,71.3999,1,0.034094,321.122160
2016-09-06,-0.00116826,97.3823,1,0.033906,241.770350,0.00535175,71.9350,0,0.000000,0.000000
2016-09-07,-0.01216792,96.1655,1,0.030912,281.340820,-0.00185007,71.7500,1,0.033527,302.321861
2016-09-08,-0.00524261,95.6413,1,0.035491,281.443640,0.01053619,72.8036,1,0.038331,340.929860
2016-09-09,-0.01323939,94.3173,1,0.028069,241.139470,0.00760521,73.5642,1,0.037439,319.791910
2016-09-12,-0.00917162,93.4002,1,0.032452,276.817110,0.00346367,73.9105,0,0.000000,0.000000
2016-09-13,-0.00138541,93.2616,1,0.046381,383.074210,0.00268013,74.1785,0,0.000000,0.000000
2016-09-14,-0.00550270,92.7113,1,0.040590,278.615400,0.00402592,74.5811,0,0.000000,0.000000
2016-09-15,0.00416673,93.1280,1,0.032777,240.574380,-0.00716705,73.8644,1,0.034385,278.627539
2016-09-16,-0.00014479,93.1135,1,0.036169,262.337010,0.00431946,74.2964,0,0.000000,0.000000
2016-09-19,0.00071817,93.1854,1,0.045553,319.909450,0.00396632,74.6930,1,0.036148,302.493151
2016-09-20,-0.00344558,92.8408,1,0.029328,201.870330,0.00257659,74.9507,1,0.035731,321.565880
2016-09-21,-0.00211385,92.6294,1,0.019555,180.455550,-0.00012239,74.9384,1,0.031449,300.156650
2016-09-22,0.00352960,92.9824,1,0.027910,203.678930,0.00245952,75.1844,0,0.000000,0.000000
2016-09-23,-0.00444962,92.5374,1,0.033962,262.184090,0.00075529,75.2599,0,0.000000,0.000000
2016-09-26,-0.00997430,91.5400,1,0.025460,200.220860,0.00978692,76.2386,1,0.027478,303.887579
2016-09-27,0.01158360,92.6983,1,0.029490,180.539650,-0.01385213,74.8534,1,0.039313,279.856790
2016-09-28,0.00709969,93.4083,1,0.036421,241.478550,-0.00231645,74.6217,1,0.046165,360.108080
2016-09-29,-0.00364574,93.0437,1,0.031544,242.392470,0.00278686,74.9004,1,0.036484,321.728620
2016-09-30,0.00132663,93.1764,1,0.042027,299.311790,-0.00020704,74.8797,0,0.000000,0.000000
2016-10-03,-0.02267034,90.9094,1,0.033684,242.790690,0.00302081,75.1818,1,0.034189,300.184352
2016-10-04,-0.00187966,90.7214,1,0.019446,200.998790,0.00714203,75.8960,1,0.025597,241.087570
2016-10-05,-0.00614020,90.1074,1,0.017510,121.319800,0.01978556,77.8746,0,0.000000,0.000000
2016-10-06,-0.00124998,89.9824,1,0.025818,182.103530,0.00203192,78.0778,1,0.025508,202.601595
2016-10-07,0.00462826,90.4452,1,0.028784,200.806020,-0.01111942,76.9658,1,0.037922,301.041800
2016-10-10,-0.00708645,89.7366,1,0.014075,101.766230,-0.00540402,76.4254,1,0.042562,358.691340
2016-10-11,-0.00436152,89.3004,1,0.022522,161.493370,-0.00559082,75.8663,0,0.000000,0.000000
2016-10-12,-0.00867771,88.4326,1,0.023621,200.890130,-0.00487489,75.3788,0,0.000000,0.000000
2016-10-13,-0.00755188,87.6775,1,0.035688,240.924310,0.01861811,77.2406,1,0.047719,360.567122
2016-10-14,0.00263743,87.9412,1,0.020557,140.468020,-0.00619799,76.6209,1,0.027969,221.113190
2016-10-17,-0.00076306,87.8649,1,0.025136,200.268180,0.00109503,76.7304,1,0.049767,359.901430
2016-10-18,0.00076334,87.9412,1,0.022166,180.197170,-0.00041601,76.6888,1,0.039111,300.151230
2016-10-19,-0.00407289,87.5339,1,0.019669,160.770300,-0.00702963,75.9858,0,0.000000,0.000000
2016-10-20,-0.00063261,87.4707,1,0.009981,102.233460,0.00123527,76.1093,1,0.036793,362.535625
2016-10-21,-0.00552790,86.9179,1,0.016610,160.267580,0.00388613,76.4979,1,0.043227,319.615500
2016-10-24,0.00201885,87.1198,1,0.025905,219.038740,0.00095035,76.5930,1,0.030225,260.460620
2016-10-25,0.00038051,87.1578,1,0.019699,141.466690,-0.01439909,75.1531,1,0.036319,300.885920
2016-10-26,-0.00516402,86.6414,1,0.024962,239.748890,-0.00454337,74.6987,1,0.031867,298.777350
2016-10-27,0.00011553,86.6530,1,0.033667,240.850040,0.01367135,76.0659,1,0.038975,300.010830
2016-10-28,0.00797379,87.4503,1,0.036501,238.746940,-0.00932552,75.1333,1,0.028542,261.225110
2016-10-31,-0.00654090,86.7963,1,0.033520,221.764600,0.00427412,75.5607,1,0.051108,321.820350
2016-11-01,0.00346300,87.1426,1,0.030990,241.370910,-0.00922312,74.6384,1,0.036272,262.199940
2016-11-02,-0.01200657,85.9419,1,0.035317,239.604470,-0.00658445,73.9800,1,0.047655,359.461700
2016-11-03,0.01116161,87.0581,1,0.028669,259.505880,0.01799312,75.7793,1,0.043058,319.223510
2016-11-04,-0.00702671,86.3554,1,0.035521,222.882150,-0.00326538,75.4527,1,0.035688,241.707590
2016-11-07,0.00866916,87.2223,1,0.024094,242.102250,0.01216346,76.6691,1,0.033444,321.505470
2016-11-08,-0.00707878,86.5144,1,0.035678,244.699670,-0.01429037,75.2400,0,0.000000,0.000000
2016-11-09,0.01103466,87.6179,1,0.031024,220.694960,-0.02619216,72.6208,1,0.046496,365.517566
2016-11-10,-0.01615765,86.0021,1,0.039145,260.998270,0.03906086,76.5269,1,0.050424,381.449400
2016-11-11,-0.00109329,85.8928,1,0.028819,221.021660,0.01167096,77.6940,1,0.024674,242.580450
2016-11-14,-0.00562782,85.3300,1,0.022602,221.482510,0.02499756,80.1938,1,0.025884,261.791530
2016-11-15,0.00020801,85.3508,1,0.033769,222.446480,-0.00969503,79.2243,1,0.032173,224.667600
2016-11-16,0.00663454,86.0143,1,0.020086,183.469370,0.00301202,79.5255,1,0.042588,342.410370
2016-11-17,0.00484647,86.4989,1,0.030203,201.268540,-0.01064149,78.4613,1,0.040209,280.877570
2016-11-18,0.00585448,87.0844,1,0.032432,242.753430,-0.00116536,78.3448,1,0.047356,341.494980
2016-11-21,-0.01456050,85.6283,1,0.028830,201.474500,-0.01703687,76.6411,1,0.043477,319.680840
2016-11-22,-0.00276067,85.3523,1,0.025577,182.240900,-0.00437092,76.2040,1,0.040442,281.272450
2016-11-23,-0.00368399,84.9839,1,0.020849,182.532730,-0.00725007,75.4790,1,0.038577,341.941490
2016-11-25,0.00549858,85.5337,1,0.019622,161.222250,-0.01050969,74.4280,1,0.039609,360.281230
2016-11-28,0.00140967,85.6747,1,0.020173,102.142700,-0.02333490,72.0945,0,0.000000,0.000000
2016-11-29,0.01205161,86.8798,1,0.011329,121.398980,0.00635340,72.7299,1,0.047630,381.985876
2016-11-30,-0.02173510,84.7063,1,0.020010,141.821610,-0.03712168,69.0177,1,0.033338,261.247790
2016-12-01,0.00338965,85.0453,1,0.030805,221.047260,0.01857533,70.8752,1,0.046887,379.806430
2016-12-02,-0.00793479,84.2518,1,0.023149,142.636370,-0.01039948,69.8353,1,0.033098,220.895760
2016-12-05,-0.00962195,83.2896,1,0.022455,201.844950,-0.00152060,69.6832,1,0.047950,381.068090
2016-12-06,-0.00079974,83.2096,1,0.019754,162.879740,0.00160054,69.8433,1,0.038076,322.296210
2016-12-07,0.01312847,84.5225,1,0.019103,141.570420,-0.00787603,69.0557,1,0.039453,321.717070
2016-12-08,-0.00085930,84.4366,1,0.023690,203.836090,-0.00831151,68.2245,0,0.000000,0.000000
2016-12-09,-0.00639938,83.7966,1,0.031508,242.608740,-0.00498463,67.7261,1,0.048623,343.427050
2016-12-12,0.00505325,84.3019,1,0.018595,160.609170,0.01258372,68.9844,1,0.038798,340.735880
2016-12-13,0.00330655,84.6326,1,0.019775,181.388800,-0.00431066,68.5534,1,0.023636,201.664530
2016-12-14,-0.00217898,84.4147,1,0.020438,181.050830,-0.00099923,68.4534,1,0.037853,340.470850
2016-12-15,0.00450066,84.8648,1,0.036064,240.733040,0.01183220,69.6367,1,0.051710,319.133310
2016-12-16,-0.00641531,84.2232,1,0.026451,202.086870,-0.01157132,68.4795,1,0.017642,202.441130
2016-12-19,0.00529182,84.7524,1,0.020958,181.305200,0.00168818,68.6484,1,0.043252,379.890050
2016-12-20,-0.00232174,84.5202,1,0.019994,160.638280,0.00170004,68.8184,1,0.030016,261.001870
2016-12-21,-0.00548580,83.9717,1,0.020820,160.684040,-0.00891109,67.9272,1,0.038729,320.958940
2016-12-22,-0.00846968,83.1247,1,0.027678,220.582840,-0.00177447,67.7498,1,0.031887,280.422760
2016-12-23,0.00331510,83.4562,1,0.032260,279.650170,-0.00045509,67.7043,1,0.041149,340.322280
2016-12-27,0.00403097,83.8593,1,0.029073,261.247230,0.00004023,67.7083,1,0.027397,321.152320
2016-12-28,-0.00347304,83.5120,1,0.018404,140.938370,0.00137035,67.8453,1,0.039895,340.818080
2016-12-29,0.00470098,83.9821,1,0.020502,180.729540,-0.00229251,67.6161,0,0.000000,0.000000
2016-12-30,-0.00314184,83.6679,1,0.034014,261.461500,-0.00285126,67.3310,1,0.042306,339.591395
2017-01-03,0.00178055,83.8460,1,0.034135,280.043890,-0.00912363,66.4186,1,0.041063,359.907100
2017-01-04,0.00784238,84.6302,1,0.034742,261.244510,0.00524195,66.9428,1,0.044205,341.587080
2017-01-05,0.00487952,85.1182,1,0.025968,202.007320,0.00149037,67.0918,0,0.000000,0.000000
2017-01-06,-0.00092806,85.0254,1,0.027726,200.985340,-0.00039297,67.0525,1,0.038217,322.211303
2017-01-09,0.00256487,85.2818,1,0.026253,181.690960,0.00521447,67.5740,1,0.045553,321.655920
2017-01-10,-0.00372062,84.9098,1,0.027502,239.799420,0.01092202,68.6662,1,0.045788,320.210680
2017-01-11,0.01642747,86.5525,1,0.031213,221.462980,-0.01158753,67.5074,1,0.031213,261.597870
2017-01-12,0.00091389,86.6439,1,0.023311,220.231620,-0.00202316,67.3051,1,0.043416,360.664300
2017-01-13,-0.00196160,86.4478,1,0.021190,181.015960,-0.00267429,67.0377,1,0.040649,300.412540
2017-01-17,0.00843612,87.2914,1,0.031798,221.283290,-0.01285346,65.7523,1,0.046406,340.780160
2017-01-18,0.00668476,87.9598,1,0.015294,162.440170,-0.00946170,64.8062,1,0.043720,360.233920
2017-01-19,-0.00100249,87.8596,1,0.027909,201.443830,0.00015956,64.8221,1,0.049304,381.069750
2017-01-20,-0.00593839,87.2658,1,0.025529,200.514920,0.00240301,65.0624,0,0.000000,0.000000
2017-01-23,-0.00753019,86.5127,1,0.023019,221.632030,-0.00461998,64.6004,1,0.035228,300.275504
2017-01-24,-0.00404894,86.1078,1,0.019854,161.449480,-0.00174442,64.4260,1,0.035552,300.242870
2017-01-25,0.00196578,86.3044,1,0.013212,123.033460,-0.00010750,64.4152,0,0.000000,0.000000
2017-01-26,-0.00100266,86.2042,1,0.021266,201.416850,-0.00863045,63.5522,1,0.036025,304.398630
2017-01-27,0.00029212,86.2334,1,0.028498,240.152520,-0.00438504,63.1137,1,0.038734,360.005460
2017-01-30,-0.00167570,86.0658,1,0.028760,222.077450,-0.00435772,62.6779,1,0.046302,340.594650
2017-01-31,0.00446620,86.5124,1,0.031340,260.593050,-0.00372093,62.3058,0,0.000000,0.000000
2017-02-01,0.00412341,86.9248,1,0.040749,320.962580,0.00557852,62.8637,1,0.035788,319.497881
2017-02-02,0.00124893,87.0497,1,0.019117,161.924190,-0.01373728,61.4900,1,0.041078,280.671280
2017-02-03,0.00547019,87.5967,1,0.024391,182.072130,0.01350137,62.8401,1,0.042553,360.930870
2017-02-06,-0.00485401,87.1113,1,0.022831,181.330490,-0.00671619,62.1685,0,0.000000,0.000000
2017-02-07,-0.01183471,85.9278,1,0.024421,199.755990,0.00121931,62.2904,1,0.035099,318.944216
2017-02-08,-0.00712316,85.2155,1,0.015806,180.880250,-0.01482586,60.8078,1,0.038536,321.537950
2017-02-09,0.01039479,86.2550,1,0.018271,161.525270,-0.00202944,60.6049,1,0.045874,342.702930
2017-02-10,0.00283933,86.5389,1,0.014717,142.207730,-0.00422601,60.1823,1,0.043961,342.154230
2017-02-13,-0.00190766,86.3481,1,0.017606,141.641050,-0.00152264,60.0300,1,0.042524,340.665460
2017-02-14,0.00495955,86.8441,1,0.020255,201.347300,-0.00516986,59.5130,1,0.041826,340.552300
2017-02-15,0.00086181,86.9303,1,0.019749,181.069850,-0.00416737,59.0963,1,0.032117,320.765780
2017-02-16,0.00801708,87.7320,1,0.015762,161.745930,-0.00794557,58.3017,1,0.038597,361.339640
2017-02-17,0.00421487,88.1535,1,0.009143,101.323190,0.01959059,60.2608,1,0.035651,360.488580
2017-02-21,0.00307893,88.4614,1,0.008757,101.738030,-0.01249230,59.0116,1,0.030770,242.414150
2017-02-22,-0.00097618,88.3637,1,0.019998,201.845050,0.00188522,59.2001,0,0.000000,0.000000
2017-02-23,-0.00042486,88.3212,1,0.016856,140.225140,0.00778260,59.9783,1,0.032340,320.753787
2017-02-24,0.00504518,88.8258,1,0.025412,181.239750,0.00066387,60.0447,1,0.046913,301.036880
2017-02-27,0.00350746,89.1765,1,0.025134,141.952890,-0.00676023,59.3687,1,0.039553,281.966460
2017-02-28,-0.00085869,89.0906,1,0.017309,141.743280,-0.01191709,58.1770,1,0.049219,320.833350
2017-03-01,-0.00613335,88.4773,1,0.027155,201.538180,-0.01061693,57.1153,1,0.046933,359.838870
2017-03-02,-0.00324682,88.1526,0,0.000000,0.000000,0.01203426,58.3187,0,0.000000,0.000000
2017-03-03,-0.00319543,87.8331,0,0.000000,0.000000,0.00082233,58.4010,1,0.026607,241.741053
2017-03-06,0.00355322,88.1884,0,0.000000,0.000000,-0.00602518,57.7984,1,0.039508,320.671140
2017-03-07,0.00934929,89.1233,1,0.021011,221.781567,0.00407773,58.2062,0,0.000000,0.000000
2017-03-08,-0.01364251,87.7591,1,0.025441,200.346620,0.00150124,58.3563,1,0.034386,319.724440
2017-03-09,0.00200011,87.9591,1,0.017889,159.924430,0.00200802,58.5571,1,0.031578,280.987310
2017-03-10,-0.00367559,87.5915,1,0.019069,160.403100,0.01640783,60.1979,1,0.033787,280.499360
2017-03-13,-0.00757566,86.8340,0,0.000000,0.000000,-0.00012153,60.1858,1,0.028673,242.497670
2017-03-14,0.00525168,87.3591,1,0.027972,242.888357,-0.00158020,60.0277,1,0.045960,340.259440
2017-03-15,0.00349159,87.7083,1,0.022491,200.182540,-0.00124306,59.9034,1,0.038796,359.648080
2017-03-16,0.00810929,88.5192,1,0.023341,182.424730,0.00306567,60.2100,0,0.000000,0.000000
2017-03-17,-0.00213947,88.3053,0,0.000000,0.000000,0.00360561,60.5706,1,0.031499,302.874449
2017-03-20,-0.00179598,88.1257,1,0.028498,240.815186,-0.00389002,60.1816,1,0.037232,281.039400
2017-03-21,0.00122115,88.2478,1,0.030175,219.948820,-0.00051093,60.1305,1,0.045923,320.288070
2017-03-22,-0.00184103,88.0637,1,0.026653,179.762050,-0.00168384,59.9621,1,0.045964,339.769330
2017-03-23,0.00501021,88.5647,1,0.024499,200.961130,-0.00294277,59.6678,1,0.040887,340.891740
2017-03-24,-0.00188674,88.3760,1,0.030264,259.977600,0.00060997,59.7288,1,0.038353,340.328550
2017-03-27,-0.00072655,88.3034,1,0.032275,240.045970,0.00137423,59.8662,1,0.035007,320.414170
2017-03-28,0.00431069,88.7345,1,0.025101,219.705880,-0.01341688,58.5245,1,0.038688,320.101770
2017-03-29,-0.00837518,87.8969,0,0.000000,0.000000,0.00593493,59.1180,1,0.047697,362.379740
2017-03-30,0.00172637,88.0696,0,0.000000,0.000000,-0.00460264,58.6578,1,0.041524,321.193030
2017-03-31,0.00403249,88.4728,1,0.028591,201.802744,-0.00002036,58.6557,1,0.043966,340.259540
2017-04-03,-0.00378020,88.0948,1,0.031710,260.811520,-0.00352885,58.3029,1,0.047325,340.777850
2017-04-04,0.00287163,88.3820,1,0.021117,181.288230,0.00566505,58.8694,1,0.040775,340.410700
2017-04-05,0.00075970,88.4579,1,0.032240,200.673600,0.00106917,58.9763,1,0.032963,241.304540
2017-04-06,0.00315516,88.7735,1,0.031324,239.982350,-0.00121568,58.8547,1,0.040128,319.725300
2017-04-07,-0.00714740,88.0587,1,0.028800,240.876080,-0.00420050,58.4347,1,0.041870,360.922320
2017-04-10,0.00323265,88.3820,1,0.029975,260.291680,-0.00656484,57.7782,1,0.037324,339.985840
2017-04-11,-0.00553086,87.8289,1,0.039196,280.830260,0.00081842,57.8600,1,0.032678,300.486560
2017-04-12,0.00050388,87.8793,1,0.026172,220.928110,-0.00718556,57.1415,1,0.030776,280.525800
2017-04-13,0.00574612,88.4539,1,0.023438,200.281100,0.00551857,57.6933,1,0.043533,359.487080
2017-04-17,0.00029363,88.4833,1,0.036297,279.766930,-0.01481284,56.2120,0,0.000000,0.000000
2017-04-18,-0.00782417,87.7008,1,0.032327,261.834860,0.00630889,56.8429,0,0.000000,0.000000
2017-04-19,-0.00588175,87.1127,1,0.027735,220.406750,0.00059263,56.9022,1,0.036427,280.516698
2017-04-20,-0.00544016,86.5686,1,0.028756,240.481880,0.00126694,57.0289,1,0.034836,320.201070
2017-04-21,0.00385547,86.9542,1,0.020613,162.209740,-0.00556025,56.4729,1,0.028445,260.869870
2017-04-24,-0.00416575,86.5376,1,0.026525,180.434000,-0.00275678,56.1972,1,0.047558,340.166420
2017-04-25,0.00001031,86.5387,0,0.000000,0.000000,0.00273537,56.4707,0,0.000000,0.000000
2017-04-26,-0.00221842,86.3168,1,0.027362,222.395778,-0.00212890,56.2578,1,0.040760,302.626791
2017-04-27,-0.01679125,84.6377,1,0.036875,240.963120,0.00871432,57.1293,1,0.060838,341.045110
2017-04-28,-0.00597309,84.0404,1,0.032629,220.493970,-0.01190969,55.9383,1,0.045319,321.579770
2017-05-01,0.00434087,84.4745,1,0.044573,341.101820,0.00316255,56.2545,1,0.042715,359.182890
2017-05-02,-0.00531274,83.9432,1,0.035214,241.021200,0.00222733,56.4773,1,0.032697,281.001870
2017-05-03,-0.00437086,83.5061,1,0.019556,161.286400,0.00090907,56.5682,1,0.035593,320.619250
2017-05-04,0.00893417,84.3995,1,0.031803,200.764150,-0.01128684,55.4395,1,0.043134,319.733520
2017-05-05,0.00849966,85.2495,1,0.020624,201.962800,-0.01367332,54.0722,1,0.035622,361.361030
2017-05-08,-0.00719829,84.5297,1,0.036849,221.087270,0.01038498,55.1107,1,0.052842,380.999970
2017-05-09,-0.00408179,84.1215,1,0.023249,180.803760,-0.00650427,54.4602,1,0.030247,260.768080
2017-05-10,-0.00536180,83.5853,1,0.018070,160.654690,0.00071851,54.5321,1,0.029679,301.032860
2017-05-11,-0.00215236,83.3701,1,0.015846,141.554910,-0.00169314,54.3628,1,0.029954,300.791570
2017-05-12,0.00592409,83.9625,1,0.021821,140.686690,0.00293498,54.6563,1,0.035822,299.873700
2017-05-15,0.00586666,84.5491,1,0.024164,200.191110,-0.00487515,54.1688,1,0.029295,260.570140
2017-05-16,-0.00751392,83.7977,1,0.030332,221.111710,0.00096751,54.2655,0,0.000000,0.000000
2017-05-17,0.01485714,85.2835,1,0.016776,160.901860,-0.02597864,51.6676,1,0.039854,321.514597
2017-05-18,-0.00538809,84.7446,1,0.034129,240.256910,0.00458846,52.1265,1,0.044864,378.088950
2017-05-19,-0.00725851,84.0188,1,0.027501,221.230400,0.01739974,53.8665,1,0.043896,341.631750
2017-05-22,-0.00041362,83.9774,1,0.018952,181.584430,0.00586994,54.4535,0,0.000000,0.000000
2017-05-23,0.00444549,84.4220,1,0.014601,141.674130,-0.00503090,53.9504,0,0.000000,0.000000
2017-05-24,0.00639538,85.0615,1,0.026492,221.071730,-0.00251810,53.6986,1,0.034540,305.142366
2017-05-25,-0.00336119,84.7254,1,0.026669,220.937850,0.00736211,54.4348,1,0.033899,300.791150
2017-05-26,-0.01954532,82.7709,1,0.023002,181.223750,-0.02344977,52.0898,1,0.042887,301.682370
2017-05-30,-0.00241252,82.5296,1,0.024392,161.956790,0.00461594,52.5514,1,0.036766,361.738730
2017-05-31,-0.01125139,81.4045,1,0.015499,140.696420,0.01064417,53.6158,1,0.028633,260.515140
2017-06-01,-0.00252780,81.1517,1,0.019180,200.651320,-0.00005635,53.6102,1,0.019465,201.634290
2017-06-02,0.00873244,82.0249,1,0.023306,142.077200,0.00615547,54.2257,0,0.000000,0.000000
2017-06-05,0.00125922,82.1509,1,0.020458,162.096830,0.00118381,54.3441,1,0.033529,303.055164
2017-06-06,0.00354887,82.5058,1,0.018613,140.607640,-0.00254156,54.0899,1,0.029466,300.279010
2017-06-07,0.00465979,82.9717,1,0.019341,160.692580,-0.01009515,53.0804,1,0.037365,320.041690
2017-06-08,0.00764287,83.7360,1,0.022013,121.515580,-0.00767688,52.3127,1,0.039458,300.037270
2017-06-09,0.00848298,84.5843,1,0.032962,220.929980,0.00247966,52.5607,1,0.044854,380.809530
2017-06-12,0.00302145,84.8865,1,0.016625,122.080380,0.00593522,53.1542,1,0.034208,300.972180
2017-06-13,0.00098266,84.9847,1,0.020344,180.612510,-0.00261029,52.8932,1,0.032829,281.071630
2017-06-14,0.00604686,85.5894,1,0.023664,182.286170,-0.00304314,52.5889,0,0.000000,0.000000
2017-06-15,-0.00641401,84.9480,1,0.017981,160.588570,0.01364585,53.9535,1,0.038925,381.448756
2017-06-16,0.00231214,85.1792,1,0.023656,159.896420,0.01433455,55.3869,1,0.034585,261.731270
2017-06-19,-0.00237627,84.9416,1,0.020117,182.007730,-0.00005800,55.3811,1,0.030550,281.592380
2017-06-20,-0.00152246,84.7894,1,0.022756,182.165690,0.00163732,55.5449,1,0.028038,281.886830
2017-06-21,-0.00940147,83.8492,1,0.016597,141.212570,0.00890064,56.4349,1,0.029226,259.854470
2017-06-22,0.00291772,84.1410,1,0.011068,102.299550,0.00546729,56.9816,1,0.032141,320.981250
2017-06-23,-0.00713120,83.4279,1,0.030020,181.256260,0.00143163,57.1248,1,0.028337,280.353170
2017-06-26,0.00780028,84.2079,1,0.017532,181.601920,-0.01151601,55.9732,1,0.025961,281.955480
2017-06-27,0.00101454,84.3093,1,0.024016,201.063180,0.01356429,57.3296,1,0.049191,400.180320
2017-06-28,-0.00533744,83.7756,1,0.023174,180.959070,-0.01505525,55.8241,0,0.000000,0.000000
2017-06-29,0.00222153,83.9977,1,0.031877,221.714430,-0.00889785,54.9343,1,0.051515,399.126468
2017-06-30,0.00244758,84.2425,1,0.026132,200.317550,0.00499771,55.4341,0,0.000000,0.000000
2017-07-03,0.00613342,84.8558,1,0.031108,260.593050,-0.00206501,55.2276,1,0.029911,259.027819
2017-07-05,0.02169090,87.0249,1,0.034820,220.878110,-0.02317749,52.9098,1,0.058759,321.017410
2017-07-06,-0.00213490,86.8114,1,0.028520,321.198890,0.00896863,53.8067,1,0.038677,399.995550
2017-07-07,0.00017530,86.8290,1,0.021680,160.583150,0.01450357,55.2571,0,0.000000,0.000000
2017-07-10,-0.00208007,86.6210,1,0.024397,241.606850,0.00374475,55.6315,1,0.018285,181.453833
2017-07-11,0.00296636,86.9176,1,0.029524,261.842410,0.00479642,56.1112,1,0.037698,301.628840
2017-07-12,-0.00218002,86.6996,1,0.030392,260.610180,-0.00035067,56.0761,1,0.028197,260.763720
2017-07-13,0.00453322,87.1529,1,0.022098,182.032630,-0.00326100,55.7500,0,0.000000,0.000000
2017-07-14,-0.00816566,86.3364,1,0.033696,221.365600,-0.00098616,55.6514,1,0.038496,361.678141
2017-07-17,0.00176567,86.5129,1,0.020723,180.807210,0.00024234,55.6756,1,0.037086,340.745260
2017-07-18,0.00001380,86.5143,1,0.016500,140.950350,-0.00686226,54.9894,1,0.024306,261.266880
2017-07-19,0.00180947,86.6953,1,0.017853,180.526700,-0.00682693,54.3067,1,0.032433,340.378440
2017-07-20,-0.00182825,86.5124,1,0.023755,162.663760,-0.00066157,54.2406,0,0.000000,0.000000
2017-07-21,0.01224411,87.7368,1,0.022199,199.947070,-0.00208923,54.0316,1,0.035193,302.197304
2017-07-24,0.00191522,87.9284,1,0.021358,200.682030,0.00149296,54.1809,1,0.030024,320.879790
2017-07-25,-0.00222399,87.7060,1,0.037579,281.110940,-0.00712402,53.4685,1,0.040952,321.235860
2017-07-26,0.00390842,88.0968,1,0.023698,220.797620,-0.00966583,52.5019,1,0.028303,300.838710
2017-07-27,0.00792243,88.8891,1,0.026987,240.114300,-0.01123829,51.3781,1,0.043439,360.535480
2017-07-28,0.00946305,89.8354,1,0.024045,200.779470,-0.02097937,49.2802,1,0.039617,359.519610
2017-07-31,0.00951657,90.7870,1,0.037233,241.933670,-0.00502811,48.7774,1,0.049131,341.276600
2017-08-01,-0.00423620,90.3634,1,0.043640,299.745890,0.00418527,49.1959,1,0.048463,340.432320
2017-08-02,-0.00430334,89.9331,1,0.023054,240.725280,-0.00061658,49.1342,1,0.028988,301.515770
2017-08-03,0.00116383,90.0494,1,0.027887,180.052580,0.00656345,49.7906,1,0.033045,280.324950
2017-08-04,-0.00308443,89.7410,1,0.034303,260.297410,-0.00055782,49.7348,1,0.036132,341.715510
2017-08-07,0.00527933,90.2689,1,0.026027,181.291800,-0.00141429,49.5934,1,0.035719,321.501010
2017-08-08,0.01251151,91.5201,1,0.026089,181.343440,-0.01012559,48.5808,1,0.035709,261.290350
2017-08-09,0.00098057,91.6181,1,0.031663,278.878900,0.00217696,48.7985,1,0.037944,338.751730
2017-08-10,0.00218064,91.8362,1,0.029646,239.828320,-0.00053751,48.7448,1,0.037041,300.087660
2017-08-11,-0.00287021,91.5492,1,0.029971,239.539370,-0.00720781,48.0240,1,0.036791,319.489510
2017-08-14,-0.00441808,91.1074,1,0.042688,319.374670,-0.00327391,47.6966,1,0.036661,320.751970
2017-08-15,-0.01734196,89.3732,1,0.028066,202.155480,0.00078312,47.7749,0,0.000000,0.000000
2017-08-16,-0.00096832,89.2763,1,0.028462,220.842310,0.00087535,47.8624,1,0.036355,322.257717
2017-08-17,0.00967870,90.2442,1,0.029320,260.404550,0.00061424,47.9239,1,0.038956,320.794110
2017-08-18,0.00352438,90.5967,1,0.022622,239.804190,-0.00012845,47.9110,0,0.000000,0.000000
2017-08-21,0.00470518,91.0672,1,0.026342,259.778080,-0.00411592,47.4994,1,0.038402,337.607637
2017-08-22,-0.00465497,90.6017,1,0.034787,260.226860,-0.00439508,47.0599,1,0.038308,340.689650
2017-08-23,0.00546628,91.1483,1,0.033412,220.600550,-0.00114694,46.9452,1,0.044724,381.597300
2017-08-24,0.00579700,91.7280,1,0.022670,240.555300,0.01874414,48.8196,1,0.032456,340.230090
2017-08-25,-0.00646529,91.0815,1,0.034379,221.134610,0.00126520,48.9462,1,0.027210,261.909090
2017-08-28,0.00539832,91.6213,1,0.025978,260.428130,-0.00168650,48.7775,1,0.028320,261.609730
2017-08-29,-0.00576548,91.0448,1,0.017568,161.084890,-0.00081016,48.6965,1,0.030226,260.652510
2017-08-30,-0.00216158,90.8286,1,0.037918,279.604200,0.01345242,50.0417,1,0.031748,299.478650
2017-08-31,0.00087033,90.9156,1,0.031347,260.717940,0.00922623,50.9644,1,0.036217,302.296330
2017-09-01,0.01053249,91.9689,1,0.029741,241.384020,-0.00705447,50.2589,1,0.039427,321.554180
2017-09-05,0.00033176,92.0021,1,0.031394,281.562490,-0.00930893,49.3280,1,0.035573,320.863800
2017-09-06,-0.00504561,91.4975,1,0.021741,220.789410,0.00309489,49.6375,1,0.038131,359.981900
2017-09-07,-0.00269561,91.2279,1,0.027291,201.081700,-0.00082023,49.5555,1,0.030423,301.379160
2017-09-08,0.00676156,91.9041,1,0.026464,220.642770,-0.00262271,49.2932,1,0.031331,301.890380
2017-09-11,-0.00074090,91.8300,1,0.012760,142.144580,-0.00220954,49.0723,1,0.036324,301.588160
2017-09-12,-0.00118644,91.7114,1,0.026064,221.861510,-0.00520415,48.5518,0,0.000000,0.000000
2017-09-13,-0.00364354,91.3470,1,0.021564,161.274380,0.00792103,49.3439,1,0.041787,342.284466
2017-09-14,0.00494810,91.8418,1,0.022690,241.213390,-0.00786795,48.5571,1,0.034095,300.801730
2017-09-15,-0.00039960,91.8019,1,0.027040,220.837060,-0.00478873,48.0783,1,0.031593,359.673820
2017-09-18,0.00414804,92.2167,1,0.024486,201.056300,-0.00652273,47.4260,1,0.030343,301.295140
2017-09-19,0.00175496,92.3922,1,0.024234,261.043710,0.00100092,47.5261,1,0.041898,380.416970
2017-09-20,-0.00126388,92.2658,1,0.037368,280.366290,0.01350521,48.8766,1,0.039299,300.022370
2017-09-21,0.00261355,92.5271,1,0.023285,221.240680,0.00607636,49.4842,1,0.026244,241.914160
2017-09-22,0.00200708,92.7278,1,0.017542,200.449500,-0.00074416,49.4098,1,0.027206,260.241480
2017-09-25,-0.00256642,92.4712,1,0.019082,181.193470,-0.00841891,48.5679,1,0.026571,260.682830
2017-09-26,-0.01558224,90.9130,1,0.038134,300.822620,0.00253347,48.8213,1,0.030343,321.563080
2017-09-27,-0.00819003,90.0940,1,0.041633,319.241130,0.01067225,49.8885,1,0.038845,320.790590
2017-09-28,-0.00024341,90.0696,1,0.027641,201.340670,-0.00215213,49.6733,1,0.029433,281.716550
2017-09-29,0.00367422,90.4370,1,0.025668,240.524460,-0.00337226,49.3361,1,0.030596,341.018940
2017-10-02,-0.00027370,90.4097,1,0.023640,262.320630,-0.00591531,48.7445,1,0.023591,283.068310
2017-10-03,-0.00496721,89.9129,1,0.019251,161.208410,-0.00328574,48.4160,1,0.037334,360.872800
2017-10-04,0.00126575,90.0395,1,0.016045,140.803090,-0.00555899,47.8601,1,0.032679,280.415580
2017-10-05,0.00101770,90.1413,1,0.020860,160.904720,0.00330371,48.1904,0,0.000000,0.000000
2017-10-06,-0.00593557,89.5477,1,0.037377,260.929510,-0.00037352,48.1531,1,0.039872,301.906966
2017-10-09,-0.00809310,88.7384,1,0.021690,161.013460,0.00137661,48.2908,1,0.033729,340.068260
2017-10-10,0.01337420,90.0758,1,0.020170,160.777660,-0.00864117,47.4266,1,0.035847,300.152890
2017-10-11,-0.00123863,89.9520,1,0.027383,221.750730,-0.00232191,47.1944,1,0.036321,340.410110
2017-10-12,-0.00831289,89.1207,1,0.029549,221.415740,0.00770584,47.9650,1,0.035106,340.781890
2017-10-13,-0.00328722,88.7920,1,0.017152,180.100360,-0.00690009,47.2750,1,0.027889,301.576830
2017-10-16,0.00171113,88.9631,1,0.026877,200.687070,-0.00397688,46.8773,1,0.035708,340.301440
2017-10-17,0.00313588,89.2767,1,0.025252,221.079370,-0.00506747,46.3706,1,0.035657,320.269740
2017-10-18,-0.00268217,89.0085,1,0.018007,161.219340,0.00339735,46.7103,1,0.041865,360.075490
2017-10-19,-0.00703143,88.3053,1,0.012043,140.855530,0.00709093,47.4194,1,0.033277,260.666660
2017-10-20,-0.00060363,88.2450,1,0.015133,140.966340,0.00339736,47.7591,1,0.039214,281.051370
2017-10-23,-0.00421300,87.8237,1,0.018960,181.882730,0.00111551,47.8707,1,0.037229,281.606270
2017-10-24,-0.00326766,87.4969,1,0.020676,161.128840,-0.00112602,47.7581,1,0.036152,320.305900
2017-10-25,-0.00949514,86.5474,1,0.019394,160.933130,0.00466099,48.2242,1,0.040821,320.553970
2017-10-26,0.00131180,86.6786,1,0.027600,199.983180,0.00477680,48.7019,1,0.039140,320.309200
2017-10-27,-0.00714371,85.9642,1,0.017071,121.559840,0.00103244,48.8051,1,0.042246,281.582240
2017-10-30,-0.00812501,85.1517,1,0.023111,181.745840,0.00361671,49.1668,1,0.038389,301.789330
2017-10-31,-0.00955347,84.1963,1,0.030987,259.350550,-0.00316050,48.8507,1,0.036330,299.229100
2017-11-01,-0.00110067,84.0863,1,0.023407,201.619460,0.00583819,49.4346,1,0.034301,302.709720
2017-11-02,0.01244546,85.3308,1,0.013054,141.081300,-0.01133797,48.3008,1,0.034997,341.260480
2017-11-03,-0.00076559,85.2543,1,0.009369,81.684480,0.00454375,48.7551,1,0.031975,339.312460
2017-11-06,-0.00163518,85.0907,1,0.007778,101.549050,0.02546548,51.3017,1,0.032572,261.515210
2017-11-07,0.00524133,85.6149,1,0.009787,102.494240,-0.01602185,49.6995,1,0.020445,162.730780
2017-11-08,-0.00345862,85.2690,1,0.013282,121.261580,0.00387357,50.0869,1,0.045033,380.923820
2017-11-09,0.00093433,85.3624,1,0.021227,181.311160,-0.00351720,49.7351,1,0.023590,241.734250
2017-11-10,0.00119541,85.4820,1,0.010539,120.511160,-0.00233594,49.5015,1,0.037514,339.611150
2017-11-13,0.01117498,86.5995,1,0.005962,61.498460,0.00160078,49.6616,1,0.036122,341.225640
2017-11-14,0.00329916,86.9294,1,0.018874,122.679860,0.00407264,50.0689,1,0.031566,281.935560
2017-11-15,0.00497830,87.4272,1,0.009740,101.054730,0.00214168,50.2831,1,0.024572,261.345990
2017-11-16,-0.01473621,85.9536,1,0.016471,121.060050,-0.01477385,48.8057,1,0.029875,299.546980
2017-11-17,0.00166967,86.1206,1,0.019283,162.520330,-0.00755951,48.0497,1,0.049101,342.175950
2017-11-20,-0.00724691,85.3959,1,0.017171,141.204590,0.00873481,48.9232,1,0.034509,300.050830
2017-11-21,-0.00133339,85.2625,1,0.011069,120.055240,0.00442917,49.3661,1,0.035703,281.127130
2017-11-22,-0.00338302,84.9242,1,0.010972,120.338510,-0.00644148,48.7220,1,0.028808,300.945900
2017-11-24,0.00076032,85.0003,1,0.012718,120.501590,-0.00179609,48.5424,1,0.035129,300.566600
2017-11-27,-0.00254338,84.7459,1,0.023048,160.597030,-0.00243237,48.2991,1,0.047667,320.427600
2017-11-28,0.00039500,84.7854,1,0.022930,141.260810,0.00777922,49.0770,1,0.030188,321.002150
2017-11-29,0.00312112,85.0975,1,0.016098,161.470170,0.03910424,52.9875,1,0.028686,241.902590
2017-11-30,-0.00729861,84.3677,1,0.016391,181.296050,0.00072898,53.0604,1,0.021862,264.100870
2017-12-01,0.01096794,85.4645,1,0.018266,202.515290,0.01055527,54.1159,0,0.000000,0.000000
2017-12-04,-0.02102913,83.3616,1,0.021913,241.021220,0.02947218,57.0631,1,0.025882,242.398187
2017-12-05,-0.00344606,83.0170,1,0.012376,122.719320,-0.01207604,55.8555,1,0.026574,263.274060
2017-12-06,-0.00519595,82.4974,1,0.020495,218.862050,0.00470609,56.3261,1,0.037491,378.537670
2017-12-07,0.00072157,82.5695,1,0.008433,101.160280,-0.00115251,56.2109,1,0.027851,261.584060
2017-12-08,0.00795201,83.3647,1,0.012119,140.984590,-0.00311291,55.8996,1,0.039411,361.524280
2017-12-11,-0.00129375,83.2353,1,0.008685,101.010640,0.00498712,56.3983,0,0.000000,0.000000
2017-12-12,-0.00322422,82.9129,1,0.008622,101.302050,-0.01428293,54.9700,1,0.036433,301.100611
2017-12-13,0.00993579,83.9065,1,0.016711,159.282680,-0.01795174,53.1748,1,0.036604,358.545620
2017-12-14,0.00820317,84.7268,1,0.021203,200.539410,0.00542990,53.7178,1,0.041100,400.384950
2017-12-15,0.00196789,84.9236,1,0.013011,159.512060,-0.00604693,53.1131,1,0.035503,339.404130
2017-12-18,0.00274138,85.1977,1,0.016642,181.795340,-0.01788392,51.3247,0,0.000000,0.000000
2017-12-19,-0.00611423,84.5863,1,0.018933,202.314560,0.01337110,52.6618,1,0.037470,383.908519
2017-12-20,-0.00587128,83.9992,1,0.016868,201.356310,0.01606992,54.2688,1,0.023128,221.413400
2017-12-21,-0.00230076,83.7691,1,0.013566,141.614460,0.01024884,55.2937,1,0.017026,201.215480
2017-12-22,0.00219237,83.9884,1,0.015183,142.457290,-0.00627033,54.6667,1,0.028043,261.676470
2017-12-26,-0.00139021,83.8493,1,0.019871,161.433960,-0.00322715,54.3440,1,0.032115,341.241810
2017-12-27,0.00013918,83.8633,1,0.011332,140.850390,-0.00272569,54.0714,1,0.036429,340.207760
2017-12-28,0.00353513,84.2168,1,0.010597,120.501910,-0.00226051,53.8453,1,0.028421,300.349760
2017-12-29,-0.00058944,84.1578,1,0.019854,160.498550,0.00403713,54.2491,1,0.034417,320.330870
2018-01-02,-0.01127091,83.0307,1,0.024141,259.599670,-0.01411444,52.8376,0,0.000000,0.000000
2018-01-03,-0.00414434,82.6163,1,0.015744,163.180390,0.01255122,54.0927,1,0.039418,340.926348
2018-01-04,-0.00169283,82.4470,1,0.014263,122.151230,0.01036664,55.1294,1,0.027596,281.101680
2018-01-05,-0.00501509,81.9455,1,0.018869,181.795820,-0.00905119,54.2243,1,0.027789,301.291420
2018-01-08,-0.00674146,81.2714,1,0.018976,181.406960,0.01418028,55.6423,1,0.040212,360.622190
2018-01-09,0.00652020,81.9234,1,0.020660,161.206990,-0.00106245,55.5361,0,0.000000,0.000000
2018-01-10,0.00140591,82.0640,1,0.015679,141.538040,0.00234210,55.7703,1,0.029980,262.510731
2018-01-11,-0.00961949,81.1020,1,0.023149,241.382970,0.00722428,56.4927,1,0.026832,299.472390
2018-01-12,-0.00457403,80.6446,0,0.000000,0.000000,0.00897699,57.3904,1,0.032361,301.620900
2018-01-16,0.00982574,81.6272,1,0.022146,221.498271,-0.00488873,56.9015,1,0.027233,261.322940
2018-01-17,0.00062118,81.6893,1,0.017772,161.103240,0.00634691,57.5362,1,0.036459,339.936820
2018-01-18,-0.00605585,81.0837,1,0.030515,302.179070,-0.00611619,56.9246,0,0.000000,0.000000
2018-01-19,0.00274418,81.3581,1,0.025772,240.672290,0.00252698,57.1773,1,0.043782,342.587183
2018-01-22,-0.01355938,80.0022,1,0.016918,221.853350,0.01145481,58.3228,1,0.029329,302.412660
2018-01-23,0.00071366,80.0736,1,0.014674,142.504460,-0.01414741,56.9080,1,0.027981,241.963110
2018-01-24,-0.00772400,79.3012,1,0.014370,101.442760,0.00280136,57.1882,1,0.039124,322.584500
2018-01-25,-0.00151803,79.1494,1,0.013183,180.428030,0.00029027,57.2172,1,0.034603,320.317440
2018-01-26,-0.00348498,78.8009,1,0.011488,141.779280,-0.00944133,56.2731,1,0.036853,321.148370
2018-01-29,-0.00755182,78.0457,1,0.016652,161.893370,0.02053095,58.3262,1,0.031005,361.916680
2018-01-30,0.00321245,78.3669,1,0.027305,239.085710,-0.02144697,56.1815,0,0.000000,0.000000
2018-01-31,-0.00355834,78.0111,1,0.014824,142.193950,0.00927832,57.1093,1,0.063178,375.746164
2018-02-01,0.01103618,79.1147,1,0.019762,240.285310,-0.02180128,54.9292,1,0.039588,261.272830
2018-02-02,0.00859563,79.9743,1,0.030837,180.791700,-0.00424983,54.5042,1,0.051753,378.464460
2018-02-05,-0.01276423,78.6979,1,0.038683,319.007900,0.00471607,54.9758,0,0.000000,0.000000
2018-02-06,-0.01415776,77.2821,0,0.000000,0.000000,0.00236826,55.2126,0,0.000000,0.000000
2018-02-07,0.01439300,78.7214,0,0.000000,0.000000,-0.02548614,52.6640,1,0.036174,335.858290
2018-02-08,-0.01062491,77.6589,0,0.000000,0.000000,-0.00002972,52.6610,1,0.040992,359.751880
2018-02-09,0.01285474,78.9444,0,0.000000,0.000000,0.00267999,52.9290,0,0.000000,0.000000
2018-02-12,-0.00026926,78.9174,0,0.000000,0.000000,-0.00864100,52.0649,0,0.000000,0.000000
2018-02-13,0.00339226,79.2567,1,0.043144,337.775214,0.01305408,53.3703,0,0.000000,0.000000
2018-02-14,-0.00622792,78.6339,1,0.016722,121.462070,-0.01214692,52.1556,1,0.018782,203.098963
2018-02-15,0.00029266,78.6631,1,0.027014,183.484010,-0.00041336,52.1143,1,0.044366,362.322910
2018-02-16,-0.00184209,78.4789,1,0.012339,102.555420,-0.00801004,51.3133,1,0.045224,343.273790
2018-02-20,-0.01190579,77.2884,1,0.009219,81.896830,-0.00780433,50.5329,1,0.045763,380.422440
2018-02-21,-0.00917348,76.3710,1,0.018088,121.432660,-0.00111278,50.4216,1,0.040158,340.153570
2018-02-22,0.01017503,77.3885,1,0.022347,160.995060,-0.00205829,50.2158,1,0.034139,319.198380
2018-02-23,-0.00776038,76.6125,0,0.000000,0.000000,-0.00038049,50.1777,1,0.040279,341.809770
2018-02-26,0.00084364,76.6968,1,0.033756,243.671911,-0.00211787,49.9659,0,0.000000,0.000000
2018-02-27,0.00232667,76.9295,1,0.014933,101.765160,0.00909280,50.8752,1,0.034210,324.017563
2018-02-28,-0.01036808,75.8927,1,0.026938,220.244560,0.00649383,51.5246,0,0.000000,0.000000
2018-03-01,0.00645410,76.5381,1,0.038950,337.615890,0.00003547,51.5281,0,0.000000,0.000000
2018-03-02,0.00013732,76.5518,1,0.027158,161.812540,-0.00905711,50.6224,1,0.056001,337.292732
2018-03-05,0.00161775,76.7136,1,0.021215,182.048130,-0.00789333,49.8331,1,0.040693,341.417110
2018-03-06,0.00223265,76.9369,1,0.022445,202.401590,0.00749020,50.5821,0,0.000000,0.000000
2018-03-07,-0.01225159,75.7117,1,0.022989,181.599750,0.00569471,51.1516,1,0.024389,244.517856
2018-03-08,0.00278330,75.9900,1,0.020100,182.152770,0.01618708,52.7703,1,0.027332,280.160260
2018-03-09,-0.00950165,75.0399,1,0.027385,201.248790,-0.00944109,51.8262,1,0.029329,282.744620
2018-03-12,0.00796288,75.8362,1,0.030472,263.618360,0.01434798,53.2610,0,0.000000,0.000000
2018-03-13,0.00995153,76.8313,1,0.018857,181.708940,-0.00372846,52.8881,1,0.029046,263.471494
2018-03-14,-0.00652002,76.1793,1,0.030692,220.991190,0.00531355,53.4195,1,0.037415,319.936980
2018-03-15,0.00199584,76.3789,1,0.027056,200.900870,0.00923478,54.3430,1,0.034342,320.410890
2018-03-16,0.00056355,76.4353,1,0.019725,220.471260,-0.00175532,54.1674,1,0.031942,301.187600
2018-03-19,-0.00139462,76.2958,1,0.027912,201.448940,-0.00191597,53.9758,0,0.000000,0.000000
2018-03-20,0.00250750,76.5465,1,0.028640,259.922650,0.00528742,54.5046,0,0.000000,0.000000
2018-03-21,-0.00770200,75.7763,1,0.033640,241.379730,0.00794587,55.2992,1,0.028103,279.920948
2018-03-22,0.00021860,75.7982,1,0.019880,182.476840,-0.00481571,54.8176,1,0.025921,281.604810
2018-03-23,0.00081374,75.8796,1,0.034676,297.675220,-0.00463174,54.3544,0,0.000000,0.000000
2018-03-26,0.00488673,76.3683,1,0.024947,200.000390,0.00516831,54.8713,0,0.000000,0.000000
2018-03-27,-0.00071965,76.2963,1,0.026255,224.551560,-0.00977519,53.8937,0,0.000000,0.000000
2018-03-28,-0.00600025,75.6963,1,0.035195,238.475530,0.02493689,56.3874,1,0.040401,355.991681
2018-03-29,0.00502168,76.1984,1,0.023162,180.351970,-0.00464852,55.9226,1,0.025852,222.057730
2018-04-02,-0.00925157,75.2733,1,0.030887,302.098830,0.01861544,57.7841,0,0.000000,0.000000
2018-04-03,0.00612481,75.8858,1,0.015719,141.664050,-0.00547696,57.2364,0,0.000000,0.000000
2018-04-04,0.00607274,76.4930,1,0.032986,282.309500,-0.01168523,56.0679,0,0.000000,0.000000
2018-04-05,-0.00532682,75.9603,1,0.016372,162.822200,-0.00953181,55.1147,0,0.000000,0.000000
2018-04-06,-0.00134544,75.8258,1,0.020924,181.612610,0.00991297,56.1060,1,0.043253,345.152951
2018-04-09,-0.00251876,75.5739,1,0.019716,180.339000,-0.00582066,55.5239,0,0.000000,0.000000
2018-04-10,0.01226024,76.8000,1,0.040716,280.860420,0.01019304,56.5433,1,0.036276,335.181638
2018-04-11,-0.00362432,76.4375,1,0.017292,182.496160,-0.00733566,55.8097,1,0.028726,263.019960
2018-04-12,0.00027165,76.4647,1,0.017505,180.543140,-0.01365382,54.4443,1,0.038082,339.596060
2018-04-13,-0.00563018,75.9017,1,0.024628,181.145150,-0.00732910,53.7114,1,0.053690,361.784340
2018-04-16,0.00158363,76.0600,1,0.020797,181.064470,0.00015294,53.7267,1,0.048226,360.604260
2018-04-17,0.00001225,76.0613,1,0.012815,162.699500,-0.00084306,53.6424,0,0.000000,0.000000
2018-04-18,0.00305888,76.3671,1,0.012662,162.363180,0.00262676,53.9051,0,0.000000,0.000000
2018-04-19,0.00920062,77.2872,1,0.020358,180.897450,-0.00215078,53.6900,1,0.029118,304.989519
2018-04-20,-0.00051700,77.2355,1,0.024690,201.251320,0.00554834,54.2448,0,0.000000,0.000000
2018-04-23,-0.00258444,76.9771,1,0.023174,200.087890,-0.00237595,54.0072,0,0.000000,0.000000
2018-04-24,0.00125342,77.1024,1,0.012008,161.091330,0.01131609,55.1388,1,0.041371,336.791765
2018-04-25,-0.01006761,76.0956,1,0.021521,181.557690,-0.00116377,55.0225,1,0.027067,201.442800
2018-04-26,-0.00910773,75.1849,1,0.029203,259.956340,0.00331635,55.3541,1,0.042565,301.117450
2018-04-27,-0.00326621,74.8582,1,0.024961,261.187830,0.00107054,55.4611,1,0.033506,321.482140
2018-04-30,-0.00971943,73.8863,1,0.026473,220.702960,0.00430002,55.8911,1,0.034508,301.062680
2018-05-01,-0.00115042,73.7713,1,0.030022,200.484870,0.00665007,56.5561,1,0.039833,320.052350
2018-05-02,-0.00614059,73.1572,1,0.031039,161.135080,-0.00389308,56.1668,1,0.037888,321.171980
2018-05-03,-0.00429789,72.7274,1,0.013349,120.818540,0.00181565,56.3484,1,0.032905,359.905260
2018-05-04,0.00306469,73.0339,1,0.017861,142.430980,-0.00488879,55.8595,1,0.028069,281.236470
2018-05-07,0.00013773,73.0477,1,0.022687,162.717450,0.00874106,56.7336,0,0.000000,0.000000
2018-05-08,-0.00367766,72.6799,1,0.019526,161.082260,0.01274807,58.0084,1,0.024123,282.948244
2018-05-09,-0.01068661,71.6112,1,0.018841,141.236620,0.01003642,59.0121,1,0.031188,241.831410
2018-05-10,-0.00036843,71.5744,1,0.017373,161.043280,-0.00217982,58.7941,1,0.031442,242.021530
2018-05-11,0.00051640,71.6260,1,0.020700,181.113710,-0.00569341,58.2248,0,0.000000,0.000000
2018-05-14,0.00025944,71.6520,1,0.010306,140.832360,0.01250329,59.4751,1,0.036771,342.255262
2018-05-15,-0.00740419,70.9116,1,0.015199,160.541950,0.00522820,59.9979,1,0.022120,260.908440
2018-05-16,-0.00633271,70.2783,1,0.017781,161.463820,0.00913132,60.9110,1,0.029858,280.607140
2018-05-17,-0.00405222,69.8731,1,0.014442,141.159890,0.01078344,61.9894,1,0.027836,241.110330
2018-05-18,-0.00085366,69.7877,1,0.017186,120.656120,0.00169715,62.1591,1,0.026485,240.674140
2018-05-21,-0.00151728,69.6360,1,0.018668,160.382060,0.00799863,62.9590,1,0.037437,300.540740
2018-05-22,0.00980270,70.6162,1,0.030020,160.708800,-0.00870438,62.0885,1,0.032858,301.660120
2018-05-23,0.00227963,70.8442,1,0.016767,140.197230,-0.00181245,61.9073,1,0.041085,339.089440
2018-05-24,-0.01143801,69.7004,1,0.022401,140.803750,0.01195972,63.1033,1,0.044408,301.126400
2018-05-25,-0.00441410,69.2590,1,0.015810,121.729020,0.00880118,63.9834,1,0.029202,261.494960
2018-05-29,-0.01747598,67.5114,1,0.023728,160.624520,0.01901351,65.8847,1,0.037169,281.663620
2018-05-30,-0.00273445,67.2379,1,0.016355,141.793030,-0.00580720,65.3040,1,0.025860,241.085300
2018-05-31,0.00064538,67.3025,1,0.021132,162.832090,-0.00715126,64.5889,0,0.000000,0.000000
2018-06-01,-0.00924585,66.3779,1,0.029095,239.511490,0.00322183,64.9111,1,0.041237,381.080152
2018-06-04,0.00607327,66.9852,1,0.031083,261.577730,0.00907854,65.8189,1,0.042416,341.187480
2018-06-05,0.00311259,67.2965,1,0.019941,201.855470,0.01089683,66.9086,1,0.025017,262.703190
2018-06-06,0.00240931,67.5374,1,0.027699,220.595520,0.01133943,68.0425,1,0.025677,221.234500
2018-06-07,0.00504576,68.0420,1,0.028054,241.635070,-0.01606236,66.4363,1,0.037516,282.639500
2018-06-08,-0.00325683,67.7163,1,0.026903,221.694630,-0.00262195,66.1741,1,0.048155,400.105560
2018-06-11,-0.00790598,66.9257,1,0.023018,202.115300,0.01116302,67.2904,0,0.000000,0.000000
2018-06-12,0.00399292,67.3250,1,0.017448,180.885740,-0.01555390,65.7350,1,0.030570,263.675070
2018-06-13,0.00082367,67.4074,1,0.024203,241.408120,0.00258931,65.9939,1,0.037459,360.989860
2018-06-14,-0.00202235,67.2051,1,0.019245,239.723210,-0.00278080,65.7159,1,0.025920,280.079710
2018-06-15,-0.00334432,66.8707,1,0.015162,161.969790,-0.00259977,65.4559,1,0.037977,360.475040
2018-06-18,-0.00345591,66.5251,1,0.019441,161.518190,-0.00993432,64.4625,1,0.034712,340.947880
2018-06-19,0.00273214,66.7983,1,0.025316,160.629050,-0.00022845,64.4396,1,0.036815,360.734200
2018-06-20,-0.00047181,66.7511,1,0.014411,161.123890,0.00597740,65.0374,1,0.030290,320.416490
2018-06-21,-0.00642534,66.1086,1,0.021844,181.217710,-0.01559571,63.4778,1,0.029501,301.400210
2018-06-22,0.01455416,67.5640,1,0.015614,140.676730,0.01164076,64.6419,1,0.030424,321.112370
2018-06-25,0.01754586,69.3186,1,0.013084,141.582630,0.02077244,66.7191,1,0.023656,222.490560
2018-06-26,-0.00510877,68.8077,1,0.022107,181.846090,-0.00127577,66.5915,1,0.028337,240.584580
2018-06-27,-0.00456866,68.3509,1,0.023156,221.740930,0.00902539,67.4941,1,0.040951,361.895540
2018-06-28,0.00486397,68.8373,1,0.030903,260.635390,-0.00466615,67.0275,1,0.031905,299.464470
2018-06-29,0.00271037,69.1083,1,0.024983,221.324660,0.00080324,67.1078,0,0.000000,0.000000
2018-07-02,-0.00452294,68.6560,1,0.031664,280.905820,-0.00615840,66.4919,1,0.055830,321.777064
2018-07-03,0.00032336,68.6883,1,0.026844,182.142350,-0.00820024,65.6719,1,0.027174,240.459790
2018-07-05,0.00074392,68.7627,1,0.038508,260.534940,-0.00542514,65.1294,1,0.048204,340.527150
2018-07-06,0.00163422,68.9262,1,0.017168,221.659080,0.00234463,65.3639,0,0.000000,0.000000
2018-07-09,-0.00647714,68.2784,1,0.028634,222.153170,-0.01144485,64.2194,0,0.000000,0.000000
2018-07-10,-0.00306843,67.9716,1,0.034043,301.559480,-0.00455194,63.7642,1,0.044824,345.303545
2018-07-11,0.01003504,68.9751,1,0.034026,281.259900,-0.00848647,62.9155,1,0.041627,361.086710
2018-07-12,0.01017493,69.9926,1,0.027747,260.520350,-0.00413136,62.5024,1,0.038136,378.627680
2018-07-13,-0.00268218,69.7244,1,0.036668,281.176380,-0.00493983,62.0084,1,0.040773,320.978740
2018-07-16,0.00610249,70.3346,1,0.028491,240.560630,-0.00980867,61.0275,1,0.037627,360.288610
2018-07-17,-0.01032887,69.3017,1,0.019677,161.022260,0.00158389,61.1859,1,0.042191,339.108140
2018-07-18,-0.00596981,68.7048,1,0.017091,161.073550,-0.00251784,60.9342,1,0.026664,321.797140
2018-07-19,0.01733031,70.4378,1,0.015159,161.270770,-0.02076835,58.8573,1,0.030415,319.854220
2018-07-20,0.00676229,71.1140,1,0.036021,280.793670,-0.01223773,57.6335,1,0.051743,379.976280
2018-07-23,0.00378081,71.4921,1,0.027319,260.299310,0.00319393,57.9529,1,0.040287,379.649470
2018-07-24,-0.00324570,71.1675,1,0.010860,139.980060,0.00396420,58.3494,1,0.023250,240.313820
2018-07-25,0.00355750,71.5233,1,0.011770,120.898890,-0.00410632,57.9387,1,0.033532,300.338730
2018-07-26,0.02406878,73.9302,1,0.025162,221.967620,-0.02732747,55.2060,1,0.044277,322.548060
2018-07-27,-0.01183148,72.7470,1,0.032118,262.932180,0.01509812,56.7158,1,0.040898,382.845190
2018-07-30,-0.00407622,72.3394,1,0.018172,238.561290,0.01451682,58.1675,1,0.022198,240.201550
2018-07-31,0.00748676,73.0881,1,0.020324,181.303690,-0.00512470,57.6550,1,0.023480,241.195240
2018-08-01,0.00316828,73.4049,1,0.033602,321.755420,-0.00082668,57.5723,1,0.036108,360.729270
2018-08-02,0.00840573,74.2455,1,0.034937,299.737090,0.00681133,58.2535,1,0.046337,299.928980
2018-08-03,0.00012490,74.2580,1,0.025430,201.469850,-0.00169295,58.0842,1,0.028585,302.359170
2018-08-06,0.00038522,74.2965,1,0.017338,181.373920,-0.00526530,57.5576,1,0.035310,341.374250
2018-08-07,0.00538139,74.8346,1,0.015521,200.507320,0.00428061,57.9857,1,0.025109,321.026580
2018-08-08,0.00493556,75.3282,1,0.018254,180.820440,0.00357558,58.3433,1,0.034812,301.258990
2018-08-09,0.00452066,75.7802,1,0.018764,180.698030,0.00692624,59.0359,1,0.024226,260.855030
2018-08-10,-0.01082957,74.6973,1,0.022107,160.971830,-0.00391404,58.6445,1,0.030144,240.707170
2018-08-13,0.00101185,74.7985,1,0.007305,140.639990,-0.00164854,58.4796,1,0.027754,340.200140
2018-08-14,0.00582145,75.3806,1,0.026445,200.604650,-0.00254302,58.2253,1,0.038072,340.058740
2018-08-15,0.00644650,76.0253,1,0.028660,262.561050,-0.00995732,57.2296,1,0.038832,341.563350
2018-08-16,0.00470115,76.4954,1,0.021705,261.081010,0.00451573,57.6812,1,0.026387,319.613740
2018-08-17,-0.00282293,76.2131,1,0.027533,221.723780,0.00488908,58.1701,0,0.000000,0.000000
2018-08-20,-0.00423873,75.7892,1,0.024793,222.055960,-0.00205662,57.9644,0,0.000000,0.000000
2018-08-21,0.00430966,76.2202,1,0.024314,181.199600,-0.00522144,57.4423,1,0.026654,323.825758
2018-08-22,-0.00293138,75.9270,1,0.016448,161.962000,0.00731550,58.1738,1,0.022700,299.422050
2018-08-23,-0.02148347,73.7787,1,0.010577,81.299470,0.02570346,60.7442,1,0.020754,220.954730
2018-08-24,0.00617881,74.3966,1,0.014599,142.515710,-0.01145350,59.5988,1,0.026150,222.184960
2018-08-27,-0.00024921,74.3717,1,0.032971,201.892600,0.00873443,60.4723,1,0.037937,320.518680
2018-08-28,0.00006780,74.3784,1,0.029170,220.860110,0.00015957,60.4882,1,0.029073,301.347020
2018-08-29,-0.00024745,74.3537,1,0.014595,201.271130,-0.00663080,59.8251,1,0.035450,340.363650
2018-08-30,0.00122927,74.4766,1,0.020133,181.086110,0.00562447,60.3876,1,0.036213,360.815170
2018-08-31,0.00396793,74.8734,1,0.018377,200.390520,0.00019314,60.4069,1,0.028306,240.611060
2018-09-04,-0.00946669,73.9267,1,0.036969,320.305430,0.00232829,60.6397,1,0.032361,300.629820
2018-09-05,0.01360751,75.2875,1,0.012019,101.806760,0.00014722,60.6544,1,0.025678,280.876090
2018-09-06,0.00799338,76.0868,1,0.012442,121.916730,0.01175990,61.8304,1,0.045260,361.010500
2018-09-07,-0.00819068,75.2678,1,0.013248,122.379480,0.01323035,63.1535,1,0.041405,301.069730
2018-09-10,-0.00568474,74.6993,1,0.008664,100.666480,0.00420619,63.5741,1,0.029191,241.189720
2018-09-11,-0.00061816,74.6375,1,0.006646,81.917970,0.00201337,63.7754,1,0.030033,281.540030
2018-09-12,0.00349164,74.9866,1,0.011766,101.223390,-0.00332487,63.4429,1,0.030997,281.233510
2018-09-13,0.01552983,76.5396,1,0.017067,121.495910,-0.00913257,62.5297,1,0.039537,321.317590
2018-09-14,-0.00186902,76.3527,1,0.015772,122.801690,0.00092661,62.6223,1,0.046949,360.665760
2018-09-17,0.00721275,77.0740,1,0.012385,141.051730,-0.01321570,61.3008,1,0.028010,281.512830
2018-09-18,-0.01316831,75.7572,1,0.006731,81.440360,-0.00407718,60.8931,1,0.031008,359.557340
2018-09-19,-0.01258088,74.4991,1,0.006108,61.746700,0.00346405,61.2395,1,0.030935,321.143830
2018-09-20,-0.00400046,74.0990,1,0.007716,62.049800,0.00093737,61.3332,1,0.030513,299.800500
2018-09-21,-0.00401052,73.6980,1,0.010502,102.255090,-0.00433910,60.8993,0,0.000000,0.000000
2018-09-24,-0.01036239,72.6617,1,0.007119,61.373470,-0.00039463,60.8598,1,0.036093,341.931523
2018-09-25,0.00190422,72.8522,1,0.008338,101.021960,0.01097505,61.9573,1,0.029135,339.564710
2018-09-26,0.00857482,73.7096,1,0.015858,101.305540,-0.00193630,61.7637,1,0.025310,260.945000
2018-09-27,0.00078768,73.7884,1,0.011912,100.612520,0.00742637,62.5063,1,0.040353,318.946960
2018-09-28,0.00948784,74.7372,1,0.007266,121.798540,0.01162942,63.6693,1,0.032378,300.856450
2018-10-01,-0.00423088,74.3141,1,0.027368,221.271570,-0.00647650,63.0216,1,0.014480,181.951840
2018-10-02,-0.00740344,73.5738,1,0.024504,239.690340,0.01778606,64.8002,1,0.031884,358.588690
2018-10-03,-0.00145068,73.4287,1,0.023288,220.902400,-0.00561653,64.2386,1,0.020603,242.341530
2018-10-04,-0.00001307,73.4274,1,0.017437,160.446440,0.00047205,64.2858,1,0.038565,320.476810
2018-10-05,-0.00113594,73.3138,1,0.020284,221.667550,0.01387113,65.6729,1,0.037797,319.634130
2018-10-08,-0.00419701,72.8941,1,0.017821,200.398290,0.02232492,67.9054,1,0.026628,241.728610
2018-10-09,-0.00535140,72.3590,1,0.022150,222.284040,-0.00184108,67.7213,1,0.030108,302.055080
2018-10-10,-0.01284777,71.0742,1,0.020127,240.401570,-0.00164984,67.5563,1,0.034774,359.727840
2018-10-11,0.00659115,71.7333,1,0.027175,240.253990,-0.00936969,66.6193,0,0.000000,0.000000
2018-10-12,0.00036954,71.7702,1,0.036976,317.781850,-0.00216917,66.4024,0,0.000000,0.000000
2018-10-15,0.00368296,72.1385,1,0.034814,322.139030,-0.01107444,65.2950,1,0.039544,335.306734
2018-10-16,0.00245961,72.3845,1,0.028029,241.308990,-0.01177310,64.1177,1,0.042300,379.449560
2018-10-17,-0.00251762,72.1327,1,0.020292,205.010110,-0.00785925,63.3317,0,0.000000,0.000000
2018-10-18,0.00312430,72.4452,1,0.028620,240.798770,0.00063815,63.3956,1,0.053755,384.398360
2018-10-19,-0.00098129,72.3470,1,0.033629,259.928470,0.02933477,66.3290,1,0.039373,319.382950
2018-10-22,-0.00079719,72.2673,1,0.018329,201.347160,-0.01053551,65.2755,1,0.026271,222.526510
2018-10-23,-0.01572146,70.6952,1,0.025456,200.129210,-0.00029362,65.2461,1,0.044482,380.025040
2018-10-24,-0.00583672,70.1115,1,0.035472,299.787190,0.01911100,67.1572,1,0.044000,300.912480
2018-10-25,0.02253298,72.3648,1,0.042722,279.460220,-0.01422917,65.7343,1,0.050197,336.963340
2018-10-26,0.01012717,73.3775,1,0.050413,346.210780,0.00363432,66.0977,1,0.052558,384.102960
2018-10-29,0.01003327,74.3808,1,0.032003,318.979190,-0.01495735,64.6020,0,0.000000,0.000000
2018-10-30,0.00684475,75.0653,1,0.032395,261.728430,0.00292557,64.8946,1,0.051053,358.592826
2018-10-31,0.02958784,78.0241,1,0.033656,263.480530,-0.01733572,63.1610,0,0.000000,0.000000
2018-11-01,0.02724162,80.7483,0,0.000000,0.000000,0.01631508,64.7925,1,0.039092,383.364037
2018-11-02,0.00134121,80.8824,1,0.036399,323.489598,-0.00298855,64.4936,1,0.038505,286.213680
2018-11-05,0.00293195,81.1756,1,0.027595,240.722700,-0.01784027,62.7096,1,0.030497,339.831830
2018-11-06,-0.00545446,80.6301,1,0.034506,222.525290,0.00660314,63.3699,1,0.044556,401.993350
2018-11-07,0.02809006,83.4391,1,0.039374,241.837360,-0.01737226,61.6327,1,0.039606,281.641870
2018-11-08,-0.00342835,83.0963,1,0.054865,323.616980,0.00129982,61.7627,0,0.000000,0.000000
2018-11-09,-0.00131154,82.9652,1,0.043144,261.502630,-0.00257737,61.5049,1,0.051187,322.376323
2018-11-12,0.03443101,86.4083,1,0.028499,260.488490,0.04525032,66.0300,1,0.039408,339.835650
2018-11-13,-0.01653292,84.7550,1,0.026512,184.118300,-0.00392584,65.6374,1,0.023854,163.319960
2018-11-14,-0.00923013,83.8320,1,0.027023,220.795840,-0.00439478,65.1979,1,0.034388,341.619930
2018-11-15,0.01493201,85.3252,1,0.031139,202.031590,0.02449281,67.6472,1,0.044289,279.796130
2018-11-16,-0.00335655,84.9895,1,0.031305,183.927580,-0.01219349,66.4278,1,0.039069,244.109210
2018-11-19,0.00385324,85.3748,1,0.023616,184.284970,-0.00008124,66.4197,1,0.045054,364.445020
2018-11-20,0.00031775,85.4066,1,0.027885,220.575900,-0.01080485,65.3392,1,0.046915,358.209810
2018-11-21,0.00911378,86.3180,1,0.025782,219.665660,-0.02222936,63.1163,0,0.000000,0.000000
2018-11-23,-0.00466759,85.8512,1,0.030059,261.900760,-0.00489788,62.6265,1,0.050238,380.762287
2018-11-26,-0.00365514,85.4857,1,0.061484,261.159220,-0.00988333,61.6382,1,0.078073,340.058850
2018-11-27,-0.00180361,85.3053,1,0.037441,204.004910,-0.00553502,61.0847,1,0.045092,323.332240
2018-11-28,0.00434370,85.7397,1,0.038540,240.450280,-0.01452165,59.6325,1,0.052015,320.563550
2018-11-29,0.00701661,86.4414,1,0.040849,302.608510,-0.01660365,57.9721,1,0.046775,363.589990
2018-11-30,-0.00045778,86.3956,1,0.024728,200.828950,-0.00271438,57.7007,1,0.035758,379.501690
2018-12-03,0.00346514,86.7421,1,0.039756,340.813510,-0.00650871,57.0498,1,0.036201,341.495020
2018-12-04,0.00173448,86.9156,1,0.030502,244.648750,0.01060847,58.1107,0,0.000000,0.000000
2018-12-06,-0.00243546,86.6720,1,0.030626,257.148970,0.00359954,58.4706,0,0.000000,0.000000
2018-12-07,-0.02554314,84.1177,1,0.037904,261.612580,-0.00137204,58.3334,1,0.048314,299.554252
2018-12-10,0.00556511,84.6742,1,0.030899,240.638850,0.00218045,58.5515,0,0.000000,0.000000
2018-12-11,-0.00504651,84.1696,1,0.039811,260.008270,0.00780255,59.3317,1,0.038115,279.183306
2018-12-12,0.00695343,84.8649,1,0.026537,201.540200,-0.01052106,58.2796,1,0.035246,241.187670
2018-12-13,-0.01423360,83.4415,1,0.036360,221.999080,-0.01623264,56.6564,1,0.053054,361.684280
2018-12-14,-0.00609547,82.8320,1,0.024807,201.059420,0.01140493,57.7969,1,0.055167,380.516790
2018-12-17,0.00139810,82.9718,1,0.023750,180.255600,-0.01167076,56.6298,0,0.000000,0.000000
2018-12-18,0.00414526,83.3863,1,0.034184,219.655640,0.00198530,56.8283,0,0.000000,0.000000
2018-12-19,-0.00073587,83.3127,1,0.039817,279.855390,-0.01008050,55.8203,1,0.034510,257.687225
2018-12-20,-0.01417449,81.8953,1,0.027449,219.652610,0.00493525,56.3138,0,0.000000,0.000000
2018-12-21,-0.00318660,81.5766,1,0.021260,140.416300,0.00399096,56.7129,0,0.000000,0.000000
2018-12-24,-0.00323689,81.2529,1,0.023119,160.184220,-0.00351523,56.3614,0,0.000000,0.000000
2018-12-26,0.00974695,82.2276,1,0.057065,218.944870,0.00960878,57.3222,0,0.000000,0.000000
2018-12-27,-0.00101774,82.1259,1,0.046324,309.514000,0.00573731,57.8960,0,0.000000,0.000000
2018-12-28,-0.00023321,82.1025,1,0.035861,201.074430,0.00111492,58.0075,0,0.000000,0.000000
2018-12-31,0.00061890,82.1644,1,0.055760,260.559400,-0.00322332,57.6851,1,0.055092,299.576427
2019-01-02,0.00075120,82.2396,1,0.028640,200.709970,-0.01354483,56.3306,0,0.000000,0.000000
2019-01-03,0.01029153,83.2687,1,0.028767,201.268260,-0.01011633,55.3190,1,0.050313,341.339942
2019-01-04,-0.01146629,82.1221,1,0.034819,180.839260,-0.01915311,53.4037,1,0.060801,359.563760
2019-01-07,0.00459627,82.5817,1,0.035483,286.479870,-0.00295004,53.1087,0,0.000000,0.000000
2019-01-08,0.00073734,82.6554,1,0.030796,203.094430,-0.00059682,53.0490,1,0.047492,348.528430
2019-01-09,0.01609467,84.2649,1,0.019653,142.959490,0.01188775,54.2378,0,0.000000,0.000000
2019-01-10,0.01938559,86.2035,1,0.016041,141.447280,-0.00847484,53.3903,1,0.045624,304.780725
2019-01-11,-0.00234330,85.9691,1,0.033670,200.821780,-0.00191553,53.1988,0,0.000000,0.000000
2019-01-14,0.01026584,86.9957,1,0.028186,200.825280,-0.00725637,52.4731,1,0.062417,321.986152
2019-01-15,0.00569000,87.5647,1,0.026650,200.686690,-0.00073434,52.3997,1,0.036044,318.677080
2019-01-16,-0.00777043,86.7877,1,0.039403,241.527530,-0.00512387,51.8873,0,0.000000,0.000000
2019-01-17,-0.00901468,85.8862,1,0.032258,201.659800,0.00732119,52.6194,1,0.041401,303.619128
2019-01-18,-0.01450095,84.4361,1,0.027875,162.476570,0.00028027,52.6474,0,0.000000,0.000000
2019-01-22,0.01669823,86.1059,1,0.032547,163.683200,0.00216225,52.8637,0,0.000000,0.000000
2019-01-23,0.00389393,86.4953,1,0.037987,240.297770,0.00144327,53.0080,0,0.000000,0.000000
2019-01-24,-0.00582626,85.9127,1,0.030806,181.161780,-0.01448715,51.5593,1,0.047105,301.777123
2019-01-25,-0.01301663,84.6110,1,0.022243,141.823740,0.01368146,52.9274,1,0.042594,321.762190
2019-01-28,-0.00128425,84.4826,1,0.013735,123.451280,-0.00508976,52.4184,1,0.030386,243.318500
2019-01-29,-0.00151706,84.3309,1,0.022476,180.631410,0.00021741,52.4402,1,0.050959,340.094490
2019-01-30,-0.00847279,83.4836,1,0.021549,121.613690,-0.00278288,52.1619,1,0.033898,300.568040
2019-01-31,-0.00652023,82.8316,1,0.017413,143.242130,0.00069996,52.2319,0,0.000000,0.000000
2019-02-01,0.01672320,84.5039,1,0.026270,162.615310,-0.01428146,50.8038,1,0.040176,323.798063
2019-02-04,0.00483614,84.9875,1,0.029396,202.347110,-0.00575126,50.2286,1,0.055016,380.615310
2019-02-05,0.00120267,85.1078,1,0.029353,141.846310,0.00069054,50.2977,1,0.045236,340.456390
2019-02-06,-0.01244104,83.8637,1,0.022544,201.091360,-0.00571571,49.7261,1,0.041971,361.834050
2019-02-07,0.01379191,85.2429,1,0.028119,181.645020,-0.01006386,48.7197,1,0.045956,340.432520
2019-02-08,-0.00425810,84.8171,1,0.019070,160.525010,0.00586482,49.3062,1,0.038358,359.568330
2019-02-11,-0.00162834,84.6542,1,0.009964,101.633700,-0.00544592,48.7616,1,0.028432,261.488220
2019-02-12,-0.00163429,84.4908,1,0.019159,140.890110,0.00755896,49.5175,1,0.043874,321.023700
2019-02-13,0.00707955,85.1988,1,0.020075,182.858470,-0.01091526,48.4260,1,0.035076,263.008450
2019-02-14,-0.00272102,84.9267,1,0.032032,221.037910,0.00179475,48.6055,1,0.047815,380.823110
2019-02-15,-0.00368141,84.5585,1,0.021981,161.363670,0.00365241,48.9707,1,0.026439,260.749930
2019-02-19,0.00686741,85.2453,1,0.026159,182.322440,-0.01254078,47.7166,0,0.000000,0.000000
2019-02-20,0.00212340,85.4576,1,0.025550,181.080800,0.00902179,48.6188,1,0.046731,402.716120
2019-02-21,0.00636581,86.0942,1,0.017889,161.269450,-0.00919340,47.6995,1,0.034980,280.849770
2019-02-22,-0.01001483,85.0927,1,0.027023,180.172790,-0.00481844,47.2176,1,0.056884,359.708900
2019-02-25,-0.00704292,84.3884,1,0.020032,181.170900,0.00233627,47.4512,1,0.041783,361.968420
2019-02-26,0.01185142,85.5736,1,0.024218,161.034580,-0.00944256,46.5070,1,0.039066,300.392270
2019-02-27,0.01765288,87.3388,1,0.032882,160.984440,-0.01078618,45.4284,1,0.062628,359.990510
2019-02-28,0.01205926,88.5448,1,0.024454,143.138890,-0.00165021,45.2633,1,0.069881,342.792990
2019-03-01,0.00608256,89.1530,1,0.036844,279.371720,0.00311716,45.5751,1,0.031264,299.805900
2019-03-04,0.01374301,90.5273,1,0.038129,281.466840,-0.00684097,44.8910,1,0.040907,321.758840
2019-03-05,0.00115731,90.6431,1,0.036359,280.606970,0.00903959,45.7949,1,0.045951,319.636210
2019-03-06,-0.00028574,90.6145,1,0.025014,160.867470,0.00451812,46.2467,1,0.042118,300.701870
2019-03-07,-0.00910546,89.7039,1,0.022696,160.723640,0.01203612,47.4503,1,0.035858,319.521550
2019-03-08,-0.00293079,89.4109,1,0.031549,219.125390,-0.00136219,47.3141,1,0.027639,262.080890
2019-03-11,0.00210829,89.6217,1,0.020961,140.440250,-0.00230820,47.0833,1,0.038120,300.302220
2019-03-12,-0.00403779,89.2179,0,0.000000,0.000000,0.00158644,47.2420,0,0.000000,0.000000
2019-03-13,0.00086224,89.3041,0,0.000000,0.000000,-0.00185869,47.0561,1,0.053189,303.291775
2019-03-14,-0.00027669,89.2765,1,0.027139,204.102635,0.00312761,47.3688,1,0.044499,321.008800
2019-03-15,-0.00755166,88.5213,1,0.027046,200.644850,0.00129618,47.4985,1,0.037392,280.426080
2019-03-18,0.00558124,89.0794,1,0.014936,181.450540,-0.00463965,47.0345,1,0.029595,321.233570
2019-03-19,0.00151451,89.2309,1,0.020899,181.282540,0.00010074,47.0446,1,0.040716,301.615130
2019-03-20,-0.00447210,88.7837,1,0.015340,140.624810,0.00388552,47.4331,1,0.033148,300.129110
2019-03-21,-0.00424965,88.3587,1,0.016235,140.634630,0.00256766,47.6899,1,0.043234,320.515700
2019-03-22,-0.00366783,87.9919,0,0.000000,0.000000,-0.00114223,47.5757,0,0.000000,0.000000
2019-03-25,0.00161446,88.1534,1,0.014484,143.048652,0.00675854,48.2515,1,0.046086,343.361828
2019-03-26,0.00287552,88.4409,1,0.020398,141.440070,-0.00702060,47.5495,1,0.044440,261.556240
2019-03-27,0.00348578,88.7895,1,0.034692,241.558870,0.01092706,48.6422,0,0.000000,0.000000
2019-03-28,0.00147085,88.9366,1,0.022955,160.333330,0.01282595,49.9248,1,0.033695,261.560861
2019-03-29,-0.00030875,88.9057,0,0.000000,0.000000,-0.00146825,49.7779,1,0.033625,222.154190
2019-04-01,0.00283937,89.1896,1,0.012913,143.176362,0.02238595,52.0165,1,0.049175,321.009380
2019-04-02,-0.00688119,88.5015,1,0.023059,162.558870,0.00728923,52.7455,1,0.040927,263.652690
2019-04-03,0.00189101,88.6906,1,0.018079,161.381600,0.00560853,53.3063,1,0.043067,281.223730
2019-04-04,-0.00761975,87.9286,1,0.018635,141.165400,0.01101374,54.4077,1,0.039106,301.069440
2019-04-05,0.00705620,88.6343,1,0.030100,162.064280,0.00113671,54.5214,1,0.039419,261.722880
2019-04-08,-0.00282424,88.3518,1,0.019514,142.549260,0.00579918,55.1013,0,0.000000,0.000000
2019-04-09,-0.00276937,88.0749,1,0.022377,140.902450,-0.00477024,54.6243,1,0.038914,282.294465
2019-04-10,0.00617670,88.6926,1,0.023590,161.067500,-0.00262271,54.3620,1,0.041141,299.687750
2019-04-11,-0.00929535,87.7630,1,0.019185,182.102340,0.00220338,54.5823,1,0.040302,341.774030
2019-04-12,0.00562254,88.3253,1,0.021456,141.865610,0.00467666,55.0500,1,0.043394,301.107000
2019-04-15,-0.00121466,88.2038,1,0.028276,182.071910,-0.00502823,54.5472,1,0.043613,321.496980
2019-04-16,0.00451069,88.6549,1,0.013541,101.391290,-0.01337469,53.2097,1,0.040809,299.839970
2019-04-17,0.00243178,88.8981,1,0.020572,141.400510,0.01576837,54.7865,1,0.057403,360.453920
2019-04-18,-0.00118384,88.7797,1,0.008234,81.811070,-0.01149480,53.6370,1,0.023660,201.281820
2019-04-22,-0.01085905,87.6938,1,0.031195,142.839230,0.00199758,53.8368,1,0.050232,360.772780
2019-04-23,-0.00544651,87.1491,1,0.020291,141.666090,-0.00241200,53.5956,1,0.052900,320.540770
2019-04-24,0.00108136,87.2573,1,0.014544,121.892920,-0.01804079,51.7915,0,0.000000,0.000000
2019-04-25,-0.00923897,86.3334,1,0.026507,161.441960,0.00443452,52.2350,1,0.064278,382.366979
2019-04-26,0.00041636,86.3750,1,0.021354,160.957810,0.00828783,53.0638,1,0.041067,281.596670
2019-04-29,0.00366815,86.7418,1,0.024125,162.093010,-0.01393477,51.6703,1,0.037597,241.457230
2019-04-30,0.00111243,86.8531,1,0.016857,100.718100,-0.00079136,51.5911,1,0.054276,340.465400
2019-05-01,-0.01085975,85.7671,1,0.029935,221.981680,0.01230598,52.8217,1,0.044802,341.923880
2019-05-02,0.01260153,87.0272,1,0.043477,219.997620,0.00807280,53.6290,0,0.000000,0.000000
2019-05-03,0.01647978,88.6752,1,0.032452,241.514450,0.00925355,54.5544,1,0.040575,280.734926
2019-05-06,0.00711719,89.3869,1,0.046641,260.574030,-0.00503955,54.0504,1,0.055305,322.751550
2019-05-07,-0.00452124,88.9348,1,0.019834,160.955940,0.00961878,55.0123,1,0.047982,319.997890
2019-05-08,0.00107962,89.0428,1,0.022478,180.799250,0.00307856,55.3202,0,0.000000,0.000000
2019-05-09,0.00387961,89.4307,1,0.025189,161.562260,0.00819684,56.1398,1,0.058506,318.436770
2019-05-10,-0.00604923,88.8258,1,0.023153,161.469870,0.00759045,56.8989,1,0.044495,321.084210
2019-05-13,-0.01804698,87.0211,1,0.021588,181.843810,0.02668574,59.5675,1,0.041286,301.615780
2019-05-14,0.00427606,87.4487,1,0.016644,123.608750,-0.02256361,57.3111,1,0.031051,221.502460
2019-05-15,-0.00645846,86.8029,1,0.033366,223.066530,0.00113510,57.4246,1,0.052130,401.588070
2019-05-16,-0.00094536,86.7083,1,0.028406,241.026200,0.00374229,57.7988,1,0.036281,320.874140
2019-05-17,-0.00691802,86.0165,1,0.011572,101.639190,-0.00674205,57.1246,1,0.037225,281.764070
2019-05-20,0.00059695,86.0762,1,0.021515,141.622550,0.01976016,59.1007,1,0.061684,359.180780
2019-05-21,0.00621701,86.6979,1,0.017379,121.330670,-0.01047803,58.0529,1,0.030523,201.298200
2019-05-22,-0.00760958,85.9370,1,0.033108,182.753580,0.00879502,58.9324,0,0.000000,0.000000
2019-05-23,-0.00995596,84.9414,1,0.038006,240.064130,0.02373305,61.3057,1,0.048785,281.653135
2019-05-24,0.02397676,87.3391,1,0.022014,181.543350,-0.00278004,61.0277,1,0.037184,240.568010
2019-05-28,0.00573785,87.9128,1,0.032905,201.009910,0.00050827,61.0785,1,0.056133,340.036780
2019-05-29,0.01193233,89.1061,1,0.026597,199.435010,-0.00623644,60.4548,0,0.000000,0.000000
2019-05-30,-0.00928573,88.1775,1,0.021693,181.069830,0.00298578,60.7534,1,0.046912,337.734295
2019-05-31,-0.00079164,88.0983,1,0.027874,221.468800,0.01105301,61.8587,1,0.042829,281.491190
2019-06-03,0.00688966,88.7873,1,0.037864,202.430770,-0.00315603,61.5431,1,0.038623,261.262070
2019-06-04,-0.00193770,88.5935,1,0.046670,262.219390,-0.01275052,60.2681,1,0.051952,322.583940
2019-06-05,0.01565255,90.1588,1,0.041265,324.375560,-0.02598263,57.6698,1,0.043313,364.393660
2019-06-06,-0.00332946,89.8258,1,0.055146,361.554280,0.00282625,57.9524,1,0.060815,402.617110
2019-06-07,0.00550134,90.3760,1,0.033966,241.683420,-0.00367211,57.5852,1,0.038001,282.054500
2019-06-10,-0.00624437,89.7515,1,0.035917,261.501420,0.00750135,58.3353,1,0.042475,341.568550
2019-06-11,-0.01607628,88.1439,1,0.041968,242.108500,0.00459317,58.7947,1,0.055193,320.907230
2019-06-12,0.00209114,88.3530,1,0.040776,221.383760,-0.01266520,57.5281,1,0.055790,281.026850
2019-06-13,0.00672701,89.0257,1,0.042679,299.857370,-0.00772599,56.7555,1,0.048509,339.729490
2019-06-14,0.00795264,89.8210,1,0.053506,341.952040,-0.00839041,55.9165,1,0.055641,341.657610
2019-06-17,0.00104529,89.9255,1,0.055811,300.032930,0.00324997,56.2415,1,0.061713,339.240500
2019-06-18,0.00435798,90.3613,1,0.036882,201.308460,0.00062414,56.3039,1,0.058696,341.505670
2019-06-19,-0.00591033,89.7703,1,0.050923,262.868180,0.00100772,56.4047,1,0.047848,302.457490
2019-06-20,0.00769263,90.5396,1,0.049467,300.774730,-0.00858878,55.5458,1,0.051708,321.386860
2019-06-21,-0.00702181,89.8374,1,0.035711,242.262010,0.01021812,56.5676,1,0.053378,342.349590
2019-06-24,-0.00574885,89.2625,1,0.034795,200.934430,0.00024291,56.5919,1,0.034169,261.089310
2019-06-25,0.00104279,89.3668,1,0.035111,200.679790,0.00209349,56.8013,1,0.054091,319.668040
2019-06-26,-0.00928699,88.4381,1,0.030089,200.545610,-0.00717813,56.0834,1,0.036643,280.496700
2019-06-27,0.00444606,88.8827,1,0.035584,220.689790,-0.00787191,55.2963,1,0.058211,339.057450
2019-06-28,-0.00023544,88.8591,1,0.030254,221.649870,0.00206977,55.5032,1,0.043353,341.544040
2019-07-01,-0.00958712,87.9004,0,0.000000,0.000000,0.00853884,56.3571,0,0.000000,0.000000
2019-07-02,0.01155873,89.0563,1,0.043007,284.322243,-0.01174016,55.1831,1,0.036966,283.257337
2019-07-03,0.00483974,89.5403,1,0.035706,281.098440,0.00294479,55.4776,1,0.050411,380.643410
2019-07-05,-0.00378733,89.1615,1,0.022063,142.592900,-0.00257714,55.2199,0,0.000000,0.000000
2019-07-08,0.00017478,89.1790,1,0.029312,220.263950,0.00180579,55.4004,1,0.044971,361.539926
2019-07-09,-0.00020371,89.1586,1,0.018671,161.216610,-0.00203274,55.1972,1,0.037714,300.298870
2019-07-10,-0.00048833,89.1098,1,0.007093,81.717940,0.00620662,55.8178,1,0.039558,301.052980
2019-07-11,0.00002717,89.1125,1,0.022333,161.051200,-0.01685810,54.1320,1,0.034960,281.641940
2019-07-12,0.00534686,89.6472,1,0.027104,201.030610,0.00279304,54.4113,1,0.049476,319.598730
2019-07-15,-0.01045122,88.6021,1,0.029442,162.047890,0.00469997,54.8813,1,0.044943,301.736080
2019-07-16,-0.00044146,88.5579,1,0.030426,201.775440,0.00657878,55.5392,1,0.047022,321.421180
2019-07-17,0.00475392,89.0333,1,0.030408,200.401420,-0.00171141,55.3681,1,0.044331,300.673020
2019-07-18,-0.00108361,88.9250,1,0.024481,160.760560,0.00716623,56.0847,1,0.057267,339.819790
2019-07-19,-0.00045172,88.8798,1,0.018812,101.652920,-0.00429263,55.6554,1,0.048503,281.499970
2019-07-22,0.00405507,89.2853,1,0.023413,200.050900,0.00434368,56.0898,1,0.042502,300.225380
2019-07-23,-0.00371285,88.9140,1,0.029545,220.181140,0.00007696,56.0975,1,0.045794,320.269270
2019-07-24,-0.02166335,86.7477,1,0.018515,142.133260,0.00499826,56.5973,1,0.047724,301.071330
2019-07-25,0.00966682,87.7144,1,0.016038,102.640780,-0.01993824,54.6035,1,0.050584,243.138410
2019-07-26,0.00219639,87.9340,1,0.028121,160.930020,0.00320143,54.9236,1,0.070057,398.837600
2019-07-29,0.00683752,88.6178,1,0.019708,161.382060,0.01025022,55.9487,1,0.038868,262.299660
2019-07-30,0.00904195,89.5220,1,0.019575,141.350180,-0.01841253,54.1074,1,0.044693,281.134950
2019-07-31,0.00405745,89.9277,1,0.026125,182.035270,0.01372929,55.4803,1,0.051701,381.679280
2019-08-01,0.01756127,91.6838,1,0.043893,239.790810,0.00171139,55.6515,0,0.000000,0.000000
2019-08-02,-0.00748651,90.9352,1,0.034231,261.427800,0.01002354,56.6538,1,0.058016,317.871786
2019-08-05,0.00244110,91.1793,1,0.028230,141.539460,0.01388151,58.0420,1,0.042549,240.643550
2019-08-06,-0.00116856,91.0624,1,0.035576,219.642900,0.00789827,58.8318,0,0.000000,0.000000
2019-08-07,-0.00995326,90.0671,1,0.038956,262.974300,0.00842823,59.6746,0,0.000000,0.000000
2019-08-08,0.00678502,90.7456,1,0.031728,222.791130,0.00548669,60.2233,1,0.047041,279.519099
2019-08-09,-0.00190407,90.5552,1,0.030977,223.293490,0.00670318,60.8936,0,0.000000,0.000000
2019-08-12,-0.00631287,89.9239,1,0.057687,299.168570,0.01278440,62.1721,1,0.035200,261.778546
2019-08-13,0.00461550,90.3855,1,0.027440,160.587820,-0.00424602,61.7474,1,0.038432,299.735120
2019-08-14,0.01424177,91.8096,1,0.044583,262.065210,0.01850694,63.5981,0,0.000000,0.000000
2019-08-15,-0.02067291,89.7423,1,0.063131,335.159680,0.01372786,64.9709,0,0.000000,0.000000
2019-08-16,0.00777844,90.5202,1,0.043346,220.665180,-0.01852922,63.1180,1,0.057692,280.480925
2019-08-19,-0.01277664,89.2425,1,0.062084,262.718890,-0.02270759,60.8472,0,0.000000,0.000000
2019-08-20,-0.00731752,88.5108,1,0.038082,223.448180,0.00211170,61.0584,0,0.000000,0.000000
2019-08-21,0.00280344,88.7911,1,0.047696,280.202870,-0.00014091,61.0443,0,0.000000,0.000000
2019-08-22,0.00500122,89.2912,0,0.000000,0.000000,0.01336862,62.3812,0,0.000000,0.000000
2019-08-23,-0.00277580,89.0137,1,0.050160,302.707339,0.00831006,63.2122,1,0.061194,306.561668
2019-08-26,-0.00084456,88.9292,1,0.056686,278.766720,0.00435787,63.6480,0,0.000000,0.000000
2019-08-27,-0.00312972,88.6162,1,0.059382,302.207690,0.00456703,64.1047,0,0.000000,0.000000
2019-08-28,0.00711336,89.3276,1,0.027804,180.566710,-0.01887822,62.2169,1,0.046902,278.266584
2019-08-29,-0.01189710,88.1379,1,0.052770,280.645860,0.00697004,62.9139,1,0.065326,401.000820
2019-08-30,-0.00259190,87.8787,1,0.032990,183.236660,0.00766411,63.6803,0,0.000000,0.000000
2019-09-03,-0.01352555,86.5261,1,0.055485,321.413720,-0.00542758,63.1375,1,0.040508,284.118644
2019-09-04,0.00838142,87.3643,1,0.021168,141.678290,-0.00269549,62.8680,1,0.050529,299.516210
2019-09-05,0.01043170,88.4074,1,0.027020,182.958350,0.01724191,64.5922,1,0.046859,322.108780
2019-09-06,-0.01117690,87.2897,1,0.030170,223.409430,0.00669973,65.2621,1,0.037317,242.902690
2019-09-09,0.01292374,88.5821,1,0.036146,221.060260,0.01056671,66.3188,1,0.047709,281.110810
2019-09-10,0.00522625,89.1047,1,0.042445,261.873200,0.03413020,69.7318,1,0.052600,302.045740
2019-09-11,-0.01209527,87.8952,1,0.033187,242.928310,0.00364912,70.0967,1,0.033088,223.339460
2019-09-12,0.00057055,87.9523,1,0.035745,201.941300,-0.00232483,69.8643,1,0.051993,301.997600
2019-09-13,0.00802661,88.7549,1,0.029469,202.033980,-0.01119337,68.7449,1,0.055657,341.151490
2019-09-16,-0.01730992,87.0239,1,0.026912,141.969390,0.02584321,71.3292,1,0.062319,360.261220
2019-09-17,0.01779689,88.8036,1,0.023021,162.187700,-0.01082406,70.2468,1,0.039076,263.795720
2019-09-18,0.00357063,89.1607,1,0.033107,163.145170,0.00623398,70.8702,1,0.060342,320.014690
2019-09-19,0.00412846,89.5735,1,0.039374,200.122210,-0.01505245,69.3650,1,0.053095,260.479480
2019-09-20,0.00251916,89.8254,1,0.049024,220.954240,0.01004156,70.3691,1,0.077384,340.660170
2019-09-23,0.00322730,90.1482,1,0.032190,182.221520,-0.00208598,70.1605,1,0.046178,241.379400
2019-09-24,0.00519475,90.6677,1,0.045945,260.928360,-0.01000153,69.1604,1,0.055343,300.512360
2019-09-25,0.00084431,90.7521,1,0.043849,260.570200,-0.00568480,68.5919,1,0.072150,358.871430
2019-09-26,0.00137520,90.8896,1,0.032020,201.607640,-0.00924319,67.6676,1,0.048749,341.389650
2019-09-27,-0.00906902,89.9827,1,0.040522,240.363860,-0.00383309,67.2843,1,0.064729,360.330550
2019-09-30,0.00733397,90.7161,1,0.027443,181.572780,-0.00876037,66.4082,1,0.050647,320.683680
2019-10-01,0.00870915,91.5870,1,0.046205,322.195900,-0.00490109,65.9181,0,0.000000,0.000000
2019-10-02,0.00653973,92.2410,1,0.043257,239.487460,0.00621353,66.5395,1,0.065887,341.373931
2019-10-03,-0.00239021,92.0020,1,0.031131,259.226850,-0.00189914,66.3496,0,0.000000,0.000000
2019-10-04,0.01283942,93.2859,1,0.029098,201.105190,-0.00782651,65.5669,1,0.065251,298.306826
2019-10-07,0.00059045,93.3450,1,0.037495,201.145160,0.00854272,66.4212,0,0.000000,0.000000
2019-10-08,0.00836819,94.1818,1,0.057951,240.691620,0.01754471,68.1757,1,0.046449,241.424719
2019-10-09,-0.00395071,93.7867,1,0.029671,219.400510,0.00025363,68.2010,0,0.000000,0.000000
2019-10-10,-0.00156217,93.6305,1,0.055327,301.772800,-0.00410224,67.7908,0,0.000000,0.000000
2019-10-11,0.00346380,93.9769,1,0.029650,162.040350,0.01357939,69.1487,1,0.051441,320.175690
2019-10-14,0.00382341,94.3592,1,0.041289,223.681450,0.00236830,69.3856,1,0.044780,264.272180
2019-10-15,-0.00677814,93.6814,0,0.000000,0.000000,0.00645280,70.0309,1,0.047590,300.027530
2019-10-16,-0.00144835,93.5366,1,0.032245,240.952120,-0.00517688,69.5132,1,0.043418,281.329810
2019-10-17,0.00248527,93.7851,1,0.025983,180.806090,-0.00860395,68.6528,1,0.037205,300.664450
2019-10-18,0.00468521,94.2536,1,0.032799,240.675550,0.00415407,69.0682,1,0.035813,281.287690
2019-10-21,-0.01257967,92.9956,1,0.039367,240.406860,-0.00058266,69.0099,1,0.041996,281.102900
2019-10-22,-0.01016610,91.9790,1,0.038440,221.833260,0.00916136,69.9260,1,0.028944,281.023950
2019-10-23,0.00283079,92.2621,1,0.040871,221.302450,-0.00138676,69.7874,1,0.045976,281.239560
2019-10-24,-0.01661808,90.6003,1,0.026488,180.608970,0.00579484,70.3669,1,0.034146,261.867540
2019-10-25,0.02864682,93.4650,1,0.034558,262.779520,-0.02015393,68.3515,1,0.054863,302.617290
2019-10-28,0.00016803,93.4818,1,0.048967,300.840420,0.00878315,69.2298,1,0.059265,358.990410
2019-10-29,0.00368766,93.8506,1,0.040834,280.347950,0.00016954,69.2467,1,0.046606,281.240560
2019-10-30,-0.00394204,93.4563,1,0.033524,261.633320,-0.02055696,67.1910,1,0.037526,321.278180
2019-10-31,-0.00754512,92.7018,1,0.062922,281.886500,-0.01971315,65.2197,1,0.066165,380.420830
2019-11-01,0.01900629,94.6025,1,0.042461,281.038610,-0.00350311,64.8694,1,0.041831,339.183690
2019-11-04,-0.01034520,93.5679,1,0.042540,282.178210,0.03420544,68.2900,1,0.046996,343.697200
2019-11-05,-0.00378599,93.1893,1,0.016719,142.437120,0.00095068,68.3850,1,0.025622,183.082840
2019-11-06,0.01170468,94.3598,1,0.029652,180.589840,-0.00876225,67.5088,1,0.038285,300.131010
2019-11-07,0.01036412,95.3962,1,0.030738,141.553940,-0.02000957,65.5078,1,0.065447,340.555000
2019-11-08,-0.00094757,95.3015,1,0.029507,221.465730,-0.00433085,65.0748,1,0.046435,400.793330
2019-11-11,0.00718134,96.0196,1,0.024176,140.835450,-0.00374302,64.7005,1,0.038352,300.204850
2019-11-12,-0.00284809,95.7348,1,0.027189,201.228150,0.00430027,65.1305,1,0.047693,339.849610
2019-11-13,0.00070013,95.8048,1,0.020427,161.627720,0.00433993,65.5645,1,0.045657,300.893640
2019-11-14,0.00098304,95.9031,1,0.032096,181.283680,0.00139876,65.7043,1,0.041604,281.528630
2019-11-15,0.00275494,96.1786,1,0.024656,141.125260,0.00327271,66.0316,1,0.057929,340.722880
2019-11-18,-0.00090905,96.0877,1,0.027235,221.542130,-0.00113979,65.9176,1,0.041679,321.757740
2019-11-19,-0.00746603,95.3411,1,0.032143,181.673090,-0.00008284,65.9094,1,0.035994,301.370100
2019-11-20,-0.00774106,94.5670,1,0.021386,141.833740,-0.00240974,65.6684,1,0.036494,261.485450
2019-11-21,0.00460065,95.0271,1,0.027405,182.164980,-0.00389488,65.2789,1,0.041018,262.011840
2019-11-22,-0.00198198,94.8289,0,0.000000,0.000000,0.00341027,65.6199,1,0.047393,320.414650
2019-11-25,0.00030033,94.8589,0,0.000000,0.000000,-0.00748540,64.8714,1,0.036490,260.979620
2019-11-26,-0.01270188,93.5887,1,0.025518,162.165580,-0.00471607,64.3998,1,0.055187,341.582270
2019-11-27,-0.00567077,93.0216,1,0.030357,200.127510,-0.00572868,63.8269,1,0.048098,301.732500
2019-11-29,-0.00760452,92.2612,1,0.031632,181.575740,-0.00393930,63.4330,1,0.059150,361.167690
2019-12-02,-0.01544203,90.7170,1,0.051233,240.290780,0.00387565,63.8205,1,0.056155,259.563820
2019-12-03,-0.00369556,90.3474,1,0.020986,141.903710,0.00158329,63.9789,1,0.055191,321.364760
2019-12-04,0.00566581,90.9140,1,0.031809,220.957250,-0.01036572,62.9423,1,0.038232,300.487560
2019-12-05,0.00272509,91.1865,1,0.022231,161.837090,-0.00187724,62.7546,1,0.040654,342.451360
2019-12-06,0.01145252,92.3318,1,0.022918,160.884540,-0.00754576,62.0000,1,0.064966,320.910950
2019-12-09,0.00493583,92.8253,1,0.033057,202.587530,0.00466942,62.4669,1,0.059738,321.885710
2019-12-10,0.00327136,93.1525,1,0.021194,141.087460,0.00049616,62.5166,1,0.039564,300.950260
2019-12-11,-0.00176774,92.9757,1,0.025154,180.838170,0.00675874,63.1924,1,0.054996,300.061660
2019-12-12,-0.00539139,92.4366,1,0.024759,121.328840,0.02374912,65.5673,1,0.046798,340.471810
2019-12-13,-0.01147455,91.2891,1,0.019985,102.658540,-0.01360227,64.2071,1,0.046767,242.892050
2019-12-16,0.00025852,91.3150,1,0.017308,121.408450,0.00126556,64.3337,1,0.053844,378.998780
2019-12-17,0.00619018,91.9340,1,0.022992,182.198200,-0.01199173,63.1345,0,0.000000,0.000000
2019-12-18,-0.00493703,91.4403,1,0.028413,181.580710,-0.00298175,62.8363,1,0.070645,363.267095
2019-12-19,0.00986507,92.4268,1,0.023703,141.590730,-0.00380712,62.4556,1,0.063302,321.104610
2019-12-20,-0.00207765,92.2190,1,0.023365,141.456550,-0.01050098,61.4055,1,0.053818,321.221970
2019-12-23,0.01941881,94.1609,1,0.034649,221.486880,-0.02744820,58.6607,1,0.033820,321.470720
2019-12-24,0.00256775,94.4177,1,0.028525,182.038710,-0.00729906,57.9308,1,0.066286,401.410820
2019-12-26,-0.00162040,94.2556,1,0.044400,200.098580,-0.01061401,56.8694,1,0.081811,380.050500
2019-12-27,0.00040996,94.2966,1,0.025134,180.725940,-0.00340612,56.5288,1,0.047992,359.987670
2019-12-30,0.00614122,94.9107,1,0.026378,200.393050,-0.00531977,55.9968,1,0.041497,320.313640
2019-12-31,-0.00334521,94.5762,1,0.027921,180.612700,-0.00551811,55.4450,1,0.051511,360.087440
