date,model_ret,model_equity,model_rebalanced,model_cost,model_traded,naive_ret,naive_equity,naive_rebalanced,naive_cost,naive_traded
2015-01-02,0.00314433,100.3144,1,0.048307,200.000000,0.00000000,100.0000,0,0.000000,0.000000
2015-01-05,-0.00368241,99.9462,1,0.039241,221.029860,0.01043497,101.0435,1,0.033743,200.000000
2015-01-06,-0.00922496,99.0237,1,0.027826,140.764700,0.01018385,102.0619,0,0.000000,0.000000
2015-01-07,-0.01209585,97.8141,1,0.018835,140.565430,0.00491659,102.5535,1,0.040941,277.408320
2015-01-08,0.01383673,99.1978,1,0.026357,162.697750,-0.01553994,100.9995,0,0.000000,0.000000
2015-01-09,-0.00365310,98.8325,1,0.033470,263.075090,0.00546656,101.5462,0,0.000000,0.000000
2015-01-12,-0.01158920,97.6736,1,0.035720,258.896900,0.01021876,102.5681,1,0.057284,284.140392
2015-01-13,-0.00074630,97.5989,1,0.026360,161.360560,-0.00225355,102.3427,1,0.033355,220.962140
2015-01-14,-0.00159131,97.4398,1,0.033051,220.253070,-0.00448243,101.8945,1,0.052143,319.905920
2015-01-15,-0.01536009,95.9038,1,0.020959,140.612180,0.01282544,103.1770,1,0.061576,320.214360
2015-01-16,0.00999956,96.9037,1,0.019514,121.185370,-0.00813766,102.3633,1,0.054646,240.103140
2015-01-20,-0.00239733,96.6640,1,0.056233,322.141910,-0.00387197,101.9761,0,0.000000,0.000000
2015-01-21,0.00049558,96.7136,1,0.026422,180.736440,-0.00373168,101.6029,1,0.047118,321.906939
2015-01-22,0.01555151,98.2687,1,0.023549,181.080000,-0.01608572,99.9943,1,0.057632,321.495290
2015-01-23,-0.00308933,97.9598,1,0.040873,282.230840,-0.00438987,99.5553,0,0.000000,0.000000
2015-01-26,-0.00764158,97.1956,1,0.028268,180.766580,-0.00085234,99.4701,1,0.074554,322.637931
2015-01-27,0.00867791,98.0634,1,0.022699,161.616890,-0.00307848,99.1623,0,0.000000,0.000000
2015-01-28,0.00624170,98.6876,1,0.027490,200.767510,-0.00070565,99.0917,1,0.083115,339.342513
2015-01-29,0.00699810,99.3874,1,0.029390,159.682360,-0.01516359,97.5753,0,0.000000,0.000000
2015-01-30,-0.00560357,98.8270,1,0.124177,302.704820,0.00040305,97.6156,0,0.000000,0.000000
2015-02-02,-0.00018251,98.8088,1,0.053451,219.802180,-0.00468077,97.1476,0,0.000000,0.000000
2015-02-03,0.00186092,98.9949,1,0.036188,282.611180,-0.01073291,96.0743,0,0.000000,0.000000
2015-02-04,0.01140594,100.1355,1,0.061446,163.224480,0.00078772,96.1530,0,0.000000,0.000000
2015-02-05,0.00017523,100.1530,1,0.069267,219.532020,-0.01418696,94.7343,1,0.078276,340.924234
2015-02-06,-0.01202199,98.9508,1,0.040979,202.215210,0.00905926,95.6403,0,0.000000,0.000000
2015-02-09,-0.00778020,98.1728,1,0.038760,181.898500,0.00728340,96.3686,1,0.039800,321.357565
2015-02-10,0.00387993,98.5608,1,0.029397,180.669780,-0.00670150,95.6985,1,0.038050,279.587500
2015-02-11,0.00144181,98.7050,1,0.043729,241.326810,0.00042417,95.7409,0,0.000000,0.000000
2015-02-12,-0.00425315,98.2796,1,0.039475,180.594790,0.00429535,96.1704,1,0.048895,302.072064
2015-02-13,-0.00382630,97.8970,1,0.024010,162.376100,0.01641985,97.8124,0,0.000000,0.000000
2015-02-17,-0.00789464,97.1075,1,0.041704,181.800460,0.00474840,98.2872,1,0.046010,224.337316
2015-02-18,0.01597029,98.7046,1,0.042021,200.979220,-0.01298688,96.9885,1,0.067568,280.654730
2015-02-19,-0.00042311,98.6623,1,0.052631,219.558570,-0.01132056,95.8565,1,0.064116,320.406400
2015-02-20,0.00039379,98.7016,1,0.020691,180.788760,0.00040408,95.8969,1,0.041662,360.063500
2015-02-23,-0.00605950,98.0957,1,0.022010,141.323890,-0.00288801,95.6081,1,0.040751,341.538650
2015-02-24,-0.00011014,98.0847,1,0.021144,200.405760,-0.00105505,95.5026,1,0.035385,281.027610
2015-02-25,0.00176389,98.2611,1,0.032711,161.314630,-0.00802722,94.6999,1,0.044902,320.414600
2015-02-26,-0.00039290,98.2218,1,0.069780,180.650860,-0.00298430,94.4014,1,0.135330,379.300800
2015-02-27,0.00036489,98.2583,1,0.018321,160.370430,-0.00386555,94.0149,1,0.051035,299.595900
2015-03-02,0.00222760,98.4810,1,0.021450,180.888010,-0.00127187,93.8877,1,0.032867,319.983100
2015-03-03,0.00100148,98.5812,1,0.027162,181.225770,-0.01251506,92.6362,1,0.047546,361.931040
2015-03-04,-0.00639812,97.9414,1,0.023542,180.599550,0.00128630,92.7648,1,0.065400,379.541440
2015-03-05,0.00133735,98.0751,1,0.018145,140.580410,-0.00059823,92.7050,1,0.066063,300.158310
2015-03-06,0.01604635,99.6797,1,0.015025,120.714600,0.00444559,93.1496,1,0.034461,281.052740
2015-03-09,0.00453411,100.1331,1,0.031849,218.877160,0.00472766,93.6223,0,0.000000,0.000000
2015-03-10,0.00071334,100.2045,1,0.068446,260.767180,-0.00308531,93.3138,1,0.067721,280.216421
2015-03-11,0.01101859,101.3063,1,0.031721,219.864800,0.00147332,93.4611,0,0.000000,0.000000
2015-03-12,0.00722950,102.0293,1,0.032710,260.180620,-0.00479274,92.9819,1,0.034354,299.670630
2015-03-13,-0.00122822,101.9065,1,0.030442,282.516660,0.00257403,93.2393,0,0.000000,0.000000
2015-03-16,-0.00473448,101.4330,1,0.024798,180.299180,0.00675482,93.9147,0,0.000000,0.000000
2015-03-17,-0.00204721,101.2283,1,0.016161,143.109390,0.00168359,94.0831,0,0.000000,0.000000
2015-03-18,-0.00204371,101.0239,1,0.022111,140.643440,-0.01094513,92.9886,1,0.041303,324.624230
2015-03-19,0.00298958,101.3229,1,0.031812,202.837580,0.00901407,93.8900,0,0.000000,0.000000
2015-03-20,-0.00420214,100.9027,1,0.021364,180.600630,0.00805172,94.6952,1,0.030228,241.507206
2015-03-23,0.00890063,101.7927,1,0.029697,203.249290,-0.00251659,94.4435,0,0.000000,0.000000
2015-03-24,0.00499877,102.2926,1,0.049633,300.624560,-0.00253166,94.1903,1,0.049366,322.475815
2015-03-25,-0.00446871,101.8457,1,0.037461,240.021890,0.00005674,94.1960,1,0.048776,300.035220
2015-03-26,0.00323634,102.1694,1,0.022156,180.819730,0.00217135,94.4131,0,0.000000,0.000000
2015-03-27,0.00305659,102.4750,1,0.022231,180.394130,-0.00757154,93.6560,1,0.057134,337.248991
2015-03-30,0.00152077,102.6271,1,0.050003,281.332830,-0.00604473,93.0515,1,0.045403,320.754200
2015-03-31,-0.00529274,102.0978,1,0.035914,242.778400,0.00279785,93.3313,0,0.000000,0.000000
2015-04-01,-0.00173158,101.9247,1,0.024508,120.752080,-0.00151582,93.1797,1,0.052252,322.535733
2015-04-02,-0.00100418,101.8243,1,0.023848,180.434610,0.00352515,93.5322,1,0.040555,320.008550
2015-04-06,-0.00055537,101.7687,1,0.033807,181.551230,0.00116987,93.6492,1,0.037013,281.378230
2015-04-07,0.00436531,102.2053,1,0.027639,181.382850,-0.00452700,93.1965,0,0.000000,0.000000
2015-04-08,0.00538441,102.7437,1,0.040449,219.944370,-0.00093171,93.1034,1,0.053101,320.209440
2015-04-09,0.00019925,102.7636,1,0.044095,220.695570,0.00988557,94.0919,0,0.000000,0.000000
2015-04-10,-0.00008987,102.7546,1,0.036847,200.380840,0.00354622,94.4465,1,0.042848,281.385910
2015-04-13,0.00348789,103.1034,1,0.023321,180.599180,-0.00487841,93.9587,1,0.033251,280.990710
2015-04-14,0.00437296,103.5407,1,0.029794,180.275370,-0.00733792,93.2249,1,0.061922,339.718950
2015-04-15,-0.00183321,103.3574,1,0.035171,220.622650,0.00271784,93.4967,1,0.067376,360.149570
2015-04-16,0.00785031,104.1424,1,0.022489,202.001750,-0.00756421,92.7403,1,0.032361,321.208360
2015-04-17,-0.00072195,104.0702,1,0.027285,200.542340,0.00348880,93.0891,1,0.053770,379.946340
2015-04-20,0.00063324,104.1336,1,0.023856,180.669470,0.00279883,93.3690,0,0.000000,0.000000
2015-04-21,0.00162430,104.2960,1,0.029380,242.041380,0.00061185,93.4302,0,0.000000,0.000000
2015-04-22,-0.00537112,103.7589,1,0.037712,160.857790,-0.00038498,93.3917,1,0.064748,279.889486
2015-04-23,-0.00756711,103.0022,1,0.033261,141.010920,0.00014949,93.4067,1,0.067501,300.555550
2015-04-24,0.00161362,103.1635,1,0.018778,141.323330,-0.00018087,93.3886,1,0.031067,301.021510
2015-04-27,0.00218072,103.3816,1,0.026268,140.471780,-0.00262485,93.1261,1,0.045245,260.297900
2015-04-28,0.00029177,103.4108,1,0.046703,199.619920,0.00483915,93.6100,1,0.063675,358.974660
2015-04-29,-0.01493193,101.9176,1,0.034273,180.934140,0.01493252,95.1033,1,0.047778,301.233510
2015-04-30,-0.01141550,100.7760,1,0.034210,161.181300,0.00227652,95.3309,1,0.052668,281.089030
2015-05-01,-0.00577671,100.1984,1,0.019491,121.650600,0.00244931,95.5758,0,0.000000,0.000000
2015-05-04,0.00335257,100.5336,1,0.053603,202.430700,-0.00436768,95.1391,0,0.000000,0.000000
2015-05-05,0.00311882,100.8455,1,0.035428,201.158900,0.00998225,96.1373,0,0.000000,0.000000
2015-05-06,-0.00297296,100.5482,1,0.027436,200.271290,0.00202093,96.3394,0,0.000000,0.000000
2015-05-07,0.00044641,100.5928,1,0.028439,180.968380,-0.00492844,95.8465,1,0.065414,299.624747
2015-05-08,-0.00635014,99.9578,1,0.017674,161.139180,-0.00011473,95.8351,1,0.055693,341.488310
2015-05-11,0.00068935,100.0268,1,0.015005,141.833960,-0.00351415,95.4837,0,0.000000,0.000000
2015-05-12,0.00311374,100.3381,1,0.032076,220.368180,-0.00329537,95.1541,1,0.058507,361.623488
2015-05-13,0.00747897,101.0860,1,0.020873,200.310230,-0.01174386,93.9797,1,0.044566,340.447590
2015-05-14,0.00657185,101.7432,1,0.026575,180.763990,-0.00217938,93.7618,1,0.053008,360.131560
2015-05-15,0.00155123,101.8983,1,0.035887,242.315960,-0.01275088,92.4867,0,0.000000,0.000000
2015-05-18,0.00908797,102.8071,1,0.028273,200.895910,-0.00816422,91.6703,1,0.065322,382.598002
2015-05-19,0.00228571,103.0357,1,0.026009,201.281350,0.00075918,91.7462,1,0.050332,380.735660
2015-05-20,0.00336022,103.3717,1,0.030058,200.226220,-0.00208944,91.5373,1,0.037384,340.257930
2015-05-21,-0.00114407,103.2573,1,0.031847,240.561120,0.00058967,91.5962,1,0.051483,340.988200
2015-05-22,0.00142622,103.3999,1,0.026288,200.480780,0.00422953,92.0192,1,0.037177,300.750230
2015-05-26,0.00557046,103.9570,1,0.020014,180.241130,-0.00477544,91.5416,0,0.000000,0.000000
2015-05-27,-0.00477127,103.4799,1,0.023237,239.812500,0.00027577,91.5692,0,0.000000,0.000000
2015-05-28,-0.00251551,103.2283,1,0.027311,202.250310,-0.00162902,91.4063,0,0.000000,0.000000
2015-05-29,-0.00965824,102.2625,1,0.024694,180.642480,0.00553905,91.9602,1,0.049295,338.685095
2015-06-01,-0.00166858,102.0956,1,0.032008,140.865710,0.00611195,92.5714,0,0.000000,0.000000
2015-06-02,0.01083444,103.1791,1,0.023096,180.951770,-0.00876345,91.6951,1,0.044225,261.094008
2015-06-03,-0.00304768,102.8743,1,0.034048,239.705440,0.01507463,93.2025,1,0.042857,359.836340
2015-06-04,0.00584744,103.4591,1,0.022536,141.512180,-0.01331105,91.8714,1,0.022605,201.803860
2015-06-05,-0.00052809,103.4062,1,0.037509,279.974020,0.01550527,93.4219,0,0.000000,0.000000
2015-06-08,0.00273395,103.6796,1,0.027785,201.064700,-0.00778900,92.6430,1,0.018360,140.814427
2015-06-09,-0.00106912,103.5727,1,0.028732,219.670960,0.00557178,93.2002,0,0.000000,0.000000
2015-06-10,0.00274969,103.8477,1,0.028601,180.430440,-0.00207544,92.9927,1,0.027464,220.055262
2015-06-11,0.00529016,104.3767,1,0.031654,222.252990,-0.00524581,92.4681,0,0.000000,0.000000
2015-06-12,-0.00001002,104.3757,1,0.027282,221.213890,0.00474045,92.9421,1,0.047355,383.123013
2015-06-15,-0.00660743,103.7150,1,0.031553,180.342800,0.00728740,93.6709,0,0.000000,0.000000
2015-06-16,-0.00012831,103.7021,1,0.017001,160.704170,-0.00019706,93.6512,0,0.000000,0.000000
2015-06-17,-0.00131611,103.5705,1,0.034711,201.866570,0.00366360,94.0175,0,0.000000,0.000000
2015-06-18,-0.00256874,103.3136,1,0.025434,160.807780,0.00809369,94.8269,1,0.039751,301.132724
2015-06-19,0.00006447,103.3201,1,0.024343,202.565840,-0.00221182,94.6057,0,0.000000,0.000000
2015-06-22,0.00000834,103.3209,1,0.028766,200.258310,0.00051389,94.6571,1,0.051391,342.009130
2015-06-23,-0.00188298,103.1326,1,0.019368,120.932220,0.00401294,95.0584,1,0.032676,260.943460
2015-06-24,0.00539543,103.6722,1,0.016457,120.738570,-0.00240393,94.8180,1,0.026763,260.546610
2015-06-25,-0.00053012,103.6192,1,0.042332,220.116880,0.00015297,94.8333,0,0.000000,0.000000
2015-06-26,0.00405106,104.0243,1,0.029344,179.963520,-0.00211455,94.6219,1,0.047255,357.838082
2015-06-29,-0.00769217,103.2551,1,0.034857,260.233270,0.00827578,95.4494,1,0.039182,320.301120
2015-06-30,0.00606727,103.8618,1,0.026903,180.135840,-0.00246650,95.2028,0,0.000000,0.000000
2015-07-01,0.00478840,104.3406,1,0.042240,260.691930,-0.00622097,94.5807,1,0.046677,337.601273
2015-07-02,-0.00486584,103.8540,1,0.025614,201.488580,-0.00227570,94.3531,0,0.000000,0.000000
2015-07-06,-0.00452974,103.4011,1,0.031424,200.447210,0.00686538,95.0397,1,0.048902,342.370977
2015-07-07,-0.01754898,101.6462,1,0.029448,200.766790,0.00656158,95.6958,1,0.047832,320.851520
2015-07-08,-0.01207154,100.4390,1,0.020114,122.607110,0.01921328,97.6171,1,0.044832,301.903490
2015-07-09,0.00844318,101.2833,1,0.029822,121.313800,-0.01122892,96.4943,0,0.000000,0.000000
2015-07-10,-0.00056749,101.2266,1,0.042899,280.638900,0.00919322,97.4136,1,0.047998,377.705627
2015-07-13,-0.00608340,100.6182,1,0.032770,202.176270,0.01236627,98.6502,0,0.000000,0.000000
2015-07-14,0.00047075,100.6653,1,0.017135,161.984990,0.00110067,98.7603,1,0.024253,223.545962
2015-07-15,0.00405415,101.0707,1,0.032605,240.712210,-0.00213516,98.5468,0,0.000000,0.000000
2015-07-16,0.00096110,101.1668,1,0.021880,160.367620,0.00252263,98.7990,1,0.048717,360.340840
2015-07-17,-0.00265956,100.9009,1,0.017826,141.440590,-0.00056951,98.7421,0,0.000000,0.000000
2015-07-20,-0.00584327,100.3166,1,0.024817,180.188370,0.00725482,99.4675,1,0.045068,321.163179
2015-07-21,-0.00350691,99.9659,1,0.027381,181.262090,0.00804402,100.2719,1,0.037498,301.108690
2015-07-22,0.00048098,100.0140,1,0.016472,160.968830,0.00207420,100.4794,1,0.039540,320.473000
2015-07-23,0.00325828,100.3398,1,0.020242,140.646390,-0.00258506,100.2209,1,0.035286,300.698040
2015-07-24,-0.01020506,99.3193,1,0.029146,180.975430,0.02602081,102.8229,1,0.051599,339.327560
2015-07-27,0.00700687,100.0200,1,0.021713,160.984440,-0.00487390,102.3356,1,0.031150,281.734340
2015-07-28,0.01036622,101.0566,1,0.039498,221.352160,-0.01061564,101.2740,1,0.047234,301.233300
2015-07-29,-0.00374823,100.6818,1,0.052473,282.823380,-0.00086978,101.1870,0,0.000000,0.000000
2015-07-30,0.01210903,101.8927,1,0.042997,182.487890,0.00156429,101.3434,0,0.000000,0.000000
2015-07-31,-0.00480355,101.4123,1,0.036475,280.387220,0.00967647,102.3111,1,0.046223,326.386298
2015-08-03,-0.00403611,101.0087,1,0.027861,180.653100,0.00313440,102.6245,1,0.033870,241.383650
2015-08-04,0.00966633,101.9753,1,0.036487,201.130270,-0.01047078,101.5774,1,0.033128,280.860590
2015-08-05,-0.00114224,101.8611,1,0.024554,201.287400,0.00024013,101.6015,1,0.043217,340.821030
2015-08-06,0.01968974,103.8301,1,0.031126,181.316790,-0.01785470,99.8160,1,0.046880,301.237830
2015-08-07,-0.00094217,103.7359,1,0.045267,259.273380,0.00413123,100.2291,1,0.051817,359.113610
2015-08-10,0.01558544,105.2944,1,0.030526,140.579610,-0.01989101,98.2400,1,0.045801,260.673840
2015-08-11,0.00796595,106.0910,1,0.037225,321.469150,0.01203615,99.4436,0,0.000000,0.000000
2015-08-12,-0.00947982,105.1430,1,0.056792,319.378780,0.01054064,100.4977,1,0.033756,241.409414
2015-08-13,0.00134636,105.2777,1,0.025524,121.301930,-0.01469675,99.0280,1,0.042555,241.339460
2015-08-14,0.00159307,105.4370,1,0.020833,160.653220,-0.00161454,98.8666,1,0.051934,380.428480
2015-08-17,0.00128599,105.5656,1,0.025861,161.533840,-0.00980893,97.8857,1,0.039253,281.286860
2015-08-18,-0.00273296,105.2923,1,0.047666,161.559440,0.00070702,97.9564,0,0.000000,0.000000
2015-08-19,0.00047564,105.3398,1,0.019696,140.432570,0.00110147,98.0665,1,0.037583,301.574698
2015-08-20,-0.00566384,104.7735,1,0.028184,199.440080,0.01359752,99.4263,1,0.046058,299.764750
2015-08-21,-0.00184155,104.5893,1,0.026585,180.048040,0.00480220,99.9065,0,0.000000,0.000000
2015-08-24,0.00386407,104.9757,1,0.029203,179.969290,0.00774039,100.6805,0,0.000000,0.000000
2015-08-25,0.00455558,105.4313,1,0.033192,143.122850,-0.00047205,100.6333,0,0.000000,0.000000
2015-08-26,0.00050098,105.4814,1,0.022812,141.883630,0.00032948,100.6663,0,0.000000,0.000000
2015-08-27,-0.00750548,104.7308,1,0.050468,285.955950,-0.00984665,99.6816,0,0.000000,0.000000
2015-08-28,-0.00939259,103.7916,1,0.019339,144.506540,-0.01331685,98.3499,0,0.000000,0.000000
2015-08-31,-0.00131064,103.6605,1,0.020214,121.445280,0.01225110,99.5750,1,0.068130,371.830320
2015-09-01,0.00741820,104.4023,1,0.027410,160.648770,-0.00423198,99.1518,1,0.044518,260.300120
2015-09-02,0.00203066,104.6054,1,0.056044,258.436350,0.00204164,99.3560,0,0.000000,0.000000
2015-09-03,-0.00180712,104.4247,1,0.035372,263.644230,0.00411652,99.7677,0,0.000000,0.000000
2015-09-04,0.00055863,104.4805,1,0.027627,161.282760,0.00272171,100.0398,0,0.000000,0.000000
2015-09-08,-0.00450951,104.0296,1,0.048571,239.940810,0.00019412,100.0592,0,0.000000,0.000000
2015-09-09,-0.00237780,103.7918,1,0.046000,244.381780,0.00433315,100.4925,0,0.000000,0.000000
2015-09-10,0.00148948,103.9407,1,0.039892,219.704580,-0.00196674,100.2959,0,0.000000,0.000000
2015-09-11,0.00003350,103.9441,1,0.033830,220.579660,-0.00243016,100.0529,1,0.058936,359.477315
2015-09-14,0.00193574,104.1377,1,0.027016,161.461900,-0.00044383,100.0085,0,0.000000,0.000000
2015-09-15,0.00141322,104.2790,1,0.025668,160.419150,-0.00027210,99.9813,1,0.058500,321.335190
2015-09-16,-0.00310563,103.9684,1,0.021183,141.512150,0.00471072,100.4523,0,0.000000,0.000000
2015-09-17,-0.00003673,103.9648,1,0.026863,181.343780,0.00734387,101.1867,0,0.000000,0.000000
2015-09-18,-0.00556427,103.4083,1,0.029617,200.023690,0.01323249,102.5100,1,0.042251,223.691368
2015-09-21,0.00079904,103.4882,1,0.026856,200.069110,-0.00302352,102.2076,0,0.000000,0.000000
2015-09-22,-0.00247128,103.2411,1,0.034478,221.020320,0.00374543,102.5822,1,0.063507,259.554455
2015-09-23,-0.00023562,103.2175,1,0.030792,200.095710,0.00153860,102.7360,0,0.000000,0.000000
2015-09-24,-0.00267703,102.9498,1,0.034563,201.110350,-0.00031112,102.7049,1,0.054302,318.879825
2015-09-25,-0.00430324,102.5195,1,0.027194,180.610820,0.01304917,104.0098,1,0.051613,340.329570
2015-09-28,-0.01369716,101.1498,1,0.028086,181.353710,0.02132162,106.1420,1,0.035578,281.899010
2015-09-29,-0.00565751,100.5841,1,0.031771,180.743270,-0.00148894,105.9931,0,0.000000,0.000000
2015-09-30,-0.01072394,99.5117,1,0.039584,220.686380,-0.00280224,105.7129,1,0.057814,376.308148
2015-10-01,-0.00934227,98.5774,1,0.049747,243.339970,0.00669342,106.3822,0,0.000000,0.000000
2015-10-02,-0.02000128,96.5773,1,0.019478,141.756540,0.01426288,107.8085,1,0.055222,326.600051
2015-10-05,0.00223509,96.8008,1,0.030301,163.740210,-0.00958934,106.8496,0,0.000000,0.000000
2015-10-06,-0.01696914,95.1039,1,0.022974,162.263810,-0.00086452,106.7631,0,0.000000,0.000000
2015-10-07,0.01776433,96.8803,1,0.028667,161.212040,-0.02119353,104.6438,1,0.046943,326.387662
2015-10-08,-0.00136029,96.7443,1,0.043389,220.330280,0.00005539,104.6493,1,0.055761,340.341850
2015-10-09,0.00151880,96.8962,1,0.032970,201.456360,-0.00662149,103.9872,0,0.000000,0.000000
2015-10-12,0.00640081,97.5363,1,0.033399,160.888710,0.00003315,103.9905,1,0.055485,322.333693
2015-10-13,0.00360408,97.8967,1,0.055472,240.297240,0.00842243,104.8327,1,0.050497,280.791220
2015-10-14,-0.00922160,96.9745,1,0.048640,239.230160,-0.00069974,104.7627,0,0.000000,0.000000
2015-10-15,-0.00744943,96.2296,1,0.018673,160.663520,0.00146336,104.9091,0,0.000000,0.000000
2015-10-16,-0.00733488,95.4961,1,0.027758,163.103310,0.01073645,105.9827,0,0.000000,0.000000
2015-10-19,-0.00244111,95.2520,1,0.024441,162.305430,0.01065255,107.0480,1,0.040785,282.129201
2015-10-20,0.01974590,97.2266,1,0.028020,140.397470,-0.01789965,105.2580,1,0.024975,221.152160
2015-10-21,-0.00327903,96.8987,1,0.034003,220.806730,-0.00268844,104.9892,1,0.047314,361.282570
2015-10-22,0.00713673,97.6123,1,0.040017,200.076680,0.00768807,105.7580,1,0.058193,320.668550
2015-10-23,-0.00394773,97.2176,1,0.040043,264.360310,-0.01806846,103.9511,0,0.000000,0.000000
2015-10-26,0.00121389,97.3389,1,0.031211,181.283690,0.00865974,104.8171,1,0.052386,383.885517
2015-10-27,-0.01381637,95.9573,1,0.033327,200.302900,0.00559681,105.3768,1,0.042099,281.307740
2015-10-28,0.02009193,97.9665,1,0.039227,162.162750,0.00564048,105.9408,1,0.059452,282.177720
2015-10-29,-0.00472929,97.4936,1,0.049059,260.563060,-0.00316575,105.6243,1,0.056395,343.376240
2015-10-30,0.00936156,98.4297,1,0.041674,260.814730,-0.01088087,104.5362,1,0.047817,320.490620
2015-11-02,0.00423632,98.8534,1,0.038168,261.077550,-0.00688851,103.8473,1,0.045781,360.700030
2015-11-03,-0.00568420,98.2849,1,0.037920,242.165160,0.01091112,104.9384,0,0.000000,0.000000
2015-11-04,-0.00241858,98.0431,1,0.024708,161.050280,0.00098545,105.0370,1,0.032595,262.181200
2015-11-05,-0.01102004,96.9411,1,0.031254,200.682330,0.01005221,106.0422,1,0.042939,320.169760
2015-11-06,-0.00171683,96.7694,1,0.021143,141.722190,0.00206967,106.2492,1,0.037603,261.703960
2015-11-09,0.00032736,96.8021,1,0.025654,160.146060,-0.00687001,105.5622,1,0.035251,300.843930
2015-11-10,0.00054268,96.8564,1,0.029882,200.358330,-0.00907612,104.6546,0,0.000000,0.000000
2015-11-11,0.00151617,97.0080,1,0.039033,201.483310,-0.00075109,104.5794,1,0.057649,380.400136
2015-11-12,-0.00265337,96.7427,1,0.038747,240.064810,0.00179438,104.7589,1,0.040672,280.519240
2015-11-13,0.01075609,97.8183,1,0.046151,259.081450,-0.00247441,104.5114,0,0.000000,0.000000
2015-11-16,0.00064455,97.8827,1,0.035205,259.199260,-0.00188902,104.3225,1,0.050512,337.617506
2015-11-17,0.00448176,98.3309,1,0.044894,222.639360,-0.00151259,104.1713,0,0.000000,0.000000
2015-11-18,0.00731338,99.0623,1,0.038992,199.713430,-0.00561061,103.6102,1,0.037931,301.517805
2015-11-19,-0.00091689,98.9706,1,0.028259,262.885290,-0.01065111,102.5451,0,0.000000,0.000000
2015-11-20,0.00491242,99.4618,1,0.032178,200.587430,0.00140330,102.6854,1,0.044770,322.437244
2015-11-23,0.00800746,100.2626,1,0.046284,201.910520,-0.00666145,102.0193,1,0.041795,282.238720
2015-11-24,0.01236037,101.4986,1,0.041333,241.178170,-0.00387583,101.6317,1,0.038393,321.865610
2015-11-25,0.00277854,101.7764,1,0.051596,240.262890,-0.00734089,100.8976,1,0.058229,340.801370
2015-11-27,-0.00397324,101.3791,1,0.026034,200.773770,0.00585426,101.4830,1,0.051704,320.830140
2015-11-30,0.01042182,102.4213,1,0.042628,201.357110,-0.00699709,100.7833,1,0.054309,301.239590
2015-12-01,-0.00161927,102.2594,1,0.049307,240.483150,-0.00673372,100.1100,1,0.044662,339.706480
2015-12-02,0.01300224,103.5596,1,0.033416,181.415860,-0.00345441,99.7645,0,0.000000,0.000000
2015-12-03,0.00696004,104.2556,1,0.043566,258.891240,0.01468570,101.2331,0,0.000000,0.000000
2015-12-04,0.00718443,104.9740,1,0.040717,259.150810,-0.01192603,100.0405,0,0.000000,0.000000
2015-12-07,-0.00946645,104.0274,1,0.045525,303.085940,-0.00602110,99.4384,0,0.000000,0.000000
2015-12-08,-0.01005953,103.0214,1,0.034113,200.651880,0.00132503,99.5709,1,0.050697,297.750985
2015-12-09,0.00355709,103.3772,1,0.039641,141.817960,-0.00980459,98.5904,1,0.055289,280.393420
2015-12-10,0.00297797,103.6750,1,0.027233,180.708710,-0.00368114,98.2223,1,0.062694,378.193170
2015-12-11,0.00870087,104.5450,1,0.039073,220.576490,-0.00614086,97.6082,1,0.046896,320.781640
2015-12-14,-0.01571756,102.9733,1,0.040846,240.150420,-0.00030259,97.5780,0,0.000000,0.000000
2015-12-15,0.00709777,103.6831,1,0.014513,101.683830,-0.00635312,96.9427,1,0.038262,320.227206
2015-12-16,0.00187633,103.8707,1,0.034057,261.681370,-0.00247733,96.6949,0,0.000000,0.000000
2015-12-17,-0.01038306,102.8324,1,0.034706,241.840230,0.00141621,96.8365,0,0.000000,0.000000
2015-12-18,-0.00575713,102.2567,1,0.023743,180.691640,-0.00823650,96.0129,0,0.000000,0.000000
2015-12-21,-0.00521996,101.7347,1,0.039526,180.519830,-0.01058106,94.9548,0,0.000000,0.000000
2015-12-22,0.00487015,102.2217,1,0.026675,181.616730,-0.00610221,94.3446,1,0.052651,380.503671
2015-12-23,-0.01556409,100.6653,1,0.030409,221.533890,-0.00077761,94.2668,0,0.000000,0.000000
2015-12-24,0.00085660,100.7509,1,0.019760,143.354900,-0.00278886,93.9879,0,0.000000,0.000000
2015-12-28,0.00339603,101.0905,1,0.034797,180.320280,0.00189529,94.1774,1,0.076181,343.688923
2015-12-29,0.00388900,101.4794,1,0.035790,260.407680,-0.00391276,93.7862,1,0.044606,320.924950
2015-12-30,0.00425061,101.9045,1,0.032179,201.674130,0.00949698,94.7359,0,0.000000,0.000000
2015-12-31,0.00224592,102.1291,1,0.032118,199.804680,-0.00645135,94.0907,0,0.000000,0.000000
2016-01-04,-0.01247545,100.8816,1,0.031625,160.711490,0.00139972,94.2307,0,0.000000,0.000000
2016-01-05,-0.00368185,100.5134,1,0.028605,121.152460,0.00594855,94.8256,0,0.000000,0.000000
2016-01-06,-0.00872890,99.6405,1,0.019620,121.845620,0.00173711,94.9993,1,0.056799,318.317500
2016-01-07,-0.01211529,98.4290,1,0.013059,81.508810,0.01188371,96.1876,1,0.056499,298.939590
2016-01-08,-0.01023829,97.4051,1,0.016669,120.766010,0.00266723,96.4544,0,0.000000,0.000000
2016-01-11,-0.01194673,96.2104,1,0.018103,121.438680,0.01216536,97.6709,0,0.000000,0.000000
2016-01-12,0.01482252,97.6927,1,0.026568,140.479730,-0.00446826,97.2241,1,0.032726,277.909761
2016-01-13,-0.01208035,96.4847,1,0.038025,260.550200,-0.00698063,96.5260,1,0.049283,321.583960
2016-01-14,0.00619869,97.1045,1,0.033681,199.456370,0.00481575,97.0076,0,0.000000,0.000000
2016-01-15,0.00018676,97.1232,1,0.026754,162.587950,0.00180162,97.1878,0,0.000000,0.000000
2016-01-19,-0.02355168,94.7680,1,0.038618,218.841250,0.00690430,97.8782,0,0.000000,0.000000
2016-01-20,0.00413219,95.1813,1,0.011461,102.652270,0.00207869,98.0861,1,0.039031,260.501718
2016-01-21,0.01817114,96.9984,1,0.014196,100.739280,-0.01577072,96.5090,1,0.041642,338.960560
2016-01-22,0.00164301,97.1627,1,0.030269,182.383290,0.00019031,96.5280,1,0.051679,342.718750
2016-01-25,0.00023444,97.1861,1,0.022706,184.634990,-0.00840025,95.6880,0,0.000000,0.000000
2016-01-26,0.00209082,97.3952,1,0.030258,198.537170,0.02883782,98.5718,0,0.000000,0.000000
2016-01-27,0.01953870,99.3491,1,0.027960,204.144160,-0.02304513,96.2673,0,0.000000,0.000000
2016-01-28,0.00135899,99.4850,1,0.039191,240.055330,0.00594502,96.8618,1,0.060058,342.146392
2016-01-29,0.00159781,99.6448,1,0.030679,182.088590,-0.00901984,95.9598,1,0.040574,281.681700
2016-02-01,0.01106190,100.7509,1,0.040540,185.886500,-0.01369000,94.5908,0,0.000000,0.000000
2016-02-02,-0.02334259,98.4167,1,0.031319,200.206510,0.01794719,96.3855,1,0.050781,364.981788
2016-02-03,0.00867653,99.2843,1,0.020697,141.427380,-0.00648773,95.7367,0,0.000000,0.000000
2016-02-04,0.00374222,99.6586,1,0.025158,163.202470,-0.01892614,93.8441,0,0.000000,0.000000
2016-02-05,-0.01839537,97.8190,1,0.028247,181.612560,0.01066065,94.9102,1,0.048615,362.017614
2016-02-08,-0.01869525,95.9495,1,0.034945,220.020510,0.01374110,96.2843,0,0.000000,0.000000
2016-02-09,-0.00327864,95.6216,1,0.022194,121.645660,0.01140438,97.4247,1,0.042742,277.532948
2016-02-10,0.03613328,99.2350,1,0.022712,161.532370,-0.02642774,94.7819,1,0.046514,322.550220
2016-02-11,-0.00447696,98.7873,1,0.030866,224.382720,-0.01443704,93.3382,1,0.040344,304.546460
2016-02-12,-0.00000520,98.7867,1,0.030790,141.284430,-0.00993297,92.3449,1,0.044587,297.346440
2016-02-16,-0.00448207,98.3385,1,0.019587,144.402410,0.00252248,92.5972,0,0.000000,0.000000
2016-02-17,-0.00763165,97.5754,1,0.015185,144.342820,0.01238916,93.8361,0,0.000000,0.000000
2016-02-18,-0.00125882,97.4495,1,0.025522,143.649580,-0.02607317,91.2288,1,0.053387,292.169329
2016-02-19,-0.00033870,97.4156,1,0.022450,161.119500,-0.00050014,91.1788,1,0.046894,358.532750
2016-02-22,0.00954775,98.3704,1,0.023685,141.869420,-0.01601389,89.5774,1,0.048429,281.254640
2016-02-23,0.01466726,99.8371,1,0.039564,204.037280,0.00870269,90.4477,0,0.000000,0.000000
2016-02-24,0.00417777,100.2549,1,0.056393,258.862990,-0.00259401,90.1883,1,0.061981,321.235312
2016-02-25,0.00493184,100.7481,1,0.042206,221.352270,-0.00428325,89.7599,1,0.058305,341.235800
2016-02-26,-0.00063563,100.6845,1,0.033523,182.806210,0.00384541,90.1445,0,0.000000,0.000000
2016-02-29,0.00906687,101.5912,1,0.024553,160.871800,-0.01403037,88.7414,1,0.042757,303.296356
2016-03-01,0.00032080,101.6233,1,0.036650,239.568000,-0.01647364,87.0941,1,0.057694,358.688160
2016-03-02,0.01519965,103.1433,1,0.027755,204.096270,-0.01191548,85.9025,0,0.000000,0.000000
2016-03-03,-0.00062696,103.0806,1,0.031786,182.614540,0.00721246,86.6238,1,0.056774,347.035124
2016-03-04,-0.01170554,101.9100,1,0.014594,101.428850,0.00937348,87.5611,0,0.000000,0.000000
2016-03-07,-0.01082392,100.8276,1,0.013312,102.608000,0.00505406,88.0665,1,0.038734,264.097920
2016-03-08,0.02418973,103.2466,1,0.022037,141.403780,-0.02643105,85.4234,1,0.059855,321.345140
2016-03-09,0.00287050,103.5336,1,0.041930,219.010510,-0.00044903,85.3785,1,0.061223,337.244290
2016-03-10,-0.01099686,102.4339,1,0.027066,200.632220,0.00424616,85.8031,1,0.039344,281.520000
2016-03-11,0.00480234,102.9142,1,0.024836,160.897940,-0.01959776,83.8434,1,0.044416,280.657840
2016-03-14,-0.00031075,102.8831,1,0.025355,183.599650,0.00099677,83.9430,0,0.000000,0.000000
2016-03-15,-0.00076606,102.8065,1,0.021916,141.082860,0.00188753,84.1318,1,0.048987,264.095072
2016-03-16,0.00053536,102.8600,1,0.035364,160.123050,-0.01421293,82.7105,1,0.063483,359.215780
2016-03-17,-0.00639315,102.2207,1,0.021725,141.581960,0.01425181,84.1357,1,0.067449,342.377550
2016-03-18,0.00970718,103.1914,1,0.026672,182.948930,-0.01182120,82.9536,1,0.041050,222.838970
2016-03-21,0.00646143,103.8376,1,0.040497,221.898150,-0.00505217,82.4483,1,0.050667,362.742850
2016-03-22,0.00078719,103.9163,1,0.021811,180.893740,-0.00124220,82.3241,1,0.039620,340.241170
2016-03-23,0.00709972,104.6263,1,0.019228,140.922990,-0.00243647,82.0805,1,0.036187,300.879040
2016-03-24,0.00796537,105.4228,1,0.039723,199.516820,-0.00397431,81.6830,1,0.046411,320.080320
2016-03-28,0.00777953,106.2008,1,0.027587,181.053400,-0.01034315,80.6487,1,0.042305,320.758700
2016-03-29,-0.00171318,106.0294,1,0.030538,140.746400,0.00920686,81.5694,1,0.065724,380.119510
2016-03-30,0.01003964,107.0334,1,0.028306,183.753580,0.00002572,81.5720,0,0.000000,0.000000
2016-03-31,-0.00488040,106.5454,1,0.033440,220.762630,-0.00713133,80.8588,1,0.061333,343.263343
2016-04-01,0.01381978,107.9273,1,0.036162,200.676720,-0.02209458,78.6494,1,0.054918,379.754520
2016-04-04,-0.00311975,107.6154,1,0.039415,240.496600,0.01633100,80.2825,1,0.055240,380.704160
2016-04-05,0.00129280,107.7447,1,0.026990,180.721300,0.00052523,80.3350,1,0.044007,301.795900
2016-04-06,-0.00252706,107.4919,1,0.017926,100.885950,0.00710019,81.0450,0,0.000000,0.000000
2016-04-07,0.00764276,108.2562,1,0.026744,203.253240,-0.01248625,79.7964,1,0.040765,261.666527
2016-04-08,-0.00038208,108.2180,1,0.020698,161.379240,0.00837588,80.6340,1,0.042692,338.809500
2016-04-11,0.00059956,108.2780,1,0.019114,140.839210,0.00499990,81.1340,1,0.030110,241.214360
2016-04-12,-0.00577679,107.7003,1,0.017109,100.806830,0.01340781,82.4748,1,0.030019,221.230600
2016-04-13,0.00491121,108.1914,1,0.012979,82.417010,0.00765598,83.2404,0,0.000000,0.000000
2016-04-14,-0.00540194,107.6512,1,0.024574,182.977660,0.00263696,83.5041,1,0.046784,325.419969
2016-04-15,0.00337347,107.9886,1,0.018243,140.560800,-0.01302907,82.2012,1,0.027737,260.237900
2016-04-18,-0.00208414,107.7802,1,0.015554,141.110610,-0.00605505,81.5956,1,0.049265,380.647350
2016-04-19,0.00241101,108.0213,1,0.036719,181.658960,-0.00184569,81.4111,0,0.000000,0.000000
2016-04-20,-0.01252316,106.7689,1,0.031666,240.461380,-0.00014656,81.3964,1,0.055246,301.352128
2016-04-21,0.00743839,107.5128,1,0.020011,121.806970,0.00578550,81.9750,1,0.053040,300.769430
2016-04-22,0.00036894,107.5497,1,0.027856,180.718250,-0.00567089,81.4079,1,0.070139,300.821530
2016-04-25,0.00180335,107.7300,1,0.027835,182.125210,0.00262518,81.6704,1,0.065452,361.539010
2016-04-26,0.00306836,108.0368,1,0.025154,160.325450,-0.00640873,81.0295,1,0.047793,319.894530
2016-04-27,-0.00005159,108.0317,1,0.021299,142.795370,0.00481007,81.5105,1,0.059803,362.180060
2016-04-28,0.01171760,109.2034,1,0.020970,182.496360,-0.00845867,80.6647,1,0.025627,262.416330
2016-04-29,0.00331103,109.5345,1,0.025637,199.369830,0.00946982,81.6117,1,0.067718,338.381860
2016-05-02,0.00173503,109.7080,1,0.024127,140.093240,-0.00084761,81.5269,1,0.039031,259.975480
2016-05-03,-0.00444275,109.2638,1,0.029765,201.374710,0.01345421,82.8723,1,0.035979,321.765330
2016-05-04,-0.00910334,108.3534,1,0.027914,180.191010,0.01804347,84.6767,1,0.049133,280.336720
2016-05-05,-0.00092244,108.2612,1,0.019894,141.425340,0.00126347,84.8030,1,0.044573,240.959180
2016-05-06,-0.00933557,107.3276,1,0.019877,160.358790,0.00592277,85.3953,1,0.033553,280.407540
2016-05-09,0.00185515,107.5132,1,0.014275,101.650040,0.00019423,85.4147,1,0.044537,262.238130
2016-05-10,0.00965221,108.4784,1,0.026159,160.220770,-0.01243327,84.1714,1,0.046817,321.016860
2016-05-11,0.00006918,108.4853,1,0.033572,203.278120,-0.01412640,82.7587,0,0.000000,0.000000
2016-05-12,0.00192760,108.6781,1,0.014110,120.797890,0.00209755,82.9685,0,0.000000,0.000000
2016-05-13,-0.00296881,108.3812,1,0.023511,180.786650,-0.00113762,82.8547,1,0.031272,261.993164
2016-05-16,0.00442800,108.8240,1,0.019390,120.892930,-0.00195253,82.6595,0,0.000000,0.000000
2016-05-17,0.00259327,109.0833,1,0.018453,161.954030,-0.00781029,81.8784,0,0.000000,0.000000
2016-05-18,0.00280449,109.3637,1,0.021351,199.515840,-0.01269202,80.6092,0,0.000000,0.000000
2016-05-19,0.00248589,109.6123,1,0.037381,181.262380,-0.00705323,79.9039,1,0.051533,358.621362
2016-05-20,0.00011950,109.6243,1,0.020040,180.335530,-0.00705309,79.1986,1,0.044609,340.254410
2016-05-23,-0.00463792,109.1605,1,0.022022,181.721990,-0.00786118,78.4125,0,0.000000,0.000000
2016-05-24,-0.00053173,109.1073,1,0.021453,160.789410,0.00145585,78.5581,1,0.047915,361.333327
2016-05-25,0.00376397,109.4837,1,0.029623,202.863260,0.01514127,80.0722,0,0.000000,0.000000
2016-05-26,-0.00145692,109.3380,1,0.039642,180.751260,-0.00234784,79.8374,1,0.037204,244.497068
2016-05-27,0.00124248,109.4623,1,0.031942,160.715670,-0.00105909,79.7315,1,0.055789,340.634340
2016-05-31,-0.00182048,109.2802,1,0.029378,181.096050,0.00816520,80.5480,0,0.000000,0.000000
2016-06-01,-0.00108803,109.1714,1,0.031183,120.966350,-0.00266957,80.2811,1,0.025697,221.822285
2016-06-02,-0.00351486,108.8199,1,0.023646,140.779320,0.00713952,80.9950,1,0.051758,340.741860
2016-06-03,0.00519620,109.3396,1,0.020430,161.200820,-0.00770829,80.2242,1,0.032549,241.412030
2016-06-06,-0.00105535,109.2340,1,0.034165,160.468310,-0.01198072,79.0261,1,0.054042,360.068880
2016-06-07,0.00997487,110.2315,1,0.027923,201.393110,-0.00078344,78.9478,1,0.044804,361.574650
2016-06-08,0.00114911,110.3464,1,0.016509,119.503850,-0.00311940,78.6358,1,0.045460,300.734400
2016-06-09,-0.00318392,110.0280,1,0.026252,121.100640,0.00466970,79.1028,1,0.029920,280.858280
2016-06-10,0.00477212,110.5052,1,0.030058,220.379100,0.00888463,79.9913,1,0.026067,280.437230
2016-06-13,-0.00416101,110.0891,1,0.019241,218.871430,0.00254999,80.2463,0,0.000000,0.000000
2016-06-14,-0.00625548,109.4636,1,0.024908,180.458580,0.00983032,81.2293,0,0.000000,0.000000
2016-06-15,-0.00009267,109.4543,1,0.018437,141.341840,-0.00146354,81.0830,1,0.024014,201.263415
2016-06-16,-0.00473802,108.9805,1,0.017022,121.237850,-0.00397413,80.6855,1,0.034093,300.738420
2016-06-17,0.00132963,109.1135,1,0.009337,101.496980,-0.00374883,80.3107,1,0.059883,381.291080
2016-06-20,-0.00023571,109.0899,1,0.036661,161.148900,-0.00416834,79.8938,1,0.078954,360.322440
2016-06-21,-0.00030807,109.0591,1,0.031387,181.864910,0.00322214,80.2160,0,0.000000,0.000000
2016-06-22,0.00201449,109.2606,1,0.017341,140.831540,-0.00237911,79.9781,1,0.040231,282.549958
2016-06-23,0.00408824,109.6694,1,0.015366,120.313730,0.00042935,80.0211,1,0.041665,359.665600
2016-06-24,0.01931477,111.6009,1,0.021193,143.028250,-0.00413663,79.6074,0,0.000000,0.000000
2016-06-27,-0.03427171,108.1737,1,0.051991,295.154130,-0.01460365,78.1470,0,0.000000,0.000000
2016-06-28,0.01958681,110.1324,1,0.008369,83.649620,-0.01584154,76.5629,1,0.051264,335.093302
2016-06-29,-0.00208293,109.9241,1,0.031733,223.714830,-0.01586670,74.9762,0,0.000000,0.000000
2016-06-30,0.01433623,111.3577,1,0.024717,164.455460,-0.01077294,73.8989,0,0.000000,0.000000
2016-07-01,0.00390975,111.7487,1,0.030955,163.845500,0.00087091,73.9860,0,0.000000,0.000000
2016-07-05,-0.00099168,111.6495,1,0.026858,180.688270,-0.00087969,73.8980,1,0.038649,330.955436
2016-07-06,0.00143398,111.7929,1,0.033272,199.725770,-0.00479754,73.4183,1,0.043824,339.222800
2016-07-07,0.00865889,112.6588,1,0.032371,180.857170,0.00488310,73.9066,1,0.040530,341.210790
2016-07-08,0.00399882,113.0587,1,0.028438,160.418400,0.00870332,74.7769,1,0.036988,300.444780
2016-07-11,-0.00120304,112.9384,1,0.034114,203.967460,0.01026793,75.8037,0,0.000000,0.000000
2016-07-12,-0.00312007,112.6264,1,0.031097,161.323690,0.01257329,77.0611,1,0.037551,264.187981
2016-07-13,0.00619836,113.2462,1,0.029344,141.080250,-0.01211340,75.8497,1,0.032000,281.908240
2016-07-14,-0.00514645,112.7316,1,0.028395,179.505080,-0.00659350,75.1904,1,0.049720,380.173740
2016-07-15,-0.00651582,112.0800,1,0.026362,160.840890,0.00360353,75.5507,1,0.052897,340.071290
2016-07-18,-0.00787434,111.2925,1,0.018684,140.953000,0.00260535,75.8112,1,0.030015,280.569470
2016-07-19,0.00103117,111.3957,1,0.016973,120.874230,0.00181119,75.9924,1,0.024031,240.891050
2016-07-20,0.00003283,111.3989,1,0.019707,81.113930,-0.00751129,75.2412,1,0.048239,320.166630
2016-07-21,-0.02386855,109.0121,1,0.034615,141.148190,0.01356032,76.5973,1,0.047708,380.839130
2016-07-22,-0.00113530,108.8985,1,0.015880,142.109860,0.00450529,77.0478,1,0.041691,341.423700
2016-07-25,-0.00995685,107.9029,1,0.023225,202.711670,0.01093700,78.1415,0,0.000000,0.000000
2016-07-26,0.02375148,110.2780,1,0.013742,140.867520,-0.00786954,77.3545,1,0.031364,283.713480
2016-07-27,-0.01339025,108.9390,1,0.031275,201.316530,0.01706447,79.0610,1,0.041273,361.423290
2016-07-28,0.00013601,108.9526,1,0.021279,121.042630,0.00110057,79.1710,1,0.030903,201.475060
2016-07-29,0.00133619,109.0862,1,0.025941,122.231860,0.00573779,79.7448,1,0.055671,322.039460
2016-08-01,0.00380562,109.4668,1,0.016448,141.502840,0.00495341,80.2402,1,0.042789,301.322890
2016-08-02,-0.00406347,109.0604,1,0.015317,100.182070,0.00569910,80.8101,1,0.040170,280.506330
2016-08-03,0.00578398,109.6388,1,0.021192,180.797030,-0.02702267,78.1078,0,0.000000,0.000000
2016-08-04,0.00060925,109.6997,1,0.039375,261.401590,0.00292775,78.4006,1,0.051505,380.564465
2016-08-05,-0.00625972,109.0738,1,0.042952,220.013260,0.00455116,78.8557,1,0.045624,260.697900
2016-08-08,-0.00784727,108.2890,1,0.021687,141.898520,0.00693795,79.5495,1,0.037555,282.312860
2016-08-09,0.00341493,108.6305,1,0.012177,121.026860,-0.00811797,78.7377,1,0.032387,260.601630
2016-08-10,0.00262776,108.8933,1,0.024784,200.371130,0.00000197,78.7379,1,0.044663,400.188450
2016-08-11,-0.00044046,108.8493,1,0.029046,180.253700,-0.00646673,78.0912,1,0.029933,260.584080
2016-08-12,0.00191796,109.0411,1,0.020484,140.856900,-0.00530719,77.5605,1,0.040079,320.951040
2016-08-15,-0.00012557,109.0285,1,0.020807,160.401460,-0.00189503,77.3710,1,0.038243,360.347560
2016-08-16,-0.01532116,107.4964,1,0.027446,161.347310,0.01151209,78.5222,1,0.045311,321.374860
2016-08-17,-0.00040190,107.4562,1,0.020790,141.458370,-0.00990540,77.5317,0,0.000000,0.000000
2016-08-18,0.00217149,107.6734,1,0.024531,161.091060,0.00409153,77.9408,1,0.051337,380.291386
2016-08-19,0.00033660,107.7070,1,0.035810,201.046380,-0.00213242,77.7276,1,0.041492,261.684770
2016-08-22,0.00123053,107.8301,1,0.019757,160.968750,0.00072242,77.7998,1,0.038958,340.390170
2016-08-23,-0.00391948,107.4381,1,0.023038,160.720250,-0.00289152,77.5107,1,0.032852,280.966020
2016-08-24,0.00875319,108.3134,1,0.025481,140.725770,-0.00742850,76.7678,1,0.050840,360.710000
2016-08-25,0.00138135,108.4516,1,0.037445,239.347200,-0.00175764,76.5921,1,0.046734,339.172030
2016-08-26,0.00289253,108.7408,1,0.031637,180.855100,0.00582104,77.1742,1,0.044966,320.423290
2016-08-29,-0.00223113,108.5177,1,0.026063,200.063270,-0.00284331,76.8898,1,0.029891,260.575510
2016-08-30,-0.00171304,108.3464,1,0.018994,161.242370,0.00722721,77.6126,0,0.000000,0.000000
2016-08-31,0.00183047,108.5295,1,0.019023,160.851690,0.00421111,78.0337,1,0.029099,241.232317
2016-09-01,0.00052532,108.5820,1,0.027478,200.702550,-0.00340404,77.6933,1,0.034144,300.500930
2016-09-02,0.00177212,108.7592,1,0.018528,180.718810,0.00234343,77.9276,1,0.039597,300.244840
2016-09-06,0.00278713,109.0379,1,0.014487,141.619100,0.00641532,78.5691,0,0.000000,0.000000
2016-09-07,0.00496425,109.5343,1,0.019555,160.764300,-0.00461498,78.1076,1,0.034008,282.183452
2016-09-08,-0.00270681,109.2637,1,0.022521,120.327820,-0.00085155,78.0225,1,0.041195,380.445790
2016-09-09,0.00476634,109.7403,1,0.021186,180.158940,0.00021450,78.0439,1,0.030160,319.640780
2016-09-12,0.00269691,110.0100,1,0.029709,238.968240,-0.00576617,77.4673,0,0.000000,0.000000
2016-09-13,0.00235169,110.2451,1,0.022051,262.651260,0.00129902,77.5972,0,0.000000,0.000000
2016-09-14,-0.00097242,110.1479,1,0.023992,200.218360,-0.00377917,77.2193,0,0.000000,0.000000
2016-09-15,0.00060113,110.2080,1,0.022487,180.722130,-0.00292497,76.9268,1,0.040627,353.652502
2016-09-16,-0.00167234,110.0408,1,0.014524,142.050540,0.00391116,77.3179,0,0.000000,0.000000
2016-09-19,0.00046771,110.0876,1,0.019309,180.157230,-0.00314506,77.0034,1,0.031616,301.959350
2016-09-20,-0.00437437,109.6501,1,0.021417,161.770960,0.00357023,77.3604,1,0.040187,341.164350
2016-09-21,0.00314940,109.9651,1,0.029640,180.671900,-0.00231592,77.1288,1,0.033012,280.641850
2016-09-22,0.00967086,110.9321,1,0.027294,202.739880,-0.00347935,76.7809,0,0.000000,0.000000
2016-09-23,-0.00828387,110.1038,1,0.016577,161.487100,0.00431375,77.2123,0,0.000000,0.000000
2016-09-26,-0.00446092,109.6577,1,0.017842,160.819730,-0.00053477,77.1588,1,0.041247,323.540495
2016-09-27,0.01484531,111.1422,1,0.011819,120.269510,-0.01112512,76.0463,1,0.041672,299.336090
2016-09-28,0.01587767,112.7300,1,0.018363,200.268410,-0.00797579,75.2487,1,0.044439,380.072980
2016-09-29,0.00454647,113.1846,1,0.028743,202.159770,0.00373925,75.6226,1,0.029445,281.519900
2016-09-30,-0.00198413,112.9862,1,0.026053,201.234990,0.00606636,76.2293,0,0.000000,0.000000
2016-10-03,-0.00625831,112.3604,1,0.015831,161.022360,0.01763141,77.9924,1,0.020579,241.901075
2016-10-04,0.00085655,112.4460,1,0.025025,201.057560,0.00992043,78.9845,1,0.029057,241.134920
2016-10-05,-0.01072211,111.3738,1,0.020751,160.877540,0.00530690,79.5152,1,0.029820,240.609800
2016-10-06,0.00044812,111.4186,1,0.017218,121.603920,0.00140759,79.6559,1,0.028961,261.183690
2016-10-07,0.02135104,113.5537,1,0.017786,140.489850,-0.01375517,78.2804,1,0.036297,280.347720
2016-10-10,-0.00737539,112.8162,1,0.017099,179.323470,0.00515649,78.7960,1,0.040041,358.683240
2016-10-11,0.00153414,112.9696,1,0.017406,142.025200,-0.00626398,78.1696,1,0.032958,301.990970
2016-10-12,0.00054037,113.0236,1,0.023543,179.881900,-0.00383598,77.7860,0,0.000000,0.000000
2016-10-13,0.00034960,113.0586,1,0.021470,161.074300,-0.00189824,77.5962,0,0.000000,0.000000
2016-10-14,0.00255075,113.3137,1,0.017535,180.566070,-0.00441651,77.1546,1,0.040551,357.608849
2016-10-17,-0.00736911,112.5768,1,0.028101,160.464650,0.00108549,77.2631,1,0.049661,320.526660
2016-10-18,0.00782987,113.3597,1,0.016363,141.035030,-0.00079387,77.1837,1,0.049297,340.524870
2016-10-19,-0.00865078,112.4947,1,0.028458,241.285890,0.00597228,77.7810,1,0.046042,321.248730
2016-10-20,0.00615514,113.1102,1,0.022676,161.482800,-0.00746185,77.0348,1,0.022515,222.059710
2016-10-21,0.00486398,113.5966,1,0.014452,140.223170,-0.00401901,76.6329,1,0.042691,318.508530
2016-10-24,0.00233117,113.8297,1,0.014963,141.241450,-0.00059994,76.5729,1,0.054124,360.248310
2016-10-25,0.00228243,114.0579,1,0.014187,100.768180,0.00902836,77.4757,1,0.038164,300.776130
2016-10-26,-0.02718846,111.3391,1,0.018996,180.351490,0.02630844,80.1066,1,0.031126,280.965800
2016-10-27,-0.00921948,110.4171,1,0.013098,123.203290,0.00637252,80.7438,1,0.033658,282.650550
2016-10-28,0.00517589,110.9347,1,0.032781,200.133430,-0.00712798,80.0310,1,0.043148,240.329450
2016-10-31,-0.00053056,110.8817,1,0.023386,181.554250,0.00479440,80.5105,1,0.041710,321.350410
2016-11-01,0.00539441,111.4211,1,0.023359,181.350370,-0.00987572,79.5229,1,0.032272,261.144850
2016-11-02,-0.00997479,110.4236,1,0.032279,239.258280,0.01923807,81.4467,1,0.046083,358.487180
2016-11-03,0.00022415,110.4461,1,0.022325,142.374840,0.01735782,83.1825,1,0.029158,240.938550
2016-11-04,0.00666463,111.1125,1,0.030257,161.078460,-0.01130366,82.0521,1,0.026476,242.336520
2016-11-07,-0.00176899,110.9356,1,0.025709,221.259800,0.00835181,82.8873,1,0.036529,300.208930
2016-11-08,0.00083756,111.0194,1,0.038284,224.199030,0.00359212,83.2465,0,0.000000,0.000000
2016-11-09,0.03044709,114.0641,1,0.032591,180.981520,-0.03684707,79.5618,1,0.027857,265.415668
2016-11-10,-0.03421427,110.6427,1,0.039267,242.231720,0.04210164,83.7720,1,0.047326,361.456810
2016-11-11,0.00069045,110.7117,1,0.011615,124.038340,0.00235047,84.0070,1,0.019193,204.608710
2016-11-14,-0.00827006,109.8847,1,0.017146,122.043340,0.02130884,86.1379,1,0.040806,340.907340
2016-11-15,0.01389562,111.2743,1,0.013808,124.844380,-0.00656581,85.4813,1,0.032561,264.146970
2016-11-16,0.01420879,112.6951,1,0.020351,181.569270,-0.00176290,85.3050,1,0.039540,362.029320
2016-11-17,-0.01022304,111.6728,1,0.020894,200.634490,0.01646226,86.9512,1,0.039284,340.080170
2016-11-18,0.00336567,112.0094,1,0.019663,161.360370,-0.00638564,86.3127,1,0.034174,261.844810
2016-11-21,0.00022399,112.0318,1,0.021641,180.390890,-0.00069895,86.2428,1,0.048535,339.975190
2016-11-22,0.00527144,112.5589,1,0.018126,161.571900,-0.00904548,85.3382,1,0.047598,321.297860
2016-11-23,-0.00420911,112.1380,1,0.023651,201.660310,-0.00740881,84.5974,1,0.033741,301.113650
2016-11-25,0.00713554,112.8516,1,0.016996,141.751640,-0.00865814,83.7315,1,0.047694,361.161640
2016-11-28,0.00040496,112.8921,1,0.033344,200.880750,-0.02402723,81.3288,0,0.000000,0.000000
2016-11-29,0.00233239,113.1253,1,0.020931,179.971060,-0.00278640,81.0502,1,0.036150,380.378777
2016-11-30,0.01063731,114.1891,1,0.026619,241.225970,-0.01551943,79.4982,1,0.039363,321.179930
2016-12-01,-0.03478244,110.7108,1,0.023834,182.834210,0.02763838,82.2621,1,0.041762,341.928820
2016-12-02,0.01411545,112.1224,1,0.011145,63.148090,-0.01758864,80.5032,1,0.027834,241.624600
2016-12-05,0.00171372,112.2937,1,0.023668,180.772270,0.00042120,80.5453,1,0.044060,360.233550
2016-12-06,-0.00627538,111.6662,1,0.016898,141.432180,0.00487068,81.0324,1,0.031822,261.773860
2016-12-07,0.00089067,111.7553,1,0.014523,161.266080,0.00041500,81.0739,1,0.028410,281.252730
2016-12-08,-0.00149384,111.6059,1,0.012634,141.902610,0.00698958,81.7729,0,0.000000,0.000000
2016-12-09,-0.00842430,110.7634,1,0.023140,181.317330,0.00323848,82.0967,1,0.046492,323.981191
2016-12-12,0.00629854,111.3933,1,0.020746,141.687350,0.00449975,82.5467,1,0.033185,281.126720
2016-12-13,0.00021060,111.4144,1,0.021850,180.802920,-0.00278355,82.2683,1,0.037195,300.536640
2016-12-14,0.00250287,111.6646,1,0.023693,181.473430,0.00496925,82.7653,1,0.043595,361.259940
2016-12-15,-0.00809262,110.8554,1,0.019202,179.682640,0.00559273,83.3245,0,0.000000,0.000000
2016-12-16,0.00630659,111.4860,1,0.024951,162.073560,-0.00851652,82.4729,1,0.043902,300.078151
2016-12-19,0.00478573,111.9646,1,0.022027,140.817630,-0.00395671,82.0772,1,0.045611,340.087490
2016-12-20,0.00514666,112.4793,1,0.026854,160.582780,-0.00132082,81.9451,1,0.037092,301.044600
2016-12-21,0.00230160,112.7094,1,0.013630,162.312340,-0.00612922,81.3322,1,0.044662,301.065110
2016-12-22,-0.00101304,112.6081,1,0.017804,180.718190,-0.00411777,80.9204,1,0.045597,359.644960
2016-12-23,-0.00439520,112.1686,1,0.019060,180.496300,-0.00100149,80.8203,1,0.042889,339.987300
2016-12-27,0.00244065,112.4127,1,0.014865,120.595020,0.00056339,80.8766,1,0.034191,340.648280
2016-12-28,-0.00117343,112.2953,1,0.019383,160.578990,-0.00110678,80.7659,1,0.032588,301.074410
2016-12-29,-0.00834775,111.4606,1,0.028715,160.199020,-0.00409803,80.3561,0,0.000000,0.000000
2016-12-30,-0.00375947,111.0846,1,0.017327,120.955140,0.00358392,80.7145,1,0.052088,378.835856
2017-01-03,0.00939432,112.0240,1,0.026038,180.370180,-0.00086661,80.6279,1,0.034411,280.352360
2017-01-04,0.00402831,112.4269,1,0.024949,261.778710,0.00525313,81.1532,1,0.033847,321.060810
2017-01-05,-0.00294532,112.1323,1,0.025182,161.895760,0.00853776,82.0070,0,0.000000,0.000000
2017-01-06,-0.00983160,111.1492,1,0.029170,180.066130,0.00311906,82.3189,1,0.044334,343.483523
2017-01-09,-0.01218646,109.9305,1,0.018516,141.764410,0.01589131,83.9080,1,0.034869,281.773380
2017-01-10,0.01259564,111.1901,1,0.029436,221.151730,-0.00861744,83.0462,1,0.030624,261.362760
2017-01-11,0.00185072,111.3752,1,0.027888,219.833460,0.00283060,83.3293,1,0.039330,339.766920
2017-01-12,0.00662246,112.0374,1,0.037684,280.821980,-0.00517075,82.8122,1,0.043005,301.550870
2017-01-13,0.00920390,112.9578,1,0.031080,280.281150,-0.00561059,82.2512,1,0.040439,340.099350
2017-01-17,0.00301950,113.2598,1,0.027810,240.796910,-0.01498456,80.7527,1,0.046336,341.051200
2017-01-18,0.00470578,113.7303,1,0.034192,239.725980,-0.00949142,79.8036,1,0.048432,378.399720
2017-01-19,-0.00646472,113.0839,1,0.040092,280.711350,0.00151909,79.9555,1,0.055611,400.720830
2017-01-20,-0.00216903,112.8670,1,0.022253,180.504780,-0.00125214,79.8303,1,0.044204,339.372620
2017-01-23,0.00048873,112.9158,1,0.017987,161.277610,0.00449352,80.2796,1,0.034088,320.699690
2017-01-24,-0.00248605,112.6672,1,0.018115,200.514460,0.00191521,80.4711,1,0.028839,320.185420
2017-01-25,-0.00793309,111.8739,1,0.019629,222.268090,0.00681566,81.1527,1,0.027874,282.218580
2017-01-26,0.00241340,112.1153,1,0.027250,162.565020,-0.00978767,80.1739,1,0.041237,262.217180
2017-01-27,0.00930563,113.0458,1,0.023297,220.601050,-0.00219790,79.9542,1,0.036590,340.503510
2017-01-30,-0.00092722,112.9531,1,0.065692,260.198120,0.00010249,79.9644,1,0.067371,320.372540
2017-01-31,0.00237167,113.1903,1,0.050443,239.743310,0.00038176,80.0026,1,0.057234,319.525020
2017-02-01,0.00438049,113.6283,1,0.042251,241.007390,-0.00707364,79.2952,1,0.050654,280.752910
2017-02-02,0.01555085,115.1834,1,0.037585,220.389040,-0.02129137,77.1661,1,0.044697,359.560370
2017-02-03,0.01312849,116.4963,1,0.047091,280.866130,-0.01965050,75.2010,1,0.046440,360.669920
2017-02-06,0.00719191,117.2154,1,0.044109,301.626580,0.00539879,75.7409,0,0.000000,0.000000
2017-02-07,0.00616283,117.8317,1,0.026927,260.022120,0.00257623,75.9985,1,0.029517,281.406153
2017-02-08,-0.01042371,116.7894,1,0.030821,240.646690,0.00476963,76.4755,1,0.034327,301.476320
2017-02-09,0.00401221,117.1906,1,0.024459,179.698030,-0.00371545,76.1039,1,0.026865,240.975470
2017-02-10,0.00018855,117.2094,1,0.028665,221.089600,-0.00118187,75.9858,1,0.039337,360.608160
2017-02-13,0.00002760,117.2122,1,0.029820,161.119880,-0.00325063,75.6607,0,0.000000,0.000000
2017-02-14,-0.00053613,117.1586,1,0.019523,161.239580,0.00452881,76.1136,1,0.041889,341.763107
2017-02-15,0.00104268,117.2628,1,0.030532,161.108490,0.00009649,76.1232,1,0.036081,300.793090
2017-02-16,0.00150076,117.4129,1,0.027604,200.869960,0.00458828,76.5821,1,0.041102,320.652170
2017-02-17,0.00032757,117.4457,1,0.014033,140.662540,-0.00166523,76.4155,1,0.033383,281.038810
2017-02-21,-0.00591094,116.8546,1,0.026264,200.597970,-0.00837445,75.5781,1,0.035045,340.826260
2017-02-22,0.00787164,117.6418,1,0.022586,202.973090,-0.01071383,74.5067,1,0.042883,341.957480
2017-02-23,-0.01687484,115.9543,1,0.024984,200.656650,0.01296688,75.8034,1,0.034222,300.687680
2017-02-24,-0.00070955,115.8833,1,0.029895,181.378060,-0.00252884,75.5505,1,0.038084,281.514830
2017-02-27,0.00919045,116.8024,1,0.031745,221.252240,-0.00412207,75.1383,1,0.036297,301.076400
2017-02-28,-0.00255174,116.5472,0,0.000000,0.000000,-0.01376188,73.7621,1,0.040118,340.563270
2017-03-01,0.01287661,117.8348,1,0.024949,240.255012,-0.01262899,72.4992,1,0.048719,379.193190
2017-03-02,0.00852124,118.6870,1,0.036616,302.371850,-0.01838629,70.6606,1,0.058129,362.697920
2017-03-03,0.00395630,119.0826,1,0.037980,338.598020,-0.00990592,69.6700,1,0.047742,378.790280
2017-03-06,0.00156300,119.2389,1,0.035150,279.980970,0.00341205,70.0112,1,0.050535,399.551710
2017-03-07,0.00180072,119.4190,1,0.042098,239.881210,-0.00069058,69.9421,1,0.041908,260.200800
2017-03-08,0.00370103,119.7891,1,0.027257,239.802070,0.00465203,70.4073,1,0.037397,319.903310
2017-03-09,-0.00480947,119.3081,1,0.028497,259.469860,0.00223833,70.6312,1,0.036817,320.573500
2017-03-10,0.00163590,119.4717,1,0.028110,259.181350,-0.00064970,70.5662,1,0.034240,319.829090
2017-03-13,0.00268734,119.7405,1,0.029016,261.694040,-0.00385192,70.1810,1,0.034082,341.338950
2017-03-14,0.00457657,120.1981,1,0.024693,260.799550,-0.00381395,69.7996,1,0.033185,361.196210
2017-03-15,0.00393545,120.5917,1,0.029595,279.490330,-0.00252091,69.5475,1,0.036321,339.400270
2017-03-16,0.00744183,121.3358,1,0.028497,262.612700,0.00161748,69.7093,0,0.000000,0.000000
2017-03-17,-0.00250755,121.0851,1,0.059385,240.277520,-0.00428727,69.2805,1,0.044957,301.997161
2017-03-20,-0.00142943,120.9421,1,0.029513,260.791510,0.00215427,69.4960,1,0.036673,320.393330
2017-03-21,-0.00971200,119.9709,1,0.027950,260.046010,0.00880475,70.3765,1,0.028145,300.018000
2017-03-22,-0.00222227,119.7487,1,0.029567,259.705490,-0.00392404,69.9840,0,0.000000,0.000000
2017-03-23,0.00910716,120.6594,1,0.021024,181.538540,-0.00837329,69.1467,1,0.030529,319.201637
2017-03-24,0.00271114,120.9305,1,0.031876,240.049320,-0.00180704,68.9660,1,0.039344,339.783640
2017-03-27,-0.00470627,120.4599,1,0.032567,260.924870,0.00061448,69.0275,1,0.034092,301.044580
2017-03-28,0.00181225,120.6411,1,0.023435,180.615480,0.00280510,69.3080,1,0.037380,340.076120
2017-03-29,-0.00678223,119.9629,1,0.029913,261.036660,0.00440293,69.7483,1,0.029297,300.887430
2017-03-30,0.00121961,120.0849,1,0.033769,221.673870,-0.00456675,69.2916,1,0.038915,281.395230
2017-03-31,-0.00039538,120.0453,1,0.038968,201.161010,-0.00234138,69.0575,1,0.046698,340.559700
2017-04-03,0.00254280,120.2996,1,0.035660,240.402850,-0.00162919,68.8945,1,0.038659,340.121340
2017-04-04,0.00127440,120.4271,1,0.041600,299.828600,-0.00448307,68.4462,1,0.044407,359.554560
2017-04-05,0.00573892,121.0009,1,0.023088,220.349140,-0.00825365,67.6209,1,0.030945,300.262420
2017-04-06,0.00584980,121.5859,1,0.037330,279.757060,-0.00738580,66.8823,1,0.048930,379.115560
2017-04-07,-0.00227432,121.3585,1,0.035442,280.956290,0.00305222,67.1875,1,0.040228,321.019470
2017-04-10,0.00681092,122.0396,1,0.024408,220.521910,-0.00500807,66.6867,1,0.030317,279.855550
2017-04-11,0.00431485,122.4711,1,0.031515,280.377900,-0.00317198,66.3695,1,0.037738,320.629930
2017-04-12,0.00135128,122.6062,1,0.033872,300.740200,-0.00420909,65.9486,1,0.041739,340.671340
2017-04-13,-0.00917653,121.6885,1,0.031683,279.016320,0.00495683,66.4443,1,0.039067,358.809150
2017-04-17,0.00790402,122.4790,1,0.026188,160.728070,-0.00791545,65.6527,0,0.000000,0.000000
2017-04-18,0.00760066,123.2390,1,0.039824,302.681570,0.00568359,66.2211,0,0.000000,0.000000
2017-04-19,0.00292586,123.5316,1,0.034704,259.676170,-0.00022255,66.1988,1,0.031875,281.125833
2017-04-20,0.00432178,123.9638,1,0.042232,260.784550,0.00283048,66.4819,1,0.034282,320.556700
2017-04-21,-0.00016470,123.9473,1,0.051140,221.164950,-0.00320449,66.1614,1,0.053419,341.515650
2017-04-24,0.00601726,124.5490,1,0.058454,220.441450,0.00071570,66.2330,1,0.065350,300.285690
2017-04-25,-0.00877825,123.6712,1,0.036985,262.596660,-0.00424513,65.8085,0,0.000000,0.000000
2017-04-26,-0.00283314,123.3879,1,0.022024,201.969160,0.00175859,65.9843,1,0.038131,382.538959
2017-04-27,0.01422701,124.8106,1,0.022419,181.254830,-0.00084476,65.8999,1,0.030916,300.047330
2017-04-28,0.00195968,125.0066,1,0.032042,259.205680,-0.00459837,65.4400,1,0.037697,320.530840
2017-05-01,-0.00305280,124.7013,1,0.029160,279.555010,0.00063247,65.5033,1,0.035993,338.934060
2017-05-02,-0.01482745,123.2185,1,0.026275,201.140780,0.00860993,66.3643,1,0.031497,280.956620
2017-05-03,0.01190266,124.4088,1,0.017704,121.859170,-0.00508564,65.8557,1,0.035984,241.745050
2017-05-04,-0.00072001,124.3368,1,0.029901,277.754770,0.00058225,65.9139,1,0.037245,320.192620
2017-05-05,0.00779344,125.1162,1,0.026666,261.177160,-0.00265873,65.6481,1,0.032193,301.347670
2017-05-08,0.00150358,125.2665,1,0.029502,261.190090,-0.00402944,65.2451,1,0.030264,321.586040
2017-05-09,0.00149698,125.4162,1,0.028912,280.100820,0.00120425,65.3655,1,0.036465,359.605840
2017-05-10,-0.00075547,125.3407,1,0.037797,239.860010,-0.00762006,64.6035,1,0.050436,300.045870
2017-05-11,0.00197300,125.5380,1,0.013830,180.587830,-0.00174017,64.4295,1,0.040397,380.234630
2017-05-12,-0.00608743,124.9292,1,0.019713,179.901890,0.00774968,65.2045,1,0.040262,339.111820
2017-05-15,0.00123246,125.0525,1,0.013294,140.500170,0.00092078,65.2966,1,0.027882,280.277910
2017-05-16,-0.00460960,124.5915,1,0.021810,201.099520,0.00220986,65.5176,0,0.000000,0.000000
2017-05-17,0.01128988,125.7205,1,0.014802,140.702790,-0.01885784,63.6318,1,0.038304,320.718584
2017-05-18,-0.00800697,124.9198,1,0.029907,239.860090,0.00050292,63.6821,0,0.000000,0.000000
2017-05-19,0.01443028,126.3628,1,0.023602,181.516650,-0.01126972,62.5551,1,0.029932,319.696644
2017-05-22,-0.00317160,126.0457,1,0.028620,282.070330,0.00372517,62.9276,1,0.039453,381.931520
2017-05-23,-0.01559132,124.4865,1,0.020482,181.370380,-0.00136443,62.7912,1,0.029113,281.238110
2017-05-24,-0.00425530,124.0610,1,0.017360,182.465190,-0.00129764,62.6614,1,0.033164,320.456170
2017-05-25,0.00462716,124.5237,1,0.028424,221.374870,-0.00258770,62.4026,1,0.040230,321.310760
2017-05-26,0.00057808,124.5815,1,0.029162,262.061100,0.00234868,62.6375,1,0.034632,322.299840
2017-05-30,0.00412092,124.9936,1,0.022848,220.339690,-0.00319697,62.3178,1,0.036107,320.117840
2017-05-31,-0.00555882,124.4377,1,0.029172,260.010920,0.00291994,62.6098,1,0.036626,319.659930
2017-06-01,0.00322969,124.7607,1,0.019471,161.005170,-0.00746497,61.8633,1,0.028597,280.890840
2017-06-02,0.00594353,125.3551,1,0.041007,281.964460,0.00459477,62.3228,0,0.000000,0.000000
2017-06-05,-0.00320542,125.0345,1,0.032222,280.961820,0.00111193,62.4340,1,0.030907,283.098536
2017-06-06,0.00323731,125.3582,1,0.032529,200.825640,-0.00514682,61.9193,1,0.043312,319.963800
2017-06-07,0.00520131,125.8784,1,0.025159,239.909560,0.00129214,62.0485,0,0.000000,0.000000
2017-06-08,0.00129913,126.0083,1,0.030007,220.727510,0.00097423,62.1459,1,0.033777,299.960731
2017-06-09,-0.00568725,125.4396,1,0.016595,181.079300,0.01464298,63.6102,1,0.027512,320.839620
2017-06-12,-0.00220589,125.2190,1,0.015969,162.391830,0.00134160,63.7444,1,0.026450,242.379850
2017-06-13,0.00244679,125.4637,1,0.020881,240.829160,-0.00273202,63.4712,1,0.035572,301.256030
2017-06-14,0.01095968,126.5596,1,0.025832,220.981920,-0.00009233,63.4619,1,0.035113,320.921790
2017-06-15,-0.00170368,126.3893,1,0.026068,259.600260,0.00512127,63.9741,1,0.027273,300.291360
2017-06-16,0.00273794,126.6630,1,0.016846,180.914880,-0.00704387,63.2697,1,0.027897,281.172060
2017-06-19,0.00513395,127.1764,1,0.025375,240.095400,-0.00541532,62.7282,1,0.031462,319.587950
2017-06-20,0.00300104,127.4765,1,0.036766,281.327550,-0.00371738,62.3564,1,0.038048,341.309650
2017-06-21,-0.00895472,126.5811,1,0.028072,279.019850,0.01615045,63.9715,1,0.030355,339.445570
2017-06-22,-0.01301030,125.2800,1,0.024100,180.673700,0.01447217,65.4187,1,0.032263,261.470640
2017-06-23,-0.00997116,124.2829,1,0.016976,141.651270,0.01509651,66.9283,1,0.027539,261.329420
2017-06-26,0.00715921,124.9989,1,0.013339,141.797660,-0.00845691,66.0826,1,0.018731,202.110350
2017-06-27,-0.00002182,124.9967,1,0.027042,240.384940,-0.00284464,65.7982,1,0.039164,360.368100
2017-06-28,0.00548594,125.5453,1,0.019636,180.217720,-0.00796891,65.0013,0,0.000000,0.000000
2017-06-29,-0.00798287,124.7470,1,0.025517,241.354710,0.00647315,65.6486,1,0.044455,379.855781
2017-06-30,-0.00473759,124.2732,1,0.019909,179.815070,0.00388880,66.0375,0,0.000000,0.000000
2017-07-03,0.00150690,124.4239,1,0.027630,221.616690,0.00243778,66.2813,1,0.037662,300.069108
2017-07-05,0.01559628,125.9835,1,0.058202,261.825080,-0.00829232,65.4520,1,0.065002,302.434280
2017-07-06,-0.00602585,125.3809,1,0.034885,299.857030,-0.00135386,65.3166,1,0.033676,339.594410
2017-07-07,-0.00514094,124.8669,1,0.029534,258.808480,0.01216058,66.5327,0,0.000000,0.000000
2017-07-10,-0.00866444,124.0004,1,0.020104,221.950480,0.00074960,66.6077,0,0.000000,0.000000
2017-07-11,-0.00217392,123.7830,1,0.020442,181.027820,0.00536679,67.1443,1,0.029671,299.477282
2017-07-12,-0.00386271,123.3967,1,0.032231,240.458230,0.00195539,67.3399,1,0.029851,240.583310
2017-07-13,-0.00109525,123.2872,1,0.026355,221.296940,-0.00103594,67.2363,0,0.000000,0.000000
2017-07-14,-0.00350130,122.9371,1,0.025420,220.454710,0.00144091,67.3804,1,0.035349,321.520445
2017-07-17,-0.00353320,122.5838,1,0.023090,200.951750,0.00153467,67.5338,1,0.027663,281.115540
2017-07-18,-0.00239020,122.3448,1,0.020710,180.796050,-0.00041162,67.4927,1,0.034812,301.007070
2017-07-19,0.00401303,122.7461,1,0.018607,200.458270,-0.00703766,66.7889,1,0.024436,260.307750
2017-07-20,-0.01367827,121.3782,1,0.026937,181.758850,0.00592070,67.3810,1,0.040630,341.637250
2017-07-21,0.01056261,122.4345,1,0.024669,240.122210,-0.00419957,66.9610,1,0.047467,340.521120
2017-07-24,0.00795987,123.2305,1,0.041693,260.992390,-0.00297287,66.6637,1,0.041247,301.533870
2017-07-25,-0.00631220,122.5993,1,0.033250,220.444660,-0.00072223,66.5915,1,0.046123,359.805080
2017-07-26,0.02548553,125.1478,1,0.026147,239.817670,-0.02182111,64.4094,1,0.035211,321.556440
2017-07-27,0.00621277,125.7691,1,0.038573,278.978540,-0.02048022,62.3614,1,0.049422,358.789700
2017-07-28,0.00389202,126.1583,1,0.032168,262.285310,-0.01525910,60.8355,1,0.053750,381.072740
2017-07-31,-0.00266018,125.8923,1,0.020618,200.092870,-0.00424756,60.4107,1,0.044706,399.490960
2017-08-01,0.00394281,126.2866,1,0.018699,180.455580,0.00273391,60.6841,1,0.034769,320.446530
2017-08-02,0.00866908,127.1535,1,0.031062,260.782500,-0.01293329,59.3908,1,0.042269,360.884280
2017-08-03,0.00472799,127.6263,1,0.033201,240.806890,0.00179762,59.5705,1,0.043248,360.342800
2017-08-04,0.01041698,128.6680,1,0.021372,200.043820,-0.01387081,58.1835,1,0.032841,320.202190
2017-08-07,0.00909453,129.5774,1,0.035587,260.852990,-0.01063962,57.1195,1,0.046852,400.495600
2017-08-08,0.00819341,130.3968,1,0.023909,259.658540,0.00393084,57.5126,1,0.032576,359.356550
2017-08-09,0.00489470,130.8862,1,0.023200,220.517090,-0.00762510,56.7501,1,0.026930,260.469280
2017-08-10,-0.00893748,129.9925,1,0.028358,240.277350,0.00907652,57.6577,1,0.039028,360.387900
2017-08-11,0.00632264,130.6247,1,0.027386,220.590630,0.00189653,57.8474,0,0.000000,0.000000
2017-08-14,0.00197749,130.8225,1,0.027641,280.008690,-0.00457325,57.3901,1,0.026875,278.723457
2017-08-15,-0.00344050,130.4784,1,0.032740,261.953790,-0.00943652,56.4464,0,0.000000,0.000000
2017-08-16,-0.00100630,130.3778,1,0.018950,220.467570,-0.00140899,56.3055,1,0.032309,361.325141
2017-08-17,-0.00447110,129.9307,1,0.033130,241.241160,0.00282186,56.5877,1,0.037314,321.271950
2017-08-18,-0.00276535,129.6542,1,0.029275,239.543120,-0.00392367,56.1953,0,0.000000,0.000000
2017-08-21,-0.00073123,129.5810,1,0.020243,180.315000,-0.00060949,56.1344,1,0.036269,357.925095
2017-08-22,0.00499223,130.0803,1,0.021657,180.467340,-0.00841075,55.2933,1,0.037865,360.392420
2017-08-23,-0.00150432,129.9298,1,0.031982,241.487440,0.00267773,55.5611,0,0.000000,0.000000
2017-08-24,-0.00162842,129.7670,1,0.022062,220.343310,-0.00068956,55.4921,1,0.026486,281.441809
2017-08-25,0.00147911,129.9149,1,0.019799,180.405380,-0.00141667,55.3504,1,0.028847,300.329810
2017-08-28,-0.00263050,129.6518,1,0.020690,221.185910,-0.00295038,55.0554,1,0.026568,341.113600
2017-08-29,-0.00163926,129.4879,1,0.026036,241.557780,0.00611897,55.6673,1,0.022153,280.871630
2017-08-30,-0.01324375,128.1635,1,0.028265,200.594650,0.01242792,56.9101,1,0.027218,240.411710
2017-08-31,-0.00266516,127.8970,1,0.010756,142.436030,0.00272224,57.1823,1,0.025666,282.574490
2017-09-01,0.00118531,128.0156,1,0.012209,161.631440,-0.00362499,56.8198,1,0.032719,341.264290
2017-09-05,0.00754948,128.7705,1,0.022972,221.192860,0.00543868,57.3637,1,0.033932,340.790000
2017-09-06,-0.00436554,128.3340,1,0.026704,240.210600,-0.00105793,57.2579,1,0.031913,300.828360
2017-09-07,0.00047339,128.3813,1,0.026771,221.503470,0.00810222,58.0681,1,0.032278,301.275060
2017-09-08,0.00959567,129.3409,1,0.025513,200.925510,-0.01176426,56.8917,1,0.032936,321.800200
2017-09-11,0.00859773,130.2006,1,0.023847,222.406480,-0.00447543,56.4441,1,0.033643,322.581310
2017-09-12,-0.00296524,129.9041,1,0.027524,261.235400,0.00306337,56.7505,0,0.000000,0.000000
2017-09-13,0.00188173,130.0923,1,0.022507,181.232280,0.01094622,57.8451,1,0.033188,363.140216
2017-09-14,0.00351666,130.4440,1,0.021074,181.704300,-0.00445777,57.3993,1,0.020477,220.960210
2017-09-15,0.00383643,130.8276,1,0.022297,240.356900,-0.00272520,57.1268,1,0.034330,340.051320
2017-09-18,0.00207317,131.0349,1,0.017883,220.273460,-0.00595084,56.5317,1,0.030144,340.171850
2017-09-19,-0.00859512,130.1754,1,0.020242,200.511540,0.01587886,58.1196,1,0.027234,340.597240
2017-09-20,0.00352195,130.5276,1,0.018715,200.829090,0.00053997,58.1736,1,0.018033,201.128400
2017-09-21,-0.00193825,130.3338,1,0.030815,201.286150,0.00093318,58.2669,1,0.044492,341.306810
2017-09-22,0.00290919,130.6247,1,0.015411,180.294770,0.00364586,58.6315,1,0.028094,320.215070
2017-09-25,-0.00339103,130.2856,1,0.019593,221.187370,0.00567210,59.1987,1,0.026810,280.953280
2017-09-26,-0.00234637,130.0509,1,0.034327,241.220490,-0.00077481,59.1212,1,0.040011,281.219240
2017-09-27,-0.00787114,129.2638,1,0.019564,200.857350,0.00370018,59.4913,1,0.022072,280.945710
2017-09-28,0.00316439,129.5803,1,0.015581,201.498610,-0.00199426,59.2918,1,0.028816,321.132210
2017-09-29,-0.00265448,129.3148,1,0.023238,240.169600,0.00036973,59.3288,1,0.031907,320.736630
2017-10-02,-0.00298829,129.0160,1,0.023289,200.714410,0.00602312,59.9311,1,0.039608,281.090440
2017-10-03,0.00425883,129.4419,1,0.019067,181.864720,-0.00224625,59.7065,1,0.028635,282.233200
2017-10-04,-0.00863108,128.5788,1,0.025968,220.688530,0.00028180,59.7347,1,0.025150,280.495550
2017-10-05,0.00194909,128.7737,1,0.019151,181.087060,-0.01053102,58.6816,1,0.027942,341.351670
2017-10-06,0.00057730,128.8314,1,0.025890,241.044860,-0.00164047,58.5175,1,0.032467,341.138720
2017-10-09,0.00199070,129.0305,1,0.029330,260.144100,0.00009321,58.5268,1,0.043959,359.691900
2017-10-10,0.00178568,129.2090,1,0.019902,260.135840,-0.00196497,58.3303,1,0.022927,320.162540
2017-10-11,-0.00579294,128.6298,1,0.020064,200.675190,0.00248879,58.5792,1,0.030001,340.550110
2017-10-12,-0.00839563,127.7902,1,0.016153,140.415130,0.00572357,59.1516,1,0.025283,260.546380
2017-10-13,-0.00358279,127.4319,1,0.014729,141.639830,0.01526754,60.6783,1,0.024536,301.577020
2017-10-16,0.00973518,128.4054,1,0.017822,202.367110,-0.00264980,60.4134,1,0.028400,302.031170
2017-10-17,0.00776096,129.1815,1,0.026324,220.074200,-0.01389852,59.0235,1,0.034852,340.779480
2017-10-18,0.00446557,129.6281,1,0.024613,241.364640,-0.00202692,58.8208,1,0.039692,381.108660
2017-10-19,0.00591778,130.2199,1,0.024022,220.350990,-0.01395743,57.4251,1,0.042413,320.419900
2017-10-20,-0.01377814,128.8420,1,0.045234,221.500760,0.00692594,58.1177,1,0.044826,359.719130
2017-10-23,0.00210951,129.0530,1,0.017289,142.380300,-0.00015328,58.1023,1,0.025338,242.784160
2017-10-24,0.00583096,129.6361,1,0.038734,220.046520,-0.00340087,57.7623,1,0.051927,339.836770
2017-10-25,0.00292808,129.9289,1,0.032222,240.547190,-0.00276963,57.4853,1,0.035543,320.872520
2017-10-26,0.01047698,130.9766,1,0.032482,200.232150,0.00081673,57.5670,1,0.039227,319.741300
2017-10-27,0.00090035,131.0666,1,0.031265,281.254700,0.00023073,57.5900,1,0.036147,362.587180
2017-10-30,-0.00937502,130.1291,1,0.034212,241.142300,0.01112984,58.7030,1,0.027576,301.359800
2017-10-31,-0.00625973,129.5032,1,0.016013,160.491850,-0.00132666,58.5704,1,0.029686,260.800960
2017-11-01,0.00020130,129.5233,1,0.022850,181.065560,-0.00414995,58.1554,1,0.038375,340.244480
2017-11-02,0.01078322,130.6016,1,0.023748,201.296660,0.00658841,58.8142,1,0.037739,340.687860
2017-11-03,-0.00124758,130.4769,1,0.031448,260.436510,-0.00050808,58.7634,1,0.031288,301.187840
2017-11-06,-0.00392066,130.0848,1,0.019906,201.086050,0.00100662,58.8641,1,0.034038,321.022800
2017-11-07,-0.00404336,129.6805,1,0.031676,161.309500,-0.00366963,58.4971,1,0.038213,320.709060
2017-11-08,0.00125917,129.8064,1,0.013953,161.072020,0.00225054,58.7221,1,0.033856,340.970790
2017-11-09,-0.00148713,129.6577,1,0.019153,220.740750,0.00281555,59.0037,1,0.027975,301.204630
2017-11-10,-0.00162582,129.4951,1,0.026842,240.539160,-0.00428254,58.5754,1,0.029314,300.380850
2017-11-13,-0.00015806,129.4793,1,0.027416,240.433540,-0.00805703,57.7697,1,0.038443,360.055860
2017-11-14,-0.00702779,128.7765,1,0.015159,180.570030,0.01094468,58.8642,1,0.029942,340.484460
2017-11-15,-0.00289984,128.4865,1,0.010204,101.225400,-0.00529029,58.3352,1,0.019899,261.315430
2017-11-16,0.01146315,129.6328,1,0.011615,160.545620,-0.00809286,57.5259,1,0.032846,358.922250
2017-11-17,-0.00809780,128.8230,1,0.027430,261.453790,-0.00125321,57.4006,1,0.034271,340.992980
2017-11-20,0.00367189,129.1902,1,0.018481,181.305770,0.00258410,57.6590,1,0.027910,300.586930
2017-11-21,-0.00954456,128.2358,1,0.021036,220.828190,0.01194682,58.8537,1,0.026718,280.763560
2017-11-22,0.00373878,128.6097,1,0.021952,242.394520,-0.00308686,58.5450,1,0.028816,282.328340
2017-11-24,-0.00220851,128.3888,1,0.031481,299.909870,0.00249731,58.7947,1,0.032599,339.831570
2017-11-27,0.00472143,128.8609,1,0.048537,240.809890,-0.00829436,57.9653,1,0.063216,340.636110
2017-11-28,0.00313369,129.1743,1,0.022321,220.209780,0.01019624,58.9849,1,0.035136,360.415000
2017-11-29,-0.02022938,127.1514,1,0.023488,242.756210,0.02065048,61.0499,1,0.029832,302.207140
2017-11-30,0.00367191,127.5186,1,0.016739,163.146750,0.00260280,61.3102,1,0.020120,224.005700
2017-12-01,0.00017979,127.5365,1,0.022451,221.350670,-0.00446115,60.8641,1,0.027175,281.458580
2017-12-04,0.00096116,127.6327,1,0.021874,180.394070,0.00304267,61.1684,1,0.038103,340.192480
2017-12-05,0.00596146,128.2288,1,0.024014,201.396310,-0.00135642,61.0327,1,0.034672,281.365890
2017-12-06,0.01082781,129.3116,1,0.027629,239.863560,-0.01077378,59.9554,1,0.032558,359.390070
2017-12-07,-0.00185009,129.1266,1,0.039659,299.766530,-0.00295218,59.6601,1,0.041168,359.624240
2017-12-08,-0.00223577,128.9030,1,0.019227,241.666450,-0.00248431,59.4117,1,0.024701,301.803350
2017-12-11,-0.00220293,128.6827,1,0.020253,201.395970,-0.01043345,58.3684,0,0.000000,0.000000
2017-12-12,0.00864470,129.5472,1,0.017620,199.850200,-0.00533816,57.8345,1,0.028966,341.647513
2017-12-13,0.00442834,129.9900,1,0.020896,240.175490,-0.00364662,57.4699,1,0.031982,340.023330
2017-12-14,-0.00319842,129.6702,1,0.026702,260.519770,-0.00868286,56.6016,1,0.040116,360.027740
2017-12-15,-0.00615450,129.0547,1,0.019020,220.228500,-0.01084246,55.5174,0,0.000000,0.000000
2017-12-18,-0.00678489,128.3762,1,0.021809,242.426190,0.00522785,56.0401,0,0.000000,0.000000
2017-12-19,-0.01017517,127.3587,1,0.019187,243.097440,0.01131114,57.1713,1,0.024336,261.814056
2017-12-20,-0.00729249,126.6295,1,0.026679,220.186530,0.02109601,59.2809,1,0.024209,280.632090
2017-12-21,0.00173588,126.8031,1,0.012462,181.085570,0.02088682,61.3695,1,0.013138,181.727350
2017-12-22,-0.00281176,126.5219,1,0.016846,220.465410,0.00180982,61.5505,1,0.021628,242.038960
2017-12-26,-0.00501729,126.0201,1,0.018979,200.524270,0.00430884,61.9814,1,0.026916,300.303030
2017-12-27,0.00349862,126.3700,1,0.015478,181.175250,-0.00358825,61.6226,1,0.029775,320.906240
2017-12-28,-0.00125306,126.2447,1,0.019116,200.312680,-0.00422376,61.2002,1,0.032796,340.360390
2017-12-29,0.00067179,126.3119,1,0.029631,200.741070,-0.00125719,61.0745,1,0.056329,360.587600
2018-01-02,0.00226353,126.5382,1,0.025267,279.380190,-0.00176453,60.8980,1,0.030683,319.468810
2018-01-03,-0.00452774,126.0855,1,0.025244,200.953020,0.00594099,61.4921,1,0.036091,321.125710
2018-01-04,0.00760810,126.8463,1,0.017250,162.055490,0.00391593,61.8837,1,0.022447,261.856190
2018-01-05,-0.00302422,126.5439,1,0.018262,240.753240,-0.00466448,61.4173,1,0.025858,300.797840
2018-01-08,0.00273501,126.8174,1,0.018199,181.362320,-0.00044529,61.3727,1,0.026419,320.886430
2018-01-09,0.00078787,126.8961,1,0.020723,200.707140,-0.00294943,61.0778,1,0.033023,341.287230
2018-01-10,-0.00118731,126.7774,1,0.021781,200.926190,0.00908535,61.9863,1,0.033305,360.663320
2018-01-11,-0.00400616,126.3768,1,0.015856,140.979510,0.01824634,63.8110,1,0.027156,279.740420
2018-01-12,-0.00652416,125.7244,1,0.016506,162.126660,0.01488199,65.2992,1,0.035221,222.264610
2018-01-16,0.00972417,126.6968,1,0.014863,142.033830,-0.00978164,64.3210,1,0.023024,221.730280
2018-01-17,-0.00433237,126.2636,1,0.024657,260.051120,0.00271496,64.5925,1,0.037834,379.273920
2018-01-18,0.00036220,126.2998,1,0.030200,221.815680,-0.00725812,63.8667,0,0.000000,0.000000
2018-01-19,0.00430267,126.7300,1,0.033023,220.046380,-0.00703895,63.1628,1,0.037555,381.289729
2018-01-22,-0.00221702,126.5083,1,0.018272,200.596890,-0.00561773,62.6010,1,0.031383,302.661680
2018-01-23,0.00265538,126.7739,1,0.021402,221.376250,0.00241057,62.8421,1,0.029973,342.169670
2018-01-24,0.00263221,127.0371,1,0.016019,161.007600,-0.00130330,62.7118,1,0.030060,300.535210
2018-01-25,-0.01645857,125.3912,1,0.032817,240.601400,0.01195922,63.9077,1,0.026208,320.478810
2018-01-26,-0.01203748,124.1875,1,0.015718,201.865980,0.00800723,64.7084,1,0.023527,281.732590
2018-01-29,0.00526792,124.7143,1,0.010128,101.858230,0.00346401,65.0548,1,0.032559,321.683690
2018-01-30,0.00194102,124.9084,1,0.017188,180.750380,-0.01209760,63.8450,1,0.029880,319.345120
2018-01-31,0.00405391,125.3138,1,0.019629,200.155170,-0.00842798,63.0022,0,0.000000,0.000000
2018-02-01,-0.00421290,124.8925,1,0.016520,160.712080,-0.00961717,62.0405,1,0.038917,358.404592
2018-02-02,0.00713759,125.6062,1,0.032311,202.194070,-0.01191436,60.8491,1,0.055616,379.321220
2018-02-05,-0.00879461,124.7268,1,0.037441,239.574350,-0.01316556,59.5325,0,0.000000,0.000000
2018-02-06,0.01071925,125.7987,1,0.020265,160.724480,0.00818134,60.3507,0,0.000000,0.000000
2018-02-07,-0.00794111,125.0046,1,0.027371,221.525110,0.00667508,61.0182,1,0.032762,256.127152
2018-02-08,0.00213186,125.2178,1,0.012964,181.336760,0.00313638,61.3318,1,0.028802,320.574330
2018-02-09,0.00281797,125.4996,1,0.033663,276.951130,-0.00095819,61.2360,0,0.000000,0.000000
2018-02-12,0.00360019,125.8596,1,0.022821,223.403480,-0.00082813,61.1532,0,0.000000,0.000000
2018-02-13,0.00180005,126.0396,1,0.054665,261.621380,-0.00224808,60.9284,1,0.052548,299.251708
2018-02-14,0.01060934,127.1005,1,0.024336,220.513810,-0.00120250,60.8081,1,0.029430,320.484600
2018-02-15,-0.00090210,127.0103,0,0.000000,0.000000,-0.01928211,58.8799,1,0.038961,363.348880
2018-02-16,-0.00488533,126.5218,1,0.024033,243.553192,0.00002824,58.8827,0,0.000000,0.000000
2018-02-20,-0.00159777,126.3620,1,0.023597,201.274240,-0.00081033,58.8017,1,0.036293,304.309811
2018-02-21,0.01101963,127.4640,1,0.025117,219.978680,-0.00190712,58.6110,1,0.035862,319.177360
2018-02-22,0.00234635,127.6986,1,0.021825,199.618060,-0.00465234,58.1458,0,0.000000,0.000000
2018-02-23,-0.00987621,126.7110,1,0.022961,220.533880,0.00241404,58.3872,1,0.038166,337.352793
2018-02-26,0.00082729,126.7937,1,0.014881,163.200340,0.00609832,58.9970,0,0.000000,0.000000
2018-02-27,-0.00133512,126.6602,1,0.015822,181.214710,0.00412167,59.4092,1,0.030033,283.383726
2018-02-28,0.00399897,127.0601,1,0.026253,239.938130,-0.00535616,58.8735,0,0.000000,0.000000
2018-03-01,0.00173902,127.2340,1,0.023698,220.155770,-0.01195728,57.6778,0,0.000000,0.000000
2018-03-02,0.00023882,127.2579,1,0.030228,160.989940,0.00509262,58.1871,1,0.065788,354.340832
2018-03-05,0.00525628,127.7835,1,0.038372,221.240230,-0.00644915,57.5422,1,0.048715,321.214410
2018-03-06,-0.00055630,127.7279,1,0.024540,203.270860,0.00011347,57.5535,0,0.000000,0.000000
2018-03-07,0.00476831,128.2047,1,0.023739,201.073290,0.00400890,57.9544,1,0.034690,303.933444
2018-03-08,0.01035722,129.2404,1,0.030348,180.631310,-0.01532922,56.4215,1,0.027602,260.679480
2018-03-09,0.00287412,129.5279,1,0.023618,201.530190,-0.00719605,55.7019,1,0.040465,400.742600
2018-03-12,0.00644112,130.1720,1,0.022598,223.119330,0.00744042,56.4459,0,0.000000,0.000000
2018-03-13,-0.00601957,129.5700,1,0.025297,280.566670,0.00710942,57.1569,1,0.025248,282.453504
2018-03-14,-0.00603855,128.9662,1,0.021135,181.109220,0.00293329,57.4502,1,0.026981,281.386750
2018-03-15,-0.00670468,128.2957,1,0.015228,160.654940,0.00958921,58.4091,1,0.028259,260.114170
2018-03-16,0.00212700,128.5084,1,0.020510,141.088840,-0.00014787,58.3943,1,0.031107,261.067440
2018-03-19,0.00466330,128.9747,1,0.028240,201.355890,-0.00005262,58.3891,0,0.000000,0.000000
2018-03-20,0.00238000,129.2127,1,0.025420,219.445990,0.00249469,58.6385,0,0.000000,0.000000
2018-03-21,0.00201989,129.4147,1,0.042581,240.599820,0.00216291,58.8548,1,0.025709,300.151256
2018-03-22,0.00971774,130.3865,1,0.040096,200.818810,-0.01573919,57.2809,1,0.052709,300.582700
2018-03-23,-0.00189992,130.1965,1,0.045962,259.299070,0.00014732,57.2956,0,0.000000,0.000000
2018-03-26,0.01312940,131.5094,1,0.028080,161.171190,0.00722323,58.0180,0,0.000000,0.000000
2018-03-27,0.01912343,133.4218,1,0.030757,284.706860,-0.01040250,56.9777,0,0.000000,0.000000
2018-03-28,-0.00444580,132.9772,1,0.040260,319.036560,0.01423090,58.4008,1,0.037250,357.107246
2018-03-29,0.00605158,133.5824,1,0.021692,181.109160,-0.00981300,57.4195,1,0.028940,261.582340
2018-04-02,-0.00468143,133.1142,0,0.000000,0.000000,0.00320132,57.7396,0,0.000000,0.000000
2018-04-03,0.01108128,134.2223,1,0.037272,179.910025,-0.00305131,57.4345,0,0.000000,0.000000
2018-04-04,-0.00167235,134.0551,1,0.028555,242.184940,0.00057943,57.4924,0,0.000000,0.000000
2018-04-05,0.00755227,134.8103,1,0.023613,182.075420,-0.01959908,55.5325,0,0.000000,0.000000
2018-04-06,0.01025400,135.8357,1,0.030320,261.248060,-0.01230092,54.3024,1,0.079472,403.347238
2018-04-09,0.00428769,136.2645,1,0.050011,278.524260,0.00339808,54.6422,0,0.000000,0.000000
2018-04-10,0.00294652,136.5592,1,0.020478,180.526700,0.00248748,54.8910,1,0.039632,238.570819
2018-04-11,0.00864449,137.4236,1,0.021001,202.174450,0.00224453,55.1154,0,0.000000,0.000000
2018-04-12,0.00325445,137.7490,1,0.025455,200.409970,-0.00430150,54.6853,1,0.035240,302.040018
2018-04-13,0.00560250,138.3093,1,0.027500,181.219940,-0.01377267,53.3080,1,0.043057,321.452510
2018-04-16,-0.00018044,138.2913,1,0.036954,280.207650,-0.00535654,52.7724,1,0.046964,380.157670
2018-04-17,-0.00379004,137.9123,1,0.016984,162.082270,0.01421360,54.1937,0,0.000000,0.000000
2018-04-18,0.00337559,138.2498,1,0.013101,142.388400,-0.00128354,54.0654,1,0.015024,204.073937
2018-04-19,0.00197924,138.4477,1,0.045636,240.813760,0.00047310,54.1127,1,0.078530,321.253750
2018-04-20,-0.00013591,138.4341,1,0.022531,200.467340,0.01557611,55.6703,1,0.027539,300.102400
2018-04-23,-0.00058472,138.3757,1,0.016222,180.438560,0.00411125,56.0814,1,0.026625,240.844850
2018-04-24,-0.00121324,138.2543,1,0.025534,200.493090,0.00386128,56.4676,1,0.026642,300.717850
2018-04-25,-0.00406365,137.8480,1,0.041225,280.053070,-0.00089985,56.3776,1,0.037595,320.326210
2018-04-26,-0.00300123,137.5479,1,0.021323,201.309320,0.01698477,58.0760,1,0.032833,281.821630
2018-04-27,-0.00303542,137.2443,1,0.023922,222.711940,-0.00116221,57.9598,1,0.023741,262.556190
2018-04-30,0.00338787,137.5831,1,0.020573,221.916500,-0.00206264,57.7536,1,0.023654,301.558220
2018-05-01,-0.00331297,137.2518,1,0.020827,180.614480,0.00073106,57.8267,0,0.000000,0.000000
2018-05-02,-0.00902455,136.3494,1,0.033645,220.866550,0.00914638,58.7413,1,0.041212,320.234245
2018-05-03,-0.00249526,136.0998,1,0.015606,181.643210,-0.00482970,58.2583,1,0.031580,300.792690
2018-05-04,-0.00074830,136.0250,1,0.046280,161.017700,0.00319938,58.5783,1,0.049892,320.236250
2018-05-07,-0.01016637,135.0084,1,0.028757,161.794310,0.00421406,58.9997,0,0.000000,0.000000
2018-05-08,-0.00507734,134.5006,1,0.014134,141.309640,0.01404054,60.4037,1,0.031536,282.825834
2018-05-09,-0.01621560,132.8791,1,0.014660,142.713620,0.00991759,61.3955,1,0.023401,281.740910
2018-05-10,0.00192936,133.0720,1,0.017794,162.390020,-0.00088486,61.3070,1,0.026426,241.942820
2018-05-11,-0.00956940,132.1151,1,0.013520,141.075070,-0.00146311,61.1607,0,0.000000,0.000000
2018-05-14,-0.00781241,131.3338,1,0.021911,161.217880,0.00166505,61.3272,1,0.043005,382.279672
2018-05-15,0.00192705,131.5265,1,0.012075,121.270130,0.00111565,61.4388,1,0.028495,300.513890
2018-05-16,-0.01010036,130.5165,1,0.015976,160.974700,0.00825687,62.2645,1,0.039643,339.424140
2018-05-17,-0.00079083,130.4374,1,0.015393,141.556240,0.00400070,62.6645,1,0.038450,281.513370
2018-05-18,-0.00366943,130.0705,1,0.015093,180.514770,-0.00569855,62.0947,1,0.024305,261.122380
2018-05-21,-0.00200204,129.8703,1,0.014454,160.746410,0.01152657,63.2473,1,0.034883,340.466070
2018-05-22,0.00388815,130.2591,1,0.019015,182.240570,-0.00570135,62.6772,0,0.000000,0.000000
2018-05-23,-0.00094970,130.1641,1,0.018550,199.824810,0.00331795,63.0090,1,0.036525,341.921409
2018-05-24,0.00332319,130.4964,1,0.016611,161.070980,-0.00327452,62.6815,1,0.050472,261.170420
2018-05-25,0.00238654,130.7351,1,0.019106,200.331930,-0.00473732,62.2078,1,0.035802,320.258200
2018-05-29,-0.00641261,130.0938,1,0.026671,220.439740,0.00043276,62.2511,1,0.043624,340.787270
2018-05-30,0.00543859,130.6377,1,0.016211,160.999450,-0.00408804,61.8423,1,0.030384,279.923900
2018-05-31,0.00087817,130.7255,1,0.041783,222.780390,-0.00268366,61.5739,0,0.000000,0.000000
2018-06-01,0.01169486,131.8950,1,0.025024,239.787460,-0.00229521,61.3444,0,0.000000,0.000000
2018-06-04,-0.00261021,131.6340,1,0.026621,261.232350,0.00642417,61.9868,1,0.041593,363.132736
2018-06-05,-0.00466019,131.1679,1,0.016659,161.480800,0.00404775,62.3916,1,0.027395,241.989650
2018-06-06,-0.00232508,130.9354,1,0.024538,181.192000,0.00065772,62.4573,1,0.029428,301.376490
2018-06-07,0.00246326,131.1818,1,0.023804,242.346610,-0.00616790,61.8406,1,0.031200,262.005400
2018-06-08,0.00509845,131.6916,1,0.037055,281.096150,-0.00297522,61.5430,1,0.048412,360.634070
2018-06-11,-0.00624757,131.0668,1,0.027527,220.906480,0.00354174,61.8972,1,0.044036,360.852310
2018-06-12,-0.01047848,130.0190,1,0.014398,160.776870,0.00222640,62.1198,1,0.027680,300.552850
2018-06-13,-0.00526207,129.4928,1,0.013477,121.252530,0.00136885,62.2567,1,0.028405,301.081480
2018-06-14,0.00147257,129.6400,1,0.019583,200.314410,-0.00929930,61.3268,1,0.032600,319.733150
2018-06-15,-0.00830021,128.8100,1,0.019931,181.073740,0.00436207,61.7630,1,0.037553,360.415730
2018-06-18,0.00369551,129.1796,1,0.012989,141.425250,-0.01519921,60.2431,1,0.028611,320.947620
2018-06-19,0.00124141,129.3037,1,0.021669,220.551040,-0.00650873,59.5922,1,0.033253,379.895130
2018-06-20,-0.00274181,129.0295,1,0.026931,240.851370,0.00276964,59.8692,1,0.033576,340.317340
2018-06-21,-0.00681505,128.3480,1,0.021225,181.120530,0.00482486,60.3517,1,0.023674,241.159500
2018-06-22,-0.00437094,127.9109,1,0.028394,239.795020,0.00054306,60.4060,1,0.033354,299.186600
2018-06-25,-0.00902089,127.0088,1,0.023529,221.386560,0.01317929,61.7239,1,0.032451,321.858540
2018-06-26,0.00365552,127.3744,1,0.030948,200.745520,-0.00166661,61.5572,1,0.039081,279.478260
2018-06-27,-0.01085538,126.2889,1,0.019848,180.805500,0.01673536,63.2308,1,0.030774,340.466060
2018-06-28,0.00039051,126.3279,1,0.017959,141.158470,-0.00314958,62.9158,1,0.029048,261.096470
2018-06-29,0.00397277,126.7252,1,0.018923,201.372990,-0.00429454,62.4864,1,0.028414,321.266610
2018-07-02,0.00423343,127.1485,1,0.021697,200.853860,0.00159997,62.6464,1,0.032703,360.344520
2018-07-03,0.00575913,127.7244,1,0.030797,220.589840,-0.00565431,62.0809,1,0.031731,260.580460
2018-07-05,0.00457761,128.1822,1,0.050259,240.384030,-0.00599989,61.4809,1,0.068849,360.049600
2018-07-06,-0.01943402,126.2388,1,0.019412,182.110320,-0.01747338,59.7336,0,0.000000,0.000000
2018-07-09,0.02311396,128.5502,1,0.024584,183.041030,-0.00979953,58.7537,1,0.039953,324.906804
2018-07-10,0.00868301,129.4185,1,0.024449,241.380380,0.00111949,58.8656,1,0.032461,382.779740
2018-07-11,0.00197136,129.6156,1,0.022004,220.510170,-0.00002308,58.8633,1,0.038038,320.950350
2018-07-12,-0.00151756,129.4639,1,0.030136,219.762580,-0.00511596,58.3517,1,0.037276,299.679250
2018-07-13,0.00403680,129.8676,1,0.020680,181.426020,0.00167113,58.5188,1,0.029877,321.680600
2018-07-16,0.00311014,130.1786,1,0.015336,181.042840,-0.00380326,58.1385,1,0.025046,300.865930
2018-07-17,0.01637081,131.8157,1,0.027509,180.613550,-0.01431959,56.7065,1,0.025909,300.424620
2018-07-18,-0.00201717,131.6139,1,0.014347,160.481070,-0.00441590,56.2649,1,0.032760,360.119970
2018-07-19,0.02049010,133.6629,1,0.014980,180.822290,-0.00724338,55.5406,1,0.028488,340.016490
2018-07-20,-0.01068555,132.5944,1,0.034385,260.731570,-0.00445938,55.0947,1,0.052788,400.818610
2018-07-23,0.00448822,133.0432,1,0.020708,201.310530,-0.00712529,54.3821,1,0.038089,319.938170
2018-07-24,0.00518563,133.5618,1,0.023767,220.011950,-0.00935044,53.4471,1,0.035024,359.456520
2018-07-25,-0.00372496,133.1893,1,0.023536,240.279310,0.00643104,54.0902,1,0.047496,359.472060
2018-07-26,0.00075816,133.2651,1,0.014644,162.680780,-0.01076541,53.0137,1,0.024061,262.581320
2018-07-27,0.00282748,133.5478,1,0.018412,181.346760,0.00057264,53.0709,1,0.029356,340.998140
2018-07-30,-0.00405997,133.1418,1,0.015837,180.414640,0.00322033,53.3929,0,0.000000,0.000000
2018-07-31,-0.01036883,132.1050,1,0.021403,200.898380,0.00058373,53.4513,1,0.023787,280.015233
2018-08-01,-0.00556374,131.5486,1,0.015684,162.431060,0.00330800,53.7821,1,0.030000,361.597640
2018-08-02,0.00727990,132.2766,1,0.025970,201.757550,-0.00405445,53.3767,1,0.036645,320.561060
2018-08-03,0.00562608,132.8392,1,0.020772,222.589140,-0.00807314,52.5694,1,0.031324,281.973740
2018-08-06,0.01530196,134.3694,1,0.018174,241.104720,-0.00334597,52.2348,1,0.026567,361.492630
2018-08-07,0.01067203,135.4366,0,0.000000,0.000000,-0.00443961,51.7908,1,0.022531,321.258890
2018-08-08,-0.00449357,134.9872,1,0.025867,321.756839,0.00766318,52.5571,1,0.023442,320.530750
2018-08-09,-0.00515788,134.4714,1,0.017488,200.728250,-0.00106061,52.4511,1,0.026521,300.837140
2018-08-10,-0.00208244,134.2632,1,0.016864,180.645340,0.00569506,53.0206,1,0.038814,320.209360
2018-08-13,-0.00970976,133.2922,1,0.013466,160.566980,0.00278627,53.2992,0,0.000000,0.000000
2018-08-14,0.00027953,133.3202,1,0.010347,141.077650,-0.00160803,53.1384,1,0.020273,299.519093
2018-08-15,0.00743056,134.0632,1,0.022684,161.752820,0.00962704,54.1011,0,0.000000,0.000000
2018-08-16,-0.00884821,133.1784,1,0.026971,260.058680,0.00847155,54.9483,1,0.029945,302.428147
2018-08-17,-0.00125421,133.0530,1,0.010751,121.764030,0.00377704,55.3260,0,0.000000,0.000000
2018-08-20,0.00531701,133.5847,1,0.021929,221.271810,-0.00092002,55.2340,1,0.041312,282.710916
2018-08-21,0.00108081,133.6928,1,0.012989,160.622210,0.01489312,56.7233,1,0.022648,280.562530
2018-08-22,-0.00234883,133.4579,1,0.018133,161.128110,0.00583226,57.3065,1,0.017794,201.749720
2018-08-23,-0.00067085,133.3908,1,0.015365,200.510790,0.00137966,57.4445,1,0.022014,280.270780
2018-08-24,0.00338965,133.7298,1,0.018285,180.626980,0.00426226,57.8707,1,0.030444,320.287400
2018-08-27,0.00499491,134.2293,1,0.018369,181.311470,-0.00199840,57.6708,1,0.030070,321.096910
2018-08-28,-0.00493602,133.7357,1,0.031682,220.860800,0.00296546,57.9674,1,0.057614,381.395110
2018-08-29,-0.00626041,133.1096,1,0.017321,181.359820,0.00202832,58.1702,1,0.021998,280.929540
2018-08-30,-0.00367139,132.7425,1,0.015869,181.402340,0.00381390,58.5516,1,0.022510,301.533930
2018-08-31,0.00338107,133.0806,1,0.037243,140.643370,-0.00617970,57.9336,1,0.042800,279.848260
2018-09-04,-0.00612116,132.4685,1,0.018726,200.523290,0.00081336,58.0150,1,0.034574,359.897530
2018-09-05,0.00422960,132.8914,1,0.014510,160.870810,-0.00079451,57.9355,1,0.029771,301.048970
2018-09-06,-0.00265061,132.6264,1,0.023101,200.491630,0.00404474,58.3400,1,0.030406,341.008220
2018-09-07,0.00932920,133.5593,1,0.006050,120.813480,-0.00215343,58.1247,1,0.019913,321.211060
2018-09-10,0.00512012,134.0713,1,0.020808,220.146010,-0.00811889,57.3128,1,0.038569,340.028590
2018-09-11,0.00516144,134.5874,1,0.021806,240.374760,-0.00634747,56.6780,1,0.033757,360.586040
2018-09-12,-0.00323887,134.2636,1,0.019927,221.050710,-0.00064784,56.6132,1,0.033544,380.657490
2018-09-13,0.00130991,134.3945,1,0.005589,101.070140,0.00118304,56.7315,1,0.023886,340.914880
2018-09-14,-0.00206604,134.1879,1,0.012184,121.039900,0.01639719,58.3713,1,0.021481,261.239630
2018-09-17,0.01509906,135.6979,1,0.013744,141.415760,-0.00992120,57.3791,1,0.033920,282.634320
2018-09-18,-0.00266689,135.4312,1,0.019569,240.519110,-0.00698030,56.6811,1,0.022380,321.184200
2018-09-19,-0.00248604,135.1826,1,0.025134,201.464580,0.00549199,57.2303,1,0.033571,360.622290
2018-09-20,-0.00431729,134.7508,1,0.031419,141.174870,0.00278840,57.5091,1,0.041960,261.008570
2018-09-21,-0.01437452,133.3134,1,0.010472,121.143350,0.00841194,58.3503,0,0.000000,0.000000
2018-09-24,-0.01646168,131.6672,1,0.016868,141.858300,0.01652748,60.0031,1,0.025682,262.212696
2018-09-25,-0.01225317,130.4419,1,0.011637,141.753180,0.00717477,60.7206,1,0.023273,280.640010
2018-09-26,0.00307486,130.7494,1,0.012334,141.194980,-0.00514435,60.2061,1,0.019975,280.798590
2018-09-27,-0.00163882,130.5855,1,0.022252,239.806540,0.00078455,60.2846,1,0.026885,320.273160
2018-09-28,0.00084428,130.6699,1,0.022062,200.855530,0.00666546,60.9511,1,0.027244,281.097540
2018-10-01,0.00323364,130.9933,1,0.016606,161.896850,-0.00596208,60.3549,1,0.022048,262.021290
2018-10-02,0.00054771,131.0481,1,0.018239,200.551550,-0.00041137,60.3138,1,0.029467,359.765100
2018-10-03,0.00898882,131.9469,1,0.023138,240.111570,-0.01207214,59.1066,1,0.028204,321.012690
2018-10-04,-0.00351421,131.5955,1,0.023391,240.574640,-0.00214464,58.8921,1,0.031394,340.460770
2018-10-05,-0.00655303,130.9402,1,0.016823,200.567190,0.00816808,59.7089,1,0.036782,299.567330
2018-10-08,-0.00958384,129.9818,1,0.012184,160.658980,0.01015117,60.7240,1,0.023883,280.262690
2018-10-09,0.00001883,129.9837,1,0.016847,181.971620,-0.01103703,59.6203,1,0.027603,321.194640
2018-10-10,-0.00332226,129.6515,1,0.017986,180.478030,-0.00180423,59.4399,1,0.023303,319.011560
2018-10-11,0.00651906,130.3034,1,0.027894,258.165460,0.00142687,59.5826,0,0.000000,0.000000
2018-10-12,-0.01534570,128.7688,1,0.017650,200.659900,0.00700393,60.2830,0,0.000000,0.000000
2018-10-15,0.00648213,129.4170,1,0.013817,142.112660,-0.00733230,59.5498,1,0.036690,277.018607
2018-10-16,-0.00653674,128.7634,1,0.019344,240.687590,-0.00620793,58.9290,1,0.020823,339.966060
2018-10-17,0.00315285,129.0787,1,0.018395,204.320050,0.00674585,59.6036,0,0.000000,0.000000
2018-10-18,-0.02153645,126.9250,1,0.026355,200.548160,0.01162529,60.7661,1,0.032561,284.265354
2018-10-19,-0.00989427,125.9356,1,0.023217,221.180110,0.01123457,61.8895,1,0.045983,261.490890
2018-10-22,0.00514593,126.4502,1,0.019917,181.107210,-0.00428580,61.4610,1,0.033180,281.199620
2018-10-23,0.00593619,127.0438,1,0.026541,240.196730,-0.01128557,60.3324,1,0.046587,379.128700
2018-10-24,-0.02457525,124.5863,1,0.027465,240.660960,0.01502939,61.8353,1,0.044821,340.040850
2018-10-25,0.02125464,126.7117,1,0.022086,142.828540,-0.03190274,58.6451,1,0.040154,297.894440
2018-10-26,-0.00146509,126.5652,1,0.031409,221.871950,0.01064707,59.7098,1,0.061603,382.105820
2018-10-29,-0.00827731,125.7375,1,0.022441,200.345960,-0.00812811,58.8970,0,0.000000,0.000000
2018-10-30,0.03437021,129.1745,1,0.051999,221.864610,-0.04768358,54.1286,1,0.062948,320.042620
2018-10-31,0.01966913,131.1414,1,0.032457,305.692380,-0.02187581,51.9410,0,0.000000,0.000000
2018-11-01,-0.00626560,130.5149,1,0.036850,242.040070,-0.00028890,51.9121,1,0.048930,406.172153
2018-11-02,0.01609718,132.1246,1,0.034892,202.952690,-0.01796414,50.1157,1,0.042194,321.821840
2018-11-05,0.00616002,132.7406,1,0.021518,221.257410,-0.01440822,48.6749,1,0.033102,340.634600
2018-11-06,0.00078211,132.8188,1,0.016419,201.634400,-0.00487722,48.1872,1,0.038842,361.120040
2018-11-07,-0.00269120,132.5497,1,0.017880,161.127830,-0.00279230,47.9079,1,0.039690,301.339000
2018-11-08,-0.00443771,132.1059,1,0.023321,203.757660,-0.00532433,47.3755,0,0.000000,0.000000
2018-11-09,-0.01622431,130.4835,1,0.020991,200.628970,0.02615159,49.9907,1,0.031501,344.084286
2018-11-12,-0.03554955,126.9285,1,0.018525,182.150800,0.03405276,53.3959,1,0.028074,282.513800
2018-11-13,-0.00886621,126.0419,1,0.019891,123.310670,0.00467220,53.8632,1,0.022210,201.352850
2018-11-14,-0.02445302,123.5966,1,0.019062,161.193910,0.02513944,56.3771,1,0.028096,281.044350
2018-11-15,-0.01782407,121.8142,1,0.018487,142.862220,0.02138568,58.5157,1,0.036852,282.170040
2018-11-16,0.03625142,125.4393,1,0.026328,204.358580,-0.04269362,54.2463,1,0.040892,324.238600
2018-11-19,0.00726582,126.1659,1,0.025428,205.189410,0.00613798,54.8601,1,0.046292,365.117830
2018-11-20,-0.01102772,125.0631,1,0.043832,259.123510,0.00503956,55.3641,1,0.039804,279.630690
2018-11-21,0.02315244,127.3784,1,0.020556,180.579220,-0.01694912,53.6692,1,0.032812,259.626100
2018-11-23,0.00674563,128.0529,1,0.039377,221.967360,-0.01236368,52.4328,1,0.047368,342.102860
2018-11-26,0.01204991,129.2579,1,0.057019,199.584860,-0.01521058,50.9117,1,0.074968,319.946940
2018-11-27,-0.00636237,128.6217,1,0.042657,321.916570,-0.00587054,50.3247,0,0.000000,0.000000
2018-11-28,0.00189878,128.8116,1,0.024212,240.957140,-0.00687239,49.6374,1,0.038019,302.856967
2018-11-29,0.00819692,129.6313,1,0.023338,202.919890,-0.00416045,49.2214,0,0.000000,0.000000
2018-11-30,0.00977599,130.6089,1,0.034241,259.825090,0.01589300,50.8107,1,0.037570,323.204116
2018-12-03,0.00343056,130.9519,1,0.030634,260.345160,-0.00971466,49.8392,1,0.024636,242.679310
2018-12-04,-0.00758696,130.1932,1,0.036616,202.042830,-0.00281661,49.5576,1,0.050861,362.245970
2018-12-06,-0.00694632,129.4986,1,0.024712,238.600780,-0.00662139,48.8954,0,0.000000,0.000000
2018-12-07,-0.01086119,128.4125,1,0.026809,181.475240,0.00366404,49.2618,1,0.045066,354.319649
2018-12-10,0.00562948,128.9754,1,0.020062,160.320730,0.00743018,50.0049,0,0.000000,0.000000
2018-12-11,-0.00739329,128.2361,1,0.021129,141.443610,-0.00313483,49.6914,1,0.030263,279.031801
2018-12-12,0.00834765,129.0709,1,0.016665,101.192720,0.00090154,49.7815,1,0.045156,340.354900
2018-12-13,-0.01643842,127.4270,1,0.022462,161.252870,-0.01252701,48.5288,1,0.044551,321.713390
2018-12-14,-0.00230997,127.1960,1,0.030847,181.741820,0.00066085,48.5949,1,0.049095,380.149890
2018-12-17,0.00361355,127.5574,1,0.018565,180.930130,0.01058400,49.6533,1,0.035970,338.838680
2018-12-18,-0.00117269,127.4401,1,0.030419,161.579640,0.01462907,51.1162,0,0.000000,0.000000
2018-12-19,0.00521016,127.9611,1,0.034374,200.912450,-0.00946828,50.1694,1,0.036838,278.794829
2018-12-20,0.00281420,128.2425,1,0.036610,220.025310,0.02066395,52.2358,0,0.000000,0.000000
2018-12-21,-0.01363915,126.8786,1,0.021145,159.526850,0.00740560,52.9763,1,0.057460,280.713223
2018-12-24,0.01141358,128.0200,1,0.017722,141.847770,0.00491075,53.4674,0,0.000000,0.000000
2018-12-26,0.00939921,128.9599,1,0.067049,199.512600,-0.01750264,51.7172,0,0.000000,0.000000
2018-12-27,0.00179994,129.1399,1,0.036436,287.373490,0.00147609,51.8648,0,0.000000,0.000000
2018-12-28,0.00604966,129.7449,0,0.000000,0.000000,0.00177111,52.0419,0,0.000000,0.000000
2018-12-31,0.00161886,129.9068,1,0.042384,301.187304,-0.00747538,51.2943,1,0.042018,318.692986
2019-01-02,-0.00425345,129.4814,1,0.034555,241.867510,-0.00017614,51.2767,0,0.000000,0.000000
2019-01-03,-0.00021315,129.4601,1,0.028435,220.248490,-0.00540106,50.7366,1,0.055656,321.647540
2019-01-04,0.00770605,130.2307,1,0.032595,220.623240,-0.01934524,48.8021,1,0.050474,319.302310
2019-01-07,0.01430978,131.6617,1,0.028812,205.370020,-0.02671486,46.1306,0,0.000000,0.000000
2019-01-08,-0.00128276,131.5334,1,0.029496,179.573710,0.00818174,46.9488,1,0.053596,364.395052
2019-01-09,-0.00279730,131.2537,1,0.016290,122.040400,0.00827391,47.7762,0,0.000000,0.000000
2019-01-10,-0.00105209,131.1485,1,0.031779,141.872260,-0.01086443,46.6897,1,0.044003,242.522411
2019-01-11,-0.00327027,130.8214,1,0.033407,161.541250,-0.00055967,46.6338,0,0.000000,0.000000
2019-01-14,0.00375315,131.1968,1,0.030385,200.634860,0.05346813,51.9806,1,0.046927,322.235739
2019-01-15,-0.00221590,130.9752,1,0.032880,220.308500,0.01026353,53.0069,1,0.039997,285.130260
2019-01-16,0.00251002,131.2262,1,0.050458,243.281170,-0.00091824,52.9151,1,0.050924,304.470730
2019-01-17,0.00475465,131.7016,1,0.027045,180.272780,-0.00355736,52.5594,1,0.065116,360.684400
2019-01-18,-0.00435737,131.2659,1,0.035637,221.263850,0.00302074,52.8614,0,0.000000,0.000000
2019-01-22,0.00759319,132.0252,1,0.035871,202.410120,0.00413403,53.2748,0,0.000000,0.000000
2019-01-23,0.00029089,132.0543,1,0.028671,258.871650,0.00769082,54.0439,0,0.000000,0.000000
2019-01-24,-0.07545303,124.5090,1,0.022223,182.148560,0.08156616,62.2005,1,0.040214,305.436098
2019-01-25,0.01912573,126.4216,1,0.031727,168.535400,-0.01668333,60.5322,1,0.056583,289.278210
2019-01-28,-0.00033480,126.3881,1,0.050750,240.196840,0.00110665,60.6429,1,0.043295,299.622510
2019-01-29,-0.01476560,124.9115,1,0.038080,200.637170,0.02210254,62.8531,1,0.053776,320.515680
2019-01-30,0.00329922,125.2415,1,0.025908,223.237660,-0.00941734,61.9114,1,0.028024,263.634970
2019-01-31,0.00723949,125.9654,1,0.032071,202.372130,0.00026453,61.9378,1,0.045157,361.342030
2019-02-01,0.01159194,127.1246,1,0.036606,220.817760,-0.00499872,61.4380,1,0.049212,321.627230
2019-02-04,-0.01059150,126.0654,1,0.046850,320.976620,0.00489301,61.9273,1,0.063969,361.054320
2019-02-05,-0.00369406,125.6960,1,0.019756,182.010720,0.00863244,62.7905,1,0.030826,261.826770
2019-02-06,-0.00096177,125.5999,1,0.027977,201.786850,-0.00387044,62.4035,1,0.037634,261.493650
2019-02-07,0.01026029,126.6259,1,0.037071,240.319700,-0.00415275,61.9882,1,0.053405,320.425730
2019-02-08,0.00510431,127.1363,1,0.052389,280.695900,-0.00846837,61.1414,1,0.061627,321.305590
2019-02-11,-0.00001630,127.1347,1,0.032140,199.754180,0.00609898,61.7513,1,0.043702,319.991370
2019-02-12,-0.01208824,125.9259,1,0.025124,181.592170,0.01269192,63.0205,1,0.037648,281.748080
2019-02-13,-0.00086252,125.8396,1,0.026832,224.333040,0.00012509,63.0330,0,0.000000,0.000000
2019-02-14,0.00794946,126.6346,1,0.016214,162.107020,-0.01588611,61.4443,1,0.038611,323.135192
2019-02-15,0.00276935,126.9115,1,0.043755,220.338180,-0.00718372,60.7260,1,0.060642,321.047480
2019-02-19,-0.01483825,125.4277,1,0.027315,242.900050,0.00444613,61.1706,0,0.000000,0.000000
2019-02-20,-0.01541448,123.8862,1,0.021288,222.294150,-0.01271832,59.8988,1,0.039782,364.038266
2019-02-21,-0.00226569,123.6597,1,0.021249,142.351720,-0.00052591,59.8462,1,0.036071,264.010230
2019-02-22,0.00115943,123.7756,1,0.018317,181.695120,0.00145070,59.9912,1,0.034040,321.590640
2019-02-25,0.00477188,124.2528,1,0.029512,201.043820,-0.00546563,59.4447,1,0.036753,221.150950
2019-02-26,0.00610824,124.8636,1,0.026146,201.508520,-0.00533965,58.9107,1,0.036155,280.919650
2019-02-27,0.00729744,125.5934,1,0.033876,259.920970,-0.00388594,58.5221,1,0.040604,339.454910
2019-02-28,-0.00388108,125.2052,1,0.029878,240.301680,0.00372623,58.8947,1,0.040247,340.777790
2019-03-01,0.00277824,125.4831,1,0.024816,201.172510,-0.00703185,58.1916,1,0.044125,300.904050
2019-03-04,0.01095927,126.5790,1,0.032243,241.608140,-0.01292891,56.8987,1,0.042491,361.777540
2019-03-05,-0.00076366,126.5026,1,0.031286,240.179930,-0.00164790,56.7339,1,0.043290,359.665840
2019-03-06,-0.00566633,125.9360,1,0.029123,200.025140,0.00410557,57.1444,1,0.037863,319.834840
2019-03-07,-0.00460262,125.4757,1,0.026412,160.854150,0.01273985,58.4184,1,0.035345,280.183980
2019-03-08,-0.00721744,124.7540,1,0.024044,200.491590,0.00982440,59.4009,1,0.035760,280.388510
2019-03-11,0.00613750,125.3677,1,0.019950,180.380140,-0.00638615,58.7622,1,0.030655,241.003180
2019-03-12,-0.00131892,125.2358,1,0.035782,242.622200,-0.00328047,58.4342,0,0.000000,0.000000
2019-03-13,-0.00833966,124.4019,1,0.037696,261.057310,0.00569673,59.0039,1,0.056837,343.587379
2019-03-14,-0.00138866,124.2630,1,0.025546,181.734350,-0.00483939,58.5199,0,0.000000,0.000000
2019-03-15,0.00093763,124.3568,1,0.018087,180.643940,-0.00080339,58.4396,1,0.043299,321.178961
2019-03-18,0.00903313,125.2601,1,0.019597,180.982710,-0.00321009,58.1186,1,0.032859,340.419700
2019-03-19,0.00541042,125.8011,1,0.044528,241.538810,-0.00005069,58.1135,1,0.045949,340.802250
2019-03-20,-0.00539642,125.2615,1,0.039632,280.106630,0.00931583,59.0451,1,0.039597,339.587400
2019-03-21,-0.00910456,124.3510,1,0.030406,220.408470,0.02087120,61.1322,1,0.037620,280.686560
2019-03-22,-0.00240451,124.1106,1,0.021731,183.687030,0.01141189,62.2734,0,0.000000,0.000000
2019-03-25,-0.00193000,123.9176,1,0.065150,258.949460,-0.00288531,61.9849,1,0.072371,281.147983
2019-03-26,-0.00890947,123.0266,1,0.023987,220.423570,0.00421755,62.4066,1,0.035865,300.809460
2019-03-27,-0.00023712,123.0029,1,0.018362,162.614220,0.00084529,62.4912,1,0.043921,322.403820
2019-03-28,-0.00367520,122.6354,1,0.024960,180.520390,-0.00125684,62.3655,1,0.052304,340.676890
2019-03-29,0.00665786,123.3012,1,0.013144,161.930000,-0.00440943,61.9245,1,0.035813,341.703780
2019-04-01,0.00727789,124.0290,1,0.045571,261.068150,-0.00556818,61.3677,1,0.054148,361.337990
2019-04-02,-0.00094836,123.9341,1,0.029996,261.527080,0.00030015,61.3977,1,0.046735,361.874830
2019-04-03,0.00434592,124.3687,1,0.044358,240.148100,-0.00557227,60.8405,1,0.039217,300.385390
2019-04-04,-0.00126095,124.2426,1,0.031365,240.703010,0.00534429,61.3749,1,0.038431,320.582410
2019-04-05,-0.00838192,123.4045,1,0.021582,181.267410,0.00402863,61.7778,1,0.032957,261.475400
2019-04-08,0.00024240,123.4287,1,0.022570,161.824410,0.00111823,61.8896,1,0.036947,282.380040
2019-04-09,0.00514451,123.9431,1,0.015129,140.577410,-0.00596709,61.2929,1,0.042839,340.482490
2019-04-10,0.00205240,124.1484,1,0.040180,279.402500,0.00170087,61.4630,0,0.000000,0.000000
2019-04-11,0.01597177,125.7456,1,0.030083,220.581080,0.00149628,61.6126,1,0.034482,279.863344
2019-04-12,-0.02435315,123.3102,1,0.033995,280.754160,0.02303412,63.9160,1,0.040998,301.272310
2019-04-15,0.00169423,123.4797,1,0.017157,183.842900,0.00879258,64.7953,0,0.000000,0.000000
2019-04-16,0.01491796,124.9715,1,0.030594,260.041660,-0.01818848,62.9764,1,0.036098,283.970447
2019-04-17,-0.01774413,123.1971,1,0.036103,279.677150,0.03005995,65.9824,1,0.052515,359.865610
2019-04-18,0.00035938,123.2330,1,0.015152,141.680410,-0.00112534,65.8699,1,0.020214,162.553890
2019-04-22,-0.00629743,122.6032,1,0.032363,161.700670,0.00071615,65.9415,1,0.037485,321.748360
2019-04-23,0.01486343,124.0896,1,0.036847,241.306660,-0.01016807,64.9247,1,0.043827,300.773060
2019-04-24,-0.00871702,123.2179,1,0.029212,221.877850,0.00034706,64.9594,0,0.000000,0.000000
2019-04-25,-0.00516708,122.7012,1,0.029738,201.619710,0.00172996,65.1324,1,0.036584,321.794636
2019-04-26,0.00527063,123.2282,1,0.026837,240.616890,-0.00064548,65.0679,1,0.036398,300.004040
2019-04-29,-0.00337251,122.8910,1,0.037371,281.421000,0.00299322,65.3672,0,0.000000,0.000000
2019-04-30,0.00531713,123.4227,1,0.038097,241.207140,-0.00266325,65.1009,1,0.051795,342.062044
2019-05-01,0.00587350,124.0101,1,0.038040,201.794950,0.00372239,65.4731,1,0.052191,381.808110
2019-05-02,-0.00282659,123.7274,1,0.061949,298.592790,0.00815106,66.2882,1,0.045674,299.792890
2019-05-03,0.00010125,123.7375,1,0.044605,301.586270,-0.00299630,65.9886,1,0.038720,302.152520
2019-05-06,-0.00253521,123.4840,1,0.032931,241.774050,0.00948188,66.9368,0,0.000000,0.000000
2019-05-07,0.00485001,123.9690,1,0.037079,239.833990,-0.00733576,66.2032,1,0.037976,282.644030
2019-05-08,0.00480719,124.4497,1,0.040351,258.475440,0.00066373,66.2696,0,0.000000,0.000000
2019-05-09,0.00168949,124.6187,1,0.030641,220.331030,-0.00275463,65.9941,1,0.038803,278.439414
2019-05-10,-0.00557331,124.0613,1,0.032771,220.231430,0.00605487,66.5996,1,0.040143,320.117280
2019-05-13,-0.00756325,123.3050,1,0.025065,202.138860,0.01719639,68.3192,1,0.034991,281.926770
2019-05-14,0.01578408,124.8834,1,0.034482,219.732960,-0.01449458,66.8698,0,0.000000,0.000000
2019-05-15,-0.00358275,124.5251,1,0.049225,321.592110,0.00703674,67.5734,1,0.050126,378.233140
2019-05-16,-0.00897596,123.6276,1,0.023376,161.280110,0.00101074,67.6745,1,0.032946,241.328140
2019-05-17,-0.00643625,122.9839,1,0.024745,142.077680,0.00436762,68.1113,0,0.000000,0.000000
2019-05-20,0.00178279,123.1622,1,0.036491,280.056460,0.00033783,68.1451,1,0.043477,322.011601
2019-05-21,0.00257518,123.4197,1,0.034362,220.424010,0.00263345,68.4084,1,0.045035,300.619200
2019-05-22,0.00589972,124.0097,1,0.024308,202.947320,0.01127865,69.5363,0,0.000000,0.000000
2019-05-23,-0.01097288,122.9124,1,0.038998,279.994720,0.00320340,69.8566,1,0.035050,302.827514
2019-05-24,0.00437788,123.3502,1,0.022562,160.794690,-0.00461568,69.3950,1,0.039638,240.929310
2019-05-28,-0.00577249,122.7729,1,0.040599,241.276070,0.00413446,69.8085,1,0.045074,321.457910
2019-05-29,-0.00173410,122.5995,1,0.024850,220.228410,-0.00213723,69.5948,0,0.000000,0.000000
2019-05-30,0.01096438,123.6960,1,0.040042,220.256700,-0.00707157,68.8876,1,0.055597,339.022507
2019-05-31,-0.00628075,123.0679,1,0.050845,260.212120,0.00591172,69.4788,1,0.060448,320.472840
2019-06-03,0.01253488,124.3214,1,0.023832,160.103670,-0.02207545,67.2712,1,0.050505,240.721520
2019-06-04,-0.00100584,124.2208,1,0.031714,260.768120,0.00929288,68.2005,1,0.050172,361.651560
2019-06-05,-0.00293018,123.9278,1,0.028928,225.286970,0.00225931,68.4265,0,0.000000,0.000000
2019-06-06,-0.00390255,123.5375,1,0.040185,303.514470,-0.00091237,68.3352,0,0.000000,0.000000
2019-06-07,0.00726040,124.2636,1,0.036160,240.909370,-0.00417852,67.9174,1,0.050132,309.924106
2019-06-10,-0.00347652,123.9159,1,0.041862,281.301520,0.00770041,68.6874,1,0.049369,321.273880
2019-06-11,-0.00561947,123.3540,1,0.030517,201.151410,0.00301234,68.9886,1,0.042606,281.605590
2019-06-12,-0.00263390,123.0906,1,0.023860,240.543090,0.00171915,69.1606,1,0.037685,320.595820
2019-06-13,0.01179001,124.2696,1,0.035359,221.165430,-0.00661097,68.4995,1,0.048897,340.622380
2019-06-14,0.00778638,125.0482,1,0.034742,301.051440,-0.00657592,67.8419,1,0.049232,380.686320
2019-06-17,-0.00632759,124.4155,1,0.041499,279.892480,-0.00357829,67.4840,1,0.053329,359.876480
2019-06-18,0.00928252,125.3437,1,0.041578,220.725620,-0.00560694,66.9233,1,0.052164,340.990240
2019-06-19,-0.00847525,124.4962,1,0.029475,241.790490,-0.00006242,66.9171,1,0.052412,361.433790
2019-06-20,-0.01406585,123.0896,1,0.040025,181.649890,0.01283468,68.2006,1,0.058842,320.965290
2019-06-21,0.00222200,123.3118,1,0.029880,182.871680,0.00236838,68.4374,0,0.000000,0.000000
2019-06-24,0.01276030,124.5878,1,0.026820,200.355340,-0.00509806,67.9276,1,0.042466,282.486183
2019-06-25,0.00345424,124.9333,1,0.035026,219.589790,-0.00269334,67.6583,1,0.042224,319.794440
2019-06-26,-0.00242784,124.6905,1,0.031584,240.373930,0.00562781,68.2210,1,0.040749,320.447930
2019-06-27,0.00537868,125.2283,1,0.019682,180.783960,0.01103751,69.3248,1,0.046749,300.520850
2019-06-28,0.00749460,125.9778,1,0.029700,221.239190,-0.00292597,69.0322,0,0.000000,0.000000
2019-07-01,-0.00797247,125.1806,1,0.047467,282.237880,0.00488117,69.5203,0,0.000000,0.000000
2019-07-02,0.01532056,126.7126,1,0.030694,201.012740,-0.01353288,68.1670,1,0.040278,304.503488
2019-07-03,0.00193196,126.9058,1,0.040884,299.901910,-0.00114391,68.0526,1,0.054801,400.425210
2019-07-05,0.00104311,127.0101,1,0.081029,262.077160,-0.00035779,68.0169,0,0.000000,0.000000
2019-07-08,0.00460862,127.4710,1,0.033738,260.158480,-0.00838626,67.1782,1,0.045496,342.315958
2019-07-09,0.00604361,128.0753,1,0.032199,240.089300,-0.00051257,67.1270,1,0.039047,339.603810
2019-07-10,-0.00618778,127.4566,1,0.041608,220.133740,0.00268172,67.3952,1,0.054888,340.643810
2019-07-11,-0.00955002,126.5016,1,0.025082,181.395710,0.00174032,67.5692,1,0.039628,261.296480
2019-07-12,-0.00281318,126.2202,1,0.028268,201.479880,0.00792854,68.3620,1,0.046536,320.831080
2019-07-15,0.00055751,126.2760,1,0.025389,202.044550,0.00026963,68.3890,1,0.034847,282.132410
2019-07-16,-0.00179209,126.0968,1,0.033079,260.540180,-0.00760861,67.6281,1,0.043151,380.239850
2019-07-17,0.00842100,126.9389,1,0.034940,221.799230,-0.00725829,66.9023,1,0.042489,360.670830
2019-07-18,-0.00736184,126.2027,1,0.037104,278.601160,0.00902510,67.8048,1,0.036870,338.894380
2019-07-19,-0.00142360,126.0603,1,0.017610,141.296160,-0.00241942,67.5629,1,0.033642,261.708160
2019-07-22,0.00280540,126.3409,1,0.038130,200.957750,0.00246270,67.8091,1,0.038940,299.986220
2019-07-23,0.00929545,127.2704,1,0.028365,200.540050,-0.01245950,66.5632,1,0.046200,320.003090
2019-07-24,0.00803812,128.0742,1,0.042398,262.976350,0.00268179,66.8314,1,0.041561,382.520350
2019-07-25,0.01687806,129.7620,1,0.027894,261.725770,-0.01127550,65.7038,1,0.032350,321.271400
2019-07-26,0.00632516,130.3946,1,0.036824,259.949080,0.00231249,65.9351,1,0.040881,320.103800
2019-07-29,-0.00119726,130.2748,1,0.032006,261.170600,0.00112356,66.0474,1,0.035894,281.686670
2019-07-30,0.02099285,132.3741,1,0.040335,220.295820,-0.01677081,64.3703,1,0.057181,300.397810
2019-07-31,0.00081566,132.4557,1,0.036994,261.700460,-0.00979098,63.3913,1,0.045598,361.593180
2019-08-01,0.00317128,132.7728,1,0.044642,220.070380,0.00339046,63.7303,1,0.058074,339.315420
2019-08-02,-0.00372902,132.3999,1,0.025862,200.262690,0.00208201,63.9385,1,0.040059,299.215160
2019-08-05,-0.00371296,132.0286,1,0.033126,160.483400,0.01065421,65.0039,1,0.057239,299.965000
2019-08-06,-0.00183541,131.8451,1,0.042201,220.232750,0.00205388,65.2093,0,0.000000,0.000000
2019-08-07,-0.00329831,131.5152,1,0.048711,222.666120,0.00457295,65.6666,0,0.000000,0.000000
2019-08-08,0.00456142,131.9714,1,0.031638,261.038000,-0.00327353,65.3392,1,0.038703,259.775707
2019-08-09,0.00447757,132.4191,1,0.026183,263.206540,-0.00212445,65.1268,0,0.000000,0.000000
2019-08-12,-0.01688871,130.7303,1,0.040381,279.676580,0.01371733,66.4985,1,0.053487,361.677889
2019-08-13,0.00226136,130.9564,1,0.022574,141.387110,-0.00395679,66.1029,0,0.000000,0.000000
2019-08-14,0.00535560,131.4920,1,0.048080,301.731810,0.01571088,67.6739,0,0.000000,0.000000
2019-08-15,-0.01502158,129.9898,1,0.047008,297.874600,0.02241787,69.9157,0,0.000000,0.000000
2019-08-16,0.00736782,130.7266,1,0.026908,202.734110,-0.00914763,69.0010,1,0.037133,221.871082
2019-08-19,-0.03105868,127.6207,1,0.042848,242.735610,0.02415152,71.4161,0,0.000000,0.000000
2019-08-20,0.01194240,128.8150,1,0.027980,184.512400,-0.01144698,70.2714,0,0.000000,0.000000
2019-08-21,-0.01028160,127.7868,1,0.045050,220.205040,0.00588417,70.8598,1,0.063163,342.448827
2019-08-22,0.00400687,128.1875,1,0.031243,202.178670,-0.00467874,70.3920,0,0.000000,0.000000
2019-08-23,-0.00523750,127.6637,1,0.045350,220.046570,0.01064168,71.4561,1,0.065522,341.618304
2019-08-26,0.00205089,127.8688,1,0.026741,220.134420,-0.00052377,71.4038,0,0.000000,0.000000
2019-08-27,0.00096411,127.9652,1,0.035899,202.097330,0.00221681,71.6254,0,0.000000,0.000000
2019-08-28,-0.00127698,127.8375,1,0.041478,219.922170,-0.00029249,71.5962,1,0.059129,337.259290
2019-08-29,-0.00841734,126.9958,1,0.033374,241.953020,0.01733480,73.3297,1,0.051880,341.907280
2019-08-30,-0.00493342,126.5025,1,0.031972,222.632600,0.00104225,73.4339,0,0.000000,0.000000
2019-09-03,0.02035454,128.5379,1,0.026706,160.544030,-0.01463734,71.9702,1,0.044154,282.741686
2019-09-04,-0.00240865,128.2971,1,0.048775,338.772800,-0.00029046,71.9411,1,0.053236,359.768560
2019-09-05,-0.00184548,128.1125,1,0.041078,262.735370,-0.02609817,69.3313,0,0.000000,0.000000
2019-09-06,-0.00188485,127.9240,1,0.039115,201.874330,-0.00216145,69.1152,1,0.063445,384.828336
2019-09-09,-0.00258977,127.6650,1,0.034157,221.211050,-0.00780765,68.3344,1,0.051945,321.199400
2019-09-10,-0.01690686,125.9744,1,0.033106,183.708080,0.02571326,70.9057,1,0.053204,323.284700
2019-09-11,-0.00001322,125.9730,1,0.026102,220.888320,0.01069448,71.9752,1,0.035452,241.592590
2019-09-12,0.00084899,126.0579,1,0.024081,201.662600,0.01410489,73.3857,1,0.024521,221.930220
2019-09-13,0.01126842,127.1848,1,0.032778,280.919520,-0.02022966,71.3627,1,0.034286,301.722730
2019-09-16,-0.01908764,125.2760,1,0.044494,261.752340,0.01288465,72.6511,1,0.062325,341.496740
2019-09-17,0.01455554,126.7316,1,0.036416,201.711110,-0.01714614,70.9365,1,0.050404,302.014890
2019-09-18,-0.00197181,126.5344,1,0.035561,221.371710,0.00480813,71.4173,1,0.048897,380.817870
2019-09-19,-0.00437124,126.0973,1,0.052614,281.245960,0.00546545,71.9639,1,0.042535,281.109090
2019-09-20,-0.00047315,126.0499,1,0.026425,180.777250,-0.00274858,71.6890,1,0.029898,240.862140
2019-09-23,0.00090264,126.1402,1,0.035786,239.726850,-0.00239723,71.4493,1,0.037253,280.352100
2019-09-24,-0.00725458,125.4147,1,0.034098,220.055150,-0.00143903,71.3054,1,0.044303,320.458050
2019-09-25,0.01058077,126.4728,1,0.032383,240.467300,-0.00624543,70.6809,1,0.045143,340.227860
2019-09-26,-0.01338520,125.1343,1,0.040520,241.354680,0.00454785,71.1357,1,0.047805,341.191180
2019-09-27,-0.00860977,124.2733,1,0.024377,161.684460,-0.00102325,71.0333,1,0.061135,321.070330
2019-09-30,0.00198003,124.4713,1,0.031437,221.073120,-0.00929716,70.1036,1,0.058386,340.667890
2019-10-01,-0.00494223,123.9771,1,0.044433,261.427840,0.01161915,71.2655,1,0.052295,361.518330
2019-10-02,-0.01983484,121.9936,1,0.026214,160.715070,0.01609496,72.8750,0,0.000000,0.000000
2019-10-03,0.00256412,122.2500,1,0.025058,181.787870,-0.00511730,72.3633,0,0.000000,0.000000
2019-10-04,-0.00994124,121.2559,1,0.038494,242.692770,0.00721360,73.0847,1,0.050070,335.073524
2019-10-07,-0.00889237,120.3667,1,0.039357,243.641870,0.00357063,73.4417,0,0.000000,0.000000
2019-10-08,0.00229738,120.5964,1,0.025892,180.858180,-0.00870894,72.5708,0,0.000000,0.000000
2019-10-09,0.00128282,120.7247,1,0.032588,180.251650,0.00746057,73.3169,0,0.000000,0.000000
2019-10-10,0.03257936,123.9826,1,0.039274,221.240630,-0.03416458,69.9004,0,0.000000,0.000000
2019-10-11,-0.00938335,123.0443,1,0.043145,258.876030,0.01393092,71.2935,1,0.055368,339.558782
2019-10-14,-0.00292421,122.7519,1,0.032681,163.011310,-0.00441924,70.8516,1,0.038834,223.422760
2019-10-15,-0.00624089,122.1278,1,0.032839,220.585380,0.00822500,71.6741,1,0.048220,300.089270
2019-10-16,0.00340878,122.4687,1,0.022722,181.407710,-0.00296516,71.3776,1,0.044986,301.282880
2019-10-17,-0.00486855,121.9818,1,0.045435,240.540840,0.00486941,71.8645,1,0.054749,320.581090
2019-10-18,-0.01589161,120.3926,1,0.031851,162.551500,0.01298085,73.1626,1,0.053705,301.593710
2019-10-21,0.00941856,121.3345,1,0.015464,141.732310,-0.00967374,72.1952,1,0.020604,222.084410
2019-10-22,-0.01161252,120.1733,1,0.049122,221.551620,-0.03266667,68.9286,0,0.000000,0.000000
2019-10-23,0.00294533,120.4678,1,0.016417,161.431750,-0.01628204,67.3004,1,0.048654,343.628934
2019-10-24,0.01446903,121.9147,1,0.023577,201.457310,-0.01854785,65.4456,1,0.051895,362.309250
2019-10-25,-0.02623333,119.2914,1,0.036453,219.064860,0.01628119,67.0737,1,0.053861,339.049150
2019-10-28,-0.03336159,115.9552,1,0.029659,224.412140,0.03125622,70.1993,1,0.044998,343.762780
2019-10-29,0.02603830,118.5590,1,0.033170,164.052260,-0.03295209,66.9041,1,0.038099,283.102380
2019-10-30,-0.02474320,116.0847,1,0.040700,184.516900,0.01850663,68.7548,1,0.059647,303.933790
2019-10-31,0.01959897,118.0446,1,0.034913,203.929220,-0.01743123,67.0116,1,0.050953,303.219390
2019-11-01,0.00288028,118.3326,1,0.028212,259.973750,0.00952895,67.9645,1,0.043645,358.071510
2019-11-04,-0.02919145,115.4135,1,0.029255,243.066380,0.04612909,72.5774,1,0.045791,322.552980
2019-11-05,-0.01598366,113.8151,1,0.028026,203.634910,0.02367796,74.9452,1,0.024024,184.040200
2019-11-06,0.02746736,116.5619,1,0.016574,162.523880,-0.02237186,72.7081,1,0.019226,202.304260
2019-11-07,-0.00646839,115.9150,1,0.047389,279.654590,-0.00084877,72.6232,1,0.059547,358.734960
2019-11-08,-0.00195949,115.7191,1,0.052999,281.088130,-0.00188994,72.4342,1,0.065024,361.058970
2019-11-11,0.00747514,116.4666,1,0.037356,202.534790,-0.00813376,71.6208,1,0.054996,321.793450
2019-11-12,0.01438586,117.9052,1,0.043894,220.250350,-0.01931039,69.6898,1,0.047869,319.572520
2019-11-13,0.00023070,117.9282,1,0.044430,281.658320,-0.00281651,69.4081,1,0.049981,381.627670
2019-11-14,-0.00111809,117.8164,1,0.037199,240.654100,0.00737746,70.1459,1,0.052324,340.791750
2019-11-15,0.00650779,118.4672,1,0.039771,260.774410,-0.02201808,67.9441,1,0.037098,301.729350
2019-11-18,0.00487553,118.9548,1,0.038807,222.381410,-0.00991824,66.9522,1,0.050184,362.518030
2019-11-19,-0.00624783,118.3300,1,0.027003,200.265560,0.00821155,67.7734,1,0.046705,339.788140
2019-11-20,0.00442070,118.7720,1,0.024420,161.217740,-0.00739463,67.0339,1,0.028353,261.951900
2019-11-21,0.00020460,118.7925,1,0.052160,240.919450,-0.00894717,66.1392,1,0.062127,360.719290
2019-11-22,0.00125063,118.9176,1,0.050947,240.657200,-0.00144121,65.9951,1,0.062031,360.053430
2019-11-25,0.00151654,119.0692,1,0.033786,181.848570,-0.00136944,65.8581,1,0.053384,321.625330
2019-11-26,-0.00262495,118.8067,1,0.020235,161.681240,-0.00097669,65.7605,1,0.048049,321.260000
2019-11-27,-0.00068885,118.7378,1,0.013635,101.339340,-0.00231727,65.5287,1,0.038957,301.140840
2019-11-29,0.00206261,118.9441,1,0.027519,200.527810,-0.00412211,65.1165,1,0.045221,340.857130
2019-12-02,-0.00455971,118.4881,1,0.040041,160.366200,0.00915558,66.0321,0,0.000000,0.000000
2019-12-03,-0.00986549,117.5016,1,0.037879,220.952350,0.00920556,66.9526,0,0.000000,0.000000
2019-12-04,-0.01233020,116.2686,1,0.029130,181.198430,0.00739012,67.6917,1,0.048778,319.413820
2019-12-05,0.00016724,116.2853,1,0.027656,202.882510,-0.00240086,67.4516,1,0.039576,322.934630
2019-12-06,0.00673036,116.9583,1,0.030814,200.773340,-0.00774743,66.6768,1,0.048153,301.289430
2019-12-09,-0.01556572,115.4018,1,0.028222,221.479850,-0.01609381,65.0674,1,0.064171,341.106030
2019-12-10,-0.01027570,114.3742,1,0.024780,161.967690,0.01261331,66.3288,1,0.045729,302.035010
2019-12-11,0.00691205,115.0654,1,0.017465,141.943810,-0.00663811,65.6650,1,0.038681,281.484460
2019-12-12,0.00319619,115.3850,1,0.023291,180.755270,0.01910407,67.5754,1,0.046753,320.302670
2019-12-13,0.00271448,115.6565,1,0.028422,221.696910,-0.00955581,66.6198,1,0.034881,242.496940
2019-12-16,-0.00926797,114.7297,1,0.032787,220.491610,0.01986227,68.6060,1,0.051993,380.011100
2019-12-17,0.01204807,115.9345,1,0.025463,201.589190,-0.01597392,67.0086,1,0.033902,263.588420
2019-12-18,-0.00611529,115.3229,1,0.040549,201.894070,0.00457171,67.4658,1,0.050029,341.643210
2019-12-19,0.00141191,115.4641,1,0.031839,201.312980,-0.00281522,67.1843,1,0.042102,280.936180
2019-12-20,0.00152183,115.6163,1,0.026447,201.531430,-0.00004062,67.1802,1,0.051492,340.650880
2019-12-23,-0.00149984,115.4663,1,0.024954,221.964670,0.00559402,67.7396,0,0.000000,0.000000
2019-12-24,0.00368348,115.8347,1,0.016752,141.190970,-0.00460167,67.2795,1,0.036507,301.601821
2019-12-26,0.00531447,116.3661,1,0.037193,180.515040,-0.00428001,66.8515,1,0.078291,360.013460
2019-12-27,-0.00493105,115.8730,1,0.045355,259.974020,0.00461967,67.3134,1,0.053733,340.316750
2019-12-30,0.00893396,116.7664,1,0.029004,220.736630,-0.00032294,67.2811,1,0.033934,301.057340
2019-12-31,0.00191726,116.9581,1,0.043184,240.404640,-0.00122470,67.1587,1,0.046390,240.449780
