date,model_ret,model_equity,model_rebalanced,model_cost,model_traded,naive_ret,naive_equity,naive_rebalanced,naive_cost,naive_traded
2015-01-02,-0.00135899,99.8641,1,0.027349,200.000000,0.00000000,100.0000,0,0.000000,0.000000
2015-01-05,0.00644178,100.5083,1,0.031572,200.295530,0.00414168,100.4142,1,0.038452,200.000000
2015-01-06,0.00634455,101.1427,1,0.048385,238.404770,0.01189887,101.6041,0,0.000000,0.000000
2015-01-07,0.01216809,102.3595,1,0.041751,240.074140,0.00163008,101.7671,1,0.047572,297.671421
2015-01-08,-0.00331040,102.0285,1,0.047560,241.936340,-0.01653856,100.1132,0,0.000000,0.000000
2015-01-09,0.00076104,102.1046,1,0.025676,183.632400,0.00483019,100.5962,0,0.000000,0.000000
2015-01-12,0.02442976,104.5476,1,0.033624,199.648420,0.02038699,102.6349,0,0.000000,0.000000
2015-01-13,-0.00099511,104.4481,1,0.054201,279.477180,0.00289268,102.9242,1,0.037332,222.676051
2015-01-14,-0.00250093,104.1980,1,0.036683,239.747970,0.00451520,103.3757,1,0.044500,300.598720
2015-01-15,0.01914127,106.1121,1,0.032523,220.266610,0.00432682,103.8084,1,0.043758,321.047340
2015-01-16,-0.01225687,104.8864,1,0.036997,257.927290,0.00092335,103.9007,1,0.027005,179.550900
2015-01-20,-0.01490044,103.3964,1,0.026704,182.646290,0.00327331,104.2281,0,0.000000,0.000000
2015-01-21,-0.00124631,103.2717,1,0.024421,201.650400,-0.00051997,104.1761,1,0.035627,262.961577
2015-01-22,0.01046101,104.3178,1,0.030009,202.752090,-0.01058136,103.1179,1,0.063226,341.235070
2015-01-23,-0.01047694,103.2702,1,0.022034,183.538050,-0.00753335,102.3646,0,0.000000,0.000000
2015-01-26,-0.00348675,102.9215,1,0.032795,279.447680,-0.00591233,101.7734,1,0.047933,323.038742
2015-01-27,-0.01677687,101.2438,1,0.029467,222.182580,-0.02759532,99.0138,1,0.048522,341.302680
2015-01-28,0.00598538,101.8423,1,0.027342,181.378180,0.00494456,99.5083,1,0.061334,361.231110
2015-01-29,-0.00811045,101.0313,1,0.026705,199.475940,0.00024980,99.5333,0,0.000000,0.000000
2015-01-30,-0.00437280,100.5940,1,0.030110,183.097620,0.00249349,99.7826,1,0.050001,319.983147
2015-02-02,0.00567975,101.1620,1,0.041425,239.686330,-0.00732570,99.0500,0,0.000000,0.000000
2015-02-03,-0.00417433,100.7445,1,0.035603,222.281500,0.01312473,100.3625,1,0.045947,299.128614
2015-02-04,-0.00155056,100.5895,1,0.027996,163.971370,-0.00453086,99.9094,0,0.000000,0.000000
2015-02-05,0.00097615,100.6871,1,0.033015,220.246520,0.00780491,100.6899,1,0.051539,343.168214
2015-02-06,-0.02228460,98.4586,1,0.032090,221.157370,0.02353410,103.0433,0,0.000000,0.000000
2015-02-09,0.00253102,98.7117,1,0.031478,237.858670,0.00023454,103.0668,1,0.038266,283.008197
2015-02-10,-0.00152601,98.5591,1,0.042111,259.385340,-0.00655015,102.4118,1,0.052045,299.906720
2015-02-11,0.00331907,98.8911,1,0.032243,263.195850,0.00380281,102.7921,0,0.000000,0.000000
2015-02-12,0.00084874,98.9759,1,0.022546,200.413410,0.00730698,103.5227,1,0.039102,282.983191
2015-02-13,-0.02886461,96.0895,1,0.031221,244.230480,0.02718199,106.2409,0,0.000000,0.000000
2015-02-17,-0.00164611,95.9249,1,0.023151,202.174880,0.00412982,106.6539,1,0.025318,205.090425
2015-02-18,0.02249855,98.1747,1,0.025355,220.615820,-0.00956357,105.6976,1,0.047977,340.377160
2015-02-19,-0.00203439,97.9713,1,0.034319,221.488250,-0.01929947,103.7676,1,0.049837,320.889800
2015-02-20,-0.00104568,97.8667,1,0.039668,318.950380,0.00422794,104.1904,1,0.048586,379.374710
2015-02-23,0.00567011,98.4337,1,0.050069,281.240060,-0.00376571,103.8138,1,0.047891,261.200880
2015-02-24,-0.00956418,97.4773,1,0.036128,240.585180,-0.01154524,102.6593,1,0.045384,320.610500
2015-02-25,0.00079811,97.5571,1,0.034549,240.775950,-0.00693864,101.9655,1,0.052364,360.540680
2015-02-26,-0.00810146,96.7470,1,0.038566,279.543640,0.02725125,104.6906,1,0.047625,359.486040
2015-02-27,-0.00434592,96.3124,1,0.027082,200.069040,0.00180547,104.8711,1,0.030173,242.124250
2015-03-02,-0.00644133,95.6682,1,0.031133,261.100370,-0.01484823,103.3863,1,0.041033,341.779480
2015-03-03,0.00671227,96.3395,1,0.029963,221.067680,-0.00982467,102.4038,1,0.055167,362.323650
2015-03-04,-0.00492657,95.8468,1,0.038597,259.191110,-0.00267210,102.1366,1,0.043680,359.993060
2015-03-05,-0.00257139,95.5897,1,0.022589,180.303900,0.00510785,102.6474,1,0.033555,300.490650
2015-03-06,-0.00690769,94.8989,1,0.018509,161.014510,-0.00233089,102.4143,1,0.032229,261.225780
2015-03-09,0.00668104,95.5670,1,0.034066,219.532040,0.01024510,103.4388,0,0.000000,0.000000
2015-03-10,-0.00616845,94.9502,1,0.043635,300.228270,0.00097482,103.5363,1,0.034208,199.880240
2015-03-11,-0.00861145,94.0890,1,0.029965,219.066910,0.00790590,104.3269,0,0.000000,0.000000
2015-03-12,-0.00800804,93.2882,1,0.036594,240.354800,0.00339151,104.6661,1,0.034939,240.487840
2015-03-13,0.00494070,93.7823,1,0.039240,263.681250,0.00396769,105.0628,0,0.000000,0.000000
2015-03-16,-0.00986713,92.7956,1,0.038203,239.174890,0.01148656,106.2115,1,0.032244,262.813262
2015-03-17,0.00064472,92.8600,1,0.027938,222.810730,-0.00736546,105.4749,0,0.000000,0.000000
2015-03-18,-0.01960889,90.8991,1,0.040309,220.019810,0.00039451,105.5144,1,0.044969,304.361536
2015-03-19,-0.00502007,90.3971,1,0.014037,123.343280,0.00126697,105.6411,0,0.000000,0.000000
2015-03-20,0.00112758,90.5099,1,0.021932,179.686610,-0.01014965,104.6261,1,0.044945,302.366831
2015-03-23,0.00097684,90.6076,1,0.030886,261.743550,-0.00249330,104.3768,0,0.000000,0.000000
2015-03-24,-0.00810874,89.7967,1,0.025824,199.873570,0.01188224,105.5650,1,0.042146,321.880336
2015-03-25,0.00922989,90.7197,1,0.021631,160.499050,-0.00189870,105.3751,0,0.000000,0.000000
2015-03-26,-0.00324685,90.3950,1,0.031655,259.659200,-0.00033641,105.3415,0,0.000000,0.000000
2015-03-27,-0.00400075,89.9949,1,0.035095,260.405750,-0.01289119,104.0524,1,0.044539,316.996493
2015-03-30,0.02060951,92.0559,1,0.026569,221.113720,-0.00448561,103.6038,1,0.051551,382.033460
2015-03-31,0.00009512,92.0654,1,0.035458,201.239820,0.00529812,104.1336,0,0.000000,0.000000
2015-04-01,0.00428078,92.4935,1,0.040082,318.842250,-0.00940802,103.1928,1,0.032242,241.902272
2015-04-02,0.00483759,92.9772,1,0.029431,219.486480,-0.00355598,102.8372,1,0.042268,299.661740
2015-04-06,0.00324900,93.3021,1,0.042370,301.447950,0.00092485,102.9297,1,0.049965,341.792250
2015-04-07,0.00486071,93.7882,1,0.034319,221.292350,-0.01035528,101.8942,1,0.042228,301.672790
2015-04-08,-0.00434279,93.3539,1,0.036749,240.637510,0.00263298,102.1575,1,0.057152,339.718940
2015-04-09,-0.02168348,91.1856,1,0.026998,181.112310,0.01451710,103.6092,1,0.037430,300.715470
2015-04-10,0.00980986,92.1666,1,0.019604,162.181610,-0.00760475,102.8487,1,0.042125,281.704400
2015-04-13,0.01037105,93.2037,1,0.043405,240.532530,-0.00987494,101.8612,1,0.056304,380.606490
2015-04-14,0.00296687,93.5004,1,0.046913,319.334490,0.00003175,101.8644,1,0.048975,359.549930
2015-04-15,0.00219891,93.7202,1,0.029599,240.175780,-0.00171143,101.6933,1,0.036443,300.534130
2015-04-16,-0.00374307,93.3459,1,0.035157,241.458550,-0.00147749,101.5455,1,0.039809,321.029440
2015-04-17,-0.00191774,93.1542,1,0.029474,220.954330,0.00728319,102.2738,1,0.044041,340.425140
2015-04-20,-0.00833826,92.3203,1,0.023626,240.514600,0.00849379,103.1232,0,0.000000,0.000000
2015-04-21,0.00582809,92.9032,1,0.034211,282.491540,0.00130820,103.2540,0,0.000000,0.000000
2015-04-22,-0.00853921,92.0492,1,0.031701,239.932040,0.00788317,104.0424,1,0.041103,321.415150
2015-04-23,0.00505323,92.5546,1,0.020687,181.112840,-0.00514017,103.5283,1,0.035077,281.321100
2015-04-24,-0.00227096,92.3275,1,0.025046,261.492390,0.00425150,103.9535,1,0.035850,301.191880
2015-04-27,0.00668047,92.9955,1,0.024853,201.408650,-0.01126786,102.8267,1,0.046646,301.287140
2015-04-28,0.00468654,93.4642,1,0.032766,259.987220,0.00112716,102.9394,0,0.000000,0.000000
2015-04-29,0.00631376,94.0955,1,0.046664,260.289120,-0.00557279,102.3821,1,0.037649,280.615226
2015-04-30,0.01766712,95.8622,1,0.052048,199.854620,-0.02308140,100.0740,1,0.064520,299.462730
2015-05-01,-0.01936735,93.9255,1,0.057355,261.266200,-0.00852762,99.2212,0,0.000000,0.000000
2015-05-04,-0.00074001,93.8515,1,0.029661,203.710620,0.00356041,99.5773,0,0.000000,0.000000
2015-05-05,-0.01059887,92.7916,1,0.042157,261.372760,0.01608106,101.1854,1,0.032934,223.713535
2015-05-06,-0.00013199,92.7784,1,0.023079,200.373050,-0.00585527,100.5999,0,0.000000,0.000000
2015-05-07,0.00510222,93.2886,1,0.042198,260.822280,-0.00539994,100.0599,1,0.050494,358.768727
2015-05-08,-0.00537741,92.7509,1,0.035291,260.811040,-0.00166467,99.8934,0,0.000000,0.000000
2015-05-11,0.00060175,92.8111,1,0.038905,202.011670,0.00737921,100.6313,0,0.000000,0.000000
2015-05-12,0.00550193,93.3613,1,0.036417,241.092360,-0.00803633,99.8277,1,0.036523,262.587245
2015-05-13,0.00426208,93.7875,1,0.038162,299.920910,-0.00378621,99.4491,1,0.046561,359.474970
2015-05-14,-0.00532228,93.2553,1,0.036188,240.298410,0.00576963,100.0260,1,0.050797,340.326360
2015-05-15,0.00304645,93.5599,1,0.032115,222.429920,-0.01045685,98.9803,0,0.000000,0.000000
2015-05-18,0.01149103,94.7090,1,0.040747,260.863960,-0.00891243,98.0891,1,0.042953,363.651470
2015-05-19,0.01846802,96.5558,1,0.037158,301.604090,-0.01863172,96.2259,1,0.045342,362.205110
2015-05-20,0.00276504,96.8323,1,0.027216,202.353200,-0.00554464,95.6715,1,0.049694,322.047050
2015-05-21,0.00709962,97.5423,1,0.025898,220.515500,-0.00939046,94.7324,1,0.036476,300.258510
2015-05-22,0.00140721,97.6830,1,0.033649,241.602140,-0.00380403,94.3520,1,0.045233,361.697490
2015-05-26,0.00632038,98.3150,1,0.034922,240.158970,-0.00839277,93.5127,1,0.040767,319.651510
2015-05-27,-0.00275651,98.0394,1,0.033031,239.403840,0.00024876,93.5376,0,0.000000,0.000000
2015-05-28,0.00367714,98.4071,1,0.024146,202.268360,-0.00182923,93.3547,0,0.000000,0.000000
2015-05-29,0.00377743,98.7848,1,0.038197,260.505540,-0.00470080,92.8846,1,0.046980,300.680214
2015-06-01,0.00817255,99.6021,1,0.024415,200.437040,-0.00046542,92.8381,1,0.040912,339.565600
2015-06-02,0.00147292,99.7494,1,0.045928,280.432110,-0.00704983,92.1331,1,0.043843,301.206230
2015-06-03,-0.01780632,97.9687,1,0.029072,220.670560,0.01903698,94.0368,1,0.050192,380.123140
2015-06-04,-0.00294407,97.6743,1,0.024727,141.878660,-0.00247682,93.7891,1,0.031902,221.639410
2015-06-05,-0.00577492,97.0969,1,0.028932,220.530500,0.01604906,95.3940,0,0.000000,0.000000
2015-06-08,-0.00229098,96.8678,1,0.021808,161.790760,-0.00124895,95.2691,1,0.036605,201.555107
2015-06-09,0.00036683,96.9044,1,0.035527,239.779710,-0.00051269,95.2178,1,0.051819,339.295550
2015-06-10,-0.00474794,96.4296,1,0.038614,260.474050,0.00598642,95.8165,1,0.051868,320.203890
2015-06-11,0.01139430,97.5691,1,0.030820,203.001420,-0.00169998,95.6465,0,0.000000,0.000000
2015-06-12,0.00224738,97.7938,1,0.051602,300.711090,-0.00447584,95.1989,1,0.055144,303.122750
2015-06-15,0.00294312,98.0881,1,0.055598,279.618080,0.00333305,95.5322,0,0.000000,0.000000
2015-06-16,-0.00543899,97.5442,1,0.031689,239.473250,-0.00496420,95.0358,0,0.000000,0.000000
2015-06-17,-0.00035524,97.5087,1,0.023124,220.993910,-0.00211312,94.8245,1,0.052642,378.619425
2015-06-18,0.00665758,98.1745,1,0.032582,261.253680,-0.00850722,93.9737,1,0.047732,361.371430
2015-06-19,-0.00793796,97.3807,1,0.040856,282.062120,-0.00343480,93.6303,0,0.000000,0.000000
2015-06-22,0.00209036,97.5897,1,0.021704,140.791540,0.00754937,94.3852,1,0.041763,341.824547
2015-06-23,0.00443353,98.0331,1,0.042617,261.093580,-0.00368862,94.0163,1,0.032582,261.542580
2015-06-24,-0.00486239,97.5468,1,0.040609,260.865830,0.00006140,94.0225,1,0.044980,300.786820
2015-06-25,0.00360788,97.9076,1,0.034242,219.594490,0.00637874,94.6604,0,0.000000,0.000000
2015-06-26,0.00605805,98.5134,1,0.040485,279.991970,-0.00331499,94.3289,1,0.038949,299.018554
2015-06-29,-0.01346545,97.1669,1,0.048345,280.607770,0.01284374,95.6132,1,0.061226,340.982950
2015-06-30,0.00941435,98.1083,1,0.033865,239.220980,-0.00454623,95.1586,0,0.000000,0.000000
2015-07-01,0.00081251,98.1895,1,0.049459,361.703240,-0.00185805,94.9728,1,0.042375,299.198829
2015-07-02,0.00354447,98.5440,1,0.034213,261.486930,-0.00272215,94.7006,1,0.038745,321.678910
2015-07-06,0.00001269,98.5453,1,0.040681,220.755080,0.00031553,94.7321,1,0.047377,320.779730
2015-07-07,-0.01356556,97.1887,1,0.026636,160.319090,0.00720823,95.4530,1,0.048577,320.044010
2015-07-08,0.00169481,97.3582,1,0.036459,222.339480,0.00403658,95.8566,1,0.041482,262.907460
2015-07-09,0.01067372,98.4256,1,0.038418,219.286920,-0.01466049,94.3906,0,0.000000,0.000000
2015-07-10,-0.00473495,97.9521,1,0.050465,320.410670,0.00227731,94.6183,1,0.050659,359.510411
2015-07-13,-0.01164889,96.7872,1,0.022939,182.130290,0.00892520,95.5108,0,0.000000,0.000000
2015-07-14,-0.00062942,96.7242,1,0.023262,162.424630,0.00512623,96.0234,0,0.000000,0.000000
2015-07-15,0.00353040,97.0773,1,0.033120,201.271280,-0.00410713,95.6127,1,0.045993,324.639196
2015-07-16,-0.01296927,95.7803,1,0.030697,200.697200,0.00691885,96.3046,1,0.052195,319.892420
2015-07-17,-0.00416091,95.3643,1,0.020521,162.594090,-0.00720992,95.5836,0,0.000000,0.000000
2015-07-20,-0.00095438,95.2688,1,0.039108,300.080390,-0.00784986,94.7986,0,0.000000,0.000000
2015-07-21,-0.00589809,94.6790,1,0.027059,200.536770,0.00287846,95.0865,1,0.051494,341.423891
2015-07-22,0.00190892,94.8699,1,0.029898,200.218530,-0.00019083,95.0674,1,0.042753,280.225560
2015-07-23,-0.00277646,94.5923,1,0.023046,181.102430,-0.00937517,94.1299,1,0.034387,260.775230
2015-07-24,0.02091795,96.6840,1,0.040365,219.941880,-0.01048755,93.0811,1,0.056735,319.989150
2015-07-27,0.01283461,97.9675,0,0.000000,0.000000,0.02085016,95.1661,1,0.064234,338.691040
2015-07-28,0.00705566,98.6731,1,0.052394,299.459492,-0.01216960,93.9492,1,0.030950,201.198350
2015-07-29,0.00574534,99.2476,1,0.049916,302.555180,-0.00761456,93.1877,0,0.000000,0.000000
2015-07-30,0.00286909,99.5345,1,0.038631,180.993390,-0.01230999,91.9567,1,0.064699,363.658580
2015-07-31,0.00444080,99.9786,1,0.046970,280.628300,0.00135630,92.0924,1,0.053040,340.534540
2015-08-03,-0.01098424,98.8802,1,0.036814,241.341490,0.01454011,93.5464,1,0.057539,281.637170
2015-08-04,-0.01543227,97.3369,1,0.028147,181.220430,0.01659039,95.2054,1,0.033991,241.364310
2015-08-05,-0.00328111,97.0088,1,0.033451,243.214940,0.00978079,96.1835,1,0.041681,302.473270
2015-08-06,0.01016590,98.0254,1,0.030640,221.280680,-0.01241736,94.9418,1,0.035486,261.465900
2015-08-07,0.00493377,98.5188,1,0.057593,318.924950,-0.00117827,94.8239,1,0.057507,359.286690
2015-08-10,0.00506278,99.0251,1,0.039842,280.697650,-0.02335666,92.4883,1,0.043666,261.581280
2015-08-11,0.01846472,100.8716,1,0.029858,242.661540,-0.02138155,90.3501,1,0.051855,382.559740
2015-08-12,-0.01433664,99.4379,1,0.035904,258.895930,0.00598979,90.9491,1,0.052061,378.676300
2015-08-13,0.00189095,99.6270,1,0.024345,161.926780,-0.00711249,90.2378,1,0.041269,282.116140
2015-08-14,0.00016075,99.6431,1,0.047255,260.948180,-0.00068086,90.1698,1,0.054536,360.988340
2015-08-17,0.00475930,100.1190,1,0.045750,261.401530,-0.00351436,89.8183,0,0.000000,0.000000
2015-08-18,0.00962387,101.0814,1,0.041353,241.556360,-0.01301979,88.5163,1,0.056789,362.622655
2015-08-19,0.00413010,101.4944,0,0.000000,0.000000,0.00200967,88.7173,1,0.055713,378.617830
2015-08-20,-0.00049759,101.4446,1,0.037689,258.762613,0.01240787,89.9581,1,0.049573,300.675500
2015-08-21,-0.00381379,101.0633,1,0.033259,180.938070,0.00294509,90.2526,0,0.000000,0.000000
2015-08-24,-0.01158416,99.9048,0,0.000000,0.000000,0.00384451,90.6371,0,0.000000,0.000000
2015-08-25,-0.01100961,98.8039,1,0.048671,237.406781,-0.01619527,89.0175,0,0.000000,0.000000
2015-08-26,-0.01807108,96.9968,1,0.036008,181.932470,0.00893275,89.9108,1,0.045915,327.467181
2015-08-27,-0.00534472,96.4623,1,0.034412,226.595340,0.00387628,90.2984,0,0.000000,0.000000
2015-08-28,-0.00831287,95.6310,1,0.032477,204.459180,-0.00248905,90.0495,0,0.000000,0.000000
2015-08-31,-0.00280406,95.3506,1,0.022076,141.304330,0.00010716,90.0602,1,0.047954,349.973774
2015-09-01,0.00998046,96.3486,1,0.039524,220.240630,0.00479673,90.5399,0,0.000000,0.000000
2015-09-02,-0.00901618,95.4470,0,0.000000,0.000000,-0.00714073,89.8258,0,0.000000,0.000000
2015-09-03,-0.00146920,95.3001,1,0.029610,239.949864,0.00470801,90.2966,0,0.000000,0.000000
2015-09-04,0.00954092,96.2542,1,0.040428,241.568650,-0.00832248,89.4644,1,0.041888,258.795029
2015-09-08,-0.00170343,96.0839,1,0.057813,298.349460,0.00183070,89.6475,0,0.000000,0.000000
2015-09-09,-0.00225370,95.8585,1,0.053700,285.447690,0.00522359,90.1698,0,0.000000,0.000000
2015-09-10,0.00184411,96.0429,1,0.042109,239.264330,0.00237396,90.4072,0,0.000000,0.000000
2015-09-11,-0.00061588,95.9813,1,0.043478,260.934640,-0.00045038,90.3622,1,0.050628,321.511352
2015-09-14,-0.00496700,95.4846,1,0.034230,241.816630,0.00531965,90.8941,1,0.051275,361.168890
2015-09-15,0.00751974,96.2366,1,0.025786,180.596830,-0.00050642,90.8435,1,0.045332,300.563580
2015-09-16,0.00667765,96.9043,1,0.042615,241.650920,-0.00421093,90.4224,0,0.000000,0.000000
2015-09-17,0.01201061,98.1054,1,0.033039,222.200220,-0.00447857,89.9746,1,0.052497,364.672317
2015-09-18,-0.01094561,97.0108,1,0.048881,279.306320,0.02150647,92.1252,1,0.054743,339.962300
2015-09-21,-0.00474154,96.5367,1,0.027494,179.939360,0.00153353,92.2786,0,0.000000,0.000000
2015-09-22,-0.01515070,95.0216,0,0.000000,0.000000,0.01313345,93.5919,1,0.045555,319.218559
2015-09-23,-0.00073268,94.9484,1,0.041978,259.375149,0.01372709,94.9646,0,0.000000,0.000000
2015-09-24,0.00610750,95.5591,1,0.032050,221.377770,-0.00277794,94.6868,1,0.036374,260.237383
2015-09-25,-0.00452828,95.1063,1,0.050208,260.791900,0.01094848,95.7817,1,0.048272,300.173940
2015-09-28,0.00257133,95.3634,1,0.031477,201.129080,0.00627610,96.4093,1,0.045330,281.904120
2015-09-29,0.00010226,95.3736,1,0.038994,258.127350,-0.00658606,95.7507,0,0.000000,0.000000
2015-09-30,0.00572274,95.9459,1,0.041156,241.730580,-0.00837408,94.9133,1,0.051618,337.144532
2015-10-01,0.00192922,96.1388,1,0.048208,324.599150,0.00362667,95.2759,0,0.000000,0.000000
2015-10-02,0.00239746,96.3786,1,0.038974,240.544390,-0.00082417,95.1935,1,0.056697,363.647058
2015-10-05,0.00411039,96.7896,1,0.040611,262.859980,0.00379051,95.5726,0,0.000000,0.000000
2015-10-06,-0.01568923,95.2207,1,0.036393,224.086510,-0.00252864,95.3197,0,0.000000,0.000000
2015-10-07,0.00159722,95.3804,1,0.021738,141.338390,0.00315447,95.6351,1,0.045453,346.335950
2015-10-08,-0.00600359,94.7801,1,0.033519,182.744320,-0.00113295,95.5218,1,0.055735,362.226480
2015-10-09,0.01246361,96.0264,1,0.024389,181.182180,-0.00191564,95.3303,1,0.043154,281.797080
2015-10-12,-0.00136694,95.8897,1,0.031244,201.761930,0.00070189,95.4005,1,0.051071,362.212370
2015-10-13,-0.00405533,95.4842,1,0.025013,201.067730,0.00341214,95.7417,1,0.044946,301.079840
2015-10-14,-0.00679842,94.8044,1,0.026292,200.118380,0.00224753,95.9664,1,0.037647,280.262060
2015-10-15,0.01183805,95.9882,1,0.027835,180.991770,-0.01298066,94.6684,1,0.043506,300.072580
2015-10-16,-0.00155524,95.8326,1,0.046424,282.645380,-0.00734530,93.9338,0,0.000000,0.000000
2015-10-19,0.00537598,96.3702,1,0.034582,200.945120,0.00140215,94.0741,1,0.057625,362.215808
2015-10-20,0.01975301,98.3455,1,0.023869,160.718080,-0.01680439,92.3936,1,0.042279,280.414420
2015-10-21,-0.00097070,98.2485,1,0.039350,239.692310,-0.00789124,91.6045,1,0.056014,380.272360
2015-10-22,0.00164349,98.4128,1,0.032371,179.975160,-0.00577139,91.0274,1,0.069779,318.617770
2015-10-23,-0.01686875,96.7259,1,0.048855,303.564360,-0.00900176,90.1272,0,0.000000,0.000000
2015-10-26,0.00896746,97.6227,1,0.018304,123.230580,0.00391530,90.5187,1,0.050240,324.406823
2015-10-27,-0.00578349,97.0443,1,0.032799,240.253330,0.01095107,91.6138,1,0.051473,340.877810
2015-10-28,0.01513316,98.5576,1,0.044894,259.706850,-0.01435082,90.1787,1,0.050032,299.515380
2015-10-29,-0.00633134,97.9245,1,0.051864,322.489910,0.00780037,90.9588,1,0.043783,322.947750
2015-10-30,0.00330336,98.2548,1,0.032204,240.822910,-0.01681334,89.2774,1,0.042354,321.251340
2015-11-02,0.00749344,99.0042,1,0.030506,180.502580,-0.01443106,87.8343,1,0.051846,322.038600
2015-11-03,-0.01030083,97.9741,1,0.035113,222.980770,-0.00661402,87.1729,0,0.000000,0.000000
2015-11-04,0.01363315,99.3374,1,0.022365,141.791170,-0.01021739,86.1512,1,0.053699,304.093746
2015-11-05,-0.00223987,99.1134,1,0.025867,180.362260,-0.00184068,85.9671,1,0.048978,339.482980
2015-11-06,-0.01741117,97.3723,1,0.031757,180.634960,0.00195650,86.1628,1,0.046560,300.149750
2015-11-09,0.00164150,97.5365,1,0.026590,181.501700,-0.01250985,84.9118,1,0.042945,281.258670
2015-11-10,0.00653109,98.1896,1,0.033081,220.446840,0.00191496,85.1033,1,0.046094,358.970540
2015-11-11,0.00858328,99.0479,1,0.033312,240.866870,-0.01079601,84.0237,1,0.042791,281.705850
2015-11-12,-0.00053161,98.9947,1,0.031771,219.706700,0.01219010,85.2427,1,0.058260,339.836590
2015-11-13,0.00876275,99.8710,1,0.040465,259.404270,0.00919900,86.1626,0,0.000000,0.000000
2015-11-16,-0.00661255,99.2098,1,0.060095,319.442180,0.00339350,86.5019,1,0.050710,298.448644
2015-11-17,0.00070581,99.2803,1,0.034339,202.286300,-0.00911911,85.5900,0,0.000000,0.000000
2015-11-18,0.00025190,99.3055,1,0.038270,220.188980,-0.00048421,85.5416,1,0.056361,341.898277
2015-11-19,0.00904298,100.2098,1,0.031632,224.488680,0.00052654,85.5943,0,0.000000,0.000000
2015-11-20,0.00235888,100.4457,1,0.033442,180.504870,-0.00163084,85.4312,1,0.049244,323.621784
2015-11-23,0.00060057,100.5058,1,0.036883,201.259230,-0.00090141,85.3410,1,0.055571,340.993180
2015-11-24,-0.01643132,98.8626,1,0.036872,240.669700,0.01369452,86.7105,1,0.042578,300.820350
2015-11-25,0.02079035,100.9417,1,0.021885,142.411900,-0.02110586,84.5999,1,0.040216,282.381050
2015-11-27,-0.00144122,100.7976,1,0.042292,199.592540,0.00321055,84.9210,1,0.060735,319.341850
2015-11-30,0.01688539,102.4861,1,0.046521,220.851650,-0.01800906,83.1201,1,0.063566,321.062650
2015-12-01,-0.00430420,102.0557,1,0.046410,259.955860,-0.00013377,83.1067,1,0.060117,340.000260
2015-12-02,0.00516404,102.5721,1,0.033416,181.731430,-0.02345418,80.7613,0,0.000000,0.000000
2015-12-03,0.00368407,102.9405,1,0.042443,219.635300,0.00490952,81.2522,0,0.000000,0.000000
2015-12-04,0.02451778,105.3923,1,0.037232,219.445850,-0.01106182,80.1460,0,0.000000,0.000000
2015-12-07,-0.00410607,104.9817,1,0.063467,321.384330,0.00966266,81.1123,0,0.000000,0.000000
2015-12-08,-0.00688287,104.2934,1,0.034057,200.401500,0.00972218,82.0845,1,0.043712,282.909214
2015-12-09,0.00513024,104.8064,1,0.029396,200.687850,-0.00695922,81.3886,1,0.037082,240.887250
2015-12-10,0.01158779,105.9652,1,0.041161,259.948240,-0.00904292,80.4843,1,0.049542,340.202000
2015-12-11,-0.00305430,105.6598,1,0.052920,280.774680,-0.00975303,79.5090,1,0.060763,360.200850
2015-12-14,-0.01102095,104.5577,1,0.027115,218.907350,-0.00151428,79.3576,0,0.000000,0.000000
2015-12-15,-0.00048395,104.5093,1,0.038895,181.357860,-0.01169387,78.1882,1,0.072147,338.973261
2015-12-16,0.00577123,105.0864,1,0.032457,222.181240,-0.00484323,77.7039,1,0.053813,342.199120
2015-12-17,0.01338159,106.4245,1,0.035611,223.095320,-0.00534298,77.1696,0,0.000000,0.000000
2015-12-18,-0.00348431,106.0761,1,0.048041,258.298430,-0.00540998,76.6286,1,0.055238,320.653597
2015-12-21,-0.01666242,104.4099,1,0.027522,221.207930,0.01551214,78.1798,0,0.000000,0.000000
2015-12-22,0.01253898,105.6638,1,0.039282,203.144080,-0.01535182,76.6446,1,0.038672,261.963975
2015-12-23,0.00018038,105.6818,1,0.033632,181.685940,0.00349801,76.9944,0,0.000000,0.000000
2015-12-24,0.00464276,106.1461,1,0.032064,202.786330,-0.00269782,76.7246,0,0.000000,0.000000
2015-12-28,-0.00043622,106.1025,1,0.041092,180.477540,0.00448857,77.1735,1,0.083373,345.802511
2015-12-29,0.00086192,106.1887,1,0.021458,141.156830,-0.00026646,77.1468,1,0.056476,320.894010
2015-12-30,0.00132969,106.3216,1,0.031211,201.639330,0.00747417,77.8942,0,0.000000,0.000000
2015-12-31,0.00440040,106.7617,1,0.026420,140.498480,-0.00459050,77.4352,0,0.000000,0.000000
2016-01-04,-0.00371480,106.3902,1,0.047160,240.298100,0.00275138,77.7103,0,0.000000,0.000000
2016-01-05,-0.00012331,106.3778,1,0.022051,141.862980,0.00332916,78.0432,0,0.000000,0.000000
2016-01-06,0.01614978,107.9928,1,0.025962,161.636740,0.00324076,78.3673,1,0.054424,321.561213
2016-01-07,0.00430265,108.4231,1,0.031075,180.218080,0.00567635,78.9350,1,0.053295,298.362540
2016-01-08,-0.00129683,108.2934,1,0.030663,182.185220,0.00893631,79.8286,0,0.000000,0.000000
2016-01-11,0.00053784,108.3472,1,0.028826,160.821500,0.01570467,81.3991,0,0.000000,0.000000
2016-01-12,-0.00337471,108.0097,1,0.033131,180.284470,-0.00008363,81.3907,1,0.048813,276.956941
2016-01-13,0.00178608,108.1883,1,0.028192,162.318600,-0.01555339,79.8354,1,0.052619,302.667690
2016-01-14,0.00593267,108.7816,1,0.040483,220.318220,-0.02056517,77.7788,0,0.000000,0.000000
2016-01-15,0.00577745,109.3593,1,0.049625,263.280370,0.00542486,78.3213,0,0.000000,0.000000
2016-01-19,-0.00834616,108.5247,1,0.030926,180.917490,-0.01489798,76.8315,0,0.000000,0.000000
2016-01-20,0.01576528,110.1013,1,0.024762,161.020890,-0.00948873,75.8826,1,0.060923,355.847966
2016-01-21,0.00117635,110.2189,1,0.038625,200.392690,-0.00203026,75.6796,1,0.060586,338.284370
2016-01-22,0.01120943,111.3398,1,0.043557,202.494760,-0.02049979,73.6296,1,0.066739,322.212480
2016-01-25,0.00247115,111.5869,1,0.038425,204.649520,-0.02441073,71.1886,0,0.000000,0.000000
2016-01-26,-0.00070212,111.5167,1,0.053062,277.620620,0.00089048,71.2776,0,0.000000,0.000000
2016-01-27,0.00353240,111.8700,1,0.036720,184.059790,-0.00273689,71.0039,0,0.000000,0.000000
2016-01-28,-0.01245618,110.6244,1,0.036388,181.530620,0.01054160,72.0581,1,0.063110,300.797821
2016-01-29,0.01887265,112.5116,1,0.043555,201.457090,0.01036255,73.0943,1,0.049775,281.678130
2016-02-01,0.00842419,113.3540,1,0.045981,247.584480,-0.00922158,72.1722,0,0.000000,0.000000
2016-02-02,-0.00074046,113.2800,1,0.025176,121.398400,0.00262215,72.4344,1,0.064915,366.740389
2016-02-03,-0.01125369,112.1546,1,0.029759,199.952490,0.01001538,73.4359,1,0.053962,318.544910
2016-02-04,0.01926114,114.0807,1,0.036846,222.418830,0.00882549,74.3185,1,0.048561,283.409360
2016-02-05,-0.01322072,112.7587,1,0.024562,164.058660,-0.00596418,73.7221,1,0.039258,263.621170
2016-02-08,-0.00005479,112.7532,1,0.037699,180.000450,-0.00444261,73.2778,0,0.000000,0.000000
2016-02-09,0.01910061,114.6633,1,0.021339,123.384780,0.00649797,73.9276,0,0.000000,0.000000
2016-02-10,0.02029132,116.6924,1,0.041678,159.895120,-0.00040871,73.8867,1,0.054141,277.432179
2016-02-11,-0.02675837,114.0165,1,0.043667,241.980770,0.02547477,76.4342,1,0.066453,321.714570
2016-02-12,0.00848956,114.8655,1,0.046104,222.069690,0.00945365,77.3796,0,0.000000,0.000000
2016-02-16,-0.00932393,113.9331,1,0.033173,203.124180,-0.00969383,76.4102,0,0.000000,0.000000
2016-02-17,-0.01214414,112.7187,1,0.024944,146.420000,-0.00691797,75.7184,0,0.000000,0.000000
2016-02-18,-0.00405630,112.3131,1,0.039010,204.919550,-0.02171965,73.5464,0,0.000000,0.000000
2016-02-19,0.02367439,114.6805,1,0.010331,81.930040,-0.02928876,70.6176,1,0.060096,386.536292
2016-02-22,0.00044486,114.7250,1,0.031424,159.719290,-0.01464471,69.1531,1,0.069701,379.607780
2016-02-23,0.00728065,115.4531,1,0.039125,203.479110,0.00564789,69.7179,0,0.000000,0.000000
2016-02-24,0.00043864,115.4969,1,0.040326,199.313850,-0.00874424,68.8435,1,0.046314,261.670853
2016-02-25,0.00198007,115.6949,1,0.043133,162.094270,-0.01635696,67.2078,1,0.078406,322.245850
2016-02-26,0.01363853,117.0588,1,0.027047,141.596500,0.00414164,67.6219,0,0.000000,0.000000
2016-02-29,0.01236386,118.2952,1,0.029934,182.118380,-0.00643922,66.9780,1,0.044512,303.780720
2016-03-01,0.00535812,118.8310,1,0.036168,181.434340,-0.01876166,65.1018,1,0.051696,360.865850
2016-03-02,0.00010802,118.8418,1,0.030468,205.496480,-0.00945080,64.1568,0,0.000000,0.000000
2016-03-03,-0.01430136,117.4116,1,0.031816,181.836170,0.00933534,65.0903,1,0.068296,367.435527
2016-03-04,-0.01278393,116.1333,1,0.017933,101.913880,0.01433494,66.5238,1,0.040116,261.815390
2016-03-07,-0.01375234,114.7580,1,0.015504,102.539440,0.00634632,67.1584,1,0.047418,261.905730
2016-03-08,0.01203139,115.9612,1,0.019921,142.487230,-0.00932882,66.2255,1,0.047332,282.379390
2016-03-09,-0.00395455,115.5657,0,0.000000,0.000000,-0.00994275,65.2313,1,0.064645,357.438550
2016-03-10,-0.00166879,115.3988,1,0.046989,219.076774,0.00665773,65.8970,1,0.059437,342.370690
2016-03-11,-0.00579619,114.8192,1,0.035189,201.503750,-0.00291990,65.6050,1,0.046690,241.544010
2016-03-14,0.00187964,115.0072,1,0.025006,164.479010,-0.00027745,65.5773,0,0.000000,0.000000
2016-03-15,-0.00899501,114.1077,1,0.041821,220.013810,0.00618725,66.1960,1,0.060435,303.686865
2016-03-16,-0.00473597,113.6341,0,0.000000,0.000000,-0.00370035,65.8260,1,0.046225,280.271320
2016-03-17,0.00800087,114.4342,1,0.036673,162.121229,-0.00459829,65.3662,0,0.000000,0.000000
2016-03-18,0.01478488,115.9126,1,0.047472,242.306380,-0.01391714,63.9744,1,0.061104,364.720758
2016-03-21,0.00103842,116.0165,1,0.040588,221.010620,-0.00230635,63.7438,1,0.058215,381.020550
2016-03-22,0.00700084,116.7166,1,0.023006,160.517270,-0.00818138,62.9257,1,0.041208,300.221980
2016-03-23,-0.00609977,116.1066,1,0.032977,200.952210,-0.00537418,62.3883,1,0.048818,339.994710
2016-03-24,-0.00160676,115.9459,0,0.000000,0.000000,-0.00259569,62.1287,1,0.056199,338.644060
2016-03-28,0.00875239,116.8212,0,0.000000,0.000000,-0.01409615,60.7191,1,0.049535,301.097390
2016-03-29,0.01075864,117.8970,1,0.048586,259.330425,-0.01125217,59.5939,1,0.057917,340.929540
2016-03-30,0.00413125,118.3101,1,0.042955,263.252650,0.00311960,59.9058,0,0.000000,0.000000
2016-03-31,-0.00652429,117.6577,1,0.046409,281.166180,-0.00969911,58.9359,1,0.046761,263.154822
2016-04-01,0.00249706,117.9074,1,0.032974,201.069520,-0.00296065,58.6398,1,0.047905,340.424590
2016-04-04,-0.00710493,117.1969,1,0.033543,201.480880,-0.00203366,58.4365,1,0.049676,321.681520
2016-04-05,0.00831483,118.0284,1,0.022717,161.295210,0.01200940,59.6374,0,0.000000,0.000000
2016-04-06,-0.00955453,117.0730,1,0.040543,220.069720,0.00293237,59.9306,0,0.000000,0.000000
2016-04-07,0.00060808,117.1338,1,0.029282,182.351630,0.00512657,60.4433,0,0.000000,0.000000
2016-04-08,-0.00086061,117.0477,1,0.028071,141.460430,0.00582418,61.0257,0,0.000000,0.000000
2016-04-11,0.00476017,117.5237,1,0.032213,160.949290,-0.00141001,60.8847,1,0.048741,260.109818
2016-04-12,-0.00526612,116.9971,1,0.043212,221.057070,0.00803054,61.6878,1,0.064546,340.115500
2016-04-13,-0.01053772,115.9433,1,0.037602,202.272540,0.01438084,63.1259,0,0.000000,0.000000
2016-04-14,-0.00521178,115.4222,1,0.021008,104.195030,-0.00320523,62.8053,1,0.048843,286.450176
2016-04-15,0.01711707,117.1339,1,0.021273,140.759390,-0.01546647,61.2587,1,0.045507,299.989620
2016-04-18,-0.00188772,116.9451,1,0.043442,280.718880,0.01232860,62.4915,1,0.058630,380.400100
2016-04-19,-0.01246360,115.6987,1,0.027170,201.984830,0.00444523,62.9361,0,0.000000,0.000000
2016-04-20,0.00185560,115.8843,1,0.038710,202.022190,-0.00053684,62.8824,1,0.044554,284.624894
2016-04-21,-0.01929371,113.9549,1,0.025951,161.229730,0.03570354,66.4527,1,0.047106,301.294570
2016-04-22,0.00227817,114.1827,1,0.043813,201.723580,-0.00729152,65.7236,1,0.029062,182.726660
2016-04-25,0.00654778,114.8375,1,0.044192,241.469070,-0.00119783,65.6038,1,0.063413,360.981410
2016-04-26,-0.00370698,114.4668,1,0.032598,200.623050,-0.01127794,64.4760,1,0.052754,339.819970
2016-04-27,-0.00395833,114.0710,1,0.027343,162.483060,0.00406830,64.8828,1,0.057230,361.045400
2016-04-28,0.00337074,114.4081,1,0.031086,181.606250,-0.00208535,64.6743,1,0.040915,262.019640
2016-04-29,0.00109451,114.5175,1,0.044549,258.609580,0.00737759,65.4121,1,0.042141,258.367860
2016-05-02,0.00963552,115.4811,1,0.032948,219.797180,-0.00826728,64.5853,1,0.050568,260.961340
2016-05-03,0.01225334,116.7064,1,0.050366,262.233120,0.02383481,66.9688,0,0.000000,0.000000
2016-05-04,0.00623163,117.3296,1,0.032137,180.865400,0.01289846,68.2587,0,0.000000,0.000000
2016-05-05,-0.00099939,117.2296,1,0.051659,240.042800,0.00439803,68.6985,1,0.040647,241.851322
2016-05-06,-0.00259589,116.9700,1,0.036929,181.621040,-0.00131971,68.5665,1,0.045021,280.823650
2016-05-09,-0.00845374,116.1247,1,0.042754,281.741080,-0.00397327,68.1692,1,0.055567,361.654190
2016-05-10,0.01701612,117.8263,1,0.031348,162.068520,-0.01612975,66.5562,1,0.051915,321.511760
2016-05-11,0.00354568,118.1808,1,0.043522,263.253540,-0.01233708,65.3225,0,0.000000,0.000000
2016-05-12,0.01506491,119.6873,1,0.035329,220.479950,-0.00372769,64.9497,1,0.050009,320.945794
2016-05-13,-0.00628620,119.0587,1,0.056750,319.305460,0.00262606,65.2123,1,0.056564,340.860560
2016-05-16,0.01029412,120.0881,1,0.033488,180.451870,-0.00626931,64.5854,0,0.000000,0.000000
2016-05-17,0.00690426,120.7785,1,0.042484,282.290260,-0.01007226,63.5782,0,0.000000,0.000000
2016-05-18,-0.01823024,118.9555,1,0.031564,220.375690,0.00086637,63.6648,0,0.000000,0.000000
2016-05-19,0.00856724,119.8122,1,0.025096,122.135900,-0.01866045,61.7988,1,0.041765,317.641650
2016-05-20,-0.00141101,119.6711,1,0.032681,220.874400,-0.00720049,61.0787,1,0.057189,380.075520
2016-05-23,-0.00768778,118.9024,1,0.024978,202.058500,0.00080879,61.1596,0,0.000000,0.000000
2016-05-24,0.01568737,120.4711,1,0.030443,180.946720,-0.01274224,59.8854,1,0.043624,322.259787
2016-05-25,-0.00091213,120.3799,1,0.039643,262.081380,0.00956815,60.8422,0,0.000000,0.000000
2016-05-26,-0.00573390,119.8065,1,0.036810,220.702210,0.00264978,61.1072,1,0.040922,243.734542
2016-05-27,0.00485909,120.2924,1,0.034111,241.596580,-0.00807974,60.2992,1,0.041034,321.019520
2016-05-31,-0.00448344,119.8441,1,0.040424,261.930600,0.00869440,61.1686,0,0.000000,0.000000
2016-06-01,-0.00617138,119.2269,1,0.025688,161.239760,0.00141302,61.3099,1,0.037948,262.463976
2016-06-02,-0.00403594,118.8233,1,0.032314,201.424810,0.00495987,61.8059,1,0.052213,340.980990
2016-06-03,-0.01109481,117.7139,1,0.025191,182.091740,0.00618000,62.4239,1,0.034590,281.839600
2016-06-06,-0.00083062,117.6308,1,0.019262,141.125810,-0.00030754,62.3932,1,0.044594,320.784610
2016-06-07,-0.00387433,117.2434,1,0.023433,182.065980,-0.00916787,61.4764,1,0.043707,341.881240
2016-06-08,0.00414464,117.6578,1,0.029616,221.190160,-0.00494242,60.9821,1,0.056352,360.977440
2016-06-09,-0.01908777,115.7490,1,0.024597,180.641600,0.01847142,62.8293,1,0.043848,300.501550
2016-06-10,-0.01610023,114.1390,1,0.017293,122.003260,0.01613487,64.4428,1,0.035703,241.816990
2016-06-13,0.00134929,114.2740,1,0.019891,121.841350,0.00006714,64.4495,0,0.000000,0.000000
2016-06-14,-0.01173898,113.1001,1,0.038198,219.865880,0.02224553,66.6740,0,0.000000,0.000000
2016-06-15,0.00047747,113.1478,1,0.029393,181.249560,-0.00259856,66.4142,1,0.016886,122.708783
2016-06-16,-0.00734530,112.4133,1,0.029250,200.500380,0.00248681,66.6629,1,0.042389,340.034070
2016-06-17,0.00031448,112.4447,1,0.023432,161.331980,-0.00153244,66.5096,1,0.040834,301.331770
2016-06-20,0.00367257,112.8120,1,0.035983,201.795940,-0.01185525,65.3241,1,0.050805,301.369210
2016-06-21,0.00155899,112.9679,1,0.024141,142.150780,-0.00813937,64.5101,1,0.057457,361.763420
2016-06-22,0.01044653,114.0125,1,0.034407,200.405540,-0.00720667,63.7895,1,0.060017,340.037760
2016-06-23,0.00292592,114.3051,1,0.051068,259.572160,-0.00016844,63.7726,1,0.050064,320.058050
2016-06-24,0.03959999,118.2651,1,0.041431,243.310200,-0.01449441,62.3232,0,0.000000,0.000000
2016-06-27,-0.00113055,118.1521,1,0.041245,255.645910,0.00216117,62.5393,0,0.000000,0.000000
2016-06-28,0.01079718,119.2318,1,0.039482,220.512350,0.00007514,62.5468,0,0.000000,0.000000
2016-06-29,-0.00135100,119.0967,1,0.048800,302.676300,-0.00195159,62.3517,0,0.000000,0.000000
2016-06-30,0.00421610,119.5183,1,0.031820,204.502580,-0.00172120,62.1795,0,0.000000,0.000000
2016-07-01,-0.00024654,119.4936,1,0.049924,324.912050,-0.00318796,61.8607,0,0.000000,0.000000
2016-07-05,0.00464266,119.9579,1,0.044214,260.743350,-0.00151432,61.7093,1,0.058192,323.699729
2016-07-06,0.00519225,120.4771,1,0.038415,259.667340,-0.00856877,60.8524,1,0.049127,318.798700
2016-07-07,-0.00765280,119.7119,1,0.046230,281.543860,0.01125327,61.9778,1,0.050553,360.480110
2016-07-08,-0.00817889,118.8940,1,0.025259,181.963250,0.00788960,62.7667,1,0.029370,221.581680
2016-07-11,-0.01413491,117.4805,1,0.040031,243.481510,0.01068375,63.8351,0,0.000000,0.000000
2016-07-12,-0.01727568,115.7529,1,0.027568,201.827000,0.01243307,65.0784,1,0.032093,224.898759
2016-07-13,0.00439774,116.1927,1,0.022556,162.185880,-0.00184495,64.8939,1,0.035825,261.844440
2016-07-14,0.00397334,116.5900,1,0.033056,260.206210,-0.01500011,63.3939,1,0.047341,360.635570
2016-07-15,0.00341750,116.9318,1,0.042830,261.008010,-0.00090731,63.3032,1,0.057481,380.477970
2016-07-18,-0.00189549,116.7422,1,0.030839,201.699440,-0.00253781,63.0494,1,0.044161,300.947090
2016-07-19,-0.00008028,116.7342,1,0.030608,181.601110,-0.00329871,62.7195,1,0.041911,301.233020
2016-07-20,0.00314065,117.0483,1,0.037785,299.573840,-0.00567772,62.1517,1,0.043482,339.579320
2016-07-21,0.00326048,117.3743,1,0.047812,322.015370,-0.00869944,61.2818,1,0.056574,381.792530
2016-07-22,0.00420560,117.7949,1,0.040430,279.855960,-0.00851070,60.4307,1,0.050870,359.944570
2016-07-25,0.00415754,118.2106,1,0.030866,220.967870,-0.00619961,59.8108,1,0.050351,360.715500
2016-07-26,0.00325179,118.5358,1,0.028451,260.044960,0.00278906,60.0897,1,0.045234,360.286390
2016-07-27,-0.00990482,117.5453,1,0.027112,240.961910,0.00109503,60.1992,1,0.033837,301.034300
2016-07-28,-0.00162766,117.3825,1,0.034746,241.148630,0.00264634,60.4638,1,0.041636,279.844040
2016-07-29,-0.00083411,117.2991,1,0.043041,261.446820,-0.00133282,60.3305,1,0.046782,301.551950
2016-08-01,-0.00433718,116.8654,1,0.034538,241.811430,0.00531699,60.8622,1,0.046251,262.431540
2016-08-02,0.00090047,116.9555,1,0.035793,241.118760,-0.00310559,60.5517,1,0.037799,260.760870
2016-08-03,0.00300318,117.2558,1,0.031012,240.224200,-0.01220890,59.3308,0,0.000000,0.000000
2016-08-04,0.01040791,118.2966,1,0.045869,301.808410,-0.01533255,57.7975,1,0.061205,379.471327
2016-08-05,0.01364454,119.6610,1,0.038356,280.348720,-0.00862227,56.9353,1,0.059497,399.781650
2016-08-08,-0.00357819,119.3032,1,0.042349,302.523310,0.00648190,57.5835,1,0.040650,342.684710
2016-08-09,0.00090319,119.3935,1,0.035531,240.551410,-0.00008466,57.5750,1,0.037206,300.907140
2016-08-10,0.00215818,119.6093,1,0.040722,261.399650,-0.00709852,56.8652,1,0.046412,341.066720
2016-08-11,-0.00068206,119.5411,1,0.030466,260.049400,0.00041077,56.9062,1,0.045103,359.497580
2016-08-12,0.00845452,120.3866,1,0.037518,261.410000,0.00103295,57.0095,0,0.000000,0.000000
2016-08-15,0.00571030,120.9576,1,0.039380,280.151290,-0.01358999,55.6505,1,0.032959,261.275699
2016-08-16,-0.00349391,120.6082,1,0.036171,301.387890,0.00205280,55.8558,1,0.046550,360.542460
2016-08-17,-0.00506326,120.1019,1,0.029026,219.404600,-0.00686462,55.1694,0,0.000000,0.000000
2016-08-18,-0.00580086,119.5218,1,0.039246,241.200020,-0.00107190,55.0622,1,0.056550,379.344999
2016-08-19,-0.00171032,119.3508,1,0.023992,181.184300,-0.00603094,54.4591,1,0.037814,280.755060
2016-08-22,0.00379731,119.7305,1,0.035029,240.631780,-0.00674354,53.7847,1,0.047274,339.387200
2016-08-23,0.00091997,119.8225,1,0.042423,320.264160,0.01608643,55.3934,1,0.053857,380.363860
2016-08-24,0.00374675,120.1972,1,0.039635,281.306000,-0.00395454,54.9979,1,0.044234,323.204900
2016-08-25,0.00295668,120.4929,1,0.044302,319.263230,-0.00388981,54.6089,1,0.048521,339.384580
2016-08-26,0.00130502,120.6234,1,0.036398,260.687790,0.00301592,54.9105,1,0.046138,340.437820
2016-08-29,-0.00286365,120.3370,1,0.028735,239.778080,-0.00484898,54.4256,1,0.039798,280.486350
2016-08-30,-0.00280562,120.0564,1,0.035052,281.507570,-0.00118640,54.3070,0,0.000000,0.000000
2016-08-31,0.00303997,120.3604,1,0.031763,260.958970,-0.01313946,52.9930,1,0.031476,262.226128
2016-09-01,-0.00511449,119.8490,1,0.045629,300.541340,-0.00016344,52.9767,1,0.052394,359.649630
2016-09-02,0.00646438,120.4954,1,0.023862,201.278780,-0.00794831,52.1819,1,0.045221,320.746210
2016-09-06,-0.01315900,119.1795,1,0.036560,281.224320,-0.00132560,52.0493,0,0.000000,0.000000
2016-09-07,-0.00577134,118.6024,1,0.021604,181.008820,0.00165016,52.2143,1,0.049364,361.289124
2016-09-08,-0.00629624,117.9728,1,0.023124,181.419310,0.00453599,52.6679,1,0.041681,301.150140
2016-09-09,0.00978634,118.9514,1,0.022476,160.650240,-0.00775026,51.8929,1,0.025676,219.783020
2016-09-12,-0.00160899,118.7905,1,0.030649,238.673050,0.00631053,52.5239,0,0.000000,0.000000
2016-09-13,0.00681332,119.4718,1,0.037508,262.603050,-0.01212606,51.3113,0,0.000000,0.000000
2016-09-14,-0.00948782,118.5230,1,0.026612,179.759900,-0.00159393,51.1519,0,0.000000,0.000000
2016-09-15,-0.00676306,117.8467,1,0.022016,181.092870,0.00185027,51.3370,1,0.044643,335.314659
2016-09-16,0.00369176,118.2159,1,0.032794,242.624350,0.00176689,51.5137,0,0.000000,0.000000
2016-09-19,-0.00544096,117.6718,1,0.038266,319.441370,0.00558637,52.0723,1,0.035513,262.676002
2016-09-20,-0.00090797,117.5810,1,0.024997,201.222910,0.00034598,52.1069,1,0.041542,281.137270
2016-09-21,-0.01154279,116.4267,1,0.032049,260.447600,0.00810175,52.9171,1,0.041765,280.971140
2016-09-22,-0.00051087,116.3757,1,0.029657,203.314850,0.00181148,53.0982,0,0.000000,0.000000
2016-09-23,-0.00638042,115.7376,1,0.036382,241.968570,0.00469320,53.5675,1,0.047420,284.563319
2016-09-26,-0.01112744,114.6249,1,0.021424,180.417680,0.00772946,54.3405,1,0.033014,280.452500
2016-09-27,0.00968486,115.5934,1,0.017804,141.067940,-0.00489404,53.8511,0,0.000000,0.000000
2016-09-28,-0.00686389,114.9070,1,0.044609,320.581670,0.00438306,54.2894,1,0.043784,358.622700
2016-09-29,-0.00217637,114.6893,1,0.028607,181.393400,0.00213517,54.5029,1,0.049413,320.963730
2016-09-30,-0.01845458,112.8439,1,0.036728,219.710370,0.00615681,55.1186,0,0.000000,0.000000
2016-10-03,-0.00364979,112.4789,1,0.029359,202.241410,0.02724899,57.8435,1,0.039641,280.839772
2016-10-04,-0.02087186,110.3917,1,0.025156,180.845380,0.00898943,58.7424,1,0.032657,222.052680
2016-10-05,-0.00773747,109.6180,1,0.009157,62.176270,0.02329804,61.0722,1,0.041576,279.639600
2016-10-06,0.00223014,109.8410,1,0.020936,161.497790,-0.00829540,60.2427,1,0.033920,222.009380
2016-10-07,0.00149407,109.9904,1,0.025643,180.403370,0.00066332,60.3090,1,0.040448,360.580220
2016-10-10,-0.00313943,109.6764,1,0.025083,159.817370,0.00200378,60.5094,0,0.000000,0.000000
2016-10-11,0.00363244,110.0397,1,0.032996,201.513740,-0.00156199,60.3532,1,0.039649,320.806234
2016-10-12,0.00440211,110.4799,1,0.033749,218.758100,-0.00272247,60.0810,0,0.000000,0.000000
2016-10-13,-0.00633091,109.8468,1,0.020951,160.173860,0.01095609,61.1766,1,0.043811,357.310504
2016-10-14,0.00645706,110.4925,1,0.020364,120.422480,-0.00674179,60.5024,1,0.029259,220.752320
2016-10-17,-0.00113845,110.3787,1,0.025895,180.663710,0.00400150,60.9025,1,0.049340,360.149920
2016-10-18,0.01549917,111.9286,1,0.027023,180.732450,-0.00975157,59.9274,1,0.040537,300.758370
2016-10-19,-0.00249500,111.6791,1,0.040820,221.589800,0.00348735,60.2761,1,0.059935,362.112280
2016-10-20,0.01245195,112.9243,1,0.021585,181.235240,-0.01320947,58.9552,1,0.040327,281.881330
2016-10-21,-0.00141582,112.7827,1,0.032682,220.338420,0.00265927,59.2211,1,0.044083,340.178560
2016-10-24,0.00204217,112.9869,1,0.026603,180.263560,0.00171616,59.3927,1,0.042364,320.139670
2016-10-25,0.00018657,113.0056,1,0.032013,240.828500,0.00793945,60.1867,0,0.000000,0.000000
2016-10-26,-0.01200868,111.8047,1,0.026748,200.058970,0.02332140,62.5188,1,0.037130,281.242684
2016-10-27,0.00630215,112.4349,1,0.021755,161.594140,0.00800194,63.3190,1,0.026016,241.698030
2016-10-28,-0.01572839,110.8621,1,0.029889,180.620830,0.00259885,63.5789,1,0.039445,260.949090
2016-10-31,-0.00241717,110.6204,1,0.034487,181.469110,-0.01101676,62.4772,1,0.048546,300.468590
2016-11-01,0.00702591,111.3230,1,0.013039,102.102530,-0.01255129,61.2221,1,0.050479,300.484030
2016-11-02,-0.01114874,110.2081,1,0.035384,160.100970,0.00430340,61.6524,1,0.067250,379.021570
2016-11-03,-0.00844378,109.3637,1,0.031028,140.764690,0.00275102,61.9275,0,0.000000,0.000000
2016-11-04,-0.00570648,108.7931,1,0.026418,141.837450,0.00223255,62.1508,1,0.056565,319.734179
2016-11-07,-0.00062312,108.7307,1,0.019912,142.338270,0.00289863,62.4406,1,0.042147,321.837160
2016-11-08,-0.00266643,108.4641,1,0.040673,184.573340,0.01102127,63.5428,0,0.000000,0.000000
2016-11-09,-0.00942824,107.5213,1,0.031634,181.252930,-0.00862369,62.6804,1,0.036799,246.422159
2016-11-10,-0.02835197,104.6861,1,0.023827,143.445830,0.03983471,66.6639,1,0.057869,362.165370
2016-11-11,0.00502823,105.1889,1,0.019347,122.804770,0.00029425,66.6933,1,0.035435,262.025400
2016-11-14,-0.01385021,103.8039,1,0.015791,121.428190,-0.00028766,66.6645,1,0.046766,320.174020
2016-11-15,0.01353347,105.1572,1,0.027653,182.083050,-0.01275903,65.3886,1,0.052123,302.844160
2016-11-16,0.00009388,105.1666,1,0.037032,261.250540,0.00287428,65.6760,1,0.061802,361.381560
2016-11-17,-0.00026229,105.1404,1,0.033339,180.860580,0.01507992,67.1840,1,0.052948,301.076350
2016-11-18,0.00122026,105.2624,1,0.035074,221.475750,-0.00313831,66.8702,1,0.044521,302.922420
2016-11-21,-0.00709624,104.5528,1,0.036424,239.609320,0.00466579,67.3368,1,0.042311,319.508430
2016-11-22,0.01791996,106.3448,1,0.019544,181.721480,-0.02123814,65.2130,1,0.045854,282.116170
2016-11-23,0.00409291,106.7541,1,0.037509,200.198340,-0.00792720,64.4203,1,0.055300,340.188460
2016-11-25,0.00297248,107.0513,1,0.042882,260.665160,-0.00771360,63.6489,1,0.058030,360.860200
2016-11-28,0.00921327,107.9726,1,0.039733,221.287590,0.00614182,64.2631,1,0.067528,362.074370
2016-11-29,-0.00205155,107.7675,1,0.036195,180.736460,-0.00182599,64.0805,1,0.046779,241.624230
2016-11-30,0.00384329,108.1518,1,0.039291,180.711580,-0.01402694,62.6778,1,0.052234,320.697660
2016-12-01,-0.01060463,107.0914,1,0.038503,220.059840,0.02465690,65.1435,1,0.053800,359.088280
2016-12-02,0.01001704,108.0931,1,0.024146,161.116800,-0.01974150,63.1693,1,0.039460,221.792710
2016-12-05,-0.00882943,107.2101,1,0.035403,240.140930,-0.00551258,62.6181,1,0.047878,380.681690
2016-12-06,0.00412108,107.6222,1,0.032182,182.647260,0.00225684,62.8437,1,0.051386,321.647400
2016-12-07,0.00084966,107.7072,1,0.019644,161.510970,-0.00300045,62.5437,1,0.044655,321.569510
2016-12-08,-0.01145455,106.5617,1,0.023785,162.517210,0.01061496,63.6052,1,0.041334,341.586590
2016-12-09,0.00728402,107.2901,1,0.032178,163.061670,-0.01168432,62.4368,1,0.047402,302.532010
2016-12-12,0.00136415,107.4266,1,0.033165,241.002460,0.00080426,62.5172,1,0.053524,341.507210
2016-12-13,-0.00865601,106.5610,1,0.026871,160.335640,0.01478164,63.9954,1,0.053556,299.662370
2016-12-14,0.00473986,107.0349,1,0.014694,81.365890,-0.00021320,63.9740,1,0.035040,261.867180
2016-12-15,-0.00775714,106.2592,1,0.037014,239.542980,-0.00162134,63.8119,0,0.000000,0.000000
2016-12-16,0.01847648,108.1069,1,0.026092,201.361940,-0.00897484,62.9144,1,0.044744,359.198511
2016-12-19,0.00511812,108.6187,1,0.028358,219.946420,0.00304359,63.2188,1,0.041371,359.864380
2016-12-20,0.00839835,109.4585,1,0.029675,179.878370,-0.00720220,62.4986,1,0.040740,281.302950
2016-12-21,-0.00026307,109.4322,1,0.036197,220.960690,0.00126905,62.6255,1,0.056915,360.441560
2016-12-22,0.00119212,109.5514,1,0.026378,200.212730,0.01005081,63.6305,1,0.035889,300.949060
2016-12-23,0.00377559,109.9290,1,0.022071,180.123250,-0.00458576,63.1720,1,0.041386,260.742070
2016-12-27,-0.00332799,109.5962,1,0.030299,200.527650,-0.00042941,63.1290,1,0.055461,340.393410
2016-12-28,0.00072364,109.6685,1,0.023096,160.801640,-0.00462767,62.6663,1,0.039137,260.900420
2016-12-29,0.00596946,110.2655,1,0.019954,140.294760,0.00210651,62.8769,0,0.000000,0.000000
2016-12-30,0.00099434,110.3649,1,0.022806,200.998700,-0.00139668,62.7372,1,0.047118,299.101822
2017-01-03,-0.00118833,110.2461,1,0.043263,279.852240,0.00128102,62.8653,1,0.041878,320.344650
2017-01-04,-0.00488516,109.7576,1,0.030056,201.326930,-0.00379710,62.4856,1,0.042100,281.586040
2017-01-05,-0.00054554,109.7030,1,0.047944,183.194760,0.00237667,62.7233,0,0.000000,0.000000
2017-01-06,-0.00193577,109.5094,1,0.025227,160.878410,0.00305931,63.0292,1,0.039009,321.822973
2017-01-09,-0.00685070,108.8244,1,0.025580,220.908630,0.00346265,63.3755,1,0.040185,301.004160
2017-01-10,-0.00784528,108.0398,1,0.017948,140.997590,0.01533280,64.9088,1,0.032640,279.893350
2017-01-11,0.00303440,108.3433,1,0.021140,141.736860,-0.00566350,64.3424,1,0.039210,222.069580
2017-01-12,0.00721824,109.0651,1,0.032696,181.291660,-0.01006339,63.3361,1,0.056989,340.806060
2017-01-13,0.00938225,110.0033,1,0.027345,200.225460,-0.01285531,62.0506,1,0.057331,340.477610
2017-01-17,-0.00183267,109.8201,1,0.033557,221.111470,-0.01060415,60.9901,1,0.053595,361.128820
2017-01-18,0.00720484,110.5406,1,0.035246,221.203110,-0.00965040,60.0251,1,0.053050,360.270540
2017-01-19,0.01191645,111.7322,1,0.038135,240.423390,-0.00206918,59.8182,1,0.054748,380.602370
2017-01-20,-0.00234878,111.4973,1,0.044078,260.138700,0.00940240,60.7584,0,0.000000,0.000000
2017-01-23,-0.00618488,110.8788,1,0.033818,221.274600,0.00234769,60.9932,1,0.047561,321.196760
2017-01-24,-0.00601451,110.2774,1,0.027591,160.681430,0.00864153,61.8573,1,0.042087,280.798670
2017-01-25,-0.00325554,109.9518,1,0.032954,163.023600,-0.00512152,61.3452,0,0.000000,0.000000
2017-01-26,-0.00382558,109.5693,1,0.010948,101.539260,0.00674896,62.0201,1,0.051324,364.785697
2017-01-27,0.00877772,110.4470,1,0.018498,120.744050,-0.00005886,62.0142,1,0.029366,260.671320
2017-01-30,0.00273421,110.7205,1,0.043349,259.617070,0.00011165,62.0254,1,0.031465,300.483060
2017-01-31,0.00746924,111.4674,1,0.046996,240.716530,0.00051816,62.0772,1,0.038264,280.192910
2017-02-01,-0.00103793,111.3636,1,0.043193,202.030640,-0.00586082,61.4911,1,0.041622,321.157760
2017-02-02,0.01180993,112.5446,1,0.029157,220.383840,-0.01919156,59.5719,1,0.050946,379.250600
2017-02-03,-0.00121937,112.4227,1,0.035847,241.235190,-0.00328653,59.2433,1,0.054753,381.072110
2017-02-06,0.00016641,112.4393,1,0.032949,222.162770,0.00587348,59.8306,0,0.000000,0.000000
2017-02-07,-0.00595169,111.8441,1,0.028009,179.987270,0.00463049,60.2937,1,0.040551,281.882064
2017-02-08,0.00254203,112.0983,1,0.036007,160.898000,0.00144721,60.4384,1,0.044919,240.760360
2017-02-09,0.00495625,112.5940,1,0.034695,160.898130,-0.02111175,58.3272,1,0.045285,320.910900
2017-02-10,0.00277433,112.8714,1,0.045107,222.617000,-0.00130935,58.1963,1,0.050415,382.623210
2017-02-13,-0.00441210,112.4302,1,0.024910,181.269420,0.00312980,58.5093,1,0.047500,341.936020
2017-02-14,0.00583767,113.0139,1,0.026643,161.847200,-0.01201856,57.3074,1,0.046336,321.468540
2017-02-15,-0.00448819,112.5651,1,0.022699,181.792770,-0.00146200,57.1612,1,0.040610,341.463060
2017-02-16,0.01249809,113.8149,1,0.027301,161.546440,-0.01094696,56.0665,1,0.048946,321.166610
2017-02-17,0.00202176,114.0171,1,0.042564,240.213990,-0.00160882,55.9056,1,0.051062,339.217070
2017-02-21,0.00591091,114.6082,1,0.034039,220.424520,-0.00067337,55.8383,1,0.044877,320.231900
2017-02-22,0.00588377,115.1966,1,0.037743,181.128990,-0.00247938,55.5904,0,0.000000,0.000000
2017-02-23,0.00517345,115.7139,1,0.038975,199.968300,0.02130758,57.7211,1,0.042422,339.577298
2017-02-24,0.01743108,117.4570,1,0.030982,220.855380,-0.01350763,56.3704,1,0.025423,202.822960
2017-02-27,0.00419969,117.8770,1,0.033811,203.030570,-0.01229270,55.1411,1,0.044650,283.751140
2017-02-28,0.00570507,118.4475,1,0.032483,200.833220,-0.01826359,53.3147,1,0.048279,380.294780
2017-03-01,-0.00383304,118.0642,1,0.024494,179.797590,-0.00411266,52.9035,1,0.042416,379.743700
2017-03-02,0.00147589,118.2118,1,0.027281,201.858850,-0.01305620,51.5979,1,0.043590,322.058950
2017-03-03,-0.00039815,118.1720,1,0.037275,239.807810,-0.00577054,51.0208,1,0.043784,340.059170
2017-03-06,0.00284523,118.4565,1,0.040427,260.347420,0.00037419,51.0582,1,0.047311,320.441550
2017-03-07,0.00165616,118.6221,1,0.024044,160.094730,0.00015536,51.0738,1,0.038264,279.850650
2017-03-08,-0.00763725,117.8584,1,0.027735,179.807000,0.00058622,51.1324,1,0.038008,259.920720
2017-03-09,-0.00885632,116.9728,1,0.012102,101.292470,0.00455280,51.5877,1,0.043190,319.949790
2017-03-10,0.00097217,117.0700,1,0.017753,121.193210,0.00215780,51.8034,1,0.044550,300.733890
2017-03-13,0.00148039,117.2180,1,0.032581,200.900670,0.00056273,51.8597,1,0.046157,321.093150
2017-03-14,-0.00515691,116.7023,1,0.045201,260.557040,0.00357891,52.2176,1,0.046939,280.872350
2017-03-15,0.00114688,116.8170,1,0.010202,100.618750,0.00180167,52.3978,1,0.030703,300.227670
2017-03-16,0.00462517,117.2795,1,0.024073,182.693750,-0.01104712,51.2931,0,0.000000,0.000000
2017-03-17,-0.00448360,116.8312,1,0.035870,240.197470,-0.01142467,50.1506,1,0.050947,401.715397
2017-03-20,-0.00111390,116.7198,1,0.020110,121.489610,0.00366951,50.5175,1,0.037959,340.433940
2017-03-21,0.00591392,117.3112,1,0.034288,180.075120,-0.01028931,49.4886,1,0.033101,259.691330
2017-03-22,-0.00192901,117.1183,1,0.043081,239.412740,-0.00184356,49.3042,1,0.057446,377.918550
2017-03-23,0.00224844,117.3431,1,0.042556,241.012680,-0.00202946,49.1013,1,0.042556,301.172210
2017-03-24,-0.00158314,117.1848,1,0.040644,201.079160,-0.00041329,49.0600,1,0.041579,360.362110
2017-03-27,-0.00533622,116.6512,1,0.043542,220.152630,0.00520672,49.5806,1,0.048878,360.021270
2017-03-28,-0.00943080,115.7081,1,0.020330,121.434120,0.00902304,50.4830,1,0.034766,241.181110
2017-03-29,-0.00534069,115.1740,1,0.023199,142.228130,0.00552905,51.0359,0,0.000000,0.000000
2017-03-30,0.00102306,115.2763,1,0.019544,160.645170,-0.00766494,50.2694,1,0.040804,301.121189
2017-03-31,0.00982153,116.2585,1,0.026097,181.413610,-0.00572208,49.6972,1,0.038908,321.365070
2017-04-03,-0.00218647,116.0398,1,0.041657,280.195770,-0.00231009,49.4661,1,0.039869,320.584860
2017-04-04,0.00029637,116.0695,1,0.021623,180.244850,-0.00243591,49.2226,1,0.045881,279.362440
2017-04-05,-0.00454741,115.6147,1,0.035861,220.286520,0.00659997,49.8826,1,0.059533,340.466150
2017-04-06,0.00292334,115.9071,1,0.013716,120.996900,-0.01020087,48.8625,1,0.041627,300.218370
2017-04-07,0.00417098,116.3242,1,0.026412,181.503350,-0.00037800,48.8247,1,0.058420,380.816340
2017-04-10,0.00281129,116.6053,1,0.033541,259.810670,-0.00434758,48.3899,1,0.047568,319.993420
2017-04-11,0.00397927,117.0032,1,0.028493,220.662310,-0.00669380,47.7205,1,0.051880,320.547930
2017-04-12,-0.00552781,116.4504,1,0.030421,180.541560,0.00652003,48.3725,1,0.049577,300.800520
2017-04-13,-0.00146496,116.3039,1,0.030176,200.107640,0.00865018,49.2375,1,0.045572,300.054740
2017-04-17,-0.00321973,115.9820,1,0.026503,160.643840,-0.00500117,48.7374,0,0.000000,0.000000
2017-04-18,0.00024987,116.0070,1,0.029833,202.058930,0.00559902,49.2973,0,0.000000,0.000000
2017-04-19,-0.00675153,115.3318,1,0.029273,221.015400,0.00597168,49.8945,1,0.043222,341.084639
2017-04-20,-0.01602197,113.7296,1,0.020237,161.569180,0.01659623,51.5541,1,0.033587,241.253890
2017-04-21,-0.00403350,113.3263,1,0.007380,82.455000,0.00091310,51.6454,1,0.028800,262.308490
2017-04-24,-0.00771498,112.5548,1,0.024538,180.621110,-0.00949018,50.6964,1,0.037508,300.863850
2017-04-25,-0.00312561,112.2422,1,0.031681,182.501780,-0.00355105,50.3413,0,0.000000,0.000000
2017-04-26,-0.01726687,110.5155,1,0.013007,101.318700,0.01047374,51.3887,1,0.059186,383.060791
2017-04-27,-0.00913492,109.6020,1,0.016772,122.273860,0.00760893,52.1496,1,0.041917,261.599800
2017-04-28,0.01071095,110.6731,1,0.017415,142.019880,-0.01545285,50.6043,1,0.049125,281.465390
2017-05-01,0.00307110,110.9802,1,0.032070,240.075730,0.00247642,50.8519,1,0.053098,399.056460
2017-05-02,-0.00194868,110.7854,1,0.029388,160.589920,0.00313490,51.1654,1,0.059410,320.484740
2017-05-03,-0.00508683,110.2767,1,0.023743,180.646900,0.01317640,52.4831,1,0.046770,340.852160
2017-05-04,0.00016052,110.2927,1,0.023378,161.059180,0.01017812,53.5009,1,0.027468,241.923710
2017-05-05,0.00843396,111.1361,1,0.018844,180.508230,-0.01109572,52.3913,1,0.047692,261.711660
2017-05-08,-0.00358785,110.7773,1,0.032055,221.399240,-0.00352360,52.0389,1,0.056320,341.662480
2017-05-09,-0.00532357,110.2450,1,0.030487,180.778870,0.00251834,52.2908,1,0.054846,359.482120
2017-05-10,-0.00766324,109.4787,1,0.024194,182.036610,-0.00436725,51.8541,1,0.047885,341.118960
2017-05-11,0.00107410,109.5861,1,0.010930,121.448430,-0.00145650,51.7084,1,0.044610,360.714500
2017-05-12,0.00357104,109.9432,1,0.023396,200.205800,0.00274926,51.9833,1,0.033774,279.918680
2017-05-15,0.00031690,109.9749,1,0.030020,220.379180,-0.00273900,51.7094,1,0.045490,299.864700
2017-05-16,0.00070437,110.0453,1,0.030653,221.158570,-0.00580024,51.1294,0,0.000000,0.000000
2017-05-17,0.00396061,110.4414,1,0.016389,141.364850,-0.03348366,47.7810,1,0.045316,360.890155
2017-05-18,0.00322489,110.7639,1,0.035821,317.539870,0.00206411,47.9874,0,0.000000,0.000000
2017-05-19,0.00436759,111.2006,1,0.036931,261.997550,-0.01044846,46.9426,1,0.048186,318.712855
2017-05-22,0.00373828,111.5744,1,0.036192,241.541550,0.00583414,47.5260,0,0.000000,0.000000
2017-05-23,-0.00325820,111.2486,1,0.020210,181.233440,0.00791412,48.3174,0,0.000000,0.000000
2017-05-24,-0.00514426,110.7342,1,0.024766,200.975970,0.00278595,48.5960,1,0.042175,304.530539
2017-05-25,0.01772601,112.5068,1,0.020119,161.314200,-0.01860861,46.7352,1,0.037241,302.003690
2017-05-26,0.00302416,112.8092,1,0.023704,203.813360,-0.00603832,46.1313,1,0.036572,303.313180
2017-05-30,-0.00167088,112.6421,1,0.027148,239.748380,0.00102616,46.2339,1,0.040594,340.196160
2017-05-31,0.00145025,112.7871,1,0.019645,200.235980,0.00892529,47.1265,1,0.041701,320.385790
2017-06-01,-0.00358091,112.4291,1,0.024901,220.792470,-0.01073046,46.0534,1,0.030696,221.469930
2017-06-02,0.00475561,112.9046,1,0.028289,203.029230,-0.00024616,46.0288,0,0.000000,0.000000
2017-06-05,0.00082366,112.9870,1,0.021054,181.042630,-0.00312406,45.7164,1,0.046536,303.853201
2017-06-06,-0.00235545,112.7514,1,0.036795,239.773100,-0.00093801,45.6226,1,0.053321,359.582470
2017-06-07,-0.00025558,112.7259,1,0.035088,220.221930,-0.00267766,45.3548,1,0.048516,320.580140
2017-06-08,-0.00833142,111.8927,1,0.030602,180.540150,0.00886273,46.2411,1,0.040787,281.209650
2017-06-09,0.01136714,113.0295,1,0.038376,221.283120,0.00125937,46.3671,1,0.037513,281.349200
2017-06-12,-0.00990301,112.0392,1,0.034721,260.535010,0.01470782,47.8378,1,0.042088,321.446230
2017-06-13,0.00559139,112.5983,1,0.017231,121.305380,-0.00636375,47.2015,1,0.042855,221.539230
2017-06-14,0.00717324,113.3156,1,0.025656,261.797030,0.00111595,47.3131,1,0.043975,321.724080
2017-06-15,0.00176195,113.4918,1,0.031535,259.940980,0.00604948,47.9180,1,0.040912,320.283350
2017-06-16,-0.00567911,112.9239,1,0.025891,200.625410,0.00311464,48.2295,1,0.040026,261.267740
2017-06-19,0.00432847,113.3567,1,0.018693,181.667740,-0.00457130,47.7723,1,0.032010,302.325590
2017-06-20,-0.00837255,112.5195,1,0.017765,181.436800,0.00492497,48.2648,1,0.041023,361.169740
2017-06-21,-0.00431926,112.0876,1,0.023936,201.069210,0.00342114,48.6069,1,0.037736,300.275700
2017-06-22,-0.00430843,111.6567,1,0.033613,221.102550,0.00518580,49.1255,1,0.037570,260.668830
2017-06-23,-0.00202013,111.4547,1,0.008683,81.139610,0.00569234,49.6948,1,0.033426,261.190450
2017-06-26,0.00680111,112.1348,1,0.018569,161.026650,-0.01650124,48.0446,1,0.030764,281.450880
2017-06-27,0.00489203,112.6240,1,0.020447,200.658120,0.00932640,48.9773,1,0.045540,360.707300
2017-06-28,-0.00485323,112.1387,1,0.021523,200.075490,0.00842666,49.8199,1,0.045004,259.999220
2017-06-29,-0.00582046,111.5567,1,0.020026,201.503520,0.00106788,49.9267,1,0.040942,282.726790
2017-06-30,-0.00484325,111.0723,1,0.023675,140.725040,0.00617364,50.5441,1,0.043326,338.703450
2017-07-03,-0.01969892,109.1024,1,0.033152,260.900590,0.00422962,50.9671,1,0.043588,301.089070
2017-07-05,0.01901998,111.0044,1,0.030152,162.652940,-0.02291587,48.6755,1,0.061547,321.067810
2017-07-06,-0.00600618,110.4038,1,0.041508,280.647370,0.00608983,49.2845,1,0.044867,380.330720
2017-07-07,-0.00513903,109.8899,1,0.021123,180.960270,0.00932654,50.2171,0,0.000000,0.000000
2017-07-10,-0.00271978,109.6179,1,0.030808,201.857420,0.01342735,51.5598,0,0.000000,0.000000
2017-07-11,0.00330526,109.9485,1,0.030514,220.380810,-0.00111865,51.4480,1,0.026385,203.028988
2017-07-12,-0.00016406,109.9321,1,0.037586,280.179760,0.03164705,54.6127,1,0.041535,320.069720
2017-07-13,0.00373025,110.3051,1,0.030785,261.621120,0.00201232,54.8139,0,0.000000,0.000000
2017-07-14,-0.00284666,110.0204,1,0.036416,321.118450,0.00573074,55.3870,1,0.042206,325.664658
2017-07-17,0.00387103,110.4075,1,0.025167,241.250670,-0.00470182,54.9168,1,0.040382,301.861220
2017-07-18,0.00324368,110.7319,1,0.044012,280.417350,-0.00829369,54.0874,1,0.051609,340.340920
2017-07-19,-0.01466919,109.2650,1,0.023429,220.680060,0.01170645,55.2581,1,0.037205,340.399720
2017-07-20,-0.00436920,108.8280,1,0.021770,162.584370,0.00458945,55.7170,0,0.000000,0.000000
2017-07-21,-0.00163761,108.6643,1,0.028041,220.973670,0.00204549,55.9216,1,0.033031,222.830675
2017-07-24,0.01096792,109.7611,1,0.021558,180.380020,-0.00815615,55.1060,1,0.034765,300.799120
2017-07-25,0.00247430,110.0085,1,0.031640,239.321710,-0.00222523,54.8834,1,0.035473,319.435910
2017-07-26,-0.00375077,109.6334,1,0.030557,241.537310,0.00052312,54.9358,1,0.039618,321.520690
2017-07-27,0.00508543,110.1420,1,0.026487,221.026820,-0.00997693,53.9381,1,0.045893,340.717850
2017-07-28,0.00879711,111.0217,1,0.024779,200.185330,-0.01411883,52.5262,1,0.044753,339.721080
2017-07-31,-0.00070364,110.9513,1,0.050164,180.017250,-0.00310202,52.2160,1,0.064842,299.286330
2017-08-01,-0.00437809,110.5135,1,0.021389,200.521280,0.00568834,52.7848,1,0.029746,299.988520
2017-08-02,-0.01053932,109.4596,1,0.035612,180.877760,0.00550236,53.3350,1,0.044954,280.940520
2017-08-03,-0.00552679,108.9069,1,0.021079,161.230340,0.00401985,53.7370,1,0.040955,300.735270
2017-08-04,0.00213222,109.1201,1,0.017608,140.626340,-0.00765632,52.9714,1,0.043602,280.318740
2017-08-07,-0.00289801,108.8303,1,0.027671,220.990310,-0.00069493,52.9019,1,0.055243,360.457190
2017-08-08,-0.00440012,108.3903,1,0.026212,201.230370,-0.00427375,52.4745,1,0.038425,280.825250
2017-08-09,-0.00316245,108.0741,1,0.027005,200.642800,0.00803007,53.2775,1,0.044203,299.642270
2017-08-10,-0.00545744,107.5283,1,0.026634,200.601520,0.01388128,54.6657,1,0.030612,281.318850
2017-08-11,0.00555021,108.0833,1,0.015719,141.442350,-0.00911268,53.7544,1,0.036398,279.623540
2017-08-14,-0.00879980,107.2034,1,0.026380,261.064240,0.00317710,54.0721,1,0.043620,340.716230
2017-08-15,-0.00102831,107.1005,1,0.014341,162.555520,-0.00145627,53.9265,0,0.000000,0.000000
2017-08-16,0.00460341,107.5609,1,0.028259,220.397470,-0.00424803,53.5017,1,0.043373,362.289708
2017-08-17,0.00090445,107.6513,1,0.033565,281.323260,0.00359020,53.8607,1,0.047530,381.066690
2017-08-18,-0.00315835,107.3355,1,0.041295,279.192750,-0.00114023,53.7467,0,0.000000,0.000000
2017-08-21,-0.00160521,107.1750,1,0.019821,180.557780,-0.00635435,53.1112,1,0.038195,317.891042
2017-08-22,-0.00554935,106.6200,1,0.031995,240.667160,-0.00253589,52.8576,1,0.035689,340.654380
2017-08-23,0.00566020,107.1860,1,0.030110,202.119160,-0.00618173,52.2395,1,0.039893,341.598660
2017-08-24,0.00309114,107.4952,1,0.030916,240.024810,-0.00504210,51.7353,1,0.038810,359.762620
2017-08-25,-0.00738641,106.7565,1,0.030341,240.331750,0.00603837,52.3391,1,0.040993,360.124200
2017-08-28,0.00651608,107.4081,1,0.029712,241.464260,-0.00634997,51.7041,1,0.036247,281.211710
2017-08-29,-0.00108230,107.2999,1,0.035700,260.457040,-0.00883134,50.8210,1,0.046754,360.103370
2017-08-30,-0.00579369,106.7205,1,0.017219,180.580150,0.00135732,50.9567,1,0.048818,299.200560
2017-08-31,-0.00181925,106.5386,1,0.024545,201.588810,0.00123863,51.0806,1,0.050817,321.459330
2017-09-01,0.00438582,106.9772,1,0.028158,181.598580,-0.00493686,50.5869,1,0.043476,301.026000
2017-09-05,0.00413260,107.3904,1,0.027160,260.158560,-0.00017755,50.5691,1,0.045815,340.530670
2017-09-06,0.00101066,107.4915,1,0.032534,239.903160,-0.00057764,50.5114,1,0.041744,319.739600
2017-09-07,0.00656610,108.1481,1,0.035550,260.481560,-0.00602705,49.9087,1,0.039115,320.423080
2017-09-08,0.01027296,109.1754,1,0.037024,240.824940,-0.02192121,47.7165,1,0.048071,360.608390
2017-09-11,0.01765033,110.9405,1,0.036487,201.241360,0.01380386,49.0969,1,0.054784,379.590910
2017-09-12,-0.00325076,110.6154,1,0.035496,281.304820,-0.00525088,48.5718,0,0.000000,0.000000
2017-09-13,-0.01561394,109.0540,1,0.032074,261.420880,-0.00382472,48.1894,1,0.053312,382.012768
2017-09-14,-0.00452273,108.6017,1,0.020983,141.077140,0.01225784,49.4151,1,0.037186,298.429360
2017-09-15,-0.01177825,107.4239,1,0.028345,201.129350,0.01032378,50.4475,1,0.039702,281.415590
2017-09-18,0.00986008,108.4099,1,0.022852,141.815200,-0.00990158,49.4574,1,0.029768,261.681360
2017-09-19,-0.00034686,108.3752,1,0.031286,241.248860,0.00953222,50.4106,1,0.035738,320.996470
2017-09-20,0.00778032,109.1532,1,0.031928,221.451820,-0.00296665,50.1139,1,0.036125,281.610040
2017-09-21,0.00214089,109.3673,1,0.026201,220.700240,0.00312006,50.4259,1,0.038224,341.034960
2017-09-22,-0.00901083,108.4662,1,0.017313,220.295570,0.00916739,51.3427,1,0.028511,280.277090
2017-09-25,0.01051414,109.5177,1,0.026836,242.006170,-0.00840367,50.5023,1,0.034237,301.998750
2017-09-26,0.00421367,109.9390,1,0.031993,260.147010,0.00015565,50.5179,1,0.037545,340.342030
2017-09-27,-0.00491984,109.4470,1,0.035814,281.105360,0.01122158,51.6400,1,0.037572,301.390330
2017-09-28,0.00175816,109.6229,1,0.020984,203.140530,-0.00468322,51.1717,1,0.022672,222.534610
2017-09-29,0.00289924,109.9128,1,0.031066,180.285060,-0.00477420,50.6943,1,0.048020,340.488330
2017-10-02,0.00947391,110.8602,1,0.041509,320.985730,-0.01183218,49.5111,1,0.039538,340.838660
2017-10-03,-0.00228371,110.6318,1,0.028601,200.057500,0.00169056,49.6801,1,0.056614,400.738320
2017-10-04,0.00440642,111.0724,1,0.028488,221.093650,-0.00720261,48.9599,1,0.030051,281.281410
2017-10-05,-0.00085029,110.9874,1,0.029399,261.716290,0.00160544,49.1204,1,0.040636,341.687630
2017-10-06,-0.00578796,110.4086,1,0.027216,220.952110,0.00562322,49.6827,1,0.032408,281.196060
2017-10-09,-0.00025834,110.3828,1,0.026864,200.924940,0.00033136,49.7159,1,0.034334,300.792810
2017-10-10,0.00462499,110.8453,1,0.025841,200.312690,0.00106407,49.8223,1,0.036103,320.211150
2017-10-11,-0.00256641,110.5886,1,0.031021,240.538180,-0.00216386,49.6059,1,0.038436,321.198070
2017-10-12,0.00597733,111.1864,1,0.021867,180.680820,0.00233567,49.8394,1,0.038403,340.838970
2017-10-13,-0.00809132,110.3772,1,0.026582,240.134860,-0.00054924,49.7845,1,0.035474,320.664810
2017-10-16,-0.00376152,110.0011,1,0.018912,181.219670,0.00598995,50.3835,1,0.033725,321.027110
2017-10-17,0.00520546,110.5216,1,0.021254,141.162840,-0.00652926,49.7306,1,0.037726,300.943520
2017-10-18,0.00333434,110.8551,1,0.026366,180.381800,-0.00916005,48.8146,1,0.037025,280.309420
2017-10-19,-0.00170666,110.6844,1,0.031886,261.005020,0.00232984,49.0476,1,0.048086,400.965380
2017-10-20,-0.00275366,110.4090,1,0.021486,161.101040,0.00621663,49.6692,1,0.039407,321.228990
2017-10-23,-0.00058975,110.3501,1,0.028935,181.493900,-0.01237343,48.4319,1,0.041053,282.127710
2017-10-24,-0.00546389,109.8037,1,0.020339,160.400560,-0.01262291,47.1696,1,0.047341,338.948210
2017-10-25,0.00082435,109.8861,1,0.027875,200.920750,-0.00005009,47.1646,1,0.042609,341.450050
2017-10-26,0.02246767,112.1329,1,0.035423,239.804970,-0.01816292,45.3483,1,0.042712,319.484340
2017-10-27,-0.02347765,109.7851,1,0.019955,223.190770,0.02996878,48.3452,1,0.031422,322.932860
2017-10-30,-0.00169481,109.6156,1,0.017021,164.238890,-0.00738090,47.6071,1,0.027680,264.468020
2017-10-31,0.00770497,110.3861,1,0.018963,121.573020,-0.00182112,47.4250,1,0.043502,339.560950
2017-11-01,0.01486898,111.8730,1,0.019692,182.125840,-0.01148984,46.2760,1,0.036374,303.165010
2017-11-02,-0.00463380,111.4096,1,0.044840,199.415930,0.00491041,46.7670,1,0.049679,339.397890
2017-11-03,0.00298523,111.7082,1,0.026037,202.264800,0.00736252,47.5033,1,0.032088,281.758640
2017-11-06,-0.00066154,111.6420,1,0.036024,241.261900,-0.00576942,46.9263,1,0.037492,301.788320
2017-11-07,0.00216618,111.8586,1,0.015512,160.483330,-0.00029459,46.8969,1,0.029299,279.948450
2017-11-08,0.00861060,112.7197,1,0.013920,160.531510,-0.00088671,46.8082,1,0.028011,300.981760
2017-11-09,0.00431998,113.1517,1,0.023052,220.109460,-0.00656173,46.1520,1,0.027723,301.261680
2017-11-10,-0.00263179,112.8885,1,0.036519,239.876970,-0.00428453,45.7236,1,0.037813,359.573350
2017-11-13,-0.01137329,111.7512,1,0.028959,240.559260,0.00183912,45.9075,1,0.037578,359.706660
2017-11-14,0.00143735,111.8949,1,0.014215,142.379790,0.00042584,45.9501,1,0.025696,302.225710
2017-11-15,-0.00427265,111.4677,1,0.026985,180.584590,0.00494743,46.4448,1,0.034647,320.572840
2017-11-16,0.00748348,112.2160,1,0.027792,239.890700,-0.00678680,45.7661,1,0.030170,299.748690
2017-11-17,-0.00262095,111.9539,1,0.026505,261.491060,-0.00012209,45.7539,1,0.031499,322.242550
2017-11-20,-0.00398066,111.5558,1,0.020306,200.762730,0.00435480,46.1894,1,0.039160,340.621650
2017-11-21,-0.01062348,110.4935,1,0.009878,120.802140,0.00752393,46.9418,1,0.029487,260.947360
2017-11-22,-0.00055847,110.4376,1,0.014217,161.499790,-0.00456437,46.4854,1,0.026827,281.206800
2017-11-24,0.00134472,110.5721,1,0.027698,180.155510,-0.00266251,46.2191,1,0.043951,299.649230
2017-11-27,0.00750964,111.3231,1,0.046676,240.519630,-0.00886246,45.3329,1,0.058116,320.632600
2017-11-28,0.00026763,111.3498,1,0.036807,279.951940,0.00387677,45.7205,1,0.040083,359.853610
2017-11-29,-0.00906984,110.4429,1,0.036114,262.477190,0.00309080,46.0296,1,0.044660,362.208720
2017-11-30,0.00041551,110.4844,1,0.019379,182.400170,0.00296905,46.3265,1,0.032155,302.609980
2017-12-01,0.00428430,110.9128,1,0.026070,181.182370,-0.00297071,46.0295,1,0.038751,301.452680
2017-12-04,-0.02566828,108.3460,1,0.023418,200.522100,0.01158016,47.1875,1,0.042304,319.787760
2017-12-05,0.00546871,108.8929,1,0.018109,162.070750,-0.00591713,46.5958,1,0.030213,282.023240
2017-12-06,0.00879574,109.7725,1,0.030546,259.975160,-0.00205094,46.3907,1,0.034714,319.560580
2017-12-07,-0.00337572,109.4349,1,0.031362,259.689580,0.00527931,46.9186,1,0.035459,320.321200
2017-12-08,-0.00286028,109.1489,1,0.029928,221.428330,-0.00184082,46.7345,1,0.041832,301.742810
2017-12-11,-0.00456183,108.6927,1,0.027003,201.218480,0.00275066,47.0096,1,0.043984,301.224030
2017-12-12,0.00190408,108.8831,1,0.019822,200.837240,-0.00048232,46.9614,1,0.038802,320.602730
2017-12-13,-0.00414308,108.4688,1,0.035278,260.431930,0.00090369,47.0517,1,0.043861,359.846850
2017-12-14,-0.00637548,107.8312,1,0.022248,220.889290,0.00005637,47.0574,1,0.037263,320.411870
2017-12-15,0.00260740,108.0920,1,0.018260,160.529180,-0.00235414,46.8219,1,0.035024,279.867700
2017-12-18,-0.01496334,106.5956,1,0.024274,202.784640,-0.01029816,45.7921,0,0.000000,0.000000
2017-12-19,-0.01878406,104.7172,1,0.010646,101.756840,0.00723298,46.5154,1,0.039782,362.964177
2017-12-20,-0.00151868,104.5654,1,0.011178,122.090300,0.00257565,46.7730,1,0.025135,260.503080
2017-12-21,-0.00152168,104.4132,1,0.015058,160.909570,0.00109115,46.8821,1,0.030355,280.985980
2017-12-22,0.00122537,104.5357,1,0.023773,200.484470,-0.00389151,46.4930,1,0.041241,321.238090
2017-12-26,-0.00136694,104.3990,1,0.027124,201.080010,-0.00144765,46.3482,1,0.038845,321.055370
2017-12-27,0.00406617,104.8057,1,0.023963,180.149630,-0.00407220,45.9410,1,0.033200,319.720880
2017-12-28,-0.00060127,104.7455,1,0.022007,200.681980,-0.00326376,45.6146,1,0.043266,360.514540
2017-12-29,0.00049045,104.7946,1,0.018115,160.645240,0.00444055,46.0587,1,0.033915,320.710510
2018-01-02,-0.01026481,103.7681,0,0.000000,0.000000,-0.00837001,45.2217,1,0.031881,299.600390
2018-01-03,0.00071878,103.8400,1,0.032872,261.913406,0.00253667,45.4753,1,0.040933,343.281800
2018-01-04,-0.00530535,103.3094,1,0.020725,200.975270,0.00977940,46.4533,1,0.039940,320.588060
2018-01-05,0.00023543,103.3330,1,0.018417,181.557130,0.00266578,46.7198,1,0.035982,301.383060
2018-01-08,0.00128672,103.4617,1,0.023288,221.885840,0.00162078,46.8819,1,0.041142,321.464680
2018-01-09,-0.00600449,102.8612,1,0.021769,201.273900,-0.00986406,45.8955,1,0.035516,261.192120
2018-01-10,-0.00706288,102.1549,1,0.025628,220.487580,0.01419493,47.3150,1,0.038367,379.544050
2018-01-11,-0.01870987,100.2839,0,0.000000,0.000000,0.00915069,48.2301,1,0.025601,220.964660
2018-01-12,-0.01693327,98.5906,1,0.021167,163.146073,0.01872340,50.1024,1,0.027620,262.856110
2018-01-16,0.00936471,99.5271,1,0.016399,142.444400,-0.01016090,49.0863,1,0.026850,201.898040
2018-01-17,-0.00396570,99.1305,0,0.000000,0.000000,0.00107403,49.1937,1,0.046917,379.179280
2018-01-18,-0.00402169,98.7283,1,0.029619,261.240633,-0.00703896,48.4898,0,0.000000,0.000000
2018-01-19,0.00259540,98.9879,1,0.030990,201.243550,0.00166818,48.6566,1,0.040692,341.670795
2018-01-22,-0.00711018,98.2769,1,0.033898,242.037850,-0.00614447,48.0422,1,0.041437,322.560190
2018-01-23,0.00558672,98.8355,0,0.000000,0.000000,-0.00201536,47.8407,1,0.032956,261.754270
2018-01-24,-0.00179219,98.6563,0,0.000000,0.000000,-0.00363495,47.4772,1,0.032175,261.570200
2018-01-25,0.00472318,99.1286,0,0.000000,0.000000,-0.00230329,47.2468,1,0.027329,300.264360
2018-01-26,-0.00536160,98.5925,0,0.000000,0.000000,-0.01903421,45.3434,1,0.039351,360.970340
2018-01-29,-0.00504416,98.0880,1,0.031126,263.305180,0.00485400,45.8288,1,0.051350,382.328130
2018-01-30,0.00747502,98.8355,0,0.000000,0.000000,-0.00532725,45.2961,1,0.037485,319.412910
2018-01-31,0.00519931,99.3555,0,0.000000,0.000000,0.01049286,46.3454,1,0.038684,358.936440
2018-02-01,-0.00310824,99.0447,0,0.000000,0.000000,-0.01825597,44.5198,1,0.041077,301.152110
2018-02-02,0.01276682,100.3213,0,0.000000,0.000000,-0.02545622,41.9742,1,0.046992,359.189880
2018-02-05,0.00785028,101.1064,0,0.000000,0.000000,-0.01133826,40.8403,0,0.000000,0.000000
2018-02-06,0.00310635,101.4170,0,0.000000,0.000000,0.02057406,42.8977,0,0.000000,0.000000
2018-02-07,-0.00061043,101.3560,1,0.045833,295.036964,0.00224105,43.1218,1,0.034755,257.021100
2018-02-08,0.00132631,101.4886,0,0.000000,0.000000,-0.00771961,42.3499,1,0.042121,340.356020
2018-02-09,-0.00855094,100.6335,0,0.000000,0.000000,-0.00898062,41.4518,0,0.000000,0.000000
2018-02-12,0.00960801,101.5943,1,0.026809,239.731614,-0.00164548,41.2873,0,0.000000,0.000000
2018-02-13,0.00152191,101.7465,1,0.036919,282.183130,-0.00368033,40.9192,1,0.049203,338.112043
2018-02-14,-0.00758802,100.9877,0,0.000000,0.000000,-0.00014906,40.9043,1,0.048006,360.262130
2018-02-15,0.00903419,101.8911,1,0.025871,184.542840,-0.01288719,39.6156,1,0.038099,323.565700
2018-02-16,0.00575254,102.4664,0,0.000000,0.000000,0.00962387,40.5780,1,0.046263,383.241040
2018-02-20,-0.01204190,101.2622,0,0.000000,0.000000,-0.01378350,39.1997,1,0.029610,261.258130
2018-02-21,-0.00535330,100.7268,0,0.000000,0.000000,0.00681154,39.8808,1,0.050516,378.999080
2018-02-22,0.01114055,101.8409,0,0.000000,0.000000,-0.01336253,38.5446,1,0.048483,319.666190
2018-02-23,-0.00217903,101.6230,0,0.000000,0.000000,-0.00741323,37.8032,1,0.045253,380.409750
2018-02-26,0.00487746,102.1107,0,0.000000,0.000000,0.00095587,37.8988,0,0.000000,0.000000
2018-02-27,-0.00479480,101.6313,1,0.040890,326.550240,0.00559132,38.4580,1,0.033758,323.632378
2018-02-28,0.02337070,103.9683,0,0.000000,0.000000,-0.02166782,36.2912,0,0.000000,0.000000
2018-03-01,-0.00386286,103.5820,1,0.029846,261.898593,-0.03073834,33.2173,0,0.000000,0.000000
2018-03-02,-0.00045506,103.5365,0,0.000000,0.000000,-0.01446524,31.7708,1,0.063774,379.435150
2018-03-05,-0.00332830,103.2037,1,0.037850,261.705590,0.00363065,32.1339,1,0.042835,342.107090
2018-03-06,0.00491685,103.6954,1,0.027755,222.998200,0.00017294,32.1512,0,0.000000,0.000000
2018-03-07,-0.00960195,102.7352,1,0.034775,241.433180,-0.00073449,32.0777,1,0.044749,344.364677
2018-03-08,0.00184065,102.9193,1,0.024115,241.566160,-0.00098443,31.9793,1,0.026403,239.398380
2018-03-09,-0.00466217,102.4530,0,0.000000,0.000000,0.00878643,32.8579,1,0.044657,300.610280
2018-03-12,0.00494363,102.9474,1,0.022877,243.359223,0.01190997,34.0489,0,0.000000,0.000000
2018-03-13,0.00694295,103.6417,0,0.000000,0.000000,0.00025913,34.0748,1,0.030117,243.748688
2018-03-14,0.01014668,104.6564,0,0.000000,0.000000,0.00777200,34.8520,1,0.039960,339.496630
2018-03-15,-0.00763117,103.8933,1,0.027217,298.614401,0.00553459,35.4055,1,0.030991,300.336840
2018-03-16,-0.00680079,103.2132,0,0.000000,0.000000,0.00405168,35.8107,1,0.028382,300.800810
2018-03-19,-0.00923768,102.2894,1,0.017218,202.293772,0.00514812,36.3255,1,0.029588,261.185770
2018-03-20,-0.00723793,101.5656,0,0.000000,0.000000,0.00190354,36.5158,0,0.000000,0.000000
2018-03-21,0.00289365,101.8550,1,0.022095,180.949014,-0.00257772,36.2581,1,0.034852,299.930127
2018-03-22,0.01213637,103.0686,1,0.024673,180.697080,-0.00562800,35.6953,1,0.038280,340.124440
2018-03-23,0.00995488,104.0641,0,0.000000,0.000000,0.01667676,37.3629,1,0.044234,357.076820
2018-03-26,-0.00855294,103.2088,0,0.000000,0.000000,-0.02485674,34.8773,0,0.000000,0.000000
2018-03-27,0.02479696,105.6885,1,0.027194,221.590166,0.03233759,38.1110,0,0.000000,0.000000
2018-03-28,-0.00411218,105.2773,1,0.048158,377.873550,0.01314667,39.4257,1,0.021193,161.152266
2018-03-29,0.01640308,106.9176,1,0.022292,200.793060,-0.01567464,37.8582,1,0.032434,281.528360
2018-04-02,0.00681368,107.5990,1,0.035622,342.315340,-0.00927026,36.9312,1,0.047856,382.334070
2018-04-03,-0.00070426,107.5285,1,0.031326,258.149210,0.01507461,38.4387,0,0.000000,0.000000
2018-04-04,0.00245574,107.7741,1,0.034136,303.278940,0.00127215,38.5659,0,0.000000,0.000000
2018-04-05,0.00512176,108.2863,1,0.027364,262.050390,0.00254460,38.8203,0,0.000000,0.000000
2018-04-06,0.00297807,108.5841,1,0.033723,261.257800,-0.00098032,38.7223,1,0.031152,282.936105
2018-04-09,0.00161932,108.7460,1,0.032828,238.857310,0.00674995,39.3973,0,0.000000,0.000000
2018-04-10,0.00600061,109.3461,1,0.039309,280.705680,-0.00340669,39.0566,1,0.036759,259.526949
2018-04-11,0.00291206,109.6373,1,0.034664,303.310310,-0.00345082,38.7115,1,0.044382,323.680850
2018-04-12,0.00298833,109.9361,1,0.033877,279.677910,-0.01520877,37.1907,1,0.041487,359.589240
2018-04-13,0.01102469,111.0386,1,0.032761,241.546630,-0.01673994,35.5167,1,0.047154,381.773790
2018-04-16,0.00032683,111.0713,0,0.000000,0.000000,0.00005578,35.5222,1,0.047942,399.748920
2018-04-17,-0.00600787,110.4705,1,0.030217,221.925137,-0.01053688,34.4686,0,0.000000,0.000000
2018-04-18,-0.01172680,109.2978,1,0.023190,181.943570,-0.00686234,33.7823,0,0.000000,0.000000
2018-04-19,0.00512011,109.8098,1,0.017419,161.335730,-0.00198373,33.5840,1,0.044013,384.018741
2018-04-20,-0.00509043,109.3008,0,0.000000,0.000000,0.00135282,33.7192,1,0.034108,319.545780
2018-04-23,0.00084749,109.3855,0,0.000000,0.000000,-0.00600213,33.1190,0,0.000000,0.000000
2018-04-24,0.01396599,110.7821,0,0.000000,0.000000,0.00909900,34.0289,1,0.037010,281.473352
2018-04-25,-0.01640815,109.1413,0,0.000000,0.000000,-0.01869762,32.1592,1,0.033232,320.448670
2018-04-26,0.00286939,109.4283,0,0.000000,0.000000,0.02082787,34.2419,1,0.035013,300.053830
2018-04-27,-0.00369604,109.0586,0,0.000000,0.000000,0.01755336,35.9973,1,0.033744,243.389140
2018-04-30,0.00518115,109.5768,0,0.000000,0.000000,-0.00343590,35.6537,1,0.025710,222.522740
2018-05-01,-0.00004974,109.5718,0,0.000000,0.000000,-0.00467252,35.1864,1,0.037222,279.739280
2018-05-02,0.00172978,109.7448,0,0.000000,0.000000,-0.00110640,35.0758,1,0.043760,340.938970
2018-05-03,0.00128662,109.8734,1,0.031878,275.408900,0.00596727,35.6725,1,0.036963,320.156620
2018-05-04,0.00962490,110.8359,1,0.030820,220.537300,-0.00640616,35.0319,1,0.042086,281.046430
2018-05-07,-0.00735044,110.1009,1,0.032534,283.486590,0.00550201,35.5821,0,0.000000,0.000000
2018-05-08,-0.01162258,108.9386,1,0.017308,161.371190,0.00144049,35.7262,1,0.037491,284.394026
2018-05-09,-0.00920724,108.0179,1,0.018614,141.253270,0.02089708,37.8159,1,0.037572,320.898100
2018-05-10,-0.00004003,108.0139,1,0.018293,162.084630,-0.00576444,37.2394,1,0.022884,162.903820
2018-05-11,-0.00201480,107.8124,1,0.023160,221.917350,-0.00389658,36.8498,0,0.000000,0.000000
2018-05-14,-0.00314953,107.4975,1,0.024763,220.911240,0.00430255,37.2800,1,0.041125,342.036648
2018-05-15,-0.00274346,107.2231,1,0.017306,160.745750,0.00279347,37.5594,1,0.038413,280.537520
2018-05-16,-0.01021012,106.2021,1,0.022222,180.702980,0.00062191,37.6216,1,0.029299,259.764280
2018-05-17,-0.00307104,105.8950,1,0.014944,141.333910,0.00089342,37.7109,1,0.042938,301.284650
2018-05-18,0.00088641,105.9836,1,0.015439,161.751140,0.00294424,38.0053,1,0.029836,281.313820
2018-05-21,-0.01103202,104.8804,1,0.018612,200.507360,0.01072998,39.0783,1,0.043372,320.392900
2018-05-22,0.00415585,105.2960,1,0.018785,202.764590,-0.00040177,39.0381,1,0.029967,322.594210
2018-05-23,0.00512760,105.8088,1,0.033320,279.926250,0.00102104,39.1403,1,0.040926,320.089650
2018-05-24,-0.00648748,105.1600,1,0.028698,240.405520,0.00128965,39.2692,1,0.038525,320.394310
2018-05-25,-0.01249042,103.9110,1,0.027012,201.408030,0.00940682,40.2099,1,0.036038,301.524150
2018-05-29,-0.01211753,102.6992,1,0.019333,200.261750,0.01177192,41.3871,1,0.032568,241.058960
2018-05-30,0.00495035,103.1943,1,0.017045,161.220400,-0.01080003,40.3071,0,0.000000,0.000000
2018-05-31,0.00322830,103.5171,1,0.031470,302.547440,-0.01597165,38.7099,0,0.000000,0.000000
2018-06-01,0.00451100,103.9682,1,0.031220,259.580580,-0.00635322,38.0746,0,0.000000,0.000000
2018-06-04,0.00337348,104.3055,1,0.032992,322.128200,0.00818478,38.8931,1,0.037082,319.775997
2018-06-05,-0.00257758,104.0478,0,0.000000,0.000000,0.00675253,39.5683,1,0.026727,260.785420
2018-06-06,-0.00649637,103.3982,0,0.000000,0.000000,0.01217671,40.7860,1,0.032559,280.408940
2018-06-07,0.00875666,104.2738,1,0.029454,244.851171,-0.00293980,40.4920,1,0.037260,262.548090
2018-06-08,0.00764993,105.0388,1,0.029227,239.720580,-0.00529800,39.9622,1,0.042240,320.485040
2018-06-11,0.00219641,105.2585,0,0.000000,0.000000,-0.00304461,39.6578,1,0.034681,320.680940
2018-06-12,-0.00250452,105.0080,0,0.000000,0.000000,-0.00774516,38.8832,1,0.030076,320.545460
2018-06-13,-0.00371373,104.6366,0,0.000000,0.000000,0.01286479,40.1697,1,0.038001,341.907140
2018-06-14,-0.00115639,104.5210,1,0.030689,262.587951,0.00300601,40.4703,1,0.026149,241.250280
2018-06-15,0.00101182,104.6222,1,0.021908,201.810270,0.00432834,40.9032,1,0.032186,281.463650
2018-06-18,-0.00523822,104.0983,1,0.024282,241.734070,-0.00424873,40.4783,1,0.028563,301.345780
2018-06-19,-0.00297671,103.8007,0,0.000000,0.000000,0.00916866,41.3951,1,0.040564,320.369730
2018-06-20,-0.00454132,103.3465,0,0.000000,0.000000,0.00727750,42.1229,1,0.028940,240.928050
2018-06-21,0.00492584,103.8391,0,0.000000,0.000000,-0.00070183,42.0527,1,0.037033,281.185110
2018-06-22,-0.00350391,103.4887,1,0.036591,280.743566,0.00575209,42.6279,1,0.030171,299.757130
2018-06-25,0.00921976,104.4107,0,0.000000,0.000000,0.00466355,43.0943,1,0.037525,301.453300
2018-06-26,0.00463235,104.8739,1,0.039585,298.885011,-0.00620143,42.4741,1,0.034483,279.123280
2018-06-27,-0.01461312,103.4126,0,0.000000,0.000000,0.00089265,42.5634,1,0.043005,380.785760
2018-06-28,0.00545287,103.9579,1,0.016693,180.662065,-0.00404960,42.1584,1,0.035360,299.212770
2018-06-29,0.00196216,104.1541,0,0.000000,0.000000,-0.00062278,42.0962,1,0.032958,341.437340
2018-07-02,0.00552828,104.7070,1,0.034102,262.243758,-0.00748162,41.3480,1,0.039542,339.793300
2018-07-03,0.00853162,105.5601,1,0.034338,240.796090,-0.00762228,40.5858,1,0.051528,340.984120
2018-07-05,0.00209246,105.7694,1,0.049624,280.381840,-0.00255401,40.3304,1,0.065881,379.535260
2018-07-06,-0.00443735,105.3256,1,0.026055,242.265130,-0.00425322,39.9051,0,0.000000,0.000000
2018-07-09,0.00200473,105.5261,1,0.027487,182.036720,-0.00910467,38.9946,0,0.000000,0.000000
2018-07-10,0.00303412,105.8295,1,0.016638,182.183320,-0.00740758,38.2538,1,0.042898,344.691237
2018-07-11,0.00206058,106.0356,1,0.032352,280.677170,-0.00947278,37.3065,1,0.038038,360.519800
2018-07-12,0.00775473,106.8111,1,0.029167,259.660310,-0.00871285,36.4353,1,0.036035,358.744380
2018-07-13,0.00272688,107.0837,1,0.039262,341.771380,-0.00109189,36.3261,1,0.040079,381.273350
2018-07-16,-0.00045954,107.0378,1,0.040094,260.804010,0.00096507,36.4226,1,0.041073,340.398890
2018-07-17,-0.00055028,106.9828,1,0.022038,180.348600,-0.00266923,36.1557,1,0.038343,320.049620
2018-07-18,0.00066168,107.0489,1,0.022912,202.002330,0.00343799,36.4995,1,0.036761,341.489800
2018-07-19,0.01705219,108.7541,1,0.019851,181.381080,-0.02476332,34.0231,1,0.027892,320.624460
2018-07-20,0.00206117,108.9603,1,0.038923,301.917970,0.00907756,34.9309,1,0.043234,380.433340
2018-07-23,0.00637295,109.5976,0,0.000000,0.000000,0.00449800,35.3807,1,0.033130,280.792050
2018-07-24,0.00488092,110.0857,1,0.032228,260.761055,-0.00101093,35.2796,1,0.027743,320.973290
2018-07-25,0.00779021,110.8647,1,0.024419,240.902220,0.00353293,35.6329,1,0.030367,300.889230
2018-07-26,0.01507780,112.3725,1,0.028610,263.127940,0.01409257,37.0421,0,0.000000,0.000000
2018-07-27,-0.00713535,111.6589,1,0.038295,281.071250,0.01183464,38.2256,1,0.025356,264.392787
2018-07-30,-0.01012482,110.6464,1,0.025932,220.528800,0.02110461,40.3361,1,0.028599,320.831120
2018-07-31,0.00714750,111.3612,1,0.021820,201.724130,-0.00712026,39.6240,1,0.025906,222.325380
2018-08-01,0.01024250,112.3854,1,0.028450,262.398410,-0.01827102,37.7969,0,0.000000,0.000000
2018-08-02,-0.00005997,112.3794,1,0.030467,259.371520,0.00397614,38.1946,1,0.038746,360.389852
2018-08-03,0.00888816,113.2683,1,0.028994,202.005350,-0.00839170,37.3554,1,0.029410,242.487720
2018-08-06,0.00427498,113.6958,1,0.035522,281.044870,-0.00041681,37.3137,1,0.037411,341.055700
2018-08-07,0.00437594,114.1333,1,0.030576,261.625600,-0.00096873,37.2168,1,0.032273,301.643010
2018-08-08,0.00442126,114.5755,1,0.039714,261.320610,-0.01552062,35.6648,1,0.032432,321.811420
2018-08-09,-0.00051528,114.5239,0,0.000000,0.000000,-0.00097486,35.5673,1,0.039306,338.325710
2018-08-10,-0.00788465,113.7355,1,0.026015,260.865563,0.00515993,36.0833,1,0.035957,320.448340
2018-08-13,-0.00239849,113.4956,1,0.010679,141.648190,0.00335333,36.4186,1,0.024677,300.802550
2018-08-14,0.00355485,113.8511,1,0.020065,180.221850,-0.00585754,35.8328,1,0.033614,299.922070
2018-08-15,0.00617979,114.4691,1,0.030051,221.387190,0.01445111,37.2780,0,0.000000,0.000000
2018-08-16,-0.00067225,114.4019,0,0.000000,0.000000,0.00169894,37.4479,1,0.026286,261.299588
2018-08-17,-0.00264947,114.1369,1,0.035277,281.048979,0.00172332,37.6202,0,0.000000,0.000000
2018-08-20,-0.00641775,113.4952,1,0.023345,241.371170,-0.00354772,37.2654,0,0.000000,0.000000
2018-08-21,-0.00310968,113.1842,1,0.024968,141.246690,0.00618284,37.8837,1,0.042766,362.729045
2018-08-22,-0.00117981,113.0662,1,0.018211,201.308820,0.00185765,38.0695,1,0.026225,261.294750
2018-08-23,-0.00027475,113.0387,1,0.023565,260.105870,-0.00333122,37.7363,1,0.036172,339.514370
2018-08-24,-0.00156614,112.8821,1,0.025814,260.289130,-0.00427439,37.3089,1,0.028619,360.042150
2018-08-27,0.00061854,112.9440,1,0.023366,201.360060,0.00171320,37.4802,1,0.032690,281.421900
2018-08-28,-0.00148820,112.7951,1,0.023000,221.588060,0.00760469,38.2407,1,0.036321,341.187610
2018-08-29,-0.00480916,112.3142,1,0.022826,200.651360,0.00211824,38.4525,1,0.030336,261.001870
2018-08-30,-0.00302431,112.0118,1,0.028841,221.237330,-0.01419132,37.0334,1,0.044412,360.961580
2018-08-31,0.00363374,112.3752,0,0.000000,0.000000,0.00547492,37.5809,1,0.040638,337.675300
2018-09-04,-0.00032487,112.3427,0,0.000000,0.000000,0.00521226,38.1021,1,0.021864,280.988450
2018-09-05,0.01404175,113.7469,1,0.026545,221.029641,-0.01151782,36.9503,1,0.028112,241.463410
2018-09-06,-0.00290383,113.4565,1,0.022083,259.547620,-0.00163759,36.7866,1,0.034459,359.570250
2018-09-07,-0.00377435,113.0790,1,0.019325,241.701360,0.00015331,36.8019,1,0.028419,361.548400
2018-09-10,0.00627480,113.7065,1,0.019540,180.431010,0.00074783,36.8767,1,0.031457,319.767010
2018-09-11,-0.00149734,113.5568,1,0.033034,301.670360,-0.00034070,36.8426,1,0.027510,301.548100
2018-09-12,-0.00331789,113.2250,0,0.000000,0.000000,0.00259724,37.1023,1,0.027726,301.137160
2018-09-13,0.00846769,114.0718,1,0.031971,262.821616,0.00021605,37.1239,1,0.032015,301.361850
2018-09-14,-0.01168219,112.9035,1,0.033989,221.504220,-0.00820918,36.3030,0,0.000000,0.000000
2018-09-17,0.01509890,114.4134,0,0.000000,0.000000,-0.01078022,35.2250,1,0.037992,382.901826
2018-09-18,0.00300886,114.7143,1,0.030594,299.187498,-0.01290577,33.9344,1,0.028647,320.508210
2018-09-19,-0.00359936,114.3544,1,0.024626,240.945340,-0.00239864,33.6946,1,0.034894,360.674990
2018-09-20,-0.01162747,113.1916,1,0.023047,240.945150,0.00950307,34.6449,1,0.031573,339.876910
2018-09-21,-0.00393353,112.7983,1,0.016253,182.300160,-0.00207290,34.4376,0,0.000000,0.000000
2018-09-24,-0.00562209,112.2361,1,0.014959,201.102360,-0.00236520,34.2011,1,0.032660,361.959786
2018-09-25,0.00635578,112.8717,1,0.018162,181.490650,-0.00508398,33.6927,1,0.025078,280.418220
2018-09-26,-0.00371052,112.5006,0,0.000000,0.000000,0.00537858,34.2305,1,0.033562,320.882440
2018-09-27,0.00715564,113.2162,1,0.025816,220.255997,-0.01150579,33.0799,1,0.037949,260.277000
2018-09-28,-0.00653016,112.5632,1,0.024576,220.081980,0.01064169,34.1441,1,0.043891,379.730410
2018-10-01,0.00482605,113.0458,1,0.016015,161.720460,-0.01492475,32.6516,1,0.027525,281.775280
2018-10-02,0.00872920,113.9187,1,0.019580,200.102400,0.00772959,33.4246,1,0.041121,380.012470
2018-10-03,0.00924245,114.8429,1,0.013685,179.914140,-0.01210318,32.2143,1,0.032058,340.637480
2018-10-04,0.00045136,114.8881,1,0.025064,221.039350,-0.00864959,31.3493,1,0.041989,379.565860
2018-10-05,0.00143329,115.0314,1,0.017761,181.088620,0.00623359,31.9727,1,0.034891,339.843470
2018-10-08,-0.00687313,114.3441,1,0.027003,220.222370,0.00925955,32.8986,1,0.036475,300.221110
2018-10-09,0.00086534,114.4306,1,0.016466,161.541610,0.00084006,32.9826,1,0.030314,321.046170
2018-10-10,-0.01399551,113.0311,1,0.018631,141.435700,0.00886372,33.8690,1,0.036508,340.616180
2018-10-11,0.02143366,115.1744,1,0.022114,220.240280,-0.01311951,32.5570,0,0.000000,0.000000
2018-10-12,0.01936102,117.1105,1,0.021718,219.401520,0.00006218,32.5633,0,0.000000,0.000000
2018-10-15,0.00706482,117.8170,1,0.036238,342.874640,-0.01305005,31.2583,1,0.040155,314.899065
2018-10-16,0.00403339,118.2203,1,0.024821,200.656360,-0.00019501,31.2388,1,0.043781,379.696630
2018-10-17,-0.00220884,117.9995,1,0.022014,245.824300,0.00341030,31.5798,0,0.000000,0.000000
2018-10-18,-0.00398814,117.6006,1,0.028304,181.255310,0.00322287,31.9021,1,0.044673,304.643152
2018-10-19,-0.01502422,116.0982,1,0.027342,200.436910,0.01048937,32.9510,0,0.000000,0.000000
2018-10-22,-0.00295543,115.8027,1,0.014423,162.004420,-0.00862055,32.0890,1,0.024125,277.492549
2018-10-23,-0.00621721,115.1810,1,0.010831,121.258800,-0.01220844,30.8681,1,0.030224,340.267510
2018-10-24,-0.05398334,109.7826,1,0.011734,101.474690,0.03366119,34.2342,1,0.040751,338.433640
2018-10-25,0.01865490,111.6481,1,0.025600,183.863220,-0.04017339,30.2169,1,0.039569,239.432750
2018-10-26,-0.01706436,109.9417,1,0.036616,263.560550,0.02855881,33.0728,1,0.048719,342.183230
2018-10-29,-0.01119427,108.8223,1,0.020177,161.337180,-0.01846945,31.2258,0,0.000000,0.000000
2018-10-30,0.01648261,110.4705,1,0.028489,200.617270,-0.03503120,27.7227,1,0.066370,378.566015
2018-10-31,0.00353190,110.8237,1,0.028890,224.321210,-0.02558293,25.1644,0,0.000000,0.000000
2018-11-01,0.01247356,112.0711,1,0.017364,163.026180,0.01019043,26.1835,1,0.035117,348.035412
2018-11-02,-0.00377536,111.6935,1,0.026516,223.679020,0.00190057,26.3735,1,0.033613,322.587580
2018-11-05,0.00928017,112.6215,1,0.017663,160.833940,-0.00401362,25.9722,1,0.044132,339.580590
2018-11-06,0.00538438,113.1600,1,0.027402,162.528560,0.00854141,26.8263,1,0.046289,302.478770
2018-11-07,0.00068617,113.2286,1,0.013993,122.571340,0.00283287,27.1096,1,0.029833,242.090250
2018-11-08,-0.00359829,112.8688,1,0.025689,205.289410,0.02199745,29.3093,0,0.000000,0.000000
2018-11-09,-0.00997344,111.8714,1,0.028194,199.486880,-0.00269903,29.0394,1,0.027253,222.182632
2018-11-12,-0.02331400,109.5400,1,0.018810,161.046310,0.02668355,31.7078,1,0.039715,319.295890
2018-11-13,-0.00553317,108.9867,1,0.016537,161.175270,0.00540046,32.2478,1,0.025934,201.403670
2018-11-14,0.00092808,109.0795,1,0.014752,140.935180,0.00120312,32.3681,1,0.031688,280.796040
2018-11-15,0.00636005,109.7155,1,0.019715,141.182980,-0.00071269,32.2969,1,0.037009,319.397900
2018-11-16,0.00089757,109.8053,1,0.027123,242.048140,0.00160456,32.4573,0,0.000000,0.000000
2018-11-19,-0.02368192,107.4371,1,0.023972,220.690980,0.01888982,34.3463,1,0.049178,283.029300
2018-11-20,-0.00161409,107.2757,1,0.027379,180.975760,0.00362949,34.7093,1,0.037941,260.295540
2018-11-21,0.02429438,109.7051,1,0.025272,181.255770,-0.02488430,32.2208,0,0.000000,0.000000
2018-11-23,0.00930384,110.6355,1,0.044356,321.392470,-0.00955440,31.2654,1,0.059270,379.862474
2018-11-26,-0.00031997,110.6035,1,0.050587,239.849080,-0.00936724,30.3287,1,0.082254,359.682690
2018-11-27,0.00675908,111.2794,1,0.025182,242.821110,0.00847008,31.1757,0,0.000000,0.000000
2018-11-28,-0.00434819,110.8446,1,0.021419,180.292090,-0.01040251,30.1354,1,0.036641,262.603667
2018-11-29,0.00406567,111.2512,1,0.034483,243.896520,-0.00094616,30.0408,0,0.000000,0.000000
2018-11-30,0.01470564,112.7217,1,0.023926,180.241670,-0.00472051,29.5688,1,0.039831,302.804947
2018-12-03,0.00315241,113.0370,1,0.022549,221.630650,-0.00700343,28.8684,1,0.035983,341.664860
2018-12-04,0.00112029,113.1490,1,0.021111,183.095650,-0.00055272,28.8131,1,0.041182,323.077440
2018-12-06,0.00457305,113.6063,1,0.038905,257.353620,-0.00866110,27.9470,0,0.000000,0.000000
2018-12-07,-0.01078459,112.5278,1,0.023289,240.788610,-0.00359575,27.5875,1,0.032255,335.723527
2018-12-10,0.00381046,112.9089,1,0.028334,218.950370,0.01492123,29.0796,0,0.000000,0.000000
2018-12-11,-0.00955073,111.9538,1,0.037413,260.342060,0.00865449,29.9450,1,0.033081,258.363078
2018-12-12,0.01694940,113.6487,1,0.025620,161.416840,-0.00063748,29.8813,1,0.043018,320.295110
2018-12-13,-0.01163770,112.4850,1,0.022920,180.925920,-0.02127851,27.7534,1,0.055061,361.413730
2018-12-14,0.00014005,112.4990,1,0.022345,180.779050,0.00499789,28.2532,1,0.056491,379.552610
2018-12-17,0.01571577,114.0706,1,0.023313,180.278610,-0.00689840,27.5634,0,0.000000,0.000000
2018-12-18,0.00462847,114.5334,1,0.022493,161.722710,0.00764786,28.3282,0,0.000000,0.000000
2018-12-19,-0.00286090,114.2473,1,0.030770,280.931220,0.01643816,29.9720,1,0.040034,294.547996
2018-12-20,-0.01270205,112.9771,1,0.046025,238.750620,-0.00431228,29.5407,0,0.000000,0.000000
2018-12-21,-0.01514846,111.4623,1,0.021246,159.865260,-0.00155817,29.3849,0,0.000000,0.000000
2018-12-24,0.01262386,112.7247,1,0.016844,160.783540,-0.01092212,28.2927,0,0.000000,0.000000
2018-12-26,0.02354949,115.0796,1,0.047181,160.872030,0.01172689,29.4654,0,0.000000,0.000000
2018-12-27,0.00109409,115.1890,1,0.046931,388.705730,-0.00074226,29.3912,0,0.000000,0.000000
2018-12-28,0.00984346,116.1734,1,0.030914,241.336580,-0.00064117,29.3271,0,0.000000,0.000000
2018-12-31,-0.00446033,115.7273,1,0.042743,260.032400,0.00151290,29.4784,1,0.049900,358.536818
2019-01-02,-0.00937329,114.7900,1,0.025199,262.352870,-0.00608981,28.8694,0,0.000000,0.000000
2019-01-03,0.02301595,117.0916,1,0.021555,200.856230,-0.03902265,24.9671,1,0.040105,322.115513
2019-01-04,0.02438912,119.5305,1,0.037328,259.112490,-0.04052449,20.9147,1,0.054469,396.199180
2019-01-07,-0.02056395,117.4741,1,0.035155,306.321060,-0.01953448,18.9612,0,0.000000,0.000000
2019-01-08,-0.00162109,117.3120,1,0.013719,123.580200,0.01276775,20.2380,1,0.065135,407.624236
2019-01-09,0.00746067,118.0581,1,0.020933,163.405070,0.00319957,20.5579,0,0.000000,0.000000
2019-01-10,0.01214891,119.2730,1,0.025729,201.129860,-0.01093845,19.4641,1,0.037835,283.784160
2019-01-11,-0.00877531,118.3954,1,0.022851,162.888000,-0.00305313,19.1588,1,0.051853,362.173570
2019-01-14,-0.00088796,118.3066,1,0.024066,181.015620,0.00544334,19.7031,1,0.036176,301.041380
2019-01-15,0.00889678,119.1963,1,0.029992,220.002870,-0.00812082,18.8910,1,0.035912,260.322990
2019-01-16,0.00172313,119.3686,1,0.029907,181.447910,0.00367539,19.2586,1,0.058781,341.206190
2019-01-17,0.00478707,119.8473,1,0.025293,181.077800,-0.00488871,18.7697,1,0.042961,301.139100
2019-01-18,-0.00527713,119.3196,1,0.037553,282.038820,-0.00061678,18.7080,0,0.000000,0.000000
2019-01-22,0.01656547,120.9762,1,0.023243,202.304280,-0.00421369,18.2867,0,0.000000,0.000000
2019-01-23,0.00629563,121.6057,1,0.029767,259.361390,0.00600305,18.8870,1,0.037895,343.876058
2019-01-24,-0.00351354,121.2544,1,0.041234,240.531930,0.00100960,18.9879,1,0.041470,320.701200
2019-01-25,-0.00907245,120.3471,1,0.029225,181.776220,0.00217958,19.2059,1,0.052292,341.971690
2019-01-28,0.00361897,120.7090,1,0.020723,143.324780,-0.00272599,18.9333,1,0.035769,322.708870
2019-01-29,0.00703236,121.4123,1,0.016704,160.215320,-0.00528865,18.4044,1,0.030805,319.387210
2019-01-30,-0.00946991,120.4653,1,0.022911,200.090680,0.00491539,18.8960,1,0.038361,321.137120
2019-01-31,0.00834368,121.2996,1,0.017142,163.222020,0.00385422,19.2814,0,0.000000,0.000000
2019-02-01,-0.00003681,121.2960,1,0.024291,202.116530,-0.00833059,18.4483,1,0.041989,302.733955
2019-02-04,-0.00609833,120.6861,1,0.027033,201.030430,0.00085722,18.5340,1,0.051018,360.388070
2019-02-05,-0.00298725,120.3874,1,0.026565,182.193760,0.00132490,18.6665,1,0.037040,301.390100
2019-02-06,-0.01828301,118.5591,1,0.020671,161.727000,0.01514210,20.1807,1,0.036310,300.939030
2019-02-07,0.01745679,120.3048,1,0.027601,161.968690,-0.02447682,17.7331,1,0.036522,281.477060
2019-02-08,-0.00637528,119.6672,1,0.024518,220.797980,0.00760702,18.4938,1,0.038738,360.011400
2019-02-11,-0.00486550,119.1807,1,0.014890,160.849530,0.00297702,18.7915,1,0.029258,280.789420
2019-02-12,0.00097227,119.2779,1,0.017993,161.146160,-0.00317717,18.4737,1,0.023977,241.700900
2019-02-13,-0.00604217,118.6737,1,0.022407,183.111000,-0.00141177,18.3326,0,0.000000,0.000000
2019-02-14,-0.00957958,117.7157,1,0.020958,182.252310,0.00455845,18.7884,1,0.039365,302.912134
2019-02-15,0.00710533,118.4263,1,0.015927,159.744320,-0.01190835,17.5976,1,0.028525,300.576530
2019-02-19,-0.00791321,117.6350,1,0.026071,221.753560,0.00126360,17.7239,0,0.000000,0.000000
2019-02-20,-0.01382713,116.2522,1,0.018463,161.089010,0.00228893,17.9528,1,0.038457,323.395614
2019-02-21,-0.00715625,115.5366,1,0.015875,161.685190,-0.00985980,16.9669,1,0.028530,280.944370
2019-02-22,-0.00681351,114.8553,1,0.017961,141.569870,0.00884892,17.8517,1,0.048608,379.959410
2019-02-25,0.00081364,114.9366,1,0.016866,141.576970,-0.00451165,17.4006,1,0.024615,242.066060
2019-02-26,0.00160920,115.0976,1,0.015660,140.779550,-0.00180664,17.2199,1,0.037124,339.951730
2019-02-27,0.00736501,115.8341,1,0.027769,240.000160,-0.01515568,15.7043,1,0.039128,339.735100
2019-02-28,0.00884012,116.7181,1,0.031538,240.393890,-0.00489182,15.2152,1,0.053042,399.479080
2019-03-01,-0.00485524,116.2325,1,0.029424,260.557330,-0.00122037,15.0931,1,0.044387,340.520340
2019-03-04,0.00930400,117.1629,1,0.021550,161.514200,-0.00961162,14.1320,1,0.033472,301.197990
2019-03-05,-0.00541695,116.6213,1,0.028775,259.382130,0.00078304,14.2103,1,0.047276,379.088590
2019-03-06,0.00455832,117.0771,1,0.027038,200.917000,-0.00238481,13.9718,1,0.040911,280.501240
2019-03-07,-0.01815950,115.2611,1,0.032760,240.271230,0.00595619,14.5674,0,0.000000,0.000000
2019-03-08,0.00320145,115.5813,1,0.019645,181.347050,-0.00374657,14.1928,1,0.034907,279.295501
2019-03-11,-0.00383153,115.1981,1,0.033253,240.442450,-0.00244319,13.9484,1,0.040849,320.261950
2019-03-12,-0.00391009,114.8071,1,0.026299,243.203260,0.00117955,14.0664,0,0.000000,0.000000
2019-03-13,0.00183533,114.9906,1,0.021187,160.807970,-0.00388440,13.6779,1,0.038110,283.381269
2019-03-14,0.00095722,115.0864,1,0.018048,140.997280,0.00087893,13.7658,0,0.000000,0.000000
2019-03-15,-0.00225577,114.8608,1,0.021367,180.048130,-0.00432034,13.3338,1,0.031134,321.478959
2019-03-18,0.00754348,115.6151,1,0.020832,181.650150,-0.00214799,13.1190,1,0.038579,341.320340
2019-03-19,0.00474028,116.0892,1,0.018832,221.057900,0.00069433,13.1884,1,0.031777,341.224560
2019-03-20,-0.00400948,115.6882,1,0.022258,180.527200,0.00181198,13.3696,1,0.043962,339.625610
2019-03-21,-0.00545325,115.1429,1,0.027425,200.195350,0.00577840,13.9475,1,0.039850,320.176800
2019-03-22,-0.00149992,114.9929,1,0.019072,182.518800,0.02081556,16.0290,0,0.000000,0.000000
2019-03-25,-0.00192317,114.8006,1,0.031217,258.260600,0.00608964,16.6380,0,0.000000,0.000000
2019-03-26,0.00758535,115.5591,1,0.032605,220.973400,-0.00510130,16.1279,1,0.047490,300.052811
2019-03-27,0.00659488,116.2186,1,0.037992,321.769960,-0.00008130,16.1197,0,0.000000,0.000000
2019-03-28,0.00888543,117.1072,1,0.029547,240.264540,0.00323430,16.4432,1,0.035910,281.588146
2019-03-29,0.00198314,117.3055,1,0.028696,241.226070,-0.00127994,16.3152,1,0.030504,282.398700
2019-04-01,0.00074838,117.3803,1,0.034952,201.529390,0.00175112,16.4903,1,0.045158,341.066750
2019-04-02,0.00357549,117.7379,1,0.021881,181.863990,-0.00215692,16.2746,1,0.035812,322.199650
2019-04-03,-0.00342089,117.3958,1,0.023469,180.491470,-0.00398421,15.8762,1,0.041841,340.158900
2019-04-04,-0.00045822,117.3499,1,0.019012,162.240560,0.00705892,16.5821,1,0.045858,361.538200
2019-04-05,0.00214975,117.5649,1,0.025165,180.569090,-0.00428728,16.1533,1,0.040748,321.001390
2019-04-08,-0.00038056,117.5269,1,0.021156,181.935780,-0.00108504,16.0448,0,0.000000,0.000000
2019-04-09,0.01505268,119.0321,1,0.024172,160.920980,-0.01020687,15.0241,1,0.041297,301.062769
2019-04-10,-0.00564362,118.4678,1,0.032632,239.352760,-0.00395272,14.6289,1,0.051622,379.356190
2019-04-11,0.00198025,118.6658,1,0.022555,181.441030,0.00290459,14.9193,1,0.040201,321.433230
2019-04-12,-0.00782003,117.8838,1,0.020733,181.396960,0.00758016,15.6774,1,0.035604,281.295280
2019-04-15,-0.00313290,117.5705,1,0.022340,181.855510,0.00082324,15.7597,1,0.023486,241.430240
2019-04-16,-0.01329173,116.2413,1,0.016533,121.023650,0.00290645,16.0503,1,0.040425,320.371990
2019-04-17,-0.01304726,114.9366,1,0.018476,142.769720,0.01350327,17.4006,1,0.043803,321.979750
2019-04-18,0.00560052,115.4967,1,0.016578,160.897670,0.00338461,17.7391,1,0.034439,260.297850
2019-04-22,0.00462430,115.9591,1,0.023000,181.215750,-0.00220914,17.5182,1,0.047964,341.479860
2019-04-23,0.00290161,116.2492,1,0.034819,181.331590,-0.00433357,17.0848,1,0.050857,300.387730
2019-04-24,-0.00164577,116.0847,1,0.036537,242.538080,-0.00327787,16.7571,0,0.000000,0.000000
2019-04-25,0.00909941,116.9946,1,0.028149,162.634720,0.00195506,16.9526,1,0.049084,343.120033
2019-04-26,-0.01649244,115.3454,1,0.029354,201.285790,0.01152293,18.1049,1,0.046567,341.037290
2019-04-29,-0.00941942,114.4034,1,0.014922,122.444050,0.01282915,19.3878,1,0.034335,262.233820
2019-04-30,0.01890571,116.2940,1,0.022549,141.646380,-0.01258602,18.1292,1,0.048862,241.626530
2019-05-01,-0.01829227,114.4648,1,0.023287,200.884260,0.00020623,18.1498,1,0.045657,360.704420
2019-05-02,0.00024689,114.4895,1,0.010281,101.755940,-0.00065018,18.0848,0,0.000000,0.000000
2019-05-03,0.00229732,114.7192,1,0.026768,140.870770,-0.00224627,17.8601,1,0.053967,339.270097
2019-05-06,-0.00372716,114.3465,1,0.020356,162.052160,0.00912385,18.7725,0,0.000000,0.000000
2019-05-07,-0.00957217,113.3893,1,0.028747,200.340780,0.00943207,19.7157,1,0.049893,261.158615
2019-05-08,0.00408691,113.7979,1,0.019889,161.234670,0.00606426,20.3222,0,0.000000,0.000000
2019-05-09,-0.00048952,113.7490,1,0.028732,201.122680,-0.00692036,19.6301,1,0.042976,298.074719
2019-05-10,-0.00958297,112.7907,1,0.037437,180.465440,0.01323328,20.9535,1,0.052052,319.708420
2019-05-13,-0.02316242,110.4745,1,0.027702,161.715600,0.03886093,24.8395,1,0.029807,242.124920
2019-05-14,0.01728716,112.2032,1,0.029424,199.506440,-0.02044783,22.7948,1,0.023183,180.660060
2019-05-15,-0.00857593,111.3456,1,0.035313,260.996020,0.00624196,23.4190,1,0.045254,380.719520
2019-05-16,-0.00180443,111.1651,1,0.022963,181.284260,-0.00496573,22.9224,1,0.040293,280.887450
2019-05-17,0.00047256,111.2124,1,0.033124,161.876880,-0.00664143,22.2582,0,0.000000,0.000000
2019-05-20,-0.00948226,110.2642,1,0.026536,219.988280,0.01759082,24.0173,1,0.052448,320.409326
2019-05-21,0.01407821,111.6720,1,0.019609,140.648230,-0.01326815,22.6905,1,0.037975,261.246110
2019-05-22,0.00138106,111.8101,1,0.029514,221.890330,-0.00708919,21.9816,1,0.057009,382.248440
2019-05-23,-0.00768667,111.0414,1,0.034837,220.208620,0.00965954,22.9475,1,0.049376,360.221070
2019-05-24,0.00031560,111.0730,1,0.029590,180.647230,-0.00536165,22.4114,1,0.038115,260.160170
2019-05-28,0.00369919,111.4429,1,0.026231,180.458690,-0.00147229,22.2642,1,0.056369,360.269690
2019-05-29,-0.00147971,111.2949,1,0.036051,220.161590,0.00180379,22.4445,0,0.000000,0.000000
2019-05-30,-0.00091206,111.2037,1,0.037356,220.518500,0.00033391,22.4779,1,0.047319,278.677930
2019-05-31,-0.00662769,110.5410,1,0.045759,240.534010,0.00087037,22.5650,1,0.051403,321.097630
2019-06-03,0.00299478,110.8404,1,0.030192,200.297590,-0.00129381,22.4356,1,0.037591,299.788520
2019-06-04,0.01358019,112.1985,1,0.032611,201.317470,-0.00906220,21.5294,1,0.050970,321.428910
2019-06-05,0.00704288,112.9027,1,0.035322,225.076890,0.00550017,22.0794,0,0.000000,0.000000
2019-06-06,-0.00505114,112.3976,1,0.028614,222.297110,-0.00787627,21.2917,1,0.036277,307.298191
2019-06-07,0.00068957,112.4666,1,0.021143,141.571320,-0.00611203,20.6805,0,0.000000,0.000000
2019-06-10,-0.01184142,111.2824,1,0.043642,221.576200,0.01761139,22.4417,1,0.042081,322.439395
2019-06-11,-0.00084935,111.1975,1,0.029005,161.852960,-0.00079257,22.3624,1,0.039017,261.962800
2019-06-12,0.00446444,111.6440,1,0.021346,180.865730,-0.00555932,21.8065,1,0.035902,300.426220
2019-06-13,0.00679243,112.3232,1,0.013737,140.370410,-0.00723083,21.0834,1,0.041923,320.287210
2019-06-14,-0.00916528,111.4067,1,0.029298,180.759740,0.00161229,21.2446,1,0.053671,340.820520
2019-06-17,0.00168016,111.5747,1,0.021144,161.294950,-0.00950059,20.2946,1,0.036989,300.348680
2019-06-18,-0.00471942,111.1027,1,0.027812,160.325520,0.00548065,20.8426,1,0.061875,380.056590
2019-06-19,0.01611298,112.7140,1,0.034552,223.167690,-0.01979611,18.8630,1,0.054561,303.278300
2019-06-20,-0.00099440,112.6146,1,0.028580,201.348810,0.00363051,19.2261,1,0.056139,380.819630
2019-06-21,-0.00273162,112.3414,1,0.022602,162.022180,-0.00186613,19.0395,0,0.000000,0.000000
2019-06-24,-0.00381451,111.9600,1,0.016201,141.392300,0.00080959,19.1204,1,0.056031,361.402408
2019-06-25,-0.00230382,111.7296,1,0.033522,220.597990,-0.00373768,18.7467,1,0.038398,260.269590
2019-06-26,0.00597667,112.3273,1,0.029343,200.023840,-0.00988607,17.7581,1,0.047267,319.354310
2019-06-27,0.00315824,112.6431,1,0.022016,200.917430,0.00769509,18.5276,1,0.041711,380.169640
2019-06-28,-0.01394649,111.2485,1,0.024559,181.420100,0.00476961,19.0045,1,0.024289,221.321400
2019-07-01,-0.00447903,110.8005,1,0.020313,202.557410,0.01578936,20.5835,0,0.000000,0.000000
2019-07-02,0.01710336,112.5109,1,0.024634,141.627850,-0.01239265,19.3442,1,0.038605,203.377017
2019-07-03,-0.00381768,112.1291,1,0.030228,241.327890,0.00670504,20.0147,1,0.050036,360.167560
2019-07-05,-0.00084187,112.0449,0,0.000000,0.000000,-0.00369867,19.6448,0,0.000000,0.000000
2019-07-08,0.00879774,112.9247,1,0.026736,241.878034,-0.00958680,18.6862,1,0.039340,321.808125
2019-07-09,-0.00924148,112.0006,1,0.028358,219.832850,0.00468120,19.1543,1,0.049330,338.460900
2019-07-10,-0.00629266,111.3713,1,0.015056,141.459450,0.00688970,19.8432,1,0.031950,261.187130
2019-07-11,0.00295718,111.6670,1,0.012442,120.763370,-0.00388342,19.4549,1,0.020292,200.768840
2019-07-12,0.00525247,112.1923,0,0.000000,0.000000,0.00100325,19.5552,1,0.048345,320.632430
2019-07-15,0.00046523,112.2388,0,0.000000,0.000000,-0.00223778,19.3315,1,0.041318,341.526950
2019-07-16,-0.00547856,111.6909,1,0.039176,281.831893,0.00729313,20.0608,1,0.049837,340.314820
2019-07-17,0.01691047,113.3820,1,0.019523,181.400200,-0.00924561,19.1362,1,0.038271,321.826970
2019-07-18,0.00755207,114.1372,1,0.033423,259.801630,0.00415493,19.5517,1,0.038447,339.955350
2019-07-19,0.00515176,114.6524,1,0.028334,201.615150,0.00441076,19.9928,1,0.044654,301.552300
2019-07-22,-0.00994260,113.6581,0,0.000000,0.000000,-0.00153264,19.8395,1,0.052214,321.048990
2019-07-23,-0.00239969,113.4181,1,0.031889,160.737051,0.00864908,20.7044,1,0.055912,339.887910
2019-07-24,-0.03121248,110.2969,1,0.021118,182.489780,0.02983655,23.6881,1,0.040485,323.384020
2019-07-25,0.00821235,111.1181,1,0.019315,144.005490,-0.00854172,22.8339,1,0.039252,264.237860
2019-07-26,0.00353110,111.4712,1,0.027760,199.750150,0.00574196,23.4081,1,0.051704,379.010760
2019-07-29,0.00333832,111.8051,1,0.029658,242.142790,0.01174201,24.5823,0,0.000000,0.000000
2019-07-30,-0.00558760,111.2463,1,0.022980,200.779110,-0.00562744,24.0196,1,0.032944,245.506370
2019-07-31,0.00441419,111.6877,1,0.020161,161.939100,-0.00416164,23.6034,1,0.035064,281.857840
2019-08-01,-0.01171736,110.5160,1,0.045656,259.651280,0.00116799,23.7202,0,0.000000,0.000000
2019-08-02,-0.00438372,110.0776,1,0.025082,161.677420,0.00400724,24.1209,1,0.045306,299.341130
2019-08-05,-0.00856635,109.2210,1,0.027135,180.043390,0.00988073,25.1090,1,0.043027,319.508210
2019-08-06,0.02614481,111.8354,1,0.024719,161.544540,-0.00002704,25.1063,0,0.000000,0.000000
2019-08-07,-0.01008928,110.8265,1,0.036708,280.137040,0.00943460,26.0497,1,0.037310,278.198434
2019-08-08,0.00618920,111.4454,1,0.037260,182.643740,-0.01529833,24.5199,1,0.043113,262.607210
2019-08-09,0.01334991,112.7804,0,0.000000,0.000000,0.00772816,25.2927,0,0.000000,0.000000
2019-08-12,0.00924786,113.7052,0,0.000000,0.000000,0.01530053,26.8228,1,0.043187,283.132080
2019-08-13,-0.00290817,113.4144,1,0.036967,278.420893,-0.02973431,23.8493,0,0.000000,0.000000
2019-08-14,-0.00629533,112.7849,1,0.038323,223.569510,0.00095588,23.9449,1,0.064152,361.711414
2019-08-15,-0.00185871,112.5990,1,0.043211,219.756090,-0.01732413,22.2125,0,0.000000,0.000000
2019-08-16,0.00400357,112.9994,0,0.000000,0.000000,-0.01232720,20.9798,1,0.045120,318.333658
2019-08-19,-0.00522423,112.4769,1,0.063793,324.132331,0.00110706,21.0905,0,0.000000,0.000000
2019-08-20,-0.00475707,112.0012,0,0.000000,0.000000,0.01152221,22.2427,0,0.000000,0.000000
2019-08-21,0.00136594,112.1378,1,0.034566,220.781475,0.00189415,22.4321,0,0.000000,0.000000
2019-08-22,0.00377065,112.5149,1,0.025935,201.300480,0.00316078,22.7482,0,0.000000,0.000000
2019-08-23,0.00640213,113.1551,0,0.000000,0.000000,0.00729903,23.4781,1,0.054987,305.081089
2019-08-26,-0.00291676,112.8634,1,0.059366,315.392926,-0.00210638,23.2675,0,0.000000,0.000000
2019-08-27,-0.00506317,112.3571,1,0.055157,301.880630,0.00269668,23.5372,0,0.000000,0.000000
2019-08-28,0.00466954,112.8241,1,0.044886,260.503260,-0.00188999,23.3482,1,0.057239,296.641795
2019-08-29,0.01231593,114.0556,0,0.000000,0.000000,-0.01246574,22.1016,0,0.000000,0.000000
2019-08-30,0.00326450,114.3821,0,0.000000,0.000000,-0.00138339,21.9632,0,0.000000,0.000000
2019-09-03,-0.00508334,113.8738,0,0.000000,0.000000,-0.00774319,21.1889,1,0.072039,365.328218
2019-09-04,-0.00455710,113.4181,1,0.037430,261.848478,-0.00745804,20.4431,1,0.047244,319.645620
2019-09-05,0.00362727,113.7808,0,0.000000,0.000000,-0.04011879,16.4312,0,0.000000,0.000000
2019-09-06,-0.00454069,113.3267,0,0.000000,0.000000,0.00876788,17.3080,1,0.055732,404.138652
2019-09-09,0.00789931,114.1166,1,0.042539,268.534851,-0.00549274,16.7588,1,0.043824,281.002500
2019-09-10,-0.03731499,110.3851,1,0.030569,220.740830,0.03833587,20.5923,1,0.045783,320.348650
2019-09-11,-0.01415403,108.9697,1,0.020803,123.997970,0.02364218,22.9566,1,0.042672,245.045970
2019-09-12,0.00137799,109.1075,1,0.016461,142.430700,-0.00058046,22.8985,1,0.028646,202.883590
2019-09-13,-0.00389908,108.7176,1,0.018528,142.063420,-0.01150964,21.7475,1,0.055704,341.128420
2019-09-16,0.00955702,109.6733,1,0.020878,161.717840,-0.01465412,20.2821,1,0.053622,360.473860
2019-09-17,0.02067873,111.7412,1,0.031137,240.343620,-0.01015619,19.2665,1,0.045599,320.267670
2019-09-18,-0.00117715,111.6235,1,0.040385,280.375750,0.00192067,19.4586,1,0.054513,339.708120
2019-09-19,-0.00425112,111.1984,1,0.026032,160.441010,0.00624220,20.0828,1,0.044100,280.042340
2019-09-20,0.00641307,111.8397,1,0.038293,180.903120,-0.00719248,19.3636,1,0.044028,241.832040
2019-09-23,0.01190913,113.0306,1,0.028977,159.863000,-0.01140192,18.2234,1,0.055622,339.294600
2019-09-24,0.00315802,113.3464,1,0.047898,260.171570,0.00303019,18.5264,1,0.064311,380.417410
2019-09-25,-0.00008912,113.3375,0,0.000000,0.000000,-0.01298648,17.2277,1,0.050268,300.142550
2019-09-26,0.00621358,113.9589,1,0.036742,200.332453,-0.00294361,16.9334,1,0.057451,381.606620
2019-09-27,0.00246420,114.2053,1,0.040410,180.249620,-0.01757263,15.1761,1,0.068013,339.846830
2019-09-30,0.00627245,114.8325,1,0.029105,219.650290,-0.00211742,14.9644,1,0.062722,398.434290
2019-10-01,-0.00379678,114.4528,1,0.037918,281.346390,0.00768571,15.7329,1,0.032269,301.430200
2019-10-02,0.00550365,115.0032,1,0.033435,180.636220,0.00292048,16.0250,0,0.000000,0.000000
2019-10-03,0.00770246,115.7734,1,0.040024,218.478700,-0.00638685,15.3863,0,0.000000,0.000000
2019-10-04,-0.00236103,115.5373,1,0.052963,302.002850,0.02045957,17.4323,1,0.063193,336.691092
2019-10-07,0.00077153,115.6145,1,0.033647,203.151680,-0.00166879,17.2654,0,0.000000,0.000000
2019-10-08,0.00018736,115.6332,1,0.040744,220.155660,-0.00106425,17.1590,1,0.046785,301.340997
2019-10-09,0.00347406,115.9806,1,0.049094,259.008100,0.00881240,18.0402,0,0.000000,0.000000
2019-10-10,-0.00174557,115.8061,1,0.033727,201.573280,0.00117220,18.1574,1,0.041260,278.687092
2019-10-11,-0.01282857,114.5232,1,0.044597,241.648650,0.02083783,20.2412,1,0.064287,341.416760
2019-10-14,0.00143106,114.6663,1,0.036544,203.703220,-0.01167076,19.0741,0,0.000000,0.000000
2019-10-15,-0.00201861,114.4645,1,0.035711,200.328230,-0.00050083,19.0240,1,0.062073,402.651966
2019-10-16,0.00266354,114.7308,1,0.035166,222.446710,-0.00932701,18.0913,1,0.045421,321.667270
2019-10-17,0.00056317,114.7871,1,0.036653,240.252760,-0.00263005,17.8283,1,0.047055,359.229240
2019-10-18,-0.00815175,113.9720,1,0.042585,261.178550,0.00332086,18.1604,1,0.048034,301.630670
2019-10-21,-0.00470496,113.5015,1,0.021616,201.542350,0.00286513,18.4469,1,0.044037,360.578060
2019-10-22,-0.02102256,111.3992,1,0.027676,203.008440,0.01749833,20.1968,0,0.000000,0.000000
2019-10-23,-0.00787875,110.6113,1,0.034655,202.482100,0.00813791,21.0106,1,0.037559,243.648512
2019-10-24,0.00270769,110.8821,1,0.035531,181.489860,0.00112992,21.1236,1,0.033878,261.013530
2019-10-25,-0.00539138,110.3430,1,0.043328,261.762740,-0.00078539,21.0450,1,0.043699,322.145510
2019-10-28,-0.00737613,109.6054,1,0.027433,201.364510,0.00707947,21.7530,1,0.047223,321.350160
2019-10-29,0.00419415,110.0248,1,0.033895,181.765760,-0.00715355,21.0376,1,0.051865,300.656750
2019-10-30,0.01176932,111.2017,1,0.021398,220.379150,-0.00127262,20.9103,1,0.036472,360.630530
2019-10-31,-0.01285101,109.9166,1,0.044851,261.225110,0.02185365,23.0957,1,0.049115,321.358950
2019-11-01,-0.00350330,109.5663,1,0.026350,201.889490,-0.01649164,21.4465,1,0.030774,260.684200
2019-11-04,-0.02690625,106.8756,1,0.047845,264.205360,0.02865769,24.3123,1,0.054541,362.016370
2019-11-05,0.01231627,108.1073,1,0.024873,163.470160,0.00237732,24.5500,1,0.038898,242.750050
2019-11-06,0.00152201,108.2595,1,0.023229,221.999280,0.00872971,25.4230,1,0.041169,341.991710
2019-11-07,-0.01405796,106.8537,1,0.028836,221.406810,-0.01332474,24.0905,1,0.034874,281.661440
2019-11-08,-0.00025671,106.8280,1,0.040731,240.570500,0.00717096,24.8076,1,0.059904,379.344500
2019-11-11,0.00166229,106.9942,1,0.028391,221.340460,-0.00134874,24.6728,1,0.024714,240.830540
2019-11-12,-0.00960050,106.0342,1,0.025150,200.514800,0.01307326,25.9801,1,0.031594,280.176060
2019-11-13,0.00322992,106.3572,1,0.036668,181.457500,0.00576655,26.5567,1,0.047385,281.718260
2019-11-14,0.00195064,106.5522,1,0.023736,200.502680,-0.00191189,26.3656,1,0.032569,281.153400
2019-11-15,0.00719370,107.2716,1,0.037960,221.880720,-0.00895932,25.4696,1,0.046562,321.558000
2019-11-18,0.00276478,107.5481,1,0.047662,281.673050,0.00094749,25.5644,0,0.000000,0.000000
2019-11-19,-0.00195677,107.3524,1,0.043177,260.781520,0.00578246,26.1426,1,0.044164,301.281452
2019-11-20,-0.00970049,106.3824,1,0.018319,161.082040,0.00868360,27.0110,1,0.025910,260.821830
2019-11-21,-0.00359980,106.0224,1,0.037390,241.324950,0.00220032,27.2310,1,0.039408,281.410630
2019-11-22,-0.00548869,105.4735,1,0.025879,200.265390,0.00303572,27.5346,1,0.053748,319.465300
2019-11-25,-0.00966170,104.5073,1,0.027530,201.558670,0.01395704,28.9303,1,0.041556,301.472160
2019-11-26,0.00623688,105.1310,1,0.040202,202.789660,-0.02048043,26.8822,1,0.031913,261.839840
2019-11-27,-0.00160277,104.9708,1,0.042627,260.804490,-0.00360109,26.5221,1,0.046889,339.977370
2019-11-29,0.00026747,104.9975,1,0.030693,260.872410,0.00071388,26.5935,1,0.037082,341.042240
2019-12-02,-0.00445336,104.5522,1,0.054656,220.354260,0.00284615,26.8781,0,0.000000,0.000000
2019-12-03,-0.00033042,104.5191,1,0.033522,200.747520,-0.00895638,25.9825,0,0.000000,0.000000
2019-12-04,0.01038985,105.5581,1,0.033875,220.144620,-0.00823517,25.1590,1,0.046227,356.339131
2019-12-05,0.00337106,105.8952,1,0.042754,280.411860,0.00021043,25.1800,1,0.060807,400.461110
2019-12-06,-0.00053673,105.8415,1,0.039523,280.941480,0.00335112,25.5151,1,0.045608,301.580470
2019-12-09,0.00369601,106.2111,1,0.027459,201.945210,0.00027162,25.5423,1,0.040938,282.072120
2019-12-10,-0.00148710,106.0624,1,0.038310,260.226400,-0.00091940,25.4504,1,0.050220,340.152120
2019-12-11,-0.00837925,105.2245,1,0.038725,200.523740,0.00890475,26.3408,1,0.046375,280.628640
2019-12-12,-0.00722569,104.5019,1,0.029149,201.358880,0.00452119,26.7930,1,0.038741,281.535790
2019-12-13,0.00715613,105.2176,1,0.034997,162.480080,-0.01640177,25.1528,1,0.065357,342.070480
2019-12-16,0.00178853,105.3964,1,0.035767,220.150450,-0.00884794,24.2680,1,0.053074,359.528340
2019-12-17,-0.00575401,104.8210,1,0.030311,201.377220,0.00468864,24.7368,1,0.045416,361.925500
2019-12-18,-0.00137520,104.6835,1,0.016970,160.835770,0.00054961,24.7918,1,0.032709,300.900680
2019-12-19,-0.00039053,104.6444,1,0.025303,201.261790,0.00282994,25.0748,1,0.043946,301.013930
2019-12-20,-0.00070375,104.5741,1,0.033535,241.383570,-0.01101844,23.9730,1,0.045354,261.359740
2019-12-23,-0.00028244,104.5458,1,0.030744,221.221140,-0.00859646,23.1133,1,0.039236,341.544930
2019-12-24,0.00002803,104.5486,1,0.032897,200.773940,-0.00055339,23.0580,1,0.058939,380.187850
2019-12-26,-0.00206584,104.3420,1,0.061684,220.727360,0.00027002,23.0850,1,0.085638,300.683720
2019-12-27,0.00290432,104.6325,1,0.049048,240.834180,-0.00427707,22.6573,1,0.054457,320.892640
2019-12-30,0.00015873,104.6483,1,0.043257,259.987080,0.00097934,22.7552,1,0.057836,379.915450
2019-12-31,-0.00223780,104.4246,1,0.043810,259.722350,-0.00139583,22.6156,1,0.044303,299.988210
