Inserted Genomes, Total BP Epochs, Time, Best Val. MAE, Best Val. MSE, Enabled Nodes, Enabled Edges, Enabled Rec. Edges,Island_0_best_fitness,Island_0_worst_fitness,Island_1_best_fitness,Island_1_worst_fitness,Island_2_best_fitness,Island_2_worst_fitness,Island_3_best_fitness,Island_3_worst_fitness,Island_4_best_fitness,Island_4_worst_fitness,Island_5_best_fitness,Island_5_worst_fitness
120,600,5864,0.0305948,0.00215298,23,22,2,0.002674,0.015685,0.003117,0.009551,0.011284,0.016353,0.002778,0.042210,0.009436,0.010795,0.002153,0.003969
180,1200,11816,0.029277,0.00207377,23,22,2,0.002467,0.005871,0.002621,0.003574,0.002877,0.005084,0.002321,0.003483,0.006884,0.009935,0.002074,0.002296
240,1800,17624,0.0296079,0.00205922,23,21,2,0.002199,0.002497,0.002395,0.002725,0.002880,0.004057,0.002128,0.003292,0.004134,0.007774,0.002059,0.002144
300,2400,22910,0.0285922,0.00202493,23,21,2,0.002141,0.002212,0.002238,0.002373,0.002605,0.003344,0.002128,0.002621,0.003572,0.004194,0.002025,0.002077
360,3000,28358,0.028557,0.00200985,23,22,2,0.002107,0.002199,0.002204,0.002319,0.002447,0.002826,0.002115,0.002151,0.003025,0.003653,0.002010,0.002072
420,3600,33655,0.028557,0.00200496,23,22,2,0.002053,0.002144,0.002136,0.002232,0.002437,0.002714,0.002114,0.002131,0.002767,0.003515,0.002005,0.002050
480,4200,39094,0.028557,0.0020042,23,22,2,0.002040,0.002109,0.002134,0.002222,0.002225,0.002568,0.002077,0.002134,0.002637,0.002777,0.002004,0.002051
540,4800,45226,0.028557,0.00200417,23,22,2,0.002032,0.002103,0.002130,0.002172,0.002138,0.002368,0.002077,0.002089,0.002525,0.002639,0.002004,0.002027
600,5400,51354,0.0278212,0.00200005,23,22,1,0.002000,0.002068,0.002110,0.002161,0.002135,0.002243,0.002082,0.002091,0.002455,0.002534,0.002012,0.002034
660,6000,57319,0.0278212,0.00208298,23,22,1,0.002083,0.002154,0.002197,0.002232,0.002169,0.002228,0.002146,0.002181,0.002517,0.002620,0.002100,0.002120
720,6600,63615,0.0278212,0.00208499,23,22,1,0.002085,0.002117,0.002161,0.002233,0.002172,0.002223,0.002152,0.002183,0.002445,0.002548,0.002104,0.002124
780,7200,69646,0.028457,0.00208443,23,22,3,0.002084,0.002105,0.002147,0.002205,0.002173,0.002186,0.002153,0.002185,0.002122,0.002520,0.002105,0.002125
840,7800,77316,0.028457,0.00208754,23,22,3,0.002088,0.002109,0.002115,0.002187,0.002151,0.002177,0.002153,0.002187,0.002123,0.002431,0.002107,0.002128
900,8400,83102,0.0282792,0.00208449,23,22,3,0.002084,0.002102,0.002112,0.002188,0.002147,0.002166,0.002158,0.002180,0.002123,0.002188,0.002109,0.002122
960,9000,88940,0.0282792,0.00208465,23,22,3,0.002085,0.002092,0.002111,0.002167,0.002140,0.002153,0.002158,0.002179,0.002125,0.002158,0.002109,0.002120
1020,9600,95230,0.0282792,0.00209487,23,22,3,0.002095,0.002098,0.002121,0.002146,0.002151,0.002164,0.002168,0.002189,0.002135,0.002150,0.002118,0.002130
1080,10200,103075,0.0285066,0.00210059,24,24,4,0.002101,0.002110,0.002133,0.002158,0.002160,0.002174,0.002181,0.002200,0.002147,0.002159,0.002132,0.002142
1140,10800,110455,0.0285066,0.00221809,24,24,4,0.002218,0.002227,0.002246,0.002275,0.002252,0.002283,0.002291,0.002311,0.002259,0.002267,0.002250,0.002257
1200,11400,119281,0.0285066,0.00231906,24,24,4,0.002319,0.002327,0.002346,0.002369,0.002347,0.002362,0.002377,0.002408,0.002351,0.002366,0.002346,0.002354
1260,12000,129511,0.0285066,0.00229136,24,24,4,0.002291,0.002297,0.002326,0.002345,0.002314,0.002318,0.002352,0.002365,0.002323,0.002342,0.002311,0.002316
1320,12600,136708,0.0294096,0.0022808,24,26,4,0.002281,0.002286,0.002314,0.002315,0.002304,0.002304,0.002343,0.002354,0.002311,0.002330,0.002293,0.002305
1380,13200,144044,0.0294096,0.0022692,24,26,4,0.002269,0.002269,0.002301,0.002303,0.002291,0.002292,0.002330,0.002341,0.002297,0.002310,0.002280,0.002291
1440,13800,149769,0.029295,0.00226904,24,27,4,0.002269,0.002269,0.002300,0.002302,0.002291,0.002291,0.002330,0.002340,0.002296,0.002309,0.002279,0.002290
1500,14400,157152,0.0294096,0.00226441,24,26,4,0.002264,0.002265,0.002295,0.002297,0.002289,0.002289,0.002324,0.002335,0.002292,0.002303,0.002277,0.002288
1560,15000,166089,0.029295,0.00215377,24,27,4,0.002154,0.002154,0.002185,0.002187,0.002185,0.002185,0.002214,0.002224,0.002181,0.002193,0.002174,0.002183
1620,15600,176628,0.0294096,0.00206244,24,26,4,0.002062,0.002063,0.002086,0.002088,0.002103,0.002104,0.002124,0.002135,0.002083,0.002099,0.002085,0.002096
1680,16200,184437,0.0294096,0.00205307,24,26,4,0.002053,0.002053,0.002076,0.002077,0.002097,0.002097,0.002117,0.002126,0.002077,0.002095,0.002083,0.002094
1740,16800,197158,0.029295,0.00221962,24,27,4,0.002220,0.002220,0.002256,0.002258,0.002271,0.002272,0.002274,0.002280,0.002252,0.002300,0.002267,0.002273
1800,17400,203451,0.032209,0.00244454,27,45,9,0.002483,0.002483,0.002445,0.002543,0.002509,0.002522,0.002469,0.002482,0.002507,0.002590,0.002487,0.002542
1860,18000,209737,0.032209,0.0026246,27,45,9,0.002682,0.002682,0.002625,0.002763,0.002700,0.002716,0.002635,0.002645,0.002707,0.002752,0.002666,0.002754
1920,18600,215984,0.032209,0.00266381,27,45,9,0.002721,0.002722,0.002664,0.002803,0.002740,0.002756,0.002677,0.002687,0.002746,0.002771,0.002701,0.002782
1980,19200,222205,0.0322043,0.00259848,22,26,4,0.002598,0.002829,0.002732,0.002908,0.002846,0.002866,0.002755,0.002772,0.002845,0.002875,0.002772,0.002892
2040,19800,229385,0.0322043,0.00258789,22,26,4,0.002588,0.002819,0.002631,0.002845,0.002835,0.002854,0.002647,0.002766,0.002838,0.002852,0.002757,0.002847
2100,20400,236988,0.0322043,0.00271613,22,26,4,0.002716,0.002965,0.002782,0.002885,0.002967,0.002999,0.002798,0.002909,0.002987,0.003002,0.002888,0.002992
2160,21000,243750,0.0321831,0.0029493,22,27,4,0.002949,0.003212,0.003010,0.003133,0.003210,0.003233,0.003050,0.003167,0.003242,0.003252,0.003125,0.003242
2220,21600,250269,0.0342968,0.00304367,22,26,5,0.003044,0.003297,0.003100,0.003128,0.003139,0.003310,0.003142,0.003210,0.003322,0.003333,0.003205,0.003314
2280,22200,256802,0.0343384,0.00304381,22,28,4,0.003044,0.003044,0.003069,0.003123,0.003141,0.003297,0.003148,0.003184,0.003328,0.003338,0.003211,0.003246
2340,22800,263306,0.034364,0.0030501,22,29,4,0.003050,0.003050,0.003080,0.003129,0.003151,0.003162,0.003159,0.003195,0.003326,0.003343,0.003218,0.003255
2400,23400,269701,0.034364,0.00306753,22,29,4,0.003068,0.003068,0.003097,0.003146,0.003167,0.003172,0.003182,0.003217,0.003343,0.003358,0.003243,0.003273
2460,24000,277541,0.0345003,0.00306554,22,29,5,0.003066,0.003066,0.003098,0.003126,0.003164,0.003171,0.003184,0.003218,0.003342,0.003359,0.003242,0.003264
2520,24600,285457,0.0343687,0.00305605,22,29,5,0.003056,0.003056,0.003091,0.003117,0.003153,0.003159,0.003169,0.003199,0.003327,0.003345,0.003229,0.003252
2580,25200,293029,0.0346398,0.00308899,22,29,5,0.003089,0.003089,0.003122,0.003148,0.003186,0.003191,0.003199,0.003213,0.003358,0.003369,0.003259,0.003283
2640,25800,301511,0.0352596,0.00318328,22,28,8,0.003183,0.003183,0.003225,0.003246,0.003291,0.003295,0.003281,0.003307,0.003450,0.003475,0.003360,0.003387
2700,26400,308896,0.0355271,0.00321091,22,29,8,0.003211,0.003211,0.003248,0.003269,0.003316,0.003319,0.003298,0.003325,0.003476,0.003499,0.003385,0.003396
2760,27000,316939,0.0355271,0.00331694,22,29,8,0.003317,0.003317,0.003356,0.003371,0.003418,0.003429,0.003404,0.003427,0.003581,0.003608,0.003491,0.003500
2820,27600,325455,0.0355271,0.00341593,22,29,8,0.003416,0.003416,0.003467,0.003482,0.003530,0.003540,0.003514,0.003528,0.003694,0.003721,0.003599,0.003607
2880,28200,332989,0.0355271,0.00341911,22,29,8,0.003419,0.003419,0.003445,0.003485,0.003534,0.003544,0.003522,0.003530,0.003699,0.003724,0.003604,0.003609
2940,28800,339770,0.0355271,0.00341856,22,29,8,0.003419,0.003419,0.003445,0.003474,0.003535,0.003545,0.003523,0.003535,0.003701,0.003720,0.003604,0.003609
3000,29400,346346,0.0355271,0.00343416,22,29,8,0.003434,0.003434,0.003460,0.003473,0.003540,0.003550,0.003534,0.003538,0.003710,0.003729,0.003611,0.003613
3060,30000,353320,0.0355271,0.0034387,22,29,8,0.003439,0.003439,0.003465,0.003477,0.003548,0.003558,0.003541,0.003545,0.003718,0.003738,0.003621,0.003621
3120,30600,360936,0.0355271,0.00343579,22,29,8,0.003436,0.003436,0.003462,0.003472,0.003544,0.003553,0.003535,0.003539,0.003716,0.003718,0.003615,0.003618
3180,31200,367656,0.0355271,0.00338599,22,29,8,0.003386,0.003386,0.003410,0.003417,0.003496,0.003501,0.003486,0.003490,0.003673,0.003675,0.003557,0.003573
3240,31800,374654,0.0360862,0.00332203,22,29,9,0.003322,0.003322,0.003350,0.003359,0.003441,0.003446,0.003435,0.003439,0.003614,0.003617,0.003502,0.003517
3300,32400,381500,0.0360862,0.00333221,22,29,9,0.003332,0.003332,0.003361,0.003369,0.003450,0.003457,0.003443,0.003446,0.003623,0.003625,0.003511,0.003526
3360,33000,388009,0.0360862,0.00336322,22,29,9,0.003363,0.003363,0.003390,0.003393,0.003479,0.003481,0.003467,0.003469,0.003649,0.003651,0.003537,0.003552
3420,33600,394953,0.0360862,0.00338717,22,29,9,0.003387,0.003387,0.003415,0.003416,0.003501,0.003503,0.003481,0.003481,0.003671,0.003673,0.003562,0.003577
3480,34200,401725,0.0360862,0.00340088,22,29,9,0.003401,0.003401,0.003427,0.003427,0.003514,0.003516,0.003469,0.003474,0.003686,0.003687,0.003577,0.003592
3540,34800,408282,0.0360862,0.00346012,22,29,9,0.003460,0.003460,0.003482,0.003482,0.003572,0.003575,0.003524,0.003528,0.003743,0.003743,0.003634,0.003651
3600,35400,416532,0.0360862,0.0034852,22,29,9,0.003485,0.003485,0.003503,0.003503,0.003596,0.003600,0.003549,0.003552,0.003769,0.003770,0.003656,0.003677
3660,36000,424160,0.0360862,0.00347392,22,29,9,0.003474,0.003474,0.003482,0.003492,0.003582,0.003587,0.003538,0.003542,0.003758,0.003758,0.003641,0.003665
3720,36600,431819,0.0360862,0.0034681,22,29,9,0.003468,0.003468,0.003470,0.003480,0.003580,0.003581,0.003537,0.003541,0.003755,0.003756,0.003639,0.003663
3780,37200,438631,0.0379826,0.00345961,26,47,13,0.003461,0.003461,0.003460,0.003470,0.003568,0.003569,0.003525,0.003529,0.003743,0.003743,0.003622,0.003648
3840,37800,445543,0.0379826,0.0034533,26,47,13,0.003462,0.003462,0.003453,0.003464,0.003566,0.003567,0.003516,0.003520,0.003737,0.003737,0.003617,0.003637
3900,38400,452078,0.0379826,0.00341428,26,47,13,0.003423,0.003423,0.003414,0.003427,0.003530,0.003530,0.003482,0.003485,0.003701,0.003702,0.003577,0.003598
3960,39000,459267,0.0365944,0.00336801,26,48,13,0.003379,0.003379,0.003368,0.003372,0.003489,0.003489,0.003437,0.003441,0.003655,0.003656,0.003535,0.003556
4020,39600,466922,0.0365944,0.00333436,26,48,13,0.003346,0.003346,0.003334,0.003339,0.003455,0.003455,0.003405,0.003410,0.003619,0.003620,0.003502,0.003519
4080,40200,475233,0.0365944,0.00328967,26,48,13,0.003304,0.003304,0.003290,0.003293,0.003409,0.003409,0.003369,0.003374,0.003574,0.003576,0.003460,0.003478
4140,40800,483273,0.0353081,0.00323111,26,49,13,0.003245,0.003245,0.003231,0.003232,0.003354,0.003354,0.003314,0.003318,0.003519,0.003521,0.003404,0.003423
4200,41400,491135,0.0352433,0.003206,25,47,13,0.003216,0.003216,0.003206,0.003208,0.003328,0.003328,0.003290,0.003295,0.003496,0.003497,0.003376,0.003396
4260,42000,499217,0.0349937,0.0031842,25,49,13,0.003191,0.003191,0.003184,0.003187,0.003304,0.003304,0.003267,0.003271,0.003468,0.003474,0.003350,0.003370
4320,42600,507228,0.034371,0.00317037,25,47,12,0.003179,0.003179,0.003170,0.003173,0.003295,0.003295,0.003259,0.003264,0.003459,0.003464,0.003338,0.003362
4380,43200,515165,0.0340454,0.00320284,25,47,13,0.003216,0.003216,0.003203,0.003209,0.003328,0.003333,0.003299,0.003303,0.003497,0.003503,0.003374,0.003392
4440,43800,523009,0.0340454,0.00337833,25,47,13,0.003391,0.003391,0.003378,0.003381,0.003488,0.003488,0.003466,0.003470,0.003655,0.003660,0.003537,0.003552
4500,44400,530335,0.0347226,0.00337366,25,48,14,0.003408,0.003409,0.003374,0.003388,0.003494,0.003496,0.003466,0.003469,0.003657,0.003662,0.003545,0.003561
4560,45000,538876,0.0347226,0.00340283,25,48,14,0.003441,0.003441,0.003403,0.003416,0.003523,0.003524,0.003496,0.003500,0.003686,0.003691,0.003574,0.003591
4620,45600,546478,0.0347226,0.00337281,25,48,14,0.003411,0.003411,0.003373,0.003384,0.003496,0.003500,0.003471,0.003475,0.003664,0.003669,0.003554,0.003572
4680,46200,556160,0.0347226,0.00334937,25,48,14,0.003384,0.003384,0.003349,0.003355,0.003470,0.003474,0.003443,0.003446,0.003638,0.003638,0.003519,0.003540
4740,46800,646156,0.0347226,0.00337928,25,48,14,0.003417,0.003417,0.003379,0.003384,0.003504,0.003506,0.003478,0.003481,0.003673,0.003674,0.003555,0.003574
4800,47400,663552,0.0353045,0.0033763,25,49,15,0.003414,0.003414,0.003376,0.003376,0.003498,0.003500,0.003472,0.003475,0.003666,0.003667,0.003548,0.003567
4860,48000,677774,0.0355197,0.00338158,25,48,15,0.003422,0.003423,0.003382,0.003383,0.003504,0.003506,0.003479,0.003482,0.003671,0.003672,0.003555,0.003561
4920,48600,687476,0.0355422,0.00338448,24,49,14,0.003426,0.003426,0.003384,0.003386,0.003505,0.003507,0.003480,0.003482,0.003673,0.003674,0.003563,0.003566
4980,49200,699667,0.0355422,0.00338512,24,49,14,0.003429,0.003429,0.003385,0.003387,0.003507,0.003513,0.003479,0.003483,0.003675,0.003677,0.003569,0.003573
5040,49800,711815,0.0355422,0.00338276,24,49,14,0.003428,0.003428,0.003383,0.003384,0.003514,0.003517,0.003478,0.003482,0.003677,0.003678,0.003570,0.003578
5100,50400,721255,0.0355422,0.00335706,24,49,14,0.003407,0.003407,0.003357,0.003358,0.003491,0.003495,0.003453,0.003462,0.003654,0.003655,0.003554,0.003562
5160,51000,729404,0.0355422,0.00329163,24,49,14,0.003340,0.003340,0.003292,0.003293,0.003429,0.003430,0.003391,0.003400,0.003594,0.003595,0.003495,0.003504
5220,51600,737495,0.0355422,0.00320612,24,49,14,0.003254,0.003254,0.003206,0.003207,0.003350,0.003353,0.003306,0.003312,0.003513,0.003514,0.003419,0.003426
5280,52200,745193,0.0355422,0.00315542,24,49,14,0.003201,0.003201,0.003155,0.003156,0.003292,0.003296,0.003256,0.003258,0.003455,0.003462,0.003358,0.003368
5340,52800,752877,0.0355422,0.00328885,24,49,14,0.003329,0.003329,0.003289,0.003289,0.003425,0.003428,0.003408,0.003409,0.003607,0.003607,0.003482,0.003497
5400,53400,760538,0.0355422,0.00336071,24,49,14,0.003401,0.003401,0.003361,0.003361,0.003495,0.003499,0.003484,0.003487,0.003676,0.003677,0.003553,0.003567
5460,54000,768160,0.0356434,0.00342087,24,49,15,0.003462,0.003462,0.003421,0.003421,0.003550,0.003553,0.003546,0.003548,0.003601,0.003727,0.003614,0.003622
5520,54600,775317,0.0356434,0.00343551,24,49,15,0.003474,0.003474,0.003436,0.003436,0.003566,0.003569,0.003555,0.003557,0.003614,0.003737,0.003635,0.003641
5580,55200,783243,0.0356434,0.00340608,24,49,15,0.003445,0.003445,0.003406,0.003406,0.003534,0.003536,0.003525,0.003527,0.003578,0.003706,0.003605,0.003610
5640,55800,791371,0.0356434,0.00336832,24,49,15,0.003404,0.003404,0.003368,0.003368,0.003491,0.003491,0.003475,0.003487,0.003531,0.003664,0.003562,0.003567
5700,56400,798530,0.0356434,0.00335824,24,49,15,0.003393,0.003393,0.003358,0.003358,0.003477,0.003478,0.003464,0.003475,0.003513,0.003555,0.003548,0.003548
5760,57000,806068,0.0356434,0.00334477,24,49,15,0.003379,0.003379,0.003345,0.003345,0.003467,0.003468,0.003455,0.003465,0.003499,0.003527,0.003537,0.003538
5820,57600,813401,0.0346333,0.00333897,24,50,14,0.003375,0.003375,0.003339,0.003339,0.003463,0.003464,0.003451,0.003461,0.003490,0.003498,0.003532,0.003532
5880,58200,821036,0.0346333,0.00334583,24,50,14,0.003380,0.003380,0.003346,0.003346,0.003462,0.003462,0.003461,0.003471,0.003493,0.003498,0.003536,0.003537
5940,58800,829431,0.0346333,0.00334937,24,50,14,0.003384,0.003384,0.003349,0.003349,0.003468,0.003468,0.003465,0.003475,0.003493,0.003502,0.003540,0.003541
6000,59400,844593,0.0346333,0.00334872,24,50,14,0.003385,0.003385,0.003349,0.003349,0.003466,0.003468,0.003465,0.003475,0.003491,0.003499,0.003540,0.003540
6060,60000,858969,0.0346333,0.00340305,24,50,14,0.003445,0.003446,0.003403,0.003403,0.003523,0.003525,0.003523,0.003531,0.003552,0.003559,0.003600,0.003600
6120,60600,871171,0.0353061,0.00341522,24,50,15,0.003462,0.003462,0.003415,0.003415,0.003539,0.003540,0.003536,0.003544,0.003570,0.003576,0.003614,0.003614
6180,61200,881319,0.0353061,0.00341583,24,50,15,0.003463,0.003463,0.003416,0.003416,0.003540,0.003541,0.003517,0.003547,0.003565,0.003578,0.003616,0.003616
6240,61800,891562,0.0354138,0.00341903,24,50,15,0.003465,0.003465,0.003419,0.003419,0.003541,0.003541,0.003521,0.003548,0.003564,0.003574,0.003618,0.003618
6300,62400,901149,0.0354138,0.0034195,24,50,15,0.003465,0.003465,0.003420,0.003420,0.003541,0.003542,0.003551,0.003553,0.003562,0.003572,0.003616,0.003617
6360,63000,912672,0.035518,0.00341913,24,49,14,0.003465,0.003465,0.003419,0.003419,0.003549,0.003550,0.003552,0.003555,0.003567,0.003578,0.003626,0.003626
6420,63600,922619,0.035518,0.00341991,24,49,14,0.003465,0.003465,0.003420,0.003420,0.003550,0.003551,0.003552,0.003561,0.003567,0.003578,0.003628,0.003628
6480,64200,932936,0.035518,0.00342189,24,49,14,0.003464,0.003464,0.003422,0.003422,0.003552,0.003553,0.003558,0.003572,0.003573,0.003582,0.003633,0.003633
6540,64800,942130,0.035518,0.00342049,24,49,14,0.003463,0.003463,0.003420,0.003421,0.003552,0.003552,0.003558,0.003582,0.003573,0.003582,0.003635,0.003635
6600,65400,951646,0.035518,0.0034204,24,49,14,0.003463,0.003463,0.003420,0.003421,0.003549,0.003549,0.003557,0.003588,0.003569,0.003578,0.003629,0.003629
6660,66000,960440,0.035518,0.00334473,24,49,14,0.003390,0.003390,0.003345,0.003345,0.003476,0.003476,0.003478,0.003503,0.003483,0.003491,0.003546,0.003546
6720,66600,970485,0.035518,0.00338108,24,49,14,0.003426,0.003426,0.003381,0.003382,0.003506,0.003506,0.003513,0.003544,0.003516,0.003522,0.003579,0.003579
6780,67200,979739,0.035518,0.00353486,24,49,14,0.003583,0.003583,0.003535,0.003536,0.003649,0.003650,0.003669,0.003683,0.003673,0.003678,0.003726,0.003726
6840,67800,988097,0.035518,0.0035989,24,49,14,0.003645,0.003645,0.003599,0.003600,0.003718,0.003719,0.003736,0.003748,0.003733,0.003738,0.003786,0.003786
6900,68400,996889,0.035518,0.00363579,24,49,14,0.003682,0.003682,0.003636,0.003637,0.003767,0.003768,0.003768,0.003777,0.003765,0.003766,0.003825,0.003825
6960,69000,1005284,0.035518,0.00368551,24,49,14,0.003730,0.003730,0.003686,0.003687,0.003817,0.003817,0.003814,0.003819,0.003808,0.003811,0.003875,0.003875
7020,69600,1013664,0.035518,0.00370447,24,49,14,0.003748,0.003748,0.003704,0.003706,0.003832,0.003834,0.003828,0.003834,0.003825,0.003828,0.003892,0.003892
7080,70200,1022514,0.035518,0.00384372,24,49,14,0.003898,0.003898,0.003844,0.003845,0.003971,0.003973,0.003978,0.003984,0.003977,0.003980,0.004035,0.004035
7140,70800,1031926,0.035518,0.00384632,24,49,14,0.003902,0.003902,0.003846,0.003847,0.003966,0.003968,0.003977,0.003982,0.003983,0.003986,0.004042,0.004042
7200,71400,1040393,0.035518,0.00376886,24,49,14,0.003827,0.003827,0.003769,0.003770,0.003902,0.003904,0.003904,0.003908,0.003913,0.003914,0.003973,0.003973
7260,72000,1049314,0.035518,0.0037059,24,49,14,0.003763,0.003763,0.003706,0.003707,0.003841,0.003843,0.003844,0.003849,0.003850,0.003851,0.003917,0.003917
7320,72600,1058714,0.035518,0.0037022,24,49,14,0.003760,0.003760,0.003702,0.003703,0.003830,0.003831,0.003836,0.003841,0.003845,0.003846,0.003912,0.003912
7380,73200,1067894,0.035518,0.00370774,24,49,14,0.003766,0.003766,0.003708,0.003709,0.003839,0.003842,0.003845,0.003849,0.003857,0.003859,0.003923,0.003923
7440,73800,1076685,0.035518,0.00374194,24,49,14,0.003804,0.003804,0.003742,0.003743,0.003878,0.003879,0.003881,0.003883,0.003900,0.003901,0.003960,0.003960
7500,74400,1084985,0.035518,0.00379984,24,49,14,0.003872,0.003872,0.003800,0.003801,0.003948,0.003949,0.003946,0.003948,0.003975,0.003976,0.004029,0.004029
7560,75000,1092971,0.035518,0.00383433,24,49,14,0.003906,0.003906,0.003834,0.003836,0.003978,0.003979,0.003974,0.003976,0.004007,0.004009,0.004055,0.004055
7620,75600,1101739,0.035518,0.00382944,24,49,14,0.003907,0.003907,0.003829,0.003831,0.003965,0.003965,0.003976,0.003978,0.004008,0.004009,0.004048,0.004048
7680,76200,1110689,0.035518,0.00378962,24,49,14,0.003865,0.003865,0.003790,0.003791,0.003925,0.003925,0.003933,0.003936,0.003966,0.003967,0.004008,0.004009
7740,76800,1118852,0.035518,0.00373063,24,49,14,0.003806,0.003806,0.003731,0.003732,0.003831,0.003833,0.003867,0.003870,0.003902,0.003902,0.003938,0.003940
7800,77400,1127483,0.0379472,0.00366448,25,49,14,0.003732,0.003732,0.003664,0.003665,0.003717,0.003720,0.003816,0.003822,0.003819,0.003820,0.003840,0.003842
7860,78000,1137154,0.0379472,0.00352951,25,49,14,0.003602,0.003602,0.003530,0.003530,0.003573,0.003583,0.003702,0.003708,0.003688,0.003689,0.003706,0.003708
7920,78600,1145010,0.0379472,0.00347362,25,49,14,0.003542,0.003542,0.003474,0.003475,0.003514,0.003520,0.003643,0.003648,0.003627,0.003628,0.003649,0.003651
7980,79200,1156188,0.0373159,0.00344142,25,51,14,0.003509,0.003509,0.003441,0.003442,0.003445,0.003452,0.003606,0.003610,0.003589,0.003590,0.003600,0.003602
8040,79800,1248766,0.0373159,0.00341839,25,51,14,0.003487,0.003487,0.003418,0.003419,0.003422,0.003440,0.003589,0.003594,0.003550,0.003574,0.003582,0.003582
8100,80400,1263006,0.0356326,0.00324443,26,51,14,0.003311,0.003343,0.003244,0.003271,0.003274,0.003297,0.003465,0.003470,0.003415,0.003431,0.003435,0.003435
8160,81000,1276057,0.0356326,0.00300146,26,51,14,0.003079,0.003105,0.003001,0.003025,0.003031,0.003061,0.003210,0.003215,0.003172,0.003182,0.003095,0.003196
8220,81600,1289422,0.034547,0.00291349,27,52,16,0.002986,0.003011,0.002913,0.002914,0.002949,0.002958,0.003121,0.003126,0.003051,0.003084,0.003005,0.003113
8280,82200,1302563,0.0333203,0.00288093,27,52,16,0.002983,0.003010,0.002881,0.002914,0.002945,0.002947,0.003120,0.003125,0.003050,0.003066,0.003004,0.003101
8340,82800,1315873,0.0333203,0.00287962,27,52,16,0.002982,0.003010,0.002880,0.002906,0.002944,0.002946,0.003069,0.003124,0.003050,0.003054,0.002998,0.003105
8400,83400,1329248,0.032527,0.00285171,27,53,18,0.002962,0.002996,0.002852,0.002868,0.002916,0.002932,0.003051,0.003104,0.002987,0.003036,0.002986,0.002992
8460,84000,1342096,0.032527,0.00285625,27,53,18,0.002966,0.003000,0.002856,0.002870,0.002916,0.002933,0.003054,0.003091,0.002992,0.003041,0.002982,0.002993
8520,84600,1354798,0.032527,0.00286061,27,53,18,0.002971,0.003004,0.002861,0.002864,0.002918,0.002932,0.003059,0.003068,0.003000,0.003035,0.002988,0.002999
8580,85200,1368309,0.0332258,0.002819,27,54,19,0.002941,0.002971,0.002819,0.002827,0.002883,0.002885,0.003003,0.003029,0.002969,0.002992,0.002954,0.002962
8640,85800,1382898,0.0328695,0.00302699,27,53,18,0.003148,0.003185,0.003027,0.003035,0.003078,0.003083,0.003213,0.003232,0.003108,0.003186,0.003147,0.003156
8700,86400,1395804,0.0333099,0.00308923,27,54,19,0.003199,0.003243,0.003089,0.003095,0.003139,0.003142,0.003260,0.003295,0.003173,0.003229,0.003174,0.003211
8760,87000,1408319,0.033188,0.00303833,27,54,18,0.003148,0.003148,0.003038,0.003047,0.003083,0.003090,0.003214,0.003249,0.003128,0.003128,0.003127,0.003154
8820,87600,1424501,0.033188,0.00300797,27,54,18,0.003129,0.003129,0.003008,0.003010,0.003042,0.003049,0.003177,0.003205,0.003075,0.003083,0.003080,0.003098
8880,88200,1442367,0.033188,0.00306535,27,54,18,0.003188,0.003188,0.003065,0.003067,0.003103,0.003106,0.003232,0.003249,0.003134,0.003142,0.003140,0.003159
8940,88800,1462390,0.033188,0.00308004,27,54,18,0.003200,0.003201,0.003080,0.003081,0.003118,0.003120,0.003243,0.003257,0.003141,0.003158,0.003153,0.003171
9000,89400,1483135,0.033188,0.00308923,27,54,18,0.003206,0.003206,0.003089,0.003093,0.003133,0.003136,0.003253,0.003267,0.003154,0.003167,0.003164,0.003174
9060,90000,1502985,0.0338043,0.00310538,26,53,18,0.003225,0.003225,0.003105,0.003106,0.003148,0.003151,0.003271,0.003278,0.003170,0.003181,0.003183,0.003191
9120,90600,1524315,0.0341124,0.00314502,27,52,18,0.003268,0.003269,0.003145,0.003146,0.003192,0.003194,0.003311,0.003318,0.003211,0.003223,0.003224,0.003233
9180,91200,1546555,0.0341124,0.0034297,27,52,18,0.003551,0.003551,0.003430,0.003430,0.003471,0.003473,0.003602,0.003610,0.003479,0.003484,0.003501,0.003511
9240,91800,1570349,0.0341124,0.00358673,27,52,18,0.003718,0.003719,0.003587,0.003587,0.003627,0.003630,0.003765,0.003771,0.003636,0.003641,0.003660,0.003669
9300,92400,1585492,0.0364231,0.00363995,26,53,19,0.003777,0.003779,0.003640,0.003640,0.003680,0.003681,0.003819,0.003825,0.003687,0.003690,0.003713,0.003719
9360,93000,1602598,0.0364231,0.00363754,26,53,19,0.003762,0.003764,0.003638,0.003638,0.003680,0.003682,0.003814,0.003821,0.003682,0.003682,0.003708,0.003716
9420,93600,1616810,0.0365052,0.00366833,27,53,19,0.003798,0.003799,0.003668,0.003669,0.003713,0.003713,0.003848,0.003854,0.003715,0.003715,0.003741,0.003748
9480,94200,1629387,0.0365052,0.00380388,27,53,19,0.003927,0.003929,0.003804,0.003804,0.003843,0.003843,0.003986,0.003993,0.003839,0.003843,0.003859,0.003863
9492,94320,1632987,0.0365052,0.003935,27,53,19,0.004055,0.004058,0.003935,0.003935,0.003969,0.003969,0.004119,0.004126,0.003965,0.003968,0.003986,0.003990
9504,94440,1636948,0.0365052,0.00394643,27,53,19,0.004067,0.004071,0.003946,0.003947,0.003974,0.003974,0.004129,0.004136,0.003973,0.003976,0.003991,0.003996
9516,94560,1641204,0.0365052,0.00397208,27,53,19,0.004095,0.004098,0.003972,0.003973,0.004000,0.004001,0.004155,0.004161,0.003997,0.004000,0.004016,0.004020
9528,94680,1644584,0.0365052,0.00397708,27,53,19,0.004099,0.004103,0.003977,0.003978,0.004000,0.004006,0.004159,0.004165,0.004004,0.004007,0.004019,0.004022
9540,94800,1648011,0.0365052,0.00402148,27,53,19,0.004148,0.004152,0.004021,0.004022,0.004042,0.004049,0.004198,0.004202,0.004049,0.004050,0.004059,0.004061
9552,94920,1652010,0.0365052,0.00410985,27,53,19,0.004233,0.004234,0.004110,0.004111,0.004123,0.004130,0.004286,0.004290,0.004130,0.004132,0.004139,0.004140
9564,95040,1655607,0.0365052,0.00418782,27,53,19,0.004305,0.004307,0.004188,0.004189,0.004202,0.004210,0.004362,0.004365,0.004206,0.004209,0.004215,0.004215
9576,95160,1659394,0.0365052,0.00419902,27,53,19,0.004321,0.004323,0.004199,0.004200,0.004212,0.004219,0.004370,0.004376,0.004217,0.004219,0.004223,0.004223
9588,95280,1663687,0.0365052,0.00420292,27,53,19,0.004322,0.004327,0.004203,0.004204,0.004217,0.004223,0.004375,0.004382,0.004220,0.004225,0.004228,0.004229
9600,95400,1667198,0.0365052,0.00420248,27,53,19,0.004317,0.004325,0.004202,0.004204,0.004217,0.004223,0.004374,0.004381,0.004222,0.004225,0.004228,0.004229
9612,95520,1671150,0.0365052,0.00422617,27,53,19,0.004341,0.004354,0.004226,0.004227,0.004242,0.004247,0.004400,0.004408,0.004249,0.004250,0.004253,0.004254
9624,95640,1674923,0.0365052,0.00428419,27,53,19,0.004408,0.004419,0.004284,0.004285,0.004300,0.004302,0.004457,0.004466,0.004308,0.004310,0.004309,0.004310
9636,95760,1679179,0.0365052,0.00431048,27,53,19,0.004438,0.004450,0.004310,0.004312,0.004323,0.004326,0.004482,0.004490,0.004334,0.004337,0.004334,0.004336
9648,95880,1683190,0.0365052,0.00430725,27,53,19,0.004412,0.004452,0.004307,0.004309,0.004321,0.004325,0.004482,0.004491,0.004334,0.004336,0.004333,0.004334
9660,96000,1687428,0.0365052,0.00426067,27,53,19,0.004368,0.004402,0.004261,0.004262,0.004277,0.004281,0.004438,0.004450,0.004288,0.004292,0.004287,0.004289
9672,96120,1690697,0.0365052,0.00408812,27,53,19,0.004196,0.004229,0.004088,0.004089,0.004113,0.004116,0.004273,0.004287,0.004113,0.004123,0.004120,0.004121
9684,96240,1694700,0.0365052,0.00407629,27,53,19,0.004188,0.004218,0.004076,0.004077,0.004098,0.004103,0.004266,0.004282,0.004100,0.004111,0.004106,0.004108
9696,96360,1698608,0.0365052,0.00405368,27,53,19,0.004165,0.004194,0.004054,0.004055,0.004073,0.004078,0.004242,0.004259,0.004076,0.004088,0.004082,0.004084
9708,96480,1702223,0.0365052,0.00404651,27,53,19,0.004160,0.004189,0.004047,0.004047,0.004063,0.004069,0.004236,0.004253,0.004067,0.004079,0.004073,0.004074
9720,96600,1705765,0.0365052,0.00399968,27,53,19,0.004109,0.004137,0.004000,0.004001,0.004016,0.004021,0.004191,0.004208,0.004020,0.004032,0.004026,0.004028
9732,96720,1708878,0.0365052,0.00397219,27,53,19,0.004073,0.004095,0.003972,0.003973,0.003987,0.003993,0.004165,0.004183,0.003991,0.004003,0.003997,0.003999
9744,96840,1712562,0.0365052,0.00396869,27,53,19,0.004075,0.004095,0.003969,0.003970,0.003986,0.003991,0.004161,0.004179,0.003989,0.004001,0.004002,0.004004
9756,96960,1716164,0.0365052,0.00396055,27,53,19,0.004057,0.004072,0.003961,0.003962,0.003978,0.003984,0.004168,0.004192,0.003979,0.003985,0.003995,0.003997
9768,97080,1719819,0.0365052,0.00395321,27,53,19,0.004049,0.004064,0.003953,0.003954,0.003971,0.003977,0.004167,0.004188,0.003970,0.003978,0.003987,0.003990
9780,97200,1723760,0.0365052,0.00394987,27,53,19,0.004043,0.004057,0.003950,0.003951,0.003967,0.003972,0.004167,0.004185,0.003967,0.003975,0.003984,0.003988
9792,97320,1729628,0.0365052,0.00393421,27,53,19,0.004027,0.004040,0.003934,0.003935,0.003949,0.003955,0.004154,0.004170,0.003951,0.003955,0.003968,0.003973
9804,97440,1994670,0.0365052,0.00392535,27,53,19,0.004020,0.004033,0.003925,0.003926,0.003938,0.003944,0.004141,0.004157,0.003942,0.003945,0.003958,0.003963
9816,97560,2010096,0.0365052,0.00391753,27,53,19,0.004012,0.004025,0.003918,0.003918,0.003930,0.003937,0.004136,0.004149,0.003934,0.003938,0.003950,0.003954
9828,97680,2019925,0.0365052,0.00391636,27,53,19,0.004003,0.004024,0.003916,0.003917,0.003929,0.003932,0.004141,0.004150,0.003933,0.003938,0.003949,0.003953
9840,97800,2027413,0.0365052,0.00386445,27,53,19,0.003951,0.003974,0.003864,0.003865,0.003877,0.003881,0.004091,0.004102,0.003879,0.003885,0.003899,0.003904
9852,97920,2033361,0.0389936,0.0037094,32,66,17,0.003794,0.003818,0.003710,0.003712,0.003710,0.003716,0.003929,0.003939,0.003709,0.003719,0.003731,0.003739
9864,98040,2042733,0.0360467,0.0036221,27,54,21,0.003708,0.003730,0.003622,0.003624,0.003627,0.003635,0.003847,0.003858,0.003629,0.003640,0.003650,0.003660
9876,98160,2049036,0.0360467,0.00355525,27,54,21,0.003644,0.003663,0.003555,0.003557,0.003566,0.003574,0.003782,0.003793,0.003568,0.003581,0.003595,0.003605
9888,98280,2056165,0.0360467,0.00354722,27,54,21,0.003633,0.003651,0.003547,0.003549,0.003554,0.003559,0.003767,0.003777,0.003556,0.003568,0.003581,0.003588
9900,98400,2066672,0.0360467,0.00354743,27,54,21,0.003628,0.003652,0.003547,0.003549,0.003554,0.003559,0.003765,0.003774,0.003556,0.003567,0.003580,0.003586
9912,98520,2072881,0.0360467,0.00354864,27,54,21,0.003629,0.003645,0.003549,0.003550,0.003555,0.003556,0.003766,0.003775,0.003558,0.003565,0.003581,0.003586
9924,98640,2077669,0.0360467,0.00359002,27,54,21,0.003667,0.003682,0.003590,0.003592,0.003604,0.003604,0.003812,0.003819,0.003605,0.003612,0.003628,0.003635
9936,98760,2084221,0.0360467,0.00363773,27,54,21,0.003711,0.003721,0.003638,0.003639,0.003648,0.003648,0.003858,0.003867,0.003650,0.003657,0.003671,0.003677
9948,98880,2088717,0.0360467,0.00384907,27,54,21,0.003927,0.003935,0.003849,0.003851,0.003874,0.003875,0.004070,0.004078,0.003873,0.003879,0.003901,0.003908
9960,99000,2093478,0.0360467,0.00389808,27,54,21,0.003978,0.003984,0.003898,0.003900,0.003919,0.003920,0.004114,0.004122,0.003919,0.003925,0.003946,0.003953
9972,99120,2097946,0.0360467,0.00391741,27,54,21,0.003996,0.003997,0.003917,0.003919,0.003940,0.003942,0.004132,0.004141,0.003939,0.003945,0.003965,0.003967
9984,99240,2100760,0.0360467,0.00393071,27,54,21,0.004007,0.004010,0.003931,0.003933,0.003957,0.003958,0.004149,0.004158,0.003955,0.003960,0.003980,0.003981
9996,99360,2107912,0.0360467,0.00388317,27,54,21,0.003958,0.003960,0.003883,0.003885,0.003907,0.003908,0.004100,0.004108,0.003905,0.003911,0.003931,0.003932
10008,99480,2112743,0.0360467,0.00386518,27,54,21,0.003938,0.003940,0.003865,0.003867,0.003888,0.003889,0.004083,0.004091,0.003886,0.003890,0.003915,0.003916
10020,99600,2116595,0.0360467,0.00386197,27,54,21,0.003936,0.003939,0.003862,0.003864,0.003883,0.003886,0.004081,0.004089,0.003882,0.003884,0.003914,0.003915
10032,99720,2122226,0.0360467,0.00385759,27,54,21,0.003913,0.003934,0.003858,0.003858,0.003879,0.003881,0.004078,0.004086,0.003877,0.003879,0.003908,0.003910
10044,99840,2127171,0.0360467,0.0038718,27,54,21,0.003927,0.003948,0.003872,0.003872,0.003893,0.003896,0.004082,0.004089,0.003891,0.003893,0.003922,0.003924
10056,99960,2131716,0.0360467,0.00387403,27,54,21,0.003929,0.003950,0.003874,0.003874,0.003895,0.003897,0.004085,0.004092,0.003892,0.003894,0.003921,0.003922
10068,100080,2135749,0.0360467,0.0038802,27,54,21,0.003936,0.003957,0.003880,0.003880,0.003903,0.003905,0.004089,0.004096,0.003900,0.003901,0.003929,0.003930
10080,100200,2139590,0.0360467,0.00390745,27,54,21,0.003964,0.003986,0.003907,0.003908,0.003929,0.003931,0.004129,0.004137,0.003925,0.003927,0.003954,0.003955
10092,100320,2143661,0.0360467,0.00390918,27,54,21,0.003965,0.003988,0.003909,0.003909,0.003930,0.003932,0.004131,0.004140,0.003926,0.003927,0.003956,0.003957
10104,100440,2148565,0.0360467,0.00391037,27,54,21,0.003967,0.003989,0.003910,0.003911,0.003934,0.003935,0.004134,0.004142,0.003931,0.003932,0.003961,0.003963
10116,100560,2153560,0.0360467,0.00390938,27,54,21,0.003962,0.003986,0.003909,0.003910,0.003930,0.003932,0.004128,0.004137,0.003926,0.003927,0.003958,0.003960
10128,100680,2156652,0.0360467,0.00397138,27,54,21,0.004018,0.004046,0.003971,0.003972,0.003996,0.003998,0.004188,0.004195,0.003997,0.003999,0.004026,0.004027
10140,100800,2160279,0.0360467,0.00386602,27,54,21,0.003911,0.003940,0.003866,0.003866,0.003893,0.003895,0.004084,0.004092,0.003896,0.003898,0.003929,0.003931
10152,100920,2164803,0.0360467,0.00381537,27,54,21,0.003860,0.003889,0.003815,0.003816,0.003845,0.003847,0.004030,0.004039,0.003846,0.003848,0.003877,0.003878
10164,101040,2168296,0.0360467,0.00382431,27,54,21,0.003870,0.003895,0.003824,0.003824,0.003847,0.003849,0.004033,0.004043,0.003849,0.003849,0.003874,0.003876
10176,101160,2171605,0.0360467,0.00381299,27,54,21,0.003851,0.003875,0.003813,0.003813,0.003830,0.003834,0.004018,0.004025,0.003834,0.003835,0.003856,0.003858
10188,101280,2176080,0.0360467,0.00379642,27,54,21,0.003832,0.003858,0.003796,0.003797,0.003814,0.003817,0.004004,0.004010,0.003817,0.003817,0.003840,0.003842
10200,101400,2179842,0.0360467,0.00366261,27,54,21,0.003694,0.003724,0.003663,0.003663,0.003681,0.003687,0.003869,0.003875,0.003686,0.003687,0.003713,0.003713
10212,101520,2183929,0.0360467,0.00356767,27,54,21,0.003598,0.003628,0.003568,0.003568,0.003587,0.003593,0.003774,0.003779,0.003593,0.003594,0.003613,0.003614
10224,101640,2187184,0.0360467,0.00354893,27,54,21,0.003579,0.003610,0.003549,0.003549,0.003570,0.003575,0.003757,0.003762,0.003574,0.003575,0.003598,0.003599
10236,101760,2190888,0.0360467,0.00355201,27,54,21,0.003584,0.003617,0.003552,0.003552,0.003572,0.003578,0.003760,0.003766,0.003577,0.003577,0.003600,0.003601
10248,101880,2195532,0.0360467,0.00356543,27,54,21,0.003597,0.003619,0.003565,0.003566,0.003587,0.003589,0.003772,0.003776,0.003593,0.003593,0.003614,0.003615
10260,102000,2200638,0.0360467,0.00361693,27,54,21,0.003649,0.003669,0.003617,0.003617,0.003637,0.003638,0.003816,0.003821,0.003643,0.003643,0.003660,0.003662
10272,102120,2206719,0.0360467,0.0035894,27,54,21,0.003618,0.003639,0.003589,0.003590,0.003607,0.003607,0.003793,0.003798,0.003614,0.003614,0.003631,0.003632
10284,102240,2210409,0.0360467,0.00355024,27,54,21,0.003574,0.003574,0.003550,0.003550,0.003564,0.003566,0.003757,0.003762,0.003573,0.003574,0.003592,0.003595
10296,102360,2215231,0.0355133,0.00353872,27,55,20,0.003562,0.003562,0.003539,0.003541,0.003556,0.003556,0.003747,0.003752,0.003563,0.003563,0.003585,0.003586
10308,102480,2219354,0.038091,0.00364875,27,54,20,0.003676,0.003676,0.003649,0.003653,0.003687,0.003690,0.003858,0.003862,0.003703,0.003703,0.003722,0.003729
10320,102600,2223365,0.038091,0.00386319,27,54,20,0.003898,0.003898,0.003863,0.003867,0.003924,0.003929,0.004080,0.004082,0.003949,0.003949,0.003970,0.003984
10332,102720,2227401,0.038091,0.00388644,27,54,20,0.003918,0.003918,0.003886,0.003890,0.003949,0.003953,0.004116,0.004117,0.003974,0.003975,0.004010,0.004023
10344,102840,2231867,0.038091,0.0037898,27,54,20,0.003817,0.003818,0.003790,0.003794,0.003854,0.003858,0.004013,0.004021,0.003880,0.003881,0.003915,0.003931
10356,102960,2236865,0.038091,0.00373116,27,54,20,0.003758,0.003758,0.003731,0.003735,0.003794,0.003797,0.003949,0.003958,0.003819,0.003820,0.003851,0.003867
10368,103080,2239783,0.038091,0.00372737,27,54,20,0.003753,0.003753,0.003727,0.003730,0.003790,0.003794,0.003948,0.003956,0.003816,0.003816,0.003850,0.003866
10380,103200,2245133,0.038091,0.00370979,27,54,20,0.003736,0.003736,0.003710,0.003713,0.003768,0.003771,0.003932,0.003938,0.003794,0.003794,0.003826,0.003843
10392,103320,2249170,0.038091,0.00370058,27,54,20,0.003728,0.003728,0.003701,0.003704,0.003756,0.003759,0.003914,0.003923,0.003781,0.003781,0.003812,0.003829
10404,103440,2252954,0.038091,0.00370339,27,54,20,0.003730,0.003730,0.003703,0.003706,0.003757,0.003760,0.003894,0.003903,0.003782,0.003782,0.003813,0.003814
10416,103560,2256320,0.038091,0.00370266,27,54,20,0.003729,0.003729,0.003703,0.003706,0.003756,0.003760,0.003893,0.003901,0.003782,0.003782,0.003815,0.003817
10428,103680,2260149,0.038091,0.00370666,27,54,20,0.003731,0.003731,0.003707,0.003710,0.003757,0.003761,0.003873,0.003901,0.003784,0.003784,0.003817,0.003817
10440,103800,2265294,0.038091,0.0037125,27,54,20,0.003737,0.003737,0.003712,0.003715,0.003762,0.003766,0.003876,0.003905,0.003790,0.003790,0.003822,0.003823
10452,103920,2269554,0.038091,0.00380908,27,54,20,0.003838,0.003838,0.003809,0.003812,0.003860,0.003864,0.003973,0.004001,0.003887,0.003887,0.003918,0.003918
10464,104040,2273526,0.038091,0.00390889,27,54,20,0.003941,0.003941,0.003909,0.003912,0.003962,0.003966,0.004072,0.004098,0.003989,0.003989,0.004016,0.004016
10476,104160,2278759,0.038091,0.00393326,27,54,20,0.003965,0.003965,0.003933,0.003936,0.003985,0.003989,0.004096,0.004123,0.004013,0.004013,0.004035,0.004035
10488,104280,2284938,0.038091,0.00393097,27,54,20,0.003962,0.003962,0.003931,0.003934,0.003984,0.003984,0.004097,0.004125,0.004012,0.004013,0.004039,0.004039
10500,104400,2290539,0.038091,0.00392368,27,54,20,0.003957,0.003957,0.003924,0.003926,0.003979,0.003979,0.004089,0.004116,0.004009,0.004009,0.004036,0.004036
10512,104520,2294067,0.038091,0.00360581,27,54,20,0.003646,0.003646,0.003606,0.003609,0.003667,0.003667,0.003775,0.003795,0.003691,0.003692,0.003722,0.003722
10524,104640,2298491,0.038091,0.00351828,27,54,20,0.003558,0.003558,0.003518,0.003521,0.003573,0.003579,0.003688,0.003708,0.003601,0.003602,0.003639,0.003640
10536,104760,2302101,0.038091,0.00346056,27,54,20,0.003500,0.003500,0.003461,0.003463,0.003514,0.003519,0.003629,0.003650,0.003543,0.003543,0.003579,0.003580
10548,104880,2306487,0.038091,0.00338148,27,54,20,0.003418,0.003418,0.003381,0.003384,0.003435,0.003441,0.003552,0.003571,0.003464,0.003464,0.003503,0.003504
10560,105000,2311014,0.038091,0.00331861,27,54,20,0.003355,0.003355,0.003319,0.003321,0.003368,0.003375,0.003492,0.003512,0.003399,0.003399,0.003440,0.003440
10572,105120,2315868,0.038091,0.00331119,27,54,20,0.003349,0.003349,0.003311,0.003314,0.003362,0.003369,0.003487,0.003507,0.003392,0.003392,0.003435,0.003435
10584,105240,2319823,0.038091,0.0032932,27,54,20,0.003330,0.003330,0.003293,0.003296,0.003343,0.003348,0.003466,0.003488,0.003372,0.003372,0.003416,0.003416
10596,105360,2324802,0.038091,0.00326894,27,54,20,0.003305,0.003305,0.003269,0.003272,0.003317,0.003322,0.003439,0.003459,0.003346,0.003346,0.003387,0.003387
10608,105480,2328633,0.038091,0.00322943,27,54,20,0.003262,0.003262,0.003229,0.003232,0.003274,0.003280,0.003400,0.003421,0.003304,0.003304,0.003346,0.003346
10620,105600,2332430,0.038091,0.00294556,27,54,20,0.002980,0.002980,0.002946,0.002948,0.002995,0.003000,0.003107,0.003130,0.003029,0.003029,0.003067,0.003067
10632,105720,2337655,0.038091,0.00277629,27,54,20,0.002802,0.002802,0.002776,0.002779,0.002821,0.002828,0.002942,0.002964,0.002859,0.002859,0.002893,0.002893
10644,105840,2342300,0.038091,0.00270664,27,54,20,0.002732,0.002732,0.002707,0.002709,0.002751,0.002759,0.002900,0.002925,0.002791,0.002791,0.002823,0.002823
10656,105960,2346177,0.038091,0.00267175,27,54,20,0.002702,0.002702,0.002672,0.002674,0.002714,0.002719,0.002871,0.002899,0.002752,0.002752,0.002785,0.002785
10668,106080,2350688,0.038091,0.00261757,27,54,20,0.002648,0.002648,0.002618,0.002620,0.002658,0.002663,0.002818,0.002847,0.002697,0.002697,0.002727,0.002727
10680,106200,2354479,0.038091,0.00247114,27,54,20,0.002507,0.002507,0.002471,0.002474,0.002516,0.002522,0.002672,0.002701,0.002558,0.002558,0.002590,0.002590
10692,106320,2360515,0.0271181,0.00228717,27,54,23,0.002322,0.002323,0.002287,0.002287,0.002334,0.002340,0.002488,0.002514,0.002378,0.002378,0.002410,0.002410
10704,106440,2364732,0.0267794,0.00225174,26,54,20,0.002290,0.002290,0.002252,0.002252,0.002302,0.002309,0.002456,0.002482,0.002347,0.002347,0.002381,0.002381
10716,106560,2368345,0.0267794,0.00222421,26,54,20,0.002259,0.002260,0.002224,0.002224,0.002275,0.002281,0.002429,0.002456,0.002319,0.002319,0.002356,0.002356
10728,106680,2371887,0.0267794,0.0022208,26,54,20,0.002256,0.002257,0.002221,0.002221,0.002272,0.002278,0.002426,0.002453,0.002316,0.002316,0.002352,0.002352
10740,106800,2375827,0.0267794,0.00220572,26,54,20,0.002239,0.002239,0.002206,0.002206,0.002262,0.002268,0.002413,0.002439,0.002303,0.002303,0.002343,0.002343
10752,106920,2380325,0.0267794,0.00212375,26,54,20,0.002157,0.002157,0.002124,0.002124,0.002184,0.002191,0.002331,0.002359,0.002227,0.002227,0.002266,0.002266
10764,107040,2383609,0.0267794,0.00207034,26,54,20,0.002105,0.002105,0.002070,0.002071,0.002129,0.002135,0.002280,0.002302,0.002171,0.002171,0.002213,0.002213
10776,107160,2388116,0.0258735,0.00211821,27,54,21,0.002159,0.002159,0.002118,0.002121,0.002186,0.002196,0.002341,0.002363,0.002232,0.002232,0.002277,0.002277
10788,107280,2392288,0.0258735,0.002144,27,54,21,0.002186,0.002186,0.002144,0.002146,0.002215,0.002224,0.002373,0.002394,0.002251,0.002261,0.002305,0.002305
10800,107400,2396625,0.0258735,0.00214236,27,54,21,0.002184,0.002184,0.002142,0.002145,0.002213,0.002222,0.002371,0.002391,0.002252,0.002260,0.002303,0.002303
10812,107520,2401568,0.0258735,0.00213848,27,54,21,0.002179,0.002180,0.002138,0.002141,0.002211,0.002220,0.002368,0.002388,0.002249,0.002255,0.002301,0.002301
10824,107640,2406490,0.0258735,0.00209023,27,54,21,0.002126,0.002127,0.002090,0.002093,0.002159,0.002170,0.002321,0.002339,0.002201,0.002205,0.002252,0.002252
10836,107760,2410104,0.0258735,0.00230489,27,54,21,0.002345,0.002345,0.002305,0.002307,0.002382,0.002398,0.002559,0.002581,0.002419,0.002430,0.002481,0.002481
10848,107880,2417209,0.0258735,0.0023937,27,54,21,0.002434,0.002434,0.002394,0.002396,0.002467,0.002482,0.002643,0.002664,0.002506,0.002514,0.002567,0.002567
10860,108000,2422386,0.0258735,0.00252213,27,54,21,0.002563,0.002563,0.002522,0.002525,0.002593,0.002606,0.002771,0.002792,0.002633,0.002638,0.002696,0.002696
10872,108120,2428140,0.0258735,0.00294104,27,54,21,0.002972,0.002972,0.002941,0.002944,0.003009,0.003027,0.003198,0.003220,0.003048,0.003060,0.003128,0.003128
10884,108240,2435837,0.0258735,0.00307965,27,54,21,0.003108,0.003108,0.003080,0.003083,0.003141,0.003147,0.003340,0.003365,0.003181,0.003193,0.003269,0.003269
10896,108360,2442930,0.0258735,0.00308781,27,54,21,0.003115,0.003115,0.003088,0.003091,0.003150,0.003156,0.003358,0.003381,0.003194,0.003203,0.003276,0.003276
10908,108480,2451118,0.0258735,0.00307846,27,54,21,0.003105,0.003105,0.003078,0.003082,0.003140,0.003146,0.003347,0.003370,0.003184,0.003193,0.003266,0.003266
10920,108600,2457847,0.0258735,0.00307818,27,54,21,0.003105,0.003105,0.003078,0.003081,0.003141,0.003146,0.003349,0.003372,0.003184,0.003193,0.003267,0.003267
10932,108720,2465563,0.0258735,0.00307443,27,54,21,0.003105,0.003105,0.003074,0.003078,0.003138,0.003144,0.003345,0.003367,0.003180,0.003190,0.003264,0.003264
10944,108840,2470070,0.0258735,0.00307525,27,54,21,0.003105,0.003105,0.003075,0.003078,0.003122,0.003136,0.003344,0.003367,0.003179,0.003179,0.003257,0.003257
10956,108960,2476651,0.0258735,0.00307697,27,54,21,0.003105,0.003105,0.003077,0.003080,0.003123,0.003137,0.003327,0.003355,0.003180,0.003180,0.003258,0.003258
10968,109080,2484914,0.0258735,0.00308926,27,54,21,0.003118,0.003118,0.003089,0.003092,0.003137,0.003150,0.003334,0.003363,0.003193,0.003193,0.003269,0.003269
10980,109200,2489468,0.0258735,0.00310619,27,54,21,0.003135,0.003135,0.003106,0.003109,0.003154,0.003167,0.003345,0.003373,0.003207,0.003207,0.003282,0.003282
10992,109320,2499417,0.0258735,0.00311457,27,54,21,0.003141,0.003141,0.003115,0.003118,0.003162,0.003174,0.003350,0.003381,0.003214,0.003214,0.003289,0.003289
11004,109440,2504565,0.0258735,0.00315408,27,54,21,0.003181,0.003181,0.003154,0.003157,0.003206,0.003217,0.003388,0.003419,0.003256,0.003256,0.003329,0.003329
11016,109560,2509217,0.0258735,0.00323315,27,54,21,0.003264,0.003264,0.003233,0.003236,0.003296,0.003304,0.003465,0.003497,0.003339,0.003339,0.003407,0.003407
11028,109680,2517622,0.0258735,0.0034882,27,54,21,0.003508,0.003508,0.003488,0.003491,0.003542,0.003552,0.003720,0.003752,0.003591,0.003591,0.003657,0.003657
11040,109800,2521418,0.0258735,0.00363286,27,54,21,0.003650,0.003650,0.003633,0.003636,0.003678,0.003678,0.003854,0.003888,0.003738,0.003738,0.003803,0.003803
11052,109920,2530328,0.0258735,0.00374979,27,54,21,0.003791,0.003792,0.003750,0.003757,0.003802,0.003802,0.003950,0.003989,0.003882,0.003882,0.003948,0.003948
11064,110040,2535644,0.0258735,0.00388261,27,54,21,0.003927,0.003927,0.003883,0.003890,0.003938,0.003938,0.004079,0.004114,0.004011,0.004011,0.004078,0.004079
11076,110160,2540675,0.0258735,0.00409452,27,54,21,0.004135,0.004136,0.004095,0.004101,0.004141,0.004142,0.004293,0.004327,0.004212,0.004212,0.004286,0.004287
11088,110280,2547229,0.0258735,0.00417121,27,54,21,0.004216,0.004216,0.004171,0.004178,0.004225,0.004225,0.004378,0.004410,0.004293,0.004293,0.004365,0.004366
11100,110400,2553283,0.0258735,0.00418304,27,54,21,0.004226,0.004227,0.004183,0.004190,0.004237,0.004238,0.004391,0.004421,0.004304,0.004304,0.004377,0.004378
11112,110520,2559241,0.0258735,0.00418523,27,54,21,0.004227,0.004228,0.004185,0.004192,0.004240,0.004240,0.004395,0.004427,0.004308,0.004308,0.004382,0.004383
11124,110640,2565034,0.0258735,0.00436271,27,54,21,0.004404,0.004404,0.004363,0.004369,0.004420,0.004421,0.004574,0.004605,0.004491,0.004491,0.004559,0.004560
11136,110760,2569763,0.0258735,0.0043499,27,54,21,0.004398,0.004398,0.004350,0.004357,0.004408,0.004408,0.004563,0.004596,0.004479,0.004479,0.004551,0.004552
11148,110880,2576113,0.0373631,0.00432144,27,54,22,0.004373,0.004374,0.004321,0.004334,0.004369,0.004369,0.004539,0.004576,0.004441,0.004441,0.004500,0.004501
11160,111000,2581827,0.0373631,0.00446775,27,54,22,0.004520,0.004521,0.004468,0.004481,0.004511,0.004511,0.004687,0.004725,0.004581,0.004581,0.004641,0.004643
11172,111120,2587486,0.0373631,0.00445764,27,54,22,0.004512,0.004512,0.004458,0.004471,0.004502,0.004502,0.004684,0.004719,0.004571,0.004571,0.004611,0.004635
11184,111240,2591049,0.0373631,0.00447224,27,54,22,0.004529,0.004529,0.004472,0.004485,0.004516,0.004516,0.004698,0.004732,0.004584,0.004584,0.004625,0.004648
11196,111360,2595408,0.0373631,0.00447927,27,54,22,0.004537,0.004537,0.004479,0.004492,0.004526,0.004526,0.004706,0.004741,0.004592,0.004592,0.004634,0.004658
11208,111480,2600557,0.0373631,0.00450248,27,54,22,0.004563,0.004564,0.004502,0.004516,0.004554,0.004554,0.004732,0.004765,0.004616,0.004616,0.004656,0.004680
11220,111600,2604585,0.0373631,0.00455732,27,54,22,0.004615,0.004616,0.004557,0.004571,0.004606,0.004606,0.004788,0.004826,0.004670,0.004670,0.004709,0.004733
11232,111720,2609379,0.0373631,0.00474259,27,54,22,0.004798,0.004799,0.004743,0.004755,0.004792,0.004792,0.004985,0.005028,0.004863,0.004863,0.004902,0.004932
11244,111840,2613345,0.0373631,0.00476254,27,54,22,0.004816,0.004817,0.004763,0.004776,0.004804,0.004804,0.004997,0.005027,0.004879,0.004879,0.004922,0.004956
11256,111960,2617300,0.0373631,0.00479418,27,54,22,0.004848,0.004849,0.004794,0.004808,0.004840,0.004840,0.005031,0.005056,0.004910,0.004910,0.004954,0.004985
11268,112080,2621375,0.0373631,0.0048092,27,54,22,0.004862,0.004863,0.004809,0.004823,0.004858,0.004858,0.005051,0.005074,0.004927,0.004927,0.004973,0.005001
11280,112200,2626014,0.0373631,0.00483341,27,54,22,0.004894,0.004895,0.004833,0.004847,0.004888,0.004888,0.005060,0.005084,0.004953,0.004953,0.005002,0.005031
11292,112320,2631183,0.0373631,0.004884,27,54,22,0.004943,0.004948,0.004884,0.004898,0.004946,0.004946,0.005110,0.005124,0.005000,0.005005,0.005052,0.005080
11304,112440,2636382,0.0373631,0.00490216,27,54,22,0.004962,0.004966,0.004902,0.004916,0.004964,0.004964,0.005127,0.005141,0.005016,0.005020,0.005066,0.005094
11316,112560,2644628,0.0373631,0.00494601,27,54,22,0.005010,0.005014,0.004946,0.004960,0.005011,0.005011,0.005177,0.005186,0.005064,0.005069,0.005110,0.005143
11328,112680,2657548,0.0373631,0.00486711,27,54,22,0.004936,0.004940,0.004867,0.004881,0.004937,0.004937,0.005095,0.005106,0.004981,0.004983,0.005025,0.005058
11340,112800,2664419,0.0373631,0.00484196,27,54,22,0.004915,0.004919,0.004842,0.004855,0.004919,0.004919,0.005075,0.005086,0.004964,0.004965,0.005000,0.005034
11352,112920,2672806,0.0373631,0.00491544,27,54,22,0.004995,0.004998,0.004915,0.004929,0.004993,0.004993,0.005143,0.005152,0.005037,0.005037,0.005069,0.005106
11364,113040,2677649,0.0373631,0.00496283,27,54,22,0.005043,0.005046,0.004963,0.004976,0.005042,0.005042,0.005188,0.005198,0.005083,0.005083,0.005117,0.005152
11376,113160,2686202,0.0373631,0.00494241,27,54,22,0.005025,0.005028,0.004942,0.004956,0.005023,0.005023,0.005166,0.005175,0.005063,0.005064,0.005096,0.005131
11388,113280,2709613,0.0373631,0.00493985,27,54,22,0.005022,0.005025,0.004940,0.004953,0.005022,0.005022,0.005163,0.005173,0.005063,0.005064,0.005093,0.005128
11400,113400,2722419,0.0373631,0.00490964,27,54,22,0.004994,0.004997,0.004910,0.004923,0.004996,0.004997,0.005138,0.005150,0.005037,0.005037,0.005067,0.005100
11412,113520,2739997,0.0373631,0.00489521,27,54,22,0.004980,0.004982,0.004895,0.004908,0.004989,0.004989,0.005131,0.005145,0.005028,0.005028,0.005062,0.005094
11424,113640,2751217,0.0373631,0.00490321,27,54,22,0.004988,0.004990,0.004903,0.004916,0.004997,0.004997,0.005138,0.005146,0.005035,0.005036,0.005069,0.005101
11436,113760,2761248,0.0373631,0.00490791,27,54,22,0.004992,0.004994,0.004908,0.004921,0.005004,0.005004,0.005143,0.005152,0.005041,0.005042,0.005075,0.005106
11448,113880,2771817,0.0373631,0.00489553,27,54,22,0.004979,0.004981,0.004896,0.004909,0.004990,0.004990,0.005129,0.005137,0.005027,0.005027,0.005062,0.005092
11460,114000,2780376,0.0373631,0.00484976,27,54,22,0.004932,0.004934,0.004850,0.004863,0.004938,0.004938,0.005085,0.005093,0.004980,0.004980,0.005017,0.005047
11472,114120,2793543,0.0373631,0.00488649,27,54,22,0.004974,0.004974,0.004886,0.004900,0.004975,0.004975,0.005120,0.005129,0.005024,0.005024,0.005059,0.005095
11484,114240,2802111,0.0373631,0.00490105,27,54,22,0.004990,0.004990,0.004901,0.004915,0.004997,0.004997,0.005141,0.005149,0.005044,0.005044,0.005075,0.005108
11496,114360,2811255,0.0373631,0.00489028,27,54,22,0.004980,0.004980,0.004890,0.004903,0.004992,0.004992,0.005131,0.005140,0.005033,0.005033,0.005065,0.005094
11508,114480,2819911,0.0373631,0.00477527,27,54,22,0.004857,0.004857,0.004775,0.004785,0.004868,0.004868,0.005011,0.005020,0.004892,0.004892,0.004933,0.004953
11520,114600,2831186,0.0373631,0.00456826,27,54,22,0.004636,0.004637,0.004568,0.004577,0.004643,0.004644,0.004790,0.004800,0.004658,0.004658,0.004697,0.004711
11532,114720,2841079,0.0373631,0.00451818,27,54,22,0.004588,0.004588,0.004518,0.004528,0.004594,0.004594,0.004731,0.004738,0.004605,0.004605,0.004638,0.004650
11544,114840,2850515,0.0373631,0.00457756,27,54,22,0.004653,0.004653,0.004578,0.004586,0.004658,0.004658,0.004790,0.004797,0.004673,0.004673,0.004706,0.004726
11556,114960,2858688,0.0373631,0.00467785,27,54,22,0.004754,0.004754,0.004678,0.004686,0.004761,0.004761,0.004897,0.004904,0.004776,0.004776,0.004782,0.004822
11568,115080,2866671,0.0373631,0.00488931,27,54,22,0.004966,0.004967,0.004889,0.004894,0.004969,0.004972,0.005108,0.005115,0.004980,0.004981,0.004986,0.005024
11580,115200,2877983,0.0373631,0.00492539,27,54,22,0.005000,0.005000,0.004925,0.004930,0.005007,0.005011,0.005145,0.005152,0.005021,0.005021,0.005022,0.005062
11592,115320,2890402,0.0373631,0.00493918,27,54,22,0.005012,0.005012,0.004939,0.004943,0.005020,0.005024,0.005157,0.005165,0.005034,0.005035,0.005036,0.005075
11604,115440,2900080,0.0373631,0.00497307,27,54,22,0.005046,0.005046,0.004973,0.004977,0.005056,0.005059,0.005195,0.005202,0.005074,0.005074,0.005073,0.005114
11616,115560,2914865,0.0373631,0.00497868,27,54,22,0.005052,0.005052,0.004979,0.004983,0.005063,0.005066,0.005209,0.005216,0.005084,0.005084,0.005082,0.005121
11628,115680,2923180,0.0373631,0.00497212,27,54,22,0.005048,0.005048,0.004972,0.004976,0.005059,0.005062,0.005202,0.005208,0.005078,0.005078,0.005077,0.005117
11640,115800,2935384,0.0373631,0.0049617,27,54,22,0.005038,0.005038,0.004962,0.004966,0.005048,0.005051,0.005193,0.005199,0.005067,0.005067,0.005066,0.005106
11652,115920,2948907,0.0373631,0.00485769,27,54,22,0.004929,0.004929,0.004858,0.004862,0.004943,0.004945,0.005088,0.005094,0.004963,0.004964,0.004965,0.005003
11664,116040,2956655,0.0373631,0.00505685,27,54,22,0.005123,0.005123,0.005057,0.005061,0.005129,0.005131,0.005293,0.005296,0.005152,0.005153,0.005169,0.005204
11676,116160,2968991,0.0373631,0.00504511,27,54,22,0.005111,0.005111,0.005045,0.005049,0.005112,0.005113,0.005279,0.005282,0.005135,0.005135,0.005155,0.005189
11688,116280,2979013,0.0373631,0.00504934,27,54,22,0.005116,0.005116,0.005049,0.005054,0.005114,0.005115,0.005279,0.005284,0.005138,0.005138,0.005156,0.005182
11700,116400,2990631,0.0373631,0.00510675,27,54,22,0.005170,0.005170,0.005107,0.005111,0.005173,0.005175,0.005342,0.005347,0.005193,0.005193,0.005216,0.005240
11712,116520,2999249,0.0373631,0.0051258,27,54,22,0.005188,0.005188,0.005126,0.005130,0.005192,0.005194,0.005361,0.005365,0.005210,0.005210,0.005233,0.005262
11724,116640,3015047,0.0373631,0.00512627,27,54,22,0.005188,0.005188,0.005126,0.005130,0.005192,0.005194,0.005358,0.005362,0.005210,0.005210,0.005231,0.005261
11736,116760,3025200,0.0373631,0.00512676,27,54,22,0.005188,0.005188,0.005127,0.005131,0.005192,0.005194,0.005354,0.005358,0.005210,0.005210,0.005229,0.005259
11748,116880,3035261,0.0373631,0.00512839,27,54,22,0.005189,0.005189,0.005128,0.005133,0.005195,0.005197,0.005351,0.005356,0.005213,0.005213,0.005231,0.005261
11760,117000,3048979,0.0373631,0.00513669,27,54,22,0.005198,0.005198,0.005137,0.005141,0.005203,0.005205,0.005356,0.005362,0.005219,0.005219,0.005235,0.005267
11772,117120,3059337,0.0373631,0.00514705,27,54,22,0.005207,0.005207,0.005147,0.005151,0.005215,0.005218,0.005365,0.005372,0.005228,0.005228,0.005244,0.005273
11784,117240,3069329,0.0373631,0.00515314,27,54,22,0.005213,0.005213,0.005153,0.005157,0.005222,0.005224,0.005371,0.005377,0.005234,0.005234,0.005250,0.005281
11796,117360,3077463,0.0373631,0.00515589,27,54,22,0.005215,0.005215,0.005156,0.005160,0.005224,0.005227,0.005374,0.005380,0.005237,0.005237,0.005252,0.005284
11808,117480,3088723,0.0373631,0.00518205,27,54,22,0.005241,0.005241,0.005182,0.005186,0.005250,0.005252,0.005400,0.005407,0.005263,0.005263,0.005279,0.005311
11820,117600,3100972,0.0373631,0.00519234,27,54,22,0.005251,0.005251,0.005192,0.005196,0.005259,0.005262,0.005408,0.005414,0.005272,0.005272,0.005287,0.005319
11832,117720,3110498,0.0373631,0.00535101,27,54,22,0.005412,0.005412,0.005351,0.005355,0.005414,0.005415,0.005557,0.005564,0.005426,0.005426,0.005443,0.005474
11844,117840,3117629,0.0373631,0.005519,27,54,22,0.005569,0.005569,0.005519,0.005523,0.005574,0.005575,0.005696,0.005706,0.005585,0.005586,0.005603,0.005619
11856,117960,3125812,0.0373631,0.00556773,27,54,22,0.005613,0.005614,0.005568,0.005572,0.005621,0.005622,0.005740,0.005748,0.005637,0.005637,0.005647,0.005666
11868,118080,3132498,0.0373631,0.00559912,27,54,22,0.005643,0.005643,0.005599,0.005603,0.005652,0.005654,0.005770,0.005776,0.005671,0.005671,0.005680,0.005696
11880,118200,3137731,0.0373631,0.00560686,27,54,22,0.005650,0.005650,0.005607,0.005611,0.005659,0.005659,0.005771,0.005777,0.005674,0.005674,0.005684,0.005701
11892,118320,3144357,0.0373631,0.00563334,27,54,22,0.005679,0.005679,0.005633,0.005637,0.005688,0.005689,0.005800,0.005806,0.005703,0.005703,0.005710,0.005727
11904,118440,3148259,0.0373631,0.00571258,27,54,22,0.005760,0.005761,0.005713,0.005717,0.005769,0.005770,0.005878,0.005884,0.005782,0.005782,0.005787,0.005805
11916,118560,3153125,0.0373631,0.00579476,27,54,22,0.005847,0.005847,0.005795,0.005799,0.005856,0.005857,0.005955,0.005962,0.005866,0.005866,0.005867,0.005885
11928,118680,3158624,0.0373631,0.00579588,27,54,22,0.005847,0.005847,0.005796,0.005800,0.005857,0.005858,0.005960,0.005965,0.005867,0.005867,0.005869,0.005889
11940,118800,3165356,0.0373631,0.00576655,27,54,22,0.005817,0.005817,0.005767,0.005771,0.005822,0.005823,0.005930,0.005936,0.005835,0.005835,0.005836,0.005856
11952,118920,3172297,0.0481969,0.00577931,27,55,20,0.005832,0.005832,0.005779,0.005785,0.005835,0.005836,0.005943,0.005948,0.005849,0.005849,0.005847,0.005870
11964,119040,3177383,0.0481969,0.00582007,27,55,20,0.005875,0.005875,0.005820,0.005825,0.005878,0.005879,0.005980,0.005985,0.005890,0.005890,0.005885,0.005909
11976,119160,3186150,0.0481969,0.00600896,27,55,20,0.006057,0.006057,0.006009,0.006015,0.006052,0.006052,0.006153,0.006158,0.006059,0.006059,0.006050,0.006074
11988,119280,3194244,0.0481969,0.00603812,27,55,20,0.006085,0.006085,0.006038,0.006044,0.006080,0.006080,0.006178,0.006183,0.006082,0.006083,0.006074,0.006095
12000,119400,3202715,0.0481969,0.0060355,27,55,20,0.006081,0.006081,0.006036,0.006041,0.006077,0.006077,0.006177,0.006182,0.006078,0.006078,0.006070,0.006094
12012,119520,3207820,0.0481969,0.00601931,27,55,20,0.006067,0.006067,0.006019,0.006026,0.006058,0.006058,0.006160,0.006164,0.006061,0.006061,0.006050,0.006075
12024,119640,3213443,0.0481969,0.00601299,27,55,20,0.006063,0.006063,0.006013,0.006020,0.006053,0.006053,0.006158,0.006163,0.006054,0.006054,0.006042,0.006072
12036,119760,3219057,0.0481969,0.00577073,27,55,20,0.005817,0.005817,0.005771,0.005775,0.005811,0.005811,0.005893,0.005900,0.005808,0.005808,0.005799,0.005829
12048,119880,3224799,0.0481969,0.00568499,27,55,20,0.005730,0.005731,0.005685,0.005689,0.005728,0.005728,0.005810,0.005817,0.005723,0.005723,0.005724,0.005748
12060,120000,3231977,0.0373631,0.00555385,27,54,22,0.005599,0.005599,0.005554,0.005558,0.005598,0.005598,0.005677,0.005684,0.005594,0.005594,0.005600,0.005615
12072,120120,3239996,0.0447302,0.00513939,28,63,22,0.005195,0.005195,0.005139,0.005143,0.005186,0.005188,0.005255,0.005263,0.005185,0.005185,0.005191,0.005202
12084,120240,3248275,0.0373631,0.00500736,27,54,22,0.005065,0.005065,0.005007,0.005012,0.005060,0.005061,0.005119,0.005124,0.005060,0.005060,0.005064,0.005078
12096,120360,3255372,0.0451031,0.00499283,28,63,22,0.005051,0.005051,0.004993,0.004996,0.005044,0.005045,0.005094,0.005099,0.005041,0.005041,0.005041,0.005056
12108,120480,3310129,0.0373631,0.00499204,27,54,22,0.005052,0.005052,0.004992,0.004994,0.005042,0.005043,0.005094,0.005097,0.005039,0.005039,0.005037,0.005053
12120,120600,3320921,0.0451031,0.00500116,28,63,22,0.005063,0.005063,0.005001,0.005004,0.005055,0.005056,0.005105,0.005107,0.005051,0.005051,0.005051,0.005065
12132,120720,3329238,0.0451031,0.0049977,28,63,22,0.005060,0.005060,0.004998,0.005002,0.005052,0.005053,0.005103,0.005106,0.005050,0.005050,0.005048,0.005063
12144,120840,3416506,0.0451031,0.00499695,28,63,22,0.005060,0.005060,0.004997,0.005004,0.005054,0.005055,0.005105,0.005108,0.005052,0.005052,0.005050,0.005067
12156,120960,3430375,0.0449423,0.00500344,28,63,23,0.005077,0.005077,0.005003,0.005018,0.005072,0.005073,0.005122,0.005125,0.005069,0.005069,0.005067,0.005085
12168,121080,3446714,0.0449423,0.00506336,28,63,23,0.005140,0.005140,0.005063,0.005080,0.005131,0.005133,0.005179,0.005182,0.005129,0.005130,0.005121,0.005139
12180,121200,3457216,0.0449423,0.00516925,28,63,23,0.005240,0.005240,0.005169,0.005185,0.005237,0.005238,0.005291,0.005292,0.005239,0.005240,0.005232,0.005245
12192,121320,3474789,0.0449423,0.00526464,28,63,23,0.005344,0.005344,0.005265,0.005286,0.005339,0.005341,0.005393,0.005394,0.005340,0.005342,0.005325,0.005335
12204,121440,3481604,0.0449423,0.00552759,28,63,23,0.005614,0.005614,0.005528,0.005549,0.005594,0.005595,0.005659,0.005661,0.005600,0.005602,0.005576,0.005587
12216,121560,3495633,0.0449423,0.00546422,28,63,23,0.005540,0.005540,0.005464,0.005472,0.005517,0.005518,0.005598,0.005600,0.005529,0.005530,0.005513,0.005518
12228,121680,3501595,0.0449423,0.00521342,28,63,23,0.005305,0.005305,0.005213,0.005222,0.005279,0.005279,0.005346,0.005350,0.005286,0.005287,0.005268,0.005279
12240,121800,3508528,0.0449423,0.00507648,28,63,23,0.005165,0.005165,0.005076,0.005086,0.005135,0.005137,0.005229,0.005235,0.005141,0.005141,0.005130,0.005145
12252,121920,3515532,0.0466338,0.00495377,28,63,22,0.005026,0.005026,0.004954,0.004966,0.004990,0.005000,0.005141,0.005147,0.004992,0.004996,0.004991,0.005008
12264,122040,3520213,0.0432317,0.00482325,28,64,23,0.004896,0.004896,0.004823,0.004836,0.004865,0.004873,0.005016,0.005018,0.004869,0.004872,0.004870,0.004882
12276,122160,3529711,0.0432317,0.00463599,28,64,23,0.004703,0.004703,0.004636,0.004650,0.004679,0.004681,0.004817,0.004820,0.004684,0.004685,0.004686,0.004705
12288,122280,3541130,0.0432317,0.00456221,28,64,23,0.004624,0.004624,0.004562,0.004575,0.004601,0.004605,0.004738,0.004740,0.004605,0.004606,0.004612,0.004629
12300,122400,3553232,0.0432317,0.00455583,28,64,23,0.004619,0.004619,0.004556,0.004569,0.004595,0.004596,0.004730,0.004733,0.004599,0.004599,0.004606,0.004623
12312,122520,3560402,0.0432317,0.00454989,28,64,23,0.004616,0.004616,0.004550,0.004562,0.004591,0.004591,0.004723,0.004727,0.004595,0.004595,0.004602,0.004618
12324,122640,3568191,0.0432317,0.00432492,28,64,23,0.004400,0.004400,0.004325,0.004338,0.004368,0.004369,0.004503,0.004505,0.004367,0.004367,0.004378,0.004388
12336,122760,3574267,0.0432317,0.00429009,28,64,23,0.004363,0.004363,0.004290,0.004304,0.004335,0.004335,0.004475,0.004476,0.004334,0.004334,0.004348,0.004361
12348,122880,3582647,0.0432317,0.00410562,28,64,23,0.004170,0.004175,0.004106,0.004122,0.004151,0.004151,0.004285,0.004286,0.004151,0.004151,0.004166,0.004183
12360,123000,3588502,0.0432317,0.00391002,28,64,23,0.003965,0.003970,0.003910,0.003926,0.003958,0.003958,0.004087,0.004090,0.003959,0.003959,0.003978,0.003999
12372,123120,3596523,0.0386158,0.00389851,28,63,23,0.003952,0.003957,0.003899,0.003906,0.003942,0.003942,0.004068,0.004071,0.003943,0.003943,0.003961,0.003983
12384,123240,3601372,0.0386158,0.0038863,28,63,23,0.003939,0.003943,0.003886,0.003894,0.003930,0.003930,0.004057,0.004061,0.003930,0.003930,0.003950,0.003972
12396,123360,3608560,0.0386158,0.0038912,28,63,23,0.003945,0.003950,0.003891,0.003898,0.003934,0.003934,0.004061,0.004065,0.003932,0.003934,0.003954,0.003977
12408,123480,3613403,0.0386158,0.00388209,28,63,23,0.003935,0.003939,0.003882,0.003886,0.003924,0.003924,0.004053,0.004057,0.003922,0.003924,0.003945,0.003950
12420,123600,3619757,0.0386158,0.00383909,28,63,23,0.003896,0.003901,0.003839,0.003844,0.003884,0.003884,0.004010,0.004010,0.003882,0.003884,0.003905,0.003909
12432,123720,3625336,0.0386158,0.00368328,28,63,23,0.003736,0.003742,0.003683,0.003686,0.003715,0.003715,0.003834,0.003837,0.003712,0.003715,0.003736,0.003739
12444,123840,3631547,0.0386158,0.00367603,28,63,23,0.003728,0.003734,0.003676,0.003682,0.003702,0.003705,0.003833,0.003839,0.003705,0.003709,0.003727,0.003730
12456,123960,3637289,0.0374868,0.00371459,28,66,24,0.003772,0.003777,0.003715,0.003727,0.003743,0.003744,0.003874,0.003879,0.003744,0.003746,0.003768,0.003772
12468,124080,3642697,0.0374868,0.00379138,28,66,24,0.003859,0.003864,0.003791,0.003806,0.003824,0.003825,0.003947,0.003956,0.003822,0.003825,0.003844,0.003844
12480,124200,3649024,0.0374868,0.00374704,28,66,24,0.003807,0.003812,0.003747,0.003759,0.003774,0.003774,0.003903,0.003910,0.003774,0.003777,0.003796,0.003796
12492,124320,3654598,0.0374868,0.0037081,28,66,24,0.003762,0.003767,0.003708,0.003720,0.003727,0.003727,0.003861,0.003868,0.003731,0.003733,0.003753,0.003753
12504,124440,3660760,0.0374868,0.00368383,28,66,24,0.003736,0.003742,0.003684,0.003695,0.003703,0.003703,0.003837,0.003843,0.003705,0.003708,0.003729,0.003729
12516,124560,3665751,0.0374868,0.0036319,28,66,24,0.003681,0.003687,0.003632,0.003641,0.003648,0.003649,0.003778,0.003786,0.003650,0.003653,0.003677,0.003677
12528,124680,3673365,0.0374868,0.00361253,28,66,24,0.003663,0.003669,0.003613,0.003622,0.003631,0.003631,0.003763,0.003771,0.003632,0.003634,0.003665,0.003665
12540,124800,3677648,0.0374868,0.00359065,28,66,24,0.003639,0.003645,0.003591,0.003599,0.003607,0.003607,0.003739,0.003748,0.003607,0.003610,0.003641,0.003641
12552,124920,3687202,0.0354189,0.00350459,27,66,24,0.003546,0.003552,0.003505,0.003511,0.003519,0.003519,0.003659,0.003667,0.003521,0.003524,0.003565,0.003565
12564,125040,3695523,0.0354189,0.00340839,27,66,24,0.003447,0.003454,0.003408,0.003415,0.003422,0.003422,0.003568,0.003574,0.003426,0.003428,0.003470,0.003470
12576,125160,3738475,0.0354189,0.00339311,27,66,24,0.003434,0.003441,0.003393,0.003402,0.003408,0.003408,0.003554,0.003560,0.003412,0.003414,0.003456,0.003456
12588,125280,3745938,0.0354189,0.00338256,27,66,24,0.003427,0.003434,0.003383,0.003391,0.003400,0.003400,0.003543,0.003549,0.003401,0.003402,0.003447,0.003448
12600,125400,3753640,0.0354189,0.00338257,27,66,24,0.003427,0.003435,0.003383,0.003391,0.003397,0.003397,0.003540,0.003542,0.003397,0.003399,0.003447,0.003447
12612,125520,3760105,0.0354189,0.00337107,27,66,24,0.003416,0.003423,0.003371,0.003379,0.003381,0.003381,0.003526,0.003527,0.003381,0.003382,0.003430,0.003430
12624,125640,3766174,0.0341596,0.00335745,27,66,24,0.003405,0.003412,0.003357,0.003369,0.003368,0.003368,0.003515,0.003516,0.003370,0.003371,0.003418,0.003418
12636,125760,3771292,0.0341596,0.00334914,27,66,24,0.003397,0.003405,0.003349,0.003361,0.003358,0.003358,0.003506,0.003506,0.003362,0.003362,0.003407,0.003407
12648,125880,3777231,0.0341596,0.00338153,27,66,24,0.003431,0.003438,0.003382,0.003394,0.003390,0.003390,0.003541,0.003543,0.003396,0.003396,0.003439,0.003439
12660,126000,3785742,0.0341596,0.00353783,27,66,24,0.003579,0.003587,0.003538,0.003549,0.003542,0.003542,0.003682,0.003686,0.003547,0.003547,0.003590,0.003590
12672,126120,3791969,0.034652,0.00354565,30,133,32,0.003586,0.003594,0.003548,0.003562,0.003546,0.003546,0.003693,0.003696,0.003554,0.003555,0.003594,0.003594
12684,126240,3798728,0.0347848,0.00358659,31,134,32,0.003635,0.003642,0.003592,0.003607,0.003587,0.003587,0.003732,0.003734,0.003593,0.003593,0.003637,0.003637
12696,126360,3804779,0.034652,0.00357683,30,133,32,0.003627,0.003636,0.003587,0.003601,0.003577,0.003577,0.003730,0.003731,0.003586,0.003586,0.003631,0.003631
12708,126480,3811412,0.0345863,0.00356576,32,132,33,0.003617,0.003625,0.003577,0.003590,0.003566,0.003566,0.003720,0.003721,0.003576,0.003576,0.003620,0.003620
12720,126600,3818749,0.034652,0.00353958,30,133,32,0.003598,0.003607,0.003549,0.003564,0.003540,0.003540,0.003685,0.003696,0.003550,0.003550,0.003596,0.003597
12732,126720,3824544,0.034652,0.00349658,30,133,32,0.003557,0.003558,0.003511,0.003525,0.003497,0.003497,0.003642,0.003655,0.003509,0.003509,0.003554,0.003554
12744,126840,3831464,0.034652,0.00341494,30,133,32,0.003487,0.003488,0.003449,0.003460,0.003415,0.003416,0.003571,0.003590,0.003432,0.003433,0.003477,0.003477
12756,126960,3838177,0.034652,0.00330946,30,133,32,0.003380,0.003380,0.003346,0.003354,0.003309,0.003311,0.003464,0.003479,0.003324,0.003328,0.003373,0.003373
12768,127080,3845784,0.034652,0.00309828,30,133,32,0.003162,0.003163,0.003139,0.003147,0.003098,0.003099,0.003258,0.003266,0.003118,0.003122,0.003168,0.003168
12780,127200,3856991,0.034652,0.00307207,30,133,32,0.003134,0.003135,0.003112,0.003120,0.003072,0.003073,0.003247,0.003252,0.003094,0.003099,0.003157,0.003157
12792,127320,3864073,0.0311287,0.00310066,29,134,32,0.003155,0.003156,0.003132,0.003140,0.003101,0.003101,0.003274,0.003278,0.003121,0.003126,0.003183,0.003183
12804,127440,3871470,0.0311287,0.00311941,29,134,32,0.003179,0.003179,0.003148,0.003156,0.003119,0.003119,0.003292,0.003295,0.003138,0.003142,0.003175,0.003200
12816,127560,3876817,0.0317626,0.00317925,30,134,33,0.003245,0.003246,0.003207,0.003216,0.003179,0.003182,0.003348,0.003354,0.003195,0.003200,0.003216,0.003257
12828,127680,3883156,0.0319831,0.00318433,29,135,32,0.003250,0.003253,0.003214,0.003222,0.003184,0.003188,0.003355,0.003361,0.003201,0.003207,0.003221,0.003262
12840,127800,3889839,0.0319831,0.00320194,29,135,32,0.003264,0.003268,0.003231,0.003240,0.003202,0.003204,0.003372,0.003375,0.003217,0.003224,0.003239,0.003278
12852,127920,3895565,0.0319831,0.00321782,29,135,32,0.003281,0.003285,0.003248,0.003257,0.003218,0.003220,0.003385,0.003389,0.003232,0.003237,0.003254,0.003293
12864,128040,3901452,0.0319831,0.00296691,29,135,32,0.003024,0.003027,0.002980,0.002988,0.002967,0.002968,0.003122,0.003125,0.002981,0.002984,0.002993,0.003029
12876,128160,3908800,0.0317626,0.00311732,30,134,33,0.003172,0.003177,0.003126,0.003134,0.003117,0.003119,0.003279,0.003285,0.003131,0.003388,0.003141,0.003178
12888,128280,3914359,0.0317626,0.00313168,30,134,33,0.003188,0.003192,0.003142,0.003151,0.003132,0.003133,0.003294,0.003300,0.003145,0.003400,0.003156,0.003193
12900,128400,3920141,0.0317626,0.00309908,30,134,33,0.003160,0.003165,0.003113,0.003121,0.003099,0.003100,0.003261,0.003270,0.003117,0.003122,0.003123,0.003159
12912,128520,3929435,0.0317626,0.00308726,30,134,33,0.003148,0.003153,0.003101,0.003108,0.003087,0.003088,0.003250,0.003262,0.003106,0.003112,0.003111,0.003148
12924,128640,3940746,0.0317626,0.00309773,30,134,33,0.003156,0.003161,0.003109,0.003117,0.003098,0.003098,0.003261,0.003273,0.003115,0.003121,0.003120,0.003158
12936,128760,3947374,0.0317626,0.00314722,30,134,33,0.003205,0.003206,0.003151,0.003157,0.003147,0.003147,0.003308,0.003318,0.003163,0.003166,0.003164,0.003203
12948,128880,3957961,0.0337316,0.00319936,27,66,24,0.003257,0.003259,0.003199,0.003206,0.003201,0.003201,0.003357,0.003367,0.003214,0.003218,0.003214,0.003251
12960,129000,3962300,0.0337316,0.00320105,27,66,24,0.003260,0.003261,0.003201,0.003207,0.003204,0.003204,0.003360,0.003371,0.003217,0.003221,0.003217,0.003255
12972,129120,3970184,0.0339109,0.003186,30,132,32,0.003243,0.003244,0.003186,0.003192,0.003186,0.003186,0.003326,0.003352,0.003201,0.003204,0.003199,0.003236
12984,129240,3975760,0.0339109,0.00317967,30,132,32,0.003238,0.003239,0.003182,0.003188,0.003180,0.003180,0.003324,0.003350,0.003197,0.003200,0.003191,0.003229
12996,129360,3982424,0.0337316,0.00317988,27,66,24,0.003237,0.003238,0.003180,0.003186,0.003180,0.003180,0.003324,0.003352,0.003197,0.003200,0.003189,0.003229
13008,129480,3987960,0.0336836,0.00315838,31,140,37,0.003221,0.003222,0.003162,0.003168,0.003158,0.003167,0.003306,0.003333,0.003182,0.003185,0.003174,0.003215
13020,129600,3995687,0.0337316,0.00316278,27,66,24,0.003210,0.003225,0.003163,0.003169,0.003164,0.003173,0.003313,0.003340,0.003186,0.003187,0.003179,0.003220
13032,129720,4001782,0.0337316,0.00300852,27,66,24,0.003054,0.003064,0.003009,0.003011,0.003010,0.003017,0.003146,0.003174,0.003032,0.003033,0.003025,0.003065
13044,129840,4008358,0.0337316,0.00284655,27,66,24,0.002893,0.002902,0.002847,0.002849,0.002852,0.002856,0.002975,0.003006,0.002874,0.002874,0.002866,0.002878
13056,129960,4014896,0.0328526,0.00279823,29,72,26,0.002847,0.002854,0.002798,0.002802,0.002805,0.002811,0.002929,0.002958,0.002823,0.002823,0.002820,0.002831
13068,130080,4019993,0.0328526,0.00276799,29,72,26,0.002813,0.002823,0.002768,0.002776,0.002769,0.002775,0.002893,0.002921,0.002787,0.002787,0.002785,0.002796
13080,130200,4024979,0.0341596,0.00276122,27,66,24,0.002805,0.002814,0.002761,0.002764,0.002761,0.002767,0.002887,0.002917,0.002781,0.002781,0.002783,0.002795
13092,130320,4032069,0.0307746,0.00273059,31,140,38,0.002773,0.002782,0.002737,0.002740,0.002731,0.002736,0.002860,0.002888,0.002751,0.002751,0.002759,0.002773
13104,130440,4036843,0.0296426,0.00264465,31,140,37,0.002692,0.002698,0.002656,0.002659,0.002645,0.002653,0.002784,0.002811,0.002669,0.002669,0.002688,0.002691
13116,130560,4042296,0.0296426,0.00255869,31,140,37,0.002605,0.002610,0.002576,0.002580,0.002559,0.002562,0.002713,0.002738,0.002583,0.002584,0.002615,0.002616
13128,130680,4046752,0.0288808,0.00254897,31,141,37,0.002596,0.002601,0.002569,0.002572,0.002549,0.002550,0.002706,0.002734,0.002574,0.002575,0.002609,0.002609
13140,130800,4053505,0.0288808,0.0025486,31,141,37,0.002595,0.002600,0.002571,0.002574,0.002549,0.002549,0.002711,0.002740,0.002573,0.002574,0.002612,0.002613
13152,130920,4058147,0.0287734,0.00252941,32,146,38,0.002575,0.002579,0.002552,0.002555,0.002529,0.002530,0.002698,0.002731,0.002554,0.002555,0.002591,0.002599
13164,131040,4065514,0.0287734,0.0024714,32,146,38,0.002515,0.002517,0.002496,0.002498,0.002471,0.002473,0.002661,0.002696,0.002502,0.002504,0.002544,0.002553
13176,131160,4071874,0.0268691,0.00223293,32,145,38,0.002266,0.002270,0.002250,0.002254,0.002233,0.002233,0.002412,0.002449,0.002263,0.002264,0.002309,0.002319
13188,131280,4078754,0.0268691,0.00216943,32,145,38,0.002203,0.002210,0.002193,0.002196,0.002169,0.002169,0.002348,0.002383,0.002198,0.002295,0.002252,0.002260
13200,131400,4084615,0.0262615,0.00217943,32,146,39,0.002216,0.002223,0.002206,0.002208,0.002179,0.002179,0.002357,0.002390,0.002208,0.002210,0.002262,0.002270
13212,131520,4091715,0.0262615,0.00217569,32,146,39,0.002213,0.002220,0.002200,0.002203,0.002176,0.002176,0.002351,0.002384,0.002204,0.002206,0.002259,0.002266
13224,131640,4097671,0.0262615,0.00217284,32,146,39,0.002212,0.002219,0.002199,0.002202,0.002173,0.002173,0.002347,0.002380,0.002200,0.002202,0.002254,0.002261
13236,131760,4104065,0.0262615,0.00218468,32,146,39,0.002213,0.002236,0.002216,0.002218,0.002185,0.002185,0.002365,0.002397,0.002214,0.002215,0.002261,0.002271
13248,131880,4109795,0.0262615,0.00218808,32,146,39,0.002217,0.002239,0.002219,0.002221,0.002188,0.002188,0.002369,0.002401,0.002219,0.002219,0.002265,0.002274
13260,132000,4115808,0.0262615,0.0021916,32,146,39,0.002222,0.002243,0.002224,0.002227,0.002192,0.002192,0.002376,0.002409,0.002224,0.002225,0.002272,0.002281
13272,132120,4121172,0.0263734,0.00218836,32,146,38,0.002215,0.002238,0.002218,0.002221,0.002188,0.002189,0.002369,0.002402,0.002219,0.002219,0.002271,0.002278
13284,132240,4127482,0.0263734,0.00217634,32,146,38,0.002202,0.002225,0.002206,0.002209,0.002176,0.002177,0.002356,0.002388,0.002205,0.002205,0.002258,0.002264
13296,132360,4132410,0.0263734,0.00217387,32,146,38,0.002200,0.002223,0.002205,0.002207,0.002174,0.002175,0.002356,0.002388,0.002203,0.002204,0.002254,0.002261
13308,132480,4140126,0.0263734,0.0021785,32,146,38,0.002202,0.002224,0.002210,0.002211,0.002178,0.002179,0.002366,0.002397,0.002211,0.002212,0.002261,0.002268
13320,132600,4152168,0.0263734,0.00216751,32,146,38,0.002193,0.002214,0.002200,0.002202,0.002168,0.002168,0.002354,0.002387,0.002200,0.002201,0.002252,0.002258
13332,132720,4158558,0.0263734,0.00216651,32,146,38,0.002191,0.002212,0.002198,0.002200,0.002167,0.002167,0.002352,0.002385,0.002199,0.002200,0.002252,0.002258
13344,132840,4166806,0.0263734,0.00216796,32,146,38,0.002192,0.002207,0.002201,0.002202,0.002168,0.002169,0.002341,0.002389,0.002200,0.002201,0.002253,0.002259
13356,132960,4173174,0.0263734,0.00215263,32,146,38,0.002177,0.002192,0.002187,0.002189,0.002153,0.002153,0.002328,0.002375,0.002185,0.002186,0.002235,0.002237
13368,133080,4178938,0.0258658,0.0020819,32,146,38,0.002103,0.002118,0.002118,0.002120,0.002082,0.002083,0.002266,0.002306,0.002114,0.002114,0.002175,0.002175
13380,133200,4185821,0.0258658,0.00195504,32,146,38,0.001982,0.002003,0.001991,0.001997,0.001955,0.001956,0.002126,0.002152,0.001985,0.001986,0.002044,0.002047
13392,133320,4192287,0.0258658,0.0018574,32,146,38,0.001884,0.001901,0.001898,0.001903,0.001857,0.001859,0.002031,0.002043,0.001887,0.001890,0.001952,0.001955
13404,133440,4198562,0.0258658,0.00156813,32,146,38,0.001585,0.001601,0.001606,0.001613,0.001568,0.001571,0.001739,0.001748,0.001597,0.001600,0.001663,0.001669
13416,133560,4216276,0.0258658,0.00156113,32,146,38,0.001578,0.001594,0.001601,0.001607,0.001561,0.001563,0.001732,0.001736,0.001589,0.001590,0.001658,0.001665
13428,133680,4244381,0.0258658,0.00156801,32,146,38,0.001581,0.001597,0.001604,0.001611,0.001568,0.001570,0.001706,0.001743,0.001594,0.001597,0.001665,0.001673
13440,133800,4263441,0.0258658,0.0015772,32,146,38,0.001588,0.001604,0.001611,0.001617,0.001577,0.001579,0.001678,0.001737,0.001600,0.001603,0.001675,0.001675
13452,133920,4275321,0.0231309,0.00158032,33,146,38,0.001591,0.001606,0.001614,0.001621,0.001580,0.001581,0.001679,0.001731,0.001603,0.001604,0.001679,0.001679
13464,134040,4288363,0.0231309,0.00157367,33,146,38,0.001583,0.001600,0.001607,0.001614,0.001574,0.001575,0.001673,0.001725,0.001596,0.001597,0.001674,0.001674
13476,134160,4295388,0.0231309,0.00155871,33,146,38,0.001570,0.001587,0.001593,0.001599,0.001559,0.001559,0.001659,0.001714,0.001581,0.001582,0.001659,0.001659
13488,134280,4307472,0.0231309,0.00155882,33,146,38,0.001569,0.001587,0.001590,0.001596,0.001559,0.001559,0.001652,0.001713,0.001580,0.001581,0.001663,0.001663
13500,134400,4313554,0.0231309,0.00155388,33,146,38,0.001561,0.001579,0.001584,0.001586,0.001554,0.001554,0.001641,0.001689,0.001574,0.001575,0.001662,0.001662
13512,134520,4324577,0.0231309,0.00155402,33,146,38,0.001561,0.001579,0.001585,0.001587,0.001554,0.001555,0.001641,0.001683,0.001573,0.001573,0.001661,0.001661
13524,134640,4331703,0.0231309,0.00155469,33,146,38,0.001561,0.001578,0.001585,0.001588,0.001555,0.001555,0.001642,0.001681,0.001573,0.001573,0.001664,0.001664
13536,134760,4340887,0.0228046,0.00155242,33,147,38,0.001562,0.001578,0.001586,0.001588,0.001552,0.001554,0.001644,0.001679,0.001571,0.001572,0.001664,0.001664
13548,134880,4347708,0.0228046,0.00155271,33,147,38,0.001562,0.001578,0.001586,0.001588,0.001553,0.001555,0.001645,0.001680,0.001572,0.001572,0.001665,0.001665
13560,135000,4356617,0.0228046,0.00155244,33,147,38,0.001563,0.001582,0.001588,0.001590,0.001552,0.001553,0.001646,0.001681,0.001570,0.001571,0.001662,0.001662
13572,135120,4362596,0.0228046,0.00155103,33,147,38,0.001561,0.001580,0.001587,0.001589,0.001551,0.001552,0.001642,0.001677,0.001568,0.001569,0.001662,0.001662
13584,135240,4370168,0.0225442,0.00153319,32,145,38,0.001539,0.001564,0.001570,0.001572,0.001533,0.001534,0.001625,0.001661,0.001550,0.001551,0.001646,0.001646
13596,135360,4374862,0.0225442,0.00151818,32,145,38,0.001522,0.001533,0.001555,0.001557,0.001518,0.001519,0.001611,0.001647,0.001535,0.001535,0.001634,0.001634
13608,135480,4382791,0.0225442,0.00150137,32,145,38,0.001507,0.001518,0.001542,0.001543,0.001501,0.001502,0.001599,0.001634,0.001519,0.001520,0.001621,0.001622
13620,135600,6233079,0.0225442,0.00148732,32,145,38,0.001495,0.001507,0.001511,0.001528,0.001487,0.001488,0.001584,0.001619,0.001504,0.001505,0.001605,0.001606
13632,135720,6249170,0.0225442,0.0014653,32,145,38,0.001474,0.001483,0.001490,0.001507,0.001465,0.001466,0.001560,0.001595,0.001481,0.001481,0.001583,0.001583
13644,135840,6263456,0.0225442,0.00143974,32,145,38,0.001450,0.001460,0.001460,0.001477,0.001440,0.001440,0.001531,0.001568,0.001454,0.001454,0.001558,0.001558
13656,135960,6274225,0.0225442,0.00137459,32,145,38,0.001383,0.001394,0.001388,0.001405,0.001375,0.001375,0.001461,0.001499,0.001389,0.001389,0.001469,0.001495
13668,136080,6285886,0.0204353,0.00131968,33,143,38,0.001333,0.001343,0.001340,0.001357,0.001320,0.001320,0.001415,0.001452,0.001336,0.001336,0.001422,0.001441
13680,136200,6294589,0.0204353,0.00139324,33,143,38,0.001399,0.001402,0.001399,0.001414,0.001393,0.001393,0.001483,0.001514,0.001400,0.001400,0.001513,0.001515
13692,136320,6304679,0.0209485,0.0014077,35,158,40,0.001437,0.001438,0.001426,0.001440,0.001408,0.001409,0.001498,0.001552,0.001422,0.001422,0.001524,0.001529
13704,136440,6312858,0.0209485,0.00141661,35,158,40,0.001446,0.001447,0.001435,0.001448,0.001417,0.001417,0.001503,0.001576,0.001429,0.001430,0.001530,0.001535
13716,136560,6326170,0.0209485,0.0014501,35,158,40,0.001478,0.001480,0.001464,0.001469,0.001450,0.001450,0.001533,0.001606,0.001461,0.001461,0.001561,0.001566
13728,136680,6332046,0.0209485,0.00147132,35,158,40,0.001500,0.001501,0.001487,0.001491,0.001471,0.001472,0.001555,0.001627,0.001484,0.001484,0.001584,0.001585
13740,136800,6342039,0.0225502,0.00158483,34,163,45,0.001611,0.001616,0.001601,0.001604,0.001585,0.001585,0.001665,0.001734,0.001592,0.001592,0.001696,0.001700
13752,136920,6347118,0.0225502,0.00174856,34,163,45,0.001774,0.001777,0.001763,0.001765,0.001749,0.001749,0.001837,0.001900,0.001751,0.001751,0.001838,0.001869
13764,137040,6356699,0.0225502,0.00177223,34,163,45,0.001799,0.001804,0.001786,0.001788,0.001772,0.001772,0.001865,0.001930,0.001778,0.001778,0.001859,0.001891
13776,137160,6364389,0.023933,0.00177463,33,162,45,0.001794,0.001807,0.001789,0.001791,0.001775,0.001775,0.001870,0.001935,0.001782,0.001782,0.001862,0.001894
13788,137280,6369959,0.023933,0.00177454,33,162,45,0.001794,0.001807,0.001789,0.001791,0.001775,0.001775,0.001871,0.001936,0.001783,0.001783,0.001861,0.001894
13800,137400,6376462,0.023933,0.0017736,33,162,45,0.001792,0.001805,0.001786,0.001788,0.001774,0.001774,0.001870,0.001934,0.001782,0.001782,0.001860,0.001893
13812,137520,6383775,0.0238418,0.00177112,34,164,45,0.001789,0.001802,0.001783,0.001785,0.001771,0.001771,0.001866,0.001932,0.001779,0.001780,0.001860,0.001890
13824,137640,6421758,0.0238418,0.00176739,34,164,45,0.001786,0.001799,0.001779,0.001782,0.001767,0.001767,0.001864,0.001934,0.001774,0.001775,0.001859,0.001887
13836,137760,6429401,0.0238418,0.00177126,34,164,45,0.001788,0.001802,0.001782,0.001786,0.001771,0.001771,0.001871,0.001947,0.001778,0.001778,0.001872,0.001893
13848,137880,6438572,0.0238418,0.00175855,34,164,45,0.001776,0.001791,0.001775,0.001778,0.001759,0.001759,0.001865,0.001944,0.001765,0.001769,0.001866,0.001884
13860,138000,6448733,0.0238418,0.00159184,34,164,45,0.001617,0.001631,0.001604,0.001611,0.001592,0.001592,0.001714,0.001796,0.001604,0.001608,0.001697,0.001718
13872,138120,6466535,0.0226726,0.00153581,34,164,45,0.001569,0.001582,0.001552,0.001560,0.001536,0.001537,0.001669,0.001747,0.001550,0.001555,0.001645,0.001665
13884,138240,6473744,0.0226726,0.0014579,34,164,45,0.001487,0.001503,0.001472,0.001475,0.001458,0.001460,0.001597,0.001672,0.001472,0.001473,0.001567,0.001588
13896,138360,6497066,0.0226726,0.00145986,34,164,45,0.001488,0.001505,0.001472,0.001474,0.001460,0.001462,0.001596,0.001664,0.001472,0.001476,0.001566,0.001584
13908,138480,6522734,0.0226726,0.00150005,34,164,45,0.001530,0.001546,0.001514,0.001516,0.001500,0.001501,0.001634,0.001704,0.001511,0.001511,0.001608,0.001623
13920,138600,6560774,0.0224634,0.0015571,35,164,45,0.001592,0.001607,0.001578,0.001580,0.001557,0.001561,0.001691,0.001775,0.001571,0.001576,0.001665,0.001681
13932,138720,6705478,0.0224634,0.00155765,35,164,45,0.001592,0.001608,0.001579,0.001581,0.001558,0.001562,0.001692,0.001778,0.001572,0.001572,0.001666,0.001681
13944,138840,6740219,0.0224634,0.00155862,35,164,45,0.001594,0.001608,0.001580,0.001582,0.001559,0.001564,0.001684,0.001772,0.001574,0.001574,0.001671,0.001684
13956,138960,6753440,0.0224634,0.00156033,35,164,45,0.001597,0.001610,0.001582,0.001584,0.001560,0.001566,0.001687,0.001736,0.001576,0.001577,0.001677,0.001688
13968,139080,6778032,0.0224634,0.00156121,35,164,45,0.001598,0.001612,0.001582,0.001583,0.001561,0.001567,0.001691,0.001737,0.001577,0.001577,0.001677,0.001688
13980,139200,7086815,0.0224634,0.00155076,35,164,45,0.001590,0.001602,0.001572,0.001572,0.001551,0.001555,0.001680,0.001718,0.001561,0.001562,0.001658,0.001672
13992,139320,7121695,0.0224634,0.0015264,35,164,45,0.001571,0.001583,0.001548,0.001549,0.001526,0.001531,0.001654,0.001692,0.001536,0.001537,0.001635,0.001649
14004,139440,7205792,0.0224634,0.00146949,35,164,45,0.001514,0.001529,0.001495,0.001496,0.001469,0.001474,0.001596,0.001633,0.001479,0.001480,0.001581,0.001585
14016,139560,7446232,0.0224634,0.00141944,35,164,45,0.001464,0.001481,0.001452,0.001453,0.001419,0.001424,0.001545,0.001587,0.001432,0.001433,0.001535,0.001538
14028,139680,7461587,0.0224634,0.00142417,35,164,45,0.001467,0.001486,0.001455,0.001455,0.001424,0.001429,0.001547,0.001587,0.001436,0.001437,0.001537,0.001540
14040,139800,7491005,0.0224634,0.00142099,35,164,45,0.001464,0.001481,0.001450,0.001450,0.001421,0.001426,0.001537,0.001572,0.001435,0.001436,0.001525,0.001534
14052,139920,7512835,0.0224634,0.00145381,35,164,45,0.001495,0.001511,0.001480,0.001481,0.001454,0.001458,0.001566,0.001599,0.001465,0.001465,0.001555,0.001565
14064,140040,7527893,0.0224634,0.00142251,35,164,45,0.001463,0.001480,0.001449,0.001450,0.001423,0.001427,0.001533,0.001567,0.001435,0.001435,0.001523,0.001534
14076,140160,7540877,0.0224634,0.00127327,35,164,45,0.001315,0.001334,0.001298,0.001298,0.001273,0.001278,0.001376,0.001414,0.001287,0.001287,0.001373,0.001384
14088,140280,7549296,0.0224634,0.00130527,35,164,45,0.001343,0.001361,0.001324,0.001325,0.001305,0.001310,0.001406,0.001444,0.001318,0.001318,0.001406,0.001415
14100,140400,7563432,0.0224634,0.0013624,35,164,45,0.001401,0.001415,0.001384,0.001385,0.001362,0.001366,0.001472,0.001502,0.001373,0.001373,0.001465,0.001474
14112,140520,7570615,0.0209729,0.0014601,34,166,46,0.001512,0.001522,0.001482,0.001483,0.001460,0.001464,0.001573,0.001587,0.001471,0.001471,0.001563,0.001573
14124,140640,7585714,0.0209729,0.00150277,34,166,46,0.001554,0.001561,0.001526,0.001527,0.001503,0.001503,0.001615,0.001634,0.001513,0.001513,0.001595,0.001611
14136,140760,7595067,0.0217674,0.00145816,35,166,45,0.001509,0.001519,0.001486,0.001487,0.001458,0.001458,0.001576,0.001595,0.001471,0.001471,0.001553,0.001570
14148,140880,7604592,0.0217674,0.00140636,35,166,45,0.001461,0.001473,0.001442,0.001443,0.001406,0.001407,0.001534,0.001550,0.001423,0.001423,0.001506,0.001525
14160,141000,7612878,0.0217674,0.0013959,35,166,45,0.001450,0.001462,0.001432,0.001433,0.001396,0.001396,0.001528,0.001535,0.001413,0.001413,0.001497,0.001517
14172,141120,7620471,0.0217674,0.00139631,35,166,45,0.001451,0.001463,0.001432,0.001433,0.001396,0.001396,0.001530,0.001536,0.001413,0.001413,0.001497,0.001516
14184,141240,7627539,0.0217674,0.00139608,35,166,45,0.001450,0.001464,0.001431,0.001432,0.001396,0.001396,0.001532,0.001537,0.001412,0.001412,0.001483,0.001517
14196,141360,7636095,0.0217674,0.00140964,35,166,45,0.001464,0.001479,0.001445,0.001446,0.001410,0.001410,0.001545,0.001549,0.001424,0.001424,0.001496,0.001526
14208,141480,7643333,0.0212064,0.00140267,34,162,45,0.001458,0.001472,0.001441,0.001442,0.001403,0.001403,0.001540,0.001545,0.001419,0.001419,0.001489,0.001519
14220,141600,7652601,0.0217674,0.00142508,35,166,45,0.001471,0.001490,0.001458,0.001458,0.001425,0.001425,0.001557,0.001580,0.001438,0.001438,0.001514,0.001548
14232,141720,7666022,0.0217674,0.00144325,35,166,45,0.001489,0.001494,0.001477,0.001478,0.001443,0.001443,0.001574,0.001591,0.001455,0.001455,0.001533,0.001568
14244,141840,7672211,0.024417,0.00156321,39,72,21,0.001588,0.001595,0.001579,0.001580,0.001568,0.001568,0.001693,0.001718,0.001563,0.001563,0.001658,0.001702
14256,141960,7681399,0.0239232,0.0017089,26,68,24,0.001731,0.001740,0.001709,0.001709,0.001780,0.001780,0.001840,0.001880,0.001731,0.001731,0.001847,0.001907
14268,142080,7689049,0.0255011,0.00181271,26,68,23,0.001848,0.001859,0.001813,0.001829,0.001905,0.001905,0.001975,0.002017,0.001845,0.001849,0.001975,0.002040
14280,142200,7696282,0.0255011,0.00183968,26,68,23,0.001884,0.001896,0.001840,0.001857,0.001972,0.001972,0.002018,0.002051,0.001889,0.001893,0.002038,0.002111
14292,142320,7706233,0.0255011,0.00194733,26,68,23,0.001995,0.002010,0.001947,0.001971,0.002130,0.002139,0.002129,0.002169,0.002017,0.002022,0.002192,0.002260
14304,142440,7716139,0.0273002,0.00202771,26,68,25,0.002098,0.002114,0.002028,0.002073,0.002243,0.002258,0.002240,0.002285,0.002121,0.002125,0.002289,0.002377
14316,142560,7728302,0.0273002,0.00214493,26,68,25,0.002203,0.002220,0.002145,0.002190,0.002323,0.002382,0.002358,0.002384,0.002238,0.002242,0.002206,0.002469
14328,142680,7740937,0.0273002,0.00219387,26,68,25,0.002259,0.002274,0.002194,0.002216,0.002381,0.002434,0.002410,0.002432,0.002293,0.002297,0.002261,0.002517
14340,142800,7751949,0.0273002,0.00220484,26,68,25,0.002272,0.002287,0.002205,0.002227,0.002396,0.002435,0.002424,0.002441,0.002306,0.002310,0.002275,0.002529
14352,142920,7757074,0.0273002,0.00221856,26,68,25,0.002286,0.002301,0.002219,0.002240,0.002410,0.002448,0.002438,0.002455,0.002320,0.002324,0.002289,0.002541
14364,143040,7770752,0.0273002,0.00221827,26,68,25,0.002286,0.002301,0.002218,0.002239,0.002409,0.002448,0.002433,0.002451,0.002314,0.002317,0.002277,0.002528
14376,143160,7777991,0.0273002,0.00229788,26,68,25,0.002367,0.002368,0.002298,0.002319,0.002490,0.002530,0.002512,0.002521,0.002395,0.002398,0.002358,0.002606
14388,143280,7789730,0.0296712,0.00235127,26,68,26,0.002425,0.002425,0.002351,0.002373,0.002548,0.002589,0.002570,0.002575,0.002453,0.002456,0.002415,0.002667
14400,143400,7797234,0.0296712,0.00243762,26,68,26,0.002507,0.002508,0.002438,0.002462,0.002633,0.002683,0.002660,0.002664,0.002536,0.002540,0.002493,0.002772
14412,143520,7807727,0.0296712,0.00279062,26,68,26,0.002856,0.002858,0.002791,0.002819,0.002944,0.003060,0.003020,0.003022,0.002893,0.002897,0.002843,0.003130
14424,143640,7814564,0.0296712,0.00297377,26,68,26,0.003036,0.003038,0.002974,0.003002,0.003124,0.003244,0.003216,0.003217,0.003074,0.003075,0.003025,0.003322
14436,143760,7823993,0.0296712,0.00297913,26,68,26,0.003040,0.003043,0.002979,0.003009,0.003130,0.003257,0.003227,0.003228,0.003080,0.003088,0.003032,0.003342
14448,143880,7831076,0.0296712,0.00300273,26,68,26,0.003062,0.003065,0.003003,0.003031,0.003152,0.003209,0.003249,0.003250,0.003104,0.003105,0.003056,0.003260
14460,144000,7837489,0.0296712,0.00303129,26,68,26,0.003092,0.003094,0.003031,0.003055,0.003182,0.003233,0.003268,0.003269,0.003130,0.003131,0.003082,0.003223
14472,144120,7847475,0.0296712,0.0032557,26,68,26,0.003313,0.003317,0.003256,0.003279,0.003400,0.003449,0.003507,0.003508,0.003347,0.003348,0.003295,0.003435
14484,144240,7855180,0.0296712,0.00336701,26,68,26,0.003425,0.003429,0.003367,0.003392,0.003505,0.003563,0.003623,0.003624,0.003449,0.003459,0.003408,0.003545
14496,144360,7864136,0.0296712,0.00356966,26,68,26,0.003641,0.003645,0.003570,0.003594,0.003715,0.003751,0.003825,0.003827,0.003651,0.003661,0.003612,0.003733
14508,144480,7871129,0.0296712,0.00358526,26,68,26,0.003672,0.003676,0.003585,0.003613,0.003740,0.003764,0.003861,0.003864,0.003685,0.003697,0.003631,0.003677
14520,144600,7877900,0.0370406,0.00371524,26,67,26,0.003915,0.003930,0.003715,0.003747,0.003961,0.004072,0.003987,0.004018,0.003931,0.003964,0.003840,0.003868
14532,144720,7887475,0.0370406,0.00389685,26,67,26,0.004159,0.004238,0.003897,0.003931,0.004268,0.004497,0.004166,0.004198,0.004225,0.004302,0.004128,0.004139
14544,144840,7894577,0.0370406,0.00396772,26,67,26,0.004263,0.004377,0.003968,0.004004,0.004425,0.004746,0.004226,0.004286,0.004376,0.004494,0.004282,0.004285
14556,144960,7904106,0.0370406,0.00403695,26,67,26,0.004361,0.004503,0.004037,0.004039,0.004434,0.004963,0.004265,0.004377,0.004508,0.004668,0.004415,0.004425
14568,145080,7910967,0.0370406,0.00409671,26,67,26,0.004428,0.004598,0.004097,0.004099,0.004504,0.004698,0.004287,0.004442,0.004611,0.004814,0.004519,0.004536
14580,145200,7919347,0.0370406,0.00412559,26,67,26,0.004469,0.004658,0.004126,0.004128,0.004536,0.004745,0.004298,0.004495,0.004685,0.004922,0.004377,0.004603
14592,145320,7925584,0.0370406,0.00426741,26,67,26,0.004612,0.004795,0.004267,0.004269,0.004674,0.004855,0.004437,0.004634,0.004833,0.005058,0.004529,0.004742
14604,145440,7932268,0.0370406,0.00433168,26,67,26,0.004695,0.004911,0.004332,0.004334,0.004733,0.004889,0.004481,0.004724,0.004937,0.005153,0.004513,0.004826
14616,145560,7940476,0.0370406,0.00452818,26,67,26,0.004922,0.005185,0.004528,0.004530,0.004919,0.004975,0.004674,0.004969,0.005199,0.005447,0.004702,0.005060
14628,145680,7946760,0.0370406,0.00472431,26,67,26,0.005156,0.005479,0.004724,0.004726,0.005134,0.005195,0.004771,0.005159,0.005473,0.005473,0.004890,0.005312
14640,145800,7953818,0.0370406,0.00476704,26,67,26,0.005199,0.005527,0.004767,0.004769,0.005173,0.005230,0.004828,0.005217,0.005511,0.005511,0.004934,0.005352
14652,145920,7961566,0.0370406,0.00480445,26,67,26,0.005234,0.005562,0.004804,0.004807,0.005208,0.005265,0.004863,0.004985,0.005545,0.005545,0.004974,0.005387
14664,146040,7968314,0.0370406,0.0048227,26,67,26,0.005254,0.005581,0.004823,0.004825,0.005233,0.005292,0.004884,0.004997,0.005574,0.005574,0.004996,0.005388
14676,146160,7979124,0.0370406,0.00483401,26,67,26,0.005080,0.005593,0.004834,0.004836,0.005251,0.005311,0.004895,0.005007,0.005602,0.005603,0.005019,0.005432
14688,146280,7986785,0.0370406,0.00483821,26,67,26,0.005083,0.005595,0.004838,0.004840,0.005230,0.005314,0.004894,0.005005,0.005595,0.005611,0.005019,0.005438
14700,146400,7996244,0.0440423,0.00452848,27,68,25,0.005110,0.005584,0.004528,0.004858,0.005249,0.005340,0.004915,0.005026,0.005620,0.005635,0.005031,0.005149
14712,146520,8006924,0.0440423,0.00453483,27,68,25,0.005113,0.005581,0.004535,0.004859,0.005251,0.005339,0.004915,0.005026,0.005627,0.005636,0.005035,0.005154
14724,146640,8014705,0.0440423,0.00453951,27,68,25,0.005114,0.005281,0.004540,0.004858,0.005252,0.005309,0.004917,0.004997,0.005621,0.005636,0.004937,0.005081
14736,146760,8025606,0.0431606,0.00450953,27,67,27,0.005117,0.005280,0.004510,0.004858,0.005253,0.005277,0.004917,0.005003,0.005520,0.005626,0.004938,0.005091
14748,146880,8034948,0.0431606,0.00451274,27,67,27,0.005118,0.005281,0.004513,0.004859,0.005254,0.005264,0.004916,0.005012,0.005518,0.005626,0.004938,0.005061
14760,147000,8045795,0.0431606,0.00453271,27,67,27,0.005143,0.005298,0.004533,0.004854,0.005272,0.005272,0.004936,0.005035,0.005529,0.005645,0.004853,0.005077
14772,147120,8059594,0.0431606,0.00453953,27,67,27,0.005147,0.005299,0.004540,0.004751,0.005274,0.005274,0.004943,0.005045,0.005531,0.005651,0.004858,0.005083
14784,147240,8068516,0.0431606,0.00453484,27,67,27,0.005147,0.005300,0.004535,0.004719,0.005270,0.005272,0.004951,0.005055,0.005528,0.005647,0.004859,0.005082
14796,147360,8078972,0.0438641,0.00454356,28,68,27,0.005142,0.005311,0.004544,0.004585,0.005279,0.005281,0.004961,0.005066,0.005532,0.005653,0.004869,0.005089
14808,147480,8085196,0.0431606,0.00454983,27,67,27,0.005145,0.005313,0.004550,0.004589,0.005281,0.005282,0.004964,0.005075,10000000.000000,10000000.000000,0.004873,0.005081
14820,147600,8095156,0.0437859,0.00455115,27,67,26,0.005145,0.005308,0.004551,0.004590,0.005279,0.005280,0.004965,0.005086,0.004551,0.013483,0.004875,0.005080
14832,147720,8101467,0.0437859,0.00455542,27,67,26,0.005147,0.005307,0.004555,0.004595,0.005275,0.005275,0.004963,0.005092,0.004555,0.013443,0.004874,0.005084
14844,147840,8111232,0.0437859,0.00455748,27,67,26,0.005150,0.005308,0.004557,0.004601,0.005249,0.005271,0.004964,0.005075,0.004557,0.013312,0.004876,0.005089
14856,147960,8120284,0.0437859,0.0045578,27,67,26,0.005148,0.005307,0.004558,0.004561,0.005257,0.005272,0.004964,0.005075,0.004558,0.008785,0.004880,0.005091
14868,148080,8126376,0.0437859,0.00451681,27,67,26,0.005103,0.005268,0.004517,0.004521,0.004945,0.005236,0.004925,0.005031,0.004517,0.008763,0.004845,0.005058
14880,148200,8133843,0.0437859,0.00446872,27,67,26,0.005069,0.005230,0.004469,0.004473,0.004904,0.005199,0.004885,0.004906,0.004469,0.008716,0.004802,0.004861
14892,148320,8142589,0.0437859,0.00444444,27,67,26,0.005028,0.005190,0.004444,0.004448,0.004881,0.005176,0.004856,0.004867,0.004444,0.006146,0.004779,0.004780
14904,148440,8150694,0.0437859,0.0044411,27,67,26,0.005022,0.005181,0.004441,0.004445,0.004861,0.005173,0.004847,0.004860,0.004441,0.004617,0.004781,0.004782
14916,148560,8157058,0.0437859,0.00441335,27,67,26,0.004987,0.005052,0.004413,0.004418,0.004829,0.005142,0.004816,0.004825,0.004413,0.004592,0.004753,0.004754
14928,148680,8165411,0.0437859,0.0044383,27,67,26,0.005020,0.005081,0.004438,0.004443,0.004856,0.005169,0.004847,0.004853,0.004438,0.004593,0.004779,0.004780
14940,148800,8172837,0.0437859,0.00433721,27,67,26,0.004926,0.004987,0.004337,0.004343,0.004760,0.005079,0.004747,0.004753,0.004337,0.004434,0.004679,0.004688
14952,148920,8180915,0.0437859,0.00417649,27,67,26,0.004760,0.004812,0.004176,0.004183,0.004578,0.004731,0.004557,0.004561,0.004176,0.004246,0.004521,0.004531
14964,149040,8188104,0.0404235,0.00413948,27,68,26,0.004733,0.004798,0.004139,0.004153,0.004556,0.004689,0.004531,0.004532,0.004153,0.004223,0.004489,0.004500
14976,149160,8195964,0.0404235,0.00414291,27,68,26,0.004733,0.004798,0.004143,0.004157,0.004559,0.004694,0.004529,0.004532,0.004156,0.004226,0.004483,0.004497
14988,149280,8209363,0.0404235,0.00414545,27,68,26,0.004734,0.004799,0.004145,0.004159,0.004569,0.004680,0.004441,0.004534,0.004159,0.004164,0.004478,0.004487
15000,149400,8245062,0.0404235,0.00414503,27,68,26,0.004735,0.004795,0.004145,0.004160,0.004576,0.004691,0.004441,0.004532,0.004157,0.004164,0.004475,0.004490
15012,149520,8255918,0.0404235,0.00414548,27,68,26,0.004736,0.004798,0.004145,0.004160,0.004574,0.004692,0.004451,0.004527,0.004157,0.004165,0.004466,0.004488
15024,149640,8265222,0.0404235,0.00414666,27,68,26,0.004585,0.004795,0.004147,0.004163,0.004570,0.004647,0.004429,0.004503,0.004159,0.004167,0.004465,0.004491
15036,149760,8276377,0.0404235,0.00413562,27,68,26,0.004573,0.004786,0.004136,0.004155,0.004546,0.004617,0.004416,0.004489,0.004152,0.004161,0.004428,0.004466
15048,149880,8288831,0.0404235,0.0041087,27,68,26,0.004549,0.004752,0.004109,0.004128,0.004533,0.004547,0.004402,0.004475,0.004125,0.004134,0.004408,0.004447
15060,150000,8295090,0.0404235,0.0041041,27,68,26,0.004544,0.004744,0.004104,0.004124,0.004531,0.004534,0.004366,0.004453,0.004122,0.004129,0.004402,0.004402
15072,150120,8308546,0.0404235,0.00409422,27,68,26,0.004540,0.004733,0.004094,0.004115,0.004516,0.004526,0.004359,0.004444,0.004114,0.004120,0.004396,0.004397
15084,150240,8316313,0.0400102,0.00406853,28,68,27,0.004538,0.004730,0.004069,0.004113,0.004514,0.004525,0.004356,0.004439,0.004112,0.004118,0.004404,0.004405
15096,150360,8326756,0.0400102,0.00406298,28,68,27,0.004536,0.004679,0.004063,0.004108,0.004500,0.004517,0.004347,0.004381,0.004108,0.004114,0.004401,0.004401
15108,150480,8335612,0.0400102,0.00401839,28,68,27,0.004497,0.004636,0.004018,0.004063,0.004463,0.004480,0.004305,0.004342,0.004063,0.004071,0.004362,0.004362
15120,150600,8345476,0.0400102,0.00394606,28,68,27,0.004437,0.004561,0.003946,0.003994,0.004393,0.004421,0.004229,0.004249,0.003994,0.004002,0.004305,0.004306
15132,150720,8361901,0.0400102,0.0039489,28,68,27,0.004436,0.004564,0.003949,0.003996,0.004393,0.004422,0.004231,0.004250,0.003996,0.003998,0.004306,0.004307
15144,150840,8373937,0.0400102,0.00395252,28,68,27,0.004438,0.004567,0.003953,0.004000,0.004397,0.004425,0.004233,0.004252,0.004000,0.004002,0.004295,0.004295
15156,150960,8387608,0.0400102,0.00395359,28,68,27,0.004438,0.004568,0.003954,0.004000,0.004400,0.004415,0.004233,0.004252,0.004000,0.004002,0.004294,0.004294
15168,151080,8396181,0.0400102,0.00395442,28,68,27,0.004439,0.004547,0.003954,0.004001,0.004401,0.004414,0.004232,0.004251,0.004001,0.004003,0.004294,0.004294
15180,151200,8412143,0.0400102,0.00395295,28,68,27,0.004432,0.004541,0.003953,0.003997,0.004395,0.004402,0.004230,0.004248,0.003999,0.004001,0.004273,0.004273
15192,151320,8423108,0.0400102,0.00393899,28,68,27,0.004423,0.004524,0.003939,0.003983,0.004382,0.004385,0.004240,0.004273,0.003985,0.003988,0.004257,0.004258
15204,151440,8438136,0.0400102,0.00393815,28,68,27,0.004417,0.004517,0.003938,0.003982,0.004381,0.004384,0.004243,0.004280,0.003983,0.003985,0.004238,0.004239
15216,151560,8454303,0.0400102,0.00391833,28,68,27,0.004399,0.004499,0.003918,0.003962,0.004352,0.004365,0.004227,0.004265,0.003954,0.003966,0.004227,0.004228
15228,151680,8468038,0.0400102,0.00392133,28,68,27,0.004395,0.004498,0.003921,0.003966,0.004391,0.004392,0.004238,0.004268,0.003954,0.003965,0.004460,0.004460
15240,151800,8480591,0.0400102,0.0039128,28,68,27,0.004393,0.004492,0.003913,0.003957,0.004389,0.004395,0.004227,0.004257,0.003946,0.003956,0.004462,0.004462
15252,151920,8502024,0.0400102,0.00388566,28,68,27,0.004376,0.004380,0.003886,0.003930,0.004362,0.004372,0.004203,0.004234,0.003919,0.003929,0.004433,0.004434
15264,152040,8520797,0.0400102,0.00388452,28,68,27,0.004380,0.004385,0.003885,0.003930,0.004345,0.004356,0.004219,0.004267,0.003912,0.003924,0.004427,0.004428
15276,152160,8529722,0.0400102,0.00387834,28,68,27,0.004386,0.004392,0.003878,0.003925,0.004321,0.004333,0.004260,0.004328,0.003902,0.003914,0.004404,0.004405
15288,152280,8541075,0.0400102,0.00383147,28,68,27,0.004346,0.004356,0.003831,0.003876,0.004259,0.004275,0.004288,0.004377,0.003851,0.003860,0.004348,0.004351
15300,152400,8549458,0.0400102,0.00374454,28,68,27,0.004255,0.004274,0.003745,0.003789,0.004153,0.004171,0.004249,0.004397,0.003761,0.003773,0.004271,0.004276
15312,152520,8561338,0.0400102,0.0036368,28,68,27,0.004132,0.004156,0.003637,0.003656,0.004020,0.004023,0.004219,0.004289,0.003653,0.003667,0.004167,0.004168
15324,152640,8569479,0.0400102,0.00358329,28,68,27,0.004076,0.004100,0.003583,0.003595,0.003955,0.003964,0.004244,0.004322,0.003599,0.003613,0.004130,0.004130
15336,152760,8580845,0.0360209,0.00357128,27,68,27,0.004075,0.004096,0.003571,0.003593,0.003949,0.003959,0.004318,0.004397,0.003597,0.003610,0.004140,0.004140
15348,152880,8588907,0.0360209,0.00357817,27,68,27,0.004083,0.004097,0.003578,0.003600,0.003947,0.003962,0.004370,0.004440,0.003602,0.003611,0.004149,0.004149
15360,153000,8600187,0.0360209,0.00358822,27,68,27,0.004091,0.004100,0.003588,0.003610,0.003950,0.003968,0.004391,0.004474,0.003611,0.003617,0.004181,0.004181
15372,153120,8610299,0.0400102,0.0035963,28,68,27,0.004091,0.004100,0.003596,0.003618,0.003953,0.003974,0.004403,0.004499,0.003618,0.003620,0.004210,0.004210
15384,153240,8621457,0.0400102,0.00359869,28,68,27,0.004089,0.004099,0.003599,0.003622,0.003963,0.003986,0.004410,0.004520,0.003620,0.003622,0.004223,0.004223
15396,153360,8633889,0.0400102,0.00358609,28,68,27,0.004075,0.004081,0.003586,0.003612,0.003935,0.003967,0.004404,0.004526,0.003607,0.003611,0.004233,0.004233
15408,153480,8648132,0.0400102,0.00358604,28,68,27,0.004039,0.004071,0.003586,0.003613,0.003943,0.003971,0.004413,0.004547,0.003606,0.003612,0.004267,0.004267
15420,153600,8658971,0.0400102,0.00356892,28,68,27,0.004017,0.004049,0.003569,0.003597,0.003923,0.003961,0.004288,0.004553,0.003586,0.003596,0.004277,0.004277
15432,153720,8671904,0.0400102,0.00355368,28,68,27,0.004001,0.004030,0.003554,0.003584,0.003910,0.003959,0.004186,0.004566,0.003569,0.003582,0.004280,0.004280
15444,153840,8685607,0.0400102,0.00346742,28,68,27,0.003916,0.003944,0.003467,0.003477,0.003825,0.003884,0.004104,0.004326,0.003483,0.003496,0.004218,0.004218
15456,153960,8698025,0.0400102,0.00336688,28,68,27,0.003817,0.003844,0.003367,0.003378,0.003737,0.003750,0.003999,0.004038,0.003378,0.003395,0.004064,0.004136
15468,154080,8704890,0.0400102,0.00324464,28,68,27,0.003691,0.003717,0.003245,0.003257,0.003612,0.003618,0.003806,0.003891,0.003259,0.003275,0.003951,0.004033
15480,154200,8715607,0.0400102,0.00322543,28,68,27,0.003666,0.003691,0.003225,0.003240,0.003579,0.003597,0.003769,0.003858,0.003234,0.003256,0.003958,0.004051
15492,154320,8723922,0.0400102,0.00313437,28,68,27,0.003589,0.003613,0.003134,0.003143,0.003504,0.003526,0.003681,0.003766,0.003146,0.003147,0.003914,0.004018
15504,154440,8733189,0.0400102,0.00303137,28,68,27,0.003477,0.003502,0.003031,0.003039,0.003383,0.003418,0.003567,0.003647,0.003043,0.003044,0.003831,0.003949
15516,154560,8742109,0.0400102,0.00291648,28,68,27,0.003346,0.003373,0.002916,0.002923,0.003199,0.003273,0.003445,0.003526,0.002928,0.002928,0.003729,0.003865
15528,154680,8752841,0.0400102,0.002873,28,68,27,0.003287,0.003313,0.002873,0.002880,0.003119,0.003180,0.003317,0.003469,0.002882,0.002884,0.003693,0.003846
15540,154800,8763357,0.0400102,0.00286763,28,68,27,0.003277,0.003303,0.002868,0.002874,0.003108,0.003169,0.003305,0.003458,0.002875,0.002876,0.003710,0.003878
15552,154920,8770310,0.0316995,0.00285333,27,68,28,0.003266,0.003268,0.002855,0.002861,0.003096,0.003131,0.003295,0.003472,0.002853,0.002863,0.003699,0.003874
15564,155040,8782154,0.0310116,0.00281034,27,67,28,0.003266,0.003268,0.002849,0.002856,0.003095,0.003130,0.003291,0.003507,0.002810,0.002857,0.003699,0.003880
15576,155160,8791453,0.0310116,0.00272575,27,67,28,0.003176,0.003182,0.002768,0.002774,0.003004,0.003036,0.003208,0.003468,0.002726,0.002777,0.003613,0.003792
15588,155280,8805651,0.0310116,0.00266644,27,67,28,0.003117,0.003124,0.002715,0.002722,0.002937,0.002947,0.003152,0.003468,0.002666,0.002725,0.003548,0.003732
15600,155400,8817310,0.0310116,0.00256872,27,67,28,0.003011,0.003018,0.002618,0.002627,0.002823,0.002839,0.003048,0.003406,0.002569,0.002631,0.003447,0.003632
15612,155520,8826566,0.0310116,0.00222159,27,67,28,0.002661,0.002668,0.002265,0.002275,0.002460,0.002479,0.002686,0.003071,0.002222,0.002284,0.003122,0.003301
15624,155640,8837302,0.0310116,0.00202093,27,67,28,0.002468,0.002476,0.002082,0.002087,0.002254,0.002276,0.002477,0.002898,0.002021,0.002079,0.002922,0.003103
15636,155760,8847940,0.0310116,0.00199754,27,67,28,0.002452,0.002461,0.002063,0.002066,0.002236,0.002258,0.002463,0.002899,0.001998,0.002055,0.002902,0.003083
15648,155880,8859667,0.0310116,0.0019563,27,67,28,0.002428,0.002438,0.002014,0.002028,0.002202,0.002222,0.002439,0.002917,0.001956,0.001960,0.002831,0.003044
15660,156000,8871261,0.0310116,0.0019221,27,67,28,0.002396,0.002406,0.001981,0.001996,0.002164,0.002183,0.002409,0.002851,0.001922,0.001925,0.002810,0.003014
15672,156120,8878012,0.0310116,0.00169504,27,67,28,0.002152,0.002162,0.001758,0.001774,0.001903,0.001916,0.002153,0.002612,0.001695,0.001697,0.002582,0.002800
15684,156240,8886968,0.0310116,0.00157516,27,67,28,0.002032,0.002042,0.001647,0.001663,0.001773,0.001786,0.002036,0.002323,0.001575,0.001576,0.002451,0.002685
15696,156360,8896084,0.0310116,0.00136024,27,67,28,0.001784,0.001795,0.001434,0.001451,0.001519,0.001532,0.001805,0.002100,0.001360,0.001361,0.002215,0.002472
15708,156480,8906192,0.0310116,0.00135144,27,67,28,0.001777,0.001788,0.001421,0.001438,0.001513,0.001525,0.001788,0.002082,0.001351,0.001352,0.002209,0.002377
15720,156600,8914223,0.0265791,0.0013057,28,67,27,0.001685,0.001688,0.001377,0.001395,0.001441,0.001449,0.001722,0.002026,0.001306,0.001306,0.002155,0.002240
15732,156720,8924165,0.0265791,0.00124694,28,67,27,0.001551,0.001553,0.001322,0.001342,0.001334,0.001339,0.001645,0.001960,0.001247,0.001248,0.001976,0.002117
15744,156840,8941211,0.0265791,0.00124228,28,67,27,0.001498,0.001501,0.001323,0.001347,0.001300,0.001303,0.001619,0.001874,0.001242,0.001245,0.001879,0.002105
15756,156960,8991243,0.0224113,0.00121625,28,67,26,0.001451,0.001453,0.001316,0.001345,0.001266,0.001271,0.001584,0.001747,0.001216,0.001230,0.001787,0.001938
15768,157080,9011915,0.0176131,0.00111965,45,268,69,0.001429,0.001430,0.001315,0.001342,0.001120,0.001255,0.001568,0.001746,0.001208,0.001222,0.001719,0.001883
15780,157200,9029065,0.0176131,0.00110793,45,268,69,0.001396,0.001423,0.001311,0.001336,0.001108,0.001253,0.001562,0.001746,0.001200,0.001212,0.001657,0.001836
15792,157320,9043637,0.0176131,0.000946914,45,268,69,0.001210,0.001277,0.001144,0.001170,0.000947,0.001091,0.001401,0.001572,0.001034,0.001047,0.001519,0.001690
15804,157440,9056605,0.0176131,0.000897436,45,268,69,0.001143,0.001229,0.001098,0.001134,0.000897,0.001048,0.001288,0.001530,0.001000,0.001013,0.001448,0.001624
15816,157560,9064466,0.0176131,0.000719301,45,268,69,0.000941,0.001057,0.000954,0.000998,0.000719,0.000866,0.001103,0.001355,0.000859,0.000873,0.001220,0.001407
15828,157680,9077179,0.0176131,0.000559094,45,268,69,0.000736,0.000807,0.000836,0.000875,0.000559,0.000709,0.000919,0.001207,0.000740,0.000757,0.001025,0.001078
15840,157800,9087693,0.0145232,0.000503585,46,266,69,0.000672,0.000744,0.000784,0.000823,0.000504,0.000649,0.000863,0.001141,0.000688,0.000704,0.000985,0.001041
15852,157920,9095924,0.0142298,0.000488943,46,266,70,0.000661,0.000735,0.000764,0.000803,0.000489,0.000495,0.000853,0.000965,0.000669,0.000683,0.001029,0.001089
15864,158040,9108140,0.0142298,0.00051053,46,266,70,0.000672,0.000747,0.000781,0.000821,0.000511,0.000518,0.000871,0.000984,0.000622,0.000704,0.001073,0.001145
15876,158160,9119711,0.0135177,0.0004733,46,266,70,0.000671,0.000746,0.000780,0.000822,0.000473,0.000511,0.000869,0.000985,0.000621,0.000703,0.001065,0.001142
15888,158280,9127967,0.0135177,0.000474533,46,266,70,0.000671,0.000714,0.000790,0.000830,0.000475,0.000510,0.000875,0.000999,0.000628,0.000712,0.001078,0.001162
15900,158400,9139195,0.0135177,0.000462769,46,266,70,0.000661,0.000698,0.000788,0.000828,0.000463,0.000487,0.000864,0.000992,0.000628,0.000699,0.001070,0.001153
15912,158520,9156582,0.0135177,0.000465393,46,266,70,0.000659,0.000700,0.000563,0.000807,0.000465,0.000487,0.000868,0.000994,0.000630,0.000702,0.001075,0.001157
15924,158640,9166927,0.0135177,0.000489706,46,266,70,0.000700,0.000738,0.000587,0.000824,0.000490,0.000512,0.000917,0.001035,0.000651,0.000724,0.001234,0.001416
15936,158760,9178743,0.0135177,0.000536695,46,266,70,0.000737,0.000778,0.000636,0.000860,0.000537,0.000559,0.000970,0.001083,0.000702,0.000776,0.001314,0.001647
15948,158880,9190037,0.0142718,0.00066377,46,257,69,0.000915,0.000944,0.000739,0.000975,0.000664,0.000684,0.001102,0.001208,0.000788,0.000806,0.001533,0.001925
15960,159000,9197731,0.0134392,0.000712578,46,256,69,0.000990,0.001013,0.000782,0.001011,0.000713,0.000725,0.001167,0.001247,0.000832,0.000851,0.001596,0.001987
15972,159120,9207548,0.0134392,0.000789474,46,256,69,0.001044,0.001084,0.000878,0.001094,0.000789,0.000793,0.001247,0.001332,0.000906,0.000981,0.001666,0.002064
15984,159240,9225193,0.0134392,0.000828003,46,256,69,0.001081,0.001122,0.000913,0.001128,0.000828,0.000830,0.001288,0.001371,0.000941,0.001016,0.001706,0.002093
15996,159360,9238115,0.0165451,0.000846287,46,256,68,0.001096,0.001137,0.000942,0.001132,0.000846,0.000847,0.001299,0.001383,0.000971,0.001050,0.001741,0.002097
16008,159480,9251552,0.0168929,0.00087002,46,255,68,0.001115,0.001160,0.000962,0.001124,0.000870,0.000871,0.001324,0.001406,0.000989,0.001067,0.001770,0.002044
16020,159600,9263385,0.0168929,0.000886551,46,255,68,0.001130,0.001178,0.000980,0.001143,0.000887,0.000888,0.001338,0.001419,0.001008,0.001081,0.001806,0.002058
16032,159720,9272723,0.0176935,0.000970114,47,258,69,0.001236,0.001288,0.001065,0.001209,0.000970,0.000972,0.001440,0.001529,0.001094,0.001137,0.001911,0.002148
16044,159840,9281131,0.0196335,0.00166163,47,294,75,0.001956,0.001988,0.001723,0.001883,0.001662,0.001668,0.002123,0.002216,0.001691,0.001782,0.002602,0.002845
16056,159960,9292869,0.018266,0.00229652,26,66,26,0.002680,0.002719,0.002408,0.002539,0.002413,0.002431,0.002891,0.002992,0.002297,0.002327,0.003321,0.003611
16068,160080,9300859,0.018266,0.00240187,26,66,26,0.002809,0.002810,0.002526,0.002647,0.002520,0.002542,0.002997,0.003108,0.002402,0.002408,0.003437,0.003735
16080,160200,9312959,0.0247536,0.0024716,26,68,27,0.002914,0.002915,0.002636,0.002761,0.002628,0.002650,0.003124,0.003241,0.002472,0.002514,0.003537,0.003842
16092,160320,9321650,0.0247536,0.00264227,26,68,27,0.003090,0.003091,0.002804,0.002923,0.002813,0.002833,0.003312,0.003429,0.002642,0.002679,0.003688,0.003999
16104,160440,9331536,0.0247536,0.00273127,26,68,27,0.003207,0.003207,0.002902,0.003016,0.002895,0.002919,0.003410,0.003534,0.002731,0.002772,0.003801,0.004110
16116,160560,9341089,0.0247536,0.00279256,26,68,27,0.003313,0.003314,0.002961,0.003078,0.002971,0.003000,0.003488,0.003624,0.002793,0.002828,0.003918,0.004233
16128,160680,9354840,0.0247536,0.00280396,26,68,27,0.003312,0.003322,0.002977,0.003088,0.002978,0.003007,0.003511,0.003654,0.002804,0.002838,0.003909,0.004244
16140,160800,9529095,0.0247536,0.00287634,26,68,27,0.003333,0.003396,0.003058,0.003164,0.003049,0.003078,0.003436,0.003745,0.002876,0.002906,0.003970,0.004327
16152,160920,9554497,0.0247536,0.00294549,26,68,27,0.003392,0.003454,0.003123,0.003235,0.003100,0.003139,0.003490,0.003798,0.002945,0.002971,0.004023,0.004372
16164,161040,9566698,0.0247536,0.00297011,26,68,27,0.003426,0.003489,0.003150,0.003261,0.003126,0.003138,0.003479,0.003823,0.002970,0.002997,0.004049,0.004391
16176,161160,9585778,0.0247536,0.00300844,26,68,27,0.003465,0.003527,0.003190,0.003302,0.003162,0.003180,0.003512,0.003850,0.003008,0.003037,0.004118,0.004428
16188,161280,9599097,0.0247536,0.00302972,26,68,27,0.003336,0.003548,0.003210,0.003320,0.003181,0.003198,0.003528,0.003866,0.003030,0.003056,0.004161,0.004448
16200,161400,9609205,0.0247536,0.00304094,26,68,27,0.003344,0.003527,0.003220,0.003334,0.003186,0.003203,0.003533,0.003862,0.003041,0.003067,0.004170,0.004454
16212,161520,9625449,0.0247536,0.00305919,26,68,27,0.003362,0.003545,0.003236,0.003345,0.003205,0.003222,0.003353,0.003733,0.003059,0.003086,0.004199,0.004481
16224,161640,9637347,0.0247536,0.0030681,26,68,27,0.003369,0.003508,0.003246,0.003354,0.003200,0.003214,0.003345,0.003728,0.003068,0.003099,0.004206,0.004496
16236,161760,9649677,0.0289619,0.00306641,26,67,27,0.003383,0.003507,0.003253,0.003360,0.003203,0.003216,0.003342,0.003726,0.003066,0.003106,0.004207,0.004501
16248,161880,9663064,0.0289619,0.00306983,26,67,27,0.003395,0.003449,0.003257,0.003365,0.003203,0.003216,0.003342,0.003726,0.003070,0.003112,0.004208,0.004498
16260,162000,9675382,0.0289619,0.0030714,26,67,27,0.003381,0.003414,0.003261,0.003367,0.003203,0.003208,0.003339,0.003723,0.003071,0.003117,0.003716,0.004400
16272,162120,9682909,0.0289619,0.00307817,26,67,27,0.003388,0.003419,0.003244,0.003332,0.003209,0.003209,0.003350,0.003731,0.003078,0.003126,0.003716,0.004230
16284,162240,9693826,0.0289619,0.00308425,26,67,27,0.003390,0.003423,0.003252,0.003323,0.003212,0.003212,0.003354,0.003590,0.003084,0.003136,0.003703,0.004244
16296,162360,9705826,0.0289619,0.00309855,26,67,27,0.003396,0.003435,0.003265,0.003290,0.003252,0.003252,0.003431,0.003622,0.003099,0.003152,0.003807,0.004342
16308,162480,9722991,0.0289619,0.00310968,26,67,27,0.003393,0.003440,0.003279,0.003304,0.003261,0.003261,0.003445,0.003624,0.003110,0.003165,0.003814,0.004355
16320,162600,9770242,0.0299209,0.00309978,26,67,28,0.003463,0.003514,0.003322,0.003349,0.003298,0.003298,0.003487,0.003668,0.003100,0.003210,0.003877,0.004422
16332,162720,9793620,0.0299209,0.00316103,26,67,28,0.003542,0.003588,0.003394,0.003418,0.003347,0.003347,0.003522,0.003717,0.003161,0.003223,0.003938,0.004495
16344,162840,9807325,0.0301948,0.00322115,26,68,27,0.003675,0.003720,0.003457,0.003484,0.003446,0.003446,0.003618,0.003837,0.003221,0.003294,0.004058,0.004659
16356,162960,9826669,0.0301948,0.00328153,26,68,27,0.003814,0.003861,0.003522,0.003551,0.003549,0.003549,0.003698,0.003939,0.003282,0.003363,0.004163,0.004834
16368,163080,9843177,0.0301948,0.00341225,26,68,27,0.003978,0.004034,0.003657,0.003685,0.003695,0.003695,0.003849,0.004110,0.003412,0.003492,0.004311,0.005014
16380,163200,9858057,0.0301948,0.0035437,26,68,27,0.004207,0.004269,0.003802,0.003832,0.003886,0.003886,0.003991,0.004251,0.003544,0.003648,0.004490,0.005274
16392,163320,9877705,0.030572,0.003729,26,68,28,0.004578,0.004655,0.003991,0.004024,0.004200,0.004220,0.004138,0.004415,0.003729,0.003828,0.004739,0.005709
16404,163440,9900497,0.030572,0.00387135,26,68,28,0.004712,0.004993,0.004133,0.004169,0.004477,0.004493,0.004234,0.004486,0.003871,0.003962,0.004942,0.006092
16416,163560,9911105,0.030572,0.00400119,26,68,28,0.004984,0.005326,0.004260,0.004296,0.004732,0.004745,0.004339,0.004627,0.004001,0.004081,0.005146,0.006413
16428,163680,9931933,0.030572,0.00412145,26,68,28,0.005236,0.005659,0.004380,0.004418,0.004968,0.004978,0.004425,0.004742,0.004121,0.004196,0.005369,0.006171
16440,163800,9961747,0.030572,0.00424831,26,68,28,0.005453,0.005932,0.004513,0.004552,0.005155,0.005163,0.004539,0.004881,0.004248,0.004334,0.005564,0.006324
16452,163920,9979052,0.030572,0.00437067,26,68,28,0.005713,0.006244,0.004644,0.004685,0.005382,0.005387,0.004643,0.004915,0.004371,0.004470,0.005774,0.006491
16464,164040,10000061,0.030572,0.00444086,26,68,28,0.005834,0.006396,0.004721,0.004762,0.005483,0.005486,0.004656,0.004973,0.004441,0.004519,0.005793,0.006542
16476,164160,10014989,0.030572,0.00454519,26,68,28,0.005974,0.006562,0.004851,0.004889,0.005614,0.005616,0.004728,0.005077,0.004545,0.004666,0.005901,0.006444
16488,164280,10026882,0.030572,0.00462977,26,68,28,0.005590,0.006686,0.004965,0.005000,0.005702,0.005704,0.004746,0.005127,0.004630,0.004807,0.005974,0.006471
16500,164400,10037884,0.030572,0.00472507,26,68,28,0.005563,0.006671,0.005054,0.005088,0.005810,0.005812,0.004813,0.005218,0.004725,0.004768,0.006136,0.006495
16512,164520,10050168,0.030572,0.00483142,26,68,28,0.005539,0.005818,0.005036,0.005254,0.005953,0.005955,0.004875,0.005310,0.004831,0.004885,0.006228,0.006655
16524,164640,10060753,0.0352444,0.00493716,21,42,18,0.005652,0.005796,0.005170,0.005381,0.005966,0.006055,0.004937,0.005389,0.004954,0.005005,0.006358,0.006757
16536,164760,10072883,0.0352444,0.0049589,21,42,18,0.005721,0.005854,0.005241,0.005418,0.006011,0.006091,0.004959,0.005420,0.005003,0.005042,0.006440,0.006795
16548,164880,10085401,0.0352444,0.00498275,21,42,18,0.005789,0.005883,0.005302,0.005451,0.006051,0.006124,0.004983,0.005235,0.005047,0.005076,0.006506,0.006830
16560,165000,10096090,0.0352444,0.00499125,21,42,18,0.005825,0.005894,0.005332,0.005468,0.006068,0.006137,0.004991,0.005244,0.005069,0.005092,0.006542,0.006853
16572,165120,10107627,0.0352444,0.00499702,21,42,18,0.005787,0.005883,0.005350,0.005477,0.006072,0.006140,0.004997,0.005249,0.005078,0.005097,0.006559,0.006850
16584,165240,10120774,0.0352444,0.00500463,21,42,18,0.005788,0.005853,0.005355,0.005482,0.006073,0.006141,0.005005,0.005118,0.005084,0.005094,0.006562,0.006819
16596,165360,10133607,0.0352444,0.00501071,21,42,18,0.005793,0.005868,0.005357,0.005487,0.006077,0.006144,0.005011,0.005128,0.005089,0.005099,0.006570,0.006828
16608,165480,10144113,0.0352444,0.00501501,21,42,18,0.005798,0.005884,0.005365,0.005493,0.006080,0.006148,0.005015,0.005136,0.005098,0.005107,0.006577,0.006829
16620,165600,10155471,0.0352444,0.00501818,21,42,18,0.005797,0.005893,0.005373,0.005501,0.006080,0.006119,0.005018,0.005133,0.005081,0.005109,0.006579,0.006691
16632,165720,10166847,0.0352444,0.00501939,21,42,18,0.005797,0.005898,0.005386,0.005508,0.006078,0.006084,0.005019,0.005135,0.005087,0.005113,0.006569,0.006652
16644,165840,10182351,0.0352444,0.00502415,21,42,18,0.005796,0.005897,0.005166,0.005512,0.006079,0.006086,0.005024,0.005066,0.005091,0.005116,0.006581,0.006655
16656,165960,10192859,0.0352444,0.00503168,21,42,18,0.005798,0.005899,0.005174,0.005516,0.006079,0.006088,0.005032,0.005057,0.005093,0.005119,0.006504,0.006670
16668,166080,10209372,0.0457797,0.00503517,22,41,16,0.005809,0.005918,0.005187,0.005523,0.006088,0.006097,0.005035,0.005063,0.005105,0.005129,0.006520,0.006681
16680,166200,10220828,0.0457797,0.00502963,22,41,16,0.005460,0.005925,0.005198,0.005529,0.006091,0.006101,0.005030,0.005066,0.005112,0.005136,0.006525,0.006623
16692,166320,10232422,0.0488645,0.00502002,22,42,16,0.005491,0.005955,0.005217,0.005538,0.006101,0.006112,0.005020,0.005074,0.005123,0.005148,0.006539,0.006633
16704,166440,10242008,0.0441391,0.00486599,22,41,16,0.005513,0.005976,0.005240,0.005553,0.006076,0.006124,0.004866,0.005057,0.005142,0.005168,0.006551,0.006639
16716,166560,10253025,0.0441391,0.00486808,22,41,16,0.005489,0.005888,0.005254,0.005562,0.006080,0.006129,0.004868,0.005059,0.005150,0.005176,0.006553,0.006642
16728,166680,10264849,0.0441391,0.00487146,22,41,16,0.005495,0.005892,0.005264,0.005569,0.006085,0.006130,0.004871,0.005064,0.005157,0.005172,0.006557,0.006645
16740,166800,10276889,0.0441391,0.00488,22,41,16,0.005507,0.005883,0.005286,0.005579,0.006008,0.006133,0.004880,0.005080,0.005166,0.005178,0.006574,0.006665
16752,166920,10288151,0.0441391,0.00488805,22,41,16,0.005520,0.005845,0.005299,0.005591,0.006019,0.006141,0.004888,0.005057,0.005176,0.005187,0.006469,0.006614
16764,167040,10302246,0.0441391,0.0048965,22,41,16,0.005438,0.005748,0.005306,0.005596,0.006030,0.006113,0.004897,0.005040,0.005185,0.005191,0.006480,0.006631
16776,167160,10322665,0.0441391,0.00489654,22,41,16,0.005445,0.005713,0.005308,0.005604,0.006028,0.006116,0.004897,0.005038,0.005194,0.005195,0.006479,0.006635
16788,167280,10338248,0.0441391,0.00490498,22,41,16,0.005456,0.005588,0.005309,0.005614,0.006035,0.006123,0.004905,0.005042,0.005199,0.005202,0.006483,0.006601
16800,167400,10352145,0.0441391,0.0049357,22,41,16,0.005490,0.005636,0.005328,0.005515,0.006073,0.006078,0.004936,0.005065,0.005230,0.005236,0.006509,0.006615
16812,167520,10364966,0.0441391,0.00496195,22,41,16,0.005277,0.005694,0.005372,0.005563,0.006109,0.006118,0.004962,0.005081,0.005268,0.005279,0.006532,0.006633
16824,167640,10378545,0.0441391,0.00496101,22,41,16,0.005194,0.005617,0.005402,0.005605,0.006077,0.006121,0.004961,0.005076,0.005272,0.005284,0.006532,0.006627
16836,167760,10391480,0.0441391,0.00496358,22,41,16,0.005196,0.005599,0.005428,0.005599,0.006025,0.006112,0.004964,0.005069,0.005276,0.005289,0.006541,0.006626
16848,167880,10404095,0.0453221,0.00498114,22,41,17,0.005203,0.005529,0.005454,0.005637,0.006013,0.006110,0.004981,0.005069,0.005283,0.005302,0.006544,0.006622
16860,168000,10947066,0.0453221,0.00501633,22,41,17,0.005214,0.005483,0.005464,0.005646,0.006025,0.006089,0.005016,0.005084,0.005298,0.005318,0.006555,0.006625
16872,168120,10969401,0.045696,0.00504943,21,41,17,0.005214,0.005520,0.005496,0.005683,0.006071,0.006135,0.005049,0.005129,0.005339,0.005357,0.006592,0.006655
16884,168240,10988747,0.045696,0.00511465,21,41,17,0.005273,0.005591,0.005560,0.005746,0.006124,0.006202,0.005115,0.005182,0.005401,0.005420,0.006638,0.006697
16896,168360,11008785,0.0471848,0.00519809,22,42,18,0.005224,0.005680,0.005634,0.005814,0.006086,0.006236,0.005198,0.005258,0.005485,0.005503,0.006721,0.006780
16908,168480,11026075,0.0443383,0.00503137,27,74,68,0.005031,0.005712,0.005662,0.005842,0.006125,0.006273,0.005229,0.005243,0.005516,0.005534,0.006750,0.006807
16920,168600,11043684,0.0437875,0.00499303,27,74,68,0.004993,0.005498,0.005710,0.005895,0.006184,0.006322,0.005289,0.005297,0.005568,0.005571,0.006795,0.006846
16932,168720,11063149,0.0437875,0.00507163,27,74,68,0.005072,0.005579,0.005786,0.005932,0.006275,0.006404,0.005360,0.005373,0.005646,0.005646,0.006874,0.006924
16944,168840,11075691,0.0437875,0.00507896,27,74,68,0.005079,0.005548,0.005785,0.005936,0.006284,0.006413,0.005360,0.005381,0.005639,0.005652,0.006879,0.006929
16956,168960,11094429,0.0437875,0.00508471,27,74,68,0.005085,0.005528,0.005781,0.005940,0.006288,0.006393,0.005355,0.005382,0.005639,0.005653,0.006892,0.006942
16968,169080,11309646,0.0437875,0.005101,27,74,68,0.005101,0.005544,0.005794,0.005953,0.006303,0.006405,0.005364,0.005391,0.005652,0.005665,0.006906,0.006955
16980,169200,11327292,0.0437875,0.00511553,27,74,68,0.005116,0.005557,0.005808,0.005982,0.006322,0.006331,0.005368,0.005407,0.005665,0.005681,0.006926,0.006971
16992,169320,11349368,0.0437875,0.00512234,27,74,68,0.005122,0.005491,0.005813,0.006001,0.006328,0.006328,0.005370,0.005411,0.005670,0.005689,0.006935,0.006977
17004,169440,11365174,0.0459246,0.00508344,27,74,68,0.005083,0.005499,0.005818,0.006013,0.006336,0.006336,0.005368,0.005415,0.005680,0.005698,0.006938,0.006979
17016,169560,11384293,0.0459246,0.00515235,27,74,68,0.005152,0.005571,0.005886,0.006083,0.006420,0.006420,0.005407,0.005432,0.005745,0.005765,0.007007,0.007051
17028,169680,11402439,0.0459246,0.00519409,27,74,68,0.005194,0.005614,0.005936,0.006133,0.006465,0.006465,0.005442,0.005459,0.005788,0.005810,0.007041,0.007087
17040,169800,11418614,0.0459246,0.00530571,27,74,68,0.005306,0.005724,0.006010,0.006150,0.006583,0.006584,0.005512,0.005572,0.005885,0.005909,0.007137,0.007185
17052,169920,11445518,0.0459246,0.00534492,27,74,68,0.005345,0.005526,0.006050,0.006193,0.006623,0.006623,0.005545,0.005604,0.005918,0.005945,0.007168,0.007207
17064,170040,11468099,0.0471551,0.00531081,26,74,68,0.005311,0.005519,0.006049,0.006095,0.006613,0.006613,0.005535,0.005596,0.005916,0.005945,0.007161,0.007190
17076,170160,11483449,0.0471551,0.00530957,26,74,68,0.005310,0.005518,0.006046,0.006091,0.006613,0.006613,0.005531,0.005592,0.005919,0.005949,0.007138,0.007194
17088,170280,11512662,0.0471551,0.00530453,26,74,68,0.005305,0.005514,0.006015,0.006044,0.006607,0.006607,0.005504,0.005567,0.005911,0.005941,0.007127,0.007175
17100,170400,11530947,0.0471551,0.0054351,26,74,68,0.005435,0.005642,0.006141,0.006167,0.006736,0.006736,0.005629,0.005693,0.006032,0.006062,0.007260,0.007312
17112,170520,11549734,0.0471551,0.00544911,26,74,68,0.005449,0.005533,0.006151,0.006177,0.006750,0.006750,0.005641,0.005704,0.006043,0.006073,0.007276,0.007330
17124,170640,11569837,0.0471551,0.00543591,26,74,68,0.005436,0.005519,0.006025,0.006167,0.006747,0.006747,0.005645,0.005707,0.006040,0.006059,0.007224,0.007291
17136,170760,11584071,0.0471551,0.00539756,26,74,68,0.005398,0.005472,0.006000,0.006133,0.006678,0.006678,0.005600,0.005663,0.006009,0.006025,0.007177,0.007249
17148,170880,11604200,0.0471551,0.00537307,26,74,68,0.005373,0.005445,0.005973,0.006110,0.006636,0.006638,0.005576,0.005638,0.005961,0.005980,0.007097,0.007176
17160,171000,11617911,0.0471551,0.00532033,26,74,68,0.005320,0.005346,0.005921,0.006056,0.006592,0.006593,0.005527,0.005589,0.005913,0.005932,0.007068,0.007155
17172,171120,11635456,0.0471551,0.00525936,26,74,68,0.005259,0.005284,0.005869,0.005996,0.006532,0.006534,0.005468,0.005531,0.005852,0.005866,0.007009,0.007094
17184,171240,11649945,0.0465185,0.00525135,26,74,68,0.005251,0.005280,0.005873,0.005995,0.006533,0.006534,0.005467,0.005528,0.005856,0.005871,0.007020,0.007109
17196,171360,11668879,0.0465185,0.00523552,26,74,68,0.005236,0.005263,0.005863,0.005982,0.006506,0.006508,0.005446,0.005496,0.005842,0.005856,0.006992,0.007081
17208,171480,11679986,0.0465185,0.00521723,26,74,68,0.005217,0.005247,0.005844,0.005962,0.006483,0.006485,0.005427,0.005479,0.005824,0.005837,10000000.000000,10000000.000000
17220,171600,11694755,0.0465185,0.00522498,26,74,68,0.005225,0.005255,0.005851,0.005950,0.006490,0.006492,0.005433,0.005485,0.005829,0.005842,0.006736,0.008630
17232,171720,11711777,0.0464926,0.00518975,26,74,67,0.005227,0.005255,0.005856,0.005962,0.006467,0.006491,0.005429,0.005480,0.005814,0.005831,0.005190,0.619994
17244,171840,11726371,0.0464926,0.00468768,26,74,67,0.004703,0.004728,0.005319,0.005434,0.005881,0.005908,0.004876,0.004925,0.005267,0.005282,0.004688,0.014103
17256,171960,11738709,0.0465185,0.00413932,26,74,68,0.004139,0.004163,0.004752,0.004882,0.005228,0.005262,0.004265,0.004308,0.004660,0.004676,0.004184,0.007483
17268,172080,11761903,0.0465185,0.00406898,26,74,68,0.004069,0.004091,0.004681,0.004813,0.005159,0.005195,0.004195,0.004202,0.004573,0.004590,0.004114,0.007418
17280,172200,11782827,0.0465185,0.00392876,26,74,68,0.003929,0.003948,0.004552,0.004649,0.005038,0.005069,0.004056,0.004064,0.004452,0.004465,0.003974,0.007289
17292,172320,11808502,0.0465185,0.00372695,26,74,68,0.003727,0.003743,0.004370,0.004463,0.004841,0.004867,0.003855,0.003863,0.004274,0.004286,0.003774,0.005267
17304,172440,11831535,0.0465185,0.00367669,26,74,68,0.003677,0.003696,0.004322,0.004419,0.004734,0.004789,0.003805,0.003814,0.004209,0.004223,0.003727,0.004720
17316,172560,11848699,0.0465185,0.00363847,26,74,68,0.003638,0.003643,0.004289,0.004333,0.004687,0.004743,0.003767,0.003773,0.004164,0.004178,0.003687,0.004603
17328,172680,11866099,0.0465185,0.00355626,26,74,68,0.003556,0.003560,0.004211,0.004257,0.004602,0.004654,0.003693,0.003698,0.004095,0.004108,0.003605,0.004488
17340,172800,11881403,0.0465185,0.0034592,26,74,68,0.003459,0.003461,0.004116,0.004167,0.004399,0.004562,0.003601,0.003606,0.004004,0.004014,0.003510,0.004069
17352,172920,11897204,0.0465185,0.00339435,26,74,68,0.003394,0.003398,0.004038,0.004097,0.004320,0.004451,0.003540,0.003545,0.003932,0.003941,0.003448,0.003850
17364,173040,11912498,0.0465185,0.00336758,26,74,68,0.003368,0.003372,0.004008,0.004068,0.004116,0.004397,0.003513,0.003518,0.003903,0.003912,0.003427,0.003718
17376,173160,11934947,0.039099,0.00333133,26,60,68,0.003331,0.003337,0.003971,0.004013,0.004067,0.004239,0.003473,0.003477,0.003867,0.003875,0.003401,0.003681
17388,173280,11956486,0.039099,0.00331453,26,60,68,0.003315,0.003319,0.003953,0.003994,0.003990,0.004221,0.003454,0.003460,0.003850,0.003858,0.003389,0.003664
17400,173400,11982565,0.039099,0.00331657,26,60,68,0.003317,0.003322,0.003949,0.003990,0.003992,0.004177,0.003457,0.003464,0.003851,0.003860,0.003393,0.003589
17412,173520,12004204,0.039099,0.00331917,26,60,68,0.003319,0.003326,0.003960,0.004003,0.003997,0.004182,0.003459,0.003462,0.003856,0.003864,0.003396,0.003589
17424,173640,12029959,0.039099,0.00333423,26,60,68,0.003334,0.003341,0.003970,0.004014,0.004018,0.004178,0.003469,0.003472,0.003872,0.003880,0.003412,0.003583
17436,173760,12046225,0.039099,0.00333887,26,60,68,0.003339,0.003343,0.003968,0.004014,0.004023,0.004179,0.003468,0.003477,0.003878,0.003879,0.003418,0.003584
17448,173880,12067821,0.039099,0.00335617,26,60,68,0.003356,0.003359,0.003984,0.004035,0.004044,0.004200,0.003481,0.003497,0.003896,0.003898,0.003436,0.003596
17460,174000,12089224,0.0473065,0.00339242,25,74,68,0.003392,0.003396,0.004013,0.004045,0.004085,0.004235,0.003516,0.003532,0.003931,0.003932,0.003476,0.003632
17472,174120,12107633,0.038985,0.0036937,26,89,88,0.003694,0.003697,0.004301,0.004332,0.004323,0.004419,0.003824,0.003834,0.004204,0.004205,0.003769,0.003806
17484,174240,12132577,0.038985,0.00376324,26,89,88,0.003763,0.003768,0.004349,0.004379,0.004404,0.004467,0.003886,0.003892,0.004258,0.004260,0.003845,0.003872
17496,174360,12151289,0.038985,0.00382569,26,89,88,0.003826,0.003830,0.004394,0.004423,0.004457,0.004520,0.003933,0.003934,0.004311,0.004314,0.003911,0.003928
17508,174480,12172909,0.038985,0.00392602,26,89,88,0.003926,0.003928,0.004477,0.004506,0.004565,0.004625,0.004010,0.004032,0.004398,0.004399,0.004016,0.004027
17520,174600,12193786,0.042535,0.00394947,26,89,89,0.003949,0.003951,0.004499,0.004528,0.004593,0.004653,0.004029,0.004052,0.004417,0.004419,0.004037,0.004043
17532,174720,12227316,0.042535,0.00395568,26,89,89,0.003956,0.003957,0.004499,0.004526,0.004575,0.004612,0.004041,0.004067,0.004408,0.004411,0.004046,0.004055
17544,174840,12265714,0.042535,0.0040255,26,89,89,0.004025,0.004026,0.004588,0.004610,0.004641,0.004683,0.004102,0.004117,0.004485,0.004490,0.004112,0.004113
17556,174960,12293631,0.042535,0.00408972,26,89,89,0.004090,0.004090,0.004640,0.004664,0.004685,0.004730,0.004164,0.004179,0.004531,0.004537,0.004133,0.004177
17568,175080,12383817,0.042535,0.00403505,26,89,89,0.004035,0.004036,0.004587,0.004610,0.004640,0.004687,0.004096,0.004111,0.004501,0.004506,0.004059,0.004124
17580,175200,12409897,0.0426941,0.00398051,26,89,87,0.003981,0.003981,0.004526,0.004549,0.004522,0.004604,0.004032,0.004050,0.004420,0.004427,0.003986,0.004069
17592,175320,12429094,0.0435507,0.00396297,27,74,66,0.003975,0.003976,0.004502,0.004521,0.004426,0.004511,0.004034,0.004058,0.004352,0.004361,0.003963,0.004032
17604,175440,12449991,0.0425625,0.00391168,27,75,68,0.003946,0.003947,0.004462,0.004483,0.004329,0.004414,0.004006,0.004023,0.004278,0.004278,0.003912,0.003955
17616,175560,12471402,0.0425625,0.00388896,27,75,68,0.003929,0.003931,0.004465,0.004485,0.004196,0.004336,0.003992,0.004006,0.004272,0.004272,0.003889,0.003932
17628,175680,12488759,0.0420451,0.00388798,27,74,65,0.003949,0.003950,0.004487,0.004511,0.004062,0.004266,0.004004,0.004023,0.004267,0.004282,0.003888,0.003924
17640,175800,12511250,0.0420451,0.0038188,27,74,65,0.003894,0.003895,0.004411,0.004440,0.003948,0.004130,0.003935,0.003956,0.004176,0.004196,0.003819,0.003849
17652,175920,12528317,0.0420451,0.00370927,27,74,65,0.003802,0.003802,0.004043,0.004333,0.003806,0.003975,0.003823,0.003856,0.004030,0.004055,0.003709,0.003727
17664,176040,12546900,0.0420451,0.00365847,27,74,65,0.003755,0.003755,0.003988,0.004286,0.003745,0.003868,0.003773,0.003808,0.003970,0.003996,0.003658,0.003676
17676,176160,12562116,0.0401096,0.00355789,27,74,69,0.003612,0.003653,0.003894,0.004186,0.003640,0.003764,0.003671,0.003706,0.003863,0.003889,0.003558,0.003563
17688,176280,12575650,0.0401096,0.00349713,27,74,69,0.003553,0.003593,0.003833,0.004121,0.003577,0.003697,0.003614,0.003650,0.003773,0.003798,0.003497,0.003503
17700,176400,12591766,0.0401096,0.00339737,27,74,69,0.003453,0.003485,0.003751,0.004024,0.003462,0.003502,0.003521,0.003559,0.003681,0.003702,0.003397,0.003404
17712,176520,12643843,0.0401096,0.00332024,27,74,69,0.003374,0.003414,0.003656,0.003956,0.003370,0.003381,0.003442,0.003465,0.003577,0.003599,0.003320,0.003326
17724,176640,12687520,0.0401096,0.00323849,27,74,69,0.003291,0.003325,0.003556,0.003853,0.003283,0.003293,0.003365,0.003389,0.003470,0.003488,0.003238,0.003242
17736,176760,12732496,0.0401096,0.00322042,27,74,69,0.003275,0.003303,0.003546,0.003828,0.003262,0.003274,0.003338,0.003365,0.003453,0.003469,0.003220,0.003224
17748,176880,12753383,0.0401096,0.00320947,27,74,69,0.003258,0.003286,0.003540,0.003782,0.003243,0.003257,0.003330,0.003352,0.003430,0.003443,0.003209,0.003213
17760,177000,12776128,0.0377533,0.00319873,27,74,66,0.003249,0.003277,0.003530,0.003756,0.003233,0.003243,0.003334,0.003370,0.003415,0.003427,0.003199,0.003202
17772,177120,12799733,0.0377533,0.00319723,27,74,66,0.003251,0.003276,0.003529,0.003750,0.003232,0.003240,0.003338,0.003370,0.003416,0.003425,0.003197,0.003198
17784,177240,12833565,0.0377533,0.00319548,27,74,66,0.003250,0.003279,0.003531,0.003747,0.003230,0.003237,0.003344,0.003371,0.003413,0.003423,0.003195,0.003197
17796,177360,12861903,0.0377533,0.00319705,27,74,66,0.003249,0.003282,0.003532,0.003710,0.003223,0.003239,0.003349,0.003375,0.003413,0.003421,0.003197,0.003199
17808,177480,12881159,0.037443,0.00319812,27,73,68,0.003252,0.003284,0.003501,0.003693,0.003224,0.003240,0.003355,0.003385,0.003413,0.003420,0.003198,0.003199
17820,177600,12905875,0.037443,0.00319854,27,73,68,0.003251,0.003285,0.003510,0.003701,0.003225,0.003239,0.003357,0.003389,0.003411,0.003418,0.003199,0.003199
17832,177720,12945124,0.037443,0.00319641,27,73,68,0.003249,0.003286,0.003514,0.003687,0.003225,0.003240,0.003364,0.003402,0.003410,0.003416,0.003196,0.003197
17844,177840,13020952,0.0370881,0.00319621,27,74,69,0.003253,0.003288,0.003519,0.003690,0.003223,0.003234,0.003367,0.003406,0.003413,0.003416,0.003196,0.003198
17856,177960,13055879,0.0370881,0.00319357,27,74,69,0.003253,0.003287,0.003522,0.003698,0.003222,0.003233,0.003361,0.003398,0.003414,0.003417,0.003194,0.003196
17868,178080,13075679,0.0370881,0.00318408,27,74,69,0.003242,0.003284,0.003516,0.003695,0.003214,0.003225,0.003352,0.003391,0.003406,0.003409,0.003184,0.003187
17880,178200,13096926,0.0370881,0.00318442,27,74,69,0.003236,0.003292,0.003511,0.003694,0.003207,0.003218,0.003352,0.003384,0.003399,0.003404,0.003184,0.003189
17892,178320,13115753,0.0370881,0.00318606,27,74,69,0.003235,0.003297,0.003469,0.003691,0.003204,0.003213,0.003350,0.003383,0.003392,0.003397,0.003186,0.003193
17904,178440,13133155,0.0361336,0.00317764,27,72,68,0.003235,0.003299,0.003461,0.003676,0.003197,0.003206,0.003341,0.003363,0.003382,0.003384,0.003178,0.003196
17916,178560,13977376,0.0361336,0.00318229,27,72,68,0.003239,0.003302,0.003466,0.003679,0.003195,0.003205,0.003345,0.003366,0.003386,0.003386,0.003182,0.003199
17928,178680,14008968,0.0361336,0.00318703,27,72,68,0.003244,0.003308,0.003469,0.003680,0.003200,0.003209,0.003346,0.003365,0.003392,0.003392,0.003187,0.003201
17940,178800,14038957,0.0365396,0.00320555,27,71,68,0.003265,0.003327,0.003489,0.003568,0.003217,0.003227,0.003365,0.003383,0.003400,0.003415,0.003206,0.003218
17952,178920,14062961,0.0365396,0.00331958,27,71,68,0.003377,0.003446,0.003599,0.003677,0.003328,0.003360,0.003472,0.003492,0.003514,0.003528,0.003320,0.003329
17964,179040,14091361,0.0366126,0.00334628,27,74,69,0.003406,0.003474,0.003628,0.003702,0.003353,0.003362,0.003494,0.003506,0.003544,0.003558,0.003346,0.003355
17976,179160,14117079,0.0366126,0.00334447,27,74,69,0.003365,0.003472,0.003625,0.003694,0.003345,0.003355,0.003486,0.003502,0.003539,0.003554,0.003344,0.003353
17988,179280,14143743,0.0366126,0.00334058,27,74,69,0.003361,0.003465,0.003620,0.003689,0.003341,0.003348,0.003470,0.003492,0.003534,0.003548,0.003341,0.003345
18000,179400,14177839,0.0379283,0.00330808,62,490,101,0.003336,0.003438,0.003592,0.003658,0.003308,0.003316,0.003441,0.003465,0.003501,0.003517,0.003315,0.003322
18012,179520,14208709,0.0379283,0.00328733,62,490,101,0.003313,0.003412,0.003555,0.003616,0.003287,0.003290,0.003416,0.003438,0.003458,0.003476,0.003287,0.003289
18024,179640,14235623,0.0374689,0.00328275,61,490,102,0.003310,0.003412,0.003550,0.003609,0.003283,0.003284,0.003414,0.003426,0.003454,0.003472,0.003286,0.003287
18036,179760,14254598,0.0369623,0.00327701,62,493,101,0.003318,0.003415,0.003549,0.003600,0.003277,0.003286,0.003413,0.003429,0.003454,0.003472,0.003290,0.003290
18048,179880,14277241,0.0369623,0.00327882,62,493,101,0.003323,0.003417,0.003570,0.003617,0.003279,0.003288,0.003410,0.003429,0.003451,0.003473,0.003291,0.003291
18060,180000,14307610,0.0369623,0.00326777,62,493,101,0.003313,0.003408,0.003562,0.003608,0.003268,0.003277,0.003399,0.003417,0.003438,0.003460,0.003281,0.003282
18072,180120,14345573,0.0369623,0.00321089,62,493,101,0.003269,0.003301,0.003523,0.003570,0.003211,0.003220,0.003355,0.003371,0.003398,0.003418,0.003238,0.003238
18084,180240,14383752,0.0369623,0.0031551,62,493,101,0.003210,0.003238,0.003452,0.003505,0.003155,0.003165,0.003312,0.003326,0.003335,0.003358,0.003178,0.003178
18096,180360,14403833,0.0369623,0.00307932,62,493,101,0.003136,0.003163,0.003371,0.003406,0.003079,0.003091,0.003242,0.003268,0.003252,0.003266,0.003104,0.003104
18108,180480,14427334,0.0369623,0.00305048,62,493,101,0.003109,0.003133,0.003341,0.003354,0.003050,0.003063,0.003227,0.003282,0.003222,0.003234,0.003077,0.003077
18120,180600,14454949,0.0369623,0.00299606,62,493,101,0.003057,0.003082,0.003291,0.003304,0.002996,0.003008,0.003199,0.003274,0.003171,0.003184,0.003025,0.003025
18132,180720,14491071,0.0335636,0.00292265,62,499,102,0.002984,0.003007,0.003217,0.003230,0.002923,0.002938,0.003135,0.003212,0.003095,0.003113,0.002952,0.002952
18144,180840,14537175,0.0335636,0.00293404,62,499,102,0.002992,0.003015,0.003233,0.003247,0.002934,0.002951,0.003153,0.003251,0.003108,0.003125,0.002959,0.002959
18156,180960,14580057,0.0334281,0.00293949,62,497,102,0.003001,0.003023,0.003241,0.003255,0.002939,0.002952,0.003161,0.003260,0.003112,0.003132,0.002966,0.002966
18168,181080,14605196,0.0334281,0.0029885,62,497,102,0.003054,0.003074,0.003290,0.003304,0.002989,0.002999,0.003209,0.003226,0.003160,0.003181,0.003015,0.003015
18180,181200,14638460,0.0339183,0.00300858,61,497,102,0.003077,0.003095,0.003302,0.003317,0.003009,0.003017,0.003229,0.003245,0.003171,0.003193,0.003036,0.003036
18192,181320,14683443,0.0342841,0.00304927,61,498,102,0.003122,0.003138,0.003339,0.003354,0.003049,0.003055,0.003264,0.003280,0.003220,0.003246,0.003082,0.003082
18204,181440,14710532,0.0349926,0.00312732,61,518,103,0.003199,0.003215,0.003420,0.003434,0.003127,0.003130,0.003260,0.003365,0.003298,0.003325,0.003158,0.003159
18216,181560,14734157,0.0349926,0.00318837,61,518,103,0.003273,0.003289,0.003475,0.003492,0.003188,0.003191,0.003313,0.003412,0.003355,0.003385,0.003232,0.003232
18228,181680,14758125,0.0349926,0.00327956,61,518,103,0.003371,0.003374,0.003561,0.003582,0.003280,0.003280,0.003416,0.003514,0.003421,0.003453,0.003331,0.003331
18240,181800,14780685,0.0349926,0.00320625,61,518,103,0.003305,0.003308,0.003495,0.003508,0.003206,0.003207,0.003343,0.003442,0.003362,0.003368,0.003264,0.003264
18252,181920,14807508,0.0348297,0.00318249,61,498,102,0.003280,0.003283,0.003468,0.003481,0.003182,0.003183,0.003319,0.003419,0.003330,0.003343,0.003237,0.003237
18264,182040,14854415,0.0352267,0.00317961,60,498,102,0.003282,0.003287,0.003456,0.003470,0.003180,0.003180,0.003317,0.003416,0.003321,0.003337,0.003237,0.003237
18276,182160,14900122,0.0348297,0.00317802,61,498,102,0.003280,0.003285,0.003453,0.003464,0.003178,0.003178,0.003315,0.003415,0.003315,0.003331,0.003235,0.003235
18288,182280,14952530,0.0353068,0.00318236,59,498,102,0.003284,0.003286,0.003457,0.003467,0.003182,0.003182,0.003320,0.003420,0.003320,0.003337,0.003238,0.003238
18300,182400,14991407,0.0353068,0.00305367,59,498,102,0.003149,0.003152,0.003330,0.003344,0.003054,0.003054,0.003187,0.003294,0.003193,0.003209,0.003105,0.003105
18312,182520,15051787,0.0353068,0.00304409,59,498,102,0.003133,0.003136,0.003311,0.003329,0.003044,0.003044,0.003174,0.003281,0.003179,0.003195,0.003090,0.003090
18324,182640,15095772,0.0353068,0.0030237,59,498,102,0.003115,0.003118,0.003291,0.003309,0.003024,0.003024,0.003147,0.003255,0.003156,0.003173,0.003071,0.003071
18336,182760,15127593,0.0346441,0.00301449,62,525,106,0.003110,0.003110,0.003279,0.003287,0.003014,0.003014,0.003136,0.003228,0.003141,0.003157,0.003063,0.003064
18348,182880,15193474,0.0343474,0.00299674,59,499,102,0.003088,0.003090,0.003262,0.003268,0.002997,0.002997,0.003120,0.003213,0.003120,0.003136,0.003042,0.003043
18360,183000,15246431,0.0343473,0.00300426,60,505,102,0.003092,0.003093,0.003273,0.003281,0.003004,0.003004,0.003130,0.003226,0.003130,0.003147,0.003046,0.003047
18372,183120,15279356,0.0343043,0.00298279,61,499,102,0.003073,0.003075,0.003257,0.003264,0.002983,0.002983,0.003113,0.003210,0.003115,0.003131,0.003025,0.003025
18384,183240,15329076,0.0343473,0.0029721,60,505,102,0.003066,0.003069,0.003241,0.003250,0.002972,0.002972,0.003089,0.003196,0.003096,0.003111,0.003016,0.003017
